prod_nbr,prod_nm,dept_cd,apparent_unit_cost
50031637,ENVIOS CALL CENTER,61,0.02
50052054,PROMOCION MAXPUNTOS CUPON 45,61,0.021
50054084,ARMADO CENTRO DE COMPUTO,61,0.021
50054085,ARMADO DE LIBREROS,61,0.021
50054086,ARMADO DE ESCRITORIO,61,0.021
50054087,ARMADO COLECCIONES,61,0.021
50054088,ARMADO SILLAS,61,0.021
50054089,ARMADO  ARCHIVEROS,61,0.021
50061634,ARMADO DE ACCESORIOS,61,0.021
50064578,TARJETA MAX PUNTOS,61,0.021
50065199,PLAYA DEL CARMEN,61,0.021
50068846,BOLSAS OFFICEMAX,61,3.014085246
50070226,TARJ. STARBUCKS MEX $150.00,23,299.565
50070227,TARJ. STARBUCKS MEX $250.00,23,499.275
50070228,TARJ. STARBUCKS MEX $400.00,23,712.4811892
50070233,TARJ. PAYSAFECARD 500MXN,23,1020.6
50070705,PR 12M MUEBLES DE 5001 A 7500.,62,514.0400192
50070953,GE1APC10001-15000,62,1029
50071343,CLORO EN PORRON 20L,61,0.021
50078006,TARJETA NINTENDO $200,23,384.72
50078007,TARJETA NINTENDO $500,23,961.8
50079000,TARJETA SPOTIFY $300,23,594.72
50079001,TARJETA SPOTIFY $600,23,1189.44
50080610,SHARPIE SINGLES DISPLAY OMX,61,0.021
50082677,ITUNES $200,23,378
50082678,ITUNES $300,23,567
50082679,ITUNES $600,23,1134
50082973,BOLSAS PARA BASURA GRANDE,90,0.021
50083053,CAJA MAX 7,90,0.021
50083872,CABECERA CASIO 2017,61,0.021
50087051,"ARMADO ESTACION ""L""",61,0.021
50087052,ARMADO ESTACION RECTA,61,0.021
50089285,TIEMPO AIRE IUSACELL $50.00,22,81.87324406
50089286,TIEMPO AIRE IUSACELL $100.00,22,163.5713588
50089288,TIEMPO AIRE IUSACELL $150.00,22,243.8015596
50089290,TIEMPO AIRE MOVISTAR $10.00,22,16.37911976
50089292,TIEMPO AIRE TELCEL $20.00,22,33.14654441
50089293,TIEMPO AIRE IUSACELL $200.00,22,324.4342097
50089295,TIEMPO AIRE IUSACELL $300.00,22,473.64275
50089296,TIEMPO AIRE TELCEL $30.00,22,49.54058648
50089297,TIEMPO AIRE MOVISTAR $20.00,22,33.18338328
50089298,TIEMPO AIRE IUSACELL $500.00,22,617.799
50089299,TIEMPO AIRE MOVISTAR $30.00,22,49.61306019
50089300,TIEMPO AIRE UNEFON $50.00,22,82.20233205
50089302,TIEMPO AIRE TELCEL $50.00,22,83.32105714
50089303,TIEMPO AIRE UNEFON $100.00,22,160.1904194
50089304,TIEMPO AIRE MOVISTAR $50.00,22,84.3676433
50089305,TIEMPO AIRE TELCEL $100.00,22,167.6387654
50089306,TIEMPO AIRE UNEFON $150.00,22,239.4711634
50089307,TIEMPO AIRE TELCEL $150.00,22,247.16388
50089308,TIEMPO AIRE UNEFON $200.00,22,309.4004268
50089309,TIEMPO AIRE MOVISTAR $60.00,22,101.304
50089310,TIEMPO AIRE TELCEL $200.00,22,334.36938
50089311,TIEMPO AIRE UNEFON $300.00,22,314.5208182
50089312,TIEMPO AIRE MOVISTAR $100.00,22,166.601516
50089313,TIEMPO AIRE TELCEL $300.00,22,478.5457297
50089314,TIEMPO AIRE UNEFON $500.00,22,164.7618
50089315,TIEMPO AIRE MOVISTAR $120.00,22,184.191
50089317,TIEMPO AIRE TELCEL $500.00,22,811.5326625
50089319,TIEMPO AIRE MOVISTAR $150.00,22,245.9079
50089321,TIEMPO AIRE NEXTEL $30.00,22,26.38152632
50089322,TIEMPO AIRE MOVISTAR $200.00,22,333.0963937
50089324,TIEMPO AIRE NEXTEL $50.00,22,22.46111538
50089325,TIEMPO AIRE MOVISTAR $250.00,22,211.0605
50089326,TIEMPO AIRE MOVISTAR $300.00,22,379.89525
50089327,TIEMPO AIRE NEXTEL $100.00,22,34.40170588
50089328,TIEMPO AIRE NEXTEL $200.00,22,0.021
50090702,TIEMPO AIRE MOVISTAR $300.00,22,0.021
50090984,REEMPLAZO 501-750 12 MESES,62,94.5
50090985,REEMPLAZO 751-1000 12 MESES,62,109.2
50090986,REEMPLAZO 1001-1250 12 MESES,62,102.38025
50090987,REEMPLAZO 1251-1500 12 MESES,62,170.1
50090988,REEMPLAZO 1501-2000 12 MESES,62,216.698526
50090990,REEMPLAZO 2001-2250 12 MESES,62,262.5
50090991,REEMPLAZO 2251-2500 12 MESES,62,293.37
50090992,REEMPLAZO 2501-2750 12 MESES,62,324.24
50090993,REEMPLAZO 2751-3000 12 MESES,62,355.11
50090994,RMUEBLES 0 -500 12 MESES,62,37.8
50090995,RMUEBLES 501-1000 12 MESES,62,78.03856209
50090996,RMUEBLES 1001-2000 12 MESES,62,156.0274563
50090997,RMUEBLES 2001-3000 12 MESES,62,258.4797495
50090998,RMUEBLES 3001-4000 12 MESES,62,361.2
50090999,RMUEBLES 4001-5000 12 MESES,62,461.2158798
50091000,RMUEBLES 5001-7500 12 MESES,62,623.7
50091001,RMUEBLES 7501-10000 12 MESES,62,900.9
50091002,GE COMPUTO 3001-4000 12 MESES,62,297.7326348
50091003,GE COMPUTO 4001-6000 12 MESES,62,427.6916213
50091004,GE COMPUTO 6001-8000 12 MESES,62,568.0145417
50091005,GE COMPUTO 8001-10000 12 MESES,62,598.3748344
50091006,GE COMPUTO 10001-12000 12M,62,696.9515324
50091007,GE COMPUTO 12001-14000 12M,62,812.0853659
50091008,GE COMPUTO 14001-16000 12M,62,865.2
50091009,GE COMPUTO 16001-20000 12M,62,1049.543478
50091010,GE COMPUTO 20001-25000 12M,62,1134
50091011,GE COMPUTO 25001-30000 12M,62,1373.4
50091020,COLGANTES O GALLETAS,61,0.021
50091028,FLOOR GRAPHICS ENTRADA ,61,0.021
50091036,MUELAS GENERICAS,61,0.021
50091045,GE COMPUTO 3001-4000 24M,62,662.4952895
50091049,GE COMPUTO 4001-6000 24M,62,957.8140932
50091050,GE COMPUTO 6001-8000 24M,62,1346.127908
50091052,GE COMPUTO 8001-10000 24M,62,1274.235677
50091054,GE COMPUTO 10001-12000 24M,62,1585.5
50091055,GE COMPUTO 12001-14000 24M,62,1873.2
50091057,GE COMPUTO 14001-16000 24M,62,1990.8
50091059,GE COMPUTO 16001-20000 24M,62,2396.1
50091061,GE COMPUTO 20001-25000 24M,62,2593.5
50091063,GE COMPUTO 25001-30000 24M,62,3126.9
50091075,GARANTIA ELECTRO 3001-4000 12M,62,258.3
50091076,GE ELECTRONICOS 4001-5000 12M,62,321.5571429
50091077,GARANTIA ELECTRO 5001-6000 12M,62,390.6
50091078,GARANTIA ELECTRO 6001-7000 12M,62,458.4228612
50091079,GE ELECTRONICOS 7001-8000 12M,62,392.7
50091080,GE ELECTRONICOS 8001-10000 12M,62,460.1364194
50091081,GE ELECTRONICOS 10001-12000 12,62,575.4
50091082,GE ELECTRONICOS 12001-15000 12,62,552.7242
50091083,GE ELECTRONICOS 15001-20000 12,62,875.7
50091086,GE ELECTRONICOS 3001-4000 24M,62,564.9
50091087,GE ELECTRONICOS 4001-5000 24M,62,730.8
50091088,GE ELECTRONICOS 5001-6000 24M,62,900.9
50091089,GARANTIA ELECTRO 6001-7000 24M,62,936.6
50091090,GE ELECTRONICOS 7001-8000 24M,62,1026.9
50091091,GE ELECTRONICOS 8001-10000 24M,62,1085.7
50091092,GE ELECTRONICOS 10001-12000 24,62,1318.8
50091094,GE ELECTRONICOS 15001-20000 24,62,1932
50094119,COPETES VARIOS MODELOS,61,0.021
50094123,CABECERA GENERICA MOD.07,61,0.021
50094124,COPETES SCRIBE 2019,61,0.021
50094139,RESPALDO COROPLAST,61,0.021
50094436,NETFLIX 2017 300MXN,23,585.9
50095484,GOOGLE PLAY GCARD 100MXN,23,197.4
50095486,GOOGLE PLAY GCARD 200MXN,23,394.8
50095487,GOOGLE PLAY GCARD 300MXN,23,592.2
50095489,GOOGLE PLAY GCARD 600MXN,23,1184.4
50098118,PAGO SERVICIO TELMEX,23,0.021
50098119,PAGO SERVICIO TELNOR,23,0.021
50098120,PAGO SERVICIO DISH,23,0.021
50098121,PAGO SERVICIO TELCEL POST PAGO,23,0.021
50098123,PAGO SERVICIO I+D (PASE),23,0.021
50098126,PAGO SERVICIO IZZI,23,0.021
50098127,PAGO SERVICIO SKY VETV,23,0.021
50098128,PAGO SERVICIO CFE,23,0.021
50098129,PAGO SERVICIO GOB CDMX,23,0.021
50098130,PAGO SERVICIO GOB EDOMEX,23,0.021
50098160,COMISION SERVICIO TELMEX,23,0.021
50098162,COMISION SERVICIO TELNOR,23,0.021
50098163,COMISION SERVICIO DISH,23,0.021
50098164,COMISION SERVICIO TELCEL POSTP,23,0.021
50098166,COMISION SERVICIO I+D (PASE),23,0.021
50098167,COMISION SERVICIO IZZI,23,0.021
50098168,COMISION SERVICIO SKY/VETV,23,0.021
50098169,COMISION SERVICIO CFE,23,0.021
50100535,ENVIOS CALL CENTER ASEGURADO,61,0.021
50100859,PAGO SERVICIO GOB GUANAJUATO,23,0.021
50100864,PAGO SERVICIO GAS NATURAL,23,0.021
50100865,PAGO SERVICIO INFONAVIT,23,0.021
50100866,PAGO SERVICIO AGUA/DREN MTY,23,0.021
50100867,PAGO SERVICIO SIAPA AGUA GDL,23,0.021
50100869,PAGO SERVICIO MEGACABLE,23,0.021
50101027,COMISION SERVICIO GAS NATURAL,23,0.021
50101029,COMISION SERV AGUA/DREN MTY,23,0.021
50101030,COMISION SERV SIAPA AGUA GDL,23,0.021
50101032,COMISION SERVICIO MEGACABLE,23,0.021
50103255,ARMADO SILLAS,61,0.1073227612
50103257,ARMADO ESCRITORIO|||,61,0.1269256393
50103258,ARMADO DE LIBREROS,61,0.04840327869
50105602,PAGO SERVICIO AVON,23,0.021
50108736,COLABORADORES BED BATH Y LA COMER,61,0.021
50109581,PAGO SERVICIO GOB TAMAULIPAS,23,0.021
50112096,TARIMA,61,0.021
50112171,AMAZON $300,23,596.61
50112172,AMAZON $500,23,985.37186
50112173,AMAZON $1000,23,1803.650715
50112552,RIXTY STEAM 215MXN,23,302.7054822
50112553,RIXTY STEAM 530MXN,23,738.5982414
50112554,RAZER 200MXN,23,0.021
50112596,ARMADO ESCRITORIO EN L,61,0.1024889503
50113813,GARENA FREE FIRE 500MXN,23,470.6682581
50113815,SPOTIFY  1M 115 MXN,23,231.84
50113816,SPOTIFY 3M 349MXN,23,636.7677495
50113817,SPOTIFY 6M 689MXN,23,1066.631035
50113820,CINEPOLIS 99MXN,23,156.1448364
50113821,NINTENDO SWITCH 2020 12M  ,23,528.0565294
50113823,XBOX 2020 200MXN,23,316.6462923
50113824,XBOX 2020 300MXN,23,461.0748908
50113825,XBOX LIVE 1M GOLD 2020 169MXN,23,206.539725
50113826,XBOX LIVE 3M GOLD 2020 419MXN,23,304.289
50113829,XBOX GAME PASS ULTIMATE 1M,23,373.5944655
50114082,NINTENDO SWITCH 2020 3M $200,23,179.4290556
50120096,BOLSA NATURAL 45X60 200,90,2.835
50121990,PAQ DATOS TELCEL  $20.00,22,33.936
50121991,PAQ DATOS TELCEL $30.00,22,50.904
50121992,PAQ DATOS TELCEL $50.00,22,84.84
50121993,PAQ DATOS TELCEL $80.00,22,135.723
50121994,PAQ DATOS TELCEL $100.00,22,169.659
50121995,PAQ DATOS TELCEL $150.00,22,254.499
50121996,PAQ DATOS TELCEL $200.00,22,339.339
50121997,PAQ DATOS TELCEL $300.00,22,508.998
50121998,PAQ DATOS TELCEL $500.00,22,848.337
50129012,COMISION SERVICIO AVON,23,0.021
50130677,TARJETA SPOTIFY 129,23,255.738
50130678,TARJETA SPOTIFY 365,23,723.576
50130679,TARETA SPOTIFY 695,23,1377.768
50130702,RIXTY STEAM 630MXN,23,1271.403
50130789,INFINIT PENCIL HB COL SURTIDO,61,270.669
50131389,STARBUCKS 200MNX,23,393.54
50131390,APP STORE GIFT CARD 200MXN,23,394.8
50131391,APP STORE GIFT CARD 500MXN,23,987
50131392,APP STORE GIFT CARD 1000MXN,23,1974
50131465,ROBLOX 600MXN,23,1189.44
50132069,STEREN ALARMA HUMO CON ZUMBADOR,61,328.839
50132070,STEREN LAMPARA LED EMERGENCIA,61,631.806
50055846,ESCRITORIO EN L SKYLINE CEREZO,1,5420.173441
50057557,CAJA FUERTE SENTRY X125,1,5822.361097
50061277,SILLA EJECUTIVA CALIGARI NEGRO,1,2795.590184
50061639,ARCHIVERO 4 GAVETAS OFICIO NG,1,10100.63765
50061641,ARCHIVERO 2 GAVETAS OFICIO NG,1,5622.204
50062287,ESCRITORIO EN L CASSEL GRIS,1,2981.279
50062288,ESCRITORIO ESTUDIANTIL STUM G,1,1334.220825
50062289,ESCRITORIO ESTUD CLARE MAPLE,1,2823.510021
50062292,SILLA EJECUTIVA CASPER NEGRO,1,2877.473792
50062293,SILLA EJECUTIVA MODELLO NEGRO,1,3892.219197
50062297,SILLA EJECUTIVA OLMO NEGRO,1,3812.973435
50062298,SILLA PLEGABLE OLEG GRIS,1,791.1338305
50062996,SILLA RESTIRADOR CONNOR NEGRO,1,2499.284681
50062999,ARCHIVERO 4 GAVETAS CARTA NEG,1,5195.337
50063074,ARCHIVERO 3 GAVETAS CARTA MAPL,1,2260.61272
50063127,SILLA BASICA DE OFIC MICHIG NG,1,2188.666735
50063133,ESCRITORIO DE TRABAJO LIRIO MP,1,2288.502
50065098,SILLA APILABLE LANIS NEGRO,1,2239.223868
50066236,ESCRITORIO DE TRABAJO CARDWELL,1,4387.716362
50066238,SILLA EJECUTIVA BACELO NEGRO,1,3850.301354
50066245,SILLA EJECUTIVA SILVES CAFE,1,3610.034485
50066246,SILLA BASICA DE OFIC MODELL NG,1,3288.602027
50066248,SILLA BASICA DE OFIC BELFOR NG,1,2973.074491
50069763,ESCRITORIO EN L EVANS MAPLE,1,4930.790563
50069765,ESCRITORIO DE TRABAJO MINTON B,1,3593.184
50071523,CAJA FUERTE ELECTRONICA X041E,1,3595.570407
50072713,SILLA DE VISITA MODELLO NEGRO,1,3400.308579
50072721,ESCRITORIO EN L MIRAV BLANCO,1,7149.314326
50073069,ARCHIVERO 4 GAVETAS CARTA NG,1,7656.621
50076060,ARCHIVERO 3 GAVETAS CARTA NG,1,4106.309637
50084784,SILLA EJECUTIVA LUBEC NEGRO,1,2839.507543
50085877,SILLA BASICA DE OFIC ANDORA NG,1,2110.1745
50085878,SILLA BASICA ERGONOMICA MATE NG,1,2473.295701
50086004,SILLA EJECUTIVA LEICA NEGRO,1,2687.538
50086132,RESTIRADOR VICENZO BLANCO,1,3323.050073
50086334,ESCRITORIO EN L MADISON GRIS,1,5071.206
50090513,ESCRITORIO DE TRABAJO MINOT,1,4968.075
50090515,ESCRITORIO DE TRABAJO CASCIA B,1,4672.265693
50091122,SILLA APILABLE DURAN NEGRO,1,1385.385411
50093477,CAJA FUERTE DIGITAL SFW082ET,1,6876.52439
50093478,CAJA FUERTE DIGITAL SFW123GTC,1,9785.670412
50093852,SILLA EJECUTIVA MUMBAI NEGRO,1,2942.461079
50093858,SILLA EJECUTIVA BRIG GRIS,1,4125.856901
50094503,SILLA EJECUTIVA PRAGA,1,3758.193904
50094546,SILLA APILABLE TOLEDO NEGRO,1,1792.158529
50094551,SILLA EJECUTIVA ATESSA,1,5869.225165
50094967,SILLA DE VISITA AQUARIUS NEGRO,1,3867.465
50094974,ESCRITORIO DE TRABAJO KANSAS B,1,3959.689125
50098554,ESCRITORIO DE TRABAJO ESLOV,1,5215.124632
50100949,SILLA EJECUTIVA GINEBRA CAFE,1,4217.163
50100951,SILLA EJECUTIVA CACERES NEGRA,1,3959.397273
50100987,SILLA GAMER BRONI NEGRO,1,3745.875535
50102592,SILLA BASICA DE OFICINA PRADO,1,2731.659
50102806,SILLA BASICA DE OFIC RIAD NG,1,2494.536765
50103495,SILLA BASICA DE OFICINA FRIBUR,1,2770.908
50103497,SILLA BASICA DE OFICINA BRAGA,1,2168.885892
50103498,SILLA BASIC DE OFIC BRISTOL NG,1,2148.075458
50104181,SILLA EJECUTIVA CONWY CAFE,1,3073.046866
50104844,SILLA EJECUTIVA RENA,1,5135.714549
50104898,SILLA EJECUTIVA ALBI,1,6432.932471
50106206,SILLA PLEGABLE RAMAS NEGRA,1,736.2670134
50106208,SILLA BASICA OFICINA BARU,1,2153.586112
50106209,ESCRITORIO EN L SIERPE,1,6484.19186
50106213,ESCRITORIO EN L NOVA,1,5446.702375
50106214,ESCRITORIO PLEGABLE CABO,1,1694.6615
50106487,BANCO METALICO POLIPRO,1,1071.297868
50106983,ESCRITORIO 2 CAJONES NOGAL,1,3995.699056
50106987,ESCRITORIO DE OFICINA NOGAL,1,5613.513804
50106989,MESA REDONDA NOGAL,1,5094.965212
50106993,LIBRERO ENTREPANOS CHOCOLATE,1,3490.515
50108132,SILLA EJECUTIVA EVORA GRIS,1,2196.596348
50109834,ESCRITORIO EN L MADISON 2 GRIS,1,4119.673304
50109835,ESCRITORIO DE TRABAJO MONT,1,3599.121354
50109837,ESCRITORIO DE TRABAJO HELLER 2,1,2963.669564
50109932,ESCRITORIO DE TRABAJO BANFF,1,4142.082
50110098,ESCRITORIO DE TRABAJO BENIN MP,1,1675.416972
50110230,SILLA EJECUTIVA KEYSER GRIS,1,4148.256
50110232,SILLA EJECUTIVA BRIO NEGRO,1,3540.123621
50110233,SILLA EJECUTIVA BRIO GRIS,1,3466.69092
50110239,ESCRITORIO DE TRABAJO NEIVA MA,1,5392.17
50110240,ESCRITORIO EN L FOSTER NATURAL,1,6579.195
50110242,ESCRITORIO EN L SACER NEGRO,1,5977.86
50110243,ESCRITORIO GAMER FORLI NEGRO,1,5602.401
50110247,ESCRITORIO DE TRABAJO GELA NEG,1,4245.488379
50110255,ESCRITORIO DE TRABAJO TERUEL M,1,4982.754
50110258,ESCRITORIO EN L CASTILLA MAPLE,1,3596.2269
50110259,SILLA OFIC VITORI AQUA MESH,1,3354.687
50110263,SILLA BASICA OFICINA VITORI NG,1,3039.666
50110265,SILLA BASICA OFICINA VITORI GR,1,3220.413
50110961,CAJA FUERTE X014ENAFHROMX,1,2374.911
50111039,ESCRITORIO ESTUDIANTIL METZ BL,1,4401.87258
50111077,SILLA BASICA DE OFICINA DOHA,1,1825.190373
50111138,ESCRITORIO AJUSTABLE CROTONE N,1,7421.862
50111249,SILLA BASICA DE OFI NEVEZ 2 NG,1,1468.831
50111250,SILLA EJECUTIVA LEICA 2 NEGRO,1,2029.671239
50111874,SILLA EJECUTIVA MUMBAI GRIS,1,3030.975
50112443,MESA ALARGADA DE JUNTAS BASE G,1,8575.027938
50112650,SILLA PLEGABLE BLANCA,1,950.859
50113322,ARCHIVERO 3 GAVETAS NEG,1,4198.761
50113324,ARCHIVERO 3 GAVETAS BLANCO,1,4756.697894
50113754,SILLA BASICA DE OFIC FIONA,1,1667.238
50114461,ARCHIVERO NEGRO 4 GAVETAS CART,1,5284.899229
50114462,GABINETE MULTIUSOS NEGRO,1,6028.567352
50114463,ARCHIVERO 2 GAVETAS NEGRO,1,4910.481639
50114482,ESCRIT ALTEREGO FUNCTION BL,1,4573.191
50114528,MESA Y 4 SILLAS ALTEREGO GRIS,1,12240.9
50114598,SILLA ALTEREGO HELSINKI GRIS,1,1791.3
50114601,SILLON ALTEREGO SWEET GRIS-NGL,1,6084.645
50114628,ESCRITORIO EN L LAOS NEGRO,1,1718.677723
50114630,ARCHIVERO ALTEREGO LUDIK BLANC,1,6091.491
50114633,SILLA EJECUTIVA ARUBA NEGRA,1,4812.347515
50114748,ESCRITORIO INFANTIL ROSA 2 PCS,1,3168.9
50114751,ESCRITORIO ESTUDIANTIL C/LIBRE,1,4777.5
50114835,ESCRITORIO DE TRABAJO CIRO,1,4720.610525
50114837,ESCRITORIO DE TRABAJO BORIS,1,4766.896753
50114838,ESCRITORIO DE TRABAJO ENZO,1,4099.536
50114839,ESCRITORIO DE TRABAJO TRUMAN,1,4763.262
50115392,SOFA DE 2 PLAZAS DORIA AZUL,1,9654.372
50115401,MESA RECT 4 SILLAS LONDON/OSLO,1,9051.882
50115593,SILLON ALTEREGO DORIA GRIS OSC,1,7045.395
50115854,ESCRIT ALTEREG SET UP GRIS OSC,1,15886.164
50115975,ESCRITORIO EN L CASSEL GRIS,1,2816.341533
50115980,ESCRITORIO ESTUDIANTIL STUM GR,1,1319.030331
50116143,ESCRITORIO DE TRABAJO PASCAL,1,2958.081
50116173,MESA DE TV BICOLOR,1,2520
50116202,SILLA DE VISITA BERIT,1,1585.458
50116615,ARCHIVERO PROF NEGRO 4 GAVETAS,1,8841.509264
50116616,ARCHIVERO PROF BLANCO 4 GAVETA,1,8948.1
50116617,ARCHIVERO PROF GRIS 4 GAVETAS,1,8580.977889
50116618,LOCKER PROFESIONAL NEGR 4PUERT,1,4784.978049
50116619,LOCKER PROFESIONAL GRIS 4PUERT,1,4910.016774
50116700,ESCRITORIO DE TRABAJO LIRIO,1,2130.630352
50116703,ESCRITORIO PLEGABLE CAB,1,1397.365243
50116885,SILLA BASICA DE OFIC ATLANTIS,1,3039.981
50116969,ARCHIVERO ORGANIZADOR METALICO,1,3864.554253
50116970,ESCRITORIO CON LIBRERO ORLANDO,1,2772
50117285,ESCRITORIO EN L CASTILLA MAPLE,1,3237.818328
50117667,SILLA EJECUTIVA EARTH NEGRO,1,3796.020765
50117668,SILLA BASICA DE OFI OLIMPIA,1,2126.811259
50117669,SILLA DE VISITA ALFI NEGRO,1,2562.646572
50117670,SILLA BASICA DE OFICINA ALFI,1,2665.924709
50117674,SILLA EJECUTIVA CRETA,1,2535.961201
50117675,SILLA EJECUTIVA KARU,1,2405.363116
50117676,SILLA EJECUTIVA CABII,1,3978.58733
50117677,SILLA EJECUTIVA MANTU,1,4653.530102
50117679,SILLA EJECUTIVA PANIENKA,1,7445.946415
50117680,ESCRITORIO ESTUDIANTIL NERO,1,3912.153
50117681,SILLA EJECUTIVA SYKUR GRIS,1,5147.341809
50117682,SILLA EJECUTIVA CATUR,1,4203.066
50117683,SILLA EJECUTIVA KALLIS,1,3309.032183
50117684,SILLA EJECUTIVA SAIS,1,3925.550443
50117685,ESCRITORIO EN L LUXOR,1,4143.408204
50117686,ESCRITORIO DE TRABAJO THASSO,1,2248.525072
50117687,ESCRITORIO DE TRABAJO BURGO,1,3193.637611
50117688,SILLA EJECUTIVA LEPTIS,1,2659.54309
50117689,SILLA EJECTIVA ANNIK,1,3721.1489
50117690,ESCRITORIO DE TRABAJO TOULOUSE,1,2427.773393
50117691,ESCRITORIO ESTUDIANTIL HELMI,1,4573.577593
50117692,SILLA DE OFICINA ENNA GRIS,1,1551.583093
50117693,SILLA DE OFICINA ENNA ROSA,1,1688.922132
50117694,SILLA PLEGABLE KINDA NEGRA,1,566.4111147
50117695,ESCRITORIO EN L RIETI,1,6751.880628
50117696,SILLA EJECUTIVA BOLONIA,1,3836.378023
50117699,SILLA EJECUTIVA SYKUR ROSA,1,5574.845918
50117706,RESTIRADOR KOJOT NEGRO,1,5354.698664
50117707,ESCRITORIO DE TRABAJO ARCO,1,3815.864466
50117708,ESCRITORIO DE TRABAJO KUEL,1,3831.393687
50117709,ESCRITORIO DE TRABAJO BRUKE,1,3270.294368
50117710,ESCRITORIO EN L UNTAU,1,4969.230615
50117711,ESCRITORIO DE TRABAJO SEGRETI,1,3286.311
50117747,SILLA LACERTA EJECUTIVA,1,10454.409
50117950,ESCRITORIO INFANTIL GUIDO,1,1926.340043
50117951,ESCRITORIO BASICO SALVATORE,1,1568.7
50117952,ESCRITORIO CON CAJON ALESSIO,1,2916.9
50117953,ESCRITORIO ESCUADRA CON LIBRER,1,5071.5
50118068,SILLA PLEGABLE NAIROBI,1,633.0886514
50118069,MESA PLEGABLE NAIROBI,1,1980.24494
50118133,LIBRERO ALLTEREGO EURO,1,0.021
50118226,ESCRITORIO ALTEREGO EURO,1,0.021
50118272,CAJONERA ALTEREGO PREMIUM,1,11054.4
50118277,SILLA DE OFICINA HASHTAG,1,2212.308
50118280,SILLA ALTEREGO OSLO,1,1031.52
50118284,SILLA DE OFICINA ROLET,1,3602.718
50118438,SILLA EJECUTIVA BRAD,1,3320.144338
50118439,SOFA 2 PLAZAS COBAR,1,5752.91325
50118441,SOFA  2 PLAZAS COBAR,1,9053.009929
50118444,SOFA 3 PLAZAS COBAR,1,8343.405
50118445,SOFA 3 PLAZAS COBAR,1,9214.669712
50118447,SILLA DE OFICINA AXEL,1,2488.374
50118669,CAJA DE SEGURIDAD DIGITAL,1,2525.431518
50121538,SILLA DE VISITA AMAN,1,1021.625687
50121539,SILLA BASICA DE OFICINA NEVEZ,1,1923.81832
50121799,ESCRITORIO DE TRABAJO EMERGE 1200,1,4588.616667
50121800,ESCRITORIO DE TRABAJO CAJONES EMERGE 120,1,6927.9
50121801,ESCRITORIO DE TRABAJO EMERGE 1500,1,6330.545455
50121802,ESCRITORIO DE TRABAJO CAJONES EMERGE 150,1,10530.53077
50121803,ESCRITORIO EN L EMERGE 1500,1,7245
50121804,ESCRITORIO EN L CON CAJONES EMERGE,1,12035.1
50121805,LIBRERO 4 REPISAS EMERGE 1800,1,8295
50121806,LIBRERO 4 REPISAS C/PUERTAS EMERGE 1800,1,13887.3
50121807,LIBRERO 2 REPISAS EMERGE 1200,1,6094.2
50121808,MESA DE JUNTAS EMERGE 1200,1,6673.557692
50121809,MESA DE JUNTAS EMERGE 2400,1,7875
50121811,REPISAS PARA ESCRITORIO EMERGE 1500,1,8605.8
50121813,MAMPARA PARA RECEPCION EMERGE 1500,1,2730
50121909,ESCRITORIO EN L WELS GRIS,1,7234.416
50122769,MESA DE JUNTAS DANISH,1,11153.625
50122770,PUPITRE SHELL CON PALETA   DERECHO,1,2599.8
50122819,ESCRITORIO EPSE17071L,1,2545.2
50122985,MESAS AUXILIARES MADERA DE CAUCHO,1,3106.2444
50123476,ESCRITORIO EN L ELEVVA DESK-11 CAFENEGRO,1,2349.9
50123477,ESCRITORIO ELEVVA DESK-12 REPISAS CAFE,1,2328.9
50123478,SILLA EJECUTIVA ELEVVA SILL-Q2N NEGRA,1,2267.821023
50123479,SILLA EJECUTIVA ELEVVA SILL-Q2G GRIS,1,2370.9
50123480,SILLA EJECUTIVA ELEVVA MEGAPLUS NEGRA,1,3588.9
50123482,SILLA GAMER ELEVVA SAMUS NEGRA,1,4806.9
50123484,SILLA EJECUTIVA ELEVVA PEACE NEGRA,1,4323.9
50123530,ARCHIVERO MADERA PARA COLGAR BLANCO,1,659.988
50123531,BANCA ORG 3 COMPARTIMENTOS ESPRESSO,1,2613.261
50123532,BANCA ORG MADERA 3 COMPARTIMENTOS GRIS,1,2664.879
50123534,BANCO ALTO MADERA Y METAL CAFE NEGRO,1,1580.313
50123536,BANCO COCINA MADERA CAFE NOGAL,1,2832.186
50123537,BANCO COCINA MADERA SIN RESPALDO BLANCO,1,2746.905
50123539,BASE ANTIDESLIZANTE PARA TAPETE ENTRADA,1,254.331
50123586,CARRITO SERVICIO METAL BEE WILLOW HOME,1,3775.905
50123647,ESCRITORIO MDF TIPO MARMOL BLANCO,1,5834.01
50123648,ESCRITORIO COMPUTADORA SIMPLY ESSENTIAL,1,1876.098
50123650,ESCRITORIO PORTATIL MADERA,1,700.14
50123655,ESPEJO BASE CERAMICA BLANCO,1,520.632
50123656,ESPEJO CON BASE CERAMICA AZUL,1,527.625
50123657,ESPEJO DOBLE CON AUMENTO BLANCO,1,464.478
50123658,ESPEJO DOBLE CON AUMENTO NEGRO,1,464.541
50123659,ESPEJO DOBLE CON AUMENTO AZUL,1,457.674
50123660,ESPEJO DOBLE CON AUMENTO GRIS,1,465.192
50123661,ESPEJO PARA PUERTA BLANCO,1,396.858
50123662,ESPEJO PARA PUERTA NEGRO,1,396.417
50123686,LIBRERO CON 3 REPISAS NEGRO,1,1048.152
50123687,LIBRERO 5 REPISAS CHAPA LAMINADO NEGRO,1,97.314
50123689,LOCKER MULTIUSOS METAL ROSA PASTEL,1,4728.276
50123690,MESA AUXILIAR DE ALUMINIO GRIS,1,610.974
50123691,MESA AUXILIAR DE MADERA DE CAUCHO NEGRO,1,510.93
50123693,MESA AUXILIAR PLEGABLE ACERO AMARILLO,1,870.639
50123694,MESA AUXILIAR PLEGABLE ACERO CORAL,1,851.172
50123695,MESA AUXILIAR PLEGABLE MIMBRE CAFE,1,1077.048
50123699,MESAS AUX EGD CAFE NOGAL 5PZS,1,2406.789
50123701,MUEBLE ORGANIZADOR BANO ACERO INOX,1,946.743
50123703,MUEBLE ORGANIZADOR 3 COMP GRIS,1,846.489
50123729,PERCHERO METAL HOME CON SOPORTE PARAGUAS,1,1709.799
50123730,PERCHERO METAL BLANCO COCO,1,1363.866
50123731,PERCHERO METAL 2 NIVELES NATURAL BLANCO,1,2038.428
50123732,PERCHERO PARED MADERA C GANCH CAFE CLARO,1,554.694
50123733,PERCHERO PUERTA METAL SQUARED AWAY,1,384.237
50123770,RELOJ MADERA PARED 30 CM,1,603.288
50123785,SET MUEBLES EXT MADERA NATURAL 3 PZS,1,7829.157
50123792,SILLA ACERO EXTERIORES NATURAL,1,1573.278
50123794,SILLA APILABLE MIMBRE CAFE,1,1922.634
50123795,SILLA CON RUEDAS METAL GRIS,1,4874.667
50123796,SILLA BARRA COCINA MADERA GIRATORI BLANC,1,3163.419
50123797,SILLA PLEGABLE ACERO INOX EXTERIOR GRIS,1,1692.306
50123798,SILLA PLEGABLE POLIESTER NEGRO,1,1079.274
50123800,TAPATE BANO ALGODON  53X86 GRIS CLARO,1,354.711
50123801,TAPATE BANO ALGODON  53X86 GRIS HIERRO,1,442.386
50123802,TAPETE ALGODON BANO AZUL NEBLINA,1,789.957
50123804,TAPETE BANO ALGODON 1.52 M GRIS CLARO,1,710.64
50123805,TAPETE BANO ALGODON 1.52 M GRIS HIERRO,1,672.714
50123806,TAPETE BANO ALGODON 43X60 GRIS HIERRO,1,231.714
50123807,TAPETE BANO GRIS VERDOSO,1,939.981
50123808,TAPETE PET RECICLADO BANO LISO CREMA,1,383.565
50123809,TAPETE BANO CAFE,1,531.51
50123810,TAPETE BANO CAFE,1,427.749
50123811,TAPETE BANO EN HERRADURA CREMA,1,383.544
50123812,TAPETE RECICLADO BANO CROMO,1,800.877
50123813,TAPETE GD BANO STUDIO 3B BLANCO ALEACION,1,337.071
50123814,TAPETE M BANO STUDIO 3B MULTICOLOR,1,332.178
50123816,TAPETE BANO ALGODON 1.01 M GRIS HIERRO,1,664.419
50123817,TAPETE BANO ALGODON 43X60 CM GRIS CLARO,1,269.745
50123818,TAPETE BANO ALGODON 53X86 CM GRIS CIELO,1,426.804
50123819,TAPETE BANO ULT SOFT 53X86 CROMO,1,561.288
50123820,TAPETE BANO ULT SOFT 53X86 GRIS PALOMA,1,561.435
50123821,TAPETE BANO ULT SOFT 53X86 GRIS HIERRO,1,1121.379
50123822,TAPETE BANO ULT SOFT 53X86 CROMO,1,1319.661
50123823,TAPETE BANO NOODLE VERDE JADE,1,291.375
50123824,TAPETE BANO SIMPLY ESSENTIAL AZUL MARINO,1,227.514
50123869,ZAPATERA APILABLE METAL 4 NIVELES NEGRO,1,855.561
50123870,ZAPATERA DESMONTABLE  2 NIVELES,1,440.748
50123871,ZAPATERA METAL PERFORADA 3 NIVELES,1,1150.359
50123872,ZAPATERA PUERTA 24 COMP,1,247.653
50123873,ZAPATERA PUERTA 24 COMP GRIS OSTION,1,303.618
50125155,ESTACION DE TRABAJO CREDENZAS Y GABETA,1,14826
50125156,ESCRITORIO EN L MERSIN 2 CAJONES,1,5814.9
50125157,LIBRERO COLOR NOGAL CUATRO REPISAS,1,3420.9
50125158,LIBRERO GRIS RAYADO DOS REPISAS,1,2192.4
50125393,SILLA DE OFICINA CHARLOTTE,1,2113.441423
50125394,SILLA DE OFICINA YORK,1,3110.084907
50125395,SILLA DE OFICINA TULSA,1,2235.375033
50125396,SILLA DE OFICINA SORIA,1,4211.389714
50125397,SILLA EJECUTIVA CARLSEN,1,3635.532673
50125398,SILLA EJECUTIVA POLGAR,1,4979.144934
50125399,ESCRITORIO DE TRABAJO LASKER,1,4585.734034
50125400,ESCRITORIO EN L GANTE,1,4798.706729
50125401,ESCRITORIO DE TRABAJO PHOENIX,1,3858.343871
50125402,ESCRITORIO DE TRABAJO THEUX,1,4869.795148
50125403,ESCRITORIO DE TRABAJO THUN,1,4589.34
50125404,ESCRITORIO EN L LYON,1,6297.461385
50125405,ESCRITORIO EN L TARENTO,1,4397.265569
50125406,ARCHIVERO 2 GAVETAS GRIS MELAMINA,1,2229.885
50125407,ARCHIVERO 2 GAVETAS GRIS MELAMINA,1,2324.154525
50125408,LIBRERO MELAMINA OPORTO,1,3490.512078
50125409,SILLA DE VISITA BURSA,1,3387.51
50125410,SILLA DE OFICINA,1,2201.282601
50125411,SILLA EJECUTIVA ADANA,1,4065.339213
50125412,SILLA GAMER KIOTO,1,4633.701141
50125413,SILLA DE OFICINA MISURI,1,4518.948
50125414,SILLA DE OFICINA OMAHA,1,5300.673
50125415,SILLA EJECUTIVA TACOMA,1,8900.552027
50125416,ARCHIVERO BLANCO CURVE,1,3854.739
50125683,SILLA EJECUTIVA TACOMA GRIS,1,8959.02
50125684,ARCHIVERO NEGRO CURVE,1,3830.571741
50125719,ESCRITORIO ESTUDIANTIL DRESDE,1,2824.227
50125720,ESCRITORIO ESTUDIANTIL DUBLIN,1,2731.988187
50125721,ESCRITORIO ESTUDIANTIL MINSK,1,2269.974
50125905,1200 CREDENZA EMERGE CON 3 PUERTAS,1,9235.8
50125998,VAJILLERO BERGEN,1,3081.204
50126090,REPISA PARA PARED CON TOALLERO NIQUEL,1,808.206
50126093,REPISA DE MADERA DE 91.44 CM NATURAL,1,992.607
50127642,SILLA EJECUTIVA PREMIUM OHARE,1,7348.488
50127643,SILLA EJECUTIVA PREMIUM VERONA,1,15452.37434
50127644,SILLA EJECUTIVA PREMIUM VELSEN,1,6180.279
50127645,SILLA EJECUTIVA PREMIUM DAMEN,1,18499.67303
50127647,ARCHIVERO 2 GAVETAS CARTA NEGRO,1,3252.9
50127936,CAJA DE SEGURIDAD PARA LAPTOP SILVERLINE,1,4392.574836
50128402,MESA PLAGABLE LAMINADO PLASTICO,1,12008.262
50128953,ARCHIVERO MOVIL EMERGE CON 3 CAJONES,1,6594
50129024,ESCRITORIO ESTUDIANTIL NILO,1,1444.8
50129107,MESA DE JUNTAS DANISH,1,15874.5608
50129313,ESCRITORIO DE TRABAJO CASCIA B,1,4189.785382
50129314,ESCRITORIO EN L NOVA,1,5589.691406
50129396,BANCO LABORATORIO PLASTICO,1,1848.42
50129849,SILLA BASICA DE OFICINA DOHA,1,1245.392255
50129850,SILLA BASICA DE OFIC BELFOR NG,1,2191.052625
50129851,SILLA BASIC DE OFIC BRISTOL NG,1,1220.73
50129981,ESCRITORIO APOLO,1,1675.8
50129982,ESCRITORIO PROFESIONAL ESCUADR FLORENCIA,1,5376
50129983,MESA DE JUNTAS REDONDA NAPOLI,1,3885
50129984,MESA DEJUNTAS REDONDA POLAR,1,3885
50129985,MESA DE JUNTAS 6P,1,6699
50130048,PUFF PARA INTERIOR Y EXTERIOR AZUL,1,1649.697
50130050,PUFF PARA INTERIOR Y EXTERIOR NEGRO,1,1649.697
50130068,SOFA DE 3 PLAZAS NEGRO,1,15282.477
50130079,SOFA DE 2 PLAZAS CON TAPIZ ROSA,1,10014.312
50130080,SOFA DE 2 PLAZAS CON TAPIZ BEIGE,1,10014.312
50130083,SOFA 3 PLAZAS EN TAPIZADO ROSA,1,11464.005
50130087,SOFA 2 PLAZAS EN  GRIS OSCURO,1,8507.289
50130088,SILLON INDIVIDUAL TAPIZADO ROJO,1,5993.967
50130105,SILLON 1 PLAZA NARANJA,1,7217.637
50130106,SILLON 1 PLAZA DE TERCIOPELO AZUL,1,7217.637
50130108,SOFA 2 PLAZAS DE TERCIOPELO GRIS,1,10016.118
50130110,SOFA 2 PLAZAS MADIS2PLZ-ESM,1,10016.118
50130175,SILLON DE 1 PLAZA COLOR AMARILLO,1,6060.663
50130286,SET MESAS CENTRO CRISTAL SET-MC-KENDAL,1,10625.475
50130344,CAJONERA NEGRO Y NOGAL  86010GMDJ,1,10427.718
50130357,ESCRITORIO RECT COLOR MADERA K3288643,1,4400.088
50130367,MESA RECTANGULAR MADERA M-TOLIX,1,5280.24
50130368,SILLA RETRO NEGRAMETAL  S-TOLIX-NG,1,2053.548
50130434,ARCHIVERO 3 GAVETAS METALICO,1,6315.54
50130435,ESCRITORIO DE TRABAJO REUS,1,2042.288381
50130436,SILLA PLEGABLE NAIROBI,1,727.146
50130437,ESCRITORIO DE TRABAJO CORK,1,2515.757911
50130438,ESCRITORIO DE TRABAJO ROSKILDE,1,2178.957178
50130439,ESCRITORIO DE TRABAJO BOLZANO,1,2129.656402
50130440,ESCRITORIO EN L,1,2608.399279
50130441,ESCRITORIO EN L LEIDEN,1,4202.495492
50130442,SILLA DE OFICINA NOVARA GRIS,1,5040.819
50130443,SILLA EJECUTIVA NAMUR,1,3786.188251
50130444,SILLA EJECUTIVA PARLA,1,3752.052563
50130445,SILLA EJECUTIVA CARUANA,1,4206.94459
50130446,SILLA DE OFICINA LIREN,1,3762.339
50130495,ESCRITORIO DE TRABAJO OSLO,1,2811.963
50130496,ESCRITORIO DE TRABAJO BREMEN,1,4276.358231
50130497,ESCRITORIO DE TRABAJO SEGOVIA,1,3910.872
50130498,ESCRITORIO DE TRABAJO MARSELLA,1,4459.949128
50130499,ESCRITORIO DE TRABAJO CRACOVIA,1,3756.13321
50130500,ESCRITORIO EN L TALLIN,1,5054.31275
50130501,ESCRITORIO ESTUDIANTIL BONN,1,3399.606
50130502,ESCRITORIO ESTUDIANTIL IBIZA,1,2062.725
50130503,ESCRITORIO ESTUDIANTIL NIZA,1,4268.691
50130504,LIBRERO GRANADA,1,2189.544
50130505,SILLA DE OFICINA NAPOLI,1,2655.82848
50130506,SILLA DE OFICINA FIRENZE,1,3344.46
50130507,SILLA DE OFICINA KIEL,1,3303.72
50130508,SILLA DE OFICINA TRALEE,1,2592.807
50130509,SILLA DE OFICINA TUAM,1,3057.910356
50130510,SILLA DE OFICINA BRIVA,1,2255.256489
50130511,SILLA DE OFICINA MADEIRA,1,2383.970734
50130512,SILLA DE OFICINA BUCAREST,1,3195.504909
50130513,SILLA DE VISITA BERNA,1,2030.764204
50130514,SILLA DE VISITA RENNES,1,1107.319249
50130515,SILLA EJECUTIVA VILNA,1,3449.252316
50130516,SILLA EJECUTIVA KAUNAS,1,4428.268074
50130517,SILLA EJECUTIVA BREDA,1,4956.315
50130518,SILLA GAMER GANTE,1,2940.800952
50130527,TAPETE BROCAD SPAGHETTI CH,1,105
50130531,TAPETE PANAL CH,1,294
50130673,SILLA DE OFICINA NOVARA VERDE,1,5040.819
50130680,SILLA EJECUTIVA PREMIUM VERDE DAMEN,1,18535.52322
50130681,SILLA EJECUTIVA PREMIUM BLANCO VERONA,1,15565.746
50130683,SILLA DE OFICINA MELBOURNE,1,2295.383487
50130691,SILLA DE OFICINA FIRENZE NEGRA,1,3187.12918
50130832,Librero Madera Escalera Blanco 6 Modulos,1,4938.297
50131198,ESTACION DE TRABAJO EN ESCUADRA SAMARA,1,8725.5
50131344,ARCHIVERO 3 GAVETAS DE COMBINACION,1,3869.102323
50131460,MESA DE TRABAJO TABLE UP ALFRA,1,4993.086
50131531,BANCO MEGA,1,109.2
50131532,SILLA SOFIA,1,567
50132091,SILLON DICASA COOPER GRIS OSCURO,1,4524.051
50132255,LAMPARA FIGURA DE STITCH BLINK,1,496.839
50132256,LAMPARA FIGURA DE STICH LUNA BLINK,1,795.564
50132638,RESTIRADOR DE ESCRITORIO,1,1769.439
50132639,RESTIRADOR TRASPLAN LUX 60X90,1,6705.3
50133114,TAPETE SIKARAI,1,157.5
50133177,TAPETE PARA MOSTRADOR BUBBLE MAT,1,627.9
50133178,SILLA RESPALDO ERGONOMICO POLIPROPILENO,1,5024.271
50133216,MESA Y SILLAS INF MONTESSORI MAD SHIMY,1,3537.681
50133352,LOCKER METALICO 4 PUERTAS 9X34X180 GRIS,1,3799.929
50133353,ESCRITORIO INFANTIL C SILLA ALONZO,1,2299.5
50133354,ESCRITORIO AJUST MANUAL 10070 BL RANDU,1,10953.852
50133374,ESCRITORIO AJUST ELEC EST 10106 BL RANDU,1,13207.74
50133984,MESA TOP LIVING MODERNO MADERA CATTE,1,1478.568
50134075,SILLA OFICINA OPERATIVA MESH BASECROMADA,1,1124.235
50134279,LOCKER STD 5 PUERTAS VENTILA GRIS,1,3478.65
50134287,SILLA MULTIUSOS DE TUBO OVALADO LINEA 40,1,3397.8
50134288,BANCA DE 3 PLAZAS DYNOS,1,14588.7
50134509,ESCRITORIO EN L CAJONES EMERGE 1500 BL,1,13887.3
50134550,MODAMOB SILLA PLEGABLE VC028,1,912.051
50134555,MESA PLEGABLE GAON PORTAFOLIO 1.80M,1,1446.459
50134714,LIBRERO PUERTA RETRACTIL CON CERRADURA,1,10237.5
50134780,SILLA OPERATIVA CAJERO LACERTA NEGRO,1,8157.429
50134930,ESCRITORIO ESTUDIANTIL CLARE 2,1,2611.98
50135032,GAVETERO MODULAR ECLYPSE 4 NIV BLANCO,1,1052.31
50135033,GAVETERO CROCHET 4 NIVELES SPACE,1,1054.704
50135087,SILLA MULTIUSOS LINEA 40 PM STEELE,1,2021.25
50135420,BANCO REDONDO ALTO CON ARO,1,3383.625
50135441,SILLA EJECUTIVA BRUSELAS,1,3335.882189
50135445,SILLA EJECUTIVA BILBAO,1,3344.481
50135446,SILLA DE OFICINA PALERMO,1,3161.801691
50135447,ESCRITORIO DE TRABAJO ALICANTE,1,4021.71
50135680,SILLA PARA RESTIRADOR BURDEOS,1,3307.5
50135681,SILLA DE OFICINA COLMAR,1,3307.5
50135684,ESCRITORIO EN L LAOS NEGRO SOCKET,1,1877.4
50135766,LOCKER STD 4 PUERTAS VENTILA GRIS,1,3639.3
50135877,MODAMOB MESA PLEGABLE ZLSJ7680,1,718.704
50135895,MESA ACERO INOXIDABLE FERRINOX,1,7601.622
50135896,ANAQUEL ALAMBRE URREA 4 NIV,1,12627.153
50135897,PUPITRE MESABANCO CAL 18,1,4519.83
50135962,BANCO MULTIFUNCIONAL SELECT SHOP,1,903.357
50135980,SILLA EJECUTIVA AOKU ERGONOMICA NEGRA,1,2614.416
50135997,MESA PLEGABLE LIFETIME 183CM PORTAFOLIO,1,2344.734
50136179,LUMOKU JUEGO REPISA FLOTANTE 6PZA,1,957.663
50136182,BANCA LINEA 3 PLAZAS MARBELLA,1,15030.393
50136183,LOCKER TROYA 4 PUERTAS VENTILA GRIS,1,3591
50136561,SET DE 3 ESPEJOS DE PARED TRIANGULAR,1,335.643
50136562,SET DE 3 ESPEJOS DE PARED CIRCULAR,1,487.725
50137016,SILLA ESCRITORIO FURNITURE INFANTIL AZUL,1,1587.831
50137027,LOCKER STD 4 PUERTAS VENTILA ROJO CHAPA,1,6982.5
50137302,BANCO PLEGABLE NEGRO CON RESPALDO,1,1491
50137346,SILLA CARNATION AZUL FURTINURE,1,2351.643
50137349,LOCKER TROYA 2  PUERTAS GRIS,1,4082.4
50137350,LOCKER  ESPECIAL 2 PUERTAS VENTILA GRIS,1,4770.36
50137392,ESTANTE 6 NIV 182 X 106 X 40.6 PLATA,1,5914.839
50137398,RACK ESPIGUERO 15 CHAROLAS ACERO INOX,1,12706.806
50137529,SILLA MULTIUSOS BASE DE ALUMINIO PMS,1,9602.859
50137544,BANCO REDONDO CAJERO CROMADO,1,4280.619
50137643,MESA TRABAJO MADERA MAEMTTES,1,19173.357
50137644,MESA YAM PLEGABLE PORTAFOLIO 180CM,1,1446.48
50137645,ANAQUEL ORG METAL 5 NIV CUORY,1,993.888
50137646,ESTANTE ALMACENAM METAL 5 NIV KACOTA,1,1368.486
50137700,SILLA AURIGA TELA ADISSON BASE ALUMINIO,1,9602.859
50137714,MESA TRABAJO WORKESS 7 NIV,1,9762.606
50137716,SILLA OPERATIVA CORVI ASIENTO TAPIZADO,1,7129.332
50137747,ESTANTERIA ANAQUEL ESQUELETO 937EETV,1,4873.134
50137839,LOCKER 3 PUERTAS VENTILA EN GRIS LL3VG,1,3177.3
50137846,SILLA CROMADA COMEDOR PLASTICO SHELL,1,4407.06
50010638,CINTA DYMO P/ROT 12MM NGO/TRAN,2,429.3695136
50010645,CINTA DYMO P/ROT 12MM NGO/BLA,2,433.6896471
50011569,CINTA BROTHER P/ROT 12MM,2,353.43075
50011573,CINTA BROTHER P/ROT 18MMNE-BLA,2,528.8044433
50011575,CINTA BROTHER P/ROT 12MM NE/BL,2,434.3095676
50024071,CINTA BROTHER P/ROT 12MM BC/NE,2,301.4420592
50024735,CINTA BROTHER P/ROT 12MM NE/TR,2,414.358834
50042517,TRITURADORA ROYAL CX6 6 HOJAS,2,1772.673
50052755,TRITURADORA ROYAL RL70 16H,2,6950.346113
50053921,CINTA DYMO METALICA,2,182.6675657
50053922,CINTA DYMO BLANCA PLASTIFICADA,2,190.6970286
50053923,CINTA DYMO PLASTIFICADA AMARIL,2,182.2349439
50054625,CALCULADORA ROYAL ESCR CE250,2,205.6494602
50055120,CALCULADORA CELICA CA-83BE,2,371.5349167
50055939,Calculadora Royal C00222,2,53.08853655
50057563,CABLE GE P/LINEA TEL FIJA 4.5M,2,104.1103583
50058485,CINTA DYMO BLANCO PERLA PAPEL,2,184.0832948
50065514,CABLE GE EXTENSION USB 6FT,2,107.1504
50065515,CABLE USB 6FT KIT 4ADAPT GE,2,298.4928411
50066799,PRESENTADOR LASER TECHZONE,2,458.178
50068158,TRITURADORA ROYAL SC120 12 HOJ,2,3397.92064
50069318,RODILLO ENTINTADOR CASIO IR40T,2,147.08225
50069535,CABLE HDMI GE 3FT NEGRO,2,150.4079937
50069536,CABLE HDMI GE 6 FT NEGRO,2,184.442096
50069729,SUPRESOR DE PICOS PARED OMX,2,148.7081393
50069774,REGULADOR KOBLENZ BP-1400-I,2,772.5234013
50069993,ETIQUETA DYMO 59X102MM  30256,2,296.1
50070104,CABLE MICRO USB GE 6FT NEGRO,2,135.2400582
50070608,EXTENSION GE 9FT 3 ENTRADAS,2,339.7486348
50070977,REGULADOR KOBLENZ ER-2550,2,1663.945075
50070978,REGULADOR KOBLENZ  RI2502 / RLB-2603 GC,2,2414.976375
50072068,CALCU ROYAL BOLSILLO FLEX,2,132.3
50073384,NO BREAK KOBLENZ 7016USB/R,2,2982.0105
50077022,CALCU CASIO BOLS SL-797TV-GD,2,150.654
50077023,CALCU CASIO BOLSILLO HL-820VA,2,125.5390926
50077025,CALCULADORA CASIO ESCR DX-120S,2,373.9978036
50085892,DESPACHADOR AGUA DE MESA ROYAL,2,1915.870358
50086188,CALCU ROYAL ESCRIT DUAL COLOR,2,167.3315606
50086950,DESPACHADOR DE AGUA,2,3465
50087250,REGULADOR KOBLENZ ER-2000,2,987.3519325
50087252,REGULADOR KOBLENZ ER-2250,2,1269.888515
50088665,EXTENSION GE 8FT 3 CONTACTOS,2,212.73
50089778,CALCULADORA CASIO ESCR GX-120B,2,438.9364652
50089781,CALCULADORA CASIO FX-7400 GRAF,2,1524.728172
50089783,CALCULADORA CASIO ESCR AX-120B,2,339.6329468
50090574,CALCULADORA BOLSILLO 8 DIGITOS,2,38.346
50090575,CALCULADORA BOLSILLO,2,44.34796154
50091741,ROTULADOR BROTHER PTD210,2,1328.802186
50092052,NO BREAK SMARTBITT 500VA/250W,2,1618.575667
50092053,NOBREAK SMARTBITT 750VA/375W MICRO,2,1861.95374
50092679,CALCU CELICA BOLSILLO CA-913,2,145.7945006
50092680,CALCU CELICA BOLSILLO CA-200II,2,166.7463928
50092681,CALCU CELICA ESCR CA-351A,2,263.1179413
50092705,CALCULADORA CELICA ESCR CA-018,2,307.2703004
50092706,CALCULADORA CELICA ESCR CA-289,2,511.1183895
50092707,CALCU CELICA CIENT CA-83 BK,2,376.1082469
50092708,CALCU CELICA CIENTIFICA 401FUN,2,560.8572234
50092961,ROTULADOR BROTHER PT-M95,2,1028.766738
50093278,SUPRESOR PICOS KOBLENZ SS-550,2,381.971973
50093279,SUPRESOR PICOS KOBLENZ SS-2100,2,635.780998
50093511,CABLE GE HDMI SERIE PRO ETHERN,2,476.847
50093697,HORNO DE MICROONDAS WHIRLPOOL,2,4237.8
50095743,CALCU CASIO ESCR MS-20UC NEGRO,2,294.714
50095745,CALCU CASIO ESCR MS-20UC AZUL,2,294.6167089
50095747,CALCU CASIO ESCR MS-20UC ROSA,2,294.714
50095750,CALCU CASIO BOLSILLO SL-310UC,2,216.7309701
50096376,CALCU CASIO MS-120BM,2,309.246
50096707,CALCULADORA CELICA ESCR 12 DIG,2,389.5253158
50097307,CALCULADORA ESC 12 DIG 7806CDE,2,172.2664748
50097422,CALCULADORA CASIO FX-82EX,2,488.964
50097939,CALCULADORA CELICA BOLS 8DIG,2,81.83706402
50099680,NO BREAK KOBLENZ 520VA/240W 6C,2,1980.407261
50099682,SUPRESOR KOBLENZ SS-460J,2,268.4517832
50099691,SUPRESOR KOBLENZ SS-420J,2,200.3584373
50100402,REGULADOR SMARTBITT 1350VA/675,2,600.9590493
50100403,NO BREAK SMARTBITT 600VA/300W,2,1711.096255
50100404,NO BREAK SMARTBITT 1000VA/500W,2,2425.816626
50100473,ROTULADOR BROTHER PT-70BM,2,677.6724779
50100612,CALCULADORA CASIO FX-82MS-2,2,366.074695
50100613,CALCULADORA CASIO FX-991MS-2,2,568.2623046
50100615,SUMADORA  CASIO HR-200RC,2,1366.121362
50101345,PRESENTADOR LASER TECHZONE NGO,2,594.3
50101346,PUERTO USB TECHZONE,2,126.7981193
50101375,AUDIFONOS BILLBOARD C/MIC BL,2,128.268
50101551,BOCINA BILLBOARD BT NGO BB742,2,740.166
50101554,AUDIFONOS BILLBOARD C/MIC NGO,2,128.268
50102198,SUMADORA ROYAL PRINT 44 12 DIG,2,1879.304153
50103049,REGULADOR FORZA 1200VA/600WN,2,702.1833
50103050,REGULADOR FORZA 2200VA/1100W,2,1055.462092
50103054,NO BREAK FORZA 750VA/375W 6 E,2,2411.199843
50103056,NO BREAK FORZA 1000VA/500W 6 E,2,3368.241257
50103059,REGULADOR FORZA 900VA 8 ENTRAD,2,542.3905227
50103738,SUMADORA CASIO HR-10RC-BK,2,812.756875
50104295,AUDIFONOS GINGA BLUETOOTH NGR,2,184.8
50105058,MINI COMPONENTE LG CK-43,2,6837.247021
50105455,CALCULADORA CASIO FX-991LAPLUS,2,712.3647929
50106436,CARGADOR DE PARED DBUGG USB,2,107.0949443
50106437,CABLE 3 EN 1 DBUGG,2,102.1681277
50106438,CABLE MICRO USB DBUGG BLANCO,2,104.797
50106439,CABLE MICRO USB DBUGG NEGRO,2,106.47
50106440,CABLE LIGTHING DBUGG BLANCO,2,107.0970967
50106441,CABLE LIGTHING DBUGG NEGRO,2,107.0766667
50106445,CABLE TIPO C DBUGG BLANCO,2,107.0973673
50106446,CABLE TIPO C DBUGG NEGRO,2,107.0971895
50106447,CABLE TIPOC-TIPOC DBUGG BLANCO,2,106.984235
50106448,CABLE TIPOC-TIPOC DBUGG NEGRO,2,103.1736942
50108709,NO BREAK KOBLENZ 7522 750VA,2,3171.683882
50108710,NO BREAK KOBLENZ 9022 900VA,2,4042.227222
50109445,AUDIFONOS MOTOROLA PACE 105 BK,2,222.579
50109446,AUDIFONOS MOTOROLA PACE 105 RD,2,200.8125
50109447,AUDIFONOS MOTOROLA PACE 105 WH,2,222.5522837
50109591,TRITURADORA ROYAL ST80X,2,2235.602543
50109659,REGULADOR SMARTBITT 1200V/600W,2,498.6870748
50109671,TELEFONO MODERNPHONE TC-8300,2,569.1
50110385,CARGADOR DE PARED TIPOC / USB,2,469.518
50110386,AUDIFONO INALAMBRICO BT BLANCO,2,469.518
50110421,REGULADOR KOBLENZ RS-1410 700W,2,722.1110157
50111043,GOOGLE CHROMECAST 3RD GEN NEGR,2,1346.1
50111519,ADAPTADOR 2 PUERTOS GENERICO,2,126.042
50111677,CALCULADORA DE BOLSILLO MAE,2,38.61621831
50111696,CALCULADORA CIENTIFICA 10 DIG,2,88.053
50111708,MULTICONTACTOS PARA ESCRITORIO,2,1139.25
50111875,DISPENSADOR DE AGUA ROYAL,2,4307.1
50112127,CARGADOR DE PARED MOBO ULTRA,2,705.6
50112146,DISPOSITIVO CLIP PLUS 2,2,317.1050125
50112147,TERMINAL P TARJETAS CLIP TOTAL,2,4640.176591
50112504,CABLE KINTONE PARA TIPO C,2,163.569
50112505,CABLE KINTONE PARA MICRO USB,2,163.569
50112507,ADAPTADOR LEOPARD HUB TIPO C,2,1172.712238
50112508,CABLE KINTONE PARA LIGHTNING,2,163.569
50112563,SUMADORA CASIO FR-2650RC,2,1550.007427
50113482,BATERIA PORTATIL 148N 8V NGR,2,379.092
50113543,"PANTALLA  JVC SI32R 32 ""ROKU",2,7427.532
50113601,BATERIA PORTATIL 8V NEGRO,2,820.743
50113901,CALCULADORA CASIO 8 DIGITOS,2,62.118
50113986,"TV SAMSUNG LED 43""T5300 SMART",2,0.021
50114246,CLIP PRO 2,2,2399.461395
50114902,CLIP BOX,2,2834.78825
50114903,CLIP STAND TABLET,2,6515.79354
50114904,CLIP PRINTER,2,2170.959247
50115033,AUDIFONOS D-BUGG NEGRO,2,140.112
50115035,AUDIFONOS D-BUGG BLANCO,2,140.112
50115077,AUDIFONOS IN-EAR STF STEREO,2,57.03201412
50115080,AUDIF IN-EAR STF INALAM GRIS,2,0.021
50115083,CABLE HDMI ETHERNET 16FT NEGRO,2,252
50115132,MINI TECLADO CASIO SA-76,2,3963.33
50115137,TECLADO CASIO TONE CT-S1,2,11496.177
50115220,SUPRESOR BESTEK MRJ2004-BK,2,1084.84425
50115226,UPS INTERAC ABLEREX AB-ES1200,2,2578.38
50115229,BATERIA PORTATIL CON LINTERNA,2,379.092
50115230,CABLE 1HORA TIPO C NEGRO,2,140.112
50115234,CABLE 1HORA TIPO C ROJO,2,0.021
50115237,CABLE MAG TIPOC 3 PUNTAS NEGRO,2,140.112
50115239,CABLE 3 EN 1 1HR 2.1A ROJO,2,85.806
50115240,CABLE 3 EN 1 1HR 2.1 A NEGRO,2,85.806
50115241,CABLE MAG TIPOC 3PUNTAS ROJO,2,140.112
50115243,SOPORTE C/CARGADOR INALAMBRICO,2,323.6998294
50115244,TURBO CARGADOR 1HR TIPO C 3A,2,161.847
50115245,TURBO CARGADOR 1HR TIPO C 20W,2,237.888
50115246,CARGADOR PARA AUTO 1HORA 2.1 A,2,85.806
50115247,AUDIFONO TWS 1HR ROSA MICRO BT,2,378.903
50115248,AUDIFONO TWS 1HR AZUL MICRO BT,2,378.903
50115249,AUDIFONO IN-EAR 1HR NEGRO BTTO,2,574.602
50115250,AUDIFONO TWS 1HR NGR MICRO BT,2,378.903
50115251,AUDIFONO TWS 1HR BLCO MICRO BT,2,378.903
50115252,AUDIFONO TWS 1HR MORADO BT,2,378.903
50115253,AUDIFONO IN-EAR 1HR BLCO BT,2,574.602
50115254,AUDIFONO TWS AZUL M MICRO BT,2,378.903
50115255,AUDIFONO TWS 1HR ROJO MICRO BT,2,324.6974853
50115269,TURBO CARGADOR TIPOC A IP,2,237.888
50115362,AUDIFONOS YAMAHA TWS E3BGY,2,2343.6
50115364,AUDIFONOS YAMAHA TWS E3BBL NEG,2,2343.6
50115386,CABLE GENERICO PARA CARGADOR,2,168
50115594,AUDIFONOS BUDDY  BLUETOOTH BL,2,722.9775
50115597,AUDIFONOS BUDDY BLUETOOTH VE,2,722.988
50115599,AUDIFONOS BUDDY BLUETOOTH AM,2,722.9803636
50116033,AUDIFONOS PROBUDS BLANCO,2,411.6
50116061,MICROFONO USB TRUST NEGRO,2,1348.536
50116076,MINI HUB TRUST 4P USB,2,258.3
50116239,REFRIGERADOR HISENSE 7P,2,9597
50116409,"PANTALLA DAEWOO 32"" SMART ROKU",2,5598.917625
50116466,NOBREAK KOBLENZ 750VA 450W 6C,2,2331
50116485,"SMART TV JVC 32""",2,6176.058
50116571,BOCINA BITTYBOMMER CHILD,2,634.2
50116572,BOCINA BITTYBOMMER  ALIEN I,2,634.2
50116574,BOCINA BITTYBOMMER CHILD F,2,634.2
50116575,BOCINA BITTYBOMMER CHEWY,2,634.2
50116577,BOCINA BITTYBOMMER MICKEY,2,634.2
50116578,BOCINA BITTYBOMMER OLAF,2,634.2
50116599,BOCINA BITTYBOMMER GROOT,2,634.2
50116647,BOCINA KLIPSCH 2.1 NG,2,4136.509054
50116940,BOCINA GAMING BYTECH,2,541.737
50116957,FRIGOBAR HISENSE 4.2P SILVER,2,7004.701308
50117974,AUDIFONOS STUK DIAMANTE BCO,2,255.36
50117978,AUDIFONOS STUK ALAMBRICOS NGR,2,202.167
50117984,ADAPTADOR HUB STUK 6 PUERTOS,2,129.003
50117988,AUDIFONOS INALAMBRICOS STUK,2,306.936
50118016,BARRA DE SONIDO YAMAHA YAS-109,2,6351.052482
50118047,AUDIFONOS DIAMANTE NG STUK,2,255.36
50118071,TRUE WIRELESS SOUNBITT NEGRO,2,417.9
50118074,AUDIFONOS SOUNDBITT NEGRO,2,732.9
50118433,AUDIFONOS ALAMBRICOS GAMING BL,2,651
50118778,ROTULADOR ELECTR BROTHER PTD410,2,1950.291
50119435,BOCINA MINI BLUETOOH SPEAKER NE,2,253.68
50119436,BOCINA MINI BLUETOOH SPEAKER BL,2,253.68
50119437,BOCINA MINI BLUETOOH SPEAKER RO,2,253.68
50119438,BOCINA MINI BLUETOOH SPEAKER TU,2,253.68
50119439,BOCINA CUBO BLUETOOH SPEAKER NE,2,528.15
50119462,AUDIFONO DIADEMA CALL CENTER 3.5 NEGRO,2,220.5
50119464,AUDIFONO ALAMBRICO 3.5 AZUL STYLOS,2,123.9
50119465,AUDIFONO ALAMBRICOS 3.5 ROJO STYLOS,2,123.9
50119469,CABLE HDMI 2MTS EN BOLSA STYLOS,2,142.8
50119470,ADAPTADOR HUB 3 EN 1 HDMI USB Y C STYLOS,2,424.2
50119471,UGREEN HUB 4 EN 1 USB 50985,2,214.2
50119881,MICROFONO PARA ESCRITORIO VINTAGE,2,469.518
50119960,CABLE V8 1M 21A CJ,2,30.06153992
50119961,CABLE TIPO C 1M 21A CJ,2,33.7866
50119962,CABLE IP 1M 21A CJ,2,24.84975
50119969,CABLE V8 2M 21A BL,2,50.7752
50119970,CABLE TIPO C 2M 21A BL,2,54.6
50119971,CABLE IP 2M 21A BL,2,54.6
50119973,CABLE C A C 3A,2,43.97637097
50119975,CARGADOR INALAMBRICO CARGA RAPIDA QC 30,2,199.0227273
50119976,CARGADOR PORTATIL MINI 5000MAH 21A,2,278.0909091
50119977,COMBO CARGADOR USB/V8 BL 24A,2,93.982
50119978,COMBO CARGADOR USB/TIPO C BL 24A,2,102.9
50119979,COMBO CARGADOR USB/IP BL 24A,2,84.8925
50119980,AUDIFONOS MANOS LIBRES 35MM,2,70.305375
50119981,AUDIFONOS MANOS LIBRES 35MM EXTRA BASS,2,45.2025
50119982,AUDIFONOS INALAMBRICO NEGRO 1HORA,2,337.3131
50119983,AUDIFONOS INALAMBRICO BLANCO 1HORA,2,352.9143614
50119984,AUDIFONOS INALAMBRICO WIRELESS NEGRO,2,319.1821957
50119985,AUDIFONOS INALAMBRICO WIRELESS BLANCO,2,334.4415968
50120252,TRITURADORA MARCA ROYAL 5 HOJAS,2,1253.7
50120253,DISPENSADOR DE AGUA PORTATIL,2,315
50120254,TRITURADORA HP CON DEPOSITO DE 100 HOJAS,2,5229
50120539,PLOTTER DE CORTE SCANNCUT SDX 125,2,11539.416
50121013,AUDIFONOS TRUE YAMAHA INALAMBRICO NEGR,2,1772.4
50121014,AUDIFONOS TRUE YAMAHA INALAMBRICO GRIS,2,1772.4
50121015,AUDIFONOS TRUE YAMAHA INALAMBRICO AZUL,2,1772.4
50121361,CALCULADORA CIENTIFICA 10DIG MAE MCC56,2,79.485
50121381,BOCINA INALAMBRICA BARRA,2,470.4
50121382,BOCINA INALAMBRICA CILINDRICA NEGRA,2,372.2501563
50121383,BOCINA INALAMBRICA CILINDRICA ROJA,2,376.5603333
50121384,BOCINA INALAMBRICA PORTATIL NEGRA,2,291.4434783
50121385,BOCINA INALAMBRICA PORTATIL ROJA,2,291.06
50121386,CABLE V8 NEGRO 2.1A 1M,2,26.29222584
50121387,CABLE TIPO C NEGRO 2.1A 1M,2,27.71354197
50121390,CALCULADORA CIENTIFICA FX82CW 290 FUNC,2,514.08
50121391,CALCULADORA CIENTIFICA 540 FUNCIONES,2,791.616
50121434,CABLE IP BLANCO 2.1A 1M,2,27.6362077
50121540,"""PANTALLA DE 32"""" SMART ROKU TV""",2,3059.119
50121576,CALCULADORA CIENTIFICA DE 401 FUNCIONES,2,277.2
50121577,CALCULADORA CIENTIFICA DE 401 FUNCIONES,2,312.6333303
50121578,PACK CALCULADORA ESCRITORIO Y BASICA,2,254.1
50121737,LECTOR CLIP MINI,2,90.51
50121796,CALCULADORA CIENTIFICA VERDE,2,226.296
50121797,CALCULADORA CIENTIFICA NARANJA,2,226.296
50121798,CALCULADORA CIENTIFICA VIOLETA,2,226.296
50121826,AUDIFONOS MINI BIT TWS INALAMBRICOS GRIS,2,505.638
50121827,AUDIFONOS MINI BIT TWS FUCSIA,2,505.638
50121828,AUDIFONOS MINI BIT TWS  AQUA BLUE,2,505.638
50121829,AUDIFONOS  TWS INALAMBRICOS NEGRO,2,632.352
50121830,AUDIFONOS EARBUDS TWS INALAMBRICOS OLIVO,2,632.352
50121831,AUDIFONOS EARBUDS TWS INALAMBRICOS VINO,2,632.352
50121832,AUDIFONOS EARBUDS TWS INALAMBRICOS NEGRO,2,632.352
50121833,AUDIFONOS AVANT TWS INALAMBRICOS BLANCO,2,315.546
50121834,AUDIFONOS AVANT TWS INALAMBRICOS AZUL,2,315.546
50121835,AURUM AUDIFONO OVER EAR INALAMBRICO ROSA,2,505.638
50121840,DIADEMA DE COMPUTO COREHEADSET MICROFONO,2,252.189
50121845,BAFLE BOCINA INALAMBRICO LED MULTICOLOR,2,1139.25
50121846,BOCINA INALAMBRICA LUMO DOT CON LUZ LED,2,505.638
50121847,BOCINA CARBONO INALAMBRICA CON LUZ LED,2,1012.536
50121848,BOCINA NITRO INALAMBRICA 6.5IN,2,568.995
50121849,BOCINA BIX 3IN INALAMBRICA CON LUZ LED,2,315.546
50122016,CARGADOR 20W D-BUGG,2,434.7
50122055,TV SMART GHIA ANDROID CERTIFIED 40 PULG,2,6298.425
50122056,TV SMART GHIA ANDROID CERTIFIED 55PUL 4K,2,12283.425
50122057,MINI BARRA DE SONIDO PORTATIL2.0 20W RMS,2,1012.536
50122103,ADAPTADOR CONVERTIDOR USB 3.1 TIPO C,2,430.5
50122318,CALCULADORA DE ESCRITORIO MS-20UC NGRO,2,294.714
50122319,CALCULADORA DE ESCRITORIO MS-20UC  AZUL,2,294.714
50122320,CALCULADORA DE ESCRITORIO MS-20UC ROSA,2,294.714
50122342,MICROFONO CARDIODE,2,630
50123067,PANTALLA TCL 32P ANDROID TV HD 32A345,2,4817.729
50123912,SMART TV TCL 32 HD 32A341 SMART ANDROID,2,2006.924379
50124130,BARRA DE SONIDO YAMAHA SRC30A 2.1CANALES,2,2770.726957
50124818,ROTULADORA LETRATAG DYMO 100T,2,1341.9
50124819,ROTULADORA LETRATAG DYMO 200B,2,1524.6
50124820,ROTULADORA LETRATAG DYMO 100H,2,1341.9
50125011,FREIDORA DE AIRE RCA 3.5 LITROS,2,1627.5
50125391,"""HISENSE SMART TV LED 75"""" 4K ULTRA HD""",2,26518.842
50125392,"""SOPORTE DE PARED PARA PANTALLA 55-85""""""",2,2940.063
50125417,REGULADOR AUTO DE VOLTAJE 1200VA/600W,2,704.76
50125418,EXTENSION 36824 P EXTERIORES 4.5M NEGRO,2,457.8
50125419,EXTENSION CORDINATE 2.4M MENTA/BLNCO,2,269.43
50125420,EXTENSION CORDINATE 39984 2.4M NGR/BLNCO,2,269.43
50125421,EXTENSION 51947 GE BLANCA 2.7M,2,235.2614151
50125422,Hub USB C a 4 USB 3.0 UGREEN,2,194.67
50125423,Adptador p audifonos lightning Mac,2,289.653
50125426,ADAPTADOR USB C A HDMI UGREEN,2,371.112
50125427,CABLE USB TIPO C A 3.5MM HEMBRA UGREEN,2,155.841
50125429,CALCULADORA CASIO FX-7400GIII-W-DT,2,1540.98
50125431,TELEVISOR TCL SMART HD ANDROID,2,3303.848172
50125669,DRONE DJI MAVIC 3 MULTIESPECTRAL (E UNI),2,222064.899
50125670,DSSQXCY-128G-GN6MA-SANDISK EXTREME PRO,2,1472.793
50125671,KIT DE 3 BATERIAS Y CARGADOR PARA MAVIC3,2,30261.042
50125679,MOTOROLA DEP450 UHF 403 470 MHZ DIGITAL,2,12390.924
50125680,AURICULAR DE TUBO MOTOROLA DEP450 MEGONE,2,1176.063
50125682,PTT MIC cable,2,774.9
50125859,NO BREAK  KOBLENZ 7616 USB R 75 MIN,2,2576.7
50126150,CAMARA DE SEGURIDAD WIFI HD,2,551.88
50126371,TELEVISOR PANTALLA SMART 32 HD ROKU  TCL,2,2223.97906
50127090,CABLE USB  A TIPO C 3A,2,125.454
50127091,CABLE TIPO C A TIPO C 3A,2,112.791
50127092,CABLE USB  A LIGHTNING 2A,2,100.107
50127093,CABLE TIPO C  LIGHTNING 3A,2,163.464
50127094,CABLE 3 EN 1 USB MICRO USB C LIGHTNING,2,130.7357809
50127903,ROTULADOR ELECTRONICO BROTHER PT-D610BT,2,4614.834
50127904,CINTA ROTULADOR BROTHER TZE251 24MM N/B,2,584.0231923
50127905,CINTA ROTULADOR BROTHER TZE741 18MM N/V,2,402.5327647
50127906,CINTA ROTULADOR BROTHER TZE441 18MM N/R,2,530.3237692
50127907,CINTA ROTULADOR BROTHER TZE243 18MM A/B,2,544.57704
50127908,CINTA P/ROTULADOR BROTHER M931  12MM N/P,2,353.556
50127909,CINTA P/ROTULADOR BROTHER M921 9MM N/P,2,245.6336763
50127910,CINTA P/ROTULADOR BROTHER M831 12MM N/D,2,251.7307917
50128262,CAFETERA DE 45 TAZAS HAMILTON BEACH,2,2314.2
50128263,FRIGOBAR MIDEA 4 PIES RETRO LOOK NEGRO,2,6535.2
50128370,EXTENSION ELECTRICA DOMESTICA 2 MTS,2,52.143
50128371,EXTENSION ELECTRICA DOMESTICA 3 MTS,2,59.745
50128372,EXTENSION ELECTRICA DOMESTICA 5 MTS,2,81.459
50128373,EXTENSION ELECTRICA DOMESTICA 8 MTS,2,104.286
50128374,EXTENSION ELECTRICA USO RUDO 2 MTS,2,63
50128375,EXTENSION ELECTRICA USO RUDO 3 MTS,2,79.044
50128376,EXTENSION ELECTRICA USO RUDO 5 MTS,2,112.959
50128377,EXTENSION ELECTRICA USO RUDO 8 MTS,2,156.408
50128404,AUDIFONOS BT INALAMBRICOS HD DE DIADEMA,2,340.074
50128405,AUDIFONOS BT INALAMBRICOSDIADEMA BLANC,2,916.671
50128407,AUDIFONOS INALAMBRICOS DE DIADEMA ANC,2,944.511
50128409,AUDIFONOS OFFICE WIRELESS,2,965.188875
50128410,Audifonos Over Ear,2,340.074
50128412,Headphones BT K1 Redlemon Blanca,2,516.579
50128413,Humidificador con luz 100ml,2,363.615
50128414,Lampara de luna pequena,2,316.533
50128417,PowerBank 10 000 Mah  Carga Rapida,2,375.375
50128420,SerieLuces Vintage 25 Focos Luz Calida,2,422.436
50128697,FRIGOBAR HISENSE RT31D6AGX1 3.1 P3,2,7602
50128718,TERMINAL PARA TARJETAS CLIP TOTAL 2,2,3018.335224
50128822,VENTILADOR TFAL DE TORRE EOLE INFINITE,2,3108
50128951,HUMIDIFICADOR Y DIFUSOR DE ACEITES,2,593.775
50129100,CAFETERA DE GOTEO KOBLENZ 15 TAZAS 1.8 L,2,1317.4
50129119,SMART TV SHARP 40IN FULL HDÂ Â ,2,7284.9
50129120,SMART TV HISENSE 85IN 4K ULTRA HDÂ ,2,39555.6
50129122,CAFETERA ESPRESSO KOBLENZ CKM-650 EIN,2,1518.3
50129123,HERVIDORA DE AGUA KOBLENZ TEKM-1500 IN,2,821.1
50129124,SANDWICHERA DOBLE KOBLENZ SKM-900 NI,2,1012.2
50129126,ASPIRADORA 3 EN 1 KOBLENZ SVM-155,2,1772.4
50129127,ASPIRADORA MANUAL KOBLENZ HV-120 KG3 A,2,1012.2
50129129,SUPRESOR KOBLENZ SS-15008 I,2,1201.2
50129131,ASPIRADORA SECO MOJADO KOBLENZ WD-6 L212,2,2404.5
50129132,NO BREAK KOBLENZ  15007,2,8679.3
50129180,SUPRESOR PICOS KOBLENZ SS-2000 AC,2,762.3
50129257,SOPORTE D PARED PARA TV D LED LCD 32 55,2,450.765
50129258,SOPORTE DE TV 42 PULGADAS A 90 PULGADAS,2,953.862
50129405,CALCULADORA  SEMI ESCRITORIO 10DIG NEGRO,2,216.741
50129855,MICROONDAS WHIRLPOOL WM-2514D 1.4P3 SILV,2,6629.7
50129919,AUDIFONOS NEXTEP BUDS BLUETOOTH  BLANCO,2,364.1988644
50129920,AUDIFONOS NEXTEP BUDS BLUETOOTH  NEGRO,2,364.1726959
50130263,AUDIFONOS DJ ULTRA BASS TECHZONE,2,291.9
50130264,BOCINA HOURS BLUETOOTH PORTATIL TECHZONE,2,341.082
50130388,TELEVISION SAMSUNG SMART 4K,2,23992.5
50130448,TV SMART LED LG 32LR650PSA,2,7034.36971
50130456,MICROONDAS PANASONIC NN-SB636WRUH 1.3 BC,2,4846.296
50130457,MICROONDAS PANASONIC NN-SB636BRUH 1.3 NG,2,4387.068
50130458,MICROONDAS PANSONIC NN-SB646SRUH 1.3P3,2,5639.925
50130459,MICROONDAS PANASONIC NN-ST965SRPH 2.2P3,2,9625.602
50130460,MICROONDAS PANASONIC NN-SD985RPH 2.2,2,10910.949
50130464,CAFETERA B&D CM0916B 12 TAZAS NEG,2,1297.842
50130465,CAFETERA B&D CM-1110B PROGRAM 12 TAZAS,2,1450.6065
50130466,CAFETERA TAURUS COFFEEMAX 6 TAZAS,2,567.4284
50130469,PERCOLADOR TAURUS COLUMBA 40 TAZAS ACERO,2,1381.17
50130473,CAFETERA T-FAL CM1408MX 12 TAZAS NEGRA,2,833.7
50130474,DISP DE AGUA WHIRLPOOL WK0260B NG HIELOS,2,13642.755
50130476,ENFR DE AGUA WHIRLPOOL WK5012Q BLANCO,2,7051.3772
50130478,DISPENSADOR DE AGUA AURUS AWD21FSW BC,2,5468.337
50130480,AUDIFONOS WIRELESS NEGROS,2,374.64
50130481,BOCINA RESISTENTE AL AGUA,2,716.688
50130482,AUDIFONOS IN EAR COLORES VARIOS,2,257.355
50130541,CARGADOR DE PARED ENCHUFES 2 USB,2,240.051
50130542,CARGADOR DE PARED ENCHUFES 3 USB,2,274.3319911
50130543,AUDIFONOS IN EAR STEREO HI-FI GRAY,2,173.145
50130544,AUDIFONOS WATERPROOF BLUETOOTH,2,346.29
50130548,AUDIFONOS SPORT WIRELESS MAGNETICO,2,116.1018042
50130550,CABLE HDMI DEFINICION 4K,2,115.437
50130551,CARGADOR DE PARED USB,2,86.583
50130552,CABLE USB-LIGHTNING 1.8M NYLON,2,216.447
50130553,CABLE USB-USB C 1.8M NYLON,2,115.437
50130554,BOCINA VINTAGE INALAMBRICA RECARGABLE FM,2,438.984
50130555,AUDIFONOS IN EAR WIRELESS NEON,2,292.425
50130556,AUDIFONOS ON EAR WIRELESS ACOUSTIC,2,278.502
50130557,MANOS LIBRES INALAMBRICO MONO RECARGABLE,2,351.204
50130558,BARRA DE SONIDO WIRELESS RECARGABLE,2,512.169
50130559,AUDIFONOS IN EAR TOUCH DISPLAY WIRELESS,2,292.656
50130560,AUDIFONOS EARBUDS WIRELESS CANCEL RUIDO,2,396.858
50130563,CABLE LIGHTNING 1.8M NEGRO,2,175.602
50130564,CARGADOR DE AUTO 2 EN 1,2,87.801
50130565,CABLE USB TIPO C 1M,2,35.112
50130566,CABLE USB - C REFORZADO 1.8M,2,102.438
50130567,CABLE LIGHTNING REFORZADO 1.8M,2,234.129
50130639,AUDIFONOS MISIK BLUETOOTH COLOR NEGRO,2,640.5
50130640,BOCINA MISIK DISCO CONEXION BLUETOOTH,2,667.8
50130641,PLANCHA DE VAPOR OSTER ROJO,2,779.1
50130642,COLCHON DE AIRE COLEMAN S BOMBA,2,829.5
50130643,PROCESADOR ALIMENTOS BD NEGRO,2,743.4
50130644,BATIDORA DE INMERSION BD NEGRO,2,806.4
50130645,EXPRIMIDOR DE CITRICOS BD  BLANCO,2,678.3
50130646,PLANCHA BD VINO,2,506.1
50130647,SANDWICHERA BD BLANCO,2,714
50130649,VENTILADOR TAURUS DE PISO,2,588
50130650,LICUADORA TAURUS,2,615.3
50130652,WAFFLERA TAURUS BELGICA,2,487.2
50130653,PARRILLA ELECTRICA TAURUS ALFA DUO,2,487.2
50130657,CREPERA EKCO 28 CM ESENCIAL NEGRO,2,588
50130659,OLLA EXPRESS EKCO ALUMINIO,2,1171.8
50130660,JGO DE COCINA ECKO 5 PZS ROJO,2,749.7
50130661,ALMOHADA 2 PACK POSTURE COMFORT 4,2,564.9
50130662,BATIDORA OSTERIZER MANUAL,2,1014.3
50130665,VENTILADOR DE PEDESTAL TAURUS PRACTIKA,2,896.42
50130666,VAJILLA SANTA ANITA MAUVE 16 PZAS,2,1066.8
50130667,VAPORERA VASCONIA 45CM,2,1497.3
50130686,HISENSE SMART TV 43 PULG FULLHD,2,8830.5
50130715,MICROONDAS WHIRPOOL WM1807B NEGRO,2,3809.73075
50130716,MICROONDAS WHIRPOOL WM1807D SILVER,2,3246.088829
50130718,BOCINA MISIK MS239 BTH RADIO RELOJ LED,2,722.4
50130720,PLANCHA BD IRBD100 VAPOR Y ROCIO,2,495.6
50130721,SANDWICHERA TAURUS PERFECT TAN BCO,2,625.8
50130722,CUCHILLOS TRAMONTINA 23498072 PLENUS 6PZ,2,510.3
50130739,TOSTADOR TAURUS LEONIS BCO 2 REBANADAS,2,392.7
50130751,MICROONDAS AURUS MOD AMP07GS ESPEJO,2,2333.1
50130831,Microfonos Rf Inalambricos Negro WR810,2,3964.674
50130846,MICROONDAS WINIA KOS1N3MSSA 1 1p3,2,3397.8
50131107,DONKER BAFLE 15 PULG 25000 W PMPO,2,2912.847
50131173,CABLE HDMI NEXTEP REFORZADO 3 METROS,2,75.411
50131299,REGALO PACK 3 CINTAS DECORATIVAS BROTH,2,0.021
50131326,MINICOMPONENTE LG XBOOM RNC9,2,15769.95
50131327,DIADEMA CON MICROFONO LOGITECH USB NEGRO,2,1539.09
50131349,TV SMART QUARONI NETFLIX 4K 50P Q50N24,2,9542.337
50131351,TV SMART QUARONI WHALE FHD 40P Q40W24,2,6219.08
50131352,TV SMART QUARONI WHALE HD 32P Q32W24,2,4630.395
50131357,PANTALLA LG 65UR781C0SB 65 PULG 4K UHD,2,21978.012
50131358,SOPORTE MANHATTAN PARED PANTALLA 70 PULG,2,792.918
50131359,TV SMART LED LG 4K 43UR7800PSB,2,13093.9182
50131360,TV SMART LED LG 4K 55UR7800PSB,2,13616.4
50131363,TV  SMART VIDAA HISENSE 4K 50A6NV,2,12596.514
50131458,RADIOS DE 2 VIAS AMATEUR 3WATTS STEREN,2,1820.508
50131459,MANOS LIBRES RADIOS STEREN 510 530 630,2,348.0237564
50131472,OVALTECH SOPORTE DE PARED OVTVF3270,2,472.5
50131473,SANSUI SMART TV LED SMX65VAUG 65 PULG,2,16440.9
50131475,DISPENSADOR AGUA AURUS AWD21BLG SILVER,2,6860.658
50131478,MICROONDAS AURUS AMP11GS 1.1P3 SILVER,2,3953.796
50131480,MICROONDAS AURUS ACERO AMP14SS 1.4P3,2,3735.9
50131483,MICROONDAS WINIA KOS-63MSSA .7p3 PL,2,2555.238
50131484,MICROONDAS WINIA KOS-63MHSA.7p3 PL,2,3027.1815
50131504,AUDIFONO AURUM ON EAR NEGRO,2,505.638
50131505,AUDIFONO AURUM ON EAR AZUL,2,505.638
50131506,AUDIFONO PRIME IN EAR GRIS,2,150.801
50131507,AUDIFONO PRIME IN EAR AZUL,2,150.801
50131508,AUDIFONO PRIME IN EAR TINTO,2,150.801
50131510,CABLE 4 EN 2 100 W,2,223.356
50131511,BATERIA 5000 MAH,2,391.713
50131512,CARGADOR PARED 1 SALIDA 3A+ CABLE 2EN1,2,447.846
50131522,TOSTADOR HKM-1000 KOBLENZ,2,1514.289
50131523,MICROONDAS LG NEOCHEF 0.7 PIES,2,3890.418
50131524,LG SMART TV LED AI THINQ UR78 55 PULG,2,15871.324
50131525,LG SMART TV LED AI THINQ UR8750 86 PULG,2,38518.347
50131574,FRIGOBAR HISENSE SILVER RR33D6AGX1,2,6924.6135
50131576,SMART TV SAMSUNG 4K UN55DU7010FXZX,2,18326.637
50131583,FRIGOBAR WHIRLPOOL SILVER WUC2205DÂ 5P3,2,12005.679
50131585,REFRIGERADOR AURUS ARU07WW 7P3 BLANCO,2,9278.724
50131586,REFRIGERADOR AURUS ARU07WS 7P3 ACERO,2,8768.109
50131588,FRIGOBAR MIDEA SILVER MDRD86FGM50 2P3,2,5501.853
50131590,FRIGOBAR MIDEA SILVER MDRT87CCDLS 2PTS,2,7502.46
50131617,SAMSUNG REFRIGERADOR SIDE BY SIDE 28FT,2,42312.9
50131620,BAFLE AUDIOBOX ABX82S 1100W PMPO USB,2,1572.9
50131667,CAFETERA PRECOLADOR 100TZ 15L SHORBULL,2,5997.6
50131779,JABRA AUDIFONOS EVOLVE 20UC  USB,2,1607.466
50131780,VENTILADOR 3 EN 1  MARTE 18PULG,2,1709.4
50132261,CINTA BROTHER TZE211 NEG BLANCO 6MMX8M,2,467.838
50132262,CINTA BROTHER TZE421 NEG EN ROJO 9MMx8M,2,585.501
50132263,STEREN ALARMA HUMO CON ZUMBADOR,2,450.765
50132264,STEREN LAMPARA LED EMERGENCIA,2,541.275
50132383,AUDIFONOS INALAM PURE STF NEGRO,2,378.903
50132384,AUDIFONOS INALAM PURE STF ROSA,2,378.903
50132385,AUDIFONOS INALAM ESSENTIAL STF NG,2,505.638
50132386,AUDIFONOS INALAM ESSENTIAL STF AZ,2,505.638
50132387,AUDIFONOS INALAM ESSENTIAL STF BN,2,505.638
50132795,VENTILADOR DE TORRE MIDEA MTF18TR 4 NG,2,2796.6
50132798,VENTILADOR DE PEDESTAL MYTEK 3404 18,2,1308.888
50132806,VENTILADOR MYTEK MY-3385 20 PISO,2,2056.362
50132808,VENTILADOR MYTEK MY-3126 18 TECHO,2,2219.7
50132809,VENTILADOR MYTEK MY-3430 TORRE,2,2482.893
50132810,VENTILADOR NAVIA TURBO CFN-2020 PISO,2,1425.9
50132819,VENTILADOR NAVIA PISO VORTEX FORZA,2,1578.024
50132820,VENTILADOR NAVIA TECHO MET SATURNO,2,2494.6425
50132821,VENTILADOR PERSO NAVIA MIO-CEN-1010 NG,2,1143.681
50132828,VENTILADOR TAURUS DE PARED BOLT,2,973.959
50133011,AUDIFONOS DE STITCH GAIRET,2,53.214
50133013,ANILLO PARA CELULAR STITCH GAIRET,2,31.5
50133015,COMECABLE STITCH 1 PIEZA STITCH GAIRET,2,21
50133016,ORGANIZADOR DE CABLES STITCH GAIRET,2,31.5
50133042,CALCULADORA CIENT CASIO FX-991CW-PK RS,2,791.616
50133109,UGREEN CABLE USB A MACHO USB A HEMBRA 3M,2,387.408
50133110,UGREEN CABLE HDMIA MACHO HDMI A HEMBRA1M,2,210
50133111,LG REFRIGERADOR LT57BPSX 20P AINOXIDABLE,2,25252.5
50133112,PARRILLA ELECTRICA PEKM2000 QUEMADOR BCO,2,713.286
50133117,AUDIFONOS STITCH EN BOLSA METAL GAIRET,2,41.58
50133217,AUDIFONOS ALAM USB REDLEMON 83410-Bl,2,706.041
50133238,SOPORTE PARA TV BRAZO MOV REDLEMON,2,1214.7996
50133251,MYTEK VENTILADOR 3341 30PULG,2,10948.98
50133295,SAMSUNG SMART TV DU7000 43 PULG 4K,2,11386.704
50133299,AIWA BAFLE BLUETOOTH INALAMBRICO30W NG,2,5211.99
50133414,MICROFONO INALAMBRICO PHENYX PRO PTU71,2,6979.35
50133415,SISTEMA AUDIOBAHN ULTRA 15,2,9226.224
50133417,MICROFONO DJI CON ESTUCHE DE CARGA,2,9376.269
50134076,SAMSUNG SMART TVQLED Q65D 55 4KULTRA HD,2,19551.714
50134079,HAMILTONBEACH MAQUINA HIELO  2LT NG PL,2,8126.643
50134261,MINI LINTERNA LUZ UV 365 NM RECARGABLE,2,360.255
50134323,SOPORTE MNT. 10KG DOS PANT. 10-32 AJUSTE,2,1214.01
50134344,VENTILADOR MYTEK 3409 20 PULG,2,1533.357
50134436,VENTILADOR HUMIDIF BECKON DISPLAY LED,2,8782.83
50134521,IMPRESORA TERMICA ITHACA 9000 USB,2,4770.255
50134545,SYMPHONY ENFRIADOR DIET 12T,2,4770.255
50134558,TCL FRIGOBAR TSD44B 4.4 PIES,2,7111.041
50134562,WHIRPOOL DISPENSADOR WK5915BD,2,3956.3958
50134585,CALCULADORA ROSA COSNTELACIONES,2,37.93739114
50134673,ENFRIADOR CALENTADOR AGUA MABE EMTL3CGG,2,5827.5
50134921,SAMSUNG CARGADOR PARED 25W,2,562.569
50134944,GHIA SMART TV LED G32W25 32 PULG,2,4428.249
50134950,LECTOR DE TARJETAS CLIP ULTRA,2,1736.91
50134951,GHIA SMART TV 40PULG G40W25,2,5789.49
50135012,CLAVIJA ADAPTADORA AMERICANO A EUROPEO,2,56.28
50135097,CAMARA DIGITAL KODAK PIXPROF Z45RD,2,4183.053
50135424,EVOLIS POWER SUPPLYÂ KIT,2,6142.5
50135483,HISENSE SMART TV QLED 100QD7N 100 PULG,2,75974.745
50135507,MATERIAL POP,2,3905.832
50135686,JBL PARTYBOX STAGE 320 BOCINA PORTATIL,2,16291.296
50135687,JBL PARTYBOX SET 2 MICROFONOS,2,3528.357
50135690,TELEPROMPTER CON PANTALLA ELEGATO,2,10675.077
50135691,DJI ADAPTADOR TELEFONO MOVIL,2,1019.235
50135692,MICROFONO INALAMBRICO DJI MINI TX RX,2,3075.765
50135693,CAMARA SONY ALPHA VLOGGING,2,27673.926
50135694,SONY LENTE GTM 15MM SEL15F14G,2,24474.912
50135878,TAURUS VENTILADOR TECHO APUS,2,948.612
50135888,KIT TECLADO MOUSE DELL KM300C,2,575.694
50135984,CABLE USB A C CORDON STEREN,2,134.4
50136633,MULTIESTILIZADOR SECADORA DYSON AIRWRAP,2,19556.082
50136638,HISENSE SMART TV LED 75A65NV 75 PULG,2,20931.204
50136764,SOPORTE PANTALLA LWOHSYE 600-02,2,767.193
50136798,DISPENSADOR DE AGUA CLASICO AOKU,2,5999.763
50136807,EXTENSOR HDMI 4K INALAMBRICO STEREN 10M,2,3602.592
50136808,TELEVISOR SAMSUNG U8000F 85PULG LED,2,33077.1
50137103,BOCNA 25 1 JBL PROFESIONAL 2 VIAS,2,26125.092
50137105,AIMIBO TR5ANSMISOR HDMI INALAMBRICO,2,7515.627
50137275,HUB 4 PUERTOS USB-A 3.0 TYPE-C,2,351.834
50137276,HUB TECHZONE 1 USB3.0 3 USB 2.0 USB-C,2,269.178
50137326,ESTUFA WHIRPOOL WFR3400B 30 PULG NEGRA,2,13599.6
50137329,REGULADOR VOLTAJE CDP RUAVR604 600VA,2,767.739
50137330,REGULADOR VOLTAJE CDP R2CAVR1008 1000VA,2,589.344
50137345,AMAZON ECHO SHOW 5 G3,2,2768.451126
50137367,DJI MIC MINI 2TX 1RX ESTUCHE CARGA,2,3050.334
50137378,LOGITECH Z906 5.1 SIST AUDIO THX,2,11394.495
50137391,BATIDORA PEDEST SHORBULL 20L PLANETARIA,2,21535.311
50137394,HORNO CONVECCION BATHAMMEX 8 CHAROLAS,2,82567.212
50137481,SAMSUNG SMART TV LED U8000F 50IN 4K NEGR,2,13215.51
50137505,ENFRIADOR VERTICAL GELUM COLOR BLANCO,2,32917.5
50137519,BASCULA DIGITAL USB RECARGABLE PANTALLA,2,358.449
50137520,SAMSUNG SMART TV LED U8000F 55 PULG,2,15259.398
50137521,SAMSUNG SMART TV LED U8000F 43 PULG,2,11043.75429
50137522,AMAZON ECHO POP,2,1772.379
50137545,REDLEAF PANTALLA DE PROYECC ELECTR 84,2,4035.255
50137546,JVC SMART TV LED SI32RF 32 HD NEGRO,2,5049.051
50137552,LG BOCINA RNC5 BLUETOOTH ALAM 300 W USBA,2,8275.092
50137553,TCL SMART TV LED S451G 55 4K ULTRA HD,2,12006.204
50137584,NINJA LICUADORA BN801 2L 3 VELOCIDADES,2,9967.755
50137585,MANHATTAN SOPORTE TECHO PARA PROYECTOR,2,2138.01
50137642,BATIDORA DE PIE KITCHENAID ARTISAN,2,15386.133
50137723,LECTOR USB TARJETA UGREEN,2,541.275
50137843,MENUMASTER  HORNO DE MICROONDAS MDC12A2,2,49493.094
50137895,REFIGERADOR WHIRPOOL WT1331D,2,22707.153
50011877,ARMAZON PENDAFLEX DUAL DE LUJO,3,298.9574697
50011882,FOLDER COLGANTE PENDAFLEX CARTA NARANJA,3,294.2718967
50011883,FOLDER COLG PENFLEX TC RJO 25P,3,295.1972408
50011886,FOLDER COLG PENFLEX TO AZL 25P,3,357.4947507
50011888,FOLDER COLG PENFLEX TO RJO 25P,3,355.4627862
50011906,TARJETA INDICE ARCOIRIS 3X5,3,43.37068042
50011910,TARJETA OXFORD IND BLANCA 100P,3,16.42191852
50011911,TARJETA INDICE BLANCA 4X6 100P,3,33.474
50011912,TARJETA INDICE BLANCA 5X8 100P,3,60.12249737
50011913,TARJETA INDICE NEON 3X5,3,55.67526601
50019485,"ETIQUETA LSR BCA 1X2 5/8""3000P",3,1349.969784
50019489,ETIQUETA LSR BCA 1 3/4X1/2,3,706.4950455
50019490,ETIQUETA INK BCA 1/2X1 3/4,3,278.0092129
50020484,"ETIQUETA INK BCA 2X4"" 250P",3,315.9293245
50020487,"ETIQUETA INK TRANS 1""X2 5/8""",3,564.4951738
50020491,"ETIQUETA ADH CIR NJA 3/4"" 1008",3,121.3431491
50020492,"ETIQUETA ADH CIR VDE 3/4"" 1008",3,122.8795813
50020493,"ETIQUETA ADH CIR CLR 3/4"" 100",3,118.3079198
50020503,ETIQUETA ADH CIR BCA 3/4,3,105.4319524
50021450,ETIQUETA LSR TRAN 1/2X1 3/4,3,542.939122
50024465,ARCHIVO PLAS ORGANIFILE CARTA,3,496.0573038
50026417,ARCHIVERO GLOBEWEIS TO 19DIV,3,355.7693334
50026534,FOLDER OXFORD TC MANILA 100PK,3,281.4679059
50026535,FOLDER OXFORD TO MANILA 100PK,3,335.0173292
50026536,FOLDER OXFORD TC VERDE 100PK,3,322.9089022
50026537,FOLDER OXFORD TC AZUL 100PK,3,320.994566
50027481,FOLDER COLG OXFORD TC VDE 25P,3,244.1787993
50027482,FOLDER COLG OXFORD TO VDE 25P,3,294.5463118
50027483,FOLDER COLG PENFLEX TO NJA 25P,3,353.6761433
50027505,FOLDER COLG PENFLEX TC AZL 25P,3,297.8855456
50027506,FOLDER COLG PENFLEX TC AMA 25.,3,282.5413043
50027536,CARPETA TC C/CIERRE Y ASA TRAS,3,208.6859901
50027540,ARCHIVO EXPAND TC 12DIV TRASLU,3,232.0794639
50027542,PORTAFOLIO OXFORD CARTA 1 PZA,3,159.8663196
50027544,ARCHIVO EXPAND CH 12DIV TRASLU,3,103.6962394
50028190,CAJA PORTADOCUMENTO C/ELASTICO,3,139.4040084
50029456,TARJETA INDI RAYADA 5X8 OXFORD,3,60.12287691
50029457,TARJETA INDI RAYADA 3X5 OXFORD,3,16.695
50030080,FOLDER VERDE OFICIO OXFORD 100PZ 179GRS,3,348.5185687
50031938,FOLDER OMX CARTA MANILA 25PK,3,77.04526958
50031939,FOLDER OMX OFICIO MANILA 25PK,3,102.8228471
50032997,ARCHIVO PLASTICO OFICIO ORGANI,3,625.6102415
50033933,FOLDER OMX CARTA AZUL 25PK,3,103.4133289
50034108,FOLDER OMX OFICIO AZUL 25PK,3,130.3524253
50037782,GUIA PARA ARCH TO GLOBEWEIS,3,141.2026084
50040822,ETIQUETA INK TRANS CARTA 25P,3,638.9705603
50040888,ARCHIVO EXPAND TC 12DIV PLATA,3,250.0985528
50040889,ARCHIVO EXPAND TC 12DIV NEGRO,3,250.0464998
50043752,TARJETERO KARDEX SABLON 3X5X15,3,148.202996
50048334,ETIQUETA INK/LAS CD 25H 50 PZA,3,140.5845575
50049770,ETIQUETA CARTA BLANCA 50P,3,360.3428932
50052012,CARTERA EXPANDIBLE TC NGR OXF,3,175.1521096
50053644,FOLDER OMX CARTA ARCORIS 100PK,3,319.2127525
50055438,ETIQUETA ADH CIR AZL 3/4,3,121.1126897
50055439,ETIQUETA ADH CIR AMA 3/4,3,122.5661923
50055440,ETIQUETA ADH CIR VDE 3/4,3,115.1141404
50056533,ETIQUETA ADH CIR RJA 3/4,3,122.9849126
50057053,ARCHIVO EXPAND TC 24DIV MET OX,3,470.6104019
50057064,JINETE 5CM TRANSPARENTE 25PZS,3,31.34025988
50058266,FOLDER COLG PENFLEX TO CLR 25P,3,381.5635619
50061121,ETIQUETA CARTA AMARILLO 50P,3,381.6043584
50061122,ETIQUETA CARTA NARANJA 50P,3,378.5981918
50061382,ETIQUETA LSR BCA 10.16 X 5.08 CM 250P,3,395.283
50061408,FOLDER PENDAFLEX TC MANILA 25P,3,54.936
50061413,FOLDER PENDAFLEX TO VERDE 25PK,3,117.5955
50061414,FOLDER PENDAFLEX TC AZUL F 25P,3,133.6884346
50061415,FOLDER PENDAFLEX TC AMARI 25PK,3,133.1388528
50061416,FOLDER PENDAFLEX C NARANJA 25P,3,133.3517193
50061417,FOLDER PENDAFLEX TC ROJO 25PK,3,133.1307823
50061418,FOLDER PENDAFLEX TC VRDE F 25P,3,133.7239922
50061419,FOLDER PENDAFLEX TC VIOLET 25P,3,133.7172423
50061420,FOLDER PENDAFLEX TC CLRS 25PK,3,133.7239545
50061421,FOLDER PENDAFLEX TC NEGRO 25PK,3,133.7376815
50061422,FOLDER PENDAFLEX TC AZUL 50PK,3,216.1128
50061423,FOLDER PENDAFLEX TC AMARI 50PK,3,148.953
50061424,FOLDER PENDAFLEX TC NARNJA 50P,3,209.7305
50061425,FOLDER PENDAFLEX TC ROJO 50PK,3,166.6006364
50061426,FOLDER PENDAFLEX TC VERDE 50PK,3,215.7638
50061430,FOLDER OXF DOB SOL TC AZUL 5PZ,3,66.83737503
50061431,FOLDER OXF DOB SOL TC BCO 5PZ,3,66.73101859
50061432,FOLDER OXF DOB SOL TC ROJO 5PZ,3,66.34411622
50061433,SHOWFOLIO OXFORD TC BLANCO 5P,3,129.451532
50061434,SHOWFOLIO OXFORD TC GRIS 5P,3,129.5926558
50061435,SHOWFOLIO OXFORD TC NEGRO 5P,3,129.7552698
50061436,SHOWFOLIO OXFORD TC ROJO 5P,3,126.5101606
50061437,FOG PENFLEX TC VDE 25P,3,298.41
50061438,FOLDER COLG PENFLEX TC CLR 25P,3,309.3362222
50061439,FOLDER COLG PENFLEX TO VDE 25P,3,356.1671514
50061599,CUBIERTA REPORTE C/CLIP OXFORD,3,39.14017024
50061600,ARCHIVERO EXPANDIBLE 13DIV OFI,3,229.5418211
50061735,FOLDER OMX CARTA MANILA 100PK,3,266.0637986
50061736,FOLDER OMX CARTA AZUL 100PK,3,313.1015027
50061745,FOLDER OMX CARTA KRAFT 25PK,3,74.93348889
50061746,FOLDER OMX OFICIO AZUL 100PK,3,376.9084316
50061747,FOLDER OMX OFICIO MANILA 100PK,3,295.6695281
50061989,ARCHIVERO EXPAN TC 13DIV OMX,3,112.5832457
50062034,ARCHIVERO EXPAN KRAFT 21DV OMX,3,217.8076451
50062186,ARCHIVERO EXPAND NG TC 13D OMX,3,90.19824199
50062187,ARCHIVERO EXPAND NG TO 13D OMX,3,108.8277864
50062188,ARCHIVERO ABAT 3DV COLORES OMX,3,43.55131909
50062262,ARCHIVERO EXPA CT 7DV CLRS OMX,3,63.98347169
50062265,ARCHIVERO PORT EXPAN NG 21D OM,3,186.9496269
50062278,ETIQUETA P/PIST BCAS 6PZ OMX,3,146.367651
50063371,CAJA DE ARCHIVO OXFORD CARTA,3,49.74878519
50063372,CAJA DE ARCHIVO OXFORD OFICIO,3,66.87349042
50066250,ARCHIVERO EXP T/C 13DIV CLRS,3,167.1271128
50066347,ARCHIVERO EXPA 13D TC C/LIGA N,3,139.1322678
50066388,CAJA ARCHIVO REGISTRADOR OFFIC,3,65.4244652
50066389,CAJA DE ARCHIVO CARTA,3,51.57439119
50066390,CAJA ARCHIVO OFICIO OFFICEMAX,3,54.67880656
50066411,CAJA ARCH T/C AP50 ARG 7MM 12P,3,1714.067887
50066412,CAJA ARCH T/C IP-50 ARG 7MM 1P,3,145.5733873
50066979,ETIQUETA CARTA VERDE 50P,3,383.0758958
50068605,ETIQUETA BLANCA ECONOPACK 50X100 JANEL,3,24.47695238
50068606,ETIQUETA BCA 20X105 168PZA/PQT,3,24.46528288
50068607,ETIQUETA BCA 08X20 1512PZA/PQT,3,24.50347382
50068608,ETIQUETA BCA 32X64 144PZA/PQT,3,24.52233987
50068609,ETIQUETA BCA 09X13 2160PZA/PQT,3,24.93003421
50068610,ETIQUETA BCA 13X19 1200PZA/PQT,3,24.41878825
50068611,ETIQUETA BCA 19X38 420PZA/PQTE,3,24.46918361
50068612,ETIQUETA BLANCA ECONOPACK 19X50 JANEL,3,24.48620254
50068613,ETIQUETA BCA 13X38 600PZA/PQTE,3,24.6329907
50068614,ETIQUETA BCA 67X47 108PZA,3,24.48390439
50068867,TARJETA 3X5  BOL COL C/25 TARJ,3,48.755
50068869,TARJETA 3X5 RAY COL PQTE C/100,3,23.2467304
50068871,TARJETA 3X2.5 COL PQTE C/200,3,51.07083544
50073243,CAJA ARCHIVO G/DESLIZABLE OF,3,258.8700627
50076719,PORTADOC CLIP BLANCO C/LIGA PZ,3,68.10789746
50076720,PORTADOC CLIP VIOLET C/LIGA PZ,3,68.03661552
50076721,PORTADOC CLIP AQUA C/LIGA PZ,3,67.96920726
50076727,PORTADOC VERTICAL BCO LIGA PZ,3,132.741703
50076728,PORTADOC VERTICAL CTA VIOLETA,3,132.7932042
50076729,PORTADOC VERTICAL CTA AQUA PZ,3,132.5311519
50076734,ARCHIVERO ORGA COLG NGRO PZA,3,514.1150577
50076735,ARCHIVERO COLORES SURTIDOS 1PZ,3,429.9832616
50076740,FOLDER DE POLIPROPILENO VERDE,3,48.97964718
50076741,FOLDER DE POLIPROPILENO AQUA,3,48.97122222
50076743,FOLDER DE POLIPROPILENO ROSA,3,49.01224006
50076744,FOLDER DOBLE SOLAP NEGRO/VERDE,3,50.64035122
50076758,FOLDER PENDAFLEX TC AQUA 25PK,3,133.4611213
50076759,FOLDER PENDAFLEX TC GRIS 25P,3,132.944164
50076768,FOLDER ORGANIZADOR POLI 8DIV,3,158.1693604
50076882,ETIQUETA OMX BLANCA CARTA 50PZ,3,215.1934319
50076883,"ETIQUETA BCA 4X3 1/3"" OMX 300P",3,212.7572825
50076884,"ETIQUETA BCA 4X2"" OMX 500 P",3,213.1234991
50076885,"ETIQUETA BCA 4X1 1/3"" OMX700",3,211.1810828
50076886,"ETIQUETA BCA 4X1"" OMX 1000 P",3,210.1939041
50076887,"ETIQUETA BCA 2 5/8X1""OMX 1500",3,213.7562842
50076888,"ETIQUETA BCA 1 3/4 X 1/2"" 4000",3,210.3409785
50077035,FOLDER COLG REFOR COLOR CTA 25,3,325.7862811
50083762,ETIQUETA CARTA NATURAL 50P,3,349.5632796
50086322,ARCHIVERO ABATIBLE C/TRANS PZA,3,73.06570903
50086329,FOLDER DE POLIPROPILENO V/COL,3,16.37832525
50093135,FOLDER CARTA ARCOIRIS 20P,3,76.0808125
50094184,ETIQUETA RECT FLUORECENTE 105P,3,35.32404812
50094185,ETIQUETAS REDONDA MIXTAS 504P,3,33.45390045
50094186,ETIQUETAS REDONDA ROJAS 504P,3,33.63162464
50094187,REFUERZO CARP AZUL 210P OMX,3,40.91836646
50094188,REFUERZO CARP AMARILL 210P OMX,3,36.81970342
50094189,ETIQUETAS REDONDA AMARILLA 504,3,35.09494553
50094190,ETIQUETAS REDONDA AZUL 504P,3,35.96690098
50094191,ETIQUETAS REDONDAS VERDE 504P,3,34.93698399
50094192,ETIQUETAS REDONDA ROJANEON 504,3,36.40789973
50094193,ETIQUETAS REDONDA MIXTAS 960P,3,36.37960956
50094194,ETIQUETA SEGURIDAD OMX 90P,3,93.430443
50094195,REFUERZO CARP ROJO 210P OMX,3,36.75432959
50094199,REFUERZO CARP TRANSP 210P OMX,3,37.58896391
50094200,REFUERZO CARP BLANCO 210P OMX,3,35.07237913
50094201,ETIQUETA ESTRELLA MIXTAS 260P,3,31.4956339
50094202,ETIQUETA REDONDA TRAN 150P OMX,3,31.32251832
50094203,ETIQUETA REDONDA ORO 150P OMX,3,31.4975081
50094204,ETIQUETA REDON TRANSP 168P OMX,3,30.62628218
50094487,FOLDER CON COSTILLA OMX 25PZAS,3,118.692
50099645,CAJA NO. 1 25 X 25 X 25,3,22.38985398
50099646,CAJA NO. 2 50 X 25 X 25,3,32.36415305
50099647,CAJA NO. 3 50 X 50 X 25,3,61.39226065
50099648,CAJA NO.4 50 X 50 X 50,3,80.82913164
50100411,"ETIQUETA ENVIOS ""FRAGIL""",3,61.0723368
50100412,"ETIQUETA ENVIOS ""CUIDADO""",3,54.74804643
50100414,"ETIQUETAS ENVIO ""NO ESTIBAR""",3,49.1548277
50100415,"ETIQUETA ENVIO ""HACIA ARRIBA""",3,54.02640659
50102458,ETIQUETAS RECTANG LASER/INKJET,3,19.49556
50102977,ETIQUETAS DE 3.8X7.5 CM C/60,3,45.71276087
50102978,ETIQUETAS DE 10.1X15.2 CM C/20,3,43.17283958
50102979,ETIQUETAS DE 6X9 CM C/40,3,40.83228188
50102980,ETIQUETAS MEDIA CARTA C/100,3,213.6365839
50104814,FOLDER POCHTECA TC AZUL 10PZS,3,154.2716284
50106752,ARCHIVERO EX STUK PASTEL 20DIV,3,177.935
50106755,ARCHIVERO EXP STUK PASTEL 8DIV,3,67.704
50106759,SOBRE C/BOTON STUK PASTEL,3,15.372
50109395,CAJA PARA ARCHIVO PLAS CAR KY,3,104.4940298
50109396,CAJA ARCHIVO PLASTICO OFICIO KYMA,3,175.5187703
50111180,CAJA DE ARCHIVO OFICIO,3,190.26
50111498,ETIQUETA ADH NARANJA 13X38 8HJ,3,45.57
50112103,22 X 16 X 12 CARTON CORRUGADO,3,16.8
50112104,31 X 22 X 12 CARTON CORRUGADO,3,33.6
50113264,ARCHIVERO EXPAN TC 13DIV STUK,3,253.254
50113707,SOBRE COLORES NEON STUK,3,15.372
50114041,24 X 18 X 10 CARTON CORRUGADO,3,54.6
50115889,FOLDER TC AZUL 100PCS,3,522.48
50116281,ETIQUETA ROJANEON PAD(94192),3,71.421
50116282,ETIQUETA MIXTA PAD(94193CJA),3,0.021
50116435,ARCHIVERO EXPANDIBLE ECO STUK,3,169.0506173
50116756,FOLDER DISENO SUNSHINE STUK,3,44.793
50116757,FOLDER DISENO FLORES DAISY STU,3,44.793
50116761,PORTADOCUMENTOS PLASTICO STUK,3,28.455
50116769,FOLDER PLASTICO OMX,3,210.3389943
50116770,ARCHIVERO EXPAND STUK ROSA 5D,3,68.58874236
50116774,ARCHIVERO EXPAND STUK AMARI 5D,3,67.79721053
50116778,FOLDER STUK GOOD DAISY 3 PZS,3,37.17
50116783,ARCHIVERO EXPAND RSA/VDE STUK,3,111.3258816
50116865,FOLDER CARTA MOON CON RESORTE,3,28.119
50119723,FOLDER DE SEGURIDAD PLAST NORMA,3,107.898
50125168,ARCHIVO EXPANDIBLE 13DIV PLATA AZUL STUK,3,146.8300229
50125169,ARCHIVO EXPANDIBLE 13DIV PLATA ROJO STUK,3,140.427
50125170,ARCHIVO EXPANDIBLE 13DIV AZUL STUK,3,107.6478584
50125171,ARCHIVO EXPANDIBLE 13DIV GRIS STUK,3,84.714
50125173,FOLDER AZUL STUK,3,109.6495446
50125174,FOLDER ROSA STUK,3,109.6880012
50125175,FOLDER STUK DISENO FLOWERS,3,27.26752894
50125459,FOLDER DISENO SMILEY STUK,3,33.266863
50125468,FOLDER SMILEY 3 PIEZAS STUK,3,35.77306118
50125474,FOLDER POLI DISENO SMILEY STUK,3,13.77576904
50125485,ARCHIVERO EXP STUK SMILEY 8DIV,3,68.91472836
50125494,FOLDER DISENO BUTTERFLY STUK,3,39.73176807
50125508,ARCHIVERO EXP STUK BUTTERFLY 8DIV,3,68.91952941
50129343,CAJA PARA ARCHIVO T REGISTRADOR 32 ECT,3,151.2
50131056,FOLDER DISEN FLOR CON ELASTIC CATS STUK,3,30.702
50131057,FOLDER DISEN GATO CON ELASTIC CATS STUK,3,30.702
50131071,ARCHIVERO ROSA EXPANDIBL 8 DIV CATS STUK,3,72.24
50131072,ARCHIVERO VRD EXPANDIBL 8 DIV CATS STUK,3,72.24
50131073,ARCHIVERO GRIS EXPANDIBL 8 DIV CATS STUK,3,72.24
50131089,SET FOLDERS DISENOS CATS STUK,3,36.729
50131093,FOLDER CON 2 COMPARTIMIENT VRD CATS STUK,3,22.869
50131126,FOLDER CIRC CON ESLATICO COLORS STUK,3,30.702
50131127,FOLDER AZUL CON ESLATICO COLORS STUK,3,30.702
50131142,ARCHIVERO EXP 8 DIV MOR COLORS STUK,3,72.24
50131143,ARCHIVERO EXP 8 DIV VER COLORS STUK,3,72.24
50131154,FOLDERS 3 PIEZAS COLORS STUK,3,36.729
50131158,FOLDER ROSA 2 SEPARADORE COLORS STUK,3,22.869
50131347,FOLDER MORADO 2 SEPARADORE COLORS STUK,3,22.869
50131513,ETIQUETA LSR 216 X 279MM 25P,3,129.885
50131514,ETIQUETA LSR CD 117MM 50P,3,129.885
50131515,ETIQUETA LSR 51 X 102MM 250P,3,129.885
50131516,ETIQUETA LSR 25 X 67MM 750P,3,129.885
50131517,ETIQUETA LSR 13 X 45MM 2000P,3,129.885
50131518,ETIQUETA LSR 34 X 102MM 350P,3,129.885
50131519,ETIQUETA LSR 85 X 102MM 150P,3,129.885
50133020,FOLDER DE PVC STITCH GAIRET,3,42
50133181,FOLDER MANILA OXFORD OFIC ROSA 100PZ,3,336
50134066,FOLDER OXFORD TCARTA VINO C25 PZAS,3,504
50134322,CORREDERA CAJON HANDY 40CM X 3.5CM 8 PZ,3,279.531
50134414,ECONOPACK AMARILLA NO.28 19MM 560PZ,3,25.41
50134416,ECONOPACK NARANJA NO28 19MM 560PZ,3,25.41
50134599,FOLDER TAMANO CARTA ELASTICO CAPIBARA,3,61.0505625
50134619,ARCHIVERO ROSA EXPANDIBL 8 DIV CONSTELA,3,75.873
50134620,ARCHIVERO MORAD EXPANDIBL 8 DIV CONSTELA,3,75.873
50134621,FOLDER ELASTICO ROSA CONSTELACIONES,3,32.23253793
50134622,FOLDER ELASTICO LILA CONSTELACIONES,3,32.23400676
50134623,SOBRE CON BOTON ROSA CONSTELACIONES,3,24.024
50136619,CAJA KRAFT ENVIO REGULAR 15X10X10CM PP,3,12.18
50136620,CAJA KRAFT ENVIO REGULAR 25X20X15CM PP,3,16.443
50136621,CAJA KRAFT ENVIO REGULAR 36X25X15CM PP,3,28.98
50136622,CAJA KRAFT ENVIO REGULAR 10X10X10CM PP,3,9.072
50136623,CAJA KRAFT ENVIO REGULAR 20X20X20CM PP,3,17.052
50136624,CAJA KRAFT ENVIO REGULAR 30X30X30CM PP,3,34.314
50137083,TARJETA BLANCA 3x5 IN 100 H BLOCK,3,28.77
50137084,TARJETA BLANCA 4x6 IN 100 H BLOCK,3,42.105
50137085,TARJETA BLANCA 5x8 IN 100 H BLOCK,3,63.336
50137086,TARJETA RAYA 3x5 IN 100 H BLOCK,3,30.765
50137087,TARJETA RAYA 4x6 IN 100 H BLOCK,3,45.045
50137088,TARJETA RAYA 5x8 IN 100 H BLOCK,3,67.767
50137334,CAJA KRAFT ENVIO REGULAR 10X10X10CM PP,3,6.3
50137335,CAJA KRAFT ENVIO REGULAR 15X10X10CM PP,3,8.19
50137336,CAJA KRAFT ENVIO REGULAR 25X20X15CM PP,3,16.17
50137337,CAJA KRAFT ENVIO REGULAR 20X20X20CM PP,3,16.8
50137338,CAJA KRAFT ENVIO REGULAR 36X25X15CM PP,3,26.04
50137339,CAJA KRAFT ENVIO REGULAR 30X30X30CM PP,3,26.46
50137366,TITULARES DE BOLETOS C LINE ASSORTED,3,1594.635
50137404,ARCHIVERO EXPANDIBLE ECOLOGICO 7 DIV,3,160.23
50137593,ARCHIVERO EXPANDIBLE 12 CARTA NEGRO,3,110.25
50137595,FOLDER CARTA CRISTAL,3,8.694
50137596,FOLDER CARTA AZUL,3,8.694
50137607,FOLDER COSTILLA CARTA CRISTAL,3,13.65
50011837,SEPARADOR CARDINAL 5 DIV COL,4,28.44155045
50011838,SEPARADOR CARDINAL 8 DIV COL,4,35.69692911
50011848,CUBIERTA CON SLIDEGRIP NGRA PZ,4,30.748279
50011851,SEPARADOR CARDINAL ALFA COL,4,72.05291439
50011852,SEPARADOR CARDINAL 15 DIV COL,4,50.22385908
50011853,SEPARADOR CARDINAL 31 DIV COL,4,88.17850196
50011854,SEPARADOR CARDINAL MENSUAL COL,4,51.43557004
50011855,SEPARADOR CARDINAL 12 DIV COL,4,45.15681848
50011856,SEPARADOR CARDINAL 10 DIV COL,4,36.76620724
50011918,SEPARADOR OXFORD 8 DIV COL,4,39.37690909
50011919,SEPARADOR OXFORD 12 DIV COL,4,59.24915702
50011920,SEPARADOR OXFORD 15 DIV COL,4,59.073
50011923,SEPARADOR OXFORD 5 DIV COL,4,39.6206087
50011938,PROTECTOR HOJAS OXFORD 100HPK,4,210.5955379
50012251,SEPARADOR WJ INS COLOR 5 DIV,4,35.5249287
50012263,"CARPETA SAMSILL 0.5"" VENTANA O",4,105.5868665
50012292,REGISTRADOR LEFORT OFICIO VERD,4,86.69781144
50012298,TABLACLIP TO FIBRACEL LEFOR,4,75.57630252
50012299,TABLA C/CLIP TC FIBRACEL LEFOR,4,76.6053548
50012300,TABLA C/CLIP TE FIBRACEL LEFOR,4,58.14449076
50012307,REGISTRADOR LEFORT ESQUELA VDE,4,79.8668637
50012340,PROTECTOR DE TRJTAS KINERA 10H,4,117.7922383
50012341,PROTECTOR DE HOJAS KINERA 25H,4,88.38754705
50012344,PROTECTOR CD BOLSA KINERA 10H,4,148.8940714
50014782,PADFOLIO CONVENCIONES NEGRO,4,167.7341559
50014783,PROFOLIO CONVENCIONES NEGRO,4,214.1696393
50022315,PADFOLIO CONVENCIONES PZA,4,75.11651257
50022799,PROTECTOR DE HOJ1S KINERA 100H,4,238.749
50027545,CUBIERTA PALANCA TC OXFORD,4,67.48519274
50028181,PROTECTOR DE HJS OF KINERA 50 PZS,4,238.6407755
50028194,PORTABLOCK C/EXPANDIBLE TC MET,4,314.468917
50031201,"CARPETA VENTANA D 1"" NGRA SAMS",4,123.3873048
50031202,"CARPETA SAMSILL 1"" VENTANA D B",4,123.0514213
50031203,"CARPETA VENTANA D 2"" NGRA SAMS",4,157.996018
50031204,CARPETA SAMSILL 2 VENTANA D B,4,156.1286867
50031205,"CARPETA VENTANA D 3"" NGRA SAMS",4,173.679136
50031206,CARPETA SAMSILL 3 VENTANA D B,4,170.5054301
50031207,"CARPETA SAMSILL 1"" VENTANA O B",4,105.6954095
50031208,"CARPETA VENTANA O 1"" NGRA SAMS",4,105.0184084
50031209,"CARPETA VENTANA O 2"" NGRA SAM",4,144.6141653
50031210,"CARPETA SAMSILL 2"" VENTANA O B",4,142.1914765
50031211,"CARPETA VENTANA O 3"" NGRA SAMS",4,158.761387
50031212,"CARPETA SAMSILL 3"" VENTANA O B",4,160.6288996
50031213,"CARPETA VENTANA O 0.5"" NGA SAM",4,105.5804345
50033813,PORTABLOCK TC HUMO OXFORD,4,109.04896
50034203,SEPARADOR READY 8 DIV INSERTAR,4,80.86544083
50034204,SEPARADOR READY 5 DIV INSERTAR,4,65.97110739
50035581,PADFOLIO CONVENCIONES TE VINYL,4,216.0969783
50035582,PADFOLIO CONVENCIONES TC VINYL,4,305.8254908
50039431,CARPETA SAMSILL 4 VENTANA D B,4,227.4653955
50039432,"CARPETA VENTANA D 4"" NGRA SAMS",4,233.1204022
50039566,"CARPETA SAMSILL 5"" VENTANA D B",4,276.7197662
50044491,"CARPETA OMX 0.5"" VENTANA O BCA",4,84.94674191
50044492,"CARPETA VENTANA O 0.5"" NGA OMX",4,85.78280614
50044493,CARPET3A OMX 1P VENTANA O BLANC,4,89.705
50044494,CARPETA VENTANA O 1  NEGRA OMX,4,89.13357197
50044495,"CARPETA OMX 1.5"" VENTANA O BCA",4,102.7738272
50044497,CARPETA VENTANA O 2  BCA OMX,4,116.7335082
50044499,"CARPETA OMX 3"" VENTANA O BCA",4,138.94006
50045809,SEPARADOR REDONDO COLOR 8 DIV,4,189.2015474
50046575,SEPARADOR C/BOLSA COLOR 5 DIV,4,123.1770014
50046576,SEPARADOR C/BOLSA COLOR 8 DIV,4,141.4566228
50046624,SEPARADOR WRITEON NEON 5 DIV,4,58.40619834
50048156,TABLA C/CLIP TC TRANS MAPED,4,106.2040683
50048157,TABLA C/CLIP TC NEGRA MAPED,4,90.20391737
50048969,CARPETA PROFESIONAL FERRARI,4,347.2389063
50048971,CARPETA PROFESIONAL KIUT,4,354.1138755
50051646,CARPETA PROFESIONAL JEAN BOOK,4,348.0794821
50055926,ORGANIZADOR S/FECHAR GDETUCSON,4,319.087493
50058318,PROTECTOR C/12 SEPARADORES KIN,4,161.364
50060378,"CARPETA BASICA O 1"" BLANCA OMX",4,78.47289664
50060379,"CARPETA BASICA O 1"" ROJA OMX",4,79.05691082
50060380,"CARPETA BASICA O 1"" NEGRA OMX",4,78.47359173
50060381,"CARPETA BASICA O 1"" AZUL OMX P",4,78.73383636
50060955,DIARIO C/BROCHE 35X55 DIVOGA,4,81.36135037
50061067,"CARPETA BASICA O 1.5"" NGRA OMX",4,88.25764646
50061068,"CARPETA BASICA O 1.5"" AZUL OMX",4,86.18977688
50061069,"CARPETA BASICA O 1.5"" BCA OMX",4,84.88680341
50061070,"CARPETA BASICA O 2"" NEGRA OMX",4,104.1308056
50061071,"CARPETA BASICA O 2"" AZUL OMX",4,104.4580245
50061072,"CARPETA BASICA O 2"" BLANCA OMX",4,101.2275646
50061073,"CARPETA VENTANA D 5"" NGRA SAMS",4,274.5315232
50061578,TARJETERO SELLADO NEGRO 72TARJ,4,96.28649726
50061580,PROTECTOR HOJAS OMX 200H BRILL,4,242.9219853
50061632,PROTECTOR DE TARJETAS OMX 10H,4,140.5962871
50061633,PROTECTOR HOJAS MATE OMX 200 H,4,266.6898444
50061645,REGISTRADOR LEFO1T CARTA VERDE,4,84.462
50061737,"CARPETA VENTANA OF O 1"" BCA",4,118.997238
50061739,"CARPETA VENTANA O 1"" NRNJA OMX",4,92.16579683
50061740,"CARPETA VENTANA O 1"" ROSAP OMX",4,92.4218201
50061741,"CARPETA VENTANA O 1"" ROJA OMX",4,92.04260817
50061742,"CARPETA VENTANA O 1"" MORAD OMX",4,92.18484572
50061743,"CARPETA VENTANA O 1"" CIELO OMX",4,92.2819569
50061744,"CARPETA VENTANA O 1"" AZUL OMX",4,92.49365751
50061842,"CARPETA VENTANA O 1"" ROSA OMX",4,92.32734244
50061981,CARPETA PRES C/40 MICAS NG OMX,4,52.57535839
50061982,CARPETA PRES C/40 MICAS BC OMX,4,52.4047836
50061983,CARPETA PRESEN OMX 20 MICAS NG,4,33.40249142
50061984,CARPETA PRES C/20 MICAS BC OMX,4,33.74772935
50061985,CARPETA PRES C/10 MICAS NG OMX,4,27.12937631
50061986,CARPETA PRES C/10 MICAS BC OMX,4,27.07080857
50061988,INDICE OMX 8 DIV MULTICOLOR,4,29.94507359
50062073,PROTECTOR DE HOJAS 10PZS OMX,4,17.94902585
50062074,SEPARADOR OMX 8 DIV 1PZA,4,20.43201894
50062076,SEPARADOR OMX 5 DIV INSERTABLE,4,14.45528063
50062078,PROTECTOR D/HJS EXPAND 25P OMX,4,71.32766931
50062113,TABLA C/CLIP TC PLAST RCNG OMX,4,48.7375247
50062114,TABLA C/CLIP TC PLAST RCAZ OMX,4,48.81475909
50062115,TABLA C/CLIP TC ACRIL COL OMX (gris),4,46.6515
50062116,TABLA C/CLIP TO MADERA OMX,4,53.51377418
50062117,TABLA C/CLIP TC MADERA OMX,4,49.96317467
50062118,TABLA C/CLIP T/E MADERA OMX,4,38.32238299
50062256,CUBIERTA CLIP NEGRO 5PZA OMX,4,60.50637587
50062257,CUBIERTA PORTADOC BCO 5PZA,4,63.01703333
50062258,CUBIERTA PORTADOC CLIP AZUL 5P,4,59.40423558
50062263,CUBIERTA PALANCA  T/C OMX,4,28.28358054
50062270,PROTECTORES D/HOJAS 50PZ OMX,4,42.07351618
50062273,TARJETERO 15 HJS P/240TJ OMX,4,79.27949322
50063075,INDICE OMX 5 DIV SEPARADOR,4,19.89472278
50063081,CUBIERTA P/REP C/10 PROTEC OMX,4,25.37250658
50063082,CUBIERTA P/REP VERT NG/BC OMX,4,18.96332163
50063111,REGISTRADOR OMX 6ARTA VERDE,4,56.8575
50063113,REGISTRADOR OMX OFICIO VERDE,4,62.60020634
50063114,REGISTRADOR OMX CARTA KRAFT,4,52.49860194
50064806,PROTECTOR D/HOJAS MATE 50P OMX,4,83.5308854
50065879,DIARIO C/SOLAP MAGN 5X7 DIVOGA,4,148.2536831
50066253,CARPETA C/20 MICAS TC COL MET,4,40.13520292
50066255,CARPETA C/40 MICAS TC COL MET,4,80.80916054
50066257,TABLA C/CLIP TIPO FOLDR TC COL,4,51.75483737
50068067,CARPETA CARTA  RY 100H BEATLES,4,285.054
50068774,CARPETA PRESENTACION AXUL GRIP,4,42.86562385
50069412,TABLA DE ALUMINIO C/CLIP TC,4,187.8723112
50069833,CARPETA BLANCA ESQUELA 3 ARIL,4,266.8571749
50069839,PROTECTOR HOJAS T/ESQUELA 15 H,4,91.07857095
50069869,SEPARADOR AVERY 5DIV T ESQUELA,4,69.50035393
50070985,"CARPETA CARTA FASHION 1"" 2",4,111.3
50070986,"CARPETA CARTA FASHION 1"" 3",4,111.0047677
50070987,"CARPETA CARTA FASHION 1"" 4",4,110.9525538
50071909,AGENDA STUK OFFICEMAX 25,4,241.4644269
50072615,CUBIERTA PLASTICA HUMO 20P,4,107.6188368
50072616,CUBIERTA PARA ENGARGOLAR OMX C,4,113.694
50072617,CUBIERTA PLA LISO CRIS OMX 20P,4,113.2561492
50072618,CUBIERTA PARA ENGARGOLAR OMX NGO,4,103.614
50072619,CUBIERTA PLA LISO AZUL OMX 20P,4,111.4808605
50074131,PROTECTOR HJAS USORUDO OMX 50P,4,183.8097804
50074151,TABLA CON CLIP T/C ECOLOGICA,4,42.80791329
50074504,LIBRETA DE TAREAS NORMA COLOR,4,97.5004158
50075219,"CARPETA PROBUSINESS CARTA 1"" 1",4,110.6094051
50075220,"CARPETA PROBUSINESS CARTA 1"" 2",4,117.0970696
50075221,"CARPETA PROBUSINESS CARTA 1"" 3",4,132.8036246
50076332,MICA SEMIRIGIDA 10 X 14.5,4,34.07903563
50076333,MICA SEMIRIGIDA 11.5 X 8 25PSZ,4,22.302
50076334,MICA SEMIRIGID 22.9X29.2 OMX,4,89.84582047
50076335,MICA RIGIDA 5.4 X 8.5,4,24.6070256
50076348,MICA RIGIDA 11.5 X 8,4,30.59645665
50076356,MICA RIGIDA CARTA 15 pza,4,151.767
50076357,MICA EXTRARIGIDA 6.5 X 9.5,4,30.76399552
50076358,MICA EXTRARIGIDA 10 X 14.5 25PZS,4,71.211
50076359,MICA EXTRARIGIDA CARTA OMX 15P,4,181.3824672
50076753,CARPETA MULTIMI 20 PROTECTORES,4,77.29498213
50076754,CARPETA MULTIMICA 40 PROTECTOR,4,121.2922536
50076792,CARPETA DE LUJO PARA TARJETAS,4,495.82008
50077033,"CARPETA LEFORT 1"" D BLANCA",4,105.2131834
50077037,"CARPETA LEFORT 2"" D BLANCA",4,118.4568
50077038,CARPETA VENTANA 3P NGRA D LEFT,4,87.15
50077039,"CARPETA LEFORT 3"" D BLANCA",4,155.6891722
50077040,"CARPETA LEFORT 4"" D BLANCA",4,210.4490153
50077042,CARPETA VENTANA .5 BCA O LEFT,4,74.13
50077046,CARPETA VENTANA 1P BCA O LEFO,4,72.01002439
50077050,CARPETA VENTANA 1.5P BLC O LEF,4,85.79905932
50077052,CARPETA VENTANA 2P BCA O LEFT,4,103.6019091
50077056,CARPETA VENTANA 3P BCA O LEFT,4,139.0282174
50078616,"CARPETA NEON CARTA 1"" PZA",4,86.541
50079336,TABLA DE ALUM CARTA C/ BR CLIP,4,256.1822061
50079337,"CARPETA CARTA SIMPLYWORDS 1"" 1",4,116.3715844
50079353,"CARPETA TUCSON 1"" ARILLO D",4,234.7896634
50079355,PADFOLIO CONVEN CTA TUCSON PZ,4,213.6684665
50079876,TABLARRON PORTADOC PIZA/MAR PZ,4,107.3250123
50080136,CARPETA INCOLORS CARTA 100H,4,411.3119296
50082332,"CARPETA LEFORT 1.5"" D BLANCA",4,116.0666182
50082702,PROTECTOR RDO TC SAMSIL 100H,4,222.768
50083047,"CARPETA CARTA SIMPLYWORDS 1"" 2",4,91.42875
50083357,"CARPETA LEFORT 5"" D BLANCA",4,220.8478204
50083950,REGISTRADOR ROJO OMX INDEL PZA,4,66.30587894
50083953,REGISTRADOR VDE OMX INDEL PZA,4,66.55437656
50083954,REGISTRADOR AMAR OMX INDE PZA,4,66.51928999
50083960,REGISTRADOR AZUL OMX INDE PZA,4,66.53631621
50083961,REGISTRADOR NGO OMX INDEL PZA,4,66.54711493
50084460,DIARIO HELLO KITTY PZA,4,204.1199792
50084468,"CARPETA NEON AMARILLA 1"" SAMS",4,99.08206154
50084469,"CARPETA NEON MORADO 1"" SAMSIL",4,98.56095039
50084470,"CARPETA NARANJA NEON 1"" SAMIS",4,93.6481875
50084471,"CARPETA NEON ROSA SAMSIL 1""",4,99.23607566
50087009,MICA THERMICA,4,354.627
50087309,CARPETA EJEC PIEL NGRO BROCHE,4,280.5995978
50087310,CARPETA EJECUTIVA CON CIERRE,4,475.2637684
50087312,CARPETA EJECUTIVA TIPO PIEL,4,262.6935811
50087550,TARJETERO CAFE 96 TARJETAS,4,175.3076903
50088457,SCRAPBOOK KIUT FOREVER,4,262.626
50090479,"CARPETA EJECUTIVA ARILLO O 3""",4,190.6736769
50091603,CUBIERTA REPORTE CARTA 5 SEP,4,18.375
50093679,CARPETA EJECUTIVA INFRA PZA,4,167.916
50093757,PADFOLIO NEBRASKA CONVEN PZA,4,325.9684222
50093758,CARPETA NEBRASKA EJECUTIVA  PZ,4,363.0046
50094782,MICA EXTRARIGIDA 6.5X9.5CM 25PZAS,4,141.246
50095268,CARPETA MULTIMICAS OMX 20 PAGI,4,36.14246729
50097477,SEPARADOR AVERY 5 DIV DISENOS,4,171.3660461
50100598,MICA RIGIDA OFICIO,4,190.7577444
50100599,MICA RIGIDA DOBLECARTA,4,315.3108872
50101950,CUBIERTA PALANCA METALICO NGRO,4,62.72806653
50101951,CUBIERTA PALANCA METALICO ROSA,4,60.88393271
50101953,CUBIERTA PALANCA METALICO MOR,4,60.95983316
50101955,CUBIERTA PALANCA METALICO AMAR,4,59.76318293
50101956,CUBIERTA PALANCA METALICO AZUL,4,62.50667094
50102183,FOLDER C/BROCHE TC AZL 5P,4,115.7844778
50102185,FOLDER C/BROCHE TC RJO 5P,4,117.7428269
50102221,FOLDER C/BROCHE TC VDE 5P,4,113.983957
50102223,FOLDER C/BROCHE TC NGR 5P,4,116.8228128
50102229,FOLDER C/BROCHE TC AMA 5P,4,113.3752584
50102231,FOLDER C/BROCHE TC MULTI 15P,4,317.9355342
50102232,FOLDER C/BROCHE TO AZL 5P,4,138.6530951
50102233,FOLDER C/BROCHE TO RJO 5P,4,136.3604379
50102234,FOLDER C/BROCHE TO VDE 5P,4,132.5229488
50102236,FOLDER C/BROCHE TO NGR 5P,4,132.6584046
50102238,FOLDER C/BROCHE TO AMA 5P,4,126.9688819
50102239,FOLDER C/BROCHE TO MULTI 15P,4,389.7869564
50102456,MICA TERMICA (8 MIL) T/C C/50,4,510.552
50102457,MICA TERMICA RIGIDA (8 MIL)C25,4,51.94636364
50104349,FOLDER C/BROCHE TC AZUL REY 5P,4,116.6080674
50104613,FOLDER C/PALANCA TC AZL REY 2P,4,95.15376
50104614,FOLDER C/PALANCA TC ROJO 2P,4,72.765
50104648,MICA DOBLE CARTA 30.5X45.7 50P,4,676.2875
50104753,AGENDA DIARIA FEMENINA 2024,4,527.1
50106042,TARJETERO STUK NEGRO,4,0.021
50107190,CARPETA STUK ROSA PASTEL,4,134.1354
50107192,CARPETA STUK AZUL PASTEL,4,135.45
50107193,CARPETA STUK VERDE PASTEL,4,128.2617778
50108512,AGENDA SEMANAL CUADRADA 25,4,467.6067605
50108513,AGENDA WEEKLY PLANNER 2024,4,506.88
50108754,AGENDA DIARIA ELASTIC ROJA,4,619.584
50108760,AGENDA MEMO ELASTIC NEGRA,4,390.411
50110036,"CARPETA WJ  2"" VENTANA O NEGRO",4,124.2990938
50110037,"CARPETA WJ  .5"" VENTANA O NGRO",4,91.93126415
50110038,"CARPETA WJ  1"" VENTANA O NGO",4,93.00316667
50110039,"CARPETA WJ 1.5"" VENTANA O BCO",4,110.9490152
50110040,"CARPETA WJ 3"" VENTANA O BLANCO",4,170.0575322
50110041,"CARPETA WJ .5"" VENTANA O BCO",4,92.9433395
50110042,"CARPETA WJ 2"" VENTANA O BLANCO",4,123.380671
50110043,"CARPETA WJ 1"" VENTANA O BLANCO",4,93.00904438
50110044,"CARPETA WJ  5"" VENTANA D BLANC",4,336.1593705
50110045,"CARPETA WJ  4"" VENTANA D BCO",4,248.7516365
50110049,SEPARADOR WJ INS COLOR 8 DIV,4,53.25274087
50110052,CUBIERTA GBC CART LISO TRAN 20,4,143.0628992
50110053,CUBIERTA GBC CARTA LISO NG 20P,4,144.7994011
50110054,CUBIERTA GBC CART RAYA HUMO 20,4,147.1176125
50110055,CUBIERTA GBC CT RY CRISTAL 20P,4,149.5623853
50110056,ARILLO PLASTICO ESP NG 2/O GBC,4,143.157
50110064,MICA TERMICA,4,271.9085034
50110066,MICA GBC SEMIR CARTA C/15,4,140.9311146
50110184,MICA GBC EXTRAR 6.5X9.5CM 25P,4,47.96627237
50110185,ENMICADORA GBC FUSION 1000L 12,4,2485.655771
50110186,"ENMICADORA GBC FUSION 1100L 9""",4,1739.904255
50110187,ENGARGOLADORA GBC BINDMATE,4,2084.054366
50110190,"CARPETA WJ  2"" VENTANA D BLANC",4,170.4467466
50110191,"CARPETA WJ  1"" VENTANA O AZUL",4,93.76676224
50110192,"CARPETA WJ  2"" VENTANA O AZUL",4,124.1431488
50110193,SEPARADOR WJ MULTIDEX A-Z,4,90.26148826
50110194,SEPARADOR WJ MULTIDEX 12 DIV,4,71.59575881
50110195,SEPARADOR WJ MULTIDEX 5 DIV,4,54.97847444
50110196,SEPARADOR WJ MULTIDEX 8 DIV,4,63.68212786
50110197,SEPARADOR WJ MULTIDEX MENSUAL,4,72.17003528
50110198,SEPARADOR WJ MULTIDEX 15 DIV,4,79.8957332
50111545,SEPARADOR BORRABLE BLANCO 5DIV,4,39.41428247
50111548,SEPARADOR NUMERADO COLOR 8 DIV,4,44.68691997
50111549,SEPARADOR NUMERADO COLOR 10DIV,4,52.71102579
50111550,SEPARADOR NUMERADO COLOR 12DIV,4,49.02938217
50111551,SEPARADOR NUM COLOR MENSUAL WJ,4,42.063
50111552,SEPARADOR NUMERADO COLOR 15DIV,4,72.72124364
50111553,SEPARADOR NUMERADO COLOR A-Z,4,116.2153716
50111554,SEPARADOR NUMERADO COL 31DV WJ,4,137.636647
50111555,SEPARADOR BORRABLE BLANCO 8DIV,4,45.59548704
50111606,PROTECTOR GRUESO WJ 100 PZ,4,230.6942451
50111695,CARPETA ECOLOGICA O3 WJ,4,96.264
50111730,AGENDA BONG  2023-2024,4,239.043
50111731,AGENDA BONG  2023-2024 D2,4,239.0323716
50111732,AGENDA BONG D3  25-26,4,247.2438962
50112200,AGENDA TOP LINE FLEXIBLE 25,4,588.5109514
50112226,AGENDA PERSONAL PASTEL AZUL,4,185.073
50112234,AGENDA DIARIA HELLO KITTY,4,625.695
50112237,AGENDA DIARIA MESH AZUL 22,4,415.464
50112251,AGENDA DE ESCRI CARIBE AZUL,4,279.489
50112308,AGENDA DE ESCRITORIO SHOT AZUL,4,367.605
50112417,AGENDA COST CHARME M4 25,4,219.4048713
50112431,AGENDA EJECUT STALLION NEGRO,4,525.672
50112432,AGENDA DIARIA STALLION NEGRO,4,650.559
50112433,AGENDA DIARIA CUT  GRIS Y AZUL,4,650.559
50112434,AGENDA DIARIA AMBAR AZUL,4,650.559
50112435,AGENDA EJECUT CUT ACERO GRIS,4,525.672
50112436,AGENDA DIARIA MUJER ROMA,4,650.559
50112437,AGENDA EJECUTIVA AMBAR AZUL,4,525.672
50112438,AGENDA DIARIA MUJER PARIS,4,650.559
50112439,AGENDA EJECUTIVA DENIM AZUL,4,500.64
50112440,AGENDA DIARIA STALLION  CAFE,4,650.559
50112441,AGENDA EJECUTIVA STALLION CAFE,4,525.5838592
50112445,AGENDA ESP VANILLA M7 25,4,329.28
50112446,AGENDA ESP PLANNER W VILLAG M5,4,233.2473298
50112449,AGENDA ESP PLANNER SHINE M7,4,312.816
50112450,AGENDA ESP LE VANILLE M6,4,417.144
50112466,AGENDA MR BOUQUET JOURNAL,4,370.314
50112496,AGENDA MR RIGIDA AQUA PASSPORT,4,331.632
50113587,CARPETA EMOTIONS AZUL,4,345.5706923
50113588,CARPETA EMOT ROJA,4,280.7111339
50113589,CARPETA EMOT TURQUESA,4,278.8972574
50113590,CARPETA TAE DAY ROSA,4,279.1981111
50113591,CARPETA TAE DAY AZUL,4,278.3982353
50114142,CARPETA STUK MORADO NEON,4,135.45
50114146,CARPETA STUK VERDE NEON,4,135.45
50114147,CARPETA STUK AZUL NEON,4,135.45
50114148,CARPETA STUK ROSA NEON,4,135.45
50115433,AGENDA CAJA MALINDI NEGRO 23,4,465.318
50115444,AGENDA DIARIA PORTA CEL NEGRO,4,505.638
50115446,AGENDA DIARIA STRIPES MIEL 23,4,464.583
50115447,AGENDA DIARIA STRIPES ROJA 23,4,464.583
50115448,AGENDA DIARIA MESH MIEL,4,465.318
50115451,AGENDA DIARIA MESH ROJO 23,4,465.318
50115452,AGENDA DIARIA MESH NEGRO 23,4,465.318
50115458,AGENDA DIARIA MUJER VERDE,4,475.167
50115462,AGENDA DIARIA PORTA CEL AZUL,4,505.638
50115474,AGENDA DIARIA PORTA CEL MIEL,4,505.638
50115531,AGENDA DIARIA PRESI ICON NEGRO,4,651
50115547,AGENDA DE ESCRITORIO MESH AZUL,4,437.115
50115562,AGENDA DE ESCRITORIO MESH MIEL,4,437.115
50115576,AGENDA DE ESCRI TUCSON AZ MNO,4,421.344
50115601,AGENDA EJECUT SIGNAL AZUL GRIS,4,525.672
50115602,AGENDA DIARIA SIGNAL AZUL GRIS,4,650.559
50115604,AGENDA COST PLANNER LUME M5 26,4,241.605
50115606,AGENDA ESP PLANNER WV MET M7 25,4,329.28
50115607,AGENDA ESP WEST VILLAGE M6,4,417.144
50115608,AGENDA ESP SOHO M6,4,417.144
50115640,AGENDA CLASICA INDIA NEGRO 24,4,165.228
50115641,AGENDA CLASICA ONTARIO GRIS 24,4,165.228
50115643,AGENDA CLASICA CARIBE VERDE 24,4,165.228
50115644,AGENDA CLASICA CARIBE AZUL 24,4,165.228
50115647,AGENDA TRENDY DREAMCATCHER 24,4,401.268
50115648,AGENDA CLASICA INDIA AZUL 24,4,165.228
50115649,AGENDA TRENDY SUN MOON AZUL 24,4,401.268
50115653,AGENDA CLASICA ONTARIO AZUL 24,4,165.228
50115656,AGENDA TRENDY COLOR CATS BABYBLUE 24,4,401.268
50115658,AGENDA TRENDY ABSTRACTO,4,424.074
50115661,AGENDA CLASICA CARIBE NEGRO 24,4,165.228
50115666,AGENDA TRENDY SEEDS AZUL 24,4,401.268
50115667,AGENDA CLASICA PAROS CAFE CLARO 24,4,165.228
50115668,AGENDA CLASICA PAROS AZUL 24,4,165.228
50115671,AGENDA TRENDY EMPOWERMENT ROSA 24,4,401.268
50115672,AGENDA CLASICA PAROS CAFE 24,4,165.228
50115706,AGENDA STUK,4,224.847
50115770,AG.JOURNAL PASTEL RS 23,4,366.534
50115773,AGENDA DIARIA GERENCIAL ESPIRAL 2024,4,602.7
50115909,PLANEADOR BLUSH WAVES BIG,4,569.625
50115911,PLANEADOR CABANA STRIPER BIG,4,314.685
50115914,AGENDA LA FLEUR CLASSIC,4,704.865
50115917,AGENDA INKY FLORALS CLASSIC,4,940.212
50115919,AGENDA HPG CYANOTYPE FROSTE,4,940.212
50115920,PLANEADOR TIE DYE FITNESS SKIN,4,272.991
50115921,AGENDA WHIMSICAL DOODLES SKINN,4,587.181
50115931,HOJAS PERFECT PLANS,4,234.171
50115932,HOJAS RECIPE CLASSIC FILL,4,74.61855882
50115933,HOJAS LIFE IS SWEET CLASSIC,4,234.171
50116148,CARPETA HARRY POTTER MAPA,4,325.5
50116149,CARPETA HARRY POTTER BOLETO,4,329.3289814
50116436,CARPETA ECO STUCK,4,65.19399739
50116702,REGISTRADOR 1STCLASS TC VDE 2P,4,120.2302526
50116744,TABLA MINI HELLO SUNSHINE STUK,4,88.557
50116747,TABLA AMARILLA C/STICKERS STUK,4,73.269
50116748,TABLA MINI GOOD DAISY STUK,4,64.386
50116781,TABLA SUJETADOCUM C/BLOCK STUK,4,124.068
50116787,TABLA DE ACRILICO OMX COLORES,4,37.81527273
50116842,PROTECTORES DE HOJAS CARTA 100,4,56.57738755
50116863,"CARPETA 1"" MOON STUK",4,70.896
50116868,NOTAS ADH MOON STUK 200 HOJAS,4,38.661
50116872,TABLA SUJETADOC CARTA MOON,4,55.44
50118395,CARPETA STUK MOON VIOLETA,4,117.852
50118396,CARPETA STUK MOON AZUL,4,117.852
50118397,CARPETA STUK MOON ROSA,4,117.852
50118398,CARPETA STUK DAISY ROSA,4,117.852
50118399,CARPETA STUK DAISY AMARILLO,4,117.852
50118400,CARPETA STUK DAISY AZUL,4,117.852
50118806,CARPETA DISNEY 100 40 HOJAS RY,4,273.525
50118807,CARPETA MARVEL 40 HOJAS RY,4,273.525
50118817,AGENDA BONG ECO 25-26,4,247.0809018
50118818,AGENDA KITTY 1,4,254.835
50119816,SUPERCARPETA KIUT 2023,4,751.905
50119817,SUPERCARPETA JEANBOOK 2023,4,751.905
50120029,CARPETA CARTA RAYA 100H MULTILIN SCRIBE,4,242.1991391
50120030,CARPETA CARTA RAYA 100H INBLACK SCRIBE,4,399.1686931
50120031,CARPETA CARTA RAYA 100H MARIOBROS SCRIBE,4,401.9157187
50120032,CARPETA CARTA RAYA 100H EXCELLEN SCRIBE,4,399.3418386
50120230,CARPETA BLOC NB 3AN 35MM FLORES ARP,4,356.895
50120231,CARPETA BLOC NB 3AN 35MM ALICE,4,356.895
50122124,AGENDA 24 GDE AZUL ZAFIRO DIARIA DURA,4,846.153
50122125,AGENDA 24 GDE AZUL ZAFIRO DIARIA SUAVE,4,824.439
50122126,AGENDA 24 GDE NEGRA DIARIA DURA,4,846.153
50122127,AGENDA 24 GDE ROJO DIARIA DURA,4,846.153
50122128,AGENDA 24 GDE NEGRA SEMANAL DURA,4,802.704
50122129,AGENDA 24 GDE NEGRA SEMANAL SUAVE,4,780.99
50122130,AGENDA 24 GDE ROJO SEMANAL DURA,4,802.704
50122131,AGENDA 24 GDE ROJO SEMANAL SUAVE,4,780.99
50122132,AGENDA 24 GDE VERDE SEMANAL DURA,4,802.704
50122133,AGENDA 24 GDE ROJO BORGONA SEMANAL DURA,4,802.704
50122134,AGENDA 24 SPIRAL XGD NEGRA DURA,4,1041.663
50122135,AGENDA 24 SPIRAL XGD ALMOND DURA,4,1041.663
50122136,AGENDA SPIRAL SIN FECHA XGD CEREZA DURA,4,1063.398
50122137,AGENDA 24 GDE NEGRA DIARIA SUAVE,4,824.439
50122138,AGENDA 24 GDE ROJO DIARIA SUAVE,4,824.439
50122139,AGENDA 24 GDE ARENA SEMANAL DURA,4,802.704
50122194,AGENDA CAJA MALINDI AZUL 24,4,489.972
50122195,AGENDA CAJA MALINDI NEGRO 24,4,489.972
50122196,AGENDA DIARIA TUCSON AZUL 24,4,498.876
50122197,AGENDA DIARIA TUCSON MIEL 24,4,498.876
50122198,AGENDA DIARIA TUCSON NEGRO 24,4,498.876
50122199,AGENDA DIARIA TUCSON VINO 24,4,498.876
50122200,AGENDA DE ESCRITORIO TUCSON AZUL 24,4,451.374
50122201,AGENDA DE ESCRITORIO TUCSON MIEL 24,4,451.374
50122202,AGENDA DE ESCRITORIO TUCSON NEGRO 24,4,451.374
50122203,AGENDA DE ESCRITORIO TUCSON VINO 24,4,451.374
50122204,AGENDA DE ESCRITORIO ECOLOGICA GRIS 24,4,419.601
50122205,AGENDA DE ESCRITORIO ECOLOGICA MIEL 24,4,419.601
50122206,AGENDA DE ESCRITORIO ECOLOGICA VERDE 24,4,419.601
50122207,AGENDA DE ESCRITORIO ECOLOGICA ROJO 24,4,419.601
50122208,AGENDA DIARIA IVORY AZUL 24,4,465.696
50122209,AGENDA DIARIA IVORY NEGRA 24,4,465.696
50122210,AGENDA EJECUTIVA  TUCSON 24,4,423.171
50122211,AGENDA DE ESCRITORIO MUJER LILA 24,4,478.779
50122212,AGENDA DE ESCRITORIO MUJER VERDE 24,4,478.779
50122213,AGENDA DIARIA MUJER ROSA 24,4,500.367
50122214,AGENDA DIARIA MUJER NEGRO 24,4,500.367
50122215,AGENDA DE ESCRITORIO  BALI NEGRA 24,4,503.328
50122216,AGENDA DE ESCRITORIO  BALI AZUL 24,4,503.328
50122217,AGENDA DE ESCRITORIO  BALI CAFE 24,4,503.328
50122218,AGENDA DIARIA BALI NEGRO 24,4,532.434
50122219,AGENDA DIARIA BALI CAFE 24,4,532.434
50122220,AGENDA DIARIA BALI AZUL 24,4,532.434
50122221,AGENDA PERSONAL CARIBE AZUL 24,4,182.637
50122222,AGENDA PERSONAL CARIBE MANGO 24,4,182.637
50122223,AGENDA PERSONAL CARIBE VERDE 24,4,182.637
50122224,AGENDA PERSONAL CARIBE ROJO 24,4,182.637
50122225,AGENDA DE ESCRITORIO CARIBE MANGO 24,4,329.616
50122226,AGENDA DE ESCRITORIO CARIBE VERDE 24,4,329.616
50122227,AGENDA DE ESCRITORIO CARIBE AZUL 24,4,329.616
50122228,AGENDA DE ESCRITORIO CARIBE ROJO 24,4,329.616
50122229,MEMORANDUM CARIBE AZUL 24,4,326.655
50122230,MEMORANDUM CARIBE MANGO 24,4,326.655
50122231,MEMORANDUM CARIBE VERDE 24,4,326.655
50122232,MEMORANDUM CARIBE ROJO 24,4,326.655
50122233,AGENDA DIARIA CHOCOCAT ROSA 24,4,737.919
50122234,AGENDA DIARIA CHOCOCAT CAFE 24,4,737.919
50122235,AGENDA PERSONAL PASTEL ROSA AZUL 24,4,218.274
50122236,AGENDA PERSONAL PASTEL CIRCULOS 24,4,218.274
50122237,MEMORANDUM PASTEL ONDAS 24,4,344.463
50122238,MEMORANDUM PASTEL LINEAS DE COLORES 24,4,344.463
50122239,AGENDA DIARIA HARRY POTTER  MAPA 24,4,369.705
50122240,AGENDA DIARIA HARRY POTTER ESCUDO 24,4,369.705
50122241,AGENDA DIARIA HARRY POTTER THE WAND 24,4,369.705
50122242,AGENDA DIARIA HELLO KITTY ROJA 24,4,737.919
50122243,AGENDA DIARIA HELLO KITTY DORADA 24,4,737.919
50122244,AGENDA PERSONAL  MALINDI AZUL 24,4,151.452
50122245,AGENDA PERSONAL  MALINDI NEGRO 24,4,151.452
50122246,AGENDA DE ESCRITORIO MALINDI AZUL 24,4,332.598
50122247,AGENDA DE ESCRITORIO MALINDI NEGRO 24,4,332.598
50122248,AGENDA DIARIA MALINDI AZUL 24,4,399.525
50122249,AGENDA DIARIA MALINDI NEGRO 24,4,399.525
50122250,AGENDA DIARIA PUSHEEN LILA 24,4,286.545
50122251,AGENDA DIARIA PUSHEEN VERDE 24,4,286.545
50122252,AGENDA PERSONAL SHOT MORADO 24,4,240.534
50122253,AGENDA PERSONAL SHOT AZUL 24,4,240.534
50122254,AGENDA PERSONAL SHOT NARANJA 24,4,240.534
50122255,AGENDA PERSONAL SHOT GRAFITO 24,4,240.534
50122256,AGENDA DE ESCRITORIO SHOT AZUL 24,4,433.545
50122257,AGENDA DE ESCRITORIO SHOT NARANJA 24,4,433.545
50122258,AGENDA DE ESCRITORIO SHOT MORADO 24,4,433.545
50122259,AGENDA DE ESCRITORIO SHOT GRAFITO 24,4,433.545
50122260,AGENDA DIARIA SHOT AZUL 24,4,460.278
50122261,AGENDA DIARIA SHOT NARANJA 24,4,460.278
50122262,AGENDA DIARIA SHOT MORADO 24,4,460.278
50122263,AGENDA DIARIA SHOT GRAFITO 24,4,460.278
50122264,AGENDA DIARIA SNOOPY AZUL 24,4,351.876
50122265,AGENDA DIARIA SNOOPY NEGRA 24,4,351.876
50122266,AGENDA ESCRITORIO STRIPES ACQUA 24,4,466.746
50122267,AGENDA ESCRITORIO STRIPES NEGRA 24,4,466.746
50122268,AGENDA ESCRITORIO STRIPES ROJO 24,4,466.746
50122269,AGENDA ESCRITORIO STRIPES MIEL 24,4,466.746
50122270,AGENDA DIARIA STRIPES ACQUA 24,4,489.216
50122271,AGENDA DIARIA STRIPES NEGRA 24,4,489.216
50122272,AGENDA DIARIA STRIPES ROJA  24,4,489.216
50122273,AGENDA DIARIA STRIPES MIEL 24,4,489.216
50122274,AGENDA ESCRITORIO ULTRA SOFT AZUL 24,4,475.524
50122275,AGENDA ESCRITORIO ULTRA SOFT NEGRO 24,4,475.524
50122276,AGENDA ESCRITORIO ULTRA SOFT CAFE 24,4,475.524
50122277,AGENDA DIARIA TUCSON ULTRA SOFT AZUL 24,4,497.805
50122278,AGENDA DIARIA TUCSON ULTRA SOFT NEGRO 24,4,497.805
50122279,AGENDA DIARIA TUCSON ULTRA SOFT CAFE 24,4,497.805
50122280,AGENDA DIARIA MESH ROJO 24,4,489.972
50122281,AGENDA DIARIA MESH AZUL 24,4,489.972
50122282,AGENDA DIARIA MESH NEGRO 24,4,489.972
50122283,AGENDA DIARIA MESH MIEL 24,4,489.972
50122284,AGENDA DE ESCRITORIO MESH ROJO 24,4,460.278
50122285,AGENDA DE ESCRITORIO MESH AZUL 24,4,460.278
50122286,AGENDA DE ESCRITORIO MESH NEGRO 24,4,460.278
50122287,AGENDA DE ESCRITORIO MESH MIEL 24,4,460.278
50122288,AGENDA DIARIA BLACK  ROJO 24,4,498.078
50122289,AGENDA DIARIA BLACK AZUL 24,4,498.078
50122290,AGENDA DIARIA BLACK GRIS 24,4,498.078
50122291,AGENDA DE ESCRITORIO  BLACK  ROJO 24,4,475.524
50122292,AGENDA DE ESCRITORIO  BLACK  AZUL 24,4,475.524
50122293,AGENDA DE ESCRITORIO  BLACK GRIS 24,4,475.524
50122294,AGENDA SEMANAL MOSTROPI  24,4,369.705
50122295,AGENDA DIARIA TUCSON COLORS RJO NRNJA 24,4,464.709
50122296,AGENDA DIARIA TUCSON COLORS VDE AZUL 24,4,464.709
50122297,AGENDA DIARIA TUCSON COLORS LILA AQUA 24,4,464.709
50122298,AGENDA DIARIA TUCSON COLORS NJA RJO 24,4,464.709
50122299,AGENDA DIARIA PRESIDENCIAL ICON NEGRO 24,4,685.503
50122300,AGENDA DIARIA PRESIDENCIAL ICON AZUL 24,4,685.503
50122301,AGENDA ESC TUCSON COLORS RJO NRNJA 24,4,443.667
50122302,AGENDA ESC TUCSON COLORS LILA AQUA 24,4,443.667
50122303,AGENDA ESC TUCSON COLORS VDE AZUL 24,4,443.667
50122304,AGENDA ESC TUCSON COLORS NARANJA ROJO 24,4,443.667
50122305,AGENDA DIARIA EL PRINCIPITO 24,4,398.034
50122306,AGENDA DIARIA ETTA VEE LUCK 24,4,287.469
50122307,AGENDA DIARIA NIKKI CHU LOVE 24,4,287.469
50122308,AGENDA DIARIA DOMINIQUE VARI SELFLOVE 24,4,287.469
50122309,AGENDA DIARIA NIKKI CHU AZUL DREAM 24,4,287.469
50122310,AGENDA DIARIA PORTA CELULAR NEGRO 24,4,532.434
50122312,AGENDA DIARIA PORTA CELULAR AZUL 24,4,532.434
50122313,AGENDA DIARIA VANIA BACHUR  24,4,398.034
50122314,AGENDA DIARIA PRECIOUS MOMENTS 24,4,398.034
50122321,AGENDA PREMIUM KIUT 2024,4,534.24
50122322,AGENDA DIARIA KIUT 2024,4,355.74
50122323,AGENDA PERMANENTE KIUT 2024,4,410.655
50122324,AGENDA UPAK PREMIUM FLORES POP,4,646.422
50122325,AGENDA UPAK PREMIUM CHICAS FABULOSAS,4,646.422
50122326,AGENDA UPAK PREMIUM MARMOL,4,646.422
50122327,AGENDA UPAK PREMIUM GEOMETRIA,4,646.422
50122328,AGENDA UPAK PREMIUM DISNEY 100,4,646.422
50122329,AGENDA UPAK BASICA MARIE ARISTOGATOS,4,310.296
50122330,AGENDA UPAK BASICA STITCH DIVERTIDO,4,310.296
50122331,AGENDA UPAK BASICA ONDAS DE CORAZON,4,310.296
50122332,AGENDA UPAK BASICA LINEAS BRUSH BASICA,4,310.296
50122333,AGENDA UPAK DELUXE DISNEY PLATINUM,4,493.059
50122334,AGENDA UPAK DELUXE MARIPOSAS FASCINANTES,4,493.059
50122352,AGENDA TRENDY COLOR DOGS MORADO 24,4,401.268
50122353,AGENDA TRENDY DOG AMARILLO 24,4,401.268
50122354,AGENDA TRENDY INSPIRATION AZUL 24,4,401.268
50122355,AGENDA TRENDY ABSTRACT BLANCO 24,4,401.268
50122356,AGENDA TRENDY FLY AZUL 24,4,401.268
50122357,AGENDA TRENDY INVIROMENT AZUL 24,4,401.268
50122358,AGENDA TRENDY FLOWERS ROSA 24,4,401.268
50122359,AGENDA TRENDY FRUIT AMARILLO 24,4,401.268
50122360,AGENDA TRENDY SUNSHINE 24,4,401.268
50122361,AGENDA TRENDY WOMAN MORADO 24,4,401.268
50122362,AGENDA TRENDY CHIC AZUL 24,4,401.268
50122363,AGENDA TRENDY HAPPY 24,4,401.268
50122364,AGENDA TRENDY TRAVEL ROSA 24,4,401.268
50122365,AGENDA TRENDY STRIPES BLANCO Y NEGRO 24,4,401.268
50122366,AGENDA TRENDY FRESH BLANCO 24,4,401.268
50122367,AGENDA TRENDY VIBES BLANCO Y NEGRO 24,4,401.268
50122368,AGENDA TRENDY LIFE ROJO 24,4,401.268
50122369,AGENDA CLASICA CARIBE VINO 24,4,165.228
50122370,AGENDA CLASICA ONTARIO CAFE 24,4,165.228
50122371,AGENDA CLASICA INDIA GRIS 24,4,165.228
50122372,AGENDA CLASICA INDIA VINO 24,4,165.228
50122373,AGENDA CLASICA NATURE VERDE 24,4,165.228
50122374,AGENDA CLASICA NATURE TURQUESA 24,4,165.228
50122375,AGENDA CLASICA NATURE BEIGE 24,4,165.228
50122376,AGENDA CLASICA NATURE ROSA 24,4,165.228
50122377,AGENDA PLUS DIA PP BLUE BLOOM 24,4,387.366
50122378,AGENDA PLUS DIA PP CHESTER AGUAMARINA 24,4,421.911
50122379,AGENDA PLUS DIA PP CHESTER NEGRO 24,4,421.911
50122380,AGENDA PLUS DIA PP CHESTER ROSA 24,4,421.911
50122381,AGENDA PLUS DIA PP CONSTELLATION 24,4,387.366
50122382,AGENDA PLUS DIA PP LILLY 24,4,387.366
50122383,AGENDA PLUS DIA PP LUXOR FLEX NEGRO 24,4,402.822
50122384,AGENDA PLUS DIA PP LUXOR FLEX AZUL 24,4,402.822
50122385,AGENDA PLUS DIA PP SPRING DAWN 24,4,387.366
50122386,AGENDA PLUS DIA PP SWEET TERRAZO 24,4,387.366
50122387,AGENDA PASSPORT DIA PP ABSTRACT 24,4,254.604
50122388,AGENDA PASSPORT DIA PP ACUARELA 24,4,254.604
50122389,AGENDA PASSPORT DIA PP BLUE BLOOM 24,4,254.604
50122390,AGENDA PASSPORT DIA PP CHESTER NEGRO 24,4,304.164
50122391,AGENDA PASSPORT DIA PP CHESTER ROSA 24,4,304.164
50122392,AGENDA PASSPORT DIA PP LILLY 24,4,254.604
50122393,AGENDA PASSPORT DIA PP LUXOR FLEX NGO 24,4,290.073
50122394,AGENDA PASSPORT DIA PP LUXOR FLEX RJO 24,4,290.073
50122395,AGENDA PASSPORT DIA PP SWEET TERRAZO 24,4,254.604
50122396,AGENDA PASSPORT DIA PP VILLAGE 24,4,254.604
50122397,AGENDA JOURNAL DIA PP CONSTELLATION 24,4,332.346
50122398,AGENDA JOURNAL DIA PP PASTEL FLX AZUL 24,4,343.266
50122399,AGENDA JOURNAL DIA PP PASTEL FLX LILA 24,4,343.266
50122400,AGENDA JOURNAL DIA PP PASTEL FLX ROSA 24,4,343.266
50122401,AGENDA JOURNAL DIA PP PASTEL FLEX VDE 24,4,343.266
50122402,AGENDA JOURNAL DIA PP SPRING DAWN 24,4,332.346
50122403,AGENDA ESPIRAL PLUS DIA PP CITY NEGRO 24,4,272.79
50122404,AGENDA ESPIRAL PLUS DIA PP CALM AQUA 24,4,369.18
50122405,AGENDA ESPIRAL PLUS DIA PP CALM OCEAN 24,4,369.18
50122406,AGENDA ESPIRAL PLUS DIA PP CALM ARENA 24,4,369.18
50122407,AGENDA ESP PLUS DIA PP DAISY SUMMER 24,4,380.541
50122408,AGENDA ESP PLUS DIA PP FANTASY GARDEN 24,4,380.541
50122409,AGENDA ESP PLUS DIA PP LEAVES 24,4,380.541
50122410,AGENDA ESPIRAL PLUS DIA PP POLKA DOTS 24,4,380.541
50122411,AGENDA ESPIRAL PLUS DIA PP SWEET HOME 24,4,380.541
50122412,AGENDA ESP PLUS DIA PP RECYCLED AZUL 24,4,411.915
50122413,AGENDA ESP PLUS DIA PP RECYCLED YLLOW 24,4,411.915
50122414,AGENDA ESP PLUS DIA PP PETROLEO BASIC 24,4,407.82
50122415,AGENDA ESPIRAL PLUS DIA PP ROSA BASIC 24,4,407.82
50122416,AGENDA ESP PLUS DIA PP HOME SLOW LIFE 24,4,423.276
50122417,AGENDA ESP PLUS DIA PP JOY SLOW LIFE 24,4,423.276
50122418,AGENDA ESP PLUS SEMANAL SHOP COFFEE 24,4,314.16
50122419,AGENDA ESP PLUS SEMANAL BOUQUET FLOR 24,4,314.16
50122494,AGENDA TILIBRA D FEM CD M4 25,4,218.8520526
50122495,AGENDA TILIBRA SPOT FEM CD M5 26,4,239.2231731
50122496,AGENDA TILIBRA SPOT NEGRO GRIS CD M5,4,229.53
50122497,AGENDA TILIBRA HAPPY CD M6,4,417.144
50122498,PLANNER TILIBRA SOHO CD M7 26,4,325.0128726
50122499,AGENDA DIARIA GERENCIAL 2024,4,602.7
50122500,AGENDA DIARIA ESPIRAL 2024,4,508.2
50122501,AGENDA SEMANAL GERENCIAL 25,4,532.3389474
50122502,AGENDA DIARIA TRADICIONAL 25,4,537.7464016
50122503,AGENDA SEMANAL EMPRESARIAL 2024,4,602.7
50122504,AGENDA FORTEC DIARIA NEGRO MATE,4,419.706
50122505,AGENDA FORTEC DIARIA DENIM GRIS,4,650.559
50122506,AGENDA FORTEC DIARIA DENIM AZUL,4,650.559
50122507,AGENDA FORTEC DIARIA ELASTIC GRIS,4,650.559
50122508,AGENDA FORTEC DIARIA SIGNAL NEGRO GRIS,4,650.559
50122509,AGENDA FORTEC DIARIA ELASTIC AZUL,4,650.559
50122510,AGENDA FORTEC DIARIA AMBAR AZUL,4,650.559
50122511,AGENDA EJECUTIVA NEGRO MATE 26,4,374.388
50122512,AGENDA FORTEC EJECUTIVA DENIM GRIS,4,525.672
50122513,AGENDA FORTEC EJECUTIVA ELASTIC CAFE,4,525.672
50122514,AGENDA FORTEC EJECUTIVA SIGNAL NGRO GRIS,4,525.672
50122515,AGENDA FORTEC EJECUTIVA ELASTIC AZUL,4,525.672
50122516,AGENDA FORTEC EJECUTIVA AMBAR AZUL,4,525.672
50122517,AGENDA FORTEC MEMO ELASTIC AZUL,4,390.411
50122544,AGENDA BONNIE MARCUS 2024,4,275.604
50122545,AGENDA TURNOWSKY FLOWER SHOP 2024,4,275.604
50122546,AGENDA TUSCAN DELIGHT 2024,4,275.604
50122547,AGENDA CRACKLED BLUSH 2024,4,344.757
50123110,HARRY POTTER  CLIPBOARD A5,4,173.04
50123146,MAW DISNEY 100  CLIPBOARD A5,4,173.04
50123522,CARPETA CAFE EJECUTIVA BASICA,4,216.153
50123523,CARPETA VINTAGE EJECUTIVA,4,313.9659669
50123524,CARPETA CON CIERRE SALMON TEENS,4,324.765
50125167,TABLA CON CLIP CARTA NEGRO OFFICEMAX,4,30.63848968
50125172,TABLA SUJETADOCUMENTOS ECO STUK AZUL,4,51.61478706
50125179,TABLA MINI ECOLOGICA STUK,4,95.991
50125180,TABLA ACRILICO COLORES OFFICEMAX,4,34.062
50125461,TABLA MINI SMILEY STUK,4,70.64299141
50125495,TABLA MINI BUTTERFLY STUK,4,70.64300453
50125607,CARPETA DURA BOOK 3A FRAN KIUT,4,261.5753458
50125886,CARPETA DURA 3A UNICAMPUS,4,372.9910287
50127307,CARPETA STUK SMILEY AZUL,4,135.555
50127308,CARPETA STUK SMILEY RAYAS,4,135.555
50127309,CARPETA STUK SMILEY ROSA,4,135.555
50127310,CARPETA STUK SMILEY CARITAS,4,135.555
50127311,CARPETA STUK BUTTERFLY ROSA,4,135.555
50127312,CARPETA STUK BUTTERFLY AZUL,4,135.555
50127313,CARPETA STUK BUTTERFLY MORADO,4,135.555
50127680,CARPETA HELLO KITTY,4,334.257
50127894,CARPETA CARTA MICKEY Y AMIGOS,4,275.247
50127895,CARPETA CARTA MARIPOSA CIELO,4,275.247
50127956,AGENDA HELLO KITTY  CON LENTES,4,262.5
50127957,AGENDA HELLO KITTY ARCOIRIS,4,262.5
50127958,AGENDA PUSHEEN VIDEOJUEGO,4,262.5
50127959,AGENDA PUSHEEN LUNA,4,262.5
50127960,AGENDA SNOOPY DE PERFIL,4,262.5
50127961,AGENDA SNOOPY DE CABEZA,4,262.5
50127962,AGENDA VILLANO FAVORITO PERSONAJES,4,262.5
50127963,AGENDA VILLANO FAVORITO COMIC,4,262.5
50128082,ENMICADORA FUSION 65L,4,7682.703
50128084,ARILLO PLAST CERLOX 38A NEGRO 1/2 C/25,4,142.296
50128234,CARPETA REBEL,4,449.379
50128235,CARPETA DESERT,4,449.379
50128236,CARPETA EMOTIONS ROSA DUST,4,351.7876701
50128237,CARPETA EMOTIONS MENTA,4,350.301
50128238,CARPETA EMOTIONS KAKI,4,351.7630731
50128239,CARPETA EMOTIONS GRIS,4,351.783304
50128240,CARPETA EMOTIONS NEGRO,4,351.7958182
50128241,CARPETA ECOMAPS,4,379.449
50128451,REGISTRADOR OFFICEMAX TC 2PACK,4,87.90470871
50129135,AGENDA PREMIUM DIARIA ATACO NEGRA 25,4,450.6718125
50129136,AGENDA PREM DIARIA ILAMATEPEQUEC VINO 25,4,450.6923675
50129137,AGENDA PREMIUM DIARIA SUNZAL GRIS 25,4,450.6731026
50129138,AGENDA PREMIUM SUNZAL NEGRA 25,4,501.0491358
50129139,AGENDA PREMIUM SUNZAL AZUL 25,4,501.06
50129140,AGENDA PREMIUM SUNZAL AZUL CLARO 25,4,501.06
50129141,AGENDA TRENDY SUN & MOON 25,4,428.0130962
50129142,AGENDA TRENDY COLOR CATS 25,4,428.0102431
50129143,AGENDA TRENDY CAT 25,4,428.022
50129144,AGENDA TRENDY DOG 25,4,428.022
50129145,AGENDA TRENDY INSPIRATION 25,4,428.0137091
50129146,AGENDA TRENDY ABSTRACT 25,4,428.022
50129147,AGENDA TRENDY FLY 25,4,428.0132066
50129148,AGENDA TRENDY EMPOWERMENT 25,4,428.022
50129149,AGENDA TRENDY ENVIROMENT 25,4,427.4536056
50129150,AGENDA TRENDY FLOWERS 25,4,428.022
50129151,AGENDA TRENDY FRUIT 25,4,428.022
50129152,AGENDA TRENDY SUNSHINE 25,4,427.4396857
50129153,AGENDA TRENDY WOMAN 25,4,428.0136767
50129154,AGENDA TRENDY HAPPY 25,4,428.0048387
50129155,AGENDA TRENDY FRESH 25,4,428.0049609
50129156,AGENDA TRENDY VIBES 25,4,428.0053171
50129157,AGENDA TRENDY LIFE 25,4,428.022
50129158,AGENDA CLASICA VALENCIA BEIGE 25,4,176.215725
50129159,AGENDA CLASICA VALENCIA MARRON 25,4,176.232
50129160,AGENDA CLASICA CARIBE VERDE 25,4,176.2251832
50129161,AGENDA CLASICA CARIBE NEGRA 25,4,176.213662
50129162,AGENDA CLASICA CARIBE VINO 25,4,176.2292818
50129163,AGENDA CLASICA CARIBE AZUL 25,4,176.2237855
50129164,AGENDA CLASICA PAROS BEIGE 25,4,176.2155882
50129165,AGENDA CLASICA PAROS MARRON 25,4,176.1999836
50129166,AGENDA CLASICA PAROS AZUL 25,4,176.2099322
50129167,AGENDA CLASICA ONTARIO GRIS 25,4,176.228653
50129168,AGENDA CLASICA ONTARIO AZUL 25,4,176.2178478
50129169,AGENDA CLASICA ONTARIO MARRON 25,4,176.232
50129170,AGENDA CLASICA NATURE VERDE 25,4,176.2251111
50129171,AGENDA CLASICA NATURE TURQUEZA 25,4,176.2259159
50129172,AGENDA CLASICA NATURE ROSA 25,4,176.191732
50129173,AGENDA CLASICA NATURE AMARILLA 25,4,176.2212397
50129174,PLANNEADOR UNIVERSITARIO MARRON 25,4,400.344
50129175,PLANNEADOR UNIVERSITARIO GRIS 25,4,400.344
50129176,PLANNEADOR UNIVERSITARIO NEGRO 25,4,400.3294223
50129177,PLANNEADOR UNIVERSITARIO AZUL 25,4,400.331988
50129178,PLANNEADOR UNIVERSITARIO ROSA 25,4,400.344
50129379,AGENDA DIARIA DURA AZUL 25,4,846.153
50129380,AGENDA DIARIA DURA NEGRA 25,4,846.153
50129381,AGENDA DIARIA DURA ROJO 25,4,846.153
50129382,AGENDA DIARIA SUAVE NEGRA 25,4,824.439
50129383,AGENDA DIARIA SUAVE ROJO 25,4,824.439
50129384,AGENDA SEMANAL DURA NEGRA 25,4,802.704
50129385,AGENDA SEMANAL DURA ROJO 25,4,802.704
50129386,AGENDA SPIRAL PLANNER VERDE OLIVO 25,4,976.5
50129387,AGENDA SPIRAL PLANNER ALMENDRA 25,4,976.5
50129388,AGENDA SPIRAL PLANNER NEGRA 25,4,943.908
50129389,AGENDA HARRY POTTER SEMANAL DURA 25,4,867.888
50129390,AGENDA HARRY POTTER DIARIA DURA 25,4,835.296
50129391,AGENDA DIARIA SUAVE AZUL 25,4,824.439
50129392,AGENDA DIARIA SUAVE VERDE 25,4,824.439
50129393,AGENDA SEMANAL SUAVE NEGRA 25,4,780.99
50129394,AGENDA SEMANAL SUAVE ROJO 25,4,780.99
50129395,AGENDA SEMANAL DURA VERDE 25,4,802.704
50129426,AGENDA ESP PLANNER HAPPY M7 25,4,329.28
50129427,AGENDA ESP PLANNER W VILLAG M7 25,4,329.28
50129428,AGENDA ESP PLANNER KRAFTWOR M7 25,4,329.28
50129439,AGENDA CAJA MALINDI AZUL 25,4,504.672
50129440,AGENDA CAJA MALINDI NEGRO 25,4,504.672
50129441,AGENDA DIARIA TUCSON AZUL 25,4,513.849
50129442,AGENDA DIARIA TUCSON MIEL 25,4,513.849
50129443,AGENDA DIARIA TUCSON NEGRO 25,4,513.849
50129444,AGENDA DIARIA TUCSON VINO 25,4,513.849
50129445,AGENDA DE ESCRITORIO TUCSON AZUL 25,4,464.919
50129446,AGENDA DE ESCRITORIO TUCSON MIEL 25,4,464.919
50129447,AGENDA DE ESCRITORIO TUCSON NEGRO 25,4,464.919
50129448,AGENDA DE ESCRITORIO TUCSON VINO 25,4,464.919
50129449,AGENDA DE ESCRITORIO ECOLOGICA GRIS 25,4,432.18
50129450,AGENDA DE ESCRITORIO ECOLOGICA MIEL 25,4,432.18
50129451,AGENDA DE ESCRITORIO ECOLOGICA VERDE 25,4,432.18
50129452,AGENDA DE ESCRITORIO ECOLOGICA ROJO 25,4,432.18
50129453,AGENDA EJECUTIVA TUCSON 25,4,435.855
50129454,AGENDA DE ESCRITORIO MUJER LILA 25,4,493.143
50129455,AGENDA DE ESCRITORIO MUJER VERDE 25,4,493.143
50129456,AGENDA DIARIA MUJER ROSA 25,4,515.361
50129457,AGENDA DIARIA MUJER NEGRO 25,4,515.361
50129458,AGENDA DE ESCRITORIO  BALI NEGRA 25,4,518.427
50129459,AGENDA DE ESCRITORIO  BALI AZUL 25,4,518.427
50129460,AGENDA DE ESCRITORIO  BALI CAFE 25,4,518.427
50129461,AGENDA DIARIA BALI NEGRO 25,4,548.394
50129462,AGENDA DIARIA BALI CAFE 25,4,548.394
50129463,AGENDA DIARIA BALI AZUL 25,4,548.394
50129464,AGENDA PERSONAL CARIBE AZUL 25,4,188.097
50129465,AGENDA PERSONAL CARIBE AMARILLO 25,4,188.097
50129466,AGENDA PERSONAL CARIBE MENTA 25,4,188.097
50129467,AGENDA PERSONAL CARIBE ROJO 25,4,188.097
50129468,AGENDA DE ESCRITORIO CARIBE AMARILLO 25,4,339.507
50129469,AGENDA DE ESCRITORIO CARIBE MENTA 25,4,339.507
50129470,AGENDA DE ESCRITORIO CARIBE AZUL 25,4,339.507
50129471,AGENDA DE ESCRITORIO CARIBE ROJO 25,4,339.507
50129472,MEMORANDUM CARIBE AZUL 25,4,336.462
50129473,MEMORANDUM CARIBE AMARILLO 25,4,336.462
50129474,MEMORANDUM CARIBE MENTA 25,4,336.462
50129475,MEMORANDUM CARIBE ROJO 25,4,336.462
50129476,AGENDA DIARIA CHOCOCAT ROSA 25,4,760.053
50129477,AGENDA DIARIA CHOCOCAT CAFE 25,4,760.053
50129478,AGENDA PERSONAL PASTEL ROSA AZUL 25,4,224.826
50129479,AGENDA PERSONAL PASTEL CIRCULOS 25,4,224.826
50129480,MEMORANDUM PASTEL ONDAS 25,4,354.795
50129481,MEMORANDUM PASTEL LINEAS DE COLORES 25,4,354.795
50129482,AGENDA DIARIA HARRY POTTER  MAPA 25,4,380.814
50129483,AGENDA DIARIA HARRY POTTER ESCUDO 25,4,380.814
50129484,AGENDA DIARIA HARRY POTTER THE WAND 25,4,380.814
50129485,AGENDA DIARIA HELLO KITTY ROJA 25,4,760.053
50129486,AGENDA DIARIA HELLO KITTY DORADA 25,4,760.053
50129487,AGENDA PERSONAL  MALINDI AZUL 25,4,173.0732484
50129488,AGENDA PERSONAL  MALINDI NEGRO 25,4,177.826247
50129489,AGENDA DE ESCRITORIO MALINDI AZUL 25,4,342.573
50129490,AGENDA DE ESCRITORIO MALINDI NEGRO 25,4,342.573
50129491,AGENDA DIARIA MALINDI AZUL 25,4,411.516
50129492,AGENDA DIARIA MALINDI NEGRO 25,4,411.516
50129493,AGENDA DIARIA PUSHEEN LILA 25,4,295.155
50129494,AGENDA DIARIA PUSHEEN VERDE 25,4,295.155
50129495,AGENDA PERSONAL SHOT MORADO 25,4,247.758
50129496,AGENDA PERSONAL SHOT AZUL 25,4,247.758
50129497,AGENDA PERSONAL SHOT NARANJA 25,4,247.758
50129498,AGENDA PERSONAL SHOT GRAFITO 25,4,247.758
50129499,AGENDA DE ESCRITORIO SHOT AZUL 25,4,446.544
50129500,AGENDA DE ESCRITORIO SHOT NARANJA 25,4,446.544
50129501,AGENDA DE ESCRITORIO SHOT MORADO 25,4,446.544
50129502,AGENDA DE ESCRITORIO SHOT GRAFITO 25,4,446.544
50129503,AGENDA DIARIA SHOT AZUL 25,4,474.096
50129504,AGENDA DIARIA SHOT NARANJA 25,4,474.096
50129505,AGENDA DIARIA SHOT MORADO 25,4,474.096
50129506,AGENDA DIARIA SHOT GRAFITO 25,4,474.096
50129507,AGENDA DIARIA SNOOPY AZUL 25,4,362.439
50129508,AGENDA DIARIA SNOOPY NEGRA 25,4,362.439
50129509,AGENDA ESCRITORIO GARDENA AZUL 25,4,480.753
50129510,AGENDA ESCRITORIO GARDENA CAFE 25,4,480.753
50129511,AGENDA ESCRITORIO GARDENA GRIS 25,4,480.753
50129512,AGENDA ESCRITORIO GARDENA VERDE 25,4,480.753
50129513,AGENDA DIARIA GARDENA AZUL 25,4,503.895
50129514,AGENDA DIARIA GARDENA CAFE 25,4,503.895
50129515,AGENDA DIARIA GARDENA GRIS 25,4,503.895
50129516,AGENDA DIARIA GARDENA VERDE 25,4,503.895
50129517,AGENDA ESCRITORIO ULTRA SOFT AZUL 25,4,489.783
50129518,AGENDA ESCRITORIO ULTRA SOFT NEGRO 25,4,489.783
50129519,AGENDA ESCRITORIO ULTRA SOFT CAFE 25,4,489.783
50129520,AGENDA DIARIA TUCSON ULTRA SOFT AZUL 25,4,512.736
50129521,AGENDA DIARIA TUCSON ULTRA SOFT NEGRO 25,4,512.736
50129522,AGENDA DIARIA TUCSON ULTRA SOFT CAFE 25,4,512.736
50129523,AGENDA DIARIA MESH ROJO 25,4,504.672
50129524,AGENDA DIARIA MESH AZUL 25,4,504.672
50129525,AGENDA DIARIA MESH NEGRO 25,4,504.672
50129526,AGENDA DIARIA MESH MIEL 25,4,504.672
50129527,AGENDA DE ESCRITORIO MESH ROJO 25,4,474.096
50129528,AGENDA DE ESCRITORIO MESH AZUL 25,4,474.096
50129529,AGENDA DE ESCRITORIO MESH NEGRO 25,4,474.096
50129530,AGENDA DE ESCRITORIO MESH MIEL 25,4,474.096
50129531,AGENDA DIARIA BLACK  ROJO 25,4,513.03
50129532,AGENDA DIARIA BLACK AZUL 25,4,513.03
50129533,AGENDA DIARIA BLACK GRIS 25,4,513.03
50129534,AGENDA DE ESCRITORIO  BLACK  ROJO 25,4,489.783
50129535,AGENDA DE ESCRITORIO  BLACK  AZUL 25,4,489.783
50129536,AGENDA DE ESCRITORIO  BLACK GRIS 25,4,489.783
50129537,AGENDA SEMANAL MOSTROPI  25,4,380.814
50129538,AGENDA DIARIA PRESIDENCIAL ICON NEGRO 25,4,706.062
50129539,AGENDA DIARIA PRESIDENCIAL ICON AZUL 25,4,706.062
50129540,AGENDA DIARIA EL PRINCIPITO 25,4,409.983
50129541,AGENDA DIARIA ETTA VEE LUCK 25,4,296.1
50129542,AGENDA DIARIA NIKKI CHU LOVE 25,4,296.1
50129543,AGENDA DIARIA DOMINIQUE VARI SELFLOVE 25,4,296.1
50129544,AGENDA DIARIA NIKKI CHU AZUL DREAM 25,4,296.1
50129545,AGENDA DIARIA PORTA CELULAR NEGRO 25,4,548.394
50129546,AGENDA DIARIA PORTA CELULAR AZUL 25,4,548.394
50129547,AGENDA DIARIA VANIA BACHUR  25,4,409.983
50129548,AGENDA DIARIA PRECIOUS MOMENTS 25,4,409.983
50129550,AGENDA DIARIA FRIDA KAHLO 25,4,515.382
50129551,AGENDA DIARIA WICKED VERDE 25,4,515.382
50129552,AGENDA DIARIA WICKED NEGRO 25,4,515.382
50129553,AGENDA DIARIA BRISA MEDITERRANEA AZUL 25,4,478.653
50129554,AGENDA DIARIA MEDITERRANEA VERDE 25,4,478.653
50129555,AGENDA DIARIA BRISA MEDITERRANEA ROSA 25,4,478.653
50129556,AGENDA DIARIA MEDITERRANEA VIOLETA 25,4,478.653
50129557,AGENDA DE ESCRI MEDITERRANEA AZUL 25,4,456.981
50129558,AGENDA DE ESCRI MEDITERRANEA VERDE 25,4,456.981
50129559,AGENDA DE ESCRI MEDITERRANEA ROSA 25,4,456.981
50129560,AGENDA DE ESCRI MEDITERRANEA VIOLETA 25,4,456.981
50129567,AGENDA PREMIUM KIUT 25,4,531.951
50129568,AGENDA DIARIA KIUT 25,4,366.639
50129569,AGENDA PERMANENTE 25,4,398.643
50129595,AGENDA PLUS D/P AURORA 25,4,438.1939003
50129596,AGENDA PLUS D/P COLOR BLOCK 25,4,430.10772
50129597,AGENDA PLUS D/P AUTUM 25,4,434.3352594
50129598,AGENDA PLUS D/P BLOOM 25,4,428.9037921
50129599,AGENDA PLUS D/P DAISIES 25,4,448.6574856
50129600,AGENDA ESP PLUS D/P PP CITY NEGRO 25,4,405.2088121
50129601,AGENDA ESP PLUS D/P SPRING 25,4,428.0548034
50129602,AGENDA JOURNAL D/P JESSICA 25,4,366.3154332
50129603,AGENDA PLUS D/P CHESTER RIG NEGRO 25,4,486.4088511
50129604,AGENDA PLUS D/P CHESTER RIG ROSA 25,4,488.4329568
50129605,AGENDA JOURNAL D/P COLOR BLOCK 25,4,365.1118378
50129606,AGENDA PASSPORT D/P AURORA 25,4,289.2781277
50129607,AGENDA PASSPORT D/P MOONLIGHT 25,4,278.2667432
50129608,AGENDA PASSPORT D/P JESSICA 25,4,265.8825829
50129609,AGENDA PASSPORT D/P AUTUM 25,4,281.9899535
50129610,AGENDA PASSPORT D/P BLOOM 25,4,286.0164713
50129611,AGENDA ESP PLUS D/P OLIVA 25,4,426.5417816
50129612,AGENDA ESP PLUS D/P FANTASY GARDEN 25,4,432.977247
50129613,AGENDA PLUS D/P CHESTER RIG VERDE 25,4,478.6581705
50129614,AGENDA ESP PLUS D/P CALM AQUA 25,4,411.1297377
50129615,AGENDA ESP PLUS D/P CALM GRAFITO 25,4,420.4062973
50129617,AGENDA ESP PLUS D/P CALM ARENA 25,4,420.8613256
50129618,AGENDA ESP PLUS D/P MALLORCA 25,4,423.5827595
50129619,AGENDA ESP PLUS D/P POLKA DOTS 25,4,440.4845817
50129620,AGENDA ESP PLUS D/P LINEAS 25,4,418.0220448
50129621,AGENDA PASSPORT D/P LUXOR FLEX ROJO 25,4,319.6633858
50129622,AGENDA PLUS WO D/P VERDE BASICS 25,4,470.7883682
50129623,AGENDA PLUS WO D/P ROSA BASICS 25,4,483.5416286
50129624,AGENDA PASSPORT D/P CHESTER RIG NEGRO 25,4,348.598885
50129625,AGENDA PASSPORT D/P SILVIA 25,4,281.9061724
50129626,AGENDA PASSPORT D/P CHESTER RIG ROSA 25,4,349.1600393
50129627,AGENDA PASSPORT D/P LUXOR FLEX NEGRO 25,4,327.4029231
50129628,AGENDA PLUS WO D/P GRIS BASICS 25,4,448.7771186
50129629,AGENDA PLUS D/P VERDE BASICS 25,4,477.3565082
50129630,AGENDA PLUS D/P GRIS BASICS25,4,472.0919189
50129631,AGENDA PLUS D/P KRAFT YEAR BASICS 25,4,475.4154562
50129632,AGENDA PLUS WO D/P LEMON PPICNIC 25,4,491.7703966
50129633,AGENDA PLUS WO D/P RUST PPICNIC 25,4,486.3802222
50129634,AGENDA PLUS D/P SILVIA 25,4,433.0179474
50129635,AGENDA PLUS WO D/P TULIPANES JNIELSEN25,4,491.581402
50129636,AGENDA PLUS WO D/P DELEON JNIELSEN 25,4,489.8173333
50129637,AGENDA PLUS WO D/P HORTENSIAS JNIELSEN25,4,491.5770632
50129638,AGENDA PLUS D/P LUXOR FLEX NEGRO 25,4,429.5685088
50129639,AGENDA PLUS D/P LUXOR FLEX AZUL 25,4,441.0726306
50129640,AGENDA JOURNAL D/P CUADROS FLEX ROSA 25,4,376.4034815
50129641,AGENDA JOURNAL D/P CUADROS FLEXMARINO 25,4,375.026
50129642,AGENDA ESP PLUS D/P RECY NEGRO 25,4,434.496825
50129643,AGENDA ESP PLUS D/P RECY AZUL 25,4,426.4979392
50129658,AGENDA ESP PLUS D/P CALM OCEAN 25,4,414.2788347
50129775,AGENDA DIARIA BARD NEGRO 26,4,663.2423257
50129776,AGENDA DIARIA GRIS CLARO 25,4,658.1874823
50129777,AGENDA DIARIA LOVERE GRIS 26,4,661.1722754
50129778,AGENDA DIARIA LOVERE AZUL 26,4,657.4156029
50129779,AGENDA DIARIA ADRIA GRIS 26,4,660.6209364
50129780,AGENDA DIARIA ADRIA ROJO 25,4,650.559
50129781,AGENDA DIARIA CHIUSA ROJO 25,4,650.559
50129782,AGENDA DIARIA CHIUSA GRIS 26,4,659.8381058
50129783,AGENDA DIARIA RIVOLI AZUL 25,4,650.559
50129784,AGENDA DIARIA PROCIDA AZUL 25,4,650.559
50129785,AGENDA DIARIA FIORANO MORADO 25,4,650.559
50129786,AGENDA DIARIA PARÍS 26,4,659.78913
50129787,AGENDA DIARIA MOTIVO FLORESTA 25,4,659.7454306
50129788,AGENDA EJECUTIVA BARD NEGRO 26,4,534.1035724
50129789,AGENDA EJECUTIVA BARD GRIS CLARO 26,4,536.1167671
50129790,AGENDA EJECUTIVA LOVERE GRIS 25,4,525.672
50129791,AGENDA EJECUTIVA LOVERE AZUL 26,4,536.6869102
50129792,AGENDA EJECUTIVA LOVERE CAFE 25,4,525.672
50129793,AGENDA EJECUTIVA ADRIA GRIS 25,4,525.672
50129794,AGENDA EJECUTIVA CHIUSA ROJO 26,4,539.0266667
50129795,AGENDA EJECUTIVA CHIUSA GRIS 25,4,525.672
50129796,AGENDA EJECUTIVA RIVOLI AZUL 26,4,539.5490561
50129797,AGENDA EJECUTIVA PROCIDA NEGRA 25,4,537.066
50129798,AGENDA EJECUTIVA PROCIDA AZUL 25,4,537.36821
50129799,AGENDA MEMO CHIUSA AZUL 25,4,390.411
50129852,"""CARPETA ECOLOGICA CARTA KRAFT O 1"" KYM",4,60.9
50129899,AGENDA HAPPY PLANNER ETEREOS,4,469.518
50129900,AGENDA HAPPY PLANNER SERENE GARDEN,4,469.518
50129903,AGENDA HAPPY PLANNER INK & IVY MINI,4,351.834
50129904,AGENDA HAPPY PLANNER HUES OF BLUES MINI,4,351.834
50129905,AGENDA HAPPY PLANNER COASTAL CLUB MINI,4,351.834
50130707,AGENDA DXP SPRING 25,4,305.592
50130708,AGENDA SPRING 25,4,323.568
50130709,AGENDA DICTIO PASTEL 25,4,323.568
50130710,AGENDA HELLO FUN 25,4,323.568
50130711,AGENDA MATELASSE 26,4,495.5068125
50130712,AGENDA MAN 26,4,366.4962192
50130713,AGENDA MICKEY & FRIENDS 25,4,934.311
50130714,AGENDA STITCH 25,4,934.311
50130736,"ARILLO PLAST CERLOX 38A NEGRO C/25 9/16""",4,159.5239333
50130737,"ARILLO MET TWIN LOOP NG CAJA C/20 7/16""",4,168.8517283
50130738,"ARILLO MET TWIN LOOP NG CAJA C/20 1/2""",4,184.0003366
50130757,CARPETA BLANCA ESQUELA OMX,4,77.7
50130776,SEPARADOR DE LIBRO BRITISH BLOOM,4,126.042
50130782,PLANIFICADOR SEMANAL A5 88 H LEAVES WIND,4,239.274
50131058,TABLA SUJETADOCUMENTOS 50 H CATS STUK,4,74.046
50131101,AGENDA 87 HOJAS DISENO GATO CATS STUK,4,73.437
50131128,TABLA MINI C/CLIP  50 H  COLORS STUK,4,74.046
50131168,PLANEADOR PASTA DURA  88 H COLORS STUK,4,73.46274304
50131226,PLANEADOR GRIS MINDFULNESS,4,347.235
50131328,PLANEADOR LIBRO 100 AVENTURAS PAREJA,4,1022.7
50131329,PLANEADOR LIBRO 100 AVENTURAS FAMILIA,4,1022.7
50131330,PLANEADOR CARTAS 100 AVENTURAS EN PAREJA,4,798
50131331,PLANEADOR CARTAS 100 AVENTURAS FAMILIA,4,798
50131441,PLANEADOR SEMANAL LOTSO C ACCESMOOVING,4,288.225
50131645,CARPETA FLOREADA100H  HAPPYFLOWER APLI,4,430.458
50131646,CARPETA FLOREADA 100HSPRINGNIGHT APLI,4,430.458
50131659,CARPETA BLOCK EMOTIONS LAVANDA APLI,4,353.388
50131721,LAMINADORA ENMICADORA 13 TERMICA FRIO TC,4,1800.309
50131756,CARPETA CBI EJECUTIVA VINTAGE AZUL,4,313.908
50131757,CARPETA CBI EJECUTIVA SOBRE NEGRO,4,313.908
50131758,CARPETA CBI EJECUTIVA BASICA NEGRA,4,313.908
50131783,ENGARGOLADORA ENCUADER 450  MANL 21ORIF,4,4705.092
50131884,DIARIO SECRETO STITCH ANDROMEDA,4,336
50131943,CARPETA PROF KUROMI NORMA,4,379.029
50132140,CARPETA STUK COLORS VERDE,4,147.483
50132141,CARPETA STUK COLORS AMARILLO,4,147.483
50132142,CARPETA STUK CATS ROSA,4,147.483
50132143,CARPETA STUK CATS VERDE,4,147.483
50132411,CUBIERTA ENGARGOLAR LISA NEGRA C50 PZ,4,229.11
50133002,AGENDA ESCOLAR HELLO KITTY MORADO 25-26,4,280.875
50133003,AGENDA ESCOLAR HELLO KITTY ROJO 25-26,4,280.875
50133004,AGENDA ESCOLAR PUSHEEN ROSA 25-26,4,280.875
50133005,AGENDA ESCOLAR PUSHEEN AZUL 25-26,4,280.875
50133006,AGENDA ESCOLAR SNOOPY AMARILLA 25-26,4,280.875
50133007,AGENDA ESCOLAR SNOOPY AZUL 25-26,4,280.875
50133147,"""CARPETA VARIOS DISENOS MUJER 1"""" 25H""",4,107.52
50133148,"""CARPETA VARIOS DISENOS HOMBRE 1"""" 25H""",4,107.52
50133149,TABLA DISENOS C/CLIP,4,54.6
50133150,TABLA DISENO C/CLIP AZUL,4,103.95
50133151,TABLA DISENO C/CLIP NEGRA,4,103.95
50133152,TABLA DISENO MARMOLEADO ROSA,4,103.95
50133316,HOJAS PREMIUM 40H FLORES CLASSIC THP,4,198.87
50133317,HOJAS PREMIUM 40H MAR YEAH CLASSIC THP,4,198.87
50133318,HOJAS PREMIUM 40H HAPPY CLASSIC THP,4,198.87
50133319,HOJAS 40H LOVELY CLASSIC THP,4,198.87
50133320,HOJAS 40H JOY CLASSIC THP,4,198.87
50133334,"CARPETA OMX 1"" NEGRO ARILLO D",4,99.54
50133335,"CARPETA OMX 1"" BLANCA ARILLO D",4,100.17
50133336,"CARPETA OMX 2"" NEGRO ARILLO D",4,146.265
50133337,"CARPETA OMX 2"" BLANCA ARILLO D",4,146.265
50133338,"CARPETA OMX 3"" NEGRO ARILLO D",4,162.498
50133339,"CARPETA OMX 3"" BLANCA ARILLO D",4,162.498
50133340,"CARPETA OMX 4"" NEGRO ARILLO D",4,216.51
50133341,"CARPETA OMX 4"" BLANCA ARILLO D",4,216.51
50133342,"CARPETA OMX 5"" NEGRO ARILLO D",4,268.632
50133343,"CARPETA OMX 5"" BLANCA ARILLO D",4,268.632
50133346,"CARPETA VINIL OMX O 2"" BLANCO",4,96.285
50133348,"CARPETA VINIL OMX D 4"" BLANCO",4,176.337
50134096,CARPETA JURASSIC WORLD VERDE,4,160.02
50134097,CARPETA JURASSIC WORLD AZUL,4,160.02
50134098,CARPETA SNOOPY ROJA,4,160.02
50134099,CARPETA SNOOPY AZUL,4,160.02
50134100,CARPETA SNOOPY AMARILLA,4,160.02
50134137,AGENDA STUK OFFICEMAX NEGRO 26,4,267.561
50134138,AGENDA STUK OFFICEMAX BEIGE 26,4,267.561
50134139,AGENDA STUK OFFICEMAX GRIS 26,4,267.561
50134140,AGENDA STUK OFFICEMAX AZUL ACQUA 26,4,267.561
50134141,AGENDA STUK OFFICEMAX AZUL 26,4,267.561
50134282,ENGARGOLADORA ZEBRA TD-25 CARTA Y OFICIO,4,8647.38
50134437,AGENDA PREMIUM DIARIA ATACO NEGRO 26,4,394.592625
50134438,AGENDA PREMIUM DIARIA ATACO AZUL 26,4,394.5940385
50134439,AGENDA PREMIUM DIARIA ATACO VERDE 26,4,394.5938182
50134440,AGENDA PREMIUM DIARIA APANECA NEGRO 26,4,394.5915556
50134441,AGENDA PREMIUM DIARIA APANECA AZUL 26,4,394.590913
50134442,AGENDA PREMIUM DIARIA APANECA CAFE 26,4,394.5915556
50134443,AGENDA PREMIUM DIARIA ILAMATEPEC NEGRO 2,4,394.592
50134444,AGENDA PREMIUM DIARIA ILAMATEPEC AZUL 26,4,394.5938182
50134445,AGENDA PREMIUM DIARIA ILAMATEPEC CAFE 26,4,394.5929302
50134446,AGENDA PREMIUM DIARIA SUNZAL BEIGE 26,4,398.4792
50134447,AGENDA PREMIUM DIARIA SUNZAL AZUL 26,4,394.5927391
50134448,AGENDA PREMIUM DIARIA SUNZAL BURGUNDY 26,4,398.9817097
50134449,AGENDA PREMIUM GERENCIAL ATACO NEGRO 26,4,454.8212308
50134450,AGENDA PREMIUM GERENCIAL ATACO AZUL 26,4,454.8204419
50134451,AGENDA PREMIUM GERENCIAL ATACO VERDE 26,4,454.8205301
50134452,AGENDA PREMIUM GERENCIAL ATACO VERDE CRO,4,454.8207815
50134454,AGENDA PREMIUM GERENCIAL APANECA AZUL 26,4,454.8210513
50134455,AGENDA PREMIUM GERENCIAL APANECA CAFE 26,4,454.8213409
50134456,AGENDA PREMIUM GERENCIAL ILAMATEPEC NEGR,4,454.8206727
50134457,AGENDA PREMIUM GERENCIAL ILAMATEPEC AZUL,4,454.82073
50134458,AGENDA PREMIUM GERENCIAL ILAMATEPEC CAFE,4,454.8203774
50134459,AGENDA PREMIUM GERENCIAL SUNZAL BEIGE 26,4,454.8202273
50134460,AGENDA PREMIUM GERENCIAL SUNZAL AZUL 26,4,454.8203333
50134461,AGENDA PREMIUM GERENCIAL SUNZAL GRAY 26,4,454.8202703
50134462,AGENDA PREMIUM GERENCIAL SUNZAL BURGUNDY,4,454.8200488
50134463,AGENDA TRENDY SUN & MOON 26,4,395.1710387
50134464,AGENDA TRENDY DOG,4,395.480665
50134465,AGENDA TRENDY INSPIRATION 26,4,394.5916333
50134466,AGENDA TRENDY ABSTRACT 26,4,394.5901479
50134467,AGENDA TRENDY SEED 26,4,394.5905385
50134468,AGENDA TRENDY VIBES 26,4,394.5910967
50134469,AGENDA TRENDY FLOWERS 26,4,394.5921344
50134470,AGENDA TRENDY FRUIT 26,4,394.5901207
50134471,AGENDA TRENDY SUNSHINE 26,4,394.5903107
50134472,AGENDA TRENDY WOMAN 26,4,394.9075295
50134473,AGENDA TRENDY TRAVEL 26,4,395.2124644
50134474,AGENDA TRENDY ENVIRONMENT 26,4,394.5910841
50134475,AGENDA CLASICA CARIBE AZUL 26,4,186.9136706
50134476,AGENDA CLASICA CARIBE NEGRO 26,4,186.9131947
50134477,AGENDA CLASICA CARIBE CAFE 26,4,186.9134217
50134478,AGENDA CLASICA CARIBE BURGUNDY 26,4,186.913186
50134479,AGENDA CLASICA PAROS CAFE 26,4,186.9140206
50134480,AGENDA CLASICA PAROS GRIS 26,4,186.914
50134481,AGENDA CLASICA PAROS VERDE 26,4,186.9131532
50134482,AGENDA CLASICA ONTARIO GRIS 26,4,187.2536842
50134483,AGENDA CLASICA ONTARIO NEGRO 26,4,186.914
50134484,AGENDA CLASICA ONTARIO ROSA 26,4,186.9127826
50134485,AGENDA CLASICA ONTARIO TURQUESA 26,4,186.9149561
50134486,AGENDA CLASICA INDIA NARANJA 26,4,186.9142039
50134487,AGENDA CLASICA INDIA AZUL 26,4,187.1683518
50134488,AGENDA CLASICA INDIA BEIGE 26,4,186.9137407
50134489,AGENDA CLASICA INDIA CAFE 26,4,186.91425
50134490,AGENDA CLASICA NATURE BURGUNDY 26,4,186.9136889
50134491,AGENDA CLASICA NATURE CAFE 26,4,186.9142527
50134492,AGENDA CLASICA NATURE GRIS 26,4,187.7963836
50134551,FUNDA BOLS REUTILIZ 2ANILLOS 10X14PULG,4,1260
50134556,PELICULA PARA LAMINAR 25x500 NAP LAM,4,2523.822
50134617,TABLA SUJETADOCUMENTOS 50H CONSTELACION,4,77.75514783
50134684,CARPETA DISENO ESQUELA  NY,4,98.7
50134685,CARPETA DISENO ESQUELA OSO,4,98.7
50134686,CARPETA DISENO ESQUELA HEART,4,98.7
50134687,CARPETA DISENO ESQUELA LIFE,4,98.7
50134688,CARPETA DISENO ESQUELA STAR,4,98.7
50134689,CARPETA DISENO ESQUELA MAGIC,4,98.7
50135111,AGENDA CAJA MALINDI AZUL 26,4,538.482
50135113,AGENDA DIARIA TUCSON AZUL 26,4,548.268
50135114,AGENDA DIARIA TUCSON MIEL 26,4,548.268
50135115,AGENDA DIARIA TUCSON NEGRO 26,4,548.268
50135116,AGENDA DIARIA TUCSON VINO 26,4,548.268
50135117,AGENDA DE ESCRITORIO TUCSON AZUL 26,4,496.062
50135118,AGENDA DE ESCRITORIO TUCSON MIEL 26,4,496.062
50135119,AGENDA DE ESCRITORIO TUCSON NEGRO 26,4,496.062
50135120,AGENDA DE ESCRITORIO TUCSON VINO 26,4,496.062
50135121,AGENDA DE ESCRITORIO ECOLOGICA GRIS 25,4,461.139
50135122,AGENDA DE ESCRITORIO ECOLOGICA MIEL 25,4,461.139
50135123,AGENDA DE ESCRITORIO ECOLOGICA ROJO 25,4,461.139
50135124,AGENDA DE ESCRITORIO ECOLOGICA VERDE 25,4,461.139
50135125,AGENDA DIARIA ETTA VEE OLEO 26,4,315.924
50135126,AGENDA DIARIA DOMINIQUE ONDAS 26,4,315.924
50135127,AGENDA DIARIA ETTA VEE MOSAICOS 26,4,315.924
50135128,AGENDA DIARIA DOMINIQUE VARI ARCOIRIS 26,4,315.924
50135129,AGENDA EJECUTIVA TUCSON 26,4,465.066
50135130,AGENDA DE ESCRITORIO MUJER ROSA 26,4,526.197
50135131,AGENDA DE ESCRITORIO MUJER AZUL 26,4,526.197
50135132,AGENDA DIARIA MUJER ROSA 26,4,549.906
50135133,AGENDA DIARIA MUJER VERDE 26,4,549.906
50135134,AGENDA DE ESCRITORIO  BALI AZUL 26,4,553.161
50135135,AGENDA DE ESCRITORIO  BALI CAFE 26,4,553.161
50135136,AGENDA DE ESCRITORIO  BALI NEGRA 26,4,553.161
50135137,AGENDA DIARIA BALI AZUL 26,4,585.144
50135138,AGENDA DIARIA BALI CAFE 26,4,585.144
50135139,AGENDA DIARIA BALI NEGRO 26,4,585.144
50135140,AGENDA DE ESCRITORIO  BLACK  AZUL 26,4,522.606
50135141,AGENDA DE ESCRITORIO  BLACK GRIS 26,4,522.606
50135142,AGENDA DE ESCRITORIO  BLACK  ROJO 26,4,522.606
50135143,AGENDA DIARIA BLACK AZUL 26,4,547.386
50135144,AGENDA DIARIA BLACK GRIS 26,4,547.386
50135145,AGENDA DIARIA BLACK  ROJO 26,4,547.386
50135146,AGENDA DE ESCRI MEDITERRANEA AZUL 26,4,487.599
50135147,AGENDA DE ESCRI MEDITERRANEA GRIS 26,4,487.599
50135148,AGENDA DE ESCRI MEDITERRANEA ROSA 26,4,487.599
50135149,AGENDA DE ESCRI MEDITERRANEA VERDE 26,4,487.599
50135150,AGENDA DIARIA BRISA MEDITERRANEA AZUL 26,4,510.72
50135151,AGENDA DIARIA BRISA MEDITERRANEA GRIS 26,4,510.72
50135152,AGENDA DIARIA BRISA MEDITERRANEA ROSA 26,4,510.72
50135153,AGENDA DIARIA MEDITERRANEA VERDE 26,4,510.72
50135154,AGENDA PERSONAL CARIBE AZUL 26,4,200.718
50135155,AGENDA PERSONAL CARIBE MENTA 26,4,200.718
50135156,AGENDA PERSONAL CARIBE MANGO 26,4,200.718
50135157,AGENDA PERSONAL CARIBE ROJO 26,4,200.718
50135158,AGENDA DE ESCRITORIO CARIBE AZUL 26,4,362.25
50135159,AGENDA DE ESCRITORIO CARIBE MENTA 26,4,362.25
50135160,AGENDA DE ESCRITORIO CARIBE MANGO 26,4,362.25
50135161,AGENDA DE ESCRITORIO CARIBE ROJO 26,4,362.25
50135162,MEMORANDUM CARIBE AZUL 26,4,358.995
50135163,MEMORANDUM CARIBE MENTA 26,4,358.995
50135164,MEMORANDUM CARIBE MANGO 26,4,358.995
50135165,MEMORANDUM CARIBE ROJO 26,4,358.995
50135166,AGENDA DIARIA CHOCOCAT AZUL 26,4,549.906
50135167,AGENDA DIARIA CHOCOCAT VERDE 26,4,549.906
50135168,AGENDA DIARIA PORTA CELULAR AZUL 26,4,585.144
50135169,AGENDA DIARIA PORTA CELULAR MIEL 26,4,585.144
50135170,AGENDA DIARIA PORTA CELULAR NEGRO 26,4,585.144
50135171,AGENDA PERSONAL PASTEL ROSA AZUL 26,4,239.883
50135172,AGENDA PERSONAL PASTEL RAYAS 26,4,239.883
50135173,AGENDA DIARIA PASTEL 26,4,810.978
50135174,MEMORANDUM PASTEL CIRCULOS 26,4,378.567
50135175,MEMORANDUM PASTEL LINEAS 26,4,378.567
50135176,AGENDA DIARIA FRIDA KAHLO ROJO 26,4,810.978
50135177,AGENDA DIARIA FRIDA KAHLO 26,4,810.978
50135178,AGENDA ESCRITORIO GARDENA AZUL 26,4,512.967
50135179,AGENDA ESCRITORIO GARDENA CAFE 26,4,512.967
50135180,AGENDA ESCRITORIO GARDENA GRIS 26,4,512.967
50135181,AGENDA ESCRITORIO GARDENA VERDE 26,4,512.967
50135182,AGENDA DIARIA GARDENA AZUL 26,4,537.663
50135184,AGENDA DIARIA GARDENA GRIS 26,4,537.663
50135185,AGENDA DIARIA GARDENA VERDE 26,4,537.663
50135186,AGENDA DIARIA HARRY POTTER NEGRO 26,4,406.329
50135187,AGENDA DIARIA HARRY POTTER AZUL 26,4,406.329
50135188,AGENDA DIARIA HARRY POTTER VINO 26,4,406.329
50135189,AGENDA DIARIA PRESIDENCIAL ICON AZUL 26,4,753.375
50135190,AGENDA DIARIA PRESIDENCIAL ICON NEGRO 26,4,753.375
50135191,AGENDA DIARIA HELLO KITTY ROJA 26,4,549.906
50135192,AGENDA DIARIA HELLO KITTY ROSA 26,4,810.978
50135193,AGENDA DIARIA HELLO KITTY NEGRO 26,4,810.978
50135194,AGENDA DIARIA KUROMI MORADO 26,4,810.978
50135195,AGENDA DIARIA KUROMI NEGRO 26,4,810.978
50135196,AGENDA PERSONAL MALINDI AZUL 26,4,166.446
50135197,AGENDA PERSONAL MALINDI NEGRO 26,4,166.446
50135198,AGENDA DE ESCRITORIO MALINDI AZUL 26,4,365.526
50135199,AGENDA DE ESCRITORIO MALINDI NEGRO 26,4,365.526
50135200,AGENDA DIARIA MALINDI AZUL 26,4,439.089
50135201,AGENDA DIARIA MALINDI NEGRO 26,4,439.089
50135202,AGENDA DIARIA MESH AZUL 26,4,538.503
50135203,AGENDA DIARIA MESH MIEL 26,4,538.503
50135204,AGENDA DIARIA MESH NEGRO 26,4,538.503
50135205,AGENDA DIARIA MESH ROJO 26,4,538.503
50135206,AGENDA DE ESCRITORIO MESH AZUL 26,4,505.869
50135207,AGENDA DE ESCRITORIO MESH MIEL 26,4,505.869
50135208,AGENDA DE ESCRITORIO MESH NEGRO 26,4,505.869
50135209,AGENDA DE ESCRITORIO MESH ROJO 26,4,505.869
50135210,AGENDA DIARIA MILANO AZUL 26,4,585.144
50135211,AGENDA DIARIA MILANO COBRE 26,4,585.144
50135212,AGENDA SEMANAL MOSTROPI  26,4,406.329
50135213,AGENDA DIARIA PRECIOUS MOMENTS 26,4,437.451
50135214,AGENDA DIARIA EL PRINCIPITO 26,4,437.451
50135215,AGENDA DIARIA PUSHEEN ROSA 26,4,314.916
50135216,AGENDA DIARIA PUSHEEN AMARILLO 26,4,314.916
50135217,AGENDA PERSONAL SHOT MORADO 26,4,264.348
50135218,AGENDA PERSONAL SHOT PLATA 26,4,264.348
50135219,AGENDA DE ESCRITORIO SHOT AZUL 26,4,476.469
50135220,AGENDA DE ESCRITORIO SHOT GRAFITO 26,4,476.469
50135221,AGENDA DE ESCRITORIO SHOT MORADO 26,4,476.469
50135222,AGENDA DE ESCRITORIO SHOT PLATA 26,4,476.469
50135223,AGENDA DIARIA SHOT AZUL 26,4,505.869
50135224,AGENDA DIARIA SHOT GRAFITO 26,4,505.869
50135225,AGENDA DIARIA SHOT MORADO 26,4,505.869
50135226,AGENDA DIARIA SHOT PLATA 26,4,505.869
50135227,AGENDA DIARIA SNOOPY AMARILLO 26,4,386.715
50135228,AGENDA DIARIA SNOOPY ROJA 26,4,386.715
50135229,AGENDA ESCRITORIO ULTRA SOFT AZUL 26,4,522.606
50135230,AGENDA ESCRITORIO ULTRA SOFT CAFE 26,4,522.606
50135231,AGENDA ESCRITORIO ULTRA SOFT NEGRO 26,4,522.606
50135232,AGENDA DIARIA VANIA BACHUR 26,4,810.978
50135233,AGENDA DIARIA WICKED ROSA 26,4,549.906
50135234,AGENDA DIARIA WICKED NEGRO 26,4,549.906
50135289,AGENDA DIARIA LINE MARRON 26,4,185.808
50135290,AGENDA DIARIA LINE NEGRO 26,4,185.808
50135291,AGENDA DIARIA COPPA MAGENTA 26,4,176.4
50135292,AGENDA DIARIA COPPA AZUL CLARO 26,4,176.4
50135293,AGENDA DIARIA BOSTON NEGRO 26,4,139.944
50135294,AGENDA DIARIA BOSTON AZUL 26,4,139.944
50135295,AGENDA DIARIA BOSTON AQUA 26,4,139.944
50135296,AGENDA DIARIA BOSTON ROJO 26,4,139.944
50135297,AGENDA DIARIA BOSTON VERDE 26,4,139.944
50135298,AGENDA DIARIA BOSTON VERDE CLARO 26,4,139.944
50135299,AGENDA WIRE0 21DZ 26,4,163.464
50135371,AGENDA PREMIUM KIUT 26,4,559.461
50135372,AGENDA DIARIA KIUT 26,4,385.203
50135373,AGENDA PERMANENTE KIUT 26,4,417.291
50135387,AGENDA DIARIA TILIBRA M4 26,4,329.28
50135388,AGENDA PLANNER GRAMP M7 26,4,111.3
50135389,AGENDA PLANNER PRATIKA M7 26,4,329.28
50135390,AGENDA PLANNER NAPOLI M7 26,4,219.429
50135391,AGENDA BASI FRASES MAGICAS 26,4,325.815
50135392,AGENDA PREM STITCH ENCANTADOR 26,4,678.741
50135393,AGENDA PREM26 PARIS Y NEW YORK 26,4,678.741
50135394,AGENDA PREM LINEAS TEXTURAS 26,4,678.741
50135426,AGENDA DIARIA GERENCIAL 26,4,655.83
50135427,AGENDA DIARIA 26,4,655.83
50135428,AGENDA SEMANAL 26,4,655.83
50135429,PLANEADOR EJECUTIVO COPPA NEGRO 26,4,139.4851667
50135430,PLANEADOR EJECUTIVO COPPA AZUL 26,4,139.2229622
50135431,PLANEADOR EJECUTIVO COPPA BURDEOS 26,4,139.6558649
50135448,AGENDA POCKET PASTEL 26,4,173.607
50135449,AGENDA POCKET SPRING 26,4,173.607
50135450,AGENDA POCKET BOHO 26,4,162.393
50135453,AGENDA 10X15 DIARIA PASTEL 26,4,266.007
50135454,AGENDA 10X15 DIARIA SPRING 26,4,266.007
50135455,AGENDA SEMANAL URBAN 26,4,266.007
50135456,AGENDA 15X21 DIARIA BOHO 26,4,431.193
50135457,AGENDA 15X21 DIARIA PASTEL 26,4,431.193
50135458,AGENDA 15X21 DIARIA SPRING 26,4,431.193
50135459,AGENDA PLANNER SEMANAL 26,4,294
50135460,AGENDA NOTES SEMANAL 26,4,336
50135463,AGENDA DIARIA GARDEN 26,4,756
50135464,AGENDA DIARIA HARRY POTTER 26,4,938.007
50135522,AGENDA PLUS S/V CALM AQUA 26,4,219.8601346
50135523,AGENDA PLUS S/V POLKA DOTS 26,4,242.7140287
50135524,AGENDA PLUS S/V CONFETI 26,4,242.7152247
50135525,AGENDA PLUS D/P CALM OCEAN 26,4,357.4869673
50135526,AGENDA PLUS D/P RECY GRAFITO 26,4,398.9894439
50135527,AGENDA PLUS D/P RECY NATURAL 26,4,398.98957
50135528,AGENDA PLUS D/P RECY ROSA 26,4,398.9893451
50135529,AGENDA PLUS S/V LINEAS GRIS BASICS 26,4,250.2453537
50135530,AGENDA PLUS S/V CHESTER RIG ROSA 26,4,296.5242447
50135531,AGENDA PLUS S/V MINI GARDEN 26,4,242.9112
50135532,AGENDA PLUS D/P CHESTER RIG VERDE 26,4,409.2286481
50135533,AGENDA PLUS D/P GRADIENT 26,4,375.244219
50135534,AGENDA PLUS D/P LUXOR FLEX.AZUL 26,4,390.1365889
50135535,AGENDA PLUS WO S/V GRIS BASICS 26,4,250.1706388
50135536,AGENDA PLUS WO S/V MALVA BASICS 26,4,250.171303
50135537,AGENDA PLUS WO S/V ROSETTE ARNO 26,4,304.2671309
50135538,AGENDA PLUS WO S/V AMAPOLA ENTREDOS 26,4,304.588123
50135539,AGENDA PLUS WO D/P MARINO BASICS 26,4,390.9871356
50135540,AGENDA PLUS WO D/P NEGRO BASICS 26,4,390.9869474
50135541,AGENDA PLUS WO D/P BAMBU ARNO 26,4,416.1768184
50135542,AGENDA PLUS WO D/P BOUQUET ARNO 26,4,416.1767556
50135543,AGENDA ACTIVA S/V CALM GRAFITO 26,4,164.5864473
50135544,AGENDA ACTIVA S/V PP CITY MARINO 26,4,152.4556206
50135545,AGENDA ACTIVA S/V BADEN 26,4,190.820606
50135546,AGENDA JOURNAL D/P TERRAZO 26,4,322.3393755
50135547,AGENDA JOURNAL D/P CUADRO FLEX MARINO 26,4,333.0762839
50135548,AGENDA JOURNAL D/P CUADROS FLEX VERDE 26,4,332.6047614
50135549,AGENDA JOURNAL S/V HOUSES 26,4,213.3173511
50135550,PLANNER SEMANAL 26,4,142.5214
50135551,AGENDA PLUS D/P KRAFT NUBES BASICS 26,4,390.9878731
50135552,AGENDA JOURNAL S/V LUXOR FLX NEGRO 26,4,244.4405727
50135682,AGENDA POCKET ESP BOHO 26,4,178.248
50135683,AGENDA 14X20 DIARIA SNOOPY,4,940.8
50135702,AGENDA ZAFIRO DIARIA PASTA DURA AZUL 26,4,900.459
50135703,AGENDA ZAFIRO DIARIA PASTA SUAVE AZUL 26,4,867.888
50135704,AGENDA DIARIA PASTA DURA NEGRA 26,4,900.459
50135705,AGENDA DIARIA PASTA SUAVE NEGRA 26,4,867.888
50135706,AGENDA DIARIA PASTA DURA ROJA 26,4,900.459
50135707,AGENDA DIARIA PASTA SUAVE ROJA 26,4,867.888
50135708,AGENDA DIARIA PASTA DURA VERDE 26,4,900.459
50135709,AGENDA DIARIA PASTA SUAVE VERDE 26,4,867.888
50135710,AGENDA SEMANAL PASTA DURA NEGRA 26,4,824.439
50135711,AGENDA SEMANAL PASTA SUAVE NEGRA 26,4,802.704
50135712,AGENDA ZAFIRO SEMANAL PASTA DURA 26,4,824.439
50135713,AGENDA ZAFIRO SEMANAL PASTA SUAVE 26,4,802.704
50135714,AGENDA SEMANAL PASTA DURA ROJA 26,4,824.439
50135715,AGENDA SEMANAL PASTA SUAVE ROJA 26,4,802.704
50135716,AGENDA SEMANAL PASTA DURA  VERDE 26,4,824.439
50135717,AGENDA SEMANAL PASTA SUAVE  VERDE 26,4,802.704
50135718,AGENDA SEMANAL SNOOPY PEANUTS 26,4,824.439
50135719,AGENDA DIARIA SNOOPY PEANUTS 26,4,889.602
50135720,AGENDA DIARIA PASTA DURA LILA 26,4,900.459
50135721,AGENDA ALMENDRA PASTA DURA LIFE 26,4,1009.092
50135722,AGENDA NEGRA PASTA SUAVE LIFE 26,4,987.357
50137082,AGENDA ESPIRAL INCOLORS SCRIBE,4,415.8
50137565,ENMICADORA LM4201NTC 345,4,1375.5
50137568,ENGARGOLADORA,4,2534.469
50137581,CARPETA EJECUTIVA AZUL,4,129.255
50137582,CARPETA EJECUTIVA ROJO,4,129.255
50137583,CARPETA EJECUTIVA ROSA,4,129.255
50027259,LIBRO  FLORETE RAY ESTRELLA 96H,5,172.074
50027260,LIBRO FLORETE DIARIO ESTRELLA,5,176.5709644
50027261,LIBRO FLORETE MAYOR O CAJA,5,175.6502038
50027262,LIBRO FLORETE FRANC ESTREL 96H,5,172.918963
50027263,LIBRO FLORETE ITALI ESTRELLA RY 96H,5,282.9701417
50027264,LIBRETA FLOR ES RAY 192 HJAS,5,339.171
50027266,BITACORA DE OBRA ESTRELLA 96 H,5,247.6563353
50033928,POLIZA CHEQUE TC 5BLOCK OMX,5,223.7515695
50033929,POLIZA CHEQUE 1/2OF 10B 50H OM,5,347.1253064
50050954,POLIZA CHEQUE INTERC 1/2OF 50J,5,151.7050736
50050957,REMISION TRIPLIC 1/4 39JGS OMX,5,54.69198907
50050958,REMISION ORIGINAL 1/4 120H OMX,5,55.18176226
50050959,POLIZA CHEQUE INTERC TC 50J OM,5,203.2171274
50050961,SOLICITUD DE EMPLEO 2B 25JGS,5,71.62100122
50051118,REMISION DUPLI 1/4 60JGS OMX,5,46.33543657
50061585,LIBRO DE VENTA 3 BLOCKS 50JGS,5,67.88876731
50061586,COMANDA RESTAURANTE 3PZ 100HJS,5,54.88966925
50061587,LIBRO DE VENTAS/PEDIDOS 50JGS,5,127.1740462
50061592,NOTA REMISION AUTOCOPIANTE 25J,5,56.76351966
50061593,RECIBO RENTA/DINERO AUTOC 50J,5,36.22161227
50061596,LIBRO FONOMEMO AUTOCNTE 300JGS,5,106.5916862
50065635,CALENDARIO NEW YORK BW 2011 S.,5,186.557
50069969,REMISION AUTO 1/4 CTA 22 J 3P,5,87.21821491
50069970,RECIBO NOMINA 25J. 1/4  3P,5,57.28553593
50069982,VALE PROVICIONA CAJ 50H 1/4 3P,5,42.60750343
50069983,COMPROBANTE GASTO 50H 1/4 3 PIEZAS,5,42.504
50082379,LIBRO DE TRANSITO 96 HOJAS,5,104.5924157
50082380,LIBRO DE NIVEL  96 H,5,101.8893854
50084628,LIBRO REGISTRO VISITAS 96H,5,246.4681937
50088907,RELOJ CHECADOR HUELLA 35 EMPL,5,4180.089398
50099562,PAPEL OMX PRECOR MEDCT TC 250H,5,231.4016551
50100555,NOTA DE REMISION 4B 1/2C ORIG,5,110.5187895
50100556,NOTA DE REMISION 4B/2C DUPL,5,110.6417957
50100557,NOTA DE REMISION 4B 1/2C TRIP,5,108.8608879
50100561,RECIBO DE NOMINA 4B 1/4C AUTO,5,123.6727021
50100562,CONTRARECIBO 4B 1/4C AUTOCO,5,152.0359789
50100563,VALE PROVISIONAL 4B 1/4C 50 HJ,5,81.35971502
50100564,COMPROBANTE DE GASTOS 4B 1/4C,5,81.72956649
50100565,NOTA DE ENTRADA 1/2C 2B,5,117.3343885
50100566,NOTA DE SALIDA 1/2C 2B,5,115.2193569
50100568,RENTA/DINERO AUT 2BLOCKS 25JGS,5,57.59171353
50100573,COMANDA RESTAURANTE 3B,5,54.32577897
50100577,ESQUEMA MAYOR TC 50H 2B,5,103.55533
50100579,POLIZA DE EGRESOS 2B,5,148.6907512
50100580,POLIZA DE INGRESOS 2B,5,149.3367837
50100976,Directorio Telefonico Estrella,5,80.619
50103912,CALENDARIO SOBREMESA A5,5,87.591
50105259,CARPETA PORTA CUENTA,5,177.6110734
50105263,PORTAMENU OFFICEMAX,5,268.7716025
50108914,"PAGARE 1/3  CON 50 HJS, 2 PZS",5,76.83203114
50108915,"TABULAR 4 COL 50 HJS, 2 PZS",5,158.3296604
50108916,"TABULAR 8 COL 50 HJS, 3 PZS",5,157.0104828
50108917,"BLOCK TABULAR 3 COL, 50 HJS",5,79.01797733
50108918,RAYADO DIARIO CON 50 HOJAS,5,51.807
50108919,BLOCK HOJA DE BALANCE D/CARTA,5,98.2995
50108920,BLOCK CARTA PODER CON 50 HOJAS,5,85.806
50111398,"PLANNER MENSUAL ""COSMOS""",5,132.3
50111404,"PLANNER SEMANAL ""SAYULITA""",5,134.4
50114754,PLANNER MENSUAL SUNRISE,5,151.2
50114755,PLANNER MENSUAL EARTHY,5,151.2
50114756,PLANNER MENSUAL PUMPKIN,5,151.2
50114757,PLANNER MENSUAL SMOOTHY,5,151.2
50114758,PLANNER SEMANAL SUNSET,5,150.15
50114759,PLANNER SEMANAL RAINBOW,5,150.15
50114760,PLANNER SEMANAL AUTUMM,5,150.15
50114761,PLANNER SEMANAL HARMONY,5,150.15
50118581,PLANNER SEMANAL MOON AZUL,5,132.006
50118582,PLANNER SEMANAL MOON ROSA,5,132.006
50118583,PLANNER SEMANAL MOON VIOLETA,5,132.006
50118584,PLANNER SEMANAL DAISY AMARILLO,5,132.006
50118585,PLANNER SEMANAL DAISY ROSA,5,132.006
50118586,PLANNER SEMANAL DAISY AZUL,5,132.006
50118587,PLANNER MENSUAL MOON AZUL,5,141.141
50118588,PLANNER MENSUAL MOON ROSA,5,141.141
50118589,PLANNER MENSUAL MOON VIOLETA,5,141.141
50118590,PLANNER MENSUAL DAISY AMARILLO,5,141.141
50118591,PLANNER MENSUAL DAISY ROSA,5,141.141
50118592,PLANNER MENSUAL DAISY AZUL,5,141.141
50120467,PLANNER FLORES 4 MESES SIN FECHA CLASICO,5,451.0234615
50120468,PLANNER PERRITOS 12 MESES SIN FECHA CLAS,5,704.865
50120469,PLANNER 12 MESES SIN FECHA CLASICO,5,651.7835625
50120486,CALENDARIO ESCRITORIO 12 MESES,5,316.533
50120487,BLOC DE NOTAS SEM Y ALFOMBRILLA DE RATON,5,222.411
50122335,CALENDARIO UPAK MARIPOSAS,5,229.32
50122336,CALENDARIO UPAK STITCH,5,229.32
50122337,CALENDARIO UPAK ESTACIONES,5,229.32
50122338,CALENDARIO UPAK DISNEY 100,5,229.32
50122339,CALENDARIO UPAK RASCACIELOS,5,229.32
50122340,CALENDARIO UPAK MASCOTAS DIVERTIDAS,5,229.32
50122420,CALENDARIO PARED A3 BASIC 24,5,196.413
50122421,CALENDARIO PARED A3 CHROMAT 24,5,221.403
50122422,CALENDARIO PARED A3 FLORES  24,5,240.513
50122423,CALENDARIO PARED A3 LOVELY 24,5,237.321
50122424,CALENDARIO PARED A3 RECYCLED 24,5,223.23
50122425,CALENDARIO PARED A4 CHROMAT 24,5,158.676
50122426,CALENDARIO SOBREMESA A5 BASIC 24,5,117.747
50122427,CALENDARIO SOBREMESA A5 CHROMAT 24,5,145.026
50122428,CALENDARIO SOBREMESA A5 FLORES  24,5,162.75
50122429,CALENDARIO SOBREMESA A5 LOVELY 24,5,155.946
50122430,CALENDARIO SOBREMESA A5 RECYCLED 24,5,146.391
50122518,FORTEC CALENDARIO EJECUTIVO,5,123.039
50122519,FORTEC CALENDARIO EXFOLIADOR,5,129.003
50122548,CALENDARIO 2024 SEASIDE CURRENTS 2024 D,5,196.581
50122549,CALENDARIO 2024 BONNIE MARCUS 2024 D,5,196.581
50122550,CALENDARIO 2024 TURNOWSKY 2024 D,5,196.581
50122551,CALENDARIO 2024 BONNIE MARCUS S,5,257.7225
50122552,CALENDARIO 2024 BALI S,5,245.973
50122553,CALENDARIO 2024 ROME S,5,245.973
50122554,CALENDARIO 2024 LARGE PRINT S MATTE,5,245.973
50122555,CALENDARIO 2024 BANKSY'S GRAFFITI S,5,334.887
50122556,CALENDARIO 2024 MOONSTRUCK SF,5,334.887
50122557,CALENDARIO 2024 TRANQUILITY S,5,334.887
50122558,CALENDARIO 2024 GARDENS SF,5,334.887
50122559,CALENDARIO 2024 INSPIRATION SF,5,334.887
50122560,CALENDARIO 2024 VICENT VAN GOGH SF,5,334.887
50122561,CALENDARIO 2024 ASTRONOMY S,5,334.887
50122562,CALENDARIO 2024 KITCHEN S,5,334.887
50122563,CALENDARIO 2024 PARIS SF,5,334.887
50122564,CALENDARIO 2024 MINDFUL LIVING,5,334.887
50122565,CALENDARIO 2024 LONDON S,5,334.887
50122566,CALENDARIO 2024 MAGIC PLACES SF,5,334.887
50122567,CALENDARIO 2024 IMPRESSIONISTS,5,334.887
50122568,CALENDARIO 2024 COCINAS MEXICANAS S,5,334.887
50122569,CALENDARIO 2024 HACIENDAS DE MEXICO S,5,334.887
50122570,CALENDARIO 2024 MERCADOS DE MEXICO S,5,334.887
50122571,CALENDARIO 2024 MEXICO S,5,334.887
50123896,PLANNER 12 MESES CLASICO APRICOT AGE,5,582.519
50123897,PLANNER 12 MS CLASICO TAKE CARE OF YOU,5,574.2857737
50123898,PLANNER 12 MESES MINI THP TINY FLORALS,5,469.518
50123899,PLANNER 12 MS MINI THP SUNNY RISOGRAPH,5,469.518
50123900,PLANNER 12 MS MINI THP MODERN FARMHOUSE,5,423.4083913
50125176,PLANNEADOR ECO STUK 80HJ BAMBU,5,101.64
50125177,MEMO PAD ECO STUK 80HJ BAMBU,5,87.501519
50125178,PLANNER SEMANAL ECO STUK 80H BAMBU,5,107.289
50125722,BLOCK REMISION ORIGINAL,5,27.027
50125724,POLIZA DE CHEQUES INTERCARBON,5,127.806
50125725,POLIZA DE CHEQUES DUPLICADO,5,118.734
50125726,ESQUEMA DE MAYOR,5,106.659
50125727,COMANDA AUTOCOPIANTE,5,78.729
50127292,PLANNER MENSUAL SMILEY 1,5,143.43
50127293,PLANNER MENSUAL SMILEY 2,5,143.43
50127294,PLANNER MENSUAL SMILEY 3,5,143.43
50127295,PLANNER MENSUAL BUTTERFLY 1,5,143.43
50127296,PLANNER MENSUAL BUTTERFLY 2,5,143.43
50127297,PLANNER SEMANAL SMILEY 1,5,142.59
50127298,PLANNER SEMANAL SMILEY 2,5,142.59
50127299,PLANNER SEMANAL BUTTERFLY 1,5,142.59
50127300,PLANNER SEMANAL BUTTERFLY 2,5,142.59
50128097,PLANEADOR DIARIO KIUT 60P,5,144.753
50128098,BULLET JOURNAL KIUT A5 120H,5,198.975
50129644,CALENDARIO PARED A3 P/ESCRIBIR BASIC 25,5,246.0540603
50129645,CALENDARIO PARED A3 CHROMAT 25,5,277.5556204
50129646,CALENDARIO PARED A4 CHROMAT 25,5,197.2048525
50129647,CALENDARIO SOBREM A5 CHROMAT 25,5,181.2120625
50129648,CALENDARIO SOBREM A5 P/ESCRIBIR BASIC 25,5,147.3442222
50129649,CALENDARIO SOBREM A5 RECYCLED 25,5,182.6294451
50129650,CALENDARIO PARED A3 COMPLETO 25,5,288.645
50129651,CALENDARIO PARED A3 LOVELY 25,5,298.315807
50129652,CALENDARIO SOBREM A5 LOVELY 25,5,196.3201643
50129653,CALENDARIO SOBREM A5 FLORES 25,5,204.6233312
50129654,CALENDARIO PARED A3 RECYCLED 25,5,275.8502456
50129655,CALENDARIO SOBREM A5 NUM COMPLETO 25,5,186.1531649
50129656,CALENDARIO PARED A3 FLORES 25,5,302.6851208
50129657,CALENDARIO SOBREM A5 PAISAJES 25,5,204.3295594
50129824,CALENDARIO 2025 MEXICO,5,369.39
50129825,CALENDARIO 2025 BTS,5,369.39
50129826,CALENDARIO 2025 MOTIVATION,5,369.39
50129827,CALENDARIO 2025 SIMPLICITY,5,369.39
50129828,CALENDARIO 2025 CLAUDE MONET,5,369.39
50129829,CALENDARIO 2025 HACIENDAS DE MEXICO,5,369.39
50129830,CALENDARIO 2025 LARGE PRINT S MATTE,5,369.39
50129831,CALENDARIO 2025 VAN GOGH,5,369.39
50129832,CALENDARIO 2025 IMPRESSIONISTS,5,369.39
50129833,CALENDARIO 2025 ROMA,5,369.39
50129834,CALENDARIO 2025 TRANQUILITY,5,369.39
50129835,CALENDARIO 2025 MAGIC PLACES,5,369.39
50129836,CALENDARIO 2025 MINDFUL LIVING,5,369.39
50129837,CALENDARIO 2025 PARIS,5,369.39
50129838,CALENDARIO 2025 ASTRONOMY,5,369.39
50129839,CALENDARIO 2025 BONNIE MARCUS,5,369.39
50129840,CALENDARIO 2025 KITCHEN S,5,369.39
50129901,CALENDARIO HAPPY PLANNER SERENE GARDEN,5,316.533
50129902,CALENDARIO HAPPY PLANNER POP OF JOY,5,316.533
50131446,PLANEADOR SET LOTSO MOOVING,5,468.09
50131671,PLANEADOR SEMANAL PUSHEEN,5,145.635
50131672,PLANEADOR MENSUAL PUSHEEN,5,165.795
50131673,PLANEADOR SEMANAL VANIA BACHUR,5,145.635
50131674,PLANEADOR MENSUAL VANIA BACHUR,5,165.795
50131690,DIARIO STITCH 60H STITCH SAC,5,151.2
50131691,SET PLANEADOR 40H ACCESORIOS STITCH SAC,5,336
50131692,PLANEADOR 60H C PLUMA POMPON STITCH,5,151.2
50131704,PLANEADOR SEMANAL STITCH MOOVING,5,249.795
50131785,PLANEADOR P/DURA ESTRELLA A6,5,97.251
50131786,PLANEADOR P/DURA ESTRELLA A5,5,160.776
50131787,PLANEADOR P/SUAVE ESTRELLA A6,5,96.285
50131788,PLANEADOR P/SUAVE ESTRELLA A5,5,172.326
50132137,PLANNER MENSUAL ESCRITORIO CATS,5,165.228
50132138,PLANNER MENSUAL JUMBO CATS,5,113.316
50132139,PLANNER MENSUAL JUMBO COLORS,5,165.228
50134630,KIT PLAENADOR DECORADO 40X60CM QUARTET,5,541.8
50134683,KIT PLANEADORES MAGNETICOS 3P,5,249.774
50134801,PLANNER BEAUTIFUL BALANCE WELLNESS,5,469.497
50134802,PLANNER KNOW YOUR WORTH BUDGET,5,469.497
50134803,PLANNER CUTE ICONS TEACHER,5,469.497
50134993,PLANEADOR MENSUAL SNOOPY,5,165.795
50134994,PLANEADOR SEMANAL SNOOPY,5,145.635
50135395,CALENDARIO CIUDADES DE ENSUENO 26,5,240.786
50135396,CALENDARIO ATARDECERES 26,5,240.786
50135397,CALENDARIO STITCH PIJAMADA 26,5,240.786
50135398,CALENDARIO GRANDES MONUMENTOS 26,5,240.786
50135465,CALENDARIO FLORAL 26,5,246.393
50135466,CALENDARIO BOHO 26,5,246.393
50135467,CALENDARIO STITCH 26,5,336
50135468,CALENDARIO SNOOPY 26,5,336
50135508,CALENDARIO SOBREM 25X20 P/ESC BASIC 26,5,138.3519505
50135509,CALENDARIO SOBREM A5 P/ESCRIBIR BASIC 26,5,123.4980652
50135510,CALENDARIO SOBREM A5 NUM GDS BASIC 26,5,123.5274
50135511,CALENDARIO SOBREM 14x15 NUM GDS BASIC 26,5,105.98805
50135512,CALENDARIO SOBREM A5 NUM COMPLETO 26,5,156.1670639
50135513,CALENDARIO SOBREM A5 LOVELY 26,5,171.2850911
50135514,CALENDARIO SOBREM A5 FLORES 26,5,161.5728297
50135515,CALENDARIO SOBREM A5 MOUNTAINS 26,5,161.6447089
50135516,CALENDARIO SOBREM A5 ABSTRACT 26,5,161.5184483
50135517,CALENDARIO SOBREM A5 CHROMAT 26,5,152.1232927
50135518,CALENDARIO SOBREM 14X15 CHROMAT 26,5,130.070669
50135519,CALENDARIO PARED A3 LOVELY 26,5,249.033138
50135520,CALENDARIO PARED A3 ABSTRACT 26,5,237.2519074
50135521,CALENDARIO PARED A4 CHROMAT 26,5,166.8537281
50135723,CALENDARIO TRANQUILITY 26,5,379.092
50135724,CALENDARIO SIMPLICITY 26,5,379.092
50135725,CALENDARIO PUPPIES 26,5,379.092
50135726,CALENDARIO LARGE PRINT 26,5,379.092
50135727,CALENDARIO VAN GOGH 26,5,379.092
50135728,CALENDARIO TAYLOR SWIFT 26,5,379.092
50135729,CALENDARIO PARIS 26,5,379.092
50135730,CALENDARIO MOTIVATION 26,5,379.092
50135731,CALENDARIO CLAUDE MONET 26,5,379.092
50135732,CALENDARIO MINDFUL LIVING 26,5,379.092
50135733,CALENDARIO MEXICO 26,5,379.092
50135734,CALENDARIO MERCADOS DE MEXICO 26,5,379.092
50135735,CALENDARIO KITTEN CUDDLES 26,5,379.092
50135736,CALENDARIO ITALY 26,5,379.092
50135737,CALENDARIO INSPIRATION 26,5,379.092
50135738,CALENDARIO HACIENDAS DE MEXICO 26,5,379.092
50135739,CALENDARIO GORGEOUS GARDENS 26,5,379.092
50135740,CALENDARIO CORVETTE 26,5,379.092
50135741,CALENDARIO COCINAS MEXICANAS 26,5,379.092
50135742,CALENDARIO BONNIE MARCUS 26,5,379.092
50135745,CALENDARIO DE PARED BEATLES 26,5,300.3
50135746,CALENDARIO DE PARED FRIDA KAHLO 26,5,300.3
50135747,CALENDARIO DE PARED HARRY POTTER 26,5,300.3
50135748,CALENDARIO DE PARED HELLO KITTY 26,5,300.3
50135749,CALENDARIO DE PARED KUROMI 2025,5,300.3
50135750,CALENDARIO DE PARED EL PRINCIPITO 26,5,300.3
50135751,CALENDARIO DE PARED PUSHEEN 26,5,300.3
50135752,CALENDARIO DE PARED SNOOPY 26,5,300.3
50135753,CALENDARIO DE PARED VANIA BACHUR 26,5,300.3
50136632,RELOJ CHECADOR 3 EN 1 DOPWII,5,1265.418
50137939,LIBRO FLORETE ITALIANA RAYA 192 HJS,5,347.193
50014835,PAPEL CARBON T/C NG C/100,6,305.2273011
50016492,PAPEL XE RJ DC 500H 99 75G/M2 RESMA,6,295.134
50016558,TARJETA OPALINA 5X9CM 100PZ,6,61.44216483
50016575,SOBRE T/O BRIGHTW RIBLAID 25P.,6,9.60307972
50016621,PAPEL PARMNT NAT TC 50H 90GR,6,193.2062271
50027543,SOBRE CARTA C/ELASTICO AZ/GRIS,6,68.76322016
50028188,SOBRE CARTA C/ELASTICO AZ/TRNS,6,71.01874751
50028915,PAPEL XE RJ TC 500H  99 75G/M,6,351.9333644
50029187,PAPEL XE RJ TO 500H 99 75G/M2,6,346.1723294
50031716,PAPEL BOND BRGH NJA TC 100H 75,6,159.6646914
50031717,PAPEL BOND BRGH AMA TC 100H 75,6,161.4137127
50031719,PAPEL BOND BRGH LIM TC 100H 75,6,161.9169275
50031720,PAPEL BOND BRGH AZU TC 100H 75,6,162.5433711
50031721,PAPEL PARMNT DISENO TC 50H 90G,6,264.4246875
50032243,PAPEL BOND PSTL CRE TC 100H 75,6,158.1432
50032245,PAPEL BOND PSTL VDE TC 100H 75,6,154.0052712
50032248,PAPEL BOND PSTL AMA TC 100H 75,6,155.3028007
50032249,PAPEL BOND PSTL AZL TC 100H 75,6,155.9727883
50032487,SOBRE T/OFICIO VERTICAL C/HIL.,6,1.701
50032685,PAPL BOND BRGH SURT TC 300H 75,6,450.9503744
50033183,PAPEL XE AZ TC 5000H,6,1316.7
50034546,SOBRE TRANS 15 5X15 5 LAR 25PZ,6,46.47985135
50034547,SOBRE TRANS 18 5X12 5 LAR 25PZ,6,42.68684099
50034548,SOBRE TRANS 19 5X14 5 LAR 25PZ,6,45.4793136
50034549,SOBRE TRANS 21 5X16 5 LAR 25PZ,6,63.38546422
50034550,SOBRE TRANS 22 5X29 LAR 25PZ,6,91.23385271
50034551,"SOBRE TRANSP 11,8X8 8 LAR 25PZ",6,20.36305932
50034554,SOBRE TRANS 22 5X15 5 LAR 25PZ,6,54.34413665
50039499,PAPEL CARBON T/O 1015 C/100,6,367.6433613
50040646,PAPEL BOND BLANCO OMX TC 100H,6,53.83260833
50042264,SOBRE TRANS 10.5X10.5 LAR 25P,6,28.54606017
50042265,SOBRE TRANS 14.5X14.5 LAR25P,6,35.85314216
50042266,SOBRE TRANS 11.5X15.5 LAR25P,6,30.44451483
50042267,SOBRE TRANS 22.5X29 LAR 25P,6,68.02829889
50044442,SOBRE TRANS 15 12.5X12.5 5 25P,6,35.36165596
50044443,SOBRE TRANS 17 16.5X16.5 5 25P,6,53.81217391
50044472,SOBRE TRANS 15 5X15 5 LAR 100P,6,133.4882397
50044473,SOBRE TRANS 22 5X15 5 LAR 100P,6,172.8895705
50045454,PAPEL SKYTONE PLTRE TC 60H 90G,6,211.8761462
50046028,OPA1INA OMX BCO TC 50H 225G,6,100.527
50046029,OPALINA OMX BCA 125G T/C 100HJ,6,122.8961914
50046030,OPALINA OMX BCO TC 50H 125G,6,63.06254643
50046138,SOBRE OFICIO HORIZONTAL C/BOTO,6,34.66992568
50046518,SOBRE TRANS 11 8X8 8 LAR 100PZ,6,63.92489986
50046519,SOBRE TRANS 11 5X15+5 LAR 100,6,95.68738071
50050822,PAPEL MILIMETRICO TC 50H 75G,6,129.2983902
50050823,ROLLO TERMICO OMX 80X76 6PK,6,433.4937681
50053722,PAPEL EXCLVE MARFL TC 60H 104G,6,255.4835761
50054868,P FOTO HP SMGL/INK TC 200G 50H,6,183.0446935
50055456,PAPEL MNSTER BLNCO TC 50H 200G,6,371.9673243
50055457,PAPEL MNSTER MARFL TC 50H 200G,6,370.7232331
50056090,SOBRE P/CD POLIPROP OMX 50PZ,6,104.9582924
50056239,PAPEL OMX MAXBRITE TC RESM 500,6,424.6325743
50060514,SOBRE P/CD KRAFT ECO 50P OMX,6,104.479203
50061112,OPALINA PREMUM BC TC 100H 120G,6,261.7914685
50061113,OPALINA PREMUM BC TC 100H 180G,6,379.7705447
50061114,OPALINA PREMUM BC TC 100H 225G,6,467.5598879
50061118,PAPEL ROMBOS BCO TC 50H 180G,6,270.6839901
50061119,PAPEL ROMBOS MARFIL TC 50H 180,6,272.4526317
50061204,SOBRE SOL ENG MAN COIN 80P 90G,6,94.29562223
50061205,SOBRE SOL ENG MAN COBR 40P 90G,6,88.2926782
50061206,SOBRE SOLAPA ENG MANILA ESQUELA 40PZAS,6,113.4056998
50061207,SOBRE DE PAPELMAN CT 40P 90G,6,147.063
50061208,SOBRE SOL ASCEND ENG M1N OF40P,6,183.288
50061209,SOBRE EN MAN LGL 40 P ASCEND,6,403.7049623
50061210,SOBRE SOL ENG MAN RDG 20P 90G,6,223.3223976
50061211,SOBRE SOL ENG BCO CT 40P 90G,6,142.2926095
50061212,SOBRE SOL ENG BCO OF 40P 90G,6,176.3846432
50061215,SOBRE SOL ENG BCO SOCIA 80P 90,6,78.76082258
50061216,SOBRE SOL ENG BCO CT N6 80P 90,6,69.23621348
50061217,SOBRE ENG BCO N10 80P ASCEND,6,72.387
50061218,SOBRE BOL C/RON MAN ESQ 40P 10,6,244.3163522
50061219,SOBRE BOL C/RON MAN CT 40P 105,6,300.1997684
50061220,SOBRE BOL C/RON MAN OF 40P 105,6,433.3240049
50061221,SOBRE BOL/RON MAN LGL 40P 105G,6,478.2060783
50061222,SOBRE BOL/BRO MAN ESQ 105G 80P,6,304.406215
50061223,SOBRE BOL/BRO MAN CTA 80P 105G,6,363.3472052
50061224,SOBRE BOLC/BRO MAN OF 80P 105G,6,422.1109987
50061225,SOBRE BOL/BRO MAN LEG 80P 105G,6,595.5424233
50061603,SOBRE CARTA HORIZONTAL C/BOTON (AZUL),6,30.69853341
50061604,SO2RE CARTA VERTICAL C/HILO,6,29.2425
50062025,P.FOTO OMX TC 20H 240G,6,91.10373275
50062026,P.FOTO OMX 4X6 20H 240G,6,35.00776494
50062249,SOBRE HORIZ OF TRANS 5PZS OMX,6,72.94679459
50062260,SOBRE HORIZ TC C/CIERRE BC OMX,6,13.34698359
50062266,SOBRE HORI OF C/BOTON CLRS OMX,6,13.27254446
50062267,SOBRE VERT OF C/BOTON CLRS OMX,6,13.67432921
50062268,SOBRE HORI CT C/BOTON CLRS OMX,6,11.98974379
50062269,SOBRE VERT CT C/BOTON CLRS OMX,6,10.68543694
50063080,SOBRE VERT C/BROC CT TRANS OMX,6,9.951907431
50063365,ROLLO SATINADO OMX 57X60 6PK,6,57.15381261
50063366,ROLLO AUTOCOPIA OMX 76X76 12PK,6,366.235735
50063367,ROLLO SATINADO OMX 76X70 6PK,6,108.1895061
50063368,ROLLO TERMICO OMX 57X45 10PK,6,174.9268749
50063369,ROLLO AUTOCOPIA OMX 57X60 6PK,6,90.14895053
50063564,PAPEL BOND PASTL OMX TC 200H,6,189.1708603
50063565,PAPEL BOND NEON OMX TC 200H,6,189.0785873
50063566,CARTULINA OMX CLRS TC 50H 180G,6,135.3838472
50065844,PAPEL FOTOG TC MATE 220GR 50P,6,135.196074
50065845,PAPEL FOTOG TC MATE 128GR 50P,6,91.73396881
50066973,EXTRA-COPY MATE 115G T/C 100HJ,6,145.9413838
50066975,EXTRA-COPY BRILL 100G T/C 100H,6,133.0608593
50066976,BOND MARFIL 90G T/C 100 HJS,6,147.3880011
50066977,IRIS BRILLANTE 75G T/C 100HJS,6,231.721855
50066978,IRIS PASTEL 75G T/C 100HJS,6,231.9011462
50066988,OPALINA OMX BCA 180G T/C 100HJ,6,253.7566466
50066989,OPALINA OMX MFL 180G T/C 100HJ,6,253.9881604
50066990,OPALINA OMX BCA 180G T/C 100HJ,6,211.89
50066991,OPALINA OMX MFL 225G T/C 100HJ,6,211.7787056
50066993,VERJURADO MARFIL 90G T/C 100HJ,6,228.1898889
50066995,MARTELE MARFIL 90G T/C 100HJS,6,238.7597632
50066997,HAMMER MARFIL 90G T/C 100HJS,6,235.284
50066998,LINEAL BLANCO 90G T/C 100HJS,6,236.0592655
50066999,LINEAL MARFIL 90G T/C 100HJS,6,235.4713791
50073101,SOBRE C/LIGA TAMA#O CARTA,6,34.07975255
50073103,SOBRE C/LIGA TAMA#O OFICIO OMX,6,36.69551545
50073746,PAPEL ONIX BLANCO 90G 50 HJS,6,212.6992248
50073750,PAPEL TEMOAYA BLANCO 90G 50HJS,6,214.3707632
50073752,TRIPTICO OPALINA PRED 120G 50H,6,171.2759253
50073754,TRIPTICO YUTE PREDOB 118G 50H,6,145.6735
50073759,PAPEL FINO POCHTECA YUTE CARTA,6,215.1883726
50076730,SOBRE PORTADOC BLANCO BROCHE P,6,28.12771441
50076731,SOBRE PORTADOC HORIZ MORAD 1PZ,6,27.96997587
50076732,SOBRE PORTADOC CARTA AQUA 1PZ,6,27.98966106
50076749,SOBRE PORTA DOC CTA VELCRO PZA,6,26.76626402
50077020,SOBRE OFICIO CON HILO COLORES,6,31.85414591
50077229,PAPEL COPIA OMX 92 75G CTA 5000H,6,169.4949293
50079254,PAPEL TREE FREE TC RESM 500,6,135.282
50082536,PAPEL PLOTTER 91X50 N2 BP400,6,306.6
50083765,PAPEL CARRIZO 160 GRS 50 H,6,217.8666
50084493,PAPEL BOND XEROX ECOL TC,6,124.95
50085470,PAPEL CLASSBOND TC RESM 500,6,184.1736842
50085717,PAPEL SEGURIDAD VERDE TC 100PA,6,23.64075
50085856,PAPEL SEGURIDAD TO VERDE C100,6,171.7058824
50086321,SOBRE OFICIO C/HILO TRANSPA 5 PZAS,6,62.157375
50086323,SOBRE CARTA HORIZONTAL C/HILO 5P,6,53.24923729
50086324,SOBRE VERTICAL C/BOTON V/COLOR,6,26.76482299
50086362,PAPEL PLOTTER 91X100 N3 BP411,6,594.972
50091396,CARTULINA BLANCA 240GR A4 MILL,6,172.7667284
50091397,CARTULINA AZUL 240GR A4 PREMIE,6,152.67
50091398,CARTULINA BLANCA 240GR KAPAS,6,171.513254
50091400,CARTULINA MARFIL 240GR ROSITAS,6,164.9879667
50091401,CARTULINA ROJO 240GR A4 ROSITA,6,152.3019474
50091402,CARTULINA AZUL 240GR A4 HONG K,6,164.4847472
50091403,CARTULINA BLANCA 240GR A4 HONG,6,167.7848252
50091404,CARTULINA ROSA 240GR A4 OLYMPI,6,165.0475984
50091405,CARTULINA ORO 240GR A4 OLYMPIA,6,169.7306112
50091407,OPALINA OMX MFL 125G T/C 50HJ,6,68.90998459
50092945,PAPEL FINO POCHTECA LIMA CARTA,6,167.349
50092948,PAPEL FINO POCHTECA CORAL CART,6,194.7715574
50094410,PAPEL NAPOLI T/CARTA NARANJA,6,141.7605
50094615,SOBRE BCO OFICIO VENTANA PIEZA,6,0.987
50095272,SOBRE BOLSA OMX VARIOS DISEN,6,7.833
50095597,Papel Napoli T/Carta col.Limon,6,329.406
50096451,ROLLO TERMICO OMX 80X70 12PK,6,502.8910764
50097680,PAPEL COL VIB EUROCOLORS 100 H,6,87.318
50097681,PAPEL COL INTENSOS TC 100H EUROCOLOR,6,87.318
50097682,PAPEL COLORES NEON TC 100H,6,104.937643
50097683,PAPEL COLORES PASTEL TC 100H,6,78.17994393
50097684,PAPEL COLOR AMARILLO TC 100H,6,85.87890736
50097685,PAPEL COLOR AZUY CEL TC 100H,6,86.35167009
50097686,PAPEL COLOR LILA TC 100H,6,62.37
50097687,Papel Color Rojo TC 100H,6,86.20196399
50097688,PAPEL COLOR VERDE TC 100H,6,84.93609458
50097689,PAPEL COLOR NEGRO TC 100H,6,84.67065234
50097690,PAPEL BOND NARAN TC 100H ECO,6,88.452
50099560,PAPEL PLUS MULTIUSOS TC 500H,6,225.8222596
50099669,PAPEL NAPOLI 90G T/CARTA VERDE,6,315
50099932,ROLLO TERMICO INFRA 50 PIEZAS,6,1852.851
50101278,SOBRE PLASTICO CON CIERRE OMX,6,13.27764233
50102476,PAPEL ESCOLAR TC 100 HJ,6,52.83915782
50106088,SOBRE ANTE CARTA 23X30 CMS,6,0.021
50106204,PAPEL BOND MAR RESMA 500 HOJAS,6,124.2255
50106603,PAPEL XE AZ TO 5000H,6,1707.3
50107913,PAPEL XE ECOLOGICO TO CAJA,6,2102.625
50109582,CAJA ROLLO TERM 57X40 CN 200 P,6,1644.059121
50109583,CAJA ROLLO TERM 50X45 CN 200 P,6,2157.981
50110127,ROLLO TERMICO 60.60X45 PIEZA,6,21.40673006
50110128,ROLLO TERMICO 76X70 PIEZA,6,36.31408245
50110130,ROLLO AUTOCOPIA 76X70 PIEZA,6,19.75064189
50110305,ROLLO DE PAPEL TERMICO OMX 50P,6,1149.75
50110326,ROLLO TERMICO 6X5 PIEZA,6,17.85
50110327,ROLLO TERMICO 80X80 PIEZA,6,46.63253488
50111010,ROLLO TERMICO CAJA 260PZ ZEBRA,6,1210.251
50111139,ROLLO TERMICO ONEIL-DAT 260P 1,6,1596.882
50112130,ROLLO TERMICO 80X70 50MTS,6,37.75471881
50112817,ROLLO AUTOCOPIANTE 76X70MM,6,322.644
50113238,ROLLO TERMICO 57MMX66MMX45MTS,6,284.5808459
50113604,ROLLO TERMICO 80MMX70MM,6,28.3460829
50113869,ROLLO TERMICO 80X89M 2 TINTAS,6,2597.7
50114426,HOJA AUTOADHERIBLE CARTA ROJO,6,159.6
50114982,ECOBOND ECOLOGICO 70 BLANCO,6,1680
50115109,ROLLO TERMICO 57MMX36MM,6,91.74163754
50115111,ROLLO TERMICO 57MMX45MM,6,133.8774915
50115306,ROLLO DE PAPEL 57X58MM,6,118.881
50115307,ROLLO DE PAPEL T 80X80MM,6,422.1
50116718,PAPEL BOND CARTA AZUL 100H 75G,6,34.062
50116719,PAPEL BOND CARTA ROJO 100H 75G,6,136.185
50116720,PAPEL BOND CARTA VERDE 100H 75,6,136.185
50116721,PAPEL BOND CARTA COLORES BRILL,6,136.185
50116722,PAPEL BOND CARTA NARANJA 100H,6,136.185
50116723,PAPEL BOND CARTA AMARILLO 100H,6,136.185
50119476,SOBRE COIN 8.9 x 16.5cm 500 PZ,6,367.5
50119477,SOBRE COIN 8.9 x 16.5cm 50 PZ,6,48.3
50120025,PAPEL BOND PUNTOS 90G CARTA 80 HJS,6,207.329325
50120026,IMAN CARTA 21.6X27.9 C/ADHE CAL 15 1 HJ,6,98.61085854
50120027,CARTULINA NATURAL NEGRO 216G CARTA 30HJS,6,324.4604713
50120028,ETIQUETA TRANSPARENTE CARTA 20 HJS,6,595.8337703
50121000,PAPEL BOND 100H NEON 75G,6,98.805
50121001,PAPEL BOND 100H PASTEL 75G,6,79.443
50121360,PAPEL BOND 100 H CARTA 75 G FIRST CLASS,6,57.96
50121460,PAPEL BOND 100 H KITS,6,55.4308125
50121604,OPALINA OMX MARFIL 225G T/C 100 HJS,6,281.169
50121653,OPALINA DIETRIX BCO TC 50H 225G,6,133.875
50121654,OPALINA DIETRIX BCA 125G T/C 100HJ,6,139.0099658
50121655,OPALINA DIETRIX BCO TC 50H 125G,6,79.464
50121656,CARTULINA DIETRIX CLRS TC 50H 180G,6,146.9795676
50121657,OPALINA DIETRIX BCA 225G T/C 100HJ,6,246.7819537
50122145,PAPEL XE MARATHON TO 500H 70G,6,608.3484772
50122184,ROLLO BOND 76X70 PIEZA,6,16.716
50123911,PAPEL FOTOGRAFICO 260G CARTA 20 HOJAS,6,230.6369782
50125159,SOBRE PDFLX OFICIO VERTICAL HILO HUMO,6,30.891
50125160,SOBRE PDFLX OFICIO VERTICAL HILO ROJO,6,30.891
50125161,SOBRE PDFLX OFICIO VERTICAL HILO VERDE,6,30.891
50125162,SOBRE PDFLX OFICIO VERTICAL HILO AMARILL,6,30.891
50125163,SOBRE PDFLX CARTA VERTICAL BOTON HUMO,6,27.3
50125164,SOBRE PDFLX CARTA VERTICAL BOTON ROJ,6,27.3
50125165,SOBRE PDFLX CARTA VERTICAL BOTON VERDE,6,27.3
50125166,SOBRE PDFLX CARTA VERTICAL BOTON VERDE,6,27.3
50125228,SOBRE CARTA HORIZ BOTON CLRS OMX,6,17.57431067
50125229,SOBRE CARTA VERTICAL HILO CLRS OMX,6,14.112
50125479,SOBRE CON BOTON CARTA SMILEY,6,12.64149751
50125493,SOBRE BUTTERFLY 2 PIEZAS,6,33.894
50125858,PAPEL XE MARATHON TC PONY,6,635.0777303
50127114,PAPEL BOND CTA 500H 75GR 95BLC,6,159.6
50127115,PAPEL BOND CTA 500H 75G 93 ECO,6,157.5
50127181,SOBRE TRANSPARENTE 10.5X10.5 25 PZAS,6,22.743
50127182,SOBRE TRANSPARENTE 11.5X15.5 25 PZAS,6,27.846
50127183,SOBRE TRANSPARENTE 11.5X15.5 100 PZAS,6,82.551
50127184,SOBRE TRANSPARENTE 8.8X11.8 100 PZAS,6,56.763
50127185,SOBRE TRANSPARENTE 14.5X14.5 25 PZAS,6,30.198
50127186,SOBRE TRANSPARENTE 15.5X15.5 100 PZAS,6,112.476
50127187,SOBRE TRANSPARENTE 14.5X19.5 25 PZAS,6,39.207
50127188,SOBRE TRANSPARENTE 21.5X16.5 25 PZAS,6,56.763
50127189,SOBRE TRANSPARENTE 22.5X15.5 25 PZAS,6,51.597
50127190,SOBRE TRANSPARENTE 22.5X15.5 100 PZAS,6,153.762
50127191,SOBRE TRANSPARENTE 22.5X29 25 PZAS,6,56.763
50131095,SOBRE CON BOTON NEGRO CATS STUK,6,22.869
50131096,SOBRE CON BOTON ROSA CATS STUK,6,22.869
50131097,SOBRE CON BOTON VERDE CATS STUK,6,22.869
50131098,SOBRE CON BOTON NARANJA CATS STUK,6,22.869
50131160,SOBRE NEON  NARANJA COLORS STUK,6,22.869
50131161,SOBRE NEON VERDE COLORS STUK,6,22.869
50131162,SOBRE NEON ROSA COLORS STUK,6,22.869
50131163,SOBRE NEON MORADO COLORS STUK,6,22.869
50131348,ROLLO TERMICO CLIP,6,99.918
50131426,SOBRE SOL ENG COIN COLORES 50PZ,6,80.325
50131457,PAPEL FOTOGRAFICO 115G CARTA FIRST CLASS,6,197.4
50131716,SOBRE STITCH PAREJA MOOVING,6,63.945
50131717,SOBRE STITCH TERNURA MOOVING,6,49.959
50131781,SOBRE POLIPROPILENO C/LIGA OFICIO,6,82.95
50132643,HOJA CARTULINA IRIS INTENSO CARTA 50HPQ,6,137.361
50133035,SOBRE PORTA DOCUMENTOS PVC STITCH,6,42
50134089,SOBRE PARA CARPETA C/BOTON,6,36.687
50134090,SOBRE PARA CARPETA C/ZIP,6,41.37
50134269,ROLLO TERMICO 80MMX62 MTS PANAL PLASTICO,6,31.5
50134690,ZEBRA ETIQUETA ZPERFORM 2000T 4X3 PULG,6,651.735
50134781,PAPEL PHOTO GLOSSY 200G PQ 50 HJS,6,426.3
50135055,VERBATIM SOBRES PAPEL CD Y DVD 100 PZAS,6,144.837
50135096,CARTULINA OPALINA 225G 100 HJS OFICIO,6,235.851
50135961,HP ROLLO PAPEL BOND 80GR,6,1301.643
50011810,Masking Tape Janel 18mmx50m,7,35.18105171
50011811,CINTA ADHESIVA MASKING TAPE 24X50,7,43.05
50012355,PORTAGAFETE SABLON CAIMAN 6X9,7,43.4833451
50012356,PORTAGAFETE SABLON CORDON 6X9,7,43.13576738
50012361,COJIN P/SELLO AZOR PLASTICO N1,7,54.82526147
50012368,COJÍN P/SELLO METAL AZOR NO.1,7,86.04454991
50012369,COJIN P/SELLO AZOR METAL N2,7,134.2867176
50012377,TINTA ROLAPLICA AZOR NGRO 60ML,7,50.26782246
50012378,TINTA ROLAPLICA AZOR ROJO 60ML,7,49.86950584
50012381,FOLIADOR PEGASO 6 DIGITOS AUTO,7,684.3236351
50012385,TINTA ROLAPLICA AZOR AZUL 60ML,7,49.82426557
50012390,CUENTA FACIL AZOR 2 PIEZAS,7,36.32664474
50014608,REPUESTO CORTADOR NAVAJA GRANDE C/10P,7,35.44828185
50014613,CUTTER CHICO CORTY 9MM,7,31.9930794
50014614,Cutter Grande Corty 18mm,7,59.3478436
50014808,PORTAGAFETE DANPEX CAIMAN 11X6,7,93.20704804
50018573,PLASTICO BURBUJA OMX 60CMX10M,7,129.0448766
50018575,PLASTICO BURBUJA OMX 60CMX20M,7,254.246998
50018577,SOBRE BURBUJA FORTEC 18.4X30.5,7,102.4008427
50018578,SOBRE BURBUJA FORTEC 21.6X30.5,7,125.3569758
50018579,SOBRE BURBUJA FORTEC 24.1X36.8,7,135.261
50018580,SOBRE BURBUJA FORTEC 36.2X50.8,7,173.9143383
50018581,PLASTICO BURBUJA OMX 40CMX5M,7,42.88502943
50023843,CUTTER GRANDE PLASTICO 18MM,7,26.37672414
50029391,CINTA ADHESIVA EMP OMX CAN C6,7,143.073
50029392,CINTA EMP TRANS 48.50 6PK OMX,7,133.1396228
50030852,CINTA EMP SCOTCH TRANS 5CMX20M,7,71.61436661
50033421,FOLIADOR PEGASO 8 DIGITOS AUTO,7,939.3020422
50036245,CINTA CANELA 48X150 C/6P JANE.,7,21.819
50039376,PORTAGAFETE SABLON YOYO 6X9,7,89.21960977
50042623,CONTADOR MANUAL BARRILITO,7,222.530787
50044639,GUILLOTINA MAPED COMPACT CUT,7,259.3101827
50048073,"Guillotina Rihan Carta 12""",7,1118.562039
50048074,"GUILLOTINA RIHAN OFICIO 15""",7,1353.675621
50048075,FOLIADOR RIHAN 6 DIGITOS AUTO,7,579.0603629
50060612,PORTAGAFETE DANPEX CORDON 11X6,7,30.53714816
50061354,CINTA P/DUCTOS JANEL 48MMX10M,7,41.76080525
50061355,CINTA P/DUCTOS JANEL 48MMX50M,7,179.7639953
50061958,PAPEL KRAFT SCOTCH 76CMX4.5M,7,57.54363215
50062056,DESPACHADOR CINTA EMPAQUE OMX,7,134.9318941
50062277,PISTOLA ETIQUETADORA OMX 10DIG,7,1105.638924
50062279,REPUESTO TINTA P/PIST ETIQ OMX,7,462.687
50062920,CINTA EMP SCOTCH TRANS 48MMX50,7,43.24809461
50062921,CINTA EMPAQUE CANELA 48MMX50M SCOTCH,7,43.16445112
50063047,CINTA ADH OMX TRANS  48MMX20M,7,32.19942991
50063051,CINTA P/DUCTOS OMX 48MMX55M,7,155.7067152
50063395,CUTTER PLASTICO CHICO 9MM OMX,7,8.380067285
50063411,CUTTER GRANDE OFFICEMAX 18MM,7,13.49608861
50063412,NAVAJA REPUESTO OMX 18MM 10PZS,7,18.71971864
50063413,NAVAJA REPUESTO OMX 9MM 10PZS,7,13.68042989
50063414,CUTTER EXACTO OFFICEMAX,7,26.23536052
50063415,NAVAJA REPUESTO OMX EXACTO 10P,7,28.52915279
50063468,CUTTER GRANDE OMX RETRACTIL 18,7,105.7510138
50063583,YOYO P/GAFETE OMX BLANCO 4 PZSy,7,30.26157085
50063584,YOYO P/GAFETE OMX AZUL 4 PZS,7,33.13638216
50063585,YOYO P/GAFETE OMX NEGRO 4 PZS,7,33.82316204
50063590,BROCHE PORTAGAFETE OMX CAIMAN,7,29.35899856
50063592,YOYO PORTAGAFETE OMX NEGRO,7,12.65943804
50064572,REPUESTO GUILLOTINA COMPACTCUT,7,58.97481862
50064573,REPUESTO GUILLOTINA PRECISECUT,7,47.1083991
50065880,CUTTER CHICO OMX 9MM,7,16.54564583
50065881,CU3TER GRANDE OMX C/GRIP 18MM,7,29.967
50065882,CUTTER GRAND OMX C/SEGURO 18MM,7,26.91084445
50065913,FOLIADOR OMX 7 DIGITOS AUTO,7,316.8021405
50065914,PORTAGAFETE OMX HORIZONTAL 12P,7,32.65194419
50065915,PORTAGAFETE OMX VERTICAL 12PZ,7,33.71740958
50071071,SELLO AUTOMATICO ACME RECIBIDO,7,126.231
50071407,TAPETE PCORTE BARRILITO 45X30,7,257.704916
50071408,TAPETE P/CORTE GRANDE 60X45,7,543.5536445
50072927,CINTA EMP OMX CANELA 48X150 2P,7,107.2972668
50072928,CINTA EMP OMX TRANS 48X150 2PZS,7,104.874
50074071,CORTADOR BARRILITO GRANDE,7,32.17984132
50076119,MASKING TAPE JANEL 48MMX50M,7,91.60015539
50082141,COJIN P/SELLO PELIKAN N2,7,55.86
50082159,TINTA P/COJIN PELIKAN AZ 60ML,7,42.49677419
50082280,CINTA ADHESIVA TRANS 24MM*65MT,7,33.69572093
50082281,CINTA JANEL CANELA 48MMX50M 6P,7,111.2984937
50082334,TINTA PROTECTORA DE CHEQUES,7,50.8185
50083457,CINTA EMPAQUE TRA 48X100M 6PK,7,205.9411006
50083458,CINTA EMP JANEL TRAN 48X150 6P,7,303.3326143
50083459,CINTA EMPAQUE CANELA48X100 6PK,7,205.026893
50083460,CINTA EMPAQUE CANELA48X150 6PK,7,301.1772152
50084737,CINTA P/DUCTOS SCOTCH 48MMX10M,7,54.5981698
50092477,CINTA P/PINTAR SCOTCH AZUL,7,77.5224633
50094269,REPUESTO DE ALMOHADILLA SELLO,7,109.0077362
50101711,ETIQUETADORA PLASTICA CELICA,7,664.8272628
50101755,CORDON P/GAFETE SABLON |||10PZ,7,78.44319197
50101975,ETIQUETA ADHERIBLE BLANCA,7,195.0954834
50102103,GAFETE P/TARJETAS 11X15 12PZS,7,70.87313111
50106071,CORDON P/GAFETE SIGEL NG 10PZS,7,105.1326493
50106072,YOYO PORTAGAFETE SIGEL CORAZON,7,17.24326402
50106073,PORTAGAFETE SIGEL HOR/VERTICAL,7,59.13056672
50106074,PORTAGAFETE C/CORDON SIGEL 1PZ,7,25.26613993
50107105,ETIQUETA ADH P/ETIQUETA AMA,7,229.285
50107106,ETIQUETA ADH P/ETIQUETA VERDE,7,205.59
50107904,CINTA JANEL TRANS 48X50 6PK,7,115.6209038
50107935,RELLENO CACAHUATE PARA EMPAQUE,7,108.3570181
50108517,TARJETAS DE PVC ZEBRA CN 500 P,7,1353.408
50110018,"PELICULA STRETCH 18"" CAL.40",7,116.676
50110083,CINTA EMPAQUE TRANS 48X150 6PZ,7,404.0254243
50110084,CINTA EMPAQUE CANELA 48X150 6P,7,407.664
50110161,MASKING TAPE 110 ECON 18X50,7,34.86
50110162,MASKING TAPE 110 ECONO 24X50,7,45.318
50110506,CLIP PARA GAFETE OFFICEMAX,7,19.173
50110507,CLIP PARA GAFETE COLORES OFFIC,7,19.173
50110508,CLIPS PARA GAFETES 12PZAS OFFI,7,129.864
50111341,PORTA CREDENCIAL ACRILICO 9CM,7,16.59
50111509,"DESPACHADOR CINTA EMPAQUE 2""",7,236.019
50111575,SELLO AZOR CANCELADO AZUL 1PZ,7,187.7508042
50111576,SELLO AZOR PAGADO AZUL 1PZ,7,174.8570973
50112201,REPUESTO TINTA P/ETIQ 20MM,7,171.087
50112612,CINTA FLEJADORA 18X50,7,40.89818978
50112735,"PELICULA ESTIRABLE 18"" CAL.60",7,443.5183804
50112738,"PELICULA ESTIRABLE 5"" CAL. 61",7,156.1324436
50113178,YOYO P/GAFETE BLANCO 10PZS,7,220.248
50113310,CORDONES PARA GAFETE OMX AZUL,7,209.3312493
50113313,GAFETE PIEL NEGRO OMX,7,105.270375
50113316,PORTAGAFETES PLASTICOS OMX 50P,7,273.9704831
50113670,PELICULA STRETCH CALIBRE 60,7,277.1434186
50113992,CINTA CORTA FACIL 45MM X 40M,7,66.05840357
50114679,CUTTER CHICO SILVERLINE 9MM,7,8.00625
50114681,CUTTER GRANDE SILVERLINE 18MM,7,19.32
50114683,CUTTER SILVERLINE REFORZADO 18,7,83.118
50114905,SOBRE PLASTICO 26.6CMX38.7CM,7,73.92974968
50114906,"SOBRE PLASTICO  21,5CMX28,5CM",7,37.98099443
50115040,MASKING TAPE SCOTCH 24MMX40M,7,45.15
50118001,PORTAGAFETE VERTICAL OM 1PZ,7,0.021
50120383,GAFETES TRANSPARENTES OMX 5PZ,7,27.3
50121543,STAMP STICK TYPOMATIC,7,505.4338189
50121544,STAMP STICK REFILLKIT,7,289.9607004
50121561,CINTA SCOTCHBLUE PARA PINTOR 24X54.8,7,120.8961029
50121587,CINTA MUDANZA SCOTCH 48X20 3M DESP,7,72.36953627
50121588,CINTA DE EMBJ COMM GRADE SCOTCH 48X50,7,119.6013164
50121589,ROLLO POLIBURBUJA SCOTCH 30CMX15M,7,284.818428
50121598,CINTA PARA ENMASCARAR SCOTCH 18MMX55M,7,50.66062481
50121599,CINTA PARA ENMASCARAR SCOTCH 36MMX55M,7,93.3252713
50121600,CINTA PARA DUCTOS 3M NGO 48MMX18.2M,7,241.639298
50121601,CINTA ADHESIVA 3M PARA DUCTO BCO 48X18.2,7,237.1852326
50121602,CINTA ADHESIVA 3M P/ DUCTO AMARI 48X18.2,7,238.495
50121949,CINTA ADHES PAPEL KRAFT BIO 48mm x 50m,7,78.91598691
50121950,MASKING TAPE ADHES AZUL 18mm X 50.27m,7,40.782
50121951,PLAYO K-TAPE  TRANSP 18 P 457mm X 305 m,7,292.7786508
50128085,SELLO MARCADOR DE ROPA Y LIBROS,7,666.6376018
50128284,SELLOS AUTOENTINTABLES SPIDER MAN,7,20.643
50128296,SELLOS AUTOENTINTABLES HELLO KITTY,7,20.643
50128300,SELLOS AUTOENTINTABLES STITCH,7,20.643
50128428,CINTA EMP SCOTCH BOX LOCK 48MM X 22.8M,7,138.033
50128433,CINTA EMP TRANS NAVITEK HM 48X150 2 PACK,7,92.70475994
50128434,CINTA EMP CANELA NAVITEK HM 48X150 2PACK,7,88.3223181
50128435,CINTA EMP TRANS NAVITEK 95 48X50 6PACK,7,79.212
50130192,ID PROTECTOR DE DATOS TRODAT,7,350.2226178
50130835,SELLOS AUTOENTINTABLES KUMORI,7,20.643
50130840,SELLOS AUTOENTINTABLES PRINCESAS,7,20.643
50131258,PLAYO AMARILLO CALIBRE 60 DE 18/100,7,236.46
50131561,PLAYO AZUL CAL80 18PULG 2.4 KG 1100 FT,7,277.2
50131562,PLAYO ROJO CAL80 18PULG  2.4 KG 1100 FT,7,277.2
50132077,ENVOLTURA PROTECTOR CUSH LOCK RECICLABLE,7,310.8
50132760,TAPETE P CORTE 45X30 COLOR ROSA O AQUA,7,252.126
50132762,CINTA EMPAQUE CANELA JANEL 44X40M 1PZ,7,10.143
50132763,CINTA EMPAQUE TRANSP JANEL 44X40M 1PZ,7,10.143
50133033,SELLO AUTOENTITABLES SONIC,7,20.643
50133115,TARJETAS PVC BLANCAS ZEBRA 300MIL 500 PZ,7,1813.9065
50133133,EXACTO ALUMINIO CELICA NAVAJA 2REPUESTOS,7,88.137
50133165,SELLO AUTOENTINTABLE CINNAMOROLL,7,20.643
50133166,SELLO AUTOENTINTABLE CARS,7,20.643
50134024,YOYO PARA GAFETE  NEGRO PC 4 PIEZAS,7,34.986
50134055,SELLO FECHADOR 2 TINTAS 2.5x4 CM,7,2218.23
50134321,CINTA TRANSPARENTE GOLD TAPE BIAXIAL,7,49.35
50134605,BOLSA DE SEGURIDAD D339BWG,7,1449.084
50134633,LANYARD BROCHE SEG DESMONTABLE,7,24.024
50134668,TINTA STAMP INK BROTHER AZUL,7,649.908
50134705,ROLLO POLIETILENO TUBULAR NEGRO 8 PULG,7,9664.053
50134718,COJIN REPUESTO FECHADOR SHINY,7,416.367
50135303,PLAYO  CAL 60 18PULG X 335M RIU,7,245.7
50135304,PLASTICO BURBUJA 60CM X 20M,7,207.9
50135306,PLAYO CAL 60 5PULG X 228M  RIU,7,126
50135307,KRAFT MICROCORRUGADO 80 CM X 5 M RIU,7,121.8
50135308,PLASTICO BURBUJA 60CM X 10M RIU,7,115.5
50135309,ESPUMA PROTECTORA 50CM X 7M RIU,7,94.5
50135310,RELLENO CACAHUATE PARA ENVIO RIU,7,84
50135312,ESPUMA PROTECTORA 40CM X 5M RIU,7,56.7
50135313,PAPEL KRAFT 76 CM X 4.5 M RIU,7,54.6
50135314,PLASTICO BURBUJA 40 CM X 5 M RIU,7,37.8
50135423,TARJETA PVC EVOLIS BLANK CARDS 100 PZ,7,720.3
50136611,SOBRE BURBUJA PLASTICO NEGRO 15X25CM PP,7,6.216
50136612,SOBRE BURBUJA PLASTICO NEGRO 26X40CM PP,7,13.629
50136613,SOBRE BURBUJA PLASTICO PLATA 15X25CM PP,7,5.964
50136614,SOBRE BURBUJA PLASTICO PLATA 24X35CM PP,7,9.912
50136615,SOBRE BURBUJA PLASTICO PLATA 26X40CM PP,7,12.663
50136616,SOBRE BURBUJA PAPEL KRAFT 15X25CM PP,7,5.838
50136617,SOBRE BURBUJA PAPEL KRAFT 24X35CM PP,7,9.324
50136618,SOBRE BURBUJA PAPEL KRAFT 36X50CM PP,7,18.648
50136639,BOLSA ENVIO PREMIUM BCA 19X26CM PP,7,2.016
50136640,BOLSA ENVIO PREMIUM BCA 30X40CM PP,7,3.801
50136641,BOLSA ENVIO PREMIUM BCA 37X48CM PP,7,4.998
50136642,BOLSA ENVIO ECOLOGICA GRIS 19X26CM PP,7,1.89
50136643,BOLSA ENVIO ECOLOGICA GRIS 30X240CM PP,7,2.835
50136644,BOLSA ENVIO ECOLOGICA GRIS 37X48CM PP,7,4.179
50136770,YOU ER MEI ETIQUETADORA PRECIOS,7,394.653
50013033,ARCHIVERO 3 DIVISIONES NEGRO,8,562.5439914
50013036,ARCHIVERO 5 FOLDERS COLGANTES,8,514.6124538
50014577,SOPORTE PARA LIBROS 15 CM,8,218.1865324
50014578,SOPORTE LIBRO PEGASO 20CM,8,252.9506
50016537,SOPORTE PARA LIBROS 2 PIEZAS,8,59.41250792
50037031,DESPACHADOR MAGN D CLIPS HUMO,8,94.19407846
50041008,Organizador Escritorio Maped,8,241.8080116
50041103,CHAROLA OFICIO SABLON 2 NIV,8,234.390403
50042774,REVISTERO SABLON IBEX CRISTAL,8,111.7405524
50044999,ORGANIZADOR ESCRIT COMPACT MAP,8,172.284
50062044,DESPACHADOR DE CLIPS JUMBO OMX,8,39.15246415
50062062,DESPACHADOR DE CLIPS CHICO,8,19.27262489
50062204,Charolas Maped Helit Negro 2Pz,8,182.7425173
50063056,PORTA REVISTAS ACRILICO MOSTRA,8,105.0070254
50063057,PORTA REVISTAS 3 NIV ACRILICO,8,172.377313
50063059,PORTA FOLLETOS DE ACRILICO OMX,8,32.13665784
50063061,ORGANIZADOR PARED ACRILICO,8,202.4592653
50063062,PERSONIFICADOR ACRILICO OMX,8,55.87100698
50063066,PORTARRETRATO 8.5X11 ACRILICO,8,361.8369366
50063067,PORLATETRERO 4X6 ACRILICO DOBL,8,35.85717613
50063068,PORTALETRERO 4X6 ACRILICO,8,30.05075619
50063069,"PORTALETRERO ACRI OMX VER 5X7""",8,33.82182262
50063070,PORTALETRETO 6X4 ACRILICO,8,29.79027532
50063098,PORTALETRERO 7X5 ACRILICO,8,43.33242444
50063100,PORTALETRERO 8X11 ACRILICO,8,69.58108327
50063101,PORTALETRERO 11X8 ACRILICO,8,74.6160018
50063288,ORGANIZ MULTSEC ESCR MESH NGO,8,186.816
50063290,CHAROLA ORGANIZ MESH NEGRO OMX,8,99.078
50063291,ORGANIZADOR ESCR MESH OMX NGO,8,114.3478
50063292,SUJETALIBROS MESH NEGRO OMX,8,99.12
50063295,MINI ORGANIZADOR MESH OMX NGO,8,65.079
50063298,PORTALAPICES MED MESH NG OMX,8,41.98133333
50063300,CHAROLA APLIABLE TC MESH NGO,8,118.3035
50063307,CHAROLA OMX 3 NIV MESH PLATA,8,293.328
50063309,REVISTERO MESH PLATA OMX,8,117.7633333
50063310,PORTALAPICES MED MESH PL OMX,8,40.93425
50063313,ORGANIZADOR MULTISEC ESCR OMX,8,181.356
50063315,SET D/ESCRITORIO 4P MESH PLATA,8,317.541
50066409,REVISTERO NEGRO MAPED HELIT,8,92.12747288
50069329,PORTA NOTAS MESH OMX NEGRO,8,34.44
50069331,PORTA REVISTAS MESH NEGRO OMX,8,977.4488454
50069332,PORTA REVISTAS MESH PLATA OMX,8,950.4445842
50073095,ORGANIZADOR MESH NEGRO,8,256.4903559
50073096,ORGANIZADOR MESH PLATA,8,245.4895556
50073098,ORGANIZADOR ESC OMX MESH PLATA,8,211.5855
50082953,CHAROLA NEGRO MAPED EVOLYS,8,96.24265247
50082954,REVISTERO EVOLYS ULTRA NEGRO,8,103.6630504
50082955,REVISTERO NEGRO MAPED,8,104.4278397
50084266,REVISTERO MESH NEGRO OMX,8,119.5649801
50084272,SUJETALIBROS OMX MESH NG 2PZAS,8,109.774
50084273,PORTANOTAS OMX MESH NEGRO,8,36.34622789
50084275,CHAROLA TAMA#O CARTA,8,246.049872
50084276,CHAROLA 4 NIVELES MESH NEGRO,8,392.113103
50084278,SET OFICINA MESH NEGRO 4PZAS,8,323.3335922
50084280,CAJA PLASTICA 3.85L TRANSPAREN,8,73.61490984
50084300,MINI CESTAS 3PZAS,8,29.16415768
50084305,MINI CAJONERA 3 NIVELES NEGRA,8,76.60563451
50084308,KIT DE CESTAS 4PZAS,8,39.10402476
50084311,KIT DE CESTAS 2PZAS,8,33.314133
50084312,MINI CAJONERA 3 NIVELES,8,71.70880576
50084314,MINI CAJONERA 5 NIVELES,8,109.5562538
50092639,PORTARRETRATO 5X7 MOLDURA 4,8,200.5915365
50092640,PORTARRETRATO 6X8 MOLDURA 4,8,226.5127168
50092641,"PORTARETRATOS MOLDURA5 4X6""",8,209.3575135
50092654,"PORTARRETRATO MOLDURA 5 5X7""",8,247.3418182
50092656,"PORTARRETRATO MOLDURA 5 6X8""",8,301.5537
50092657,PORTARRETRATO 8X10 MOLDURA 5,8,372.4631848
50092658,"PORTARRETRATO MOLDURA 9 5X7""",8,311.128125
50092659,PORTARRETRATO 6X8 MOLDURA 9,8,421.1034348
50092739,PORTARRETRATO 4X6 MOLDURA 4,8,165.8285456
50092740,"PORTARRETRATO MOLDURA 9 4X6""",8,269.61725
50094406,PORTA DIPLOMA 21.5X28 MOLD 4,8,248.7652959
50094423,PORTA DIPLOMA 21.5X28 MOLD 27,8,311.1157021
50094424,MARCO MOLD-27 4 FOTOS COLVAR,8,328.02
50094425,MARCO PARA 5 FOTOS MOLD 4,8,342.3788905
50100744,SET DE 3 CHAROLAS ESSENTIALS,8,380.8681991
50102474,PORTA DIPLOMA 8.5X11,8,62.79
50104232,CAJA PLASTICA 68LT GRIS,8,239.3999903
50104233,CAJA PLASTICA 68LT NEGRA,8,239.3999438
50104234,CAJA PLASTICA 68L TRANSPARENTE,8,474.5276132
50104235,CAJA PLASTICA 36L TRANSPARENTE,8,224.0863342
50108298,CAJA PLASTICA 45L TRANSPARENTE,8,356.1503587
50108299,CAJA PLASTICA 30L TRANSPARENTE,8,287.8934482
50108300,CAJA PLASTICA 15L TRANSPARENTE,8,206.2953146
50108303,CAJA PLASTICA 55L TRANSPARENTE,8,370.7990563
50109596,ORGANIZADOR MESH ESCRITORIO,8,163.457384
50109597,ORGANIZADOR MESH PLATA ESCRITO,8,158.0487665
50109598,REVISTERO MESH PLATA OMX,8,122.2680602
50109599,PORTALAPICES MESH NEGRO OMX,8,31.52267593
50109600,PORTALAPICES MESH PLATA,8,31.16087269
50109601,CHAROLA 3 NIVELES MESH PLATA,8,251.2577134
50109602,CHAROLA 5 NIVELES MESH NEGRO,8,450.0226668
50109604,MINI ORGANIZADOR MESH NEGRO,8,63.84
50109605,PORTADOCUMENTOS,8,249.2404562
50109607,ORGANIZADOR ESCR 5 COMP MESH N,8,225.687
50109608,ORGANIZADOR ESC 5 COMP MESH PL,8,227.3095263
50109609,ORGANIZADOR MINI MESH NEGRO,8,138.0378462
50109610,ORGANIZADOR  MESH,8,106.407
50109611,PORTA HOJAS MESH NEGRO,8,133.8791755
50109613,ORGANIZADOR LAPICES MESH NEGRO,8,189.525
50109614,ORGANIZADOR LAPICES MESH PLATA,8,209.013
50109692,SET DE OFICINA MESH PLATA 4PZ,8,324.7478436
50109857,PORTARRETRATO 4X6 MOLDURA 38,8,177.03
50109858,PORTARRETRATO 5X7 MOLDURA 38,8,188.79
50109859,PORTARRETRATO 6X8 MOLDURA 38,8,251.699756
50109860,PORTARETRATO 4X6 MOLD 16 ICASI,8,321.09
50109861,PORTARETRATO 5X7 MOLD 16 ICASI,8,344.4
50109862,PORTARRETRATO 6X8 MOLDURA 16,8,435.0841937
50110504,ORGANIZADOR PAPELES MESH SIGEL,8,89.124
50111610,PORTARRETRATO 4X6 MOLDURA 2,8,89.85886513
50111611,PORTARRETRATO 5X7 MOLDURA 2,8,102.7941385
50111612,PORTARRETRATO 6X8 MOLDURA 2,8,117.5787761
50111613,PORTARRETRATO 8X10 MOLDURA 2,8,154.308
50111615,PORTARRETRATO MOLD 4 5X7,8,140.7
50112745,PORTA DIPLOMA 21.5X28 NEGRO,8,205.5897393
50112746,PORTA DIPLOMA 21.5X28 CHOCOLAT,8,205.5895666
50113265,PORTARRETRATO 5X7 ACRILICO,8,187.5367696
50113266,PORTARRETRATO 6X4 BAMBU/ACRILI,8,364.476
50113269,PORTARRETRATO 4X6 METAL NEGRO,8,186.4435486
50113270,PORTARRETRATO 4X6 METAL DORADO,8,205.6345956
50113279,PORTA NOTAS METAL VERDE,8,65.457
50113280,PORTA NOTAS METAL NEGRO,8,65.457
50113283,CHAROLA METAL NEGRO,8,210.714
50113288,PORTALAPICES METAL VERDE,8,87.276
50113289,PORTALAPICES METAL NEGRO,8,86.18010569
50116706,PORTARRETRATO 6X4 ACRILICO HOR,8,112.3988827
50116707,PORTARRETRATO 5X7 ACRILICO/BAM,8,214.2920167
50116708,PORTARRETRATO 4X6 METAL SILVER,8,155.9820471
50116709,PORTARRETRATO 4X6 METAL GOLD,8,158.7144354
50116710,PORTARRETRATO 4X6 METAL DOBLE,8,361.2345882
50116711,PORTALAPICES PLASTICO BLANCO,8,29.98934739
50116712,REVISTERO PLASTICO BLANCO,8,147.4654547
50116713,CHAROLA 2 NIVELES PLASTICO,8,176.316
50116714,PORTALAPICES BAMBU CUADRADO,8,103.0574746
50116715,CAJA PLASTICA 2LT BLANCA,8,236.67
50116918,MINI CAJONERA 5 NIVELES NEGRA,8,120.4297324
50116919,CAJA PLASTICA 3.LTS SIN TAPA,8,46.74347687
50116920,CAJA PLASTICA 8LT TRANSPARENTE,8,105.3408091
50116921,CONTENEDOR 3 PZAS PARA ALACENA,8,161.6349189
50118010,PORTARRETRATO 6X8 MOL 4 BLANCO,8,272.79
50118013,PORTARRETRATO 4X6 MO.38 BLANCO,8,177.03
50118014,PORTARRETRATO 5X7 MO.38 BLANCO,8,188.79
50118145,PERSONIFICADOR ACRILICO CHICO,8,22.47879438
50118720,CAJA PLASTICO HERMATICA PROP.,8,701.4
50120453,CAJA PARA PROPINAS ACRILICO C/LLAVE,8,336.861
50121392,CAJA PLASTICA 9.LTS SIN TAPA,8,87.50219754
50121393,CONTENEDOR 6 PZAS PARA ALACENA,8,355.0322027
50121394,CAJA PLASTICA 20LT TRANSPARENTE SIN TAPA,8,203.7
50121395,TAPA CAJA PLASTICA 20LT TRANSPARENTE,8,96.6
50121396,CAJONERA PARA PISO 3 NIVELES,8,357.273
50121397,CESTA MEDIANA NEGRA,8,38.073
50121398,CESTA CHICA NEGRA,8,34.713
50121401,GAVETA CHICA 2PACK NEGRA,8,63
50121488,CESTA MEDIANA BLANCA,8,38.073
50121489,CESTA CHICA BLANCA,8,34.713
50122973,ZAPATERA DE POLIPROPILENO,8,476.9536154
50122980,ORGANIZADOR 6 COMPARTIMIENTOS,8,2363.71464
50122982,CAJA APILABLE CON CAJON BAJO,8,1137.1493
50122983,ORGANIZADORES PARA CLOSET,8,611.8704828
50122984,CAJA MEDIANA POLIESTER,8,456.225
50123001,CONTENEDOR PYREX 4.44L,8,325.857
50123002,CONTENEDOR GRANDE SQUARED AWAY,8,126.8267903
50123004,CANASTA 3 EN 1 AZUL,8,553.2608919
50123006,CESTA MEDIANA LIENZO,8,165.074
50123538,BANDEJA PARA PAPELES MADERA BLANCO,8,389.214
50123557,CAJA ADORNOS NAVIDENOS 8 COMP ROJO,8,797.706
50123558,CAJA ADORNOS NAVIDENOS ROJO VERDE,8,354.753
50123559,CAJA ADORNOS NAVIDENOS GD ROJO VERDE,8,521.304
50123560,CAJA PLEGABLE GRANDE AZUL ZEN,8,528.528
50123561,CAJA PLEGABLE GRANDE NEGRO,8,521.262
50123562,CAJA PLEGABLE  A CUADRO SGRIS POMEZ,8,104.475
50123564,CAJON DE ACERO APILABLE GRANDE NIQUEL,8,1002.246
50123565,CAJON DE ACERO GRANDE BLANCO,8,699.258
50123566,CAJON DE ACERO GRANDE NEGRO,8,696.696
50123567,CAJON DE ACERO GRANDE NIQUEL,8,698.061
50123568,CAJON DE ACERO MEDIANO BLANCO,8,523.845
50123569,CAJON DE ACERO MEDIANO NEGRO,8,520.947
50123570,CAJON DE ACERO MEDIANO NIQUEL,8,520.527
50123572,CANASTA 3 EN 1 AMARILLO BLANCO,8,531.468
50123573,CANASTA 3 EN 1 BLANCO PEYOTE,8,523.068
50123574,CANASTA CHICA CUERDA AMARILLO OPACO,8,288.351
50123575,CANASTA CHICA CUERDA GRIS,8,289.212
50123576,CANASTA CHICA CUERDA AZUL PROFUNDO,8,288.519
50123577,CANASTA DE POLIESTER CARBON,8,286.062
50123578,CANASTA GRANDE CUERDA AMARILLO OPACO,8,657.783
50123579,CANASTA GRANDE CUERDA AZUL PROFUNDO,8,659.253
50123580,CANASTA GRANDE CUERDA GRIS,8,664.818
50123581,CANASTA MEDIANA CUERDA  AMARILLO OPACO,8,373.968
50123582,CANASTA MEDIANA CUERDA AZUL PROFUNDO,8,374.808
50123583,CANASTA MEDIANA CUERDA GRIS,8,376.53
50123590,CESTO ROPA BLANCO GRIS,8,435.015
50123591,CHAROLA PARA TOCADOR DE CERAMICA AZUL,8,260.547
50123592,CHAROLA PARA TOCADOR DE CERAMICA BLANCO,8,253.428
50123593,CHAROLA PARA TOCADOR DE CERAMICA COBRE,8,253.995
50123594,CONTENEDOR CERAMICA BANO GRIS,8,236.817
50123595,CONTENEDOR CHICO ARENA,8,98.28
50123596,CONTENEDOR CHICO AZUL PROFUNDO,8,98.406
50123600,CONTENEDOR CERAMICA PARA BANO GRIS POMEZ,8,206.766
50123601,CONTENEDOR CERAMICA PARA BANO GRIS POMEZ,8,233.268
50123602,CONTENEDOR GD CON TAPA DE BAMBU BLANCO,8,242.592
50123603,CONTENEDOR GRANDE METAL AMARILLO,8,717.57
50123604,CONTENEDOR GRANDE METAL AZUL,8,719.775
50123605,CONTENEDOR GRANDE METAL NEGRO,8,717.99
50123607,CONTENEDOR GRANDE GRIS ROCA,8,120.204
50123608,CONTENEDOR GRANDE ACAMPANADO LINO,8,249.144
50123609,CONTENEDOR MD CON TAPA DE BAMBU BLANCO,8,179.235
50123610,CONTENEDOR PLASTICO PAPEL DE REGALO,8,668.661
50123611,CONTENEDOR PLEGABLE CHEVRON GRIS BLANCO,8,87.192
50123612,CONTENEDOR PLEGABLE CUADROS AMAR GRIS,8,88.494
50123613,CONTENEDOR PLEGABLE CHEVRON CORAL,8,89.376
50123614,CONTENEDOR PLEGABLE AMARILLO AZUL,8,88.767
50123616,CONTENEDOR PLEGABLE AZUL BLANCO,8,86.1
50123618,CONTENEDOR PLEGABLE JASPEADO AMARILLO,8,83.118
50123619,CONTENEDOR PLEGABLE AZUL GRIS,8,86.436
50123620,CONTENEDOR PLEGABLE CANTO 33CM ROSA,8,133.098
50123621,CONTENEDOR PLEGABLE BOTANICO 33CM MARFIL,8,133.623
50123622,CONTENEDOR PLEGABLE GEOMETRICO 33CM,8,133.791
50123623,CONTENEDOR PLEGABLE AZUL GRISACEO,8,166.53
50123624,CONTENEDOR PLEGABLE CAFE AZUL,8,134.988
50123625,CONTENEDOR PLEGABLEGRIS,8,131.754
50123626,CONTENEDOR PLEGABLE ROSA,8,166.404
50123627,CONTENEDOR PLEGABLE VERDE OSCURO,8,132.867
50123628,CONTENEDOR PLEGABLE GRIS AZUL,8,133.455
50123629,CONTENEDOR PLEGABLE AZUL PROFUNDO BLANCO,8,130.368
50123704,ORGANIZADOR 9 COMPARTIMENTOS GRIS,8,2735.691
50123705,ORGANIZADOR CH DE FIELTRO BLANCO GARCETA,8,216.027
50123706,ORGANIZADOR DE ACERO CON CAJONES NIQUEL,8,1337.427
50123708,ORGANIZADOR CAJONES 24 COMP GRIS OSTION,8,129.15
50123711,ORGANIZADOR PAPEL REGALO WINTER ROJ VERD,8,416.178
50123712,ORGANIZADOR PAPEL REGALO SQUARE ROJ VERD,8,477.981
50123713,ORG PUERTA 36 COMPARTIMENTOS GRIS OSTION,8,458.157
50123714,ORG PARA REPOSABRAZOS GRIS GRANITO,8,415.632
50123715,ORG SIMPLY ESSENTIAL 4 COMPARTIMENTOS,8,837.228
50123716,ORG SQUARED AWAY 6 COMP ESPRESSO,8,2094.057
50123717,ORG SQUARED AWAY 9 COMP ESPRESSO,8,2746.506
50123718,ORG VERTICAL CLOSET SQU AWAY GRIS OSTION,8,398.517
50123719,ORG VERTICAL SUETERES SQU GRIS OSTION,8,338.982
50123720,ORG VERTICAL ZAPA SQU 10COMP GRIS OSTION,8,319.914
50123721,ORGANIZADORES PARA CLOSET BLANCO 5 PZS,8,574.392
50123753,PORTACEPILLOS CERAMICA AZUL,8,155.19
50123754,PORTACEPILLOS CERAMICA COBRE,8,154.497
50123755,PORTACEPILLOS CERAMICA GRIS,8,126.168
50123756,PORTACEPILLOS VIDRIO ESMER GRIS GARGOLA,8,378.42
50123757,PORTACEPILLOS VIDRIO ESMER JADEITA,8,378.231
50123758,PORTACEPILLOS VIDRIO ESMER AZUL CHINA,8,384.846
50123759,PORTACEPILLOS VIDRIO ESMER PIEDRA POMEZ,8,357.882
50123760,PORTACEPILLOS VIDRIO ESMER BLANCO,8,383.628
50123761,PORTACEPILLOS VIDRIO ESMER CAFE,8,386.526
50123762,PORTADOCUMENTOS ANTIRROBO PARA VIAJE,8,379.743
50123779,SET CONTENEDORES PLASTICO REDONDOS,8,1152.48
50123786,SET ORGANIZADORES CAJON GRIS,8,237.888
50123925,PORTALAPICES MADERA SQUARED AWAY BLANCO,8,271.866
50123926,CONTENEDOR APILABLE C TAPA BAMBU BLANCO,8,629.487
50123929,REVISTERO METAL FOLDERS TAMANO CARTA,8,471.828
50124408,SKETCH NO.1 40X50NG,8,2138.43
50124644,LONDON PAPER50X70BLC,8,2613.66
50125046,CAJA HEAVY DUTY 42 LTS,8,306.0910613
50125047,CAJA HEAVY DUTY 64 LTS,8,450.1976049
50125357,CESTA DE PLASTICO BLANCA 306X30X13 CM,8,94.899
50125358,CESTA DE PLASTICO GRIS 306X30X13 CM,8,94.899
50125359,CAJA PLASTICA BLANCA CON TAPA 26X17X10CM,8,146.8763771
50125360,CAJA PARA REFRIGERADOR TRASNPARENTE 26.5,8,77.60791511
50125361,CAJA PARA REFRIGERADOR TRASNPARENTE 29,8,112.5006691
50125362,ORGANIZADOR TRASNPARENTE 16X16.5 CM,8,31.3611055
50125363,CAJA PLEGABLE BEIGE 41X30X14.5 CM,8,153.3
50125364,CAJA PLEGABLE AZUL 41X30X14.5 CM,8,166.972549
50125365,SET DE 2 CAJAS TRANSPARENTE,8,381.2429979
50125366,CAJA PARA REFRIGERADOR TRANSPARENTE 20,8,46.43540892
50125367,CAJA PARA REFRIGERADOR TRANSPARENTE 30,8,93.85342441
50125368,ORGANIZADOR HUEVOS PLASTICO TRANSPARENTE,8,141.0149318
50125369,ORGANIZADOR LATAS PLASTICO TRANSPARENTE,8,101.46605
50125370,PORTALETRERO ACRILICO DE 6 LADOS,8,126.399
50125371,PORTALETRERO ACRILICO DE 3 LADOS,8,107.268
50125375,PORTARETRATO 4X6 BLANCO/CRISTAL,8,89.2547976
50125376,PORTARETRATO 4X6 NEGRO/CRISTAL,8,103.7282183
50125377,PORTARETRATO 5X7 MADERA RUSTICA,8,88.44300225
50125378,REVISTERO DE CARTON KRAFT,8,157.122
50125379,PORTARETRATO 5X7 NEGROA,8,88.18297191
50125380,PORTARETRATO 5X7 BLANCO,8,64.24357965
50125381,MARCO PARA 3 FOTOS 4X6 NEGRO,8,228.071734
50125382,ORGANIZADOR DE LAPICES BLANCO,8,67.74844219
50125383,ORGANIZADOR DE LAPICES TRANSPARENTE,8,52.92
50125384,PORTACLIPS MAGNETICO NEGRO,8,40.11
50125860,CAJONERA PARA PISO 2 NIVELES,8,259.35
50125861,GAVETA CHICA 2 PACK BLANCA,8,63
50126107,CONTENEDOR PLEGABLE COLOR ARENA,8,85.449
50126123,CONTENEDOR PLEGABLE COLOR AZUL INDIGO,8,222.18
50126124,CAJA PLEGABLE DE FLORES COLOR ROSA,8,110.313
50128889,SET DE 2 PZAS ORGANIZADOR ESCRITORIO RG,8,412.986
50128890,SET DE 2 PZAS ORGANIZADOR D ESCRITORIO N,8,412.314
50128915,CAJA HEAVY DUTY 57 LTS STUK,8,359.625
50128916,CAJA HEAVY DUTY 100 LTS STUK,8,666.75
50128982,SET DE CESTAS 2 PZ CON ASAS,8,734.475
50128983,CESTA AZUL CON ASAS,8,343.9537803
50128984,FLORERO AZUL DE VIDRIO,8,503.076
50128985,FLORERO VIDRIO CLARO,8,316.407
50128988,PORTARETRATO CON MARCO MARRON,8,93.50962817
50128991,POTE DE CERAMICA BLANCO,8,217.686
50128992,NUDO MADERA DECORATIVO,8,227.178
50128993,PORTARETRATO MADERA MARRON,8,336.9684962
50128994,RELOJ DE ARENA VIDRIO,8,242.7662881
50128996,PORTARETRATO DE HIERRO 5X7,8,292.992
50128997,PORTARETRATO DE HIERRO 5X7,8,398.034
50128998,BOLA METALICA NEGRO,8,190.47
50129045,ORGANIZADOR CALADO RECTANGULAR NEGRO,8,59.64
50129046,ORGANIZADOR CALADO RECTANGULAR BLANCO,8,59.64
50129047,ORGANIZADOR CIRCULOS GRANDE NEGRO,8,59.64
50129048,CANASTA RECTANGULAR TEJIDA NEGRO,8,61.74
50129049,CANASTA RECTANGULAR TEJIDA GRIS,8,61.74
50129050,ORGANIZADOR TEJIDO MEDIANO NEGRO,8,92.19
50129051,ORGANIZADOR TEJIDO MEDIANO CHOCOLATE,8,92.19
50129052,ORGANIZADOR TEJIDO JUMBO NEGRO,8,249.9
50129053,ORGANIZADOR TEJIDO TAPA GRANDE CHOCOLATE,8,270.9
50129054,CAJA ORGANIZADORA APILABLE NEGRO,8,543.9
50129272,CAJA PLASTICA TRANSPARENTE 14 LTS STUK,8,142.9369324
50130816,LAPICERO ROTATORIO CH NEGRO,8,71.757
50130817,ORGANIZADOR DE ESCRITORIO ROT,8,106.5397833
50130818,ARCHIVERO NEGRO,8,109.242
50130819,CHAROLA REVISTERO,8,60.879
50130820,PORTARETRATOS CH MDF PAPEL,8,58.12591019
50130821,PORTARETRATOS  M MDF PAPEL,8,70.03546721
50130822,PORTARETRATOS G MDF PAPEL,8,96.68152667
50130824,CAJA ALMACENAJE TEJIDA CH,8,323.673
50130825,CAJA ALMACENAJE TEJIDA M,8,412.797
50130826,CAJA ALMACENAJE TEJIDA G,8,522.27
50130827,REVISTERO DE MALLA,8,182.7010732
50130828,LAPICERO APILABLE,8,56.553
50130829,PP LAPICERO,8,69.279
50131324,CAJA DE 27 GALONES HEAVY DUTY,8,325.6005511
50131530,CESTA CALADA PRIMAVERA,8,140.7
50132148,CHAROLA METALICA NEXTEP 3 NIV NEG OFICIO,8,301.8051818
50133025,MARCO PARA FOTO STITCH GAIRET,8,37.8
50133350,ACRILICO PORTA INFORMACION TIPO L,8,61.782
50133410,ORGANIZADOR NEXTEP 5 SECCIONES,8,188.16
50133411,ORGANIZADOR NEXTEP 7 SECCIONES NEGRO,8,248.22
50133412,ORGANIZADOR  PARA ESCRITORIO CON CAJON,8,472.71
50134078,PORTA CLIPS NEXTEP GRANDE,8,41.79
50134113,CAJA CON TAPA TRANS AZUL18X24X12 CM3.5L,8,343.434
50134270,ORGANIZADOR 50 CREDENCIALES TARJETAS,8,1245.909
50134271,PORTATARJETAS DE MOSTRADOR,8,146.286
50134334,SABLON KIT DE ESCRITORIO DE MALLA,8,799.89
50134533,CAJA 68LTS GRIS CON TAPA,8,189.1897445
50134534,CAJA 68LTS AZUL CON TAPA,8,189.0818363
50134652,ORGANIZADOR MALLA NEXTEP 4 SECC NEGRO,8,160.02
50134653,ORGANIZADOR CAJON  NEXTEP MALLA METALICA,8,162.54
50135043,PORTARRETRATO 56X56 CM CIRCULAR 9 FOTOS,8,479.9541985
50135044,PORTARETRATO ACRILICO 4X6 CM 2 FOTOS,8,147.9324848
50135045,PORTARRETRATO LOVE 4X6 CM 4 FOTOS,8,144.836069
50135046,PORTARRETRATO METALICO 4X6 ORO,8,102.3167308
50135047,PORTARRETRATO METALICO 4X6 NEGRO,8,95.52571605
50135048,PORTARRETRATO METALICO 5X7 ORO,8,139.306242
50135049,PORTARRETRATO METALICO 5X7 NEGRO,8,122.6420229
50135050,PORTARRETRATO METALICO 3D 4X6 ORO,8,145.467
50135051,PORTARRETRATO METALICO 3D 4X6 NEGRO,8,135.6027065
50135052,PORTARRETRATO METALICO 3D 5X7 ORO,8,183.0531983
50135053,PORTARRETRATO METALICO 3D 5X7 NEGRO,8,173.187
50135054,PORTARRETRATOS 12 FOTOS 4X6 NEGRO,8,282.9075864
50135385,ORGANIZADOR 5 NIVELES GALASALA,8,704.235
50136548,PORTARRETRATOS HIERRO LISO PL 8X10,8,292.194
50136549,MARCO QUADRUM PLATEADO 6X8,8,281.337
50136550,MARCO QUADRUM PLATEADO 4X6,8,216.153
50136551,PORTARET MDF 4X6 BLANCO CON GRIS,8,107.541
50136552,PORTARET MDF 8x10 BLANCO CON GRIS,8,172.704
50136553,PORTARET MDF 4X6 BLANCO,8,85.806
50136554,PORTARET MDF 5X7 BLANCO,8,96.684
50136555,PORTARET MDF 8X10 BLANCO,8,129.255
50136556,PORTARET METAL 4X6 NEGRO,8,150.99
50136557,PORTARET METAL 5X7 NEGRO,8,183.582
50136558,PRETRATOS TP ALUM NG 46,8,259.602
50136559,PORTA DE PP MULTIPLE DE 8 FOTOS 4X6 GRIS,8,368.235
50136560,PORTA DE PP MULTIPLE DE 10 FOTOS 4X6,8,281.337
50136979,CAJA 8 GAL 30LTS CTAPA TRASLUCIDA,8,242.55
50136981,CAJA 53LTS CTAPA TRASLUCIDA,8,294
50136983,CAJA 25LTS CTAPA TRASLUCIDA,8,163.38
50137218,PORTALAPICES STUK DE METAL GRIS,8,53.781
50137449,PORTARET MDF 8X10 GRIS AP050,8,129.255
50137450,PORTARET METAL 4X6 NEGRO LB00509,8,150.99
50137451,PORTARET METAL 6X8 NEGRO LB00510,8,183.582
50137452,PORTARET METAL 5X7 NEGRO LB00511,8,172.704
50137453,PORTARET METAL 8X10 NEGRO LB00512,8,227.031
50137454,PRETRATOS PLAST MAD CL 4X6 OS07709,8,53.235
50137455,PRETRATOS PLAST MAD CL 6X8 OS07710,8,64.092
50137456,PRETRATOS PLAST MAD CL 8X10 OS07712,8,85.806
50137457,PRETRAT PT MATE ODLDO 4X6MOD SF10909,8,183.582
50137458,PRETRA PT MATE ODLDO 5X7MOD SF10911,8,227.031
50137459,PRETRAT PT MATE ODLDO 8X10MO SF10912,8,379.092
50137460,PRETRATOS MDF MAD CL Y BN 4X6 SO06509,8,85.806
50137461,PRETRATOS MDF MAD CL Y BN 8X10 SO06512,8,140.133
50137754,CANASTA MULTIUSOS 24X19 CM G.,8,67.2
50137755,CANASTA MULTIUSOS/ASAS 23X17CM G.,8,79.8
50137758,ORGANIZADOR PARA REFRIGERADOR MED,8,92.4
50137760,ORGANIZADOR 3 PISOS,8,165.9
50011813,CINTA JANEL TRANSPARENTE 12X33,9,9.232691787
50011814,CINTA JANEL TRANSPARENTE 18X33,9,14.75953394
50011816,CINTA TRANSPARENTE JANEL 18X65,9,27.17672764
50012772,CLIP ACCO ESTANDAR NO1 100 PZ,9,15.20122655
50012773,CLIP ACCO ESTANDAR NO2 100 PZ,9,14.21211337
50012778,CLIP MARIPOSA NO.2 INOX ACCO .,9,5.844461538
50012871,CLIP BACO ESTANDAR NO1 100PZS,9,20.77463281
50012872,CLIP BACO ESTANDAR NO2 100PZS,9,17.75193168
50012873,CLIP TROPICALIZADO CT-1 BACO .,9,3.795061475
50012879,CLIP GOTICO OMX N1 100PZ,9,17.8796591
50012880,CLIP GOTICO OMX N2 100PZ,9,15.79933793
50012882,CLIP BACO JUMBO 50X100MM 100PZAS,9,43.701
50012889,BROCHE ARC OMX 8CM 50PZS PK,9,94.227
50012890,BROCHE BACO ARCHIVO 7CM 50P,9,116.0755465
50013479,LAPIZ ADHESIVO PRITT 22GR PZ,9,43.9032298
50013480,LAPIZ ADHESIVO PRITT 11GR,9,25.41587545
50013481,LAPIZ ADHESIVO PRITT 42GR,9,82.5174435
50013487,CUADRITOS ADHESIVOS PRITT 50PZ,9,50.32931929
50013495,LAPIZ ADHESIVO PRITT 11GR 3PZ,9,59.61105749
50013496,LAPIZ ADHESIVO PRITT 22GR 2PZS,9,83.832
50013674,CINTA SCOTCH MAGICA 12X33,9,59.913
50013687,ADHESIVO SCOTCH SPRAY 77 305GR,9,325.8572278
50013689,ADHESIVO SCOTCH SPRAYMOUNT 290,9,308.9954747
50013699,CINTA SCOTCH MAGICA 12X11,9,39.543
50013700,CINTA SCOTCH ADH C/DESP 18X30,9,48.77858998
50013724,NOTAS POST-IT AM/RAYA 10X10,9,67.32409384
50013749,NOTAS POST-IT ULTRA 7.6X7.6CM,9,178.7907959
50013763,NOTAS POST-IT PASTEL 7.6X7.6CM,9,147.9638265
50013783,GRAP5 PILOT ESTANDAR 5040 PZS,9,69.237
50013785,ENGRAPADORA PILOT DE GOLPE T/C,9,524.8444368
50014476,PEGAMENTO LIQUIDO RESIS850 1K,9,200.445
50014477,PEGAMENTO RESISTOL 850  500GR,9,120.1909882
50014602,PERFORADORA PEGASO 3708 2/O,9,399.1134273
50014603,PERFORADORA PEGASO METALIC 1/O,9,47.31396728
50015770,CUADROS SUJ VELCRO NEGRO 12PZS,9,47.23176125
50015958,DESENGRAPADOR BARRILITO,9,27.2475
50015961,PERFORADORA BARRILITO NG 2/O,9,171.8833045
50018285,BANDERITAS POST-IT ULTRA 200H,9,60.40221208
50022631,LAPIZ ADHESIVO PRITT 22GR 6PZ,9,230.6282144
50023474,CINTA SCOTCH MAGICA 18X33,9,96.58108377
50023846,"TIJERAS OFICINA 7"" BARRILITO",9,71.35778265
50023850,"TIJERA OFI BARRILITO 5""",9,62.73653096
50023851,"TIJERA OFI BARRILITO  6""",9,72.47591731
50027181,ENGRAPADORA PILOT STAND UP T/C,9,185.2832243
50029482,PEGAMENTO KOLA LOKA 2GR,9,30.534
50031358,GRAPA FIFA MINI NO10 (3/16),9,19.18044112
50031591,MINI BANDERITAS COLORES POST IT,9,113.97466
50032408,CINTA SCOTCH ADH 550 19X3362054,9,32.151
50032411,CINTA SCOTCH ADH 550 24X65,9,84.79873269
50032428,PINES OMX COLORES 100PZS,9,32.208
50033288,ENGRAPADORA BYARRILITO M/T ACME,9,105.6754334
50033292,ENGRAPADORA PILOT CROM GOL M/T,9,269.1324864
50033295,ENGRAPADORA PILOT CROM GOL T/C,9,315.5970945
50033300,GRAPA FIFA USO RUDO 3/8 100PZS,9,29.70530769
50033918,PEGAMENTO KOLA LOCA BROCHA 5GR,9,35.868
50034155,LIGAS VALMAR NO64 100 GR .,9,32.77678981
50035697,"TIJERA ESC BARRILITO 5""",9,31.59386528
50035781,CUADROS SUJ VELCRO BCO 12 PZS,9,47.24400388
50035784,CINTA SUJ VELCRO NG 4.5X1.9 1P,9,285.5334435
50036228,CLIP BACO TROPICAL NO1 10PZS,9,223.4864891
50036867,PERFORADORA BARRILITO 3/O,9,327.0912362
50037733,CINTA SCOTCH MONTAJE EXT 25X1,9,134.19525
50037734,CINTA SCOTCH MONT TRANS 25X1.5,9,146.7986525
50039370,"TIJERA OFI FORJADA 7""        .",9,107.373
50039620,CINTA SCOTCH MAGICA 24X65,9,208.1469108
50039667,BROCHE 8CM METALICO C/50 ACME.,9,53.1132
50039778,CLIP BACO MARIPOSA N°1 12PZS C,9,40.25233565
50039779,CLIP BACO MARIPOSA NO2 50PZS,9,71.43320023
50040380,GRAPA MARVEL 6MM CN 5000 PZAS  N,9,42.46795116
50041011,IMANES MAPED RECT COLOR 8PZS,9,64.22435431
50041012,IMANES MAPED REDONDOS 8PZS,9,44.28643373
50042930,CORREA VELCRO ONEWRAP COL 5PZS,9,54.65297182
50044031,NOTAS POST-IT NEON 3X3 5BL 75H,9,126.6596823
50045028,NOTAS POST-IT SS 7.6X7.6 4B,9,173.4977057
50046922,"TIJERA ESC BARRILITO ZURDO 5""",9,56.36613839
50048405,SILICON LIQUIDO PELIKAN 100ML.,9,35.25013536
50050603,RESISTOL 5000 SUPER TRANS 21M,9,58.82411204
50051707,CINTA SUJ VELCRO BCO4.5X1.9 1P,9,285.576283
50051954,PEGAMENTO RESISTOL 850 55GR,9,29.18982455
50051956,PEGAMENTO RESISTOL 850 110GR,9,40.73958809
50051957,PEGAMENTO RESISTOL 850 225GR,9,66.77845421
50052337,LIGAS PILOT NAT NO18 80GR,9,30.12254641
50054228,LIGAS PILOT NAT NO10 80GR,9,23.53516667
50054718,NOTAS POST-IT POP-UP NEON 3X3,9,165.9785222
50054723,CINTA SCOTCH ADH DESP 19X16.5,9,50.13024054
50055976,PLANER SEM POST-IT 45.5X30.3,9,404.8521729
50056441,NOTAS POST-IT MINI ULTRA 5X5,9,73.88073613
50056446,"NOTAS POST IT AM 3X3"" 8BL",9,141.6067786
50056684,BANDERITAS POST-IT MINIFLE 96P,9,79.24914179
50057440,PLASTILOKA 40GRS,9,31.689
50057759,"NOTAS POST-IT AM 3X3"" 6BL",9,85.89525
50060054,RESISTOL REPAR INSTANT ORIG 2G,9,33.72541808
50060607,BANDERITAS POST-IT MINI TROPIC 140P,9,112.0835497
50061348,CINTA JANEL INVISIBLE 12 X 33.,9,26.12316667
50061350,CINTA INVISIBLE 18X33M JANEL,9,38.66875796
50061351,CINTA JANEL INVISIBLE 18 X 65.,9,77.95366667
50061353,CINTA JANEL KRYSTAL 18X33,9,16.2078
50061358,CINTA JANEL DOBLE CARA 18X33,9,95.2436011
50061359,CINTA JANEL DOBLE CARA 24X33,9,129.420794
50061361,MASKING TAPE JANEL,9,84.61893593
50061375,PATAFIX UHU  PROPOWER MASA AD.,9,52.5
50061466,CORREA VELCRO ONE WRAP NG 25PZ,9,81.72163618
50061480,TIJERA ESC MAPED SEN 3D 16CM,9,87.69918514
50061971,BLOCK NEON OMX,9,92.19
50061998,NOTAS OMX COLORES 40PZS,9,12.27321691
50062039,CLIP OMX B/N 33MM 500 PZS,9,58.56308931
50062040,CLIP OMX COLORES 600 PZS,9,62.7692005
50062041,CLIP OMX COLORES 28MM 500 PZS,9,52.7568853
50062046,QUITAGRAPAS OMX COLORES 3PZS,9,44.21498736
50062047,PERFORADORA OMX 1/O,9,24.02693562
50062048,SET ENGRAPADORA OMX M/T,9,138.2946958
50062052,SUJETADOC OMX FLOR 25MM 10PZS,9,32.48804237
50062053,SUJETADOC OMX 19MM 12PZS NEGRO,9,10.74598672
50062054,SUJETADOCUMENTOS OMX 32 MM 12P N,9,23.499
50062055,SUJETADOCUMENTOS OMX 51MM 12P,9,51.65207895
50062057,ENGRAPADORA OMX USO RUDO NEGRO,9,338.6188428
50062213,QUITAGRAPAS MAPED ECONOMICO,9,18.20523336
50062274,LAPIZ ADHESIVO OMX 10GR 4PZS,9,33.60612633
50062275,Lapiz Adhesivo OMX 21gr 3pzs,9,40.98204241
50062310,SET 2NGRAPADORA OMX MET M/T,9,113.904
50062311,SET ENGRAPADORA OMX BEIGE M/T,9,122.3450559
50062911,NOTAS OMX AMA CUBO 3X3 400H,9,56.41407877
50063048,CINTA OMX ADH INVE C DESP 18 X 33 6P,9,113.967
50063049,CINTA OMX ADH INVISIBLE 18X33 6 PZS,9,93.3345
50063071,BOLA DE LIGAS OMX NO18,9,90.80299582
50063383,BANDERITAS POST-IT MINIFLE COL,9,79.989
50063384,"ST-IT RAYAS 4X4"" 90H",9,62.6986884
50063614,NOTAS OMX ADH NEON 6 BLcCKS,9,120.498
50063615,NOTAS OMX ADH MINI CUBO 5X5 CM 400 HJ,9,40.992
50063616,NOTAS OMX ADHESIVAS 3X3 600H,9,77.553
50064299,PEGAMENTO KOLA LOKA GOTERITO,9,29.001
50065535,DEDALES HULE OMX 10 PZAS,9,47.46303803
50065610,POST-IT (BANDERITAS OMX FLE),9,48.88904879
50065888,QUITAGRAPAS SENCILLO NEGRO OMX,9,17.26405886
50065894,ENGRAPADORA OMX U3O RUDO T/C,9,130.83
50065896,SET ENGRAPADORA OMX T/C,9,169.2653831
50065897,PERFORADORA OMX 15HJS 3/O,9,138.9873444
50065898,PERFORADORA OMX NEGRO 8HJS 2/O,9,25.69534896
50065903,PERFORADORA OMX P/CARPETA 3/O,9,42.83535073
50067114,ENGRAPADORA MAPED MINI C/GRP,9,72.1773812
50067394,NOTAS POST IT 3*3 C/ 390 HOJAS,9,151.1706
50067889,CINTA JANEL ADH MINI 18X33 4 PZ,9,46.2
50068690,"BANDERITAS POST-IT RIG 3COL 1""",9,141.9508829
50068694,"BANDERITAS POST-IT RIG 2"" 4COL",9,126.0793766
50069421,LAPIZ ADHESIVO OMX 40GR,9,46.053
50069422,DESPACHADOR DE CINTA OMX CHICO,9,50.21867052
50069423,ENGRAPADORA OMX TIPO PINZA T/C,9,135.6736924
50069639,ARGOLLAS SUJETADOC OMX 35MM 9P,9,19.66523131
50069640,ARGOLLAS SUJETADOC OMX 50MM 6P,9,17.67685356
50069641,SUJETADOC OMX 51MM 12PZS GRIS,9,67.67156683
50069642,SUJETADOC OMX 32MM 12 PZS GRIS,9,27.03784581
50069643,SUJETADOC OMX 19MM 12PZS GRIS,9,11.0320798
50069644,DESPACHADOR DE CINTA OMX GDE,9,88.55480242
50069988,PERFORADORA OMX 20HJS 3/O,9,372.1200704
50069991,PEGAMETO OMX LIQ/LAPIZ ADHES,9,39.50556847
50070597,LIGAS VALMAR NAT NO.64 80GR,9,20.24105263
50071276,TIJERA ESC MAPED CREATIV 5PTAS,9,154.1590664
50071722,LIGAS LEON COLOR NO18  80GR,9,24.87912233
50072936,NOTAS OMX ADHESIVAS FLOR 200H,9,109.2515769
50072937,NOTAS OMX ADH FLECHA 200H,9,110.8333572
50073009,PERFORADORA OMX METALIC NG 2/O,9,165.6199405
50074099,SILICON LIQUID BARRILITO 100ML,9,32.77603685
50074161,LAPIZ ADHESIVO OMX ECO 21G 3PZ,9,36.36176994
50074162,QUITAGRAPAS OMX COLORES PASTEL,9,16.63758405
50074270,ENGRAPADORA OMX MINI TIPO PINZ,9,49.06104699
50076295,CLIP OMX JUMBO 100 PIEZAS,9,45.82809477
50076297,CLIP OMX ESTANDAR NO1 100PZS,9,13.73827608
50076298,CLIP OMX ESTANDAR N°2 100PZS,9,12.86306047
50076299,CLIP OMX EJECUTIVO NO1 100PZS,9,40.71873396
50076300,CLIP OMX EJECUTIVO N°2 100PZS,9,31.70718311
50076301,CLIP OMX MARIPOSA NO1 36PZ,9,63.60253846
50076302,CLIP OMX MARIPOSA NO2 150PZ,9,63.1295
50076303,GRAPA OMX ESTANDAR 5040PZS,9,58.47760568
50076308,LIGAS OMX NAT NO12 80GR,9,29.13698782
50076311,||,9,25.66174694
50076312,LIGAS OMX NAT NO33 80GR,9,31.12198364
50076806,LIGAS LEON NAT NO18,9,25.55534648
50077264,ENGRAPADORA MAPED METAL M/T,9,135.1886606
50077265,ENAPADORA MAPED METAL T/C,9,175.245
50077267,PERFORADORA MAPED 12HJS 2/O,9,81.82543619
50077329,TIRAS SUJ VELCRO BCO 2PZS,9,29.9014952
50077330,CIRCULOS SUJ VELCRO BCO 10 PZS,9,33.42939501
50077331,CIRCULOS SUJ VELCRO NG 10 PZS,9,33.29545279
50077332,CINTA SUJ VELCRO BCO 90X1.9 1P,9,77.30045539
50077333,CINTA SUJ VELCRO NG 90X1.9 1PZ,9,79.04910366
50077336,TIRAS SUJ VELCRO USO RUDO NGRO,9,31.18861375
50077337,TIRAS SUJ VELCRO USO RUDO BCO,9,30.42687476
50077358,CINTA SCOTCH MONT 12X1.9,9,94.69063579
50077987,ENALES POST-IT MINI 10 COLOR,9,96.957
50077988,DESPACHADOR POST-IT C/VENTOSA,9,105.0670027
50078254,ENGRAPADORA MAPED MINI COLORES,9,58.77696668
50078884,LIGAS LEON BLANCA NO18 80GR,9,25.45619694
50078962,BANDERITAS POST-IT BRILLANTES,9,65.03183463
50079191,CINTA SCOTCH WASHI COLORES,9,26.06736364
50082135,PINES PELIKAN COLORES 100PZ,9,42.93551358
50082270,"TIJERAS DE 7"" O 18 CM.UNIVERSA",9,69.80072624
50082294,DEDAL DE HULE LEON ROJO NO11.,9,1.106
50082295,DEDAL DE HULE ROJO LEON NO 12.,9,3.675
50082360,PISTOLA DE SILICON CHICA,9,134.1858
50082580,GRAPA FIFA USO PESADO 1/4,9,22.449
50082957,TIJERA OFI ADVANCED GEL 17CM,9,67.18035922
50082958,TIJERA MAPED OFI ADVANCED 21CM,9,82.455206
50084162,BARRAS SILICON 7X200MM C/10,9,47.13796482
50084164,PISTOLA P/ SILICON PREMIUM,9,200.9915439
50084567,CINTA ADHESIVA TRANSP PREM 2PZ,9,10.143
50085005,ENGRAPADORA JHONSHEN COLORES,9,83.01148193
50085019,DESPACHADOR CINTA JHONSHEN COL,9,88.80380645
50085025,TIJERA OFI JHONSHEN 8.5,9,33.42516545
50085075,CINTA DOBLE CAPA JANEL 12X33,9,58.95261605
50085460,ESPONJERO DE PLASTICO LEON NO2,9,14.00538861
50087839,TIJERA OFI ADVAN GREEN 17CM MAPED,9,64.218
50087840,TIJERA OFI ADVANCED GREEN 21CM,9,80.05287125
50087954,"TIJERA OFI SIGEL 8""",9,33.24301541
50087955,"TIJERA OFI SIGEL MULTIUSOS 4""",9,26.35756967
50087960,"TIJERA OFI SIGEL MULTIUSOS 8""",9,33.4993578
50087962,"TIJERA ESC SIGEL 5""",9,21.77527378
50088026,SET ENGRAPADORA/PERFORADORA,9,164.8200492
50088334,TIRAS SUJ VELCRO USO RUDO 5PZS,9,87.93788901
50088336,CINTA SUJ VELCRO RUDO NGO 1PZ,9,144.8536414
50088722,LIGAS VALMAR NAT NO18 80GR,9,12.5958
50089662,RESISTOL 911 FLEXGEL 3G,9,43.46652374
50089663,RESISTOL NMC MULTIUSOS 100G,9,88.62860334
50090374,50090374,9,22.995
50090628,CINTA SCOTCH MONTAJE INTERIOR,9,386.1443057
50090630,NOTAS POST-IT SS 2X2 3BL,9,195.0954186
50090631,NOTAS POST-IT SS 3X3 5BL BLANCO,9,137.5703026
50090636,ENGRAPADORA BARRILITO M/T NG,9,97.608
50090641,SUJETADOC BARRILITO 32MM 12PZS,9,46.746
50090642,SUJETADOC BARRILITO 51MM 12PZS,9,106.4387638
50091464,ENGRAPADORA PILOT 1000 GOL M/T,9,256.3616731
50092466,NOTAS POST-IT P-UP MIA 3X3 6P,9,211.7529457
50092614,LAPIZ ADHESIVO ELMERS BCO 22GR,9,7.469
50092616,PEGAMENTO LIQ ELMERS  36.9ML,9,14.7
50092618,PEGAMENTO LIQ ELMERS 225ML,9,54.31259219
50092623,LAPIZ ADHESIVO ELMERS MOR 40GR,9,52.64224747
50092944,PERFORADORA PEGASO 800 2/O,9,909.3
50093479,"NOTAS POST-IT MINI 1.5X2"" 4BLK",9,43.27909473
50093488,NOTAS POST-IT MIAMI 4X6 4BLOCK,9,238.2836344
50093490,NOTAS POST-IT MIAMI SS 3X3 6PZ,9,152.5524883
50093492,CINTA SCOTCH ADH TRANS 12X66,9,37.716
50093677,SUJETADORES VELCRO REMOV 8PZ,9,63.17973529
50093678,SUJETADORES VELCRO ADH 19X44,9,70.83642857
50093701,LAPIZ ADHESIVO ELMERS MOR 6GR,9,17.37206041
50093703,PEGA LIQ ELEMRS GLUE ALL 225ML,9,52.45876492
50093704,PEGA ELMERS PEGALO TODO 3GRS,9,31.48216346
50093859,LIGAS LEON NAT NO18 100G,9,26.81041076
50093861,LIGAS LEON NAT NO33 100GR,9,25.58575385
50093862,LIGAS LEON NAT NO64 100G,9,12.0435
50094484,GRAPAS BOSTITCH USO RUDO 9MM,9,167.139
50096828,PEGA ELMERS GLITTER ROSA 177ML,9,67.54978168
50096832,PEGA ELMERS GLITTER AZL 177ML,9,66.87484022
50096833,SCHOOL GLUE CLEAR 147ML,9,70.33832792
50097196,TIJERA ESC MAPED E ZURDO 13CM,9,25.05074861
50099659,NOTAS OMX ADHESIVAS NEON 400HJ,9,84.82065455
50099867,GANCHO VELCRO MINI REM BCO,9,87.31572302
50099869,GANCHO VELCRO CH REMOV BCO 2PZ,9,87.30544594
50100026,PEGAMENTO ELMERS GLOW DARK NAT,9,18.31970219
50100028,PEGAMENTO ELMERS GLOW DARK ROS,9,19.7762069
50100029,PEGAMENTO ELMERS GLOW DARK AZL,9,33.9793125
50100145,LIGAS VALMAR NAT NO18 100GR,9,33.18
50100193,UHU PEGATODO 35 ML,9,67.75172727
50100194,UHU PEGATODO 125 ML,9,136.34075
50100195,UHU  HART MANUALIDADES 35 ML,9,96.07260993
50100196,UHU TWIST & GLUE  35 GR,9,107.8494575
50100306,PEGA ELMERS PLUMA G CLASIC 5PZ,9,37.506
50100308,PEGA ELMERS PLUMA GLITTER 10PZ,9,88.2
50100587,LIGAS LEON COLOR NO10  80 GR,9,24.88927464
50100588,LIGAS LEON NAT NO64 80GR,9,25.35792162
50101806," SILICON ROEL LIQUIDO, FCO.",9,39.87541463
50101898,Clip Baco Estandar N°1 100pzs,9,13.0108837
50101899,CLIP ACCO ESTANDAR NO2 100 PZS,9,13.48731325
50101900,CLIP ACCO ESTANDAR NO1 100 PZS,9,14.595
50101960,SUJETADORES VELCRO ALFRALOCK 2,9,86.28910116
50102455,GRAPA BOSTITCH 5/8 1000PZS,9,158.5130282
50102475,CINTA JANEL CELOFAN 205 12X33,9,20.48306161
50102591,UHU POWER SPRAY 200ML,9,281.8264728
50102594,UHU MAX REPAIR 8GR,9,123.3255686
50102595,PATAFIX BLANCO UHU 80 ALMOHADI,9,62.93891489
50102596,PEGAMENTO UHU 8GRS 1 PIEZA,9,36.57882145
50102600,CLIP ACCO JUMBO 100 PZS,9,50.79948845
50102601,CLIP ACCO MARIPOSA NO2 50 PZS PK,9,61.677
50102602,CLIP ACCO MARIPOSA NO1 12 PZS,9,35.5750011
50102603,SET METAL ACCO COLOR  300 PZS,9,167.2864834
50102649,PEGAMENTO UHU 40GR 1 PIEZA,9,87.97618704
50102650,PEGAMENTO UHU 21GR 1 PIEZA,9,64.87327137
50102804,CHINCHETAS COL SURT CAJA 100,9,25.20525
50104156,DEDAL DE HULE LEON ROJO NO11.5,9,189.231
50105026,NOTAS POST-IT POP-UP MARRA 3X3,9,84
50105948,NOTAS STUK ESTATICAS 50HJ RSA,9,45.969
50105949,NOTAS STUK ESTATICAS 50HJ AZUL,9,45.969
50105954,"TIJERA OFI SIGEL FORJADA 6""",9,107.1394628
50105956,"TIJERA OFI ZURDO 7""",9,33.61022045
50106008,BANDERITAS SIGEL COLORES 10PZS,9,15.2265837
50106740,CINTA WASHI STUK PASTEL 4PZS,9,25.242
50106748,NOTAS ADH STUK PASTEL CIRCULO,9,27.699
50107585,GLUE PEN ELMERS 10.5ML 3PZS,9,18.06
50109308,ELMERS SLIME CRUJIENTE FRUTAL,9,130.2
50109705,DESENGRAPADORA PEGASO 501,9,18.89456471
50110078,CINTA ADHESIVA TRANS 18X33,9,15.94598011
50110079,CINTA ADHESIVA TRANS 18X65,9,27.33533148
50110080,CINTA ADHESIVA TRANS 24X65,9,36.876
50110082,CINTA DOBLE CARA PAPEL NAVI 175 24MMX33M,9,114.5888922
50110138,"TIJERA OFICINA 7"" BARRILITO",9,46.782
50110139,CLIP PARA PAPEL 28MM,9,11.85433333
50110140,ENGRAPADORA MET TIRA COMPLETA,9,72.765
50110163,CINTA ADHES TRANS 12X33,9,8.654028986
50110164,DESPACHADOR CINTA CHICO,9,298.893
50110166,CINTA DOBLE CAPA PAPEL 18X33,9,92.2152
50110498,ENGRAPADORA ECO FRIENDLY AZUL,9,58.254
50111056,BROCHE BACO ARCHIVO 8CM 50PZAS,9,117.2896431
50111057,CLIP BACO CUADRADITO NO1 100PZ,9,19.299
50111584,CLIP OMX MARIPOSA NO1 12PZ,9,32.74358216
50111585,CLIP OMX MARIPOSA NO2 50PZ,9,64.36390566
50111982,GRAPA ESTANDAR OMX 5040 PIEZAS,9,22.78960564
50113147,ENGRAPADORA OMX METALICA M/T,9,66.74649333
50113161,PERFORADORA 1/O,9,11.8125
50113162,ENGRAPADORA MET M/T,9,245.973
50113163,SUJETADOC 19MM 12PZS NEGRO,9,23.751
50113171,LAPIZ ADHESIVO 21GR 2PZS,9,0.021
50113172,CINTA ADH INVISIBLE 18X33,9,53.865
50113184,PERFORADORA 15HJS 3/O,9,260.673
50113185,ENGRAPADORA METALICA MINI,9,182.7
50113189,SUJETADOC 51MM 12PZS GRIS,9,123.963
50113285,NOTAS ADHESIVAS LISTA DE TAREA,9,34.125
50113290,TIJERAS OFI 17CM ECO STUK,9,33.411
50113295,NOTAS KRAFT 7.6X7.6CM STUK,9,39.74183759
50113306,CINTA WASHI STUK LASER 3 PZ,9,129.066
50113308,PESTA#A ADHESIVAS DE INDICE,9,31.017
50113319,CUADERNO DE NOTAS 80 HOJAS,9,62.3385
50113320,ENGRAPADORA MINI OMX NEGRA,9,92.28566667
50113323,NOTAS ADH STUK MANZANA 100H,9,14.67869534
50113327,NOTAS ADH STUK MANO 100 HOJAS,9,14.53293174
50113328,NOTAS ADH STUK CORAZON 100H,9,14.59722562
50113329,NOTAS ADH STUK CUADRADO 100H,9,14.44959819
50113330,NOTAS ADH STUK NUBE 100 HOJAS,9,14.5558757
50113497,ENGRAPADORA PEGASO NEGRO M/T,9,157.5
50113498,ENGRAPADORA PEGASO NEGRO T/C,9,189.63
50113501,PERFORADORA PEGASO 2/O NEGRO,9,477.75
50113538,ENGRAPADORA CELICA T/C NEGRO,9,176.379
50113697,SUJETADOCUMENTOS STUK NEON,9,21.5355
50113818,CINTA DE REGALOS 19MM X 16.5M,9,47.66433424
50113819,CINTA MAGICA GREENER 19 X 15.2,9,50.32060637
50113850,CINTA SUPER ADH SCOTCH 19X25.4,9,47.32708207
50113851,CINTA SUPER SCOTCH DESP 19X16,9,49.77446389
50113868,CINTA SCOTCH MONT EXTREMA 2.5cm x 1.52mt,9,169.1315557
50113922,LAPIZ ADHESIVO PRITT 20G 2P GLITTER,9,88.92515653
50113949,LAPIZ ADHESIVO PRITT 11G 3P+N,9,64.932
50113950,LAPIZ ADHESIVO PRITT 11G 3P+A,9,64.932
50113963,NOTAS POST-IT TRANSPARENTES,9,94.84688991
50114001,ELMERS COSMIC GLUE NARANJA,9,25.75936364
50114002,ELMERS LIQUIDO MAGICO,9,180.6
50114003,ELMERS KIT SLIME 2P CAMBIA COL,9,111.405
50114006,ELMERS LA CON OLOR 4PZ,9,69.86209157
50114007,PEGAMENTO ELMERS MOR 4PZ 7GRS,9,68.62002068
50114008,PEGAMENTO ELMERS AP 40GRS+6GR,9,60.74631178
50114472,ENGRAPADORA VERTICAL PILOT,9,147.4393846
50115791,PINES ACCO BOLA NEON 80PZ,9,35.49
50116044,TIJERAS HARRY POTTER 16CM,9,85.40377674
50116189,CINTA SCOTCH DOBLE CARA C/DESP,9,48.94698179
50116229,SLIME ELMERS GUE  FRESA 236ML,9,130.2
50116230,SLIME ELMERS GUE COTTON CANDY,9,32.56575
50116231,KIT SLIME ELMERS GEMAS MISTERI,9,0.021
50116422,TIJERAS ECO STUK 17.8CM,9,39.35258916
50116424,ENGRAPADORA MINI ECO STUK,9,36.52145261
50116426,DESPACHADOR DE CINTA ECO STUK,9,23.21717348
50116733,CLIP STUK POMPONES COLORES 6P,9,18.921
50116754,SUJETADOCUMENTO MAGNETICO STUK,9,35.154
50116771,MINI PERFORADORA STUK 9MM,9,21.70332565
50116800,CINTA WASHI GOOD DAISY 4 PZ,9,28.749
50116803,NOTAS ADH GOOD DAISY 5PZ STUK,9,40.047
50116806,NOTAS ADH MEMO PAD RAYAS,9,50.589
50116813,NOTAS ADH STUK CUPCAKE,9,43.134
50116819,IMANES GOOD DAISY SET 6,9,62.727
50116820,BANDERITAS STUK COLORES VERDE,9,51.534
50116822,MINISET DE ACCESORIOS OMX NEON,9,44.65964938
50116824,IMANES GOOD DAISY 2 PIEZAS,9,53.235
50116829,NOTAS ADH STUK PLANTAS,9,23.247
50116839,NOTAS ADHESIVAS OMX SET NEON,9,23.84839041
50116845,NOTAS ADH MOON STUK 6 PIEZAS,9,27.573
50116852,INDICES SEPARADORES MOON 60H,9,21.63
50116867,CINTA WASHI MOON 3 PIEZAS,9,44.877
50116873,IMANES 6PZAS MOON,9,51.912
50117947,PEGAMENTO RESISTOL 911 MINIDUO,9,25.2
50117948,CINTA MONTAJE RESISTOL NMC,9,113.8954382
50118144,CINTA ADHESIVA N-55 12MMX65M,9,17.98191111
50118146,NOTAS POST-IT SIMPLY SERENE,9,199.5
50118147,NOTAS POST-IT SUMMER JOY,9,173.3626107
50118322,CLIP PELIKAN ESTANDAR N.1,9,19.698
50118323,CLIP PELIKAN ESTANDAR N.2,9,17.85
50118442,PLASTILOKA SUPER RAPIDA 20 G,9,37.737
50118443,KOLA LOKA CARPINTERO,9,102.9
50118472,SLIME ELMERS GUE UNICORNIO 3PK,9,436.850121
50118474,SLIME ELMERS GUE CANDY 8OZ,9,168
50118475,SLIME ELMERS GUE FRESAY 8OZ,9,168
50118526,LAPIZ ADHESIVO ELMERS 4PZ,9,189.4904954
50118528,ELMERS KIT MAGICO UNICORNIO,9,186.9
50118529,TIJERAS SENSOFT 3D 13CM ECOPAC,9,45.318
50118530,ELMERS KIT FIESTA,9,186.9
50118624,NOTAS ADHESIVAS MOOVING 76X76,9,25.96760559
50118625,NOTAS ADHESIVAS MOOVING MULTIC,9,26.35017599
50118626,NOTAS ADHESIVAS MOOVING 50X75,9,18.207
50118627,NOTAS ADHESIVAS MOOVING 400H,9,79.3673494
50118628,NOTAS ADHESIVAS MOOVING 51X51,9,30.95125803
50118629,50118629 - NOTAS ADHESIVAS MOOVING 38X50,9,26.04
50118630,SET NOTAS ADHESIVAS & BANDERIT,9,35.553
50118631,50118631 - BANDERITAS MOOVING ANCHAS 60H,9,42.567
50118632,BANDERITAS MOOVING 100H,9,45.36
50118633,SET BANDERITAS MOOVING 6 DISEN,9,27.153
50118634,BANDERITAS MOOVING ANGOSTAS,9,38.33155932
50118635,50118635 - SET 8 BANDERITAS MOOVING 200H,9,29.967
50118636,50118636 - BANDERITAS MOOVING SIGN TRASL,9,22.407
50118637,BANDERITAS LAPIZ 125HJS,9,26.04
50118638,BANDERITAS MOOVING DUO COLOR,9,22.407
50118639,50118639 - BANDERITAS MOOVING FLECHAS,9,19.593
50118640,50118640 - SUJETADOCUMENTOS 19 MM 12 PCS,9,97.167
50118641,SUJETADOCUMENTOS 25 MM 6 PCS,9,71.127
50118642,SUJETADOCUMENTOS 32MM 4 PCS,9,71.127
50118643,PAPER CLIPS MOOVING 33MM 60P,9,40.047
50118644,LIGAS COLORES MOOVING 16GR,9,31.15962413
50118648,PAPER CLIPS MOOVING 50MM 25P,9,40.047
50118649,IMANES MOOVING 6 PZ,9,100.8
50118652,CLIP JUMPO MOOVING 6PZ,9,48.993
50118653,CLIPS MOOVING 28 MM 100PZ,9,105
50118655,SET CLIPS NARANJA MOOVING,9,121.527
50118658,SET CLIPS MOOVING ROSA,9,119.8707787
50118660,SET CLIPS MOOVING VERDE,9,143.073
50118661,SET CLIPS MOOVING VERDE,9,133.7337136
50118662,SET DE CLIPS Y OFICINA,9,209.16
50119451,PEGAMENTO BLANCO 60 G,9,14.385
50119613,LAPIZ ADHESIVO PELIFIX 10 GRAMO,9,38.38621011
50119614,CHINCHETAS PELIKAN NEGRO,9,42.71221408
50119615,NOTAS ADHESIVAS PELIKAN AMA 3X3,9,17.85
50119616,NOTAS ADHESIVAS PELIKAN NEON 3X,9,26.775
50119617,NOTAS ADHESIVAS PELIKAN PASTEL,9,76.56389096
50119618,TIJERA ESCOLAR ERGONAMICA PELI,9,38.45647562
50119619,TIJERA ESCOLAR CONFORT FANCY PE,9,56.78600319
50119822,TOPES ANTI-IMPACTO SCOTCH 1IN,9,65.12041667
50119823,PROTECTORES FIELTRO REDONDOS SCO,9,74.07219101
50119825,DESLIZADORES REDONDOS 4PZ SCOTCH,9,69.14019512
50119826,GANCHOS ADJUSTABLES 6PZ COMMAND,9,165.375
50119827,TIRAS CUADROS BLANCAS JUMBO 9KG,9,104.9542165
50119828,TIRAS CUADROS NEGRAS JUMBO 9KG C,9,102.0192512
50119829,GANCHOS TRANSP MEDIANOS 2PZ COMM,9,85.995
50119830,GANCHO TRANSP GRANDE 1PZ COMMAND,9,85.995
50119831,GANCHO TRANSP PARA UTENSILIOS CO,9,85.995
50119943,CORREA VELCRO EASY-HANG CHICO 30X22CM,9,119.7
50119944,CUADROS VELCRO ALFA-LOK NEGRO 2.5X2.5CM,9,83.706
50120022,TIJERA ESC MAPED MAGICA 13CM,9,43.47953038
50120023,TIJERA ESC MAPED TATOO IN 13CM,9,70.75463262
50120024,TIJERAS SENSOFT PASTEL 13CM TRY ME CC,9,74.41769364
50120454,LAPIZ ADHESIVO DIXON 36G 2PZ,9,88.64420075
50121550,GANCHO COMMAND XXL 4.5KG,9,116.6918057
50121551,GANCHO COMMAND XXXL 6.8KG,9,117.9212294
50121552,NOTAS POST-IT OPP SUPER STICKY 45 HOJAS,9,23.13116129
50121553,NOTAS POST-IT SUPER ADHESIVA 2PK 45H,9,35.78576733
50121554,NOTAS POST-IT SUPER ADHESIVA 4PK 45H,9,71.03933846
50121556,NOTAS ADHESIVAS POST-IT RIO JANEIRO 3X3,9,173.3096384
50121558,NOTAS SUPER ADHESIVA POST-IT MIAMI 10X10,9,110.9796346
50121560,DESPACHADOR DE NOTAS BANDE POST-IT NGO,9,376.7045625
50121590,CINTA SCOTCH PARA REPARAR LIBROS 5X13.7,9,170.896
50121591,CINTA PARA LIBROS SCOTCH 38X13 EN CAJA,9,136.2549041
50121592,CINTA MAGICA SCOTCH 19X65 8M EN CAJA,9,188.5190956
50121593,CINTA SCOTCH DOBLE CARA EN CAJA 12MMX33M,9,171.2539159
50121594,DESPACHADOR DE CINTA SCOTCH C-38 NGRO,9,100.7985845
50121595,DISPENSADOR DE CINTA SCOTCH CLIP,9,159.0734229
50121596,TIJERAS MULTI-PROPOSITO SCOTCH 17.78CM,9,69.38302159
50121597,TIJERAS 8 PULGADAS SCOTCH DISENOS,9,79.36273277
50122487,UHU PEGATODO 20ML,9,48.61671314
50122488,NOTAS POST-IT SS NEGRAS 3x3,9,163.17
50122489,NOTAS POST-IT SS WAND 3x3 350h,9,147.63
50122490,NOTAS POST-IT SS OASIS 5PK,9,148.536259
50122491,BANDERITAS POST-IT PRIMAR 5BL,9,84.86767725
50122492,BANDERITAS POST-IT FLECHA NEON,9,83.86781847
50122573,CINTA CRISTALINA C/DESPACHADOR 18X33,9,45.55615246
50122791,SOPORTE PARA CABLES VELCRO NEGRO 5P,9,85.806
50122792,SOPORTE PARA CABLES VELCRO BLANCO 5P,9,85.806
50122808,PEGAMENTO BROCHA RESISTOL 911 5G,9,50.484
50122809,PEGAMENTO PLASTICOS FLEX RESISTOL 21ML,9,58.212
50122810,PEGAMENTO PIEL Y CALZADO RESISTOL 21ML,9,58.212
50123112,HARRY POTTER JUMBO PAPER CLIP,9,81.207
50123114,HARRY POTT FUN PAPER CLIPS X 4,9,73.5
50123115,HARRY P BINDER CLIPS 25 MM X 6,9,84
50123116,HARRY POT BINDER CLIPS 32MM X4,9,93.702
50123117,MAW HARRY POTTER  MAGNETS X 4,9,130.2
50123119,MAW HARRY POTTER  OFFICE SET,9,289.8
50123120,HP SET DE NOTAS ADHESIVAS,9,78.393
50123121,HP WASHI TAPE CASAS 1.5CMX5M.,9,35.28
50123122,HP WASHI TAPE 1.5CMX3M BLT 3U,9,82.929
50123123,HP WASHITAPE STICKERS RED DISP,9,46.137
50123124,HP MAGNETIC BOOKMARKS X 3,9,54.873
50123149,DISNEY 100 BINDER CLIPS 25MMX6,9,100.8
50123150,MAW DISNEY 100  OFFICE SET,9,302.127
50123151,MAW DISNEY 100  SET PREMIUM,9,385.98
50123163,DISNEY 100  JUMBO PAPER CLIP,9,71.106
50123164,DISNEY 100 SET DE NOTAS ADHESI,9,63.84
50123166,MAW DISNEY 100  MAGNETS X 6,9,131.313
50123167,DISNEY 100 BINDER CLIPS 32MMX4,9,84
50123169,D100 WASHITAPE STICKERS RED DS,9,37.506
50123170,D100 WASHI TAPE 1.5CMX3M BLT 3,9,67.473
50123171,PASTEL NOTAS ADHE 76X76 100 H,9,22.953
50123172,P NOTAS ADH 51X51 MULTIC 250 H,9,31.08
50123173,PASTEL NOTAS ADHE 38X50 4X50 H,9,26.04
50123174,PASTEL   STICKY NOTES FLECHAS,9,36.666
50123175,PA SET 8 BANDERITAS 12X45 X200,9,30.24
50123176,PASTEL BINDER CLIPS 19 MM 12 U,9,58.233
50123177,MAW  PASTEL JUMBO PAPER CLIP,9,49.56
50123178,PASTEL PAPER CLIPS 33 MM 60 U.,9,34.986
50123179,PASTEL PAPER CLIPS 50 MM 25 U.,9,35.28
50123909,ADHESIVO FIXY 3PZ 1GR,9,24.15
50124783,MINI ENGRAPADORA VIVO MAPED PASTEL,9,69.11326425
50124831,WASHI TAPE PANDA ADHES 2PZ 3.6cmx3m,9,80.997
50124832,WASHI TAPE NAVIDAD ADHES 3PZ 2.4cmx3m,9,71.19
50124833,WASHI TAPE NAVIDAD ADHES 2PZ 2.4cmx3m,9,71.19
50125132,PESTANAS SEPARADOR ANIMALES DE SAFARI,9,39.9
50125181,SET NOTAS ADHE ECO STUK 20 HJ  FLORES,9,60.16012624
50125182,SET NOTAS ADHE ECO STUK 20 HJ,9,60.15130364
50125183,NOTAS ADHESIVAS RAYA ECO STUK 80 HJ,9,19.21949612
50125184,MINI ENGRAPADORA AZUL OMX,9,31.67513515
50125185,CLIPS UNICORNIO STUK 4PZ,9,21.273
50125186,CLIPS AGUACATE STUK 3PZ,9,18.91115225
50125187,SUJETADOCUMENTOS CARITAS STUK 19MM 20PZ,9,34.42242906
50125188,CINTA ADHE STUK 2 PZAS 5M,9,26.73252851
50125189,CINTA ADHE STUK 5 PZAS,9,35.79776919
50125190,TIJERA ESCOLAR STUK CON CUBIERTA 13CM,9,19.29683252
50125191,TIJERA OFICINA STUK 20.5CM VERDE OLIVO,9,36.50057611
50125192,TIJERA OFICINA STUK 16CM VERDE OLIVO,9,29.79348219
50125193,NOTAS ADHESIVAS STUK 5 DISENO,9,46.35732485
50125194,NOTAS ADHESIVAS STUK MORADO,9,27.93487979
50125195,SET NOTAS ADH STUK 16 PZAS,9,55.75383064
50125196,SET NOTAS ADHE ECO STUK 6PZAS,9,55.26699213
50125197,LAPIZ ADH ECO STUK 40GR 1PZ,9,27.7988834
50125198,SET ACCESORIOS STUK,9,121.8658024
50125199,ENGRAPADORA ECO STUK VERDE,9,70.40434575
50125200,DESPACHADOR DE CINTA ECO STUK VERDE,9,63.87371253
50125201,NOTAS ADHESIVAS STUK VINO,9,27.93710851
50125202,NOTAS ADH STUK 75X75MM 60H,9,17.22956529
50125203,SET ACCESORIOS STUK ROSA,9,63.00610541
50125204,BANDERITAS ADHESIVAS STUK 8 PZAS,9,26.74841881
50125205,NOTAS ADHESIVAS STUK SUMMER 40H,9,25.54307041
50125206,SET NOTAS ADH STUK SUMMER,9,98.112
50125207,CINTA WASHI STUK SUMMER 5 PZAS,9,41.42692105
50125208,SUJETADOCUMENTOS STUK SUMMER 6PZ,9,37.26914754
50125209,IMANES STUK SUMMER 6PZ,9,43.78245455
50125210,CLIPS STUK 28MM 50PZ VERDE,9,40.65449648
50125211,SUJETADOCUMENTOS STUK 19MM 8PZ VERDE,9,43.46671875
50125212,IMANES DE CORCHO ECO STUK 6PZ,9,58.716
50125213,SUJETADOCUMENTOS ECO STUK 19MM 12PZ,9,46.30275979
50125214,SUJETADOCUMENTOS STUK DISENO 32MM 6PZAS,9,63.231
50125215,IMANES DE CRISTAL ECO STUK 25MM 6PZ,9,67.19369529
50125216,BANDERITAS FLECHA ECO STUK 6PZ 25 HJ,9,46.29328495
50125217,BANDERITAS COLORES ECO STUK 6PZ 25 HJ,9,46.30199072
50125218,BANDERITAS NEON OFFICEMAX 8PZ,9,23.73883802
50125219,BANDERITAS FLECHA  OFFICEMAX 8PZ,9,17.7979217
50125220,NOTAS ADH OFFICEMAX NEON 600H,9,44.14772759
50125221,NOTAS ADH FLORES OFFICEMAX,9,23.708326
50125222,TIJERA ESCOLAR 5.12 OFFICEMAX,9,20.8576105
50125223,DESPACHADOR CINTA CON REPUESTO 4PZ OMX,9,41.95472052
50125224,BANDERITAS ADHESIVAS ECO STUK 4PZAS,9,38.325
50125225,SET NOTAS ADH STUK 8PZ NWO,9,64.806
50125226,NOTAS ADH TIERRA STUK 40H,9,31.47373499
50125227,NOTAS ADH ASTRONAUTA STUK 40H,9,31.47476261
50125456,CINTA WASHI SMILEY 6PZ,9,20.097
50125457,NOTAS ADH SMILEY CARITA COLORES,9,24.12745813
50125458,TIJERAS SMILEY 6.5 INCH,9,26.98291199
50125460,IMANES SMILEY 6PZ,9,24.129
50125472,MINI ENGRAPADORA SMILEY 200 GRAPAS,9,68.92067176
50125476,SUJETADOCUMENTOS SMILEY 19MM 12PZ,9,20.09315385
50125477,NOTAS ADH REDONDAS SMILEY 200H,9,25.85053237
50125478,DESPACHADOR DE CINTA SMILEY,9,42.48484399
50125484,MINI SET OFICINA SMILEY,9,43.65659691
50125496,DESPACHADOR DE CINTA BUTTERFLY,9,42.49977654
50125497,IMANES BUTTERFLY 6PZ,9,24.129
50125498,TIJERAS BUTTERFLY 6.5INCH,9,26.98021287
50125502,CINTA WASHI BUTTERFLY 4PZ,9,20.09649886
50125505,MINI SET OFICINA BUTTERFLY,9,43.65562174
50125506,NOTAS ADH BUTTERFLY REDONDAS 200H,9,25.851
50125507,MINI ENGRAPADORA BUTTERFLY 200 GRAPAS,9,68.91946778
50125509,SUJETADOCUMENTOS BUTTERFLY 19MM 12PZ,9,22.85482535
50126033,TIJERAS JUNGLE FEVER 12CM,9,44.09366724
50126039,TIJERAS BARBIE 13CM,9,62.9399979
50126043,TIJERAS PIXEL PARTY 13CM,9,57.33567568
50127164,CLIPS TOP PRIORITY 8 PIEZAS,9,151.788
50127653,NOTAS POST-IT SS SUPERNOVA,9,173.6842629
50127654,BANDERITAS POST-IT NEON 5BL,9,83.496
50128074,UHU PEGATODO 35 ML,9,72.31575386
50128075,PEGAMENTO UHU 125 ML,9,149.835
50128264,CLIP PASTEL CON FORMA X6,9,59.367
50128265,CLIP GLITTER BINDER X4,9,99.687
50128266,CLIP BINDER 25MM X6,9,50.4
50128267,BANDERITAS FLECHAS PASTEL MOOVING,9,17.367
50128270,NOTAS ADHESIVAS 400HJS MOOVING,9,79.527
50128271,SET NOTAS ADHESIVAS MOOVING,9,50.4
50128276,SET OFICINA PASTEL MOOVING,9,148.113
50128429,CINTA ADHESIVA SCOTCH 3PK CAJ 19MMX25.4M,9,117.6
50128430,DESP METALICO SCOTCH MAS 2 CINTAS MAGICA,9,200.382
50128431,CINTA PAPEL SCOTCH 2PK MOD 814,9,118.125
50128432,DESPACHADOR DE CINTA PAJARO C48,9,345.093
50128912,CHINCHETA ACERO INOX CELICA COLORES 100P,9,35.175
50129187,SET ENGRAPADORA SWINGLINE 545 T COMPLETA,9,294
50130386,VELCRO SUJETADOR NAVIDAD ROJO 9.1MX1.3CM,9,81.9
50130387,VELCRO SUJETADOR NAVIDAD VERD 9.1MX1.3CM,9,81.9
50130583,KIT MASA CREATIVA ELMERS SNACK SHACK 9PZ,9,275.9976471
50130584,KIT MASA CREATIVA ELMERS KEEPSAKES 9PZ,9,428.8397436
50130630,Bostitch Engrapadora antimicrobios,9,1187.949
50130729,TIJERA ESCOLAR DE 5 PULGADAS ARTLINE,9,13.44
50130730,PEGAMENTO BLANCO FCO 60G BACO,9,17.64
50130731,LAPIZ ADHESIVO KOLE 8GR,9,8.19
50130749,BARRAS DE SILICON DELGADO 18 CM 10 PZ,9,34.797
50130750,PISTOLA PARA BARRAS DE SILICON DIETRIX,9,112.98
50130788,SET DE NOTAS LEAVES WIND,9,115.9242656
50130859,NOTAS ADHESIVAS TRANSLUCIDAS 76X76MM,9,53.109
50130937,KIT SUJETADOCUMENTOS Y CLIPS COLORES OMX,9,23.709
50130938,PISTOLA DE SILICON OMX,9,153.846
50130939,BARRAS DE SILICON OMX,9,22.743
50130940,NOTAS ADHESIVAS TRANSP 3X3IN STUK,9,19.698
50130941,NOTAS PAPEL RECICLADO 3X3IN ECO STUK,9,33.663
50130942,TIJERAS 13CM PLASTICO RECICLADO ECO STUK,9,24.61082712
50130943,SET NOTAS ADHESIVAS RECICLADO STUK ROSA,9,42.735
50130944,SET DE NOTAS ADHESIVAS RAINBOW STUK AZUL,9,40.152
50130945,KIT DE NOTAS ADHESIVAS 4 FIGURAS STUK,9,35.616
50130946,SET BANDERITAS RAINBOW STUK 4 COLORES,9,23.058
50130947,SET 4 CLIPS PINZA 23X28MM RAINBOW STUK,9,62.139
50130948,IMANES REDONDOS BLANCO PERLA 6PZ STUK,9,46.767
50130949,CINTA WASHI COLORES 20MMX3M RAINBOW STUK,9,49.329
50130950,SET DE NOTAS ADHESIVAS 8 DISENOS STUK,9,64.701
50130951,SET NOTAS ADHESIVAS Y BLOCK CAT ECO STUK,9,56.364
50130952,CINTAS WASHI 3PZ DISENOS ROSA AZUL STUK,9,29.694
50130953,CINTAS WASHI 3PZ FLORES ROSA MORADO STUK,9,36.771
50131059,DESPACHADOR CINT ADHESIV VERDE CATS STUK,9,39.123
50131060,DESPACHADOR CINT ADHESIV ROS CATS STUK,9,39.123
50131061,IMANES CATS STUK,9,33.705
50131062,TIJERAS VERDE CATS STUK,9,31.311
50131063,TIJERAS ROSA CATS STUK,9,31.311
50131066,CINTA WASHI 4 PZAS DISENO CATS STUK,9,31.899
50131067,CINTA WASHI 4 PZAS CATS STUK,9,31.899
50131069,NOTAS ADHESIVAS NEON 200 H CATS STUK,9,27.09
50131070,KIT ENGRAP ROSA CON GRAPAS CATS STUK,9,72.24
50131074,CLIPS DE CARP 12 PZ AZ Y ROS CATS STUK,9,21.063537
50131080,SET DE BADERITAS 40 H C/U  CATS STUK,9,27.09
50131106,STICKER DE NOTAS ADHESIVAS CATS STUK,9,17.451
50131121,SET DE CLIPS 12 PZA COLORS,9,42.147
50131129,DESPACHADOR  VER CINTA COLORS STUK,9,39.123
50131131,SET  6 PINES MAGNETICOS  COLORS,9,33.705
50131132,TIJERAS INOX AZUL COLORS STUK,9,31.311
50131133,TIJERAS INOX ROJO COLORS STUK,9,31.311
50131140,NOTAS  ADHE NEON CIR COLORS STUK,9,27.09
50131141,ENGRAPADORA  COLORS STUK,9,72.24
50131144,CLIPS 19 MM  COLORS STUK,9,21.063
50131172,PAQUETE ADHE 2 HOJAS  COLORS STUK,9,17.451
50131312,TIJERAS 6IN P COSTURA FORJADAS EN ACERO,9,0.021
50131353,FURIA BLANCO 18KG B20411,9,2512.713
50131422,TIJERAS ESSENTIALS SOFT NEON,9,26.208
50131444,SET NOTAS ADHESIVAS LOTSO MOOVING,9,99.162
50131445,CLIP JUMBO LOTSO MOOVING,9,89.922
50131448,IMANES LOTSO 4 PIEZAS MOOVING,9,133.749
50131449,WASHI TAPE LOTSO 3 PZ DISENOS MOOVING,9,92.232
50131598,PERFORADORA  3 ORIFICIOS  USO RUDO,9,961.548
50131599,PERFORADORA G EN FORMA DE PETALO,9,120.813
50131600,CLIPS MOOVING,9,59.367
50131601,SCOTCH BRITE FIBRA CER RAYAS NARANJAJA G,9,53.214
50131602,SCOTCH BRITE FIBRA CERO RAYAS AZUL G,9,53.214
50131603,SCOTCH BRITE FIBRA CERO RAYAS ROSA,9,53.193
50131605,SCOTCH BRITE ESPONJA BORRAMANCHAS,9,63.588
50131606,SCOTCH BRITE FIBRA EXTREMA,9,47.418
50131607,SCOTCH BRITE FIBRA ESPONJA GRANDE,9,48.237
50131693,SUJETADOCUMENTOS STITCH 25MM 6 PZ MOOVIN,9,79.947
50131695,CLIPS FIGURAS STITCH 4 PZ MOOVING,9,69.951
50131696,SET NOTAS ADHESIVAS STITCH MOOVING,9,85.932
50131697,CINTA WASHI STITCH 1.5CMX3M 3 PZ MOOVING,9,79.947
50131698,SET BANDERITAS ADHESIVAS STITCH MOOVING,9,47.964
50131700,IMANES MARCADORES STITCH 3 PZ MOOVING,9,49.959
50131701,CLIPS CON FORMA STITCH 5 PZ MOOVING,9,69.951
50131702,CLIP JUMBO STITCH 1 PZ MOOVING,9,77.931
50131703,BLOCK DE NOTAS CON IMAN STICH MOOVING,9,179.865
50131709,CINTA WASHI STICKERS STITCH MOOVING,9,43.974
50131710,PINES STITCH 2 PZ MOOVING,9,173.859
50131711,IMANES STITCH 3 PZ MOOVING,9,57.96
50131713,BANDERITAS FORMA STITCH DESP MOOVING,9,67.956
50131851,MASA PEGAJOSA  ELMERS 2 PZS,9,65.898
50131852,MASA PEGAJOSA  ELMERS AZUL 1.5 LIBRAS,9,325.332
50132071,NOTAS ADHESIVAS SS 2X2 6PADS 45HJS C/U,9,116.55
50132072,NOTAS ADHESIVAS MIAMIA 8PK 2X2 90HJS C/U,9,163.17
50132073,NOTAS ADH WAND RAYAS 4X6 4PADS 90HJS C/U,9,271.95
50132076,PIZARRA AUTOADHESIVA POST IT .23X.23 MT,9,271.95
50132078,PRITT TRIPACK 11GR MAS 1 FUN COLOR VERDE,9,68.187
50132079,PRITT TRIPACK 11GR MAS 1 GLITTER ROSA,9,68.187
50132080,PRITT TWOPACK 20GR COLORES ROSA Y VERDE,9,54.201
50132144,SUJETA DOCUMENTOS GRANDE 51MM (2) 12 PZ,9,65.1
50132145,DESPACHADOR DE CINTA NEXTEP 19MM (3/4),9,62.496
50132147,DESENGRAPADOR NEXTEP,9,14.7
50132273,SILICON LIQUIDO BASE AGUA 60ML,9,37.422
50132309,MY FIRST 4 PZ LAPIZ ADHESIVO 36 8G,9,125.307
50132310,TICO NEGRO 4 PZ LAPIZ ADHESIVO 36 8G,9,86.583
50132758,SET ACCESORIOS OFICINA ACCO UVA 242 PZ,9,158.655
50132759,BARRAS SILICON GLITTER BARRILITO 12 PZ,9,66.486
50132765,KOLA LOKA LADY 5GR C/MINI LAMPARA SECADO,9,118.776
50133130,PERFORADORA BARRILITO CORAZON 1 PULGADA,9,120.813
50133131,TIJERAS BARRILITO GREKAS ZIG ZAG 5 PULG,9,50.421
50133132,TIJERAS BARRILITO GREKAS CURVAS 5 PULG,9,50.421
50133134,TIJERAS COCINA ACERO INOX BARRILITO,9,283.773
50134101,GRAPAS 1/4 CORONA 10.7 MM P/ET 50 TRUPER,9,89.565
50134102,GRAPAS 3/8 CORONA 11.3 MM P/ET 21 TRUPER,9,80.304
50134103,GRAPAS 1/2 CORONA 10.7 MM P/ET 50 TRUPER,9,129.696
50134114,PERFORADORA PEGASO 300 TRIPLE P30 HOJAS,9,2358.846
50134324,PINES COLORES ACCO CABEZA PLASTICO 100PZ,9,117.369
50134600,CINTA WASHI 4PZ CAPIBARA,9,54.41143151
50134606,KIT ENGRAPADORA 50 GRAPAS CONSTELACIONES,9,75.873
50134607,CINTA WASHI 4 PZ CONSTELACIONES,9,34.75545324
50134608,CLIPS PARA CARPETA 12 PZ CONSTELACIONES,9,22.113
50134609,IMANES 6 PZ CONSTELACIONES,9,36.6675043
50134610,DESPACHADOR CINTA ADHESIV ROSA CONSTELA,9,41.07744275
50134611,NOTAS ADHESIVAS ROSA MORAD 200H CONSTELA,9,28.43406052
50134612,TIJERAS ROSAS CONSTALACIONES,9,32.88080812
50134613,TIJERAS LILA CONSTALACIONES,9,32.87964474
50134614,SET DE ACCESORIOS DE OFICINA,9,77.133
50134615,CLIP GIGANTE DORADO CONSTELACIONES,9,28.434
50134616,NOTAS ADHESIVAS ROSA 50H CU CONSTELACION,9,53.72248636
50134712,PINZA PERFORADORA GBC,9,601.44
50134717,QUITAGRAPAS USO PESADO SR103,9,280.98
50134965,BROCHE LATONADO TIPO ALEMAN 15MM,9,50.4
50134966,BROCHE LATONADO TIPO ALEMAN 25MM,9,60.795
50135037,CLIPS 4 PIEZAS SNOOPY MOOVING,9,78.666
50135038,SET BANDERITAS SNOOPY MOOVING,9,58.737
50135039,SET NOTAS ADHESIVAS SNOOPY MOOVING,9,88.62
50135040,MARCAPAGINAS MEGNETICO SNOOPY MOOVING,9,58.737
50135074,BLINDER CLIPS 25MM 6PZ SNOOPY,9,88.62
50135077,WASHI TAPE SNOOPY 1.5CM 3PZ,9,88.62
50135484,PERFORADOR FIGURA PASCUA ESTRELLA 50MM,9,728.553
50136246,TIJERA OFICINA 152MM D6B,9,38.388
50137518,TIJERA PARA BORDAR 4IN PRETUL ACERO INOX,9,209.139
50012392,MARCADOR AZOR PIZARRON NG-RJ 2,10,63.18784078
50012947,CUADERNO PROF RY 100H ECOLOG,10,101.9819438
50012948,CUADERNO PROF RY 100H CLASICO,10,72.82905546
50012949,CUADERNO PROF C5 100H CLASICO,10,72.84589697
50012950,CUADERNO PROF C7 100H CLASICO,10,72.61271557
50012951,HOJAS CARPETA SCRIBE RAYA 100H,10,60.90617559
50012952,HOJAS P/CARP CT CLASIC C5 100H,10,60.23159931
50012953,HOJAS P/CARP CT CLASIC BC 100H,10,61.51454932
50012954,CUADERNO PROF BCO 100H CLASIC,10,73.00273556
50012962,HOJAS P/CARP CT CLASIC C7 100H,10,60.48833601
50012963,CUADERNO PROF C5 100H ECOLOG,10,100.20545
50012964,CUADERNO PROF C7 100H ECOLOG,10,100.5124295
50012978,CUADERNO ITAL PAU 50H CLASICO,10,33.56402524
50012979,BLOCK ENGO CARTA CLASI RY 80H,10,76.31335943
50012980,BLOCK ENGO CARTA CLAS BCO 80H,10,79.76839434
50012981,BLOCK ENGO CARTA CLASI C5 80H,10,76.84196554
50012982,BLOCK ENGO CARTA CLASI C7 80H,10,77.19444102
50012983,BLOCK ENGO ESQ CLASICO RY 50H,10,33.72374762
50012984,BLOCK ENGO ESQ CLASICO C5 50H,10,33.72768503
50012985,BLOCK ENGO ESQ CLASICO C7 50H,10,33.70758726
50013413,GOMA DE BORRAR SILCOTECHNIC 6P,10,44.47918027
50013416,GOMA DE BORRAR SILCOSOFTY 2PZS,10,26.54586453
50014685,COLORES STAEDTLER EST 12 PZAS,10,37.555875
50014688,PUNTILLAS 0.2MM HB MARS 12 PZ,10,337.0985199
50014693,LAPICERO PROFESIONAL DE 2MM,10,207.6667059
50014697,COLORES STAEDTLER 24 PZAS,10,91.917
50014817,BORRADOR STAEDTLER C/REPUESTO,10,129.9619195
50014819,MINAS STEADT MARSMICRO 2P 0.5,10,63.44925517
50014824,SACAPUNTAS MET & 2 GOMAS B40,10,61.93609859
50014829,SACAPUNTAS STAEDTLER DE PLASTI,10,38.63833607
50014839,GOMA D BORRAR PELIKAN BR40 C 2,10,22.22164991
50014842,GOMA M-20 2P PELIKAN,10,30.74891045
50014844,GOMA WS-30 2P PELIKAN,10,21.21692851
50014891,MARCADOR MAGISTRAL C/4 SURT/FI,10,83.39590761
50014896,MARCATEXTOS AMA VISION PLUS 12,10,191.4916282
50014898,MARCATEXTOS ROSA PZ VISION PLS,10,20.54030455
50014902,MARCADOR P/PIZ MAGISTRAL SURT,10,129.3378646
50014911,MARCADOR C/BORRADOR MAGISTRAL,10,112.3704467
50014915,MARCATEXTOS VISION PLUS VERDE,10,186.48
50014918,MARCADOR PERMAN MEGA SIZ 4PZAS,10,191.2812689
50014919,MARCATEXTOS SURTIDO VISION 4PZ,10,76.43396876
50015010,PLUMONES COLORES 12P PINCELIN,10,0.021
50015048,PUNTILLAS 0.5 HB TARJ WEAREVER,10,12.59965939
50015050,PUNTILLAS 0.7 HB TARJ WEAREVER,10,12.78357397
50015128,CORRECTOR LIQ RAPID P BIC 20 ML,10,40.9781889
50015143,BOLÍGRAFO BIC PTO MED NGRO 12,10,71.55990279
50015144,BOLIGRAFO 12P MED VERDE BIC,10,69.86321721
50015145,BOLIGRAFO BIC PTO MED AZ 12,10,66.62532291
50015146,BOLIGRAFO MEDIANO ROJ 12P BIC,10,74.37826229
50015147,BOLIGRAFO BIC MEDIANO SURTIDO,10,28.9113206
50015148,BOLIGRAFO 12P FINO AZUL BIC,10,70.9919741
50015149,BOLIGRAFO BIC PUNTO FINO NEGRO 12 pz,10,71.442
50015156,BOLIGRAFO 4COL 1P MED N/A/R/V,10,61.50500284
50015158,BOLIGRAFO SHIM COLO SURT 4PZ,10,34.90555645
50015163,"BOLÍGRAFO BIC CRISTAL DIAMANTE, PUNTO ME",10,66.318
50015190,BOLIGRAFO DIAM 12P FINO AZ BIC,10,68.0085
50015204,MARCADOR PERMANENTE BIC NEGRO,10,35.5384293
50015209,MARCADOR BIC P/PIZARRON BCO. S,10,115.9254936
50015215,COLORES BIC CONTE EVOL 12PZ,10,116.1829443
50015217,COLORES BIC CONTE EVOL 24 PZAS,10,185.9693964
50015220,LAPICERO SHIMMERS 0.7MM 3 PZ,10,27.1844235
50015288,REPUESTO PARKER P/PLUMA PTO FL,10,88.17450181
50015290,REPUESTO PARKER PLUMA NEGRO 8M,10,88.1854241
50015292,REPUESTO PARKER P/BOL STAND FI,10,81.89980749
50015293,REP PARKER P/BOL STAN MED NGRO,10,81.89998649
50015294,REPUESTO PARKER P/BOL STAN FIN,10,81.899977
50015295,REP PARKER P/BOL STAN MED AZL,10,81.9
50015297,TINTERO PARKER P/PLUMA FUENTE,10,146.9986022
50015351,MARCADOR PERM AZU P ESTERBROO,10,48.26073469
50015352,MARCADOR PERMANENTE ESTERBROOK ROJO,10,46.08940494
50015353,Marcador Perm Esterbrook Negro,10,47.78865927
50015356,MARC PERM ESTERBROOK 12P NEGRO,10,483.3229873
50015357,MARCADOR CERA ROJO TARJ MIRADO,10,22.75769792
50015361,MARCADOR ACUACOLOR ROJOBEROLPZ,10,13.377
50015362,MARCADOR ACUACOLOR NEGBEROLPZA,10,20.99983136
50015364,MARCADOR ACUACOLOR EST C/12,10,239.7851085
50015411,COLORES PRISMACOLOR SCHOLAR 12,10,130.8108959
50015412,COLORES PRISMACOLOR SCOLAR 24P,10,254.7493717
50015508,CRAYONES CRAYOLA 12PZAS,10,33.26652476
50015510,CRAYONES CRAYOLA 24 PZAS C SAC,10,65.35705111
50015528,CRAYONES CRAYOLA JUMBO 12 PZAS,10,64.80325043
50015529,CRAYONES CRAYOLA JUMBO 24 PZAS,10,124.2374891
50015530,CRAYONES CRAYOLA JUMBO BOTE 28,10,164.7798478
50015531,CRAYONES CRAYOLA 6 PZAS,10,16.73581894
50015539,PLUMONES CRAYOLA LAVABLES 8PZA,10,143.6016242
50015543,COLORES CRAYOLA 12 PZAS,10,104.1264912
50015544,COLORES CRAYOLA 24 PIEZAS,10,206.2811476
50015546,COLORES CRAYOLA 36 PIEZAS,10,314.9256254
50016003,CORRECTOR LIQ PAPER 20ML 1PZA,10,30.37036263
50016006,CORRECTOR PLUMA PAPER MATE 7ML,10,56.06216259
50017008,CUADERNO PROF C5 100H JBOOK,10,126.3835104
50017009,CUADERNO PROF C7 100H JBOOK,10,126.3267234
50017010,CUADERNO PROF RY 100H JBOOK,10,124.7833947
50017018,CUADERNO PROF BCO 100H JBOOK,10,123.9546988
50017574,GOMAS FACTIS BLISTER C/ 6 PZ,10,39.25291307
50019338,CORRECTOR LIQUIDO PLUMA ZEBRA,10,73.73710431
50019341,BOLIGRAFO Y LAPICERO ZEBRA 301,10,158.9189082
50019349,ROLLERBALL ZEBRA STICK MED NGR,10,76.00489706
50019350,BOLIGRAFO ZEBRA MED AZUL 2PZ,10,75.98712954
50019364,MARCADOR MICKIE EXT.FINO NEGRO,10,38.68542081
50019370,REPUESTO ZEBRA NEGRO 2 PIEZAS,10,62.10322165
50019434,BOLIGRAFO RSVP NEGRO 2P PENTEL,10,61.54344386
50019458,LAPICERO TECHNICK NGO 2P PENTE,10,127.3945982
50019461,LAPICERO TECHNICK RSA 2P PENTE,10,127.3285452
50019472,BORRADOR TIPO LAPIZ NGO RET PZ,10,49.85920498
50019476,REPUESTO P/BORRADOR 2BL PENTEL,10,52.7586306
50019477,PUNTILLAS 0.5MM HB SUPER HI 3P,10,63.54723149
50019478,PUNTILLAS 0.5MM 2H SUPER HI 3P,10,63.17690085
50019479,PUNTILLAS 0.5MM 2B SUPER HI 2P,10,45.25955215
50020558,MARCATEXTOS AMARILLO HI-LITER,10,18.354
50020987,CORRE2CTOR CINTA P BIC AZUL,10,68.922
50021208,BOLIGRAFO DIAMANTE GRIP N 3P,10,33.794
50021797,BOLIGRAFO GEL AZUL 2PZ PENTEL,10,112.602
50021807,PUNTILLAS 0.5MM H SUPER HI 3PZ,10,63.36606272
50021808,PUNTILLAS 0.7MM HB SUPER HI 3P,10,74.64617223
50022920,MARCADOR PERM FINO N SHARPIE .,10,22.70419298
50023104,MARCADOR PTO. FINO SIGNAL 5PZ,10,85.19548729
50023142,MARCADOR  MAGISTRAL DIDACTICO,10,33.94039736
50023228,MARCADOR BILLETES FALSOS 3PZ,10,79.88082998
50023351,REPUESTO P/ROLLER AZUL,10,98.01322222
50023352,REPUESTO BIC P ROLLERBALL NEGR,10,87.5955
50023355,CARTUCHO P/PLUMA FUENTE BIC NE,10,72.513
50023421,BOLIGRAFO ZEBRA F-301 1PZ,10,87.63457422
50023866,MARCATEXTOS VISION JUNIOR COL,10,41.17365831
50023875,MARCADOR PERMANENTE SIGNAL DUO,10,30.90514371
50024010,LAPIZ GRAFITO BIC CONTE VDE 4P,10,35.15301687
50024085,CUADERNO ITALIANO RAYAS 100H,10,67.3503861
50024087,CUADERNO ITAL C5 100H CLASICO,10,66.74326358
50024088,CUADERNO ITAL C7 100H CLASICO,10,67.65748197
50024090,CUADERNO FRAN RY 100H CLASICO,10,67.59768592
50024091,CUADE1NO FRAN C5 100H CLASICO,10,67.473
50024092,CUADERNO PROFESIONAL C7,10,67.86780133
50024099,CUADERNO COS DB FRA RY 96HCLA,10,73.03640748
50024100,CUADERNO COS FRAN CLAS C5 96H,10,77.03978125
50024101,CUADERNO COS DB FRA C7 96HCLA,10,74.15580463
50024572,BLOCK ENGO CARTA CLAS MIL 80H,10,83.90812684
50025024,FLAUTA YAMAHA DULCE ENTSOPRAN.,10,121.8
50025314,LIBRETA COLLE RY 100H UNIVERS,10,147.4804183
50025316,LIBRETA COLLE C7 100H UNIVERS,10,147.0657995
50025318,LIBRETA COLLE RY 200H UNIVERS,10,235.0266583
50025321,LIBRETA COLLE RY 200H UNIV DIV,10,255.557531
50025325,LIBRETA COLLE RY 400H UNIVERS,10,378.4316645
50025499,PILA AAA ENERGIZER MAX C/4,10,163.401
50027363,BLOCK ESP TAQ L CLASICO RY 80H,10,51.12768529
50027855,CUADERNO PROF DR 100H CLASICO,10,73.35949432
50029493,REPUESTOS METAL P BOL  T NGR B,10,61.74
50030281,BOLIGRAFO ERASER MATE NGO 2P,10,58.34790414
50030489,RESALTADOR VISION PLUS 12P AZ.,10,201.6
50030710,CUADERNO COS FRAN C5 100HKIDS.,10,63.756
50030711,CUADERNO COS FRAN C7 100HKIDS.,10,63.756
50031683,BOLIGRAFO EASYT RT FINO NGO 2P,10,57.99831168
50031706,PLUMA FUENTE VARSITY MED NEGRO,10,83.56582806
50031904,LAPIZ TRIANGULAR DUO TJ.3,10,34.87328761
50031920,MARCADOR SHARPIE AMA ACCENT C2,10,36.73813818
50032739,JUEGO DE PLUMAS CROMO BRILLANT,10,1759.863
50032937,BOLIGRAFO SHIMMERS C/10PZS,10,56.80269245
50032949,LAPIZ DE GRAFITO CONTE 8PZS,10,52.1726237
50032954,PLUMA CORRECTORA SHAKE SQUEE 1,10,50.44417352
50032962,PLUMONES LAVABLES CRAYOLA 20P,10,197.7430137
50032970,CRAYONES CRAYOLA TWISTABLES 12,10,120.3709477
50032993,GOMA STRIKE 20 CAJA C/20 PZS .,10,48.111
50032995,GOMA PELIKAN STRIKE 2 PIEZAS,10,31.164
50033696,MARCADOR SIGNALXTR RECARG NEGR,10,26.94829557
50033976,MARCADOR CERA DIXON NEGRO 2PZS,10,60.65161742
50033978,MARCADOR CERA BCO BLIS C/2 PZS,10,61.21177828
50034295,REPUESTO ROLLER SLIM TINTA NGR,10,106.113
50036134,GOMA FAC2IS S 20F P LAPIZ 3PZ,10,55.083
50036137,GOMA MILAN P LAPIZ 2 P,10,32.823
50036216,MARC NGR MAGISTRAL C BORRADOR,10,59.89758119
50036217,MARC MAGISTRAL ESTUCHE C8 SUR,10,201.4644189
50036270,MARCADOR MAGISTRAL COLSURT12P,10,329.722414
50036413,COLORES BORRABLES 20 PZAS,10,224.167005
50036458,CUADERNO PROF PAU 100H CLASIC,10,72.95641997
50036468,CUADERNO COS ITAL RY 100HKIDS.,10,63.756
50036469,CUADERNO COS ITAL C5 100HKIDS.,10,63.756
50036472,CUADERNO COS ITAL BC 100HKIDS.,10,63.756
50036487,CUAD ESP PROF TREND RY 200H 5.,10,12.11164706
50039894,MARCADOR SHARPIE PERMANENTE ME,10,32.86142626
50039996,CUADERNO PROF RY 100H FERRARI,10,135.5262215
50039997,CUADERNO PROF C5 100H FERRARI,10,135.1490754
50039998,CUADERNO PROF C7 100H FERRARI,10,135.2784227
50040123,MARCATEXTOS GRIP 5P COL SURT,10,86.92148236
50040124,MARCATEXTOS GRIP PZ AMA BIC,10,19.6880348
50040125,MARCADOR PERM GRIP COLORE 4PZ,10,79.98431343
50040126,"MARCADOR PERMANENTE CONGRIP NEGRO, BIC P",10,17.98052951
50040825,LIBRETA DB FRAN RY 96H ESTRELLA,10,55.02
50040902,ROLLO ADHES JANEL TRN 45CMX10M,10,124.7772392
50040903,MICA AUTOADHERIBLE (TRANSP45X20),10,232.869
50041201,SACAP PLAST MAPED ERGO CH 2 PZS,10,27.972
50041202,SACAPUNTAS PLAST ERGO DOBLEG,10,39.22124713
50041203,SACAP PLAST MAPED ELIPTICO,10,28.37242625
50041206,SACAP PLAST MAPED VIVO,10,22.1004
50041209,GOMA MAPED MINI SOFTY 6PZAS,10,44.72143725
50041324,CRAYON CRAY MINI TWISTABLES12,10,91.66412222
50041339,BOLIGRAFO ENERGEL 2P 0.5 N PEN,10,117.109298
50041340,BOLIGRAFO ENERGEL 0.5 N/R/A PE,10,163.7785179
50041341,BOLIGRAFO ENERGEL 0.7 N PEN 2PZS,10,121.2498
50041342,BOLIGRAFO ENERGEL 0.7 N/R/A PE,10,163.4436056
50041345,LAPICERO TECHNICK .5MM 4P PENT,10,242.2514301
50041351,BORRADOR TIPO LAPIZ CLS RET 4P,10,182.9115108
50041624,CUADERNO PROF RY 200H JBOOK 5M,10,256.6890358
50041665,COLORES CRAYOLA TRIANGULAR 12P,10,107.7971288
50041695,BLOCK ENGO ESQ CLASIC BCO 50H,10,33.820054
50041725,CUADERNO FRAN RY 100H JBOOK,10,83.55762017
50041726,CUADERNO FRAN C5 100H JBOOK,10,83.32944478
50041727,CUADERNO FRAN C7 100H JBOOK,10,83.67924444
50041829,LIBRETA DB FRAN C5 96H ESTRE,10,55.01987356
50041830,LIBRETA FRANCESA CUADRO GRANDE DURA BOOK,10,55.01508127
50042818,MARC AZOR DETECTOR DE BILLETES,10,34.62739289
50042836,CUADERNO FRAN BCO 100H CLASIC,10,68.72841407
50043845,MARCADOR PIZA B C/AROMA 4P AZU,10,113.19
50044125,CUADERNO FRAN KIUT RY 5MA 160H,10,216.3493127
50044975,CUADERNO RY10 72H MI PRIMER C.,10,109.3656985
50044976,CUADERNO C10A 50H MI PRIMER C.,10,109.1890689
50044977,CUADERNO C10B 72H MI PRIMER C,10,108.1785929
50045048,LAPICERO ZGRIP 0.5MM 3PZS,10,60.01806812
50045189,MARCADOR SIGNAL JUMBO NEGRO,10,60.53876057
50045196,CORRECTOR LIQUID PAPER 2 EN 1,10,71.56764295
50045212,COLORES TWISTABLES 12 PZAS,10,131.5906377
50045234,MARCADOR AQUARELO GLASS BLANCO,10,57.7898779
50045251,GOMA STICK UNIVERSAL,10,35.81461015
50045252,SACAPUNTAS MUNDO GLOBAL,10,62.32177561
50045614,LAPIZ GRAFITO BIC CONTE 12 PZA,10,69.88581404
50045802,LAPICERO GRAPH GEAR 0.5 1P,10,214.4094433
50046021,BOLIGRAFO BIC FINO ROJO C/12,10,70.21815741
50046299,COJIN LIMPIADOR,10,93.78928276
50046417,PLUMONCITOS LAVABLES 16P,10,181.7597069
50046690,PLUMON ACUARELO JR 12 PZS AZO.,10,73.91701107
50047102,CUADERNO FRAN RY 160H FERRA 5M,10,213.2030541
50047103,CUADERNO PROF C5 200H JBOOK 5M,10,263.0110262
50047104,CUADERNO PROF C7 200H JBOOK 5M,10,258.7279053
50047105,CUADERNO PROF MIX 200H JBOOK5M,10,221.886
50047106,CUADERNO PROF C5 200H FERRA 5M,10,277.1022921
50047807,BOL CROSS CENTURY MEDALIST 23K,10,1215.5535
50047816,BOL TECH NEGRO 2BOL 1PORTAMI,10,1251.486923
50048120,CARTUCHOS TINTA NEGRA 10P,10,55.78361695
50048121,CARTUCHOS TINTA AZUL 10P,10,55.90123734
50048204,MARCADOR SHARPIE TWIN AZU 12PZ,10,0.021
50048369,PLUMONES CRAYOLA DELGA LAV 12P,10,119.5510263
50048391,CORRECTOR PLUMA 7ML 1P,10,60.90201884
50048456,CUADERNO PROF RY 100H JBOOK RE,10,127.7949468
50048457,CUADERNO PROF RY 200H JBOOK RE,10,274.7804904
50048461,CUADERNO PROF RY 160H KIUT 5M,10,342.8352772
50048463,CUADERNO PROF RY 200H FERRA 5M,10,274.2489188
50048464,LAPICERA WACKY DOUBLE COL SURT,10,78.03979926
50048465,PLUMONES LAV MARKANA TWIST12P,10,80.37427837
50048492,COLORES GIGANTES TRIANG 12P,10,348.3703188
50048983,MARCADOR SHARPIE TWIN NG 12PZS,10,322.1428
50051727,MARCADOR CERA ROJO BLIS PZA,10,21.88285135
50051735,MARCADOR DE CERA,10,23.41881818
50051737,BOLIGRAFO ENERGEL AZUL,10,89.84198776
50051740,BOLIGRAFO ENERGEL NEGRO,10,88.80336457
50051746,LAPICERO MECANICO 0.7MM,10,214.0657765
50051830,CUADERNO PROF C7 100H JBOOK R,10,127.7136933
50051831,CUADERNO PROF MIX 200HJBOOKR5M,10,274.7535396
50051832,CUADERNO PROF C5 100H JBOOK R,10,129.8065538
50051833,BOLIGRAFO MINI F301 BLIS 1PZ,10,75.59475
50051849,CUADERNO PROF C7 200H FERRA 5M,10,273.1828666
50051850,COLORES NORMA SUPER HEX 12PZ,10,310.657434
50051893,MARCADOR PERM C/GRIP 6PZS OI:3708100312,10,111.7136215
50051896,MARCADORES PERM COL/PASTEL 6P.,10,111.9857136
50051902,CUADERNO MANUAL 20H MI PRIMER,10,111.363
50051905,CUADERNO CA 72H MI PRIMER CUA,10,108.2937048
50054073,CUADERNO FRANCES RY 100H FIVE,10,153.772431
50054727,LIBRETA ENG DB COLLE RY 320H4,10,318.6955663
50054802,LONCHERA WACKY,10,129.2223214
50054819,LAPIZ CHECA ROJO TRIAN 10 PZAS,10,125.307
50054945,CUADERNO DB PROF C7 160H FERR,10,334.0476289
50054946,CUADERNO FERRARI PROF RAYA 160,10,335.1123318
50054954,HOJAS P/CARP CT KIUT BC 100H,10,123.7955979
50054955,CUADERNO FRAN RY 100H FERRARI,10,84.60620041
50054962,CUADERNO PROF RY 100H KIUT,10,134.8892812
50054963,CUADERNO PROF C5 100H KIUT,10,134.9679293
50054964,CUADERNO PROF C7 100H KIUT,10,135.4599626
50056026,MARCADOR FINO NGO SIGNAL 12 PZ,10,112.4142353
50056274,REP BOL LANCELOT LCBL30 Y BL57,10,55.84824613
50057284,MARCADOR PIZARRON CN 12P NEGRO,10,378
50057286,MARCADOR PIZARRON CN 12P ROJO,10,362.250875
50057288,MARCADOR PIZARRON 12P VERDE,10,345.48
50057490,MARCADOR PERMANENTE AZUL 12 PI,10,561.96
50057492,MARCADOR PERMANENTE BLANCO 12P,10,657.9420393
50057607,LAPICERO THE SHAKER 0.5MM 1PZ,10,246.3908774
50057610,BOLIGRAFO BPS FINO SURT 2MAS1,10,55.45941324
50057838,MARCADOR CRAYON IND AMA DIXON.,10,17.6568
50058146,MARC PERM JUMBO PILOT SC6600R.,10,92.7226474
50059188,BOLIGRAFO EASYT MD SURTIDO 3PZ,10,69.82389181
50059376,CUADERNO PROF C7 160H KIUT 5M,10,342.1780754
50059379,CUADERNO RY 50H MI PRIMER    .,10,109.1529619
50059380,HOJAS P/CARP CT JB REV RY 100H,10,118.634807
50059864,CUADERNO PROF MIX 100H CLASIC,10,73.19576905
50060449,LIBRETA POCKET NEGRA RY 96 H,10,183.4137624
50060450,LIBRETA FRAN NEGRA RAYA 120H,10,293.6460878
50060451,LIBRETA FRANC COLOR RAYA 120,10,327.4655665
50060452,LIBRETA POCKET COLOR RY 96,10,183.4420262
50061329,CRAYONES TRIANG CRAYOLA 24PZ,10,126.3369382
50061330,CRAYONES TRIANG CRAYOLA 12PZ,10,65.7291503
50061463,BLOCK ESP TAQ C CLASI  RY 100H,10,52.73866593
50061522,MARCATEXTOS VISION PLUS AMA 2 PZS,10,40.53
50061524,MARCATEXTOS VISON MINI SUR 4PZ,10,39.25184224
50061528,MARCADOR AQUARELO GRIP 12PZ,10,177.6223325
50061529,Marcador Magis Colores Grip 4P,10,112.7173216
50061530,SACAPUNTAS MET 2 ORI MAPED,10,32.92041978
50061612,PUNTILLA HB 0.5 ZEBRA 2PZ C/12,10,34.89022633
50061616,LAPICERO ZEBRA 2AMARILLO 5PZS,10,55.19258147
50061618,LAPICERO RETRAC M301 .5MM,10,82.72706293
50061621,BOLIGRAFO MINI ZGRIP 3PZ,10,48.69736559
50061667,MARCATEXTOS BRITE BL 50012772,10,63.5031531
50061999,MARCATEXTOS MINI COLORES OMX,10,7.504018541
50062063,MARCATEXTOS SURT CINCEL 6P OMX,10,50.6505297
50062064,BOLIGRAFO ROLLER 0.7FIN COLOMX,10,52.06852395
50062065,BOLIGRAFO ROLLER 0.7FIN NG OMX,10,52.50404631
50062066,BOLIGRAFO GEL 0.7 SURT 6P OMX,10,39.24486502
50062067,BOL GEL 0.7 NGO 6P OMX PK,10,37.17
50062069,BOLIGRAFO GEL RETRC NG MED OMX,10,48.25830322
50062072,MARCADOR PERM CINCEL NG 4P OMX,10,42.98468459
50062075,Marcador P/Piz Surt OMX  4pz,10,41.72475356
50062077,MARCADOR P/PIZ NEGRO OMX 2 PZA,10,22.60105805
50062079,MARCATEXTOS SURT CINCEL  OMX,10,43.26
50062080,MARCATEXTOS AMA CINCEL 3P OMX,10,24.32992896
50062082,MARCADOR PERM FINO SURT OMX,10,27.405
50062085,5ARCADOR PERM FINO NGO 2P OMX,10,22.68
50062090,LAPICERO MECAN 0.5 NGO 2P OMX,10,30.93728434
50062097,PUNTILLAS 0.5MM NG 3 TUBOS OMX,10,16.49170359
50062101,MARCADORES AGUA SURT 8P OMX,10,51.85224576
50062123,BOLIGRAFO CRYSTAL MED RJ OMX,10,24.14201414
50062124,MARCADORES OFFICEMAX PUNTA CINCEL DE TIN,10,58.53161835
50062125,BOLIGRAFO CRYSTAL MED AZ OMX,10,23.60085889
50062126,PLUMONES MEDIANOS SURT12P OIM.,10,20.125
50062127,Bolígrafo Crystal Med Ng OMX,10,24.64765597
50062130,BOLIGRAFO MED NG OMX 12 PZAS,10,53.80452337
50062131,BOLIGRAFO BALLPOINT MED AZ OMX,10,51.83314307
50062138,MINIPLUMA GEL NEGRO OMX,10,6.064227066
50062170,BICOLOR BLISTER 4 PZ OMX,10,13.8211469
50062171,BICOLOR CAJA 12 PZ OMX,10,39.89775843
50062173,LAPICES DE GRAF HB 12PZ OMX,10,24.70527284
50062183,LAPICERO AUTOM ENERGIZE 0.5MM,10,87.15213264
50062221,BORRADOR RETRACTIL C/CLIP OMX,10,10.81522987
50062222,PLUMA CORRECTORA 9ML OMX     .,10,3.213
50062958,SACAPUNTAS METAL DESIGN CH,10,20.99676923
50063001,ROLLERBALL STERLING ACERO NE,10,426.8084549
50063006,REPUESTO STERLIN PUNTO FINO NE,10,87.64096999
50063007,JUEGO STERLING BOL/LA PLA,10,903.1167717
50063008,JUEGO STERLING BOL/LA NE,10,845.2536421
50063053,MARCATEXTOS AMARILLO OMX 2 PZ,10,21.66711201
50063054,MARCATEXTOS MINI CINCEL COLOMX,10,41.91060769
50063055,MARCATEXTOS CINCEL COL OMX 5 P,10,41.4022998
50063173,CORRECTOR LIQ 2EN1 PL/BRO OMX,10,22.28873535
50063196,COLORES OMX 12 PIEZAS,10,28.8413934
50063339,GOMA BLANCA 2 PZAS OMX,10,11.26686794
50063340,Goma de Migajon OMX 2 Piezas,10,10.18797193
50063359,CORRECTOR EN CINTA OMX 5MM 2PZ,10,43.85523604
50063448,REPUESTO 4C TINTA NEGRA 2 PZ,10,30.96046154
50063449,CORRECTOR LIQ TIPO BROCHA OMX,10,16.3883787
50063593,BLOCK TC BCO 80G 50HJ VIRTUO,10,102.529594
50063594,BLOCK RY TC AMA 80G 50HJ VIRTU,10,139.8689402
50063743,MARCADOR PER RECAR SIGN ROJC1.,10,248.0205479
50064189,LAPIZ MIRADO NO2 HEXAG C/8,10,52.69286775
50064190,LAPIZ MIRADO NO2 TRIANG C/8,10,54.69859226
50064374,CUADERNO ESQUELA RY 100H OMX,10,35.84600419
50064375,CUADERNO PROF RY 100 HJS OMX,10,81.52485407
50064460,BOLIGRAFO 4 COLORES FASHION 1P,10,65.79912307
50064462,MARCADORES BIC ESTUCHE 36 PIEZ,10,401.5339623
50064469,BOLIGRAFO MED NEGRO 50 PZAS,10,257.2381922
50064507,LAPIZ MIRADO HEXAG N 2 4 PZAS,10,29.51941966
50064508,LAPIZ MIRADO HEXAG N 2.5 4 PZ,10,29.57519002
50064509,LAPIZ MIRADO TRIAN N 2 4 PZAS,10,29.53635025
50064510,LAPIZ MIRADO TRIAN N 2.5 4 PZ,10,28.4079228
50064511,LA2IZ BICOLOR VERITHIN 4 PZAS,10,39.9
50064512,LAPIZ ROJO VERITHIN 4 PZAS,10,41.53216297
50064604,CUADERNO FRANC C7 100H FERRARI,10,84.81117071
50064605,HOJAS P/CARPETA PROF FERRARI,10,110.9695082
50064609,CUADERNO MINI RY 100H KIUT,10,92.589
50064624,CUADERNO PROF RY 100H S,10,53.529
50064625,CUADERNO PROF C5 100H SERI IV,10,55.79804924
50064626,CUADERNO PROF C7 100H SERI IV,10,55.13827225
50064629,MARCADOR SIGNAL XTRA 12 PZAS,10,255.8442694
50064789,SACAPUNTAS MET 4PZ STAEDLER,10,123.9747805
50064791,LAPICES NORICA AZUL HB 8 PZA,10,57.66157895
50064838,SACAPUNTAS CROC CROC,10,41.76645935
50064839,SACAPUNTAS VIVO CON TAPA,10,25.14647027
50064842,SACAPUNTAS VIVO DOBLE,10,22.64497708
50064847,GOMA ERGUS 20 PELIKAN 2 PZAS,10,32.51723793
50064852,LAPIZ ENTRENADOR DUO 2 PZAS,10,22.04997348
50064871,LIBRETA BOOK COLOR RY 256P,10,348.7952121
50065604,COLORES DOBLES DE MADERA 12/24,10,39.81256298
50065796,LAPIC5RO 0.5MM INCLUYE PUNT 2P,10,42.693
50065797,BOLIGRAFO MOSTRADOR MED TIN NG,10,45.35386396
50065811,BOLIGRAFO RETRAC 1.0 MD NG 12P,10,61.50679463
50065812,BOLIGRAFO RETRAC 1.0 MD AZ 12P,10,59.19858268
50065815,BOLIGRAFO RETRAC MET 1.0 NG 2P,10,49.10278319
50065819,BOLIGRAFO RBALL AGUJ 0.5 COL4P,10,48.50672318
50065820,MARCATEXTOS DBL PTA SURT 3PZ,10,32.85536931
50065822,1ARCATEXTOS C/GRIP CNC SURT 5P,10,40.488
50065892,MARCADOR D/BILLETES FALSOS OMX,10,15.37887769
50065910,PLUMA CORRECTORA  7ML 2PZ OMX,10,39.78895537
50065911,CINTA CORREC130721 CRACTIL 2PZ,10,51.702
50066287,BOLIGRAFO CROSS EDGE NEGRO 1MM,10,845.5976667
50066633,CUADERNO UNIV C5 90H SIGEL,10,32.76917585
50066634,CUADERNO UNIV c7 90h SIGEL,10,33.28551282
50066635,CADERNO UNIV RY 90H SIGEL   .,10,32.3498
50066636,CUADERNO UNIV BCO 90H SIGEL(CC:20008),10,33.41888407
50066813,LIBRETA BOOK CARBONIO,10,334.2969898
50067322,CRAYON FACIAL 12 COLORES,10,82.06786695
50067435,MARCADOR PERM COL 24PZAS,10,348.1492052
50067436,MARCADOR PERM COL 6PZAS,10,104.6066471
50067442,CINTA CORRECTORA ROSA 1PZA,10,65.79628788
50067497,MINI PLUMIN PEN 68 C/12,10,219.3361301
50067598,BOLIGRAFO GEL SURT BL 3 PZAS,10,141.0840402
50067599,REPUESTO BOL LANCE AZUL 2PZAS,10,56.70777633
50067600,"LAPICERO 120 0,5 MM BL 1 PZA",10,144.011903
50067603,"LAPICERO 1000 0,5 MM BL 1 PZA",10,333.4604247
50067604,REPUESTO PARA BOLIGRAFO,10,59.09406688
50067740,BOLIGRAFO F-301 BOLD NGO,10,86.95873826
50067820,BOLIGRAFO TWIN STD 4 COLORES,10,58.55150659
50067926,BO2IGRAFO KM 100 NEGRO C 12,10,55.524
50067927,BOLÍGRAFO KM 100 AZUL CAJA 12,10,52.34611575
50067928,BOLIGRAFO KM 100 ROJO CAJA 12,10,52.51067654
50067929,MARCATEXTOS GEL AMA/NAR 2PZ,10,62.9921977
50067937,MARCADOR SHARPIE  FINO SURT 3Pt052,10,92.4
50067955,AQUARELO GLASS BL. C/1 AMA,10,57.73196752
50067956,MARCADOR SIGNAL ULTRAFINO N/2P,10,55.01475
50067966,MICA KRISTAL AUTOADHER 5 PZ,10,150.9269129
50068201,FORRO KRYSTAL AMARI .45X1.5M .,10,36.0296563
50068202,FORRO  KRYSTAL VERDE .45X1.5M.,10,36.03255145
50068203,FORRO KRYSTAL AZUL .45X1.5M  .,10,35.91505063
50068204,FORRO KRYSTAL ROJO .45X1.5M  .,10,35.73904319
50068205,FORRO KRYSTAL BLANCO .45X1.5M.,10,35.77757703
50068206,FORRO KRYSTAL TRANS. .45X 2MTS,10,32.12424798
50068207,FORRO KRYSTAL TRANS. .45X,10,65.08833333
50068470,BOLIGRAFO KM 100 SURT 3 PZ   .,10,19.72831372
50068723,LAPIZ MIRADO XG NO 2.5 12 PZAS,10,6.930969231
50069404,MARCADOR PERM OMX NG 12P,10,140.2315558
50069406,CUADERNO COLLEGE COS RY 120H,10,107.793
50069411,MEMO BOOK PLAST 8PZ NEON OMX,10,78.69302073
50069430,LAPIZ/COLOR RJ 4P OMX,10,14.67506994
50069461,COLOR CHECADOR RJ/CARMIN 4P OM,10,14.55694252
50069510,REPUESTO MICROPEN NEGRO C/2,10,71.45775
50069712,BOLIGRAFO STERL PTO AGUJA PLAT,10,594.284824
50069736,BOLIGRAFO STERLING GEL NGRO,10,427.9639796
50069829,REPUESTO P/BORRADOR 2PZ OMX,10,7.016791857
50070185,BLOCK CT RY 56G 50HJ BL 6P,10,145.0801342
50070186,BLOCK ENGOMADO. PAPEL BOND DE 56G/M2. 50,10,143.5954291
50070240,MARCADOR MINI FINO SHARPIE PZA,10,4.154257426
50070627,BOLIGRAFO TUL GEL FINO 4 PIEZA,10,149.5872803
50070628,BOLIGRAFO TUL GEL AZUL 4 PZ,10,142.422
50070630,BOLIGRAFO TUL RBALL FINO NG 4P,10,150.4549833
50070631,LAPICERO MEC 0.5MM 2P TUL,10,93.7135323
50071183,BOLIGRAFO CRIST BOLD NEG 3 PZA,10,22.44294947
50071184,BOLIFRAFO CRIS BOLD NEG 12P,10,78.14148576
50071186,BOLIGRAFO KILOMETRICO SURT 10P,10,54.57112471
50071187,BOLIGRAFO KM SURT 4 PTO MED SU,10,34.78319982
50071193,BOLIGRAFO PAPERMATE 300 SUR 3P,10,56.69992893
50071195,MINI PLUMA LIQUID PAPER 2PZAS,10,69.09216572
50071196,MARCA TEXTOS GEL AMARILLO 2PZ,10,62.9895
50071197,MARCADOR PERMA SHARPIE FINO NG 2 P,10,50.211
50071199,LAPICERO MIRADO 0.5MM SURT 3PZ,10,13.7445
50071241,CUADERNO FRANCES KIUT 100H RAY,10,84.43544979
50071242,CUADERNO PROF KIUT 200H 5MM R,10,265.7998014
50071245,CUADERNO MI PRIMER CUAD 72H,10,109.2804671
50071263,MICA BOLETA 15 X 25CM        .,10,44.94
50071264,MICA PARA BOLETA Y T/CARTA   .,10,61.95
50071307,MARCADOR CERA VER BLIS PZA,10,22.6926
50071547,BOLIGRAFO ENERGEL PT FIN 2P NE,10,90.36937303
50072056,CUADERNO SCRIBE PROMO DISNEY .,10,0.021
50072243,CUADERNO PROF C5 100H KID    .,10,113.169
50072244,CUADERNO PROF C7 100H KID    .,10,113.169
50072306,CUADERNO COS PROF C5 100H KID.,10,104.958
50073404,CUADERNO POCK RY 140H KIUT,10,114.0812793
50073554,BLOCK ENGOMADO TAMANO CARTA C7,10,55.11243612
50073555,BLOCK ENGOMADO TAMANO  CARTA C5,10,52.6995814
50073556,BLOCK ENGOMADO CARTA RAYADO,10,52.486
50073605,BOLIGRAFO ENER 0.7MM COL 3PZ,10,131.0483757
50073607,BOLIGRAFO ENER 0.5MM 3PZ COL,10,131.146048
50073609,BOLIGRAFO SLICCI MET COLORES,10,70.81148613
50073610,LAPICERO TWIST-ERASE + GOMA 5M,10,103.2516668
50073697,MARCADOR EXPO CINCEL SURT 4PZ,10,108.5640687
50073699,KIT MARCADORES C/BORR Y LIQ EX,10,115.4567615
50074436,CUADERNO PROF CS COLOR RY 100H,10,103.3633992
50074437,CUADERNO PROF CS COLOR C5 100H,10,103.1195006
50074443,CUADERNO POCK DAILY NOT RY 72H,10,121.5974195
50074445,CUADERNO CS PROF COLOR C7 100H,10,103.3622495
50074446,CUADERNO CS PROF COLOR BL 100H,10,102.9901021
50074447,CUADERNO CS PROF COLOR DR 100H,10,105.1096573
50074449,CUADERNO CS COLL COLOR RY 100H,10,99.47341961
50074450,CUADERNO CS COLL COLOR C5 100H,10,99.3763784
50074451,CUADERNO CS COLL COLOR C7 100H,10,99.44988775
50074452,CUADERNO CS COLL COLOR BL 100H,10,101.198875
50074453,CUADERNO CS COLL COLOR DR 100H,10,99.40277656
50074454,CUADERNO CS FRAN COLOR RY 100H,10,64.85574438
50074455,CUADERNO CS FRAN COLOR C5 100H,10,64.84279114
50074456,CUADERNO CS FRAN COLOR C7 100H,10,65.40511929
50074457,CUADERNO CS FRAN COLOR BL 100H,10,62.454
50074458,CUADERNO CS FRAN COLOR DR 100H,10,66.36775125
50074459,CUADERNO COS ITA COLOR RY 100H,10,65.59313239
50074460,CUADERNO COS ITA COLOR C5 100H,10,65.01132743
50074461,CUADERNO COS ITA COLOR C7 100H,10,65.07720701
50074462,CUADERNO COS ITA COLOR BL 100H,10,67.3308595
50074463,CUADERNO COS ITA COLOR DR 100H,10,64.82222126
50074464,CUADERNO COS IT COLOR C14 100H,10,65.04324995
50074505,COLORES COLOR PEPS DUO 12PZAS,10,98.64617002
50074507,COLORES COLOR PEPS 24 PZAS,10,173.3930223
50074523,LAPICERA CIRCULAR ECOLOGICA BT,10,45.28239012
50074525,LIBRETA NOTES BEATLES  13X21CM,10,332.4217154
50074526,LIBRETA NOTES BEATLES 9X14CM,10,228.4504188
50074529,LIBRETA BBOOK CARBONIO POCKET,10,264.9614559
50074625,LAPICERO ZGRIP FLORAL 0.7MM 3P,10,44.3415
50074652,BOLIGRAFO MOBILE OFFICE 4PZ,10,260.9267634
50074688,CUADERNO PRO EXCELL RAYA 200HJ,10,336.0161107
50074694,CUADERNO PRO EXCELL C5 200HJ,10,337.9290202
50074695,CUADERNO PRO EXCELL C7 200HJ,10,335.5268778
50074696,CUADERNO PRO POLICOVER RY 100H,10,108.0854184
50074697,CUADERNO PRO POLICOVER C5 100H,10,110.1240988
50074698,CUADERNO PRO POLICOVER C7 100H,10,111.8371348
50074701,CUADERNO PRO POLICOVER RY 200H,10,227.262176
50074704,CUADERNO PRO POLICOVER C5 200H,10,229.7628058
50074705,CUADERNO PRO POLICOVER C7 200H,10,230.5273898
50074749,"BOLIGRAFO BIC 4EN1, MEDIANO",10,62.19160741
50074946,BOLIGRAFO FLAIR PUNTO MED 8PZA,10,132.2583141
50074948,MARCADOR SHARPIE 3PZA DOR Y PL,10,93.63006709
50074949,BOLIGRAFO KILOMETRICO 100 4 PZ,10,25.81544169
50074953,LAPIZ MIR KIDS C/SACAPUNTAS 2P,10,46.19997874
50074956,BOLIFRAFO FLAIR ULTRAFINO 8PZS,10,163.5783748
50074983,ROLLER PRECISE V5 FINO AZL 2PZ,10,115.2281676
50074984,BOLIGRAFO GEL FINO NEGRO,10,58.884
50074985,BOLIGRAFO GEL 12-7 FINO AZUL,10,58.884
50074989,ROLLER PRECISE V5 FINO NGR 2PZ,10,115.2414932
50074990,BOLIGRAFO GEL G2-7 FINO NGO 2P,10,108.9326803
50074993,MARCADOR PERM SC6600 JUMBO NGO,10,91.27773476
50074994,MARCADOR PERM SCB P/CINCEL NGO,10,37.01755556
50074998,BOLIGRAFO GEL FINO NEGRO 2 PZS,10,122.6983789
50075675,MARC ESTERBROOK C12 AZUL,10,286.188
50076019,CUADERNO PROF EXCELL RY 100H,10,259.260121
50076020,CUADERNO PROF EDO UNIV C7 100H,10,255.6013867
50076055,CARTUCHOS DELGADOS P/PLUMA EST,10,125.664
50076810,LIBRETA POCKET NEGRA RY MOLESK,10,499.4760492
50076812,LIBRETA POCKET NEGRA RY MOLESK,10,454.8368644
50076814,LIBRETA POCKET NEGRA RY 3PZ MO,10,378.6526154
50076815,LIBRETA POCKET KRAFT RY 3PZ MO,10,378.6389223
50076827,LIBRETA FRAN NEGRA HOJBLAN MOL,10,715.2652941
50076828,LIBRETA FRAN NEGRA RY MOLESKIN,10,659.8055254
50076829,LIBRETA FRAN ROJA RY MOLESKINE,10,713.8369318
50076830,LIBRETA FRAN NG HOJ BLAN MOLES,10,713.43696
50077270,BOLIGRAFO ZGRIP FLIGHT MED NGR,10,23.14725
50077271,BOLIGRAFO ZGRIP FLIGHT MED AZU,10,30.17848157
50077349,SET CREATIVO MARCADORES 27 PZS,10,368.2602
50077433,BOLIGRAFO TECH 2 NGRO SATINADO,10,846.1441579
50077435,BOLIGRAFO CROSS TECH 2 CROMO,10,774.144
50077454,REP BOL T  MEDIANO NEGRO,10,114.723
50077621,FRASCO DE TINTA NEGRA P/PLUMA,10,170.1
50078211,CUADERNO BOOK RY 160H KIUT,10,202.1272005
50078379,BOLIGRAFO STYLUS PRO COL SURT,10,139.5855
50079691,MARCADOR EXPO COL. FASHION 4PZ,10,105.2419925
50079692,COLORES PROF PRISMACOLOR 48 PZ,10,1166.179944
50079693,PUNTILLAS MATE DE 1.3 MIRADO,10,22.72584706
50079721,COLORES PROF PRISMACOLOR 72 PZ,10,1703.141966
50079722,MARCADORES SHARPIE TWIN 4 PZ,10,124.8209519
50079726,LAPIZ MIRADO DESING  4 PZ.,10,28.4479849
50079728,MARCADOR EXPO. CINCEL 2 PZ.,10,53.85173708
50079730,COLORES PROF PRISMACOLOR 132PZ,10,2870.965456
50079732,BOLIGRAFO KIL. QUATRO BASICO,10,54.26566152
50079733,BOLIGRAFO 8 PZ. VARIOS COLORES,10,70.07409758
50079780,COLORES NORMA 36 PZAS,10,498.0236442
50079860,COLORES NORMA DE 24+4L,10,327.9057342
50079897,BOLIGRAFO BIC MED SURT 10 PZAS,10,55.40158885
50079900,BOLIGRAFO CRISTAL 07MM 3PZ NEG,10,21.40948113
50079916,CRAYONES SO BIG 12 PIEZAS,10,90.49069754
50079917,CRAYONES SO BIG 18 PZAS,10,125.0975873
50079938,PLUMONES DUO 10/20 PZAS.,10,124.885176
50079939,COLORES PEPS 36 PZAS,10,220.1961694
50079947,LAPICES DE G FLOWPACK HB 6PZ,10,36.87204745
50079948,COLORES 12 PZAS+1BLACK +1 SACA,10,98.77991482
50080056,MARCATEXTOS NEON NARANJA,10,36.6345
50080249,CUADERNO PROF PD C5 100H EXCEL,10,255.7434517
50080363,BLISTER SAC/GOMA STAEDTLER,10,78.267
50080368,"PACK PENTEL CUTE AZL,LIM,VIO",10,78.11165826
50080371,REPUESTO ENERGEL 0.5MM PENTEL,10,56.63716667
50080378,BOLSA CON 12 LAPICES PELIKAN,10,58.716
50081582,LIBRETA PEN & BOOK FRAN 256PAG,10,288.0776265
50081594,LIBRETA BLACK FORMA FRAN,10,453.0338983
50081595,LIBRETA BLACK BOLSILLO 9X14,10,294.6966767
50081599,LIBRETA PROFESIONAL DALLAS,10,383.7109491
50082145,CORRECTOR LIQUIDO COLOR BLANCO,10,15.70975
50082158,TUBO CON 12 PUNTILLAS HB 0.5MM,10,10.86795652
50082331,SACAPUNTAS ELECTRICO PEGASO,10,1030.576615
50082395,LAPIZ DE GRAFITO DEL NO. 2,10,0.021
50082561,PLUMA CORRECTOR DE 7 ML,10,0.5455
50082563,MARCADOR DE CERA ROJO PZA,10,0.1087437326
50083039,BOLIGRAFO BAILEY NEGRO,10,1132.385722
50083040,BOLIGRAFO BAILEY PLATA,10,1279.315917
50083370,MARCADOR PERM MARKER GRIP BLU,10,17.21143826
50083371,MARCADOR PERM MARKER GRIP NEG,10,17.28247878
50083372,Marcador Permanente Rojo AZOR,10,16.90984053
50083375,MARCADOR PERM MARKER GRIP ROSA,10,17.21684346
50083377,MARCADOR PERM MARKER VERDE CL,10,6.111
50083379,MARCADOR PERM MARKER TURQUESA,10,17.11704904
50083382,MARCADOR PERM MARKER MORADO PA,10,17.00805822
50083434,MARCADOR PERM MARKER MORADO TI,10,17.19487454
50083439,MARCADOR CERA AMARILLO PZA,10,21.23121086
50083440,MARCADOR CERA BLANCO PZA,10,16.6227786
50083441,MARCADOR CERA AZUL PHANO PZA,10,18.87110373
50083442,MARCADOR CERA VERDE PHANO PZA,10,18.31205983
50083443,MARCADOR CERA ROJO PHANO PZA,10,20.93238326
50083444,MARCADOR CERA NEGRO PHANO PZA,10,35.20818279
50083478,MARCADOR PERM ROJ P ESTERBROO,10,32.6116875
50083479,LAPIZ MIRADO HEXAG 12PZAS,10,4.5478125
50083600,REPUESTO BOL FINO KFL8BP-A NEG,10,87.255
50084137,LAPICERA STUDY BOX,10,84.053235
50084145,SACAPUNTAS COLOR PEPS 2 ORIF,10,40.31663549
50084150,CARTUCHO PK QUINK NEGRO BL5,10,75.59533909
50084158,LAPIZ EVOLUTION AMARILLO CJ 12,10,72.09758275
50084190,LÁPIZ MIRADO Ñ2 CAJA CON 12,10,78.53382818
50084191,LAPIZ MIRADO N2.5 CAJA C/12,10,78.86052801
50084290,PLUMONES VISA XL ESTUCHE 12PZS,10,121.9483161
50084327,MARCADOR PERM MARK METAL 3+1PZ,10,79.39506424
50084353,HOJAS P/CARP RY 75G JUST PAPER,10,53.8435061
50084355,HOJAS P/CARP C5 75G JUST PAPER,10,53.04327026
50084356,HOJAS P/CARP C7 75G JUST PAPER,10,53.47201205
50084500,CUADERNO PROF DO 100H RY BLACK,10,122.6223748
50084501,CUADERNO PROF DO 100H C5 BLACK,10,121.7849411
50084502,CUADERNO PROF DO 100H C7 BLACK,10,122.4748691
50084684,COLORES PROF PRISMACOLOR 150PZ,10,3358.686075
50084685,COLORES PROF PRISMACOLOR 24 PZ,10,653.4500359
50084686,COLORES PROF PRISMACOLOR 36 PZ,10,933.2018954
50084716,MARCADOR SHARPIE NEON 5 PIEZAS,10,146.8203719
50084717,MARCADOR EXPO BORRABLE NEON 3P,10,103.026
50084718,MARCADOR EXPO BORRABLE 3P+CLIP,10,81.89934882
50084747,LAPIZ CERA PRISMA BLANCO PIEZA,10,22.94741157
50085007,COLORES CRAYOLA UP&DOWNS 12PZS,10,120.0844644
50085009,COLORES TWUSTABLES CRAYOLA 8,10,97.14327679
50085011,LAPICES COLORES COLORPEPS 48PZ,10,310.5080332
50085014,SACAPUNTAS CROC CROC INNOVATIO,10,44.719883
50085101,MARCADOR PERMANENTE SHARPIE NGO,10,32.886
50085102,MARCADOR SHARPIE CHISEL ASSTD,10,195.2446451
50085297,LAPIZ DE GRAFITO NO2 PASTEL 6P,10,58.01954689
50085308,PLUMA CORRECTORA C/ ADHESIVO,10,61.11
50085492,BOLIGRAFO GEL BORR RTR P/F 3PZ,10,192.8809348
50085493,BOLIGRAFO GEL BORR P/FIN 3PZS,10,166.3828229
50085495,MARCATEXTOS BORR FRIXION SUR3P,10,97.15584139
50085503,REPUESTO BORR FRIXION NEG C/3,10,113.3561804
50086960,MARCADOR SHARPIE FINO AZU C12,10,374.1077186
50086964,MARCADOR SHARPIE FINO RJO C12,10,0.021
50086965,MARCADOR SHARPIE FINO NGO C12,10,0.021
50087132,LIBRETA POCKET NEGRA BLN MOLES,10,504.6689565
50087155,BOLIGRAFO CROSS AZUL BAILEY,10,1006.579636
50087163,ROLLER EDGE GRIS TITANIO,10,910.1697907
50087164,BOLIGRAFO CROSS CENTURY II CRO,10,1003.826815
50087165,BOLIGRAFO CENTURY I NEG/DORADO,10,1119.840522
50087978,BOLIGRAFO KM FINE NEG 12 PZS,10,52.29100169
50088031,BOLIGRAFO KM P.FINO AZUL 12 PZ,10,54.40122473
50088056,"BOLIGRAFO KM FINO N,A,R 3P",10,19.60531177
50088059,BOLIGRAFO KM FINO NEG 2 PZS,10,13.05003924
50088062,50088367,10,5.418
50088064,BOLIGRAFO KM MINI RT V/C 4PZS,10,29.379
50088173,MARCATEXTOS EASYOPEN ROSA PZA,10,25.599
50088174,MARCATEXTOS EASYOPEN VRD PZA,10,25.599
50088176,CUADERNO PROFESIONAL NORMA NEGRO,10,306.5288603
50088178,CUADERNO EJE MED RY 100H DAILY,10,235.5610115
50088191,BOL Y LAP AGENDA MINI VIOLETA,10,207.858
50088192,BOL Y LAP AGENDA MINI DORADO,10,469.791
50088198,BLOCK ESQ ENGOMADO 80H C7 68G,10,18.21172757
50088199,BLOCK ESQ ENGOMADO C5 80H 68G,10,20.74469351
50088200,BLOCK ESQ ENGOMADO RY 80H 68G,10,23.6669574
50088212,CORRECTOR CINTA TOMBOW 1 PZA,10,70.05215464
50088213,CUADERNO PROF UNICAMPUS C7 120,10,283.5447747
50088214,CUADERNO PROF UNICAMPUS RY 120,10,282.5749297
50088216,CUADERNO PROF UNICAMPUS C7 160,10,354.0899878
50088217,CUADERNO PROF UNICAMPUS RY 160,10,355.5480773
50088218,HOJAS P/CARP PROF UNIC 100H RY,10,114.8768353
50088236,BOLIGRAFO DIAMANTE NEG 12P,10,68.649
50088300,BOLIGRAFO CRISTAL 0.7 NEG 12PZ,10,67.9141975
50088348,MARCADOR SHARPIE F.SINGLES AMA,10,21.45616267
50088349,MARCADOR SHARPIE F.SINGLES NAR,10,21.56267293
50088350,MARCADOR SHARPIE F.SINGLES VIO,10,1.926909091
50088351,MARCADOR SHARPIE F.SINGLES ROS,10,1.876777778
50088352,MARCADOR SHARPIE F.SINGLES TRQ azul,10,21.60698216
50088353,MARCADOR SHARPIE F.SINGLES LIM,10,15.20866667
50088354,MARCADOR SHARPIE F.SINGLES BER,10,18.186
50088355,MARACDOR SHARPIE F.SINGLES AQU,10,18.09258621
50088356,MARCADOR SHARPIE F.SINGLES MAG,10,0.4515
50088357,MARCADOR SHARPIE F.SINGLES CAF,10,21.63020811
50088358,MARCADOR SHARPIE F.SINGLES MEN,10,9.519138462
50088363,MARCADOR SHARPIE F.SINGLES DUR,10,1.852403226
50088367,MARCADOR SHARPIE F.SINGLES GRI,10,3.962
50088368,MARCADOR SHARPIE F.SINGLES MNO,10,18.9105
50088370,MARCADOR SHARPIE F.SINGLES HIE,10,2.667446809
50088373,MARCADOR SHARPIE F.SINGLES MRA,10,7.522666667
50088376,MARCADOR SHARPIE F.SINGLES RET,10,0.021
50088378,MARCADOR SHARPIE F.SINGLES VRT,10,0.4709193548
50088380,MARCADOR SHARPIE F.SINGLES VER,10,0.54075
50089030,BOL CRISTAL PRECISION AZ 12PZ,10,68.18466512
50089032,BOLIGRAFO  PRECISION 0.7MM 10P,10,64.61139132
50089125,MARCADOR EXPO COLOR URBAN T2,10,51.33403299
50089130,MARCADOR EXPO COLOR SURT T8,10,205.6577559
50089158,MARCADOR SHARPIE FINO SURT T4,10,95.51066714
50089160,MARCA TEXTOS SHARPIE TA AC,10,86.079
50089335,BOL CRISTAL BIC 1.2 BL 4 CLAS,10,37.53600068
50089336,BOL CRISTA BIC UP 1.2 FASHION,10,35.22977215
50089338,BOL CRISTAL BIC UP1.2 BL8SURTI,10,61.89666499
50089367,BOLIGRAFO UNIBALL 0.5MM T1 NGR,10,78.53849931
50089368,BOLIGRAFO UNIBALL DELUXE .5 AZ,10,61.31945417
50089369,BOLIGRAFO UNIBALL DELUXE .5NGR,10,61.31989129
50089372,BOLIGRAFO UNIBALL .5 T1 AZUL,10,78.5394001
50089411,MARCADOR FINO BL 2PZAS. NEGRO,10,41.12515994
50089460,CUADERNO FRAN 100H RY POLYC,10,82.92495126
50089461,CUADERNO FRAN 100H C5 POLYC,10,77.79277769
50089462,CUADERNO FRAN 100H C7 POLYC,10,78.79395916
50089463,CUADERNO FRA 100H RY BLACK,10,77.49595914
50089465,CUADERNO FRAN 100H C5 BLACK,10,77.8213819
50089466,CUADERNO FRAN 100H C7 BLACK,10,83.8882882
50089467,CUADERNO PROF PD 100H RY BLK,10,283.4601879
50089472,CUADERNO PROF 100H RY FRASES,10,116.4271277
50089473,CUADERNO PROF 100H C5 FRASES,10,116.4378843
50089474,CUADERNO PROF 100H C7 FRASES,10,115.8675
50089481,CUADERNO PROF 100H RY SWEET,10,98.46210492
50089482,CUADERNO PROF 100H C5 SWEET,10,97.89008991
50089483,CUADERNO PROF 100H C7 SWEET,10,98.43818697
50089484,CUADERNO PROF 100HRY POLYC EDS,10,126.1650076
50089493,CUADERNO PROF 150H RAYA POLYC,10,159.875938
50089494,CUADERNO PROF 150H C5 POLYC,10,158.4098041
50089495,CUADERNO PROF 150H C7 POLYC,10,160.6769736
50089564,MARCATEXTOS STABILO BOSS MORAD,10,180.6
50089659,BOLIGRAFO CANDY COLORS,10,27.56366667
50089764,LAPICERO .7 MM AZUL/VIOLETA,10,127.5170692
50089773,BOLIGRAFO WOW .7MM NEG/AZL/ROJ,10,39.53441197
50089804,CINTA CORRECTORA MINIFASHION 1,10,47.54484706
50090235,HOJAS P/CARPETA ESQUELA 100 RY,10,31.43509718
50090236,HOJAS P/CARPETA CARTA 100H  RY,10,52.5
50090255,CUADERNO FRAN RY EXCELL 100HJ,10,224.9161301
50090439,BOLIGRAFO CLICK CROMO,10,576.975
50090600,BOLIGRAFO LISO AZUL MED CN 12,10,32.92764516
50090705,BOLIGRAFO ROLLER VFM PLATA,10,336.119
50090711,BOLIGRAFO ROLLER VFM ROJO INTE,10,366.702
50090726,BOLIGRAFO SERIE 300 NEGRO LACA,10,764.883
50090727,PLUMA FUENTE VFM PLATA,10,413.637
50090730,PLUMA FUENTE VFM ROJO INTENSO,10,432.411
50090860,LAPIZ NO.2 METRICO CAJA C/100,10,350.406
50091180,BOLIGRAFO P/MOSTRADOR 3PZ AZOR,10,93.26955556
50092218,BOLIGRAFOMED AZ 1CJ 12PZ AZOR,10,58.5943244
50092219,BOLIGRAFO MED SURT 12PZAS AZOR,10,58.79459781
50092220,BOLIGRAFO MED NG 1CJ 12PZ AZOR,10,58.33858821
50092222,BOLÍGRAFO AZOR FINO PIN POINT NEGRO 12 P,10,64.69879589
50092232,TINTA P/MARCADOR REC NEGRO,10,59.85046053
50092461,LAPICES GRAFITO TRIANG 10P MAP,10,57.24025703
50092580,BOLIGRAFO FINO SURTIDO 10PZ AZ,10,69.2251125
50092590,BOLIGRAFO FINO SURTIDO 10P AZO,10,69.27516278
50092592,BOLIGRAFO FINO SURTIDO 4PZ AZO,10,27.67913433
50092594,BLOCK COLOREAR MANDALAS KIUT,10,212.3096828
50092595,CUADERNO COSIDO 100H KIUT FORE,10,364.6218837
50092596,LIBRETA NOTAS MANDALAS DANPEX,10,276.3277827
50092597,LIBRETA NOTAS VINTAGE FRANCES,10,276.7010446
50092598,LIBRETA NOTAS DOVER FRANCES,10,290.5361483
50092600,LIBRETA NOTAS PAROS PROFESIONA,10,377.3155523
50092652,BOL CRISTAL BOLD SURTIDO 10PZ,10,57.48455924
50092669,LIBRETA FRAN AZUL HOJA BLN MOL,10,711.2911338
50092671,LIBRETA POCKET AZ RY MOLESKINE,10,503.2567988
50092672,LIBRETA POCKET AQUA RY MOLESKI,10,444.3705
50092988,HOJAS P/CARPETA ESQUELA 100 C7,10,31.99239844
50092989,HOJAS P/CARPETA ESQ C5 100H,10,31.58538408
50093026,LAPICERO JOTTER PREMIUM PLATA,10,371.6763859
50093086,KILOMETRICO GEL NEGRO  2PZ,10,94.49956021
50093089,KILOMETRICO GEL SURTIDO 8 PZ,10,369.9018
50093099,PAPERMATE FANTASY PACK 12+3 ME,10,101.460586
50093320,COLORES FANTASY DOBLE PUNTA,10,229.5077727
50093323,COLORES PRISMACOLOR SCHOLAR 48,10,493.848159
50093324,COLORES PRISMACOLOR TRIANG 12P,10,187.2630515
50093377,MOCHILA PRIM TOTTO GREY LINES,10,711.921
50093399,COLORES BIC EVOL GRUESO 24PZAS,10,221.69463
50093415,COLORES BIC BICOLOR 24 PZAS,10,223.7173117
50093441,LIBRETA MOLESKIN EXG H. BLANCA,10,824.2888043
50093442,LIBRETA MOLESKIN EXTRA GDE AZU,10,845.9414672
50093443,LIBRETA MOLESKIN EXG RAYADA,10,841.201337
50093574,BOLIGRAFO MINI KILOMETRICO 10P,10,58.79035222
50093581,PLUMONES CRAYOLA GLITTER 8 PZS,10,214.1925507
50093582,PLUMONES CRAYOLA METALICOS 8PZ,10,268.1996514
50093638,MARCADOR PERMANENTE NEGRO PIEZ,10,6.426
50093662,LAPICES DE COLORES VIVIDEL 36,10,319.1561621
50093665,MARCATEXTOS DE GEL DIXON NEON,10,133.098
50093693,CUADERNO PROF UNICA MET RY 120,10,280.8066693
50093694,CUADERNO PROF UNICA MET RY 160,10,341.6743595
50093695,CUADERNO PROF UNICA MET C7 160,10,345.1103175
50093696,CUADERNO UNIV UNICA MET RY 160,10,256.9165921
50093802,PLUMONES OCEAN X 24 TATOO TEE,10,117.4941012
50093833,BOTELLA PAW PATROL CHICA,10,0.021
50093897,CUADERNO PROF MARIO 1 RY 100H,10,94.71493373
50093898,CUADERNO PROF MARIO 1 C5 100H,10,95.19398839
50093899,CUADERNO PROF MARIO 1 C7 100H,10,94.58511352
50093900,CUADERNO PROF MARIO 2 RY 100H,10,138.0453064
50093901,CUADERNO PROF MARIO 2 C5 100H,10,140.3087236
50093902,CUADERNO PROF MARIO 2 C7 100H,10,137.9971773
50093903,CUADERNO PROF MARIO PDURA RY,10,321.93
50094027,LAPICERA CILINDRICA HARRY POTT,10,141.855
50094043,PORTAMINAS CON SISTEMA MUELLEO,10,125.8477988
50094080,BOLIGRAFO ENERGEL REC PENTEL,10,85.134
50094082,CORRECTOR EN CINTA RECAR PENTE,10,61.01946473
50094085,REPUESTO CORRECTOR RECA PENTEL,10,63.07069544
50094180,MARCADOR PERMANENTE JOCAR 4PZA,10,20.4708
50094212,CRAYON INDUSTRIAL NEGRO,10,21.36348322
50094214,CRAYON INDUSTRIAL ROJO,10,12.621
50094490,COLORES NORMA 14-15 TRIANG,10,168.7945883
50095326,MARCATEXTOS OMX 12 PIEZAS,10,47.17766667
50095646,BOLIGRAFO FINO NEGRO MATE,10,515.5623401
50095651,BOLIGRAFO FINO PENTEL AZUL MAT,10,515.6116463
50095652,BOLIGRAFO FINO PENTEL BLANCO M,10,481.2159649
50095653,BOLIGRAFO FINO PENTEL PLATA MA,10,476.1694769
50095669,BOLIGRAFO CROSS CLICK NEGRO,10,542.808
50095717,MARCADOR PERM MARKERGRIP ROSAT,10,17.10210463
50095791,CUADERNO PROF COLOR C5 100H,10,106.4150779
50095792,CUADERNO PROF COLOR RY 100H,10,107.3840077
50095793,CUADERNO PROF COLOR C7 100H,10,107.3694788
50096018,MARCADOR DE CERA BLANCO SHARPI,10,17.50636364
50096599,MOCHILA NEGRA DE TOTTO,10,795.564
50096617,MOCHILA PARA PC MORADA TOTTO,10,795.564
50096717,COLORES EVOLUTION CAJILLA 36PZ,10,267.2741396
50096820,BOLIGRAFO KM CANDY P. 8 COLORE,10,56.7
50096836,PLUMONES CRAYOLA PUNTA DOBLE,10,210.3807164
50096839,COLORES DUALES CRAYOLA 24 PZ,10,243.4855218
50097139,BOTELLA TRITAN MINNIE 25 OZ,10,0.021
50097254,CUADERNO PROF. EXCELL RAY 200H,10,333.6448477
50097255,CUADERNO PROF. EXCELL C5 200H,10,331.2115237
50097256,CUADERNO PROF. EXCELL C7 200H,10,328.643439
50097257,CUADERNO BOOK EXCELL RAY 100H,10,220.5330194
50097259,CUADERNO FRAN. COVER C5 100H,10,64.365
50097260,CUADERNO FRAN. COVER C7 100H,10,64.365
50097261,CUADERNO PRO. COVER RAYAS 100H,10,93.975
50097262,CUADERNO PRO. COVER C5 100 H,10,93.975
50097265,CUADERNO PRO. COVER C7 100H,10,93.975
50097269,CUADERNO COLL COVER C5 100H,10,87.549
50097271,CUADERNO ITAL COVER RAY 100H,10,64.365
50097272,CUADERNO ITAL COVER C5 100H,10,63.83409006
50097273,CUADERNO ITAL COVER C7 100 COS,10,64.365
50097274,CUADERNO PROF. DO POLY C5 100H,10,118.1117487
50097276,CUADERNO PRO. DO TWIN RAY 100H,10,127.6151471
50097277,CUADERNO PRO. DO TWIN C7 100H,10,127.638
50097278,CUADERNO PRO. DO TWIN C5 100H,10,127.638
50097282,CUADERNO PROF. DO NATU RAY/100,10,97.15855798
50097283,CUADERNO PROF. DO NATU C5 100H,10,97.01345161
50097284,CUADERNO PROF. DO NATU C7 100H,10,96.8365125
50097285,CUADERNO PRO. DO NATU RAY 200H,10,207.102
50097631,LIBRETA NOTES CLASSIC 13X21 CM,10,316.60723
50097669,LAPICERA ZIPPIT MONSTRUO ROSA,10,146.58
50097731,COLORES KIUT 24 PIEZAS,10,351.3463862
50097739,MARCADORES KIUT MAGICOS 12 PZ,10,139.2309858
50097740,MARCADORES KIUT GLITTER 10 PZ,10,205.4044334
50098198,MARCADOR SIGNAL XTRA AMARI 12P,10,269.136
50098236,BOLIGRAFO MED VERDE 12 PZ AZOR,10,44.69294118
50098766,LIBRETA DE DIBUJO NEGRA MOLES.,10,860.3151493
50098769,LIBRETA POCKET ROJ RAY P/SUAVE,10,411.663
50098772,LIBRETA EXTRA GRANDE NEG H/BLA,10,802.704
50098774,LIBRETA GRANDE ROJO RAYAS MOLS,10,653.5739189
50098797,REPUESTO ROLLER B MONT BLN NGO,10,313.534182
50098798,REPUESTO ROLLER B MONT BLN AZL,10,314.7129356
50099036,LIBRETA GRANDE AZUL ZAFIRO,10,661.5
50099038,LIBRETA GRANDE NEG H/CUADROS,10,715.806
50099041,LIBRETA GRANDE AZUL Z. H/BNCO,10,846.153
50100267,CUADERNO PROF FIVE STAR RAYAS,10,0.021
50100436,MARCADOR SHARPIE METALICOS 3PZ,10,73.773
50100883,MARCATEXTOS VISION P. PASTEL 2 PIEZAS,10,41.19566661
50100884,BOLIGRAFO CRISTAL PRECISION,10,84.588
50100922,TJ CORRECTOR LIQ. AQUA FLUID,10,22.70968054
50100925,TJ RESALTADORES COLOR PASTEL,10,68.86712895
50101110,MARCADOR PERMANENTE ROJO 12PZ,10,204.491837
50101214,GOMAS PARA BORRAR 4 PZS HELADO,10,30.31319186
50101216,GOMAS PARA BORRAR 4PZS FANTASY,10,30.24471421
50102279,MOCHILA ACUARELA NEGRA FLAMING,10,795.564
50102312,MOCHILA ACUARELA DISENO 0D3,10,795.564
50102315,MOCHILA DINAMICON ROJA   R13,10,885.171
50102317,MOCHILA DINAMICON  Z3I AZUL,10,695.982
50102448,SET DE PLUMONES 50PZ CRAYOLA,10,488.1597245
50102728,PAPER MATE GEL  TX3,10,31.5
50102779,CUADERNO COS. PROF. C7 100H,10,76.65
50102780,CUADERNO COSIDO PROFESIONAL,10,76.64999024
50102781,CUADERNO COSIDO PROFESIONAL5MM,10,76.65
50102784,CUADERNO COSIDO ITALIANO 100H,10,52.49494937
50102848,CUADERNO COS. ITAL. RAYAS/100H,10,49.81617523
50102849,CUADERNO COS. ITALIANO C7 100H,10,49.51088976
50102915,CUAD EDO PD PRO RAY 200H COLOR,10,361.683
50102916,CUAD ESP PRO RAY 100H TOYSTORY,10,53.067
50102917,CUAD ESP PRO C.5 100H TOYSTORY,10,53.067
50102918,CUAD ESP PRO C.7 100H TOYSTORY,10,53.067
50102920,CUAD ESP PRO C.5 100H ONIX 24P,10,53.067
50102927,CUADERNO FRA RAY TWINKLE 200H,10,76.86
50102938,MARCADOR GRIP NGO PTO. MED/FIN,10,32.78615278
50102986,MARCATEXTOS SWING COOL PASTEL,10,311.280073
50103061,LONCHERA GRILLZ NEGRA ZIPIT,10,322.959
50103067,LAPICERA METALICA ZIPIT,10,161.28
50103120,FORRO KRYSTAL AZUL C. .45X1.5M,10,35.723063
50103493,CRAYON MAESTRO AMARILLO,10,15.414
50103683,MARCATEXTOS CN PUNTILLAS .7MM,10,30.429
50103690,BOLIGRAFO GEL COLORES SERVE,10,36.80356448
50103691,BOLIGRAFO GEL COLORES PASTEL,10,35.3885152
50103692,MARCATEXTOS COLORES NEON SERVE,10,33.01473087
50103693,MARCATEXTOS COLORES PASTEL SER,10,33.01426249
50103769,MARCADOR SIGNAL XTRA ROJO 12 P,10,252.663255
50103782,BOLIGRAFO FINO AZUL 12 PZAS AZ,10,64.78279973
50104113,MARCADOR PERM AZUL DESCONTINUA,10,560.469
50104114,MARCADOR PERMANENTE AMARIL 12P,10,644.112
50104115,MARCADOR PERMANENTE VERDE 12 P,10,547.6695
50104390,MARCADOR PERM CINCEL NG OMX,10,10.059
50104784,MARCADOR AQUAREL GRIP VERDE 12,10,151.8224815
50104924,BOLIGRAFO AZUL PIN POINT 12 PI,10,52.647
50104925,BOLIGRAFO ROJO PIN POINT 12 PI,10,47.88
50104926,BOLIGRAFO NEGRO PIN POINT 12 P,10,52.92
50105019,LAPICES COLORES 80 PCS STUK,10,214.476852
50105021,LAPICES COLORES 20 PZ STUK,10,90.79816571
50105022,LAPICES COLORES 48 PZ STUK,10,150.4307374
50105378,LIBRETA PREMIUM HARRY POTTER,10,422.625
50105379,LIBRETA PREMIUM BATMAN,10,422.625
50105380,LIBRETA PORTA CELULAR,10,426.3693553
50105550,LAPICERO RETRACTIL 0.7MM 6 PZS,10,34.40408696
50105944,MARCATEXTOS VISION JUNIOR AZUL,10,122.3985
50105962,MARCATEXTOS ECOLOGICOS STUK,10,46.44581765
50105983,LIBRETA ECOLOGICA 48 HOJAS,10,69.13415734
50105985,LAPICERA RECICLADA STUK,10,46.81057024
50105990,BOLIGRAFOS DE COLORES TUL,10,138.7428115
50106006,BOLIGRAFOS ECOLOGICOS HOJAS,10,121.653
50106026,LAPICERA GREEN LIFE,10,43.54964292
50106027,SET LIBRETAS RECICLADAS 32 HJS,10,86.11845401
50106033,BOLIGRAFO NEGRO 3 PZAS,10,29.94958838
50106034,SACAPUNTAS 2 EN 1,10,13.60507433
50106130,MARCATEXTOS PASTEL STUK 4 PIEZ,10,32.09508834
50106321,GOMA BLANCA 2 PIEZAS OMX,10,9.344633407
50106322,GOMA CN SACAPUNTAS SLIDE SERVE,10,70.92363512
50106512,LIBRETA HARRY POTTER VERDE,10,704.949
50106635,COLORES PRISMACOLOR DOBLE 12P,10,149.8820698
50106636,COLORES PRISMACOLOR DOBLE 24P,10,275.1
50106690,CUADERNO ESPIRAL PASTELES,10,67.704
50106698,LAPICERO 0.5MM PASTELES,10,19.22025
50106924,LAPICERA AGA MUSICA TOTTO,10,347.487
50106932,MOCHILA GAMMA TOTTO,10,646.212
50106936,MOCHILA EUFRATES TOTTO ROSA,10,1193.829
50107191,MARCATEXTOS BIC PASTEL 5 PZ,10,91.51156671
50107204,LIBRETA EJEC STUK ROSA PASTEL,10,138.11
50107207,LIBRETA EJEC STUK AZUL PASTEL,10,138.6
50107209,LIBRETA EJEC STUK MORADO PATEL,10,138.6
50107250,CUADERNO PROF VERDE 160H,10,97.50905521
50107354,"CUADERNO PROF, NAVY MR 120H",10,160.3788021
50107355,LIBRETA CHROMATIC MR 130X210,10,366.6691389
50107356,LIBRETA CHROMATIC MR 90X140,10,226.8957158
50107357,LIBRETA EJECUTIVA NEGRA MR.,10,411.998125
50107371,CUADERNO PROF. ECOPINK 80H,10,131.4248323
50107415,LAPICERO WOW 0.5MM 2 PZ,10,54.10035428
50107522,CUADERNO PROF RAY DISNEY 90H,10,69.38225
50107523,CUADERNO PROF C5 DISNEY 90H,10,69.34647541
50107524,CUADERNO PROF C7 DISNEY 90H,10,69.19975
50107528,CUADERNO PROF RAY INBLACK 200H,10,230.750625
50107546,CUADERNO PROF RY 100H STUK,10,40.76900613
50107548,CUADERNO PROF C5 100H STUK,10,40.89332288
50107549,CUADERNO PROF C7 100H STUK,10,40.83666532
50107550,CUADERNO PROF RY 200H STUK,10,93.81427379
50107551,CUADERNO PROF C5 200H STUK,10,93.86914483
50107552,CUADERNO PROF C7 200H STUK,10,94.15523076
50107690,MARCADORES PERMANENTES 4PZ,10,102.4089775
50107691,MARCADORES PERMANENTES 8PZ,10,213.4447807
50107713,COLORES PASTEL GRUESOS C/6,10,89.47594091
50107720,PELICRAYONES JUMBO PASTEL C/6,10,37.64593069
50107722,PELICRAYONES JUMBO COLOR MIX 6,10,37.64954118
50107898,LONCHERA TOKIDOKI AZUL,10,487.2
50107963,BOLIGRAFO ROJO MED CON 12 PZAS,10,32.20377632
50107977,CUADERNO PROF COSIDO C5 BARRIL,10,57.75199138
50107980,CUADERNO PROF COSIDO RY BARRIL,10,47.51786331
50108017,LAPICES DE COLORES 12PZ,10,29.62776923
50108059,CUADERNO PROF. RED MR 120H,10,175.8098471
50108060,CUAD. PROF. TURQUESA 120H CUAD,10,170.0192722
50108061,CUADERNO PROF. NAVY 120H,10,178.9264114
50108062,CUADERNO PROF. RED 120H,10,176.5660247
50108063,CUAD. PROF. TURQUESA 120H RAYA,10,170.0791466
50108064,CUADERNO FRAN NAVY 120 H,10,135.0531849
50108065,CUADERNO FRAN. RED 120H,10,133.5351456
50108066,CUADERNO FRAN. LIME 120H,10,122.7618592
50108067,CUADERNO PROF. ECOLAVENDER 80H,10,132.3174046
50108069,CUADERNO PROF. ECOBLUE 80H,10,131.5148167
50108133,CUADERNO STUK 200H RAYA,10,132.8390689
50108134,CUADERNO STUK 200H C5,10,132.9762261
50108135,CUADERNO STUK 200H C7 PASTA DURA CARTA,10,133.1083106
50108536,FORRO CRISTAL PVC 45 X 2.1,10,60.04229846
50109204,LIB SAKURA FRAN ROSA OBSCURO,10,737.541
50109205,LIB SAKURA FRAN ROSA CLARO HBD,10,737.541
50109207,LIB SAKURA BLS ROSA CLARO HBD,10,563.745
50109363,GOMA CN SACAPUNTAS EBOT SERVE,10,65.59775824
50109430,MARCADORES PARA TELA 12PZ,10,387.639
50109432,MARCADOR METALICO LINER 3PZ,10,436.8763636
50109433,MARCADOR METLAICO 6P 1 PIGMENT,10,336.231
50110142,BOLIGRAFO P MED 3 PZAS PIN POI,10,14.6892439
50110143,LAPIZ 2HB CAJA CON 12 PIEZAS,10,30.24
50110144,MARCATEXTOS ROSA 12 PIEZAS,10,93.41383333
50110146,MARCADOR PERM ROJO 12 PIEZAS,10,76.86
50110337,BOLIGRAFO 8 COLORES PASTEL STU,10,27.09
50110339,MARCADORES 12 PZS DELGADO,10,36.309
50110474,LAPICERA STUK,10,93.177
50110483,LAPICERA DE PERRO,10,147.422677
50110493,BOLIGRAFO BOLA DE COLORES,10,39.53868858
50110494,BOLIGRAFO DIFERENTES COLORES,10,35.27366988
50110500,BOLIGRADO BAMBOO 2 PIEZAS,10,36.58888525
50110970,MARCADOR PERM NEGRO 12 PZAS,10,429.415
50111072,SACAPUNTAS CROC CROC EASY CC,10,28.56108731
50111080,RESALTADOR MARCADOR SHARPIE T4,10,0.021
50111082,RESALTADOR MARCADOR SHARPIEC12,10,281.4
50111084,BOLIGRAFO SHARPIE ROLLER NEGRO,10,86.09224615
50111085,BOLIGRAFO SHARPIE ROLLER AZUL,10,86.1
50111086,BOLIGRAFO SHARPIE S-GEL 0.5MM,10,121.821
50111087,BOLIGRAFO SHARPIE S-GEL 1.0MM,10,113.1921184
50111088,LAPICERO PAPERMATE PRECISE 0.5,10,21
50111093,CRAYONES PAPERMATE JUM TRIA 12,10,0.021
50111236,BOLIGRAFO GELOCITY FASH .7,10,125.328
50111251,BOLIGRAFO ENERGEL X .5MM PASTE,10,133.2380205
50111252,BOLIGRAFO ENERGEL CLENA .5MM N,10,87.36250487
50111253,CORRECTOR DE CINTA RECARGABLE,10,61.20977418
50111254,MARCADOR DE TEXTOS DOBLE PASTE,10,95.11434545
50111264,BOLIGRAFO CLICK AZUL CN 12 PZ,10,21
50111311,CUADERNO COLEGIAL HAPPY C/ESP,10,157.689
50111350,MARKANA TWIST C/6 PASTEL COLOR,10,40.28476596
50111356,PLUMONES AQUARELO JR. PASTEL 8,10,57.75
50111624,BOLIGRAFO RET P MED ROJO,10,4.242
50111632,MARCATEXTOS CHICO AMARILLO,10,12.054
50111635,A-PHANO ROJO BLISTER 2 PZ,10,46.61856387
50111683,LAPICERA PLASTICO MANDALA MAPE,10,98.5011476
50111697,LAPICES GRAFITO TRIANG 12 PZS,10,30.24
50111801,BOTELLA DE ACERO INOXIDABLE,10,531.3
50111811,JUEGO DE 2 HERMETICOS P/YOGURT,10,216.3
50111815,JUEGO DE 3 HERMETICOS KNICK KN,10,247.8
50111850,LONCHERA FASHION KIUT BLUR,10,522.417
50112327,SET 3 CONTENEDORES RENEW 35 ML,10,133.8163953
50112517,MARCADORES PERM VERDE SIGNAL X,10,316.449
50112542,MARCATEXTO STABILO AZUL PZ,10,16.55675
50112790,LAPIZ GRAFITO PASTEL CON GOMA,10,29.04937336
50112797,SET MONSTER COLOREO DISPLAY 28,10,296.5898578
50112809,COLORES STAEDTLER 12 PZ,10,106.659
50112810,LAPIZ DE COLOR C/36,10,327.216
50112811,ESTUCHE STAEDTLER TRIPLUS 40PZ,10,1311.5256
50112812,ESTUCHE MARCATEXTOS TRIPLUS 10,10,464.373
50112813,MARCADORES  TEXTSURFER 4 PZS,10,180.4425
50112929,SHARPIE HOLIDAY PACK FINO 21 P,10,0.021
50112935,MOCHILA ROSA DINAMICON,10,695.982
50112940,MOCHILA ROSA TOCAX,10,596.421
50113062,BOLIGRAFO GRIP FASHION 3 PZ,10,35.33434781
50113174,CORRECTOR LIQ 2EN1 PL/BRO,10,31.143
50113176,GOMA DE MIGAJON 3 PIEZAS,10,22.029
50113229,MARCADORES DUAL DE COLORES 24P,10,228.8366998
50113230,MACATEXTOS P. FINO PASTEL 12PZ,10,90.552
50113231,BOLIGRAFO ECO 3 PZ,10,25.60110701
50113232,LIBRETA FRANCESA FORMA PALETA,10,190.8102
50113233,LAPICERA DINOSAURIO DE PELUCHE,10,164.388
50113234,LAPICERA TRIANGULOS ROSA/NEGRA,10,106.7108847
50113236,LAPICERA GAMER FORMA CONTROL,10,90.132
50113239,LIBRETA DE PELUCHE ESTRELLA,10,152.328569
50113241,GOMAS PARA BORRAR 4PZ BALONES,10,45.00436613
50113243,GOMA PARA BORAR 1PZ ARCOIRIS,10,57.12
50113244,LIBRETA ECO STUK DE BOLSILLO,10,57.68408727
50113246,BOLIGRAFO ECO DE GEL 3 PZ,10,68.5538
50113250,LAPICERA CUADRADA TRIPICAL,10,104.727
50113251,LAPICERA ECO BASICA GRIS,10,73.24894271
50113252,LAPICERA POPIN MULTICOLOR G,10,142.779
50113254,SACAPUNTAS DISENO PAPAS FRANCE,10,33.6315
50113255,LAPICERA ELEFANTE DE PELUCHE,10,112.224
50113256,LAPICERA POPIN COLOR NEON,10,150.2466
50113257,MOCHILA ECO BASICA GRIS,10,339.5598305
50113262,LIBRETA TAIDAI DE PELUCHE,10,130.9245
50113272,LIBRETA PASTA DURA 96PGS STUK,10,152.124
50113273,LIBRETA PASTA DURA 80PGS STUK,10,106.3942825
50113275,LIBRETA PASTA BLANDA 80PGSSTUK,10,128.3621346
50113291,CORRECTOR EN CINTA 5MM OMX,10,21.12297485
50113293,LAPICERA ROSA 23X8X8 OMX,10,65.457
50113294,LIBRETA DISENO 1 80PGS STUK,10,39.27
50113297,LIBRETA DISENO 3 80PGS STUK,10,53.004
50113298,LIBRETA DISENO 4 80PGS STUK,10,53.004
50113300,LIBRETA DISENO 5 80PGS STUK,10,54.243
50113302,BOLIGRAFOS DE COLORES GEL STUK,10,136.577534
50113304,LAPICERA CAFE CON HOJAS STUK,10,42.3885
50113309,LAPICERA PATO AMARILLO,10,109.499499
50113315,LAPICERA MESH ROSA STUK,10,84.64672222
50113474,BORRADOR 850 CON PORTAMARCADOR,10,5.47575
50113485,LIBRETA FRIENDS MORADA 240 PAG,10,383.3813529
50113486,LIBRETA FRIENDS BLANCA 240 PAG,10,346.5
50113487,LIBRETA FRIENDS VERDE 240 PAG,10,390.243
50113488,LIBRETA FRIENDS NEGRO 240 PAG,10,389.8416881
50113568,CUADERNO PROF EMOTIONS GRIS,10,179.6051953
50113569,CUADERNO PROF EMOTIONS CORAL,10,157.9163067
50113570,CUADERNO PROF ECOMAPS 80 H,10,144.4637161
50113571,CUADERNO PROF ECOBUTTERFLY,10,155.316
50113572,CUADERNO PROF ECOFLOWERS,10,145.3030965
50113573,CUADERNO PROF ECOMYSTIC,10,143.5489812
50113574,CUADERNO PROF TIE DYE ROSA,10,202.4718326
50113575,CUADERNO PROF TIE DYE AZUL,10,201.3675
50113576,CUADERNO PROF TIE DYE MORADO,10,200.5729369
50113578,CUADERNO PROF FLOES,10,227.3334
50113581,LAPICERA UP&DOWN FLORES,10,310.907625
50113583,CUADERNO PROF CORAZON,10,234.906
50113584,CUADERNO CORAZON FRANCES,10,162.624
50113585,LAPICERA TRIANGULAR CORAZON,10,228.367125
50113598,MOCHILA HARVARD NEGRA,10,895.125
50113599,MOCHILA RIBBONY NEGRA,10,994.686
50113643,SACAPUNTAS CROC CROC TWIST,10,44.058
50113657,MOCHILA BASICA JEANS NEGRA,10,149.082426
50113658,MOCHILA BASICA JEANS AZUL(OI:3708100312),10,146.2759864
50113659,MOCHILA BASICA JEANS ROSA,10,148.4141392
50113660,MOCHILA BASICA JEASN GRIS,10,146.1367881
50113661,MOCHILA BASICA JEANS TURQUESA,10,148.8612133
50113663,MOCHILA BASICA GRIS,10,143.8741372
50113664,MOCHILA BASICA NEGRA,10,145.35054
50113665,MOCHILA BASICA ROSA,10,129.4320234
50113666,MOCHILA BASICA AZUL,10,142.7795018
50113702,BOLIGRAFO COLA DE SIRENA STUK,10,25.242
50113705,MARCATEXTOS NEON STUK,10,48.615
50113706,MARCADORES GLITTER 5 PZ STUK,10,123.102
50113716,LAPICES COLORES 24 PZ STUK,10,55.73591046
50113717,LAPICES PASTEL 12 PZ STUK,10,38.48562459
50113718,LAPICES NEON 8 PZ STUK,10,26.93613188
50113719,BOLIGRAFO GEL COLORES 100 PZ,10,513.8170866
50113734,MARCADOR SHASPIE TWIN NEGRO,10,29.4
50113738,MARCATEXTOS FITLINE COL PASTEL,10,253.323
50113768,CUADERNO PROFESIONAL 100H RAYA,10,36.225
50113853,PLUMONES SUPERTIPS PASTEL 12PZ,10,166.1784873
50113854,PLUMONES CON AROMA CRAYOLA 24,10,464.2047209
50113928,MORRAL ACUARELA ROSA TOTTO,10,845.334
50113944,MOCHILA FIXIENY TOTTO,10,646.212
50113946,MORRAL PALENCIA ROSA TOTTO,10,795.564
50113951,MARCADOR SHARPIE MYSTICS 5 PZ,10,31.003875
50113954,MARCADORES SHARPIE MYSTICS ULT,10,0.021
50113955,MARCADORES SHARPIE VINTAGE 8PZ,10,0.021
50113961,MARCADOR SHARPIE BASICO PUNTO,10,69.3
50113968,BOLIGRAFO KILOMETRICO RT,10,52.675875
50113969,BOLIGRAFO KILOMETRICO RT 5 PZ,10,44.87539251
50113970,BOLIGRAFO KILOMETRICO ASS,10,25.2
50113975,BOLOGRAFO FLAIR GRUESO T6 ASS,10,0.9466578947
50113978,COLORES PAPERMATE 2PUNTAS 8PZS,10,121.8
50113979,COLORES PAPERMATE UNIPUNTA 15,10,113.4
50113980,LAPIZ GRAFITO MIRADO HEXAGONAL,10,27.3105
50113981,COLORES PRISMACOLOR PASTEL 24P,10,183.0255
50113984,COLORES PRISMACOLOR PASTEL 12P,10,131.5913884
50113985,PAPERMATE GEL T4 ASS,10,35.175
50113994,AQUARELO JUNIOR 24 PZ,10,160.23
50113995,BOLIGRAFO POINT GREEN 3PZ,10,26.33507088
50113996,BOLIGRAFO POINT P. MEDIANO 3PZ,10,29.27589926
50113997,BOLIFRAFO AZOR PASTEL 8 PZ,10,72.71718107
50113999,BOLIGRAFO SIGNO CARTERA 4 PZ,10,211.93725
50114028,LAPICERA MESH VERDE C/NEG,10,85.491
50114034,ESTUCHE JUMBO PARTY MONSTER R,10,207.9
50114044,CUADERNO COLEGIAL NEON 80 H,10,0.021
50114048,CUADERNO ESQ B&W RY 80 HOJAS,10,68.25
50114067,LAPICES COLORES PREMIUM X15,10,189.7589769
50114068,LAPICES COLORES PREMIUM X24,10,360.102008
50114069,LAPICES COLORES PREMIUM X50,10,646.6646603
50114070,MARCADORES LAVABLES KIUT X24,10,299.0742201
50114071,MARCADORES PUNTA PINCEL KIUT,10,266.1445332
50114072,RESALTADORES PATEL KIUT X8,10,216.4967131
50114076,CUADERNO PROF TIE DYE C5 100H,10,82.11
50114079,CUADERNILLO ARGOLLADO 1 INSERT,10,280.182
50114080,CUADERNILLO ARGOLLADO 2 INSERT,10,280.182
50114110,PLUMA FUENTE TWIST AZUL GLAM,10,368.9865828
50114114,PLUMA FUENTE TWIST PLATA,10,372.2627915
50114128,BOLIGRAFO GRIP FASHION 1.0 8PZ,10,62.85100881
50114149,LIBRETA EJEC STUK ROSA NEON,10,151.2
50114154,LIBRETA EJEC STUK VERDE NEON,10,151.2
50114155,LIBRETA EJEC STUK MORADO NEON,10,151.2
50114160,MOCHILA  PASTEL TOTTO GALAXY,10,994.686
50114165,LONCHERA PASTEL TOTTO GALAXY,10,496.839
50114166,LONCHERA SILUETA TOTTO ROSA,10,437.115
50114168,MOCHILA GALAXY TOTTO ROSA,10,845.334
50114169,MOCHILA MOSAICO TOTTO,10,845.334
50114172,MOCHILA FRUTAS TOTTO ROSA,10,845.334
50114176,LAPICERA CORAZON TOTTO,10,0.021
50114177,MOCHILA DULCES TOTTO NEGRA,10,845.334
50114179,MOCHILA GAME TOTTO,10,695.982
50114181,MOCHILA COHETE TOTTO,10,994.686
50114185,LONCHERA TOTTO NEGRA,10,546.63
50114186,MOCHILA TOTTO AZUL C/ CAFE,10,596.421
50114187,MOCHILA ACUARELA TOTTO AZUL,10,845.334
50114190,LAPICERA TOTTO COLORES,10,158.823
50114193,GOMA FACTIS TRIANGULAR 3 PZ,10,34.63772929
50114198,MOCHILA PRIMARIA 3D AVENGERS,10,0.021
50114200,MOCHILA KINDER 3D AVENGERS,10,112.3065
50114201,MOCHILA PRIMARIA 3D AVENGERS C,10,0.021
50114202,"MOCHILA JUVENIL FORTNITE 17""",10,0.021
50114203,MOCHILA JUVENIL FORTNITE,10,0.021
50114204,MOCHILA KINDER DISNEY FROZEN,10,623.7
50114206,MOCHILA PRIMARIA 3D EVA FROZEN,10,0.021
50114208,MOCHILA PRIMARIA RUZ HOLI,10,0.021
50114213,LAPICERA TRIPLE DISNEY FROZEN,10,0.021
50114214,LAPICERA DOBLE DISNEY FROZER,10,236.25
50114216,LONCHERA JUVENIL FORTNITE,10,0.021
50114221,BACK PACK 3D JURASSIC WORLD,10,0.021
50114222,LONCHERA 3D JURASSIC WORLD,10,0.021
50114224,BACK PACK UNIVERSAL MINIONS,10,0.021
50114225,LONCHERA 3D UNIVERSAL MINIONS,10,0.021
50114226,LAPICERA SUAVE MINIONS,10,315
50114227,BACK PACK 3D ONIX,10,816.48
50114234,BACK PACK METALICO NICKELODEON,10,564.333
50114239,MARCATEXTOS FLEX 4PZ MAPED,10,105.828261
50114241,MARCADOR CLASSIC METAL COLORES,10,109.3124233
50114244,LAPICES BLACK PEP'S GRAFITO J.,10,47.96251515
50114342,FORRO FROF TRADICIONAL C/5,10,74.89957376
50114343,FORRO PROF CORTO C/5,10,74.44454413
50114344,FORRO BEST 1ER ANO,10,70.44917045
50114345,FORRO BEST 2DO ANO,10,64.66789746
50114346,FORRO BEST 3ER ANO,10,54.80742938
50114347,FORRO BEST 4TO ANO,10,80.67205891
50114348,FORRO BEST 5TO ANO,10,80.78179706
50114349,FORRO BEST 6TO ANO,10,80.72438595
50114350,CUADERNO PROF FIVE STAR 150H,10,267.4730495
50114351,CUADERNOS PROF FIVE STAR 200H,10,302.3480237
50114353,BOLIGRAFO POP/BP NEGRA,10,509.439
50114354,BOLIGRAFO POP/BP ROJO,10,509.439
50114355,BOLIGRAFO POP/BP AZUL,10,639.786
50114357,BOLIGRAFO TURY CLASSIC AZUL,10,1331.4
50114376,BOLIGRAFO BAILEY LIGTH GRIS,10,552.3
50114378,SIGNAL XTRA AZUL CON 12PZAS,10,251.8618421
50114392,MOCHILA SHELL,10,848.4
50114401,LAPICERA  LAMBORGHINI,10,292.2832867
50114402,LONCHERA LAMBORGHINI,10,541.8
50114404,LAPIZ BICOLOR HEXAGONAL MADERA,10,7.77
50114405,LAPIZ AZUL DE MADERA CON GOMA,10,3.15
50114408,LAPICES DE COLORES 146C C/12PZ,10,129.192
50114409,LAPICES DE COLORES 146C C/48PZ,10,484.407
50114412,CAJA METALICA COLORES C/72,10,689.85
50114415,MARCADOR DOBLE PUNTA AGUA 36PZ,10,748.251
50114417,PLUMONES TRIPLUS BROADLINER 10,10,439.341
50114428,LONCHERA LOL SURPRISE,10,0.021
50114430,LAPICERA DISNEY TOY STORY,10,0.021
50114433,LAPICERA BOBLE 3D LOL SURPRISE,10,0.021
50114453,GOMA RETRACTIL TOY STORY,10,30.45
50114455,GOMA RETRACTIL AVENGERS,10,31.4893879
50114456,GOMA PUSH FROZEN 2,10,31.49932545
50114459,SACAPUNTAS CONTENEDOR FROZEN,10,42.357
50114467,CUADERNO PROF UNICOLOR RY 100H,10,68.29890749
50114468,CUADERNO PROF UNICOLOR C7 100H,10,68.313
50114469,CUADERNO PROF UNICOLOR C5 100H,10,68.313
50114615,MOCHILA ACUARELA AZUL CIELO,10,845.334
50114617,LONCHERA TOTTO PIZARRA AZUL C,10,437.115
50114626,MOCHILA TOTTO ACUARELA PRINT,10,845.334
50114657,LAPICERA TOTTO AGAPEC LILA,10,0.021
50114662,MOCHILA TOTTO ACUARELA COLORES,10,845.334
50114669,MOCHILA TOTTO ACUARELA GRIS/NG,10,845.334
50114671,LAPICERA TOTTO AGAPEC GRIS/NG,10,0.021
50114672,LAPICERA TOTTO AGAPEC NG/GRIS,10,377.37
50114739,BOLIGRAFO PARKER IM NEGRA GT,10,867.3
50114740,BOLIGRAFO JOTTER ROSA TINTA NG,10,210
50114741,BOLIGRAFO JOTTER AZUL TINTA NG,10,210
50114743,BOLIGRAFO PARKER IM NEGRA,10,567.1865902
50114744,BOLIGRAFO PARKER URBAN PLATA,10,430.248
50114765,LAPICERO SERVE STEPS PASTEL,10,40.34173757
50114766,BOLIGRAFO GEL XBERRY 0.5MM,10,48.03643571
50114767,CUADERNO PROF SEMI RIGIDO RY,10,130.389
50114768,CUADERNO PROF 7MM 100H,10,130.326
50114769,CUADERNO PROF 5MM 100H,10,130.326
50114770,CUADERNO PROF LISO RY 100H,10,130.389
50114772,CUADERNO PROF 5MM LISO 100H,10,130.326
50114774,LIBRETA PROF RY 100H,10,259.434
50114775,LIBRETA PROF 7MM 100H,10,259.434
50114776,LIBRETA PROF 5MM 100H,10,259.434
50114778,CUADERNO UNIVERSITARIO RY 100H,10,48.447
50114779,CUADERNO UNIVERSITARIO 5MM 100,10,48.447
50114781,CUAD. UNIVERSITARIO LISO 100H,10,48.447
50114782,CUAD. UNIVERSITARIO DOBLE RY,10,48.447
50114783,CUADERNO PROF. COS RY 100H,10,59.955
50114784,CUADERNO PROF. COS 5MM 100H,10,59.955
50114787,CUADERNO PROF. DOBLE RAYA 100H,10,59.955
50114788,CUADERNO PROF. CUADRO ALEMAN,10,59.955
50114790,CUADERNO ITALIANO COS. 5MM 100,10,35.259
50114791,CUADERNO ITALIANO COS. 7MM 100,10,35.259
50114792,CUADERNO ITALIANO COS. BLANCO,10,35.259
50114793,CUADERNO ITA COS. DOBLE RY 100,10,35.259
50114794,CUADERNO ITA CUADRO ALEMAN 100,10,35.259
50114795,CUADERNO COS. FRANCES RY 100H,10,35.259
50114796,CUADERNO COS. FRANCES 5MM 100H,10,35.259
50114797,CUADERNO COS. FRANCES 7MM 100H,10,35.259
50114799,CUADERNO PROF. TOY STORY 100H,10,84.525
50114804,LIBRETA FASHION AMARILLA 160PG,10,260.4
50114807,LIBRETA FASHION ROJA 160 PAG.,10,260.4
50114808,LIBRETA FASHION MORADO 160 PAG,10,260.4
50114809,LIBRETA FASHION AZUL 160 PAG.,10,260.4
50114832,LIBRETA SAKURA BICYCLE ROSA RY,10,835.296
50114833,LIBRETA SAKURA BANCA ROSA,10,835.296
50114834,LIBRETA SAKURA BOLSILLO ROSA R,10,672.357
50114841,MOCHILA ESCOLAR COLORES AZUL,10,157.122
50114842,MOCHILA ESCOLAR COLORES LILA,10,157.122
50114856,SACAPUNTAS TOY STORY,10,40.95
50114907,HERMETICO SKACK ATTACK 410 ML,10,161.7
50114922,LAPICERA ECCENTRIC DONKEY NG,10,249.123
50114925,LONCHERA ECCENTRIC DONKEY AZ,10,498.246
50114927,MOCHILA ECCENTRIC DONKEY ROSA,10,836.934
50114935,LAPICERA URBANIA GRIS GRANDE,10,243.516
50114952,MOCHILA DONKEY SIRENA PT,10,1052.478
50114975,BOTELLA DE AGUA MORADA 32OZ,10,0.021
50114976,BOTELLA DE AGUA AZUL 16OZ,10,0.021
50114980,HERMETICO RUBBERMAID PREMIER,10,148.68
50114984,MOCHILA ACUERALE TOTTO COLORS,10,845.334
50115045,BOTELLA 600 ML WAVE RENEW,10,189
50115046,HERMETICO LUNCH PLUS 1.2 LTS,10,176.4
50115047,HERMETICO 410 ML SNACK ATTACK,10,161.7
50115068,LONCHERA MEDIA LUNA SPIDERMAN,10,172.704
50115069,ESTUCHE METALICO AVENGERS,10,34.2335
50115071,SACAPUNTAS CONTENEDOR AVENGERS,10,42.28453779
50115072,GOMA PUSH ONIX,10,31.49980279
50115172,LAPIZ DE GRAFITO JOCAR 2HB 12P,10,38.490375
50115258,PLUMONES SUPER TIPS 100+20,10,1268.872692
50115777,MULTIUSOS TOTTO ZURICH AZUL,10,397.278
50115923,CUADERNO NOTEBOOK STAY TRUE,10,234.563
50115929,CUADERNO NOTEBOOK BOTANICALS,10,351.834
50115930,CUADERNO NOTEBOOK LET YOUR HER,10,704.865
50115942,MOCHILA TOTTO TOCAX ARENA,10,0.021
50115965,LIBRETA HELLO KITTY SHINE,10,290.367
50115967,LIBRETA HELLO KITTY ARCOIRIS,10,290.367
50115968,LIBRETA HELLO KITTY CANT DO,10,290.367
50115969,LIBRETA HELLO KITTY HAPPY,10,279.6134444
50115971,LIBRETA HARRY POTTER BROTHERS,10,624.981
50115972,LIBRETA HARRY POTTER MAPA 192P,10,621.9907608
50116034,CUADERNO PROF. EMOTIONS MENTA,10,175.3820212
50116036,CUDERNO PROF. EMOTIONS GRIS,10,178.8262209
50116037,CUADERNO PROF. ECOMENTA RECICL,10,131.5218163
50116038,CUADERNO PROF. ECOMAPS MR,10,105.4764088
50116039,CUADERNO FRANCES ECOBUTTERFLY,10,118.2127059
50116040,LAPICERA NEOPRENO HARRY POTTER,10,222.012
50116042,SACAPUNTAS 10 HARRY POTTER,10,40.46523042
50116046,MARCADORES HARRY POTTER X4,10,115.2676658
50116048,PLUMONES HARRY POTTER 12PZ,10,101.2480089
50116062,MOCHILA TOTTO CAMBRI ROSA,10,1537.6921
50116063,LONCHERA TOTTO DEVRY AZUL,10,586.446
50116066,LONCHERA TOTTO DEVRY ROSA,10,586.467
50116070,LONCHERA TOTTO GRAFITO ROSA,10,646.212
50116071,MULTIUSOS TOTTO ZURICH ROSA,10,357.462
50116072,LONCHERA TOTTO DEVRY NEGRA,10,576.5634512
50116073,MULTIUSOS TOTTO ZURICH NEGRA,10,355.9660431
50116075,MOCHILA TOTTO CAMBRI NEGRA,10,1495.230856
50116132,SILLY SCENS MINI ART CASE,10,1026.228
50116215,CRAYON MONSTER,10,96.55717391
50116293,GOMA RETRACTIL SONIC,10,31.5
50116294,SACAPUNTAS CONTENEDOR ONIX,10,42.3008331
50116308,SET SACAPUNTAS CROC CROC,10,282.24
50116427,CORRECTOR EN CINTA ECO STUK,10,36.1171827
50116431,SACAPUNTAS C/DEPOSITO ECO STUK,10,23.93798989
50116432,BOLIGRAFO DE GEL ECO STUK 4PZ,10,43.86337975
50116468,LIBRETA BOOK ROJO GRANDE HB,10,867.888
50116474,ALBUM ACUARELA GDE NGO HB D,10,835.296
50116478,LIBRETA ALICIA AVENTURAS BLS,10,542.01
50116479,LIBRETA CLASICA ROJA GDE HP,10,715.806
50116480,LIBRETA CLAS GDE AZLZAFIRO HPD,10,715.806
50116481,LIBRETA FRIDA ROSA GDE HB,10,824.439
50116625,MORRAL ACUARELA TOTTO GRIS,10,994.686
50116626,MOCHILA GOCTAL TOTTO AZUL,10,1392.972
50116628,MOCHILA KRIMMLER TOTTO AZUL,10,1791.237
50116629,MOCHILAS GALACTICA ACUARELA,10,994.686
50116630,LAPICERA MULTIUSOS MARRANON NG,10,392.8789929
50116650,LONCHERA HUERTA NG TOTTO,10,666.12
50116654,LONCHERA GALACTICA TOTTO PIZA,10,546.63
50116655,LAPICERA MULTIUSOS NG AGAPEC T,10,0.021
50116657,MOCHILA KRIMMLER NEGRA TOTTO,10,1695.910854
50116658,MOCHILA KRIMMLER VINO TOTTO,10,1791.237
50116659,MOCHILA RIBBONY NEGRA TOTTO,10,1222.536677
50116660,MOCHILA GOCTAL GRIS TOTTO,10,1392.972
50116661,MOCHILA GOCTAL VINO TOTTO,10,1392.972
50116662,MOCHILA GOCTAL NEGRA TOTTO,10,1392.972
50116729,LIBRETA EJECUTIVA ECO PTOS GRI,10,104.769747
50116731,LAPICERA ECO HOJAS STUK,10,69.573
50116734,LAPICERA DISENO GEOMETRICO STU,10,130.725
50116735,LIBRETA EJECUTIVA PIEDRA VDE,10,120.5179959
50116736,CUADERNO DE FLOR/CARITA FELIZ,10,87.43510305
50116737,CUADERNO  GOOD VIBES STUK,10,170.268
50116740,LIBRETA EJECUTIVA PIEDRA GRIS,10,74.886
50116741,CUADERNO FOLLO UR DREAM STUK,10,170.268
50116742,CUADERNO FLORES STUK 3 PIEZAS,10,57.876
50116743,CUADERNO DISENO AGUACATE OMX,10,108.7928433
50116745,CUADERNO ECO FLORES 3 PIEZAS,10,119.4393454
50116746,CUADERNO ESPIRAL CIRCULOS STUK,10,73.28920755
50116750,LAPICERA PLASTICO SUNSHINE STU,10,57.981
50116751,LIBRETAS EJE BOLSILLO 4 PIEZAS,10,50.295
50116752,CUADERNO FRANCES ESPIRAL ACUAR,10,100.149
50116753,CUADERNO FRAN COCIDO 3P DAISY,10,71.169
50116755,CUADERNO FRAN ESPIRAL ECO LETR,10,78.015
50116758,LAPICERA DISENO DONA OMX,10,100.863
50116759,CUADERNO FRAN ESP FLORES DAISY,10,80.892
50116762,LAPICERA DE PELUCHE TIE DYE,10,89.649
50116763,LIBRETA EJECUTIVA ROSA DOTS,10,71.06456502
50116764,LIBRETA EJECUTIVA COCIDA ONDAS,10,90.55721234
50116765,CUADERNO MARIPOSA STUK,10,90.867
50116766,LAPICERA  AZUL C/ROSA OMX,10,52.86805391
50116772,LAPICERA DISENO GAMER,10,77.868
50116773,PLUMA GEL STUK 0.5MM NEGRA,10,26.83095236
50116775,LAPICERA SILICON ROSA Y AZUL,10,132.237
50116776,LAPICERA SILICON ROJA C/LETRAS,10,134.11825
50116777,CINTA CORRECTORA OMX 2PZ,10,50.20662381
50116780,LAPICERA SILICON ROSA C/LETRAS,10,135.597
50116784,LAPICERA TAPA DURA NINAS,10,100.863
50116786,MARCADOR PARA PIZARRONES OMX 4,10,52.773
50116789,GOMAS STUK SIRENA 4 PIEZAS,10,39.23578218
50116790,LAPICERA DISENO ARCOIRIS,10,152.964
50116791,ESTUCHE ESCOLAR STUK,10,51.912
50116792,LAPICERA 3D STUK ESPACIO,10,103.656
50116793,LAPICERA DINOSAURIO VERDE PELU,10,109.2489094
50116794,LIBRETA EJEC GEOMETRICA RSA/VD,10,96.201
50116795,GOMAS STUK EMOJIS 6 PIEZAS,10,36.21205592
50116796,LAPICERA ACUARELA STUK,10,105.945
50116797,GOMAS STUK POSTRES 6 PIEZAS,10,43.08326459
50116798,BOLIGRAFOS DE GEL DIF. DISENOS,10,98.14777624
50116799,PLUMONES DUAL BRUSH 24 PIEZAS,10,151.1419107
50116801,PLUMONES METALICOS STUK 10PZ,10,133.4329865
50116802,PLUMONES METAL FINO STUK 10PZS,10,107.583
50116804,BOTELLA VIDRIO ECO FLORES,10,184.0318787
50116805,MARCATEXTOS MINI OMX DULC 6PZ,10,39.11497637
50116807,MOCHILA SILICON STUK DINOSAUR,10,280.161
50116808,MOCHILA SILICON STUK UNICORNIO,10,280.161
50116809,LIBRETA FURRY GOOD DAISY,10,120.708
50116810,CORRECTOR LIQUIDO OMX 2PZ,10,20.6817185
50116812,CUADERNO GOOD VIBES,10,139.692
50116817,CUADERNO AZUL GOOD DAISY 6SEPA,10,142.338
50116827,LAPICERA ONDAS ARCOIRIS,10,100.149
50116828,MARCATEXTOS DOBLE PTA PASTEL 6,10,128.625
50116833,CUADERNO FRAN BLANCO/FLORES,10,90.657
50116834,MARCADORES COLOR CHANGE BIC 6P,10,158.403
50116836,LIBRETA DAISY MARGARITA STUK,10,37.422
50116837,LAPICERA PELUCHE GATO OMX,10,100.863
50116838,LAPICERA DAISY GLITTER,10,95.403
50116840,LAPICERA DAISY TELA,10,125.454
50116841,LAPICERA UNICORNIO ROSA,10,114.387
50116843,LIBRETA EJECUTIVA BCO/ACUARELA,10,60.039
50116844,CUADERNO BOLSILLO MOON 80HOJAS,10,69.762
50116847,CUADERNO MOON RAYA/CUAD 3 DIVI,10,64.365
50116848,BOLIGRAFO DE POMPON MOON,10,22.78441765
50116849,MARCADORES MOON 6 PIEZAS,10,69.216
50116850,PLANEADOR PLASTICO MOON 80H,10,112.497
50116851,LAPICERA CHICA MOON,10,50.295
50116853,CUADERNO FURRY DAISY ARCOIRIS,10,109.242
50116855,LAPICERA GRANDE MOON,10,46.515
50116858,BOLIGRAFOS MOON 2 PIEZAS,10,58.3635
50116859,LAPICERA POP-IT PASTEL,10,113.568
50116860,LAPICERA CARA DE PERRO OMX,10,90.321
50116861,CUADERNO FRAN MOON C/NOTA 100H,10,105.462
50116862,LAPICERA CARA DE PATO OMX,10,90.321
50116864,LIBRETAS EJE BOLSILLO MOON 3P,10,41.643
50116871,LAPICERA ACUA PASTEL OMX,10,50.841
50116874,GOMAS 4 PZAS MOON,10,30.828
50116880,TERMO CONTIGO 20OZ MARMOL BLCO,10,0.021
50116895,HERMETICO PARA ENSALADA MAX 1L,10,155.4
50116896,HERMETICO REDONDO CHAROLA 500M,10,84
50116898,HERMETICO CUADRADO CHAROLA 300,10,75.6
50116899,SET DE CUBIERTOS PORTATIL,10,56.7
50116902,HERMETICO RECTANGULAR P/YOGURT,10,151.2
50116904,HERMETICO RECT. YOGURT 1.7L,10,178.5
50116908,HERMETICO RECTANGULAR CON 2DIV,10,79.8
50116910,HERMETICO RECTANGULAR CON 3DIV,10,90.3
50116912,JUEGO DE 3 HERMETICOS 40ML,10,37.8
50116913,JUEGO DE 3 HERMETICOS 140ML,10,86.1
50116941,LAPICERA  PELUCHE TIBURON OMX,10,109.2470865
50117731,LIBRETA EJEC BEATLES HELP RAY,10,472.5
50117732,LIBRETA EJE PREMIUM BEATLES,10,472.5
50117733,LIBRETA EJEC LET IT BE RAY,10,315.559125
50117734,LIBRETA EJEC BEATLES BLANC RAY,10,343.3651667
50117735,LIBRETA POCKET BEATLES MANZANA,10,213.4085172
50117736,LIBRETA POCKET BEATLES SUBMARI,10,221.256875
50117737,LIBRETA EJEC PRINCIPITO RAYADA,10,350.301
50117738,LIBRETA EJEC PRINCIPITO LUNA R,10,348.0264545
50117739,LIBRETA EJEC PRINCIPITO ROS RA,10,350.301
50117743,LIBRETA EJEC BARI GRIS RAY 80H,10,272.475
50117744,LIBRETA EJEC BARI AZUL RAY 80H,10,272.475
50117745,LIBRETA EJEC NARANJA RAY 80H,10,248.325
50117888,MARCATEXTOS BORR FRIX PASTEL 5,10,207.165
50118022,CUADERNO ECOPLANET RAYA 100 H,10,95.51996853
50118023,CUADERNO ECOPLANET C5 100 H,10,95.80547244
50118025,CUADERNO ECOPLANET C7 100H,10,95.27974286
50118066,MOCHILA TOCAX AZUL MARINO,10,695.982
50118067,MOCHILA INDO AZUL,10,1484.332385
50118070,LAPICERA MARANON AZUL,10,397.278
50118401,LIBRETA STUK MOON VIOLETA,10,142.4606842
50118403,LIBRETA STUK MOON AZUL,10,143.976
50118404,LIBRETA STUK MOON ROSA,10,143.976
50118405,LIBRETA STUK DAISY ROSA,10,143.976
50118406,LIBRETA STUK DAISY AMARILLO,10,143.976
50118407,LIBRETA STUK DAISY AZUL,10,143.976
50118408,SACAPUNTAS JOCAR 150PIEZAS,10,307.02
50118412,MORRAL KITS OXXO NON WOVEN,10,27.09
50118419,COLORES DEL MUNDO 24 PIEZAS,10,190.218
50118421,CRAYONES COLORES DEL MUNDO 24P,10,130.452
50118422,MARCADORES COLORES DEL MUN 24P,10,347.13
50118477,BOTELLA DE AGUA NINTENDO,10,596.421
50118480,MOCHILA DE PELUCHE MARIO BROS,10,496.86
50118481,MOCHILA DE PELUCHE YOSHI,10,496.86
50118483,MOCHILA CON LONCHERA MARIO BRO,10,723.24
50118485,MOCHILA COLOR POP MARIO BROS,10,813.75
50118486,MOCHILA MARIO BROS AZUL Y ROJO,10,1356.852
50118487,MOCHILA CON RUEDAS MARIO BROS,10,723.24
50118488,LONCHERA NEGRA CON COLOR MARIO,10,0.021
50118491,MINIMOCHILA SUPER MARIO BROS,10,361.2
50118521,MARCADORES PASTEL FLEX 4 PIEZA,10,112.7227887
50118572,Sharpie Mix 1 Fino,10,21
50118573,Sharpie Mix 2 Fino,10,21
50118574,BOLIGRAFO SHARPIE ROLLER 0.5 AZUL,10,48.3
50118575,BOLIGRAFO SHARPIE ROLLER 0.5 NEGRO,10,48.3
50118576,LAPICERO SHARPIE GEL 0.7 NEGRO,10,71.4
50118577,LAPICERO SHARPIE GEL 0.7 AZUL,10,71.4
50118578,MARCADOR PERMAN SHARP METAL OR,10,25.2
50118580,MARCADOR PERMAN SHARP METAL BR,10,25.2
50118598,RESALTADORES SHARPI POCKET MIX,10,85.78173597
50118599,RESALTADORES SHARPIE TANK 4PZS,10,76.87890301
50118600,RESALTADORES SHARPIE PASTEL 4P,10,76.96314706
50118601,MARCADORES SHARPIE SURTIDO 12P,10,254.1
50118602,MARCADORES SHARPIE CHALK 3 PZS,10,67.872
50118603,MARCADORES ACUACOLOR SURTID 4P,10,88.00866873
50118604,BOLIGRAFOS PAPERM GEL 6 COLORE,10,60.9
50118605,BOLIGRAFOS KILOMETRICO FINO 6P,10,39.85488859
50118606,BOLIGRAFOS KILOMETRICO NGR 4P,10,25.2
50118607,BOLIGRAFOS FLAIR 3P NG/AZ/RJO,10,53.22839373
50118608,CINTA CORRECTORA PAPER 5MMX6M,10,37.8
50118609,LAPICEROS PAPERMATE 0.7MM 2 PZ,10,25.2
50118610,LAPICERO PAPERM .7M GOMAS Y MI,10,39.9
50118611,BOLIGRAFOS SHARPI GEL .7MM MIX,10,218.4
50118612,BOLIGRAFOS SHARPI GEL .7MM NGR,10,121.8
50118613,BOLIGRAFOS SHARPI GEL .7MM NGR,10,85.99002462
50118614,BOLIGRAFOS SHARPI GEL .7MM AZU,10,121.8
50118615,BOLIGRAFOS SHARPI GEL .7MM AZU,10,121.8
50118616,MARCADORES SHARPI CHISEL NG 12,10,95.13864706
50118617,MARCADORES EXPO 18 PIEZAS,10,403.2
50118619,MARCADORES ESTERBROOK 3X2,10,99.02958643
50118663,LAPICES DE COLORES MOOVING 12,10,89.607
50118664,LAPICES DE COLORES MOOVING 24,10,177.5028288
50118666,LAPICES NEON MOOVING 6PZ,10,54.6
50118667,LAPICES METALIZADOS MOOVING 6,10,54.6
50118668,LAPICES PASTELES MOOVING 10P,10,80.913
50118670,LAPICES GRAFITO MOOVING 6PZ,10,37.233
50118671,LAPICES BICOLORES MOOVING 12,10,103.32
50118672,LAPICES PASTELES MOOVING 20P,10,166.2840731
50118676,MARCADORES METALICOS MOOVING,10,93.61220232
50118678,MARCADORES COLORES MOOVING 10,10,67.2
50118692,LIBRETA TAPA DURA RAYADO A05,10,310.359
50118693,LIBRETA TAPA DURA MOOVING A6,10,244.5562659
50118694,LIBRETA TAPA FLEX BLANCO A5,10,271.572
50118695,LIBRETA RAYADA MICKEY MOUSE,10,362.061
50118696,LIBRETA RAYADA MINNIE MOUSE,10,362.061
50118697,LIBRETA DE ESPIRAL FUNKY RAYAS,10,271.572
50118698,LIBRETA PUNTEADA POP A5,10,271.572
50118699,LIBRETA RAYADA  ESPIRAL PARIS,10,271.572
50118700,LIBRETA COSIDA SKETCH,10,220.311
50118791,CUADERNO GLADIADOR FLORES TROPI,10,104.79
50118792,CUADERNO GLADIADOR FLORES TROPI,10,104.79
50118793,CUADERNO GLADIADOR FLORES TROPI,10,104.79
50118796,CUADERNO GLADIADOR DISNEY 100 C7,10,109.893
50118797,CUADERNO GLADIADOR ARTE DE FLOR,10,97.524
50118800,CUADERNO SAMURAI COLORES 100H RY,10,147.042
50118801,CUADERNO SAMURAI COLORES 100H C5,10,147.042
50118802,CUADERNO SAMURAI COLORES 100H C7,10,147.042
50118803,CUADERNO SAMURAI DISNEY PLATINU,10,147.042
50119254,MOCHILA DRAGON BALL MULTIC DBS0,10,791.91
50119255,LONCHERA DRAGON BALL DBS090-LB0,10,596.4
50119256,LAPICERA DRAGON BALL DBS090-PC0,10,465.99
50119257,MOCHILA HALO VERDE MILITAR HAL0,10,1052.52
50119259,LAPICERA HALO VERD MILITAR HAL0,10,465.99
50119260,MOCHILA HOT WHEELS AZUL HWS012-,10,1052.52
50119290,LONCHERA PIZARRA MESHER ECOLE,10,650.643
50119291,MOCHILA ACUARELA MESHER ECOLE,10,1085.112
50119292,LAPICERA MULTIUSO AGAPEC MESHER,10,484.8015
50119293,LONCHERA PIZARRA IRISED ECOLE,10,596.337
50119294,MOCHILA ACUARELA IRISED ECOLE,10,1085.112
50119295,LAPICERA MULTIUSO AGAPEC IRISED,10,487.704
50119296,MOCHILA ACUARELA GLITTER CORALI,10,1193.745
50119297,MOCHILA ACUARELA HOMA ECOLE,10,1085.112
50119298,LAPICERA MULTIUSO ESCUADRA HOMA,10,433.398
50119299,LONCHERA PIZARRA MESHER ECOLE,10,596.337
50119300,MOCHILA ACUARELA MESHER ECOLE,10,1085.112
50119301,LAPICERA MULTIUSO AGAPEC MESHER,10,487.704
50119302,LONCHERA PIZARRA IRISED ECOLE,10,596.337
50119303,MOCHILA ACUARELA IRISED ECOLE,10,1085.112
50119304,LAPICERA MULTIUSO AGAPEC IRISED,10,487.704
50119305,LONCHERA PIZARRA GREFER ECOLE,10,596.337
50119306,MOCHILA ACUARELA HOMA ECOLE,10,1085.112
50119307,LAPICERA MULTIUSO ESCUADRA HOMA,10,487.704
50119308,LONCHERA PIZARRA FRACTO ECOLE,10,596.337
50119309,MOCHILA ACUARELA FRACTO ECOLE,10,1085.112
50119310,LAPICERA MULTIUSO AGAPEC FARCTO,10,487.704
50119311,LONCHERA PIZARRA SALPIK ECOLE,10,596.337
50119312,MOCHILA ACUARELA SALPIK ECOLE,10,1085.112
50119313,LAPICERA MULTIUSO AGAPEC SALPIK,10,433.398
50119314,LONCHERA PIZARRA GREFER ECOLE,10,596.337
50119315,MOCHILA ACUARELA ASTRO CAT ECOLE,10,1085.112
50119316,LAPICERA MULTIUSO AGAPEC ASTRO,10,487.704
50119317,LONCHERA PIZARRA NEGRO ECOLE,10,581.5845
50119319,LONCHERA DEVRY CACTUS FLOWER KL,10,704.949
50119321,LONCHERA DEVRY VINTAGE INDIGO K,10,656.1162891
50119322,MOCHILA CAMBRI ASPHALT KLASS,10,1616.2475
50119323,MOCHILA CAMBRI NEGRO KLASS,10,1547.648696
50119324,MOCHILA CAMBRI CACTUS FLOWER KL,10,1559.743043
50119326,MOCHILA CAMBRI VINTAGE INDIGO K,10,1658.156348
50119327,LAPICERA ZURICH CACTUS FLOWER K,10,358.4654294
50119328,LAPICERA MULTIUSO ZURICH NEGRO KLASS,10,389.949
50119329,MOCHILA GAMMATTO ALLOY SHEYMA,10,727.6185
50119330,MOCHILA GAMMATTO NEGRO SHEYMA,10,700.6576627
50119331,MOCHILA GAMMATTO CORNFLOWER BLU,10,759.255
50119332,MOCHILA OMETTO ALLOY SHEYMA,10,835.296
50119333,MOCHILA OMETTO NEGRO SHEYMA,10,780.9481138
50119334,MOCHILA OMETTO CHILI PEPPER SHE,10,825.351
50119335,MOCHILA OMETTO POSEIDON SHEYMA,10,819.2326154
50119336,MOCHILA TRIK M CACTUS FLOWER TR,10,759.255
50119337,MOCHILA TRIK M NEGRO TRIK,10,813.561
50119338,MOCHILA TRIK M CLASSIC BLUE TRIK,10,698.1360638
50119339,LONCHERA TRIK NEGRO TRIK,10,487.704
50119340,LONCHERA TRIK CLASSIC BLUE TRIK,10,433.5146667
50119341,LONCHERA TRIK CACTUS FLOWER TRIK,10,487.704
50119342,LAPICERA MULTIUSO TRIK 2 NEGRO,10,312.7997747
50119343,LONCHERA GRAFITO NEGRO YATTA,10,648.1365725
50119344,LONCHERA GRAFITO CORNFLOWER BLU,10,647.5270075
50119345,LAPICERA MULTIUSO MARAON MYST,10,433.398
50119347,LAPICERA MARAON CORNFLOWER BL,10,433.398
50119349,LONCHERA PIZARRA 4YN ECOLE,10,650.643
50119351,MOCHILA ACUARELA 4YP ECOLE,10,1177.15675
50119352,LAPICERA MULTIUSO AGAPEC 4YP EC,10,487.704
50119353,MOCHILA RUE BOMPER RENGLON 6JP,10,2388.561
50119354,MOCHILA ACUARELA 9I8 ECOLE,10,1085.112
50119355,MOCHILA RUE BOMPER RENGLON 9I9,10,2388.561
50119356,LAPICERA CHIZAL N01 INDEPENDIEN,10,324.786
50119357,MOCHILA RUE BOMPER TRIK L N01 T,10,2442.888
50119358,MOCHILA RUE BOMPER TRIK L Z1V T,10,2137.527
50119359,LAPICERA MULTIUSO TRIK 2 Z1V TR,10,309.2713537
50119360,MOCHILA NEGRO ECOLE,10,1065.927917
50119362,LONCHERA ECCENTRIK DONKEY BASIC,10,517.692
50119364,MOCHILA ECCENTRIK DONKEY BASIC,10,1147.272
50119365,LAPICERA ECCENTRIK DONKEY  BASI,10,269.283
50119366,LONCHERA ECCENTRIK DONKEY  BASI,10,527.163
50119367,LAPICERA ECCENTRIK DONKEY  BASI,10,269.283
50119368,LONCHERA ECCENTRIK DONKEY BASIC,10,527.163
50119369,MOCHILA ECCENTRIK DONKEY BASIC,10,868.497
50119370,LAPICERA ECCENTRIK DONKEY BASIC,10,269.283
50119371,LONCHERA ECCENTRIK DONKEY BASIC,10,527.163
50119372,MOCHILA ECCENTRIK DONKEY BASIC,10,868.497
50119373,LAPICERA ECCENTRIK DONKEY TRENDS,10,180.159
50119374,LONCHERA ECCENTRIK DONKEY TRENDS,10,527.163
50119375,MOCHILA ECCENTRIK DONKEY TRENDS,10,868.497
50119376,LAPICERA ECCENTRIK DONKEY TREND,10,269.283
50119378,LONCHERA URBANIA BASIC GRIS,10,496.839
50119379,LAPICERA URBANIA BASIC ROJA,10,261.681
50119380,LAPICERA URBANIA BASIC NEGRA,10,261.681
50119381,LAPICERA URBANIA TRENDS AZUL,10,261.681
50119382,LAPICERA URBANIA TRENDS ROSA,10,261.681
50119384,MOCHILA  HOUSE OF THE DRAGON NE,10,1097.964
50119385,MOCHILA HOUSE OF THE DRAGON NEG,10,1139.67
50119386,LAPICERA STRANGER THINGS,10,312.9
50119387,MOCHILA STRANGER THINGS,10,711.123
50119389,LONCHERA BATMAN NEGRA,10,697.83
50119390,MOCHILA BATMAN NEGRA,10,1196.559
50119391,LAPICERA FLASH,10,398.223
50119394,LAPICERA BATMAN NEON,10,261.681
50119395,LONCHERA BATMAN NEON,10,496.839
50119396,MOCHILA BATMAN NEON,10,1124.508
50119397,LAPICERA LADY BUG NEGRA CON ROJO,10,299.607
50119399,MOCHILA LADY BUG NEGRA CON ROJO,10,1410.843
50119401,LONCHERA TRASNFORMERS NEGRA CON,10,599.235
50119403,MOCHILA NEONPACK NEGRA CON GRIS,10,1298.976
50119406,LAPICERA OSOS ESCANDALOSOS,10,348.915
50119407,LONCHERA OSOS ESCANDALOSOS,10,599.235
50119408,MOCHILA OSOS ESCANDALOSOS,10,967.113
50119409,LAPICERA TORTUGAS NINJA VERDE,10,348.915
50119412,MARCADOR PERMANENTE PUNTO FINO,10,71.4
50119413,BOLIGRAFO SIGNO 0.7MM 2 PZS NEG,10,113.4
50119414,BOLIGRAFO PIN POINT 0.7MM NEGRO 3 PZS,10,26.32557407
50119415,BOLIGRAFO PIN POINT 0.7MM AZUL 3 PZS,10,26.34660837
50119416,BOLIGRAFO PIN POINT 0.7MM AZUL 12 PZS,10,90.72
50119417,BOLIGRAFO PIN POINT 0.7MM NEGRO 12 PZS,10,90.72
50119418,LAPICES DE COLORES PASTEL 12P L,10,96.70364588
50119420,BOLÃGRAFO ERASE 2.0 NEGRO,10,157.71
50119421,BOLÃGRAFO ERASE 2.0 AZUL,10,157.71
50119422,BOLIGRAFO MEDIANO SURTIDO 3PZ,10,21.31919158
50119423,BOLIGRAFO FINO SURTIDO 3PZ,10,21.20921791
50119424,BOLIGRAFO ULTRA FINO SURTIDO 3PZ,10,21.36513421
50119425,MARCADORES PASTEL SURTIDO CAJIL,10,141.0360323
50119434,FORROS LIBROS TEXTO SECUND DIF,10,73.60171718
50119479,CUADERNO ESP DOBL C5 200H NATUR,10,231.924
50119480,CUADERNO PROF RY 100H C1081070 INCOLORS,10,122.5252
50119481,CUADERNO PROF C5 100H C1081072 INCOLORS,10,135.66
50119482,CUADERNO PROFESIONAL C7 100H C1081073,10,121.1080567
50119483,CUADERNO PROFESIONAL RY 100H C1082160,10,249.3709909
50119484,CUADERNO FRANCES RY 100H INCOLORS,10,78.2908855
50119485,CUADERNO FRANCES C5 100H INCOLORS,10,84.03502373
50119486,CUADERNO PROFESIONAL RY 100H C1082250,10,296.5353256
50119488,CUADERNO FRANCES C5 100H C1086022,10,91.19651891
50119489,CUADERNO PROF RY 180H C1083470 INCOLORS,10,208.3832222
50119490,CUADERNO PROF C5 180H C1083472 INCOLORS,10,208.1918845
50119491,CUADERNO COSIDO FRANCES RY 100H INCOLORS,10,180.6365523
50119492,CUADERNO PROFESIONAL RY 90H SUPER GIRL,10,41.00527704
50119493,CUADERNO PROFESIONAL C5 90H SUPER GIRL,10,41.3044133
50119494,CUADERNO PROFESIONAL C7 90H SUPER GIRL,10,41.00657956
50119496,CUADERNO PROFESIONAL C5 200H ECOLÓGICO,10,231.924
50119497,CUADERNO COSIDO COLLAGE RY 100H CLASICO,10,78.67437856
50119498,CUADERNO COSIDO COLLAGE C5 100H CLASICO,10,78.85399168
50119499,CUADERNO COSIDO COLLAGE C7 100H CLASICO,10,78.47279788
50119500,CUADERNO COSIDO PROFESIONAL RY 100H,10,86.34452664
50119501,CUADERNO COSIDO PROF BLANCO 100H CLASICO,10,89.6868
50119502,CUADERNO COSIDO PROFESIONAL C5 100H,10,86.62856241
50119503,CUADERNO COSIDO PROF C7 100H CLASICO,10,86.33485652
50119504,CUADERNO COSIDO ITALIANO RY 100H CLASICO,10,53.50457713
50119505,CUADERNO COSIDO ITALIANO C5 100H CLASICO,10,53.66295579
50119506,CUADERNO COSIDO ITALIANO C7 100H CLASICO,10,52.95387324
50119507,CUADERNO ITALIANO DBL RY 100H CLASICO,10,68.13049581
50119508,CUADERNO COSIDO FRANCES C5 100H CLASICO,10,53.58167299
50119509,CUADERNO COSIDO FRANCES C7 100H CLASICO,10,53.04016414
50119510,CUADERNO COSIDO FRANCES RY 100H CLASICO,10,52.86146427
50119511,CUADERNO COLEGIAL CHECK POP RAY,10,85.953
50119512,CUADERNO COLEGIAL GOOD VIBES RA,10,66.444
50119513,CUADERNO COLEGIAL GYPSY RAYA 16,10,66.486
50119514,CUADERNO COLEGIAL GREAT RAYA 16,10,120.162
50119515,CUADERNO COLEGIAL SOHO RAYA 160H,10,186.4768371
50119516,CUADERNO UNIVERSITARIO ROUGE RA,10,42.8074086
50119517,CUADERNO COLEGIAL BE NICE RAYA,10,52.542
50119518,CUADERNO COSIDO WEST VILLAGE 80H,10,41.412
50119519,CUADERNO COSIDO BE NICE 80H PUN,10,12.264
50119520,CUADERNO COSIDO SOHO 80H PUNTEA,10,43.407
50119661,"ESTUCHE METALICO C/CIERRE, 2 L",10,310.4875375
50119662,"ESTUCHE METALICO C/CIERRE, 2 L",10,304.6144209
50119663,LAPICERA ESTUCHE OJOS COLOR ROSA,10,180.6
50119664,LAPICERA ESTUCHE OJOS COLOR NEG,10,158.163871
50119665,LAPICERA ESTUCHE GAMING AZUL Y,10,261.4973258
50119666,LAPICERA ESTUCHE COLOR NEGRO,10,340.0139923
50119667,LAPICERA ESTUCHE LENTEJUELA,10,112.644
50119668,LAPICERA LENY MESH COLOR NEGRO,10,237.3
50119669,LAPICERA LENY MESH COLOR ROSA,10,40.845
50119670,LAPICERA CILINDRICA HARRY POTTER MAPA,10,163.821
50119671,LAPICERA CILINDRICA HARRY POTTER SNITCH,10,163.821
50119672,LAPICERA CIL HARRY POTTER HOGWARTS,10,163.821
50119673,LAPICERA CILINDRICA PUSHEEN PAJARITO,10,163.821
50119674,LAPICERA CILINDRICA PUSHEEN PASTEL,10,163.7641133
50119675,LAPICERA CILINDRICA PUSHEEN HELADO,10,163.821
50119676,LAPICERA CIL VANIA BACHUR ARCOIRIS,10,163.821
50119677,LAPICERA CILINDRICA VANIA BACHUR FIESTA,10,163.6998964
50119678,LAPICERA CILINDRICA VANIA BACHUR NUBE,10,163.7723443
50119679,LAPICERA CILINDRICA PRINCIPITO LUNA AZUL,10,163.821
50119680,LAPICERA CILINDRICA PRINCIPITO ZORRO,10,163.821
50119681,LAPICERA CILINDRICA EL PRINCIPI,10,163.6889492
50119682,LAPICERA CILINDRICA SNOOPY BICI,10,163.8104574
50119683,LAPICERA CILINDRICA SNOOPY GIGGLE,10,163.821
50119684,LAPICERA CILINDRICA SNOOPY NARANJA,10,163.821
50119691,LONCHERA CHENSON MULTICOLOR,10,650.853
50119692,LAPICERA CHENSON MULTICOLOR,10,487.704
50119693,MOCHILA GRANDE HAPPY GIRL,10,1085.112
50119694,LONCHERA HAPPY GIRL,10,650.643
50119695,LAPICERA HAPPY GIRL,10,487.704
50119696,MOCHILA GRANDE HAPPY GIRL ROSA,10,1085.112
50119697,LONCHERA HAPPY GIRL ROSA,10,650.643
50119698,LAPICERA HAPPY GIRL ROSA,10,487.704
50119702,LONCHERA PLAYBA MARIO BROSS,10,650.643
50119711,LAPICERA YANKE MINECRAFT,10,379.092
50119714,LAPICERA AMIB ROSA,10,433.398
50119715,LAPICERA REACHER,10,433.398
50119716,MARCADORES PERMANENTES 2 PZS PU,10,52.36955187
50119717,PLUMONES MULTILINE,10,161.7836934
50119718,BOLIGRAFO GEL 6 PIEZAS 0.7MM SU,10,164.01
50119719,"BOLIGRAFO GEL 4P 0.7MM RJ,NG,A",10,112.329
50119720,"BOLIGRAFO GEL 3 PIEZAS ROJO, N",10,88.389
50119721,COLORES KIUT PASTEL 12 PIEZAS,10,183.1708172
50119724,WINDOW MARKERS 600 PARA VIDRIO,10,342.0358165
50119725,RESALTADORES Y MARCADORES 6PZ G,10,221.4124839
50119726,SET TEXTMARKER FLASH BHO C/16,10,414.0378261
50119727,COLORELLA STAR 12 PIEZAS,10,86.436
50119728,COLORELLA STAR 30 PIEZAS,10,201.096
50119731,TEXTMARKER FLASH PASTEL COL SURT,10,303.2563379
50119732,MARKANA PINCEL ET C/12,10,301.623
50119733,MARKANA PINCEL PASTEL ET C/12,10,320.8992157
50119734,MOCHILA ECCENTRIK DONKEY BASIC,10,1046.766
50119736,MOCHILA URBANIA BASIC GRIS,10,849.534
50119741,LONCHERA TROLLS MULTICOLOR,10,496.839
50119742,MOCHILA TROLLS MULTICOLOR,10,711.123
50119743,LAPICERA BATMAN NEGRA CON AZUL,10,348.915
50119745,MOCHILA BATMAN NEGRA CON AZUL,10,798.336
50119749,LAPICERA RICK AND MORTY NEGRA M,10,312.9
50119752,LONCHERA TRANSFORMERS AMARILLA,10,697.83
50119753,MOCHILA TRANSFORMERS,10,1097.964
50119754,CUADERNO PROFESIONAL MUSICA 80 HOJAS,10,136.8811241
50119755,LAPICEROS KIUT 3P COLOR NEGRO 0,10,50.51755787
50119756,LAPICEROS KIUT 8P VARIOS COLORE,10,108.4431158
50119757,MARCADOR PERMANENTE PUNTA FINA,10,337.365
50119758,LAPIZ KIUT NEGRO REDONDO 10 PIE,10,94.857
50119759,MARCADORES PUNTA PINCEL KIUT 24,10,551.838
50119761,MARCADOR PARA PIZARRON 5P SURT,10,124.866
50119762,BOLIGRAFOS NORMA 3P COLOR NEGRO,10,32.55682813
50119763,"BOLIGRAFOS NORMA 3P, NG, RJ Y",10,32.29880889
50119764,CUADERNO SIMPSONS RAYA 100H,10,105.399
50119766,CUADERNO SIMPSONS C7 100H,10,105.399
50119767,CUADERNO NARUTO RAYA 100H,10,105.399
50119768,CUADERNO NARUTO C5 100H,10,105.399
50119770,CUADERNO DEGREE POLYCOVER RY 16,10,226.0002922
50119771,CUADERNO DEGREE POLYCOVER C7 16,10,234.3467451
50119772,MARCADOR PARA PIZARRON 4P COL S,10,139.797
50119773,CUADERNO JEAN BOOK REV RAYA 100H,10,91.22622078
50119774,MOCHILA WEST 358 ETERNITY,10,1736.847
50119776,MOCHILA LINX 372 PINK,10,1248.051
50119777,MOCHILA ATOMIK 353 DARK GREEN,10,1085.112
50119778,MOCHILA FORCE 355 BLACK,10,976.5
50119779,MOCHILA FORCE 355 BORDEAUX,10,976.5
50119780,MOCHILA NEVADA 370 DKGREY MEL,10,976.5
50119781,MOCHILA AUSTIN 385 BLK CHECKS,10,976.5
50119782,MOCHILA BOLT 320 MINT MOON,10,976.5
50119784,MOCHILA POWER 311 BLU.JOYST,10,813.561
50119785,"MOCHIL, LONCH Y LAPIC RUN PACK",10,1736.847
50119786,"MOCHI, LONCH Y LAPIC RUN PACK",10,1736.847
50119787,LONCHERA COOK 303 MINT MOON,10,542.01
50119788,LONCHERA NEW NEO 305 BLACK,10,542.01
50119789,LONCHERA NEW NEO 305 PINK,10,542.01
50119792,MOCHILA ACCELERATION TITAN BLAC,10,1954.092
50119793,MOCHILA ACCELERATION BRAVO OLIVE,10,1736.847
50119796,MOCHILA ACCELERAT.JULIETTE FUCS,10,1628.214
50119797,MOCHILA ACCELERATION HAMMER BLA,10,1519.602
50119799,MOCHILA ACCELERATION PLASMA NAVY,10,1410.99
50119801,MOCHILA ACCELERATION STORM BLACK,10,976.5
50119803,LONCHERA ACCELERATION BANQUET B,10,596.337
50119804,LONCHERA ACCELERATION BANQUET N,10,596.337
50119805,LAPICERA ACCELERATION ORYS BLACK,10,379.092
50119806,LAPICERA ACCELERATION ORYS NAVY,10,379.092
50119807,LAPICERA ACCELERATION ORYS FUCS,10,379.092
50119810,BOLIGRAFO ENERGEL 0.5 MM COLOR AZUL OSC,10,88.2596129
50119811,BOLIGRAFO ENERGEL SPORT 1.0MM 2,10,122.9122222
50119812,LAPICERO TWIST ERASE GT 0.7MM 2,10,117.432
50119813,"BOLIGRAFO ENERGEL 0.7 MM 3P NR, RJ, AZ",10,85.449
50119814,BOLIGRAFO ENERGEL SPORT 0.7MM 1P NEGRO,10,64.02405882
50119815,BOLIGRAFO ENERGEL SPORT 0.7MM 1P AZUL,10,64.14070213
50119923,MOCHILA LUIGI PLUSH,10,496.86
50120033,MOCHILA DINOSAURIO AZUL CON VERDE,10,739.935
50120035,LONCHERA TERMICA DINOSAURIO AZUL C/VERDE,10,624.624
50120040,LAPICERA BEBES LLORONES,10,253.05
50120048,LAPICERA TOKIDOKI GATO,10,270.9
50120049,LONCHERA TERMICA TOKIDOKI GATO,10,487.2
50120050,MOCHILA TOKIDOKI PERROS PRIMARIA,10,867.3
50120051,MOCHILA TOKIDOKI PERROS KINDER,10,667.8
50120052,LAPICERA TOKIDOKI PERROS,10,270.9
50120053,LAPICERA TOKIDOKI SIRENA C/LENTEJUELA,10,270.9
50120054,MOCHILA MOLANG COLOR ROSA,10,722.4
50120057,MOCHILA NORMA AURORA ZEN,10,1022.574
50120060,MOCHILA NORMA NEW RETRO,10,1022.574
50120063,MOCHILA NORMA MYSTIC SUNSET,10,1022.574
50120064,LONCHERA FASHION MYSTIC SUNSET,10,511.875
50120067,LONCHERA FERRARI SMART,10,469.518
50120068,LAPICERA C/ORGANIZADOR FERRARI SMART,10,347.13
50120072,MOCHILA FERRARI SPORT,10,1123.773
50120074,MOCHILA JEANBOOK CHANGE RULES,10,740.166
50120075,MOCHILA JEANBOOK COOL GIRL,10,740.166
50120077,LAPICERA DOBLE FLORES ARP,10,331.779
50120078,MOCHILA DOBLE ROMA ENJOY,10,973.623
50120079,LAPICERA REDONDA ENJOY,10,186.837
50120080,LAPICERA TRIPLE RECTANGULAR ENJOY,10,336.819
50120081,MOCHILA TRIPLE OSLO ALICE,10,1101.387
50120082,LAPICERA TRIPLE ORGANIZADOR ALICE,10,352.485
50120083,CUADERNO PROF 120H EMOTIONS CORAL CUADRO,10,163.73175
50120084,CUADERNO PROFESIONAL 120H RY FLORES ARP,10,222.18
50120085,CUADERNO FRANCES 120H RAYA FLORES ARP,10,158.046
50120086,CUADERNO PROFESIONAL 140H RAYA ENJOY,10,222.18
50120087,CUADERNO FRANCES 140H RAYA ENJOY,10,158.046
50120088,CUADERNO PROFESIONAL 140H RAYA ALICE,10,222.18
50120089,CUADERNO FRANCES 140H RAYA ALICE,10,158.046
50120090,CUADERNO FRAN 120H RY EMOTIONS AZ CIELO,10,136.1517661
50120091,CUADERNO FRAN 120H RY EMOTIONS ROSA,10,136.5710194
50120092,CUADERNO PROFESIONAL 80H CUADRO ECOMAPS,10,145.5807894
50120093,CUADERNO PROF 80H CUADRO ECOBUTTERFLY,10,153.195
50120094,CUADERNO PROF 80H RAYA ECOCONFETTI,10,153.195
50120100,MOCHILA 3D HARDSHELL MIS PASTELITOS,10,936.6
50120102,LAPICERA DOBLE 3D HARDSHELL PASTELITOS,10,336
50120103,MOCHILA 3D METALICO ONIX CON LUCES,10,591.9424
50120104,LONCHERA 3D METALICO ONIX,10,501.186
50120105,LAPICERA DOBLE 3D METALICO ONIX,10,315
50120106,MOCHILA 3D HARDSHELL ONIX,10,491.1489655
50120107,MOCHILA 3D HARDSHELL ONIX HOLI,10,362.229
50120108,LONCHERA 3D HARDSHELL ONIX,10,674.1
50120109,LAPICERA DOBLE 3D HARDSHELL ONIX,10,336
50120112,LONCHERA 3D METALICO FROZEN,10,678.3
50120113,MOCHILA 3D HARDSHELL FROZEN,10,494.8260484
50120115,LONCHERA 3D HARDSHELL FROZEN,10,490.35
50120116,LAPICERA DOBLE 3D HARDSHELL FROZEN,10,336
50120119,LAPICERA TRIPLE FROZEN,10,363.3
50120124,LAPICERA DOBLE 3D HARDSHELL CARS,10,336
50120125,MOCHILA 3D HARDSHELL MARVEL SPIDER MAN,10,489.615
50120126,MOCHILA 3D HARDSHELL MARVEL SPIDER PRIM,10,936.6
50120127,LONCHERA 3D HARDSHELL MARVEL SPIDER MAN,10,418.95
50120128,LAPICERA DBL HARDSHELL MARVEL SPIDER MAN,10,336
50120131,LONCHERA 3D METALICO PAW PATROL,10,255.8673267
50120132,LAPICERA DOBLE 3D METALICO PAW PATROL,10,336
50120133,MOCHILA 3D METALICO JURASSIC WORLD,10,936.6
50120135,LAPICERA DBL 3D METALICO JURASSIC WORLD,10,336
50120137,MOCHILA 3D HARDSHELL THE HEADGEHOG PRIM,10,669.606
50120138,LONCHERA 3D HARDSHELL THE HEADGEHOG,10,416.4589091
50120139,LAPICERA DBL 3D HARDSHELL THE HEADGEHOG,10,336
50120140,MOCHILA 3D HARDSHELL THE HEADGEHOG RUEDA,10,557.298
50120141,MOCHILA SUPER MARIO BROS,10,694.3566792
50120142,LONCHERA SUPER MARIO BROS,10,575.4
50120144,MOCHILA 3D HARDSHELL SUPER MARIO BROS,10,936.6
50120145,LONCHERA 3D HARDSHELL SUPER MARIO BROS,10,674.1
50120146,LAPICERA DBL 3D HARDSHELL SUPER MARIO BR,10,336
50120147,MOCHILA DISNEY TRUZT 100 CELEBRACION,10,861
50120148,LONCHERA DISNEY TRUZT 100 CELEBRACION,10,575.4
50120149,LAPICERA DBL DISN TRUZT 100 CELEBRACION,10,315
50120150,MOCHILA WARNER BROS TRUZT HARRY POTTER,10,821.1
50120151,LONCHERA WARNER BROS TRUZT HARRY POTTER,10,520.8
50120153,LAPICERA NIÃO MARVEL AVENGERS,10,113.4
50120154,LAPICERA DISNEY STITCH,10,113.4
50120156,LAPICERA PAW PATROL,10,33.4355
50120168,LAPICERA DOBLE 3D HARDSHELL TOY STORY,10,336
50120170,LAPICERA DOBLE 3D METALICO CARS,10,336
50120173,LAPICERA DOBLE CARS,10,336
50120174,PLUMAS MULTITINTAS 6 COLORES ONIX,10,31.08001733
50120175,PLUMAS MULTITINTAS 6 COLORES FROZEN,10,30.45
50120176,GOMAS RETRACTILES BICOLOR SPIDERMAN,10,30.97440902
50120177,SACAPUNTAS CON CONTENEDOR SPIDERMAN,10,40.95
50120178,LIBRETA DIARIO DE VINO GDE RAYA-BLANCA,10,737.52
50120179,LIBRETA CLASICA GDE AZUL ZAFIRO RAYA,10,715.806
50120180,LIBRETA CLASICA MED AZUL ZAFIRO RAYA,10,628.908
50120181,SET 3 LIBRETAS XGD CAHIERS ROSAS RAYA,10,672.357
50120182,SET 3 LIBRETAS XGD AMARILLAS HOJA BLANCA,10,672.357
50120183,SET 2  LIBRETAS XGD NEGRAS/KRAFT HOJA RY,10,596.337
50120185,LIBRETA CLASICA GRANDE NEGRA CUADRO,10,661.5
50120186,SET 3 LIBRETAS XGD KRAFT RAYA,10,672.357
50120187,SET 3 LIBRETAS XGD CAHIERS AZUL RAYA,10,672.357
50120189,LIBRETA MINIONS DE BOLSILLO AZUL,10,542.01
50120190,SET 2 LIBRETAS GDE AMBAR/AZUL RAYA,10,520.296
50120191,LIBRETA CLASICA MEDIANA ROJA RAYA,10,628.908
50120193,LIBRETA CLASICA XGD NEGRA RAYA,10,846.153
50120194,LIBRETA CLASICA MED NEGRA HOJA BLANCA,10,628.908
50120195,LIBRETA CLASICA MED NEGRA RAYA,10,628.908
50120197,SET 3 LIBRETAS GDE AZL ENERGICO RAYA,10,542.01
50120198,LIBRETA DRAGON BALL GDE CHICHI,10,824.439
50120204,SET 3 LIBRETAS XGD NEGRAS RAYADA,10,672.357
50120208,LIBRETA CLASICA GDE AZUL ARRECIFE RAYA,10,715.806
50120211,LIBRETA CLASICA GDE VERDE RY PASTA DURA,10,715.806
50120215,LIBRETA CLASICA GRANDE AZUL RAYA,10,661.5
50120216,LIBRETA BLEND GRANDE ROJA RAYA,10,780.99
50120217,LIBRETA CLASICA GRANDE VERDE CUADRO,10,715.806
50120218,LIBRETA SAKURA GRANDE NEGRA RAYA,10,867.867
50120224,ESTUCHE DIARIO DE VIAJES GRANDE,10,867.867
50120225,LIBRETA LOGBOOK ART GRANDE VIOLETA,10,759.255
50120228,ESTUCHE DIARIO DE BODA GRANDE,10,867.867
50120232,FLAUTA MAPED TECLADO BARROCO,10,114.5534907
50120236,LAPICERA PLASTICO AGAVE ROSA,10,87.97582087
50120237,LAPICERA PLASTICO AGAVE AZUL,10,88.20145536
50120238,LIBRETA SAKURA GRANDE NEGRA HOJA BLANCA,10,867.867
50120239,LIBRETA SAKURA DE BOLSILLO NEGRA RAYA,10,737.52
50120240,LIBRETA CLASICA GDE AZL MAR BLANCA-RAYA,10,715.806
50120241,LIBRETA CLASICA GDE NGR HOJA BLANCA-RAYA,10,715.806
50120242,HERMETICO CUADRADO 600ML,10,102.9
50120243,HERMETICO RECTANGULAR 530ML,10,84
50120244,JARRA HERMETICA 2.3L,10,243.6
50120245,HERMETICO REDONDO 500 ML,10,84
50120246,HERMETICO RECTANGULAR 350 ML,10,84
50120285,CUADERNO PROFESIONAL 120H EMOTIONS MENTA,10,178.921485
50120311,JUEGO DE BOLSAS PLASTICO 1L Y 250 ML 2P,10,136.5
50120312,BOTELLA DE PLASTICO STEALTH 750 ML,10,73.5
50120313,BOTELLA DE PLASTICO HYDRO TWIST 600 ML,10,90.3
50120314,BOTELLA DE PLASTICO CHUGGER 750 ML,10,222.6
50120315,BOTELLA DE ACERO 1L,10,291.9
50120316,JUEGO DE CUBIERTOS CON FUNDA,10,177.9370076
50120317,CONTENEDOR BENTO C/TAPA PLASTICO 1.3L,10,450.7976203
50120318,CONTENEDOR C/TAPA 600 ML,10,370.7394462
50120319,JUEGO CONTENEDORES C/TAPA PLAST 200ML 2P,10,374.6459632
50120320,CONTENEDOR C/TAPA PLASTICO 300 ML,10,264.7622971
50120366,LAPIZ BICOLOR DIXON 4P HEXAGONAL GRUESO,10,70.413
50120367,GOMA TINCONDEROGA 2 PIEZAS,10,65.877
50120407,LONCHERA NARUTO COLOR NARANJA,10,476.7
50120408,LAPICERA NARUTO COLOR NARANJA,10,235.2
50120409,LAPICERA NARUTO SHIPPUDEN COLOR AZUL,10,310.8
50120470,CORRECTOR EN CINTA DECORADO CORAZONES,10,151.788
50120471,CORRECTOR EN CINTA DECORADO,10,151.40853
50120472,PAPEL RELLENO CLASICO HOMESTEADER 40H,10,198.87
50120473,PAPEL RELLENO CLASIC HOJAS PUNTEADAS 40H,10,198.87
50120474,PAPEL RELLENO CLASICO SUPER FELIZ 40H,10,198.87
50120475,CUADERNO CLASICO FRESH BOTANICALS,10,346.7081921
50120476,CUADERNO CLASICO DULCE VIDA,10,351.834
50120477,CUADERNO CLASICO SUAVEMENTE MODERNO,10,351.834
50120478,CUADERNO CLASICO REALING,10,350.6453716
50120479,CUADERNO CLASICO MAIL CALL,10,351.834
50120480,CUADERNO CLASICO FUN FLEURS,10,351.834
50120481,CUADERNO MINI MADE TO BLOOM,10,198.87
50120482,CUADERNO MINI ELEGANCIA CELESTIAL,10,198.87
50120497,LAPICES DE COLORES VIVIDEL 24+3,10,224.7
50120498,BLISTER GOMA TICONDEROGA NEON 3 PZ,10,92.61
50120499,BLISTER LAPIZ PHANO CERA AZUL C/2,10,45.99
50121755,BOLIGRAFO ROLLER SARASA 0.7MM 1P AZUL,10,57.519
50121756,BOLIGRAFO ROLLER SARASA 0.7MM 1P NEGRO,10,57.519
50121841,RESALTADOR DE TEXTO AMARILLO KITLER,10,181.44
50121958,LAPICERA NEGRA MULTIUSO TRIK,10,148.365
50121959,LAPICERA AZUL CLARO TRIK,10,148.365
50121999,LIBRETA PREMIUM BUGS Y HARRY POTTER,10,431.34
50122000,LIBRETA PREMIUM BUGS Y FRIENDS,10,431.34
50122001,LIBRETA PREMIUM BUGS Y BATMAN,10,431.34
50122004,LIBRETA ESQUELA TELA ROJA,10,227.01
50122005,LIBRETA ESQUELA TELA GRIS,10,227.01
50122006,LIBRETA ESQUELA TELA AZUL,10,227.01
50122188,SET 3 LIBRETAS GDE KRAFT HOJA BLANCA,10,542.01
50122193,MARCADOR SHARPIE TWIN TIP AZUL,10,29.4
50122826,LAPICERA MARANON ROSA PALO,10,397.278
50122827,LONCHERA GRAFITO ROSA PALO,10,646.191
50122828,MOCHILA P TABLET Y PC INDO ROSA PALO,10,1492.533
50122829,LAPICERA MARANON ROSA,10,397.278
50122830,LONCHERA GRAFITO ROSA,10,646.2047118
50122831,MOCHILA P TABLET Y PC INDO ROSA,10,1492.533
50122832,LAPICERA MARANON AZUL,10,397.278
50122833,LONCHERA GRAFITO AZUL,10,646.191
50122834,MOCHILA P TABLET Y PC INDO AZUL,10,1492.533
50122835,LAPICERA TRIK ROSA,10,297.6983093
50122836,LAPICERA TRIK AZUL,10,297.69824
50122839,MOCHILA ARVAR AZUL,10,1094.247
50122850,SIGNAL JUMBO AZUL,10,55.647375
50122851,SIGNAL JUMBO NEGRO,10,55.701
50122852,SIGNAL JUMBO ROJO,10,56.329
50123108,HARRY POTTER BLOCK DE NOTAS,10,191.793
50123109,HP CUADERNOS CASAS 13X21 32 HO,10,95.76
50123118,HP SET DE CUADERNO Y PLUMA,10,369.6
50123127,HP SET DE LAPICES HB 6 U,10,64.533
50123145,DISNEY 100  BLOCK DE NOTAS,10,191.793
50123154,DISNEY 100 SET D LAPICES HB 6U,10,52.353
50123156,NOTE A5 TAPA DURA PUNTEADO,10,252
50123159,CARTUCHERA OPEN MICKEY MOUSE,10,338.793
50123160,LATA DE LAPICES DE COLORES X48,10,643.986
50123161,RESALTADORES DOBLE PUNTA X 5,10,132.153
50123162,MAW DISNEY 100  SET CUADERNO,10,315.546
50123505,PLUMONES GRUESOS LAVABLES CRAYOLA 64 PZS,10,478.5345113
50123506,CRAYONES COLORS KINDNESS CRAYOLA 24 PZS,10,95.004
50123507,LAPICES COLORS KINDNESS CRAYOLA 12 PZS,10,107.793
50123508,PLUMONES COLORS KINDNESS CRAYOLA 10 PZS,10,102.312
50123509,SET TWISTABLES EXTREMOS CRAYOLA,10,465.885
50124152,LAPICERA METAL LOVE ZIPIT,10,306.6
50124153,LAPICERA METAL CAMO ZIPIT,10,306.6
50124154,LAPICERA METAL ROJO ZIPIT,10,306.6
50124155,LAPICERA BLUE WAVES ZIPIT,10,259.35
50124156,LAPICERA GOOGLY KITTY ZIPIT,10,259.35
50124157,LAPICERA GOOGLY PUG ZIPIT,10,259.35
50124782,SACAPUNTAS VIVO MAPED FASHION 1 ORIF,10,21.777
50124784,ROLLERBALL METALICO SARASA GRAND M NEGRO,10,337.029
50124785,ROLLERBALL METALICO SARASA GRAND M AZUL,10,337.029
50124786,ROLLERBALL METALICO SARASA GRAND M ORO,10,337.029
50124787,ROLLERBALL MET SARASA GRAND M BLANCO,10,337.029
50124796,BOLIGRAFO UNIBALL AIR AZUL ULTRAFINO,10,74.97
50124797,BOLIGRAFO UNIBALL AIR NEGRO ULTRAFINO,10,74.97
50124799,MARCADOR MAGISTRAL PASTEL 4 PZ,10,108.15
50124800,MARCADOR MAGISTRAL PASTEL 8 PZ,10,213.5672554
50124801,BOLIGRAFO INOX 70 TINTA NEGRA,10,456.939
50124802,BOLIGRAFO INOX 70 GOLDEN TINTA NEGRA,10,494.13
50124803,BOLIGRAFO SOUL NEGRO TINTA NEGRA,10,421.008
50124804,BOLIGRAFO SOUL VINTAGE TINTA NEGRA,10,421.008
50124805,BOLIGRAFO PRIME CROMO TINTA NEGRA,10,892.206
50124806,BOLIGRAFO PRIME NEGRO TINTA NEGRA,10,874.083
50124807,BOLIGRAFO ROUND CROMO MATE TINTA NEGRA,10,1144.647
50124808,BOLIGRAFO ROUND ANTRACITA MET T NEGRA,10,995.652
50124809,BOLIGRAFO BEAT NEGRO TINTA NEGRA,10,963.69
50124825,GOMAS RETRACTILES HELLO KITTY,10,31.5
50124826,PLUMAS MULTITINTAS HELLO KITTY,10,31.5
50124827,SACAPUNTAS CON CONTENEDOR HELLO KITTY,10,42.23219936
50124829,GOMAS RETRACTILES DINOSAUR WORLD,10,31.5
50124830,SACAPUNTAS CON CONTENEDOR DINOSAUR WORLD,10,42.26113043
50124881,CUADERNO PROF 120 H EMOTION ROSA MR,10,182.2372781
50124882,CUADERNO PROF 120 H EMOTION AZC MR,10,181.9212829
50124883,CUADERNO PROF 120 H ECOLINES RAY,10,221.3354868
50124884,CUADERNO A5 120 H RECICLADO CUA,10,224.1835791
50124885,CUADERNO A5 80 H RAY ECO ESMERALFA,10,112.791
50124886,CUADERNO FRAN RAY  80 H ECO ROSA,10,112.791
50124887,CUADERNO FRAN RAY 120 H ECO ZAFIRO,10,112.791
50124888,CUADERNO A4 120 H RAY RECICLADO MR,10,210.1405
50124910,BOLIGRAFO 4 COLOR MED DOG CAT BS,10,59.48580059
50125048,MARCATEXTOS VISION JR PASTEL 5 PZS AZOR,10,69.16188434
50125049,MARCADOR SIGNAL FINO 3 PZS NRA,10,60.77709657
50125050,MARCADOR SIGNAL DUO 8 PZS SURTIDO AZOR,10,186.9
50125124,NINJA ERASERS SET OF 3,10,123.9
50125125,BORRADOR Y SACAPUNTAS DISENO COHETE 1 PZ,10,77.7
50125126,MINI LIBRETAS MOUNSTRUOS 2 PZAS,10,81.9
50125127,MINI MARCADORES MOUNSTRUOS 6 PZAS,10,123.9
50125128,GOMAS DE DONAS DE UNICORNIO 3 PZAS,10,123.9
50125129,GOMA DE BORRAR JUMBO PERFUMADA RAINBOW B,10,60.9
50125130,MINI LIBRETAS ALEGRIA DE AZUCAR 2 PZAS,10,81.9
50125131,GOMA DE BORRAR Y SACAPUNTAS AGUACATE LOV,10,123.9
50125136,BOLIGRAFO GEL OLOR YUMMY YUMMY 12 PZAS,10,254.1
50125137,BOLIGRAFO GEL OLOR TUTTI FRUTTI 6 PZAS,10,254.1
50125138,MARCADORES PUNTA PINCEL BRILLIANT 12 PZS,10,291.9
50125139,CRAYON ACUARELA SMOOTH SIX 7 PZAS,10,165.9
50125230,LIBRETA ECO STUK 20 HJ,10,66.35466375
50125231,LIBRETA ECO STUK 10 HJ,10,66.35499795
50125232,LIBRETA ESPIRAL ECO STUK 25HJ,10,45.26882077
50125233,SACAPUNTAS CON CONTENEDOR ECO STUK,10,13.83539619
50125236,MARCADOR PUNTA CINCEL ECO 6PZA,10,62.0216921
50125237,BOLIGRAFO RETRACTIL ECO STUK BAMBU 3PZAS,10,73.80886757
50125238,MARCADORES TINTA METALICA OMX,10,23.62180435
50125240,MARCADOR DOBLE LINEA PUNTA CINCEL OMX,10,31.62134036
50125241,MARCATEXTOS METALICOS STUK SURT 4 PZAS,10,63.54225097
50125242,BORRADOR LAPIZ 3 PZAS STUK,10,25.21709558
50125243,BOORADOR ROMPECABEZAS 12 PZAS STUK,10,24.6974641
50125244,SET PLUMONES ACUARELA 24 PZAS STUK,10,120.4162709
50125245,LAPICERA STUK CARRO,10,139.251
50125246,MARCADOR PARA PIZARRON OMX VAR COLORES,10,42.00557945
50125247,BOTELLA STUK DE AGUA 950ML ROSA,10,130.9073347
50125248,MARCATEXTOS MINI HELADO 6 PZAS STUK,10,48.00426151
50125249,MARCATEXTOS FLOR STUK,10,38.052
50125250,BOTELLA STUK DE AGUA 1 L NEGRO,10,138.6056478
50125251,LAPICERA STUK 3D,10,128.7170304
50125253,LIBRETA STUK FLOWER 96 HJ,10,157.0720141
50125254,LIBRETA DE RAYAS 150HJ CON 3 SEPARADORES,10,179.7358716
50125255,LIBRETA DE BOLSILLO RY ECO STUK,10,52.12049935
50125256,CUADERNO SQUISHY MARIPOSA 80 H,10,99.498
50125259,CUADERNO ESPIRAL 3 EN 1  STUK,10,88.53072372
50125260,SET ESCRITURA STUK CREMITA,10,138.379228
50125262,CUADERNO STUK GOOD THINGS 96 HJ,10,119.5066653
50125265,MARCATEXTOS COLORES PASTEL 6 PZAS STUK,10,78.69545701
50125266,LIBRETA STUK OCEANO 80 HJ,10,80.22643548
50125267,BOLIGRAFO TINTA NEGRA ANIMALITOS,10,41.2729736
50125268,LAPICERO STUK TINTA AZUL CORAZON,10,34.45404236
50125269,ROTULADORES ECO STUK BASE AGUA 10 PZAS,10,78.69688978
50125270,MARCATEXTOS PUNTA CINCEL ECO STUK NEON,10,51.19863406
50125271,BOLIGRAFO RETRACTIL GEL 3PZAS STUK,10,33.72480602
50125273,LAPICERA ECO STUK VERDE CLARO,10,94.37651032
50125274,LAPICERA ECO STUK,10,73.83976498
50125275,LAPICERA ECO STUK VERDE,10,73.51795489
50125276,LIBRETA ECO STUK 80 HJ,10,129.4084455
50125277,SET CUADERNOS ECO STUK 56 HJ,10,56.14649364
50125278,LIBRETA 100 HJ ECO STUK,10,116.7257732
50125279,LIBRETA DE RAYAS ECO STUK 96 HJ,10,148.9195401
50125280,SACAPUNTAS STUK 3PZAS,10,16.92219342
50125281,SACAPUNTA DISENO SEMILLA 2 PZAS STUK,10,16.62842935
50125282,GOMAS DISENO DONA 4 PZAS STUK,10,47.33069007
50125283,BORRADOR STUK CONTROL GAMER,10,24.91163942
50125284,MINI LIBRETA ECO STUK 80 HJ,10,44.62386222
50125285,LIBRETA ECO STUK 100 HJ 5 SEPARADORES,10,98.1012597
50125286,LAPICERA ECO STUK AZUL,10,133.7239859
50125287,BOLIGRAFO RETRACTIL ECO STUK 3 PZAS,10,29.11475593
50125288,LAPICERA ECO STUK VERDE HOJAS,10,97.1224428
50125289,MOCHILA ESCOLAR ECO STUK GRIS,10,289.968
50125290,SET CUADERNO ESPIRAL 80H STUK,10,121.2217986
50125291,LAPICERA STUK LILA,10,149.818264
50125292,LAPICERA STUK  HAPPY TO BE HARE,10,119.5193072
50125293,LAPICERA STUK DOBLE CIERRE VAR COLORES,10,102.2212792
50125294,MARCATEXTOS CINCEL ECO COLOR NEON 2 PZAS,10,29.72311504
50125295,LAPECERA STUK ROSA UNICORNIO,10,104.643
50125296,BOLIGRAFO TINTA NEGRA FLORECITAS,10,31.374
50125297,LAPICERA STUK SIRENA,10,72.77053521
50125298,LAPICERA STUK GAMETIME,10,104.16
50125299,LAPICERA STUK AJEDREZ,10,98.238
50125300,LAPICERA SILICON STUK DISENO,10,79.04489362
50125301,LAPICERA SILICON STUK VAR COLOR,10,131.313582
50125302,LAPICERA STUK VERDE ARCOIRIS,10,129.5777965
50125303,LAPICERA TELA STUK DOBLE CIERRE,10,86.97739409
50125304,LAPICERA STUK MULTICOLOR,10,84.62774887
50125305,LIBRETA STUK 60 HJ AZUL,10,110.5376478
50125306,LIBRETA STUK 80 HJ AZUL,10,87.34862059
50125307,LIBRETA STUK 80 HJ,10,87.37331809
50125308,LAPICERA STUK AZUL,10,46.15317624
50125309,LAPICERA STUK CREATIVITY,10,46.15554806
50125310,CUDERNO ESPIRAL MARIPOSA,10,43.99255937
50125311,LAPICERA ROSA BUTTERFLY,10,53.256
50125312,LIBRETA DE RAYAS STUK COOL AND KIND 60HJ,10,75.49102703
50125313,LIBRETA RAYAS STUK 80 HJ SUMMER,10,104.619775
50125314,SET LIBRETA STUK BEACH VIBES ONLY,10,110.586
50125315,BOLIGRAFO RETRACTIL STUK 4 PZAS,10,61.54022185
50125316,ROTULADORES STUK 10 PZAS VARIOS COLORES,10,74.30266744
50125317,LAPICERA STUK FLOWERS,10,81.081
50125318,LAPICERA STUK BEACH VIBES ONLY,10,72.77825982
50125319,LAPICERA STUK ROSA SUNNY DAYZ,10,135.4692018
50125320,SOBRE STUK SALMON,10,111.7705406
50125321,SACAPUNTAS STUK SUMMER 2 PZAS,10,20.80192867
50125322,LAPICEROS 0.7 MM AN 2PZAS,10,91.098
50125323,BOLIGRAFOS GEL COLORS 4 PZAS,10,200.4202941
50125324,LAPICERA ECO STUK CORCHO,10,90.342
50125325,LAPICERA ECO STUK DISENO MONSTERA,10,106.722
50125326,LAPICERA FLOWER,10,122.5035642
50125327,LAPICERA STUK TRASPARENTE FLOWER,10,90.33837004
50125328,LAPICERA SILICON STUK ESPACIO,10,111.804
50125329,LAPICERA STUK PINK AND PURPLE,10,87.507
50125330,LAPICERA TUBO STUK UNICORNIO,10,84.68233133
50125331,LAPICERA STUK VERDE CIERRE ROSA,10,146.244
50125332,LAPICERA LENTEJUELA,10,101.64
50125333,LIBRETA NOTE 80H  SYLOON,10,69.41566514
50125334,SET 3 CUADERNOS ECO STUK,10,119.7
50125335,LIBRETA ECO STUK 96 HJ,10,152.439
50125336,CUADERNO ESPIRAL STUK ARCOIRIS 80 HJ,10,182.385
50125337,CUADERNO ESPIRA R CARITAS,10,102.753
50125338,LAPICERA SILICON STUK OCEAN,10,148.323
50125339,LAPICERA STUK DISENO LAPIZ,10,188.6390119
50125340,MOCHILA ECOLOGICA GRIS CON CAFE STUK,10,354.7185178
50125341,LONCHERA ECO STUK GRIS,10,179.109
50125342,LAPICERA ECO STUK GRIS,10,87.64812025
50125343,LAPICERA STUK CONTROL GAMER,10,95.44879097
50125344,SACAPUNTAS  STUK ELECTRICO BLANCO,10,98.763
50125345,SACAPUNTAS ELECTRICO NEGRO OMX,10,456.3639414
50125346,BORRADOR HELADOS 3D,10,15.876
50125347,MARCADORES STUK DUAL TIP 36 PZAS,10,235.1496088
50125348,MARCATEXTO STUK 8 PZAS VARIOS COLORES,10,78.46340834
50125349,MARCADORES LAVABLES STUK 8PZAS VAR COLOR,10,35.55082065
50125453,LIBRETA ESPIRAL 105 H CON SEPARADOS SMI,10,76.58955891
50125454,LIBRETA ESPIRAL 96 H SMILEY,10,83.18967944
50125455,SET CUADERNOS R SMILEY 80 H,10,109.116
50125462,MARCADORES NEON 5 PZAS,10,49.96276705
50125463,BOLIGRAFO 0.7 MM SMILEY,10,25.85575833
50125464,SET MINI MARCADORES 4 PZAS,10,32.74079979
50125465,LAPICERA DE PLASTICO SMILEY,10,42.40777763
50125466,LAPICERA SILICON SMILEY,10,79.83990744
50125467,NOTEBOOK SMILEY,10,19.53
50125469,SACAPUNTAS CON DISENO SMILEY,10,19.53
50125470,BORRADOR  CON DISENO SMILEY,10,15.498
50125471,BORRADORES CON DISENO 6 PZAS SMILEY,10,31.95588785
50125473,LAPICERA CON CIERRE GRANDE SMILEY,10,46.5133616
50125475,BOTELLLA 550 ML SMILEY,10,63.16459286
50125480,MARCADORES 12 PZAS BUTTERFLY,10,33.89338945
50125481,BOLIGRAFO MULTICOLOR SMILEY,10,24.69423338
50125483,BOLIGRAFO POMPON SMILEY,10,49.96469537
50125486,CINTA CORRECTOR SMILEY,10,19.52974004
50125487,BOLIGRAFOS NEON  12 PZAS,10,61.13416137
50125488,LIBRETA ESPIRAL 105 H CON SEPARADORES,10,67.74583497
50125489,LIBRETA ESPIRAL 96 H CON POMPON,10,73.50310251
50125490,CUADERNO BUTTERFLY,10,73.50978868
50125491,SET BOLIGRAFO 3 PZAS,10,42.97672788
50125492,BOLIGRAFO DISENO BUTTERFLY,10,20.09350895
50125499,CINTA CORRECTOR STUK,10,19.52921606
50125500,LAPICERA BUTTERFLY,10,92.28640366
50125501,LAPICERA DE PLASTICO BUTTERFLY,10,54.24580149
50125503,BORRADOR STUK,10,15.4923939
50125504,BORRADOR CON DISENO DE BUTTERFLY,10,15.49744966
50125510,LIBRETA A5 COSIDA 72 H,10,40.195106
50125511,BOLIGRAFO CON 8 COLORS 0.7 MM,10,24.696
50125513,SET PLUMONES BUTTERFLY 12PZAS,10,160.81451
50125515,MOCHILA UNIVERSITARIA BUTTERFLY,10,252.714
50125597,LAPICEROS KIUT VAR. COLORES 4 PZAS,10,68.523
50125598,LAPICEROS KIUT NEGRO 3 PZAS,10,57.246
50125599,BLISTER LAPICEROS KIUT 8 PZAS,10,120.855
50125601,CUADERNO EMPASTADO FRAN KIUT 96H,10,179.046
50125602,CUADERNO C ARGOLLADO KIUT,10,243.534758
50125604,CUADERNO MINI KIUT RY 80H,10,43.4357634
50125605,CUADERNO A5 KIUT C7 160H,10,226.3876968
50125606,CUADERNO PROF KIUT RY 120H,10,307.734
50125608,CUADERNO FRAN KIUT C7 100H,10,90.195
50125609,CUADERNO FRAN KIUT C5 100H,10,91.76638424
50125610,CUADERNO PROF KIUT C7 200H 5M,10,299.8369553
50125611,MARCADORES LAVABLE KIUT 12 PZAS,10,114.3921797
50125612,MARCADORES GRAFIGEL KIUT 8 PZAS,10,153.0526606
50125613,MARCADORES PERM PUNTA FINA KIUT 8PZAS,10,211.764
50125615,COLORES KIUT METALIZADOS 6 PZAS,10,97.16976969
50125616,COLORES KIUT NEON 6 PZAS,10,97.29912108
50125617,MARCATEXTOS KIUT NEON 5 PZAS,10,144.688514
50125618,BULLET JOURNAL KIUT A5 120H,10,198.975
50125619,PLANEADOR DIARIO KIUT 60P,10,144.753
50125620,CUADERNO CUADROS KIUT FOREVER,10,248.472
50125621,CUADERNO KIUT FOREVER,10,263.088
50125622,CUADERNO ARGOLLADO KIUT FOREVER,10,214.7680832
50125625,ROLLER PARKER IM BURGUNDY,10,1396.5
50125626,BOL PARKER IM BURDUNGDY,10,1026.9
50125627,PLUMA FUENTE PARKER IM CHAMPAGNE,10,1418.934146
50125628,ROLLER PARKER IM CHAMPAGNE,10,1085.644737
50125629,BOL PARKER IM CHAMPAGNE,10,1026.9
50125630,BOLIGRAFO JOTTER NEGRO,10,737.1
50125631,BOLIGRAFO JOTTER ORO ROSA,10,737.1
50125632,BOLIGRAFO JOTTER PLATA,10,737.1
50125634,BOLIGRAFO WATERMAN ALLURE ROSA,10,464.91375
50125715,BOTELLA BUBBA ENVY 18OZ NEGRO,10,427.9699846
50125717,BOTELLA BUBBA ENVY 18OZ PLATA,10,379.4940435
50125718,BOTELLA BUBBA ENVY 18OZ AZUL,10,310.3298507
50125743,MOCHILA KRIMMLER AZUL PETROLEO TOTTO,10,1791.237
50125752,LONCHERA PIZARRA ROSA MARRON TOTTO,10,546.63
50125753,LONCHERA PIZARRA PURPURA CLARO TOTTO,10,546.63
50125754,LONCHERA PIZARRA ROCK TOTTO,10,546.63
50125755,LONCHERA PIZARRA ANIME TOTTO,10,546.63
50125756,MOCHILA ACUARELA VERDE OLIVA TOTTO,10,994.686
50125757,MOCHILA ACUARELA ROSA PALIDO TOTTO,10,994.686
50125758,MOCHILA ACUARELA RAYOL TOTTO,10,994.686
50125759,MOCHILA ACUARELA GATOS TOTTO,10,994.686
50125760,MOCHILA ACUARELA ANIME H TOTTO,10,994.686
50125761,MOCHILA ACUARELA ANIME M TOTTO,10,994.686
50125762,MOCHILA GAMMATTO GRIS AZULADO TOTTO,10,695.982
50125763,MOCHILA GAMMATTO ROSA CORAL TOTTO,10,695.982
50125764,MOCHILA  GAMMATTO AZUL VERSATIL TOTTO,10,695.982
50125765,MOCHILA P TABLET Y PC INDO AZUL TOTTO,10,1492.533
50125766,LAPICERA MULTIUSO AGAPEC VERDE,10,447.069
50125767,LAPICERA MULTIUSO AGAPEC MORADO,10,447.069
50125768,LAPICERA MULTIUSO AGAPEC MUSICA,10,447.069
50125769,LAPICERA MULTIUSO AGAPEC ANIME H,10,447.069
50125770,LAPICERA MULTIUSO AGAPEC ANIME M,10,447.069
50125771,LAPICERA MULTIUSO AGAPEC NEGRO N01,10,447.069
50125878,PORTABOTELLA KIUT,10,396.564
50125880,MINI CUADERNO DOGS RY 80H,10,42.714
50125907,ECOLAPIZ HEXAGONAL FABER CASTELL 12 PZAS,10,105.504
50125908,ECOLAPIZ HEXAGONAL FABER CASTELL 24 PZAS,10,210.798
50125909,ECOLAPIZ BICOLOR FABER CASTELL 12 PZAS,10,153.027
50125910,ECOLAPIZ PASTEL FABER CASTELL 10 PZAS,10,129.57
50125911,PLUMON FIESTA 45 FABER CASTELL 12 PZAS,10,86.289
50125912,PLUMON FIESTA 45 FABER CASTELL 20 PZAS,10,149.562
50125913,PLUMON FIESTA PASTEL FAB CASTELL 6 PZAS,10,54.012
50125914,PLUMON FIESTA 45 NEON FAB CASTELL 6 PZAS,10,54.012
50125915,MARCADOR GRIP FINEN FAB CASTELL 20 PZAS,10,367.5
50125916,MARCADOR FABER CASTELL 1 PZAS,10,51.681
50125917,MARCATEXTOS PASTEL SUP FAB CASTELL 6 PZS,10,146.958
50125918,MARCATEXTOS PLUS MET FABER CASTELL 6 PZS,10,174.51
50126031,PLUMONES JUMBO JUNGLE FEVER 12 PZAS,10,133.728
50126032,LAPIZ GRAFITO HB JUNGLE FEVER 2 PZAS,10,30.471
50126034,SET ESCOLAR HARRY POTTER,10,347.8273636
50126035,LAPICES CERA JUNGLE FEVER JUMBO 12 PZAS,10,73.647
50126036,GOMA JUNGLE FEVER,10,15.792
50126037,SACAPUNTAS LATA 2O JUNGLE FEVER,10,43.47
50126038,SET LETTERING 22PZAS,10,376.4198
50126041,SACAPUNTAS LATA 2O PIXEL PARTY,10,43.47
50126042,GOMA TUBO PIXEL PARTY,10,36.603
50126044,LAPIZ GRAFITO HB GLITTER 6 PZAS,10,44.4497224
50126045,PLUMONES BARBIE 12 PZAS,10,103.215
50126046,MARCADOR FLUO PIXEL PARTY POCKET 4 PZAS,10,92.883
50126047,PLUMONES AQUA COLORPEPS 10 PZAS + PINCEL,10,97.839
50126048,PLUMONES BORRABLES COLORPEPS 12 PZAS,10,86.205
50126049,SACAPUNTAS 10 SHAKER BARBIE,10,40.32
50126050,GOMA TUBO BARBIE,10,40.257
50126051,LAPICERA OPEN XXL FANCY BARBIE,10,235.116
50126052,OPEN XXL LAPICERA FANCY PASTEL BUTTERFLY,10,213.738
50126053,BOTELLA 430ML PIXEL PARTY,10,325.416
50126054,BOTELLA 430ML BARBIE,10,357.966
50127111,CUADERNO PRO RAY 100H SELECCION MEX,10,68.93513514
50127112,CUADERNO PRO C5 100H SELECCION MEX,10,69.18265221
50127113,CUADERNO PRO C7 100H SELECCION MEX,10,68.75942261
50127134,CUADERNO COSIDO FRAN RAY 100 MB,10,296.8727569
50127135,CUADERNO PD PRO RAY 150 INBLACK,10,344.6130409
50127136,CUADERNO POCKET RAY 80H SUPERGIRL,10,30.387
50127137,BLOCK PEG CTA BCO 80H SUPERGIRL,10,84.7940729
50127138,CUADERNO PD PRO RAY 150H INCOLORS,10,347.2358454
50127142,MARCADOR SHARPIE ACRILICO PUNTA BALA 2PZ,10,93.70962825
50127143,MARCADOR SHARPIE ACRILICO PUNTA BALA 5PZ,10,170.8951772
50127144,MARCADOR SHARPIE ACRIL PUNTA BALA 12PZ,10,480.8680481
50127145,MARCADOR SHARPIE ACRIL PUNTA PINCEL 5PZ,10,205.0726204
50127146,MARCADOR SHARPIE ACRIL PUNTA PINCEL 12PZ,10,568.0170846
50127157,CUADERNO MINI  60 HOJAS EFFORTLESS GRACE,10,198.87
50127158,CUADERNO MINI 60 HOJAS BUTTERFLY,10,198.87
50127159,CUADERNO CLASIC HOJAS NEGRAS C/60 HOJAS,10,293.013
50127160,CUADERNO CLASIC COLORS HOJAS BLANCAS 60H,10,351.834
50127161,CUADERNO CLASIC PEGGY DEAN CON 60 HOJAS,10,351.834
50127170,LIBRETA CLASICA GDE AMARILLA,10,715.806
50127171,LIBRETA CLASICA GDE AZLARRECIFEHBD,10,715.806
50127172,LIBRETA CLASICA GDE UVA,10,715.806
50127173,LIBRETA CLASICA GDE MENTA,10,715.806
50127174,LIBRETA CLASICA GDE MARRON,10,715.806
50127175,LIBRETA GDE VANGOGH,10,889.602
50127176,LIBRETA FRIDA VIVA GDE HR D,10,833.8605
50127177,LIBRETA GTHRONES GDE NGA HB D,10,596.337
50127179,LIBRETA GDE I LOVE NY BLANCA RAYA PD,10,889.602
50127180,LIBRETA GRANDE I LOVE NY NEGRA RAYA PD,10,889.602
50127207,LAPICERA BELY,10,342.342
50127208,LONCHERA BELY,10,537.705
50127209,MOCHILA BELY MEDIANA,10,948.906
50127210,MOCHILA BELY CHICA,10,783.321
50127211,LAPICERA BELY Y BETO,10,293.979
50127212,MOCHILA BELY Y BETO,10,734.937
50127213,LONCHERA BELY Y BETO,10,507.948
50127215,LAPICERA WE BARE BEARS,10,360.948
50127216,LAPICERA BATMAN,10,293.979
50127217,LONCHERA BATMAN,10,507.948
50127218,MOCHILA BATMAN,10,1027.047
50127219,LAPICERA ECCENTRIK DONKEY,10,264.201
50127221,LAPICERA ECCENTRIK DONKEY,10,264.201
50127222,LAPICERA ECCENTRIK DONKEY,10,264.201
50127223,LAPICERA ECCENTRIK DONKEY,10,264.201
50127225,LAPICERA ECCENTRIK DONKEY,10,264.201
50127228,LAPICERA LADY BUG,10,342.342
50127229,LONCHERA LADY BUG,10,507.948
50127230,MOCHILA LADY BUG,10,948.906
50127231,LAPICERA NASA,10,342.342
50127232,LONCHERA NASA,10,586.089
50127233,MOCHILA NASA,10,880.068
50127234,LAPICERA NASA,10,306.999
50127235,LAPICERA ONE PIECE,10,256.767
50127236,MOCHILA ONE PIECE MEDIANA NEGRA,10,880.068
50127237,MOCHILA ONE PIECE MEDIANA PIRATA,10,956.34
50127238,LAPICERA URBANIA GRIS,10,256.767
50127239,LONCHERA URBANIA GRIS,10,487.473
50127241,LAPICERA URBANIA AZUL,10,256.767
50127242,LONCHERA URBANIA AZUL,10,487.473
50127244,LAPICERA URBANIA CAMEL,10,256.767
50127245,LONCHERA URBANIA CAMEL,10,487.473
50127247,LAPICERA URBANIA ROSA,10,256.767
50127248,LONCHERA URBANIA ROSA,10,487.473
50127250,LAPICERA URBANIA TRENDS,10,256.767
50127252,LAPICERA URBANIA TRENDS ROSA,10,256.767
50127253,MOCHILA URBANIA TRENDS ROSA,10,574.917
50127254,MOCHILA URBANIA RICK AND MORTY,10,697.725
50127291,ADAPTADOR DE DEDOS CAJA X10 KIDY LEARN,10,51.03121927
50127301,LIBRETA STUK SMILEY AZUL,10,143.976
50127302,LIBRETA STUK SMILEY AMARILLO,10,143.976
50127303,LIBRETA STUK SMILEY ROSA,10,143.976
50127304,LIBRETA STUK BUTTERFLY ROSA,10,143.976
50127305,LIBRETA STUK BUTTERFLY AZUL,10,143.976
50127306,LIBRETA STUK BUTTERFLY MORADO,10,143.976
50127582,LONCHERA DEVRY KLASS AZUL OSCURO,10,646.212
50127583,LONCHERA DEVRY KLASS AZUL AGUA,10,646.212
50127584,LONCHERA GRAFITO YATTA GRIS OSCURO,10,646.212
50127585,LONCHERA GRAFITO YATTA AZUL GRISACEO,10,646.212
50127586,LONCHERA PIZARRA ECOLE HAPPY FLOW,10,546.63
50127587,LONCHERA PIZARRA ECOLE MUSIC,10,546.63
50127588,LONCHERA PIZARRA ECOLE ARCOIRIS,10,546.63
50127589,LONCHERA PIZARRA ECOLE GAMER,10,546.63
50127590,LONCHERA PIZARRA ECOLE GRAFFITI,10,546.63
50127592,LONCHERA PIZARRA ECOLE ESTAMPADO,10,546.63
50127593,LONCHERA PIZARRA ECOLE CORAZONES ROSA,10,546.63
50127594,LONCHERA PIZARRA ECOLE TORNASOL,10,546.63
50127595,LONCHERA PIZARRA ECOLE DRAGONES,10,546.63
50127596,LONCHERA PIZARRA ECOLE AZUL MILITAR,10,546.63
50127597,LONCHERA PIZARRA ECOLE NEGRO,10,546.63
50127598,MOCHILA ACUARELA ECOLE HAPPY FLOW,10,994.686
50127599,MOCHILA ACUARELA ECOLE MUSIC,10,994.686
50127600,MOCHILA ACUARELA ECOLE ARCOIRIS,10,994.686
50127601,MOCHILA ACUARELA ECOLE GAMER,10,994.686
50127602,MOCHILA ACUARELA ECOLE GRAFFITI,10,994.686
50127604,MOCHILA ACUARELA ECOLE ESTAMPADO,10,994.686
50127605,MOCHILA ACUARELA ECOLE ROSA CORAZONES,10,994.686
50127606,MOCHILA ACUARELA ECOLE CAMUFLAJE,10,994.686
50127607,MOCHILA ACUARELA ECOLE DRAGONES,10,994.686
50127608,MOCHILA ACUARELA ECOLE AZUL MILITAR,10,994.686
50127609,MOCHILA ACUARELA ECOLE GRIS OSCURO,10,994.686
50127610,MOCHILA ACUARELA ECOLE AZUL OSCURO,10,994.686
50127613,MOCHILA GAMMATTO SHEYMA GRIS OSCURO,10,695.982
50127614,MOCHILA GAMMATTO SHEYMA AZUL OSCURO,10,695.982
50127615,MOCHILA GOCTAL SUPRA GRIS OSCURO,10,1392.972
50127616,MOCHILA GOCTAL SUPRA NEGRA,10,1392.972
50127617,MOCHILA GOCTAL SUPRA MORADO CLARO,10,1392.972
50127618,BACKPACK CAMBRI KLASS AZUL OSCURO,10,1542.324
50127619,BACKPACK CAMBRI 2.0 KLASS VERDE GRISACEO,10,1542.324
50127620,BACKPACK CAMBRI 2.0 KLASS AZUL CLARO,10,1542.324
50127622,MOCHILA TOCAX   BLANCA,10,845.334
50127623,MOCHILA TOCAX   ROSA CORAZONES,10,695.982
50127624,MOCHILA TOCAX AZUL,10,845.334
50127625,MOCHILA TOCAX NEGRO CON BLANCO,10,695.982
50127626,MOCHILA TOCAX ARCOIRIS RAYADO,10,695.982
50127627,LAPICERA AGAPEC ECOLE HAPPY FLOW,10,447.069
50127628,LAPICERA AGAPEC ECOLE MUSIC,10,447.069
50127629,LAPICERA AGAPEC ECOLE ARCOIRIS,10,447.069
50127630,LAPICERA AGAPEC ECOLE GAMER,10,447.069
50127631,LAPICERA AGAPEC ECOLE GRAFFITI,10,447.069
50127632,LAPICERA AGAPEC ECOLE DINOSAURIOS,10,447.069
50127633,LAPICERA AGAPEC ECOLE ESTAMPADO,10,447.069
50127634,LAPICERA AGAPEC ECOLE ROSA CORAZONES,10,447.069
50127635,LAPICERA AGAPEC ECOLE TORNASOL,10,447.069
50127636,LAPICERA AGAPEC ECOLE DRAGONES,10,447.069
50127637,LAPICERA AGAPEC ECOLE AZUL MILITAR,10,447.069
50127638,LAPICERA MARANON YATTA LILA,10,397.278
50127639,LAPICERA ZURICH KLASS VERDE GRISACEO,10,357.462
50127640,LAPICERA ZURICH KLASS AZUL OSCURO,10,357.462
50127641,LAPICERA ZURICH KLASS AZUL AGUA,10,357.462
50127675,CUADERNO PROFESIONAL HELLO KITTY RY,10,111.5751867
50127676,CUADERNO PROFESIONAL HELLO KITTY C5,10,111.9871115
50127677,CUADERNO PROFESIONAL HELLO KITTY C7,10,111.7776237
50127678,CUADERNO FRANCES HELLO KITTY 100 H RAYA,10,90.98731588
50127679,CUADERNO FRANCES HELLO KITTY 100 H C7,10,90.98549206
50127681,MARCADORES LAVABLES DOBLE PUNTA X 10U,10,128.7706319
50127682,CRAYONES DE GEL NORMA 12 PIEZAS,10,405.573
50127683,COLORES DOBLE PUNTA KIUT 13 LAPICES,10,204.9152007
50127684,CUADERNO AMERICANO EXPRESARTE RY 100H,10,99.98277289
50127685,CUADERNO AMERICANO EXPRESARTE C5 100H,10,101.493
50127686,CUADERNO AMERICANO EXPRESARTE C7 100H,10,99.24336885
50127687,CUADERNO AMERICANO CLICK GIRLS RY 100H,10,124.866
50127688,CUADERNO AMERICANO CLICK GIRLS C5 100H,10,124.866
50127693,PLUMONES LAVABLES PUNTA BALA NORMA X 12,10,71.211
50127694,PLUMONES LAVABLES PUNTA BALA NORMA X 24,10,146.7966069
50127695,CUADERNO PROF UNICAMPUS MET. RY 100H,10,141.12
50127696,CUADERNO PROF UNICAMPUS MET. C7 100H,10,141.12
50127697,CUADERNO PROF UNICAMPUS MET. C5 100H,10,141.12
50127698,CUADERNO PROF JEAN BOOK FORRADO RY 160H,10,360.3090966
50127699,CUADERNO PROF JEAN BOOK FORRADO C7 160H,10,359.8054444
50127700,CUADERNO PROF JEAN BOOK FORRADO C5 160H,10,359.7497786
50127701,BOLIGRAFOS NORMA X3 PUNTO MEDIO NEGRO,10,32.66520048
50127702,BOLIGRAFOS NORMA X3 PUNTO MEDIO NRA,10,32.21459635
50127704,MARCADOR PARA PIZARRON NORMA NEGRO,10,29.0168488
50127705,MARCADOR PARA PIZARRON NORMA AZUL,10,30.12049485
50127707,CUADERNO PROF KIUT TELA RY 160H,10,355.9108183
50127708,CUADERNO PROF KIUT TELA C7 160H,10,357.4352887
50127709,CUADERNO PROF KIUT TELA C5 160H,10,357.3120143
50127710,CUADERNO DISNEY INTENSAMENTE2 RY 100H,10,102.102
50127711,CUADERNO DISNEY INTENSAMENTE2 C5 100H,10,102.102
50127712,CUADERNO DISNEY INTENSAMENTE2 C7 100H,10,102.102
50127713,CUADERNO AMERICANO POCKEMON RY 100H,10,106.344
50127714,CUADERNO AMERICANO POCKEMON C5 100H,10,106.344
50127715,CUADERNO AMERICANO POCKEMON C7100H,10,106.344
50127716,CUADERNO AMERICANO CLICK GIRLS C7 100H,10,124.866
50127717,LAPICERA TRIPLE KIUT GEOMETRIC,10,291.9
50127718,LAPICERA DOBLE KIUT STARDUST,10,291.9
50127719,LAPICERA TRIPLE KIUTA BLUE GARDEN,10,278.18448
50127720,LAPICERA FASHION KIUT MAGIC TURQUOISE,10,268.8
50127721,LONCHERA FASHION KIUT BLUE GARDEN,10,481.0774296
50127722,LONCHERA FASHION KIUT GEOMETRIC,10,473.2152429
50127723,MOCHILA NORMA STARDUST,10,1047.9
50127724,LONCHERA FASHION KIUT MAGIC TURQUOISE,10,510.3
50127725,MOCHILA NORMA MAGIC TURQUOISE,10,1047.9
50127726,MOCHILA NORMA BLUE GARDEN,10,924.16695
50127727,MOCHILA NORMA GEOMETRIC,10,1026.651674
50127728,LONCHERA FASHION KIUT STARDUST,10,510.3
50127729,LAPICERA TRIPLE KIUT AURORA BOREAL,10,291.9
50127730,MOCHILA NORMA AURORA BOREAL,10,955.5
50127733,LAPICERA DOBLE FERRARI JUNIOR,10,354.9
50127734,MOCHILA FERRARI JUNIOR,10,1326.567321
50127735,LONCHERA FERRARI JUNIOR,10,503.37
50127739,MOCHILA JEAN BOOK ATTITUDE,10,1152.9
50127740,BOLIGRAFO ENERGEL 0.7 MM C/12 COLORES,10,262.92
50127741,BOLIGRAFO ENERGEL PERM 0.7MM T.NEGRO,10,83.55711512
50127742,BOLIGRAFO ENERGEL PERM 0.7MM T.AZUL,10,83.67125562
50127743,BOLIGRAFO ROLLER 0.8MM T.NEGRO,10,64.428
50127744,BOLIGRAFO ROLLER 0.8MM T.AZUL,10,64.428
50127745,CORRECTOR DE CINTA WEEZER 6M X 5MM C/1 R,10,64.365
50127746,BOLIGRAFO HYBRID GEL METALLIC 4 PZAS,10,200.046
50127748,BACKPACK BARBIE ROSA/ MORADO,10,1009.05
50127749,LAPICERA BARBIE ROSA/ MORADO,10,389.97
50127750,BACKPACK DRAGON BALL S,10,1052.52
50127751,LONCHERA DRAGON BALL S,10,596.4
50127752,LAPICERA DRAGON BALL S,10,400.89
50127753,BACKPACK DRAGON BALL Z NEGRO/ NARANJA,10,867.93
50127754,LAPICERA BOB ESPONJA ROJO / NARANJA,10,389.97
50127755,BACKPACK BOB ESPONJA ROSA/ MORADO/ VERDE,10,1161.09
50127756,LONCHERA BOB ESPONJA ROSA/ MORADO/ VERDE,10,650.58
50127757,LAPICERA BOB ESPONJA ROSA/ MORADO/ VERDE,10,520.38
50127758,BACKPACK BOB ESPONJA AMARILLO/ CAFE,10,1052.52
50127759,LONCHERA BOB ESPONJA AMARILLO/ CAFE,10,596.4
50127760,LAPICERA BOB ESPONJA AMARILLO/ CAFE,10,400.89
50127761,BACKPACK HALO VERDE,10,1009.05
50127762,LONCHERA HALO VERDE,10,683.13
50127763,LAPICERA HALO VERDE,10,389.97
50127777,MOCHILA DISNEY CARS,10,863.1
50127778,LONCHERA DISNEY CARS,10,623.7
50127779,LAPICERA DISNEY CARS,10,363.3
50127780,MOCHILA GARENA TRUZ FREE FIRE D,10,861
50127781,MOCHILA SANRIO HELLO KITTY D,10,861
50127782,LONCHERA SANRIO HELLO KITTY D,10,527.1
50127783,LAPICERA SANRIO HELLO KITTY D,10,333.9
50127784,LONCHERA INFANTIL FEMENINO RUZ HOLI D,10,478.8
50127785,LAPICERA INFANTIL FEMENINO RUZ HOLI D,10,317.1
50127786,MOCHILA JUSTICE JUSTICE A,10,632.1
50127787,LAPICERA JUSTICE JUSTICE A,10,252
50127788,MOCHILA MICROSOFT MINECRAFT D,10,764.4
50127789,LONCHERA MICROSOFT MINECRAFT D,10,577.5
50127790,LAPICERA MICROSOFT MINECRAFT D,10,336
50127791,LAPICERA GAZER MIS PASTELITOS D,10,336
50127792,MOCHILA GAZER MIS PASTELITOS CHARMS,10,957.6
50127793,LONCHERA GAZER MIS PASTELITOS CHARMS,10,623.7
50127794,MOCHILA GAZER MIS PASTELITOS FEATURE,10,1054.2
50127795,LONCHERA GAZER MIS PASTELITOS FEATURE,10,575.4
50127796,LAPICERA GAZER MIS PASTELITOS FEATURE,10,333.9
50127797,MOCHILA INFANTIL ONIX ONIX D,10,907.2
50127798,LONCHERA INFANTIL ONIX ONIX D,10,577.5
50127799,LAPICERA INFANTIL ONIX ONIX D,10,336
50127800,MOCHILA ONIX ONIX D CON LUCES,10,861
50127801,LONCHERA ONIX ONIX D,10,527.1
50127802,LAPICERA ONIX ONIX D,10,315
50127803,MOCHILA MARVEL SPIDER-MAN D,10,907.2
50127804,LONCHERA MARVEL SPIDER-MAN D,10,577.5
50127805,LAPICERA MARVEL SPIDER-MAN D,10,336
50127806,MOCHILA MARVEL SPIDEY AND FRIENDS,10,957.6
50127807,LONCHERA MARVEL SPIDEY AND FRIENDS,10,575.4
50127808,LAPICERA MARVEL SPIDEY AND FRIENDS,10,333.9
50127810,MOCHILA DISNEY TRUZT STITCH D,10,861
50127811,LAPICERA DISNEY TRUZT STITCH D,10,315
50127812,MOCHILA SUPER MARIO BROS PELI D,10,861
50127813,LONCHERA THE SUPER MARIO BROS PELI D,10,527.1
50127814,LAPICERA UNIVERSAL THE SUPER MARIO BROS,10,363.3
50127817,MOCHILA SUPER MARIO BROS PELI A,10,632.1
50127818,LONCHERA THE SUPER MARIO BROS PELI A,10,443.1
50127819,LAPICERA THE SUPER MARIO BROS PELI A,10,252
50127820,MOCHILA PREMIUM SANRIO HELLO KITTY,10,1438.5
50127821,MOCHILA ONIX ONIX D,10,1371.3
50127822,MOCHILA NICKELODEON PAW PATROL PREMIUM,10,1293.6
50127823,MOCHILA PREM THE SUPER MARIO BROS PELI D,10,1293.6
50127824,MOCHILA KINDER DISNEY FROZEN D,10,764.4
50127825,MOCHILA PRIMARIA DISNEY FROZEN D,10,907.2
50127826,LONCHERA DISNEY FROZEN D,10,577.5
50127827,LAPICERA DISNEY FROZEN D,10,336
50127828,MOCHILA JUSTICE JUSTICE D,10,861
50127829,LONCHERA JUSTICE JUSTICE D,10,527.1
50127831,MOCHILA WARNER BROS TRUZT HARRY POTTER,10,861
50127832,LAPICERA WARNER BROS TRUZT HARRY POTTER,10,329.9579952
50127833,MOCHILA UNIVERSAL TRUZT JURASSIC PARK D,10,861
50127834,LAPICERA TRUZT JURASSIC PARK D,10,333.9
50127835,MOCHILA NICKELODEON PAW PATROL D,10,669.9
50127836,MOCHILA NICKELODEON PAW PATROL,10,669.9
50127837,LONCHERA NICKELODEON PAW PATROL D,10,527.1
50127838,LAPICERA NICKELODEON PAW PATROL D,10,363.3
50127839,MOCHILA THE POKEMON COMPANY POKEMON D,10,907.2
50127840,LONCHERA THE POKEMON COMPANY POKEMON D,10,577.5
50127841,LAPICERA THE POKEMON COMPANY POKEMON D,10,336
50127847,BOLIGRAFO FLAIR FINO DOBLE PUNTA 8 PZ,10,150.2045866
50127848,BOLIGRAGO FLAIR PUNTO  MED AROMAS 6PZ,10,131.8744291
50127849,BOLIGRAFO KILOMETRICO GEL PUNTO FINO 6PZ,10,333.9
50127850,MARCATEXTOS SHARPIE GEL 5PZ,10,177.4401796
50127852,BOLIGRAFO SHARPIE GEL PUNTO MED 2PZ,10,155.4
50127853,COLORES PAPERMATE FANTASY PUNTA DOB 15PZ,10,115.5
50127856,MARCADORES SHARPIE VARIAS PUNTAS 72 PZ,10,709.058
50127857,MARCADOR PIZARRON C/BORRADOR VAR 4PZ,10,100.8
50127858,MARCATEXTOS SHARPIE PASTEL 6 PZ,10,134.9544468
50127861,MARCADORES SHARPIE TERRACOTA 5PZ,10,128.1
50127862,MARCADORES SHARPIE TERRACOTA 12PZ,10,146.42619
50127864,BOLIGRAFO PAPERMATE NEGRO 12PZ,10,38.052
50127865,MARCADOR SHARPIE NEGRO 4PZ,10,97.32978832
50127866,MARCATEXTOS SHARPIE 2PZ,10,52.5
50127867,BOLIGRAFO KILOMETRICO NEGRO 2PZ,10,14.7
50127873,CUADERNO GLADIADOR 100H RY DISNEY,10,121.401
50127874,CUADERNO GLADIADOR 100H C5 DISNEY,10,121.401
50127875,CUADERNO GLADIADOR 100H C7 DISNEY,10,121.401
50127876,CUADERNO GLADIADOR 100H RY STITCH VERANO,10,123.6749328
50127877,CUADERNO GLADIADOR 100H C5 STITCH VERANO,10,113.442
50127878,CUADERNO GLADIADOR 100H C7 STITCH VERANO,10,124.4093588
50127879,CUADERNO GLADIADOR 100H RY ASTROLOGY,10,109.8928531
50127880,CUADERNO GLADIADOR 100H C5 ASTROLOGY,10,110.8069322
50127881,CUADERNO GLADIADOR 100H C7 ASTROLOGY,10,105.441
50127882,CUADERNO SAMURAI 100H RY MICKEY Y AMIGOS,10,160.8741022
50127883,CUADERNO SAMURAI 100H C5 MICKEY Y AMIGOS,10,151.767
50127884,CUADERNO SAMURAI 100H C7 MICKEY Y AMIGOS,10,161.6255658
50127885,CUADERNO SAMURAI 100H RY MARIPOSA CIELO,10,161.5770704
50127886,CUADERNO SAMURAI 100H C5 MARIPOSA CIELO,10,151.767
50127887,CUADERNO SAMURAI 100H C7 MARIPOSA CIELO,10,163.3083501
50127888,CUADERNO SAMURAI 90H RY CHICAS GAMER,10,70.308
50127889,CUADERNO PROF  90H C5 CHICAS GAMER,10,70.308
50127890,CUADERNO PROF COMB 90H C7 CHICAS GAMER,10,70.308
50127891,CUADERNO PROF COMB 90H RY OSITOS KAWAII,10,70.308
50127892,CUADERNO PROF COMB 90H C5 OSITOS KAWAII,10,70.308
50127893,CUADERNO PROF COMB 90H C7 OSITOS KAWAII,10,70.308
50127902,BOLIGRAFO KILOMETRICO AZUL 2PZ,10,15.63622628
50127919,LAPICERA JOYSTICK GAMER NEGRO ZIPIT,10,307.8894072
50127920,LAPICERA GAME OVER GRIS,10,251.4569254
50127921,LAPICERA CON TAPA EN SILICON WAVE NEON,10,357
50127922,LAPICERA CON TAPA EN SILICON WAVE AZUL,10,336.155717
50127923,LAPICERA TRANSPARENTE ARCOIRIS ROSA,10,247.8
50127924,LAPICERA TRANSPARENTE GAMER NEGRO,10,248.3835334
50127925,LAPICERA SEMI RIGIDA PIRATA GRIS,10,259.35
50127926,LAPICERA SEMI RIGIDA DRAGON NEGRO,10,259.35
50127927,LAPICERA SEMI RIGIDA GATO ROSA,10,266.545087
50127928,LAPICERA  GATO TURQUESA,10,283.5
50127929,LAPICERA SEMI RIGIDA CARBON AZUL,10,316.8697079
50127930,LAPICERA 2 SEPARADORES ROSA ARCOIRIS,10,225.9045
50127931,LAPICERA 2 SEPARADORES FUTBOL VERDE,10,270.9
50127932,LAPICERA 3 SEPARADORES COLOR NEGRO,10,385.6700851
50127933,LAPICERA 3 SEPARADORES COLOR GRIS,10,370.5322826
50127934,LAPICERA 3 SEPARADORES COLOR MENTA,10,368.336282
50127935,LAPICERA BASE SILICON CON DISENO HELADO,10,213.15
50127940,BOLIGRAFO Y LAPICERO ELITE SILVER NEGRO,10,77.154
50127941,BOLIGRAFO Y LAPICERO ELITE SILVER AZUL,10,77.154
50127942,BOLIGRAFO J ROLLER STICK CON REZINA,10,86.856
50127943,MARCADOR CLICKART NEGRO,10,39.27
50127944,MARCADOR CLICKART AZUL,10,39.27
50127945,MARCADOR CLICKART 12 PZAS,10,358.05
50127946,BOLIGRAFO MULTI 4 COLORES + LAPICERO,10,189.42
50127947,BOLIGRAFO GEL JROLLER 3 PZAS M COLORES,10,72.534
50127948,BOLIGRAFO GEL J ROLLER 2PZAS NEGRO,10,49.203
50127949,BOLIGRAFO GEL JROLLER 2 PZAS AZUL,10,49.203
50127950,PLUMA FUENTE NEGRA Y AZUL,10,109.032
50127951,LAPICERO 0.7 ZGRIP PLUS SISTEMA GOLPE,10,83.853
50127952,BOLIGRAFO PILOT PRECISE FINO NEGRO 2PZAS,10,126.546
50127953,BOLIGRAFO GEL PILOT G2 FINO AZUL 2 PZAS,10,119.448
50127954,BOLIGRAFO BORRABLE PILOT FINO AZUL 2PZAS,10,153.489
50127955,BOLIGRAFO BORRABLE FINO MULTICOLOR 3PZAS,10,165.186
50127968,MOCHILA MARIO BROS AZUL,10,1085.112
50127969,LONCHERA MARIO BROS AZUL,10,650.643
50127970,LAPICERA MARIO BROS AZUL,10,487.704
50127971,MOCHILA CON RUEDAS  MARIO BROS AZUL,10,2171.337
50127972,MOCHILA MARIO BROS ROSA,10,1085.112
50127973,LAPICERA MARIO BROS ROSA,10,487.704
50127974,LONCHERA MARIO BROS ROSA,10,650.643
50127975,MOCHILA CON RUEDAS  MARIO BROS ROSA,10,2171.337
50127976,LAPICERA MARIO BROS ROJO,10,487.704
50127977,MOCHILA CON RUEDAS  MARIO BROS ROJO,10,2171.337
50127978,MOCHILA MINECRAFT VERDE NEGRO,10,1193.745
50127979,LAPICERA MINECRAFT VERDE NEGRO,10,490.8217808
50127980,MOCHILA MINECRAFT VERDE,10,1090.966266
50127981,LONCHERA MINECRAFT VERDE,10,650.643
50127982,LAPICERA MINECRAFT VERDE,10,487.704
50127983,MOCHILA HAPPY GIRL ROSA,10,1085.112
50127984,LONCHERA HAPPY GIRL ROSA,10,650.643
50127985,LAPICERA HAPPY GIRL ROSA,10,434.4613758
50127986,MOCHILA HAPPY GIRL NEGRO,10,1085.112
50127987,LONCHERA HAPPY GIRL NEGRO FLOR,10,650.643
50127988,LAPICERA HAPPY GIRL NEGRO,10,487.704
50127989,MOCHILA HAPPY GIRL NEGRO FLOR,10,1085.112
50127990,LONCHERA HAPPY GIRL NEGRO,10,650.643
50127991,LAPICERA HAPPY GIRL NEGRO FLOR,10,494.9293333
50127993,LONCHERA CHENSON NEGRO,10,542.01
50127995,MOCHILA CHENSON AZUL,10,867.888
50127996,LONCHERA CHENSON AZUL,10,542.01
50127997,LAPICERA CHENSON AZUL,10,324.786
50127998,MOCHILA CHENSON ROSA,10,867.888
50127999,LONCHERA CHENSON ROSA,10,542.01
50128000,LAPICERA CHENSON ROSA,10,324.786
50128001,MOCHILA ROSA,10,1085.112
50128002,MOCHILA VERDE MILITAR,10,1193.745
50128003,MOCHILA VERDE,10,650.643
50128004,LAPICERA MARIO BROS ROJO BLANCO,10,379.092
50128005,MOCHILA MARIO BROS AZUL ROJO,10,759.255
50128006,MOCHILA LILA,10,650.706
50128099,LAPIZ EVOLUTION NO.2 VERDE HEXA 4PZAS+1,10,25.095
50128100,LAPIZ EVOLUTION NO.2 VERDE HEXA 8PZAS+1,10,43.344
50128101,LAPICES COLORES KIDS PASTEL HEX 12PZAS+2,10,104.5206141
50128102,PLUMONES LAVABLES BIC KIDS PASTEL 12PZAS,10,119.469
50128104,BOLIGRAFO CRISTAL P.EX.GR. SURT 3PZAS,10,20.93046159
50128105,LAPICES COLORES BICOLOR DUO HEXA 12PZAS,10,102.27
50128107,PLUMONES MAGICOS EVOLUTION 12 PZAS,10,83.61172844
50128108,PLUMON EVOLUTION ULTRAVABABLES 12 PZAS,10,110.46
50128118,CINTA DECORATIVA MIX DE FIGURAS,10,61.782
50128120,LAPICERA CRY BABY,10,346.5
50128121,MOCHILA KINDER CRY BABY,10,650.37
50128122,LONCHERA CRY BABY,10,628.95
50128123,MOCHILA PRIMARIA GIGANTOSAURUS,10,704.697
50128124,LONCHERA KINDER GIGANTOSAURUS,10,574.35
50128125,LAPICERA GIGANTOSAURUS,10,312.9
50128126,LONCHERA MOLANG,10,574.35
50128127,LAPICERA MOLANG,10,335.58
50128128,MOCHILA PRIMARIA MOLANG,10,997.542
50128129,MOCHILA CON RUEDAS MOLANG,10,1453.83
50128130,MOCHILA PRIMARIA MOLANG,10,802.2
50128131,LAPICERA MOLANG,10,346.5
50128132,LONCHERA MOLANG,10,563.64
50128133,MOCHILA KINDER BFF,10,802.2
50128134,LAPICERA BFF,10,324.66
50128135,LONCHERA BFF,10,563.64
50128136,LONCHERA VERA,10,574.35
50128137,MOCHILA KINDER VERA,10,672
50128138,LAPICERA VERA,10,335.58
50128140,LAPICERA LAMBO AZUL,10,292.11
50128142,LAPICERA LAMBO NEGRO ROJO,10,498.54
50128143,LONCHERA LAMBO NEGRO ROJO,10,628.95
50128170,MOCHILA IGNITION ROCK NAVY BLUE/RED,10,1085.112
50128177,LONCHERA IGNITION BANQUET BLACK,10,498.561
50128178,LONCHERA IGNITION BANQUET ASH BLUE,10,498.561
50128179,LAPICERA SAMSONITE IGNITION ORYS BLACK,10,270.459
50128180,LAPICERA IGNITION ORYS ASH BLUE,10,270.459
50128181,LAPICERA IGNITION ORYS DUSTY PURPLE,10,270.459
50128182,LAPICERA IGNITION ORYS FOREST GREEN,10,270.459
50128183,LAPICERA IGNITION ORYS GOLDEN MUSTARD,10,270.459
50128186,MOCHILA XTREM BROOKLYN BLACK/RED,10,1302.357
50128187,MOCHILA XTREM GAMMA BLACK/BLUE,10,1302.357
50128188,MOCHILA XTREM NEW JERSEY DARK BURG,10,1248.051
50128189,MOCHILA XTREM BERKELEY GREEN CAMO,10,1085.112
50128190,MOCHILA XTREM ATOMIK ETERN.BLUE,10,1085.112
50128191,MOCHILA XTREM FORCE BLACK,10,976.5
50128192,MOCHILA XTREM FORCE NAVY BLUE,10,976.5
50128193,MOCHILA XTREM CLINTON BLACK/YEL.,10,976.5
50128194,MOCHILA XTREM DOVER OLIV.GREEN,10,976.5
50128195,MOCHILA XTREM PORTLAND BERRY PINK,10,1410.99
50128196,MOCHILA XTREM LINX BLACK,10,1248.051
50128197,MOCHILA XTREM DUNCAN DUSTY BLUE,10,1193.745
50128198,MOCHILA XTREM QUEENS FRESHLILAC,10,1085.112
50128199,MOCHILA XTREM MARYLAND BLACK,10,1085.112
50128200,MOCHILA XTREM LEIA DENIM FLOW,10,976.5
50128201,MOCHILA XTREM ENERGY BLACK,10,759.255
50128202,MOCHILA XTREM HOPPER LILAC CHEC,10,1085.112
50128203,MOCHILA XTREM BOLT AQUA CATS,10,976.5
50128204,MOCHILA XTREM BOLT BLACK FOOT,10,976.5
50128205,MOCHILA XTREM BOLT BLCK GAMER,10,976.5
50128206,MOCHILA XTREM POWER LILAC CATS,10,813.561
50128207,MOCHILA CON RUEDA TROLLEY CROSS GAMER,10,1954.092
50128208,MOCHILA CON RUEDA TROLLEY CROSS NAVY,10,1954.092
50128209,MOCHILA CON RUEDA TROLLEY NEWRUN,10,1845.459
50128210,MOCHILA CON RUEDA TROLLEY GREEN DINO,10,1845.459
50128211,LONCHERA XTREM NEW NEO BLACK,10,542.01
50128212,LONCHERA XTREM NEW NEO DUSTY BLUE,10,542.01
50128213,LONCHERA XTREM NEW BREAK BLACK FOOT,10,542.01
50128214,LONCHERA XTREM NEW BREAK AQUA CATS,10,542.01
50128215,LAPICERA XTREM UNIVERSITY BLCK GAMER,10,357.357
50128216,LAPICERA XTREM UNIVERSITY GREEN CAMO,10,357.357
50128217,LAPICERA XTREM UNIVERSITY BLACK FOOT,10,357.357
50128218,LAPICERA XTREM TRINITY BLACK,10,324.786
50128219,LAPICERA XTREM CAMPBELL  ETERN.BLUE,10,281.337
50128220,LAPICERA XTREM CAMPBELL  BERRY PINK,10,281.337
50128221,LAPICERA XTREM CAMPBELL  FRESHLILAC,10,281.337
50128222,CUADERNO A4 120 90G EMOTIONS ROSA,10,207.2471627
50128223,CUADERNO A4 120 CLA 90G EMOTIONS AZUL,10,185.1957901
50128224,CUADERNO A4 120 80H 90G EMOTIONS LAVANDA,10,186.5000737
50128225,CUADERNO 80 CLA 90G EMOTIONS NEGRO,10,129.927
50128226,CUADERNO A4 80 CLA 90G EMOTIONS VERDE,10,128.0611001
50128227,CUADERNO A4 80 CLA EMOTIONS ROSE DUST,10,128.7196709
50128228,CUADERNO A4 140H 70G REBEL,10,187.593
50128229,CUADERNO A4 140H 70G REBEL,10,133.203
50128230,CUADERNO A4 140H 70G DESERT,10,187.593
50128231,CUADERNO A5 140H 70G DESERT,10,133.203
50128232,CUADERNO A5 100H 90G MESSAGES CORAL,10,162.519
50128233,CUADERNO A5 100H 90G MESSAGES CORAL,10,115.689
50128242,MOCHILA DOBLE ROMA RECICL REBEL,10,830.151
50128243,LAPICERA TRIPLE ORGANIZ RECICL REBEL,10,453.915
50128244,MOCHILA TRIPLE OSLO RECICL DESERT,10,939.393
50128245,LAPICERA TRIPLE ORGANIZ RECICL DESERT,10,453.915
50128246,MARCATEXTOS EO AMAR,10,53.13
50128247,SET LAPICES PASTE LAPIZ ADHESIVO GOMA,10,54.012
50128248,LAPICES DIXON TRICONDEROGA MY FIRST,10,53.739
50128249,SET LAPICES NEON GOMAS,10,47.019
50128250,LAPICES DE COLORES VIVIDEL 4MM,10,157.815
50128252,LAPIZ TICO BLACK/WHITE 7PZ,10,55.65
50128253,LAPIZ TICO AZUL 4C GOMA SACAPUNTAS,10,55.65
50128254,LAPIZ TICO ROSA 4C 1 GOMA 1 SACAPUNTAS,10,55.65
50128255,CAJA METRICO STYLE AZUL HEXAGONAL,10,108.15
50128258,BLISTER 1 GOMA SR12,10,65.31
50128268,BOLIGRAFO ROLLER 10 PZAS MOOVING,10,189.84
50128269,BOLIGRAFO ROLLER 6 PZAS MOOVING,10,180.509372
50128272,LAPICES METALIZADOS 12 PZAS,10,110.2082211
50128273,MARCADORES DOBLE PUNTA CROMA GRISES,10,105.273
50128274,MARCATEXTOS GLITTER 4 PZAS MOOVING,10,113.673
50128275,BOLIGRAFO ROLLER 6 PZAS MOOVING PASTEL,10,133.3051222
50128277,MARCADORES DE COLORES 20 PZAS MOOVING,10,135.24
50128278,MARCADORES PUNTA PINCEL 10 PZAS MOOVING,10,114.807
50128279,LAPICERA RECTANGULAR STITCH,10,322.833
50128282,LAPICERA TREND STITCH,10,421.953
50128293,LAPICEROS CON PUNTILLAS ONIX,10,88.2
50128294,GOMAS PUSH HELLO KITTY,10,31.5
50128295,LAPICEROS CON PUNTILLAS HELLO KITTY,10,88.2
50128297,GOMAS RETRACTILES STITCH,10,31.5
50128298,LAPICEROS CON PUNTILLAS STITCH,10,88.2
50128299,SACAPUNTAS CON CONTENEDOR STITCH,10,42
50128301,GOMAS RETRACTILES PAW PATROL,10,31.5
50128302,SACAPUNTAS CON CONTENEDOR PAW PATROL,10,42
50128303,PLUMAS MULTITINTAS STITCH,10,31.5
50128304,LAPICES DE GRAFITO HELLO KITTY,10,79.8
50128306,CUADERNO PROFESIONAL C5 100H LOVE EXPO,10,102.69
50128307,CUADERNO PROFESIONAL RY 100 H LOVE EXPO,10,102.69
50128308,CUADERNO PROFESIONAL RY 100H D.ARILLO,10,152.649
50128309,CUADERNO PROFESIONAL C5 100H PASTA DURA,10,152.649
50128310,CUADERNO PROFESIONAL C5 100H LOVE BOHO,10,188.265
50128311,CUADERNO PROFESIONAL RY 100H LOVE BOHO,10,188.265
50128312,CUADERNO PROFESIONAL RY 200H LOVE,10,251.349
50128355,HERMETICO LUKKO REDONDO LUKKO 240ML,10,67.2
50128356,JUEGO CONTENEDORES C/TAPA PLASTICO 60ML,10,352.0904411
50128357,LAPICERA CILINDRICA VILLANO 4 AMARILLA,10,163.821
50128358,LAPICERA CILINDRICA VILLANO 4 ROJA,10,163.821
50128359,LAPICERA CILINDRICA VILLANO 4 AZUL,10,163.821
50128360,BOTELLA DE AGUA SUPER MARIO METAL,10,496.839
50128361,BOLIGRAFO PIN POINT 0.7MM SURT 10 PZAS,10,67.17773406
50128362,BOLIGRAFO PIN POINT 0.5MM SURT 10 PZAS,10,68.340387
50128363,BOLIGRAFO PIN POINT 0.5MM SURT 3 PZAS,10,21.91566179
50128365,BOLIGRAFO PINT POINT 0.7MM SURT 3 PZAS,10,21.48332883
50128367,PLUMONES SUPER TIPS PASTEL 20 PZAS,10,210.0850283
50128368,LAPICES PASTEL CRAYOLA 12 PZAS,10,114.1911929
50128369,CRAYONES PASTEL CRAYOLA 8 PZAS,10,40.08066537
50128378,CUADERNO A4 80H ECOMARINO RECICLADO,10,140.8927717
50128496,CORRECTOR MAE PLUMA 8ML CON 2PZAS,10,120.12
50128506,MARCADOR PERMANENTE PUNTA CINCEL NGRO 4,10,102.858
50128507,RESALTADOR DE TEXTO AMARILLO BOLSA 3 P,10,50.946
50128508,MARCADORES DE AGUA EN COLORES SURTIDO 8P,10,105.798
50128600,LAPICERA BATMAN AZUL,10,293.979
50128601,LONCHERA BATMAN AZUL,10,537.705
50128602,MOCHILA BATMAN AZUL,10,880.068
50128603,MOCHILA CON RUEDAS BATMAN AZUL,10,1415.568
50128604,LAPICERA ECCENTRIK DONKEY COLORES,10,264.201
50128605,LAPICERA GABBYS DOLLHOUSE,10,293.979
50128606,LONCHERA GABBYS DOLLHOUSE,10,507.948
50128607,MOCHILA GABBYS DOLLHOUSE,10,948.906
50128608,MOCHILA CON RUEDAS GABBYS DOLLHOUSE,10,1484.406
50128749,LIBRETA YEAR OF THE DRAGON ZENG FAN ZHI,10,889.602
50128750,LIBRETA YEAR OF THE DRAGON SANG-SOO,10,889.602
50128751,LIBRETA POCKET SAKURA RULED MARUKO,10,737.541
50128752,LIBRETA SAKURA LARGE RULED MARUKO,10,889.602
50128844,GOMA CON SACAPUNTAS COLOR PASTEL,10,43.73205076
50128900,CUADERNO MINI SHIBORI 60 HJS,10,198.87
50128901,CUADERNO CLASIC TRUST THE UNIVERSE 60HJS,10,351.834
50128902,PAPEL RELLENO MEDIA HOJA 60 HJS,10,187.089
50128903,PAPEL RELLENO MEDIA HOJA PARA NOTAS 60H,10,187.089
50128937,LONCHERA TERMICA HIELERA GRANDE,10,867.51
50129065,KIT PREESCOLAR CDMX,10,522.2170078
50129066,KIT PRIMARIA CDMX,10,572.8444273
50129067,KIT SECUNDARIA CDMX,10,520.4644953
50129068,KIT PREPARATORIA CDMX,10,523.0876506
50129069,KIT PREESCOLAR TABASCO,10,388.9258085
50129070,KIT PRIMARIA TABASCO,10,255.7687778
50129071,KIT SECUNDARIA TABASCO,10,258.7303019
50129087,8 LAPICES DE COLOR NEON CRAYOLA,10,109.62
50129089,12 LAPICES SILLYSCENTS CRAYOLA,10,109.62
50129090,50 LAPICES DE COLOR CRAYOLA,10,245.007
50129092,24 TWISTABLES LAPICES CRAYOLA,10,246.561
50129093,8 WRITE STAR CRAYOLA,10,109.62
50129118,COLORES NORMA X 12 SM,10,126.651
50129254,KIT ESCOLAR OWENS 2024,10,545.5990167
50129263,KIT PRIMARIA MENOR COLABORADOR,10,510.111
50129265,KIT SECUNDARIA COLABORADOR,10,812.119
50129266,KIT PRIMARIA MAYOR DONACION,10,317.1547105
50129267,KIT SECUNDARIA DONACION,10,382.0841613
50129323,KIT ESCOLAR PRIMARIA OWEN QRO,10,975.928695
50129324,KIT ESCOLAR SECUNDARIA OWEN QRO,10,1077.70383
50129406,MAGISTRAL DIDACTICO PUNTO FINO NEGRO,10,231.84
50129433,TERMO SKINNY NEGRO,10,422.52
50129434,TERMO SKINNY ROSA ORO,10,422.52
50129435,TERMO SKINNY BLANCO MARMOL,10,422.52
50129436,TERMO SHAKER HANDLE TAPA FLEX NEGRO,10,763.686
50129437,TERMO SHAKER HANDLE TAPA FLEX BLANCO,10,763.686
50129571,BLOCK ESQUELA 50 HJS C5,10,30.282
50129573,BLOCK ESQUELA 50 HJS RAYA,10,30.282
50129844,MARCADOR PERMANENTE PUNTA CINCEL ROJO,10,36.645
50130204,CUADER MINI AZUL 60 HOJ RAY PAPEL PREM,10,198.87
50130205,CUADER MIN ALEGR 60 HOJ RAY PAPEL PREM,10,198.87
50130206,CUADERNO CLASIC ARENA 60 HOJ PAPEL PREM,10,351.834
50130207,CUADERNO CLASIC SUENOS 60 HOJ PAPEL PREM,10,351.834
50130208,CUADERNO CLASIC HP 60 HOJ PAPEL PREM,10,351.834
50130251,SET DE ESCRITURA PARA OFICINAS,10,542.01
50130379,MINI NOTEBOOK RAYADAS PUNTEADAS PAP PREM,10,198.87
50130392,MOCHILA GRANDE CHENSON NEGRO WYNN,10,650.643
50130393,LONCHERA CHENSON NEGRO EVAN,10,542.01
50130394,LONCHERA CHENSON AZUL EVAN,10,542.01
50130395,LONCHERA CHENSON AZUL C NEGRO EVAN,10,542.01
50130396,MOCHILA GRANDE CHENSON GRIS HOP,10,650.643
50130397,LAPICERA CHENSON NEGRA HOP,10,324.786
50130398,LAPICERA CHENSON GRIS HOP,10,324.786
50130399,MOCHILA GRANDE CHENSON NEGRO LEA,10,1410.99
50130402,MOCHILA GRANDE CHENSON GRIS ZILP,10,976.5
50130403,MOCHILA GRANDE CHENSON TURQUESA ZILP,10,976.5
50130404,MOCHILA GRANDE CHENSON ROSA ZILP,10,976.5
50130405,LONCHERA CHENSON NEGRA RAZE,10,759.255
50130406,MOCHILA GRAN CHENSON MORD C MARIPS INOBU,10,1085.112
50130407,LONCHERA CHENSON MORD C MARIPS INOBU,10,650.643
50130408,LAPICERA CHENSON MORD C MARIPS INOBU,10,433.398
50130409,MOCHILA GRANDE CHENSON ROSA SMILLING,10,1085.112
50130410,LONCHERA CHENSON ROSA SMILLING,10,650.643
50130411,LAPICERA CHENSON ROSA SMILLING,10,433.398
50130418,MOCHILLA ROSA CON NEGRO TOCAX TOTTO,10,845.334
50130489,CUADERNO PROFESIONAL 100H C05 LOVE ASTRA,10,159.6
50130490,CUADERNO PROFESIONAL 100H RAYA LOVE ASTR,10,159.6
50130491,CUADERNO PROFESIONAL SR 100H RAYA CHIC,10,102.69
50130585,BOLIG GELPPMATE INK JOY TINTA BLANCA 3PZ,10,172.2
50130586,BOLIG GELPPMATE INK JOY COL RETRO 4PZ,10,353.2257463
50130589,PLUMONES PPMATE FLAIR DOBLE BRUSH 16PZ,10,354.9214315
50130590,MARCADORES SHARPIE EXOTICFISH PFINO 18PZ,10,344.9954483
50130591,BOLIG PARKER PREM 70TH DORADO PUNT MED,10,1099.851923
50130592,BOLIG PARKER PREM 70TH CROMADO PUNT MED,10,903.036809
50130593,BOLIG PARKER COL GRIS ROLLPOINT MET,10,1570.8
50130594,BOLIG PARKER COL GRIS BALLPOINT MET,10,1075.2
50130611,LIBRETA THE HAPPY PLANNER FLORS COLO 80H,10,351.834
50130612,LIBRETA THE HAPPY PLANNERFLORS RJ AZ 80H,10,351.834
50130727,AZOR PIN POINT BOLIGRAFO RJO 12 PZAS MED,10,57.96
50130732,MORRAL POLIESTER OXXO,10,33.6
50130733,CRAYONES VINCI 12 PIEZAS,10,28.686
50130744,LAPIZ DE GRAFITO KITS OXXO,10,2.1
50130759,KIT PREESCOLAR OXXO,10,421.407
50130760,KIT 1RO Y 2DO DE PRIMARIA OXXO,10,290.766
50130761,KIT 3RO DE PRIMARIA OXXO,10,346.017
50130762,KIT 4TO A 6TO DE PRIMARIA OXXO,10,421.449
50130763,KIT SECUNDARIA OXXO,10,497.28
50130768,CUADERNO A5 RAYA 80 HOJAS BR BLOOM,10,232.239
50130769,CUADERNO LISO 100 HOJAS BR BLOOM,10,217.455
50130770,CUADERNO LISO 100 HOJAS RAMO BR BLOOM,10,217.455
50130771,CUADERNO A5 PUNTO 80 H TERPEL AZ BR BLOO,10,301.203
50130772,LAPICERA TERCIOPELO AZUL BRITISH BLOOM,10,234.36
50130773,MONEDERO AZUL BRITISH BLOOM,10,236.6610638
50130774,BOLIGRAFO CONEJO BRITISH BLOOM,10,203.62575
50130775,BOLIGRAFO ESTILIGRAFICA BR BLOOM,10,378.63
50130779,CUADERNO A5 LISO 80 H LEAVES IN THE WIND,10,309.645
50130780,CUADERNO A5 PUNTEADO 80 H LEAVES WIND,10,309.645
50130781,CUADERNO ESPIRAL RAYA 80 H LEAVES WIND,10,182.973
50130783,CUADERNO LISO 100 H GARDEN LEAVES WIND,10,206.5305
50130784,CUADERNO LISO 100 H HOJAS LEAVES WIND,10,206.913
50130785,LAPICERA ACOLCHADO FLORES LEAVES WIND,10,211.134
50130786,BOLIGRAFO VERDE LEAVES WIND,10,197.043
50130787,BOLIGRAFO AZUL LEAVES WIND,10,197.043
50130813,BOLIGRAFO DE GEL GELOCITY NEGRO,10,39.963
50130814,BOLIGRAFOS GEL GELOCIT NGR RJ Y AZ 3 PZ,10,112.959
50130815,BOLIGRAFOS GEL GELOCITY COLORES 8 PZ,10,285.138
50130833,GOMA PUSH KUMORI,10,31.5
50130834,SACAPUNTAS CON CONTENEDOR KUMORI,10,42
50130836,GOMA RETRACTIL UNICORNIOS Y ARCOIRIS,10,31.5
50130837,GOMA PUSH PRINCESA,10,31.5
50130838,SACAPUNTAS CON CONTENEDOR PRINCESAS,10,42
50130839,PLUMAS MULTITINTAS PRINCESAS,10,31.5
50130841,SACAPUNTAS CON CONTENEDOR SONIC,10,42
50130842,GOMA RETRACTIL SPIDEY,10,31.5
50130843,SACAPUNTAS CON CONTENEDOR SPIDEY,10,42
50130847,LAPICERA EVA STITCH,10,359.1
50130850,LAPICERA TREND VIBES,10,359.1
50130954,PLUMA RETRACTIL 1mm AZUL,10,26.96251234
50130955,PLUMA GEL RETRACTIL 4 TINTAS 05 MM,10,40.446
50130956,MINI MARCATEXTOS 6 COLORES PASTEL,10,9.114
50130957,TINTA BASE AGUA 10 COLORES,10,86.121
50130958,PLUMA TINTA GEL AZUL 07 MM,10,26.691
50130959,PLUMA TINTA GEL NEGRA 0.7 MM,10,26.691
50130960,PLUMA TINTA LIQUIDA NEGRA 07MM,10,32.55
50130962,LAPICERA SILICON,10,68.061
50130963,MARCADORES ACRILICOS 24 COLORES VARIOS,10,113.421
50130965,SET MARCATEXTOS 6 PIEZAS,10,64.344
50130966,BLOCK NOTAS 4 LAMINAS,10,58.443
50130967,PLUMAS RETRACTIL MULTI 8 PZS TINTA NEGRA,10,52.521
50130968,PLUMA CON CARA SILICON SALMON,10,38.745
50130969,CUADERNO A6 MANZANA,10,43.995
50130970,NOTAS DISENIO CHOCOLATE,10,28.896
50130971,CUBETA MARCADORES 50 COLORES,10,91.917
50130972,LAPICERA CON DISENIO DE GATO,10,81.417
50130973,LAPICERA CON DISENIO ARCOIRIS,10,87.99
50130975,LAPICERA PLASTICA  COLOR,10,72.219
50130976,CUADERNO STICKER 3D 80 HOJAS,10,65.1
50130977,CUADERNO 100 HOJAS ESPIRAL CLIP,10,107.058
50130979,BLOCK CON PESTANIA MAGNETICA,10,42.672
50130980,SET 3 BORRADORES 3D,10,41.95640217
50130981,DIARIO CUBIERTA DE CORCHO,10,133.833
50130982,DIARIO ESPIRAL PASTA DURA,10,93.324
50130983,LAPICERA GRIS,10,92.589
50130984,LAPICERA NEGRA,10,92.589
50130986,MARCATEXTOS 4 COLORES PLAST RECICLA,10,31.731
50130987,LAPICERA PU RECICLADO,10,80.304
50130988,LAPICERA POLYESTER RECICLADO,10,109.431
50130989,SET DE CUADERNOS 3 PIEZAS,10,62.811
50130990,LAPICERA PU,10,49.854
50130991,LAPICERA DE TELA MAKE IT HAPPEN,10,79.002
50130992,PLUMA METALICA TINTA NEGRA 138 MM,10,86.121
50130993,LAPICERA DE TELA AZUL,10,91.308
50130994,SET CUADERNO ESPIRAL Y NOTAS ADHESIVAS,10,110.082
50130995,CUADERNO PU PASTA DURA 80 HOJAS,10,115.92
50130996,LAPICERA DE TELA COLOR ROSA,10,63.462
50130997,LAPICERA OXFORD  YOU MAKE A DIFFERENCE,10,237.657
50130998,LAPICERA PU DISENIO,10,67.998
50130999,LAPICERA PU ROSA,10,66.696
50131000,LAPICERA TACTO SUAVE EXTENDIBLE,10,119.154
50131001,SACAPUNTAS DOBLE MARMOLEADO,10,13.608
50131002,LAPICERA PVC DISENIO,10,87.423
50131003,PLUMAS ABS TINTA NEGRA,10,35.28
50131005,SET BORRADORES 4 PIEZAS,10,41.454
50131006,LAPICERA Y CHARMS SET SILICON,10,109.431
50131007,LAPICERA TERCIOPELO,10,183.267
50131008,CUADERNO ESPIRAL CUBIERTA SILICON,10,118.503
50131010,LAPICERA DE GATO TERCIOPELO,10,112.035
50131011,SET BORRADORES 18 PIEZAS,10,80.304
50131012,LAPICERA DE SILICON ROSA,10,91.308
50131013,LAPICERA SILICON HELADO,10,86.121
50131014,MARCATEXTOS PALETA 6 PIEZAS,10,54.999
50131015,LAPICERA AGUACATE,10,134.0341167
50131016,LAPICERA VIDEOJUEGO,10,137.487
50131017,CUADERNO A5 PU 80 HOJAS DREAM PLAN DO,10,98.65737893
50131019,CUADERNO A5 80 HOJAS PASTA DURA,10,90.97044444
50131020,SET CUADERNOS COCIDOS B5 Y A5,10,76.23
50131021,CUADERNO A5 PAPEL RECICLADO 80 HOJAS,10,104.412
50131022,CUADERNO PASTA DURA A5 96 HOJAS,10,101.22
50131023,SET 3 CUADERNOS PAPEL RECICLADO,10,96.096
50131024,SET 2 PIEZAS PLUMA METALICA,10,52.08
50131025,PLUMA RETRACTL CON GOMA TOUCH,10,76.23
50131026,PLUMA PLASTICA POMPOM AZUL,10,44.835
50131027,LAPICERA CONEJO ROSA,10,110.187
50131028,LAPICERA VINIL VERDE LIMON Y MORADO,10,103.131
50131029,LAPICERA PELUCHE ROSA,10,108.255
50131030,LAPICERA NYLON CON CIERRE IMPRESA,10,76.23
50131031,LAPICERA AZUL CON ZIPPER,10,94.164
50131032,LAPICERA YUTE LUNARES  ZIPPER NEGRO,10,89.691
50131033,LAPICERA TELA OXFORD  LEOPARDO,10,126.84
50131034,LAPICERA NEOPRENO DINO CIERRE OLIVO,10,101.22
50131035,LAPICERA YUTE ONDAS CON CIERRE CREMA,10,81.354
50131036,LAPICERA TELA OXFORD  FOOTBALL,10,118.503
50131037,MARCADORES ACRILICOS 12 PIEZAS,10,57.72611748
50131038,SACAPUNTAS DOBLE AZUL CON BATERIA,10,127.5149421
50131039,LAPICERA 3D ASTRONAUTA,10,97.19553216
50131040,LAPICERA 3D COHETE,10,97.209
50131041,LAPICERA 3D UNICORNIO,10,97.209
50131042,SET BOLIGRAFOS 8 PIEZAS,10,47.166
50131043,PLUMA MARCADOR 6 PIEZAS,10,55.818
50131044,SET BORRADOR ELECTRICO,10,43.176
50131045,LAPICERA EVA,10,204.6243684
50131046,PLUMA FLOR ROJA,10,45.31060655
50131047,PLUMA FLOR ROSA,10,39.46254391
50131048,PLUMA FLOR AMARILLA,10,35.0782223
50131052,CUADERNO GATOS 105 H LIN HORI CATS STUK,10,77.658
50131053,CUADERNO CON GATO 96 H CATS STUK,10,81.879
50131054,KIT DE BOLIGRAF 3 PZ TINTA NEG CATS STUK,10,39.732
50131055,BOLIGR HUELLA GATO TINTA NEGRA CATS STUK,10,21.063
50131064,LAPICERA DISENO FLORES CATS STUK,10,120.393
50131065,LAPICERA DISENO FLORES CATS STUK,10,55.377
50131068,GOMA PARA BORRAR ROSA CATS STUK,10,17.451
50131075,SET CUADERNO 38H CATS STUK,10,114.387
50131076,BOLIGRAFO ROSA CON 8 COLORES CATS STUK,10,39.123
50131077,BOLIGRAFO VERDE CON 8 COLORES CATS STUK,10,39.123
50131078,MOCHILA ROSA CATS STUK,10,264.894
50131079,MOCHILA AZUL CATS STUK,10,264.894
50131081,BOLIGRAFO DISENO GATO CATS STUK,10,27.09
50131082,SET MINI MARCATEXTOS 4 PZAS CATS STUK,10,34.314
50131083,LAPICERA ROSA CON GLITTER CATS STUK,10,83.685
50131084,LAPICERA VERDE CON GLITTER CATS STUK,10,83.685
50131085,CUADERNO POCKET ROSA 70 H CATS STUK,10,22.869
50131086,CUADERNO POCKET VERDE 70 H CATS STUK,10,22.869
50131091,SACAPUNTAS DISENO GATO CATS STUK,10,20.475
50131092,SET MINI GOMAS BORRADORAS 3 PZ CATS STUK,10,33.117
50131094,BOTELLA 550 ML DISENO FLOR CATS STUK,10,78.267
50131102,CUADERNO 76 HOJAS DISENO GATOS CATS STUK,10,102.333
50131103,BLOCK MAGNETICO 50 H CON BOLIG CATS STUK,10,77.658
50131104,LAPICERA ROSA DISENO FLOR CATS STUK,10,76.461
50131110,LIBRETA CASA BATLLO RAY 240 H MOLESKINE,10,889.602
50131122,CUADERNO 105 H ESP COLORS STUK,10,77.658
50131123,CUADERNO 96 H ESPIRAL CIR COLORS STUK,10,81.879
50131124,SET DE 3 BOLI N  0.7 MM COLORS STUK,10,39.732
50131125,BOLIGRAFO TINTA NEGRA COLORS STUK,10,21.063
50131134,CINTA CORRECTOR 1  COLORS STUK,10,20.475
50131135,CINTA CORRECTOR 2  COLORS STUK,10,20.475
50131136,CINTA CORRECTOR 3 COLORS STUK,10,20.475
50131137,LAPICERA FLORES MALLA COLORS STUK,10,120.393
50131138,LAPICERA CIR COLORS STUK,10,55.377
50131139,CINTA ADHE DECO 200 H COLORS STUK,10,31.899
50131145,BOLIGRAFO ROS MUL BALLPOINT COLORS STUK,10,39.123
50131146,BOLIGRAFO MOR MUL BALLPOINT COLORS STUK,10,39.123
50131147,CUA 96 H SPRL RAYAS  ELST COLORS STUK,10,89.691
50131148,SET 5 MARCATEXTOS NEON BOR COLORS STUK,10,57.183
50131149,UN  BOLIGRAFO NGR COLORS STUK,10,27.09
50131150,SET 4  MINI MARCADORES  COLORS STUK,10,34.314
50131156,SET 6 BORRADOR  S  COLORS STUK,10,49.371
50131157,LAPICERA TELA POLIESTER  COLORS STUK,10,66.213
50131159,VASO CON POPOTE COLORS STUK,10,78.267
50131164,SET 12  PLUMAS DE GEL NEON  0.7 MM,10,57.792
50131167,SET 12 MARCADORES EN BOTELLA COLORS,10,35.511
50131169,BLOCK MAGNETICO SET 3 COLORS STUK,10,77.658
50131170,LAPICERA DE SIL VER  COLORS STUK,10,78.855
50131171,LAPICERA DE SIL NAR  COLORS STUK,10,78.855
50131176,LONCHERA NEGRA MILETTO TOTTO,10,546.63
50131190,LAPICERA AZUL MARANON TOTTO,10,347.487
50131191,LAPICERA NEGRA ZURICH 2.0 TOTTO,10,347.487
50131192,LAPICERA AZUL ZURICH 2.0 TOTTO,10,347.487
50131218,MARCADOR PERMANENTE PUNTA CINCEL AZUL,10,36.645
50131219,LIBRETA EJECUTIVA MIL AZUL 192 P RAYADO,10,440.37
50131220,LIBRETA EJECUTIVA MIL COBRE 192 P RAYADO,10,440.37
50131221,LIBRETA EJECUTIVA MIL NEGRO 192 P RAYADO,10,440.37
50131222,LIBRETA EJECUTIVA MIL ROJA 192 P RAYADO,10,440.37
50131223,LIBRETA EJECUTIVA MIS SUENOS 192 P PUNT,10,424.2
50131224,LIBRETA EJECUTIVA CONSTANCIA 192 P PUNT,10,424.2
50131225,LIBRETA EJECUTIVA TODO COMIENZ 192 P PNT,10,424.2
50131227,LIBRETA EJECUTIVA PORTA CEL AZ 192 P RY,10,434.658
50131228,LIBRETA EJECUTIVA PORT CEL MIEL 192 P RY,10,434.658
50131261,MARCADOR SHARPIE TANK AZUL CJ 12,10,217.728
50131273,MARCADOR PERMANENTE BARRIL PLASTICO ROJO,10,29.505
50131274,BOLIGRAFO ECO GEL RETRACTIL NEGRO 0.5 MM,10,53.739
50131275,LIBRETA MARIPOSA 50H,10,30.114
50131276,LIBRETA ESTRELLA 50H,10,30.114
50131345,LIBRETA DE BOLSILLO   DIS 1 COLOR STUK,10,22.869
50131346,LIBRETA DE BOLSILLO   DIS 2 COLOR STUK,10,22.869
50131355,MARCADOR PX203 EXTRA-FINO BLANCO BLISTER,10,91.98
50131415,COLORES COLOR PEPS NEON 12 PIEZAS,10,79.422
50131417,COLORES COLOR PEPS INFINITY 12 PIEZAS,10,92.253
50131419,PLUMONES NEON 10 PIEZAS,10,62.034
50131421,GOMAS NEON BLISTER 2 PIEZAS,10,27.552
50131424,LAPICES DE GRAFITO NEON  HB 3PIEZAS,10,30.471
50131440,CUADERNO LOTSO PELUCHE 80 H RAYA MOOVING,10,380.478
50131443,LIBRETA LOTSO 10X20 MOOVING,10,195.993
50131486,CRAYONES SWIRL 8 PZAS CRAYOLA,10,56.448
50131487,COLORES SWIRL 12 PZAS CRAYOLA,10,113.904
50131488,PLUMONES PUNTA FINA WONDER 24 PZ CRAYOLA,10,142.065
50131489,PLUMONES PASTEL SUPER TIPS 20 PZ CRAYOLA,10,230.391
50131490,PLUMONES DUALES SWIRL 8 PZAS CRAYOLA,10,170.73
50131491,PLUMONES MAGICOS 8 PZ CRAYOLA,10,175.245
50131492,MARCATEXTOS C PLUMA 6 PZ CRAYOLA,10,194.439
50131493,PLUMONES DOBLE PUNTA LETTERING 8 PZ,10,196.917
50131503,MARCADOR PERMANENTE NEGRO IMPACTO 12PZ,10,18.9
50131526,MARCADOR NEXTEP PUNTA GRUESA 4MM 12PZA,10,128.331
50131556,BOLIGRAFO PINPOINT 2 PZ NGR MEDIANO,10,20.37
50131557,BOLIGRAFO PINPOINT 2 PZ AZ MEDIANO,10,20.37
50131558,BOLIGRAFO PINPOINT CURP AMR 2 PZ NGR MED,10,20.37
50131559,BOLIGRAFO PINPOINT CURP AMR 2 PZ AZ MED,10,20.37
50131560,BOLIGRAFO RETRACTIL 1PZ PUNT FINO,10,85.68
50131644,MOCHILA MORADA ECO WAKE UP APLI,10,1176.42
50131647,LAPICERA FLOREADA HFLW ECO TRIPL APLI,10,457.905
50131648,LAPICERA WAKEUP ECO APLI CUADRUPLE,10,431.76
50131649,MOCHILA FLOREADA ECO HPPFLOWER  APLI,10,1331.232
50131650,CUADERNO PROF 120 H RAY WAKE UP APLI,10,222.327
50131651,CUADERNO FRANCES 120H RAY WAKE UP APLI,10,157.983
50131652,CUADERNO PROF 120 H RAY HAPPYFLOW APLI,10,222.327
50131653,CUADERNO FRANCES 120H RAY HAPPYFLOW APLI,10,157.983
50131654,CUADERNO PROF 120 H RAY JUNGLE APLI,10,222.327
50131655,CUADERNO FRANCES 120H RAY JUNGLE APLI,10,157.983
50131656,CUADERNO PROF 120H EMOTIONS LAV APLI,10,187.0886391
50131657,CUADERNO FRANCES 120H EMOTIONS LAV APLI,10,140.3938707
50131658,CUADERNO PROF 80H RAY ECOROMBOS APLI,10,155.5203837
50131660,CUADERNO PROF 120H RAY AUROWESTBAY APLI,10,221.76
50131661,CUADERNO PROF 120H RAY AUROSANT APLI,10,221.76
50131662,CUADERNO PROF 120H RAY AUROPROV APLI,10,221.76
50131663,CUADERNO PROF 120H RAY ECO NEGRO APLI,10,227.7383415
50131664,CUADERNO PROF 120H RAY ECO CRAFT APLI,10,229.5469083
50131687,12 LAPICES DE COLORES STITCH SAC,10,84
50131688,GOMA PUSH STITCH SAC,10,31.5
50131694,BLOCK DE NOTAS STITCH 8 DIS 120H MOOVING,10,183.855
50131705,BOLIGRAFO METALICO STITCH TNT AZ MOOVING,10,249.795
50131707,CUADERNO PROF STITCH  SEPARADORES MOOVIN,10,385.707
50131708,CUADERNO STITCH PELUCHE 80 H RAY MOOVING,10,329.742
50131715,SET DE LAPICES HB STITCH 6 PZAS MOOVING,10,51.954
50131719,LIBRETA ROSA FRANCES 96H RAYADA STITCH,10,239.82
50131740,LAPICERA DENIM BOX AZUL,10,367.5
50131741,LAPICERA JOYSTICK RACER,10,315
50131742,LAPICERA LOCK GATOS,10,315
50131743,LAPICERA LOCK RETRO GAMER,10,315
50131744,LAPICERA AUTO BOX PATRULLA,10,336
50131745,LAPICERA LENT JOYSTICK GAME BOX,10,378
50131746,LAPICERA LENT JOYSTICK GAME BOX,10,378
50131747,LAPICERA LENT GAME UNICORNIO,10,378
50131748,LAPICERA LENT GAME MARIPOSA,10,378
50131749,LAPICERA DENIM BOX GRIS,10,367.5
50131750,LAPICERA FLORES DOS CIERRES,10,270.9
50131751,LAPICERA TURQUESA DOS CIERRES,10,270.9
50131752,LAPICERA GAMER TRES CIERRES,10,396.9
50131753,LAPICERA MORADA TRES CIERRES,10,396.9
50131754,LAPICERA PASTEL BUBBLE BOX,10,367.5
50131755,LAPICERA FLORAL COLORZ BOX,10,294
50131782,KIT PRIMARIA OXXO GAS,10,477.96
50131784,KIT SECUNDARIA OXXO GAS,10,493.773
50131789,CUADERNO 100H RY FLORECER,10,115.311
50131790,CUADERNO 100H CDR GRD FLORECER,10,115.311
50131791,CUADERNO 100H RY MARIPOSAS,10,115.311
50131792,CUADERNO 100H CDR GRD MARIPOSAS,10,115.311
50131793,CUADERNO 100H RY STITCH TIERNO,10,172.914
50131794,CUADERNO 100H CDR CHC STITCH TIERN,10,172.914
50131812,BOLI PAPER INKJOY GEL METAL 0.8MM,10,150.7829207
50131813,BOLI PAPER INKJOY GEL BRILL 0.7MM,10,533.169
50131814,BOLI PAPER INKJOY GEL METAL 0.8MM,10,243.7409811
50131817,BOLI PAPER INKJOY GEL NEGRO 0.7MM,10,284.8768611
50131821,PAPER COL DOB Y UNI PUN 48 COL 36 PZS,10,307.965
50131822,PAPER COL DOB Y UNI PUN 36 COL 24 PZS,10,214.872
50131824,PAPER COL DOB Y UNI PUN 18 COL 15 PZS,10,123.543
50131825,PAPER COL UNIPUNTA REDONDA 12 PZS,10,41.391
50131826,PAPER COL  UNIPUNTA REDONDA 24 PZS,10,80.262
50131827,PAPER COL  DOBLE PUN HEXL 24 COL 12  PZS,10,47.607
50131828,PAPER COL  PEQ UNIPUNTA  REDONDA 12 P,10,19.026
50131829,BOLI SHARPIE S-GEL FASH COLORES 0.7MM,10,307.5380782
50131830,BOLI SHARPIE S-GEL RICH DARK 0.7MM,10,306.0908372
50131831,MARC PERMANENTE SHARPIE TANK NEG 0.8MM,10,217.728
50131832,MARC PERMANENTE SHARPIE TANK AZU 0.8MM,10,213.444
50131836,MARC SHARPIE ULTIMATE 45CT 0.8MM,10,990.0481111
50131837,MARC SHARPIE ACRYLICS 5CT 0.8MM,10,209.9430604
50131838,MARC SHARPIE ACRYLICS EARTH 5CT,10,228.2547826
50131839,MARC SHARPIE ACRYLICS NATU 12CT,10,525
50131840,BOLI PARKER WRIT BLUE ROLLER 0.7MM,10,1127.868
50131841,"""COM PARKER 2 BOLIGRAFOS 0.7MM NEGRO",10,2214.616833
50131859,TERMO DOBLE PARED STITCH 500 ML,10,228.9
50131860,TERMO DOBLE PARED KUROMI 500 ML,10,228.9
50131861,TERMO DOBLE PARED SNOOPY 500 ML CON ASA,10,241.5
50131862,TERMO DOBLE PARED STITCH 500 ML,10,241.5
50131886,BOTELLA C TAPA REDONDA STITCH ANDROMEDA,10,60.9
50131887,HERMETICO LUNCH BOX STITCH ANDROMEDA,10,102.9
50131890,LONCHERA NEGRA TRUZT RUZ,10,443.1
50131891,MOCHILA HARRYPOTTER ROJA TRUZT RUZ,10,905.1
50131892,MOCHILA KUROMI NEGRO TRUTZ RUZ,10,636.1536
50131893,MOCHILA HELLO KITTY AZUL TRUTZ RUZ,10,789.5333517
50131894,LONCHERA HELLO KITTY AZUL LUNARES RUZ,10,509.8541949
50131895,LAPICERA HELLO KITTY LUNARES RUZ,10,388.5
50131896,MOCHILA KUROMI MORADO ESTRELLA RUZ,10,632.1
50131897,LONCHERA KUROMI ESTRELLA RUZ,10,443.1
50131898,LAPICERA KUROMI ESTRELLA RUZ,10,252
50131899,LONCHERA ONIX CORAZON RUZ,10,503.1796
50131900,LAPICERA ONIX CORAZON RUZ,10,359.9968077
50131901,MOCHILA ONIX C RUEDAS AZUL RUZ,10,1349.97675
50131902,MOCHILA LILA ONIX AMIGOS RUZ,10,709.0091186
50131903,LONCHERA LILA ONIX AMIGOS RUZ,10,491.9031111
50131904,LAPICERA LILA ONIX AMIGOS RUZ,10,347.0511852
50131905,MOCHILA RUZ MIS PASTELITOS ESHPESHIAL,10,905.1
50131906,LONCHERA PASTELITOS FLOR ROSA RUZ,10,632.1
50131907,LAPICERA PASTELITOS FLOR ROSA RUZ,10,291.8410435
50131908,MOCHILA STITCH AZUL OREJAS RUZ,10,632.1
50131909,LONCHERA STITCH AZUL OREJAS RUZ,10,443.1
50131910,MOCHILA STITCH HAWAI RUZ,10,858.9
50131911,LONCHERA STITCH HAWAI RUZ,10,541.8
50131912,LAPICERA STITCH HAWAI RUZ,10,388.5
50131913,MOCHILA FROZEN COPOS RUZ,10,572.0933077
50131914,LONCHERA FROZEN COPOS RUZ,10,541.8
50131915,LAPICERA FROZEN TRIPLE COMPART COPOS RUZ,10,331.1872638
50131916,LAPICERA FORZEN DOBLE COMPART COPOS RUZ,10,252
50131917,MOCHILA CARS ROJA PITS RUZ,10,905.1
50131918,LONCHERA CARS ROJA PITS RUZ,10,588
50131919,LAPICERA CARS PITS ROJA RUZ,10,315
50131920,MOCHILA SPIDEY AMIGOSAZUL RUZ,10,715.0278333
50131921,LONCHERA SPIDEY AMIGOS AZ AM RUZ,10,541.8
50131922,LAPICERA SPIDEY AMIGOS DOBL COMPART RUZ,10,361.2
50131923,LAPICERA TRIPLE COMP HARRPOTTER BEIG RUZ,10,388.5
50131924,MOCHILA SONIC SHADOW AZ NGR RUZ,10,806.21275
50131925,LONCHERA SONIC SHADOW NGR AZ RUZ,10,507.374
50131926,LAPICERA SONIC SHADOW TRPL COMP AZ RUZ,10,388.5
50131927,MOCHILA POKEMON BAILE AZ AM RUZ,10,905.1
50131928,LONCHERA POKEMON BAILE AZ RUZ,10,500.7676031
50131929,LAPICERA POKEMON DOBLE COMP AZ AM RUZ,10,298.9939024
50131930,MOCHILA MINECRAFT VRD GRS ESPADIN RUZ,10,905.1
50131931,MOCHILA MINECRAFT VRD NGR CREEPER RUZ,10,905.1
50131932,LONCHERA MINECRAFT VRD NGR CREEPER RUZ,10,632.1
50131933,LAPICERA MINECRAFT TRPL COMP CREEPER RUZ,10,315
50131934,LIBRETA MANZANA RAY ECOLOG NOGAL DANPEX,10,451.5
50131935,LIBRETA MANZANA RAY ECOLOG MAPLE DANPEX,10,451.5
50131941,BOLIGRAFO BORRABLE 3PZ JEAN BOOK,10,109.872
50131944,CUADERNO KUROMI GRD 100H NORMA,10,125.286
50131945,CUADERNO KUROMI CHICO 100H NORMA,10,125.286
50131946,CUADERNO KUROMI RAY 100H NORMA,10,125.286
50131947,COLORES TRIANGULARES 28PZ NORMA,10,364.329
50131948,COLORES 12PZ C 2 NORMA,10,182.007
50131949,MARCADORES LAVABLES 12PZ NORMA,10,106.071
50131950,MARCADORES LAVABLES 24PZ NORMA,10,212.478
50131951,MARCADORES GIGANTES 10 PZ NORMA,10,141.54
50131952,LAPIZ TRIANG GIGANTE 3PZ NORMA,10,78.351
50131953,LAPIZ ADHESIVO 2PZ NORMA,10,76.083
50131955,PLUMONES ACRILICOS 8PZ NORMA,10,224.679
50131956,BOLIGRAFO CRISTAL ULTRAFIN 10PZ BIC,10,51.387
50131957,LAPICES PASTEL 8PZ C 1 LAPIZ BIC,10,49.749
50131958,COLORES INTENSITY PREM 12PZ BIC,10,115.122
50131959,COLORES INTENSITY PREM 24PZ BIC,10,225.645
50131960,COLORES INTENSITY PREM 36PZ BIC,10,331.569
50131961,MARCADOR METALICO 3PZ BIC,10,67.452
50131962,PLUMONES INTENSITY NGR PREM 12PZ BIC,10,112.959
50131965,SET 3 LIBRETAS GRD NGR HRAY MOLESKINE,10,542.01
50131966,SET 3 LIBRETAS XGD AZ HLISO MOLESKINE,10,672.357
50131967,SET 3 LIBRETAS XGD ROSA CINET HLISO MLSK,10,672.357
50131968,SET 3 LIBRETAS GRD ROJA HRAY MOLESKINE,10,542.01
50131969,LIBRETA SERP C ROSA HRAY 176 H MOLESK,10,889.602
50131970,LIBRETA SERPIENTE HRAY 176H MOLESKINE,10,889.602
50131972,LIBRETA VRD SKETCHBOOK LISO 60H MOLESK,10,867.867
50131973,LIBRETA ALBUM ACUARELA GRD LILA MOLESK,10,889.602
50131974,LIBRETA ALBUM ACUARELA GRD VERDE MOLESK,10,889.602
50131975,LIBRETA LILA SKETCHBOOK LISO 60H MOLESK,10,867.867
50131976,LIBRETA NY GRD H RAY MOLESKINE,10,889.602
50131977,LIBRETA ANGELES GRD H RAY MOLESKINE,10,889.602
50131978,CUADERNO PROF HAPPY 160H TILIBRA,10,190.617
50131979,CUADERNO PROF HAPPY COLORS 160H TILIBRA,10,211.785
50131980,CUADERNO PROF WEST VILLAGE 160H TILIBRA,10,190.617
50131981,CUADERNO PROF MAGIC 160H TILIBRA,10,190.617
50131982,CUADERNO PROF W VILL MT 80H TILIBRA,10,114.366
50131983,CUADERNO PROF KRAFT 80 TILIBRA,10,127.092
50131984,LAPIZ CARITAS 6PZ BARRILITO,10,114.408
50131992,CUADERNO ECOLOGICO 100H RAYADAS FIVESTAR,10,316.008
50132006,LONCHERA GLITTER SHINY HEART TOTTO,10,546.63
50132007,MOCHILA GLITTER SHINY HEART TOTTO,10,1094.268
50132008,LAPICERA GLITTER SHINY HEART TOTTO,10,447.069
50132009,LONCHERA SUSHI KUMI TOTTO,10,496.839
50132010,MOCHILA SUSHI KUMI TOTTO,10,994.686
50132011,LAPICERA SUSHI KUMI TOTTO,10,397.278
50132012,LONCHERA AZUL URBAN GRAPH TOTTO,10,496.839
50132013,MOCHILA AZUL URBAN GRAPH TOTTO,10,994.686
50132014,LAPICERA AZUL URBAN GRAPH TOTTO,10,397.278
50132015,LONCHERA FLORES GRAFILY TOTTO,10,496.839
50132016,MOCHILA FLORES GRAFILY TOTTO,10,994.686
50132017,LAPICERA FLORES GRAFILY TOTTO,10,397.278
50132018,LONCHERA ALIEN ALI TOTTO,10,496.839
50132019,MOCHILA ALIEN ALI TOTTO,10,994.686
50132020,LAPICERA ALIEN ALI TOTTO,10,397.278
50132021,LONCHERA GATOS KITTEN ROSE TOTTO,10,496.839
50132022,MOCHILA GATOS KITTEN ROSE TOTTO,10,994.686
50132023,LAPICERA GATOS KITTEN ROSE TOTTO,10,397.278
50132024,LONCHERA GRIS DIGITAL HILL TOTTO,10,496.839
50132025,MOCHILA GRIS DIGITAL HILL TOTTO,10,994.686
50132026,LAPICERA GRIS DIGITAL HILL TOTTO,10,397.278
50132027,LONCHERA FIGURAS OKUBO TOTTO,10,496.839
50132028,MOCHILA FIGURAS OKUBO TOTTO,10,994.686
50132029,LAPICERA FIGURAS OKUBO TOTTO,10,397.278
50132030,LONCHERA ROSA PASTEL KLASS TOTTO,10,646.212
50132031,MOCHILAROSA PASTEL KLASS TOTTO,10,1492.533
50132032,LAPICERA ROSA PASTEL KLASS TOTTO,10,347.487
50132033,LONCHERA NERGRA KLASS TOTTO,10,646.212
50132034,MOCHILA NEGRA KLASS TOTTO,10,1492.533
50132035,LAPICERA NEGRA KLASS TOTTO,10,347.487
50132036,LONCHERA AZUL KLASS TOTTO,10,646.212
50132037,MOCHILA AZUL KLASS TOTTO,10,1492.533
50132038,LAPICERA AZUL KLASS TOTTO,10,347.487
50132039,LONCHERA AZUL CIELO KLASS TOTTO,10,646.212
50132040,MOCHILA AZUL CIELO KLASS TOTTO,10,1492.533
50132041,LAPICERA AZUL CIELO KLASS TOTTO,10,347.487
50132042,MOCHILA AZUL TOCAX TOTTO,10,646.212
50132043,MOCHILA COLORES TOCAX TOTTO,10,646.212
50132044,MOCHILA ROSA TOCAX TOTTO,10,646.212
50132046,MOCHILA GRIS TOCAX TOTTO,10,646.212
50132048,MOCHILA ROSA CLOUD TOTTO,10,795.564
50132049,MOCHILA AZUL CLOUD TOTTO,10,795.564
50132054,MOCHILA AMARILLA TRIK M TOTTO,10,596.421
50132055,LAPICERA GRIS TRIK 2 TOTTO,10,247.926
50132056,MOCHILA GRIS TRIK M TOTTO,10,596.421
50132062,MOCHILA ROSA P TABLET INDO TOTTO,10,1492.533
50132064,MOCHILA VERDE P TABLET INDO TOTTO,10,1492.533
50132065,LAPICERA VERDE MARANON TOTTO,10,357.462
50132066,MOCHILA AZUL CIELO P TABLT INDO TOTTO,10,1492.533
50132067,LAPICERA AZUL CIELO MARANON TOTTO,10,357.462
50132068,LONCHERA NEGRA TRACER2 TOTTO,10,695.982
50132149,LIBRETA EJECUTIVA HRAY NEGRA CATS STUK,10,157.143
50132150,LIBRETA EJECUTIVA HRAY ROSA CATS STUK,10,157.143
50132151,LIBRETA EJECUTIVA HRAY VERDE CATS STUK,10,157.143
50132152,LIBRETA EJECUTIVA HRAY AQUA COLORS STUK,10,157.143
50132153,LIBRETA EJECUTIVA HRAY MORAD COLORS STUK,10,157.143
50132154,LONCHERA PRINCESAS CHENSON,10,650.643
50132155,LAPICERA PRINCESAS CHENSON,10,487.704
50132156,MOCHILA RUEDAS CHICA PRINCESAS CHENSON,10,1085.112
50132158,MOCHILA GRD STRONG PORT LAPTOP HAPPYGIRL,10,1085.112
50132159,LONCHERA STORNG HAPPY GIRL,10,650.643
50132160,LAPICERA GRANDE STRONG HAPPY GIRL,10,433.398
50132161,MOCHILA GRANDE CHESTER HAPPY GIRL,10,1085.112
50132162,LONCHERA CHESTER HAPPY GIRL,10,650.643
50132163,LAPICERA GRD 3 COMPART CHESTER HAPPYGIRL,10,487.704
50132165,MOCHILA GRANDE COWLI HAPPY GIRL,10,1085.112
50132166,LONCHERA COWLI HAPPY GIRL,10,650.643
50132167,LAPICERA 3 COMPART COWLI HAPPYGIRL,10,379.092
50132168,MOCHILA GRANDE DRAPO CHENSON,10,976.5
50132169,LONCHERA DRAPO,10,542.01
50132170,LAPICERA 2 COMPART CHENSON,10,433.398
50132171,LONCHERA GIPSY HAPPY GIRL,10,650.643
50132172,LAPICERA 3 COMPART GIPSY HAPPY GIRL,10,487.704
50132173,MOCHILA RUEDAS GRD GIPSY HAPPY GIRL,10,2171.337
50132174,MOCHILA GRD VANIA HAPPY GIRL,10,1085.112
50132175,LONCHERA VANIA HAPPY GIRL,10,650.643
50132176,LAPICERA VANIA HAPPY GIRL,10,542.01
50132178,LAPICERA 2 COMPART VANIA HAPPY GIRL,10,433.398
50132179,LONCHERA PRINCS CHENSON,10,650.643
50132180,LAPICERA PRINCESAS 3 COMPRT PRINCS CHENS,10,487.704
50132181,MOCHILA RUEDAS GRD PRINCS CHENSON,10,2171.337
50132182,MOCHILA EXTR GRD MARIO BROS RECER CHENSO,10,1193.745
50132183,LONCHERA MARIO BROS RACER CHENSON,10,650.643
50132184,LAPICERA 3 COMPART MARIO BROS CHENSON,10,487.704
50132185,MOCHILA GRANDE SAGAZ CHENSON,10,1193.745
50132186,LONCHERA SAGAZ CHENSON,10,650.643
50132187,LAPICERA 3 COMPART SAGAZ CHENSON,10,487.704
50132189,MOCHILA GRD MARIO BROS SPLOSHI CHENSON,10,1085.112
50132190,LONCHERA MARIO BROS SPLOSHI CHENSON,10,650.643
50132191,LAPICERA 3 COMPART MARIO BROS CHENSON,10,487.704
50132192,MOCHILA RUEDAS GRD MARIOBROS SPLOSHICHEN,10,2171.337
50132193,MOCHILA GRD HAPPY GIRL TARLAIT,10,976.5
50132194,LONCHERA HAPPY GIRL TARLAIT,10,542.01
50132195,LAPICERA 2 COMPART HAPPY GIRL,10,433.398
50132196,MOCHILA GRD VANIA VANI HAPPY GIRL,10,1193.745
50132197,LONCHERA VANIA VANI HAPPY GIRL,10,650.643
50132198,LAPICERA 2 COMPART VANIA VANI HAPPY GIRL,10,487.704
50132200,MOCHILA GRD DUVA HAPPY GIRL,10,1085.112
50132201,LONCHERA DUVA HAPPY GIRL,10,650.643
50132202,LAPICERA 3 COMPART HAPPY GIRL,10,487.704
50132203,LONCHERA MOANA CHENSON,10,650.643
50132204,LAPICERA 3 COMPART MOANA CHENSON,10,487.704
50132205,MOCHILA RUEDAS GRD MOANA CHENSON,10,2171.337
50132206,LONCHERA NEGRA 1818 CHENSON,10,650.643
50132208,MOCHILA RUEDAS AZUL CHEY CHENSON,10,1628.214
50132209,MOCHILA RUEDAS NEGRO CHEY CHENSON,10,1628.214
50132212,LAPICERA ROSA 2 COMPART ZILP 1818,10,324.786
50132214,LAPICERA LAVANDA 2 COMPART ZILP 1818,10,324.786
50132265,BOLIGRAFO SEMIGEL 10PZS SURT HANGSTICK,10,104.874
50132271,GOMA DE BORRAR PASTEL 2 PZ,10,16.779
50132272,GOMA DE BORRAR ANIMALES 2 PZ,10,36.372
50132288,SAMSONITE BANQUET BLACK ACCESSORIES,10,542.01
50132289,SAMSONITE BANQUET CARBON BLUE ACCESS,10,542.01
50132290,SAMSONITE ORYS BLACK ACCESSORIES,10,324.786
50132291,SAMSONITE ORYS CARBON BLUE ACCESSORIES,10,324.786
50132292,SAMSONITE ORYS ASPHALT GREY ACCESSORIES,10,324.786
50132293,SAMSONITE ORYS ARMY GREEN ACCESSORIES,10,324.786
50132294,SAMSONITE ORYS CRIMSON RED ACCESSORIES,10,324.786
50132295,SAMSONITE ORYS LAVENDER PURPLE ACCESS,10,324.786
50132296,SAMSONITE ORYS OLD PINK ACCESSORIES,10,324.786
50132303,MARCADOR PX-20 COLOR AZUL,10,82.74
50132304,MARCADOR PX-20 COLOR BLANCO,10,82.74
50132305,MARCADOR PX-20 COLOR NEGRO,10,82.74
50132306,MARCADOR PX-20 COLOR ROJO,10,82.74
50132307,MARCADOR PX-20 COLOR VERDE,10,82.74
50132308,MARCADOR PX-20 COLOR AMARILLO,10,82.74
50132312,DUAL POINT VIVEDEL COLORES 12X26,10,231.714
50132313,ERASNER 2 EN 1 BLIS C 1,10,18.375
50132314,CRAYON DE CERA BICOLOR 24 COL,10,105
50132315,CRAYONES GRIPPIE EST C6,10,123.375
50132319,12 PC COLOUR PENCIL 1 WATER BRUSH,10,165.375
50132320,12 PCS COLOUR PENCILS,10,165.375
50132321,25 PCS WATER COLOUR 2 PCS BRUSH,10,191.625
50132344,MOCHILA ARCOIRIS HOPPER 5XT XTREM,10,1193.745
50132345,MOCHILA FOOTBALL LOGAN 5XT XTREM,10,1085.112
50132346,MOCHILA GAMER GOMAN 5XT XTREM,10,1085.112
50132347,MOCHILA GATO LOGAN 5XT XTREM,10,1085.112
50132348,MOCHILA RUEDAS AZUL CROSS 2.0 5XT XTREM,10,2171.337
50132351,LONCHERA ROSA ORO NGR BAYSIDE5XT XTREM,10,759.255
50132352,LONCHERA LILA COOK XTREM,10,650.643
50132353,LONCHERA NEGRA NEO3.05XT XTREM,10,650.643
50132354,LONCHERA GATO LUNCH 2.05XT XTREM,10,607.194
50132355,LONCHERA NEGRA BREAK3.05XT XTREM,10,607.194
50132356,LONCHERA FOOTBALL BREAK 3.05XT XTREM,10,607.194
50132357,LAPICERA ARCOIRIS UNIVERSITY5XT XTREM,10,389.949
50132358,LAPICERA FOOTBALL UNIVERSITY5XT XTREM,10,389.949
50132359,LAPICERA ROMBOS NGR TRINITY5XT XTREM,10,324.786
50132360,LAPICERA AZUL NGR CAMPBELL5XT XTREM,10,324.786
50132361,LAPICERA GRIS CAMPBELL XTREM,10,324.786
50132362,LAPICERA LILA CAMPBELL 5XT XTREM,10,324.786
50132363,LAPICERA ETERNITY WEBSTER5XT XTREM,10,281.337
50132364,LAPICERA ROSA WEBSTER 5XT XTREM,10,281.337
50132414,MOCHILA XBOX NEGRO YADATEX,10,1006.068
50132416,MOCHILA DBZ NGR NRJ YADATEX,10,1006.068
50132417,MOCHILA BARBIE ROSA YADATEX,10,628.488
50132418,MOCHILA WILSON ROJO YADATEX,10,628.488
50132419,MOCHILA WILSON ROSA YADATEX,10,628.488
50132420,LONCHERA XBOX NEGRO YADATEX,10,438.48
50132421,LAPICERA XBOX NEGRO YADATEX,10,375.144
50132422,LONCHERA BARBIE ROSA YADATEX,10,375.144
50132423,LAPICERA BARBIE ROSA YADATEX,10,250.908
50132425,MOCHILA MIFFY BLANCA YADATEX,10,1006.068
50132426,MOCHILA MINSTER HIGH YADATEX,10,752.724
50132427,BP TODDLER ONE PIECE YADATEX,10,501.9
50132429,MOCHILA PEANUTS AZUL YADATEX,10,628.488
50132430,MOCHILA PUSHEEN ROSA YADATEX,10,628.488
50132431,MOCHILA PUSHEEN AZUL YADATEX,10,628.488
50132432,LONCHERA WILSON ROJO YADATEX,10,375.144
50132433,LOCNHERA WILSON ROSA YADATEX,10,375.144
50132434,LAPICERA WILSON ROJO YADATEX,10,250.908
50132435,LAPICERA WILSON ROSA YADATEX,10,250.908
50132436,LAPICERA WILZON AZUL YADATEZ,10,250.908
50132437,MOCHILA AMONG US ROJO YADATEX,10,1006.068
50132438,MOCHILA AMONG US AZUL YADATEX,10,1006.068
50132439,MOCHILA DBZ AZUL GRIS YADATEX,10,1256.976
50132440,LAPICERA BARBIE NEGRO YADATEX,10,375.144
50132441,MOCHILA KEEPACK NEGRO YADATEX,10,752.724
50132443,LONCHERA MIFFY BLANCA YADATEX,10,438.48
50132444,LAPICERA MIFFY BLANCA YADATEX,10,375.144
50132445,LAPCIERA MONSTER HIGH YADATEX,10,375.144
50132446,MOCHILA PEANUTS NEGRO YADATEX,10,628.488
50132447,LAPICERA PUSHEEN ROSA YADATEX,10,311.808
50132448,LONCHERA PUSHEEN AZUL YADATEX,10,375.144
50132449,LAPICERA WILSON NEGRO YADATEX,10,250.908
50132450,LONCHERA WILSON NEGRO YADATEX,10,375.144
50132451,LONCHERA AMONG US ROJO YADATEX,10,438.48
50132452,LAPICERA AMONG US ROJO YADATEX,10,375.144
50132453,LONCHERA AMONG US AZUL YADATEX,10,438.48
50132454,LAPICERA AMONG US AZUL YADATEX,10,375.144
50132457,MOCHILA KEEPACK MORADO YADATEX,10,752.724
50132458,MOCHILA MIFFY MANGENTA YADATEX,10,1006.068
50132459,MOCHILA ONE PIECE ROJO YADATEX,10,752.724
50132460,LAPICERA WILSON ROJO W YADATEX,10,250.908
50132461,MOCHILA DBZ NEGRO NARJ  YADATEX,10,1256.976
50132462,MOCHILA AMONG US AZ MAR YADATEX,10,1006.068
50132463,MOCHILA AVATAR AMARILLO YADATEX,10,1256.976
50132465,LAPICERA HALO AZUL GRIS YADATEX,10,375.144
50132466,MOCHILA HOT WHEELS ROJO YADATEX,10,1254.54
50132468,LONCHERA MIFFY MANGENTA YADATEX,10,438.48
50132469,LONCHERA POWERPUFF ROSA YADATEX,10,375.144
50132470,LAPICERA POWERPUFF ROSA YADATEX,10,375.144
50132471,LAPICERA WILSON NEGRO W YADATEX,10,250.908
50132472,LONCHERA DBSUPER AZ NARJ YADATEX,10,375.144
50132473,LAPICERA DBSUPER AZ NARJ YADATEX,10,250.908
50132474,LONCHERA AMONG US AZ MAR YADATEX,10,438.48
50132475,LAPICERA AMONG US AZ MAR YADATEX,10,375.144
50132476,MOCHILA BOB ESPONJA HAMB YADATEX,10,1006.068
50132477,MOCHILA LOGO BARBIE ROSA YADATEX,10,628.488
50132478,MOCHILA BARBIE UNICORNIO YADATEX,10,1006.068
50132479,LONCHERA HOT WHEELS ROJO YADATEX,10,438.48
50132480,LAPICERA HOT WHEELS ROJO YADATEX,10,375.144
50132481,MOCHILA ONE PIECE ROJ AZ YADATEX,10,742.98
50132482,MOCHILA PEANUTS AMARILLO YADATEX,10,1006.068
50132484,LAPICERA WILSON TURQUESA YADATEX,10,250.908
50132485,MOCHILA DBSUPER AZUL GOKU YADATEX,10,1006.068
50132486,MOCHILA DBSUPER 3 PERSONJ YADATEX,10,628.488
50132487,LONCHERA BOB ESPONJA HAMB YADATEX,10,438.48
50132488,LONCHERA LOGO BARBIE ROSA YADATEX,10,375.144
50132490,LONCHERA BARBIE UNICORNIO YADATEX,10,438.48
50132491,MOCHILA HOT WHEELS ROJ AZ YADATEX,10,1006.068
50132492,MOCHILA HOT WHEELS NGEGRO YADATEX,10,1254.54
50132494,MOCHILA PUSHEEN ROSA CAFE YADATEX,10,1006.068
50132495,MOCHILA PUSHEEN ROSA GATO YADATEX,10,1006.068
50132496,LONCHERA WILSON ROJO AZUL YADATEX,10,375.144
50132497,MOCHILA ESCOL DBSUPER GOKU YADATEX,10,501.9
50132498,LONCHERA DBSUPER AZUL GOKU YADATEX,10,438.48
50132499,LAPICERA DBSUPER AZUL GOKU YADATEX,10,250.908
50132500,LONCHERA DBSUPER 3 PERSONJ YADATEX,10,375.144
50132501,LAPICERA DBSUPER 3 PERSONJ YADATEX,10,250.908
50132502,MOCHILA AMONG US PERSONAJE YADATEX,10,628.488
50132503,MOCHILA BOB ESPONJA Y PATR YADATEX,10,628.488
50132504,MOCHILA CLUB AMERICA NEGRO YADATEX,10,628.488
50132506,LONCHERA PERANUTS AMARILLO YADATEX,10,375.144
50132507,LAPICERA PEANUTS AMARILLO YADATEX,10,375.144
50132509,LONCHERA PUSHEEN ROSA CAFE YADATEX,10,438.48
50132510,LAPICERA PUSHEEN ROSA CAFE YADATEX,10,250.908
50132511,LAPICERA PUSHEEN ROSA GATO YADATEX,10,250.908
50132512,MOCHILA DBZ NGR EDICION ESP YADATEX,10,1254.54
50132513,LONCHERA AMONG US PERSONAJE YADATEX,10,375.144
50132514,LAPICERA AMONG US PERSONAJE YADATEX,10,311.808
50132515,LONCHERA BOB ESPONJA Y PATR YADATEX,10,375.144
50132516,LAPICERA BOB ESPONJA Y PATR YADATEX,10,250.908
50132517,MOCHILA BARBIE NEGRO BRB058 YADATEX,10,1006.068
50132519,MOCHILA DRAGON BALL Z VERDE YADATEX,10,1256.976
50132520,MOCHILA PEANUTS AMAR PNT013 YADATEX,10,628.488
50132521,MOCHILA PEANUTS AMAR PNT030 YADATEX,10,1006.068
50132522,MOCHILA AMONG US ROJO 4 PERS YADATEX,10,1006.068
50132523,MOCHILA BOB ESPONJA AMARILLO YADATEX,10,499.38
50132524,MOCHILA BARBIE ROSA BRILLOS YADATEX,10,628.488
50132525,LONCHERA BARBIE ROSA BRILLOS YADATEX,10,375.144
50132526,LAPICERA BARBIE ROSA BRILLOS YADATEX,10,250.908
50132528,MOCHILA DRAGON BALL Z AZ CAF YADATEX,10,1256.976
50132529,MOCHILA POWERPUFF GIRLS ROSA YADATEX,10,1006.068
50132530,LAPICERA XBOX NEGRO CONTROL YADATEX,10,372.708
50132531,MOCHILA LONCHERA LAPICERA AMIGAS BARB,10,1208.256
50132532,LONCHERA AMONG US ROJO 4 PERS YADATEX,10,438.48
50132533,LAPICERA AMONG US ROJO 4 PERS YADATEX,10,375.144
50132534,LONCHERA BOB ESPONJA AMARILLO YADATEX,10,375.144
50132535,LAPICERA BOB ESPONJA AMARILLO YADATEX,10,250.908
50132536,MOCHILA CLUB AMERICA AMARILLO YADATEX,10,499.38
50132537,MOCHILA DRAGON BALL SUPERAZUL YADATEX,10,1006.068
50132538,LAPICERA DRAGON BALL Z AZ CAF YADATEX,10,375.144
50132539,MOCHILA DRAGON BALL Z NRJ NGR YADATEX,10,1254.54
50132540,MOCHILA HOT WHEELS MULTICOLOR YADATEX,10,628.488
50132541,LAPICERA BARBIE ROSA UNICORNIO YADATEX,10,375.144
50132542,LONCHERA BARBIE UNICORNIO ROSA YADATEX,10,438.48
50132543,LAPCIERA BARBIE UNICRONIO ROSA YADATEX,10,375.144
50132544,MOCHILA DRAGON BALL SUPER  NGR YADATEX,10,1254.54
50132545,LAPICERA DRAGON BALLSUPER AZUL YADATEX,10,375.144
50132546,LAPICERA DRAGON BALL Z NGR NRJ YADATEX,10,375.144
50132547,LAPICERA DRAGON BALL Z NRJ NGR YADATEX,10,375.144
50132548,MOCHILA RUEDAS HOT WHEELS ROJO YADATEX,10,1485.96
50132549,LONCHERA HOT WHEELS MULTICOLOR YADATEX,10,375.144
50132550,LAPICERA HOT WHEELS MULTICOLOR YADATEX,10,250.908
50132551,MOCHILA ESCOL BARBIE UNICORNROS YADATEX,10,501.9
50132552,MOCHILA BOBESPNJ CALAMARDO GUAP YADATEX,10,1006.068
50132553,MOCHILA DRAGON BALL SUPER VERDE YADATEX,10,742.98
50132554,LONCHERA DRAGON BALL SUPER AZUL YADATEX,10,438.48
50132555,LONCHERA  BOB ESPONJ HAMBURGUESA YADATEX,10,438.48
50132556,SET MOCHILA LONCHERA LAPICERA RJ AMONGUS,10,1208.256
50132557,MOCHILA DRAGON BALL SUPERAZ NARJ YADATEX,10,742.98
50132558,MOCHILA DRAGON BALL Z AMRI BLANC YADATEX,10,1256.976
50132559,MOCHILA DRAGON BALL Z NEGRO LISO YADATEX,10,1256.976
50132561,LAPICERA BETYBETO PRINC CORAZON FOTORAMA,10,367.878
50132562,LONCHERA BETYBETO PRINC CORAZON FOTORAMA,10,597.345
50132563,MOCHILA BETYBETO PRINC CORAZON FOTORAMA,10,967.113
50132564,MOCHILA BETYBETO PRINC CORAZON FOTORAMA,10,798.336
50132565,LAPICERA BETYBETO SIRENA LENTEJUE FOTORA,10,312.9
50132566,LONCHERA BETYBETO SIRENA LENTEJUE FOTORA,10,458.913
50132567,MOCHILA RUEDAS BETYBETO SIRENA LENTEJUEL,10,1124.508
50132568,LAPICERA BETYBET AMIGOS FOTORAMA,10,312.9
50132569,LONCHERA BETYBETO AMIGOS FOTORAMA,10,597.345
50132570,MOCHILA BETYBETO AMIGOS FOTORAMA,10,798.336
50132571,LAPICERA BLUEY ROSA FOTORAMA,10,367.878
50132572,LONCHERA BLUEY ROSA FOTORAMA,10,597.345
50132573,MOCHILA BLUEY ROSA FOTORAMA,10,798.336
50132574,LAPICERA GABBYS ARCOIRIS FOTORAMA,10,312.9
50132575,LONCHERA GABBYS ARCOIRIS FOTORAMA,10,517.692
50132576,MOCHILA RUEDAS GABBYS ARCOIRIS FOTORAMA,10,1194.669
50132577,LAPICERA GABBYS SIRENA FOTORAMA,10,312.9
50132578,LONCHERA GABBYS SIRENA FOTORAMA,10,517.692
50132579,MOCHILA GABBYS SIRENA FOTORAMA,10,798.336
50132580,LAPICERA DEMON SLAYER NEGRO FOTORMA,10,367.878
50132581,LONCHERA DEMON SLAYER NEGRO FOTORAMA,10,597.345
50132582,MOCHILA DEMON SLAYER NEGRO FOTORAMA,10,1147.272
50132583,MOCHILA STRANGER THINGS COLORES FOTORAMA,10,1245.867
50132584,LAPICERA NASA BLANCO FOTORAMA,10,312.9
50132585,LONCHERA NASA BLANCO FOTORAMA,10,597.345
50132586,MOCHILA NASA BLANCO FOTORAMA,10,1046.766
50132587,LONCHERA ONE PIECE NEGRO FOTORAMA,10,517.692
50132588,LAPICERA ONE PIECE VERDE FOTORAMA,10,261.681
50132589,LONCHERA ONE PIECE VERDE FOTORAMA,10,517.692
50132590,MOCHILA ONE PIECE VERDE FOTORAMA,10,1097.964
50132591,LAPICERA PLAYSTATION BLANCO FOTORAMA,10,367.878
50132592,LONCHERA PLAYSTATION BLANCO FOTORAMA,10,597.345
50132593,MOCHILA PLAYSTATION BLANCO FOTORAMA,10,896.952
50132594,LAPICERA RICKANDMORTY ROJO FOTORAMA,10,312.9
50132595,LAPICERA TRANSFORMERS AZUL FOTORAMA,10,312.9
50132596,LONCHERA TRANSFORMERS AZUL FOTORAMA,10,597.345
50132597,MOCHILA TRANSFORMERS AZUL FOTORAMA,10,997.458
50132598,LAPICERA URBANIA BASIC ROSA FOTORAMA,10,261.681
50132599,LAPICERA URBANIA BASIC GRIS OXF FOTORAMA,10,261.681
50132600,LAPICERA URBANIA BASIC TURQUESA FOTORAMA,10,261.681
50132601,LONCHERA URBANIA BASICS TURQUESA FOTORAM,10,496.839
50132602,MOCHILA URBANIA BASICS TURQUESA FOTORAMA,10,982.275
50132603,LONCHERA DONKEY NEGRO FOTORAMA,10,517.692
50132604,LONCHERA DONKEY AZUL FOTORAMA,10,517.692
50132605,MOCHILA DONKEY AZUL FOTORAMA,10,1147.272
50132606,LONCHERA DONKEY CAFE FOTORAMA,10,517.692
50132607,MOCHILA ECCENTRIC CAF FOTORAMA,10,868.497
50132608,LAPICERA DONKEY MORADO FOTORAMA,10,269.283
50132609,LONCHERA DONKEY MORADO FOTORAMA,10,517.692
50132610,MOCHILA DONKEY MORADO FOTORAMA,10,868.497
50132611,LAPICERA DONKEY MENTA FOTORAMA,10,269.283
50132612,LONCHERA DONKEY MENTA FOTORAMA,10,517.692
50132613,MOCHILA DONKEY MENTA FOTORAMA,10,868.497
50132620,LIBRETA STITCH AZ ROSA METAL MOOVING,10,239.4
50132622,BOTELLA SPORT  KUROMI1L ANDROMEDA,10,77.7
50132623,BOTELLA SPORT UNICORNIO1L ANDROMEDA,10,77.7
50132624,BOTELLA CUADRADA STITCH800ML ANDROMEDA,10,58.8
50132625,BOTELLA SQUEEZER STITCH350ML ANDROMEDA,10,75.6
50132627,BOTELLA SPORT STITCH1L ANDROMEDA,10,77.7
50132628,BOTELLA CON POPOTE STITCH1LT ANDROMEDA,10,77.7
50132629,BOTELLA SPORT MINECRAFT1L ANDROMEDA,10,77.7
50132630,BOTELLA CLIP MINECRAFT 600ML ANDROMEDA,10,55.65
50132631,BOTELLA ABRE FACIL BLUEY 500ML ANDROMEDA,10,73.5
50132632,BOTELLA ABREFACIL PAWPATROL 500ML ANDROM,10,73.5
50132634,BOTELLA SQUEEZER PRINCESAS 350ML ANDROME,10,75.6
50132635,BOTELLA SQUEEZER FROZEN 350ML ANDROMEDA,10,75.6
50132636,BOTELLA SQUEEZER SPIDERMAN 350ML ANDROME,10,75.6
50132637,SET CUADERNO STITCH MOOVING,10,379.701
50132716,BOLIGRAFO GEL SARASA CLIP 0.5MM FINO 3 P,10,175.098
50132719,BOLIGRAFO GEL DECOSHINE PAS 0.5MM FI 3 P,10,170.709
50132720,BOLIGRAFO GEL DECOSHINE PAST 0.5MM FI 3P,10,170.709
50132722,BOLIGRAFO GEL SARASA CLIP WINT 0.7MM 5P,10,254.1
50132723,BOLIGRAFO GEL SARASA CLIP WIN 0.7MM 10 P,10,508.2
50132724,BOLIGRAFO GEL SARASA CLIP SPG 0.7MM 5 P,10,254.1
50132727,MARCADOR RETRACTIL CLICKART V. OCE 6 P,10,184.8
50132728,MARCADOR RETRACTIL CLICKART V. 6 P,10,184.8
50132729,MARCADOR RETRACTIL CLICKART V. DES 6 P,10,184.8
50132730,MARCADOR RETRACTIL CLICKART P. SUN 6 P,10,184.8
50132734,MARCADOR RETRACTIL CLICKART VIVID 6 P,10,184.8
50132744,MARCADOR PERM MCKIE BAS DOB PUNTA 4 P,10,166.551
50132748,BOLIGRAFO TRI-GRIP TINTA BAJA VISC 3 P,10,36.33
50132757,PLUMA BASE US BANK SATIN ALUMINIUM,10,2100
50132794,LAPIZ BICOLOR ROJO Y AZUL,10,1.89
50132830,LAPICERO COLOR PASTEL SERVE,10,39.11582905
50132832,MARCATEXTOS BERRY COLOR PASTEL SERVE,10,19.866
50132833,MARCATEXTOS BERRY SERVE,10,19.866
50132834,SACAPUNTAS C GOMA DE BORRAR PASTEL SERVE,10,67.305
50132835,SACAPUNTAS C GOMA DE BORRAR METAL SERVE,10,87.822
50132836,LAPICERO DISENO DE FRUTAS SERVE,10,82.698
50132849,MOCHILA AZUL BRILLANTE GOKU DBS YADATEX,10,1052.541
50132850,LONCHERA AZUL BRILLANTE GOKU DBS YADATEX,10,596.337
50132851,LAPICERA AZUL BRILLANTE GOKU DBS YADATEX,10,400.806
50132852,MOCHILA VERDE MIL HALO 117 YADATEX,10,922.194
50132853,LONCHERA VERDE MIL HALO 117 YADATEX,10,542.01
50132854,LAPICERA VERDEMIL 1 COMPARTM HALO117 YAD,10,303.051
50132855,MOCHILA PATRICIO ESTRELLA BOBE YADATEX,10,1052.541
50132856,LONCHERA PATRICIO ESTRELLA BOBE YADATEX,10,596.337
50132857,LAPICERA PATRICIO 3 COMPARTIM YADATEX,10,400.806
50132858,MOCHILA PUSHEEN AZ HELAD YADATEX,10,922.194
50132859,LONCHERA PUSHEEN AZ HELAD YADATEX,10,542.01
50132860,LAPICERA PUSHEEN AZ 2 COMPARTM HELAD YAD,10,303.051
50132861,LONCHERA SNOOPY BLC NGR RAYAS YADATEX,10,651
50132862,LONCHERA SNOOPY BLCNGR RAY 1 COMPART YAD,10,433.65
50132863,MOCHILA SNOOPY VIBES BLANCA YADATEX,10,1063.398
50132864,MOCHILA SQUISHMALLOWS GATO YADATEX,10,1410.99
50132865,LONCHERA SQUISHMALLOWS GATO YADATEX,10,651
50132866,LAPICERA SQUISHMALLOWS GATO YADATEX,10,433.65
50132867,LAPICERA SIMBA 2 COMPARTIMIENTOS YADATEX,10,270.459
50132868,LAPICERA STITCH 2 COMPARTIMIENTOS YADATE,10,270.459
50132869,MOCHILA DRGONBZ NGR NRJ YADATEX,10,1280.643
50132870,LAPICERA STARWARS NEGRA YADATEX,10,433.65
50132871,LAPICERA STARWARS R2D2 YADATEX,10,433.65
50132872,MOCHILA Y LAPCIERA DUFF SIMPSONS YADATEX,10,1411.2
50132873,LAPICERA DONA SIMPSONS YADATEX,10,433.65
50132874,MOCHILA LAPT NEGRO JERSEY 2.0 5XT XTREM,10,1302.357
50132875,MOCHILA LAPT VRD MIL JERSEY2.05XT XTREM,10,1302.357
50132876,MOCHILA LAPT AZUL ATOMIK 5XT XTREM,10,1193.745
50132877,MOCHILA LAPT GRIS NARJ BRON2.05XT XTREM,10,1085.112
50132878,MOCHILA LAPT NEGRA PORTLAND 5XT XTREM,10,1519.602
50132879,MOCHILA LAPT MORADO RONDA 5XT XTREM,10,1410.99
50132880,MOCHILA LAPT MORADO CLEVELAND 5XT XTREM,10,1410.99
50132881,MOCHILA LAPT MULTCOL CLEVELAND5XT XTEM,10,1410.99
50132882,MOCHILA LAPT ORO ROSA LINX5XT XTREM,10,1302.357
50132883,MOCHILA LAPT AQUA DUNCAN 5XT XTREM,10,1302.357
50132884,MOCHILA LAPT LILA QUEENS 5XT XTREM,10,1193.745
50132885,MOCHILA LAPT AZUL QUEENS 5XT XTREM,10,1193.745
50132886,MOCHILA LAPT CORAZON NGR LEIA 5XT XTREM,10,1085.112
50132887,MOCHILA LAPT FLORES AZ LEIA 5XT XTREM,10,1085.112
50132888,MOCHILA LAPT NGR ENERGY 5XT XTREM,10,813.561
50132889,MOCHILA LAPT ETERNIDAD ENERGY5XT XTREM,10,813.561
50132890,MOCHILA LAPT BORG ENERGY 5XT XTREM,10,813.561
50132968,LAPICERA JURASSIC WORLD AZUL DANPEX,10,180.243
50132969,LAPICERA JURASSIC WORLD VERDE DANPEX,10,180.243
50132970,LAPICERA JURASSIC WORLD VINO DANPEX,10,180.243
50133019,BOLIGRAFO STICH CON LUZ GAIRET,10,42
50133021,BOLIGRAFO MULTITINTA STITCH GAIRET,10,42
50133030,LAPIZ GRAFITO 12PZ KUROMI,10,79.8
50133031,GOMA PUSH MY MELODY,10,31.5
50133032,BOLIGRAFO MULTITINTA MY MELODY,10,31.5
50133034,GOMA PUSH SPIDEY,10,31.5
50133124,BOSS ORIGINAL ARTY C 5 MARCATEXTOS,10,194.166
50133125,BOSS ORIGINAL ARTY 5 MARCATEXTOS CALIDOS,10,194.166
50133126,BOSS ORIGINAL NATURE C 6 MARCATEXTOS,10,224.763
50133127,BOSS ORIGINAL C 23 MARCATEXTOS,10,854.7
50133129,STABILO PLUMIN PEN 68 CON 18,10,537.768
50133142,MOCHILA JUVENIL ROJO DONKEY FOTORAMA,10,1147.272
50133162,HOJAS CARPETA CTA REFOR 100H CUAD CHICO,10,70.56
50133163,HOJAS CARPETA CTA REFOR 100H CUAD GRANDE,10,70.56
50133164,HOJAS CARPETA CTA REFOR 100H CUAD RAYA,10,70.56
50133274,MOCHILA MORADA AZUL SOFT PARADISE NORMA,10,982.653
50133275,LAPICERA MORADA AZUL SOFT PARADISE KIUT,10,291.207
50133276,LONCHERA MORADA AZUL SOFT PARADISE KIUT,10,530.544
50133277,MOCHILA MORADA MAGICAL GRADIENT NORMA,10,982.653
50133278,LAPICERA MORADA MAGICAL GRADIENT KIUT,10,317.793
50133279,LONCHERA MORADA MAGICAL GRADIENT KIUT,10,530.544
50133280,MOCHILA VERDE SPECIAL OLIVE NORMA,10,1115.625
50133281,LAPICERA VERDE SPECIAL OLIVE KIUT,10,291.207
50133282,LONCHERA VERDE SPECIAL OLIVE KIUT,10,530.544
50133283,MOCHILA AZUL MIDNIGHT BLUE NORMA,10,1115.625
50133284,LAPICERA AZUL MIDNIGHT BLUE NORMA,10,344.4
50133285,LONCHERA AZUL MIDNIGHT BLUE NORMA,10,530.544
50133286,MOCHILA GRIS FERRARI YELLOW LIGHT,10,1328.376
50133287,LAPICERA GRIS FERRARI YELLOW LIGHT,10,344.4
50133288,LONCHERA GRIS FERRARI YELLOW LIGHT,10,530.544
50133289,MOCHILA NEGRA FERRARI REFLECTIVE BLACK,10,1328.376
50133290,LAPICERA NEGRA FERRARI REFLECTIVE BLACK,10,344.4
50133291,LONCHERA NEGRA FERRARI REFLECTIVE BLACK,10,530.544
50133292,MOCHILA PANA BLANCA JEAN BOOK2025,10,1035.825
50133293,MOCHILA NEGRA JEAN BOOK2025,10,1102.311
50133294,MOCHILA AZUL MILE RPET NORMA,10,1009.239
50133312,CUADERNO 80H RAYAS PUNTEADAS FLORASM THP,10,351.834
50133313,CUADERNO 80H RAYAS PUNTEADAS MOSAICS THP,10,351.834
50133314,CUADERNO 60H RAYAS PUNTEADAS DESERT THP,10,351.834
50133315,CUADERNO 60H RAYAS PUNTEADAS BUTTERF THP,10,351.834
50133331,MOCHILA ESTANDAR VARIOS COLORES,10,168
50134028,LAPICES DE COLORES INSPIRARTE MOOV 40PZ,10,205.548
50134029,MARCADORES DOBLES COLORING 8PZ MOOVING,10,389.34
50134030,MARCADORES ACRILICOS COLORING MOOVI 10PZ,10,260.064
50134031,MARCADORES ACRILICOS COLORING MOOVI 30PZ,10,781.893
50134032,MARCADORES COLORING SKETCH MOOVING 12PZ,10,393.078
50134033,MARCADORES COLORING SKETCH MOOVING 36PZ,10,228.48
50134034,MARCADOR ACRILICO PUNTA PINCELMOOVI 12PZ,10,685.587
50134035,MARCADOR ACRILICO PUNTA CALIGRAFICA 12PZ,10,567.651
50134068,CUADERNO PROFESIONAL COSIDO 100H 5MM AMA,10,45.57
50134069,CUADERNO PROFESIONAL COSIDO 100H 7MM MOR,10,45.57
50134070,CUADERNO PROFESIONAL COSIDO 100H RAYA ve,10,45.57
50134074,CUADERNO PROFESIONAL COSIDO 100H DR,10,45.57
50134087,CUADERNO ITALIANO COSIDO 100H 7MM,10,32.76
50134088,CUADERNO ITALIANO COSIDO 100H RAYA,10,32.76
50134104,CAJA DE COLORES ECO PAPEL PERIODIC12 PZ,10,136.143
50134105,CAJA DE COLORES ECO C SEMILLAS 12 PZ,10,145.845
50134106,CAJA LAPIZ ECO PAPELPERIOD PERG 12PZ,10,86.247
50134107,CAJA LAPIZ ECO PAPELPERIOD GOMA 10PZ,10,84
50134117,LAPICERA DE PELUCHE CAPIBARA,10,171.192
50134118,BOLIGRAFO CON POMPON CAPIBARA,10,54.26438493
50134126,CUADERNO ESPIRAL 100H CAPIBARA,10,86.94
50134136,KIT ESCOLAR PRIMARIA OWENS 2025,10,633.549
50134273,PAPER MATE MARCADOR PUNTA FIELTRO 12PZA,10,556.647
50134351,HERMETICO 2 DIVISIONES 700ML LUKKO,10,84
50134352,HEMETICO 2 DIVISSIONES 1.6L LUKKO,10,159.6
50134353,HERMETICO 3 DIVISIONES 680ML LUKKO,10,144.9
50134409,EXPO MARCADOR CINCEL COLORES 36 PZAS,10,1240.092
50134554,SACAPUNTAS ELECTRICO ROBOT 7 A 11X5 MM,10,2052.246
50134566,SET LIBRETAS 3PZ 32H RAYA CONSTELACIONES,10,120.1353837
50134567,LAPICERA MORADA GLITTER CONSTELACIONES,10,94.83641722
50134568,BOLIGRAFO DISENO ESTRELLA CONSTELACIONES,10,33.49476667
50134569,BOLIGRAFO PIEDRAS CONSTELACIONES,10,22.11298321
50134570,MARCATEXTOS 6 PZ CONSTELACIOENS,10,76.48382192
50134573,CUADERNO POCKET ROSA CONSTELACIONES,10,25.28547887
50134574,CUADERNO POCKET MORADO CONSTELACIONES,10,25.28695775
50134575,GOMA LUNA CONSTELACIONES,10,18.3132963
50134576,CUADERNOS PROFESIONAL ROSA 96H RAYA OJO,10,94.83759206
50134577,CUADERNOS PROF ELASTI LILA 76H  CONSTELA,10,110.0188986
50134578,BOTELLA 550 ML DISENO GATO CONSTELACION,10,84.72555
50134579,BOTELLA 550 ML DISENO LUNA CONSTELACION,10,84.723625
50134580,BOTELLA 550 ML SIN DISENO CONSTELACION,10,81.543
50134582,LAPICERA ROSA DISENO LUNA CONSTELACIONES,10,77.13367742
50134583,KIT ESCOLAR CONSTELACIONES,10,221.298
50134584,BLOCK DE NOTAS BOLIGRAFO 50H CONSTELACI,10,73.962
50134588,TERMO CONTELACIONES,10,105.567
50134589,CORRECTOR LILA CONSTELACIONES,10,22.113
50134596,MINI BOLIGRAFOS GEL PUNTA FINA 6PZ CAPIB,10,53.08813333
50134597,TERMO DE PLASTICO 450ML CAPIBARA,10,189.1195545
50134598,LAPICERA CHILLIN CAPIBARA,10,129.3910047
50134671,CUAD COSIDO FRANCES 100H BLANCO SURTIDO,10,50.526
50134787,BOLIGRAFO NAVIDENO PUNTA FINA FIGURA,10,22.8416317
50134788,BOLIGRAFO NAVIDENO PUNTA FINA PERSONAJE,10,22.84154248
50134804,KIT PREESCOLAR OXXO,10,421.512
50134805,KIT 1RO Y 2DO DE PRIMARIA OXXO,10,290.3964
50134806,KIT 3RO DE PRIMARIA OXXO,10,345.891
50134807,KIT 4TO A 6TO DE PRIMARIA OXXO,10,422.345
50134808,KIT SECUNDARIA OXXO,10,498.5631538
50134995,LONCHERA PEANUTS AMRILLA CHARLIEBROWN,10,325.5
50134996,LONCHERA PEANUTS ROJO CASA SNOOPY,10,509.25
50134997,MOCHILA PEANUTS AZUL SNOOPY Y AMIGOS,10,1062.6
50134998,CUADERNO GLADIADOR 100H CUADROG CAPIBARA,10,115.311
50134999,CUADERNO GLADIADOR 100H RAYA CAPIBARA,10,115.311
50135034,CUADERNO PROFESIONAL RY SNOOPY PREM MOOV,10,267.834
50135035,CUADERNO POCKET RAYA SNOOPY PREM MOOVING,10,195.153
50135036,CUADERNO FRANCES RAYA SNOOPY MOOVING,10,267.834
50135041,LIBRETA AZUL PUNTEADA 140H SNOOPY DANPEX,10,153.048
50135042,LIBRETA AMARILLA PUNTEADA 140H SNOOPY,10,153.048
50135073,CUADERNO FRANCES 80H ESPIRAL DISC SNOOPY,10,410.613
50135075,BLOCK DE NOTAS 120H H DISENO SNOOPY,10,198.135
50135079,SET BOLIGRAFOS PUNTOFINO NGR 3PZ SNOOPY,10,216.342
50135274,KIT BTS RYDER PREESCOLAR,10,425.9434492
50135275,KIT BTS RYDER 1RO PRIMARIA,10,208.484876
50135276,KIT BTS RYDER 2DO PRIMARIA,10,208.4848235
50135277,KIT BTS RYDER 3RO PRIMARIA,10,260.7808333
50135278,KIT BTS RYDER 4TO PRIMARIA,10,312.7261846
50135279,KIT BTS RYDER 5TO PRIMARIA,10,312.726
50135280,KIT BTS RYDER 6TO PRIMARIA,10,312.7258585
50135281,KIT BTS RYDER SECUNDARIA,10,546.4577751
50135282,KIT BTS RYDER PREPARATORIA,10,1000.718278
50135613,CONTENEDOR HERMETICO SNOOPY 550 ML,10,109.2
50135614,BOTELLA DE ALUMINIO SNOOPY 600 ML,10,182.7
50135615,BOTELLA SNOOPY 950 ML,10,186.9
50135616,TERMO DOBLE PARED SNOOPY CAMP 350 ML,10,199.5
50135757,CONTENEDOR HERMETICO SNOOPY 460 ML,10,81.9
50135758,CONTENEDOR HERMETICO SNOOPY 700 ML,10,94.5
50135759,CONTENEDOR HERMETICO SNOOPY 950 ML,10,102.9
50136064,MARCADOR DOBL PUNTA ULTR FIN Y MED 4PZ,10,38.661
50136212,LIBRETA EJECUTIVA 160HRY CORAZON BEAUTIF,10,255.15
50136213,LIBRETA EJECUTIVA 160HRY POSITVE VIBES,10,255.15
50136214,LIBRETA EJECUTIVA 192HRY HP RAVENCLAW,10,443.52
50136215,LIBRETA EJECUTIVA 192HRY HP GRYFFINDOR,10,443.52
50136216,LIBRETA EJECUTIVA 192HRY HP SLYTHERIN,10,443.52
50136217,LIBRETA EJECUTIVA 192HRY HP HUFFLEPUFF,10,443.52
50136218,LIBRETA EJECUTIVA 192HRY FRIDAKAHLO CORA,10,467.712
50136219,LIBRETA EJECUTIVA 192HRY FRIDAKAHLO AZUL,10,467.712
50136220,LIBRETA EJECUTIVA 192HRYPUSHEEN U SWEET,10,390.243
50136221,LIBRETA EJECUTIVA 192HRYPUSHEEN UGOTTHIS,10,390.243
50136222,LIBRETA EJECUTIVA 192HRYPUSHEEN YUM,10,390.243
50136223,LIBRETA EJECUTIVA 192HPUNT HELLOKITT LIL,10,467.712
50136224,LIBRETA EJECUTIVA 192HPUNT HELLOKITT NGR,10,467.712
50136226,LIBRETA EJEC PREMIUM SNOOPY AMAR 192HRY,10,434.133
50136227,LIBRETA EJEC PREMIUM SNOOPY AZUL 192HRY,10,434.133
50136256,SET DE COLORES 100PZ,10,489.846
50136257,SET PLUMONES 30 SUPERTIP 10 PAST 10 AROM,10,417.396
50136258,10 PLUMONES CON AROMA SILLYSCENTS,10,154.392
50136260,MEGA SET PLUMONES 50TIPS 32BASIC 18AROMA,10,316.806
50136261,8 PLUMONES SUPER TIPS AROMA SILLYSCENTS,10,164.43
50136263,150 PLUMONES SUPER TIPS,10,1002.876
50136440,LIBRETA EJECUTIVA ROSA AGUACATE 60H70GR,10,52.521
50136605,MARCATEXTOS BORRABLES 6PZ,10,73.647
50136606,MARCADORES CRAYOLA XL PARA POSTER 4PZ,10,208.068
50136608,SET ESCOLAR CRAYOLA 25PZ,10,217.224
50136645,LONCHERA NEGRA 1818,10,650.643
50136646,MOCHILA BEIGE PIKE 1818,10,1193.745
50136647,LONCHERA BEIGE PIKE 1818,10,650.643
50136648,MOCHILA NEGRA ZLIP 1818,10,976.5
50136649,LAPICERA NEGRA ZLIP 1818,10,324.786
50136650,LAPICERA VERDE MILITAR ZLIP 1818,10,324.786
50136651,LAPICERA GAMER NEGRO TROLLER CHENSON,10,433.398
50136655,HIELERA TERMICA NEGRA KOLET CHENSON PRO,10,650.643
50136656,LONCHERA LUNARES RAZE CHENSON PRO,10,650.643
50136657,LAPICERA GRIS RAZE CHENSON PRO,10,433.398
50136658,LAPICERA NEGRO RAZE CHENSON PRO,10,433.398
50136659,LAPICERA AZUL RAZE CHENSON PRO,10,433.398
50136661,LAPICERA AZUL HOP 1818,10,324.786
50136772,CUADERNO POCKET 100HOJASRY 75GR NEGRO,10,71.904
50136773,CUADERNO FRANCES 100HOJASRY 75GR NEGRO,10,128.394
50136774,CUADERNO FRANCES TD 100HOJASRY 75GR NGR,10,197.652
50136775,CUADERNO PROF TD 100HRY 75GR NEGRO NUTRI,10,184.884
50136776,CUADERNO POCKET TD 100HRY 75GR COLORES,10,81.606
50136777,CUADERNO FRANCES TD 100HRY 75GR COLORES,10,141.225
50136778,CUADERNO PROF TD 100HRY 75GR COLORES,10,202.986
50136779,LIBRETA EJECUTIVA 80HRY 75GR FIG PASTEL,10,78.33
50136780,LIBRETA EJECUTIVA 80HRY 75GR FIG OBSCU,10,78.33
50136781,LIBRETA EJECUTIVA 80HRY 75GR ROSA Y AZUL,10,78.33
50136782,CUADERNO FRANCES 80HRY AMERICA,10,105
50136783,CUADERNO FRANCES 80HRY TIGRES,10,105
50136784,GOMA C SACAPUNTAS FACTIS F6,10,84.693
50136785,GOMA FACTIS 36R 3PIEZAS,10,36.687
50136890,SLIDE PEN AZUL TINTA NEGRA,10,335.58
50136891,SLIDE PEN LAVANDA TINTA NEGRA,10,335.58
50136892,SLIDE PEN ROSA TINTA NEGRA,10,335.58
50136893,SLIDE PEN AZUL MARINO TINTA NEGRA,10,335.58
50136895,SLIDE PEN NEGRO TINTA NEGRA,10,335.58
50137239,CUADERNO PROFESIONAL 100HRAYAS ANIME,10,102.69
50137240,CUADERNO PROFESIONAL 100HRAYAS PROBASIC,10,102.69
50137241,CUADERNOS PROFESIONAL 100HCHICO CHIC,10,102.69
50137242,CUADERNO PROFESIONAL 200HCHICO LOVE,10,251.349
50137243,CUADERNO PROFESIONAL 100HRAYAS GATO,10,102.69
50137331,BOLIGRAFO PUNTO FINO AZUL DIXON 5Z,10,34.419
50137332,BOLIGRAFO PUNTO FINO NEGRO DIXON 5PZ,10,34.419
50137333,BOLIGRAFO PUNTO FINO ROJO DIXON 5PZ,10,34.419
50137354,PDQ 36 GOMAS PUSH PAW PATROL,10,31.5
50137355,PDQ 24 SACAPUNTAS CONTENEDOR PAW PATROL,10,42
50137356,PDQ 36 GOMAS RETRACTILES HARRY POTTER,10,31.5
50137357,PDQ 36 GOMAS RETRACTILES MINICRAFT,10,31.5
50137358,LAPICES DE COLORES HELLO KITTY,10,84
50137359,LAPICES DE COLORES PRINCESAS,10,84
50137360,LAPICES DE COLORES SONIC,10,84
50137361,LAPICES DE COLORES PAW PATROL,10,84
50137479,AZOR PIN POINT RT NEGRO C12 PZAS MEDIANO,10,110.88
50137480,AZOR PIN POINT RT AZUL C12 PZAS MEDIANO,10,110.88
50012930,GISES BLANCOS C/150 PZ.      .,11,129.15
50013010,BLOCK AGUJE DIBU CLASI BCO 20H,11,191.7838125
50013212,ROTAFOLIO ICE BOARD 90X70,11,3667.922591
50013373,REGLA T PROFES. 75CM CABEZA FI,11,529.6447116
50013374,REGLA T PROFES. 100CM CABEZA F,11,631.6817649
50013380,CURVIGRAFO SILCO 30CMS,11,191.0768482
50013383,REGLA T ACRILICO TRANSP SILCO,11,139.704585
50013384,JUEGO DE ESCUADRAS SEMI-PROFEF,11,90.15968009
50013385,ESCUADRAS SEMIPROF S/G 30CM,11,95.24158099
50013386,ESCUADRAS SEMIPRO C/G S/B 28CM,11,94.30507286
50013387,ESCUADRAS SEMIPRO C/G S/B 30CM,11,102.7435377
50013390,ESCALIMETRO COLLEGE SILCO 30CM,11,90.28106028
50013392,TRANSPORTADOR 180O TRANSPARENT,11,30.73644721
50013418,ESTILOGRAFO SILCO COLLEGE 0.30,11,233.9225214
50013420,ESTILOGRAFO SILCO COLLEGE 0.50,11,234.6320957
50013422,ESTILOGRAFO SILCO COLLEGE 1.00,11,233.1659591
50013428,PLANTILLAS PROFES SILCO ELIPSE,11,104.6526414
50013429,PLANTILLAS PROFES SILCO CIRCUL,11,70.58866302
50013435,PLANTILLAS PROFES SILCO COMBIN,11,93.41296958
50013450,REGLA PLAST 30 CM SHATTER OMX,11,19.88782941
50014141,ACUARELA ESCOLAR PELIKAN 12 PZ.,11,52.61266348
50014394,LUPA TRAD Ultraoptix 3 PULG. (7.,11,124.845
50014395,LUPA EN TAMANO TARJETA EN BLIS,11,29.2632943
50014671,LIMPIA PIZARRON MAGISTRA 273ML,11,80.26348582
50014699,ESTILOGRAFOS  DESECHABLES 308,11,337.1335962
50015698,PORTAFOLIO DE DISENOEXTR GDE 6,11,246.7260746
50015812,PINCELES CRAYOLA PAQ4,11,78.69084802
50015863,GISES BLANCOS CRAYOLA 12PZS,11,32.93126363
50015865,GISES BLANCOS CRAYOLA 150PZS,11,282.9747897
50015866,GISES CRAYOLA COLORES SURTIDOS,11,44.32411478
50016547,CALCOMANIAS DE FANTASIA ZWECKF,11,39.91095057
50016548,CALCOMANIA DE FANTASIA DECO-LI,11,44.19447361
50017599,PAPEL FOAMBOARD 51X76CM BLCO,11,141.8057846
50017600,PAPEL FOMBOARDO 51X76CM NEGRO,11,121.1
50017619,CARTULI IRIS 50X60CM MANZANA,11,16.16348276
50017632,CARTULI IRIS 50X60CM BLANCA COLOR,11,21.231
50017633,BLOCK VEGETAL T/C 50/55GRS 25H,11,55.83901358
50017636,BLOCK T/OFICIO VEGETAL C/25HJS,11,90.62966796
50021221,BORRADOR PIZARRON MAGNETICO,11,75.5551873
50021795,PINTARRON MIX ICE BOARD 60X90,11,993.8240597
50021964,TARJETA DE NAVIDAD XL        .,11,3.498943396
50024402,PINTURA VINCI AMARILLO LIMON,11,21.81478304
50024403,PINTURA VINCI ROJO NARANJA,11,21.68078103
50024404,PINTURA VINCI ROJA,11,21.8660602
50024405,PINTURA VINCI CAFE,11,21.9013803
50024406,PINTURA VINCI ROSA MEXICANO,11,20.98395052
50024407,PINTURA VINCI VERDEESMERALDA,11,21.81377706
50024408,PINTURA VINCI AZUL ULTRAMAR,11,21.94401119
50024409,PINTURA VINCI ROJO CARNE INITA,11,21.4532065
50024410,PINTURA VINCI BLANCAP/LETREROS,11,21.84326798
50024411,PINTURA VINCI NEGROBUJIA,11,21.86332686
50024412,PINTURA VINCI ORO RICO,11,21.78462584
50024414,PINTURA VINCI PLATA,11,21.85546578
50024415,PLASTILINA MODELINACAJA C/10 B,11,25.66930419
50024416,PLASTILINA EN BARRAAMA 180GRS.,11,17.1075
50024419,PLASTILINA EN BARRAROJA 180GR.,11,17.22
50024422,PLASTILINA EN BARRAAZ CLARO 1.,11,16.998
50024423,PLASTILINA EN BARRACAFE 180GR.,11,17.2046
50024427,PLASTILINA EN BARRAVDE CLARO .,11,17.1675
50024541,BLOCK ENGO ARTE MED CLA BC 20H,11,239.5398717
50024542,BLOCK ENGO ARTE GDE CLA BC 20H,11,414.206409
50026427,TRIPIE AJUSTABLE ICE BOARD 160,11,1897.386883
50026935,PAPEL AMERICA ROJO 50X70 2PZA.,11,24.63254724
50026938,PAPEL AMERICA AZUL 50X70 2PZ .,11,24.54448753
50026939,PAPEL AMERICA VERDE 50X70 2PZ.,11,24.54678043
50026941,PAPEL AMERICA AMARI 50X70 2PZ.,11,24.54708686
50029681,PINTURA CARTEL ESTUCHE C/12,11,310.6895208
50032713,LOSETAS DE CORCHO (4) 30X30 CM,11,397.2297633
50032714,ROLLO DE CORCHO 60X120,11,412.2306506
50033032,PASTA PLAY DOH 1 PIEZA      .,11,34.23228378
50033034,PASTA PLAY DOH 4 PIEZAS      .,11,125.1505523
50033067,BROCHA INFANTIL CRAYOLA,11,62.35223153
50033149,BLOCK A4 CARTULINA C/25 HJS,11,90.64145541
50033151,BLOCK MARQUILLA RAYTER 20 HOJA,11,95.19254783
50033606,REGLA 20 CM SILCO TRANSPARENTE,11,16.40624441
50034060,BORRADOR FUNCIONAL ALFRA,11,53.781
50034604,TABLA MACOCEL 30X40 CM,11,35.28037392
50034605,TABLA MACOCEL 20X20 CM,11,15.4867952
50034606,TABLA MACOCEL 30X30 CM,11,27.91642648
50034607,TABLA MACOCEL 40X40 CM,11,44.70126906
50034843,PORTAFOLIOS ZV 12,11,369.243
50036586,PAPEL LUSTRE 50X75 3P MORADO,11,29.15942259
50036835,BATA BLANCA TALLA EXTRA GRANDE,11,277.1848339
50037644,TRANSPORTADOR PROF 360 G VTA C,11,38.4867426
50040365,PINTARRON ICE B ALFRA 90X120,11,1699.509
50040480,BLOCK ENGO ARTE CH CLAS BC 20H,11,136.0584617
50041113,PINTURA TEMPERA NEGRA DE 473ML,11,99.91870609
50041114,PINTURA TEMPERA BLANCA DE 473,11,100.6893916
50041115,PINTURA TEMPERA ROJA DE 473ML,11,100.2593218
50041116,PINTURA TEMPERA NARANJA DE473,11,97.61894283
50041117,PINTURA TEMPERA AMARILLA 473M,11,99.73180676
50041118,PINTURA TEMPERA VERDE 473ML,11,99.34479048
50041119,PINTURA TEMPERA AZUL 473ML,11,99.77818516
50041120,PINTURA TEMPERA CAFE 473ML,11,97.13210752
50041243,JUEGO DE GEOMETRIA GRANDE    .,11,76.503
50041309,ROTULADOR STAEDTLER 0.3 10 P,11,383.8366
50041367,CARTULINA OPALINA 225GRS 5 PL.,11,76.09746298
50041368,PAPEL ENVDIETRIX 50X75 3PZAMA,11,30.912
50041369,PAPEL LUSTRE 50X75 3PZA ROJO,11,29.08769616
50041370,PAPEL LUSTRE 50X75 3PZA AZUL,11,29.01642694
50041371,PAPEL LUSTRE 50X75 3PZA CELEST,11,29.34061543
50041372,PAPEL LUSTRE 50X75 3PZA NJA,11,29.97532961
50041373,PAPEL LUSTRE 50X75 3PZA VDE LI,11,29.12096886
50041374,PAPEL LUSTRE 50X75 3P VDE B,11,28.94335611
50041375,PAPEL LUS DIETRIX 50X75 3PZ RS,11,28.98445068
50041376,PAPEL LUSTRE 50X75 3PZA BLANCO,11,29.22831148
50041394,ROT STABILO POINT88 3P 0.4,11,104.2435672
50041395,ROTULADOR  POINT 88 C/10,11,311.5448025
50043048,BLOCK ROTAF VDE OPT 64X78 25H,11,199.788
50044904,PINTURA DIGITAL AMARILLA VINCI,11,79.73686312
50044905,PINTURA DIGITAL AZUL,11,80.14387105
50044906,PINTURA DIGITAL BLANCA,11,79.84643445
50044907,PINTURA DIGITAL NARANJA,11,78.55784211
50044908,PINTURA DIGITAL NEGRA,11,79.03314701
50044909,PINTURA DIGITAL ROJO,11,80.11300442
50044910,PINTURA DIGITAL VERDE,11,79.58768884
50044911,PINTURA DIGITAL VIOLETA,11,79.716
50044913,PINTURA DIGITAL GLITTER AZUL,11,72.2358
50044914,PINTURA DIGITAL GLITTER BLCO,11,91.875
50044915,PINTURA DIGITAL GLITTER ROJO,11,91.875
50044985,PINTURA DIGITAL CAFE,11,75.25196367
50044989,REGLA T CAB FIJA 60CM,11,153.7619362
50045147,ETIQUETAS ESCOLAR ADHE SP 2 C.,11,13.314
50045154,ETIQUETAS ESCOLAR ADHE SP 9 C.,11,13.314
50048037,BATA BLANCA TALLA CHICA ,11,277.0998833
50048038,BATA BLANCA TALLA MEDIANA    .,11,277.1989071
50048039,BATA BLANCA TALLA GRANDE     .,11,277.0859192
50048076,CUENTA HILOS 5X LUPA,11,109.8574343
50048159,LUPA JUNIOR MAPED 50MM,11,87.51174878
50048160,LUPA DE LECTURA MAPED 75MM,11,113.6189502
50048165,JGO GEOM C/COMPAS STOP SYSTEM,11,150.7605583
50048232,GLOBO TERRAQUEO AZUL BASE PLA.,11,1242.521992
50052617,MASA DAS BLANCA 1/2 KILO,11,93.66071542
50053098,ROTAFOLIO E2,11,5110.661101
50053106,MASA DAS TERRACOTA 1/2 KILO,11,107.9598909
50053115,PINTARRON ICE BOARD 60 X 90,11,977.6398199
50054240,TABLERO CORCHO 90X1.20 ALFRA,11,1362.453
50054938,BLOCK COLORES TEXTUR 24X34 50H,11,267.832916
50054939,BLOCK CT COLORES LUSTRE 50H,11,118.8394487
50054941,BLOCK COLOR CONST 30X22.5 50H,11,151.0887425
50055460,PIZARRON PINTAGLASS 60X90,11,2418.202991
50059520,ROTULAD STABILO POINT88 6P .4,11,202.8012502
50059521,ROTULAD STABILO POINT88 25P,11,790.7537851
50060501,PAPEL BATERIA CREMA 50X80 2PZ,11,136.5046082
50060505,BLOCK DIBUJO ESP CANSON XL CROQUIS 120H,11,485.1
50060605,BLOCK ESBOZO 120H A4 XL,11,354.4843556
50060614,PINTARRON IGLU 30X40,11,236.3182294
50060857,ROLLO PAPEL BOND BCO 90X70 5PZ,11,44.40873227
50060858,ROLLO PAPEL BOND C7 90X70 5PZ,11,56.05618071
50061332,PINTURA PARA DEDOS 4 COLORES,11,197.4592083
50061333,MINIPINTURAS CRAYOLA 18PZ,11,171.5115592
50061711,LIMPIARRON 220ML,11,128.4710205
50061715,TABLERO CORCHO ICEBOARD 60X90,11,947.5266422
50061717,TABLERO CORCHO ICE BOARD 40X60,11,567.5905816
50061721,Tablero Corcho Ice Board 60X90,11,882.2079452
50061722,PINTARRON ICE BOARD 40X60,11,578.5247544
50062953,COMPAS PRECISION SYSTEM MAPED,11,165.7962
50062954,COMPAS TECHNIC ESTUCHE MAPED,11,132.3312348
50062955,REGLA TWISTN FLEX 30CM MAPED,11,32.56600673
50062956,REGLA ALUMINIO ECON 30 CM,11,30.40303226
50063323,REGLA D/ACERO INOX 15 CM OMX,11,12.29048962
50063325,ESCALIMETRO OMX,11,54.27262143
50063326,REGLA DE ALUMINIO 30CM OMX,11,15.53953465
50063328,RGLA PLAST 30 CM SHATTER OMX,11,9.672850244
50064105,ROTULADOR POINT 88 NEGRO 3PZ,11,104.2988934
50064107,PLUMIN PEN 68 STABILO 10 PZAS,11,295.8041138
50064108,"LAPIZ OTHELLO GRA HB 2B 2H, 3P",11,72.25077301
50064620,ACUARELAS 8 COLORES,11,79.7315693
50064621,ACUARELAS 16 COLORES,11,135.2738794
50064787,LAPICES LUMOGR  2H HB 2B 4PZ,11,219.7632
50065049,FOAMI CARTULINA NARANJA,11,29.90633975
50065050,FOAMI CARTULINA NEGRO,11,30.13425093
50065051,FOAMI CARTULINA ROJO 1 PLIEGO,11,30.0919127
50065052,FOAMI CARTULINA VERDE,11,30.03724798
50065053,FOAMI CARTA AMARILLO 4 PZAS,11,25.3318807
50065054,FOAMI CARTA AZUL 4 PZAS,11,25.11100459
50065055,FOAMI CARTA AZUL REY 4 PZ,11,25.24872866
50065056,FOAMI CARTA BLANCO 4 PZAS,11,25.46110456
50065057,FOAMI CARTA CAFE 4 PZAS,11,25.19557151
50065058,FOAMI CARTA CAMELLO,11,24.67916681
50065059,FOAMI CARTA COL CARNE 4 PZ,11,24.8533667
50065060,FOAMI CARTA FIUSHA 4 PZAS,11,24.85309584
50065061,FOAMI CARTA MORADO 4 PZAS,11,24.98048514
50065062,FOAMI CARTA NARANJA 4 PZAS,11,24.71915267
50065063,FOAMI CARTA NEGRO 4 PZAS,11,25.43492484
50065064,FOAMI CARTA ROJO 4 PZAS,11,25.34722044
50065065,FOAMI CARTA ROSA 4 PZAS,11,24.99553972
50065066,FOAMI CARTA VERDE 4 PZAS,11,24.67218494
50065067,FOAMI CARTA VERDE LIMON 4 PZ,11,25.15002885
50065068,FOAMI CARTULINA AMARILLO,11,30.03858665
50065069,FOAMI CARTULINA BLANCO,11,30.10353964
50065823,ROTULADORES EXTF 0.3 PASTL 12P,11,68.21001064
50065905,PINCELES PUNTA PLANA 6PZ OMX,11,26.32873384
50065907,PINCELES RDOS PELO D/OVEJA 12P,11,43.83646146
50065908,PINCELES RDOS PELO D/CABAL 12P,11,49.07539855
50065909,PINCELES PLNS PELO D/CERDO 9P,11,44.42720184
50067327,PINTURA  PASTEL C/12 COLORES,11,67.7896839
50067495,ROTULADOR POINT 88 MINI C/18,11,552.420292
50067656,CASCARON OCTAVOS C/4,11,49.55629083
50067657,CASCARON CUARTOS C/4,11,99.10315785
50067660,ILUSTRACION OCTAVOS C/4,11,69.95324011
50067661,ILUSTRACION CUARTOS C/4,11,139.9235081
50067816,JUEGO DE GEOMETRIA ECON 5PZAS,11,39.70557735
50067922,BLOCK DE STICKERS PRINCESAS,11,36.47229017
50068047,BLOCK VEGETAL T/C 110/115GR 25,11,71.4888011
50068048,BLOCK MILIMETRICO OPACO,11,41.07623222
50068049,CARTULINA FLOUR AMAR 5PZ,11,64.67325149
50068050,CARTULINA FLOUR NARA 5PZ,11,65.75698583
50068051,CARTULINA FLOUR PAPAYA 5PZ,11,65.9877996
50068052,CARTULINA FLOUR ROJO 5PZ,11,64.65341435
50068053,CARTULINA FLOUR ROSA 5PZ,11,65.8149455
50068054,CARTULINA FLOUR VERDE 5PZ,11,66.17927212
50071164,LAPICES OTHELO STABILO 12PZS,11,281.8222171
50071520,BLOCK DE STICKERS KITTY,11,35.35642085
50073771,PINTARRON RETICULADO 90X120,11,2327.679134
50073778,PINTARRON RETICULADO MET 60X90,11,1412.552899
50073780,TABLERO DE CORCHO 90X120,11,1631.060193
50073788,PINTARRON PLANEADOR 40X60,11,640.762004
50073789,PINTARRON MIX ICE BOARD 40X60,11,621.9902239
50073790,PINTARRON AGE METALICA 40X60,11,634.662
50073794,TABLERO DE CORCHO IGLU 30X40,11,257.9602346
50074758,BATA MANGA LARGA CON MANTEL,11,154.0598074
50075123,BLOCK DE STICKERS MI VILLANO F,11,39.69
50075442,PAPEL FABRIANO 50X70CM 2PZAS,11,126
50077625,ASERRIN 100GR SURTIDO COLORES,11,32.82208403
50077626,CHAQUIRA 20GR SUR.COLORES,11,12.85390909
50077627,DIAMANTINA 20 GRS COL. SURTIDO,11,19.58923484
50077629,LENTEJUELA N 8 C/500 PZAS,11,17.94500376
50077630,LISTON 5C/5MT SURTIDO DE COLOR,11,25.38936865
50077631,POMPONES SUR. COLORES 20 PZAS,11,17.94157146
50077632,LIMPIAPIPAS C/20PZAS COL. SUR.,11,23.2779085
50077633,KIKOLETA C/20 PZAS NATURAL,11,18.78955912
50077634,ABATELENGUAS C/20 PZAS NATURAL,11,21.7136362
50077636,PALO 30CM X 4 MM C/20 PZ NATUR,11,24.16857049
50077637,PALO CUADRADO C/20 PZAS NATURA,11,16.17745474
50077639,PLANILLA DE OJOS ADHE. C/2 PZA,11,26.9781304
50077643,DIAMANTINA OPALINA C/25 GRS,11,31.69443573
50077645,CONFETTI DE LENTEJUELA C/20GRS,11,39.46223821
50077646,OJOS MOVIBLES GRANDES C/10PZAS,11,22.41320747
50077647,PLUMA DECORATIVA 7GRS SURT,11,12.84291004
50077649,PALO CUADRADO C/20PZAS COLORES,11,23.95610959
50077650,ABATELENGUAS C/20PZAS COLOR,11,28.69705667
50077651,CUCHARITA DE COLOR C/20PZAS,11,15.50026273
50079734,BLOCK DE STICKERS FROZEN,11,36.30215127
50079943,ROTULADOR FINO GP FANCY 4PZAS,11,73.00471517
50079945,ROTULADOR FINO GRAPH PEPS 4PZA,11,73.67483432
50080052,ROTULADOR PEN 68 COLOR PARADE,11,751.7231061
50080053,ROTULADOR POINT NEON C/5 PZ,11,133.6443403
50080054,ROTULADOR POINT 88 NEON C/15,11,426.4414041
50080139,PAPEL CHINA FLUORESCENTE VARIO,11,33.40135368
50080141,PAPEL CHINA DEC DISE#OS  50X70,11,23.85579718
50080142,PAPEL CHINA DEC DISE#O 2 50X70,11,24.29603863
50080143,CELOFAN IMPRESO 50X70 DISE#OS,11,24.70419127
50080314,BLOCK MARQUILLA RAYTER 50 HOJA,11,196.2447492
50080315,BLOCK CONST CHICO RAYTER,11,178.8511958
50080316,FOAMY DIAMANTADO T/CARTA 10 PZ,11,207.7947513
50080568,TANGRAM DE FOAMY 16X16 CMS,11,36.16353403
50080689,ALBUM UNIVERAL 9X12,11,558.4507881
50080691,BLOCK XL ACUARELA PAPEL 300GMS,11,450.0996651
50080693,AGUARRAS DESTILADO 125 ML,11,75.64395232
50080694,ACEITE DE LINAZA BOTELLA,11,71.61317045
50080695,BARNIZ DAMAR BOTELLA 125ML,11,70.90859422
50081919,FOAMI CARTA COLORES SURTIDOS,11,72.82048851
50082060,BORRADOR PARA PIZARRON MADERA,11,25.96637183
50082084,PIZARRON 60CM X 90CM,11,1053.068471
50082086,PIZARRON DE CORCHO 60CM X 90CM,11,871.206
50082157,LIMPIADOR LIQUIDO PIZARRON,11,0.021
50082166,CARTULINA PRESSBOARD COLOR GRI,11,18.9
50082383,CORRUGADO MATE 50X70 CM 171GR,11,56.35530479
50082554,CARTULINA BLANCA 50X65 CMS,11,1.455
50083268,DIAMANTINA CON PEGAMENTO PLATA,11,30.77930693
50083269,DIAMANTINA CON PEGAMENTO ROJO,11,30.66179948
50083270,DIAMANTINA CON PEGAMENTO ORO,11,30.68922232
50083271,DIAMANTINA CON PEGAMENTO VERDE,11,30.6552896
50083272,DIAMANTINA CON PEGAMENTO ORO C,11,30.67197187
50083273,DIAMANTINA CON PEGAMENTO PERLA,11,30.65896917
50083274,DIAMANTINA CON PEGAMENTO ROSA,11,30.66698596
50083275,DIAMANTINA CON PEGAMENTO AZUL,11,30.71568904
50083276,DIAMANTINA C/ PEGAMENTO AMARIL,11,29.24850867
50083277,DIAMANTINA CON PEGAMENTO NEGRO,11,29.76038507
50083278,DIAMANTINA CON PEGAMENTO AZULR,11,29.8184869
50083279,DIAMANTINA CON PEGAMENTO COBRE,11,28.53986598
50085006,GISES GIGANTES CRAYOLA 24 PZS,11,158.8248031
50085046,JUEGO GEOMETRIA 4P+COMPAS TECH,11,77.12065801
50085358,BLISTER TINTA CHINA NEGRA,11,49.19287447
50086043,BOLSA UNICEL SURT MED C/9PZS,11,48.73026938
50086044,BOLSA UNICEL SURT GRANDE C/4PZ,11,48.61151906
50086045,BOLSA UNICEL SURT CHICA C/20PZ,11,48.64444945
50086046,BOLSA UNICEL SURT EXTGRD C/3PZ,11,48.81528923
50086134,ANIMALES SELVA C/ 5 PZAS,11,57.49470298
50086135,ANIMALES GRANJA C/ 5 PZAS,11,55.23114462
50086137,ANIMALES ZOOLOGICO C/ 5 PZAS,11,55.12953462
50086142,CORCHO GRUESO C/ 20 GRS,11,36.61934334
50086153,ARBOLES CLAROS C/ 1 PZA,11,26.3368548
50086169,MAQUETA TRIDI. MAR C/ 1 PZA,11,112.1837474
50086171,MAQUETA TRIDI. SELVA/SABANA,11,114.1405529
50086172,MAQUETA TRIDI.PASTIZAL-PRADERA,11,112.3888559
50086183,MONTA#AS LA PRINCIPAL C/ 1 PZA,11,68.67337047
50086184,VOLCAN LA PRINCIPAL 1 PIEZA,11,38.89627412
50086512,PINTURA ACRILICA C/6 FRASCOS,11,131.308141
50086879,CARTON CON TELA 30X40,11,83.90868276
50086880,BLOCK TELA ART 20H 22.8X30.5CM,11,420.336
50087147,CABALLETE ESTUDIANTE,11,290.1700405
50087151,LAPIZ DE DIBUJO DRAWING 11PZ,11,388.9330081
50087152,LAPIZ COLORES ARTIST C/12 STU,11,286.359755
50087373,LAPICES COLOR ACUARELABLE C/12,11,296.4049948
50087375,BLISTER CON 4 MINAS GRAFITO,11,156.8427278
50087376,BLISTER CON 3 BARRAS GRAFITO,11,138.9786834
50087377,SET PORTAMINAS ARTISTICO +MINA,11,397.131
50087378,BLISTER BARRAS PASTEL BCO/NEG,11,80.67259016
50087379,BLISTER BARRAS SANGUINA/ SEPIA,11,76.02511062
50087380,BLISTER BARRAS ORO Y PLATA 2PZ,11,97.38691667
50087381,LAPICES CARBON GRASO NERO 3PZS,11,142.9646981
50087382,"LAPICES SEPIA,SANGUINA,CRETA B",11,142.4142214
50087384,"LAPIZ GRAFITO HB,2H,4H 3 PZS",11,120.5163219
50087392,"LAPIZ GRAFITO H,HB,B 3 PZS",11,120.3919506
50087393,"LAPIZ GRAFITO HB, 2B, 4B 3 PZS",11,120.5552944
50087394,"LAPIZ GRAFITO 3B, 6B, 9B 3 PZS",11,120.5477313
50087395,LAPIZ GRAFITO ACUA HB 4B 8B,11,120.4267009
50087396,LAPIZ GRASO BLANCO Y NEGRO 2PZ,11,94.82303383
50087404,CARBONCILLOS SAUCE MEDIANOS,11,107.9121894
50087405,LIJADOR PARA LAPIZ Y ESFUMINO,11,22.55675031
50087406,LIJA MULTIFLEX 11X14CM FINO,11,88.75243636
50087407,FIJADOR BRILLANTE LATA 418ML,11,138.9668077
50087408,FIJADOR MATE LATA 418ML,11,138.101579
50087410,SET PINCELES N4 CERDA BCA 4PZS,11,124.781488
50087411,SET PINCELES N6 OLEO 4PZS,11,367.3211767
50087412,SET PINCELES N7 PLANOS 4PZS,11,250.3288579
50087413,SET PINCELES N8 REDONDOS 4PZS,11,212.8200545
50087414,CEPILLO PARA LIMPIAR,11,75.11624816
50087415,TUBOS COLORES OLEOBLISTER C/6,11,211.8758766
50087416,COLORES OLEO BLISTER C/12 TUBO,11,408.5650886
50087417,"GESSO PROFESIONAL, 100 ML.",11,35.44443899
50087418,BETUN DE JUDEA 125ML,11,79.71641061
50087419,BARNICETA ALEMANA 125ML,11,61.97441627
50087420,SOLVENTE SUAVE 125ML,11,36.0961573
50087421,LIMPIAPNCELES BIO10 75ML,11,58.42883111
50087422,BANDEJA CUADRADA LAVA PINCELES,11,96.63253462
50087443,SET ESPATULAS DE PLASTICO C/3,11,69.60844836
50087553,BOLSA FIGURAS ARMABLES EDUCACT,11,215.3968493
50087575,ROMPECABEZAS MADERA VARIOS MOD,11,96.62707971
50087579,ROMPECABEZAS INGLES-ESPANO,11,42.35705475
50088335,PROJECT BOARD 60X40,11,473.6155803
50088337,PROJECT BOARD  80X60,11,740.969676
50088338,ROLLO DE CORCHO 40X60 ALFRA,11,200.8280981
50088428,PIZ. NEGRO INDICATO 60X90,11,1190.154479
50088803,PAPEL LUSTRE 50X75 3PZA AZUL M,11,19.69656818
50088988,BLOCKS STICKERS PAW PATROL,11,36.09837133
50089441,PLANEADOR MENSUAL INDI. 60X90,11,1301.226511
50089442,PINTARRON IND ALFRA 60 X 90,11,1041.074647
50089444,PINTARRON INDICATO 40X60,11,656.456581
50089877,PLASTILINA MARQUETA AMA 180G,11,19.11027427
50089879,PLASTILINA MARQUETA AZ CL 180G,11,19.12653878
50089881,PLASTILINA MARQUETA BLANC 180G,11,19.1007033
50089882,PLASTILINA MARQUETA CAFE 180G,11,19.09508869
50089888,PLASTILINA MARQUETA ROJO 180G,11,19.11554332
50089889,PLASTILINA MARQUETA ROSA 180G,11,19.12809746
50089892,PLASTILINA MARQUETA VDE CL 180,11,19.10241937
50089959,PINTURA ACRILICA BLANCO 100ML,11,37.51779515
50089962,PINTURA ACRILICA NEGRO 100ML,11,37.35881549
50089964,PINTURA ACRILICA ROJO 100ML,11,37.39378861
50089965,PINTURA ACRIL AMARILLO 100 ML,11,37.40122785
50089966,PINTURA ACRILICA AZUL 100ML,11,37.3289309
50089967,PINTURA ACRILICA CAFE 100 ML,11,37.3611334
50089968,PINTURA ACRIL AZUL PASTEL 100M,11,37.22121216
50089969,PINTURA ACRIL AMARIL OBSC 100M,11,37.28592475
50089970,PINTURA ACRILICA VIOLETA 100ML,11,37.19642315
50089971,PINTURA ACRIL VERDE CLAR 100ML,11,37.10341532
50089972,PINTURA ACRIL AZUL OBSC 100ML,11,37.11273136
50089973,PINTURA ACRIL BUGAMBILIA 100ML,11,36.84912948
50089974,PINTURA ACRIL AZUL CIELO 100ML,11,37.16501718
50089975,PINTURA ACRIL ROSA PASTEL 100M,11,37.27698469
50089976,PINTURA ACRILICA MAGENTA 100ML,11,37.15638319
50089977,PINTURA ACRIL VERDE MEDIO 100M,11,36.70016274
50089978,PINTURA ACRIL AZUL TURQU 100ML,11,36.64085996
50089979,PINTURA ACRILICA CARNE 100ML,11,36.83603675
50089980,PINTURA ACRIL AMARIL VERD 100M,11,37.05250199
50089982,PINTURA ACRILICA NARANJA 100ML,11,36.76564783
50089984,PINTURA ACRILICA GRIS 100 ML,11,37.11358011
50090192,GODETE C/10 HUECOS,11,17.62641608
50090193,CARTON C/TELA P/ PINTAR 20X30,11,54.71167884
50090194,CARTON C/TELA P/PINTAR 28X35,11,70.96461769
50090196,CARTON C/TELA P/PINTAR 40X50,11,129.0234717
50090197,BASTIDOR BASICO TB 30X40,11,162.3500524
50090198,BASTIDOR BASICO TB 40X60,11,255.6351626
50090199,BASTIDOR BASICO TB 50X60,11,303.8841137
50090200,BASTIDOR GALERIA 25X30,11,266.6974629
50090201,BASTIDOR GALERIA 30 X 40,11,307.3423694
50090202,BASTIDOR GALERIA 40 X 60,11,409.5811804
50090391,PINTURA ACRILICA ROSA CAR 25ML,11,21.62106606
50090440,ROTULADORES STAEDTLER 36 PZS,11,932.743
50090836,ABACO CHICO LA PRINCIPAL,11,47.9245628
50090837,ABACO GRANDE LA PRINCIPAL,11,93.65902375
50090840,TABLERO CORCHO 90X150 CLASICO,11,3583.489
50091150,BLOCK DE DIBUJO BRISTOL 50H A4,11,362.67
50091155,BLOCK DIBUJO ESP CANSON XL DRAWING 60H,11,455.7081347
50091156,ACUARELAS EN PASTILLA 12,11,94.35083921
50091158,ACUARELAS EN PASTILLA 12 COLOR,11,119.3621206
50091390,TINTA CHINA NEGRA STAEDTLER 1P,11,190.359225
50091434,"BLISTER C/3 ESFUMINOS 00,1,2",11,97.69107212
50091435,"BROCHAS DE ARTE BL/3 1/2, 2, 2",11,191.3448406
50091436,PALETA OVALADA 22X 30 MACOCEL,11,52.39363214
50092256,PINTARRON DE CRISTAL 90X150CM,11,6596.319545
50092386,ROMPECABEZAS SURTIDO CON PIN,11,141.1908791
50092388,ROMPECABEZAS ANIMALES 9PZAS,11,38.00901465
50092389,BLOQUES LOGICOS TANGRAM 40PZAS,11,248.6343358
50092390,LABERINTO MINI MADERA EDUCACTI,11,146.4003349
50092418,SET TRIPLUS FINELINER NEON 6PZ,11,229.5130568
50092420,ESTUCHE MARCADORES DUO 36PZAS,11,454.5178953
50092636,COMPAS PRECISION ACADEMIC 360,11,40.38717216
50093304,PIZARRON ALFRA BLANCO 90X120,11,2439.8038
50093450,BLOCK STICKERS DRAGON BALL,11,43.24412743
50093583,PINTURAS TEMPERA CRAYOLA 10PZA,11,196.931088
50094231,DIAMANTINA 6 COLORES NEON BARR,11,88.15453995
50094233,DIAMANTINA 6 COLORES BARRILITO,11,84.84
50094234,ESTUCHE GEOMETRIA 6PZAS BARRIL,11,119.196
50094252,PINTARRON AGENDA MENSUAL 30X40,11,225.5196464
50094253,TRIPIE PROJECT BOARD ALFRA,11,2177.213168
50094254,ROTAFOLIO TRIPIE ICE 90X70,11,2963.870135
50094294,PINTARRON ESCOLAR 1.20 X1.80CM,11,2756.253818
50094526,PIZARRON BLANCO ALFRA 120X240,11,4505.40831
50094537,DRY LINE TINTA DE 355ML NEGRO,11,632.56242
50094759,PIZARRON BLANCO MET 90X240 ESC,11,6632.304
50094804,CRAYON GRAFITO CON GOMA MOLDEA,11,124.9962584
50094805,BLOCK STICKERS LADY BUG,11,39.63645695
50094882,PINTARRON BLANCO 90X 180,11,3192.96
50094900,PINTARRON WHITE STAR 120X150,11,1556.769375
50095427,PIZARRON CORCHO 1.20 X 1.50M,11,0.021
50095655,PIZARRON BLANCO 120X180,11,3649.405315
50096164,BASTIDOR PROF. 2 CARAS 30X40,11,193.338
50096165,BASTIDOR PROF TD 2 CARAS 40X60,11,330.56121
50096166,ACEITE DE LINAZA BLAN. 125ML,11,65.08886245
50096167,ACUARELA EFECTO MATE C/24,11,173.88
50096170,LAPICES COLOR ACUAREABLE C/24,11,445.0722927
50096171,LAPICES PASTEL CRETACOLOR C/9,11,335.6266519
50096172,GOMA PLASTICA AMASABLE,11,52.18575573
50096197,ACRILICO ROSA MEDIO 100ML,11,37.27953136
50096198,ACRILICO AZUL COBALTO 100ML,11,37.25821766
50096199,ACRILICO C. LILA 100ML,11,37.07281442
50096200,ACRILICO C. ROSA 100ML,11,36.69621777
50096201,ACRILICO C. AMA. LIMON 100ML,11,37.20349066
50096202,ACRILICO TIERRA TOSTADA 100ML,11,37.08903812
50096203,ACRILICO VERDE BRILLANTE 100ML,11,36.76445902
50096204,ACRILICO VERDE TURQUEZA 100ML,11,36.71534305
50096205,ACRILICO C. AZUL 100ML,11,36.69097297
50096206,ACRILICO ROSA CLARO 100ML,11,37.08916346
50096212,ACRILICO C. PIEL CLARA 100ML,11,36.96238857
50096214,ACRILICO C. CREMA 100ML,11,36.73124034
50096215,ACRILICO C. AZUL MEDIO 100ML,11,37.26305352
50096216,ACRILICO AMA. ANARANJADO 100ML,11,37.19971361
50096217,ACRILICO VERDE BANDERA 100ML,11,36.49105738
50096218,ACRILICO C. MARRON 100ML,11,37.21766882
50096219,ACRILICO C. LAVANDA 100ML,11,37.21641128
50096220,ACRILICO C. VERDE OLIVA 100ML,11,36.86187471
50096221,ACRILICO C. AGUACATE 100ML,11,36.88040871
50096222,ACRILICO C. AZUL OCEANO 100ML,11,36.88687543
50096223,ACRILICO C. ROJO NIPON 100ML,11,36.61139359
50096224,ACRILICO C. GRIS LLADRO 100ML,11,37.04965857
50096225,ACRILICO ROJO CADMIO 100ML,11,36.2883688
50096226,ACRILICO C. PURPURA 100ML,11,37.37318586
50096227,ACRILICO C. VERDE PASTO 100ML,11,36.85753329
50096228,ACRILICO C. AMA. OCRE 100ML,11,36.52141738
50096229,ACRILICO C. VERDE LLADRO 100ML,11,36.68730718
50096230,ACRILICO C. ROJO INDIO 100ML,11,35.63351003
50096231,ACRILICO C. AMA. OBSCURO 100ML,11,36.92874934
50096232,ACRILICO MOSTAZA CLARO 100ML,11,36.3147802
50096233,ACRILICO C. CARNE OSCURO 100ML,11,36.72945955
50096234,ACRILICO C. MALVA 100ML,11,35.98436409
50096235,ACRILICO C. AZUL COUNTRY 100ML,11,36.72412726
50096236,ACRILICO C. BERMELLON 100ML,11,35.84320879
50096237,ACRILICO C. CARMIN 100ML,11,36.11745221
50096238,ACRILICO VERDE OBSCURO 100ML,11,35.6924978
50096239,ACRILICO C. AZUL MARINO 100ML,11,37.03417192
50096240,ACRILICO C. VERDE PINO 100ML,11,36.66223037
50096241,ACRILICO C. LADRILLO,11,36.26527703
50096242,ACRILICO C. AMA. NAPOLES 100ML,11,35.96312057
50096243,ACRILICO C. AMA. PASTEL 100ML,11,36.36118117
50096245,ACRILICO C. SEPIA 100ML,11,35.52875483
50096246,ACRILICO C. AZ. LLADRO 100ML,11,36.57177438
50096247,ACRILICO VIOLETA AZULADO 100ML,11,36.21954381
50096248,ACRILICO C. GRIS AZULADO 100ML,11,36.45506703
50096249,ACRILICO C. OPALO LLADRO 100ML,11,35.63341691
50096250,ACRILICO C. DURAZNO 100ML,11,36.01781818
50096251,ACRILICO C. CAFE LLADRO 100ML,11,36.44093478
50096252,ACRILICO VERDE OXIDO C. 100ML,11,35.93720026
50096254,ACRILICO C. AZUL MORADO 100ML,11,35.48219372
50096255,ACRILICO C. BLANCO 30ML,11,18.165
50096256,ACRILICO C. NEGRO 30ML,11,18.16499804
50096257,ACRILICO C. AZUL CERULEO 30ML,11,18.1647766
50096258,ACRILICO C. ROJO INTENSO 30ML,11,18.1649829
50096259,ACRILICO C. VIOLETA 30ML,11,18.1470346
50096261,ACRILICO AMA. CADMIO OBS. 30ML,11,18.16444173
50096263,ACRILICO C. VERDE CLARO 30ML,11,18.16451457
50096264,METALICO C. ORO 30ML,11,27.87362919
50096265,ACRILICO C. CAFE 30ML,11,18.16457905
50096266,ACRILICO C. ROSA PASTEL 30ML,11,18.15319162
50096269,ACRILICO C. CARNE 30ML,11,18.162989
50096270,ACRILICO C. ROJO INDIO 30ML,11,18.14127929
50096271,ACRILICO AMA. CADMIO C. 30ML,11,18.165
50096272,ACRILICO C. AZUL PASTEL 30ML,11,18.16488523
50096273,ACRILICO C. AZUL CIELO 30ML,11,18.16495549
50096274,ACRILICO C. ROSA MEDIO 30ML,11,18.1642863
50096279,ACRILICO AZUL ULTRAMAR 30ML,11,18.16452284
50096280,ACRILICO C. ROSA CLARO 30ML,11,18.16482189
50096281,ACRILICO C. AMA. VERDOSO 30ML,11,18.16456872
50096283,ACRILICO C. AMA. LIMON 30ML,11,18.16485599
50096284,ACRILICO C. MAGENTA 30ML,11,18.16493252
50096285,ACRILICO C. MARRON 30ML,11,18.16437313
50096286,ACRILICO C. CREMA 30ML,11,18.1637865
50096289,ACRILICO C. AZUL COBALTO 30ML,11,18.16489666
50096291,ACRILICO C. PIEL CLARA 30ML,11,18.164098
50096292,ACRILICO C. ANARANJADO 30ML,11,18.16099611
50096294,ACRILICO C. LAVANDA  30ML,11,18.16498948
50096296,ACRILICO C. BUGAMBILIA 30ML,11,18.1635748
50096297,ACRILICO C. PURPURA 30ML,11,18.16493002
50096298,ACRILICO C. VERDE MEDIO 30ML,11,18.16409677
50096299,ACRILICO C. GRIS 30ML,11,18.16487156
50096301,ACRILICO VERDE BRILLANTE 30ML,11,18.16175355
50096302,ACRILICO C. ROSA 30ML,11,18.16415275
50096303,ACRILICO TIERRA TOSTADA 30ML,11,18.16450411
50096304,ACRILICO C. LILA 30ML,11,18.19025579
50096307,ACRILICO C. ROJO NIPON 30ML,11,18.16423885
50096308,ACRILICO C. AGUACATE 30ML,11,18.16419366
50096309,ACRILICO C. AZUL OCEANO 30ML,11,18.14663622
50096311,ACRILICO C. VERDE BANDERA 30ML,11,18.1624418
50096313,ACRILICO ROJO CADMIO C. 30ML,11,18.16434291
50096315,ACRILICO C. AZUL TURQUEZA 30ML,11,18.16301244
50096317,ACRILICO VERDE TURQUEZA 30ML,11,18.16354025
50096319,ACRILICO AMA. ANARANJADO 30ML,11,18.15950017
50096320,ACRILICO C. VERDE PASTO 30ML,11,18.16328655
50096321,ACRILICO C. DURAZNO 30ML,11,18.15483006
50096323,ACRILICO C. AZUL MEDIO 30ML,11,18.16473365
50096324,ACRILICO C. AMA. OBSCURO 30ML,11,18.16363536
50096326,ACRILICO C. CARMIN 30ML,11,18.15631946
50096327,ACRILICO C. AMA. OCRE 30ML,11,18.1392113
50096335,ACRILICO C. GRIS LLADRO 30ML,11,17.87951087
50096336,ACRILICO  AZ. LAPIZLAZULI 30ML,11,17.96079426
50096337,ACRILICO C. AMA. PASTEL 30ML,11,18.14684296
50096338,ACRILICO FLUORES. ROSA 30ML,11,21.40474768
50096339,ACRILICO FLUORES. MORADO 30ML,11,21.42
50096341,ACRILICO FLUORES. NARANJA 30ML,11,21.32949502
50096342,ACRILICO FLUORES. ROJO 30ML,11,21.33146746
50096343,ACRILICO FLOURES. VERDE 30ML,11,21.42
50096344,ACRILICO FLUORES. AMA. 30ML,11,21.39998131
50096345,ACRILICO C. AZUL MARINO 30ML,11,18.14281875
50096346,ACRILICO C. CARNE OSCURO 30ML,11,18.00703752
50096348,ACRILICO C.MOSTAZA CLARO 30ML,11,17.93060409
50096350,ACRILICO C. VERDE PINO 30ML,11,18.15105547
50096351,ACRILICO C. VERDE OLIVA 30ML,11,18.04439822
50096352,ACRILICO C. MALVA 30ML,11,18.12524272
50096353,ACRILICO C. AZUL COUNTRY 30ML,11,18.00065017
50096354,ACRILICO C. BERMELLON 30ML,11,18.1306875
50096355,ACRILICO C. VERDE OBSCURO 30ML,11,18.07902685
50096356,ACRILICO C. LADRILLO 30ML,11,18.39127907
50096358,ACRILICO C. VERDE LLADRO 30ML,11,18.14674723
50096359,ACRILICO C. AMA. NAPOLES 30ML,11,18.14208743
50096360,ACRILICO C. AZUL MORADO 30ML,11,18.10030645
50096362,ACRILICO C. CAFE LLADRO 30ML,11,17.93052713
50096363,ACRILICO VERDE OXIDO C. 30ML,11,18.14693125
50096364,ACRILICO C. GRIS AZULADO 30ML,11,18.11441135
50096365,ACRILICO C. AZUL LLADRO 30ML,11,18.14204975
50096366,ACRILICO C. OPALO LLADRO 30ML,11,18.13557282
50096367,ACRILICO C. SEPIA 30ML,11,17.77864961
50096368,ACRILICO VIOLETA AZULADO 30ML,11,18.15120556
50096369,METALICO C. PLATA 30ML,11,28.05299174
50096370,METALICO C. ORO VIEJO 30ML,11,28.21413913
50096372,METALICO C. DORADO SOLAR 30ML,11,28.20050037
50096373,PINTURA METALICO C. BLANCO 30M,11,28.21538167
50096374,METALICO C. AZUL 30ML,11,28.06191379
50096377,METALICO C. COBRE 30ML,11,28.06245455
50096378,METALICO C. ROJO 30ML,11,28.14764417
50096380,METALICO C. NEGRO 30ML,11,28.16609949
50096381,METALICO C. LILA 30ML,11,28.224
50096382,METALICO C. FIUSHA 30ML,11,28.224
50096383,METALICO C. ROJO OXIDO 30ML,11,28.0228
50096384,METALICO C. ALUMINIO 30ML,11,28.06912146
50096840,PINT. TEMPERA CRAYOLA 6PZ 25ML,11,117.8941497
50096993,JUEGO DE GEOMETRIA FLEXIBLE,11,113.967
50097017,BLOCK STICKER JURASSIC WORLD2,11,30.92756024
50097078,ALBUM INDART MULTITECNICA A4,11,459.0306814
50097079,BLOCK INDART ACUARELA A4,11,351.5829743
50097081,ALBUM INDART DIBUJO A4,11,362.6258772
50097179,PINTARRON METALICO ESC 120X150,11,4023.2745
50097197,JUEGO DE GEO. TECHNICAL MET 5P,11,109.8000386
50097395,JUEGO DE GEOMETRIA FLUO MAPED,11,96.32817739
50097826,PEDESTAL GIRATORIO SCALETTA,11,23555.175
50097850,FOAMY MOLDEABLE BARRILITO 50G,11,18.48
50097861,ROTAFOLIO FORTEC BLAN 64X78CM,11,400.3176776
50098555,PIZARRON BLANCO METALI 90X150,11,5019.2688
50100167,PIZARRON MET PORCE 120X240,11,11547.9
50100696,PIZARRON CLASSICO 120X240,11,4240.173296
50101775,PINTURA ACRILICA BRONCE 30ML,11,55.24709647
50101776,METALICA CENTELLANTE PINTART S,11,55.96020507
50101777,PINTURA ACRILICA CHAMPAGN 30ML,11,57.76891463
50101779,PASTA PARA MODELAR ROEL 400G,11,75.36981308
50101780,PINTURA ACRILICA IMPERIAL 30ML,11,57.9996953
50101782,PINTURA ACRILICA OLIVA 30ML,11,57.3953527
50101783,PINTURA ACRILICA ALBAHACA 30ML,11,55.10433377
50101784,PINTURA ACRILICA MET LIMA 30ML,11,52.33028412
50101785,PINTURA ACRILICA MET UVA 30ML,11,56.4238337
50101786,PINTURA ACRILICA GRANADA 30ML,11,54.55271429
50101787,PINTURA ACRILICA CENTELLENATE,11,57.68615094
50101792,ACUARELA LIQYIDA IT. NGO 30ML,11,66.61995455
50101793,ACUARELA LIQUIDA CAFE OBS 30ML,11,63.52177559
50101794,PASTA P/MODELAR ROEL 400 G,11,75.4073173
50101795,ACUARELA LIQUIDA NARANJA 30ML,11,62.95414286
50101796,ACUARELA LIQUIDA VIOLETA 30ML,11,62.6204139
50101797,ACUARELA LIQUIDA VERDE C. 30ML,11,62.25756393
50101799,ACUARELA LIQUIDA CAFE C. 30ML,11,66.655375
50101800,BLOCK PALETA DESECHABLE 50 H.,11,208.7229773
50101801,ACUARELA LIQUIDA ROJO L. 30ML,11,65.33779208
50101803,ACUARELA LIQUIDA GRIS 30ML,11,66.48444966
50101804,PORTA PINCEL 5X36CM GRANDE,11,52.64373649
50101805,ACUARELA LIQUIDA AMARILLO 30ML,11,63.23775377
50101807,ACUARELA LIQUIDA CYCLAMEN 30ML,11,62.85625161
50101808,ESTIQUES PLASTICO C/6 PZ,11,50.43455644
50101809,ACUARELA LIQUIDA VERDE O. 30ML,11,67.87362431
50101810,KIT DE PINCELES P/MANUALIDADES,11,180.984898
50101811,ACUARELA LIQUIDA AZUL C. 30ML,11,65.17846063
50101812,SOLVENTE SIN OLOR 125ML,11,44.61937859
50101818,LIENZO P COLOR ROEL MANDALA 15,11,142.275
50101819,BLOCK MULTITECNICA A4 20H,11,217.728
50101823,BLOCK P/DIBUJO MARQUILLA 20H,11,106.5194361
50101824,LIENZO P COLOR ROEL MANDALA 18,11,142.275
50101825,PINCEL DE CERDA BLANCA PLANO,11,88.11975983
50101826,TEMPERA ROEL C/6 COLORES DIF.,11,48.01632402
50101828,OLEO VELAZQUEZ 16ML AMARILLO,11,34.38654545
50101829,LIBRO P/SKETCH Y DIB. A4 96H,11,392.653632
50101831,OLEO VELAZQUEZ 16ML. VDE AMARI,11,32.697
50101832,OLEO VELAZQUEZ 16ML. AMARILLO,11,34.02161538
50101833,LIBRO P/SKETCH Y DIB. A5 96H,11,257.7062651
50101834,OLEO VELAZQUEZ 16ML. VERDE,11,35.3892
50101835,LIBRO P/SKETCH Y DIB. A6 48H,11,194.166
50101836,KIT N 496 C/4 PINCELES,11,210
50101837,OLEO VELAZQUEZ 16ML AZL COBALT,11,34.9545
50101838,OLEO VELAZQUEZ 16ML AZLULTRAMA,11,35.742
50101839,OLEO VELAZQUEZ 16ML ROJO EN,11,35.742
50101841,KIT N 497 C/4 PINCELES,11,210
50101842,CABALLETE D/CAMPO 1.85M INDART,11,1262.2876
50101843,OLEO VELAZQUEZ 16ML. NARANJA,11,33.46164706
50101844,TEXTURIZADOR MEDICO FCO. 100ML,11,57.31405686
50101845,OLEO VELAZQUEZ 16ML. BLANCO DE,11,35.742
50101847,OLEO VELAZQUEZ 16ML. NEGRO EN,11,35.742
50101848,GESSO MEDIO FCO. 100ML,11,35.06208282
50101849,OLEO VELAZQUEZ 16ML. SIENA NAT,11,31.383
50101850,PASTEL MATIZ 12PZ GRIZA/TIERRA,11,118.180722
50101851,OLEO VELAZQUEZ 16ML. SIENATOST,11,33.07389474
50101852,SOPORTE DE PLASTICO PINCELES,11,156.6624
50101853,OLEO VELAZQUEZ 16ML. SOMBRA,11,31.94481818
50101854,PASTEL MATIZ 12 BARRAS BASICO,11,118.3024138
50101855,OLEO VELAZQUEZ 16ML. AZUL,11,35.742
50101857,OLEO VELAZQUEZ 16ML. ROSA EN,11,34.965
50101858,LAPICES GRAFITO ARTIST STUDIO,11,151.3261455
50101859,OLEO VELAZQUEZ 16ML. PIELCLARA,11,35.742
50101860,DILUYENTE FCO. 125ML,11,45.7642346
50101861,BLOCK ACUARELA A3 20H INDART,11,614.0017753
50101863,BLOCK BISTROL A3 20H INDART,11,618.895537
50101864,OLEO VELAZQUEZ16ML. PIELOSCURA,11,35.742
50101865,LAPICES GRAFITO FINE ART  6PZS,11,270.165
50101866,BLOCK BISTROL A4 50H INDART,11,390.9475862
50101867,OLEO VELAZQUEZ 16ML. ROSA,11,33.8625
50101868,BLOCK P/MARCADOR A3 100H INDAR,11,724.4137229
50101871,BLOCK P/MARCADOR A4 100H INDAR,11,436.1636917
50101872,LAPICES DE COLORES ARTIST,11,470.8878904
50101873,ALBUM MULTITECNICA A3 30H,11,598.5
50101874,ALBUM MULTITECNICA A5 60H,11,275.6290434
50101875,LAPICES MEGA NEON ARTIST  C/6,11,289.1414591
50101876,ALBUM P/SKETCH A4 100H,11,332.3053516
50101877,ALBUM PARA SKETCH A5 100H,11,265.4343752
50101881,LAPICES GRAFITO HB NATURAL C/2,11,66.06452399
50101884,PINCELES C/DEPOSITO DE AGUA,11,428.2658534
50101972,PIZARRON BLANCO GIRATORIO SCAL,11,25962.0585
50102014,PIZARRON CRISTAL 90X120,11,4272.137864
50102267,PIZARRON BCO WHITE STA 120X240,11,4987.329518
50102486,BLOCK STICKER UNICORNIO,11,35.41918751
50102858,CARTULINA 50X65 180GS GUALDA,11,24.02373015
50102859,CARTULINA 50X65 170GS NARANJA,11,24.04376471
50102861,CARTULINA 50X65 170GS ROJO,11,18.82475
50102862,CARTULINA50X65 180GS AZL PASTL,11,24.03159771
50102863,CARTULINA 50X65 180GS ROSA,11,24.04146196
50102864,CARTULINA 50X65 170GS,11,20.33911765
50102865,CARTULINA 50X65 180GS TURQUESA,11,24.02638287
50102866,CARTULINA50X65 180GS AZULULTRA,11,23.57466551
50102868,CARTULINA50X65 180GS VDE LMN,11,23.67667271
50102870,CARTULINA50X65 170GS VDEBILLAR,11,24.045
50102871,CARTULINA50X65 180GS VDEABETO,11,23.75631021
50102872,CARTULINA 50X65 180GS GRIS,11,23.83567364
50102874,CARTULINA 50X65 180GS MARRON,11,23.52986952
50102875,CARTULINA 50X65 180GS NEGRO,11,24.04187893
50102876,CARTULINA 50X65 180GS BEIGE,11,23.7896833
50102877,CARTULINA 50X65 180GS AMARILLOC,11,23.80110921
50102878,CARTULINA50X65 180GS VDECLARO,11,23.82740749
50103089,FOAMY MOLDEABLE 50 G ROJO,11,30.0760597
50103091,FOAMY MOLDEABLE 50 G AZUL,11,30.06874695
50103092,FOAMY MOLDEABLE 50 G NEGRO,11,30.10614234
50103093,FOAMY MOLDEABLE 50 G BLANCO,11,30.13471515
50103095,FOAMY MOLDEABLE 50 G NARANJA,11,30.04026721
50103096,FOAMY MOLDEABLE 50 G MORADO,11,30.11517058
50103097,FOAMY MOLDEABLE 50 G VERDE OSC,11,30.04831649
50103113,FOAMY MOLDEABLE 50G AMARILLO,11,30.04095574
50103662,ENSAMBLE CUENTAS 300 G,11,219.1748672
50103664,ROMPECABEZAS ABECEDARIO,11,197.568
50103767,TINTA NEGRA FLEXO 1 LITRO CALZ,11,140.28
50104012,MONO ESTRELLA MEDIANO ROJO,11,10.49494596
50104020,MONO ESTRELLA JUMBO BLANCO,11,15.92546579
50104021,MONO ESTRELLA JUMBO ROJO,11,15.88870705
50104022,MONO ESTRELLA JUMBO AZUL REY,11,15.92192038
50104024,MONO ESTRELLA JUMBO VERDE,11,16.25058434
50104032,MONO ESTRELLA JUMBO METALICO,11,21.14607645
50104035,MONO CAIREL ROJO,11,6.828964531
50104046,CELOMAGICO MEDIANO 5 PZAS,11,20.643
50104047,CELO GIG HOLO PUNTOS BL  C/5,11,37.92575873
50104048,CELOM MED METALICO,11,27.08652756
50104905,PINTARRON MET ESC PH 120*240,11,4552.0314
50105200,BLOCK DE HOJAS PARA ROTAFOLIO,11,313.2223941
50105470,TABLERO DE CORCHO 90X180 CM,11,4126.0464
50105963,ROTULADORES ECOLOGICOS 12 PZAS,11,79.10379167
50106258,SET DE ARTE 115 PIEZAS,11,1920.314455
50106358,BLOCK INDART ROJO 48 HOJAS,11,194.1171296
50106359,BLOCK INDART BLANCO 48 HOJAS,11,194.1025287
50106360,BLOCK INDART GRIS 48 HOJAS,11,194.1067542
50106361,BLOCK INDART AZUL 48 HOJAS,11,194.104964
50106825,ACRILICA AZUL PASTEL 30ML,11,36.416688
50106839,ACRILICA VERDE PASTEL 30ML,11,36.38522596
50106841,ACRILICA AMARILLO PASTEL 30ML,11,36.26004545
50106842,ACRILICA ROSA PASTEL 30ML,11,36.48850207
50106843,ACRILICA OPALO PASTEL 30ML,11,36.26150581
50107506,ABECEDARIO FOAMY ADHESIVO,11,35.0983227
50107507,NUMEROS FOAMY ADHESIVO,11,34.94062361
50107745,PAPEL CREPE ROJO 50X150 CM 2PZ DIE,11,23.18936839
50107746,PAPEL CREPE VERDE 50X150 CM 2P,11,22.89846138
50107747,PAPEL CREPE BLANCO 50X150 CM 2,11,23.28567622
50107748,PAPEL CREPE 50X150 CM,11,22.596
50107749,PAPEL CREPE AZUL CLARO 50X150,11,23.24422738
50107750,PAPEL CREPE NARAN 50X150 CM 2P DIE,11,26.796
50107751,PAPEL CREPE ROSA 50X150 CM 2PZ,11,23.22743909
50107752,PAPEL CREPE NEGRO 50X150 CM 2P DIE,11,23.30768067
50107753,PAPEL CHINA BLANCO 50 X 70 CM,11,16.15306042
50107754,PAPEL CHINA ROJO 50 X 70 CM 4P,11,15.97497326
50107755,PAPEL CHINA AZUL 50 X 70 CM,11,16.20590037
50107756,PAPEL CHINA ROSA 50 X 70 CM 4P,11,16.09771378
50107757,PAPEL CHINA VERDE 50 X 70 CM 4,11,16.12600188
50107758,PAPEL CHINA AMARILLO 50 X 70CM,11,16.1149326
50107759,PAPEL CHINA AZULOBSCURO 50X70,11,16.11355181
50107760,PAPEL CHINA NEGRO 50X70CM 4 PZ,11,16.1148871
50107761,PAPEL CHINA NARANJA 50 X 70 CM,11,16.11451429
50107981,PLASTILINA BARRILITO 10 BARRAS,11,23.34407238
50107982,JUEGO DE GEOMETRIA 5 PZAS BARR,11,26.54463636
50107983,REGLA PLASTICA 30CM JOCAR,11,7.077
50107991,PINCEL ESC BOTE CN 144 PZAS,11,147.8722
50108307,PORTAPLANOS SIGEL,11,221.7312696
50108308,PORTAPLANOS GRANDE SIGEL,11,281.3778282
50108545,COLOR PETS DIVERSION EN BANERA,11,837.953411
50108546,COLOR PETS CONEJO Y HAMSTER,11,323.9993352
50108747,SET DE ARTE 111PZ,11,1858.124661
50109318,CONO DE HILAZA N8 CN 1KG,11,314.79
50109416,LAPICES COLOR PERMANENTE 6PZ,11,342.998069
50109417,LAPICES LUMOGRAPH 24PZS,11,1466.451
50109425,PINCEL DE AGUA 1PZ,11,118.23
50109434,ROTULADOR TRIPLUS PASTEL 6PZ,11,236.817
50109437,ROTULADORES TRIPLUS PASTEL 6PZ,11,236.817
50109673,SET DE ARTE C/CABALLETE 163 PZ,11,1939.854
50110136,GIS VINCI BLANCO ESTUCHE 150 P,11,76.12053886
50110992,BOLSA REGALO MEDIANA MAMAS,11,20.16
50110993,BOLSA REGALO CHICA MAMAS,11,13.2762
50110996,BOLSA REGALO KRAFT MEDIANA MAM,11,20.055
50111063,BOLSA FELICIDADES GRANDE CARTO,11,28.49222716
50111064,BOLSA FELICIDADES MEDIANA CART,11,21.74763364
50111065,BOLSA FELICIDADES CHICA CARTON,11,16.72861041
50111066,BOLSA JUVENIL GRANDE CARTON CO,11,29.029
50111067,BOLSA JUVENIL MEDIANA CARTON C,11,22.37674854
50111073,ROTULADOR FINO GRAPH PEPS X10,11,226.716
50111187,BLOCK DE STICKERS SONIC,11,34.64900078
50111193,PINT.MATE TELA 37ML BLANCO,11,39.23324478
50111194,PINT.MATE TELA 37ML NEGRO,11,39.46330881
50111195,PINT.MATE TELA 37ML AMARILLO O,11,39.49252983
50111196,PINT.MATE TELA 37ML VERDE OLIV,11,39.54160927
50111197,PINT.MATE TELA 37ML ROJO TOMAT,11,39.31490993
50111198,PINT.MATE TELA 37ML PURPURA,11,39.16155573
50111199,PINT.MATE TELA 37ML VERDE MUSG,11,39.5202
50111200,PINT.MATE TELA 37ML VERDE PINO,11,39.51944706
50111201,PINT.MATE TELA 37ML VERDE PIST,11,39.56595133
50111202,PINT.MATE TELA 37ML VERDE MANZ,11,39.34623
50111203,PINT.MATE TELA 37ML NARANJA,11,39.38171739
50111204,PINT.MATE TELA 37ML MARRON,11,39.53851829
50111205,PINT.MATE TELA 37ML ROJO ESCAR,11,39.37922111
50111206,PINT.MATE TELA 37ML AMARILLO P,11,38.89071429
50111207,PINT.MATE TELA 37ML VINO,11,39.51384231
50111208,PINT.MATE TELA 37ML AMARILLO L,11,39.48888172
50111209,PINT.MATE TELA 37ML ROSA OSCUR,11,39.51049226
50111210,PINT.MATE TELA 37ML AZUL CELES,11,39.50391811
50111211,PINT.MATE TELA 37ML MAGENTA,11,39.36976817
50111212,PINT.MATE TELA 37ML VERDE HOJA,11,39.5885
50111213,PINT.MATE TELA37ML AMAR CADMIO,11,39.58209677
50111214,PINT.MATE TELA 37ML VIOLETA,11,39.52156432
50111215,PINT.MATE TELA 37ML MARFIL,11,39.48475263
50111216,PINT.MATE TELA37ML AMAR CANARI,11,39.43599265
50111217,PINT.MATE TELA 37ML VIOLETA CO,11,39.22563905
50111218,PINT.MATE TELA 37ML AZUL MAR,11,39.20436815
50111219,PINT.MATE TELA 37ML AZUL MARIN,11,39.30688462
50111220,PINT.MATE TELA 37ML SALMON BB,11,39.528
50111221,PINT.MATE TELA 37ML ROSA BB,11,39.52105161
50111222,PINT.MATE TELA 37ML TIERRA QUE,11,39.5440678
50111223,PINT.MATE TELA 37ML SIENA NATU,11,39.5554
50111224,PINT.MATE TELA 37ML ROSA TE,11,39.11844892
50111225,ROT INTENSITY 0.4MM  GRIS OSCU,11,28.31838212
50111226,ROT INTENSITY 0.4MM RJO QUEMAD,11,28.3554741
50111227,ROT INTENSITY 0.4MM LILA,11,28.40125464
50111229,ROT INTENSITY 0.4MM RSA MEXICA,11,28.49446855
50111230,ROT INTENSITY 0.4MM MORADO,11,28.50247227
50111231,ROT INTENSITY 0.4MM AZUL,11,28.78470681
50111232,ROT INTENSITY 0.4MM ROJO,11,28.42765374
50111233,ROT INTENSITY 0.4MM VERDE,11,28.47801028
50111234,ROT INTENSITY 0.4MM ROSA,11,28.50748324
50111255,BRUSH SIGN PEN ROTULADOR 12PZA,11,488.481
50111314,FOAMY ADHESIVO DIAMANTADO ABCD,11,35.51226285
50111315,FOAMY ADHESIVO DIAMANTADO ESTR,11,35.53056516
50111321,FLASH CARDS ABCD ESPANOL 60PZA,11,59.50732823
50111323,PINTA CON NUMEROS PUERTA,11,546
50111349,PLASTILINA CJ C/10 GLITTER,11,40.52745619
50111376,CAJA T DURA TODA OCASION CAMIS,11,88.96310426
50111377,CAJA T DURA TODA OCASION LIBRO,11,71.631
50111951,ACUARELA ITALIANA ROEL MATE,11,46.2
50112575,BOLSA REGALO CHICA NAVIDAD,11,23.73
50112577,CAJA CAMISERA GRANDE NAVIDAD,11,39.58226346
50112578,CAJA CAMISERA MEDIANA NAVIDAD,11,31.05650847
50112580,BOLSA REG GRANDE KRAFT VERDE,11,28.99878994
50112581,BOLSA REG GRANDE KRAFT ROJO,11,27.40079124
50112582,BOLSA REG MED. KRAFT VERDE,11,21.01545486
50112583,BOLSA REGALO MED KRAFT ROJO,11,20.659427
50112772,MONO MAGICO MINI,11,0.021
50112791,PASTEL ROTULADORES X10 ESTUCHE,11,62.034
50112880,ROMPECABEZAS NUMERO CON SUJETA,11,197.4
50112884,BLOCK CARTULINA COLORES,11,120.2186419
50112885,BLOCK PAPEL LUSTRE 50 HOJAS,11,68.68119485
50112886,BLOCK TEXTURAS 50 HOJAS,11,155.57675
50112887,CHART ABECEDARIO MATEL 45X30CM,11,48.66625465
50112888,CHART FIGURAS GEOMETRICAS MATE,11,46.2
50112889,CHART NUMEROS 1-10 MATEL 45X30,11,26.733
50112890,CHART TABLAS DE MULTIPLICAR MA,11,49.74465074
50112892,ENSAMBLE ESLABONE BOTE CHICO,11,178.5
50112893,ENSAMBLE TUERCAS Y TORNILLOS,11,214.1348936
50112896,BOLSA KRAFT MED. AZUL MARINO,11,20.44827172
50112897,BOLSA KRAFT MED. ROSA PASTEL,11,20.49774343
50112898,BOLSA KRAFT MED. CELESTE,11,20.67249759
50112899,BOLSA KRAFT GRANDE AZUL MARINO,11,27.40081422
50112901,BOLSA KRAFT GRANDE ROSA PASTEL,11,26.6643296
50112902,BOLSA KRAFT GRANDE CELESTE,11,26.63955016
50112904,BOLSA MEDIANA MANDALORIAN,11,30.03
50113061,ROTULADOR BIC PUNTA DUAL 5 PZ,11,129.444
50113142,BOLSA MEDIANA SAN VALENTIN,11,20.16
50113144,BOLSA KRAFT GRANDE ROSA,11,28.035
50113672,SET CREATIV WILD,11,314.255625
50113673,CREATIV ANIMALES ADORABLES,11,264.6
50113712,SET COLORES AQUABLEND 24PZ STU,11,150.51225
50113713,SET LAPICES ARTIST 50 PZ STUK,11,202.1932782
50113714,LAPICES JUEGO DE DIBUJO 12 PZ,11,31.15055577
50113715,LAPICES DE DIBUJO  6 PZ STUK,11,15.89264906
50113722,BOLSA REGALO BOND GDE MORADO,11,27.79368506
50113723,BOLSA REGALO BPND MED MORADO,11,21.28806554
50113724,BOLSA REGALO BOND GDE ROSA BB,11,28.54501856
50113725,BOLSA REGALO BOND MED ROSA BB,11,21.91549624
50113727,BOLSA REGALO KRAFT GDE UVA,11,26.67450766
50113728,BOLSA REGALO KRAFT MEDIANA UVA,11,20.60703893
50113739,ACUARELA ARTS COLORES 15 PZ,11,290.3914615
50113745,GIS PASTEL ARTS 25 PZ,11,117.481
50113747,GISES PASTEL AL ACEITE 50 PZ,11,235.6873673
50113751,ARTE Y ACTIVIDADES FROZEN,11,0.021
50113752,ARTE Y DISENO SPIDER MAN,11,683.172
50113759,PULSERAS DE COLORES,11,462
50113760,ORIGAMI NEON,11,462
50113761,PULSERAS DE EMOJIS,11,462
50113763,PIEDRAS FLUORESCENTE,11,627.9
50113764,DINOSAURIOS DE PLASTILINA,11,667.8
50113765,FANTASIA PINTURA DIAMOND,11,585.9
50113766,SWEET PINTURA DIAMOND,11,585.9
50113855,SET DE DIBUJO Y BOCETO,11,1459.08
50113873,BLOCK DE STICKERS SPIDERMAN,11,43.0755
50114081,SET ONE DE DIBUJO UNIVERSAL 3P,11,1033.2
50114085,BLOCK DE STICKERS OMG LOL,11,43.26
50114086,BLOCK DE STICKERS TURNING RED,11,43.26
50114087,BLOCK DE STICKERS MANDALORIAN,11,37.47309449
50114091,ETIQUETA ESC LIGHTYEAR C/20,11,30.87
50114093,MINIPOSTER BL C/4 MOD.1,11,51.975
50114106,ACUARELA UNIVERSO PELIKAN C/6,11,33.41875746
50114109,PINTURA TEMPERA PASTEL C/6,11,92.3804181
50114414,SOFT PASTEL CHALK 12 PZ,11,292.005
50114446,SET FANTASTICO AVENGERS,11,0.021
50114447,SET FANTASTICO FROZEN,11,220.9827077
50114450,ARTE Y ACTIVIDADES UNICORNS,11,759.255
50115177,BOLSA BOND CALABAZA MED,11,23.1
50115179,BOLSA BOND FANTASMA MED,11,23.1
50115218,PINTARRON BLANCO CLAS 120X180,11,3188.876108
50115303,GIS VINCI COLORES ESTUCHE 150,11,184.17
50115783,BOLSA DE REGALO BOND ROJA MED.,11,22.9939709
50115784,BOLSA DE REGALO BOND VERDE MED,11,23.1
50115785,BOLSA DE REGALO BOND VINO MED.,11,22.74493846
50115788,BOLSA REG FRASES GLITTER MED,11,25.305
50115790,BOLSA DULCERA BOND SANTA 10 PZ,11,64.785
50115869,BOLSA REG KRAF NATURAL MEDIANA,11,20.52706764
50115871,BOLSA REG SANTA GLITTER GDE,11,35.385
50115872,CAJA MEDIANA ROJA,11,14.10035564
50115876,CAJA TD TODA OCASION JOYA,11,48.74340625
50115877,CAJA TD DURA CAMISA KRAF,11,91.63847793
50115878,CAJA TAPA DURA LIBRO KRAF,11,74.10192784
50115880,CAJA TAPA DURA JOYA KRAF,11,49.63785181
50115934,STICKERS MARBLE FAITH,11,410.676
50115945,PINTARRON BLANCO CLAS 90X150,11,1333.808
50115946,PINTARRON BLANCO CLAS 90X180,11,4606.98
50115947,PEDEST GIRAT SCAL 120X180X200,11,8982.036
50115948,TABLERO ALFRA CORCHO 120X150,11,3570.735
50115949,TABLERO ALFRA CORCHO 120X240,11,5488.938
50115950,PINTARRON WHITE STAR 90X150,11,3313.714833
50115951,PEDESTAL GIRATORIO SLIM 90X120,11,8022.874125
50115952,PINTARRON BLANCO CLAS 120X150,11,3926.636
50115953,PINTARRON WHITE STAR 90X240,11,5078.92875
50115955,PINTAR MET ESC PHL120X180,11,5779.62
50115956,PINTARRON METALICO ESC 90X180,11,5250.84
50116013,BOLSA DE REGALO GDE ENCANTO,11,46.83
50116014,BOLSA DE REGALO MED ENCANTO,11,34.23
50116047,ROTULADOR MED. HARRY POTTER X4,11,74.75505686
50116133,AEROGRAFITI SWITCH ON CRAYOLA,11,574.4228824
50116135,COLOR PETS CAMION DE ASEO,11,507.654
50116136,COLOR PETS DIVERSION EN EL MAR,11,128.94
50116137,COLOR PETS IGLOO,11,134.757
50116213,SUPER ART TUBE CRAYOLA,11,644.49
50116295,SHAPED ART SET FROZEN,11,0.021
50116296,SHAPED ART SET LADYBUG,11,0.021
50116297,SHAPED ART SET PAW PATROL,11,0.021
50116299,SHAPED ART SET SPIDER-MAN,11,0.021
50116300,SHAPED ART SET CARS,11,6.609166667
50116301,ACTIVITY AND ADVENTURES LOL,11,241.836
50116302,ACTIVITY AND ADVENTURES LADYB,11,461.7445
50116303,ACTIVITY AND ADVENTURES AVERNG,11,0.021
50116304,ACTIVITY AND ADVENTURES SONIC,11,487.704
50116305,ARTE Y ACTIVIDADES DINOSAUR,11,151.8678
50116309,TABLERO MAGICO MAPED,11,412.5143642
50116397,SET FANTASTICO SONIC,11,220.6185423
50116670,BOLSA KRAF GRANDE NATURAL,11,26.51832168
50116679,BOLSA DE REG SAN VALENTIN GDE,11,28.37027378
50116680,BOLSA DE REG SAN VALENTIN MED,11,24.1711066
50116681,BOLSA DE REG SAN VALENTIN CH,11,19.96624711
50116690,BOLSA BOND GRANDE ROSA,11,25.557
50116691,BOLSA BOND GRANDE ROJA,11,32.235
50116692,BOLSA BOND MEDIANA ROSA,11,21
50116694,CAJA GDE ARMADA ROJA,11,0.021
50116697,CAJA MEDIANA ARMADA ROSA,11,11.76
50116768,PIZARRON STUK PLANEADOR SEMAN.,11,144.4381871
50116788,PIZARRON CHICO STUK,11,113.7282292
50116831,DUAL BRUSH PASTEL BIC 6PZ,11,171.6600697
50116875,CALCOMANIAS GOOD DAISY 3PZS,11,12.012
50118009,MINI PICK HAPPY STICKER PACK,11,410.676
50118011,STICKER PACK A YEAR OF MEMORIE,11,410.676
50118012,STICKER PACK SQUAD LIFE 30 HOJ,11,410.676
50118341,STICKERS LETRAS Y NUMEROS,11,151.788
50118342,STICKERS BLANCO Y NEGRO,11,116.487
50118343,STICKERS BANDERINES,11,116.487
50118344,STICKERS PARA NOTAS AMIGOS,11,151.788
50118345,STICKERS PARA NOTAS MOST,11,151.456631
50118347,STICKERS ALIMENTOS,11,198.87
50118348,STICKERS LOVE YOU SELFIE,11,198.87
50118349,STICKERS PERRITOS,11,198.493392
50118350,STICKERS HELLO FRIEND,11,198.87
50118351,STICKERS PRESUPUESTO,11,198.87
50118352,SRICKERS TRANSPARENTES FLORES,11,198.5352374
50118353,STICKERS DEPORTES,11,187.0960461
50118354,STICKERS ESCUELA,11,198.87
50118355,STICKERS LOVE,11,198.87
50118356,STICKERS TRANSPARENTES FOTOS,11,198.87
50118357,STICKERS ALUMINIO KINDER,11,198.87
50118358,STICKERS COLECCION VIAJE,11,198.87
50118359,STICKERS INSTA LOVE,11,198.87
50118360,STICKERS CHALK FABULOUS,11,198.87
50118361,STICKERS LOVE IS IN THE AIR,11,198.5863352
50118362,STICKERS I LOVE,11,114.5777213
50118363,STICKERS GATOS,11,116.487
50118365,STICKERS HOJAS OTONO,11,116.487
50118366,STICKERS PLAYA,11,116.487
50118367,STICKERS PRINCESA,11,116.487
50118368,STICKERS FAMILIA POR SIEMPRE,11,116.487
50118369,STICKERS CORAZONES,11,81.03541558
50118370,STICKERS NUMEROS,11,79.71695023
50118371,STICKERS HUELLAS PERRITO,11,81.186
50118372,STICKERS MARIPOSAS,11,80.39026471
50118373,STICKERS CORAZONES MINI,11,81.186
50118374,STICKERS PAPEL DE MARIPOSAS,11,81.186
50118375,STICKERS I LOVE MY DOG,11,116.487
50118376,STICKERS FRIENDS,11,116.487
50118377,STICKERS PARTY TIME,11,116.2276102
50118378,STICKERS ROCK STAR,11,116.487
50118379,STICKERS BE MINE,11,116.487
50118380,STICKERS FELICIDAD,11,116.487
50118381,STICKERS LETRAS COLORES,11,151.788
50118383,EXHIBIDOR STICKERS HAPPY PLANN,11,0.021
50118384,SOBRES MULTIDISENO COLORES,11,151.4609159
50118409,BOLSA REGALO KRAFT MEDIANA MAM,11,23.1
50118413,BOLSA REGALO CHICA C/APL MAM23,11,20.685
50118416,BOLSA CHICA MAMAS 23,11,23.73
50118417,BOLSA REGALO BOND MED MAMA 23,11,23.1
50118426,PAPEL CONSTRUCCION GIGANTE 48H,11,226.276571
50118427,PAPEL CONSTRUCCION 96 HOJAS,11,191.278018
50118645,ETIQUETA ESCOLAR SPIDERMAN 20P,11,27.33131613
50118647,ETIQUETA ESCOLAR DISNEY 20 PZS,11,30.87
50118650,ETIQUETA ESCOLAR GABY DOLL 20P,11,27.33923581
50118651,BLOCK STICKER DISNEY 6 HOJAS,11,43.26
50118654,BLOCK STICKER DRAGONBALL 6 HOJ,11,43.26
50118656,BLOCK DE STICKER TRANSFORMERS,11,43.26
50118657,BLOCK DE STICKER GABY DOLL 6H,11,43.26
50118674,LAPICES ACUAREABLES MOOVING 12,11,99.63885901
50118675,LAPICES ACUAREABLES MOOVING 24,11,204.3159644
50118679,ROTULADORES MOOVING 10 PIEZAS,11,116.3656115
50118680,ROTULADORES PASTEL MOOVING,11,62.5329913
50118681,ROTULADORES LUMINOSOS MOOVING,11,57.33927273
50118682,ROTULADORES MOOVING 20 PIEZASC,11,224.847
50118683,MARCADORES PUNTA PINCEL PASTEL,11,77.82151051
50118689,MARCADORES DOBLE PUNTA METALIZ,11,263.2999091
50118690,MARCADORES DOBLE PUNTA ACUAREA,11,135.8511768
50118691,MARCADORES DOBLE PUNTA PINCEL,11,339.36
50118705,ACTIVITY AND ADVENTURES FROZEN,11,487.704
50118706,ACTIVITY AND ADVENTURES SPIDERM,11,487.704
50118707,ACTIVITY AND ADVENTURES PAW PAT,11,487.704
50118708,MUNDO DE ARTE Y ACTIVIDADES SON,11,632.4176582
50118709,SET DE ARTE AVENGERS,11,270.459
50118711,SET DE ARTE PRINCESAS,11,273.9197496
50118712,SET DE ARTE LADYBUG,11,270.459
50118790,SET DE ARTE DINOSAURIOS,11,270.459
50119247,BLOCK DE STICKER 6 HOJAS BABY S,11,30.32076923
50119248,ETIQUETA ESCOLAR UNICORNIO 20 P,11,27.33195142
50119249,ETIQUETA ESCOLAR FROZEN 20 PIEZ,11,30.87
50119250,ETIQUETA ESCOLAR JURASSIC WORLD,11,27.33476524
50119251,ETIQUETA ESCOLAR AVENGERS 20 PI,11,30.87
50119252,ETIQUETA ESCOLAR GENERICO 20 PI,11,27.33284424
50119272,TAB DE CORCHO ALFRA CLASICO 120,11,3334.76136
50119419,JUEGO DE GEOMETRA FLEX 5 PZS,11,137.4687569
50119729,PINTURA DIGITAL 25 ML C/6 COL P,11,105.84
50119760,LETTERING BY KIUT PRINCIPIANTE,11,614.943
50119808,PLUMIN DE DOBLE PUNTA TWIN BRUS,11,115.8509225
50119809,ACUARELA TUBOS C/24 PIEZAS,11,412.713
50120308,SET FANTASTICO DIARIO STICH,11,224.9078345
50120309,SET FANTASTICO DIARIO SPIDEY,11,220.5540829
50120310,SET FANTASTICO DIARIO ONIX,11,221.7580407
50120368,SET DE ARTE 150P C/CABALLETE DALER Y ROW,11,1872.15
50120436,ENSAMBLE PASADO ABC BOTE CHICO 50P,11,246.855
50120437,ENSAMBLE PASADO FIGURAS BOTE CHICO,11,246.855
50120438,FLASH CARDS NUMEROS 1-60 60P,11,91.63666567
50120439,MEMORIA ABECEDARIO INGLES 60P,11,93.009
50120442,FOAMY DIDACTICO REPUBLICA MEXICANA,11,49.17838481
50120443,FOAMY ADHESIVO DIAMANTADO NUMEROS,11,32.865
50120444,LIMPIA PIPAS 30P VARIOS COLORES,11,37.5137714
50120445,LIMPIA PIPAS 25P METALICOS,11,36.99372059
50120446,FOAMY DIDACTICO RELOJ DIX,11,44.961
50120447,FOAMY DIDACTICO FIGURAS GEOMETRICAS,11,44.961
50120464,PAQUETE DE ACCESORIOS GRATEFUL P/PLANNER,11,293.013
50120465,PAQUETE DE ACCESORIOS LIFE LOVELY,11,293.013
50120466,PAQUETE DE ACCESORIOS HAPPY,11,293.013
50120483,DISCOS METALICOS COLORES,11,469.518
50120484,DISCOS METALICOS ORO,11,410.676
50120485,DISCOS ARCOIRIS,11,140.028
50120488,STICKERS FRESH BOUQUET 30 HOJAS,11,410.676
50120489,STICKERS SOFTLY MODERN 30 HOJAS,11,410.676
50120490,STICKERS ILLUSTRATIONS VALUE 30 HOJAS,11,410.676
50120491,STICKERS COLORFUL DOGS 30 HOJAS,11,410.676
50120492,STICKERS WE GO AGAIN 30 HOJAS,11,410.676
50120493,STICKERS SUNSHINE VIBES 30 HOJAS,11,410.676
50120494,STICKERS BEAUTIFUL Y BRAVE 30 HOJAS,11,410.676
50120495,STICKERS MODERN MEOW 30 HOJAS,11,410.676
50120496,SET DE ARTE C/CABALLETE 162 PIEZAS,11,1872.15
50121362,ACUARELA APERLADA-FLUORESC C/12 PASTILLA,11,130.6495804
50121363,AGUARRAS BOTELLA 125 ML,11,63
50121364,"""ALBUM INDART NG 29.7X21CM, 40H A4""",11,383.9114706
50121365,ALBUM INDART PRISMA 29.7X21CM 32H A4,11,379.3524457
50121366,LIENZO P/PINTAR COLOR NEGRO 20X25,11,55.671
50121367,LIENZO P/PINTAR COLOR NEGRO 28X35,11,78.246
50121368,PINT ACRIL INDARTSTUDIO 100ML AZ PASTEL,11,98.34797368
50121369,PINT ACRIL INDARTSTUDIO 100ML AMA LIMON,11,98.5222621
50121370,PINT ACRIL INDARTSTUDIO 100ML VERD LIMON,11,98.55774783
50121371,PINT ACRIL INDARTSTUDIO 100ML LILA,11,98.41770608
50121372,PINT ACRIL INDARTSTUDIO 100ML NARANJA,11,98.414025
50121373,PINT ACRIL INDARTSTUDIO 100ML ROS PASTEL,11,98.45410381
50121374,SET PINT COL BASICOS INDARTSTUDIO C/5P,11,457.0225929
50121375,CRISTART ULTRAVIOLETA 120ML (A+B),11,191.94
50121376,MEDIO PARA POURING FRASCO 500ML,11,88.2
50121377,TINTA CHINA INDART FRASCO 30ML NEGRO,11,75.6
50121378,BASTIDOR PINTART MDF 20X30,11,96.8487241
50121379,BASTIDOR PINTART MDF 30X35,11,117.1871273
50121380,BASTIDOR PINTART MDF 35X45,11,134.61
50121541,JUEGO GEOMETRIA IRROMPIBLE 7P,11,155.6345734
50121562,ALBUM XL SKETCH 74G 22.9X30.5CM 100H,11,368.529
50121563,ACUARELA POCKET SET,11,501.627
50121564,PINTURA ACRILICA NEON Y GLOW,11,268.8
50121565,LAPICES DE COLORES POLYCOLOR 72 PZS,11,3606.54
50121566,SET DE PINTURAS 20ML,11,1409.436
50121567,MINI SET ACRILICO SIMPLY,11,540.288
50121568,MINI SET ACRILICO SIMPLY OIL,11,469.812
50121569,SET DE PINTURA C/CABALLETE,11,1256.745
50121570,MINI SET ACUARELA SIMPLY C/CABALLETE,11,1252.041
50121571,LAPICES PASTEL 36 PIEZAS,11,1357.125
50121572,ESTUCHE DE MADERA C/LAPICES COLORES 105P,11,9020.445
50121573,ESTUCHE C/16 COLORES Y SACAPUNTAS,11,739.956
50121574,MINI SET SIMPLY ACUARELA,11,580.209
50121575,KIT MASA CON 6 PINTURAS,11,273.735
50121749,BLOCK DIBUJO CONSTRUCTIVO TABLA CH 20H,11,71.379
50121750,BLOCK DIBUJO CONSTRUCTIVO TABLA GDE 20H,11,114.513
50121751,CUADERNO DE DIBUJO CON CHINA 20H,11,44.7635
50121752,CUADERNO DE DIBUJO CON CHINA 50H,11,127.302
50121753,CUADERNO DE DIBUJO C/AGUJETA BLANCO 20H,11,98.343
50121782,ALBUM XL MIX MEDIA 160H,11,590.226
50121783,BLOCK ACUARELA CANSON 30H 300G,11,872.844
50121784,BLOCK DE DIBUJO RAYA 60H A4 XL,11,362.628
50121785,BLOCK DE DIBUJO MARKER 100H A4,11,354.249
50121786,BLOCK DE DIBUJO UNIVER 14X21,11,413.91
50121787,LIBRETA DE DIBUJO CANSON SKETCH 80H,11,435.3709412
50121911,BOLSA DE REGALO GRANDE GABY DOLLHOUSE,11,46.83
50121912,BOLSA DE REGALO MEDIANA GABY DOLLHOUSE,11,34.23
50121913,BOLSA DE REGALO GRANDE BARBIE,11,46.83
50121914,BOLSA DE REGALO MEDIANA BARBIE,11,34.23
50121915,BOLSA DE REGALO GRANDE EMOJI FROZEN,11,46.83
50121916,BOLSA DE REGALO MEDIANA EMOJI FROZEN,11,34.23
50121917,BOLSA DE REGALO GRANDE SONIC,11,46.83
50121918,BOLSA DE REGALO MEDIANA SONIC,11,34.23
50121919,BOLSA DE REGALO GRANDE SPIDEY Y AMIGOS,11,46.83
50121920,BOLSA DE REGALO MEDIANA SPIDEY Y AMIGOS,11,34.23
50121921,BOLSA DE REGALO MEDIANA BOND FRANKESTEIN,11,23.1
50121922,CAJA PARA DULCES CHICA COLOR NARANJA,11,137.025
50121923,CAJA PARA DULCES CHICA COLOR MORADO,11,137.025
50121960,CARTULINA BRISTOL BLANCA 50X65CM 2P,11,24.633
50121961,CARTULINA FLUORESCENTE NARANJA 47.5X66CM,11,24.633
50121962,CARTULINA FLUORESCENTE VERDE 47.5X66CM,11,24.633
50121963,CARTULINA FLUORESCENTE ROSA 47.5X66CM,11,24.633
50121964,CARTULINA FLUORESCENTE AMARILLA 47.5X66C,11,24.633
50121965,HOJA ROTAFOLIO 61X90CM CUADRO 2P,11,23.457
50121966,HOJA ROTAFOLIO 61X90CM CUADRO ALEMAN 2P,11,23.457
50121967,HOJAS ROTAFOLIO 61X90 CM BLANCA 2P,11,23.457
50122315,BOLSA CHICA DISNEY 100 ANOS,11,22.26
50122316,BOLSA MEDIANA DISNEY 100 ANOS,11,24.57
50122317,BOLSA GRANDE DISNEY 100 ANOS,11,32.571
50122840,LAPICERA TUBO HARRY POTTER KIDS,11,239.778
50122842,PLASTER FRIENDS   WINTER,11,314.349
50122843,CAJITA SCRAPBOOKING,11,617.4
50122844,ESTUCHE DE  MASSA 32 PZAS MAPED,11,639.45
50123028,ROLLO CON 3 PLIEGOS DE PAPEL DIS NAVIDAD,11,36.92724519
50123029,ETIQUETA ADHERIBLE DE  PARA  NAVIDAD 8PZ,11,19.45590226
50123030,BOLSA DE CARTON BARNIZ TAMANO JUMBO  NAV,11,73.5
50123031,BOLSA DE CARTON BARNIZ TAMANO JUMBO SANT,11,54.17673913
50123032,BOLSA DE CARTON BARNIZ TAMANO BOUTI NAVI,11,76.545
50123033,BOLSA DE CARTON BARNIZ TAMANO VINO NAVID,11,36.435
50123034,BOLSA DE CARTON BARNIZ TAMANO HORIZONTAL,11,23.73
50123036,BOLSA DE MATERIAL KRAFT CON FOIL TAM G,11,36.015
50123037,BOLSA DE MATERIAL KRAFT CON FOIL TAM M,11,25.83
50123038,BOLSA DE MATERIAL BOND CON FOIL TAM M,11,25.83
50123039,BOLSA DE CARTON TER BARNIZ  TAMAN G SANT,11,32.76719718
50123050,BOLSA DE CARTON TERM BARNIZ  TAM M SANTA,11,27.25621188
50123053,BOLSA DE CARTON TERM BARNIZ  TAM C SANTA,11,17.16911076
50123054,BOLSA DE CARTON TER BARNIZ TAM G FRASES,11,33.33608184
50123055,BOLSA DE CARTON TER BARNIZ  TAM M FRASES,11,27.29065625
50123056,BOLSA DE CARTON TER BARNIZ  TAM G NAVIDA,11,32.75889737
50123058,BOLSA DE CARTON TERM BARNIZ  TAM C NAVID,11,20.55930965
50123059,BOLSA DE CARTON TER BARNIZ  TAM G NAVIDA,11,28.34369452
50123060,BOLSA DE CARTON TER BARNIZ  TAM M IN NAV,11,21.4765538
50123061,BOLSA DE CARTON TERM BARNIZ  TAM G GNOMO,11,28.27402266
50123062,BOLSA DE CARTON TERM BARNIZ  TAM M GNOMO,11,21.85633509
50123063,BOLSA DE CARTON TER BARNIZ  TAM G CASCA,11,28.28820095
50123064,BOLSA DE CARTON TER BARNIZ  TAM M CASCA,11,21.88935669
50123065,CAJA ARMABLE  BARNIZ  TAM M COLOR ORO A,11,14.86424897
50123066,CAJA ARMABLE BARNIZ  TAM M PLATA TAMA,11,15.04289944
50123078,MUNDO DE ARTE Y ACT UNICORNS AND RAINBOW,11,650.643
50123079,MUNDO DE ARTE Y ACTIVIDADESPRINCESAS,11,650.643
50123080,MUNDO DE ARTE Y ACTIVIDADESHELLO KITTY,11,662.4536513
50123081,MUNDO DE ARTE Y ACTIVIDADESPAW PATROL,11,659.0586515
50123083,ACTIVITY AND ADVENTURESFROZEN,11,487.704
50123086,ART SETSPIDEY,11,270.459
50123088,SET FANTASTICO BARBIE,11,216.153
50123090,SET FANTASTICO HELLO KITTY,11,222.5057699
50123092,SET FANTASTICO DRAGON BALL Z,11,216.153
50123093,SET FANTASTICO DINOSAUR WORLD,11,223.30532
50123204,SIMPLY ACRYLIC SLIM TUBE 75ML WHITE 011,11,88.767
50123205,SIMPLY ACRYLIC SLIM TUBE 75ML CREAM 020,11,80.976
50123206,SIMPLY ACRYLIC SLIM TUBE 75ML BLACK 026,11,88.767
50123207,SIMPLY ACRYLIC SLIM TUBE 75MLULTRAMA 123,11,80.976
50123208,SIM ACRYLI SLIM TUBE 75ML LIGHT BLUE 128,11,80.976
50123209,SIM ACRYLIC SLIM TUBE 75ML DARK BLUE 132,11,80.976
50123210,SIMPLY ACRYLIC SLIM TUBE 75ML BROWN 205,11,88.767
50123211,SIM ACRY SLIM TUBE 75ML LIGHT BROWN 213,11,80.976
50123212,SIMP ACRYLI SLIM TUBE 75ML PORT PINK 220,11,88.767
50123213,SIM ACRYL SLIM TUBE 75ML LIGHT GREEN 348,11,80.976
50123214,SIMPLY ACRYLIC SLIM TUBE 75ML GREEN 355,11,80.976
50123215,SIM ACRY SLIM TUBE 75ML MEDIUM GREEN 391,11,90.972
50123216,SIMPLY ACRYLIC SLIM TUBE 75ML PURPLE 433,11,90.972
50123217,SIMPLY ACRYLIC SLIM TUBE 75ML VIOLET 450,11,88.767
50123218,SIMP ACRYLIC SLIM TUBE 75ML CRIMSON 513,11,90.972
50123219,SIM ACR SLIM TUBE 75ML BRILLIANT RED 547,11,88.767
50123220,SIMP ACRYLIC SLIM TUBE 75ML SCARLET 567,11,90.972
50123221,SIM ACRY SLIM TUBE 75ML DEEP YELLOW 618,11,88.767
50123222,SIM ACRY SLIM TUBE 75ML LEMON YELLOW 651,11,90.972
50123223,SIMPLY ACRYLIC SLIM TUBE 75ML ORANGE 660,11,90.972
50123224,SIMPLY ACRYLIC 6X12ML SET,11,218.631
50123225,SET LIBRO DIB 112H+COLORES 12P,11,743.4
50123226,SIMPLY OIL 6X12ML SET,11,218.358
50123227,SIMPLY WATERCOLOUR 6X12ML SET,11,218.631
50123228,AQUAFINE TRAVEL TIN  18,11,716.226
50123229,GRAD OIL SELECTION SET 10X38ML,11,1163.61
50123230,SIMPLY OIL PASTELS C25 PZAS,11,177.156
50123231,DALER ROWNEY SIMPLY SOFT PASTEL12,11,209.328
50123232,SET C5 PINC SIMPLY SI1 PLANO,11,349.818
50123233,SET 5 PINC SIMPLY SIMONS PARA ACUARELA,11,560.7
50123234,SET BAS 4 PINCELES FIBRA SINT PARA ACUA,11,349.818
50123235,SET 4 PINC SIMPLY  IDEALES PARA TDS TEC,11,332.472
50123236,SET 4 PINC DELINEADORES SIMPLY SIMON,11,279.867
50123237,SET4 PINCELES ANG PARA SOMBRA Y FLOTADOS,11,349.818
50123238,SET BAS 5 PINCELES SIMPLY SIMONS FIBRA,11,384.804
50123239,MEZCLADORES O ESFUMINOS SIMPLY C10 PZ,11,127.344
50123240,SIMPLY WILLOW CHARCOAL BARRITAS CARBON,11,96.558
50123241,MANIQUI ARTICULADO  HOMBRE MADERA 203 CM,11,335.832
50123242,LIBRO DE DIBUJO ONE COSIDO 98 HJS102X152,11,253.1136634
50123243,ART DESIGN C 12 LAPICES DEL 6B AL 4H,11,587.202
50123245,LIBRO DE DJO 1 COSIDO 98 HJS14 X 216 CM,11,341.0070982
50123246,LIBRO DE DIBUJO 1 COSIDO 98 HJS216X279CM,11,462.231
50123247,ALBUM XL SKETCH 74G 229X305 100H  USA,11,369.411
50123248,BLOCK DIBUJO ESP CANSON MIX MEDIA 100H,11,404.586
50123249,SET BLOCK XL BRISTOL50H+LYRA G,11,743.4
50123250,SET BLOCK XL WATERCOLOR+LYRA G,11,743.4
50123251,SET SKETCHBOOK COLORES 10PZ,11,743.4
50123253,BLOCK DIBUJO ESP SHT SKETCH 55X85 100H,11,250.761
50123254,BLOCK DIBUJO ESP SHT SKETCH 9X12 100H,11,356.244
50123255,300WATERCOLORPAD9X12 W SHT1212,11,292.719
50123256,400TON TAN PAD9X12 SH50 2612,11,528.927
50123257,400 PASTEL PAD 9X12 SHT 2412,11,327.432
50123258,SET 2 C3 PINCELES SNAP SINT ORO,11,407.337
50123259,SET 3 PINCELES SNAP SINT ORO 1 PLANO,11,545.706
50123260,SET 4 PINCELES SNAP CER BLANCA NAT MAN,11,400.197
50123261,SET 5 PINCELES SNAP FIB SINT BLANCAS MAN,11,545.706
50123262,BASTIDOR SIMPLYTIRA GRU 3D 6X6 C4 PZAS,11,582.099
50123263,BASTIDOR SIMPLY 12X16  30X40CM,11,210.504
50123264,BASTIDOR SIMPLY 10X12  25X30CM,11,181.902
50123265,BASTIDOR SIMPLY 16X24 40X60CM,11,323.862
50123266,BASTIDORA SIMPLY 11X14 C2PZAS 28X35CM,11,289.296
50123267,BASTIDOR SIMPLY Â 16X20 C2PZAS  40X50CM,11,582.099
50123268,BASTIDOR SIMPLY 12X12 C2 PZAS  30X30CM,11,254.667
50123270,BASTIDOR SIMPLYPANEL DALER ROWNEY3 PZS,11,157.563
50123271,BASTIDOR SIMPLY PANEL DALER ROWNEY3 PZ,11,223.167
50123272,CARTON CON TELA SIMPLY PANEL 16X 203 PAC,11,543.102
50123273,CARTON CON TELA SIMPLY PANEL12X16  3PACK,11,286.86
50123274,SIMPLY FIELD EASEL  ALUMINIUM,11,1455.258
50123275,AQUA BRUSH DUO MARCADOR C2 PUN C 12 COL,11,642.642
50123276,BLOCK DIBUJO BRISTOL 50H A3,11,557.865
50123277,BLOCK DIBUJO NEGRO 40H A4,11,372.33
50123278,ACR POLITEC BCO DE TITANIO ACR ESC 30ML,11,21.09948575
50123279,ACR POLITEC NEGRO INTENSO ACR ESC 30ML,11,21.224175
50123280,ACRILICO POLITEC OCRE ACR ESC 30ML,11,21.28443936
50123281,ACR POLITEC SOMBRA CAFE ACR ESC 30ML,11,21.24241834
50123282,ACR POLITEC ROJO OXIDO ACR ESC 30ML,11,21.42124576
50123283,ACR POLITEC VERDE OBSC ACR ESC 30ML,11,21.25539636
50123284,ACR POLITEC LIMON HANZA ACR ESC 30ML,11,21.02424627
50123285,ACR POLITEC NARANJA ACR ESC 30ML,11,21.26358306
50123286,ACR POLITEC ROJO TOLUIDINO ACR ESC 30ML,11,21.34393966
50123287,ACR POLITEC AZUL COBALTO ACR ESC 30ML,11,21.24355556
50123288,ACR POLITEC VERDE CLARO ACR ESC 30ML,11,21.24772222
50123289,ACR POLITEC AZUL CELESTE ACR ESC 30ML,11,21.10006627
50123290,ACR POLITEC ROJO ACR ESC 30ML,11,21.12908578
50123291,ACR POLITEC AZUL ULTRAMAR ACR ESC 30ML,11,21.21656389
50123292,ACR POLITEC AZUL PASTEL ACR ESC 30ML,11,21.19128549
50123293,ACR POLITEC GRIS ACR ESC 30ML,11,21.08925
50123294,ACR POLITEC AMAR MEDIO ACR ESC 30ML,11,21.16335
50123295,ACRILICO POLITEC CARMIN ACR ESC 30ML,11,21.05723421
50123296,ACRILICO POLITEC CREMA ACR ESC 30ML,11,21.26138897
50123297,ACRILICO POLITEC ROSA ACR ESC 30ML,11,21.32389831
50123298,ACRILICO POLITEC CARNE ACR ESC 30ML,11,21.30056842
50123299,ACR POLITEC CARMIN CLARO ACR ESC 30ML,11,21.2878805
50123300,ACRILICO POLITEC TURQUEZA ACR ESC 30ML,11,21.16681234
50123301,ACRILICO POLITEC VERDE NILO ACR ESC 30ML,11,21.31386076
50123302,ACR POLITEC ROSA PASTEL ACR ESC 30ML,11,21.27667925
50123303,ACR POLITEC AMAR CLARO ACR ESC 30ML,11,21.414
50123304,ACR POLITEC VERDE HOJA ACR ESC 30ML,11,21.21167769
50123305,ACR POLITEC AMAR PASTEL ACR ESC 30ML,11,21.12119849
50123306,ACR POLITEC VERDE ORO ACR ESC 30ML,11,21.24533735
50123307,ACR POLITEC DURAZNO ACR ESC 30ML,11,21.22905155
50123308,ACR POLITEC NARANJA CLARO ACR ESC 30ML,11,21.22096965
50123309,ACR POLITEC VERDE PALIDO ACR ESC 30ML,11,21.19602564
50123310,ACR POLITEC MORADO ACR ESC 30ML,11,21.17229282
50123311,ACR POLITEC MALVA ACR ESC 30ML,11,21.31160699
50123312,ACR POLITEC VERDE OLIVO ACR ESC 30ML,11,21.21685472
50123313,ACR POLITEC ROSA MEX ACR ESC 30ML,11,21.20447196
50123314,ACR POLITEC PALO DE ROSA ACR ESC 30ML,11,21.25284281
50123315,ACR POLITEC CANELA ACR ESC 30ML 339,11,21.31081599
50123316,ACR POLITEC TERRACOTA ACR ESC 30ML 340,11,21.34471698
50123317,ACR POLITEC CADMIO ACR ESC 30ML 341,11,21.31092268
50123318,ACR POLITEC FIUSHA ACR ESC 30ML 343,11,21.21374848
50123319,ACR POLITEC CORAL ACR ESC 30ML 344,11,21.26801695
50123320,ACR POLITEC LIMA ACR ESC 30ML 345,11,21.23429363
50123321,ACR POLITEC LAVANDA ACR ESC 30ML 346,11,21.13947725
50123322,ACR POLITEC ORO METALICO ESCOLAR 30ML,11,30.18223375
50123323,ACR POLITEC PLATA METALICO ESCOLAR 30ML,11,30.2513914
50123324,ACR POLITEC BRONCE METALICO ESCOLAR 30ML,11,30.38515562
50123325,ACR POLITEC VIOLETA CLARO ACR ESC 30 ML,11,21.38900971
50123326,ACR POLITEC MAGENTA ACRIL ESC 30 ML 342,11,21.28305634
50123327,ACR POLITEC AMAR MEDIO ACR ESC 250ML 318,11,94.72292486
50123328,ACR POLITEC AZUL CELESTE ACR ESC 250ML,11,94.78767523
50123329,ACR POLITEC BCO TITANIO ACR ESC 250ML,11,94.96220816
50123330,ACR POLITEC NEGR INTENSO ACR ESC 250ML,11,91.749
50123331,ACR POLITEC ROJO ACR ESC 250ML 314,11,94.71024616
50123332,ACR POLITEC VERDE CLARO ACR ESC 250M,11,94.77923867
50123333,ACR POLITEC CARMIN ACR ESC 250ML 319,11,94.78265585
50123334,ACR POLITEC AZUL PASTEL ACR ESC 250ML,11,95.42391829
50123335,ACR POLITEC HOBBY MATE NGRO INTENSO 60ML,11,33.63866833
50123336,ACR POLITEC HOBBY MAT BLANCO DE TITA60ML,11,33.79915773
50123337,ACR POLITEC HOBBY MATE MORADO 334 60 ML,11,33.5198271
50123338,ACR POLITEC HOBBY MATE ROJO 314 60 ML,11,33.57190599
50123339,ACR POLITEC HOBBY MATE AZUL CELESTE 60ML,11,33.55061561
50123340,ACR POLITEC HOBBY MATE ROSA MEXICANO60ML,11,33.52830833
50123341,ACR POLITEC HOBBY MATE VERDE CLARO60ML,11,33.48646452
50123342,ACR POLITEC HOBBY MATE NARANJA 308 60 ML,11,33.56807557
50123343,ACR POLITEC HOBBY MATE AZUL ULTRAMAR60ML,11,33.66123643
50123344,ACR POLITEC HOBBY MATE LIMON HANZA60ML,11,33.51347867
50123345,ACR POLITEC HOBBY MATE AMARILL MEDIO60ML,11,33.65215532
50123346,ACR POLITEC HOBBY MATE SOMBRA CAFE 60 ML,11,33.50286154
50123347,ACR POLITEC HOBBY METALICO AMARILLO60 ML,11,47.05718182
50123348,ACR POLITEC HOBBY MATE GRIS 317 60 ML,11,33.50300625
50123349,ACR POLITEC HOBBY MATE CARMIN 319 60 ML,11,33.69503133
50123350,ACR POLITEC HOBBY MATE AZUL COBALTO60ML,11,33.62874286
50123351,ACR POLITEC MATE VERDE LIMON 60ML,11,33.23553991
50123352,ACR POLITEC HOBBY MATE AZUL PASTEL60ML,11,33.57248635
50123353,ACR POLITEC HOBBY MATE ROSA PASTEL60 ML,11,33.52580202
50123354,ACR POLITEC HOBBY MATE AZUL VIOLET 60 ML,11,33.52045331
50123355,ACR POLITEC HOBBY MATE TURQUESA 60 ML,11,33.57875042
50123356,ACR POLITEC HOBBY MATE CARNE 322 60 ML,11,33.60459271
50123357,ACR POLITEC HOBBY MATE VERDE HOJA 60 ML,11,33.49155789
50123358,ACR POLITEC HOBBY MATE MARFIL 346 60 ML,11,33.00978202
50123359,ACR POLITEC HOBBY MATE CANELA 339 60 ML,11,33.43152885
50123360,ACR POLITEC HOBBY MATE ROJ TOLUIDINO60ML,11,33.17535789
50123361,ACR POLITEC HOBBY MATE MALVA 335 60 ML,11,33.44519348
50123362,ACR POLITEC HOBBY MATE VERDE PALIDO 60ML,11,33.04748611
50123363,ACR POLITEC HOBBY MATE CREMA 320 60 ML,11,33.23055978
50123364,ACR POLITEC HOBBY MATE OCRE 303 60 ML,11,33.40296226
50123365,ACR POLITEC HOBBY MATE VERDE ORO 60 ML,11,33.48785811
50123366,ACR POLITEC HOBBY MATE AMARILL CLARO60ML,11,33.62258108
50123367,ACR POLITEC HOBBY MATE MAGENTA 342 60 ML,11,33.24832054
50123368,ACR POLITEC HOBBY MATE CARMIN CLARO60 ML,11,33.40334615
50123369,ACR POLITEC HOBBY MATE PIEL ANGEL 60 ML,11,33.69412339
50123370,ACR POLITEC HOBBY MATE PIEL RUSA 60 ML,11,33.55698316
50123371,ACR POLITEC HOBBY MATE NARA CLARO60 ML,11,33.75522018
50123372,ACR POLITEC HOBBY MAT PIEL LATINA60 ML,11,33.27554777
50123373,ACR POLITEC HOBBY MAT ROJO OXIDO60 ML,11,33.36891797
50123374,ACR POLITEC HOBBY MAT VERDE OBSCURO60 ML,11,33.2633303
50123375,ACR POLITEC HOBBY METALICO ORO 700 60 ML,11,47.57322208
50123376,ACR POLITEC HOBBY METALI PLATA 701 60 ML,11,46.99695614
50123377,ACR POLITEC HOBBY META BLANCO 501 60 ML,11,47.76113556
50123378,ACR POLITEC HOBBY META CAFE 504 60 ML,11,47.4815122
50123379,ACR POLITEC HOBBY METAL ROJO 521 60 ML,11,47.34870642
50123380,ACR POLITEC HOBBY META MORADO 534 60 ML,11,47.22343675
50123381,ACR POLITEC HOBBY META VERDE 533 60 ML,11,47.24752603
50123382,ACR POLITEC HOBBY META NARANJA 508 60 ML,11,47.1356014
50123383,ACR POLITEC HOBBY META AZUL 513 60 ML,11,47.23641176
50123384,ACR POLITEC HOBBY META BRONCE 702 60 ML,11,47.0612815
50123385,ACR POLITEC HOBB NEON AMARILLO 801 60 ML,11,41.48521925
50123386,ACR POLITEC HOBBY NEON AZUL 805 60 ML,11,41.63518975
50123387,ACR POLITEC HOBBY NEON MAGENTA 807 60 ML,11,40.76377247
50123388,ACR POLITEC HOBBY NEON NARANJA 803 60 ML,11,41.19285193
50123389,ACR POLITEC HOBBY NEON ROJO 802 60 ML,11,41.12943119
50123390,ACR POLITEC HOBBY NEON ROSA 806 60 ML,11,41.51056627
50123391,ACR POLITEC HOBBY NEON VERDE 804 60 ML,11,40.9981662
50123392,DILUYENTE PARA ACRILICOS POLITEC 120 ML,11,40.02537235
50123393,MEDIO IRIDISCE PARA ACRIS POLITEC 120 ML,11,76.51102308
50123394,BLOCK POLITEC 280G 20 HOJAS DE 23X30 5CM,11,302.9895849
50123395,JUEGO DE ARTE BASICO PARA ACRILICO15PZ,11,281.3994919
50123396,ESTUCHE CON 12 PINS PARA ACRILICO DE12ML,11,195.6271429
50123397,BLIS OLEO ATL 16 ML AMARILLO MEDIO NO202,11,43.45215686
50123398,BLISTER OLEO ATL 16 ML ROJO ATL NO 208,11,43.45215493
50123399,BLIS OLEO ATL 16 ML AZUL CERULEO NO 219,11,43.46782759
50123400,BLIS OLEO ATL 16 ML AZUL ULTRAMAR NO 222,11,43.44989362
50123401,BLIST OLEO ATL 16 ML NEGRO MARFIL NO 225,11,43.45915
50123402,BLI OLEO ATL 16 ML SOMBRA TOSTADA NO 229,11,43.45361272
50123403,BLI OLEO ATL 16 ML OCRE AMARILLO NO 233,11,43.45240909
50123404,BLI OLEO ATL 16 ML BLANCO DE ZINC NO 235,11,43.45594796
50123405,BLIS OLEO ATL 16 ML BLANCO DE TIT NO 236,11,43.46164719
50123406,BLISTER OLEO ATL 16 ML ROSA FLUOR NO 6,11,43.44981818
50123407,BLIS OLEO ATL 16 ML AMARILLO CLARO NO201,11,43.44926752
50123408,BLISTER OLEO ATL 16 ML LACA NARAN NO205,11,43.449
50123409,BLISTER OLEO ATL 16 ML CARMIN NO 209,11,43.44947191
50123410,BLISTER OLEO ATL 16 ML VERDE HOJA NO 214,11,43.45438462
50123411,BLISTER OLEO ATL 16 ML AZUL PRUSIA NO223,11,43.45223077
50123412,BLISTER OLEO ATL 16 ML VIOLETA NO 224,11,43.44954545
50123413,BLISTEROLEO ATL 16 MLSIENA NATURAL NO232,11,43.45583432
50123414,BLISTER OLEO ATL 16ML TINTA CARNE NO234,11,43.44944681
50123415,BLISTER OLEO ATL 16ML AMARILLO FLUOR NO1,11,43.45096875
50123416,BLISTER OLEO ATL 16 ROJO FLUOR NO 2,11,43.45038843
50123417,BLISTER OLEO ATL 16 ML NARANJA FLUOR NO3,11,43.4518
50123418,BLISTER OLEO ATL 16 ML MAGENTA FLUOR NO4,11,43.449875
50123419,BLISTER OLEO ATL 16 ML VERDE FLUOR NO 5,11,43.44958879
50123420,BLISTER OLEO ATL 16 ML AZUL FLUOR NO 7,11,43.45113281
50123421,ESTUCHE CON 12 PINTURAS PARA OLEO DE 12M,11,192.1424686
50123422,ESTUCHE ACUARELA C 24 PASTIL Y PINC G100,11,488.3938109
50123423,JUEGO DE ARTE BASICO PARA ACUARE C 15 PZ,11,281.3994337
50123424,ARTE PARA ACUARELA 12LAPICES6PASTILLAS,11,303.0718037
50123425,ESTUCHE CON 12 PINTS PARA ACUAR DE 12ML,11,191.8735107
50123426,JGO 3 PINCELES DE AGUA ATL,11,313.9492941
50123427,SET DE SKETCH C 3 ESTILOGRAFOS PIGMA,11,281.3996216
50123428,SET DE ARQUITECTURA C 3 ESTILO PIGMA,11,259.602
50123429,SET BASICO C 3 ESTILOGRAFOS PIGMA,11,237.8358828
50123430,ESTILOGRAFOS PIGMA GELL ROLLBLANCO,11,204.8002552
50123431,SET DUO DE PLUMAS GELLYROLL BLANCONEGRO,11,74.96189685
50123432,CAJA RODART C 36 LAPIZ,11,270.5002398
50123433,CAJA RODART C 12 LAPICES ACUARELABLES,11,85.84776667
50123434,CAJA RODART C 24 LAPICES ACUARELABLES,11,172.7248413
50123435,JUEGO DE ARTE PARA BOSQUEJAR C 14 PZ,11,324.8482653
50123436,PASTA FRANCESA 1 KG PORCELANA FLEX,11,245.5300631
50123437,MARCADOR POLITE1A  BLANCO DE TITA 301 4M,11,118.398
50123438,MARCADOR POLITEC A NEGRO INTENSO 302 4MM,11,118.398
50123439,BLISTER C 1 MARCADOR POLA  ORO 700 4MM,11,118.398
50123440,BLISTER C 1 MARCADOR POLIA  PLATA 701 4M,11,118.398
50123441,HOBBY TELA BLANCO DE TITAN 30 ML NO 1301,11,21.4135938
50123442,HOBBY TELA NEGRO INTENSO 30 ML NO 1302,11,21.34104439
50123443,HOBBY TELA VERDE CLARO 30 ML NO 1312,11,21.23788941
50123444,HOBBY TELA AZUL CELESTE 30 ML NO 1313,11,21.26421277
50123445,HOBBY TELA ROJO 30 ML NO 1314,11,21.19979559
50123446,HOBBY TELA AZUL PASTEL 30 ML NO 1316,11,21.21691813
50123447,HOBBY TELA AMARILLO MEDIO 30 ML NO 1318,11,21.25381092
50123448,HOBBY TELA MORADO 30 ML NO 1334,11,21.13232064
50123449,HOBBY TELA SOMBRA CAFE 30 ML NO 1304,11,21.09037696
50123450,HOBBY TELA LIMON HANZA 30 ML NO 1307,11,21.21487786
50123451,HOBBY TELA NARANJA 30 ML NO 1308,11,21.09980738
50123452,HOBBY TELA ROJO TOLUIDINA 30 ML NO 1309,11,21.15130599
50123453,HOBBY TELA AZUL COBALTO 30 ML NO 1310,11,21.13449197
50123454,HOBBY TELA VIOLETA CLARO 30 ML NO 1311,11,21.16404484
50123455,HOBBY TELA AZUL LTRAMAR 30 ML NO 1315,11,21.10325983
50123456,HOBBY TELA GRIS 30 ML NO 1317,11,21.09665462
50123457,HOBBY TELA CARMIN 30 ML NO 1319,11,21.19876216
50123458,HOBBY TELA ROSA PASTEL 30 ML NO 1326,11,21.14829491
50123459,HOBBY TELA ROSA MEXICANO 30 ML NO 1337,11,21.22741827
50123460,LIBRETA RODART ESPIRAL PASTA DURA 100 HJ,11,150.948249
50123461,LIBRETA RODART PASTA DURA 100 HJ LPD A5,11,150.9486126
50123462,BLOCK MULTIMARCADOR RODIN 15HJ 21 5X28,11,184.1206244
50123463,SKETCHBOOK 80 HJS 140GR 13X21CM 9314002M,11,455.112
50123464,SKETCHBOOK 80 HJS 140GR 9X14CM 9314001M,11,259.602
50123465,LIBRETA RODART PAS DURA 100 HJ A4,11,260.1657212
50123466,LIBRETA RODAR PAS DURA ESPIRAL 100 HJ A4,11,260.1646539
50123467,BLOCK OLEO ATL 23X30.5 CM 15 HJS.,11,339.3243147
50123468,PINCEL SINT RODART MIXTO 3 PZ DORADO 889,11,67.85082759
50123469,PINCEL SINT DORADO RODART MIXTO 10 PZ,11,193.5991672
50123470,PINCEL SINT DORADO RODART MIXTO 5 PZ,11,116.424
50123471,PINCEL Y ESPATULA RODART TODA 25 PZ,11,340.5991719
50123472,PINCEL PELO CAMELLO RODART MIXTO 12 PZ,11,159.2008066
50123504,PINTURAS EN BARRA CRAYOLA 6 PZS,11,172.9658626
50123510,COLOR PETS CASA DEL ARBOL CRAYOLA,11,721.665
50123511,COLOR PETS BOLSA CRAYOLA,11,159.6963231
50123512,PERLITAS MAGICAS FASHION ANGELS,11,336.546
50123513,KIT BRAZALETES FASHION ANGELS,11,336.546
50123514,KIT JOYERIA DE LETRAS FASHION ANGELS,11,364.434
50123901,STICKER VALUE APRICOT SAGE 30 HJS,11,410.676
50123902,STICKER VALUE PASTIMES 30 HJS,11,410.676
50123903,STICKER VALUE SUNNY RISOGRAPH 30 HJ,11,410.676
50123904,STICKER VALUE TAKE CARE OF YOU 30 HJ,11,410.676
50123905,STICKER VALUE PACK TINY FLORALS 30 HJ,11,410.676
50123906,STICKER VALUE PACK THP SUPERBLOOM 30 HJ,11,410.676
50123907,STICKER VALUE MODERN FARMHOUSE 30 HJ,11,410.676
50123908,STICKER VALUE WOODLAND CHRISTMAS 30 HJ,11,410.676
50124821,PORTAFOLIO PREMIUM UNICORNS AND RAINBOWS,11,867.888
50124822,PORTAFOLIO PREMIUM BARBIE,11,867.888
50124823,SELLOS AUTOENTINTABLES FROZEN,11,20.643
50124824,SELLOS AUTOENTINTABLES ONIX,11,20.643
50124828,SELLOS AUTOENTINTABLES SPIDER MAN,11,20.643
50124889,ROMPECABEZAS CUERPO HUMANO,11,332.514
50124890,ROMPECABEZAS MAGNETICO SHAPES,11,332.514
50124891,ROMPECABEZAS CIRCULAR MAPAMUNDI,11,355.551
50124892,ROMPECABEZAS THE DARK DINOSAURIOS,11,358.6521429
50124893,ROMPECABEZAS DINOSAURIOS,11,189
50124894,ROMPECABEZAS DISNEY PRINCESS,11,189
50124895,ROMPECABEZAS SIRENAS,11,189
50124896,ROMPECABEZAS FROZEN 2,11,252
50124897,ROMPECABEZAS MINECRAFT,11,252
50124898,JUEGO MEMORY FROZEN,11,426.5896552
50124899,JUEGO MEMORY SPORTS DINOSAURIOS,11,420.203787
50124900,ROMPECABEZAS 3D LA TORRE EIFFEL,11,468.3
50124901,ROMPECABEZAS 3D GLOBO TERRAQUEO,11,758.1
50124902,ROMPECABEZAS HARRY POTTER,11,340.2
50124903,ROMPECABEZAS DISNEY PERSONAJES,11,340.2
50124904,ROMPECABEZAS SISTEMA SOLAR,11,340.2
50124905,ROMPECABEZAS LAGO COMO ITALIA,11,340.2
50124906,ROMPECABEZAS DISNEY MICKEY RETRO,11,468.3
50124907,ROMPECABEZAS COLISEO ROMANO,11,468.3
50124908,ROMPECABEZAS LONDRES,11,468.3
50124909,ROMPECABEZAS HARRY POTTER VOLDEMORT,11,468.3
50125101,8 PZ DE ACRILICO POLITEC 30ML BASICO,11,177.723
50125102,8 PZ DE ACRILICO POLITEC 30ML PASTEL,11,177.7070174
50125103,8 PZ DE ACRILICO POLITEC 30ML NEON,11,177.6915193
50125104,8 PZ DE ACRILICO POLITEC 30ML METALICO,11,177.6915985
50125110,BOLSA DE REGALO GDE COPOS NAVIDENOS,11,70.98
50125111,BOLSA KRAFT ROJA MED,11,26.88
50125133,TATUAJES TEMPORALES EXPLORADOR ESPACIO,11,189
50125134,TATUAJES TEMPORALES COSAS BONITAS,11,189
50125135,TATUAJES TEMPORALES SIRENAS MAGICAS,11,189
50125140,BARRA DE PINTURA CLASICA CHUNKIES 6 PZ,11,199.5
50125141,ACUARELAS 36 PZAS,11,279.3
50125234,SET PINCELES 4 PZAS STUK,11,47.21223745
50125235,TABLERO DE CORCHO 40X60 CM STUK,11,253.05
50125239,ROTULADOR 0.8 MM 2 PZAS OMX,11,30.3824525
50125252,REGLA FLEXIBLE OMX 20 CM,11,7.938
50125257,SET ESPATULAS STUK DIFERENTES MODELOS,11,30.76174825
50125258,SET PINCELES STUK 5PZAS,11,48.02050741
50125261,PIZARRON CON HOJA MAGNETICA STUK,11,144.540084
50125263,SET PINCELES 25 PZAS STUK,11,134.7231536
50125264,SET PINCELES 6 PZAS STUK,11,76.30251662
50125350,SET MANUALIDADES XIAMGFENG,11,110.6258225
50125386,STICKERS BLACK BROCADE,11,116.487
50125387,STICKERS ADULTING,11,198.87
50125388,STICKERS BIRTHDAY GLITTER,11,116.487
50125389,STICKER SING DANCE,11,116.487
50125390,STICKER GUITAR NOTES,11,81.186
50125646,BOLSA DE REGALO DS NICO,11,23.562
50125648,BOLSA DE REGALO KS NICO,11,38.073
50125649,BOLSA DE REGALO LS NICO,11,49.644
50125650,BOLSA DE REGALO MS NICO,11,43.281
50125651,BOLSA DE REGALO NS NICO,11,21.441
50125653,BOLSA DE REGALO SS NICO,11,29.085
50125654,BOLSA DE REGALO SSK NICO,11,25.662
50125656,BOLSA DE REGALO VS NICO,11,28.728
50125657,BOLSA DE REGALO YS NICO,11,30.114
50125658,BOLSA DE REGALO WS NICO,11,41.076
50125662,MONO DE TK004 CHICO NICO,11,25.053
50125663,MONO DE TK005 CHICO NICO,11,25.053
50125664,MONO DE M2TK001 GRANDE NICO,11,27.867
50125702,STICKER NOTES GREEN ARROW,11,116.487
50125703,STICKER I HEART MY DAD,11,81.186
50125704,STICKER I LOVE MY MOM,11,116.487
50125705,STICKERS DOODLES EAT CAKE,11,116.487
50125706,STICKERS BIRDS AND FRIENDS,11,116.487
50125707,STICKER HP I HEART MY FAMILY,11,81.186
50125708,STICKER HAPPY PLANNER SOCCER,11,81.186
50125709,STICKERS HP GLITTER HEARTS,11,116.487
50125710,STICKERS PRESCHOOL LOOK AT ME,11,116.487
50125778,REGLA FLEXIBLE 20CM OFFICEMAX,11,22.49988802
50125807,STICKER HAPPY PLANNER ALPHA,11,175.329
50125808,STICKERS HAPPY PLANNER CARITAS SONRI,11,175.329
50125809,STICKERS HAPPY PLANNER BFF,11,116.487
50125810,STICKERS HAPPY PLANNER TEACHER,11,116.487
50125811,STICKERS HAPPY PLANNER BEBIDAS DE COCTEL,11,116.487
50125812,STICKERS HAPPY PLANNER FAMILY LOVE,11,198.87
50125813,STICKERS HAPPY PLANNER ALBUM RECOR COLOR,11,116.487
50125814,STICKERS HAPPY PLANNER VERANO TROPICAL,11,116.487
50125851,BOLSA REGALO CHICA MAD24,11,19.95
50125852,BOLSA REGALO GRANDE MAD24,11,25.2
50125853,BOLSA REGALO MEDIANA MD24,11,19.95
50125854,BOLSA REGALO BARNIZ CHICA MAD24,11,14.7
50125855,BOLSA REGALO BOND CON FOIL MED MAD24,11,22.05
50125856,BOLSA REGALO KRAFTI CON FOIL GRAN MAD24,11,30.45
50125857,BOLSA REGALO KRAFTI CON FOIL MED MAD24,11,22.05
50125877,TAPETE DE YOGA KIUT,11,773.514
50125885,STICKERS BOOK KIUT,11,315.5210471
50125942,SET DE LAPICES MARINO 6 PZAS,11,315.504
50125943,SET DE LAPICES SKETCHING 7 PZAS,11,315.504
50125944,SET DE LAPICES FINE ART PASTEL 7 PZAS,11,315.504
50125945,PASTA FRANCESA 500G,11,138.1918989
50125946,PINT ACRIL INDARTSTUDI 100ML AZUL COBAL,11,94.5
50125947,PINT ACRIL INDARTSTUDI 100ML AZUL MAR,11,89.82641818
50125948,PINT ACRIL INDARTSTUDI 100ML AMAR CRO ME,11,94.5
50125949,PINT ACRIL INDARTSTUDI 100ML AZUL CERU,11,89.8369322
50125950,PINT ACRIL INDARTSTUDI 100ML AMAR CADMIO,11,94.5
50125951,PINT ACRIL INDARTSTUDI 100ML GRIS AZULA,11,94.5
50125952,PINT ACRIL INDARTSTUDI 100ML BLANCO ZINC,11,94.46873449
50125953,PINT ACRIL INDARTSTUDI 100ML VERDE CLARO,11,89.49178
50125954,PINT ACRIL INDARTSTUDI 100ML ROJO CA OBS,11,94.5
50125955,PINT ACRIL INDARTSTUDI 100ML AZUL PRUSIA,11,94.5
50125956,CABALLETE ATRIL 30 CM ARTRIL,11,209.664
50125957,KIT POURING O RESINA 15PZAS,11,147.042
50125958,POLVOS GLITTER VERDE PURO,11,79.8
50125959,POLVOS GLITTER AZUL REY,11,79.8
50125960,POLVOS GLITTER DORADO,11,79.8
50125961,POLVOS GLITTER PLATA,11,79.8
50125962,POLVOS GLITTER BRONCE,11,79.8
50125963,POLVOS GLITTER FUCSIA,11,79.8
50125964,ACRILICO ANARANJADO 30ML,11,34.7004
50125965,ACRILICO CREMA 30ML,11,34.70642945
50125966,ACRILICO CARNE 30ML,11,34.73238462
50125967,ACRILICO AZUL ULTRAMAR 30ML,11,34.69740594
50125968,ACRILICO VERDE BRILLANTE 30ML,11,34.76155414
50125969,ACRILICO GRIS 30ML,11,34.776
50125970,ACRILICO AZUL OCEANO 30ML,11,34.70350685
50125971,ACRILICO MARRON 30ML,11,34.728
50125972,ACRILICO ROSA MEDIO 30ML,11,34.67444776
50125973,ACRILICO PURPURA 30ML,11,34.776
50125974,ACRILICO FLOU NARANJA  30ML,11,38.682
50125975,ACRILICO FLOU ROJO 30ML,11,38.682
50125976,MODELADORES DE PLAST 7 PZAS,11,82.11
50125977,RODILLO DE PLASTICO,11,36.75
50125978,ALAMBRE DE ACERO BOLSA 3M,11,25.2
50125979,LIENZO P COLOR ROEL MANDALA PAVO REAL,11,163.8
50125980,LIENZO P COLOR ROEL MANDALA LUNA,11,163.8
50125981,LIENZO P COLOR ROEL MANDALA BALLENA,11,152.4829091
50125982,LIENZO P COLOR ROEL MANDALA PEZ KOI,11,163.8
50125983,LIENZO P COLOR ROEL MANDALA AJOLOTE,11,153.0906291
50125984,LIENZO P COLOR ROEL MANDALA LEON,11,152.6727689
50125985,LIENZO P COLOR ROEL MANDALA TORTUGA,11,152.3322724
50125986,LIENZO P COLOR ROEL MANDALA 26,11,163.8
50125987,LIENZO P COLOR ROEL MANDALA FLORES,11,163.8
50125988,ALBUM INDART PRISMA GRISES A4,11,390.348
50125989,ALBUM INDART PRISMA SEPIAS A4,11,390.348
50126040,REGLA PIXEL PARTY TWISTNFLEX 30CM,11,38.808
50126055,LAMINAS METALIZADAS - BARBIE,11,195.678
50126056,SCRATCHING STICKER - BARBIE,11,195.678
50126057,CREATIV PHOTO MOSAICS BARBIE,11,295.785
50126058,IMAGINSTYLE BRACELETS BARBIE,11,342.489
50126059,CAJITA SCRAPBOOKING-BARBIE,11,639.03
50126060,BOARD ACTIVITIES-LUMI BOARD BARBIE,11,1600.83
50126061,CREATIV TABLERO MGICO 12 INCH,11,468.216
50126062,SET ROMPECABEZAS DINOSAURIOS,11,404.7986705
50126063,ROMPECABEZAS-CIUDAD 36 PZAS,11,543.8246261
50126064,ROMPEZABEZAS A DOS CARAS PLANETA AZUL,11,398.0661563
50126065,LABERINTO MAGNETICO - COLMENA,11,430.2114322
50126066,MAGNETILIBROS APRENDO LA HORA,11,398.7949512
50126067,MAGNETILIBROS DINOSAURIOS,11,400.4244159
50126068,MAGNETILIBROS NINOS CARAS LOCAS,11,398.6156165
50126069,MAGNETILIBROS NINAS CARAS LOCAS,11,390.4017419
50126070,SARDINA JUEGO DE PESCA CON CANA,11,326.5598126
50126071,GRANJA - CUENTAS PARA ENHEBRAR,11,294.0772286
50126072,ROMPECABEZAS ABECEDARIO-SWEET COCOON,11,582.6250742
50126073,IMANES EN 12 IDIOMAS - CUERPO HUMANO,11,746.5298596
50126074,SET DE ESCRITURA ONIX,11,336
50126075,SET DE ESCRITURA DISNEY 100,11,336
50126076,ACTIV AND ADVENT UNICORNS AND RAINBWOS,11,462
50126077,ACTIVITY AND ADVENTURES HELLO KITTY,11,462
50126078,SET FANTASTICO PRINCESAS,11,215.2605482
50126079,ART SET SONIC,11,268.8
50126080,MUNDO DE ARTE Y ACTIVIDADES STITCH,11,650.643
50126081,SET FANTASTICO CARS,11,214.2
50126082,ART SET PAW PATROL,11,273.5058098
50126083,ART SET HELLO KITTY,11,268.8
50126176,PINTURA ACRIL INDAR 100ML BLANCO TITANIO,11,94.5
50126177,PINTURA ACRIL INDAR 100ML AMARILLO C,11,94.5
50126178,PINTURA ACRIL 100ML ROJO CADMIO CLARO,11,94.5
50126179,PINTURA ACRIL INDAR 100ML MAGENTA,11,94.5
50126180,PINTURA ACRIL INDAR 100ML VIOLETA OS,11,94.5
50126181,PINTURA ACRIL INDAR 100ML VERDE VIRI,11,94.5
50126182,PINTURA ACRIL INDAR 100ML SIENA NATU,11,94.5
50126183,PINTURA ACRIL INDAR 100ML CAFE CLARO,11,94.5
50126184,PINTURA ACRIL INDAR 100ML SOMBRA QUE,11,94.5
50126185,PINTURA ACRIL INDAR 100ML NEGRO MARF,11,94.5
50126186,PINTURA ACRIL INDAR 100ML ROSA FLUO,11,94.5
50126187,PINTURA ACRIL INDAR 100ML AMARILLO F,11,94.5
50126188,PINTURA ACRIL INDAR 100ML VERDE FLUO,11,94.5
50126189,PINTURA ACRIL INDAR 100ML DORADO SOLAR,11,102.1797388
50126190,PINTURA ACRIL INDAR 100ML PLATA,11,101.1886842
50126191,ACUARELA LIQUIDA ITALIANA 30ML ROJO,11,69.3
50126192,ACUARELA LIQUIDA ITALIANA 30ML PURPURA,11,69.3
50126193,ACUARELA LIQUIDA ITALIANA 30ML LILA,11,69.3
50126194,ACUARELA LIQUIDA ITALIANA 30ML AZUL,11,69.3
50126195,ACUARELA LIQUIDA 30ML VERDE ESMERALDA,11,69.3
50126196,ACUARELA LIQUIDA 30ML SIENA TOSTADA,11,69.3
50126197,ACUARELA LIQUIDA ITALIANA 30ML AMARILLO,11,69.3
50126198,ACUARELA LIQUIDA ITALIANA 30ML TURQUESA,11,69.3
50126199,ACUARELA LIQUIDA 30ML MAGENTA CLARO,11,69.3
50126200,ACUARELA LIQUIDA 30ML AMARILLO OCRE,11,69.3
50126201,ACUARELA LIQUIDA 30ML VERDE LIMON,11,69.3
50126202,ACUARELA ARTESANAL MET TONOS FRIOS,11,390.6
50126203,ACUARELA ARTESANAL MET TONOS CALIDOS,11,390.6
50126204,ACRILICO PROF 100ML BCO.DE TITANIO,11,61.74
50126206,ACRILICO PROF 100ML NEGRO MARFIL,11,61.74
50126207,ACRILICO PROF 100ML AZUL ULTRAMAR,11,61.74
50126208,ACRILICO PROF 100ML RJO BERMELLON HANSA,11,82.656
50126209,ACRILICO PROF 100ML AZUL DE PRUSIA OXIDO,11,61.74
50126210,ACRILICO PROF 100ML AMARILLO OCRE OXIDO,11,61.74
50126211,ACRILICO PROF 100ML AZUL CERULEO,11,61.74
50126213,ACRILICO PROF 100ML AMARILLO OBSC OXIDO,11,82.656
50126214,ACRILICO PROF 100ML TIERA SIENA QUEM,11,72.828
50126215,ACRILICO PROF 100ML RJO OBSC CADMIO,11,101.43
50126216,ACRILICO PROF 100ML AZUL VIOLETA MEDIO,11,127.89
50126219,ACRILICO PROF 100ML AMA OBSC PERMANENTE,11,82.656
50126220,ACRILICO PROF 100ML RJO OBSC PERMANENTE,11,101.43
50126221,BASTIDOR PROF. GALERIA 2 CARAS 40X50,11,455.742
50126222,BASTIDOR PROF. GALERIA 2 CARAS 50X60,11,545.958
50126223,BASTIDOR PROF. GALERIA 2 CARAS 40X60,11,497.7
50126224,BASTIDOR PROFESIONAL TD 2 CARAS 35X45,11,239.4
50126225,BASTIDOR PROFESIONAL TD 2 CARAS 45X60,11,354.942
50126226,BASTIDOR PROFESIONAL TD 2 CARAS 50X50,11,346.5
50126227,BASTIDOR BASICO GALERIA 35X45,11,372.708
50126228,BASTIDOR BASICO TB  25X30,11,121.842
50126229,BASTIDOR BASICO TB  45X60,11,300.258
50126230,OLEO 40ML BLANCO DE TITANIO,11,48.258
50126231,OLEO 40ML AMARILO DE CROMO MEDIO,11,48.258
50126232,OLEO 40ML NARANJA DE CROMO,11,48.258
50126233,OLEO 40ML ROJO,11,48.258
50126234,OLEO 40ML MAGENTA,11,48.258
50126235,OLEO 40ML. VIOLETA AZULADO,11,48.258
50126236,OLEO 40ML AZUL CERULEO,11,48.258
50126237,OLEO 40ML AZUL COBALTO,11,48.258
50126238,OLEO 40ML AZUL ULTRAMAR,11,48.258
50126240,OLEO 40ML VERDE HOJA,11,48.258
50126241,OLEO 40ML VERDE ESMERALDA,11,48.258
50126242,OLEO 40ML OCRE,11,48.258
50126243,OLEO 40ML SOMBRA TOSTADA,11,48.258
50126244,OLEO 40ML SIENA NATURAL,11,48.258
50126245,OLEO 40ML SIENA TOSTADA,11,48.258
50126246,OLEO 40ML AMARILLO NAPOLES,11,48.258
50126247,OLEO 40ML NEGRO,11,48.258
50126248,PIGMENTO INDART 30CM3 BLANCO DE TITANIO,11,59.598
50126250,PIGMENTO INDART 30CM3 11 AZUL FTALO,11,59.598
50126251,PIGMENTO INDART 30CM3 AMA DE CROMO OBSC,11,59.598
50126252,PIGMENTO INDART 30CM3 AZUL ULTRA CLARO,11,59.598
50126253,PIGMENTO INDART 30CM3 NEGRO DE HUMO,11,59.598
50126254,PIGMENTO INDART 30CM3 AMA OCRE OXIDO,11,59.598
50126255,PIGMENTO INDART 30CM3 ROJO INDIO OXIDO,11,59.598
50126256,PIGMENTO INDART 30CM3 SOMBRA QUEMADA,11,59.598
50126257,PIGMENTO INDART 30CM3 AMA FLUORESCENTE,11,59.598
50126258,PIGMENTO INDART 30CM3 VERDE FLUORESCENTE,11,59.598
50126259,PIGMENTO INDART 30CM3 ROJO FLUORESCENTE,11,59.598
50126260,PIGMENTO INDART 30CM3 ROSA FLUORESCENTE,11,59.598
50126262,PIGMENTO INDART 30CM3 ROJO MED PERM,11,69.3
50126263,PIGMENTO INDART 30CM3 VERDE FTALO,11,69.3
50126265,PIGMENTO INDART 30CM3 VIOLETA PERMANENTE,11,115.038
50126266,PIGMENTO INDART 30CM3 SOMBRA NATURAL,11,115.038
50126267,PIGMENTO INDART 30CM3 MAGENTA MEDIO,11,115.038
50126268,PIGMENTO INDART 30CM3 VERDE OXIDO CROMO,11,115.038
50126269,PORCELANIZ FCO 125ML,11,48.384
50126270,PAPEL PRISMA 50X70CM 220G/M2 AMA DORADO,11,21.798
50126271,PAPEL PRISMA 50X70CM 220G/M2 AMARILLO,11,21.798
50126272,PAPEL PRISMA 50X70CM 220G/M2 BLANCO,11,18.9
50126273,PAPEL PRISMA 50X70CM 220G/M2 GAMUZA,11,18.9
50126274,PAPEL PRISMA 50X70CM 220G/M2 MARFIL,11,21.798
50126275,PAPEL PRISMA 50X70CM 220G/M2 GRIS,11,21.798
50126276,PAPEL PRISMA 50X70CM 220G/M2 GRIS OBSC,11,27.594
50126277,PAPEL PRISMA 50X70CM 220G/M2 ROJO RUBI,11,21.798
50126278,PAPEL PRISMA 50X70CM 220G/M2 MANDARINA,11,21.798
50126279,PAPEL PRISMA 50X70CM 220G/M2 ROJO ESC,11,21.798
50126280,PAPEL PRISMA 50X70CM 220G/M2 CHOCOLATE,11,21.798
50126281,PAPEL PRISMA 50X70CM 220G/M2 TABACO,11,21.798
50126282,PAPEL PRISMA 50X70CM 220G/M2 CAFE,11,27.594
50126283,PAPEL PRISMA 50X70CM 220G/M2 NEGRO,11,27.594
50126284,PAPEL PRISMA 50X70CM 220G/M2 VERDE PIST,11,21.798
50126285,PAPEL PRISMA 50X70CM 220G/M2 VERDE,11,21.798
50126287,PAPEL PRISMA 50X70CM 220G/M2 AZUL CIELO,11,21.798
50126288,PAPEL PRISMA 50X70CM 220G/M2 VIOLETA,11,21.798
50126289,PAPEL PRISMA 50X70CM 220G/M2 AZUL,11,21.798
50126291,PAPEL PRISMA 50X70CM 220G/M2 AZUL TURQUE,11,21.798
50126292,PAPEL PRISMA 50X70CM 220G/M2 AZUL INDIGO,11,27.594
50126293,PAPEL PRISMA 50X70CM 220G/M2 LILA,11,21.798
50126294,PAPEL PRISMA 50X70CM 220G/M2 SALMON,11,21.798
50126295,PAPEL PRISMA 50X70CM 220G/M2 ROSA,11,21.798
50126296,PAPEL PRISMA 50X70CM 220G/M2 ROSA CICLAM,11,21.798
50126298,LAPICES GRAFITO ACUARELABLES C/6 PZ,11,592.074
50126299,MINA LAPIZ GRAFITO C/GOMA C/7 PZ,11,533.862
50126301,LAPICES DE COLOR KARMINA C/36 PZ,11,1565.802
50126302,LAPICES DE COLOR ACUARELABLE C/12,11,308.448
50126303,LAPICES Y MAT.P/ARTISTA AZTECA C/20 PZ,11,962.514
50126305,PLUMA FUENTE PUNTAS Y TINTA C/7 PZ,11,551.376
50126306,BORRADOR ELECTRICO,11,620.172
50126308,LAPICES ARTIST STUDIO C/11 PZ,11,352.422
50126311,GOMA MONOLITH DE CAUCHO,11,50.4
50126315,LAPICES GRAD FINE ART B,11,35.658
50126316,LAPICES GRAD FINE ART F,11,35.658
50126317,LAPICES GRAD FINE ART H,11,35.658
50126319,LAPICES GRAD FINE ART 2H,11,35.658
50126320,LAPICES GRAD FINE ART 3B,11,35.658
50126321,LAPICES GRAD FINE ART 3H,11,35.658
50126322,LAPICES GRAD FINE ART 4B,11,35.658
50126323,LAPICES GRAD FINE ART 4H,11,35.658
50126324,LAPICES GRAD FINE ART 5B,11,35.658
50126326,LAPICES GRAD FINE ART 6B,11,35.658
50126327,LAPICES GRAD FINE ART 6H,11,35.658
50126329,LAPICES GRAD FINE ART 7H,11,35.658
50126330,LAPICES GRAD FINE ART 8B,11,35.658
50126332,LAPICES GRAD FINE ART 9B,11,35.658
50126333,LAPICES GRAD FINE ART 9H,11,35.658
50126334,LAPICES GRAD FINE ART HB,11,35.658
50126338,LAPICES ACUARELABLES MARINO 111,11,45.99
50126339,LAPICES ACUARELABLES MARINO 115,11,45.99
50126343,LAPICES ACUARELABLES MARINO 134,11,45.99
50126345,LAPICES ACUARELABLES MARINO 161,11,45.99
50126351,LAPICES ACUARELABLES MARINO 216,11,45.99
50126353,LAPICES PASTEL FINE ART  102,11,42.21
50126354,LAPICES PASTEL FINE ART  107,11,42.21
50126359,LAPICES PASTEL FINE ART  131,11,42.21
50126360,LAPICES PASTEL FINE ART  139,11,42.21
50126365,LAPICES PASTEL FINE ART  202,11,42.21
50126369,LAPICES PASTEL FINE ART  220,11,42.21
50126370,LAPICES PASTEL FINE ART  250,11,42.21
50127096,ROMPECABEZAS DREAM BIG! 300 PZAS,11,331.45
50127097,ROMPECABEZAS VILLAINOUS 1000 PZAS,11,437.8636957
50127098,ROMPECABEZAS RAVENSBURGER TOY STORY 4,11,252
50127099,ROMPECABEZAS HARRY POTTER 1000 PZAS,11,460.9056338
50127100,ROMPECABEZAS SELFIE DE PERROS 300 PZAS,11,340.2
50127101,ROMPECABEZAS DINOSAURIOS EN EL ESPACIO,11,252
50127102,ROMPECABEZAS FROZEN 2 200 PZAS,11,305.8704783
50127103,ROMPECABEZAS ANIMALES ATARDECER 300 PZAS,11,340.2
50127104,ROMPECABEZAS SISTEMA SOLAR 300 PZAS,11,340.2
50127105,ROMPECABEZAS VILLAINOUS CAPT GARFIO,11,468.3
50127106,ROMPECABEZAS ANIMALES MUNDO 300 PZAS,11,337.4
50127107,ROMPECABEZAS 3D RAVENSBURGER EL BIG BEN,11,468.3
50127108,ROMPECABEZAS RAVENSBURGER FRIDA 300 PZAS,11,204.4812857
50127109,ROMPECABEZAS VAN GOGH NOCHE ESTRELLADA,11,468.3
50127110,ROMPECABEZAS UNICORNIOS 300 PZAS,11,318.5659615
50127118,LAPICES GRAFITO ARTIST STUDIO,11,256.41
50127162,PAQUETE DE ACCESORIOS CLASICOS CATS,11,410.676
50127163,PAQUETE DE ACCESORIOS CLASICOS DOGS,11,410.676
50127165,STICKERS DE 30 HOJAS PUPS,11,410.676
50127166,STICKERS DE 30 HOJAS CATS,11,410.676
50127167,STICKERS DE 30 HOJAS SEASONAL,11,410.676
50127168,STICKERS DE 30 HOJAS GRACE,11,410.676
50127169,STICKERS DE 30 HOJAS MAIL CALL,11,410.676
50127287,JUEGO GEOMETRIA MAIZ 6P BLISTER,11,101.4472265
50127690,BATA PREESCOLAR NORMA (G),11,259.917
50127691,BATA PREESCOLAR NORMA (M),11,259.917
50127692,BATA PREESCOLAR NORMA (CH),11,259.917
50127747,COLORES PASTELES ACUARELABLES PENTEL ART,11,398.811
50128007,PINCEL RECORTADO CERDA NAT S-600-0,11,24.003
50128008,PINCEL RECORTADO CERDA NAT S-600-2,11,24.864
50128009,PINCEL RECORTADO CERDA NAT S-600-4,11,27.783
50128010,PINCEL RECORTADO CERDA NAT S-600-6,11,28.308
50128011,PINCEL RECORTADO CERDA NAT S-600-8,11,31.206
50128012,PINCEL RECORTADO CERDA NAT S-600-10,11,36.015
50128013,PINCEL RECORTADO CERDA NAT S-600-12,11,38.409
50128014,PINCEL PLANO CERDA NAT S-610-6,11,11.844
50128015,PINCEL PLANO CERDA NAT S-610-8,11,15.771
50128016,PINCEL PLANO CERDA NAT S-610-10,11,20.244
50128017,PINCEL PLANO CERDA NAT S-610-12,11,24.36
50128018,PINCEL PLANO CERDA NAT S-610-14,11,28.644
50128019,PINCEL PLANO CERDA NAT S-610-16,11,32.592
50128020,PINCEL PLANO CERDA NAT S-610-18,11,36.876
50128021,PINCEL PLANO CERDA NAT S-610-20,11,45.444
50128022,PINCEL LENGUA DE GATO SINT ESP S-520-6,11,38.766
50128023,PINCEL LENGUA DE GATO SINT ESP S-520-8,11,44.247
50128024,PINCEL LENGUA DE GATO SINT ESP S-520-10,11,52.647
50128025,PINCEL LINER CORTO SINTETICO S-760-0,11,32.928
50128026,PINCEL LINER CORTO SINTETICO S-760-00,11,32.928
50128027,PINCEL LINER CORTO SINTETICO S-760-000,11,32.928
50128028,PINCEL LINER CORTO SINTETICO S-750-0,11,33.264
50128029,PINCEL LINER CORTO SINTETICO S-750-00,11,33.264
50128030,PINCEL LINER CORTO SINTETICO S-750-000,11,33.264
50128031,PINCEL LINER CORTO SINTETICO S-750-2,11,38.766
50128032,PINCEL PLANO SINTETICO S-710-4,11,21.777
50128033,PINCEL PLANO SINTETICO S-710-6,11,24.36
50128034,PINCEL PLANO SINTETICO S-710-8,11,27.279
50128035,PINCEL PLANO SINTETICO S-710-10,11,30.87
50128036,PINCEL PLANO SINTETICO S-710-12,11,36.015
50128037,PINCEL PLANO SINTETICO S-710-14,11,41.496
50128038,PINCEL PLANO SINTETICO S-710-16,11,54.537
50128039,PINCEL LENGUA DE GATO SINTETICO S-720-6,11,44.247
50128040,PINCEL LENGUA DE GATO SINTETICO S-720-8,11,55.902
50128041,PINCEL LENGUA DE GATO SINTETICO S-720-10,11,69.279
50128042,BROCHA ARTIST STUDIO  SINTETICO S-780-1,11,85.239
50128043,BROCHA ARTIST STUDIO  SINTETICO S-780-2,11,131.544
50128044,PINCEL LINER LARGO PELO NAT S-850-0,11,96.222
50128045,PINCEL LINER LARGO PELO NAT S-850-00,11,69.279
50128046,PINCEL PLANO PELO NATURAL S-810-0,11,25.221
50128047,PINCEL PLANO PELO NATURAL S-810-2,11,29.337
50128048,PINCEL PLANO PELO NATURAL S-810-4,11,40.299
50128049,PINCEL PLANO PELO NATURAL S-810-6,11,55.566
50128050,PINCEL PLANO PELO NATURAL S-810-8,11,70.833
50128051,PINCEL PLANO PELO NATURAL S-810-10,11,86.268
50128052,PINCEL PLANO PELO NATURAL S-810-12,11,101.367
50128053,PINCEL PLANO PELO NATURAL S-810-14,11,116.613
50128054,PINCEL PLANO PELO NATURAL S-810-16,11,135.66
50128055,SET DE PINCELES BASICO SINTETICO NO.701,11,84.546
50128056,SET DE PINCELES MINIATURA SINT NO.702,11,153.321
50128057,SET DE PINCELES PLANO SINTETICO NO.703,11,298.41
50128058,SET DE PINCELES STUDIO ANGULAR NO.704,11,260.001
50128059,ETIQUETA ESCOLAR MINICRAFT 20 PZAS,11,27.342
50128060,ETIQUETA ESCOLAR  KITTY&FRIENDS 20PZAS,11,27.342
50128061,ETIQUETA ESCOLAR NARUTO 20 PZAS,11,27.342
50128062,ETIQUETA ESCOLAR BELI Y BETO 20 PZAS,11,27.342
50128063,ETIQUETA ESCOLAR STITCH 20 PZAS,11,27.342
50128064,ETIQUETA ESCOLAR MI VILLANO 4 20 PZAS,11,27.342
50128065,ETIQUETA ESCOLAR BARBIE 20 PZAS,11,27.342
50128066,BLOCK DE STICKER MI VILLANO FAVORITO 4,11,29.4
50128067,BLOCK DE STICKER  MINECRAFT,11,30.49125104
50128068,BLOCK DE STICKER LICENCIA  STITCH,11,30.52897949
50128069,BLOCK DE STICKER INTENSAMENTE,11,29.4
50128070,BLOCK DE STICKER BARBIE,11,29.4
50128071,BLOCK DE STICKER  BELI Y BETO,11,29.4
50128072,BLOCK DE STICKER KITTY AND FRIENDS,11,30.08928254
50128073,KIT EN BLISTER 4 MINIPOSTER DIDACTICO,11,46.2
50128109,PINTURA TEMPERA SOLIDA METALICA,11,124.215
50128110,PINTURA TEMPERA SOLIDA PASTEL,11,124.215
50128111,JUEGO DE 3 PINCELES PARA NINOS,11,109.8815455
50128112,MOLDE FLEXIBLE DE SILICON LETRAS,11,52.164
50128113,MOLDE FLEXIBLE DE SILICON ANIMALES,11,52.164
50128114,PIEDRAS CON ADHESIVO CORAZON,11,22.59503752
50128115,PIEDRAS CON ADHESIVO DIAMANTE,11,22.5820972
50128116,PIEDRAS CON ADHESIVO FLOR,11,22.58292706
50128117,CONFETI DE FIGURAS DIVERSAS 28 G,11,27.321
50128251,ACUARELAS VINCI MINI 23 MM 13 PZAS,11,66.675
50128256,CASCABELES SURTIDOS 30 PZAS,11,35.7
50128257,CUENTAS SURTIDAS 30G,11,36.37836271
50128286,SET FANTASTICO DISNEY 100,11,214.2
50128287,ART SET ONIX,11,269.5567654
50128288,ART SET FROZEN,11,269.7912353
50128289,JOURNALING SET HELLO KITTY,11,630
50128290,JOURNALING SET STITCH,11,630
50128291,SET FANTASTICO KUROMI,11,220.622899
50128292,SET FANTASTICO MY MELODY,11,218.146285
50128364,JUEGO DE GEOMETRIA FLEXI-OH 20 CM,11,63.29363439
50128366,PINTURAS TEMPERA CRAYOLA 6 PZAS 59 ML,11,133.4796804
50128379,SET COLORES PASTEL INDART 4PZAS,11,379.1958333
50128380,SET COLORES METALICOS INDART 4PZAS,11,472.5
50128381,SET COLORES FLUORESCENTE INDART 4PZAS,11,378
50128494,REGLA ALUMINIO 30CM OFICINA BLISTER,11,79.275
50128530,ROLLO FELICIDADES CON 4 PLIEGOS,11,55.02
50128665,PORTAFOLIO GRANDE NEGRO,11,237.9571234
50128666,PORTAFOLIO MEDIANO NEGRO,11,210.5996395
50128719,REGLA ALUMINIO 30CM OFICINA DIETRIX,11,27.18762762
50128722,ROMPECABEZAS 3D GLOBO 540PZAS,11,1064.969753
50128723,PROTECTOR PARA ROMPECABEZAS RAVENSBURGER,11,313.32
50128725,JUEGO DE MEMORAMA MY FIRST MEMORY,11,300.3807692
50128735,ROMPECABEZAS MONA LISA 1000 PZAS,11,468.3
50128738,ROMPECABEZAS TERRAZA POR LA NOCHE 1000P,11,468.3
50128740,ROMPECABEZAS UN DIA EN EL ZOO 2X24,11,189
50128743,ROMPECABEZAS FROZEN 3X49,11,252
50128744,ROMPECABEZAS THE MANDALORIAN 3X49,11,252
50128745,ROMPECABEZAS PAW PATROL 3X49,11,252
50128746,ROMPECABEZAS LAMBORGHINI VERDE 108PZAS,11,239.9656
50128747,ROMPECABEZAS SPIDER-MAN 3X49,11,252
50128976,BOLSA BARNIZ REGALO GRANDE MINECRAFT,11,46.83
50128977,BOLSA BARNIZ REGALO MEDIANA MINECRAFT,11,34.23
50129205,ACRILICO MULTIPROPOSITO 60ML BLANCO,11,44.1
50129206,ACRILICO MULTI 60ML AMARILLO LIMON,11,44.1
50129207,ACRILICO MULTI 60ML AMARILLO ORO,11,44.1
50129208,ACRILICO MULTIPROPOSITO 60ML NARANJA,11,44.1
50129209,ACRILICO MULTI 60ML VERDE MANZANA,11,44.1
50129210,ACRILICO MULTIPROPOSITO 60ML OCRE,11,44.1
50129211,ACRILICO MULTIPROPOSITO 60ML MANDARINA,11,44.1
50129212,ACRILICO MULTIPROPOSITO 60ML MARFIL,11,44.1
50129213,ACRILICO MULTIPROPOSITO 60ML PIEL,11,44.1
50129214,ACRILICO MULTI 60ML MARRON OSCURO,11,44.1
50129215,ACRILICO MULTIPROPOSITO 60ML ROJO,11,44.1
50129216,ACRILICO MULTIPROPOSITO 60ML ROSA BEBE,11,44.1
50129217,ACRILICO MULTIPROPOSITO 60ML FUCSIA,11,44.1
50129218,ACRILICO MULTI 60ML AZUL ULTRAMAR,11,44.1
50129219,ACRILICO MULTIPROPOSITO 60ML AZUL,11,44.1
50129220,ACRILICO MULTIPROPOSITO 60ML TURQUESA,11,44.1
50129221,ACRILICO MULTIPROPOSITO 60ML VERDE OLIVA,11,44.1
50129222,ACRILICO MULTIPROPOSITO 60ML NEGRO,11,44.1
50129223,ACRILICO MULTIPROPOSITO 60ML GRIS,11,44.1
50129224,ACRILICO MULTI 60ML AZUL CELESTE,11,44.1
50129225,ACRILICO MULTIPROPOSITO 60ML MORADO,11,44.1
50129226,ACRILICO MULTIPROPOSITO 60ML MAGENTA,11,44.1
50129227,ACRILICO MULTIPROPOSITO 60ML MARRON,11,44.1
50129228,ACRILICO MULTIPROPOSITO 60ML ROSA MEDIO,11,44.1
50129229,ACRILICO MULTIPROPOSITO 60ML AZUL MARINO,11,44.1
50129230,ACRILICO MULTIPROPOSITO 60ML PURPURA,11,44.1
50129231,ACRILICO MULTI 60ML VERDE OSCURO,11,44.1
50129232,ACRILICO MULTIPROPOSITO 60ML VERDE GRAMA,11,44.1
50129233,ACRILICO MULTIPROPOSITO 60ML LILA,11,44.1
50129234,ACRILICO MULTIPROPOSITO 60ML SALMON BEBE,11,44.1
50129235,ACRILICO MULTI 60ML AMARILLO NEON,11,44.1
50129236,ACRILICO MULTI 60ML NARANJA NEON,11,44.1
50129237,ACRILICO MULTIPROPOSITO 60ML ROJO NEON,11,44.1
50129238,ACRILICO MULTIPROPOSITO 60ML ROSA NEON,11,44.1
50129239,ACRILICO MULTIPROPOSITO 60ML MORADO NEON,11,44.1
50129240,ACRILICO MULTIPROPOSITO 60ML VERDE NEON,11,44.1
50129241,ACRILICO METALI MULTI 60ML ORO IMPERIAL,11,55.125
50129242,ACRILICO METALICO MULTI 60ML PLATA,11,55.125
50129243,ACRILICO METALICO MULTI 60ML ORO RICO,11,55.125
50129244,ACRILICO METALI MULTI 60ML AZUL ELEC,11,55.125
50129245,ACRILICO METALICO MULTI 60ML PERLA,11,55.125
50129246,ACRILICO METALICO MULTI 60ML ESMERALDA,11,55.125
50129247,HOJA DE ORO PDECORACION C100PZ,11,252
50129248,ALBUM INDART NEGRO 20HOJAS,11,200.592
50129249,BLOCK INDART ACUARELA 14X21CM 20HJ,11,210.042
50129250,PIN CONDOR CDEPOSITO DE AGUA PUNTA FINA,11,73.55727273
50129251,PIN CONDOR CDEPOSITO AGUA PUNTA MEDIA,11,73.53373494
50129252,PIN CONDOR CDEPOSITO AGUA PUNTA GRUESA,11,73.52084367
50129339,PASTA MODELADORA DAS WOOD 350 G,11,156.828
50129340,PASTA MDELADORA DAS WOOD 700 G,11,277.242
50129341,SET DE ARTE CON CABALLETE 96 PIEZAS,11,1444.8
50129659,ROLLO 3 PLIEGOS  KRAFT NAVIDAD,11,36.288
50129660,ROLLO 3 PLIEGOS HELLO KITTY NAVIDAD,11,42.714
50129661,BOLSA DE CARTON BARNIZ T. MEGA NAVIDAD,11,75.14763474
50129662,BOLSA CARTON TER BARNIZ T.G ELF NAVIDAD,11,33.264
50129663,BOLSA CARTON TER BARNIZ T.M ELF NAVIDAD,11,28.37594118
50129664,BOLSA CARTON TER BARNIZ T.C ELF NAVIDAD,11,20.181
50129665,BOLSA CARTON TER BARNIZ T.G KITTY NAV,11,33.264
50129666,BOLSA CARTON TER BARNIZ T.M KITTY NAV,11,25.263
50129667,BOLSA CARTON TER BARNIZ JUMBO PATR.NAV,11,52.92
50129668,BOLSA CARTON TER BARNIZ T.JUM FRASES NAV,11,53.63614224
50129669,BOLSA CARTON TER BARNIZ JUMBO PETS NAV,11,52.92
50129670,BOLSA CARTON TER BARNIZ JUMBO PINO NAV,11,53.89003993
50129671,BOLSA CARTON TER BARNIZ  BOUTIQUE SANTA,11,55.776
50129672,BOLSA CARTON TER BARNIZ  BOUTIQUE CASNUE,11,55.776
50129673,BOLSA CARTON TER BARNIZ  BOUTI FRAS NAV,11,55.776
50129674,BOLSA CARTON TER BARNIZ VINO FRASES  NAV,11,31.85030707
50129675,BOLSA CARTON TER BARNIZ VINO  PATRON NAV,11,31.87731257
50129676,BOLSA CARTON TER BARNIZ VINO CASN  NAV,11,31.779
50129677,BOLSA CARTON TER BARNIZ HOR FRASES NAV,11,20.013
50129678,BOLSA CARTON TER BARNIZ HOR SANTA,11,20.013
50129679,BOLSA CARTON TER BARNIZ HOR PINO NAV,11,20.013
50129680,BOLSA CARTON TER BARNIZ T.G PETS NAV,11,28.287
50129681,BOLSA CARTON TER BARNIZ T.M PETS NAV,11,21.462
50129682,BOLSA CARTON TER BARNIZ T.G JENG NAV,11,28.287
50129683,BOLSA CARTON TER BARNIZ T.M JENG NAV,11,21.462
50129684,BOLSA CARTON TER BARNIZ T.G FIGURAS NAV,11,28.287
50129685,BOLSA CARTON TER BARNIZ T.M FIGURAS NAV,11,21.462
50129686,BOLSA CARTON TER BARNIZ T.G PINO NAV,11,28.287
50129687,BOLSA CARTON TER BARNIZ T.M PINO NAV,11,21.462
50129688,BOLSA CARTON TER BARNIZ T.G APLI CLAS,11,32.718
50129689,BOLSA CARTON TER BARNIZ T.M APLI CLAS,11,26.838
50129690,BOLSA CARTON TER BARNIZ T.M APLIC PATRON,11,26.838
50129691,BOLSA REGALO T.M BOND CON FOIL ESFE NAV,11,22.83122662
50129692,BOLSA  REGALO T.M BOND CON FOIL FRA NAV,11,22.344
50129693,BOLSA REGALO T.M BOND CON FOIL PINO NAV,11,22.344
50129694,BOLSA REGALO T.M BOND CON FOIL JENG NAV,11,22.344
50129695,BOLSA REGALO T.M BOND CON FOIL PAT NAV,11,22.344
50129696,BOLSA REGALO T.M BOND CON FOIL CASN NAV,11,22.344
50129697,BOLSA REGALO T.G KRAFT CON FOIL SAN NAV,11,31.122
50129698,BOLSA REGALO T.G KRAFT CON FOIL FRA NAV,11,31.72522105
50129699,BOLSA REGALO T.G KRAFT CON FOIL FIG NAV,11,31.74855336
50129700,BOLSA REGALO T.G KRAFTI CON FOIL NAV,11,31.122
50129701,BOLSA REGALO T.M KRAFT CON FOIL GNOM NAV,11,22.82319335
50129702,BOLSA REGALO T.M KRAFT CON FOIL SAN NAV,11,22.344
50129703,BOLSA REGALO T.M KRAFT CON FOIL FRA NAV,11,22.80548403
50129704,BOLSA REGALO T.M KRAFT CON FOIL FIG NAV,11,22.81122529
50129853,PIZARRON 20X30 M/VINIL INDICATO,11,140.112
50129906,SET FANTASTICO CINNAMOROLL,11,221.4591711
50129907,SET FANTASTICO OSOS ESCANDALOSOS,11,216.153
50129908,SET FANTASTICO PAW PATROL,11,216.153
50129910,SET DE ARTE MOANA STITCH,11,270.459
50129911,SET DE ARTE OSOS ESCANDALOSOS,11,270.459
50129912,PORTAFOLIO PREMIUM HARRY POTTER,11,867.888
50129913,PORTAFOLIO PREMIUM HELLO KITTY,11,957.1054206
50129914,SET DE ARTE CON CABALLETE KUROMI,11,650.643
50129915,SET DE ARTE CABALLETE UNICORNS RAINBOWS,11,650.643
50129916,MUNDO DE ARTE Y ACTIVIDADES MY MELODY,11,650.643
50130186,COLOR PETS GUARDERIA CRAYOLA,11,600.999
50130187,COLOR PETS DINO PACK CRAYOLA,11,841.89
50130188,COLOR PETS JUMBO PERRO CRAYOLA,11,600.999
50130189,AEROGRAFITI REFILL CRAYOLA,11,279.573
50130190,MARKER MAKER REFILL CRAYOLA,11,444.486
50130191,COLOR FRIENDS LAVANDA CRAYOLA,11,499.191
50130196,TIENDA DE CUENTAS ROTATORIA,11,625.023
50130197,TOYS COLOR FRIENDS JADE,11,499.191
50130209,STICKERS 725 PZAS MOMENTOS MAGICOS,11,410.676
50130210,STICKERS 626 PZAS FLORES TROPIC VIVOS,11,410.676
50130211,STICKERS 826 PZAS FLORES JARDIN RADIANTE,11,410.676
50130212,STICKERS 628 PZAS ROSA DESIERT,11,410.676
50130213,STICKERS 577 PZAS FLORES DEL BOSQUE,11,410.676
50130214,STICKERS 928 PZAS JARDIN MODERNO,11,410.676
50130215,STICKERS 646 PZAS DESIERTO MISTICO,11,410.676
50130216,STICKERS 820 PZAS FLOR SILVESTRE,11,410.676
50130218,STICKERS 811 PZAS FLORES BRILLANT,11,410.676
50130220,STICKERS 811 PZAS FOLK Y FLORA,11,410.676
50130221,SITCKERS 253 PZAS ESTAC DE ALEGRIA,11,198.87
50130222,SITCKERS 227 PZAS JARDIN MODERNO,11,198.87
50130223,SITCKERS 216 PZAS FLORES DEL BOSQUE,11,198.87
50130225,SITCKERS 135 PZAS RAMO DE FLORES,11,198.87
50130226,SITCKERS 308 PZAS DESIERTO MISTICO,11,198.87
50130227,IMANES DINO 24 PIEZAS,11,358.771875
50130228,MAGNETIBOOK CUENTOS,11,405.636
50130229,ROMPECABEZAS DINOSAURIOS 7 PIEZAS,11,428.862
50130230,TABLA DE ORGANIZACION,11,636.7977521
50130231,XL SKETCH LYRA PARA BOCETO 12PZA,11,676.2
50130232,XL DRAWING 23X30 MAS LAPICES LYRA 10PZ,11,557.55
50130233,XL MARKER A4 MAS LYRA GRADUAT FINEL 10PZ,11,557.55
50130234,XL MIXMEDIA 7X10 MAS ACUASIMP 12TUBOS,11,557.55
50130235,SET C712 TUBOS SIMPLY OIL 12ml,11,348.768
50130236,EST CON CIERRE 10 PINCELES SINTETICOS,11,550.662
50130237,SET CON 4 PICELES DE CERD BLANC MANG COR,11,259.14
50130238,EST CIERRE CON 10 PICELES DE CERD BLAN,11,485.877
50130239,SET C/6 LAPICES PARA DIBUJO,11,568.092
50130240,LAPICES PARA ART LYRA REMBRANDT POLYCOL,11,597.996
50130670,MONO ESTRELLA MEDIANO BLANCO,11,9.702
50130671,MONO ESTRELLA BTL/8 SURTIDO,11,7.581
50130672,MONO ESTRELLA MEDIANO IMPRESOS PZ SURTID,11,5.733
50130728,PLASTILINA 10 BARRAS CO SURTIDOS PELIKAN,11,23.982
50130734,REGLA 30 CM ECO FLEX TRANSPARENTE,11,8.169
50130735,PINCEL EN CILINDRO CON 144PZ LTH,11,934.29
50130747,PINCEL ESCOLAR GRANEL,11,6.489
50130752,COMBO DE 2 PZS AGENDA Y PINTARRON BLANCO,11,414.162
50130764,BOLSA HORIZONTAL CHIC SAN VALENTIN,11,22.638
50130765,BOLSA GRANDE DISENO SAN VALENTIN,11,35.385
50130766,BOLSA MEDIANA DISENO SAN VALENTIN,11,27.825
50130810,BLOCK STICKER MOANA 2 6H,11,31.62507837
50130811,BLOCK STICKER KUROMI 6H,11,31.75347261
50130812,BLOCK STICKER CINAMORROLL 6H,11,31.72629279
50130961,SET PINCELES 4 PIEZAS AGARRE SILICON,11,62.67150216
50131105,PAQUETE STICKERS 2 H FLO Y GAT CATS STUK,11,17.451
50131332,BOLSA AS REGAL,11,28.602
50131333,BOLSA ES REGALO,11,39.606
50131334,BOLSA IS REGALO,11,44.016
50131335,BOLSA US REGALO,11,28.602
50131336,BOLSA MB REGALO CUMPLEANOS,11,31.92
50131337,BOLSA MB  REGALO GENERO,11,31.92
50131338,BOLSA MB BBS REGALO,11,31.92
50131339,BOLSA BC REGALO,11,26.418
50131340,BOLSA BD REGALO,11,33.012
50131341,BOLSA BE REGALO,11,35.217
50131356,TABLA MULTIUSOS ALFRA TAMANO OFICIOÂ ,11,136.5
50131398,SET DE ARTE 54 PIEZAS SONIC,11,709.8
50131399,SET DE ARTE 54 PIEZAS KUROMI,11,683.8149008
50131400,SET DE ARTE 42 PIEZAS MINNIE MOUSE,11,304.5
50131401,SET DE ARTE BERRY HIP 21 PIEZAS,11,283.5
50131402,SET DE ARTE BERRY HIP 26 PIEZAS,11,283.5
50131423,ROTULADOR GRAPH PEPS NEON 6 PIEZAS,11,86.856
50131432,BOLSA DE REGALO GRANDE KUROMI,11,46.83
50131433,BOLSA DE REGALO GRANDE CINNAMOROLL,11,46.83
50131434,BOLSA DE REGALO GRANDE KITY AND FRIENDS,11,46.83
50131435,BOLSA DE REGALO GRANDE HARRY POTER,11,46.83
50131436,BOLSA DE REGALO MEDIANA KUROMI,11,34.23
50131437,BOLSA DE REGALO MEDIANA CINNAMOROLL,11,34.23
50131438,BOLSA DE REGALO MEDIANA KITTY AND FRIEND,11,34.23
50131439,BOLSA DE REGALO MEDIANA HARRY POTTER,11,34.23
50131442,BLOCK DE NOTAS LOTSO MOOVING,11,212.142
50131447,PIZARRON LOTSO MOOVING,11,184.464
50131450,TABLERO ALFRA MIXTO BCO CORCHO 90X120,11,2349.9
50131593,BOLSA DE REGALO CHIC MAD25,11,22.638
50131594,BOLSA DE REGALO GRANDE MAD25 CON FOIL,11,35.385
50131595,BOLSA DE REGALO MEDIANA MAD25 CON FOIL,11,27.825
50131596,CAJA ARMABLE MEDIANA MADR25,11,16.065
50131597,BOLSA REGALO VINO MAD25,11,34.503
50131689,SET DE ARTE STITCH PEQUENO,11,1071
50131699,PIZARRON STITCH MOOVING,11,171.864
50131706,LIBRO DE STICKERS STITCH 24 P MOOVING,11,271.782
50131725,FLORES PINTABLES PARA MAMA,11,44.1
50131726,MARCO PINTABLE PARA MAMA CIRCULAR,11,27.3
50131727,MARCO PINTABLE PARA MAMA CUADRADO,11,23.1
50131728,MARCO  PINTABLE   TRES ESPACIOS,11,21
50131729,ROSA CORAZON,11,63
50131730,LETRERO TE AMO MAMI,11,105
50131760,STICKERS SIRENAS 8 H 239 PZ,11,198.87
50131761,STICKERS CORAZONES SAN VALENTIN,11,81.186
50131762,STICKERS CORAZONES ROSAS,11,81.186
50131763,STICKERS LOVE,11,81.186
50131764,STICKERS PERROS,11,116.487
50131765,STICKERS SUPER MAMA,11,116.487
50131766,STICKERS FLECHAS,11,81.186
50131767,STICKERS ABECEDARIO DORADO,11,175.329
50131768,STICKERS NOTAS BLANCAS,11,81.186
50131769,STICKERS AMIGAS,11,198.87
50131770,STICKERS CUMPLEANOS,11,198.87
50131771,STICKERS JARDIN PEQUENO,11,116.487
50131772,STICKERS UNICORNIOS Y ARCOIRIS,11,116.487
50131773,STICKERS SIRENAS Y CORALES,11,81.186
50131774,STICKERS MEJORES AMIGOS,11,81.186
50131775,STICKERS UNICORNIOS Y ARCOIRIS,11,116.487
50131776,STICKERS SIRENAS Y CORALES,11,116.487
50131777,STICKERS LETRAS BLANCAS,11,151.788
50131778,STICKERS ABECEDARIO COLORES,11,151.788
50131796,BOLSA CHICA STITCH,11,26.544
50131797,BOLSA MEDIANA STITCH,11,33.18
50131798,BOLSA GRANDE STITCH,11,47.376
50131799,BOLSA JUMBO STITCH,11,72.24
50131800,BOLSA GIGANTE STITCH,11,103.698
50131801,ROLLO 80X70 STITCH,11,43.554
50131954,CAJA 12 FINELINER KIUT,11,218.484
50131985,SET LETTERING TROPICAL 6PZ BARRILITO,11,130.83
50131986,STICKERS DE FOAMY ESPACIO 11PZ BARR,11,36.834
50131987,STICKERS DE FOAMY GRANJA 10PZ BARR,11,36.834
50131988,STICKERS DE FOAMY DINOSAURIO 8PZ BARR,11,36.834
50131989,STICKERS DE FOAMY TRANSPORTE 9PZ BARR,11,36.834
50131991,KIT PIZARRON 40X60CM QUARTET,11,541.8
50132266,PINTURA DIGITAL ROJO 60ML,11,19.404
50132267,PINTURA DIGITAL BLANCA 60ML,11,19.404
50132268,PINTURA DIGITAL AZUL 60ML,11,19.404
50132269,PINTURA DIGITAL AMARILLA 60ML,11,19.404
50132311,GEOMETRICO FLEXY VIVEDEL 24 3,11,313.845
50132316,GLITTER 6 TUBOS 10ML,11,52.5
50132317,X1 PREMIUM MATHEMATICAL DRAWING,11,144.375
50132318,GEOMETRIC ACCUMATE MATH DRAWING,11,131.25
50132971,ETIQUETA ESC MOANA 2 20 PIEZAS GRANMARK,11,28.77
50132972,ETIQUETA ESC HARRY POTTER 20 PZ GRANMARK,11,28.77
50132973,ETIQUETA ESC KUROMI 20 PIEZAS GRANMARK,11,28.77
50132974,ETIQUETA ESC SONIC 20 PIEZAS GRANMARK,11,28.77
50132976,BLOCK STICKER VILLANAS 12H GRANMARK,11,30.912
50132978,BLOCK STICKER SPIDER 12H GRANMARK,11,30.912
50132980,TRENDY STICK HARRY POTTER 2H GRANMARK,11,38.556
50132983,TRENDY STICK STITCH 2H GRANMARK,11,38.556
50132994,PAPEL BOND PREM 20 LBS 75G 61x50,11,359.52
50133028,SET PREMIUM ARTE MY MELODY,11,1071
50133029,SET PREMIUM ARTE KUROMI,11,1071
50133061,ASERRIN EN POLVO 100 GM NATURAL,11,24.15
50133088,PALO MAD ABATELENGUAS 20 PZAS,11,19.425
50133090,PALO MAD KIKOLETA 20 PZAS,11,18.9
50133128,STABILO ROTULADOR POINT 88 ARTY CON 18,11,516.579
50133157,BLISTER C/10 PIEZAS CHROMAFLOW DERWENT,11,292.194
50133158,BLISTER C/10 PIEZAS WATERCOLOUR DERWENT,11,368.214
50133159,BLISTER C/10 PIEZAS GRAPHIC DERWENT,11,292.194
50133259,BOLSA DE REGALO VINO PAD25 836-36/6,11,34.545
50133260,BOLSA G C/APLICACION PAPA 878-543/6,11,34.44
50133261,BOLSA M C/APLICACION PAPA 879-493/6,11,28.245
50133296,BOLSA REGALO G C/APLICACION 878-569/6,11,34.44
50133297,BOLSA REGALO M C/APLICACION 879-544/6,11,28.245
50133324,STICKERS FLORALES 30H THP,11,410.676
50133326,STICKERS SEASONAL WHIMSY 30H THP,11,410.676
50133327,STICKERS COTTAGECORE FLORALS 30H THP,11,410.676
50133328,STICKERS ALL THE THINGS 30H THP,11,410.676
50133329,STICKERS TELL YOUR STORY 30H THP,11,410.676
50133418,ACUARELA COTMAN 8ML CARMESI 003,11,170.646
50133419,ACUARELA COTMAN 8ML BURT SIENNA 074,11,170.646
50133420,ACUARELA COTMAN 8ML BURT UMBER 076,11,170.646
50133421,ACUARELA COTMAN 8ML NARANJA CADMIO 090,11,170.646
50133422,ACUARELA COTMAN 8ML CADMIUM 095,11,170.646
50133423,ACUARELA COTMAN 8ML ROJO OBSCURO 098,11,170.646
50133424,ACUARELA COTMAN 8ML ROJO PALIDO 103,11,170.646
50133425,ACUARELA COTMAN 8ML AMARILLO CADMIO 109,11,170.646
50133426,ACUARELA COTMAN 8ML AMARILLO CAD PAL 119,11,170.646
50133427,ACUARELA COTMAN 8ML AZUL CERULEO 139,11,170.646
50133428,ACUARELA COTMAN 8ML BLANCO DE CHINA 150,11,170.646
50133429,ACUARELA COTMAN 8ML COBALT BLUE HUE 179,11,170.646
50133430,ACUARELA COTMAN 8ML VIOLETA 231,11,170.646
50133433,ACUARELA COTMAN 8ML VERDE OBSCURO 312,11,170.646
50133436,ACUARELA COTMAN 8ML INDIGO 322,11,170.646
50133437,ACUARELA COTMAN 8ML AZUL INTENSO 327,11,170.646
50133438,ACUARELA COTMAN 8ML VERDE INTENSO 329,11,170.646
50133439,ACUARELA COTMAN 8ML NEGRO MARFIL 331,11,170.646
50133440,ACUARELA COTMAN 8ML NEGRO HUMO 337,11,170.646
50133441,ACUARELA COTMAN 8ML AMARILLO LIMÃN 346,11,170.646
50133442,ACUARELA COTMAN 8ML ROJO PARDO 362,11,170.646
50133444,ACUARELA COTMAN 8ML GRIS 465,11,170.646
50133445,ACUARELA COTMAN 8ML ROSA 502,11,170.646
50133446,ACUARELA COTMAN 8ML PRUSIA 538,11,170.646
50133449,ACUARELA COTMAN 8ML SOMBRA NATURAL 554,11,170.646
50133450,ACUARELA COTMAN 8ML ROSA 580,11,170.646
50133451,ACUARELA COTMAN 8ML VERDE VEJIGA 599,11,170.646
50133452,ACUARELA COTMAN 8ML SEPIA 609,11,170.646
50133454,ACUARELA COTMAN 8ML ULTRAMARINE 660,11,170.646
50133455,ACUARELA COTMAN 8ML PARDO 676,11,170.646
50133456,ACUARELA COTMAN 8ML VERDE VIRIDIAN 696,11,170.646
50133457,ACUARELA COTMAN 8ML AMARILLO ORO 744,11,170.646
50133458,AC ART 5ML SIENA TOSTADA S1 NO 074,11,256.872
50133460,AC ART 5ML BLANCO DE TITANEO S-1 NO 644,11,256.872
50133461,AC ART 5ML ULTRAMAR FRANCES S-2 NO 263,11,278.082
50133462,AC ART 5ML ROSA OPERA S-2 NO 448,11,278.082
50133463,AC ART 5ML SEPIA S-1 NO 609,11,256.872
50133468,AC ART 5ML VERDE PERILENO S-2 NO 460,11,278.082
50133470,AC ART 5ML INDIGO S-1 NO 322,11,256.872
50133472,AC ART 5ML VERDE TERRA S-1 NO 637,11,256.872
50133474,AC ART 5ML BLANCO DE CHINA S-1 NO 150,11,256.872
50133475,AC ART 5ML ROSA POTER S-2 NO 537,11,278.082
50133477,AC ART 5ML MAGENTA S-3 NO 489,11,305.508
50133479,AC ART 5ML TINTA NEUTRO S-1 NO 430,11,256.872
50133480,AC ART 5ML PARDO S-1 NO 676,11,256.872
50133481,AC ART 5ML ROSA PERMANENTE S-3 NO 502,11,305.508
50133483,AC ART 5ML MAGENTA S-3 NO 545,11,305.508
50133484,AC ART 5ML VERDE OLIVA S-1 NO 447,11,256.872
50133485,AC ART 5ML AZUL WINSOR S-1 NO 707,11,256.872
50133487,AC ART 5ML SIENA NATURAL S-1 NO 552,11,256.872
50133493,AC ART 5ML NEGRO MARFIL S-1 NO 331,11,256.872
50133498,MEDIO MASCARILLADOR 75 ML NO 761,11,450.996
50133500,MEDIO MASCARILLADOR 75 ML NO 759,11,450.996
50133502,MEDIO DE TEXTURA 75 ML NO 768,11,431.613
50133503,MEDIO RETARDADOR 75 ML NO 760,11,431.613
50133506,EST DE BOLSILLO ACU COTMAN,11,1177.974
50133507,EST ACURELA COTMAN STUDIO 471 C/45 1/2,11,4623.381
50133508,EST ACUARELA COTMAN PLUS 376 C/ 24 1/2 P,11,2948.484
50133511,OLEO WINTON 37ML AMARILLO CADMIO NO 46,11,279.909
50133517,OLEO WINTON 37ML AMARILLO PALIDO NO 8,11,279.909
50133518,OLEO WINTON 37ML AZUL CERULEO NO 10,11,279.909
50133519,OLEO WINTON 37ML AZUL COBALTO NO 15,11,279.909
50133520,OLEO WINTON 37ML AZUL DE PRUSIA NO 33,11,279.909
50133521,OLEO WINTON 37ML AZUL THALO NO 30,11,279.909
50133522,OLEO WINTON 37ML AZUL ULTRAMAR NO 21,11,279.909
50133523,OLEO WINTON 37ML BCO SUAVE P/MEZC NO 77,11,279.909
50133525,OLEO WINTON 37ML BLANCO DE TITANEO NO 40,11,279.909
50133526,OLEO WINTON 37ML BLANCO DE ZINC NO 45,11,279.909
50133528,OLEO WINTON 37ML CARNE/ROSA PALE NO 20,11,279.909
50133529,OLEO WINTON 37ML GRIS NO 32,11,279.909
50133531,OLEO WINTON 37ML NEGRO HUMO NO 25,11,279.909
50133532,OLEO WINTON 37ML NEGRO MARFIL NO 24,11,279.909
50133535,OLEO WINTON 37ML ROJO CADMIO NO 5,11,279.909
50133536,OLEO WINTON 37ML ROJO OBSCURO NO 6,11,279.909
50133538,OLEO WINTON 37ML SIENA NATURAL NO 34,11,279.909
50133539,OLEO WINTON 37ML SIENA TOSTADA NO 2,11,279.909
50133540,OLEO WINTON 37ML SOMBRA NATURAL NO 35,11,279.909
50133541,OLEO WINTON 37ML SOMBRA TOSTADA NO 3,11,279.909
50133542,OLEO WINTON 37ML TONO BCO DE PLOMO NO 73,11,279.909
50133543,OLEO WINTON 37ML VERDE VEJIGA NO 37,11,279.909
50133544,OLEO WINTON 37ML VERDE VIRIDIAN NO 43,11,279.909
50133546,OLEO WINSOR 37ML BCO TITANEO S-1 NO 644,11,412.671
50133547,OLEO WINSOR 37ML AMAR OCRE S-1 NO 744,11,412.671
50133548,OLEO WINSOR 37ML SOMBRA TOST S-1 NO 076,11,412.671
50133549,OLEO WINSOR 37ML AZUL ULTR S-2 NO 263,11,574.812
50133550,OLEO WINSOR 37ML NEGRO MARFIL S-1 NO 331,11,412.671
50133551,OLEO WINSOR 37ML ORO S-2 NO 283,11,574.812
50133554,OLEO WINSOR 37ML INDIGO S-2 NO 322,11,574.812
50133555,OLEO WINSOR 37ML SOMBRA NAT S-1 NO 554,11,412.671
50133556,OLEO WINSOR 37ML BCO DE ZINC S-1 NO 748,11,412.671
50133557,OLEO WINSOR 37ML CARMESI ALIZ S-2 NO 004,11,574.812
50133559,OLEO WINSOR 37ML MEGENTA S-2 NO 545,11,574.812
50133560,OLEO WINSOR 37ML BCO DE PLOMO S-1 NO 242,11,412.671
50133566,OLEO WINSOR 37ML PLATA S-2 NO 617,11,574.812
50133570,OLEO WN 37ML AZUL COBALTO S-4 NO 178,11,1138.263
50133572,OLEO WINSOR 37ML ULTRAMAR S-1 NO 667,11,412.671
50133573,OLEO WINSOR 37ML MAGENTA S-2 NO 380,11,574.812
50133574,OLEO WINSOR 37ML AMAR WINSOR S-2 NO 730,11,574.812
50133576,OLEO WINSOR 37ML AZUL MANG S-1 NO 379,11,412.671
50133577,OLEO WINSOR 37ML ROJO BTE S-1 NO 042,11,412.671
50133579,OLEO WINSOR 37ML ROSA PERM S-2 NO 502,11,574.812
50133580,OLEO WINSOR 37ML SIENA NAT S-1 NO 552,11,412.671
50133581,OLEO WINSOR 37ML BLANCO IRID S-1 NO 330,11,412.671
50133584,JGO OLEO WINTON P/PRIN C/ 10 10375,11,2440.662
50133585,ACEITE DE LINAZA W&N-ACELERA SECADO 75ML,11,423.423
50133586,LIQUIN WINSOR 250ML,11,711.06
50133587,LIQUIN WINSOR DE 75ML 991,11,414.015
50133588,MEDIO P/OLEO NO 1734,11,423.423
50133592,MEDIO GLACEAR PARA OLEO 739,11,442.827
50133593,BARNIZ BRILLANTE P/OLEO NO 1732,11,404.628
50133594,SOLVENTE SANSODOR W&NEVAP LENTA 75 ML,11,322.938
50133595,ACR LIQUITEX BASICS 118ML  DEEP VIOLET,11,331.59
50133596,ACR LIQUITEX BASICS 118ML  DIOXAZI PUR,11,331.59
50133597,ACR LIQUITEX BASICS 118ML  GOLD,11,331.59
50133598,ACR BASICS 118ML  IVORY BLACK,11,331.59
50133599,ACR LIQUI BASICS 118ML NAPHTH CRIMSON,11,331.59
50133600,ACR LIQUI BASICS 118ML NEUT GRAY 5,11,331.59
50133601,ACR LIQUI BASICS 118ML PHTHALO BLUE,11,331.59
50133602,ACR LIQUI BASICS 118ML PRIMARY BLUE,11,331.59
50133604,ACR LIQUI BASICS 118ML ALIZARIN CRIMSN,11,331.59
50133605,ACR LIQUI BASICS 118ML BRIGHT AQUA GRN,11,331.59
50133606,ACR LIQUI BASICS 118ML BRIL PURPLE,11,331.59
50133607,ACR LIQUI BASICS 118ML BURNT SIENNA,11,331.59
50133608,ACR LIQUI BASICS 118ML BURNT UMBER,11,331.59
50133609,ACR LIQUI BASICS 118ML CAD YEL DEEP,11,331.59
50133610,ACR LIQUI BASICS 118ML CADM ORANGE HUE,11,331.59
50133611,ACR LIQUI BASICS 118ML CADM RED DEEP,11,331.59
50133614,ACR LIQUI BASICS 118ML CERULEUM BLUE,11,331.59
50133615,ACR LIQUI BASICS 118ML COBALT BLUE HUE,11,331.59
50133616,ACR LIQUI BASICS 118ML LGHT BLUE PERM,11,331.59
50133617,ACR LIQUI BASICS 118ML LGHT POR PINK,11,331.59
50133618,ACR LIQUI BASICS 118ML LIGHT BLUE VIO,11,331.59
50133619,ACR LIQUI BASICS 118ML MEDIUM MAGENTA,11,331.59
50133620,ACR LIQUI BASICS 118ML PHTHALO GREEN,11,331.59
50133621,ACR LIQUI BASICS 118ML PRIMARY RED,11,331.59
50133622,ACR LIQUI BASICS 118ML QUINACRID MGT,11,331.59
50133623,ACR LIQUI BASICS 118ML RAW SIENNA,11,331.59
50133624,ACR LIQUI BASICS 118ML RAW UMBER,11,331.59
50133625,ACR LIQUI BASICS 118ML SILVER,11,331.59
50133626,ACR LIQUI BASICS 118ML TITANIUM WHITE,11,331.59
50133627,ACR LIQUI BASICS 118ML ULTRAMARINE BLU,11,331.59
50133628,ACR LIQUI BASICS 118ML UNB TITANIUM,11,331.59
50133629,ACR LIQUI BASICS 118ML UNB. TITANIUM,11,331.59
50133633,SET C/5 ACRI LIQ BASICS 118ML SCHO,11,1657.005
50133636,MEDIO LX MODELING PASTE FLEXIBLE 473 ML,11,898.821
50133637,MEDIO LX MATTE 473 ML,11,1139.775
50133638,ACRILICO LX GESSO BLANCO 473 ML,11,898.821
50133639,MEDIO LX GEL 473ML/16OZ,11,1139.775
50133640,MEDIO LX MEDIUM FLUIDO 237 ML,11,709.842
50133641,CAJA METALICA C/24 GRADUADOS,11,914.865
50133642,CAJA METALICA C/12 GRADUADOS MEDIOS,11,480.123
50133643,CAJA METALICA C/12 LAP PASTEL DERWENT,11,716.058
50133644,CAJA METALICA C/12 LAP INKTENSE DERWENT,11,1078.413
50133646,CAJA METALICA C/24 LAP ACUA DERWENT,11,1301.202
50133647,CAJA METALICA C/12 LAP CHROMAFLOW,11,543.984
50133648,CAJA METALICA C/24 LAP CHROMAFLOW,11,997.185
50133649,INKTENSE PAINT PAN SET (12),11,1549.716
50133650,METALLIC PAINT PAN,11,1486.674
50133651,ESTUCHE BOLC/12 PASTILLAS PASTEL SHADE,11,988.092
50133653,ESTUCHE TELA  24 LAPICES DERWENT,11,590.73
50133655,TINTED CHARCOAL PAINT PAN SET  2305872,11,1189.944
50133656,CAJA METALICA C/12 LAP GRAP DERWENT,11,1075.221
50133660,BLISTER C/4 LAPICES CHARCOAL  39000,11,286.419
50133661,ESTUCHE DE BOL C/12 PASTI ACUARE,11,621.348
50133662,BLISTER C/1 GOMA ELECTRICA DERWENT,11,571.473
50133663,SET C/2 PORTALAPIZ DERWENT,11,435.687
50133664,ESTUCHE DE TELA PARA 30 LAP DERWENT,11,249.291
50133665,SET BLENDER Y BURNISHER DERWENT,11,277.095
50133666,ESTILOGRAFO PIGMA 003 (.15 MM) NEGRO,11,97.902
50133667,ESTILOGRAFO PIGMA 05 (.45 MM) NEGRO,11,97.902
50133668,ESTILOGRAFO PIGMA 005 (.2 MM) NEGRO,11,97.902
50133669,ESTILOGRAFO PIGMA 01 (.25 MM) NEGRO,11,97.902
50133670,ESTILOGRAFO PIGMA 02 (.3 MM) NEGRO,11,97.902
50133671,ESTILOGRAFO PIGMA 03 (.35 MM) NEGRO,11,97.902
50133672,ESTILOGRAFO PIGMA 04 (.4 MM) NEGRO,11,97.902
50133673,ESTILOGRAFO PIGMA 08 (.5 MM) NEGRO,11,97.902
50133674,C/3 GELLY ROLL FINOS COLORES BASICOS,11,112.287
50133675,C/3 GELLY ROLL FINOS COLORES SURTIDOS,11,112.287
50133676,BOLI GELLY ROLL  CON 3 PZAS GLAZE,11,118.062
50133677,BOLI GELLY ROLL  CON 3 PZAS STARDUST,11,118.062
50133678,BOLI GELLY ROLLCON 3 PIEZAS MOONLIGHT,11,118.062
50133679,SET C/3 PZ DE GELLY ROLL BLANCA,11,116.088
50133680,GELLY ROLL METALLIC AND WHITE 3PC SET,11,152.607
50133681,MAR ACRILICO TWIN 1.5 MM/4 MM,11,248.451
50133682,MAR ACR TWIN 1.5 MM/4 MM SIG BLACK,11,248.451
50133683,101 MARCADOR LIQUIDO CHROME I MM,11,278.565
50133684,102 MARCADOR LIQUIDO CHROME 2 MM,11,278.565
50133685,103 MARCADOR LIQUIDO CHROME 4 MM,11,337.344
50133687,MAR LIQUIDO CHROME CALLIGRAPHY,11,259.266
50133689,SET C/3 MARCADORES MOLOTOW LIQUID,11,1207.227
50133690,LIBRETA SKETCH D&S BLACK 140 GM C/80 HJS,11,500.703
50133691,LIBRETA SKETCH BLACK 140 GMS C/80 HJS,11,536.466
50133692,BLOCK MARCADOR RODIN 75G,11,337.491
50133693,BLOCK SKETCH 90G 50H 23X30.5CM,11,232.617
50133694,BLOCK DRAWING 200G 30 H 21 X 29.7 CM,11,296.268
50133695,BLOCK  SKETCH&DRAW 220 GMS  A4 C/20 H,11,227.766
50133696,SKETCH PAD SKIZZE 96 GMS A4 C/100 HJS,11,421.764
50133697,BLOCK NOSTALGIE 190 GMS DIN A4 C/50 HJS,11,518.742
50133698,JGO. PINCEL SINT. RODART MIXTO 4 P DOR,11,93.807
50133699,JGO.PINCEL SINT. RODART PLANO 3 P DOR,11,77.448
50133700,JGO. PINCEL SINT. RODART MIXTO 7 P DOR,11,163.674
50133701,JGO. PINCEL SINT. BLANCO RODART DEL4 PZ,11,111.531
50133702,JGO. PINCEL SINT. BLANCO RODART MIX 7 PZ,11,198.828
50133703,JGO. PINCEL SINT. BLANCO RODART MIX 6 PZ,11,185.955
50133704,JGO. PINCEL SINT. BLANCO RODART MIX 7 PZ,11,220.206
50133708,SET C/3 PINCELES SINTETICOS ACUAREL,11,1886.451
50133709,CAR C/ TELA  RECT RODIN 20.3 X 25.4 CM,11,34.104
50133710,CARTON C/ TELA RECT RODIN 22.9X30.5CM,11,45.927
50133711,CARTON C/ TELA RECT RODIN27.5X35CM,11,65.31
50133712,CARTON C/ TELA  RECT RODIN 30 X 40CM,11,81.837
50133713,CARTON C/ TELA  RECT RODIN 35 X 45CM,11,107.289
50133714,CABALLETE DE MESA ATL,11,538.902
50133715,MINI CABALLETE ATRIL,11,317.331
50133716,CABALLETE MOSCO 3013,11,1200.402
50133717,BAST EST T-306 20X25,11,84.567
50133718,BAST EST T-306 25X30,11,102.753
50133719,BAST EST T-306 30X40,11,132.909
50133720,BAST EST T-306 35X45,11,158.676
50133721,BAST EST T-306 40X50,11,209.433
50133722,BAST EST T-306 40 X 60,11,237.321
50133723,BAST EST T-306 50 X 60,11,287.49
50133724,BAST EST T-306 50 X 70,11,319.767
50133725,PANEL  AMPERSAND  AQUABORD 3MM 13x18 CM,11,109.473
50133726,PANEL  AMPERSAND  AQUABORD 3MM 18x24 CM,11,188.832
50133727,PANEL  AMPERSAND  AQUABORD 3MM 20x20 CM,11,175.245
50133728,PANEL  AMPERSAND  AQUABORD 3MM 24x30 CM,11,294.903
50133729,PANEL  AMPERSAND  AQUABORD 3MM 30x40 CM,11,430.269
50133730,PANEL  AMPERSAND  GESSOBORD 3MM 13x18 CM,11,106.302
50133731,PANEL  AMPERSAND  GESSOBORD 3MM 18x24 CM,11,222.558
50133732,PANEL  AMPERSAND  GESSOBORD 3MM 20x20 CM,11,205.8
50133733,PANEL  AMPERSAND  GESSOBORD 3MM 24x30 CM,11,327.789
50133735,PANEL  AMPERSAND  GESSOBORD 3MM 30x40 CM,11,445.536
50133736,PANEL  AMPERSAND  GESSOBORD 3MM 40x50 CM,11,625.254
50133737,PANEL  AMPERSAND  GESSOBORD 3MM 40x60 CM,11,737.688
50133738,OLEO VAN GOGH C/6 T 20 ML ( 406 ),11,1656.396
50133742,ES C/12 PAS DE ACU VAN GOGH COL VIBRAN,11,1572.753
50133745,SET C/6 ACRILICOS AMSTERDAM C/20 ML,11,694.533
50133747,PASTEL PENCIL BLANCO BL.C/2,11,171.864
50133748,PASTEL PENCIL NEGRO BL.C/2,11,171.864
50133750,BLISTER C/6 PASTEL PENCIL P/ESBOZO,11,616.182
50133751,BLISTER C/6 PASTEL PENCIL SANGUINEA,11,616.182
50133753,BARRAS CONTE BL C/2 NEGRO  0B 2460,11,128.667
50133754,BARRAS CONTE EN BL SANG MEDIA C/2,11,128.667
50133755,BARRAS CONTE BL C/2 2460 NEGRO HB,11,128.667
50133756,BARRAS CONTE EN BL SANG OBSC C/2,11,123.669
50133757,C/3 MARCADORES  PEN TOUCH EX FINOS,11,327.936
50133758,KOI SKETCH BOX C/12 PAS  Y  PINCEL,11,576.492
50133759,KOI SKETCH C/12 PAS  Y  PINCEL FLUO Y ME,11,788.34
50133760,SET PIGMA PARA MANGA,11,407.82
50133761,SET PIGMA MICRON C/6-NEGROS,11,431.76
50133762,SET C/6 PZA MAR KOI SELECCION RETRATO,11,373.107
50133763,SET C/6 PZA MAR KOI SELECCION PASTEL,11,373.107
50133764,MAR ACRI 127HS 2 MM BURGUNDY,11,162.729
50133765,MAR ACR 127HS 2 MM HAZELNUT BROWN,11,162.729
50133768,MAR ACR 127HS 2 MM LAGO BLUE PASTEL,11,162.729
50133769,MAR ACRI 127HS 2 MM LILAC PASTEL,11,162.729
50133770,MAR ACRI127HS 2 MM CERAMIC LIGHT PASTEL,11,162.729
50133771,MAR ACRI 127HS 2 MM PETROL,11,162.729
50133772,MAR ACRI 127HS 2 MM VIOLET DARK,11,162.729
50133773,MAR ACRI 127HS 2 MM FUTURE GREEN,11,162.729
50133774,MAR ACRI 127HS 2 MM AMAZONAS LIGHT,11,162.729
50133775,MAR ACRI127HS 2 MM LOBSTER,11,162.729
50133776,MAR ACR 127HS 2 MM SAHARA BEIGE PAS,11,162.729
50133777,MAR ACR 127HS 2 MM SKIN PASTEL,11,162.729
50133778,MAR ACRI 127HS 2 MM BLUE VIOLET PASTEL,11,162.729
50133779,MAR ACRI 127HS 2 MM METALLIC BLUE,11,162.729
50133780,MAR ACRI 127HS 2 MM METALLIC PINK,11,162.729
50133781,MAR ACRI 127HS 2 MM METALLIC GREEN,11,162.729
50133782,MAR ACRI 127HS 2 MM CALYPSO MIDDLE,11,162.729
50133783,MAR ACRI 127HS 2 MM TURQUOISE,11,162.729
50133784,MAR ACRI 127HS 2 MM POISON GREEN,11,162.729
50133786,MAR ACRI 127HS 2 MM GREY BLUE DARK,11,162.729
50133787,MAR ACRI 127HS 2 MM DARE ORANGE,11,162.729
50133788,MAR ACRI 127HS 2 MM VIOLETT,11,162.729
50133789,MAR ACRI 127HS 2 MM NEON PINK,11,162.729
50133790,MAR ACR 127HS 2 MM MISTER GREEN,11,162.729
50133791,MAR ACRIL 127HS 2 MM COOL GREY PAS,11,162.729
50133793,MAR ACRI 127HS 2 MM OCHER BROW LIGHT,11,162.729
50133796,MAR ACRI 127HS 2 MM NEON GREEN FLUOR,11,162.729
50133797,MAR ACRI 127HS 2 MM GRASHOPPER,11,162.729
50133798,MAR ACRIL 127HS 2 MM KACAO77 UNIV GREEN,11,162.729
50133799,MAR ACRI 127HS 2 MM METALLIC BLACK,11,162.729
50133800,MAR ACRI 127HS 2 MM SHOCK BLUE,11,162.729
50133801,MAR ACRI 127HS 2 MM FUCHSIA PINK,11,162.729
50133802,MAR ACRI 127HS 2 MM MAGENTA,11,162.729
50133803,MAR ACRI 127HS 2 MM PURPLE VIOLET,11,162.729
50133804,MAR ACRI 127HS 2 MM ZINC YELLOW,11,162.729
50133805,MAR ACRI 127HS 2 MM TRAFFIC RED,11,162.729
50133806,MAR ACRI 127HS 2 MM SHOCK BLUE MIDDLE,11,162.729
50133807,MAR ACRI 127HS 2 MM TRUE BLUE,11,162.729
50133808,MAR ACRI 127HS 2 MM SIGNAL WHITE,11,162.729
50133809,MAR ACRI 127HS 2 MM SIGNAL BLACK,11,162.729
50133810,MAR ACRI 127HS 2 MM NEON PINK FLUOR,11,162.729
50133811,MAR ACRI 127HS 2 MM METALLIC SILVER,11,162.729
50133812,MAR ACRI 127HS 2 MM METALLIC GOLD,11,162.729
50133813,MAR ACRI 127HS 2 MM NATURE WHITE,11,162.729
50133816,MAR ACRI 127HS-CO 1.5 MM METALLIC BLACK,11,198.366
50133817,MAR ACRI 127HS-CO 1.5 MM METALLIC GOLD,11,198.366
50133818,MAR ACRI 127HS-CO 1.5 MM ZINC YELLOW,11,198.366
50133819,MAR ACRI 127HS-CO 1.5 MM META SILVER,11,198.366
50133821,MAR ACRI 127HS-CO 1.5 MM SHOCK BLUE M,11,198.366
50133822,MAR ACRI 127HS-CO 1.5 MM HAZELNUT BROWN,11,198.366
50133823,MAR ACRI 127HS-CO 1.5 MM CERA LIGHT PAS,11,198.366
50133824,MAR ACRI127HS-CO 1.5 MM DARE ORANGE,11,198.366
50133825,MAR ACRI 127HS-CO 1.5 MM SIGNAY WITHE,11,198.366
50133826,MAR ACRI 127HS-CO 1.5 MM SIGNAL BLACK,11,198.366
50133827,MAR ACRI 127HS-CO 1.5 MM TRAFFIC RED,11,198.366
50133828,MAR ACRI 127HS-CO 1.5 MM TRUE BLUE,11,198.366
50133829,MAR ACRI 127HS-CO 1.5 MM NEON PINK,11,198.366
50133830,MAR ACRI 127HS-EF 1 MM SIGNAY WITHE,11,171.864
50133831,MAR ACRI 127HS-EF 1 MM SIGNAL BLACK,11,171.864
50133832,MAR ACRI 227HS 4 MM HAZELNUT BROWN,11,213.654
50133833,MAR ACRI 227HS 4 MM LILAC PASTEL,11,213.654
50133834,MAR ACRI 227HS 4 MM CERAMIC LIGHT PASTEL,11,213.654
50133835,MAR ACRI 227HS 4 MM AMAZONAS LIGHT,11,213.654
50133836,MAR ACRI 227HS 4 MM BLUE VIOLET PASTEL,11,213.654
50133837,MAR ACRI 227HS 4 MM NEON YELLOW FLUOR,11,213.654
50133839,MAR ACRI 227HS 4 MM DARE ORANGE,11,213.654
50133840,MAR ACRI 227HS 4 MM NEON PINK,11,213.654
50133841,MAR ACRI 227HS 4 MM MISTER GREEN,11,213.654
50133842,MAR ACRI 227HS 4 MM SKIN PASTEL,11,213.654
50133843,MAR ACRI 227HS 4 MM NEON ORANGE FLUOR,11,213.654
50133844,MAR ACRI 227HS 4 MM NEON GREEN FLUOR,11,213.654
50133845,MAR ACRI 227HS 4 MM GRASHOPPER,11,213.654
50133846,MAR ACRI 227HS 4 MM METALLIC BLACK,11,213.654
50133847,MAR ACRI 227HS 4 MM METALLIC SILVER,11,213.654
50133848,MAR ACRI 227HS 4MM SHOCK BLUE,11,213.654
50133849,MARCADOR ACRILICO 227HS 4MM MAGENTA,11,213.654
50133850,MAR ACRI 227HS 4MM TURQUOISE,11,213.654
50133851,MAR ACRI 227HS 4MM GREY BLUE DARK,11,213.654
50133852,MAR ACRI 227HS 4 MM ZINC YELLOW,11,213.654
50133853,MAR ACRI 227HS 4 MM TRAFFIC RED,11,213.654
50133854,MAR ACRI 227HS 4 MM SHOCK BLUE MIDDLE,11,213.654
50133855,MAR ACRI 227HS 4 MM TRUE BLUE,11,213.654
50133856,MAR ACRI 227HS 4 MM VIOLETT,11,213.654
50133857,MAR ACRI 227HS 4 MM SIGNAL WHITE,11,213.654
50133858,MAR ACRI 227HS 4 MM SIGNAL BLACK,11,213.654
50133859,MAR ACRI 227HS 4 MM NEON PINK FLUOR,11,213.654
50133860,MAR ACRI 227HS 4 MM METALLIC GOLD,11,213.654
50133861,MAR ACRI 227HS 4MM NATURE WHITE,11,213.654
50133862,MARCADOR LIQUID CHROME TWIN 1.5MM-4MM,11,378.924
50133863,BOLSA C/5 PUNTAS P/127/127EF 1.0 MM,11,175.035
50133864,BOLSA C/5 PUNTAS ACRILICO TWIN 1.5 MM,11,134.295
50133867,BOLSA C/2 PUNTAS HIGHFLOW 4 MM,11,144.27
50133868,BOLSA C/5 PUNTAS SPECIALTECH 1 MM 08,11,217.035
50133870,9 BOLSA C/5 PUNTAS REDONDAS 2 MM,11,118.398
50133871,12 BOLSA C/5 PUNTAS REDONDAS 4 MM,11,127.092
50133873,2 BOLSA C/3 PUNTAS ESTILO T 20 MM,11,154.035
50133884,BOL C/2 PUNTA CALLIGRAFX SOFT BRUSH 1 MM,11,148.932
50133890,REFILL MOLOTOW 30 ML METALLIC SIL,11,264.348
50133892,REFILL MOLOTOW 30 ML BURGUNDY,11,264.789
50133898,REFILL MOLOTOW 30 ML SHOCK BLUE MIDDLE,11,264.789
50133899,REFILL MOLOTOW 30 ML TRUE BLUE,11,264.789
50133901,REFILL MOLOTOW 30 ML OCHER BROW LIGHT,11,264.789
50133906,REFILL MOLOTOW 30 ML METALLIC BLACK,11,264.348
50133912,REFILL MOLOTOW 30 ML HAZELNUT BROWN,11,264.789
50133916,REFILL MOLOTOW 30 ML SIGNAL WHITE,11,264.789
50133917,REFILL MOLOTOW 30 ML SIGNAL BLACK,11,264.789
50133919,MAR ACRI  1.5 MM/4 MM   CERAMIC LIGHT,11,248.451
50133920,MAR ACRI TWIN 1.5 MM/4 MM   VAI PAS,11,248.451
50133921,MAR ACRI TWIN 1.5 MM/4 MM  PETROL,11,248.451
50133923,MAR ACRI TWIN 1.5 MM/4 MM TURQUOISE,11,248.451
50133924,MAR ACRI TWIN 1.5 MM/4 MM FUT GREEN,11,248.451
50133925,MAR ACRI TWIN 1.5 MM/4 MM AMAZ LIGHT,11,248.451
50133926,MAR ACRI TWIN 1.5 MM/4 MM OCHER BROW,11,248.451
50133927,MAR ACRI TWIN 1.5 MM/4 MM   LOBSTER,11,248.451
50133929,MAR ACRI  1.5 MM/4 MM LAGO BLUE PAS,11,248.451
50133930,MAR ACRI 1.5 MM/4 MM COOL GREY PAS,11,248.451
50133931,MAR ACRI TWIN 1.5 MM/4 MM FUCHSIA PINK,11,248.451
50133934,MAR ACRI TWIN 1.5 MM/4 MM VIOLETA,11,248.451
50133936,MAR ACRI TWIN 1.5 MM/4 MM VIOLET DARK,11,248.451
50133938,MARC ACRI TWIN 1.5 MM/4 MM TRAFFFIC RED,11,248.451
50133939,MARC ACRI TWIN 1.5 MM/4 MM BL VIO PAS,11,248.451
50133940,MARC ACRI TWIN 1.5 MM/4 MM  HAZELNUT BRO,11,248.451
50133941,MAR ACRI  TWIN 1.5 MM/4 MM KAKAO77 GREEN,11,248.451
50133942,MAR ACRI TWIN 1.5 MM/4 MM YELLOW,11,248.451
50133943,MAR ACRI TWIN 1.5 MM/4 MM  MET SIL,11,248.451
50133944,MAR ACRI TWIN 1.5 MM/4 MM DARE ORA,11,248.451
50133945,MAR ACRI TWIN 1.5 MM/4 MM TRUE BLUE,11,248.451
50133946,207 MARC ACR TWIN 1.5 MM/4 MM SKIN PAST,11,248.451
50133948,MAR ACRI TWIN 1.5 MM/4 MM CURRANT,11,248.451
50133950,MAR ACRI TWIN 1.5 MM/4 MM  SHOCK BLUE M,11,248.451
50133951,MAR ACRI TWIN 1.5 MM/4 MM  N YELLOW FLU,11,248.451
50133952,MAR ACRI 1.5 MM/4 MM  NEON GREEN FLUOR,11,248.451
50133954,MAR ACRI 1.5 MM/4 MM  GREY BLUE DARK,11,248.451
50133955,MAR ACRI 1.5 MM/4 MM MAGENTA,11,248.451
50133957,MAR ACRI 1.5 MM/4 MM   NATURE WHITE,11,248.451
50133958,MAR ACRI 1.5 MM/4 MM   METALLIC BLACK,11,248.451
50133959,MAR ACRI 1.5 MM/4 MM  METALIC GOLD,11,248.451
50133960,MAR ACRI 1.5 MM/4 MM GREY BLUE LIGHT,11,248.451
50133961,MAR ACRI 1.5 MM/4 MM SHOCK BLUE,11,248.451
50133962,MAR ACRIL 1.5 MM/4 MM POISON GREEN,11,248.451
50133963,MAR ACRILICO 1.5 MM/4 MM  GRASSHOPPER,11,248.451
50133964,MAR ACRILTWIN 1.5 MM/4 MM  MR. GREEN,11,248.451
50133965,MARCADOR VACIO 611EM 15 MM BROAD,11,171.423
50133966,MAR VACIO ACRIL 1.5 MM/4 MM 224EM,11,197.946
50133967,MARCADOR VACIO 111EM 2 MM ROUND,11,141.309
50133968,MARCADOR VACIO 711EM 60 MM HIGHFLOW,11,420.714
50133969,MARCADOR VACIO 211EM 4 MM ROUND,11,152.334
50133970,MARCADOR VACIO 311EM 4-8 MM CHICEL,11,182.469
50133971,DRIPSTICK -S 3 MM ROLLERBALL 30 ML,11,172.284
50133972,DRIPSTICK -L 10 MM HIGHFLOW 70 ML,11,187.761
50133973,DRIPSTICK -XL 25 MM HIGHFLOW 100 ML,11,221.718
50134057,PINTARRON IGLU 90X120 CM,11,1302.147
50134058,PINTARRON SEMANAL MODERNO 20X30 CM,11,223.356
50134115,LLAVERO PELUCHE CAPIBARA,11,108.5714318
50134119,KIT PARA COLOREAR CAPIBARA CON CRAYOLAS,11,91.875
50134120,KIT PARA COLOREAR CAPIBARA CON ACUARELAS,11,87.675
50134124,PELUCHE CAPIBARA,11,242.210223
50134127,PLANTILLA DE PIEDRAS CAPIBARA 20X20 CM,11,126.9494
50134128,PIZARRON C PLUMON CAPIBARA 17 X23,11,49.25440984
50134129,STICKERS 3 HOJAS CAPIBARA,11,36.74923729
50134161,TOMBOW ABT DUAL BRUSH 026 AMARILLO ORO,11,93.366
50134162,TOMBOW ABT DUAL BRUSH 027 OCRE OSCURO,11,93.366
50134163,TOMBOW ABT DUAL BRUSH 055 AMARILLO,11,93.366
50134164,TOMBOW ABT DUAL BRUSH 062 AMARILLO,11,93.366
50134165,TOMBOW ABT DUAL BRUSH 076 VERDE OCRE,11,93.366
50134166,TOMBOW ABT DUAL BRUSH 098 AGUACATE,11,93.366
50134167,TOMBOW ABT DUAL BRUSH 133 CHARTREUSE,11,93.366
50134168,TOMBOW ABT DUAL BRUSH 158 OLIVO OSCURO,11,93.366
50134169,TOMBOW ABT DUAL BRUSH 173 VERDE SAUCE,11,93.366
50134170,TOMBOW ABT DUAL BRUSH 192 ESPARRAGO,11,93.366
50134171,TOMBOW ABT DUAL BRUSH 228 VERDE GRISACEO,11,93.366
50134172,TOMBOW ABT DUAL BRUSH 245 VERDE SAVIA,11,93.366
50134173,TOMBOW ABT DUAL BRUSH 249 VERDE BOSQUE,11,93.366
50134174,TOMBOW ABT DUAL BRUSH 296 VERDE,11,93.366
50134175,TOMBOW ABT DUAL BRUSH 407 AZUL TIKI,11,93.366
50134176,TOMBOW ABT DUAL BRUSH 373 AZUL MAR,11,93.366
50134177,TOMBOW ABT DUAL BRUSH 443 TURQUESA,11,93.366
50134178,TOMBOW ABT DUAL BRUSH 451 AZUL CIELO,11,93.366
50134179,MARCADOR TOMBOW ABT DUAL BRUSH 452 AZUL,11,93.366
50134180,TOMBOW ABT DUAL BRUSH 533 AZUL PAVOREAL,11,93.366
50134181,TOMBOW ABT DUAL BRUSH 553 PURPURA NIEBLA,11,93.366
50134182,TOMBOW ABT DUAL BRUSH 555 ULTRAMAR,11,93.366
50134183,TOMBOW ABT DUAL BRUSH 603 BIGARO,11,93.366
50134184,TOMBOW ABT DUAL BRUSH 606 VIOLETA,11,93.366
50134185,TOMBOW ABT DUAL BRUSH 623 PURPURA SALVIA,11,93.366
50134186,TOMBOW ABT DUAL BRUSH 636 PURPURA IMPE,11,93.366
50134187,TOMBOW ABT DUAL BRUSH 665 PURPURA,11,93.366
50134188,TOMBOW ABT DUAL BRUSH 673 ORQUIDEA,11,93.366
50134189,TOMBOW ABT DUAL BRUSH 679 CIRUELA OSCURA,11,93.366
50134190,MARCADOR TOMBOW ABT DUAL BRUSH 703 ROSA,11,93.366
50134191,TOMBOW ABT DUAL BRUSH 725 MAGENTA,11,93.366
50134192,TOMBOW ABT DUAL BRUSH 772 ROSA PALIDO,11,93.366
50134193,TOMBOW ABT DUAL BRUSH 837 VINO TINTO,11,93.366
50134194,TOMBOW ABT DUAL BRUSH 847 CARMESI,11,93.366
50134195,MARCADOR TOMBOW ABT DUAL BRUSH 850 PIEL,11,93.366
50134196,TOMBOW ABT DUAL BRUSH 856 ROJO AMAPOLA,11,93.366
50134197,MARCADOR TOMBOW ABT DUAL BRUSH 879 CAFE,11,93.366
50134198,TOMBOW ABT DUAL BRUSH 885 ROJO CALIDO,11,93.366
50134199,MARCADOR TOMBOW ABT DUAL BRUSH 905 ROJO,11,93.366
50134200,TOMBOW ABT DUAL BRUSH 912 CEREZA PALIDA,11,93.366
50134201,TOMBOW ABT DUAL BRUSH 803 ROSA FUERTE,11,93.366
50134202,TOMBOW ABT DUAL BRUSH 925 ESCARLATA,11,93.366
50134203,TOMBOW ABT DUAL BRUSH 969 CHOCOLATE,11,93.366
50134204,TOMBOW ABT DUAL BRUSH 977 MARRON,11,93.366
50134205,TOMBOW ABT DUAL BRUSH 990 ARENA CLARA,11,93.366
50134206,TOMBOW ABT DUAL BRUSH 991 OCRE CLARO,11,93.366
50134207,TOMBOW ABT DUAL BRUSH 992 ARENA,11,93.366
50134208,TOMBOW ABT DUAL BRUSH N15 NEGRO,11,93.366
50134209,TOMBOW ABT DUAL BRUSH N45 GRIS FRIO 10,11,93.366
50134210,TOMBOW ABT DUAL BRUSH N55 GRIS FRIO 7,11,93.366
50134211,TOMBOW ABT DUAL BRUSH N65 GRIS FRIO 5,11,93.366
50134212,TOMBOW ABT DUAL BRUSH N75 GRIS FRIO 3,11,93.366
50134213,TOMBOW ABT DUAL BRUSH N95 GRIS FRIO 1,11,93.366
50134214,TOMBOW ABT DUAL BRUSH N00 DIFUMINADOR,11,93.366
50134215,TOMBOW DUAL BRUSH PRIMARIOS C/10 PZ,11,883.89
50134216,TOMBOW DUAL BRUSH PASTEL C/10 PZ,11,883.89
50134217,TOMBOW DUAL BRUSH BRILLANTES C/10 PZ,11,883.89
50134218,TOMBOW DUAL BRUSH VERY BERRY C/6 PZ,11,530.964
50134219,TOMBOW DUAL BRUSH LEMON SQUEEZY 6 P,11,530.964
50134220,TOMBOW DUAL BRUSH JUST PEACHY C/6 PZ,11,530.964
50134221,MARC Y ACCESORIOS PARA ILUSTRACION 9 P,11,1078.182
50134222,MARC Y ACCESORIOS PARA DIBUJO SET 6 P,11,536.508
50134223,MARC DE DIBUJO MONO P/DETALLADO 3 P,11,404.712
50134224,MARC Y ACCES LETTERING SET C/10 P,11,978.768
50134225,MARC ACCES ACUARELA 12 P,11,978.768
50134226,MARC DE DIBUJO MONO P/DETALLADO 6 P,11,681.66
50134227,TOMBOW DUAL BRUSH RETRATOS C/10 P,11,883.89
50134228,TOMBOW DUAL BRUSH COTTAGE C/10 P,11,883.89
50134229,TOMBOW DUAL BRUSH YAY SORBET C/6 P,11,530.964
50134230,PORTAGOMAS REDONDO  GOMAS 2.3 MM 2 P,11,253.26
50134231,GOMAS 2.3 MM  EN BLISTER C/2 PZ,11,138.726
50134232,PORTAGOMAS  GOMA DE ARENA   4 P,11,357.084
50134345,BOLSA NON WOVEN IMPRESA,11,27.77705538
50134420,ROMPECABEZAS POKEMON 100 PC,11,252
50134421,ROMPECABEZAS MINECRAFT 100 PC,11,252
50134422,GRAN OLA DE KANAGAWA 1000 PIEZAS,11,308.426087
50134424,ROMPECABEZAS PREHISTORICOS 3X49 PC,11,252
50134425,ROMPECABEZAS FAVORITOS DISNEY 200 PC,11,315
50134426,ROMPECABEZAS MINECRAFT 300 PC,11,340.2
50134427,ROMPECABEZAS PRINCESAS 24 PC G,11,443.1
50134428,ROMPECABEZAS PAW PATROL 24 PC G,11,443.1
50134429,ROMPECABEZAS DINOSAURIOS 24 PC G,11,443.1
50134430,ROMPECABEZAS 3D POKEMON 54 PC AZUL,11,163.8
50134431,ROMPECABEZAS 3D POKEMON 54 PC ROJA,11,163.8
50134432,ROMPECABEZAS 3D LAMBORGHINI 108 PC,11,823.2
50134539,DIAMOND KIT,11,235.473
50134540,KIT SENSORIAL PRINCESA,11,341.964
50134541,KIT SENSORIAL GRANJA,11,341.964
50134542,KIT SENSORIAL ESPACIO,11,341.964
50134543,TERRARIO BRILLA EN LA OBSCORIDAD,11,424.788
50134581,PAQUETE STICKERS 2 H CONSTELACIONES,11,22.76337385
50134624,LLAVERO LUNA CONSTELACIONES,11,28.43415441
50134631,PAPEL DE REGALO TODA OCASION,11,50.106
50134703,GISES JUMBO CON PORTAGIS 5PZ STITCH,11,162.036
50134789,KIT CERAMICA UNICORNIO,11,165.897142
50134790,KIT CERAMICA DINOSAURIO,11,165.8971829
50134791,KIT CERAMICA PUERQUITO,11,165.8962247
50134792,KIT DE PINTURA DE DIAMANTE UNICORNIO,11,84.05354683
50134793,KIT DE PINTURA DE DIAMANTE GATITO,11,84.05402564
50134794,KIT DE PINTURA DE DIAMANTE MARIPOSA,11,84.0534791
50134947,ROMPECABEZAS BOLSA FOIL POKEMON,11,88.2
50134948,ROMPECABEZAS BOLSA FOIL GABBY DOLL HOUSE,11,88.2
50135008,BOLSA MEDIANA CAPIBARAS,11,24.696
50135009,BOLSA GRANDE CAPIBARAS,11,32.592
50135078,PIZARRON 30X22CM CON PLUMON SNOOPY,11,188.181
50135080,ROMPECABEZAS PEANUTS  GRAFFITI  500 PZ,11,340.2
50135098,PCM PAPEL STOCK 1TANTO 6000 HJAS 9.5X5.5,11,1678.887
50135248,ARTBOOK XL ACUARELA  A5 300 G,11,450.786
50135249,ARTBOOK XL ACUARELA  A4 300 G,11,640.605
50135250,ARTBOOK XL MIX MEDIA  A5 300 G,11,474.516
50135251,BOOK XL MIX MEDIA A5,11,427.056
50135252,ARTBOOK XL MIX MEDIA  A4 160 G,11,707.028
50135253,XLBOOK 60H DESSIN A5 SGC 160 G,11,403.326
50135254,SPP CANXL 100S CROQ A5 SGC 90G,11,403.326
50135257,BK GRAD DESSIN 160G10.2X15.2CM,11,232.512
50135258,BK GRAD DESSIN 160G 14X21.6CM,11,287.07
50135259,BK GRAD DESSIN 160G27.9X35.5CM,11,593.145
50135260,BK GRAD  MXMED 220G 21.6X14 NA,11,287.07
50135261,BK GRAD MANGA 200G 14X21.6 CM,11,287.07
50135262,LATA LYRA GRADUATE 12C,11,427.056
50135263,LATA LYRA GRADUATE AQUA 12C,11,465.024
50135264,BK CAN PT 36S MIXMED 14X21.6,11,287.07
50135265,ARTBK GRAD  ACUARE 250G  A5 LC,11,232.512
50135266,DAL AQUAFINE TRAVEL SET 12 HP,11,481.635
50135470,D&R SET DE ARTE CON 122 PIEZAS ALUMINIO,11,1636.383
50135560,BOLSA BARNIZ MEDIANA TRIENO PINO APL,11,27.909
50135561,BOLSA BARNIZ MEDIANA PINGUINO PERRO,11,36.792
50135562,BOLSA BARNIZ MEDIANA RENO PEREZOSO APL,11,34.02
50135564,BOLSA REG MED APLIC MERRY CHRISTMAS,11,27.909
50135565,BOLSA REG MED APLIC BROCHAZOS Y COPOS,11,27.909
50135566,BOLSA BARNIZ MEDIANA PINOS VARIOS APL,11,27.9087185
50135567,BOLSA REG MED APLIC SANTA CON ONDAS,11,27.909
50135569,BOLSA BARNIZ CHI SANTA SORPRESA APL,11,21.378
50135570,BOLSA BARNIZ CHI CARTA POLO NORTE APL,11,21.378
50135573,BOLSA BARNIZ CHI OSO Y SANTA APL,11,21.378
50135574,BOLSA REG CHI APLIC SANTA SORPRESA,11,21.378
50135575,BOLSA BOND MED ASAS RIGIDA TAZAS,11,21.168
50135576,BOLSA BOND MEDI ASAS RIGIDA SANTA LLEGO,11,21.168
50135577,BOLSA BOND MED ASAS RIGIDA PINOS,11,21.168
50135578,BOLSA BOND FOIL MED ASAS RIGIDA GALLETA,11,23.247
50135579,BOLSA BOND FOIL MED RIGIDA DULCE PINO,11,23.247
50135581,BOLSA KRAFT FOIL GRAN  RIGIDA SANTA PINO,11,32.361
50135582,BOLSA REG GDE APLIC KRAFT COPOS Y MONO,11,32.361
50135583,BOLSA KRAFT FOIL M  RIGIDA SANTA PINO,11,23.247
50135584,BOLSA KRAFT FOIL M ASAS RIGIDA PATRONES,11,23.247
50135585,BOLSA REG MED APLIC KRAFT PATRONES,11,23.247
50135586,CAJA CUBO GRANDE COLOR ROJO,11,52.5
50135587,CAJA MATERIA  CUBO G COLOR VERDE,11,52.5
50135588,ROLLO TRES PLIEGOS PAPEL KRAFT NAV,11,37.737
50135589,ROLLO TRES PLIEGOS PAPEL LICENCIAS,11,42.71396609
50135618,CAJA GRANDE ARMADA COLOR PLATA,11,16.233
50135619,CAJA GRANDE ARMADA COLOR ORO,11,16.233
50135620,BOLSA MINI AGUJETA DISENO SANTA,11,16.338
50135621,BOLSA  MEGA DISENO NAVIDAD INFANTIL,11,21.378
50135622,BOLSA MEGA  CARTA POLO,11,55.041
50135623,BOLSA CHICA FRASES NAVIDAD,11,20.811
50135624,BOLSA  CHICA NAVIDAD COCHES,11,20.811
50135625,BOLSA  CHICA  SANTA,11,20.811
50135626,BOLSA VINO ASA AGUJETA DISENOS APLICADO,11,46.62
50135628,BOLSA BOUTIQUE GRDE ASA CASCAN ROMBOS,11,30.954
50135629,BOLSA BOUTIQUE GRDE ASA GNOMOS NAVIDAD,11,30.954
50135630,BOLSA BOUTIQUE GRDE ASA ENCOJE NAVIDAD,11,20.811
50135632,BOLSA BOUTIQUE GRDE ASA FOQUITOS NAVID,11,30.954
50135633,BOLSA BOUTIQUE GRDE ASA CASCANUECES NV,11,30.954
50135634,BOLSA JUMBO ASA SPIDERMAN CON PINO,11,74.067
50135635,BOLSA JUMBO ASA PAW PATROL NAV Y AMIG,11,74.067
50135638,BOLSA JUMBO ASA KITTY FRIENDS NAVIDAD,11,74.067
50135639,BOLSA JUMBO ASA EILEEN PETS NAVIDAD,11,58.485
50135641,BOLSA GRANDE ASA VILLANO NAVIDAD,11,46.83
50135642,BOLSA GRANDE ASA KITTY WARMEST NAVID,11,46.83
50135643,BOLSA GRANDE ASA GRINCH NAVIDAD,11,46.83
50135644,BOLSA GRANDE ASA MINECRAFT NAVIDAD,11,46.83
50135645,BOLSA GRANDE ASA SPIDERMAN NAVIDAD,11,46.83
50135646,BOLSA MEDIANA DISENO VILLANO NAVID,11,34.23
50135647,BOLSA MEDIANA DISENO SANTA NAVIDAD,11,22.344
50135648,BOLSA MEDIANA DISENO GRINCH NAVIDAD,11,34.23
50135649,BOLSA MEDIANA DIS HOT WHEELS NAVID,11,34.23
50135650,BOLSA MEDIANA DISENO KUROMI NAVIDAD,11,34.23
50135651,BOLSA MEDIANA DIS MINECRAFT NAVIDAD,11,34.23
50135653,BOLSA REG BOUTIQ GDE ENCOJE,11,31.01208955
50135659,BOLSA MEGA FRASES INFANTI,11,76.671
50135660,BOLSA GRANDE DISENO PINOS ROSAS APL,11,34.02
50135662,BOLSA GRANDE DIS CARAMELO FOCO APL,11,34.02
50135665,BOLSA GRANDE DIS LUMBERJACK APLICA,11,34.02
50135666,BOLSA GRANDE DIS TRINEO PINO APLICA,11,34.02
50135667,BOLSA GRANDE MERRY CHRISTMAS APLICA,11,34.02
50135668,BOLSA GRANDE CUADROS APLICACION,11,34.02
50135669,BOLSA REG GDE APLIC PINO DORADO LUMBER,11,34.02
50135671,BOLSA BARNIZ MEDIANA SANTA ONDAS APL,11,27.888
50135672,BOLSA BARNIZ MEDIANA SANTA TREN APL,11,27.888
50135673,BOLSA REG GDE APLIC CARTA POLO,11,34.00316529
50135674,BOLSA BARNIZ MEDIANA BROCHAZOS COPOS,11,27.909
50135675,BOLSA REG MED APLIC OSO SANTA CUTE,11,28.938
50135676,BOLSA REG BOUTIQ GDE LUMBERJACK,11,30.954
50135677,BOLSA BARNIZ MEDIANA PINOS Y ORO APL,11,27.909
50135678,BOLSA BARNIZ MEDIANA MERRY CHRISTMAS,11,27.909
50135679,BOLSA BARNIZ MEDIANA LUMBERJACK APL,11,27.909
50135784,MUN ARTE Y ACTI MINEECRAFT 54 PZS,11,650.643
50135785,MUN ARTE Y ACTI CAPIBARA  54 PZS,11,650.643
50135786,MUN ARTE Y ACTIVI  BLUEY 54 PZS,11,650.643
50135787,SET FANT  MINECRAFT 8 PZS,11,226.968
50135788,SET FANTAS BLUEY 8 PZS,11,226.968
50135789,SET FANT DOLLHOUSE 8 PZS,11,226.968
50135790,DREAM DRAW  MELODY 42 PZS,11,270.459
50135791,DREAM DRAW  CINNAMOROLL 42 PZS,11,270.459
50135799,MONO ESTRELLA KRYSTAL PZ SURTIDO,11,10.71
50135800,ESTRELLA IMPRESOS PZ SURTIDO,11,5.88
50135801,ESTRELLA MICRO SURT BL/8,11,7.98
50135802,MONO ESTRELLA MEDIANO KRYSTAL BLANCO,11,9.87
50135803,MONO ESTRRELLA JUMBO NEON,11,15.33
50135804,MONO ESTRELLA JUMBO KRYSTAL BLANCO,11,15.33
50135810,MONO CAIREL KRYSTAL REY,11,6.72
50135992,MONO MEDIANO ECOLOGICO NICO TK,11,31.878
50136158,30600 PRESAPLY ETIQUETA LASER,11,993.594
50136249,COLOR PET PAW PATROL HIDRANTE LAVAB 11PZ,11,1019.466
50136250,COLOR PET PAW PATROL LAVABLE 4PZ,11,174.615
50136251,DISENO DE MODAS STICKERS,11,453.684
50136252,CUENTAS APLICABLES MIX PASTEL,11,663.201
50136255,TROMPO COLOURWHIRLS CRAYOLA 2PX,11,143.325
50136262,SET DE ARTE 45PZ CRAYOLA,11,367.437
50136566,CAR IRIS VIVALDI 185 GRS BLANCA,11,22.722
50136567,CAR IRIS VIVALDI 185 GRS CREMA,11,22.722
50136568,CAR IRIS VIVALDI 185 GRS AMARILLO LIMON,11,22.722
50136569,CAR IRIS VIVALDI 185 GRS AMAR CANARIO,11,22.722
50136570,CAR IRIS VIVALDI 185 GRS AMARILLO ORO,11,22.722
50136572,CAR IRIS VIVALDI 185 GRS NARANJA,11,22.722
50136573,CAR IRIS VIVALDI 185 GRS ROSA,11,22.722
50136575,CAR IRIS VIVALDI 185 GRS TOMATE,11,22.722
50136579,CAR IRIS VIVALDI 185 GRS VIOLETA,11,22.722
50136580,CAR IRIS VIVALDI 185 GRS AZUL CIELO,11,22.722
50136581,CAR IRIS VIVALDI 185 GRS AZUL MAR,11,22.722
50136583,CAR IRIS VIVALDI 185 GRS AZUL TURQUESA,11,22.722
50136584,CAR IRIS VIVALDI 185 GRS VERDE MANZANA,11,22.722
50136585,CAR IRIS VIVALDI 185 GRS VERDE BILLAR,11,22.722
50136586,CAR IRIS VIVALDI 185 GRS VERDE ABETO,11,22.722
50136589,CAR IRIS VIVALDI 185 GRS CHOCOLATE,11,22.722
50136591,CAR IRIS VIVALDI 185 GRS GRIS PLOMO,11,22.722
50136592,CAR IRIS VIVALDI 185 GRS NEGRO,11,22.722
50136599,CAR IRIS VIVALDI 185 GRS ROSA CHICLE,11,22.722
50136607,SET PREESCOLAR CRAYOLA 49PZ,11,470.925
50136668,MASA MOLDEABLE DOUGH ROJO,11,21.735
50136669,MASA MOLDEABLE DOUGH AZUL,11,21.735
50136670,MASA MOLDEABLE DOUGH AMARILLO,11,21.735
50136899,PINT DIAMANTADA POLITEC ORO 100 ML,11,74.382
50136900,PINT DIAMANTADA POLITEC PLATA 100 ML,11,74.382
50136901,PINT DIAMANTADA POLITEC ROJO 100 ML,11,74.382
50136902,PINT DIAMANTADA POLITEC VERDE 100 ML,11,74.382
50136903,PINT DIAMANTADA POLITEC AZUL 100 ML,11,74.382
50136904,PINT DIAMANTADA POLITEC MORADO 100 ML,11,74.382
50136905,ACRIL. MAGENTA FLUOR 100 ML L- 800,11,54.684
50136906,ACR.AMARILLO FLUOR.100ML.L-800,11,54.684
50136907,ACR.ROJO FLUOR.100ML.L-800,11,54.684
50136908,ACR.NARANJA FLUOR.100ML.L-800,11,54.684
50136909,ACR.VERDE FLUOR.100ML.L-800,11,54.684
50136910,ACR.AZUL FLUOR.100ML.L-800,11,54.684
50136911,ACR.ROSA FLUOR.100ML.L-800,11,54.684
50136912,ACR. POLITEC L-500 ROJO MET 100 ML #521,11,55.272
50136913,ACR. POLITEC L-500 MORA MET 100 ML #534,11,55.272
50136914,ACR. POLITEC L-500 VERDE MET 100 ML #533,11,55.272
50136915,ACR. POLITEC L-500 AMAR MET 100 ML #518,11,55.272
50136916,ACR. POLITEC L-500 BLAN MET 100 ML #501,11,55.272
50136917,ACR. POLITEC L-500 VER H MET 100 ML #528,11,55.272
50136918,ACR. POLITEC L-500 NAR MET 100 ML #508,11,55.272
50136919,ACR. POLITEC L-500 GRIS MET 100 ML #517,11,55.272
50136920,ACR. POLITEC L-500 OCRE MET 100 ML #503,11,55.272
50136921,ACR. POLITEC L-500 CAFE ME 100 ML #504,11,55.272
50136922,ACR. POLITEC L-500 AZUL MET 100 ML #513,11,55.272
50136923,ACR. POLITEC L-700 ORO MET ES 100ML #700,11,62.916
50136924,ACR. POLITEC L-700 PLA MET ES 100ML #701,11,62.916
50136925,ACR. POLITEC L-700 BRO MET ES 100ML #702,11,62.916
50136932,AZUL PASTEL ACR.ESC. 100ML #316,11,44.541
50136933,ROSA PASTEL ACR.ESC. 100ML #326,11,44.541
50136934,VIOLETA CLARO ACR.ESC. 100ML #311,11,44.541
50136935,VERDE PALIDO ACR.ESC. 100ML #333,11,44.541
50136936,AMAR. PASTEL ACR.ESC. 100ML #329,11,44.541
50136937,PLASTILITA POLITEC 100ML,11,45.717
50136938,GESSO POLITEC 100ML 4029,11,42.042
50136943,QUITA GOMA EL PODER DEL CITRICO 70ML.,11,40.866
50136944,QUITA GOMA EN AEROSOL 160 ML.,11,74.97
50136946,MOT POTCH POLICRAFT MATE 60 ML,11,30.282
50136947,PINTURA VINILICA BOMBIN 250 ML VERDE,11,45.129
50136948,PINTURA VINILICA BOMBIN 250 ML CAFE,11,45.129
50136949,PINTURA VINILICA BOMBIN 250 ML AZUL,11,45.129
50136950,PINTURA VINILICA BOMBIN 250 ML NARANJA,11,45.129
50136951,PINTURA VINILICA BOMBIN 250ML AZUL CLARO,11,45.129
50136952,PINTURA VINILICA BOMBIN 250ML VDE AMARIL,11,45.129
50136953,PINTURA VINILICA BOMBIN 250ML MORADO,11,45.129
50136954,PINTURA VINILICA BOMBIN 250 ML AMARILLO,11,45.129
50136955,PINTURA VINILICA BOMBIN 250 ML BLANCO,11,45.129
50136956,PINTURA VINILICA BOMBIN 250 ML NEGRO,11,45.129
50136957,PINTURA VINILICA BOMBIN 250 ML ROJO,11,45.129
50136958,PINTURA VINILICA BOMBIN 250 ML ROSA,11,45.129
50136959,NIEVE RODIN 100 ML,11,32.046
50137170,HOJA ACRILICO ESPEJO PLATAÂ 3MM,11,2100
50137303,BOLSA CHICA  FRASES AMOR,11,22.638
50137304,BOLSA BARNIZ  MEDIANA SAN VALENTIN,11,22.344
50137305,BOLSA  BARNIZ M CAPIBARA SAN VALENTIN,11,22.344
50137306,BOLSA  BARNIZ M  PEANUTS SAN VALENTIN,11,34.23
50137307,BOLSA  BARNIZ G  CAPIBARA SAN VALENTIN,11,28.224
50137308,BOLSA BARNIZ G  PEANUTS SAN VALENTIN,11,46.83
50137309,BOLSABARNIZ  G DISENO SAN VALENTIN,11,36.792
50137310,PDXL RECYCLED SKETCH 11X14/100 FO,11,468.426
50137311,PD XL MIX MEDIA  11 X 14/60 SW,11,657.783
50137312,SIMPLY  WATERCOLOUR 12X12 ML SET,11,338.856
50137313,SIMPLY ACRYLIC 12X12 ML SET,11,348.831
50137314,SIMPLY CANVAS   60X 80 CM /24X32,11,518.259
50137315,MASA DAS BLANCA 1 KILO,11,165.942
50137316,MASA DAS TERRACOTA 1 KILO,11,179.886
50137352,SET DE 5 GISES JUMBO KUROMI,11,162.036
50137353,SET DE 5 GISES JUMBO HELLO KITTY,11,162.036
50137362,SPARKLY PLANNER  KUROMI,11,304.5
50137399,TATAMI PROFESIONAL 10M2,11,576.45
50137539,PINTARRON ALFRA CLASSICO 90X240,11,5317.2
50032786,LLAVERO IDENTIFICAD 8PZ KEVRON,12,151.5264
50032788,LLAVERO IDENTIFICADOR 4PZS,12,51.891
50033524,CESTO BASURA REC SABLON 8015NE,12,109.9983854
50035991,CESTO DE BASURA SABLON JUMBO N,12,127.2765147
50038810,MICROFIBRA PRA LENTES SCOTCH,12,50.28694213
50042526,CANDADO LOCKER COLORES COMBINA,12,208.215
50044567,TOALLA ANTIBAC WALFORT LIM 12P,12,30.471
50061554,TOALLAS HUMEDAS PRA LENTES,12,46.935
50061636,TOALLAS HÚMEDAS PARA PANTALLAS,12,46.935
50062000,CAJA PARA DINERO OFFICEMAX CH.,12,229.0707758
50062001,CAJA PARA DINERO OFFICEMAX MED,12,372.7606772
50062002,CAJA PARA DINERO OFFICEMAX GDE,12,485.973067
50065864,CAJA PARA DINERO OMX CERRADURA,12,276.2091945
50066277,MINI CLEAN ROLLER SCOTCH 30 HJ,12,58.79498902
50073672,LINTERNA P/LECTURA ENERGIZER,12,289.4828306
50074091,CAJA METALICA PARA LLAVES OMX,12,570.5034261
50075127,GUANTE UNIVERSAL AFEL 3M MED,12,47.620125
50082882,FIBRA SCOTCH BRITE VERDE P-96,12,39.96320792
50085467,LENTES PARA LABORATORIO TRANSP,12,50.568
50087281,GEL ANTIBACTERI SINBIOTIK 29ML,12,28.26372061
50087282,FUNDA GEL ANTIBATER SINBIOTIK,12,96.6
50088514,SENAL SISMO O INCENDIO 23X33,12,249.9296863
50088531,SENAL SISMO O INCENDIO 40X34CM,12,162.0800701
50088532,LETRERO ABIERTO-CERRADO SIGEL,12,173.181153
50088533,SENAL NO ESTACIONARSE 35X24,12,171.4225562
50088534,SENAL SE RENTA 34X50CM SIGEL,12,152.3911055
50088535,"SENAL ""SE VENDE"" 34X50CM SIGEL",12,149.8198205
50088536,SENAL RUTA DE EVACUACION DCHA,12,119.4970032
50088537,SENAL RUTA EVACUACION IZ SIGEL,12,123.0747387
50088538,"SENAL ""SALIDA DE EMERGENCIA""",12,124.8701822
50088539,"SENAL ""PROHIBIDO FUMAR"" SIGEL",12,77.63949246
50088540,CALCOMANIA BANOS C/3 SIGEL,12,81.80077788
50088541,SENALIZACION EXTINGUIDOR SIGEL,12,69.93667178
50088542,SENAL SOLO PERSONAL AUTORIZADO,12,75.15137882
50088543,"SENALIZACION ""BANOS MUJERES""",12,65.64799379
50088544,"SENALIZACION ""BANOS HOMBRES""",12,65.14233302
50088545,SENALIZACION BANOS 23X7.5CM,12,65.62502366
50092154,GUANTE ALGODON Y GRIP PVC SILV,12,31.49326734
50092155,GUANTE SILVERLINE N9 POLI Y LA,12,80.79549545
50093216,KIT HIGIENE BUCAL COLGATE 3 PZ,12,75.82919312
50093429,GUANTE BLANCO SILVERLINE POLIE,12,87.44318115
50093430,GUANTE VERDE SILVERLINE POLIES,12,88.00845
50093431,GUANTE NEGRO SILVERLINE NYLON,12,59.80874507
50093432,CHALECO DE MALLA SILVERLINE,12,115.075791
50093433,CINCHOS 2.5X100MM SILVERLINE,12,29.37110415
50094613,SILICON EN AEROSOL SILVERLINE,12,146.6503043
50094904,CAJA P/DINERO ENCICLOPEDIA DUO,12,844.5111818
50095159,"CAJA PARA DINERO FRANCE 9""",12,464.772
50095160,"CAJA PARA DINERO FRANCE 7""",12,382.2653385
50095715,CINCHOS 3.5MM SILVERLINE 100 P,12,64.76392142
50098144,DETECTOR DE BILLETES OFFICEMAX,12,459.186
50098146,CONTADORA DE BILLETES OFFICEMA,12,4237.968435
50100416,"CAJA PARA DINERO BIG BEN 9""",12,509.7871081
50100417,"CAJA PARA DINERO BIG BEN 7""",12,407.5282703
50105958,FLEXOMETRO DE 3M X 15MM,12,90.49865843
50106464,LETRERO PISO MOJADO SILVERLINE,12,308.698844
50106466,CINTA PROHIBIDO EL PASO 150MTS,12,168.2854053
50106586,CANDADO DE HIERRO 30MM,12,90.52968068
50106588,JUEGO CANDADOS DORADOS 20MM,12,93.7615
50107159,ENCENDEDOR MULTIUSOS,12,41.79
50107584,10PK CUBREBOCAS TRICAPA LISO,12,130.2
50108005,GEL ANTIBACTERIAL 60ML,12,31.08
50108117,CUBREBOCAS TRICAPA LISO BLANCO,12,13.02
50108229,DESINFECTANTE Y SANIT 1 LITRO,12,203.6727179
50108698,CLORO 6% 1 LITRO CASMOR,12,42.97066667
50108877,DESINF Y SANITIZANTE 4 LITROS,12,693
50109306,GEL ANTIBACTERIAL 4 LITROS,12,603.582
50109330,CUBREBOCAS TRICAPA 50 PIEZAS,12,378
50109331,TOALLAS DESINFECTAN CN 550 PZA,12,1700.00462
50109336,GUANTES POLIETILENO 100 PZAS,12,103.6877625
50109351,LAMPARAS OBI DETECTORA,12,664.65
50109615,CESTO DE BASURA REDONDO MESH,12,145.1763214
50109616,CESTO DE BASURA REDONDO MESH P,12,142.6959155
50110336,FLEXOMETRO ERGONOMICO 3MX16MM,12,70.35
50110397,LIMPIADOR MULTIUSOS LAVANDA,12,46.87292771
50110398,LIMPIAVIDRIOS DALMICK CON,12,109.1871909
50110399,BOLSA 50X70CM NEGRA C-400 1KG,12,104.17225
50110400,DETERGENTE 500 GRS ROMA,12,52.35163636
50110401,MECHUDO DE PABILO 400 GR,12,137.9203636
50110402,JERGA TRAMO 50 X 1.00,12,40.30428777
50110403,GUANTES CLASICO NO 8 SPONYA,12,56.25370866
50110404,REPUESTO MECHUDO ABSORBENTE,12,79.5368
50110405,REPUESTO ESCOBA ABANICO,12,106.8168182
50110407,JABON DE MANOS GEL DALMICK ,12,224.7
50110906,MASCARILLA KN95 NEGRA,12,27.09
50110910,AROMATIZANTE ELECTRICO AIR 21M,12,200.761835
50110911,CUBETA DE PLASTICO NO. 14,12,110.7595472
50110912,FRANELA TRAMO 50 X 1 MT. GRIS,12,41.24010484
50110913,HISOPOS COTONETES EMPAQUE,12,60.24613636
50110914,JALADOR DE PLASTICO 40 CM,12,108.1133721
50110915,LIMPIADOR SHAMPOO PARA MANOS,12,75.075
50110917,PANUELOS KLENEX FACIAL C/90,12,42.10045854
50110918,PAPEL HIGIENICO PETALO C/4 400,12,82.53508333
50110921,PAPEL HIGIENICO JB JR. 250 MTS,12,121.3028061
50110923,PASTILLA WC WIESE 1/2 LUNA 70,12,30.28414516
50110924,SANITAS INTERDOBLADA 100 HD,12,38.99910147
50110925,AROMATIZANTE AIR WICK REPUESTO,12,133.5456274
50111666,CANDADO LOCKER NEGRO Y GRIS,12,199.9246667
50112743,ANTISEP DESINFECTANTE 1 LITRO,12,130.2
50112818,FLEXOMETRO TRADICIONAL 5MX19MM,12,118.377
50112833,FGV PR151024 AIDEN PAS CAFE,12,256.935
50112834,FGV PR151024 AIDEN PAS CAFE 1.,12,256.935
50112835,FGV PR151024 AIDEN PAS CAFE 2,12,256.935
50112836,FGV PR151024 AIDEN PAS CAFE 25,12,256.935
50112837,FGV PR151024 AIDEN PAS CAFE 3,12,256.935
50112838,FGV PR-M11377 PETER MET CAFE 1,12,256.935
50112839,LENTES FGV PRM11377 CAFE +1.50,12,256.935
50112840,LENTES FGV PRM11377 CAFE +2.00,12,256.935
50112841,LENTES FGV PRM11377 CAFE +2.50,12,256.935
50112842,LENTES FGV PRM11377 CAFE +3.00,12,256.935
50112843,LENTES FGV PRP12769 NEG +1.00,12,256.935
50112844,LENTES FGV PRP12769 NEG +1.50,12,256.935
50112845,FGV PR-P12769 RUPERT PAS BLK 2,12,256.935
50112846,LENTES FGV PRP12769 NEG +2.50,12,256.935
50112847,FGV PR-P12769 RUPERT PAS BLK 3,12,256.935
50112848,FGV PR-P12849 LILAC PAS PRP 1.,12,256.935
50112849,FGV PR-P12849 LILAC PAS PRP 15,12,256.935
50112850,FGV PR-P12849 LILAC PAS PRP 2,12,256.935
50112851,FGV PR-P12849 LILAC PAS PRP 25,12,256.935
50112852,FGV PR-P12849 LILAC PAS PRP,12,256.935
50112853,FGV NFG0468 MIRA PAS BLU+1.00,12,256.935
50112854,FGV NFG0468 MIRA PAS BLU+1.50,12,256.935
50112855,FGV NFG0468 MIRA PAS BLU+2.00,12,256.935
50112856,FGV NFG0468 MIRA PAS BLU+2.50,12,256.935
50112857,FGV NFG0468 MIRA PAS BLU+3.00,12,256.935
50112858,FGV PR-P13017 ZINNIA PAS RED 1,12,256.935
50112859,LENTES FGV PRP13017 ROJO +1.50,12,256.935
50112860,LENTES FGV PRP13017 ROJO +2.00,12,256.935
50112861,LENTES FGV PRP13017 ROJO +2.50,12,256.935
50112862,LENTES FGV PRP13017 ROJO +3.00,12,256.935
50112985,E-GLASSES ERIC NEGRO,12,411.726
50112986,E-GLASSES SHANE CHR,12,411.726
50113116,INFLA LLANTAS,12,150.969
50113125,JUEGO DE GURBIAS DE 12 PZAS,12,141.015
50113377,"TRANSPORE FARMA 1"" 2.5CM X 9.1",12,69.027
50113775,DOG POP MIRROR VIII,12,370.461
50113776,FOSTER GRANT MILES,12,370.461
50113782,FOG POP ECLECTIC SIA,12,370.461
50113783,FOSTER GRANT LANDREE,12,370.461
50113785,FOG POP ECLECTIC RYLIE LIV,12,370.461
50113786,DISNEY PRINCESA 20293SDP500,12,181.335
50113787,DISNEY PRINCESA 15293SDP650,12,181.335
50113788,DISNEY PRINCESA DPRN 19 03 650,12,181.335
50113789,DISNEY FROZEN DFRZ 18 01 450,12,181.335
50113790,DISNEY FROZEN DFRZ 21 06 043,12,181.335
50113793,DISNEY MINNIE DMIN 21 01 653,12,181.335
50113795,DISNEY MICKEY DMIC 21 04 400,12,181.335
50113796,DISNEY CARS 20323SDC,12,181.335
50113797,DISNEY CARS DCAR 20 01,12,181.335
50113799,DISNEY TOY STORY DTOY 19 02,12,181.335
50114055,CINCHOS DE PLASTICO 4.6MMX200M,12,95.991
50114137,E-GLASSES SHANE CLR,12,411.726
50115093,GEL ANTISEPTICO DR.HEALTH 1LT,12,163.275
50115149,BOLSA NEGRA 50X70 PAQUETE 1KG,12,94.647
50115152,CLARASOL LIQUIDO 1LT,12,35.148
50115153,JERGA MULTIUSOS 1MT,12,32.991
50115154,GUANTE DE LATEX ROJO TALLA 8,12,51.492
50115155,RECOGEDOR DE LAMINA C/BASTON ,12,61.383
50115158,GLADE LAVANDA SPRAY 400ML,12,107.877
50115159,WIESE ELIMINADOR DE OLOR 226ML,12,67.872
50115161,AIR WICK AROMATIZANTE 226ML,12,77.679
50115162,WIESE DESINFECTANTE 226ML,12,96.243
50115304,PANUELO FACIAL 90H PAD(115151),12,28.833
50115305,ALMOHADILLA ALGODON PAD115157,12,42.63
50115310,TOALLA EN ROLLO MARLI P(115146,12,121.9489823
50115779,LIMPIA PANTALLA,12,116.361
50116353,LENTES FOSTER GRANT KAIA,12,370.461
50116354,LENTES FOSTER GRANT JET SET 18,12,0.021
50116355,LENTES FOSTER GRANT 34818FGX65,12,370.461
50116356,LENTES FOG POP 32049LKS235,12,370.461
50116357,LENTES FOSTER GRANT FGM 18 02,12,370.461
50116358,LENTES FOG AVISH GRN,12,370.461
50116362,LENTES LEC FGE AIDEN CAFE 350,12,256.935
50116363,LENTES LEC FGE PETER CAFE 350,12,256.935
50116364,LENTES LEC FGE RUPERT BLK 350,12,256.935
50116365,LENTES LEC FGE PAS PRP 350,12,256.935
50116366,LENTES LECTURA FGE PAS BLU 350,12,256.935
50116367,LENTES LEC FGE PAS RED 350,12,256.935
50116368,LENTES LEC FGE PAS CAFE 100,12,256.935
50116369,LENTES LEC FGE PAS CAFE 150,12,256.935
50116370,LENTES LEC FGE PAS CAFE 200,12,256.935
50116371,LENTES LEC PAS CAFE 250,12,256.935
50116372,LENTES LEC FGE PAS CAFE 300,12,256.935
50116373,LENTES LEC FGE PAS CAFE 350,12,256.935
50116394,JABON BLUMEN 221ML CHERRY O KIWI,12,41.77278824
50116395,JABON BLUMEN 221ML COCO,12,41.559
50116522,HIDROLAVADORA ELEC 1500PSI,12,3557.4
50116553,"ROTOMARTILLO 1/2"" 550W",12,0.021
50116666,PLUMERO RETRACTIL MANGO PLASTI,12,523.236
50116669,CANDADO GRIS PLACA LATON 38MM,12,65.058
50116914,LIMPIADOR DIAMANTEX MEDIA 1LT,12,253.596
50116915,ABRILLANTADOR DIAMANTEX 1LT,12,142.926
50116916,MEDIA ACERO INOX MIXTA,12,1268.608325
50116917,BARRIL ROTATORIO DE 2KGS,12,5845.540492
50116993,"ESTANTE PLASTICO 5 REPISAS,",12,1857.45
50117045,ESTANTE PLASTI 5 REPISAS,12,2119.95
50117230,"ORGANIZADOR CON 16 GAVETAS,",12,911.4
50117234,DISCO CORTEMETAL 4-1/2',12,43.008
50117256,"ORGANIZADOR CON 64 GAVETAS,",12,1879.5
50117260,DIABLOCARGA PLEGABLE 200KG,12,4649.946
50117723,PAPEL HIGIENICO PADRE(117719),12,79.8
50117724,FABULOSO PADRE(117720),12,56.322
50117829,CORTADORAMETALES 14' 2200W,12,6077.4
50117852,BASCULA DIGITAL P/COCINA,12,408.618
50117881,DIABLOCARGA PLEGABLE 100KG,12,1463.91
50117895,BASCULA ELECTR MULTIFUNCION,12,1592.514
50118045,DETECTORA DE BILLETES STEREN,12,503.013
50118046,CONTADORA DE BILLETES NEXTEP,12,5381.418
50118517,LLAVERO IDENTI MULTIC SUTK 8 PZ,12,22.785
50118518,LLAVERO IDENTIFICADOR 4PIEZAS,12,12.09137295
50118567,WINDEX ATOMIZADOR 640ML,12,132.3
50118593,JUEGO DE GURBIAS 6 PIEZAS,12,378
50118622,CESTO DE BASURA 7L DE ACERO,12,255.4193975
50118623,CESTO DE BASURA 7L REDONDO,12,185.8584294
50118779,CUTTER TIPO LLAVERO CON CUCHILL,12,10.752
50118780,CABLE CANDADO 10X900MM CON BRAC,12,140.112
50118781,CABLE CANDADO 8X100MM DE COMBIN,12,108.507
50118782,CANDADO BRONCE CILINDRO DE HIER,12,54.201
50118783,CANDADO PLATEADO CILINDRO DE BR,12,108.507
50118784,LLAVE AJUSTABLE CROMADA DE 6,12,167.265
50118785,PINZA ELECTRICISTA DE 8 ACERO A,12,172.704
50118786,KIT REPARACION PARA LLANTA DE B,12,48.762
50118787,PORTA ANFORA AZUL DE ALUMINIO P,12,113.379
50118788,PORTA ANFORA ROJO DE ALUMINIO P,12,113.379
50118813,SCRUB DADDY,12,107.7482012
50118814,SCRUB MOMMY,12,107.6954362
50118815,SPONGE DADDY 4 PZAS,12,125.454
50119832,LENTES E-GLASSES AURELIA RUB,12,411.726
50119833,LENTES SOL FOG POP 23 39 EMB BRN,12,324.954
50119834,LENTES SOL FOG POP 23 74 PC BLK,12,324.954
50119835,LENTES SOL FOG POP 23 1003 TEAL,12,324.954
50119836,LENTES SOL FOG POP 23 10 RBLK,12,324.954
50119837,LENTES SOL FOG POP 23 44 RBLK,12,324.954
50119838,LENTES SOL FOG POP 23 1005 BRN (,12,324.954
50119839,LENTES DISNEY PRINCESA D PRN 23,12,181.335
50119840,LENTES DISNEY MINNIE D MIN 23 25,12,181.335
50119841,LENTES DISNEY CARS D CAR 23 258,12,181.335
50119842,LENTES DISNEY MICKEY D MIC 22 01,12,181.335
50119843,KIT DE PANO SPRAY Y DESATORNILLA,12,171.15
50119844,LENTES FOG POP 23 02 TAN,12,324.954
50119845,LENTES FOG POP 23 197 EMB BLK,12,324.954
50119846,GOMA LIMPIADORA PARA AUTOS SHOT,12,84
50120424,CANDADO DE COMBINACION A 8 DIGITOS,12,112.959
50120425,CANDADO REDONDO DE COMBINACION 50MM,12,167.286
50120455,ENDULZANTE SPLENDA CAJA  100 SOBRES,12,206.85
50120456,CREMA COFFE MATE CAJA 200 SOBRES,12,455.07
50120457,GALLETAS GAMESA SURTIDO RICO,12,214.83
50120458,SERVILLETAS DESECHABLES PQT 400 PZ,12,82.32
50120459,VASO TERMICO NO. 8JY8 PQT 25 PZ,12,52.5
50120460,CUCHARA PLASTICO PASTELERA 50 PZ,12,42.399
50120461,CAFE GRANO MOLIDO CAFEIN 1 K,12,714
50120462,TE SURTIDO LA PASTORA CAJA 150 SOBRES,12,483
50120463,FILTRO CAFETERA TIPO CANASTA 100 PZ,12,85.428
50121021,DETECTORA DE BILLETES LED,12,189.2384675
50121618,INOX LIMPIADOR DE ACERO INOXIDABLE,12,144.4577647
50121619,SCOTCHGARD PROTECTOR DE TELAS,12,215.4172821
50121620,SCOTCHGARD LIMPIADOR DE TELAS,12,191.8166667
50121621,PANO MICROFIBRA PARA ACERO INOXIDABLE,12,45.3070625
50121622,3PK PANO ESPONJA SUPERABSORBENTE,12,51.63327273
50121623,PANO MICROFIBRA PREMIUM DE COLORES,12,50.30215756
50121624,PANO MICROFIBRA LIMPIA Y SECA 2 PACK,12,69.825
50121625,PANO DE COCINA PARA SECAR 2 PACK,12,57.33
50121626,ESCOBA DE INTERIORES,12,211.7084667
50121627,RECOGEDOR CON MANGO LARGO,12,102.0886364
50121628,CUBETA CON EXPRIMIDOR,12,265.9077273
50121629,MOP SUPERABSORBENTE CON PALO,12,151.683
50121630,SENAL BOTIQUIN 28X20CM,12,168.819
50121631,SENAL PUNTO DE REUNION 40X30CM,12,168.819
50121632,SENAL ZONA DE SEGURIDAD 40X30CM,12,168.819
50121633,SENAL RIESGO ELECTRICO 28X20CM,12,54.6
50121634,SENAL PELIGRO 40X30CM,12,142.485
50121635,SENAL USO OBLIGATORIO 40X30CM,12,142.485
50121636,SENAL ALTO 40X30CM,12,155.4
50121637,LETRERO DISCAPACIDAD 50X40CM,12,175.35
50121638,CALCOMANIA BEBE A BORDO 23X20CM,12,104.937
50121639,SENAL PROHIBIDO ALIMENTOS 40X30CM,12,142.485
50121640,SENAL CUIDADO CON EL PERRO 40X30CM,12,142.485
50121641,SENAL PROHIBIDO MASCOTAS 40X30CM,12,142.485
50121643,SENAL NO ESTACIONARSE 40X30XM,12,142.485
50121644,SENAL PROHIBIDO EL PASO 40X30CM,12,142.485
50121645,SET BOLSAS ORGANIZADORAS 4 PIEZAS MARINO,12,388.5
50121646,SET BOLSAS ORGANIZADORAS 4 PIEZAS NEGRO,12,388.5
50121658,LIMPIADOR DE TENIS GEL 120G,12,45.612
50121659,ESPONJA LUSTRADORA NEGRO,12,44.31
50121660,ESPONJA LUSTRADORA NEUTRO,12,46.914
50121661,CERA LIQUIDA NEGRA 70ML,12,22.155
50121844,CONTADOR DE BILLETES ROYAL,12,7152.6
50121858,DETECTOR DE BILLETES ROYAL,12,585.9
50122140,GEL PARA CABELLO 100 GR,12,29.295
50122141,SPRAY ORAL MENTA 8.5 ML,12,58.716
50122143,FLOSSERS TE VERDE 20 PZ,12,33.999
50122144,KIT ENVASE 3 PZ MIX,12,94.017
50122459,CONTENEDOR EUROPEO 240L,12,3490.893
50122461,CONTENEDOR EUROPEO 1100L,12,18628.68
50122466,MODULO DE 3 CONTENEDORES ECOLOGIC 30L,12,2901.906
50122471,KLEENEX FACIAL SELLA PACK 15H,12,8.19
50122846,MINI RASPADOR PARA NAVAJA DE UN FILO,12,35.175
50123544,BOLSA TRAJE DE BANO VINILO CEREZAS,12,322.329
50123545,BOLSA TRAJE DE BANO VINILO OUT FOR A DIP,12,326.319
50123546,BOLSA TRAJE DE BANO VINILO RAYAS,12,319.725
50123547,BOLSA TRAJE DE BANO VINILO NARANJAS,12,323.253
50123548,BOLSA TRAJE DE BANO VINILO MULTICOLOR,12,324.786
50123549,BOLSA TRAJE DE BANO VINILO ROSA AMARILLO,12,324.849
50123552,BOTE BASURA CERAMICA AZUL,12,617.442
50123553,BOTE BASURA CERAMICA COBRE,12,604.128
50123555,BOTE BASURA CERAMICA GRIS,12,610.176
50123677,GUARDAPOLVO JUMBO CUADROS GRIS,12,313.089
50123684,JALADOR PARA REGADERA ALUMINIO CROMADO,12,499.611
50123773,SACUDIDOR SQUARED AWAY,12,178.164
50123787,SET PANOS DE MICROFIBRA 3 PZS,12,89.607
50124035,GUANTE NYLON NEGRO C/PAL POLIU 5,12,23.1
50124053,GUANTE NYLON NEGRO C/PAL NITRILO S 5,12,27.3
50124074,OVEROL DERMA CARE XXXL,12,69.3
50124080,GUANTE NITRILO TODO REC P/SEG 10,12,75.6
50124082,GUANTE NITRILO TODO REC P/SEG 9,12,75.6
50124117,GUANTE DYNEEMA BLANCO/NEGRO 8,12,111.3
50125372,CESTO DE BASURA 9L CON SENSOR,12,668.388
50125373,CESTO DE BASURA 5L CON PEDAL,12,372.162
50125374,CESTO DE BASURA 12L CON PEDAL,12,669.879
50126086,BOTE DE BASURA SIMPLY ESSENTIAL,12,67.809
50128443,CANDADO AMARILLO COMBINACION 4 DIG 50MM,12,170.1
50128444,CANDADO TSA COMBINACION NEGRO 3 DIG 30MM,12,228.879
50128445,CANDADO COMBINACION 3 DIGITOS 2.21 MM,12,137.319
50128446,CANDADO ROSA COMBINACION 3 DIGITOS 26MM,12,75.915
50128447,CONO DE PRECAUCION RETRACTIL,12,283.5
50128448,CANDADO DORADO CILINDRO HIERRO 20 MM,12,31.5
50128495,CAJA PARA EFECTIVO 10IN,12,530.04
50128823,SCREEN DADDY LIMPIADORES 3PZ,12,69.3
50128936,CAJA DE SEGURIDAD PARA DINERO,12,862.029
50129017,CAJA DE SEGURIDAD LIBRO PARIS DE 7IN,12,324.765
50129743,DISNEY D MIN 23 247 MIN BLK,12,180.138
50129744,DISNEY D FRZ 24 170 PUR,12,180.138
50129745,DISNEY D PRN 24 164 PNK,12,180.138
50129746,DISNEY D MIC 24 159 BLU,12,180.138
50129747,DISNEY D MIC 58837 YLW,12,180.138
50129748,FG POP 24 81 VL GRN,12,324.954
50129749,FG POP 24 74 VL TRT,12,324.954
50129750,FOG POP 24 72 VL BLK,12,324.954
50129751,FG POP 41046FCO GUN,12,324.954
50129752,FG POP FG 23 36 RBLK,12,324.954
50129753,FG POP 51696FCO BLU,12,324.954
50129754,FOG POP 23 593 RED,12,324.954
50129755,E-GLASSES DANICA BLK,12,352.107
50129756,E-GLASSES 23 147 RSE BL,12,352.107
50129757,EFG FGMR 24 622 GRY 100,12,257.88
50129758,EFG FGMR 24 622 GRY 150,12,257.88
50129759,EFG FGMR 24 622 GRY 200,12,257.88
50129760,EFG FGMR 24 622 GRY 250,12,257.88
50129761,EFG FGMR 24 622 GRY 300,12,257.88
50129762,EFG FGMR 24 622 GRY 350,12,257.88
50129763,EFG FGLR2202 FLRL PRP 100,12,257.88
50129764,EFG FGLR2202 FLRL PRP 150,12,257.88
50129765,EFG FGLR2202 FLRL PRP 200,12,257.88
50129766,EFG FGLR2202 FLRL PRP 250,12,257.88
50129767,EFG FGLR2202 FLRL PRP 300,12,257.88
50129768,EFG FGLR2202 FLRL PRP 350,12,257.88
50129769,EFG FGLR2016 WIN 100,12,257.88
50129770,EFG FGLR2016 WIN 150,12,257.88
50129771,EFG FGLR2016 WIN 200,12,257.88
50129772,EFG FGLR2016 WIN 250,12,257.88
50129773,EFG FGLR2016 WIN 300,12,257.88
50129774,EFG FGLR2016 WIN 350,12,257.88
50130525,GEL DE MANOS DHEA ANTIBACTERIAL 2 L,12,315
50130893,KIT PROMO PEPSICO CON CHALECO,12,2278.307571
50130895,CUTTER INALAMBRICO 3.6 V,12,867.216
50130896,DESARMADOR INALAMBRICO 3.6 V,12,975.576
50130897,ENGRAPADORA INALAMBRICA 3.6 V,12,1193.724
50130898,TALADRO DESATORNILLADOR INALAMBRICO 12 V,12,1409.688
50131313,LINTERNA AMBIENTAL RECARGABLE SOLAR  250,12,0.021
50131427,VALVULAS PARA INFLAR BALONES,12,231
50131428,BOMBA PARA INFLAR BALONES,12,201.6
50131528,CESTO PAPELERO DE 20 LITROS,12,102.9
50131529,CESTO PAPELERO CON TAPA DE 70 LITROS,12,283.5
50132146,CAJA DINERO METALICA MEDIANA 20 CM,12,408.828
50133024,LLAVERO STITCH GAIRET,12,37.8
50133026,ALCANCIA METALICA STITCH AQUA GAIRET,12,63
50133167,CAJA DE EFECTIVO DE 10IN NEGRA,12,354.9
50133168,CAJA DE EFECTIVO DE 8IN NEGRA,12,228.9
50133169,CAJA DE EFECTIVO DE 12IN NEGRA,12,468.3
50133413,LAMPARA UV DETECTORA DE BILLETES FALSOS,12,351.75
50134037,SERVITOALLA PLUS 180 HD ELITE,12,59.85
50134038,AROMATIZANTE FRUTAS ROJAS 400 ML WIESE,12,82.95
50134039,BOLSA CESTERA LIMON 43X51 ROLLO 30 PZ,12,77.7
50134040,PANO DE MICROFIBRA 37 X 50 CM,12,32.55
50134041,LYSOL TOA  DESINFECTANTE CITRUS C80 PZ,12,280.35
50134043,CAJA DE DINERO CON LLAVES LSXD,12,712.362
50134081,FLEXOMETRO AKRON BOTONBLOQUEO 3M 13 16MM,12,89.25
50134406,JUEGO DE 3 MICOFIBRA PREMIUM 30X30 CM,12,45.213
50134565,CAMILLA RIGIDA REXPONDER,12,6177.822
50135000,CONTAC ULTRA C2 TABS SACHET,12,29.4
50135001,RIOPAN C1 SOBRE SACHET,12,33.6
50135002,ASPIRINA BLISTER CON 10 TABLETAS SACHET,12,34.65
50135003,ALKA SELTZER C2 TAB SACHET,12,23.1
50135004,PEPTO BISMOL C4 TABS SACHET,12,34.65
50135005,SEDALMERCK SACHET C4 TABS,12,36.75
50135386,SILLA DE RUEDAS MEDICAL STORE,12,3347.337
50135399,BEE VIBES CARRETILLA CARGA 230KG,12,1122.387
50135874,DESPACHA TOALLA INTERDOBLADA TX500 NE636,12,517.44
50135875,DESPACHADOR JABON LIQ TX MANUAL NE-633,12,529.2
50136163,CINTA DE PELIGRO  7.5 CM X 300 MTS,12,189.693
50136240,CHALECO DE MALLA COLOR NARANJA,12,94.5
50136711,LENTES DISNEY CARS S04611SDC440,12,201.138
50136712,LENTES DISNEY STITCH DNY 25 155 BLU,12,201.138
50136713,LENTES DISNEY CARS DNY 25 156 RED?,12,201.138
50136714,LENTES DISNEY MINNIE DNY 25 159 WHT,12,201.138
50136715,LENTES DISNEY FROZEN DFRZ 18 01 450,12,201.138
50136716,LENTES DISNEY MICKEY D MIC 22 01 600,12,201.138
50136717,LENTES SOL FOG POP FG 25 20 TRT,12,373.107
50136718,LENTES SOL FOG POP FG 25 42 NDE,12,373.107
50136719,LENTES SOL FOG POP FG 25 41 WHT,12,373.107
50136720,LENTES SOL FOG POP FG 25 571 BLK,12,373.107
50136721,LENTES SOL FOG POP FG 25 323 TRT,12,373.107
50136722,LENTES SOL FOG POP FGM 25 560 GRY,12,373.107
50136723,LENTES BLUE LIGHT ERIC BLK,12,411.726
50136724,LENTES BLUE LIGHT NORIE SH CLR,12,411.726
50136725,LENTES BLUE LIGHT NELLIE TEL,12,411.726
50136726,LENTES BLUE LIGHT PAYTON CHR,12,411.726
50136727,LENTES LEC EFG MULTIV VMF 25 778 BLK 100,12,255.444
50136728,LENTES LEC EFG MULTIV VMF 25 778 BLK 150,12,255.444
50136729,LENTES LEC EFG MULTIV VMF 25 778 BLK 200,12,255.444
50136730,LENTES LEC EFG MULTIV VMF 25 778 BLK 250,12,255.444
50136731,LENTES LEC EFG MULTIV VMF 25 778 BLK 300,12,255.444
50136732,LENTES LEC EFG MULTIV VMF 25 778 BLK 350,12,255.444
50136733,LENTES LECT. EFG FGLR2016 WIN 100,12,298.788
50136734,LENTES LECT. EFG FGLR2016 WIN 150,12,298.788
50136735,LENTES LECT. EFG FGLR2016 WIN 200,12,298.788
50136736,LENTES LECT. EFG FGLR2016 WIN 250,12,298.788
50136737,LENTES LECT. EFG FGLR2016 WIN 300,12,298.788
50136738,LENTES LECT. EFG FGLR2016 WIN 350,12,298.788
50136739,LENTES LECT. EFG PETER BRN 100,12,298.788
50136740,LENTES LECT. EFG PETER BRN 150,12,298.788
50136741,LENTES LECT. EFG PETER BRN 200,12,298.788
50136742,LENTES LECT. EFG PETER BRN 250,12,298.788
50136743,LENTES LECT. EFG PETER BRN 300,12,298.788
50136744,LENTES LECT. EFG PETER BRN 350,12,298.788
50136745,LENTES LECT. EFG PAYTON PH NVY 100,12,298.788
50136746,LENTES LECT. EFG PAYTON PH NVY 150,12,298.788
50136747,LENTES LECT. EFG PAYTON PH NVY 200,12,298.788
50136748,LENTES LECT. EFG PAYTON PH NVY 250,12,298.788
50136749,LENTES LECT. EFG PAYTON PH NVY 300,12,298.788
50136750,LENTES LECT. EFG PAYTON PH NVY 350,12,298.788
50136751,LENTES LECT. EFG VLR 24 611 WIN 100,12,298.788
50136752,LENTES LECT. EFG VLR 24 611 WIN 150,12,298.788
50136753,LENTES LECT. EFG VLR 24 611 WIN 200,12,298.788
50136754,LENTES LECT. EFG VLR 24 611 WIN 250,12,298.788
50136755,LENTES LECT. EFG VLR 24 611 WIN 300,12,298.788
50136756,LENTES LECT. EFG VLR 24 611 WIN 350,12,298.788
50136972,MAQUINA SELLADORA IMPULSO QUICK HEAT,12,724.101
50136973,SOPORTE LETRERO DOBLE CARA,12,1387.386
50137291,JUEGO DE HERRAMIENTAS DE 12 PIEZAS,12,587.181
50137292,JGO DE HERRAMIENTAS DE 12 PIEZAS ELEC,12,410.676
50137389,MESA SOLDAR ACERO AJUSTABLE,12,5394.606
50137390,SOLDADORA 300 AMPS SUPER DELTA,12,5479.95
50137393,EXTRACTOR AIRE INDUST 150W OLYTE 12PULG,12,1370.208
50137395,MESA ISLA ACERO INOX 140x60x90 FERRINOX,12,6968.556
50137396,MESA PASTEUR TARJA ACERO INOX TYM,12,11765.439
50137397,BASCULA DIGITAL COCINA,12,233.541
50137401,ESMERILADORA INALAMBRICA 4 PULG TRUPER,12,3559.5
50137402,PRENSA 6 PULG HIERRO DUCTIL TRUPER,12,585.9
50137478,ESSCALERA TIJERA TRUPER EST27,12,4343.01
50137504,HERRAMIENTA ROTATIVA PROFESIONAL TRUPER,12,1240.092
50137506,KIT COCINA 30K CON REGULADOR BARO NIPLES,12,5331.459
50137507,ALCOHOL ETILICO 96 GRADOS 5 LITROS,12,993.888
50137508,30 COLORANTES LIQUIDOS D TINTE PRA VELAS,12,441.462
50137509,PICADOR ARRUGADO PARA VERDURAS DE ACERO,12,396.459
50137510,ESPATULAS MISERABLES 29 CM SILICON,12,269.745
50137513,JARRA GRADUADA DE PLASTICO 3 L,12,668.913
50137514,PAQUETE DE 2 OLLAS PARA HACER VELAS,12,390.411
50137515,3 PAQUETES DE ROSETAS DE ALFILERES,12,342.153
50137543,PRETUL CASO-300-P CARETA PARA SOLDAR,12,284.235
50137556,ESCALERA DE TIJERA TIPO III EST33 TRUPER,12,1991.598
50137697,DETECTOR USB POLIGRAPH REAL HOME,12,7404.306
50045917,LIMPIADOR ANTIESTATICO STUK,14,156.972597
50058999,CD-RW 12X 700MB VERBATIM   .,14,48.28982061
50060185,ESPUMA DESINFECTANTE STK 415ML,14,123.2808092
50061336,CANDADO TECHZONE COMBINACION,14,293.181
50068089,CABLE GE USB 2.0 97891 6 PIES,14,119.791632
50069977,CD-R VERBATIM 50PK           .,14,481.5942658
50079411,REMOVEDOR DE POLVO STUK 400 ML,14,192.5366855
50080995,CD-R VERBATIM IMPRIMIBLE 10PK,14,164.7488182
50080996,DVD+RVERBATIM 4.7GB 120MIN IND,14,29.39670594
50080998,DVD-R VERBATIM 16X 10PK,14,144.8115023
50080999,DVD+R 4.7GB 16X 10PK VERBATIM,14,144.3401287
50081001,DVD-RW VERBATIM 4.7GB 120MIN,14,52.49295767
50081002,CD-R VERBATIM 700MB 52X 10PK,14,134.3952091
50081003,DVD-R VERBATIM 4.7GB 16X,14,29.39968719
50081006,CD-R VERBATIM 700MB 52X 80MIN,14,22.281
50087105,KASPERSKY TOTAL SEC 3 DIS 2016,14,1818.6
50088305,MEMORIA USB SANDISK 16GB CRUZR,14,149.1
50088772,MICRO SD ADATA 16GB C10,14,192.7384369
50088773,MICRO SD ADATA 32GB C10,14,237.708542
50091776,COMBO LOGITECH MK120,14,563.2294663
50092088,ANTIVIRUS KASPERSKY 2017 1U/1A,14,678.2447368
50092089,ANTIVIRUS KASPERSKY 2017 3U/1A,14,1082.955837
50092090,KASPERSKY INTERNET SECUR 1U/1A,14,1085.178
50092091,KASPERSKY INTERNET SEC 2017 3U,14,1588.384304
50094370,MOUSE TECHZONE ALAMBRICO NEGRO,14,78.05699104
50094935,DISCO DURO WD 1TB ELEMENTS NGR,14,2182.95
50096143,MCAFEE TOTAL PROTECTION 1 ANO,14,596.218875
50096432,MOUSE HP INALAMBRICO 200 NEGRO,14,297.4355204
50096433,MOUSE HP INALAMBRICO 200 ROJO,14,291.0191486
50096440,MOUSE HP INALAMBRICO Z3700 ORO,14,560.091
50100018,DISCO DURO TOSHIBA BASICS 2TB,14,3307.5
50100020,DISCO DURO TOSHIBA CANVIO 1TB,14,2091.519511
50100147,COMBO TECHZONE TZ16 INAL NEGRO,14,488.04
50100418,DISCO DURO WD 2TB ELEMENTS NGR,14,3150
50101052,MOUSE OMEN HP REACTOR,14,2019.213
50101301,COMBO TECHZONE TZ19-01,14,905.88
50101327,MOUSE TECHZONE NEGRO PRISMA,14,230.1094502
50101637,CABLE DE RED GE 2MTS CAT6,14,171.8409326
50101704,CABLE DE RED GE 25FT/7.6MTS,14,310.490218
50101966,ALMOHADILLA (MOUSE PAD)MANTTA GEL,14,253.155
50102807,MOUSE INALAMBRICO STUK BASICO,14,130.095
50103475,MOUSE HP 200 INALAMBRICO,14,307.1218681
50103479,MOUSE HP 250 INALAMBRICO,14,447.846
50103480,MOUSE HP PAVILION GAMING 200,14,672.336
50104095,MAGIC MOUSE 2 APPLE,14,1465.8105
50104781,DVD+R 4.7GB 120 MIN 16X 50PZS,14,594.0765983
50105844,ANTIVIRUS ESET NOD32 1L/1A,14,678.3
50105849,ANTIVIRUS ESET NOD32 3L/1A,14,1085.7
50105850,ANTIVIRUS ESET NOD32 5L/1A,14,1627.5
50105851,INTERNET SECURITY ESET 1L/1A,14,1085.7
50106493,MICRO SD KINGSTON 64GB C10,14,417.9
50106777,TOALLAS ANTIESTATICAS CBI 50PZ,14,96.76561532
50107743,KIT DE LIMPIEZA PARA PANTALLAS,14,107.5931364
50107744,ESPUMA LIMPIADORA CBI 404ML,14,140.196
50107943,ROUTER TPLINK MERCURY 3ANTENAS,14,630
50107947,EXTENSOR WIFI MERCUSYS 300MBPS,14,714
50108827,AUDIFONOS HP 400 GAMING,14,1009.05
50108831,MOUSE HP 300 PAVILION GAMING,14,784.56
50108836,MOUSE HP WIRELESS X200,14,335.601
50108837,MOUSE HP 100 WIRED,14,165.8495238
50108839,MOUSE HP DUAL MODE 300 NEGRO,14,672.336
50108840,MOUSE HP 300 DUAL MODE PLATA,14,672.336
50108990,AUDIFONOS TECHZONE C/MICROFONO,14,207.06
50109233,TOALLAS ANTIESTATICAS CBI 24P,14,64.134
50109235,TOALLAS ANTIESTATICAS CBI 12P,14,53.239526
50109238,TOALLAS ANTIESTATICAS CBI 100P,14,164.2112833
50109440,MICRO SD ADATA 64GB C10 SDHC,14,463.7817731
50109441,MICROSD ADATA 128GB C10 SDHC,14,857.8600275
50109442,MOUSEPAD MANHATTAN,14,99.92929194
50109444,MOUSEPAD FOAM NEGRO C/REPOSAMU,14,408.177
50110528,"MONITOR HP V19E 18.5"" HD VGA",14,3303.3
50111278,AIO HP 24-DF1004LA 4GB/1TB CI3,14,31864.392
50111285,LAPTOP HP 15-EH0002 8GB/512GB,14,28465.5
50111365,LAPTOP HP 15-DY2052 8GB/256GB,14,25827.9
50111390,AUDIFONOS HP OMEN BLAST,14,2243.703
50111391,AUDIFONOS HP 500 NEGRO,14,1345.764
50111536,COMBO HP 150 NEGRO,14,447.3
50111602,MOUSEPAD HP GAMING 300 NEGRO,14,335.601
50111644,COMBO MOUSE Y TECLADO HP 230,14,840.5291696
50111909,MOUSE/TECLADO INALAM TZ20 NGR,14,791.7
50111994,"MONITOR HP M27FW 27"" FHD",14,10756.03241
50111995,"MONITOR HP M24FW 23.8"" FHD",14,7690.071769
50112000,MEMORIA USB-C KINGSTON 64GB,14,378.4563548
50112001,MEMORIA USB-C KINGSTON 32GB,14,216.195
50112002,MEMORIA USB-C KINGSTON 128GB,14,728.805
50112003,DVD+R VERBATIM INDIVIDUAL,14,18.333
50112169,DVD-R VERBATIM 16X 4.7GB,14,5.952692308
50112346,XBOX LIVE ESD 200 MXN,14,0.021
50112348,XBOX GAME PASS ULTIMATE 3 MES,14,0.021
50112452,MEMORIA USB KINGSTON 128GB NEG,14,237.468
50112509,M365 PERS EXTR TIME 2021 $1299,14,1940.106
50112510,M365 FAMILIA EXTRA TIME 2021,14,2612.19
50112511,OFFICE HOME AND BUSINESS 2021,14,5587.731545
50112512,M365 FAMILIA 2021,14,2492.938807
50112530,LAPTOP ACER TRAVEL 4GB/64GB,14,11180.925
50112531,COMBO MOUSE/TECLADO TECH NGR,14,836.01
50112556,M365 PERSONAL 2021,14,1877.809693
50112557,OFFICE HOME&STUDENT 2021,14,3854.933923
50112558,M365 BUS STNRD RTL 2021 $2520,14,1649.275348
50112587,MOUSE TECHZONE TZ19 PLATA,14,205.38
50112598,MOUSEPAD PERFECT CHOICE 41078,14,322.9669077
50112614,"MONITOR HP M24F 23.8"" FHD",14,7661.172492
50112621,LAPTOP HP 240 G7  4GB/500GB,14,20253.807
50112788,LAPTOP HP 14-CF2540LA 4GB/128G,14,16893.093
50112864,LAPTOP HP 14-DK1508LA 8G/256G,14,20413.386
50112961,LAPTOP HP 15-DW1058LA 8G/256G,14,25197.9
50112968,ALL IN ONE DELL 256GB SDD RYZEN 3,14,27831.1075
50113008,WIRELESS KEYBOARD & MOUSE,14,712.7664865
50113009,WIRELESS KEYBOARD & MOUSE HP,14,1009.439133
50113010,WIRELESS KEYBOARD HP 230 NEGRO,14,672.3024145
50113011,WIRELESS MOUSE HP 150 NEGRO,14,290.1788312
50113556,MOUSE TECHZONE 2.4G NEGRO,14,423.15
50113557,MOUSE TECHZONE 2.4G AZUL,14,423.15
50113558,MOUSE TECHZONE  2.4G ROSA,14,423.15
50113559,MOUSE TECHZONE 2.4GGRANITO,14,423.15
50113561,MOUSE TECHZONE  2.4G NEGRO,14,546
50113811,XBOX GAME PASS 3M 2020 449MXN,14,458.3849516
50113897,MONITOR HP X27 27¨ HD NEGRO,14,13847.4
50113916,COMBO REPOSAMUNECAS PIEL NEGRO,14,496.90788
50113917,MOUSE INALAMBRICO OMX BLANCO,14,269.3756471
50113918,MOUSE ERGONOMICO OXM NEGRO,14,442.1878404
50113919,MOUSE Y TECLADO OMX INALAMBRIC,14,848.80425
50113920,TECLADO INALAMBRICO OMX BLANCO,14,574.3383692
50114722,ALL IN ONE HP 22-DD0520LA,14,19983.6
50114723,ALL IN ONE HP 22-DF0501LA,14,24166.8
50114727,LAPTOP HP15-FB0106LA,14,33852
50114728,LAPTOP HP  14 IN R3 8GB 512GB,14,20472.9
50114731,LAPTOP HP  14 IN R5 8GB 256GB,14,23622.9
50114733,LAPTOP HP15-DY5009LA 8GB/512GB,14,32312.7
50115088,LAPTOP HP14-DQ0505LA,14,16111.2
50115091,COMBO 3 EN 1 STF AZUL,14,577.185
50115190,MEMORIA USB LEXARS60  32GB,14,186.837
50115282,MEMORIA USB LEXAR 64GB NEGRO,14,375.1055
50115297,AUDIF GAMING TRUSTS GXT488,14,1136.931
50115298,MOUSE GAMING TRUST GXT101P,14,421.323
50115299,MOUSE GAMING TRUST GXT108,14,498.498
50115300,COMBO TRUST ZIVA GAMING NEGRO,14,1263.898892
50115383,MEMORIA USB LEXAR 128GB NGR,14,408.0052907
50115385,CARGADOR IPAD A2602 GENERICO,14,252
50115973,LAPTOP HP 14DY0510LA 8/256GB A,14,27560.4
50115977,LAPTOP HP 15-DY2509LA 8/512G,14,25985.4
50116002,MEMORIA USB STYLOS 64GB PL,14,224.2612244
50116003,MEMORIA MICRO SD STYLOS 16GB,14,128.1
50116006,MEMORIA MICRO SA STYLOS 32GB,14,165.9
50116007,MEMORIA USB STYLOS 32GB PL,14,125.2027555
50116008,KIT ALAMBRICO 4 EN 1 STARTED,14,1470
50116009,MEMORIA USB 128GB 2.0 PLATA,14,359.1904567
50116010,MEMORIA MICRO SA 128GB 12 NGR,14,466.2
50116011,MEMORIA MICRO SA 64GB 11 NEGRO,14,323.4
50116027,LAPTOP DELL VOST  3515 RYZEN 5,14,21044.1
50116028,"LAPTOP DELL 15"" 3515 RYZEN 3",14,20365.8
50116049,MEMORIA USB LEXAR 16GB NEGRANotas Post-I,14,143.43
50116059,TECLADO GAMING TRUST ALA NEGRO,14,642.6
50116060,TECLADO TRUST ALAM NEGRO,14,394.695
50116078,AUDIFONOS ON-EAR TRUST PRIMO,14,209.3071683
50116080,MOUSE TRUST ALAM GXT101GAV,14,443.373
50116081,MOUSE TRUST ALAM GXT781RIXA,14,438.27
50116082,SOPORTE TRUST DE REFRIGERACION,14,631.176
50116084,MOUSE GAMING TRUST ZIVA,14,255.948
50116086,MOUSE TRUST INALAMBRICO PRIMO,14,282.492
50116090,COMBO GAMING TRUST ZIVA,14,1190.7
50116221,MEM USB KINGSTON DTX 32GB RO,14,159.495
50116222,MEM USB KINGSTON DTX 32GB VE,14,159.495
50116223,MEMORIA KINGSTON EXODIA 128GB,14,166.6734653
50116224,MEM USB KINGSTON EXODIA 64GB,14,246.057
50116225,MEM USB KINGSTON DTX 32GB AZ,14,159.495
50116228,CD-R 52 X 700MB SOBRE INDIVIDU,14,18.879
50116249,LAPTOP HP 15DY2508LA,14,22047.9
50116493,ASSASSINS CREED VAL (TARJETA),14,0.21
50116612,TECLADO GAMING BYTECH,14,677.502
50116613,MOUSE GAMING BYTECH DPI NEGRO,14,338.079
50116648,MOUSE ALAM MANHATTAN NG,14,179.655
50116930,PROYECTOR EPSON W01 BLANCO,14,18762.9173
50117942,DISPOSITIVOS USB STYLOS 32 GB MIN,14,121.8
50117963,PROYECTOR XGA MX560,14,14012.544
50117971,MOUSE STUK INALAMBRICO  NEGRO,14,284.361
50117972,TECLADO STUK ALAMBRICO NEGRO,14,163.317
50117975,COMBO TECLADO /MOUSE STUK NGRO,14,431.949
50117977,COMBO TECLADO/MOUSE COLORS,14,657.51
50117979,MOUSE GAMING LED STUK,14,172.893
50117980,MOUSE GAMING STUK NEGRO,14,220.752
50117982,KIT MOUSE/ TECLADO LED STUK,14,359.793
50117985,KIT TECLADO/ AUDIFONOS LED,14,663.768
50117987,MEMORIA USB 32GB METAL,14,137.13
50117989,MEMORIA USB 16GB MUSIC ROSA,14,200.676
50117990,MEMORIA USB SANDIA 16GB STUK,14,157.668
50117991,MEMORIA USB 32GB CARO AZUL,14,223.125
50117992,MEMORIA USB 32GB CARRO ROJO,14,223.125
50117993,MEMORIA USB 16GB B BASKET,14,191.121
50117994,MEMORIA USB 16GB B AMERICANO,14,191.121
50117995,MEMORIA USB 32GB MUSICMAN NGR,14,182.511
50117996,MEMORIA USB 32GB MUSICMAN ROJO,14,182.511
50117997,MEMORIA USB 32GB MUSICMAN BLC,14,182.511
50117999,MEMORIA USB 32GB MUSICMAN ROSA,14,182.511
50118002,MEMORIA USB 16GB ANIMALS,14,162.456
50118004,MEMORIA USB 16GB GATO COLORES,14,162.456
50118006,MEMORIA USB 16GB GATO BLC/GRS,14,162.456
50118007,MEMORIA USB CAT GRIS 16GB,14,157.668
50118008,MEMORIA USB CAT ROSA 16GB,14,157.668
50118020,MEMORIA USB KIWI 16GB STUK,14,157.668
50118039,MEMORIA USB MUSIC PLATA 16GB,14,200.676
50118335,LAPTOP ASUS VIVOBOOK D1502IA,14,23315.586
50118336,LAPTOP ASUS VIVOBOOK X1502ZA,14,29977.647
50118390,TABLET SAMSUNG GALAXY TABA7 GR,14,4885.293
50118393,ALL IN ONE ASUS V241EAK CI5,14,31643.157
50118425,MOUSE GAMER NASA NEGRO,14,430.5
50118428,MOUSE PAD RGB NASA,14,541.8
50118429,MOUSE PAD GALAXIA NASA,14,541.8
50118430,COMBO TECLADO Y MOUSE NASA,14,539.8190896
50118432,REPOSA MUNECA NEGRO NASA,14,128.39344
50118520,CANDADO ANTIRROBO PARA TABLET,14,1575.084
50118685,TABLET SAMSUNG GALAXY A8,14,8380.6665
50118701,AIO HP  22 IN R3 4GB 512GB,14,19767.3
50118768,ANTIVIRUS BITDEFENDER INT SEC 1,14,924
50118769,ANTIVIRUS BITDEFENDER INT SEC 1,14,1392.3
50118770,ANTIVIRUS BITDEFENDER TOTAL SEC,14,1392.3
50118771,AUDIFONOS JABRA ELITE 2 DARK GR,14,1900.5
50118772,AUDIFONOS JABRA ELITE 2 NAVY,14,1900.5
50118773,AUDIFONOS JABRA ELITE 3 DARK GR,14,2532.6
50118774,AUDIFONOS JABRA ELITE 3 NAVY,14,2532.6
50118775,PROYECTOR LEISURE 495W,14,5357.1
50118776,PROYECTOR PERFORMANCE V630W,14,10571.4
50119440,MEMORIA USB 16GB VERBATIM,14,102.9
50119441,MEMORIA USB 32GB VERBATIM,14,117.996971
50119442,MEMORIA USB 64GB VERBATIM,14,159.7448553
50119443,MOUSE DE VIAJE NEGRO VERBATIM,14,103.7469512
50119444,MOUSE INALAMBRICO NEGRO,14,312.9
50119445,MOUSE INALAMBRICO AZUL,14,312.9
50119446,MOUSE INALAMBRICO ROJO,14,312.9
50119447,MOUSE INALAMBRICO MORADO,14,312.9
50119448,MOUSE USB VERBATIM,14,161.7
50119457,MEMORIA USB 64GB ONIX KINGSTON,14,138.6
50119458,MEMORIA USB 128GB ONIX KINGSTON,14,296.1
50119466,MOUSE ALAMBRICO GAMER STARTER XZEAL,14,235.2
50119467,TECLADO INALAMBRICO NEGRO STYLOS,14,268.2555439
50119468,MOUSE INALAMBRICO NEGRO STYLOS,14,184.8
50119472,KIT LIMPIADOR DE PANTALLAS SILIMEX,14,168
50119473,KIT LIMPIADOR DE LAPTOP SILIMEX,14,252
50119474,KIT LIMPIADOR DE TABLETS  SILIMEX,14,168
50119475,TOALLA SECA LIMPIADORA SILIMEX,14,63
50119871,KASPERSKY PREMIUM CUSTOMER10D 5CUENT 1Y,14,2659.23
50119878,CAMARA WEB TRUST NEGRO,14,469.518
50119879,TECLADO METALICO PARA GAIMING TRUST,14,704.865
50119880,AURICULARES CON MICROFONO TRUST,14,822.528
50119882,JUEGO DE BOCINAS TRUST,14,940.212
50119883,CONJUNTO DE BOCINAS AVORA TRUST,14,940.212
50119884,BOCINAS CON ILUMINACION GXT611,14,1175.538
50119885,COMBO TECLADO Y MOUSE TRUST,14,504.819
50119886,SET 4 EN 1 HOME OFFICE,14,999.033
50119887,MOUSE Y ALFOMBRILLA GAMING TRUST ZIVA,14,375.375
50119888,MOUSE COMPACTO CARVE TRUST,14,210.63
50119889,MOUSE ECOLOGICO FYDA,14,469.518
50119890,MOUSE ECOLOGICO YVI NEGRO TRUST,14,328.314
50119891,MOUSE ECOLOGICO YVI ROJO TRUST,14,328.314
50119892,MOUSE ECOLOGICO YVI AZUL TRUST,14,328.314
50119893,MOUSE ECOLOGICO YVI VERDE TRUST,14,328.314
50120286,MOUSE REDRAGON CENTROPHORUS 2,14,464.394
50120287,MOUSE GRIFFIN  NEGRO ALAMBRICO,14,522.879
50120288,MOUSE GRIFFIN  BLANCO ALAMBRICO,14,559.965
50120289,TECLADO GAMING HARPE PRO,14,999.516
50120290,TECLADO MECANICO DRAGONBORN  NEGRO,14,1187.361
50120291,TECLADO MECANICO DRAGONBORN  BLANCO,14,1211.469
50120292,TECLADO MECANICO KUMARA  NEGRO:,14,1167.138
50120293,TECLADO MECANICO KUMARA BLANCO,14,1206.072
50120294,TECLADO GAMER MITRA  NEGRO,14,1760.682
50120295,AUDIFONOS DIADEMA GAMER ARES NEGRO,14,385.098
50120296,AUDIFONOS DIADEMA GAMER HYLAS NEGRO,14,497.889
50120297,AUDIFONO DIADEMA HYLAS BLANCO,14,564.081
50120298,AUDIFONOS DIADEMA HYLAS ROSA,14,564.081
50120299,AUDIFONOS PANDORA NEGRO,14,1180.41
50120300,MOUSEPAD GAMER SUZAKU,14,328.125
50120301,MOUSEPAD  PISCES,14,149.877
50120302,MOUSEPAD FLICK M,14,178.269
50120303,MOUSEPAD FLICK  L,14,328.125
50120304,COMBO 2 EN 1 S101-3-SP,14,1206.807
50120305,COMBO 4 EN 1 S101-BA-2-SP,14,1711.185
50120306,COMBO 2 EN 1 K552RGB-BA-W,14,2096.073
50120356,LAPTOP HP 15-FD0000LA CORE I3 8GB RAM,14,16583.82989
50120359,LAPTOP HP 14-EM0002LA AMD RYZEN 5 8GB,14,20945.4
50120360,LAPTOP HP PAVILION 15-EG0514LA CI5 8GB,14,25985.4
50120361,LAPTOP PAVILION 15-EG0512LA COREI5 16GB,14,27560.4
50120364,LAPTOP VICTUS 15-FB0122LA AMD RYZEN5 8GB,14,28465.5
50121402,REMOVEDOR DE POLVO CBI 600ML,14,152.1192547
50121486,COMBO TECLADO Y MOUSE HP 235,14,931.728
50121502,KASPERSKY STANDARD 1 DISPOSITIVO 1 AÃO,14,678.3
50121503,KASPERSKY STANDARD 3 DISP 1 ANO,14,1085.7
50121504,KASPERSKY STANDARD 5 DISP 1 ANO,14,1505.7
50121505,KASPERSKY STANDARD 10 DISP 1 ANO,14,2305.8
50121506,KASPERSKY PLUS 1 DISPOSITIVO 1 AÃO,14,1085.7
50121507,KASPERSKY PLUS 3 DISP 1 AÃO,14,1587.6
50121508,KASPERSKY PLUS 5 DISP 1 AÃO,14,2034.9
50121509,KASPERSKY PLUS 10 DISP 1 ANO,14,2578.8
50121510,KASPERSKY PREMIUM 3 DISP 1 ANO,14,1818.6
50121511,KASPERSKY PREMIUM 5 DISP 1 ANO,14,2238.6
50121512,KASPERSKY PREMIUM 10 DISP 1 ANO,14,2849.7
50121610,VIDEO PROYECTOR VANKYO LEISURE470,14,5357.1
50121611,VIDEO PROYECTOR VANKYO LEISURE4E30T,14,8253
50121616,DISCO DURO PHD ARMOR A66 1TB AZUL,14,2091.537
50121825,AUDIFONOS MUSPELL TWS GAMING NEGRO,14,759.087
50121836,AUDIFONOS AURUM OVER EAR  PLATA,14,505.638
50121837,AUDIFONOS KATU ON EAR CON LUZ LED ROSA,14,505.638
50121838,AUDIFONOS HOSS ON EAR INALAMBRICOS NEGR,14,378.903
50121839,AUDIFONOS HOSS ON EAR INALAMBRICO MAGENT,14,378.903
50121842,MOUSE  INALAMBRICO 1200DPI  SLIM NEGRO,14,188.811
50121843,MOUSE  INALAMBRICO 1200DPI  SLIM ROJO,14,188.811
50121891,USB VERDE  TAPA 32GB,14,125.454
50121893,USB NEGRA TAPA 32GB,14,125.454
50121894,USB NEGRA TAPA 64GB,14,201.6
50122069,TABLET GHIA7 A7 2GB 16GB ANDROID 11 NGR,14,1383.375
50122085,CAMARA WEB OCELOT PARA STREAM,14,759.087
50122097,BASE AJUSTABLE LAPTOP O TABLET 15.6 PULG,14,171.801
50122106,TECLADO/MOUSE COMBO INALAMBRICO COMPACTO,14,351.834
50122107,TECLADO/MOUSE COMBO INALAMBRICO GT5000,14,351.834
50122109,KIT DE LIMPIEZA PARA PANTALLAS,14,194.439
50122153,TABLET COMPAQ 10.1 64GB CON TECLADO,14,5088.5093
50122154,TABLET COMPAQ 8 32GB CON EARBUDS,14,903.357
50122155,AIO HP  24 IN R5 8GB 512GB,14,28655.18682
50122189,LAPTOP HP VICTUS 16-D0533LA,14,46162.2
50122341,DIADEMA GAMER XZEAL XZ2015,14,630
50122343,MOUSEPAD FLEXIBLE RGB XZ3010,14,294
50122344,MOUSEPAD RIGIDO RGB XZ305,14,294
50122520,LAPTOP ASUS VIVOBOOK D515DA-BQ1281W,14,11874.387
50122521,LAPTOP ASUS VIVOBOOK X1500EA-BQ2549W,14,16327.836
50122591,LAPTOP ASUS VIVOBOOK X1502ZA-BQ575W,14,28811.79
50122607,LAPTOP LENOVO YOGA 14 IN CI5 8GB 512GB,14,26172.3
50122608,MEMORIA LEXAR 16G 2 PACK,14,114.408
50122609,MEMORIA LEXAR 32G 2 PACK,14,259.245
50122610,MEMORIA LEXAR 32G 3 PACK,14,360.612
50122611,MEMORIA LEXAR 64G 2 PACK,14,389.592
50123490,AIO ASUS ADVANCE 24 IN R5 8GB 512GB,14,33308.688
50123491,LAPTOP ASUS VIVOBOOK 15 IN R5 16GB 256GB,14,21650.055
50123891,DISCO DURO  1TB A-DATA USB 3.O 2.5 NEGRO,14,2475.289671
50123892,DISCO DURO  2TB A-DATA USB 3.O 2.5 NEGRO,14,3381.826669
50124817,MEMORIA KINGSTON USB 32GB,14,123.9
50125688,ESET NOD32 ANTIVIRUS 1 LICENCIA 1 A,14,823.2
50125689,ESET NOD32 ANTIVIRUS 3 LICENCIA 1 A,14,1157.1
50125690,ESET NOD32 ANTIVIRUS 5 LICENCIA  1 A,14,1736.7
50125691,ESET HOME SECURITY ESSENTIAL 1 LIC 1 A,14,1157.1
50125692,MEMORIA USB LEXAR 32G,14,120.2039079
50125693,MEMORIA  USB LEXAR 64G,14,194.796
50125731,LAPTOP ASUS VIVOBOOK 15 IN CI3 8GB 512GB,14,12822.81
50125732,LAPTOP ASUS TUF GAMING 15IN CI5 8/512GB,14,28312.137
50125774,LAPTOP HP VICTUS 16 IN CI5 8GB 256GB,14,28465.5
50125779,LAPTOP IDEA SLIM 3,14,13314.903
50125806,LAPTOP LENOVO IDEA SLIM 15IN R5 5/512GB,14,15540
50125898,LAPTOP HP CI3 16GB 512 14 PLATA,14,15304.8
50126149,AUDIFONO BLUETOOTH DE DIADEMA,14,686.3562632
50126154,AUDIFONOS INALAMBRICOS BLUETOOTH,14,681.3403333
50126156,AUDIFONOS INALAMBRICOS BLUETOOTH 5,14,528.339
50126167,PROYECTOR PORTATIL MINI HDMI,14,2315.796
50126175,TECLADO Y MOUSE INALAMBRICO RETRO,14,617.778
50127081,MOUSE GAMER  NEGRO ALAMBRICO RGB XZEAL,14,252
50127082,MOUSE GAMER  BLANCO ALAMBRICO RGB XZEAL,14,252
50127083,AUDIFONOS ALAMBRICOS GAMER NGR RGB XZEAL,14,997.5
50127116,BALAM RUSH AUDIFONO GAMER SONOROUS HS740,14,1136.1
50127117,CAMARA WEB PERFECT CHOICE 2MEGAPXEL,14,942.9
50127126,LAPTOP DELL INS 3520 CI5 16GB 512SSD W11,14,18789.477
50127133,ASUS VIVOBOOK R3 8G 512SSD PLATA E1504FA,14,11656.953
50127147,LAPTOP ASUS EXPERTBOOK 14IN CI7 16/512GB,14,29397.9
50127772,COMBO TECLADO Y MOUSE PERFECT CHOICE,14,544.0321765
50127872,MOUSE BLANCO INALAMBRICO VERBATIM 99768,14,312.9
50127964,TECLADO ALAMBRICO STYLOS,14,221.7568007
50127965,MOUSE ALAMBRICO STYLOS,14,155.4
50127966,KIT TECLADO + MOUSE INALAMBRICO STYLOS,14,504
50128399,RATON GAMING ILUMINADO GXT 109 FELOX NGR,14,470.4
50128401,RATON INALAMBRICO RECARGABLE  ZAYA AZUL,14,352.8
50128416,Monitor Portatil Full HD,14,3175.977
50128418,Presentador Laser Inalambrico diapositiv,14,281.232
50128419,Proyector Portatil  Full HD  hasta 100â,14,1552.089
50128422,Set de teclado y mouse Gamer alambrico,14,417.732
50128423,Teclado y Mouse Inalambrico Retro USB,14,598.962
50128518,LAPTOP LENOVO IDEAPAD 14 IN R5 8GB 512GB,14,15582
50128519,Mouse Inalambrico Optico Negro/Azul,14,270.144
50128520,Mouse USB optico Alambrico Comfort II,14,113.631
50128521,Teclado y mouse optico USB alambrico,14,320.019
50128522,Mouse Optico Gaming USB Negro c/luz,14,286.776
50128526,LAPTOP HP  14 IN IPSN5030 8GB 256GB,14,14983.5
50128527,AIO HP 22-DD2020LA 8GB/512 CI3 REG-IA,14,20472.9
50128529,LAPTOP HP  15 IN CI3 16GB 512GB,14,18043.2
50128698,DT OPTIPLEX 7010 SFF CI512500 W11P 8GB,14,23979.9
50128699,MONITOR ENTRY E2222H 22 VGA DP 3YW,14,3731.7
50128761,HP Backpack NR XL 15.6,14,232.3132082
50128762,HP Campus Blue Backpack 15.6,14,207.8541386
50128763,HP Campus XL Marble Stone Backpack 15.6,14,245.6647627
50128764,HP Campus Lavender Backpack 15.6,14,195.041
50128847,LAPTOP HP PAVILION 15 EG0512LA CORE I5,14,20808.375
50128906,ASUS Vivobook Go Ci3 8G 128 Verde,14,10491.096
50128907,ASUS Vivobook Go R5 8G 512S Ngr bundle,14,17819.361
50128908,ASUS Vivobook Ci5 16G 512 Plata,14,22482.81
50128909,ASUS All In One R3 8G 512SSD Blanca,14,23316.3
50128917,LAPTOP HP 14 R3 8/256GB MOUSE Y MCAF,14,10953.6
50128918,LAPTOP HP PAVILION 15 IN CI7 8GB 256GB,14,19685.4
50128942,SOPORTE PARA MONITOR DE HASTA 32P,14,1081.612
50128949,FUNDA PARA LAPTOP ACOLCHADA,14,577.857
50128952,TOSHIBA HDD CANVIO BASICS  1TB NEGRO,14,2034.9
50128964,LAPTOP HP R3 8/512GB 15.6 FC0043LA,14,18303.6
50128965,LAPTOP HP CI5 8/512GB 15.6 FD0058LA,14,23570.4
50128966,LAPTOP HP PAVIL CI3 8/512GB 14 EK0010,14,25132.275
50128967,LAPTOP HP CI7 8/512GB 15.6 FD0046LA,14,31017.82963
50128970,AIO HP CI3 8/512GB 22 DG0000LA,14,21038.16644
50128979,MOUSE INALAMBRICO MINI NEGRO,14,298.6629921
50128980,MOUSE INALAMBRICO MINI AZUL,14,298.545302
50128981,MOUSE INALAMBRICO MINI ROJO,14,298.5959596
50129016,MOUSE PAD BOYE ECOLOGICA NEGRO,14,235.2
50129309,MOUSE INALAMBRICO USB NEGRO NE410,14,139.4603479
50129310,MOUSE INALAMBRICO DELGADO NEG/REC NE412N,14,298.1490874
50129311,TECLADO Y MOUSE INALAMBRICO USB NE415,14,342.5277414
50129312,TECLADO Y MOUSE ALAMBRICO USB NE416,14,236.5019739
50129315,LAPTOP DELL INSP 16IN CI5 16GB 512GB,14,17831.95977
50129316,AIO DELL INSPIRON 24 IN CI3 8GB 512GB,14,17934.11667
50129317,LAPTOP LENOVO IDEAP 16IN CI7 16GB 1TB,14,28119
50129342,LAPTOP LANIX XBOOK B15,14,26545.806
50129362,WEBCAM CON MICROFONO GHIA 720P HD NEGRO,14,260.372
50129407,MOUSE INALAMBRICO ERGONOMICO NEG 23507,14,705.6
50129408,MOUSE INALAMBRICO SILENCIOSO NEG 25084,14,327.6
50129409,MOUSE INALAMBRICO SILENCIOSO AZUL 25041,14,327.6
50129410,MOUSE INALAMBRICO SILENCIOSO VERDE 25042,14,327.6
50129411,MOUSE INALAMBRICO RECAGABLE NEG 23809,14,352.8
50129716,MOUSE DELL WM126 INALAMBRICO COLOR NEGRO,14,521.8611019
50129800,MOSE INALAMBRICO GRIS SILICON TECHZONE,14,349.65
50129801,MOUSE INALAMBRICO RECARGABLE ERGONO TECH,14,693.084
50129821,Laptop Lenovo  IdeaPad Slim3 R5 8G 512G,14,16464
50129822,Laptop Lenovo IdeaPad Slim3 CI7 16G 512,14,27814.5
50129823,Laptop Lenovo Gaming LOQ R5 8G 512G,14,25116
50129841,COMBO TECLADO ALAMBRICO HP,14,823.2
50129847,HP Mouse 200 Wireless Blue,14,309.9957216
50129856,LAPTOP GAMING OMEN CI7 16GB  1T 16IN,14,61117.05957
50129917,LAPTOP ASUS VIVOBOOK  Ci3 8G 256 + MOCH,14,14155.239
50129921,MONITOR NEXTEP 19.5 HD RESOLUCION,14,1508.22
50129922,MONITOR NEXTEP 21.5 FHD RESOLUCION,14,1917.998275
50129923,MONITOR NEXTEP 23.8 FHD RESOLUCION,14,2315.25
50129924,MONITOR NEXTEP CURVO FHD 23.8 RESOLUCION,14,2315.25
50129925,MONITOR NEXTEP CURVO FHD 27 RESOLUCION,14,3613.559449
50129926,PRESENTADOR LOGITECH R800 WIRELESS NEGRO,14,2038.365
50129957,MONITOR GAMING CURVO OCELOT MNL-2218,14,5420.436
50129959,MONITOR GAMER OCELOT MNL-1749 NEGRO,14,5354.898
50130185,LAPTOP DELL INSPIRON 3520 INTEL CORE I7,14,24472.4095
50130198,ALL IN ONE LENOVO IDEACENTRE 3 CI3,14,16298.184
50130199,LAPTOP ACER ASPIRE 15.6 CI5 8GB 512GB,14,12583.137
50130200,LAPTOP ACER ASPIRE 3 15.6 CI5 8GB 1TB,14,13539.771
50130201,LAPTOP ACER ASPIRE 3 CI7 15.6 16 GB 1TB,14,31582.236
50130202,LAPTOP HP AERO R5 16GB 512GB 13.3IN,14,35964.6
50130203,LAPTOP HP 15.6 CI5 16GB 512GB,14,20472.9
50130248,AIO HP 22 IN N200 8GB 512GB,14,16531.2
50130258,LAPTOP HP 15.6 AMD RYZEN 5 8GB 512,14,21000
50130266,LAPTOP LENOVO 14 CI3 8GB 256 GB,14,9919.478377
50130539,LAPTOP ASUS VIVOBOOK 14 Ci5 8GB 512GB,14,18319.014
50130540,LAPTOP LENOVO V14 16GB 512GB,14,17452.52351
50130549,MOUSE OPTICO INALAMBRICO 2.4 GHz,14,86.583
50130561,KIT MOUSE TECLADO BLUETOOTH,14,409.731
50130568,TECLADO ERGONOMICO SLIM USB 2.0,14,208.887
50130569,MOUSE ERGONOMICO CONEXION USB,14,243.684
50130684,TECLADO ALAMBRICO HP 125 USBA,14,522.186
50130687,LENOVO V14 G4 AMN 14 PULG 8GB 256 GB SSD,14,16550.1
50130688,IPAD WIFI 10 9 PULG 64GB PLATA,14,15821.4
50130689,PANTALLA INTELIGENTE ECHO SHOW 8,14,5327.7
50130701,Tablet Samsung Galaxy Tab S6 10 6 Gris,14,13702.395
50130844,Mouse optico HP 125 con cable USB,14,903
50130845,Teclado Alambrico Dell KB216,14,915.6
50130915,AURICULARES GAMING ZIROX GTX415 TRUST,14,588
50130916,TECLADO BLUETOOTH WIRELESS TRUST,14,470.4
50130917,TECLADO GAMING ILUMINADO GTX833 NEGRO,14,646.8
50130918,SOPORTE MONITOR CRISTAL TRUST,14,705.6
50130921,LAPTOP GAMING 15.6IN R5 16GB 1TB,14,37348.5
50130923,LAPTOP HP 14IN CI5 16GB 512GB,14,37503.9
50130924,MONITOR HP 23.8IN FHD,14,4403.290204
50130929,"""ALL IN ONE HP ProOne 245 23.8"""" G10""",14,19388.565
50131255,LAPTOP LENOVO IDE T 15.6IN R7 16GB 512GB,14,24045
50131256,LAPTOP LENOVO IDEAP 15.6IN R7 16GB 512GB,14,20619.16029
50131257,LAPTOP GAMER LENOVO 15.6IN 16GB 1TB,14,30427.656
50131266,KASPER4SKY PLUS 10 DISP 1 ANO,14,1653.519
50131268,MACBOOK PRO XDR 14.2 PUL 16GB 512GB SSD,14,67976.643
50131271,MOUSE TRACKBALL INALA/M575 OPTI 2000 NEG,14,1681.638
50131367,MONITOR SAMSUNG 24PULG FHD1920x1080 VA,14,3391.5
50131382,FUNDA IPAD 9.7 5 6  GEN AIR 2 AIR 1  NEG,14,557.592
50131383,MOUSEPAD GATO CATS STUK,14,51.765
50131384,MOUSEPAD FLOR CATS STUK,14,51.765
50131393,M365 FAMILY,14,3983.007
50131394,M365 PERSONAL,14,3203.382
50131395,M365 FAMILY EXTRA TIME,14,3983.007
50131396,M365 PERSONAL EXTRA TIME,14,3203.382
50131397,OFFICE HOME STUDENT 2024 2649MXN,14,4589.382
50131461,MOUSE PAD BOYE VD,14,235.2
50131462,PROYECTOR VIEWSONIC LS560WH LED,14,30867.9
50131469,LAPTOP ASUS 14INCH CI3 8GB 512GB,14,15820.749
50131470,LAPTOP ASUS 14INCH CI5 8GB 512GB,14,17486.259
50131471,LAPTOP GAMING ASUS R5 16GB 512GB,14,31643.157
50131533,DELL OPTIFLEX 7020 SFF WINDOWS 11 PRO,14,35095.41
50131534,COMPUTADORA DELL INSPIRON 3030 SFF,14,44699.466
50131535,MONITOR HP M24M G4 LCD 23.8 PULG,14,5468.9355
50131578,MONITOR SAMSUNG 32P M5 FHD,14,8821.533
50131621,MEMORIA USB ADATA 32GB RBK,14,134.4
50131622,MEMORIA USB ADATA 32GB RWH,14,134.4
50131623,MEMORIA USB ADATA 32GB RPP,14,134.4
50131624,MEMORIA USB ADATA 32GB RWB,14,134.4
50131625,MEMORIA USB KINGSTON 64GB MR,14,176.4
50131626,MEMORIA USB KINGSTON 64GB MM,14,176.4
50131627,MEMORIA USB KINGSTON 64GB MA,14,176.4
50131628,MEMORIA USB KINGSTON 64GB MV,14,176.4
50131629,ESTADO SOLIDO KINGSTON 1000GB SXS,14,3412.5
50131630,MOUSE INALAMBRICO TECHZONE SLIM RS,14,316.533
50131631,MOUSE INALAMBRICO TECHZONE SLIM AZ,14,316.533
50131632,MOUSE INALAMBRICO TECHZONE SLIM BC,14,316.533
50131633,MOUSE ERGONOMICO RECARGABLE,14,410.676
50131634,TECLADO ALAMBRICO TECHZONE GRMLY,14,199.5
50131635,TECLADO ALAMBRICO TECHZONE OVAL NEGRO,14,258.3
50131636,TECLADO ALAMBRICO TECHZONE OVAL MENTA,14,258.3
50131637,TECLADO ALAMBRICO TECHZONE OVAL ROSA,14,258.3
50131638,COMBO TECLADO +MOUSE INALAMBRICO AZUL,14,579.6
50131639,MOUSE BASICO GRIS 1000DPI,14,81.186
50131640,MOUSE INALAMBRICO BASICO BC,14,175.329
50131641,MOUSE INALAMBRICO BASICO NG,14,175.329
50131642,MOUSE INALAMBRICO BASICO AZ,14,175.329
50131670,LENOVO IDEAC AIO 23.8INCH CI5 8GB 512GB,14,25704
50131675,LAPTOP HP 240 G10 14PULG,14,19215.7455
50131759,KIT TECLADO MINI  MOUSE INALAM,14,579.6
50132714,BASE ENFRIADORA LAPTOP 17PULG,14,826.728
50132755,LAPTOP LENOVO IDEAPAD SLIM 3 82XB008LUS,14,11377.296
50132891,DESCANSA MUNECAS GATO TECHZONE,14,116.508
50132892,DESCANSA MUNECAS CERDO TECHZONE,14,116.508
50132893,DESCANSA MUNECAS PERRO TECHZONE,14,116.508
50132897,APUNTADOR LASER NEGRO 50M,14,396.69
50132898,LAPTOP LENOVO IDP SLIM 15.6INC 8GB 512GB,14,17754.954
50132990,COMBO STITCH TABLET 8INCH CROSSB AUDIF,14,4886.301
50133018,TAPETE PARA ESCRITORIO STITCH GAIRET,14,159.6
50133195,VENTILADOR Y SOPORTE PARA LAP REDLEMON,14,858.102
50133258,VERBATIM DISCOS VIRGENES CDRW 4X50PZAS,14,1238.832
50133263,BITDEFENDER ANTIVIRUS PLUS 1A 1U,14,632.1
50133264,ANTIVIRUS BITDEFENDER PLUS 1A 3U,14,949.2
50133267,BITDEFENDER INTERNET SECURITY 1A 5U,14,1646.4
50133269,BITDEFENDER TOTAL SECURITY MD 1A 5U,14,2532.6
50133298,MONITOR CURVO LG 32MR50C-B 32 PULGADAS,14,7445.949
50133304,AIO LENOVO 3 24IAP7 23.8 INCH 8GB 256GB,14,15878.20605
50133416,MACBOOK AIR 13 INCH M4 16GB 512GB PT,14,52474.59
50134080,HP PRO ONE 245 G10 ALL IN ONE,14,22642.893
50134084,TRUST AUDIFONOS GAMER GXT4371 ALAM NEG,14,890.694
50134085,MEMORIA USB SANDISK ULT 512GB USB C 150M,14,3119.13
50134086,MEMORIA USB ADATA DASH 512GB USB3.2 100M,14,1345.092
50134091,LAPTOP LENOVO THINKBOOK 21KG00B4LM,14,40930.092
50134408,LAPTOP LENOVO V14 14 PULG 83A0008MLM,14,13076.87949
50134586,MOUSEPAD CON SOPORTE ROSA CONSTELACIONES,14,113.8091216
50134587,MOUSEPAD PLANO MORADO CONTELACIONES,14,54.55076821
50134602,BASE PORTATIL PERFECT CHOICE LAPTOP,14,415.905
50134629,LAPTOP LENOVO V15 15.6IN R5 8GB 512GB,14,12180
50134704,BASE LAPTOP ZHIXINGT PLEGABLE,14,269.745
50134706,LAPTOP HP 14-DQ0518LA,14,8593.578
50134707,BROBOTIX PRESENTADOR LASER 497356,14,604.065
50134719,CANDADO COMB LAPTOP TECHZONE TZCCL3,14,310.842
50134933,LAPTOP HP OMEN C ULTRA 9 32G 2T 15.6IN N,14,62763.939
50134949,VERBATIM SLIMLINE QUEMADOR DVD CDRW,14,1489.908
50134983,LAPTOP DELL R5 8GB 512 GB 15.6IN DC15255,14,14168.54081
50134992,VERBATIM CDR BLANCO HUB IMPRIMIBLE C100,14,1121.946
50135095,LAPTOP IDEAPAD SLIM CI5 8GB 512GB 15.3 V,14,16535.316
50135101,TECLADO INALAMBRICO LOGITECH K400 PLUS,14,1713.18
50135107,PANTALLA PRIVACIDAD 14 PULG. IPROKKO,14,961.359
50135235,ACER AUDIFONOS GAMER PREDATOR GALEA 311,14,1149.246
50135328,EVOLIS KIT LIMPIEZA ACL008,14,595.602
50135553,MONITOR GAMER CURBO SAMSUNG G55C,14,8814.561
50135689,LAPTOP LENOVO IDEAPAD C7 24GB 1T 15 GRIS,14,27527.6458
50135696,PANTALLA PROYECCION MANUAL MST154 86PULG,14,2543.541
50135811,LAPTOP HP R5 8GB 512GB 15.6IN + M365 1Y,14,16096.5
50135871,LAPTOP HP 245 G10 AMD B84N3AT,14,17042.319
50135872,ALL IN ONE LENOVO 24IRH9 F0HN0008LD,14,20436.318
50135873,LAPTOP DELL DC15250 0Y8RM,14,25289.817
50135926,LAPTOP LENOVO CI3 8GB 512GB 15IN GR T,14,16683.71118
50135927,LAPTOP LENOVO R3 8GB 512GB 15 IN AZ,14,16272.53857
50135982,PANTALLA PORTATIL PROYECTOR 84 PULG,14,2697.408
50135983,PANTALLA PROYECTOR 100 PULG,14,2310
50136157,MICROSOFT 365 6 US 5 DISP,14,4500.153
50136351,TECLADO ALAMBRICO HP 150 NEGRO,14,336
50136352,MOUSE ALAMBRICO HP 150 NEGRO,14,155.4
50136353,MOUSE INALAMBRICO COMPACTO HP 230 NEGRO,14,447.3
50136354,MOUSE BLUETOOTH HP 240 ROJO NEGRO,14,403.2
50136761,SSD KINGSTON SKC600 512G,14,1958.796
50136762,STARTECH ADAPTADOR DISCO DURO 2.5,14,1104.306
50136794,BROBOTIX BASE PARA LAPTOP 263564,14,614.607
50136795,BROBOTIX AUDIFONOS GAMER 651305,14,446.229
50137227,LAPTOP GAMING VICTUS RYZEN 5 16 GB RAM,14,36640.8
50137228,MOUSE INALAMBRICO HP 400 NEGRO,14,672
50137229,MOUSE INALAMBRICO HP 400  AZUL,14,672
50137230,MOUSE INALAMBRICO HP 400  ROSA,14,672
50137233,LAPTOP HACER ASPIRE GO NX J50AA 003,14,16635.255
50137234,LAPTOP HP 15 FD0130WM B9RY5UA,14,11656.806
50137237,LENOVO THINKCENTRE NEO 50A 12SD002GLS,14,39789.561
50137300,AIO LENOVO 23.8IN CI3 8GB 512GB GRIS,14,16027.809
50137301,AIO LENOVO 23.8IN R7 16 GB 512 GB BLANCO,14,22119.993
50137328,MONITOR CURVO LG 24 PULG 24U421A  FHD,14,4177.425
50137403,PROYECTOR HISENSE PX3-PRO DLP,14,54518.541
50137462,LAPTOP HP 15 C5 8 GB 512 GB 15.6 PLATA,14,16100.7
50137526,PROYECTOR BENQ MX560C XGA 4000KM BLANCO,14,17953.11
50137534,LAPTOP HP R7 16GB 512GB  15.6 PLATEADA,14,23360.4
50137535,LAPTOP HP R5 8GB 512 GB 15.6 PLATEADA,14,19332.6
50137551,APPLE IPAD RETINA 11 A16 128 GB PLATA,14,14761.551
50137554,TABLET SAMSUNG GALAXY TAB S10 LITE 128GB,14,12091.296
50137555,MONITOR LG 34 PULG CURVO 34WR50QK,14,11741.94
50137566,LAPTOP ASUS CI5 8GB 512SSD 14IN W11 AZUL,14,19984.545
50137567,LAPTOP ASUS TUF CI5 16G 512S 16IN W11 GR,14,38305.239
50137722,SANDISK MEMORIA SD 64 GB 4K,14,769.398
50137736,PROYECTOR EPSON POWERLITE X49,14,20781.6
50137749,PROYECTOR EPSON EPIQVISION V11HB35320,14,20082.153
50137750,LAPTOP HP 255 G10 A82ZVUA ROW,14,19014.051
50137764,LAPTOP GAMING RTX 3050 C5 16 GB 512 GB,14,33308.1
50137815,MEMORIA USB DAHUA 64 GB USB 3.0 PLATA,14,167.181
50137816,MEMORIA USB DAHUA  128 GB USB 3.0 PLATA,14,322.077
50137940,HP PROONE 245 G10 ALLINONE,14,24945.9
50011515,CORRECTOR BROTHER MAQ ESC 3010,15,137.069625
50033781,CARTUCHO HP 56 NEGRO,15,840.441
50046100,CARTUCHO HP 21 NEGRO,15,788.1959647
50046101,CARTUCHO HP 22 TRICOLOR,15,1136.604
50055392,CARTUCHO HP 60 NEGRO,15,773.7868903
50055393,CARTUCHO HP 60 TRICOLOR,15,934.4809553
50060738,CARTUCHO HP 564 NEGRO,15,662.445
50061240,CARTUCHO HP 60XL NEGRO,15,1853.801826
50063374,TONER HP 05A NEGRO CE505A,15,4506.474
50064135,TONER HP 85A NEGRO CE285A,15,2816.02998
50065966,CARTUCHO DE TONER HP 78A,15,2884.4865
50066100,CARTUCHO HP 122 NEGRO,15,492.3561258
50066101,CARTUCHO HP 122 TRICOLOR,15,593.999913
50067172,CARTUCHO HP 122XL NEGRO,15,1505.025976
50067175,CARTUCHO HP 122XL TRICOLOR,15,1271.382
50069944,CARTUCHO HP 950 NEGRO,15,1046.255672
50069945,CARTUCHO HP 951 CYAN,15,776.6650949
50069946,CARTUCHO HP 951 MAGENTA,15,787.2856297
50069947,CARTUCHO HP 951 AMARILLO,15,782.7775631
50069948,CARTUCHO HP 950XL NEGRO,15,1638.573513
50069949,CARTUCHO HP 951XL CYAN,15,1145.468198
50069950,CARTUCHO HP 951XL MAGENTA,15,1144.432387
50069951,CARTUCHO HP 951XL AMARILLO,15,1145.142011
50070173,TINTA IMP EPSON T664 NEGRO,15,269.4163162
50070174,BOTELLA EPSON T664220 CYAN,15,269.9068652
50070175,BOTELLA EPSON T664320 MAGENTA,15,270.7237615
50070176,TINTA IMP ESON T664 AMARILLO,15,270.5539604
50070286,TONER HP 55A NEGRO CE255A,15,1129.671
50071964,CARTUCHO HP 662 NEGRO,15,373.0239497
50071965,CARTUCHO HP 662 TRICOLOR,15,374.5807345
50071966,CARTUCHO HP 662XL NEGRO,15,856.0684792
50071967,CARTUCHO HP 662XL TRICOLOR,15,1028.990309
50071969,CARTUCHO HP 670 NEGRO,15,398.1105831
50071970,CARTUCHO HP 670 CYAN,15,397.516814
50071971,CARTUCHO HP 670 MAGENTA,15,397.789
50071972,CARTUCHO HP 670 AMARILLO,15,398.1909726
50072729,TONER BROTHER TN-410 NEGRO,15,1231.584621
50074122,BOTELLA EPSON T774120 NEGRO,15,568.9395041
50074201,CARTUCHO BROTHER LC-103 NEGRO,15,733.74
50074203,CARTUCHO BROTHER LC-103 CYAN,15,530.964
50074204,CARTUCHO BROTHER LC-103 MAGENT,15,511.45875
50077004,TONER BROTHER TN-1060 NEGRO,15,1367.244217
50081546,TONER HP 83A NEGRO CF283A,15,2566.867777
50081553,CARTUCHO BROTHER LC509 NEGRO,15,251.5053262
50081554,CARTUCHO BROTHER LC505 CYAN,15,251.4506308
50081555,CARTUCHO BROTHER LC505 MAGENTA,15,251.6261874
50081556,CARTUCHO BROTHER LC505 AMARILL,15,251.5891554
50083780,MULTIFUNCIONAL BROTHER 2540DW,15,6769.161
50083785,TONER BROTHER TN-660 NEGRO,15,1912.198794
50086298,TONER HP 201A NEGRO CF400A,15,2556.477
50086299,TONER HP 201A CYAN CF401A,15,2993.235
50086300,TONER HP 201A AMARILLO CF402A,15,2897.202
50087306,CARTUCHO HP 46 NEGRO,15,398.9899164
50087307,CARTUCHO HP 46 TRICOLOR,15,394.7046862
50087469,MULTIFUNCIONAL BROTHER DCP1617,15,4801.898096
50088303,CARTUCHO HP 664 TRICOLOR,15,371.5607117
50088304,CARTUCHO HP 664 NEGRO,15,371.3120498
50088615,CARTUCHO HP 664XL TRICOLOR,15,1032.562496
50088623,CARTUCHO HP 664XL NEGRO,15,1070.735402
50090582,CARTUCHO HP 954 NEGRO,15,1221.271649
50090584,CARTUCHO HP 954 CYAN,15,856.9951209
50090586,CARTUCHO HP 954 MAGENTA,15,856.6217889
50090587,CARTUCHO HP 954 AMARILLO,15,856.5612578
50090588,CARTUCHO HP 954XL NEGRO,15,1817.889746
50090589,CARTUCHO HP 954XL CYAN,15,1407.326557
50090591,CARTUCHO HP 954XL MAGENTA,15,1401.453707
50090593,CARTUCHO HP 954XL AMARILLO,15,1401.658444
50090707,CARTUCHO HP 974A PW NEGRO,15,2622.992315
50090712,CARTUCHO HP 974A PW MAGENTA,15,2960.477561
50090713,CARTUCHO HP 974A PW AMARILLO,15,2876.484897
50090817,TONER HP 410A NEGRO CF410A,15,3412.332
50090818,TONER HP 410A CYAN CF4114,15,4131.687
50090819,TONER HP 410A AMARILLO CF412A,15,4137.147
50090944,BOTELLA BROTHER BT6001 NEGRO,15,240.6203559
50090945,BOTELLA BROTHER BT5001C CYAN,15,252.2016971
50090946,BOTELLA BROTHER BT5001M MAGENT,15,252.1921425
50090947,BOTELLA BROTHER BT5001Y AMARI,15,252.1929397
50091665,MULTIFUNCIONAL HP INK ADV 3775,15,3229.926
50092715,TONER HP 17A NEGRO CF217A,15,2355.079632
50092882,BOTELLA HP GT52 CYAN,15,265.877344
50092883,BOTELLA HP GT52 MAGENTA,15,266.0421338
50092884,BOTELLA HP GT52 AMARILLA,15,265.7359151
50096179,CARTUCHO BROTHER LC3019BK,15,1405.009722
50096180,CARTUCHO BROTHER LC3019C,15,822.3155904
50096181,CARTUCHO BROTHER LC3019M,15,821.9893175
50096182,CARTUCHO BROTHER LC3019Y,15,822.1096166
50096347,BOTELL1 BROTHER BTD-60BK NEGRO,15,252.189
50096556,BOTELLA EPSON T504 NEGRO 127ML,15,351.0681436
50096557,TINTA PARA IMPRESION EPSON T504 C,15,270.8725143
50096565,TINTA PARA IMPRESION EPSON T504 M,15,271.0974934
50096567,BOTELLA EPSON T504 AMARI 70ML,15,271.0985258
50098114,CINTA EPSON ERC-27B NEGRO,15,96.411
50099709,BOTELLA EPSON T544 NEGRO 65 ML,15,278.964
50099710,TINTA EPSON T544 CYAN 65 ML,15,271.4467802
50099711,BOTELLA EPSON T544 MAGENTA,15,272.8612672
50099712,TINTA EPSON T544 AMA 65 ML,15,278.859
50101398,TONER HP 204A NEGRO CF510A,15,2297.331
50102438,TINTA HP 904XL CIAN,15,1140.46548
50102439,TINTA HP 904XL MAGENTA,15,1145.36835
50102440,TINTA HP 904XL AMARILLO,15,1141.45325
50102441,TINTA HP 904XL NEGRO,15,2009.7516
50102713,CARTUCHO HP 964XL BLACK,15,1569.378259
50102720,CARTUCHO HP 964XL CYAN,15,1267.611294
50102721,CARTUCHO HP 964XL MAGENTA,15,1263.54523
50102722,CARTUCHO HP 964XL YELLOW,15,1257.668486
50103325,MULTIFUNCIONAL HP LASER M135W,15,6153.626625
50103326,MULTIFUNCIONAL HP LASERM137FNW,15,7218.410285
50103330,TONER HP 105A NEGRO W1105A,15,1924.575731
50104152,BOTELLA HP GT53 TINTA NEGRA,15,265.2489963
50104505,MULTIFUNCIONAL HP SMARTTANK515,15,8182.86
50104710,KIT RECARGA TONER HP 103AD,15,733.1868117
50105260,MULTIFUNCIONAL HP SMARTTANK500,15,6773.781
50105544,TONER HP 26A RENDIMIENTO 3100,15,0.021
50108020,MULTIFUNCIONAL HP INKADV 2375,15,2075.829
50108021,MULTIFUNCIONAL HP INKADV 2775,15,2922.171
50108025,MULTIFUNCIONAL HP LJPRO M182NW,15,9692.865
50108120,CARTUCHO HP 667 TRICOLOR,15,365.0776242
50108121,CARTUCHO HP 667 NEGRO,15,365.427707
50108122,CARTUCHO HP 667XL TRICOLOR,15,1038.829638
50108123,CARTUCHO HP 667XL NEGRO,15,1070.920389
50108124,TONER HP LASERJET 215A MAGENTA,15,1862.223007
50108125,TONER HP LASERJET 215A AMARILO,15,1855.959342
50108126,TONER HP LASERJET 215A CYAN,15,1856.620343
50108127,TONER HP LASERJET 215A NEGRO,15,1724.091538
50108318,TONER HP 48A CF248A NEGRO,15,2451.797809
50108339,MULTIFUNCIONAL BROTHER B7535DW,15,11114.50166
50108340,TONER BROTHER TN-B022 NEGRO,15,746.3415101
50108813,CARTUCHOS T664 COMBO 2PZ NEGRO,15,500.3282308
50108815,CARTUCHOS T504 COMBO 2PZ NEGRO,15,619.2865
50108866,TONER HP 58A CF258A NEGRO,15,5220.545925
50110071,MULTIFUNCIONAL BROTHER DCPT220,15,5810.534611
50110072,MULTIFUNCIONAL BROTHER T520W,15,6958.353049
50110073,MULTIFUNCIONAL BROTHER T720DW,15,8807.383623
50111380,TONER HP 206A NEGRO W2110A,15,2138.164467
50111381,TONER HP 206A CYAN W2111A,15,2520.836783
50111382,TONER HP 206A AMARILLO W2112A,15,2521.130985
50111384,TONER HP 206A MAGENTA W2113A,15,2607.357
50111657,TONER BROTHER MOD TN 227 MAGEN,15,3299.121
50112097,MULTIFUNCIONAL BROTHER T920DW,15,11906.92514
50112513,MULTIFUNCIONAL EPSON ECO L3210 SN 835739,15,7139.07788
50112540,MULTIFUNCIONAL EPSON ECO L3250 - L3251,15,8420.987485
50112783,MULTIFUNCIONAL HP 750,15,11983.43674
50112784,MULTIFUNCIONAL HP 720,15,8894.634
50113228,EPSON EPSERC09B BLACK,15,0.021
50113477,BOTELLA CANON GI-11 MAGENTA,15,549.402
50114027,IMPRESORA MULTIFUNCIONAL HP,15,8119.042842
50115188,IMPRESORA HP INKADV2375 COLOR,15,2075.829
50115391,TONER HP 58X NEGRO CF258X,15,9844.422
50115898,TONER HP 206A MAGENTA LASER,15,2200.807
50115899,TONER HP 206A AZUL CLANICO LAS,15,2358.174
50115901,TONER HP 206A AMARILLO LASER,15,1360.023
50115902,TONER HP 206A NEGRO LASER,15,1989.407
50116410,MULTINFUNCIONAL BROTHER MFCJ69,15,13185.921
50116415,TONER HP 150A NEGRO W1500A,15,2033.374417
50116682,CARTUCHO BROTHER LC402XLYS,15,1012.535988
50116683,CARTUCHO BROTHER LC402BKS,15,759.0869344
50116684,CARTUCHO BROTHER LC402YS,15,632.352
50116685,CARTUCHO BROTHER LC402MS,15,632.352
50116686,CARTUCHO BROTHER LC402XLBKS,15,1519.413
50116687,CARTUCHO BROTHER LC402XLCS,15,1012.535973
50116688,CARTUCHO BROTHER LC402CS,15,632.352
50116689,CARTUCHO BROTHER LC402XLMS,15,1012.535984
50116927,MULTI BROTHER MFCL3710CW,15,11230.8
50116928,MULTI BROTHER DCPL2551DW,15,8315.494047
50118328,MULTIFUNCIONAL COLOR HP ST 520,15,6352.899
50118329,MULTIFUNCIONAL COLOR HP ST 580,15,7764.96
50118332,MULTIFUNCIONAL HP LASERJET2602,15,12154.926
50119896,CARTUCHO DE TONER BROTHER TN223C CYAN,15,2026.311
50119897,CARTUCHO DE TONER BROTHER TN223M MAGENTA,15,2026.311
50119898,CARTUCHO DE TONER BROTHER TN223Y AMARILL,15,2026.311
50119899,CARTUCHO DE TONER BROTHER TN730 NEGRO,15,1456.056
50122522,TONER HP NEGRO 154X ORIGINAL,15,641.865
50124814,IMPRESORA HP LASERJET M111W,15,4547.364993
50124815,IMPRESORA HP SMART TANK 210,15,5646.858
50124976,IMPRESORAÂ HP INK ADVANTAGE 2875,15,3076.08
50125876,MULTIFUNCIONAL DIGITAL COLOR DCPL3560CDW,15,12308.814
50125934,CARTUCHO DE TONER NEGRO TN229XLBK,15,2626.374522
50125935,CARTUCHO DE TONER CIAN TN229XLC,15,3259.991
50125936,CARTUCHO DE TONER AMARILLO TN229XLY,15,3259.887566
50125937,CARTUCHO DE TONER MAGENTA TN229XLM,15,3257.008077
50127139,MULTIFUNCIONAL BROTHER LASER DCPL2660DW,15,7650.317677
50127140,TONER NEGRO DE HASTA 3000 PAG TN830XL,15,2366.621796
50127141,TONER NEGRO DE HASTA 5000 PAG TN17,15,3246.53196
50127901,CARTUCHO DE CINTA EPSON MATRICIAL NEGRO,15,287.7
50127911,MULTIFUNCIONAL BROTHER LASER DCP-B7640DW,15,10984.57629
50128415,Mini Impresora Termica Portatil Bt,15,1446.186
50129062,SCANER CANON SCANLIDE 300 2400X2400 DPIÂ,15,3747.975
50130259,MULTIFUNCIONAL BROTHER DCP-T230 H982140,15,5545.617
50130260,MULTIFUNCIONAL BROTHER DCP-T530DW TINTA,15,6950.947752
50130261,MULTIFUNCIONAL BROTHER DCP-T730DW TINTA,15,8677.451832
50130262,MULTIFUNCIONAL BROTHER MFC-T930DW TINTA,15,10868.19082
50131243,BOTELLA BROTHER BTD100BK NEGRO,15,252.189
50131244,BOTELLA BROTHER BTD100C CYAN,15,252.189
50131245,BOTELLA BROTHER BTD100M MAGENTA,15,252.189
50131246,BOTELLA BROTHER BTD100Y AMARILLO,15,252.189
50132985,CARTUCHO HP DESIGNJET 712 MAGENTA 3PZAS,15,2709.651
50132986,CARTUCHO HP DESIGNJET 712 CIAN 3PZAS,15,2727.753
50132987,CARTUCHO HP DESIGNJET 712 AMARILLO 3PZAS,15,2709.651
50132988,CARTUCHO HP 712 NEGRO 80ML,15,2492.406
50132996,TONER BROTHER TN227BK NEGRO,15,2593.08
50132997,TONER BROTHER TN227C CIAN,15,3299.121
50132998,TONER BROTHER TN227Y AMARILLO,15,3299.121
50133116,CINTA ZEBRA YMCKO 280 IMAGENE ZXP SERIE3,15,1961.463
50134054,TONER HP 05A NEGRO NEGRO 2300 PAGINAS,15,4410.714
50134158,CABEZAL HP X4E75AL NEGRO,15,1049.097
50134159,CABEZAL HP M0H50AL TRICOLOR,15,1049.097
50134265,TONER BROTHER TN229BK NEGERO,15,2322.684
50134266,TONER BROTHER TN229Y AMARILLO,15,2630.439
50134267,TONER BROTHER TN229M MAGENTA,15,2630.439
50134268,TONER BROTHER TN229C CIAN,15,2485.623
50134272,MULTIFUNCIONAL HP LASERJET PRO M141W,15,5804.883
50134523,IMPRESORA WISOQU POS8330,15,2310
50134603,EPSON FX890II N UPS MATRIZ DE PUNTOS,15,23168.796
50134672,PISTOLA LECTORA COD BARRA KUIIYER,15,1056.3
50134916,TONER HP 131A NEGRO CF210A,15,3480.687
50134917,TONER HP 131A MAGENTA CF213A,15,4313.442
50134918,TONER HP 131A CIAN CF211A,15,4313.442
50134919,TONER HP 131A AMARILLO CF212A,15,4313.442
50135100,CINTA EVOLIS CBGR0500K NEG BADGY 200,15,688.632
50135425,TONER YMCKO PRIMACY COLOR EDIKIO FLEX,15,3034.5
50135479,TONER HP 414A AMARILLO W2022A,15,4991.322
50135480,TONER HP 414A MAGENTA W2023A,15,4991.322
50135481,TONER HP 414A CIAN W2021A,15,4991.322
50135482,TONER HP 414A NEGRO W2020A,15,3887.016
50135688,IMPRESORA INYECCION HOP CZ993A,15,9132.501
50135876,MULTIFUNCIONAL XEROX VERSALINK C7130S,15,131597.844
50135879,MULTIFUNCIONAL EPSON ECOTANK L5590,15,10624.908
50135880,TONER HP W2300A NEGRO,15,3437.847
50135881,TONER HP 305A CIAN,15,4361.112
50135882,TONER HP 49A NEGRO,15,4886.112
50135883,TONER HP W2302A AMARILLO,15,4143.888
50135884,TONER HP 80A NEGRO,15,3872.337
50135885,TONER HP W2301A CIAN,15,4143.888
50135886,TONER HP W2303A MAGENTA,15,4143.888
50135887,TONER HP 305A AMARILLO,15,4326.714
50135894,CANON PIXMA G1110 TINTA,15,4567.374
50136763,IMPRESORA CREDENCIALES EVOLIS BADGY 200,15,28755.51
50136897,IMPRESORA INALAMBRICA EPSON ECO L1250,15,5342.4
50136898,MULTIFUNCIONAL EPSON ECO L4360 C WF DPX,15,8906.1
50136971,CARTUCHO HP 938 NEGRO 4S6X8PL,15,1143.681
50136978,MULTIFUNCIONAL HP SMART TANK 523,15,6153.63
50136999,IMPRESORA BROTHER QL1110NWB,15,11548.194
50137000,CARTUCHO HP 711 NEGRO CZ129A,15,1627.5
50137001,CARTUCHO HP 711 CIAN CZ130A,15,1355.949
50137002,CARTUCHO HP 711 AMARILLO CZ132A,15,1355.949
50137028,IMPRESORA TERMICA TICKETS EPSON TMT88VII,15,13406.82
50137167,TONER HP 222A MAGENTA W2223A,15,2586.99
50137168,TONER HP 222A AMARILLO W2222A,15,2568.888
50137169,TONER HP 222A CIAN W2221A,15,2605.092
50137235,MULTIFUNC EPSON TANK L15150 C11CH72301,15,42468.888
50137236,SCANNER EPSON B11B261202,15,17670.786
50137365,MULTIFUNCIONAL EPSON ECOTANK L6370,15,13536.873
50137719,IMPRESORA HP  INK ADVANTAGE 2975,15,3076.038
50137737,TONER BROTHER TN310M MAGENTA,15,3474.051
50137738,TONER HP 410A MAGENTA,15,4404.561
50137739,LEXMARK UNIDAD DE IMAGEN 50F0Z00,15,1783.194
50137740,TONER HP 304A MAGENTA,15,4379.214
50137741,TONER HP 201A MAGENTA MAGENTA,15,3492.153
50137742,TONER HP 304A CIAN,15,4379.214
50137743,TONER BROTHER TN310BK NEGRO,15,3457.755
50137744,TONER HP 304A NEGRO,15,4225.347
50137745,TONER LEXMARK 60F4000 NEGRO,15,3421.551
50137746,TONER BROTHER TN310Y AMARILLO,15,3474.051
50137748,TONER HP 304A AMARILLO,15,4379.214
50137827,TONER BROTHER CYAN TN310C,15,3982.755
50137840,TORNER HP 222A NEGRO W222A,15,2201.829
50065027,"BACKPACK TECHZONE 15.6"" NEGRA",16,647.018657
50065039,"MALETIN TECHZONE 15.6"" NEGRO",16,671.9999817
50095386,"BACKPACK SAMSONITE 15.6"" IKONN",16,2700.290855
50097783,MALETIN NEGRO SNAP MAX SHUTTLE,16,704.8607874
50100249,"BACKPACK TECHZONE 15.6"" W NGO",16,825.0795
50103491,BACKPACK AIRPACK LP25APK NEGRO,16,1141.41865
50103492,MALETIN AIRPACK LP28APK NEGRO,16,1039.5
50106320,PORTAFOLIO SNAPMAXSHUTTLE 15.6,16,704.865
50111430,BACKPACK HP GAMING 500,16,1458.009
50111432,BACKPACK VIAJERA HP COLOR GRIS,16,1345.7682
50111448,FUNDA REVERSIBLE HP NGO/DOR 15,16,447.846
50111452,FUNDA REVERSIBLE HP NGO/PLATA,16,447.846
50111453,ESTUCHE LIGERO HP COLOR NEGRO,16,447.83025
50111455,"FUNDA HP MOVILIDAD 15""",16,672.322
50111671,"BACKPACK TOTTO CAMBRI 15"" ROSA",16,1193.829
50112927,BACKPACK TOTTO ECOBY L NEGRO,16,1293.411
50115387,CASE USO RUDO IPAD A2602,16,819.021
50115904,BACKPACK SAMSONITE NEW CITY PR,16,2234.4
50115905,BACKPACK SAMSONITE NEW CITY AZ,16,2234.4
50115906,BACKPACK SAMSONITE GUARDIT NG,16,2102.5403
50116064,MOCHILA TOTTO INDO ROSA PASTEL,16,1491.860149
50116067,MOCHILA TOTTO ADELAIDE NEGRA,16,2239.314
50116069,MOCHILA TOTTO TULA BUNGEE NEGR,16,576.492
50116074,MOCHILA TOTTO INDO NEGRA,16,1492.315964
50116638,BACKPACK NEGRA EUFRATES TOTTO,16,1641.885
50116639,BACKPACK AZUL EUFRATES TOTTO,16,1641.885
50116640,BACKPACK VERDE EUFRATES TOTTO,16,1641.885
50116641,BACKPACK VINO EUFRATES TOTTO,16,1641.885
50116642,BACKPACK GRIS INDO TOTTO,16,1486.74807
50116651,BACKPACK CAMBRI ROJA TOTTO,16,1280.5527
50116830,BOLSA TOTE STUK ARCOIRIS,16,127.638
50116947,BACKPACK AIRPACK NEGRA,16,1113
50116948,BACKPACK AIRPACK AZUL,16,798
50116959,BACKPACK TECHZONE GRIS OXFORD,16,693
50116960,"BACKPACK TECH AZUL/GRIS 15.6""",16,758.1
50116962,"BACKPACK TECH GRIS COURAGE 14""",16,921.9
50118820,BACKPACK SAMSONITE TUNNEL 16 AZ MARIN,16,2116.926
50119277,BACKPACK ADELAIDE 1 COLOR MORADO,16,2497.194
50119278,BACKPACK DEILY COLOR NEGRO,16,1199.541
50119279,BACKPACK DEILY POSEIDON,16,1302.357
50119285,BACKPACK 13 EUFRATES AZUL CL,16,1791.153
50119287,"""BACKPACK 15"""" INDO COLOR AZUL""",16,1628.214
50119288,BACKPACK ADELAIDE 3 COLOR MORADO,16,2171.337
50119478,BACKPACK NASA BLANCA 15.6,16,682.5
50120098,BACKPACK TECHZONE GLAD 15.6 TZ21LBP01-A,16,325.5
50120099,BACKPACK TECHZONE GLAD 15.6 TZ21LBP01-B,16,325.5
50121778,MALETIN ECOLOGICO BOLOGNA AZ 26X37 16 P,16,603.3657313
50121779,MALETIN ECOLOGICO BOLOGNA ROJO 26X37 16,16,603.8503333
50121780,MALETIN ECOLOGICO BOLOGNA VERD 26X37 16,16,541.737
50121795,MALETIN ECOLOGICO BOLOGNA NG 26X37 16 P,16,585.7158462
50121974,BACKPACK AMERICAN TOURISTER 15.6 NEGRA,16,1528.8
50121975,BACKPACK AMERICAN TOURISTER 15.6 AZUL M,16,1293.6
50122837,MOCHILA GOCTAL ROSA,16,1392.951228
50122838,MOCHILA GOCTAL NEGRO,16,1392.951
50125142,BACKPACK ECO HERO 15.6 AZUL,16,702.135
50125143,BACKPACK ECO HERO 15.6 CAMEL,16,702.135
50125145,BACKPACK ECO HERO 15.6 GREEN,16,702.135
50125272,BOLSA TOTE BAG ECO STUK 33.5X 38.5 CM,16,145.5567745
50125482,TOTE CON POMPONES SMILEY,16,57.42460751
50125745,MALETA BAZY AZUL OSCURO MEDIANA,16,4081.329
50125747,BACKPACK ISA GRIS OSCURO M TOTTO,16,1641.885
50125748,BACKPACK ISA AZUL OSCURO M TOTTO,16,1641.885
50125749,BACKPACK TITANY TOTTO NEGRO,16,2189.523
50125750,BACKPACK TITANY MARRON GRISACEO TOTTO,16,2189.523
50125992,BACKPACK VENTURA 17 NEGRO,16,2352
50127214,BACKPACK WE BARE BEARS,16,1222.41
50127220,BACKPACK ECCENTRIK DONKEY,16,1125.663
50127224,BACKPACK ECCENTRIK DONKEY,16,1125.663
50127226,BACKPACK ECCENTRIK DONKEY MEDIANA AZUL,16,852.159
50127227,BACKPACK ECCENTRIK DONKEY MEDIANA DISENO,16,852.159
50127240,BACKPACK URBANIA GRIS,16,963.795
50127243,BACKPACK URBANIA AZUL,16,963.795
50127246,BACKPACK URBANIA CAMEL,16,963.795
50127249,BACKPACK  URBANIA ROSA,16,963.795
50127251,BACKPACK URBANIA TRENDS,16,963.795
50127571,MOCHILA PARA LAPTOP ANTIRROBO EXTRA,16,829.5
50127572,MOCHILA PARA LAPTOP ANTIRROBO,16,776.139
50127612,BACKPACK CLOUD NEGRO,16,895.125
50128139,BACKPACK LAMBO AZUL,16,812.7
50128141,BACKPACK LAMBO NEGRO,16,1052.1
50128144,BACKPACK AMERICAN BAGS AZUL,16,1085.112
50128148,MOCHILA PARA LAPTOP ANTIRROBO EJECUTIVA,16,776.139
50128166,BACKPACK IGNIT BRAVO ASRTIC GREY/BLUE,16,1736.847
50128167,BACKPACK IGNITION HAMMER GOLDEN MUSTARD,16,1519.602
50128168,BACKPACK IGNITION PLASMA DEEP RED,16,1410.99
50128169,BACKPACK IGNITION PLASMA NAVY BLUE,16,1410.99
50128171,BACKPACK IGNITION STORM DEEP PURPLE,16,976.5
50128172,BACKPACK IGNITION STORM ASH BLUE,16,976.5
50128173,BACKPACK IGNITION STORM FOREST GREEN,16,976.5
50128174,BACKPACK IGNITION MOONLIGHT BLACK,16,867.888
50128175,BACKPACK IGNITION MOONLIGHT DEEP RED,16,867.888
50128176,BACKPACK IGNITION MOONLIGHT NAVY BLUE,16,867.888
50128184,BACKPACK XTREM GAMERPACK  BLACK/BLUE,16,2388.561
50128185,BACKPACK XTREM WEST BLACK,16,1736.847
50128436,BACKPACK AIRPACK AZUL MARINO,16,1197
50128437,BACKPACK AIRPACK ROSA,16,1197
50128438,BACKPACK AIRPACK VINO,16,1081.5
50128439,BACKPACK AIRPACK AZUL,16,1197
50128440,BACKPACK AIRPACK NEGRO,16,1467.9
50128441,PORTALAPTOP BAG AIRPACK AZUL MARINO,16,1089.9
50128442,PORTALAPTOP BAG AIRPACK ROSA,16,1089.9
50128597,BACKPACK NASA BY TECHZONE NG 17,16,725.256
50128598,BACKPACK WANTED TECHZONE UP TO 16 INCH,16,650.16
50128599,BACKPACK EXPLORE OCEAN TECHZONE VIAJE 16,16,824.397
50129714,"MOCHILA SAMSONITE MYSIGHT NEGRO 15.6""",16,2352.273
50129715,"MOCHILA SAMSONITE MYSIGHT AZUL 15.6""",16,2352.273
50130250,FUNDA PARA LAPTOP CON MOUSE BT RECARGABL,16,472.5
50130390,MOCHILA GRANDE CHENSON VERDE WAYNE,16,1193.745
50130400,MOCHILA GRANDE CHENSON AZUL LOTO,16,1085.112
50130401,MOCHILA GRANDE CHENSON NEGRO RAMBO,16,976.5
50131099,TOTE BAG DISENO FLORES CATS STUK,16,60.207
50131100,TOTE BAG DISENO GATO CATS STUK,16,60.207
50131165,BOLSA TOTE CIRCULOS COLORS STUK,16,60.207
50131166,BOLSA TOTE FLOR COLORS STUK,16,60.207
50131178,BACKPACK MORADA ADELAIDE 1 2.0 TOTTO,16,2189.523
50131179,BACKPACK NEGRA ADELAIDE 1 2.0  TOTTO,16,2189.523
50131180,BACKPACK AZUL ADELAIDE 1 2.0 TOTTO,16,2189.523
50131181,BACKPACK BEIGE CLOUD TOTTO,16,895.125
50131182,BACKPACK ROJO CLOUD TOTTO,16,895.125
50131184,BACKPACK AZ MARN TABLET PC CBR 2.0 TOTTO,16,1492.533
50131185,BACKPACK MORADA TOCAX TOTTO,16,646.212
50131186,BACKPACK AZ C GRS TOCAX TOTTO,16,646.212
50131187,BACKPACK NEGRA TOCAX TOTTO,16,646.212
50131188,BACKPACK NARANJA TOCAX TOTTO,16,646.212
50131189,BACKPACK AZUL TOCAX TOTTO,16,646.212
50131242,"""BACKPACK VENTURA 17"""" ROSA ORO SAMSONIT",16,2352
50131712,FUNDA PARA LAPTOP STITCH MOOVING,16,359.709
50132210,BACK PACK GRD NGR RAMBO CHENSON PRO,16,1628.214
50132278,SAMSONITE TITAN BLACK BACKPACK MOD STYLE,16,2062.704
50132279,SAMSONITE MERITON CHALK GREY  BACKPACK,16,2062.704
50132280,SAMSONITE SMITHSON MARINE BLUE BACKPACK,16,1736.847
50132281,SAMSONITE HAMMER CARBON BLUE BACKPACK,16,1628.214
50132282,SAMSONITE EQUINOX BLACK LAPTOP BACKPACK,16,1519.602
50132283,SAMSONITE EQUINOX ARMY GREEN BACKPACK,16,1519.602
50132285,SAMSONITE MOONLIGHT ASPHALT GRE BACKPACK,16,1193.745
50132286,SAMSONITE ROCK CHARCOAL BLUE BACKPACK,16,1193.745
50132287,SAMSONITE ROCK OLD PINK CASUAL BACKPACK,16,1193.745
50132324,BACKPACK LAPT NEG AZ BROOKLYN 5XT XTREM,16,1410.99
50132325,BACKPASK LAPT AZUL TASMAN 5XT XTREM,16,1410.99
50132326,BACKPACK LAPT NEG ROJ GAMMA 5XT XTREM,16,1410.99
50133118,MALETIN LAPTOP AIRPACK GRIS YADATEX,16,1089.9
50133119,BACKPACK LAPTOP AIRPACK NEGRA YADATEX,16,1323
50133120,BACKPACK LAPTOP AIRPACK AZULM YADATEX,16,1197
50133121,BACKPACK LAPTOP AIRPACK ROJA YADATEX,16,1323
50133122,BACKPACK LAPTOP AIRPACK ROSA YADATEX,16,1089.9
50133123,BACKPACK LAPTOP AIRPACK GRIS YADATEX,16,1089.9
50134116,TOTTE BAG CAPIBARA,16,83.51821622
50134571,TOTEBAG LUNA CONSTELACIOENS,16,63.231
50134572,TOTEBAG OJO CONSTELACIOENS,16,63.23027586
50134590,TOTEBAG SIN DISENO CONTELACIONES,16,61.31881132
50134936,FUNDA MINI IPAD 5TA GEN ECONOMICA,16,772.065
50134937,FUNDA IPAD MINI 6TA GEN ECONOMICA,16,772.065
50134938,FUNDA IPAD 5TA GEN ECONOMICA,16,772.065
50134939,FUNDA IPAD 6TA GEN ECONOMICA,16,772.065
50134940,FUNDA IPAD 7A GEN ECONOMICA,16,772.065
50134941,FUNDA IPAD 9NA GEN ECONOMICA,16,772.065
50134942,FUNDA IPAD 10A GEN ECONOMICA,16,772.065
50136654,"""MALETA VERDE 20"""" EROS CHENSON PRO """,16,2714.439
50136660,MOCHILA GRIS PORTA LAPTOP HOP 1818,16,650.643
50136662,CROSSBODY NEGRA ZLIP 1818,16,542.01
50136663,CROSSBODY VERDE ZLIP 1818,16,542.01
50136664,CROSSBODY ROSA ZLIP 1818,16,542.01
50136665,BOLSA DE MANO NEGRA ZLIP 1818,16,759.255
50136666,BOLSA DE MANO VERDE ZLIP 1818,16,759.255
50136667,BOLSA DE MANO ROSA ZLIP 1818,16,759.255
50137278,BACKPACK TECHZONE COLORS LAPTOP ROSA,16,422.436
50137279,BACKPACK TECHZONE COLORS LAPTOP AZUL,16,422.436
50137280,"""BACKPACK TECHZONE 15.6"""" LOUD""",16,587.181
50137281,BACKPACK LITE TECHZONE LAPTOP,16,587.181
50137282,BACKPACK TECHZONE COLORS LAPTOP ROSA,16,704.865
50137283,BACKPACK TECHZONE COLORS LAPTOP AZUL,16,704.865
50137284,BACKPACK TECHZONE COLORS LAPTOP AMARILLA,16,704.865
50137286,BACKPACK TECHZONE STYLE NEGRA,16,822.528
50137287,BACKPACK TECHZONE STYLE LAPTOP GRIS,16,822.528
50137678,BACKPACK AIRPACK ROSA,16,1197
50137679,BACKPACK AIRPACK ROJO,16,1197
50137680,BACKPACK AIRPACK GRIS,16,1197
50137681,BACKPACK AIRPACK NEGRO,16,1197
50137682,BACKPACK AIRPACK AZUL,16,1197
50137683,BACKPACK AIRPACK NEGRO,16,1197
50137684,BACKPACK AIRPACK ROSA,16,1197
50137685,BACKPACK AIRPACK GRIS,16,1197
50137686,BACKPACK AIRPACK NEGRO,16,1197
50137687,BACKPACK AIRPACK ROJO,16,1197
50137688,BACKPACK AIRPACK GRIS,16,1177.47
50137689,BACKPACK AIRPACK AZUL,16,1177.47
50137690,BACKPACK AIRPACK GRIS,16,1197
50137691,BACKPACK AIRPACK AZUL,16,1197
50013808,DICCIONARIO BASICO ESCOLAR,17,107.8347578
50022961,REVISTA EMPLOYER DEMEXICO    .,17,14.20323529
50023567,LIBRO P/ILUMINAR PRINCIPE DE .,17,0.021
50028891,REVISTA ERES                 .,17,34.965
50028905,REVISTA VANIDADES ESPECIAL   .,17,39.375
50033042,DICCIONARIO SINONIMOS Y ANTONI,17,165.464897
50033047,DICCIONARIO POCKET INGLES-ESP,17,141.0719654
50033048,DICCIONARIO SCHOOL INGLES-ESP,17,172.4505105
50033049,DICCIONARIO BASICO INGLES-ESP,17,129.5073107
50036744,TABLA PERIODICA D LOS ELEMENT.,17,38.41380128
50037573,LA TOLERANCIA                .,17,88.207
50042002,AMERICAN POCKET CHAMBERS ENGL,17,295.4459751
50045422,DICCIONARIO POCKET FRA-ESPANOL,17,228.8480616
50051664,DICCIONARIO ESENC.MATEMATICAS,17,186.8182979
50051665,DICCIONARIO ESENCIAL QUIMICA,17,186.786995
50051666,DICCIONARIO ESENCIAL FISICA,17,186.6433769
50064344,DICCIONARIO ELEMENTAL ESCOLAR,17,113.9822012
50064345,DICCIONARIO EDUCATIVO ESCOLAR,17,157.8955814
50064346,DICCIONARIO ESCOLAR JUNIOR,17,201.3210825
50075964,TABLA PERIODICA ILUSTRADA,17,93.91598367
50079300,AMOR POR SIEMPRE,17,191.1
50080321,DORA LA EXPLORADORA VAMOS A,17,99.1729364
50080322,DORA LA EXPLORADORA ES HORA,17,99.0219
50085099,DICCIONARIO BILINGUE PLUS,17,388.3153886
50085107,DICCIONARIO ESENCIAL  ESPANOL,17,180.1202335
50087439,"PREESC-MATE 1, DIVERTITRAZOS",17,268.905
50087440,"PREESC-MATE 2, DIVERTITRAZOS",17,265.6613077
50087441,"PREESC-MATE 3, DIVERTITRAZOS",17,266.6842018
50088253,LIBRO INGLES PARA PREESCOLAR,17,99.99329032
50091305,JUMBO DE COLOREAR BOB ESPONJA,17,99.92089823
50091307,ERA HIELO CHOQUE MUNDO LECTURA,17,156.975
50094438,DICCIONARIO DISNEY LAROSUSE,17,83.89537736
50094439,JUMBO COLOREAR PRECOLAR BILING,17,99.16697286
50094440,JUMBO COLOREAR DISTROLLER 224P,17,98.16218891
50094447,BOB ESPONJA ACTIVI.P/COLOREAR,17,150.5858153
50094953,MANDALA DISNEY VILLANOS 128PGS,17,297.59927
50094954,MANDALA DISNEY PRINCESAS ENCAN,17,297.1168312
50094955,MANDALA DISNEY AMIGOS DE PELIC,17,297.3408303
50094956,MANDALA DISNEY ESTRELLAS PIXAR,17,300.6724791
50096732,MANDALA EL PODER DE LAS CHICAS,17,224.6232622
50096743,MANDALA BESTIARIO FANTASTICO A,17,223.5249485
50096744,MANDALA TSUM TSUM ANTIESTRES,17,224.9293617
50096746,MANDALA FROZEN ANTIESTRES,17,224.065672
50096748,JUMBO ACTIVIDADES ONIX,17,102.1865575
50097438,MANDALA ONIX ARTE MAGICO ANTIE,17,125.9590074
50097439,ONIX COLORLAND,17,177.3815067
50097833,COLECCION DIVERTITRAZOS,17,65.52
50097842,SUPER MENTES PRIMARIA 5,17,65.52
50097844,SUPER MENTES PRIMARIA 6,17,69.58875
50097845,ALBUM DE ORO DE LECTURA,17,94.185
50097846,ALBUM DE ORO CUENTOS COLOREAR,17,58.695
50097847,COLECCION CAMPOS FORMATIVOS,17,31.25863636
50100488,INGLES DISNEY ACTIVIDADES BILI,17,116.3084578
50100508,MICKEY ANTIESTRES AMIGOS,17,287.3272049
50100509,MICKEY Y MINNIE ANTIESTRES,17,284.2501915
50103011,JUMBO COLOR COLECCION,17,99.29812596
50103077,1 GRADO PACK PRIMARIA COM,17,246.3248702
50103078,2 GRADO PACK PRIMARIA COM,17,245.4617667
50103079,3 GRADO PACK PRIMARIA COM,17,245.4370227
50103080,4 GRADO PACK PRIMARIA COM,17,244.89955
50103081,5 GRADO PACK PRIMARIA COM,17,244.8495
50103082,6 GRADO PACK PRIMARIA COM,17,242.42148
50103110,"PACK 1 GRADO SUMA,RESTA,MUL,DI",17,136.5
50103111,"PACK 2 GRADO SUMA,RESTA,MUL,DI",17,136.5
50103112,"PACK 3 GRADO SUMA,RESTA,MUL,DI",17,136.5
50103460,TOY STORY 4 ACTIVIDADES,17,106.0990625
50104535,DISTROLLER ACTIVIDADES JUMBO,17,98.98065789
50106364,MANDALA RUGRATS ANTIESTRES,17,222.5825652
50106365,MANDALA SPLAT ANTIESTRES,17,223.1703948
50106366,MANDALA BOB ESPONJA ANTIESTRES,17,223.0216761
50106557,MANDALA BELLA Y LA BESTIA,17,84.63
50106731,MUCHAS VIDAS MUCHOS MAESTROS,17,369.4961932
50107215,LIBRO INTEGRADO 1o PRIMARIA,17,305.6931468
50107216,LIBRO INTEGRADO 2o PRIMARIA,17,305.7659595
50107217,LIBRO INTEGRADO 3o PRIMARIA,17,305.6016113
50107218,LIBRO INTEGRADO 4o PRIMARIA,17,305.9588298
50107219,LIBRO INTEGRADO 5o PRIMARIA,17,305.77477
50107220,LIBRO INTEGRADO 6o PRIMARIA,17,306.3511698
50107242,ONIX NUEVA TEMPORADA JUMBO,17,100.134444
50107243,DORA LA EXPLORADORA JUMBO N,17,98.96981122
50108476,ALGEBRA BALDOR 4A,17,622.6469279
50112527,500 PREGUNTAS ANIMALES,17,324.198
50112659,THE ELF ON THE SHELF NINO ESP.,17,1102.5
50112660,THE ELF ON THE SHELF NINA ESP.,17,1102.5
50112665,THE ELF ON THE SHELF,17,262.5
50112697,CUATRO ACUERDOS,17,432.796
50112698,384 ANIMALES,17,454.398
50112726,ANIMALES EN IMAGENES TIBURONES,17,180.978
50112730,PARA TENER DINERO,17,409.5
50113332,ADVENGERS CONTACTO A LA DIVERS,17,376.74
50113334,GET READY FOR PRE-K,17,0.021
50113863,LA BAILARINA DE AUSHWITZ,17,475.02
50113871,COL LIBROS OMX MAMAS Y PAPAS,17,229.845
50114015,LIBRO COMO PROTEGER LA NATURAL,17,476.385
50114016,365 CUENTOS PARA SONAR,17,632.199019
50114017,COMO CREAR UN CUENTO,17,293.475
50114019,LIBRO DIME SI ES VERDAD,17,475.7783333
50114132,LIBRO COLOREAR JUMBO NINO,17,56.7
50114473,500 PREGUNTAS Y RESPUESTAS,17,324.198
50114475,TESORO DE CUENTOS: DISNEY,17,389.298
50114824,REINAS MALDITAS DEBOL,17,0.021
50114851,COLOREAR ANIMALES DE LA GRANJA,17,128.898
50114852,COLOREAR ANIMALES DEL MAR,17,128.898
50114854,COLOREAR: UNICORNIOS,17,128.898
50114855,COLOREAR: DINOSAURIOS 1,17,128.898
50114859,CRECER: YA SOMOS GRANDES,17,180.978
50114889,LIBRO PLAY PACK JUMBO NINA,17,105
50115163,ENCICLOPEDIA DE LOS ANIMALES,17,454.398
50115168,AMIGUITO SUAVECITO: RANA,17,408.135
50115170,MIS PRIMERAS CALCOMANIAS: DINO,17,115.878
50115171,MIS PRIMERAS CALCOMANIAS:,17,115.878
50115173,MY LITTLE PONY: SUENA BRILLA,17,250.74
50115175,ARCON DE CUENTOS: FROZEN 2,17,324.198
50115960,COMO GANAR AMIGOS E INFLUIR,17,476.385
50116116,UNA TRADICION ZORRO ARTICO ESP,17,982.338
50116154,MANDALAS BRILLANTES: NOCHES,17,309.8903077
50116155,MANDALAS BRILLANTES: NOCHES CE,17,304.0297647
50116156,LIBRO PARA COLOREAR: TOY STORY,17,220.038
50116166,COLECCION DE CUENTOS: SIRENITA,17,246.078
50116170,TESORO DE CUENTOS: TOY STORY,17,454.398
50116171,TESORO DE CUENTOS: PRINCESA,17,454.398
50116176,BOTADERO CLASICOS INFANTILES,17,74.34
50116177,CAMPOS FORMATIVOS PREESCOLAR 1,17,51.813125
50116178,CAMPOS FORMATIVOS PREESCOLAR 2,17,51.87
50116179,CAMPOS FORMATIVOS PREESCOLAR 3,17,51.87
50116180,DIVERTITRAZOS PREESCOLAR 1,17,80.49189474
50116181,DIVERTITRAZOS PREESCOLAR 2,17,80.535
50116182,DIVERTITRAZOS PREESCOLAR 3,17,80.535
50116183,EJERCICIOS DE CALIGRAFIA 1,17,78.67466759
50116184,EJERCICIOS DE CALIGRAFIA 2,17,78.32188
50116185,EJERCICIOS DE CALIGRAFIA 3,17,78.14625
50116186,EJERCICIOS DE CALIGRAFIA 4,17,78.24327273
50116187,EJERCICIOS DE CALIGRAFIA 5,17,78.74773529
50116188,EJERCICIOS DE CALIGRAFIA 6,17,78.37579254
50116218,18 GIANT COLORING T-REX,17,200.97
50116220,18 GIANT COLORING UNICREATURES,17,200.97
50116879,ADAPTACION ANIMAL,17,180.978
50116882,MERCADO DIVERTIDO,17,311.178
50116886,¿ME DAS UN ABRAZO?,17,337.218
50116889,CAMBIA DE VESTUARIO 4 TITULOS,17,61.74
50116891,EL HOMBRE MAS FELIZ DEL MUNDO,17,338.52
50116893,CRAYONES CREATIVOS: APRENDIEND,17,128.898
50116897,MEZCLADOS ANIMALES Y SUS BEBES,17,312.585
50116900,EL SENOR DE LOS ANILLOS,17,406.77
50116901,TRANSFORMA HERIDAS DE TU INFAN,17,244.335
50116905,100 DATOS SOBRE TU CUERPO,17,203.385
50117306,CIEN ANOS DE SOLEDAD (2015),17,488.124
50117308,UN RENACUAJO,17,522.522
50117315,LA MONTANA ERES TU,17,0.021
50117329,EL PLACEBO ERES TU,17,589.68
50117340,EL CLUB DE LAS 5 DE LA MANANA,17,599.235
50117352,CORALINE,17,588.042
50117369,LA CANCION DE AQUILES,17,553.0154651
50117371,FLEUR,17,490.035
50117372,EL JARDIN DE LAS MARIPOSAS,17,651.924
50117407,LOS SECRETOS DE LA MENTE MILLO,17,819
50117421,LA MAESTRIA DEL AMOR,17,407.4123529
50117426,AURA,17,244.062
50117431,A TRAVES DE TI,17,449.085
50117433,PAW PATROL. ¡RESCATES EPICOS!,17,0.021
50117436,EL LIBRO TIBETANO DE LA VIDA Y,17,518.7
50117445,VIOLETA,17,612.885
50117454,CIRCE,17,544.635
50117473,SUPERE EL NO,17,230.685
50117529,EL CABALLERO DE LA ARMADURA OX,17,458.64
50117542,INDOMABLE,17,354.9
50117564,TEMPORADA DE HURACANES,17,325.962
50117567,LA BIBLIOTECA DE LA MEDIANOCHE,17,568.3597985
50117573,LA BUSQUEDA,17,202.02
50117577,WTF CON EL SAT,17,0.021
50117578,DESTROZA ESTE DIARIO,17,489.762
50117596,EL HOMBRE EN BUSCA DE SENTIDO,17,466.83
50117597,"HOLA, MIEDOS",17,584.22
50117599,DEJA DE SER TU,17,560.365
50117600,LAS OCHO PARADOJAS,17,408.135
50117613,A TRAVES DE LA LLUVIA,17,462.735
50117627,A TRAVES DE MI VENTANA,17,408.135
50117646,LA ENERGIA NUCLEAR SALVARA EL,17,0.021
50117664,52 MANERAS DE CAMINAR,17,0.021
50117943,EN LA SOMBRA PRINCIPE HARRY,17,640.185
50117967,DICCIONARIO BASICO LENGUA ESP,17,226.0116798
50117968,DICCIONARIO ESCOLAR,17,171.5902761
50117969,DICCIONARIO BASICO ESCOLAR,17,122.4901553
50118032,CRECER: NOS PORTAMOS MUY BIEN,17,180.978
50118037,EL NINO CON EL PIJAMA DE RAYAS,17,339.885
50118050,ESTIMULA TU MENTE,17,90.426
50118052,WATERPEN BELY BETO,17,132.615
50118053,LIBRO SCRATCH 4 FUN,17,132.615
50118054,LIBRO WOODY CRAFTS,17,132.615
50118057,CRAYITOONS NINO GIS,17,69.3
50118058,LIBRO COLOREAR GIS FANTASIA,17,69.3
50118059,CRAYITOONS ACUARELA NINA,17,69.3
50118060,CRAYITOONS ACUARELA NINO,17,69.3
50118423,LIBRO PARA COLOREAR COLORES,17,63.39393103
50118449,EJERCICIOS MATEMATICOS 3,17,91.11118002
50118450,EJERCICIOS MATEMATICOS 1,17,90.96748649
50118451,EJERCICIOS MATEMATICOS 4,17,91.16105512
50118452,EJERCICIOS MATEMATICOS 2,17,91.0765788
50118453,EJERCICIOS MATEMATICOS 5,17,90.91644492
50118454,EJERCICIOS MATEMATICOS 6,17,90.8943587
50118455,JUMBO BILINGUE PAW PATROL,17,99.74695714
50118456,DORA EXPLORADORA ANTIESTRES,17,216.7292857
50118457,GRAN LIBRO BILINGUE MONTESSORI,17,348.7370499
50118458,GRAN LIBRO JUEGOS MONTESSORI,17,369.323584
50118459,MATEMATICAS MONTESSORI,17,365.8269512
50118460,GRAN LIBRO CIENCIAS MONTESSORI,17,365.3025115
50118462,LAS 100 REGLAS ORO MONTESSORI,17,405.3122461
50118464,LETRAS Y NUMEROS MONTESSORI,17,436.6815039
50118466,BALDOR GEOMETRIA Y TRIGONOMETR,17,623.39984
50118468,2 PACK UNICORNIOS Y MAR ACUAR,17,238.14
50118469,2 PACK DINOS Y ANIMALES,17,238.14
50118470,2 PACK DINOS Y GRANJA ACUARELA,17,237.1091818
50119551,PADRE RICO PADRE POBRE PARA JOV,17,367.185
50119552,PEQUENO CERDO CAPITALISTA INVER,17,544.635
50119553,PIENSE Y HAGASE RICO ED. ESPECI,17,449.085
50119554,LECCIONES DE LIDERAZGO CREATIVO,17,490.035
50119555,MUJERCITAS,17,271.635
50119556,EL MONJE QUE VENDIO SU FERRARI,17,406.16485
50119557,ANTES DEL SUENO,17,271.635
50119559,ESTO NO ES AMOR,17,244.335
50119560,EL MITO DEL EMPRENDEDOR,17,476.385
50119561,LOS GRANDES LIDERES NO TIENEN R,17,475.02
50119562,LA VACA PURPURA,17,271.635
50119563,TU CAMINO PARA SANAR,17,406.77
50119564,TIENDE TU CAMA Y OTROS PEQUENOS,17,326.6260541
50119565,FINANZAS PARA EMPRENDEDORES,17,490.035
50119566,LA SABIDURIA DEL LIDER,17,462.735
50119567,EL VENDEDOR MAS GRANDE DEL MUNDO,17,311.22
50119568,MAPAS MENTALES,17,543.27
50119569,AMAR LO QUE ES MEX,17,450.45
50119570,EL QUINTO ACUERDO MEX,17,375.375
50119571,SECRETO,17,716.625
50119572,NUNCA TE RINDAS MEX,17,341.25
50119573,SILENCIO MEX,17,361.725
50119574,LOS SIETE VENDEDORES DE EXITO M,17,354.9
50119575,CONTROLA EL ESTRES EN EL TRABAJO,17,429.975
50119576,ADAN Y EL ARBOL DE LA KABBALAH,17,546
50119577,INTRODUCCION A LAS NEUROCIENCIAS,17,382.2
50119578,TU VIDA ES IMPORTANTE PARA MI,17,238.875
50119579,LA PAREJA NO EXISTE,17,408.135
50119580,32 PAGINAS CAPERUCITA ROJA,17,135.135
50119581,32 PAGINAS EL LIBRO DE LA SELVA,17,135.135
50119582,32 PAGINAS PINOCHO,17,135.135
50119583,384 PAGINAS CUENTAME UN CUENTO,17,476.385
50119584,384 PAGINAS 6000 DATOS SORPREND,17,476.385
50119585,384 PAGINAS CUENTOS PARA SONAR,17,476.385
50119586,384 PAGINAS PRIMER LIBRO DE DIN,17,476.385
50119587,PRIMER LIBRO DE PREGUNTAS Y RES,17,476.385
50119588,CUENTOS DISNEY EL LIBRO DE LA S,17,257.985
50119589,COLECCION DE CUENTOS DISNEY EL,17,257.985
50119590,MI COLECCION DE HISTORIAS CLASI,17,408.135
50119591,MI MUNDO DE PALABRAS VEHICULOS,17,367.185
50119592,LOS MONSTRUOS GLOTONES COME TEM,17,353.535
50119593,PARA TOCAR Y SENTIR VAMOS A LA,17,353.535
50119594,ALICIA EN EL PAIS DE LAS MARAVI,17,176.085
50119595,FROZEN UN UNICORNIO PARA OLAF,17,176.085
50119596,LA BELLA Y LA BESTIA DULCES SOR,17,176.085
50119597,PIXAR TOY STORY 4,17,176.085
50119598,BLANCA NIEVES Y LOS SIETE ENANOS,17,135.135
50119599,PEQUENOS LECTORES DISNEY LA CEN,17,176.085
50119600,PEQUENOS LECTORES DISNEY LA SIR,17,176.085
50119601,PEQUENOS LECTORES FROZEN 2,17,135.135
50119602,TESORO DE CUENTOS COLECCION DE,17,476.385
50119603,TESORO DE CUENTOS DISNEY FROZEN,17,408.135
50119604,VIVIERON FELICES PARA SIEMPRE,17,476.385
50119605,UN VIVA Y BRAVO PARA EL OSO,17,230.685
50119606,UN VIVA Y BRAVO PARA LA OVEJA,17,230.685
50119607,LIBRO PARA COLOREAR DISNEY FROZ,17,230.685
50119608,HELLO APRENDE INGLES,17,135.135
50119609,ME GUSTA ESCRIBIR,17,135.135
50119610,ME GUSTA LEER,17,135.135
50119611,TRAZO NUMEROS Y LETRAS,17,135.135
50119612,MANUAL DE LETRA SCRIPT,17,135.135
50121490,LIBRO MAGICO ANIMALES,17,88.914
50121491,LIBRO MAGICO NUMEROS NINO,17,88.914
50121492,LIBRO MAGICO NUMEROS NINA,17,88.914
50121493,LIBRO MAGICO CUERPO HUMANO,17,88.914
50121928,DISNEY 100 ANOS DE EMOCIONES,17,271.635
50121930,DESCUBRE A LOS MAS VILLANOS,17,282.8999738
50121931,DESCUBRE A LOS MEJORES AMIGOS,17,287.7161102
50122587,ELF PETS TRADICION RENO ESPANOL,17,980.7
50122612,TESORO DE CUENTOS AVENTURAS DE ENSUENO,17,476.385
50122613,TESORO DE CUENTOS CUENTOS INOLVIDABLES,17,476.385
50122614,TESORO DE CUENTOS DISNEY COLECCION DE CU,17,476.385
50122615,TESORO DE CUENTOS DISNEY JUNIOR UN MUNDO,17,476.385
50122616,APRETANDO BURBUJAS ANIMALES MARINOS,17,271.635
50122617,APRETANDO BURBUJAS ANIMALES REGORDETES,17,271.635
50122618,APRETANDO BURBUJAS DINOSAURIOS ALEGRES,17,271.635
50122619,APRETANDO BURBUJAS LA TIERRA MAGICA DE L,17,271.635
50122620,10 SONIDOS DE ANIMALES ASOMBROSOS Y ADOR,17,339.885
50122621,10 SONIDOS DE ANIMALES CUAC MUU OINC,17,339.885
50122622,10 SONIDOS DE ANIMALES NADA Y SALPICA EN,17,339.885
50122623,10 SONIDOS DE ANIMALES UJU MIAU GROAR,17,339.885
50122624,10 SONIDOS SALVAJES TRAS PARRAM GROAR,17,339.885
50122625,MI MUNDO DE PALABRAS EN LA CASA,17,367.185
50122626,MI MUNDO DE PALABRAS EN LA GRANJA,17,367.185
50122627,MEJOR LIBRO PARA COLOREAR DISNEY FROZEN,17,230.685
50122628,COLOREA DENTRO DE LAS LINEAS BUHO,17,203.385
50122629,COLOREA DENTRO DE LAS LINEAS ELEFANTE,17,203.385
50122630,COLOREA DENTRO DE LAS LINEAS RANA,17,203.385
50122631,COLOREA DENTRO DE LAS LINEAS ZORRO,17,203.385
50122632,500 PREGUNTAS Y RESPUESTAS SOBRE LOS ANI,17,339.885
50122633,PINATA 1,17,107.835
50122634,MATATENA 1,17,94.185
50122635,PINATA 2,17,107.835
50122636,PINATA 3,17,107.835
50122637,MATATENA 3,17,94.185
50122638,ME ALEGRO QUE MI MADRE HAYA MUERTO,17,457.275
50122639,LA REVOLUCION DE LA GLUCOSA,17,338.52
50122640,ENCUENTRA TU PERSONA VITAMINA,17,547.57248
50122641,BOULEVARD,17,681.135
50122642,WTF CON EL SAT ED ACTUALIZADA,17,408.135
50122643,TRES MESES,17,476.385
50122644,DONA HUEVOTES,17,367.185
50122645,EL PODER DEL AHORA,17,498.7235217
50122646,BOULEVARD,17,449.085
50122647,ANTES DE DICIEMBRE,17,449.085
50122648,DESPUES DE DICIEMBRE,17,462.735
50122649,UNO SIEMPRE CAMBIA AL AMOR DE SU VIDA,17,475.02
50122650,EL PRINCIPITO TD,17,234.1595455
50122651,TWISTED 1 TWISTED LOVE,17,406.77
50122652,TE ESPERO EN EL FIN DEL MUNDO,17,543.27
50122653,DESTROZA ESTE DIARIO AHORA A TODO COLOR,17,532.3968
50122654,SIETE MARIDOS DE EVELYN LUGO LOS,17,539.175
50122655,UN PRINCIPE ENCANTADOR,17,484.575
50122656,MALDITA POBREZA  SAL DE ESTE HOGAR,17,394.485
50122657,CONFIESO QUE HE LEIDO,17,449.085
50122658,LA HIPOTESIS DEL AMOR,17,447.9841935
50122659,LA QUIMICA DEL AMOR,17,443.625
50122660,MUNDO DE SOFIA POCKET,17,412.5345
50122661,EL LADO OSCURO DEL ADIOS,17,353.535
50122662,CAUCES DE MALDAD,17,339.885
50122663,UNICO SOBREVIVIENTE PERDIDO EN EL TIEMPO,17,443.625
50122664,ENCENDER DE NUEVO LAS ESTRELLAS,17,353.535
50122665,MI QUERIDA NINA,17,408.135
50122666,EL LIBRO DE LA ESPERANZA,17,462.735
50122671,EL NINO QUE TOCO LAS ESTRELLAS,17,271.635
50122672,PAW PATROL JUMBO,17,98.53290068
50122673,JUMBO DINOS Y JUMBO ANIMALES COLECCION,17,94.185
50122674,PAW PATROL CACHORROS AL RESCATE,17,81.15098349
50122675,PAW PATROL AVENTURAS PAWTASTICAS,17,80.96428302
50122676,PAW PATROL HEROES EN ACCION,17,81.8357037
50122677,PAW PATROL LISTOS PARA LA MISION,17,81.58752206
50122678,JUMBO MASHA Y EL OSO,17,98.34087162
50122679,EXPLORA CON DORA LAS FORMAS,17,75.075
50122680,MASHA Y EL OSO MI LIBRO DE LETRAS PARA E,17,375.375
50122681,EXPLORA CON DORA LOS NUMEROS,17,75.075
50122682,PAW PATROL MI LIBRO DE LETRAS PARA ESCRI,17,375.375
50122683,LAS EMOCIONES DE MASHA Y EL OSO   DE QUE,17,271.635
50122684,HAY UN TRICERATOPS EN LA CASA DEL ARBOL,17,214.2282059
50123499,LIBRO LEGO 32 PAGS HARRY POTTER,17,187.74
50123500,LIBRO LEGO 32 PAGS HARRY POTTER 2,17,187.74
50123501,LIBRO LEGO 32 PAGS DC COMICS,17,187.74
50123502,LIBRO LEGO 32 PAGS JURASSIC WORLD,17,187.74
50123927,LIBRO DE CUENTOS THE ELF ON THE SHELF,17,1186.523333
50123928,SET LIBRO NAVI MUNE THE ELF ON THE SHELF,17,1014.552
50123934,BABIES LOVE PRIMERAS PALABRAS,17,130.977
50123935,BABIES LOVE NUMEROS 123,17,130.977
50123936,BABIES LOVE BONDAD,17,130.977
50123937,BABIES LOVE AMISTAD,17,130.977
50127261,MANDALAS,17,156.975
50127262,MANDALAS NATURALEZA Y ANIMALES,17,156.975
50127263,COLOREA A MONET,17,162.435
50127264,DISTROLLER LEIDIMANDALAS,17,162.435
50127265,COLOREA A VAN GOGH,17,162.435
50127266,ESTOY TAN TRISTE LIBRO PARA DIAS GRISES,17,197.925
50127267,ESTOY TAN FELIZ LIBRO PARA DIAS MAGICOS,17,197.925
50127268,MANDALAS PREHISPANICOS CULTURA MEXICA,17,203.385
50127269,MANDALAS PREHISPANICOS CULTURA MAYA,17,203.385
50127270,MANDALAS PREHISPANICOS CULTURA TOLTECA,17,203.385
50127271,MANDALAS PREHISPANICOS CULTURA OLMECA,17,203.385
50127272,ORIGAMI CREATIVO TERAPIA ANTIESTRES,17,266.175
50127273,MISS AGATHA MISTERIO EN LONDRES,17,298.935
50127274,MISS AGATHA ENIGMA EN EXPRESO DE ORIENTE,17,298.935
50127275,MISS AGATHA DESAPARICION EN PARIS,17,298.935
50127276,EL NINO QUE TOCO LAS ESTRELLAS,17,312.585
50127278,LOS RADLEY,17,476.385
50127279,MPL DINOSAURIOS,17,193.1817568
50127280,MPL CUENTOS,17,193.4390201
50127281,HAY UN T REX EN LA CIUDAD,17,223.2547248
50127282,10 PASOS COMO MANEJAR TU ECO ANSIEDAD,17,271.635
50127283,MUSEO DE DINOSAURIOS,17,511.875
50127284,CONSTRUYE TU PROPIO MUSEO DE HISTORIA,17,517.335
50127285,DESCUBRE LA MAGIA DE SER EXTRAORDINARIA,17,293.7115343
50127286,DESCUBRE A LOS MAS TIERNOS ARTE ANTIESTR,17,285.285
50128154,MI PRIMER LIBRO DIBUJAR COLOREAR UNICORN,17,207.018
50128155,MI PRIMER LIBRO DIBUJAR COLOREAR DINOS,17,207.018
50128156,ACTIVIDADES CALCOMANIAS ESPONJ PRINCESAS,17,193.998
50128157,ACTIVIDADES CALCOMANIAS ESPONJ ESPACIO,17,193.998
50128158,ACTIVIDADES CALCOMANIAS ESPONJ SIRENAS,17,193.998
50128159,ACTIVIDADES CALCOMANIAS ESPONJ LA GRANJA,17,193.998
50128160,ACTIVIDADES CALCOMANIAS ESPONJ DINOSARIO,17,193.998
50128161,ACTIVIDADES CALCOMANIAS ESPONJ UNICORNIO,17,193.998
50128162,RASCA Y DESCUBRE ESPACIO,17,167.958
50128163,RASCA Y DESCUBRE UNICORNIOS,17,167.958
50128164,RASCA Y DESCUBRE PRINCESAS,17,167.958
50128165,RASCA Y DESCUBRE SIRENAS,17,167.958
50128462,DICCIONARIO ESCOLAR PLUS SECUNDARIA,17,317.2599865
50128463,DICCIONARIO ESCOLAR PLUS PRIMARIA,17,240.24
50128464,MAPAS Y ESQUEMAS 1-3 PRIMARIA,17,108.4258209
50128465,MAPAS Y ESQUEMAS 4-6 PRIMARIA,17,108.45744
50128466,MONOGRAFIAS Y BIOGRAFIAS 1-3 PRIMARIA,17,180.6729167
50128467,MONOGRAFIAS Y BIOGRAFIAS 4-6 PRIMARIA,17,183.6038372
50128468,FIGURAS GEOMETRICAS,17,123.5130924
50128469,DIC. BASICO FRANCES-ESPANOL,17,162.875082
50128470,MONTESSORI LABORATORIO EN CASA,17,373.9615957
50128471,MI PRIMER DICCIONARIO MONTESSORI,17,523.965
50128472,PRINCESAS ANTIESTRES CON STICKERS,17,402.675
50128473,VILLANAS ANTIESTRES CON STICKERS,17,394.485
50128474,BOB ESPONJA ANTIESTRES CON STICKERS,17,394.485
50128475,PAW PATROL MI LIBRO DE NUMEROS,17,390.1744737
50128476,MASHA Y EL OSO MI LIBRO DE NUMEROS,17,387.66
50128477,MICKEY Y SUS AMIGOS TABLAS MULTIPLICAR,17,125.1884884
50128478,100 MAS ACTIVIDADES DE TRAZOS Y FIGURAS1,17,148.785
50128479,100 MAS ACTIVIDADES DE TRAZOS Y FIGURAS2,17,148.785
50128480,TAREAS PAPEL Y TIJERAS 2,17,115.0842568
50128481,TAREAS PAPEL Y TIJERAS 3,17,115.1333127
50128482,SILABARIO,17,112.4132609
50128483,GRAFOMANIA 1,17,114.8870474
50128484,GRAFOMANIA 2,17,114.7553643
50128485,GRAFOMANIA 3,17,114.8487967
50128765,POR QUE ANIMALES,17,250.74
50128766,POR QUE DINOSAURIOS,17,250.74
50128767,POR QUE MASCOTAS,17,250.74
50128768,PORQUE MI CUERPO,17,250.74
50128769,10 BOTONES CON SONIDO CENICIENTA,17,338.94
50128770,10 BOTONES CON SONIDO EL ARCA DE NOE,17,338.94
50128771,10 BOTONES SONIDO HISTORIAS DE LA BIBLIA,17,338.94
50128772,10 BOTONES CON SONIDO RAPUNZEL,17,338.94
50128773,10 CUENTOS D ANIMALES PARA DULCES SUENOS,17,376.74
50128774,10 FABULOSOS CUENTOS DE LA GRANJA,17,376.74
50128775,100 ACTIVIDADES APRENDE Y DIVIERTETE 4,17,162.54
50128776,100 ACTIVIDADES APRENDE Y DIVIERTETE 5,17,162.54
50128777,120 CUENTOS PARA DORMIR,17,376.74
50128778,32 PAGINAS: LOS TRES CERDITOS.,17,124.74
50128779,500 PREGUNTAS Y RESPUESTAS CUERPO HUMANO,17,313.74
50128780,ALAS DE HIERRO EMPIREO 2,17,512.897625
50128781,ALAS DE SANGRE EMPIREO 1,17,513.9019817
50128782,BORRA TODO CUENTA DEL 1 AL 10,17,187.74
50128783,BORRA TODO PRIMERAS HABILIDADES ESCRITUR,17,187.74
50128784,BOTONES EL COCHE QUIERE PASEAR,17,301.14
50128785,BOTONES EL PAJARITO QUIERE CANTAR,17,301.14
50128786,BOTONES EL TIGRE QUIERE DORMIR,17,301.14
50128787,BOTONES LA OVEJA QUIERE LEER,17,301.14
50128788,BRILLA EN LA OSCURIDAD ANIMALES,17,250.74
50128789,BRILLA EN LA OSCURIDAD DINOSAURIOS,17,250.74
50128790,BRILLA EN LA OSCURIDAD EL ESPACIO,17,250.74
50128791,BRILLA EN LA OSCURIDAD EL OCEANO,17,250.74
50128792,COMO HACER QUE TE PASEN COSAS BUENAS,17,459.5672061
50128793,CONCENTRATE Y COLOREA MANDALAS BRILLANTE,17,313.74
50128794,CONCENTRATE Y COLOREA MANDALAS  P A P,17,313.74
50128795,ENCICLOPEDIA PARA NINOS EL CUERPO HUMANO,17,313.74
50128796,ENCICLOPEDIA PARA NINOS EL ESPACIO,17,313.74
50128797,ENCICLOPEDIA PARA NINOS LA CIENCIA,17,313.74
50128798,ENCICLOPEDIA PARA NINOS LOS ANIMALES,17,313.74
50128799,ENCICLOPEDIA PARA NINOS LOS DINOSURIOS,17,313.74
50128800,LA CIUDAD Y SUS MUROS INCIERTOS,17,501.48
50128801,LOS ABRAZOS DE ABUELITA,17,250.74
50128802,LOS ABRAZOS DE MAMA,17,250.74
50128803,LOS ABRAZOS DE MIS AMIGOS,17,250.74
50128804,LOS ABRAZOS DE PAPA,17,250.74
50128805,MIS PRIMERAS 100 PALABRAS AL AIRE LIBRE,17,376.74
50128806,MIS PRIMERAS 100 PALABRAS ANIMALES,17,313.74
50128807,MIS PRIMERAS 100 PALABRAS ANIMALES G Y P,17,376.74
50128808,MIS PRIMERAS 100 PALABRAS ANIMALES SA,17,313.74
50128809,MIS PRIMERAS 100 PALABRAS COSAS QUE SE M,17,376.74
50128810,MIS PRIMERAS 100 PALABRAS MI CUERPO,17,313.74
50128811,MIS PRIMERAS 100 PALABRAS MARAVILLOSO MU,17,376.74
50128812,MIS PRIMERAS EMOCIONES CUANTO TE QUIERO,17,149.94
50128813,MIS PRIMERAS EMOCIONES ESTOY MUY FELIZ,17,149.94
50128814,MIS PRIMERAS EMOCIONES CUANDO ESTOY TRIS,17,149.94
50128815,MIS PRIMERAS EMOCIONES CUANDO TENGO MIED,17,149.94
50128816,TABLAS DE MULTIPLICAR,17,212.94
50128817,VIA NUMERICA DINOSAURIOS,17,250.74
50128818,VIA NUMERICA EL OCEANO,17,250.74
50128819,VIA NUMERICA LA GRANJA,17,250.74
50128820,VIA NUMERICA UNICORNIOS,17,250.74
50128824,BOOKSCAPE BOARD BOOKS WE LOVE BOOKS,17,257.985
50128825,BOOKSCAPE BOARD BOOKS BON VOYAGE,17,257.985
50128826,BOOKSCAPE BOARD BOOKS WILD ANIMALS,17,257.985
50128827,BOOKSCAPE BOARD BOOKS CHRISTMAS CHEER,17,257.985
50128828,PAINT BY STICKER KIDS RAINBOWS EVERYWHER,17,312.585
50128829,BRAIN QUEST LEARN TO WRITE PEN CONTROL,17,285.285
50128830,BRAIN QUEST LEARN TO WRITE LETTERS,17,285.285
50128831,BRAIN QUEST LEARN TO WRITE NUMBERS,17,285.285
50128832,LEARN BY STICKER BEGINNING PHONICS,17,339.885
50128833,PAINT BY STICKER KIDS UNICORNS & MAGIC,17,285.285
50128834,PAINT BY STICKER KIDS DINOSAURS,17,285.285
50128835,INDESTRUCTIBLES TWINKLE TWI,17,170.625
50128836,INDESTRUCTIBLES THE ITSY BIT,17,170.625
50128837,BST IN SHOW MAGNETIC BOOKMARKS,17,234.78
50128838,NEW YORK CITY MAGNETIC BOOKMA,17,234.78
50128839,LEGO MINIFIGURE FACES 1000 PIECE PUZZLE,17,634.263
50128840,LEGO MINIFIGURE RAINBOW 1000 PIECE PUZZL,17,634.725
50128841,LEGO IDEAS MINIFIGURE SPACE MISSION 1000,17,634.263
50128842,LEGO PAINT PARTY PUZZLE,17,728.385
50128843,LEGO ICE CREAM DREAM PUZZLE,17,728.385
50130793,VITRALES ALICIA EN EL PAIS DE LAS M,17,225.225
50130794,ARTE ANTIESTRES STITCH  DESASTROSO,17,225.225
50130795,DESCUBRE A TU AMIGO FIEL,17,298.935
50130796,DESCUBRE UNA AVENTURA EN LA SELVA,17,298.935
50130797,DESCUBRE EL SECRETO DE LAS PRINCESAS,17,307.9838432
50130798,ONIX MANDALAS BRILLANTES,17,176.085
50130804,LISTOS PARA COMENZAR A APRENDER NUMEROS,17,75.075
50130805,LISTOS PARA COMENZAR A APRENDER LETRAS,17,75.075
50130806,LISTOS PARA COMENZAR A APRENDER COLORES,17,75.075
50130807,LISTOS PARA COMENZAR A APRENDER FIGURAS,17,75.075
50130808,LAS EMOCIONES DE LOS NINOS MONTESSORI,17,476.385
50130881,ARTE ANTIESTRES ANITA MEJIA,17,225.225
50130882,EL PRINCIPITO ARTE ANTIESTRES,17,207.5667477
50130883,MELANCOLIA,17,271.635
50130885,LOS SERES HUECOS,17,571.935
50130887,JAQUE MATE AL AMOR,17,443.625
50131385,SEPARADOR DE LIBRO GATO CATS STUK,17,37.926
50131386,SEPARADOR DE LIBRO COLORS STUK,17,37.926
50131542,Ejercicios de Ortografia 2 primaria,17,92.82
50131547,Arte Antiestres Stitch,17,270.27
50131548,Ejercicios de Ortografia 1 primaria,17,92.82
50131549,Ejercicios de Ortografia 5 primaria,17,92.82
50131550,Arte Antiestres El extrano mundo de Jack,17,267.0525
50131552,Abecedario,17,121.485
50132644,SI SI PUEDO ABROCHARME LAS AGUJETAS,17,250.74
50132645,SI SI PUEDO CEPILLARME LOS DIENTES,17,250.74
50132646,SI SI PUEDO DECIR LA HORA,17,250.74
50132647,SI SI PUEDO DEJAR LOS PANALES,17,250.74
50132648,A DONDE VA MI COMIDA Y OTRAS PREGUNTAS,17,250.74
50132649,POR QUE ES AZUL EL CIELO Y OTRA PREGUNTA,17,250.74
50132650,10 SONIDOS EL LIBRO DE LA SELVA,17,338.94
50132651,10 SONIDOS PINOCHO,17,338.94
50132652,10 SONIDOS RICITOS DE ORO,17,338.94
50132653,100 PALABRAS PARA APRENDER COMPRAS,17,364.14
50132654,100 PALABRAS PARA APRENDER HOGAR,17,364.14
50132655,100 VENTANAS PARA APRENDER  DINOSAURIOS,17,250.74
50132656,100 VENTANAS PARA APRENDER  EL ESPACIO,17,250.74
50132657,APRENDE A DIBUJAR PASO A PASO ANIMALES,17,162.54
50132658,APRENDE A DIBUJAR PASO A PASO LA GRANJA,17,162.54
50132659,APRENDE A DIBUJAR PASO A PASO PRINCESAS,17,162.54
50132660,APRENDE A DIBUJAR PASO A PASO VEHICULOS,17,162.54
50132661,AUTOAYUDA NINOS MANTENGAMOS A NUESTRO,17,187.74
50132662,AUTOAYUDA NINOS MANTENTE LIMPIO,17,187.74
50132663,AUTOAYUDA NINOS SOMOS LO QUE COMEMOS,17,187.74
50132664,AUTOAYUDA NINOS ENFRENTA TUS MIEDOS,17,187.74
50132665,COLOREA TU PROPIO CACHORRO SUAVECITO,17,502.74
50132666,COLOREA TU PROPIO GATITO SUAVECITO,17,502.74
50132667,COLOREA TU PROPIO UNICORNIO SUAVECITO,17,502.74
50132668,DIVIERTETE DIBUJANDO ANIMALES QUIEN,17,250.74
50132669,DIVIERTETE DIBUJANDO DINOSAURIOS,17,250.74
50132670,DIVIERTETE DIBUJANDO EL MAR ANIMALES,17,250.74
50132671,DIVIERTET DIBUJANDO UNICORNIO LA FIESTA,17,250.74
50132672,ESCENAS CON STICKERS PRIMER LIBRO DINO,17,124.74
50132673,ESCENAS CON STICKERS PRIMER LIBRO GRANJA,17,124.74
50132674,ESCENAS CON STICKERS PRIMER LIBRO JUNGLA,17,124.74
50132675,ESCENAS STICKERS PRIMER LIBRO MASCOTA,17,124.74
50132676,ESFERICO EN DONDE VIVIAN LOS DINOSAURIOS,17,313.74
50132677,ESFERICO DONDE SE ENCUENTRA HABITATS,17,313.74
50132678,ESFERICO EL EXTRAORDINARIO MUNDO,17,313.74
50132679,ESFERICO EXPLORA NUESTRO SISTEMA SOLAR,17,313.74
50132680,HABLEMOS DE EL CUERPO HUMANO,17,376.74
50132681,HABLEMOS DE EL REINO ANIMAL,17,376.74
50132682,HABLEMOS DE LOS DINOSAURIOS,17,376.74
50132683,HABLEMOS DE NUESTRO PLANETA,17,376.74
50132684,INICIACION A LA LECTURA PINOCHO,17,99.54
50132685,LIBRO DE ROMPECABEZAS DULCELANDIA,17,225.54
50132686,LIBRO DE ROMPECABEZAS REINO GATICORNIOS,17,225.54
50132687,LIBRO DE ROMPECABEZAS EN EL MAR,17,225.54
50132688,LIBRO DE ROMPECABEZAS MASCOTAS DIVERTIDA,17,225.54
50132689,LIBRO PARA APRENDER COLOREANDO  ANIMALES,17,124.74
50132690,LIBRO PARA APRENDER COLOREAR DINOSAURIOS,17,124.74
50132691,LIBRO PARA APRENDER COLOREANDO PRINCESAS,17,124.74
50132692,LIBRO PARA APRENDER COLOREANDO UNICORNIO,17,124.74
50132693,LISTOS PARA LA ESCUELA EDAD 3Y4,17,187.74
50132694,LISTOS PARA LA ESCUELA VACA,17,187.74
50132695,LISTOS PARA LA ESCUELA COCODRILO,17,187.74
50132696,LISTOS PARA LA ESCUELA LEON,17,187.74
50132697,PEGA POR NUMEROS MIS AMIGOS MAGICOS,17,338.94
50132698,PEGA POR NUMEROS MIS AMIGOS TROPICALES,17,338.94
50132699,PEGA POR NUMEROS AVENTURAS CAMPAMENTO,17,338.94
50132700,PEGA POR NUMEROS MIS AVENTURAS ESPACIO,17,338.94
50132701,PEQUENOS EXPLORADORES CIENCIAS,17,301.14
50132702,PEQUENOS EXPLORADORES DINOSAURIOS,17,301.14
50132703,PEQUENOS EXPLORADORES EL ESPACIO EXTERIO,17,301.14
50132704,PEQUENOS EXPLORADORES  MATEMATICAS,17,301.14
50132705,RESUELVE Y BORRA LIBRO DE DIVISIONES,17,376.74
50132706,RESUELVE Y BORRA LIBRO MULTIPLICACIONES,17,376.74
50132707,RESUELVE Y BORRA LIBRO DE RESTAS,17,376.74
50132708,RESUELVE Y BORRA LIBRO DE SUMAS,17,376.74
50132709,TABLAS DE MULTIPLICAR ESCRIBE Y BORRA,17,225.54
50133008,LIBRO STITCH MINI 32H CRAYOLAS GAIRET,17,147
50133009,LIBRO STITCH CREATIVE BOOK 10H GAIRET,17,157.5
50133010,LIBRO STITCH 24H ACUARE FINGPRINT GAIRET,17,142.8
50134289,HABITOS ATOMICOS,17,525.2766207
50134290,TAN POCA VIDA NARRATIVA,17,769.4568
50134291,DESFIBRILADOR INFANTIL Y JUVENIL,17,326.6091468
50134292,ANTES DE QUE SE ENFRIE EL CAFE,17,330.710625
50134293,SI LO CREES LO CREAS,17,307.00656
50134294,DON QUIJOTE DE LA MANCHA,17,225.54
50134295,EL CASCANUECES,17,225.54
50134296,EL PRINCIPITO,17,225.54
50134297,LA METAMORFOSIS,17,225.54
50134298,LOS MISERABLES,17,225.54
50134299,APRENDIVIERTETE BUSCANDO A BIGOTES TOMO1,17,99.54
50134300,APRENDIVIERTETE BUSCANDO A BIGOTES TOMO2,17,99.54
50134301,APRENDIVIERTETE EXPLORANDO CON AMIGOS 1,17,99.54
50134302,APRENDIVIERTETE EXPLORANDO CON AMIGOS 2,17,99.54
50134303,MI PRIMER LIBRO DE ACTIVIDADES AQUA,17,351.54
50134304,MI PRIMER LIBRO DE ACTIVIDADES VERDE,17,351.54
50134305,MI PRIMER LIBRO DE ACTIVIDADES AMARILLO,17,351.54
50134306,MI PRIMER LIBRO DE ACTIVIDADES VIOLETA,17,351.54
50134307,COPIA Y COLOREA ANIMALES,17,119.7
50134308,COPIA Y COLOREA MASCOTAS,17,119.7
50134309,VISTIENDO A LAS BAILARINAS,17,119.7
50134310,VISTIENDO A LAS MEJORES AMIGAS,17,119.7
50134311,VISTIENDO A LAS PRINCESAS,17,119.7
50134312,VISTIENDO EN EL BOSQUE ENCANTADO,17,119.7
50134313,DESCUBRE Y LEE ALICIA EN EL PAIS,17,313.74
50134314,DESCUBRE Y LEE PINOCHO,17,313.74
50134315,MI PRIMER LIBRO CUENTOS DE DINOSAURIOS,17,628.74
50134316,PRINCIPITO BIG LITTLE EL,17,313.74
50134317,PUEDO PEGAR ANIMALES MARINOS,17,112.14
50134318,PUEDO PEGAR DINOSAURIOS,17,112.14
50134319,PUEDO PEGAR PRINCESAS,17,112.14
50134320,PUEDO PEGAR UNICORNIOS,17,112.14
50134722,ABREMENTE EDAD 4-5 NUEVA IMAGEN,17,170.667
50134723,ABREMENTE EDAD 5-6 NUEVA IMAGEN,17,170.667
50134724,ABREMENTE EDAD 6-7 NUEVA IMAGEN,17,170.667
50134725,ABREMENTE EDAD 7-8 NUEVA IMAGEN,17,170.667
50134726,ABREMENTE EDAD 8-9 NUEVA IMAGEN,17,170.667
50134727,ABREMENTE EDAD 9-10 NUEVA IMAGEN,17,170.667
50134728,ABREMENTE EDAD 3-4 NUEVA IMAGEN,17,170.667
50134729,ABREMENTE EDAD 10-11 NUEVA IMAGEN,17,170.667
50134730,ABREMENTE EDAD 2-3 NUEVA IMAGEN,17,170.667
50134731,ABREMENTE EDAD 11-12 NUEVA IMAGEN,17,170.667
50135928,LIBRO CON PIZARRON ELECTRONICO STITCH,17,502.74
50135929,LIBRO CON PIZARRON ELECTRONICO AMIGOS,17,502.74
50135930,LIBRO CON PIZARRON ELECTRONICO DISNEY PR,17,502.74
50135931,LIBRO CON PIZARRON ELECTRONICO DISNEY JU,17,502.74
50135932,LIBRO PARA COLOREAR COMFY Y COZY,17,187.74
50135933,LIBRO PARA COLOREAR COZY Y CALM,17,187.74
50135934,LIBRO PARA COLOREAR HAPPY STREET,17,187.74
50135935,LIBRO PARA COLOREAR REST Y RELAX,17,187.74
50135936,LIBRO PARA COLOREAR SWEET LIFE,17,187.74
50135937,LIBRO PARA COLOREAR DISNEY EL REY LEON,17,149.94
50135938,LIBRO PARA COLOREAR DISNEY FROZEN II,17,149.94
50135939,LIBRO PARA COLOREAR DISNEY MICKEY,17,149.94
50135940,LIBRO PARA COLOREAR DISNEY TOY STORY,17,149.94
50135941,VAMOS A DESCUBRIR DINOSAURIOS,17,238.14
50135942,VAMOS A VER EL MUNDO,17,238.14
50135943,VAMOS A VER POR DENTRO EL CUERPO,17,238.14
50135944,VAMOS AL ESPACIO,17,238.14
50135945,MI PEQUE LIBRO DE ROMPECABEZAS COLORES,17,187.74
50135946,MI PEQUE LIBRO DE ROMPECABEZAS GRANJA,17,187.74
50135947,MI PEQUE LIBRO DE ROMPECABEZAS PALABRAS,17,187.74
50135948,RECORRE EL CUERPO HUMANO,17,250.74
50135949,RECORRE EL MUNDO DE LOS DINOSAURIOS,17,250.74
50135950,RECORRE EL UNIVERSO Y LOS PLANETAS,17,250.74
50135951,TAPITAS CURIOSAS COLORES,17,250.74
50135952,TAPITAS CURIOSAS OCEANO,17,250.74
50135953,TAPITAS CURIOSAS EN LA GRANJA MUU,17,250.74
50135954,LIBRO PARA ASOMARSE Y VER AMO A MI ABUE,17,187.74
50135955,LIBRO PARA ASOMARSE Y VER AMO A MI MAMA,17,187.74
50135957,MAS EMOCIONES TE ABRAZO,17,149.94
50135958,TE QUIERO ABUELITA,17,137.34
50135959,TE QUIERO ABUELITO,17,137.34
50136264,EL ULTIMO SECRETO,17,733.824
50136265,QUERIDA YO TENEMOS QUE HABLAR,17,358.722
50136266,NO TE CREAS TODO LO QUE PIENSAS,17,407.862
50136267,INVISIBLE,17,620.802
50136268,ESTE DOLOR NO ES MIO IDENTIFICA,17,647.01
50136269,NO ME LLAMES LOCA,17,651.924
50136270,EL MITO DE SISIFO,17,244.062
50136271,LA TEORIA SINTERGICA,17,227.682
50136272,LAS BATALLAS EN EL DESIERTO,17,275.184
50136273,LA VEGETARIANA,17,473.382
50136274,LAS MUJERES QUE AMAN DEMASIADO,17,489.762
50136275,PEDRO PARAMO,17,262.08
50136276,TD EL DIARIO DE ANA FRANK,17,324.324
50136277,TERAPIA PARA LLEVAR,17,473.382
50136278,LOS JUEGOS DEL HAMBRE AMANECER,17,800.982
50136279,EL CAMINO DEL ARTISTA,17,604.422
50136280,LA PSICOLOGIA DEL DINERO,17,571.662
50136281,EL ARTE DE AMAR,17,293.202
50136282,EL LIBRO DE BILL,17,602.784
50136283,MEDITACIONES,17,324.324
50136285,LA TEORIA LET THEM LA CLAVE ESTA,17,571.662
50136286,CADAVER EXQUISITO,17,571.662
50136287,RAIZ QUE NO DESAPARECE,17,489.762
50136288,ERES EL AMOR DE MI OTRA VIDA,17,602.784
50136289,CUANDO NO QUEDEN MAS ESTRELLAS QUE CONTA,17,651.924
50136291,MULTIVERSO CHUYMINE,17,407.862
50136292,PACHITA,17,489.762
50136293,EL LLANO EN LLAMAS,17,211.302
50136294,MI NOMBRE ES EMILIA DEL VALLE,17,686.322
50136295,RECUPERA TU MENTE RECONQUISTA TU VIDA,17,586.404
50136296,COMO GANAR AMIGOS E INFLUIR,17,407.862
50136297,LA GENERACION ANSIOSA,17,571.662
50136298,COMO SER UN ESTOICO,17,522.522
50136299,EN AGOSTO NOS VEMOS TD,17,570.024
50136300,COMO AGUA PARA CHOCOLATE COMO AGUA,17,538.902
50136301,ALAS DE ONIX EMPIREO 3,17,651.924
50136302,COMO MANDAR A LA MIERDA DE FORMA EDUCADA,17,522.522
50136303,EL ARTE DE SER NOSOTROS,17,651.924
50136304,EL GATO QUE VENIA DEL CIELO,17,309.582
50136305,LA CLASE DE GRIEGO,17,489.762
50136306,LA DISCIPLINA MARCARA TU DESTINO,17,637.182
50136307,LA TREGUA,17,325.962
50136308,EL GATO QUE AMABA LOS LIBROS,17,538.902
50136309,MOMO COLECCION ALFAGUARA CLASICOS,17,653.562
50136311,MASAJE CEREBRAL,17,407.862
50136313,GRAVITY FALLS DIARIO 3,17,651.924
50136314,EL SENOR DE LAS MOSCAS,17,555.282
50136315,EL ALQUIMISTA BIBLIOTECA PAULO COELHO,17,325.962
50136316,LA SOMBRA DEL VIENTO,17,701.064
50136317,SAPIENS DE ANIMALES A DIOSES,17,375.102
50136318,MINECRAFT EL LIBRO OFICIAL PARA COLOREAR,17,309.582
50136319,MATILDA COLECCION ALFAGUARA CLASICOS,17,407.862
50136322,EL PERFUME,17,438.984
50136323,CHARLIE Y LA FABRICA DE CHOCOLATE,17,407.862
50136324,FIVE NIGHTS AT FREDDYS 1  LOS OJOS,17,653.562
50136325,RAYUELA,17,653.562
50136326,LA TEORIA DEL TODO,17,375.102
50136327,JURASSIC WORLD EL LIBRO OFICIAL,17,309.582
50136328,MURDLE RESUELVE EL CRIMEN,17,570.024
50136329,CULPABLES 1  CULPA MIA,17,686.322
50136330,LAS NINAS SON GUERRERAS,17,489.762
50136332,TINY TORO FRIDA KAHLO,17,409.5
50136333,UNIVERSAL MONSTERS EL LIBRO OFICIAL,17,309.582
50136334,COSAS QUE PIENSAS CUANDO TE MUER,17,586.404
50136335,TINY TORO CLAUDE MONET,17,409.5
50136336,FOLIO 27 X 34 MEXICO,17,1308.762
50136337,LA INCREIBLE HISTORIA DE LA ABUELITA,17,604.422
50136338,COLOREANDING MEXICO,17,293.202
50136339,MINECRAFT EL LIBRO DE LAS IDEAS,17,817.362
50136340,GUIA VISUAL DEL MUNDO POKEMON,17,653.562
50136341,LO QUE LOS LIBROS DE HISTORIA DEL ARTE,17,817.362
50136342,EL LIBRO DE LOS ANIMALES,17,768.222
50136343,CUADERNO DE LETTERING Y CALIGRAFIA,17,473.382
50136344,ESCUELA DE DIBUJO MANGA,17,981.162
50136345,UNIVERSO,17,1587.222
50136346,ANTIGUA ROMA,17,1128.582
50136347,LA SUPERENCICLOPEDIA DE TODAS LAS COSAS,17,768.222
50136349,EL LIBRO DE LAS FLORES Y LOS ARBOLES,17,981.162
50136350,COMO FUNCIONAN LAS COSAS,17,899.262
50137092,CUENTOS Y PLUMONES POKEMON,17,289.737
50137093,MI 1 LIBRO CON TEXTURAS DISNEY STITCH,17,236.817
50137094,LIBRO DE ACTIVIDADES STITCH,17,210.357
50137095,BUSCA Y DESCUBRE BLUEY,17,329.427
50137096,LIBRO MAGNETICO BLUEY,17,289.737
50137097,LIBRO PREESCOLAR  DE FIELTRO BLUEY,17,210.357
50137098,MI PRIMER LIBRO CON TEXTURAS BLUEY,17,236.817
50137099,MINI LIBRO MAGNETICO BLUEY,17,223.587
50137100,SET DE ROMPECABEZAS Y ACTIVIDADES BLUEY,17,355.887
50137171,DISNEY COLECCION DE ORO CLASICOS,17,162.54
50137172,DISNEY COLECCION DE ORO EL REY LEON,17,162.54
50137173,DISNEY COLECCION DE ORO FROZEN,17,162.54
50137174,DISNEY LA BELLA Y LA BESTIA,17,162.54
50137175,AMIGUITOS SUAVE RUID Y CURIOS CUATESAURU,17,175.14
50137176,AMIGUITOS SUAVE RUID Y CURIO EL TIGRE RA,17,175.14
50137177,AMIGUITOS SUAVE RUID Y CURIO EL UNICORN,17,175.14
50137178,LAMPARA MAGICA EL BEBE DINO Y SUS AMI,17,238.14
50137179,LAMPARA MAGICA EL HIPOPOTAMO HAMBRIENTO,17,238.14
50137180,APRIETA APLASTA CHILLA A LA CAMITA OVEJ,17,250.74
50137181,APRIETA APLASTA CHILLA PESTOSAURIO PESTI,17,250.74
50137182,APRIETA APLASTA CHILLA SOY LAGARTO Y NO,17,250.74
50137183,CONSTRUYE EN 3D DINOSAURIOS,17,250.74
50137184,CONSTRUYE EN 3D NAVES ESPACIALES,17,250.74
50137185,CONSTRUYE EN 3D UNICORNIOS,17,250.74
50137186,CONSTRUYE EN 3D ANIMALES,17,250.74
50137187,DESPRENDE Y EXPLORA BOMBEROS AL RESCATE,17,250.74
50137188,DESPRENDE Y EXPLORA LA FIESTA DE LOS UNI,17,250.74
50137189,DESPRENDE Y EXPLORA LA GRANJA FELIZ,17,250.74
50137190,DESPRENDE Y EXPLORA SAFARI EN LA SELVA,17,250.74
50137191,DESPRENDE Y EXPLORA UN PASEO PREHISTORI,17,250.74
50137192,COLOREA POR PUNTOS DISNEY CLASICOS,17,288.54
50137193,COLOREA POR PUNTOS DISNEY PRINCESA,17,288.54
50137194,3D GENIAL EN LA GRANJA,17,313.74
50137195,3D GENIAL EN LA OBRA,17,313.74
50137196,3D GENIAL MASCOTAS ADORABLES,17,313.74
50137197,LEVANTA LAS TAPAS BRACHIOSAURUS,17,313.74
50137198,LEVANTA LAS TAPAS STEGOSAURUS,17,313.74
50137199,CREA Y DIVIERTETE DINOSURIOS,17,326.34
50137200,CREA Y DIVIERTETE UNICORNIOS,17,326.34
50137201,10 DINOSAURIOS INQUIETOS,17,364.14
50137202,10 UNICORNIOS MAGICOS,17,364.14
50137203,4 MODELOS 3D LIBRO DE DINOSAURIOS,17,376.74
50137204,CIVILIZACIONES EL ANTIGUO EGIPTO EN 3D,17,376.74
50137205,CIVILIZACIONES LA ANTIGUA GRECIA EN 3D,17,376.74
50025463,PILA D ENERGIZER MAX C/2,18,203.548376
50025464,PILA C ENERGIZER MAX C/2,18,200.7485858
50025466,50025466,18,163.443
50025471,PILA 9V ENERGIZER MAX C/1,18,201.971968
50025478,PILA ESPECIAL PHOTO LITIO N123,18,199.1689345
50025486,PILA ESPECIAL ALCALINA A23 12V,18,112.7653259
50025493,PILA ESPECIALIZADA MOD. 2032,18,46.19353176
50025494,PILA ESPECIALIZADA MOD. 2025,18,46.03738743
50026738,PILA ENERGIZER LITIO AA C/2,18,169.827
50027740,PILA ESPECIAL ALCALINA A76,18,52.02577215
50028052,CHOCOLATES BITES C/ALMENDRAS,18,32.14103658
50029815,CHOCOLATE RAFFAELLOT15 LATA  .,18,82.02223077
50031386,REFRESCO PEPSI 600 ML,18,19.17501518
50031388,REFRESCO PEPSI LIGHT 600 ML,18,19.14409931
50031390,REFRESCO MIRINDA NJA 600     .,18,8.337
50031392,REFRESCO SEVEN UP 600 ML,18,19.89339765
50031395,REFRESCO MANZANITA SOL 600 ML,18,19.12400196
50033082,INDY PALETA ENCHILADA MARIMBA,18,19.90111035
50040052,CHOCOLATE COOKIES N' CREME BG.,18,64.86331257
50043459,BPOP MIX IPOP               .,18,41.076
50046564,GATORADE NARANJA 600 ML,18,32.77972395
50046566,GATORADE LIMA-LIMON 600 ML,18,32.77158439
50049714,AGUA EMBOTELLADA E PURA 600 ML,18,15.9492371
50052290,DULCES SKITTLES ORIGINAL,18,44.16018041
50052293,DULCES SKITTLES WILD BERRY,18,44.02652903
50052758,LIPTON TE HELADO VERDE,18,23.57142942
50054989,PILA ENERGIZER LITIO AAA C/2,18,180.4623507
50059097,GOMITAS LIFESAVERS WILDBERRIES,18,119.7206319
50060223,GATORADE NARANJA 500 ML,18,27.71328689
50060224,GATORADE LIMONADA 500 ML,18,29.12875
50060616,GOMITAS LIFESAVERS 5SAB ORIGIN,18,120.896687
50061675,DULCE LECHE C/NUEZ MINI GLORIA,18,91.23405455
50061676,MILKY WAY CHOCOLATE 48 GR,18,40.01121759
50063807,PILA ALCALINA AAA 4PZ OMX,18,35.67776
50064111,SABRITAS ADOBADAS 45 GR,18,28.39619562
50064112,RUFFLES DE QUESO 45 GR,18,29.778
50065682,DULCE COCO JUMBO COCOY 80GR,18,38.59447522
50065683,DEDO INDY PICOSO ACIDULADO 20G,18,11.11753163
50065840,PILA AA RECARGABLE ECO 4P OMX,18,257.218278
50066763,LAMINAS PEPPERMINT COOL SHOCK,18,41.055
50067116,PILA RECARGABLE ENERGIZ AAA C2,18,239.4040188
50067117,PILA RECARGABLE ENERGIZ AA C/2,18,239.3360409
50067136,CARGADOR MINI AA/AAA C/2 PILAS,18,363.2672264
50071978,PILA AUDITIVA AZ312DPA C/8,18,168.4827774
50071979,PILA AUDITIVA AZ13DPA C/8,18,171.7868685
50072421,LIPTON TE HELADO DURAZNO 600ML,18,23.51931973
50073549,PASTILLAS SMINT DE YERBABUENA,18,41.22656917
50073550,PASTILLAS SMINT DE MENTA C/50,18,41.10345251
50077131,MALVAVISCO MINI,18,13.8371714
50077132,GALLETA CHOCOLATE FASS 60GR,18,40.74167209
50077133,LENGUA DE GATO CHOCOLATE 90GR,18,88.06005356
50077134,PASITAS C/CHOCOLATE PICASSO,18,59.99468285
50078974,CARGADOR ENERGIZER MAXI C/PILA,18,486.9747084
50079870,QUESABRITAS 56 GRS,18,22.97527273
50080718,LUNETA ENCHILADA PELONETE POUC,18,58.877
50080721,HERSHEYS KING SIZE ALMENDRAS,18,39.08824479
50080728,MINI BURGER,18,64.74133823
50082040,CHEETOS TORCIDITOS 52 GR,18,23.45643515
50082041,CHURRUMAIS DE LIMON 56 GR,18,22.80318157
50082042,DORITOS NACHO 62 GR,18,29.21667492
50082043,DORITOS PIZZEROLA 62 GRS,18,29.16630929
50082045,FRITOS SAL Y LIMON 60 GRS,18,26.05697733
50082046,RANCHERITOS 60 GRS,18,25.00479327
50082047,SABRITAS ORIGINAL DE SAL 45 G,18,28.37088321
50082048,TOSTITOS SALSA VERDE 70 GRS,18,25.50197655
50082210,BARRITAS PINA 67GR,18,26.16495184
50082212,BARRITAS FRESA 67GR,18,26.15651295
50082214,SPONCH 8PZ 120GR,18,33.80542502
50082216,CANELITAS 9PZ 90GR,18,32.81344228
50082218,POLVORONES 6PZ 113GR,18,32.72830524
50082219,DONAS AZUCAR 4PZ,18,27.55856522
50082220,MANTECADAS VAINILLA 4PZ,18,32.14545116
50082222,NITO BIMBO 62GR,18,24.83563805
50082223,DONITAS ESPOLVOREADAS 6P 105GR,18,34.58763728
50082227,CHOCO ROLES 2PZ 55GR,18,34.13059522
50082228,PINGUINOS 2 PZ 80 GR,18,34.10192135
50082230,PRINCIPE 10PZ 106GRS,18,30.48535709
50082231,TRIKI TRAKES 8PZ 69GR,18,28.22762815
50082232,GANSITO 50GRS,18,25.94805176
50082614,PILA ENERGIZER MAX AAA PCK C/8,18,187.2906
50087597,FRUTZZO NARANJADA 600 ML,18,19.38231323
50087598,FRUTZZO PINK CITRUS 600 ML,18,17.472
50088826,TRIDENT VAL-U-PACK 18 S MENTA,18,26.8135
50088827,TRIDENT VAL-U-PACK 18 S YERBAB,18,26.86147059
50089955,REFRESCO DE LATA MIRINDA 355ML,18,20.328
50089983,REFRESCO DE LATA 7UO 355ML,18,18.7362
50089987,REFRESCO DE LATA MNAZANA 355ML,18,17.2095
50089991,REFRESCO LATA PEPSI LIGHT 355M,18,20.517
50089992,AGUA EPURA 1 LT,18,21.16924857
50091994,CHOCOLATE CRUNCH CRISP 50 GR,18,25.07842105
50091996,HALLS MIEL-LIMON 25.2 GR,18,12.033
50092429,CHOCOLATE KIT-KAT ROJO 45 GR,18,37.16301034
50092746,GOMITAS FINI MAGIC CARPETS,18,53.95612844
50093155,CONEJOS TURIN 20 GR,18,24.1196249
50093185,GOMITA EFRUTTI LUNCH BAG 77 GR,18,80.77711341
50093215,CHICLE HUBBA BUBBA ORIGINAL 56,18,51.40873917
50093218,CHICLE HUBBA BUBBA TRIPLE,18,54.18512203
50093604,SABRITAS LIMON 45 GR,18,28.38573031
50093605,CHETOS TORCIDITOS 61 GR,18,22.2500116
50094134,BARRA MULTRIGRANO CEREALES 34G,18,19.3485
50094239,CACAHUATE MAFE SAZON 100 GR,18,33.222
50094240,CACAHUATE MAFER JP LIMON 100G,18,34.747125
50094241,CACAHUATE MAFER ENCHILADO 100G,18,24.92175
50094626,GOMITA MANGUITOS ENCHILADO,18,26.23517216
50094717,TRIDENT FRUIT MIX 18S,18,26.901
50094722,HALLS MENTA 25.2 GR,18,11.98215789
50094727,TRIDENT EXTRA FRESH 12 PZA 16.,18,12.432
50094741,CACAHUATE MAFER SURTIDO 100G,18,33.22421053
50095358,CHOCOLATE BOOKSIDE GRANADA 198,18,145.999
50095359,CHOCOLATE BOOKSIDE ARANDANO 19,18,164.3499866
50095614,PILA ESPECIALIZADA 2016 BP2,18,85.83192568
50095616,PILA ESPECIALIZADA 2032 BP2,18,89.3056087
50095617,PILA ESPECIALIZADA 2025 BP2,18,88.94309154
50097040,SLIMPOP SAL DE MAR 18G,18,19.82281684
50097042,SLIMPOP LIMON Y SAL DE MAR 18G,18,19.78109601
50097043,SLIMPOP MEZCLA DE CHILES 18G,18,19.84623299
50097447,AGUA LITRO POR LITRO,18,20.475
50099144,ZOE WATER KIDS 350 ML,18,28.11533075
50099278,TOALLAS DE MICROFIBRA,18,0.021
50099330,LUPA CON SEPARADOR,18,96.84014516
50099334,LUPA EN FORMA DE CAMARA,18,102.9
50099401,PORTA CELULAR MAGNETICO P/AUTO,18,174.3
50101363,GLOBO CONFETI SURTIDO N36,18,133.476
50101540,HERSHEY BITES COOKIES N CREME,18,79.38655621
50102450,PILA ENERGIZER MAX PLUS AABP4,18,223.0029441
50102451,PILA ENERGIZER MAX PLUS AAABP4,18,221.7846763
50102505,CHURRITO NOPAL CHIPOTLE 100 GR,18,27.454875
50102506,CHURRITOS NOPAL HABANERO 100GR,18,27.49784211
50102511,CHURRITOS NOPAL CHILE LIM 100G,18,27.377
50103467,VASO CONICO NO. 106 250P,18,150.717
50104190,SLIMPOP SWEET & SALTY 25 G,18,19.81452851
50104203,MANGO ENCHILADO EXTREME,18,152.1381326
50104204,MANGO ENCHILADO  / LIMON,18,152.1477112
50104205,MANGO ENCHILADO,18,152.2375932
50104206,PINA ENCHILADA,18,152.0180503
50104876,GOMITAS LUCKY GUMMYS FRUTITAS,18,26.2477349
50104877,GOMITA LUCKY GUMMYS OSOS 100G,18,26.15987322
50104878,GOMITAS LUCKY GUMMYS LOMBRIZ,18,26.25250224
50105476,EMPERADOR CHOCOLATE 91 GR,18,29.04737006
50105477,EMPERADOR COMBINADO 91 GR,18,29.33254402
50105479,RUFFLES DE QUESO BOTANOTA 66GR,18,36.01621694
50105481,DORITOS NACHO BOTANOTA 82 GR,18,35.41140719
50105482,SABRITAS SAL BOTANOTA 64 GR,18,36.16358883
50105483,SABRITAS ADOBADAS BOTANOTA 64,18,35.90480318
50105628,CHOKIS CLASICA 76 GR,18,29.17908838
50105929,7UP LIMONADA MINERALIZADA,18,19.43611765
50106070,BOLSA REUTILIZABLE DE TELA,18,27.26830909
50106523,GOMITAS E-FRUTTI BURGERXXL 50G,18,51.13688523
50106881,MAZAPAN DE LA ROSA GIGANTE,18,10.248
50106887,KINDER DELICE,18,23.98498421
50106959,MAZAPAN DE LA ROSA,18,5.289666667
50107816,JUEGO DE MESA CONECTA 4,18,0.021
50108306,HERSHEYS ALMENDRA 90G,18,59.19282129
50109072,BOLSA DE CHILECITO 60G,18,20.79371429
50109315,MINI BITES SURTIDOS 56GR,18,40.95
50109402,ZOE WATER 900ML,18,33.96274481
50109403,ZOE WATER 500ML,18,28.95669149
50109708,PILA ALCALINA AA PANASONIC C/4,18,63.3031
50109709,PILA ALCALINA AAA PANASONIC C4,18,71.86932734
50110009,BATERIA RECARGABLE D BP2,18,426.216
50110150,PILA ALCALINA EVOLTA AA 4 PZAS,18,103.9450781
50110151,PILA ALCALINA EVOLTA AAA 4 PZA,18,110.46
50110152,PILA ALCALINA EVOLTA D 2 PZAS,18,182.900687
50110153,PILA ALCALINA EVOLTA C 2 PZAS,18,150.7811962
50110154,PILA ALCALINA EVOLTA 9V 1 PZA,18,145.5203448
50110377,PILA DE CARBON TAMANO AAA,18,32.55
50111011,CHOCOLATE NESTLE KIT KAT DARK,18,28.93609091
50111013,MINI GLORIAS,18,41.475
50111337,LIPTON JAMAICA 600ML PET,18,20.796
50111338,CANADA DRY 355ML LATA,18,17.9025
50111359,CANADA DRY 600ML PET,18,19.77258979
50112514,BOLSA KRAFT OFFICEMAX GRANDE,18,13.17142105
50112610,BARRA TURIN 70% CACAO,18,25.305
50112653,MASCOTAS MINIS ELF ON THE SHEL,18,157.5
50112654,PLUSHEE PALS NINA ABRAZABLE,18,745.5
50112655,PLUSHEE PALS NINO ABRAZABLE,18,718.87575
50112662,WARHEADS SPRAY 20ML,18,31.88325
50112666,WARHEADS OOZE CHEWZ 50G,18,35.1124188
50112669,NISHIKAWA JAPONES 190G,18,63.06138788
50112670,CHOCOLATES M&M CACAHUATE 120G,18,116.5329251
50112671,CHOCOLATES M&M MEGA BAG 120G,18,97.47757895
50112749,KIT KAT SANTA 29G,18,20.895
50112750,KIT KAT 4 FINGER GOLD 41.5G,18,25.4562
50112945,BOLA MENTA PEARSON´S 340G,18,193.7005183
50112948,BITES SABORES SURTIDOS 105GRS,18,61.94994057
50112949,BITES FRUTOS ROJOS 105GRS,18,61.94992801
50112951,GOMITAS HAPPY COLA 35GRS,18,22.05
50112990,BOLSAS C/CIERRE HERMETICO HIPO,18,111.3
50113082,CREMA MANOS HIDRATANTE ALOE,18,0.021
50113100,PUZZLE PAL PRINCESAS ROMPECABE,18,54.18
50113101,PUZZLE PAL PAW PATROL ROMPECAB,18,54.18
50113107,DISNEY PIXAR SQUISHY PALZ,18,210
50113195,MASCARILLA NOCTURNA REP AVENA,18,20.8215
50113197,CREMA MANOS PINK EXPLOSION,18,0.021
50113203,PLUMA GEL RETRACTIL ROJO,18,5.264
50113204,PLUMA GEL RETRACTIL NARANJA,18,15.834
50113205,PLUMA GEL RETRACTIL VERDE,18,15.75
50113210,CLIP SUJETADOR PARA DOS PLUMAS,18,29.379
50113515,MINI LIBRETA UNICORNIO 2 PZAS,18,115.5
50113875,UGREEN CARGADOR CELULAR AUTO D,18,318.612
50113876,UGREEN MINI CARGADOR USB C 20W,18,414.561
50113877,UGREEN CARGADOR LIGTH 1M-TIPOC,18,776.643
50113879,UGREEN CARGADOR 20W CARGA RAP,18,327.663
50113880,UGREEN CARGADOR 18W CARGA RAP,18,342.153
50113882,UGREEN HUB 9 EN 1 USB-C,18,1763.286
50113883,UGREEN HUB 6 EN 1 USB-C,18,1446.459
50113884,UGREEN HUB 6 EN 1 USB-C,18,1144.143
50113886,UGREEN HUB 5 EN 1 USB-C,18,995.694
50113887,UGREEN HUB 4 EN 1 USB - 50985,18,423.612
50113888,UGREEN HUB 4 EN 1 USB-C,18,448.959
50113889,UGREEN SOPORTE CELULAR DE AUTO,18,191.898
50113890,UGREEN CABLE CARGADOR USB C 1M,18,177.408
50113891,UGREEN CABLE CARGADOR USB C 2M,18,242.592
50113892,UGREEN CABLE CARGADOR USB A US,18,190.092
50113893,CABLE CARG UGREEN USB A USB-C,18,204.561
50113894,UGREEN CABLE USB C A LIGHTNING,18,467.061
50113895,CABLE CARG UGREEN USB A LIGHTN,18,447.153
50113902,BANNER HAPPY BIRTHDAY ROSA MET,18,73.5
50113903,BANNER FELIZ CUMPLEANOS PLATA,18,73.5
50113904,PARTY POPPER 20 CM,18,55.65
50113905,PARTY POPPER 20 CM SILVER,18,58.8
50113906,VELA MAGICA JUMBO TRICOLOR,18,60.9
50113907,KIT P/FIESTA DECORACION SORPR,18,69.3
50113908,VELA LED MUSICAL HAPPY BIRTHDA,18,0.021
50113909,STAR WARS MINI BUBBLE SABLE,18,84
50113911,FROZEN 2 AGITA U HAZ TU SLIME,18,124.74
50113912,SOBRE DE FIGURA DISNEY COLECCI,18,0.021
50113965,AROS DE DURAZNO 80G,18,43.14186715
50113966,ORUGAS ACIDAS 80G,18,43.11986774
50113967,PULPOS 80G,18,43.11186959
50114049,SPIDERMAN FUN ON THE GO,18,21.84920548
50114437,ENERGIZER MAX AA BP8+ AAA BP4A,18,271.446
50114819,SNICKERS ALMONDS,18,40.35800172
50114820,CHOCOLATE SNICKERS BLANCO 40G,18,35.112
50114821,ORUGAS NEON 80G,18,42.98409502
50114822,PULPOS ACIDOS 80G,18,42.588
50115123,CABLE UGREEN 3 EN 1 USB 3.0,18,651.714
50115124,CABLE UGREEN LIGH M/F 10CM,18,606.9
50115125,CABLE UGREEN USB C A LIGHT 2M,18,497.7
50115128,CABLE UGREEN USB A A LIGHTN 1M,18,508.2
50115180,SLIMPOP CHEDDAR 18G,18,19.8508318
50115287,MINI CHOCKE OBLEA CHOCOLATE,18,14.028
50115289,MINI CHOCKE OBLEA TURIN CHOCOL,18,26.166
50115291,HAPPY CRUNCH MINI M&M'S,18,20.559
50115292,HAPPY CRUNCH CHOCO ALMENDRA,18,20.559
50115293,HAPPY CRUNCH CHOCO NUEZ,18,20.559
50115713,BAILEYS PASAS CON CHOCOLATE,18,114.6392278
50115714,BAILEYS ALMENDRAS CON CHOCOLAT,18,153.069
50115715,BAILEYS ARANDANOS CON CHOCOLAT,18,132.069
50115718,GOMITAS HAPPY COLA 80 GRS,18,57.45259381
50115719,GOMITAS STARMIX 80 GRS,18,54.7920354
50115720,GOMITAS DE GUSANOS 80 GRS,18,56.89723268
50115907,MINI CHOCKO OBLEA PINK VELVET,18,10.269
50116054,DONITAS ESPOLVOREADAS 6+2 140G,18,34.71973551
50116055,DONAS 6P PROMO,18,34.82285798
50116057,MANTECADAS VAIN 6P 188G BIMBO,18,45.95992768
50116103,KIT SECRET SCENTS GODFORYOU,18,117.558
50116104,KIT SECRET SCENTS TROPIQUE,18,117.558
50116105,CREMA MANOS MANGO,18,28.119
50116106,KIT SECRET SCENTS DIVINE,18,117.558
50116107,CREMA MANOS GOODFORYOU,18,28.119
50116110,CHURRITOS DE NOPAL CHILE LIMON,18,33.59958686
50116111,CHURRITOS NOPAL CHIPOTLE 80GR,18,33.40901287
50116113,CHURRITOS NOPAL HABANERO 80GR,18,33.39638055
50116117,MINI PLUSHEE COLGANTE,18,165.9
50116118,FIGURAS MASCOTAS,18,441
50116119,THE ELFONTHE SHELF MINIS,18,119.7
50116120,JUEGO DE MEMORIA,18,383.67
50116121,ROMPECABEZAS PAQUETE DE 4,18,575.505
50116123,JUEGO DE DOMINO,18,383.67
50116124,KIT 3 PZAS BOLSITA CUTS FROZEN,18,140.028
50116125,KIT CUTS HELLO KITTY,18,140.028
50116376,ALIMENTO HUMEDO P/GATO SALMON,18,50.694
50116384,PREMIOS P/PERRO HUESOS DENTAL,18,162.792
50116402,JUEGO DE MESA SILVER NIPES,18,124.026
50116404,ROMPECABEZAS LADYBUG 100PZAS,18,104.244
50116405,MEMORIA LADYBUG,18,111.531
50116406,LADYBUG FIGURA 3PACK,18,430.185
50116440,RECEPTOR UGREEN BT DE AUDIO,18,382.2
50116441,ESTUCHE DE DISCO DURO UGREEN,18,476.7
50116451,CHOCOLATE CONEJERA TURIN 200GR,18,228.081
50116483,PALETA BOCAS LOCAS MIX,18,55.881
50116484,PALETAS BITERZ PERROS MIX LLAV,18,83.18124567
50116584,NIEVE ARTIFICIAL,18,44.898
50116593,VASO CON TAPA POP-OPEN UNICORN,18,464.31
50117945,GATORADE MORA 600 ML,18,32.07812329
50118028,CHOCOLATE AMARGO HERSHEYS,18,0.021
50118061,DULCE BULLET BILL,18,129.297
50118063,DULCES NINTENDO MUSHROOM SOURS,18,129.297
50118064,DULCES NINTENDO QUESTION MARK,18,129.297
50118473,TAZA TERMICA SUPER MARIO BROS,18,397.278
50118479,GORRA SUPER MARIO BROS,18,451.689
50118494,PIN SUPER MARIO BROS,18,180.138
50118495,PIN LUIGI SUPER MARIO BROS,18,180.138
50118496,PIN YOSHI SUPER MARIO BROS,18,180.138
50118499,CALCETINES MARIO BROS 5 PACK,18,451.689
50118677,ICE BREAKER MORAS,18,17.40425929
50118686,BARRA EXOTICAS NUEZ,18,31.038
50118687,GOMA DE MASCAR DOUBLEMINT,18,48.38465922
50118688,NISHIKAWA SALADO 70G,18,23.688
50119263,OREO 10 COUNT  114 GR,18,37.31266627
50119264,TRIDET VALUE PACK MENTA,18,34.6095123
50119265,TRIDET VALUE PACK YERBABUENA,18,33.22714096
50119266,TRIDENT TWIST FRESA,18,13.167
50119267,TRIDENT TWIST UVA-NARANJA,18,13.167
50119268,CLORETS VAL-U PAK 30'S,18,17.724
50119269,HALLS MENTA 25.2 GR,18,14.71279204
50119270,HALLS MIEL 25.2 GR,18,15.02422576
50119271,HALLS MORA AZUL 25.2 GR,18,14.98775377
50119924,GORRA SUPER MARIO RACCOON COSPLAY,18,632.709
50119925,GORRA SUPERMARIO EMBROIDERY ROJA,18,451.689
50119926,GORRA SUPERMARIO EMBROIDERY VERDE,18,451.689
50119927,CARTERA SUPER MARIO TRIFOLD TERM,18,270.648
50119928,CARTERA SUPER MARIO OSFA,18,270.648
50119929,CARTERA SUPER MARIO TRIFOLD,18,270.648
50119930,CARTERA SUPER MARIO VINYL,18,542.199
50119931,PIN PRINCESA,18,180.138
50119932,PIN MARIO SET 4 PIEZAS,18,180.138
50119933,CARTERA NINTENDO SUPERMARIO 2 EN 1,18,451.689
50119934,LLAVERO CONTROL NINTENDO,18,180.18
50120448,BOLSA ECOLOGICA REUTILIZABLE BTS,18,40.68203169
50120449,LENGUA SPLASH 40G,18,47.376
50120450,SQUEZZE 20G,18,17.724
50120451,BAKERY SHOPPE BAG,18,80.79945458
50121435,ROMPECABEZAS BORRADOR COLECCIONA MARVEL,18,60.9
50121436,ROMPECABEZAS-BORRADOR COLECCIONA PRINCES,18,60.9
50121437,SELLOS COLECCIONA 3D PRINCESAS SORPRESA,18,63
50121438,SELLOS COLECCIONA 3D PAW PATROL SORPRESA,18,63
50121439,SET DE 3 BORRADOES ARMABLES PAW PATROL,18,220.5
50121440,KIT DE BRAZALETES DE PRINCESAS,18,375.9
50121441,SPIDERMAN ESTUCHE DE DIVERSIONES,18,103.95
50121442,JOLLY RANCHER HARD CANDY,18,151.2
50121443,JOLLY RANCHER GUMMIES,18,122.535
50121444,JOLLY RANCHER SOUR GUMMIES,18,120.75
50121445,JOLLY RANCHER CHEWS,18,130.2
50121449,PRETZELS SALADOS 150 GR,18,54.06515992
50121450,PALETA PAYASO,18,22.54320363
50121451,KINDER DELICE,18,25.94420301
50121453,MAZAPÃN CHOCOLATE,18,7.016788194
50121454,CHIPS JALAPEÑO 50 GR,18,31.563
50121455,TAKIS FUEGO 70 GR,18,32.0261746
50121456,FERRERO ROCHER 3 PACK,18,55.18461543
50121457,NUTELLA & GO,18,49.14
50121458,KINDER HUEVO DE CHOCOLATE,18,41.34889061
50121459,KINDER BUENO 49 GR,18,40.95354236
50121617,ENCENDEDOR BIC MAXI COLORES SOLIDOS,18,31.85303431
50121788,BURBUJERO GLUCK BABY SHARK,18,27.888
50121789,BURBUJERO GLUCK HELLO KITTY,18,27.888
50121790,SLIME GLUCK ZOMBIES 200 GR,18,73.353
50121791,SLIME GLUCK HELLO KITTY 200 GR,18,73.353
50121792,JUGUETE SQUISHY BABY SHARK,18,154.0502319
50121793,JUGUETE SQUISHY HELLO KITTY,18,159.9336095
50121853,PELUCHE TY CLIP OAKIE-RACOON GRAY,18,136.899
50121854,PELUCHE TY CLIP HUGO-DOG BROWN WHITE,18,136.899
50121855,PELUCHE TY CLIP FANTASIA BOOS,18,136.899
50121856,PELUCHE TY CLIP HARMONIE-UNICORN SPECKLD,18,136.899
50121857,PELUCHE TY CLIP ZUZU-DOG TAN,18,136.899
50121905,COLECCON 12 BOTES DE SLIMY 100GR C/U,18,1176
50121907,SLIMY MEGA-STRETCHY 500 GRS,18,462
50121908,ARENA MOLDEABLE 300GR C/6 MOLDES,18,107.4956096
50121979,REFRESCO MIRINDA 600 ML PET,18,19.95
50122165,BOLSA REUTILIZABLE OMX,18,31.5
50122174,BOLSA NEGRA REUTILIZABLE,18,19.95
50122472,XURRITOS AMARANTO CHIPOTLE,18,88.2
50122473,XURRITOS AMARANTO LIMON Y SAL,18,88.19710785
50122474,XURRITOS AMARANTO FUEGO,18,88.2
50122584,MAGIFREEZ ARCTIC ADVENTURE HERO SET,18,546
50122585,MAGIFREEZ 80S THROWBACK,18,546
50122589,SQUISHY AMONG US V2,18,140.112
50122590,SQUISHY GARFIELD,18,150.9899332
50122974,TAZON DE VIDRIO,18,358.288
50122975,PANOS DESMAQUILLANTES,18,298.578
50122976,CALENTADOR CON VENTILADOR,18,589.215375
50122977,ALMOHADA ESTANDAR QUEEN ALGODON ,18,722.0535
50122978,TOALLA MEDIO BANO ALGODON NESTWEL,18,425.0618077
50122979,TOALLA BANO ALGODON NESTWEL GRIS,18,487.872
50122986,TAZA OUR TABLE BLANCA,18,113.4735
50122987,DISPENSADOR DE JABON CERAMICA ,18,199.0654615
50122988,TAZA DE VIDRIO LATTE,18,59.79235294
50122989,ADORNOS NAVIDENOS PARA ARBOL PAPEL,18,166.341
50122990,ESFERAS NAVIDENAS DE PAPEL,18,200.088
50122991,PINZAS PARA TOALLA PINA  ,18,246.141
50122992,PINZAS PARA TOALLA SANDALIA,18,241.5868824
50122994,PINZAS PARA TOALLA AGUACATE,18,229.1574194
50122995,DISPENSADOR DE JABON LIQUIDO ,18,322.48272
50122996,TERMO DE ACERO INOXIDABLE AQUA,18,395.01
50122997,TERMO DE ACERO INOXIDABLE BLANCO,18,471.822
50122998,EXTENSION ELECTRICA NAVIDENA,18,106.029
50122999,TOALLA PARA MANOS ALGODON EGIPCIO,18,227.3334
50123003,MANTEL INDIVIDUAL PVC,18,70.161
50123005,GANCHOS ANTIDESLIZANTES PLASTICO,18,249.858
50123007,VAJILLA DE CERAMICA,18,1684.368
50123008,SET DE CORTADORES DE GALLETAS,18,336.679
50123010,ETIQUETAS NAVIDENAS PARA REGALO BEE  WI,18,66.339
50123011,ETIQUETAS NAVIDENAS PARA REGALO HAPPY,18,66.339
50123012,GOMITAS VITAMINA C NATURELAB,18,230.496
50123016,CAPSULAS DE OMEGA 9 CON ACIDO OLEICO,18,162.162
50123017,GOMITAS MULTIVITAMINICO NINOS,18,288.981
50123018,VELA PILAR NATURAL LIGHT AROMA LAVANDA,18,108.57
50123019,VELA PILAR NATURAL LIGHT MIEL 17.57 CM,18,356.265
50123020,VELA PILAR NATURAL LIGHT LAVANDA 9.39 G,18,103.4228276
50123021,VELA PILAR NATURAL LIGHT TABACO,18,103.4225294
50123022,VELA PILAR NATURAL LIGHT MIEL 9.39 G,18,106.5176538
50123023,VELA PILAR NATURAL LIGHT FRUTOS ,18,122.703
50123024,GOMITAS VITAMINA D3 NATURELAB,18,230.4669231
50123025,TERMO DE ACERO INOXIDABLE KASABLANKA TUR,18,295.218
50123026,TERMO DE ACERO INOXIDABLE KASABLANKA MOR,18,295.218
50123027,MULTICONTACTO CON TRES SALIDAS,18,124.74
50123202,VASO ALTO VIDRIO,18,160.993
50123203,BOLSA SILICONA PARA ALIMENTOS 1.65L,18,607.1243684
50123473,GOMITAS DE COLAGENO NATURE FRUITS 280G,18,230.475
50123515,PALOMITAS ZUMITAM SAL DE MAR 20 GR,18,19.95
50123516,PALOMITAS ZUMITAM FIRE 28 GR,18,23.1
50123517,PALOMITAS ZUMITAM CHEDDAR 28 GR,18,23.1
50123518,PAPAS FRITAS CON ACEITE AGUACATE 40 GR,18,33.6
50123519,PAPAS FRITAS CON ACEITE OLIVA 40 GR,18,33.6
50123521,GOMITAS DE SANDIA,18,57.75
50123526,ADORNOS NAVIDENOS PAPEL GOTA CAFE 4 PZS,18,181.902
50123528,ADORNOS NAVIDENOS PAPEL 4 PZS,18,181.902
50123529,ADORNOS NAVIDENOS PAPEL ARBOL 2 PZS,18,150.066
50123540,BOLSA PARA CORONA NAVIDENA ROJO,18,379.974
50123551,BOSLA ARBOL NAVIDAD RUEDAS ROJO,18,760.872
50123556,BOTELLA AGUA ACERO INOXIDABLE 709 ML,18,890.043
50123563,CAJAS REGALO DISENO NAVIDENO 25 PIEZAS,18,234.423
50123631,DESPENSADOR JABON ACERO INOX CON SENSOR,18,1921.248
50123633,DISPENSADOR JABON PLASTICO SIMPLEHUMAN,18,1441.566
50123634,DISPENSADOR JABON CERAMICA COBRE,18,189.525
50123635,DISPENSADOR JABON VIDRIO CAFE,18,271.929
50123636,DISPENSADOR JABON VIDRIO CURVED GLASS,18,398.811
50123637,DISPENSADOR JABON ROPA VIDRIO VERDE LIMA,18,375.627
50123638,DISPENSADOR JABON METAL CON JABON,18,2471.28
50123639,DISPENSADOR JABON LISO AZUL MARINO,18,157.794
50123640,DISPENSADOR JABON ACERO INOX,18,1768.788
50123641,DISPENSADOR JABON VIDRIO GRIS,18,366.681
50123642,DISPENSADOR JABON NO TOUCH AZUL MARINO,18,598.941
50123643,DISPENSADOR JABON NO TOUCH GRIS,18,604.632
50123644,DISPENSADOR JABON NO TOUCH NEGRO,18,604.233
50123645,DISPENSADOR JABON VIDRIO,18,274.365
50123646,DISPENSADOR JABON VIDRIO BLANCO,18,272.832
50123651,ESFERAS PAPEL GD BLANCO DORADO 4 PZS,18,262.794
50123652,ESFERAS DE PAPEL GD VERDE ROJO,18,262.08
50123653,ESFERAS DE PAPEL GD MULTICOLOR,18,263.529
50123654,ESFERAS DE PAPEL MULTICOLOR,18,263.529
50123664,ETIQUETAS NAVIDENAS REGALO MULTI 120 PZS,18,62.475
50123665,FRASCO VIDRIO BLANCO COCO,18,427.35
50123666,FRASCO VIDRIO C TAPA MADER MATE BLANCO,18,495.306
50123667,FRASCO VIDRIO AZUL CHINA,18,470.169
50123668,FRASCO VIDRIO AZUL,18,362.712
50123669,FRASCO VIDRIO CAFE,18,362.733
50123670,FRASCO VIDRIO CAFE COBRE,18,464.835
50123671,FRASCO VIDRIO GRIS,18,572.061
50123672,FRASCO VIDRIO BLANCO,18,466.284
50123673,FRASCO VIDRIO PIEDRA POMEZ,18,569.625
50123675,FRUTAS DECORATIVAS DE PAPEL 3 PZS,18,209.79
50123676,GANCHO PARA PARED METAL NEGRO,18,189.567
50123678,JABONERA DE CERAMICA AZUL,18,130.578
50123679,JABONERA DE CERAMICA BLANCO COCO,18,129.885
50123680,JABONERA DE CERAMICA COBRE,18,129.507
50123681,JABONERA VIDRIO ESMERILADO AZUL CHINA,18,172.956
50123682,JABONERA VIDRIO ESMERILADO BLANCO COCO,18,173.061
50123683,JABONERA VIDRIO ESMERILADO CAFE,18,175.854
50123735,PINO GRANDE DE PAPEL VERDE,18,341.397
50123737,PINZAS PARA TOALLA SANDIA,18,224.784
50123738,PINZAS PARA TOALLA LIMON 2 PIEZAS,18,224.553
50123739,PINZAS PARA TOALLA LORO 2 PIEZAS,18,225.288
50123740,PINZAS PARA TOALLA NARANJA 2 PIEZAS,18,224.511
50123741,PINZAS PARA TOALLA SANDALIA AMAR 2PZS,18,224.196
50123742,PLATOS DESE MERRY CHRISTMAS 12PZS,18,88.326
50123743,PLATOS DESE NAVIDENO ROJO BLANCO 12 PZS,18,56.301
50123745,PLATOS DESE CARTON HOJAS VERD BLAN18 PZS,18,65.814
50123747,PLATOS DESE PAPELNOCHEBUENA MULTI 12PZS,18,56.217
50123748,PLATOS DESE PAPEL FRUTAS 17.47 CM 18 PZS,18,79.254
50123749,PLATOS DESE PAPEL FRUTAS 25.73 CM 12 PZS,18,119.931
50123750,PLATOS DESE PAPEL RAYAS 17.47 CM 18 PZS,18,79.254
50123751,PLATOS OVALO DESE NOCHEBUENA MULTI 10PZS,18,138.054
50123752,POPOTE REUTILIZABLE ACERO INOX,18,208.509
50123763,PORTALATAS SILICON REGADERA 30 WATT GRIS,18,365.946
50123769,PORTAVASOS CUADRADOS DOLOMITA HOJAS 4PZS,18,282.828
50123774,SET FRASCOS Y CHAROLA VIDRIO AZUL,18,1171.044
50123778,SERVILLETAS PAPEL LIMONES 36 PZS,18,91.287
50123782,SET DE ESCENOGRAFIAS THE ELF 46 PZS,18,544.677
50123783,SET DE LIBRO NAVIDENO Y ELFO EXPLORADOR,18,1012.074
50123789,SET FRASCOS Y CHAROLA VIDRIO BLANCO,18,862.722
50123790,SET FRASCOS Y CHAROLA VIDRIO CAFE,18,874.755
50123791,SET REFRACTARIOS VIDRIO CON TAPAS,18,2194.353
50123799,SOPORTE SILICON BEBIDAS PARA TINA FUCSIA,18,388.71
50123826,TERMO FIBRA DE BAMBU 380 ML MENTA,18,179.928
50123827,TIJERAS PARA COCINA GRIS,18,140.532
50123828,VASO ALTO CERAMICA COBRE,18,130.494
50123830,VASO C TAPA ACERO INOX 1L AZUL PROFUNDO,18,550.578
50123831,VASO CERAMICA AZUL,18,126.147
50123832,VASO CERAMICA AZUL CHINA,18,130.872
50123833,VASO CERAMICA COBRE,18,125.727
50123834,VASO CERAMICA GRIS,18,97.944
50123835,VASO CERAMICA GRIS POMEZ,18,126.399
50123836,VASO VIDRIO AZUL CHINA,18,292.215
50123837,VASO VIDRIO BLANCO COCO,18,288.771
50123838,VASO VIDRIO CAFE,18,288.099
50123839,VASOS DESECHABLES FRUTAS 12 PIEZAS,18,103.509
50123841,VELA VASO VIDRIO AMBER MUSK C TAPA 396G,18,376.068
50123842,VELA VASO VIDRIO DOGW DAHLIA C TAPA 396G,18,376.068
50123845,VELA VASO VIDRIO ENGLISH CUCUMBER 340G,18,227.346
50123846,VELA VASO VIDRIO C TAPA ROSE SAGE 396G,18,368.718
50123847,VELA VASO VIDRIO C TAPA AMBER MUSK 396G,18,320.964
50123848,VELA VASO VIDRIO C TAPA AMBER MUSK 311G,18,297.276
50123849,VELA VASO VIDRIO C TAPA BERG BASIL 396G,18,326.13
50123850,VELA VASO VIDRIO C TAPA BERG BASIL 396G,18,376.068
50123851,VELA VASO VIDRIO C TAPA BERG BASIL 255G,18,331.989
50123852,VELA VASO VIDRIO C TAPA ROSE SAGE 396G,18,318.654
50123853,VELA VASO VIDRIO C TAPA ROSE SAGE 255G,18,334.026
50123854,VELA VASO VIDRIO C TAPA SALT CITRUS 396G,18,330.414
50123855,VELA VASO VIDRIO C TAPA SALT CITRUS 311G,18,297.276
50123856,VELA VASO VIDRIO C TAPA AMBER MUSK 255G,18,334.026
50123857,VELA VASO VIDRIO C TAPA BERG BASIL 311G,18,298.053
50123858,VELA VASO VIDRIO C TAPA DOGW DAHLIA 255G,18,329.7
50123859,VELA VASO VIDRIO C TAPA DOGW DAHLIA 311G,18,297.276
50123860,VELA VASO VIDRIO C TAPA DOGW DAHLIA 396G,18,328.944
50123861,VELA VASO VIDRIO C TAPA ROSE SAGE 311G,18,297.276
50123862,VELA VASO VIDRIO C TAPA SALT CITRUS 255G,18,334.026
50123863,VELA EN VASO VIDRIO FOUNDRY CANDLE CO,18,296.373
50123864,VELA EN VASO VIDRIO FOUNDRY CANDLE CO,18,293.958
50123865,VELA EN VASO VIDRIO FOUNDRY CANDLE CO,18,288.141
50123866,VELA EN VASO VIDRIO AT THE BEACH 283.49G,18,611.646
50123867,VELA VASO CON TAPA SEA SALT CITRUS 396G,18,376.068
50123868,VELAS VOTIVAS LATA HOLIDAY HEARTH 3PZS,18,449.379
50123884,PASTILLAS SABOR MANDARINA 27G LEONE,18,80.37478667
50123885,PASTILLAS SABOR LIMON 27G LEONE,18,80.32722353
50123886,PASTILLAS SABOR MENTA 27G LEONE,18,80.37707101
50123930,BOLSAS REUTILIZABLES TELA VEGETA 5 PZS,18,134.862
50124132,NACIMIENTO CON IMAN INGENIUM,18,288.6473174
50124133,SET NAVIDAD IMANES INGENIUM,18,289.7104412
50124134,COMPLEMENTO NACIMIENTO IMAN,18,279.9797368
50124135,IMAN PIEZA NAVIDAD VARIOS DISENOS,18,86.1
50124810,SPARKLERS VELA RAINBOW,18,39.14927367
50124811,SPARKLERS CON CERA,18,46.56308095
50124812,SPARKLERS LUXURY DORADA,18,39.3598589
50124813,VELA LUMIOSA DE MENSAJES,18,45.43064467
50124843,GLOBO MET HAPPY BDAY 56IN,18,233.772
50124844,LETRAS MET PHRASE HAPPY BDAY SILVER,18,152.8030229
50124845,GLOBO MET MULTI BURST HAPPY BIRTHDAY,18,128.562
50124846,GLOBO MET ORBZ JURASSIC WORLD,18,100.443
50124847,GLOBO MET HO HAPPY BIRTHDAY STARS,18,99.30929086
50124848,GLOBO MET HO SHIMMER BIRTHDAY CANDLES,18,98.9639094
50124849,GLOBO MET BLUSH BIRTHDAY PINK,18,97.35640619
50124851,GLOBO NUMBER 0 SILVER SHAPE,18,59.25223746
50124852,GLOBO MET NUMBER 1 SILVER SHAPE,18,58.8
50124853,GLOBO NUMBER 2 SILVER SHAPE,18,60.71429596
50124854,GLOBO MET NUMBER 3 SILVER SHAPE,18,58.8
50124855,GLOBO MET NUMBER 4 SILVER SHAPE,18,58.8
50124856,GLOBO MET NUMBER 5 SILVER SHAPE,18,58.8
50124857,GLOBO NUMBER 6 SILVER SHAPE,18,59.89877547
50124858,GLOBO NUMBER 7 SILVER SHAPE,18,59.17521818
50124859,GLOBO MET NUMBER 8 SILVER SHAPE,18,58.8
50124860,GLOBO MET NUMBER 9 SILVER SHAPE,18,59.1578612
50124861,GLOBO MET NUBE SONRIENTE,18,36.141
50124862,GLOBO MET HOLO POLKA DOT BDAY 18IN,18,33.72021547
50124863,GLOBO MET HO CUMPLEANOS MAGIA SILVER,18,33.306
50124864,GLOBO MET GB NEGRO LETRAS CUMPLE,18,33.306
50124865,GLOBO MET HO CUMPLEANOS MAGIA TURQUESA,18,33.306
50124866,GLOBO MET HOLO ORGULLOS DE TI GRADUADO,18,33.306
50124867,GLOBO MET GB ERES ESPECIAL PARA MI 18IN,18,33.4589207
50124868,GLOBO MET GB MEDIC CAJA ALIVIATE 18IN,18,33.98375034
50124869,GLOBO MET MARVELS SPIDER MAN HEAD,18,33.159
50124870,GLOBO MET MICKEY MOUSE FOREVER 17IN,18,33.159
50124871,GLOBO MET MINNIE MOUSE FOREVER 17IN,18,33.159
50124872,GLOBO MET PAW PATROL 17IN,18,33.159
50124874,GLOBO MET HAPPY BIRTHDAY TRIANGLES,18,29.127
50124875,GLOBO MET SOCCER BLANCO Y NEGRO 18IN,18,29.127
50124878,GLOBO MET GB ESTRELLA SILVER,18,16.48498906
50124879,GLOBO MET ESTRELLA GOLD,18,16.47326368
50124880,GLOBO METALICO CORA ROJO 10584 02,18,13.23935473
50124925,GLOBO LATEX LISO SURTIDO 18PZ 9IN,18,35.49
50124926,GLOBO LATEX PASTEL SURTIDO 36PZ 9IN,18,77.07
50124927,GLOBO LATEX NEON SURTIDO 36PZ 9IN,18,77.07
50124928,VELA MAGICA SURTIDA 10PZ,18,27.531
50124929,VELA CERA GLITTER NEGRA 12PZ,18,25.851
50124930,VELA CERA GLITTER BLANCA 12PZ,18,25.851
50124931,VELA CERA ESPIRAL SURTIDA 24PZ,18,19.43830102
50124932,VELA SIGNO DE INTERROGACION PLATA,18,26.439
50124933,VELA NUMERAL PLATA  0,18,26.439
50124934,VELA NUMERAL PLATA  1,18,26.439
50124935,VELA NUMERAL PLATA  2,18,26.439
50124936,VELA NUMERAL PLATA  3,18,26.439
50124937,VELA NUMERAL PLATA  4,18,26.439
50124938,VELA NUMERAL PLATA  5,18,26.439
50124939,VELA NUMERAL PLATA  6,18,26.439
50124940,VELA NUMERAL PLATA  7,18,26.439
50124941,VELA NUMERAL PLATA  8,18,26.439
50124942,VELA NUMERAL PLATA  9,18,26.439
50124943,BANDERIN MOVIL COLGANTE FELIZ CUMPLE,18,54.6
50124944,LETRERO MOVIL HAPPY BIRTHDAY COLGANTE,18,54.6
50124945,LETRERO MOVIL FELICIDADES NEON COLGANTE,18,54.6
50124946,LETRERO MOVIL FELIZ CUMPLE SWEETBALLOONS,18,50.91705405
50124947,LETRERO MOVIL SOCCER FELIZ CUMPLEANOS,18,50.4
50124948,CORTINA METALICA PLATA,18,88.788
50124949,CORTINA METALICA IRIDISCENTE,18,108.78
50124950,PLATO PASTEL UNICORNIO 8 PIEZAS SET 707,18,38.85
50124951,MANTEL UNICORNIO 1 PIEZA,18,102.9
50124952,LETRERO MOVIL UNICORNIO,18,54.6
50124953,VELA FIGURA UNICORNIO SET 707,18,119.4396641
50124955,PLATO PASTEL SOCCER 8 PIEZAS,18,38.85
50124956,MANTEL SOCCER 6 PIEZAS SET 554,18,102.9
50124957,VELA FIGURA SOCCER SET 554,18,118.65
50124958,ADORNO MOVIL SOCCER SET 554,18,81.9
50124959,PLATO PASTEL HAPPY BIRTHDAY 8 PZ SET 748,18,38.85
50124960,MANTEL HAPPY BIRTHDAY 1 PZ,18,102.9
50124961,LETRERO MOVIL HAPPY BIRTHDAY,18,50.4
50124962,ADORNO MOVIL HAPPY BIRTHDAY,18,81.9
50124964,CUCHARA BLANCA C 20 PZ,18,64.05
50124965,TENEDOR BLANCO C 20 PZ,18,55.65
50124966,CHAMPAGNE POPPER 30 CM,18,202.7293767
50124967,LETRERO MOVIL COLGANTE BOYORGIRL,18,54.6
50124968,LETRERO MOVIL COLGANTE BABYSHOWER,18,54.6
50124969,GODINEZ KIT,18,92.82
50124970,VELA LUMINOSA SPARKLERS UNICORNIO,18,45.15
50124971,VELA LUMINOSA SPARKLERS FUTBOL,18,45.15
50125030,CAMPARTE COCO DESHIDRATADA NATURAL 40 G,18,38.85
50125031,CAMPARTE COCO DESHIDRATADA C/AZUCAR 40 G,18,38.85
50125032,CAMPARTE COCO DESHIDRATADA CHIL LIMN 40G,18,38.85
50125033,HEATHER - CAT PASTEL SQUISH CLIP,18,136.899
50125034,HOPE - BEAR SQUISH CLIP,18,136.899
50125036,PINKY - OWL PINK SQUISH CLIP,18,136.899
50125037,SLUSH - HUSKY GRAY SQUISH CLIP,18,136.899
50125038,WINKS - OWL PINK SQUISH CLIP,18,136.899
50125039,PLATO 7IN BLANCO PAQ 20,18,113.4
50125040,VASO PLASTICO 12OZ BLANCO PAQ 20,18,120.75
50125041,VASO PLASTICO 12OZ ROJO PAQ 20,18,120.75
50125042,MANTEL RECTANGULAR ROJO,18,56.7
50125043,MANTEL RECTANGULAR ROSA BEBE,18,56.7
50125044,MANTEL RECTANGULAR AZUL CARIBE,18,56.7
50125080,RIZADOR DE PESTANAS MAS PINZA PARA CEJAS,18,49.87750536
50125081,PINZA PARA DEPILAR TIJ Y PUNTA DE ANGULO,18,39.66903146
50125082,PERFILADORES PARA CEJAS 3 PZAS,18,49.93130057
50125083,CORTAUNAS GRANDE MAS 2 LIMAS DE UNAS,18,38.6273605
50125084,PERSONAL CARE KIT 6 PIEZAS,18,69.23248182
50125085,SET CUIDADO DE CEJAS 4 PIEZAS,18,70.56719553
50125086,SACAPUNTAS COSMETICO,18,32.3903178
50125087,TIJERA PARA BARBA Y CEJA MAS MINI PEINE,18,42.72936299
50125088,LIMAS PROFESIONALES 3 PZS,18,34.4958338
50125089,ESPONJAS COSMETICAS SUAVES 3 PZS,18,107.541
50125090,BROCHES ESTILO CUCAS 6 PZS,18,26.44423016
50125091,BROCHES PARA CABELLO NEGRO Y TIPO CAREY,18,61.74
50125092,PINZAS MEDIANAS 2 PZS,18,36.64430509
50125093,PASADORES CLASICOS INCAIBLES 30 PZS,18,27.888
50125094,PINZA CLIP PARA EL CABELLO NEGRA,18,38.61538743
50125095,CEPILLO MINI PARA VIAJE,18,38.6605163
50125096,LIGAS PARA EL CABELLO COLOR NEGRO 10 PZS,18,28.34431987
50125097,LIGAS PARA EL CABELLO COLOR CAFE 10 PZS,18,27.888
50125098,DONA ELASTICA DE TELA COLOR NEGRA,18,36.62278143
50125099,PEINE LIENDRERA DE ACERO INOXIDABLE,18,98.574
50125100,KIT CORTAUNAS MAS LIMA PARA BEBE,18,35.847
50125115,KIKI - clip de aplastamiento gris gato,18,136.899
50125446,GLOBO MET NUMBER 1 SILVER SHAPE AN,18,59.31869318
50125447,GLOBO MET NUMBER 3 SILVER SHAPE AN,18,59.19984
50125448,GLOBO MET NUMBER 5 SILVER SHAPE AN,18,59.11993791
50125449,GLOBO MET NUMBER 8 SILVER SHAPE AN,18,58.91655439
50125694,CARGA DE HELIO 9 A 12 IN,18,23.31
50125695,CARGA DE HELIO 17 A 22 IN,18,42.735
50125696,CARGA DE HELIO SUPER SHAPE 32 A 36 IN,18,62.16
50125697,CARGA DE HELIO JUMBO 50 A 56 IN,18,116.55
50125698,CARGA DE HELIO DIAMONDZ CUBEZ ORBZ,18,59.829
50125781,TOALLA PARA MANOS,18,981.288
50125815,KIT MESA DULCES PLUS CUMPLE TREN,18,268.8
50125816,KIT MESA DULCES PLUS CUMPLE PASTEL,18,268.8
50125817,KIT MESA DULCES BASICO ANIMALITOS CUMPLE,18,189
50125818,ESPIRAL DECORATIVA COMB FIESTA 75CM,18,30.912
50125819,ESPIRAL DECORATIVA BRINDIS 75CM,18,38.535
50125820,ESPIRAL DECORATIVA COMB SIRENA 75CM,18,30.912
50125821,ESPIRAL DECORATIVA BLANCA 75CM,18,28.665
50125822,ESPIRAL DECORATIVA ROSA 75CM,18,28.665
50125823,ESPIRAL DECORATIVA ROJA 75CM,18,28.665
50125824,ESPIRAL DECORATIVA AZUL 75CM,18,28.665
50125825,ESPIRAL DECORATIVA VERDE LIMON 75CM,18,28.665
50125826,BORLA PLATEADA,18,15.162
50125827,BORLA BLANCA,18,15.162
50125828,BORLA DORADA,18,21.56463358
50125829,BORLA ROSA PASTEL,18,15.162
50125830,BORLA AZUL CIELO,18,15.162
50125831,BORLA METALICA ROSE GOLD,18,23.1
50125832,BORLA METALICA AZUL REY,18,23.1
50125833,INVITACION JIRAFA,18,21.21
50125834,INVITACION TORTUGA,18,21.21
50125835,INVITACION GLOBOS CUMPLEANOS,18,21.21
50125836,INVITACION ANIMALITOS CUMPLEANOS,18,21.21
50125837,INVITACION BABY SHOWER CIG TURQUESA,18,21.21
50125838,DORITOS FLAMIN HOT 61 GR,18,29.31369151
50125839,CHEETOS FLAMIN HOT 55 GR,18,23.34696538
50125840,SABRITAS RECETA CRJ FLAMIN HOT 42 GR,18,28.8926747
50125862,HANGER SONIC THE HEDGEHOD S2,18,188.811
50125863,HANGER FIVE NIGHTS AT FREDDYS SB S2,18,188.811
50125864,KIRBY PLUSH CUTIES,18,188.811
50125865,PELUCHE SUPER MARIO RED SHELL MINI,18,378.903
50125866,PELUCHE SUPER MARIO MUSHROOM MINI,18,378.903
50125867,PELUCHE SUPER MARIO BANANA MINI,18,378.903
50125868,PELUCHE SUPER MARIO SPINY SHELL MINI,18,378.903
50126084,PORTACEPILLOS D DIENTES D PLASTICO PANDA,18,205.296
50126087,ESTANTE D METAL CARGA INALAMBRICA BLANCO,18,1035.342
50126088,SOPORTE PARA CELULAR COLOR NEGRO,18,316.449
50126089,SOPORTE DE POLICARBONATO PARA CELULAR,18,316.302
50126094,TOALLAS DESECHABLES DE PAPEL COLOR GRIS,18,81.123
50126095,DESPERTADOR D PLASTICO CARGA INALAMBRICA,18,3331.125
50126096,COJIN DECORATIVO POLIESTER COLOR ACERO,18,147
50126097,COJIN DECORATIVO POLIESTER COLOR MOSTAZA,18,147
50126098,COJIN DECORATIVO POLIESTER COLOR ROSA,18,147
50126099,COJIN DECORATIVO POLIESTER COLOR CRUDO,18,166.845
50126100,COJIN DECORATIVO POLIESTER DISENO FLORAL,18,279.72
50126101,COJIN DECORATIVO POLIESTER ROMBOS RAYAS,18,172.2
50126102,COJIN DECORATIVO POLIESTER DISENO CUADRO,18,199.269
50126103,MACETA GRANDE DE PLASTICO COLOR PIEDRA,18,609
50126105,MACETA DE PLASTICO LILI COLOR AZUL,18,672
50126106,COCTELERA DE ACRILICO H TRANSPARENTE,18,110.901
50126109,SERVILLETAS DE PAPEL CON DISENO FRUTAS,18,120.939
50126111,COJIN DECORATIVO CUADRADO DE LINO AZUL P,18,515.256
50126112,COJIN DECORATIVO CUADRADO DE LINO AZUL O,18,519.33
50126113,COJIN DECORATIVO DE ALGODONAZUL MARINO,18,710.283
50126114,RELOJ DE VIDRIO PARA PARED STUDIO AZUL,18,562.695
50126115,TERMO DE FIBRA DE BAMBU COLOR GRIS,18,181.902
50126116,ZAPATERAS DE POLIESTER AZUL MARINO SET 4,18,396.837
50126118,BOTELLA DE AGUA DE PLASTICO COLOR VERDE,18,223.629
50126119,CAFETERA PARA ESPRESSO DE ALUMINIO NEGRO,18,466.2
50126125,MINI MACETA CERAMICA DISENO COLOR NEGRO,18,252.714
50126126,PELUCHES PETIT STAR WARS MANDALORIAN,18,344.4
50126127,LONCHERA DE POLIESTER TOTTO COLOR AZUL,18,780.99
50126128,SET PARA PREPARAR MATE BOMBILLA CEPILLO,18,456.309
50126129,TAZA D CERAMICA FLORAL COLOR BLANCO ROSA,18,159.6
50126130,SET DE TAZAS DE CERAMICA PRIDE CON RACK,18,525
50126131,TAZA CERAMICA LOVE IS LOVE BLANCO NEGRO,18,134.4
50126132,RELOJ DE PARED ANALOGICO BLANCO NEGRO,18,367.5
50126133,RELOJ DE PARED ANALOGICO NEGRO PLATA,18,367.5
50126134,FRAZADA DE POLIESTER COLOR GRIS OXFORD,18,1512
50126135,FRAZADA DE POLIESTER COLOR PLATA,18,1512
50127657,DROOPS BAILEYS PASAS CHOCOLATE 40G,18,36.393
50127658,DROOPS BAILEYS ALMENDRAS CHOCOLATE 40G,18,41.30328788
50127659,PELONAZO 80G,18,41.25477207
50127660,SKW SALSAGHETTI KING SIZE 70G,18,42.51640147
50127661,GOMA DE MASCAR WINTERFRESH EMBOSSING 37G,18,45.08352664
50127662,TRI EVUP LOF 185 COOLBUBBLE FOP 30.6G,18,31.44690521
50127663,TRIDENT XTC 10S MENTA 13.6G,18,14.007
50127664,TRIDENT XTC 10S COOLBUBLE 13.6G,18,14.007
50127665,WARHEADS CUBOS 70G,18,38.85
50127666,WINIS UNICORNIO MAXI TUBITO 44G,18,19.48270983
50127667,WINIS DRAGON MAXI TUBITO 44G,18,18.438
50127668,WINIS UNICORNIO BOLO BOLSA 100G,18,48.426
50127669,CAZARES CLASICO CON CHILE 155G,18,53.676
50127670,CAZARES CHICHARRON ARTESANAL 40G,18,19.85572174
50127671,PRINGLES ORIGINAL 37G,18,42.58301933
50127672,PRINGLES CREMA Y CEBOLLA 40G,18,42.62169818
50127764,BEAUTY WATCH FROZEN Y 2 ESMALTES,18,140.112
50127765,BEAUTY WATCH MINNIE Y 2 ESMALTES,18,140.112
50127766,BEAUTY WATCH STICH Y 2 ESMALTES,18,140.112
50127767,ACTIVITY BOOK MINNIE MOUSE,18,137.34
50127768,ACTIVITY BOOK ONIX,18,137.34
50127769,ACTIVITY BOOK SONIC,18,137.34
50127770,ULTIMATE COLORING BOOK SPIDERMAN,18,137.34
50127771,BACKPACK COSMETIC SET ONIX SWEET,18,542.01
50127937,SKWINKLOTE PINA RELLENO TAMARINDO,18,29.4
50128119,BOLSA REUTILIZABLE POLIPROPILENO OMX,18,15.75
50128146,GLOBO MET LRG SHP BIRTHDAY CELEBRATION,18,75.52247453
50128147,GLOBO MET JRSHP SPIDER MAN ANIMATED,18,33.159
50128398,GLOBO MET SATINADO 28IN FELIZ DIA MAMA,18,93.849
50128486,CARAMELO SUAVE MINI STARBUST ORIG 99G,18,54.831
50128487,CHIPS JALAPENO BARCEL 62G,18,39.90427119
50128488,SNICKERS TRADICIONAL 48G,18,27.993
50128489,JELLY ICEE MORA KING SIZE 85G,18,32.30058689
50128490,ICEE ROPES 50G,18,28.938
50128491,JELLY ICEE MORA KING SIZE 85G,18,31.101
50128492,JELLY ICEE CHERRY KING SIZE 85G,18,31.101
50128585,QUESTION BLOCK ICON LIGHT,18,397.278
50128586,SUPER STAR ICON LIGHT V3,18,397.278
50128587,GAME BOY HEAT CHANGE MUG,18,198.135
50128588,SUPER MARIO GORRA M MESH,18,270.648
50128589,SUPER MARIO GORRA L MESH,18,270.648
50128590,CAP SUPER MARIO,18,632.709
50128591,SPANDEX MOCK ACRYLIC 3D EMBROIDERY,18,451.689
50128592,FINI TUBES FRESA 40 GR,18,26.103
50128593,FINI TUBES TORNADO 40 GR,18,26.103
50128594,SWEET XILE RAINBOW BITES 57 GR,18,27.72
50128595,CHIPS DE PLATANO SAL DE MAR 220GR,18,99.76986966
50128596,CHIPS DE PLATANO DULCE PICOSITO 220GR,18,99.76309225
50128873,PLANNER SOY PLANIFICADOR 12 M MERLETTO,18,362.6705339
50128874,PLANNER SOY PLANIFICADOR 12 MESES 116 H,18,363.3137228
50128875,LAPICERA MERLETTO FRUTOPIA  1 BOLSILLO,18,84.32570889
50128876,LAPICERA MERLETTO DINOSAURIO 1 BOLSILLO,18,84.33255171
50128877,LAPICERA MERLETTO MARIPOSA 1 BOLSILLO,18,165.5657881
50128878,LAPICERA MERLETTO ASTRONAUTA 1 BOLSILLO,18,150.6829582
50128879,BLOC DE STICKER  NAVIDENOS SURTIDOS,18,37.01891386
50128880,BLOC DE STICKER  NAVIDENOS SURTIDOS,18,36.43712577
50128881,ROLLO DE PAPEL MERLETTO NAVIDAD DE 2M,18,34.797
50128882,BOLSA DE REGALO MERLETTO NAVIDAD P VINO,18,29.60724257
50128883,LENTES NAVIDENOS MERLETTO SURTIDO,18,29.98228106
50128884,BOLSA DE REGALO MERLETTO NAVIDAD MEDIANA,18,30.366
50128885,BOLSA DE REGALO MERLETTO NAVIDAD MEDIANA,18,30.366
50128886,BOLSA DE REGALO MERLETTO NAVIDAD VINO 1,18,25.053
50128887,ETIQUETAS DE REGALO MERLETTO NAVIDAD D,18,36.67239407
50128888,BOLSA DE REGALO MERLETTO CUMPLE MEDIANA,18,37.31421285
50128978,SABRITAS RECETA CRJ FLAMIN HOT 57 GR,18,33.75317243
50128986,VELA LUXURY CON CORCHO ORANGE,18,110.103
50128987,VELA LUXURY CON CORCHO VANILLA,18,110.103
50128989,MANTA TEJIDA GRIS,18,1025.157
50128990,MANTA TEJIDO PUNTA VERDE,18,1060.836
50128995,COJIN INDIVIDUAL GRIS,18,340.7610862
50128999,VELA DE PARAFINA CON AROMA,18,92.05866102
50129000,VELA DE PARAFINA CON AROMA,18,92.379
50129001,JUEGO DE VELAS DORADAS,18,50.61
50129002,CASCANUECES SURTIDO 2 PZ,18,307.545
50129003,CINTAS SURTIDAS DE NAVIDAD,18,88.07123209
50129004,CINTA DISENO SANTA CLAUS,18,212.3787514
50129005,BOLAS DORADAS SURTIDAS 3 PZ,18,145.53
50129006,BOLAS DECORATIVAS SURTIDAS 4 PZ,18,210.714
50129007,SANTA COLGANTE DECORATIVO,18,100.4264211
50129008,SANTA DORADO DECORATIVO,18,328.419
50129009,TAZA CON DISENO SURTIDA 4 PZ,18,55.041
50129010,DIADEMA NAVIDENA CON LUCES,18,74.48111272
50129011,TAZA INDIVIDUAL ROJA,18,211.344
50129018,PANTUFLA CALZATURA PARA DAMA GRIS T CH,18,342.3
50129019,PANTUFLA CALZATURA PARA DAMA GRIS T M,18,342.3
50129020,PANTUFLA CALZATURA PARA DAMA GRIS T G,18,342.3
50129021,PANTUFLA CALZATURA CABALLERO MARINO T CH,18,342.3
50129022,PANTUFLA CALZATURA CABALLERO MARINO T M,18,342.3
50129023,PANTUFLA CALZATURA CABALLERO MARINO T G,18,342.3
50129072,GATORADE PONCHE 600 ML TP PET 6,18,38.052
50129096,PACK 3 PARES TIN BLANCO UNISEX,18,56.7
50129097,PACK 3 PARES TOBI LOS 3 BASICOS,18,56.7
50129098,PACK 6 LIGA DONA NEGRA,18,14.7
50129099,PACK 6 LIGA DONA ESCOLARES,18,14.7
50129112,JAMAICA CON CHILE Y LIMON 40G,18,38.85
50129200,CRAYON TRICOLOR FACIAL,18,20.58289195
50129201,PALIACATE SURTIDO,18,67.641
50129203,BANDERIN VIVA MEXICO,18,37.905
50129204,GUIRNALDA DE PAPEL PICADO,18,89.775
50129278,BIGOTE VIVA MEXICO,18,30.933
50129279,GLOBO MET NUMBER 0 SILVER SHAPE AN,18,58.8
50129282,GLOBO MET NUMBER 7 SILVER SHAPE AN,18,58.8
50129283,GLOBO MET NUMBER 9 SILVER SHAPE AN,18,58.8
50129284,GLOBO MET ESTRELLA SILVER 22IN,18,16.191
50129285,GLOBO MET ESTRELLA GOLD 22IN,18,16.191
50129286,GLOBO MET CORAZON ROJO 18IN,18,13.062
50129287,TATUAJES TEMPORALES HALLOWEEN,18,49.875
50129288,DIADEMA DE FOLRES CON VELO DMU,18,126.693
50129290,BANNER GLITTER HALLOWEEN,18,86.982
50129291,ESPIRAL METALICO DIA MUERTOS 3PZ,18,49.875
50129292,PAPEL PICADO CHICO 12PZ,18,38.703
50129293,GUIRNALDA DE PAPEL PICADO,18,68.838
50129294,BANNER BANDERILLAS HAPPY HALLOWEEN,18,49.875
50129295,ADORNO COLGANTE ESPIRAL 3PZ,18,33.117
50129296,BANNER MOVIL HALLOWEEN,18,52.479
50129297,FIGURAS MOVILE 3 PZ DIA MUERTOS,18,51.471
50129414,VASO FIESTA C/8 PZ SANTA AND FRIENDS,18,49.896
50129415,PLATO PASTEL  C/8 PZ SANTA AND FRIENDS,18,38.955
50129416,MANTEL GEN PQ/6 SANTA AND FRIENDS,18,108.297
50129417,ESPIRALES METALICOS  C/3 PIEZAS NAVIDAD,18,60.06
50129418,ADORNOS ESPIRALES C/3 ANO NUEVO,18,82.404
50129419,BANNER MOV JUM METALICO,18,65.835
50129420,KIT ANIO NUEVO INDIVIDUAL  MUJER ORO,18,53.865
50129421,GORRO DE SANTA,18,18.963
50129422,GORRO DUENDE NAVIDAD,18,66.843
50129423,DIADEMA DE CUERNOS  COMBINADA,18,46.893
50129424,DIADEMA HAPPY NEW YEAR,18,58.863
50129425,GUIRNALDA MOVIL SUAJ  SANTA AND FRIENDS,18,59.472
50129576,GOMITAS SABORES SURTIDOS DE CUPCAKE,18,46.2
50129577,GOMITAS SABORES SURTIDOS DE DINOSAURIOS,18,46.2
50129578,GOMITAS SABORES SURTIDOS DE FRUTAS,18,46.2
50129579,GOMITAS SABORES SURTUDIS DE BLOQUES,18,46.2
50129706,BBS BAL TY CAESAR LEON,18,145.11
50129709,BBS BAL TY HARMONIE UNICORN,18,145.11
50129710,BBS BAL TY MUNCHKIN PERRO,18,145.11
50129711,BBS BAL TY TANNER PERRO,18,158.886
50129712,BBS BAL TY COLBY RATON,18,145.11
50129717,PERFILADOR DE CEJA 3PZ INNER 48 C/296,18,60.9
50129718,STICKERS PARA GRANITOS C/2500,18,50.4
50129719,ESPEJO AUMENTO 5x PINZAS DEPILAR C/288,18,65.1
50129720,PINZA PARA CABELLO C/500,18,63
50129721,LAMINAS ANTIBRILLO c/1040,18,22.05
50129722,30 TOALLITAS CARBON C/48,18,48.888
50129723,30 TOALLITAS BABA DE CARACOL C/48,18,48.888
50129724,PARCHE RELAJANTE SANDIA c/260,18,48.888
50129725,PARCHE DE HIDROGEL C/320,18,37.8
50129726,KIT 3pz ESPONJA MAQUILLAJE FRESA C/270,18,115.5
50129727,MASCARILLA COLAGENO EN GEL P.ROSAS C/600,18,42
50129728,MASCARILLA COLAGENO PETA MANZALLA C/600,18,42
50129729,GOOD LIPS CEREZA C/576,18,38.85
50129730,PEINE OVALADO AZUL C/240,18,84
50129731,RIMEL PRIDE C/208,18,54.6
50129732,LIMA PARA UNAS C/750,18,23.1
50129733,KIT DE BOTELLA ATOM VIAJE 2PZS CH C/120,18,23.1
50129734,COPOS DE JABON DESECHABLE C/700,18,18.06
50129736,GOOD LIPS FRESA C/576,18,38.85
50129738,EFECTO ESPEJO LUZ LED C/200,18,90.3
50129739,SANITIZANTE MORA AZUL 50 ML,18,44.352
50129740,SANITIZANTE SANDIA 50 ML,18,44.352
50129741,SANITIZANTE UVA 50 ML,18,44.352
50129742,SANITIZANTE MANGO 50 ML,18,44.352
50129805,METAL TUMBLER 650 ML COWBOYS,18,629.895
50129806,METAL TUMBLER 650 ML STEELERS,18,629.895
50129807,METAL TUMBLER 650 ML PATRIOTS,18,629.895
50129808,METAL TUMBLER 650 ML 49S,18,629.895
50129809,METAL TUMBLER 650 ML PACKERS,18,629.895
50129810,METAL TUMBLER 650 ML DOLPHINS,18,629.895
50129811,METAL TUMBLER 650 ML CHIEFS,18,629.895
50129812,METAL TUMBLER 650 ML RAMS,18,629.895
50129813,PARTY CUP PERLA COWBOYS,18,118.335
50129814,PARTY CUP PERLA CHIEFS,18,118.335
50129815,PARTY CUP PERLA PATRIOTS,18,118.335
50129816,DELINEADOR DOBLE INDELEBLE N 48PZ C/576,18,61.53
50129927,SKWINKLES CHUNK PEGBAG 1/12 130G,18,89.985
50129928,SKWINKLES RELLENOS SANDIA 24/12 26G,18,17.36874551
50129929,LUCAS GOMITAS MANGO PEGBAG CS 130G,18,89.985
50129930,LUCAS GOMITAS SANDIA PEGBAG CS 130G,18,89.985
50129931,NUTELLA B READY 22G,18,27.718359
50129932,SPINNERS MINECRAFT S1 CHICKEN,18,178.5
50129933,SPINNERS MINECRAFT S1 STEVE,18,178.5
50129934,SPINNERS MINECRAFT S1 CREEPER,18,178.5
50129935,SPINNERS SONIC SONIC,18,178.5
50129936,MINECRAFT SQUISHME S4,18,178.5
50129937,SONIC SQUISME S1,18,178.5
50129986,MAZAPAN CHOCOLATE 22 G,18,7.04183057
50130244,GALLETA AVELLANA 34G MY MOTTO,18,21.882
50130245,GALLETA CHOCOLATE 34G MY MOTTO,18,21.882
50130246,GALLETA VAINILLA 34G MY MOTTO,18,21.882
50130483,CASE JASON NAYLOR 2 PIEZAS,18,457.296
50130484,CONAIR ORGANIZADOR PORTATIL,18,457.296
50130485,COSMETIQUERA NEGRA CON ASA BASICS,18,226.716
50130486,TAZA DE CAFE FIBRA DE BAMBOO RIVELO,18,362.418
50130487,RIVELO 304 CLASSIC,18,568.428
50130488,BOLSA TERMICA RIVELO,18,237.867
50130526,BOLSA PLASTICO ZIPLOC SANDWICH C/100 PZA,18,189.42
50130545,PILAS ALCALINAS AA PACK 4,18,51.88474493
50130546,PILAS ALCALINAS AAA PACK 4,18,46.179
50130547,PILAS RECARGABLES AA PACK 4,18,57.708
50130562,DIFUSOR DE AROMAS LED,18,348.138
50130571,CANDADO MIAMI NEGRO 2 LLAVES,18,133.539
50130572,CANDADO MIAMI NEGRO COMBINACION,18,171.192
50130573,SET PORTAPASAPOTE GRIS MIAMI RFID,18,202.02
50130574,SET PORTAPASAPORTE 80S,18,202.02
50130575,PAR BOTELLAS VIAJE AZUL SILICON,18,202.02
50130576,PAR BOTELLAS VIAJE ROSA SILICON,18,202.02
50130577,KIT ORGANIZADORES MALETA NEGROS,18,308.154
50130578,SET 2 ETIQUETAS DE VIAJE,18,102.711
50130579,SET 2 ETIQUETAS DE VIAJE COLOR,18,102.711
50130580,ALMOHADA DE VIAJE MEMORY FOAM,18,239.673
50130581,ALMOHADA DE VIAJE NEGRA U,18,323.4424626
50130582,SET PASAPORTE COLOR LLAMAS,18,202.02
50130597,MOCHILA VERDE NYLON BEARPAW,18,1097.733
50130598,MOCHILA NEGRA NYLON BEARPAW,18,968.583
50130599,MOCHILA MARRON NYLON BEARPAW,18,484.302
50130600,BANDOLERA VERDE MULTI ZIP,18,581.154
50130601,CROSSBODY BEARPAW CH,18,626.346
50130602,CROSSBODY BEARPAW MARRON CH,18,778.3713221
50130603,CARTERA NEGRA DOBLE ZIP,18,387.429
50130604,CARTERA CREMA DOBLE ZIP,18,626.346
50130605,CARTERA GRIS DAISY FUENTES,18,387.429
50130606,TERMO NEON NEGRO 1.18L 40 OZ,18,484.302
50130607,TERMO NEON BLANCO 1.18 L 40 OZ,18,290.577
50130608,MOCHILA NEGRA BEARPAW FULL SIZE,18,1149.729
50130609,PURIFY PALILLOS DENTALES 200 PCS,18,175.8064619
50130610,PURIFY BOTELLA SPRAY,18,185.976
50130669,PRETZEL CON CHOCOLATE BREMEN 130G,18,131.6464517
50130777,ESPEJO BRITISH BLOOM,18,163.1671525
50130799,PARIS MINI ROMPECABEZAS,18,175.329
50130800,THE WIZARD'S LIBRARY 50,18,558.936
50130801,EYELIKE STICKERS: DINOSAURS,18,197.925
50130802,LEGO MINIFIGURE PUZZLE,18,617.778
50130803,LEGO BRICK BOTANICALS 1000 PIECE PUZZLE,18,617.778
50130890,GALLETAS PRINCIPE 10+2,18,33.11368254
50130935,Hub Adaptador Usb 3 A 4 Usb 3,18,493.5
50131296,DIFUSOR DE ESCRITORIO RAINBOW,18,174.426
50131300,DIFUSOR DE ESCRITORIO DISCO,18,174.426
50131314,PASTILLERO PLANEADOR SEMANAL,18,34.839
50131315,PASTILLERO PLANEADOR SEMANAL DISPENSADOR,18,51.765
50131316,CACAHUATE ENCHILADO NISHIKAWA 70g,18,24.62958518
50131317,TAPON MINI 50G,18,36.42086311
50131318,SNACK BITES C/TAJIN SINGLE PACK 105G,18,112.707
50131319,WINIS BOLO,18,49.9354704
50131320,PRINGLES QUESO 40G,18,42.73223077
50131321,AII EXPLOTADA CARAMELO 8/95g,18,43.1261766
50131322,AII EXPLOTADA CHILE LIMON 8/50g,18,43.05890111
50131323,AII EXPLOTADA QUESO 8/45g,18,43.69995362
50131377,SPARKLERS HAPPY B DAY LETRAS NEGRAS,18,47.25
50131403,ESPONJA MANGO 1 PIEZA C720,18,46.2
50131404,POLVO DE ARROZ FCK FILTERS BANANA C144,18,102.9
50131405,PALO DE ABSORCION PIEDRA VOLCANICA C108,18,50.4
50131406,SACAPUNTAS DUO C500,18,29.4
50131407,GEL PARA CEJA C24,18,36.939
50131408,TOALLITAS HUMEDAS EN BOTE 30 PIEZAS C240,18,40.95
50131409,DUO ESPONJA TRIANGULAR C720,18,25.2
50131410,CREMA PARA MANOS BANANA C108,18,39.837
50131412,KIT MANICURE 5 PIEZAS CHICO C200,18,33.6
50131413,CUBRE PEZON DE SILICONA GRANDE,18,80.85
50131474,BOLSA REUTILIZABLE AMARILLA OFFICE MAX,18,11.13
50131608,PUREZA CAJA 16 SOBRES 19.2 GRAMOS,18,189.882
50131609,ANOCHECER CAJA 16 SOBRES 19.2 GRAMOS,18,189.882
50131610,BIENESTAR CAJA 16 SOBRES 19.2 GRAMOS,18,189.882
50131611,SERENIDAD CAJA 16 SOBRES 19.2 GRAMOS,18,189.882
50131612,BUEN PROVECHO CAJA 16 SOBRES 19.2 GRAMOS,18,189.882
50131613,ESENCIA DEL ALMA CAJA 16 SOBRES 19.2 GR,18,189.882
50131614,AIRE VITAL CAJA 16 SOBRES 19.2 GRAMOS,18,189.882
50131615,CAJA SURTIDA 18 SOBRES 21.6 GRAMOS,18,214.2
50131616,KIT TAZA Y MIEL CON 7 SOBRES,18,467.25
50131618,TOALLITA HUM ANTIBACTERIAL ESCUDO C50,18,57.54
50131683,BATERIA BOSCH GBA 18V,18,1794.177
50131684,BODY SPLASH 100ML Y GLOSS 8ML STITCH SAC,18,199.5
50131685,SET COSMETICOS 7 PIEZAS STITCH SAC,18,178.5
50131686,KIT PARA UNAS STITCH SAC,18,163.8
50131806,MEMBRESIA MAX INDIVIDUAL,18,82.9416
50131807,MEMBRESIA MAX FAMILIAR,18,99.75
50131808,MEMBRESIA MASCOTA,18,145.257
50131810,MEMBRESIA MAX PLUS INDIVIDUAL,18,183.75
50131842,PAPAS FRITAS CON A DE COCO 40GR ZUMITAM,18,33.6
50131843,PAPAS CON A DE AGUACATE 142GR ZUMITAM,18,88.2
50131844,PAPAS CA DE AGUACATE FIRE 142GR ZUMITAM,18,88.2
50131854,JGO DE 2 TARROS C CUCHARA STICH Y ANGEL,18,207.9
50131855,TARRO DE CERAMICA DE SNOOPY CON CAJA,18,103.95
50131856,TARRO BELLY DE CERAMICA STITCH 900 ML,18,151.2
50131857,TARRO BELLY DE CERAMICA HELLO KITTY 900,18,151.2
50132083,LETRERO BANDERILLAS GRADUACION,18,38.85
50132084,CORTINA METALICA ORO,18,88.788
50132085,CORTINA METALICA NEGRO,18,88.788
50132086,CAKE TOPER HAPPY BDY DORADO,18,58.8
50132087,CAKE TOPER FELIZ CUMPLE PLATA,18,58.8
50132088,PLATO PASTELERO  6 PIEZAS STITCH,18,52.626
50132089,MANTEL RECTANGULAR  STITCH,18,147.546
50132090,LETRERO MOVIL STITCH,18,70.938
50132257,GORRA AZUL STITCH HAWAI BLINK,18,451.71
50132258,GORRA AZUL STITCH ABRAZO BLINK,18,451.71
50132259,GORRA VERDE STITCH HOLA BLINK,18,451.71
50132260,GORRA BEIGE STITCH HELADO BLINK,18,542.22
50132297,BRAZALETE STITCH OHANA DISNEY 1PZ,18,298.2
50132298,ARETES STITCH HOJA Y FLOR  DISNEY 3 PAR,18,298.2
50132299,SET ARETES COLLAR STITCH FLOR ROJ DISNEY,18,216.3
50132300,PULSERA LILO Y STITCH PURPURA DISNEY,18,216.3
50132301,ARETES DE LILO Y STITCH 3 PARES DISNEY,18,248.85
50132302,COLLAR LILO Y STITCH CADENA ROSA DISNEY,18,298.2
50132373,MR BEAST MILK CHOCOLATE ALMOND 60G,18,96.6
50132374,MR BEAST MILK CHOCOLATE 60G,18,96.6
50132375,AMOS GOMITAS PEELERZ MANGO,18,58.8
50132376,AMOS GOMITAS SURTIDAS PEELERZ BANANA,18,58.8
50132377,BEAN BOOZLED BOX 3.5OZ,18,306.6
50132378,XBELTS RAINBOW 12X18X57GRS DISPLAY MX,18,35.7
50132390,CACAHUATE HORNEADO 250G,18,71.4
50132392,THE LONG ONE DISPLAY PZ,18,24.15
50132393,CAZARES CLASICO CON CHILE 35Gr,18,14.8554476
50132394,IPOP THUMB DIPPERS 40G,18,47.376
50132395,DISCO CANDY CON LUZ,18,49.707
50132396,SKW MAS PINA TAMARINDO,18,22.08258157
50132397,SKWINKLOTE SANDIA 40G,18,35.07567323
50132398,LUCKY GUMMYS TIBURONES 96G,18,27.762
50132399,GOMA DE MASCAR JUICY FRUIT 37.5G,18,48.53910909
50132400,MINI OREO GALLETAS,18,86.457
50132401,PELONETE,18,19.53938838
50132404,BARCELTAKIS FUEGO 56G,18,22.512
50132405, BARCEL TAKIS ORIGINAL 56G,18,22.512
50132406,BARCEL CHIPS SAL 42G,18,31.269
50132407, BARCEL CHIPS FUEGO 42G,18,31.269
50132409,BARCEL TAKIS BLUE HEAT,18,23.331
50132410,PROVIDENCIA VA-K-NINO 200 G,18,94.374
50132560,SUDADERA STITCH AZUL MARINO CON CAPUCHA,18,462
50132640,BQT DE GLOBOS STITCH,18,216.678
50132641,GLOBO 17IN STITCH,18,34.482
50132642,GLOBO LARGE SHAPE STITCH,18,85.365
50132749,PIXAR PETIT 7,18,357
50132750,DISNEY PELUCHE LLAVERO INTERACTIVO,18,302.4
50132751,SANRIO PELUCHE CHICO,18,357
50132752,FLEXORS CRYSTAL MONSTERS,18,275.1
50132753,FLEXORS FIGURA FOOD BEASTS,18,220.5
50132754,PEANUTS PELUCHE CORE,18,357
50132775,ORBZ MET PAINTERLY DOTS BIRTHDAY ORBZ,18,98.87253191
50132778,17C MET SATIN HAPPY BIRTHDAY CAKE,18,34.629
50132779,17C MET CONFETTI SPRINKLE BIRTHDAY STAND,18,30.282
50132780,STDSHP MET COOL KITTY,18,30.282
50132783,24C GB FELICIDADES SILUETAS,18,37.59
50132784,AN04RND2JBO-HO-RADIANT BIRTHDAY,18,101.367
50132785,LRG SHP MET SATIN PAINTERLY DOTS BDAY,18,88.788
50132787,ORBZ MET BLACK MARBLEZ,18,95.30140838
50132788,ORBZ MET BLUE MARBLEZ,18,94.584
50132789,ORBZ MET PURPLE MARBLEZ,18,95.77290135
50132790,18C MET YUHU LO LOGRASTE DORADO,18,30.282
50132791,18H MET TE AMO MAMA IRIS,18,30.282
50132793,LRGSHP MET FELIZ DIA MAMA BOTANICAL LINE,18,77.637
50132837,DISNEY STITCH IN COSTUME,18,592.2
50132965,VASO FIESTA 6 PIEZAS STITCH,18,60.27
50132966,VELA MAGICA 6 PIEZAS STITCH,18,59.43
50132991,PALITOS DE GALLETA COBERTURA CHOCOLATE,18,33.39
50132992,PALITOS DE GALLETA COBERTURA SABOR FRESA,18,33.39
50132993,PALITOS DE GALLETA COBERTURA SABOR CYC,18,33.39
50132995,PALITOS DE GALLETA CON COBERTURA  MATCHA,18,27.09
50133022,TAZAS DE VIDRIO STITCH GAIRET,18,54.6
50133023,TOALLAS HUMEDASSTITCH DE 80PZ GAIRET,18,48.3
50133036,PALITOS DE GALLETA COBERTURA MORA AZUL,18,33.39
50133135,HAPPY SWING KAKAO 1CJ/16PZ 150GR,18,84
50133136,HAPPY SWING VAINILLA 1CJ/16PZ 150GR,18,84
50133138,NERD RAINBOW 1CJ/12PZ 141.7GR,18,94.5
50133139,TAMA-VASO CHAMOY 1CJ/16BOL/8PZ 150GR,18,31.5
50133140,MINI TACORINDO MANGO 30DISP/12PZ 35GR,18,14.7
50133154,TARJETA DE FELICITACION CUMPLE C1,18,20.517
50133155,TARJETA DE FELICITACION CELEBRACION C1,18,20.517
50133156,SOBRE Y TARJETA GIFT CARD ESTAMPADO C5,18,72.429
50133170,SQUISHY HELLO KITTY V3,18,161.7
50133171,SQUISHY BIG HELLO KITTY,18,323.4
50133172,SQUISHY BABY GARFIELD,18,161.7
50133173,SQUISHY BOB ESPONJA,18,161.7
50133174,SQUISHY STITCH V2,18,161.7
50133175,"""SQUISHY JAM",18,115.5
50133330,BOLSA NON WOVEN FULL COLOR STITCH,18,30.45
50133408,NERDS SANDIA Y CEREZA 46.7GR,18,57.75
50133409,NERDS UVA Y FRESA  46.7GR,18,57.75
50134021,PACK 3 SCRUNCHIES COLORES ROSAS Y LILAS,18,44.1
50134022,PACK 3 SCRUNCHIES PLATA NEGRO Y BLANCO,18,44.1
50134023,PACK 3 PARES TOBI GRIS JASPE,18,56.7
50134275,TARRO 11 OZ STITCH,18,102.9
50134277,VASO MINNIE CON OREJAS 700 ML,18,186.9
50134278,JUEGO DE TARROS CERAMICA MICKEY Y MINNIE,18,207.9
50134283,ASSORTMENT TY BALL,18,1906.632
50134284,ASSORTMENT TY REGULAR,18,2484.468
50134535,PRIME HYDRATION PALETA HELADA,18,57.288
50134536,PRIME HYDRATION LIMONADA,18,57.28931579
50134538,PRIME HYDRATION FRAMBUESA AZUL,18,57.288
50134632,PILA ALCALINA DURACELL PC1400,18,98.28
50134634,EXFOLIANTE PARA LABIOS,18,32.592
50134635,GEL HIDRATANTE ALOE,18,28.98
50134636,ANTIFAZ DE HIELO PARA OJOS,18,42
50134637,RIMEL CRAZY SEX ACEITE DE UVA,18,56.49
50134638,PASADORES PARA CABELLO NEGROS,18,30.45
50134639,JUEGO DE BROCHAS EN VASO,18,56.7
50134640,COTONETE DE BOTE,18,19.74
50134641,CREMA CORPORAL POP LIFE 200 ML,18,31.668
50134642,BANNER CARTAS PQ6 LOTERIA MEXICANA,18,67.2
50134643,MANTEL GEN PQ6 FIESTAS PATRIAS,18,126.546
50134644,CAMPANA TRICOLOR GRANDE  PQ6,18,79.611
50134645,ADORNO FIGURA GDE PQ12 VIVA MEXICO,18,36.813
50134646,ADORNOS ESPIRAL C C3 PQ6 VIVA MEXICO,18,80.493
50134647,BOTELLA DECORATIVA C3 PQ6 GRANDE,18,129.15
50134648,ADORNOS MOVILES GDE PQ6 AGUILA,18,94.332
50134649,COLLAR C12 SHOT,18,31.5
50134654,ADORNO GDE PQ12 LETRERO DE MUERTOS,18,36.813
50134655,ADORNO FIGURA GDE PQ12 ALTAR MUERTOS 2,18,38.05910769
50134656,ADORNO GDE PQ12 DRACULA Y CALABAZA,18,36.813
50134657,BANDERIN MOVIL COLGANTE G PQ6 D MUERTOS,18,54.6
50134658,ADORNO PUERTA PQ6 CATRINA CEMPAZUCHITL,18,83.74772368
50134659,BOLSA DULCERA BOND G C10 P6 CALABAZA,18,67.85268
50134660,BOLSA DUL BOND G C10 P6 FRANKESTEIN,18,63.84
50134661,BOLSA DUL BOND ASA G C8 PQ6 GRANMARK,18,107.73
50134662,MANTEL GEN PQ6 HAPPY HALLOWEEN,18,102.9
50134663,MANTEL GEN PQ6 DIA DE MUERTOS,18,104.3252078
50134664,FIG MOVIL JUM PUERTA  PQ6 150CM SURTIDO,18,91.33809278
50134665,PAPEL PICADO GRANDE C12 PQ6,18,61.81015284
50134666,CORTINA METALICA  PQ12 CALAVERAS,18,68.838
50134667,TELARANA 60G PQ6,18,64.848
50134670,PARAGUAS DE BOLSILLO 8 GAJOS CON LOGO,18,138.852
50134674,CORTADOR DE PASTILLAS CON PASTILLERO,18,62.622
50134677,CORTAUNAS DE LUJO PARA MANOS Y PIES,18,71.085
50134732,SET DE JUEGOS 3 EN 1 JURASSIC W DOMINION,18,163.8
50134733,SET DE JUEGOS 3 EN 1 GABBYS DOLLHOUSE,18,163.8
50134734,BARAJA ESPANOLA FOURNIER CAJA DE CARTON,18,136.5
50134735,BARAJA POKER BICYCLE STANDARD CAJA CARTO,18,130.2
50134736,MEMORIA TORRE JURASSIC WORLD DOMINION,18,117.6
50134737,MEMORIA TORRE BLUEY CAJA DE CARTON,18,117.6
50134738,DOMINO EN TIN BLUEY,18,273
50134740,DOMINO DRAGON BALL SUPER 28 FICHAS TIN,18,273
50134742,CANDY POP MM MINIS POPCORN 28GR,18,48.3
50134743,COOKIE POP OREO POPCORN 28GR,18,48.3
50134744,CANDY POP TWIX POPCORN 28GR,18,48.3
50134795,PEANUTS PELUCHE CORE 12 IN SENTADO,18,585.9
50134797,MINECRAFT PELUCHE CORE 7 IN,18,357
50134799,MINECRAFT ANIMALS PELUCHE CORE 7 IN,18,357
50134809,SOMBRA EN BARRA 08 BRUMA,18,136.857
50134810,SOMBRA EN BARRA 05 LACANDONA,18,136.857
50134811,SOMBRA EN BARRA 09 HOJARASCA,18,136.857
50134812,DELINEADOR RETRACTIL LABIOS 08 EL ROJO,18,68.439
50134813,DELINEADOR RETRACTIL LABIOS 01A NATURAL,18,68.439
50134814,DELINEADOR RETRACTIL LABIOS 06A PETALO B,18,68.439
50134815,DELINEADOR RETRACTIL LABIOS 02 CANELA BS,18,68.439
50134816,DELINEADOR RETRACTIL LABIOS 05 ROSAL BS,18,68.439
50134817,SOMBRA INDIVIDUAL OBSIDIANA BISSU,18,60.837
50134818,DELINEADOR LIQUIDO NEGRO BISSU,18,98.847
50134819,DELINEADOR LIQUIDO 02 BROWN BISSU,18,98.847
50134820,CORRECTOR LIQUIDO BISCOTTI 05 BISSU,18,86.163
50134821,CORRECTOR LIQUIDO POLVORON 04 BISSU,18,86.163
50134822,CORRECTOR LIQUIDO OBLEA 03 BISSU,18,86.163
50134823,BRILLO LABIAL MAGICO UVA BS,18,98.847
50134824,BRILLO LABIAL MAGICO SANDIA BS,18,98.847
50134825,LIP OIL 04 JAMAICA BS,18,98.847
50134826,LIP OIL 06 CHABACANO BS,18,98.847
50134827,LIP OIL 01 VAINILLA BS,18,98.847
50134828,BRILLO LABIAL GLITTER 05 NEBULOSA BS,18,88.704
50134829,BRILLO LABIAL GLITTER 02 POLVO ESTELAR,18,88.704
50134830,BRILLO LABIAL 03 LUMINOSA BS,18,78.561
50134831,BRILLO LABIAL 08 LUZ BS,18,78.561
50134832,BRILLO LABIAL 07 ESPLENDOROSA BS,18,78.561
50134833,BRILLO LABIAL 10 INCANDESCENTE BS,18,78.561
50134834,SOMBRA QUINTETO CREO EN MI 07 BS,18,88.704
50134835,SOMBRA QUINTETO SOY VALIENTE 09 BS,18,88.704
50134836,SOMBRA QUINTETO  DEJAR IR 13 BS,18,88.704
50134837,ESMALTE MERLOT BISSU,18,50.694
50134838,ESMALTE TOP COAT BISSU,18,50.694
50134839,ESMALTE ARTICO BISSU,18,50.694
50134840,ESMALTE NEGRO BISSU,18,50.694
50134841,ESMALTE MF3 1 BISSU,18,50.694
50134842,ESMALTE TIERNA SONRISA 15ML BS,18,50.694
50134843,MAQUILLAJE COMPACTO 6 NATURAL BEIGE,18,147
50134844,MAQUILLAJE COMPACTO CARAMEL BISSU,18,147
50134845,MAQUILLAJE COMPACTO ALMOND,18,147
50134846,MAQUILLAJE COMPACTO SHELL BEIGE BISSU,18,147
50134847,TINTALINE OJOS NEGRO BISSU,18,93.786
50134848,DELINEADOR PLUMIN CAFE MATE BISSU,18,108.99
50134849,DELINEADOR PLUMIN NEGRO MATE BISSU,18,108.99
50134850,LAPIZ PARA CEJAS MOKACCINO BISSU,18,141.939
50134851,LAPIZ PARA CEJAS CARIBENO BISSU,18,141.939
50134852,CORRECTOR EN LABIAL YELLOW BISSU,18,43.092
50134853,PALETA DE CONTORNO 01 BISSU,18,169.806
50134854,PALETA PARA ROSTRO LA DE CAJON 02 BS,18,169.806
50134855,RUBOR LIQUIDO 07 CHISMECITO BS,18,121.653
50134856,RUBOR LIQUIDO 05 ALMA GEMELA BS,18,121.653
50134857,RUBOR LIQUIDO 06 COMADRE BS,18,121.653
50134858,RUBOR LIQUIDO 04 PINKY PROMISE BS,18,121.653
50134859,RUBOR PETALO BISSU,18,73.5
50134860,RUBOR CORAL BISSU,18,73.5
50134861,RUBOR DURAZNO BISSU,18,73.5
50134862,RUBOR TERRACOTA BISSU,18,73.5
50134863,ILUMINADOR ARIES 01 BISSU,18,81.123
50134864,POLVO FIJADOR BISSU,18,136.857
50134865,LABIAL MATE 8 MARRUECOS BISSU,18,65.877
50134866,LABIAL HUMECTANTE TULA 3 BISSU,18,55.776
50134867,LABIAL MATE 23 PARIS BISSU,18,65.877
50134868,LABIAL MATE 30 LIMA BISSU,18,65.877
50134869,LABIAL MATE 1 MILAN BISSU,18,65.877
50134870,LABIAL HUMECTANTE HUAMANTLA 14 BISSU,18,55.776
50134871,LABIAL MATE 3 ESTAMBUL BISSU,18,65.877
50134872,LABIAL MATE 4 TORONTO BISSU,18,65.877
50134873,MAQUILLAJE LIQUIDO PINON BISSU,18,207.837
50134874,MAQUILLAJE LIQUIDO AVENA BISSU,18,207.837
50134875,MAQUILLAJE LIQUIDO AMARETTO BISSU,18,207.837
50134876,MAQUILLAJE LIQUIDO VAINILLA BISSU,18,207.837
50134877,PRIMER ILUMINADOR LUNAR BS,18,164.724
50134878,PRIMER ILUMINADOR EQUINOCCIO BS,18,164.724
50134879,RIZADOR PARA PESTANAS MORADO TL,18,83.685
50134880,RIZADOR PARA PESTANAS NEGRO TL,18,56.721
50134881,SUPER KIT PARA CEJAS Y PESTANAS TL,18,131.922
50134882,PESTANAS IRREVERENTE FUERTE TRUE LASHES,18,67.074
50134883,PESTANAS IRREVERENTE FABULOSA TRUE LASH,18,67.074
50134884,RIMEL MAXI CTAPA BLISTER,18,78.918
50134885,RIMEL SILICON PROFESIONAL 13 G BLISTER,18,78.918
50134886,RIMEL PROFESIONAL 13 G TAPA BLISTER,18,78.918
50134887,RIMEL MICROFIBRAS BLISTER,18,78.918
50134888,RIMEL SILICON MAXI 13 G BLISTER,18,78.918
50134889,RIMEL CRYSTAL TRATAMIENTO EN GEL,18,75.726
50134890,DELINEADOR 4 EN UNO CBLISTER 10 G,18,75.726
50134891,RIMEL 4 EN UNO CBLISTER 14 G,18,75.726
50134892,TINTERO 4 EN UNO NEGRO BLISTER,18,67.83
50134893,FIJADOR MAQ SETTING SPRAY COCO BC,18,179.445
50134894,CORRECTOR COBERTURA COMPLETA C05 BC,18,228.396
50134895,CORRECTOR COBERTURA COMPLETA C11 BC,18,228.396
50134896,LIPGLOSS ULTRA DAZZLE BERRY DAZZLE 04 BC,18,163.149
50134897,LIPGLOSS ULTRA DAZZLE PRETTY GIRL 01 BC,18,163.149
50134898,BALSAMO DE LABIOS LINDO FRAMBUESA BC,18,195.762
50134899,BALSAMO DE LABIOS CUTE CHERRY BC,18,195.762
50134900,RUBOR EN CREMA STAY BLUSHING CUTE SHES,18,195.762
50134901,RUBOR EN CREMA STAY BLUSHING CUTE SNEVER,18,195.762
50134902,PH ACEITE PARA LABIOS AMANTE EL BC,18,130.515
50134903,PH ACEITE PARA LABIOS BASTANTE BONITA BC,18,130.515
50134904,TRATAMIENTO TINTA DE LABIOS SWEET FRESA,18,195.762
50134905,TRATAMIENTO TINTA DE LABIOS BERRY BERRY,18,195.762
50134906,TRATAMIENTO TINTA DE LABIOS ONE MELON,18,195.762
50134907,RUBOR LIQUIDO OK CORAL BC,18,233.058
50134908,RUBOR LIQUIDO DUSTY MAUVE BC,18,233.058
50134909,RUBOR LIQUIDO MAUVELOUS BC,18,233.058
50134910,ACEITE DE LABIOS TINTA BRILLO LUXE PINK,18,201.978
50134911,ACEITE DE LABIOS TINTA BRILLO LUXE SUGAR,18,201.978
50134912,ACEITE DE LABIOS TINTA LUXE RED,18,201.978
50134959,SABRITAS ADOB GD 2 42GRX50X1,18,31.52838927
50134960,SABRITAS CYE GD 44GRX50X1,18,33.1902
50134961,SABRITAS FH GD 44GRX50X1,18,31.46545161
50134963,SABRITAS LIMON GD 42GRX50X1,18,32.0934204
50134964,SABRITAS SAL GD 42GRX50X1,18,31.38475475
50134967,CENEFA PLASTICA 5 METROS,18,50.19
50134968,LETREROS PARA TODA OCASION 1 PIEZA,18,20.79
50134969,ANTIFAZ 1 PIEZA,18,11.55
50134970,CUERNOS DE MALEFICA 1 PIEZA,18,75.39
50134971,KIT GATO,18,54.39
50134972,KIT DIABLO 1 KIT,18,54.39
50134973,MAQUILLAJE FANTASIA 6 COLORES,18,39.69
50134974,GORRO DE BRUJA 1 PIEZA,18,35.49
50134975,POLVO BANANA BC,18,103.089
50134976,MAQUILLAJE COMPACTO 3 BC,18,261.03
50134977,MAQUILLAJE COMPACTO 7 BC,18,261.03
50134978,MAQUILLAJE LIQUIDO 3 BC,18,309.96
50134979,MAQUILLAJE LIQUIDO 4 BC,18,309.96
50134991,MINI JELLY HUEVITO,18,10.5
50135014,VASO PLASTICO PARTY IS ON MIX MULTI 12,18,83.874
50135015,PLATO PLASTICO PARTY IS ON MIX MULTI 7,18,83.79
50135016,ESPUMPARTY IS ON 250 ML,18,38.745
50135017,GLOBO PAYASO SURTIDO N9 BOLSA C50,18,84.714
50135018,GLOBO PAYASO SURTIDO MACARRON N9 C50,18,84.714
50135019,GLOBO PAYASO SURTIDO NEON N10 C50,18,95.025
50135020,GLOBO PAYASO SURTIDO METALICO N9 C50,18,107.772
50135021,GLOBO PAYASO SURTIDO ZEPPELIN 270 C50,18,93.156
50135022,BOMBA MANUAL,18,58.38
50135023,MANTEL PARTY IS ON BLANCO RECTANGULAR,18,53.97
50135027,GLOBO PAYASO BLANCO NIEVE N9 C50,18,84.714
50135028,GLOBO PAYASO AZUL CIELO N9 BOLSA C50,18,84.714
50135029,GLOBO PAYASO ROSA BEBE N9 BOLSA C50,18,84.714
50135030,VELAS FELIZ CUMPLE MULTICOLOR,18,77.7
50135057,8 PLATOS 9P ESPACIO,18,52.08
50135058,8 PLATOS 9P HAPPY BIRTHDAY,18,73.101
50135059,8 PLATOS 9P SIRENA,18,40.32
50135060,PLATO 9IN ESPACIO,18,45.444
50135061,8 VASOS 9OZ SIRENA,18,45.444
50135062,8 VASOS 9OZ LUJO CON FOIL,18,52.353
50135063,BANNER FELICIDADES AZ MDO,18,63.462
50135064,BANNER FELICIDADES DORADO,18,63.462
50135065,BANNER HAPPY BIRTHDAY NEGRO,18,63.462
50135066,BANNER FELCIIDADES COLORS,18,63.462
50135067,MANTEL PUNTO ROSA,18,89.439
50135068,MANTEL ESTRELLAS BW,18,89.439
50135069,VELA FELIZ CUMPLEANOS PLATEADA,18,45.654
50135070,VELA FELIZ CUMPLEANOS DORADA,18,46.326
50135071,12 VELAS COLORES METALIZADAS,18,48.216
50135072,12 VELAS PLATEADAS,18,46.599
50135102,DULCES NINTENDO SUPER STAR CANDIES,18,80.493
50135103,DULCES DBZ DRAGON BALLS,18,112.476
50135104,DULCES NARUTO RAMEN CANDY TIN,18,112.476
50135240,RUFFLES QUE GD HBSF GD NT 48GRX50X1,18,31.80970732
50135241,CHEETOS XFH MB 58GRX60X1,18,23.89019202
50135286,KIT DE CAJAS P/ENVOLTURA 3 PZAS,18,154.455
50135287,GIFT CARD DECORADO NAVIDAD 5 PZAS.,18,61.866
50135288,TARJETA DE PARA NAVIDAD 30 PZAS,18,52.458
50135341,PELUCHE TY BALL PIEZA,18,158.886
50135342,PELUCHE TY REGULAR PIEZA,18,207.039
50135343,GLOBO CORAZON PLATEADO 18IN,18,13.587
50135345,GLOBO CORAZON ROSE GOLD 18IN,18,13.587
50135346,GLOBO CIRCULO PLATEADO 18IN,18,13.587
50135347,GLOBO CIRCULO DORADO 18IN,18,13.587
50135349,GLOBO ESTRELLA ROSE GOLD 22IN,18,16.842
50135374,GORRO SNOOPY CON POMPON,18,270.9
50135375,GORRO CABEZA DE SNOOPY CON OREJAS,18,361.2
50135376,AMBIENTADOR AURA CEREZA 30 ML,18,79.17
50135377,AMBIENTADOR AURA SANDALO Y CEDRO 30 ML,18,79.17
50135378,AMBIENTADOR AURA FRUTAS DEL BOSQUE 30 ML,18,79.17
50135379,AEROSOL AROMA LIMPIO 200 ML,18,109.515
50135380,AEROSOL FRUTOS DEL BOSQUE 200 ML,18,109.515
50135381,BUBULUBU 35G,18,14.238
50135382,KRANKY 65G,18,36.876
50135383,PANDITAS CLASICOS,18,33.831
50135598,CHEETOS JALAQUENO MB GD 55GRX64X1,18,27.3779589
50135599,CHEETOS BOLITA MB GD 43GRX50X1,18,27.71493103
50135600,CHEETOS POFF MB GD 40GRX50X1,18,24.969
50135602,TARRO CERAMICA CUADRADA C CUCHARA SNOOPY,18,134.4
50135603,PEELERZ GOMITAS SABOR MANGO 65 GR,18,54.6
50135604,PEELERZ GOMITAS SABOR PLATANO 65 GR,18,54.6
50135606,PEELERZ GOMITAS SABOR DURAZNO 65 GR,18,54.6
50135607,PLATO PASTELERO C6 THE GRINCH,18,73.92
50135608,MANTEL THE GRINCH,18,126.63
50135609,MANTEL GENERICO MERRY CHRISTMAS,18,112.56
50135610,CORTINA METALICA PINITOS ORO,18,72.45
50135611,BANDERIN MOVIL COLGANTE FELIZ,18,56.49
50135612,ADORNO DE PUERTA NAVIDAD,18,86.31
50135760,TURIN TUBO BAILEYS FRESA NA  180G,18,349.776
50135761,TURIN TUBO TEQUILA 1800 180G,18,349.776
50135762,TURIN TUBO CARAJILLO 180G,18,349.776
50135763,TURIN TUBO CONEJOS MINI 200G,18,344.169
50135898,GOMITA EN FORMA DE HAMBURGUESA ARMABLE,18,22.89
50135899,JOYERIA DE DULCE CON ESTUCHE DE FLOR,18,62.79
50135900,CARAMELO MASTICABLE SIN AZUCAR SABOR MEN,18,41.79
50135901,CARAMELO MASTICABLE SIN AZUCR HIERBABUEN,18,41.79
50135919,OBLEA DE AMARANTO SIN AZUCAR SABOR CAFE,18,56.7
50135920,OBLEA DE AMARANTO SIN AZUCAR CHOCOLATE,18,56.7
50135921,OBLEA DE AMARANTO SIN AZUCAR SABOR COCO,18,56.7
50135922,XURRIKOS AMARANTO HABANERO,18,88.2
50135923,SUDADERA SNOOPY,18,462
50136003,CORTINA TIRAS   PQ/6 COLOR VERDE,18,84
50136004,CORTINA TIRAS   PQ/6 COLOR ROJA,18,84
50136165,SET DE 3 PIEZAS CUIDADO ESPECIAL,18,178.5
50136201,TARRO DE PORCELANA STITCH 600 ML,18,144.9
50136202,TARRO IRIDISCENTE STITCH 470 ML,18,157.5
50136203,TARRO IRIDISCENTE BARBIE 470 ML,18,157.5
50136204,TARRO IRIDISCENTE SNOOPY 530 ML,18,176.4
50136205,TARRO IRIDISCENTE RUGRATS 530 ML,18,176.4
50136206,TARRO 3D JACK 490 ML,18,186.9
50136247,PELUCHE CARE BEARS 6IN,18,357
50136768,RELLETON MANGO 35GR,18,30.156
50136786,SOLEIL SENSITIVE AST BL2 NSF,18,142.968
50136787,SH FLEX5Â  NORMAL BS2 MX,18,119.91
50136788,SH FLEX 3 LIGHT HAN BL2. 36 LA,18,92.841
50136806,GALLETA PROTEIN COOKIE FORZAGEN MUSCLE,18,52.5
50136974,PARTY POPPERSA SAN VALEN CORAZONES,18,63
50136975,CORTINA FIGURASÂ CORAZON ROJO,18,93.45
50136976,BANDERIN MOVIL COLGANTE CORAZONES,18,54.6
50136977,CAKE TOPPERS ACRILICO LOVE YOU,18,46.2
50136984,CALCETA NAVIDENA MARINO Y BLANCO,18,60.9
50137078,ACEITE ESENCIAL LAVANDA ROLL ON 3ML,18,201.474
50137079,ACEITE ESENCIAL MENTA ROLL ON 3ML,18,201.474
50137080,ACEITE ESENCIAL ANXIETY FEAR ROLL ON 3ML,18,201.474
50137081,ACEITE ESENCIAL EUCALIPTO ROLL ON 3ML,18,201.474
50137106,EFRUTTI OCTOPUS BLUE PINTALENGUAS 80GR,18,44.793
50137107,EFRUTTI STRAWBERRY CLOUDS 80GR,18,44.793
50137108,EFRUTTI GUMMY EYEZ ORIGINAL 75.2GR,18,85.176
50137109,BON O BON BARRA 48GR,18,23.331
50137110,BON O BON CLASICO 60GR,18,34.293
50137264,28H MET I LOVE YOU CHECKERBOARD,18,77.637
50137265,36H MET TE QUIERO MUCHO BRUSHES,18,101.367
50137267,32H MET METALLIC RED,18,68.061
50137295,DISNEY DISNEY G STRETCH 6 IN ASST,18,302.4
50137324,PILAS ECOLOGICAS EKO AA 4 PILAS,18,262.5
50137325,PILAS ECOLOGICAS EKO AAA 4 PILAS,18,262.5
50137400,TRAMPOLIN ACONDICIONAMIENTO,18,1084.398
50137405,YES4ALL PLATAFORMA AEROBICA PASO ALTO,18,2550.765
50137406,CARGA DE HELIO 17 A 22 IN,18,20.202
50137407,CARGA DE HELIO SUPER SHAPE 32 A 36 IN,18,62.16
50137408,CARGA DE HELIO JUMBO 50 A 56 IN,18,186.48
50137409,CARGA DE HELIO DIAMONDZ CUBEZ ORBZ,18,50.757
50137482,PESA PARA GLOBO PLATEADA,18,19.593
50137511,BASE PARA JABON DE GLICERINA BLANCA,18,360.213
50137512,BASE PARA JABON DE GLICERINA ACEITE COCO,18,486.99
50137516,CINTA METRICA DE COSTURA MODISTA,18,178.815
50137517,AGUJAS DE TEJER CIRCULARES DE ACERO INOX,18,300.51
50137527,BRAZALETE PORTA TARJETAS DE IDENTIFICACI,18,172.935
50137540,JUEGO DE 10 CUCHARAS MEDIDORAS CN MANGOS,18,129.78
50137541,HILO ACRILICO BANNA 20 OVILLOS P TEJER,18,431.592
50137542,AGUJAS DE COSER DE OJO GRANDE 50 PIEZAS,18,262.122
50137569,MOLDES PARA HORNEAR PASTEL,18,1787.058
50137570,MOLDES PARA HORNEAR PANQUE,18,752.052
50137571,CHAROLAS,18,421.071
50137572,17C MET BOLD BIRTHDAY,18,30.282
50137573,17C MET BIRTHDAY CATICORN,18,30.282
50137640,VASO BEBIDAS CALIENTES 60OZ,18,5271
50137641,AGITADOR MADERA 19CM,18,588
50137651,VASOS BIOCUP 8OZ C50 PZAS,18,360.255
50137652,ENDULZANTE STEVIA 700 SOBRES 1G,18,773.01
50137665,MOGU MOGU LYCHEE 320ML,18,55.713
50137666,MOGU MOGU MANGO 320ML,18,55.713
50137672,JUGO FOCO MANGO 350ML,18,74.718
50137674,JUGO FOCO LYCHEE 350ML,18,74.718
50137698,CANASTA CARRIZO 60CM,18,608.79
50137701,BBS BALL TY HANK MORSA CAFE,18,158.886
50137702,BBS BALL TY SHELDON PULPO,18,158.886
50137703,BBS BALL TY GILLY RANA,18,158.886
50137704,BBS BAL TY CLAWSBY TIGRE,18,158.886
50137705,BBS BALL TY EVIE GATO VERDE,18,158.886
50137706,BBS REG TY EVA ELEFANTE MORADO,18,207.039
50137707,BBS REG TY REAGAN GATO MORADO,18,207.039
50137708,BBS REG TY SLUSH HUSKY MANU,18,207.039
50137709,BBS REG TY SPIRIT PERRO CAFE,18,207.039
50137710,BBS REG TY TURBO TORTUGA,18,207.039
50137711,BBS REG TY BUCKLEY VENADO,18,207.039
50137712,BBS REG TY BLUEY LICENCIA,18,229.824
50137713,BBS REG TY BINGO LICENCIA,18,229.824
50137766,JZUCZV CHARAOLA ALUM RECT 2PZA,18,666.204
50016692,VENTA DE CARTON,50,0.2835465453
50021787,CALENDARIO CARTA 12 MESES 1-5,50,86.05476
50028017,CART. OPALINA D/C 300G,50,4.965440473
50028018,CART. COUCHE CTA 225G,50,3.33266903
50028023,SOBRES 26X34 MANILA,50,6.521699425
50028040,ENGRAPADO,50,1.121722784
50029377,SELLO PR1850 NG,50,167.3549415
50029378,SELLO PR1850 RJ,50,137.1443338
50029379,SELLO PR1438 NG,50,153.7930161
50029380,SELLO PR1438 RJ,50,124.3009228
50029381,SELLO PR4040 NG,50,226.4212326
50029382,SELLO PR4040 RJ,50,194.96582
50029383,SELLO PR1060 NG,50,147.6028095
50029384,SELLO PR1060 RJ,50,126.9280017
50029385,SELLO PR4090 NG,50,320.9086719
50029386,SELLO PR4090 RJ,50,272.1834945
50029387,"SELLO PR2770 NG ""COPPEL""",50,224.4237495
50029388,SELLO PR2770 RJ,50,178.30208
50029817,COPIA BN OFICIO DE AUTOSE    .,50,16.78041273
50029818,COPIAS BN CARTA 1-100,50,0.8441376712
50029819,COPIAS BN CARTA 101-500,50,0.7862422317
50029821,COPIAS BN CARTA 501-1000,50,0.7254885819
50029823,COPIAS BN CARTA 1001-5000,50,0.6604966934
50029824,COPIAS BN OFICIO 1-100,50,1.403318197
50029825,COPIAS BN OFICIO 101-500,50,1.125065732
50029827,COPIAS BN OFICIO 501-1000,50,1.00807431
50029828,COPIAS BN OFICIO 1001-10000,50,0.83128007
50029829,CROB MAS DE 10000,50,0.4209083088
50029830,COPIAS BN DOBLE CARTA 1-100,50,1.966535425
50029831,COPIAS BN DOBLE CARTA 101-500,50,1.679762293
50029832,COPIAS BN DC 1001-10000,50,1.403068384
50029834,COPIAS BN DOBLE CARTA 501-1000,50,1.544951419
50029835,ACETATOS BN 1-30,50,7.244193892
50029836,ACETATOS BN 31-60,50,6.736586866
50029837,ACETATOS BN 61 O MAS,50,6.238712051
50029838,CCC 1-50,50,8.36745193
50029839,CCC 51-250,50,8.089977687
50029841,CCC251-1000,50,7.755329907
50029842,CCC 1001-MAS,50,6.499686571
50029844,CCO 1-50,50,8.863727046
50029846,CCO 51-250,50,8.687883445
50029847,CCO 251-1000,50,8.17327318
50029848,CCO 1001-MAS,50,7.854500309
50029850,CCDC 1-50,50,11.01931641
50029851,CCDC 51-250,50,10.06018635
50029853,CCDC 251-1000,50,9.215485829
50029854,CCDC 1001 O MAS,50,8.955408121
50029856,ACETATO COLOR DE 1-30,50,14.00231055
50029857,ACETATO COLOR DE 31-60,50,12.34676455
50029858,ACETATO COLOR DE 61 O MAS,50,11.2237106
50029859,PLANOS PAPEL BOND 91X40,50,12.88643886
50029860,PLANOS PAPEL BOND 91X60,50,29.96250969
50029861,PLANOS PAPEL BOND 91X80,50,35.54609387
50029862,PLANOS PAPEL BOND 91X1.00,50,41.41558024
50029863,CADA 20 CM: ADIC. BOND,50,8.199542293
50029864,PLANOS ALBANENE 91X40,50,13.91962086
50029865,PLANOS ALBANENE 91X60,50,41.39758196
50029866,PLANOS ALBANENE 91X100,50,50.39443289
50029867,PLANOS ALBANENE 91X80,50,47.82492931
50029868,PLANOS ALBANENE 20CM ADICIONAL,50,10.88320939
50029869,IMP. BN CARTA 1 A 100,50,0.8396794651
50029870,IMP.BN CARTA 1001-5000,50,0.6620415354
50029871,IMP. BN CARTA 101 A 500,50,0.785185763
50029872,IMP. BN CARTA 501 A 1000,50,0.7297518333
50029875,IMP. BN OFICIO 1-100,50,1.400767759
50029876,IMP. BN OFICIO 101-500,50,1.126037706
50029877,IMP.BN OFICIO1001-10000      .,50,0.8330104679
50029878,IMP. BN OFI  501A1000,50,1.006896451
50029881,PLOTEO BOND 8830 91X60,50,1.966842257
50029882,IMP. BN D. CARTA 11-100,50,1.122405375
50029883,IMP.BN D CTA 1001-10000   .,50,1.543308902
50029884,IMP. BN D. CARTA 101-1000,50,1.683134516
50029886,IMP. BN D. CARTA 1001-10000,50,1.440510141
50029887,IMP. ACETATOS BN 1-30,50,7.263257224
50029888,IMP. ACETATOS BN 31-6,50,6.753906
50029889,IMP. ACETATOS BN 61 O M,50,6.130996132
50029891,IMP. COLOR CARTA 1-50,50,8.332532159
50029892,IMP. COLOR CARTA 51-250,50,8.091046915
50029894,IMP. COLOR CARTA 251-1000,50,7.77277571
50029895,IMP. COLOR CTA 1001-MAS,50,6.796409493
50029898,IMP. COLOR OFICIO 1-50,50,8.852619979
50029899,IMP. COLOR OFICIO 50-251,50,8.654018896
50029901,IMP. COLOR OFICIO 250-1000,50,7.83348483
50029902,IMP. COLOR OFICIO 1001-MAS,50,7.826528773
50029905,IMP. COLOR D/CARTA 1-50,50,10.96380035
50029906,IMPRECION DOBLE CARTA COLOR 51-250,50,10.05059804
50029908,IMPRESION A COLOR,50,9.301159223
50029909,IMP. COLOR DCTA 1001-MAS,50,9.083416107
50029912,IMP. ACETATOS COLOR 1-30,50,14.0509957
50029913,IMP. ACETATOS COLOR 31-60,50,11.95708035
50029914,IMP. ACET. COLOR 61 O MAS,50,11.22412475
50029915,PAP. BOND COLORES CTA. 90G,50,1.673497666
50029916,PAPELES FINOS CARTA,50,2.805958224
50029920,FOLDER MANILA CARTA,50,2.810475915
50029925,ENGARG.PLAS.PLAST. 1-60,50,10.0060698
50029926,ENGARG.PLAS.PLAST. 61-180,50,12.09855
50029927,ENGARG.PLAS.PLAST. 121-180,50,19.46191625
50029928,ENGARG.PLAS.PLAST. 181,50,13.82371375
50029933,ENGARG.MET.PLAST. 1-60,50,16.61722943
50029934,ENGARG.MET.PLAST. 61-180,50,19.30560571
50029935,ENGARG.MET.PLAST. 121-180,50,22.2838278
50029936,ENGARG. MET.PLAST. 181,50,25.05890678
50029937,ARILLO PLAST. CHICO,50,4.50425277
50029938,ARILLO PLASTICO GRANDE,50,8.420375
50029939,ARILLO METAL 9-16,50,6.702032359
50029940,ARILLO METAL 7-8,50,10.03262781
50029942,PASTAS PLASTICAS,50,8.401456743
50029943,ARMADO,50,6.717294942
50029944,ENGARG.MET. PLAS. OF 1-60,50,22.49158186
50029945,ENGARG.MET.PLAS. OF 61-180,50,28.01742034
50029946,ENGARG.MET.PLAS.121-180,50,33.677966
50029947,ENGARG.MET.PLAS. OF 181,50,39.29885464
50029948,ENGARG MET D/CTA 1-60,50,30.97970911
50029949,ENGARG MET D/CTA 61-180,50,36.51623248
50029952,ENC.TERMICOCARTA 1-60,50,15.55108298
50029953,ENC. TERMICO CTA 61-180,50,19.5352729
50029954,ENC.TERMICO CTA 121-225,50,25.14841721
50029958,ENMICADO CREDENCIAL,50,10.11538718
50029959,ENM.TARJETA CIRCULACION,50,8.96621348
50029960,ENMICADO OFICIO,50,13.99501112
50029961,ENMICADO CARTA,50,12.28706403
50029962,ENMICADO DOBLE CARTA,50,16.22451066
50029963,PLASTIF. ML DE 5.0 MM,50,63.33549227
50029964,ENVIO DE FAX LOCAL,50,6.748021875
50029965,FAX PAG. ADICIONAL,50,5.61162
50029966,FAX LARGA DIST. NAC.,50,11.78524691
50029967,ENV. LD INTERNACIONAL,50,25.815405
50029968,RECEPCION FAX X PAGINA,50,2.583129706
50029969,RENTA DE PC (HORA),50,14.06355804
50029970,FRAC. RENTA DE PC (15 MINS.),50,8.438381939
50029971,RENTA DE MAC /10 MIN,50,24.49749167
50029972,FRAC.RENTA DE MAC (15 MINS.),50,8.502096369
50029974,DISENO GRAFICO (HORA),50,294.189129
50029975,DISENO GRAFICO (15 MIN),50,92.63127149
50029976,DAR FORMATO ANTES DE IMP.,50,30.91290081
50029977,ESCANEO DE IMAGEN,50,5.476392864
50029979,QUEMADO DE CD,50,28.10289146
50029982,100 TARJ PRES B/N,50,120.2925211
50029983,300 TARJ PRES B/N,50,275.41423
50029984,500  TARJ PRES B/N,50,309.2886533
50029985,1000 TARJ PRES B/N,50,438.803295
50029988,300 TARJ PRES COLOR,50,297.5826944
50029989,500  TARJ PRES COLOR,50,445.6992904
50029990,1000 TARJ PRES COLOR,50,836.2264603
50029991,100 HOJAS MEMBRE T/C COLOR,50,317.0845977
50029993,IMP.TRANSFER CARTA,50,27.21965446
50029994,IMP.TRANSFER D-CARTA,50,33.59043403
50029995,PLAYE C REDONDO CTA,50,52.11849649
50029996,PLAYE C REDONDO D/CTA,50,58.55163255
50029997,IMP.TIPO POLO D-CARTA,50,72.95757
50029998,PLANCHADO,50,13.93617323
50030000,"PAQ. BOTONES 2"" 9PZ",50,51.89748768
50030001,"PAQ. BOTONES 2"" 100PZ",50,418.0959432
50030002,PLOTER GLOSSY 90X50,50,127.9781304
50030004,PLOTER PAPEL BLACK LITE 88 X 5,50,225.9888883
50030006,PLOTEO BOND 8830 91X60 B/N,50,29.92277183
50030007,PLOTEO BOND 8830 91X80,50,35.54798321
50030008,PLOTEO BOND 8830 91X1.00,50,41.49480811
50030009,PLOTEO 20 CM. ADIC.          .,50,8.346458641
50030010,PLOTBNALBAN EN8830 91X60,50,42.20158737
50030011,PLOTBNALBANEN 8830 20CM.,50,11.14491857
50030012,PLOTBNALBANEN 8830 91X80,50,47.84425716
50030013,PLOTBNALBANEN 8830 91X100,50,53.21643042
50030026,ENVOLTURA PLASTICA,50,4.77183
50030027,EMPLAYADO CAJA,50,5.61162
50030032,CORTADORA DE ALTO VOL.500,50,16.22397048
50030033,PERFORADORA ELECTRICA 500,50,14.06405541
50031764,CALENDARIO TABLOIDE,50,32.99566375
50034623,CALEN.POSTER 88X60 CMS 1PZ,50,99.89595
50035084,ETIQUETA CTA 165G,50,4.441012552
50035085,ETIQUETAS D/C 165G,50,5.542297601
50035261,TRANSFER CTA OBSCURO,50,32.8185751
50035262,PLAYERA CUELLO REDONDO NEGRA,50,58.00999488
50036882,FOTOGRAFIA INFANTIL B/N,50,22.43792245
50036883,FOTOGRAFIA INFANTIL COLOR,50,25.38535626
50036884,FOTOGRAFIA CREDENCIAL B/N,50,22.45902178
50036885,FOTOGRAFIA CREDENCIAL COLOR,50,25.26527942
50037289,IMPRESION MOUSE PAD,50,44.93711195
50040214,RENTA DE SALA EJECUTIVA PQTE I,50,252.54243
50040215,RENTA DE SALA EJECUTIVA PQTEII,50,336.72324
50040216,RENTA DE SALA EJECUTIVA PQTIII,50,505.08486
50040217,RENTA DE SALA EJECUTIVA HORA E,50,112.2413513
50043676,BACK LITE 91X50CM,50,106.6289175
50043677,VINYL 91X50CM,50,146.6839657
50043678,TELA ARTISTICA CANVAS 91X50CM,50,289.9194582
50044044,ROMPECABEZA DOBLE CARTA 96 PZA,50,59.17829041
50044045,ROMPECABEZA T CARTA 48 PZAS,50,42.67124699
50044046,3 ROMPECABEZAS T CTA 48 PZAS,50,101.0376574
50044047,3 ROMPECABEZAS D CTA 96 PZAS,50,121.1062275
50045870,CART. MARMOL GRIS 220 G,50,2.264186087
50045871,CART. ASTROPARCHE AMA 200G,50,2.243044407
50045872,CART. ASTROPARCHE ROSA 200G,50,2.243596102
50045873,CART. ASTROPARCHE BLANCO 200G,50,2.245093421
50045876,CART. OPALINA MARFIL CTA 200G,50,2.225079706
50046177,PLOTTER ECONOMICO,50,70.15176
50046178,ESCANEO GRAN FORMATO,50,13.8572738
50046781,TARJETA NAVIDE#A,50,11.05394479
50046797,CALENDARIO CARTA 12 MESES 6-10,50,72.956919
50046798,CALENDARIO CARTA 12 MESES 11 M,50,55.6268216
50046801,TAR NAVIDE#AS 2 A 4,50,13.98903541
50046802,CARTA REYES Y SANTA,50,10.87575331
50046899,ESCANEO DE 13 FOTOS ADICIONAL,50,2.805895098
50046900,ESCANEO DE 01 FOTOGRAFIA ADICI,50,2.651925154
50047313,FOTOS 5X7 A 24HRS,50,1.964476392
50047314,FOTOS 6X8 A 24HRS,50,2.780361818
50047315,FOTOS 8X10 A 24HRS,50,5.61162
50047398,KODAK PICTURE CD,50,22.3944
50047865,KIT EMPRESARIAL,50,387.23433
50048515,ALBANENE CTA BCO 110 G,50,1.974126048
50048516,ALBANENE CTA AMARILLO 110G,50,3.34991215
50049345,PORTA PLANO,50,3.628841259
50049679,IMP POSTER EN GLOSSY ARTE 88,50,83.62095
50049682,IMP EN MOUSE PAD ARTE,50,33.110511
50049683,TAZA PERSONALIZADA,50,49.30168254
50049740,ETIQUETAS ESCOLARES,50,12.31339688
50049741,SERVICIO DE FORRADO PZA,50,11.14719136
50049888,IMP DIG FOTO 5X7 48 HRS,50,2.749723846
50049996,ENMARCADO E IMPRESION EN POSTE,50,266.57148
50050375,PLASTIFML 91 X 100,50,114.6792488
50051357,500 HOJAS MEMBRE T/C COLOR,50,981.0281296
50052303,"PAQ BOTONES 1"" 9PZA",50,30.33234531
50052304,"PAQ BOTONES 1""100PZA",50,274.1205031
50052305,"PAQ BOTONES 3"" 9PZA",50,47.18631691
50052306,"PAQ BOTONES  3""100PZ",50,388.1931845
50052893,02 ENCUADERNADO CUB. DURA,50,179.58486
50052896,01 ENCUADERNADO CUB. DURA,50,129.08028
50052905,PLAST. POR HOJA  (2 PAG),50,1.683722727
50052906,CUBIERTA PASTA DURA PAQ 2 PZAS,50,13.46919
50052909,1000 VOLNTS. 1/2 CARTA B/N,50,147.3940936
50052910,1000 VOLNTS 1/2 CTA PAPEL D C,50,274.98891
50052911,1002 VOLNTS. 1/2  CTA  COLOR,50,785.6910863
50053102,ENC PASTA DURA PERSONALIZA CTA,50,84.533295
50053289,PRINTER 55,50,268.96065
50053291,PRINTER 55 DATER NEGRO /ROJO,50,395.93169
50053295,PLUMA CON SELLO TWIN BLANC PZA,50,78.5106
50053545,CALENDARIO CARTA,50,29.27566727
50053546,CALENDARIO TABLOIDE 12 MESES,50,102.7095487
50053547,CALENDARIO DE ESCR CTA 1-5,50,66.785005
50053551,COLLAGE D/A,50,14.02905
50053554,PORTA RETRATO CARTA RECORTA,50,7.79898
50053918,PLANEADOR 88X50,50,94.92882
50053919,PLANEADOR DOBLE CARTA,50,36.17193069
50053920,PLANEADOR CARTA,50,25.068615
50053925,PLOTER APERLADO 88X50,50,134.7935352
50053926,CM ADICIONAL APERLADO        .,50,2.52588
50053927,1 FOLDER PERSONALIZADO,50,19.03755633
50053928,5 FOLDER PERSONALIZADO,50,74.02780658
50053931,FOLDER MANILA OFICIO,50,4.501028514
50053934,10 FOLDER PERSONALIZADO,50,115.8439836
50054048,PLASTIFICADO ALBUN CARTA,50,16.83486
50054049,PLASTIFICADO ALBUN D/CARTA,50,25.25229
50055680,PLASTIFICADO EN FOMBOARD,50,99.61602
50055821,CREDENCIAL PERSONAL EN PVC,50,25.25403495
50056328,FOTO 4X6 100 O MAS 24HRS,50,0.662094507
50056372,IMPRESION Y QUEMADO EN CD,50,36.48204
50056649,FOLDER COLOR CARTA,50,5.055804139
50059410,200 HOJAS MEMBRE T/C COLOR,50,527.1440484
50060913,CRCBC MAS DE 5001,50,0.4350972818
50060914,IMP. BN CARTA ECO 1 A 20,50,0.55986
50060917,FOLDER ECOLOGICO,50,1.96602
50060923,HOJA BOND ECO CTA.,50,0.2804831373
50061226,KIT PROMOCIONAL 2,50,420.90405
50061227,KIT PROMOCIONAL 3,50,558.40176
50062339,ENV. PAQUETE 3.0 KG ZONA 1,50,226.07172
50062503,ENV.SBRE/PQ.0.5A1KG10:30 ZNA3.,50,118.6952025
50062589,ENV.INTER ENVELPE 0.5 KG Z A,50,535.6682975
50062592,ENV.INTER ENVELPE 0.5 KG Z D,50,299.73342
50062744,ENV.INTER ENBAL.10.5 KG Z  A,50,903.63357
50062750,ENV.INTER ENBAL.11.0 KG Z  B,50,1122.91641
50062752,ENV.INTER ENBAL.11.0 KG Z  D,50,1874.66517
50062753,ENV.INTER ENBAL.11.0 KG Z  E,50,2887.73184
50063561,AGENDA PERSONALIZADA,50,129.3583139
50066102,TIRA PARA ENCUADERNAR CHICO,50,5.8920925
50066104,TIRA PARA ENCUADERNAR GRANDE,50,16.83486
50066314,FOTO APEX 4X6 DE 51-100,50,3.377878226
50066316,FOTO APEX 5X7 DE 1-50,50,5.282194358
50066317,FOTO APEX 6X8 DE 1-50,50,5.849177525
50066318,FOTO APEX COLLAGE 6X8,50,8.409190481
50066319,CALENDARIO APEX 6X8,50,5.037077196
50066320,FOTO APEX 8X10 DE 1-10,50,12.20439446
50066321,FOTO APEX COLLAGE 8X10,50,15.53163998
50066322,CALENDARIO APEX 8X10,50,13.98068487
50066324,FOTO APEX 4X6 DE 1-50,50,3.555727697
50066433,TAZA BLANCA SIN IMP,50,11.65884038
50066434,TAZA ARTE PAQ. 06 PZ.,50,133.2776025
50066800,TAZAS PAQ. 06 PZ.,50,180.5451165
50066801,CREDENCIAL PVC 1 CARA COLOR,50,13.87036563
50066802,CREDENCIAL PVC 1 CARA PAQ. 10C,50,101.8978395
50066803,CREDENCIAL PVC 2 CARA COLOR,50,21.47517785
50066804,CREDENCIAL PVC 2 C PAQ. 10P C,50,159.2706587
50066945,FOTO APEX 4X6 DE 101-200,50,3.099874873
50066946,FOTO APEX 4X6 MAS 201,50,2.790956359
50066947,FOTO APEX 5X7 DE 51-100,50,4.775691341
50066948,FOTO APEX 5X7 DE 101-200,50,4.218520367
50066949,FOTO APEX 5X7 MAS 201,50,3.595226375
50066950,FOTO APEX 6X8 DE 51-100,50,5.358193547
50066951,FOTO APEX 6X8 DE 101-200,50,4.781402809
50066952,FOTO APEX 6X8 MAS DE 201,50,4.129825158
50066953,FOTO APEX 8X10 DE 11-50,50,11.27227224
50066954,FOTO APEX 8X10 DE 51-100,50,10.12132162
50066955,FOTO APEX 8X10 MAS DE 101,50,9.562696491
50067073,PAPEL ARTISTICO ALGODON 60X50,50,154.694092
50067074,LONA BANNER 90X50 CM,50,139.0765315
50067075,PAPEL PRSNTACIN 180G 90X50,50,119.3762381
50067076,PAPEL ADHERIBLE MTE 280G 90X50,50,156.4586589
50067077,POSTER BOARD 71X50 1.2MM,50,165.3104086
50067078,POSTER BOARD 102X72 1.2MM,50,257.1131131
50067104,PAPEL ARTE ALGODON10CM,50,29.18337732
50067105,TELA ART. CANVAS 10 CM,50,43.05188882
50067106,PAPL FOTOGFICOAPERLA 10CM,50,24.33750287
50067107,PAPEL FOTO GLOSSY 10 CM,50,19.32329834
50067108,PEL. BACK LITE 10CM ADICIONAL,50,30.81851132
50067109,VINYL ADHERIBLE 10 CM ADICONAL,50,30.50049337
50067110,LONA BANNER 10 CM ADICIONAL,50,27.88425272
50067111,PAPEL PRSNTACIN MTE 10 CM,50,19.45818181
50067112,PAPEL ADHERIBLE MTE 10 CM,50,33.67392539
50067171,IMPRE CD Y QUEMADO 1A10PZ,50,16.275
50067483,PASTA PERSONALIZADA DURA CTA,50,42.59493
50067570,CART. SULFATADA CTA. 265G,50,4.510734764
50067571,CART. SULFATADA D/C. 265G,50,6.740802791
50067572,CART. COUCHE D/C 225G,50,4.958684423
50067573,CART. OPALINA CTA 300,50,3.342084975
50067574,CART. KROM/EUROCOT TC. 215G,50,4.502007095
50067575,CART. KROM/EUROCOT DC. 215G PZA,50,5.627811631
50067576,CART. LINO CTA. 216G,50,4.765464726
50067577,CART. LINO D/C. 216G,50,6.09331591
50067578,CART GUARRO/FABRIA TC 160G,50,2.843816912
50067579,CART. GUARRO/FABRIA DC 160G,50,4.461551358
50068172,FOTOALBUM 8X10,50,87.15166765
50068173,FOTOALBUM 6X8,50,60.6081
50068174,PAG ADC. 6X8,50,5.599790854
50068175,PAG ADC. 8X10,50,8.437860319
50068546,AUDIO POR SKYPE 15 MIN,50,15.99507
50068547,AUDIO POR SKYPE 30 MIN,50,39.283944
50068548,ESCANEO DE 1 A 500,50,2.805919262
50068549,ESCANEO DE 500 A 1000,50,1.671288398
50068550,ESCANEO MAS DE 1000,50,0.5586625405
50068683,X BANNER AJUSTABLE 60 X 1.60M,50,302.715
50068755,VINIL ESTA TRANSP .25 ADIC,50,45.4577025
50068758,OJILLOS,50,3.350715222
50068821,PAP SEGURIDAD VERD TC 90G,50,4.406603536
50068910,BANNER 60 X 1.60,50,219.3346859
50069368,FOLDER 03 PZ,50,7.29554
50069772,LONA BANNER 60X160 CM,50,267.13134
50069788,TARJETITAS PARA REGALO  12PZ,50,13.9550462
50069789,TARJETA 5 PIEZAS,50,47.70528
50069791,CALENDARIO ESCRITORIO 6-10,50,61.17447
50069796,CALENDARIO 12 MES D/C 10 PZS,50,606.103785
50069797,CALENDARIO POSTER BOARD,50,128.51391
50069798,F ALBUM 8X10  3 PZ,50,246.93081
50069799,F ALBUM 6X8 3 PZ,50,140.30352
50069804,F ALBUM 8X12 (24 PAG),50,280.60704
50069808,ETIQUETAS DE REGALO 20 PZ,50,14.14550667
50069809,SEPARADORES 08 PIEZAS,50,14.02905
50069881,CALENDARIO D/C 5 PZ,50,57.748908
50070557,COPIAS B/N T/C AUTOSERV 1-100,50,0.6468926427
50070558,COPIAS B/N T D/C,50,0.72912
50070559,COPIAS COLOR T/C,50,4.87680375
50070560,COPIAS COLOR T/D C,50,6.10638
50070561,IMPRESIONES B/N T/CARTA,50,0.616455173
50070562,IMPRESIONES COLOR T/CARTA,50,4.876734
50070563,IMPRESIONES COLOR T/DCARTA,50,5.965413462
50070564,ENMICADO T/CREDECIAL,50,3.08574
50070565,ENMICADO T/CIRCULACION,50,4.2098
50070566,ENMICADO T/CTA,50,5.61162
50070567,ENMICADO T/D CTA,50,8.418021818
50070568,ENGARGOLADOS MENOR 1,50,8.7554075
50070569,ENGARGOLADOS MAYOR 1,50,13.61954
50070571,PAPEL COUCHE TC,50,0.67053
50070572,PAPEL OPALINA TC,50,1.12216125
50070573,PAPEL COUCHE  D/C,50,2.2443225
50070574,PAPEL OPALINA  D/C,50,2.244773494
50071596,ENVIO 4,50,1.4322
50071602,ENVIO 1,50,62.4918
50071697,FOTOGRAFIA VISA COLOR,50,22.43030216
50071698,FOTOGRAFIA VISA B/N,50,22.48047529
50071699,FOTOGRAFIA OVALO COLOR,50,22.4468706
50071700,FOTOGRAFIA OVALO B/N,50,22.44648
50071819,ROMPECABEZAS  DE 250 A 499,50,3.255
50072061,PROMO TAZA,50,0.00651
50072064,PROMO ROMPECABEZAS,50,0.00651
50072065,SOBRE PARA FOTOGRAFIA,50,1.401614273
50072274,CUADERNO PERSONALIZADO CTA,50,66.42482655
50072567,ENGRAPADO,50,1.121068584
50072950,ESCANEO GRAN FORMATO 1-50,50,14.02905
50072951,ESCANEO GRAN FORMATO 51-100,50,8.41743
50072952,ESCANEO GRAN FORMATO 101- MAS,50,2.806039765
50073075,IMP.BN CTA MAS DE 5001,50,0.4513410999
50073878,COPIA TC B/N  UIC,50,0.390917561
50073879,COPIAS BN OFI AUTOSERV 1-100,50,1.546740811
50073882,IMP. BN CARTA 1 A 10,50,0.84196
50073884,COPIA TC B/N,50,0.33852
50073885,COPIA OFICIO B/N,50,0.3053440385
50073887,COPIA D/C B/N,50,0.5600634375
50073889,IMP. BN OFICIO 501-1000,50,0.4449442383
50073891,COPIA TC B/N,50,0.2218556436
50073892,COPIA OFICIO B/N,50,0.1825415625
50073893,COPIA D/C B/N,50,0.50778
50073894,IMP. BN CARTA 1 A 20,50,0.1179093586
50073897,COPIA COLOR  CTA,50,5.710716667
50073898,COPIA COLOR  OFICIO,50,7.40838
50073899,COPIA COLOR  D/C,50,8.796512308
50073903,COPIA COLOR  CTA,50,4.43331
50073905,COPIA COLOR  D/C,50,6.1194
50073906,COPIA COLOR  D/C,50,6.1194
50073909,COPIA COLOR D/CTA,50,5.61162
50073937,PLANOS PAPEL BOND 91 X 40,50,8.35884
50073940,PLANOS PAPEL BOND 91 X 100,50,21.32676
50073941,PLOTER APERLADO 90 X 50,50,81.375
50073942,PLOTER GLOSSY 90 X 50,50,70.20818
50073951,PAPEL ADHERIBLE MTE 280G,50,83.62095
50073959,PAPEL ARTISTICO ALGODON 60 X,50,78.00933
50073963,LONA BANNER 60X160 CM,50,196.41972
50073967,PLANOS PAPEL BOND 91 X 60,50,7.294455
50073969,PLANOS PAPEL BOND 91 X 100,50,11.2248675
50073971,PLOTER GLOSSY 90 X 50,50,53.3169
50074438,ESCANEO DE FOTO,50,0.55986
50074624,IMPRESION B/N 2001-A MAS,50,0.2192310016
50074637,ENMICADO CREDENCIAL 300 PZ,50,4.99317
50074669,"ESTIRE 20 PTS. 1,20 X 1",50,282.28662
50074673,C0RTE VYNL DEPILADO BASICO M2,50,101.58204
50074679,CORTE D IMPRESION BASICA M2,50,26.655195
50074687,CORTE IMPRESON DETALLADO M2,50,56.12271
50074703,PAPEL BOND CTA DE 1000 A MAS,50,0.561162
50075062,IMPR.CTA B/N 1000-2000PZ,50,0.30597
50075152,C PVC 1C 100-200 PZ,50,6.67926
50075155,C PVC 2C 100-200 PZ,50,13.41285053
50075159,CALENDARIO ESCR CTA 1-10,50,22.3944
50075160,CALENDARIO ESCR CTA 10-20,50,16.78278
50075161,CALENDARIO ESCR CTA 21-30,50,11.17116
50075163,CALENDARIO ESCR CTA 50-100,50,10.66338
50075164,CALENDARIO ESCR CTA 101-MAS,50,10.38345
50075269,VINIL REMOV.RES.FOT MAS4M2,50,193.05405
50075352,BORDADO PLAYERA C.RED 2A10PZ,50,47.6532
50075355,BORDADO PLAYERA C.RED MAS21PZ,50,44.84088
50075368,LAMINADO BTE M2,50,33.61764
50075372,LAMINADO 3D M2,50,78.5106
50075373,PLOTER COLOR 91X50 30A50PZ,50,71.424465
50075374,PLOTER COLOR 91X50 51A99PZ,50,64.93114688
50075377,IMP.TELA A.CANVAS 88X100 CM,50,288.4581
50075393,LAMINADO 3D MAS 2M2,50,67.28817375
50075420,OJILLO NO3 PIEZA,50,11.29889451
50075421,DOBLE REFUERZO M2,50,14.58891
50075431,DISPLAY ROUTER ESTIRENO M2,50,448.5558
50075493,CUB. SVE  CTA    2-5 PZ,50,16.78278
50075677,ENC.PERS CTA PASTA DURA 1PZ,50,72.89898
50075740,C.CUCHE D/CTA150 G.50-100PZ,50,2.80581
50075795,TARJETAS 1 SULFTDATA,50,1.96602
50075872,FORMATO,50,28.05848294
50075882,TARJETAS PRESENTACION,50,1543.31919
50075885,DIS.D TARJ Y DIPL SENCILLA,50,308.66514
50075912,PLOT.BOND COLOR 91X50 30A50,50,49.38703
50075919,PLOT.BOND COLR 91X50 MAS1000,50,30.86608
50075998,FOTOS 5X7 MAS D 100PZ MINILAB,50,1.405075
50076096,TROVI.BCO 6MM 1.19 X 1 M,50,515.74824
50076248,CUADRIP D/C CUCH  115G 600PZ,50,1503.47148
50076290,ENCUADERNADO TERMICO 1,50,11.09789821
50076321,POLIMERO SELLO,50,28.0581
50076437,ESCRI.12 MES 01 PZ,50,54.539261
50076438,ESCRI.12 MES 06 PZ C/U,50,44.67162
50076482,100 TARJ PRES COLOR,50,181.2198076
50076597,ESCANEO DE FOTO 501 EN ADEL,50,0.263004
50076803,CM ADIC PLOTT COLOR CADA 10CM,50,3.928134
50077426,SEPARADOR DE 08 DIV COLOR,50,16.83486
50077427,PROTECTORES DE HOJAS,50,22.44648
50077432,"CARPETA 2"" OMX",50,29.90043
50077458,FOTOALBUM CH DIGI 1PZ C/U,50,67.34595
50078844,FLYER 1/2C TOREO,50,1.26294
50078854,FICHAS,50,0.5332096875
50078864,CUADERNO PERS CARTA RAYA,50,76.95166066
50078865,CUADERNO PERS CARTA CUADRO,50,76.79481949
50078866,CUADERNO PERS COLLAGE RAYA,50,51.54801154
50078867,CUADERNO PERS COLLAGE CUADRO,50,51.64319506
50078882,AGENDA PERZ CON SOLAPA,50,65.033598
50080469,CUADERNO COLLAGE PASTA DURA,50,31.26319
50080666,SELLO PR1060 AZUL,50,150.6893
50080670,SELLO PR1438 AZUL,50,156.3396486
50081013,IMPRESION CARTA EN OPALINA,50,7.02429
50081636,TYGER 222 GR D/CTA,50,8.359353237
50081637,TYGER 222 GR T CTA,50,5.626051553
50081898,30 FOLDER PERSONALIZADOS,50,329.5415916
50081899,60-99 FOLDER PERSONALIZADOS,50,482.4520313
50081900,100 FOLDER PERSONALIZADOS,50,894.9381719
50081910,TAZA CON CUCHARA  CAFE,50,52.02668576
50081912,TAZA CON CUCHARA NARANJA,50,52.55399
50081913,TAZA MAGICA NEGRO,50,54.95228866
50081915,TERMO ALUMINIO PERSONALIZADO,50,148.72095
50082633,CAJA CARTON PLASTICO,50,27.993
50083321,MUELA JUEGO 2PIEZAS,50,91.644525
50083489,PAPAEL IROSIOLVENTE 76X1.13,50,104.553855
50083837,"COLLAGE GRATIS 8X10""",50,0.00651
50083878,ACABADOS MONTAJE,50,3.35265
50084095,PLAY. T POLO DAMA M/ BCA,50,107.5623627
50084096,PLAY. T POLO DAMA G/BCA,50,111.6797733
50084097,PLAY. T POLO DAMA M/NE,50,111.6798638
50084098,PLAY. T POLO DAMA G/NEGRA,50,108.8874225
50084100,PLAY. T/POLO DAMA G/GRIS,50,78.56919
50084101,PLAY. T/POLO CAB. M/ BCA,50,109.3149244
50084103,PLAY. T/POLO CAB. G/BCA,50,110.9085027
50084104,PLAY. T/POLO CAB. M/NEA,50,110.6488711
50084106,PLAY. T/POLO CAB. G/NEA,50,111.6793104
50084108,PLAY. T/POLO CAB.G/GRISA,50,78.56919
50084109,PLAY.T POLO NI#O/A M /BCA,50,59.2914525
50084110,PLAY.T POLO NI#O/A G/ BCA,50,64.54014
50084111,PLAY.T POLO NI#O/A M/NE,50,58.92852
50084112,PLAY.T POLO NI#O/A G/NE,50,64.54014
50084114,PLAY.T/POLO NI#O/A G/GRIS,50,16.8364875
50084115,P C/ RED NI#O/A BCA,50,35.83525235
50084116,P C/ RED NI#O/A NEGRA,50,28.2713025
50084185,CUADERNO PROFESIONAL C7 100H,50,13.671
50084186,CUADERNO PROFESIONAL RY 100H,50,13.671
50084396,"BOTONES DE 3"" PZ",50,5.676041875
50085807,CUP ACTIVACION N2R MY KODAK M,50,0.00651
50085895,KIT 01 REGRESO A CLASES,50,85.1687025
50085896,KIT 02 REGRESO A CLASES,50,94.84419
50086489,VINYL BTE ADHERIBLE 91X50,50,155.9270213
50086498,VINYL ADHER BTE 10 CM ADICONAL,50,33.51096365
50086582,COPIA B/N OPALINA CTA 1-50,50,0.53382
50086586,IMPRESION CTA  1-99 HOJAS,50,0.49476
50086596,COPIA B/N OPALINA CTA 101 O +,50,0.7161
50086601,COPIA B/N CTA DE COLOR  1-50,50,0.786625
50086603,IMPRESION CTA 1000-4999 HOJAS,50,0.40362
50086604,COPIA B/N CTA DE COLOR  51-100,50,0.75516
50086607,ACETATO B/N 1-99,50,5.741161685
50086608,ACETATO B/N 100-499,50,4.58955
50086609,IMPRESION OF 1-99 HOJAS,50,0.5464881081
50086610,ACETATO B/N 500-999,50,4.59172
50086611,ACETATO B/N + 1000,50,3.097872273
50086614,COPIA A COLOR CTA 1-49,50,7.06986
50086616,IMPRESION OF 1000-4999 HOJAS,50,0.4096815148
50086618,COPIA A COLOR CTA 100-499,50,2.94903
50086621,COPIA A COLOR CTA 500-999,50,2.35662
50086624,COPIA A COLOR D/CTA 1-49,50,9.427782
50086634,IMPRESION D/CTA 1-99 HOJAS,50,0.898786875
50086641,IMPRESION D/CTA+ 5000 HOJAS,50,0.47089
50086642,IMPRESION CTA B/N OPALINA 1-50,50,0.76167
50086643,IMPRESION CTA B/N OPAL 51-100,50,0.72912
50086649,COPIA COLOR COUCHE 1-50,50,7.57113
50086661,IMP.B&N PAP.D/C ADHE 101 O +PZ,50,2.54541
50086663,IMPRESION B&N HOJA COLOR 1-50,50,0.7850991293
50086666,IMP. B&N HOJA COLOR 51-100,50,0.7817258929
50086670,IMP. B&N HOJA COLOR 51-100,50,0.741055
50086672,COPIA COLOR KROMEKOTE 51-100,50,7.93569
50086674,COPIA COL KROMA  1-50,50,12.08256
50086675,IMP. B&N HOJA COLOR +101,50,0.74214
50086678,ACETATO COLOR 1-49,50,11.482555
50086680,COPIA SPLASH HOJA DE COL 1-50,50,7.06986
50086682,COPIA SPLASH HOJA COLOR + 101,50,2.821571053
50086684,IMP.ACETATO T/C B/N 1-99 HJS.,50,5.74182
50086705,IMP.COLOR CTA   1-49 HOJAS,50,7.06986
50086707,IMP.COLOR  CTA100-499 HJS,50,2.94903
50086710,IMP.COLOR OF  1-49 HOJAS,50,8.24817
50086713,IMP.COLOR  OF100-499 HOJAS,50,4.714325
50086737,ENMICADO TAMA#O OFICIO,50,9.186912
50086740,LAMINADO  1.7 MILS BRILL.60X1M,50,45.93456
50086742,ENMICADO TAMA#O CARTA,50,8.042082
50086762,ENGARGOLADO MET 1/4 GBPLAK,50,8.61273
50086765,ENGARGOLADO MET 3/8 GBPLAK,50,8.61273
50086768,ENGARGOLADO MET 1/2 GBPLAK,50,10.91076
50086770,ENGARGOLADO MET 9/16 GBPLAK,50,10.91003667
50086776,IMP COLR CTA KROMEKOTE  1-50,50,8.406913846
50086777,ENGARGOLADOMET 1 GBPLAK,50,13.20879
50086778,ENGARGOLADO MET 1 1/4 GBPLAK,50,13.20879
50086779,IMP. COLR CTA KROMKOTE  51-100,50,4.2819525
50086783,IMP COL.D/CTA KROMEKOTE  1-50,50,12.08256
50086805,ENGARGOLADO 3/4 GBPLAK,50,12.06303
50086808,ENGARGOLADO 1 1/4 GBPLAK,50,13.204884
50086812,ENGARGOLADO MET 3/8 JUNIOR(,50,11.88075
50086813,ENGARGOLADO  MET 7/16 JUNIOR(,50,14.35455
50086817,ENGARGOLADO MET 3/4 JUNIOR(,50,15.34407
50086819,ENGARGOLADO MET 1  JUNIOR(,50,16.33576
50086820,ENGARGOLADO MET 1 1/4 JUNIOR(,50,16.33359
50086833,ENGARGOLADO MET  DC  PLAST 1/4,50,25.83819
50086834,ENGARGOLADO  DC METAL 5/16,50,28.711704
50086835,ENGARGOLADO DC PLAST 3/8,50,25.83819
50086836,ENGARGOLADO  DC METAL 7/16,50,28.7091
50086837,ENGARGOLADO DC METAL 9/16,50,28.710402
50086838,ENGARGOLADO DC  PLAST 5/8,50,25.83819
50086839,ENGARGOLADO DC METAL 7/8,50,28.71127
50086840,ENGARGOLADO DC METAL 1 1/4,50,28.7091
50086841,ENGARGOLADO  DC  PLAST 1/4,50,23.23419
50086842,ENGARGOLADO  DC METAL 5/16,50,26.108355
50086843,ENGARGOLADO DC PLAST 3/8,50,23.23419
50086844,ENGARGOLADO  DC METAL 7/16,50,26.1051
50086845,ENGARGOLADO DC METAL 9/16,50,26.10727
50086846,ENGARGOLADO DC  PLAST 5/8,50,23.23419
50086848,ENGARGOLADO DC METAL 1 1/4,50,26.1051
50086850,CAMBIO ARILLO METALICO,50,2.604
50086852,ENCUAD FAST BACK 3-125 HOJAS,50,17.2236
50086943,CORDON PORTA GAFETE PERSONAL,50,7.595
50086973,PORTA MENU CURP-PIEL,50,184.78635
50087261,IMP.SULF 24 PTS25.5X8.5 GPM136,50,6.73134
50087391,JUEGO COPETE Y 2 LATERALES 6,50,338.33772
50087646,STIKERS JR,50,0.31899
50087882,PLUMA SERIG.1TIN MS D 150O,50,4.27056
50087920,COUCHE 220GR 28X35,50,15.624
50087922,LONA PARA BANER 60X160,50,100.905
50088675,PVC  SIN IMPRESION 1 A 1000,50,1.6275
50088813,MOUSE PAD 23.5X20 CM,50,22.97234333
50088863,PVC X 2 LADOS,50,12.8849175
50089453,IMP COLOR MAN INSTRUCTOR,50,2.535645
50090239,RENTA DE PC POR MINUTO,50,0.5610701152
50090326,IMPRESION 3D BASE 30 MINUTOS,50,50.5083
50090327,IMPRESION 3D POR MINUTO,50,1.12242816
50090878,BANER CON ESTRUCTURA,50,312.48
50090900,COJIN ENTINTADO ESPECIAL,50,429.24
50091066,TABLA PERIODICA CTA,50,21.91101708
50091406,FOTO LATA KODAK,50,2.80581
50091652,SERVICIO DE ENVIO 2,50,149.65622
50092282,BANNER DE .80 X 1.80,50,244.2632776
50092380,ID MASCOTA,50,14.03122
50092690,LETR INSURG 58X10CMS,50,52.15812
50092791,CALENDARIO (MKT CLIENTE),50,5.68323
50092947,BOLSA ECOLOGICA,50,16.62683591
50093056,CORTE ROUTER SER.DETALLE M2,50,84.18081
50093058,LONA BANNER Y ESTR 60X1.60,50,479.7901135
50093059,LONA BANNER Y ESTR 80X1.80,50,554.6751919
50093309,TELA ART. C/BASTIDOR 50X70CM,50,386.2707033
50093317,CORTE DE VINIL 50 X 20 CM,50,72.957105
50093640,UNIFLEX NE/S 1-40 HOJAS,50,24.54339598
50093641,UNIFLEX NE 41-85 HOJAS,50,30.30756815
50093642,UNIFLEXL NE 86-130 HOJAS,50,35.8513589
50093648,UNIFLEX NE 131-220 HOJAS,50,41.47632673
50093649,UNIFLEX NE 221-340 HOJAS,50,44.83633192
50093652,UNIBACK NE S 1-40 HOJAS,50,19.22268976
50093654,UNIBACK NE M 41-85HOJAS,50,24.88134005
50093655,UNIBACKL NE 86-130 HOJAS,50,30.32804913
50093656,UNIBACK NE 131-220 HOJAS,50,35.74728736
50093658,UNIBACK NE 221-340 HOJAS,50,41.58489958
50093659,UNIHARD  M 1-40 HOJAS,50,115.8079765
50093660,UNIHARD L 86-130 HOJAS,50,119.8819343
50093661,UNIHARD  131-220HOJAS,50,126.1296299
50093663,UNIHARD  221-340 HOJAS,50,137.2766126
50094036,LISTON PORTAGAFETE,50,14.826525
50094282,PROTECTOR DE HJS T/CTA,50,0.8400937611
50094710,ETIQ.PARA ACCESORIOS ESCOLARES,50,10.05260931
50094711,ETIQUETA ESCOLAR 8 MATERIAS,50,10.14660088
50094712,PLANEADOR ESCOLAR D/ CTA,50,14.62086818
50094713,TABLA PERIODICA 1/2 CARTA,50,10.67369485
50094714,HORARIO ESCOLAR CTA,50,14.05525366
50094715,HORARIO ESCOLAR MEDIA CARTA,50,10.156995
50094851,EXHIBIDORES 2,50,22.94775
50094963,BOLSA CON COPETE IMPRESO,50,0.9093969231
50095030,ASESORIA IMPRESION TRAMITES,50,12.54092113
50096187,PHOTO BOOK 8X12 10HJS 2CARAS,50,255.34824
50096189,HOJA ADICIONAL 8X10,50,13.97407667
50096190,HOJA ADICIONA 8X12 2 CARAS,50,15.71393707
50096781,DANGLER AZUL,50,2.29152
50098323,CORTE DE VINIL TC,50,19.64192378
50098326,CORTE DE VINIL TDC,50,30.8659377
50098327,FOTO PANORAMICA KODAK,50,52.40547332
50098328,FOTOTIRA METRICA KODAK,50,51.8511084
50098329,ESTRUCT. BANNER ALUM 60X160,50,199.23204
50098330,ESTRUCT. BANNEER ALUM 80X180,50,217.749735
50098331,SOLICITUD DE EMPLEO,50,1.637296104
50098332,CARTA PODER,50,1.629924551
50098537,PAPEL SEMILLA DC,50,4.490035485
50098620,SALDOS DE TEMPORADA,50,3.250731148
50098804,PHOTO PANEL 4X6,50,57.79860444
50098805,PHOTO PANEL 6X8,50,82.52940644
50098806,PHOTO PANEL 8X10,50,118.2063741
50099980,IMP. PLOTTER COLOR LINEAS 90X50,50,65.89107464
50099981,IMP.Planos Color Adicional 10 cm,50,11.14894615
50100835,FOTO PANORAMICA 8X20,50,39.22901889
50100836,FOTO PANORAMICA 8X24,50,42.79637262
50100998,BOLIGRAFO PROMOCIONAL,50,66.64287
50101193,TERMO TRANSPARENTE,50,27.98649
50101682,GANCHERA NEGRITO,50,5.0778
50103435,FOTO 4X6 MITSUBISHI 1-50,50,2.80011375
50103436,FOTO 6X8 MITSUBISHI,50,5.5579125
50103437,FOTO 6X6 MITSUBISHI,50,5.607081909
50103439,FOTO COLLAGE 4X6 MITSUBISHI,50,2.800204167
50103440,FOTO COLLAGE 6X8 MITSUBISHI,50,8.474639091
50103731,BOLSA ECOLOGICA KODAK PROMO,50,2.786471471
50103876,FOTO 5X7 MITSUBISHI 1-50,50,3.648855
50103880,FOTO 4X6 MITSUBISHI 51-100,50,1.68609
50103881,FOTO 4X6 MITSUBISHI 101-200,50,0.98301
50103895,FOTO 6X8 MITSUBISHI 51-100,50,3.14433
50105174,ETIQUETA TRANSPARENTE,50,15.12622154
50105264,CAJA DE ALMACENAMIENTO SIN-IMP,50,25.25229
50105469,PROMOCION KODAK MAGNETICO,50,2.681396667
50105493,HOJA CARTULINA METALICA CREMA,50,7.088136025
50105495,HOJA CARTULINA METALICA BLANCA,50,7.044840224
50105496,HOJA CARTULINA METALICA PLATA,50,7.213826206
50105497,HOJA CARTULINA METALICA DORADA,50,7.028431497
50105539,IMPRESION A COLOR DIGITAL 1,50,0.8417188889
50105543,IMPRESION A COLOR DIGITAL 5,50,1.11972
50105736,VASO PROMOCION KODAK,50,2.757235385
50105885,IMPRESION SAWGRASS SIN PAPEL,50,21.04800634
50105912,ENVIO DOCS CORREO ELECTRONICO,50,8.432193498
50106339,MINI BANNER C/IMPRESION,50,95.40464182
50106341,REPUESTO IMPRESION MINIBANNER,50,16.83630667
50106549,CAJAS CORRUDAS SIN IMP,50,2.94903
50106568,ESTRUCTURA MINIBANNER,50,89.79243
50106570,PRODUCTOS FIN DE TEMPORADA,50,16.14632103
50107400,ENMICADO SIN DOC T/C Y T/O,50,3.921548785
50108227,SE#AL USO OBLIGATORIO,50,22.44648
50108235,SE#AL USO DE CUBREBOCAS,50,22.449735
50109914,PAPEL TYGER 222GR T/CARTA,50,97.81926
50109923,CUADRO CANVAS C/BASTIDOR 25X25,50,280.60487
50109925,CUADRO CANVAS C/BASTIDOR 20X30,50,318.204026
50109926,CUADRO CANVAS C/BASTIDOR 30X45,50,393.96567
50110114,PLAYERA,50,79.68891
50110448,BITACORA 2,50,25.25229
50111344,PUB CAJA PALETAS RICOLINO,50,150.1206
50111370,ROLLO TERMICO 60 X 60  EQUIPO,50,6.67926
50111566,PORTAGAFETES 1,50,14.839545
50111648,BUBULUBERA HORIZONTAL,50,4.488645
50112134,SERVICIO DE FORRADO 15PZAS,50,109.4331
50112137,MAPA A COLOR,50,7.299041101
50112138,MAPA BLANCO Y NEGRO,50,2.806865696
50112139,PAQUETE DE 100 HOJAS BLANCAS,50,25.09114644
50112195,MINIPRINTS,50,5.367855504
50113119,C PVC 1C,50,6.73134
50113456,TARJETA PVC BN 1 CARA,50,10.05459982
50113457,TARJETAS PVC BN 2 CARAS,50,16.18054472
50113458,TARJETAS PVC 1 CARA BN PAQ 10,50,84.19964328
50113459,TARJETAS PVC 2 CARAS BN PAQ 10,50,138.1539265
50113461,FOTO APEX 8X12 1-10,50,14.63784293
50113462,FOTO APEX 8X12 11-50,50,13.49563238
50113463,FOTO APEX 8X12 51-100,50,12.38682183
50113464,FOTO APEX 8X12 MAS DE 101,50,10.49087878
50113470,BOLSA DE REGALO,50,11.64639
50113540,CONTRATOS TOTALES REPARACION,50,0.702646
50113541,CONTRATOS TOTAL REEMPLAZO,50,0.560945
50113542,CONTRATOS TOTALES MUEBLES,50,0.7016333333
50115262,ELECTRO BLANCO 80X123CMS PZA,50,189.12852
50115268,TARJETAS ESPECIALES,50,3.68559
50116595,SOBRE MEMBRETADO,50,1.12686
50118041,SOBRES,50,5.33169
50118704,PROYECTO HOJAS MEM SALUD DIG,50,0.4139563555
50118824,STICKER 1,50,15.62812795
50118833,BANNER APARADOR,50,12264.24017
50118867,ROLLO TERMICO,50,42.52559322
50118868,ROLLO TERMICO,50,51.930269
50118871,ROLLOS TERMICOS MANDARIN 80X70,50,21.462
50118884,PRECIADOR,50,10.92218381
50118919,SOBRE MEMBRETADO,50,8.4315
50118920,HOJAS MEMBRETADAS,50,0.8663382353
50118923,COPETE ESTIRENO,50,202.3915135
50118928,SOBRES,50,3.196025445
50118937,PRINTER 20,50,244.3117895
50118938,PRINTER 30,50,329.4770769
50118939,PRINTY 40,50,462.455
50118940,PRINTER 50,50,595.73475
50118941,PRINTER 60,50,665.6626667
50118942,PRINTER 55,50,916.09525
50118944,PRINTER 55 DATER NEGRO /ROJO,50,1081.5315
50118954,LONA/RESPA NEGRO RES.MEDI M2,50,4988.939455
50118966,VINIL PRMOCINAL RES.ALTA M2,50,51.3555
50119004,CORTE D IMPRESION BASICA M2,50,8212.281
50119018,GRABADO PERSONALIZADO,50,310.4325
50119180,CABECERA 1,50,18491.92987
50119181,CUADERNO COLLAGE PASTA DURA,50,5498.480519
50119201,STAND EXPO,50,201328.89
50119203,COJIN ENTINTADO ESPECIAL,50,204.6555
50119226,FOMBOARD 5MM,50,832.5445144
50119240,POSTER 2,50,19.1625
50119534,LETRERO,50,73.70045718
50119543,ENVIO,50,6457.366416
50119635,PEDESTAL PTA NTE 2,50,96.40211538
50120322,ROLLO T IND 80X70 MM,50,28.35
50120384,TARJETAS 1,50,3.375296642
50120386,CUADERNO DE TRABAJO,50,243.33309
50120394,GRAFICOS EN TROVICEL,50,191.4877749
50120399,TRIPTICO,50,1.849038318
50120401,CENEFA,50,33.35793574
50120402,IMP SULFATADA 1,50,33.00865327
50120403,IMP SULFATADA 2,50,53.75731561
50120404,IMP SULFATADA 3,50,6.132
50120410,PROYECTO 1,50,1377.898435
50120411,PROYECTO 2,50,7.341895984
50120431,FLYERS,50,1.60826672
50120432,POSTERS,50,169.8264103
50120506,VINIL 1,50,175.93441
50120507,VINIL 2,50,6049.263657
50120508,VINIL,50,1904.493451
50120510,VINIL 3,50,121.107
50120555,CUPONES CASA DE LOS ABUELOS,50,2.68275
50121005,INSERTO DE TOTEM,50,165.32675
50121006,TOPPER,50,15.87294333
50121009,CUPONES,50,4.760035321
50121011,PRECIADOR,50,13.61879412
50121404,GRAFICO EN TROVICEL.,50,637.111207
50121405,INSERTO DE TOTEM,50,144.9285271
50121413,ROLLO MP AGREGADOR,50,7.665
50121542,ROLLO MACFRAN,50,21.33488243
50121581,LETREROS PRECIOS,50,248.9121648
50121584,LONA,50,925.8130603
50121585,ROLLO TERMICO YAKULT 54MMX34MMX12M 58GR,50,6.8985
50121662,INSERTO DE TOTEM,50,128.7209
50121663,INSERTO DE TOTEM 2,50,367.4601
50121664,INSERTO DE PEDESTAL,50,79.38580746
50121668,INSERTO DE TOTEM 60X29 5,50,80.82610345
50121669,INSERTO DE TOTEM 60X30,50,341.64
50121697,BITACORA GERENCIAL JULIO-AGOSTO,50,178.7866202
50121740,PAPEL PRESENTACION 90X60cm,50,115.9348768
50121819,PIZARRON,50,1009.4805
50121983,MANUALES IK2 6 DE 6,50,144.102
50121984,MANUALES IK2 5 DE 6,50,148.701
50121985,MANUALES IK2 4 DE 6,50,200.823
50121986,MANUALES IK2 2 DE 6,50,177.0615
50121987,MANUALES IK2 1 DE 6,50,240.9665588
50121988,COROPLAST BCO,50,277.281375
50121989,GRAFICOS BOTADERO HEB,50,434.98875
50122147,MANUALES,50,308.5678413
50122148,ENMICADOS,50,130.68825
50122162,GRAFICOS WHS - SABRITAS,50,958.8915
50122171,VISUALES 1,50,23260.9755
50122179,EXHIBIDOR ENVOLVENTE,50,6095.208
50122192,CARTEL EMPLEADOS,50,38.325
50122483,ESTIRENO A,50,90.447
50122524,BANNER 60X160 CON ESTRUCTURA,50,830.886
50122527,TABLOIDES,50,12.264
50122537,GRAFICOS DE ESTIRENO,50,87.27196425
50122576,LETREROS XMAS,50,1911.608526
50122577,QUINCENA AK,50,22814.8725
50122579,DISPENSADOR COIS CHOCOLATES HERSHEYS,50,183576.75
50122581,C. TOKEN DP760,50,1.91625
50122582,C. TOKEN DP785,50,9.9645
50122600,BASE 1 TROVICEL PVC,50,273.9227114
50122601,BASE 2 TROVICEL PVC,50,1163.036
50122603,CENEFAS IMPRESION 4X4 TUV,50,15.68082462
50122765,PERIMETROS NUEVOS,50,275.1735
50122766,PERIMETROS,50,329.595
50122767,CAJA DE CARTÃN CON TAPA,50,70.64162903
50122790,PEDESTAL PLUTARCO,50,905.1635
50123077,ROLL UP,50,3832.5
50123184,TARJETA DE PVC CREDENCIAL,50,104.9587988
50123489,AGENDAS SERVIDAY,50,312.4676897
50123494,NV350 URBAN PANEL INSTALACION,50,23158.54044
50123875,IMANES ATRILES,50,344.4051515
50123894,IMPRESION DE STICKERS,50,2.426889349
50123917,BROCHURE,50,14.18025
50124146,IMPRESION ABECEDARIO T.C,50,21.87931461
50124147,IMPRESION TABLA DE NUMEROS T.C,50,21.89098403
50124148,IMPRESION ABECEDARIO T.C,50,27.46776936
50124149,IMPRESION TABLA DE NUMEROS T.C,50,27.27601844
50124150,CUADERNO PERS CARTA CUADRO CHICO,50,74.62744642
50124151,CUADERNO PERS COLLAGE CUADRO CHICO,50,54.95759595
50124788,IMPRE PVC ESPUMADO BCO 45x30.5,50,1080.765
50124923,BBU-1726 PULL OUT SHELF 26.5IN,50,2401.4445
50125002,RECONICIMENTO,50,10.731
50125029,CARTA RECONOCIMIENTO,50,10.02438281
50125065,GRAFICO CARITA PAYASO,50,13.0305
50125078,CALENDARIO PLASTICO,50,83.52851255
50125351,CUADERNO,50,147.700196
50125355,JUEGODEGRAFICOS,50,170.0042343
50125356,GRAFICO HELADERA 35 CM,50,9.58125
50125438,OLA-24005 TORTILLERO AUTO,50,194.691
50125439,BUSA-24002 4x4 SANISSIMO,50,482.895
50125440,RQ-OLA-24006 BIMBO PISO,50,58.254
50125623,CABECERAS  CAMPANA NEEDLE,50,408966.075
50125635,STRIP SPRING STICKER CHICHARRONES,50,1.91625
50125636,STICKERROCKALETA,50,2.06955
50125637,GRAFILETEROCOCARITAPAYASOPA,50,3.92448
50125638,STICKERCHOCOTELLA,50,0.68985
50125639,STICKER MIX,50,0.68985
50125640,STICKER DINAMITA,50,0.7665
50125641,STICKERCANASTILLA,50,1.533
50125642,TARJETONES,50,36.792
50125643,EX350 VINIL GDL,50,10182.66123
50125644,EX350 INSTALACION IZTAPALAPA,50,8192.22936
50125645,EX350 DESINTALACION,50,4096.11468
50125677,POSTER ACCIONES,50,104.244
50125678,FOLDER,50,15.33
50125687,VERIFICADORPRECIOS DELVALLEINSTALACION,50,6581.55225
50125711,STICKER CHICARRONES,50,1.91625
50125712,POSTER MESA 1,50,658.4235
50125713,POSTER MESA 2,50,298.1685
50125714,TABLOIDE OFERTA ACADEMICA,50,25.2945
50125728,STICKER AMAZON PA,50,1.533
50125729,STICKER PA,50,1.533
50125730,ETIQUETA METALIZADA BARCEL,50,1.045432709
50125733,PUBLICIDAD MARCA COLOP,50,33038.78676
50125734,TER-24002 CANASTA PELON EASTER,50,47.13975
50125736,URNA 35 X 35 X 35 CM,50,1407.294
50125737,URNA 18 X 18 X 18 CM,50,339.5595
50125738,SOBRES,50,15.71325
50125739,EMPAQUE,50,3.066
50125740,TELA ROJA 119 X 110,50,1287.72
50125741,TELA ROJA 90 X 110,50,965.79
50125742,TIRA HERBAL SORIANA,50,228.417
50125842,BBU-1759 PULL OUT,50,2399.52825
50125843,BBU-1761 PULL OUT,50,2399.52825
50125844,BBU-1771 PULL OUT,50,2399.52825
50125845,BBU-1760 PULL OUT,50,2399.52825
50125846,TABLOIDE 1,50,8.890735679
50125847,TABLOIDE 2,50,13.41375
50125848,HOJA MEMBRETADA,50,5.3655
50125849,TARJETA CHOCOLATES,50,4.55301
50125850,CREDENCIAL PVC,50,34.52088889
50125869,MANUAL DESPACHO,50,731.05704
50125870,VERIFICADORPRECIO SANTAFE1 EINSTALACION,50,7553.8575
50125871,VERIFICADORPRECIO SANTAFE2 EINSTALACION,50,5196.1035
50125872,VERIFICADORPRECIO INTERLOM INSTALACION,50,3800.881875
50125873,OLA-24003 BAZOOKA,50,61.32
50125874,ACRILICOS NUEVA SUCURSAL,50,4249.284375
50125875,CHUPONERAS CHOCOLATES,50,79.98292136
50125889,SNACKS SALUDABLES,50,3979.668
50125890,ESTRUCTURA INTERLOMAS,50,738.906
50125891,LONA INTERLOMAS,50,12035.583
50125892,COLGANTE 1,50,1751.519152
50125893,COLGANTE 2,50,3472.756
50125894,RECORTE VINIL HEALTHY,50,1529.1675
50125895,RECORTE VINIL MESAREGALOS,50,1890.9555
50125896,LIBRETAS CE FEDEX,50,857.33025
50125897,COPETE ESTIRENOHUMMUS,50,4.530015
50125899,JGO GRAFRACKFRAGMBULK ME,50,592.5045
50125900,STICKER KACANG,50,2.06955
50125901,GRAFICO HELADERA MEDIANA,50,38.70825
50125902,STICKER HELADERA EXPANDIBLE,50,14.5635
50125919,SOBRE CARTA ENGOMADO MANILA,50,5.605881876
50125920,SOBRE CARTA RONDANA MANILA,50,5.605364295
50125921,CLIP EJECUTIVO N 2,50,0.5639145892
50125922,CLIP MARIPOSA N 1,50,2.159626847
50125923,SUJETADOCUMENTOS 19MM,50,3.3682447
50125924,SUJETADOCUMENTOS 5/8,50,3.928081017
50125925,BROCHE PARA ARCHIVO 8CM,50,1.68364163
50125926,LIGAS N 12,50,0.562148717
50125927,CLIP PARA GAFETES,50,3.365887207
50125928,BOLIGRAFO OMX NEGRO,50,4.498192353
50125929,BOLIGRAFO OMX AZUL,50,4.502689113
50125930,SOBRE SOLAPA ENGOMADO N 5,50,3.364531544
50125931,SOBRE SOLAPA ENGOMADO N 6,50,3.362701392
50125932,LAPIZ GRAFITO OMX N 2,50,3.350315116
50125933,LAPIZ MIRADO N 2,50,4.434057548
50125938,JUEGO DE CENEFAS DAPATO,50,17.09295
50125939,BOTADEROS DEL VALLE,50,536.16675
50125940,POSTER MESA VALLE,50,873.81
50125941,TABLOIDE DEL VALLE,50,27.594
50125990,GANCHERAS,50,51.87758718
50125991,BBU-1797 ALL PURPOSE,50,22.2285
50126136,JUEGO DE CENEFAS BOLSAZA,50,16.47975
50126137,PET IMPRESO KINDER,50,7.665
50126138,24053 BLINDALATERALES 4N,50,52.10667
50126139,24054 BLINDALATERALES,50,83.13459
50126140,OLA-24016 BOTADERO FUEGO,50,965.40675
50126141,PALLET Y CABECERAS,50,287590.8
50126142,TENT CARDS,50,28.64455588
50126143,STOPPERS,50,8.21468031
50126144,CONTRATOS,50,3.101789883
50127064,CAMPANA SPRING 24,50,539139.9013
50127123,TER-23033 PRECIADORES PELON,50,10.34775
50127124,TER-24006 MINI SHADOW,50,5151.26325
50127125,PINTARRON LAMINADO,50,1050.105
50127127,S. OFF DEFENSE SIN P.,50,478.81722
50127128,S. OFF DEFENSE CON P.,50,478.7559
50127129,BOTADEROS,50,775.926286
50127131,DIPTICO,50,15.33
50127132,FLYER ALMOHADAS,50,6.8985
50127149,BUSA-24022 EXXON 4X18,50,72.43425
50127150,BUSA-24019 EXXON 3X16,50,49.056
50127151,NV350 URBAN PANEL VINIL,50,14102.01335
50127152,NV350 URBAN PANEL INSTALACION,50,8661.45
50127153,EX350 VINIL,50,10182.66123
50127154,EX350 INSTALACION,50,8192.22936
50127155,CORTE VINIL ECONOMICOS,50,22550.43
50127156,EXHIBIDOR DE ACR BCO,50,1036.84455
50127192,SIDEKICK 2 FRASCOS,50,304.3005
50127193,SIDEKICK 3 FRASCOS,50,304.3005
50127194,S. EXTENDER 2 FRASCOS,50,76.26675
50127195,S. EXTENDER 3 FRASCOS,50,76.26675
50127196,STOPPER 2 FRASCOS,50,53.655
50127197,STOPPER 3 FRASCOS,50,53.655
50127198,PLATICAS DE SEGURIDAD,50,561.078
50127199,ACTIVIDADES DIARIAS,50,422.72475
50127200,FUERA DE PROCESO.,50,405.09525
50127201,CHECK LIST SANITARIOS,50,509.33925
50127202,MTTO PREV. BEBEDEROS,50,561.078
50127203,MTTO PREV. FLUXOMETROS,50,551.88
50127204,HOJAS DE ASISTENCIA,50,561.078
50127205,BUSA-24021 EXXON 4X16,50,59.0205
50127206,BUSA-24027 COOLER,50,9.198
50127773,RQ OLA 24039 MARISELA 43,50,53.655
50127774,REVISTERO TROVISEL,50,678.73575
50127775,REVISTERO VINIL,50,286.28775
50127776,Letrero Pet C40,50,210.7875
50127842,ETIQUETA ATENCION,50,1.6863
50127843,ETIQUETA FRAGIL NO APILAR,50,1.74762
50127844,ETIQUETA CONSECUTIVO DE TARIMA 1,50,2.44258
50127845,ETIQUETA CONSECITIVO DE TARIMA 2,50,2.44258
50127846,ETIQUETA FRAGIL,50,1.7591175
50127896,COPETE TOSTIZONA,50,475.9965
50127897,TER-24046 JARRITOS RACK,50,14.94675
50127898,GRAFICO TER-24079 RACK TOTIS,50,436.905
50127899,GRAFICO DIPS,50,4.599
50127900,GRAFICOS CHIMENEA WALMART,50,171.696
50127912,MOCHILAS,50,625.84725
50127913,GORRAS,50,353.3565
50127914,GRAFICO CARITA PAYASO,50,8.475798599
50127915,CABECERA TEMPORALIDAD DDN 2024,50,151033.4595
50127916,ARTES EXTRA CAMBIO CAMPANA SP24,50,5727.799
50127917,NUEVAS TIENDAS ATRILES LIVERPOOL,50,10246.572
50127918,HELADERAEXPANDIBLECERRADA,50,23.7615
50128076,CAMPANA ARTEMIGA SPRING24,50,14487.35589
50128077,IMPRESION EN COROPLAST 180X50,50,20293.0875
50128078,MENUS SUCURSALES,50,11180.36063
50128093,CABECERAS BTS 2024,50,147961.3275
50128094,CENEFALEOYENCANTO510x46,50,10.731
50128095,CENEFALEOYENCANTO320x46,50,7.28175
50128096,BLOCKS,50,101.178
50128149,CUADERNO COURIER LEO,50,243.33309
50128150,BBU-1818 COFFEE ZONE,50,61.32
50128151,BBU-1819 METAL CLIP,50,1.9929
50128152,TABLEROS COPA BOSQUES,50,8019.314625
50128259,CABECERAS BTS,50,566838.5388
50128350,BBU-1824 18IN NARROW,50,53.27175
50128351,BLOCKPRODUCTOEN PROCESO,50,130.68825
50128352,GRAFICO TER-24070 ZUKO,50,330.74475
50128353,D. RAID ESSENTIALS,50,132.593136
50128354,FOURWAYS BTS 2024,50,54321.855
50128388,BBU-1814 METAL CLIP,50,2.52945
50128389,ETIQUETA CARTULIANA SULFATADA Y LISTON,50,106.5435
50128390,PUBLICIDAD PORTA,50,3.066
50128391,ENCENDIDO Y APAGADO LUCES,50,3.066
50128392,ENCENDIDO Y APAGADO VENTILADOR,50,3.066
50128393,ETIQUETA,50,6.054488764
50128394,COROPLAST BCO 4PTS DFRTES MED,50,6200.4229
50128396,BLOCKS,50,123.1268311
50128397,TARJETAS DE BOLSILLO,50,5.74875
50128426,LETREROS,50,423.3998827
50128427,REEMPASTADO 5 CUADE.,50,306.6
50128449,ROLLOS TERMICOS GARIS 110 X 83 MM,50,54.1149
50128450,ROLLOS AUTOCOPIANTE VIDANTA,50,24.3877905
50128497,CABECERAS BTS 2024,50,457950.024
50128499,DANGLERS WALMART,50,12.1107
50128500,STICKER STRIPSPRING JACKLINKS,50,4.98225
50128501,AGEXH9NICHOSCOPETE ESTIRENO,50,11.88075
50128502,STICKERDESPNUTELLA200GRS,50,4.9056
50128503,HELADERAMEDBOBOLI&ENTENMANNS,50,24.32871
50128510,OLA 24038 BIMBO PISO 43,50,55.188
50128511,ALARMAS OFFICEMAX,50,2046.555
50128512,LIBRETAS ADMINISTRATIVAS SP,50,104.0907
50128513,LIBRETA OPERATIVA SP,50,97.3455
50128514,CABECERA MOOVING BTS,50,93568.188
50128523,FLYER ALMOHADAS,50,9.9645
50128524,INSERTOS,50,352.20675
50128525,SEPARADOR LINEA DE CAJA,50,148.8543
50128528,SOBRE BOND COLOR,50,2.524968138
50128580,4WAY OFFICEMAX BTS 2024,50,34642.15913
50128581,HELADERA MED FREEZARMARINELA,50,40.1454375
50128583,COPETES 3MMPVCDIXON,50,164.031
50128584,FLYERS,50,4.779352941
50128667,CABECERAS BTS 24 SCRIBE,50,716620.3958
50128670,TER 24069 ZUKO PISO,50,38.70825
50128671,BBU1868 COF ZONE SLAN BIMBO,50,62.0865
50128672,BBU1869 COF ZONE SLAN MARINELA,50,62.0865
50128673,BBU 1870 COF ZONE SLAN  ENTENMANNS,50,62.0865
50128674,ROLL UP,50,3908.287688
50128689,SERVICIO,50,2797.725
50128690,TMX 2024 102 PISO JACK LINKS,50,60.5535
50128691,LETREROS EN COROPLAST,50,12340.65
50128692,FOLLETOS Y LETREROS EN COROPLAST,50,7356.867
50128693,STICKERS,50,1.6863
50128695,VINIL CRISTALINO,50,607.45125
50128696,PROYECT NEWELLCABECERAS BTS2024,50,283362.4028
50128720,CUADERNO ACTIVIDADES COURIER,50,144.102
50128721,CUADERNO TRABAJO COURIER SIN EJERCICIOS,50,224.5845
50128754,SIGNBANDS,50,61.32
50128755,ETQ. DNI COUCHE 50x25,50,306.6
50128756,ETQ. 50% COUCHE 40x35,50,332.27775
50128757,ETQ. ASIS COUCHE 60x60,50,562.611
50128758,CANASTILLA PASTELITOS,50,3.44925
50128849,BITACORA GERENCIAL,50,241.639125
50128850,MATERIALES REBAJAS S 2024,50,52767.393
50128851,BBU 1839 WIRE GRILL REM,50,274.407
50128852,GRAFICO TMX-2024-116 RISTAS,50,3.066
50128853,24061 CENT TOST DE 70 NG,50,259.077
50128854,24062 CENT TOST DE 100 NG,50,347.60775
50128913,OLA-24067 ARETERO PASTELES,50,24.14475
50128971,OLA-24069 ARETERO BIMBO,50,21.462
50128972,OLA-24068 ARETERO GALLETA,50,21.07875
50128973,STICKER KKWT,50,1.76295
50128974,STICKER CHOCOLOCURA,50,1.76295
50128975,VINILES LA FINA,50,7100.0895
50129015,VINILES ELECTROLIT OXXO QUERETARO,50,72853.14225
50129037,SIGNBANDS 113.5x22,50,49.8225
50129038,SIGNBANDS 85x22,50,43.30725
50129039,STICKER HELADERA EXPANDIBLE,50,12.64725
50129040,TER-24089.1ONE SIDED,50,297.01875
50129041,TER-24089.2 ONE SIDED,50,312.34875
50129042,STAND AUTOMARK BBVA,50,3924.48
50129043,ESTRUCTURA AUTOMARK BBVA,50,75321.6555
50129044,SIDECKICK NIDAL,50,264.4425
50129064,COPETE REJILLA  6F2N,50,22.61175
50129101,CHUPONERAS NESTLE,50,71.20785
50129113,LIBRETA TAMANO COLLAGE,50,9.780057034
50129114,PLUMA,50,30.27675
50129115,STICKER ZAMBOS,50,1.91625
50129179,JGO STICKER CHUTAZO,50,10.731
50129190,BUSA-24041 3FT SHADOW,50,2449.734
50129191,24067 ATS FAMILIARES CHICO,50,312.732
50129192,24049 ATS FAMILIARES  GRANDE,50,400.8795
50129193,BBU 1910 1X1 FRONT,50,307.74975
50129194,BTS 2024 BROTHER,50,306301.065
50129195,GRAFICO BUBULUBERA HORIZONTAL,50,7.0518
50129196,JUEGRAFBOTADEROMEDPALLETDHCTO-4618,50,2010.5295
50129197,BRIEF RAID EXPRESSO VINIL,50,130.305
50129198,BRIEF RAID EXPRESSO ESTIRENO,50,137.97
50129259,STICKER STRIP SPRING BIMBO&MARINELA,50,5.2122
50129260,CAJA ACRILICO,50,323.2316038
50129261,BITACORA GERENCIAL,50,287.2163942
50129262,TIRA MAGGI MICHE,50,25.67775
50129268,JUEGO GRAFICO BAZOOKA DOBLE TR ATS,50,146.4015
50129269,JUEGO GRAFICO BAZOOKA DOBLE DH ATS,50,204.6555
50129270,GRAFICO COPETE EXH RULETA TRDH 260PZ,50,12405.8025
50129271,JGO GRAFICOS ROBOTINA ATS 2024,50,356.1054256
50129277,OT SISTEMA MODULAR VDMX,50,1011.78
50129298,ROLLO SATINADO  76X70 CP01,50,18.30402
50129299,ROLLO AUTOCOPIA 76X76 CP01,50,35.12103
50129330,COPETE ESTIRENO BBB 24 BUBULUBU,50,5.892184158
50129331,Stickers Chutazo (3pzas),50,8.648447811
50129332,GRAFICO FRITO LAY,50,3.75585
50129333,GRAFICO CHOKIS,50,5.28885
50129334,GRAFICO HONEY MONSTER,50,4.98225
50129335,GRAFICO COPETE QUAKER,50,5.3655
50129336,STICKERS AG Copetta  NUTELLA,50,18.77925
50129337,STRIPSPRING CHOCOTELA/GIRO/GLADIADOR,50,2.06955
50129338,GRAFICO HELADERA 35 CM GANSITO,50,13.0305
50129344,RACK HIELERA,50,148.701
50129345,PUBLICIDAD AIG 1,50,4369.00401
50129346,PUBLICIDAD AIG 2,50,9544.3047
50129347,TARJETA AIG,50,15.33
50129348,ROLLO TERMICO CRAVIOTO,50,28.3605
50129351,GAMING FEST,50,996450
50129352,BOLSAS CON LOGO AMD,50,51.73875
50129353,GIVEAGWAYS AMD,50,499758
50129412,EXHIBIDOR BAKALAR,50,137.2035
50129413,MANUAL SERVICE AGENT,50,337.26
50129429,ETIQUETA DELAMINA BICAPA,50,176.295
50129430,ETIQUETA ADHESIVO COUCHE,50,1.596300025
50129431,EXHIBIDOR BALANCE,50,928.2315
50129432,EQUIPOS DE COMPUTO Y ACCESORIOS,50,221125.6688
50129561,JUEGOGRAFGLORIFICADOR MUSIC FRAME,50,276.131625
50129562,CAMPANA OTONO 2024,50,17770.15275
50129574,OLA 24106 BAZOOKA TIA ROSA,50,52.122
50129575,OLA-24105 BAZOOKA RAPIDITAS,50,59.0205
50129580,INSERTOS ENCARTE,50,7.28175
50129581,OLA-24103 BIMBO PISO 60 CM 6P,50,87.381
50129582,OLA-24104 BIMBO MIXTO PISO 43,50,77.79975
50129583,OLA-24101 BIMBO PISO 43 CM 6P,50,54.80475
50129584,OLA-24102 BIMBO MIXTO PISO 43,50,53.27175
50129585,RQ 24078 ATS RACK BOLLERIA,50,325.7625
50129586,CAMBIO CAMPANA FALL 2024,50,530113.5922
50129587,OLA-24100 RUCAL BOTANAS 43,50,482.895
50129588,OLA-24098 RUCAL GALLETAS 43,50,358.722
50129589,STICKER VINIL ADHERIBLE,50,17.64713502
50129590,GRAFIBUBULUBERAHORIZ7890BBB,50,6.97515
50129591,GRAFEXHIBI7889CHUTAZO,50,10.5777
50129592,PET IMPRESO ARTE NINA ROSA,50,4.9056
50129593,PET IMPRESO ARTE NINO AZUL,50,4.9056
50129594,PET IMPRESO ARTE ANIMALES VERDE,50,4.9056
50129705,GRAFICO CENEFA JAMESON SHELF,50,17.6295
50129802,COPETE ESTIRENO,50,25.15812883
50129803,OLA-24108 GRAF PLATINO RUCAL,50,768.7995
50129804,OLA-24113 PARRILLAS PLANAS,50,6.51525
50129817,VINIL MICROPERFORADO,50,2984.751
50129818,LONA,50,2330.403886
50129819,CORTE VINIL,50,766.5
50129842,DISPLAY,50,158.6655
50129843,POSTER OREO,50,308.51625
50129845,ROLLO TERMICO BED BATH,50,38.0695
50129846,AGStripSpringCrackets,50,1.6863
50129978,STICKERS MEX 6,50,1.76180597
50129979,STICKERS MEX 6 2,50,1.533
50129980,AGPaletaPayasoBubulubu Panditas,50,5.74875
50130184,RECONOCIMIENTOS RH,50,7.28175
50130241,TARJETA RESPONSABILIDAD 90X110MM,50,43559.4285
50130252,RQ 24145 DE CENEFAS PEPES,50,110071.3929
50130253,PRECIADOR  SC,50,40.6245
50130254,PRECIADOR  SAMS,50,43.6905
50130257,CARPETA DE ARCHIVO,50,29.51025
50130380,TRIPTICO,50,15.33
50130381,TARJETAS DE PRESENTACION,50,5.74875
50130382,LETRERO COROPLAST,50,151.4226304
50130383,SUBWAY PISO IMPRESION MDF,50,2774.73
50130384,SUBWAY MOSTRADOR IMPRESION MDF,50,2115.54
50130385,ACRILICO,50,49.39753571
50130424,SOBRES AMARILLOS IMPRESOS,50,8.04825
50130425,ELECTROSTATICO VINIL BED BATH 1,50,294.336
50130426,ELECTROSTATICO VINIL BED BATH 2,50,574.875
50130427,INSERTO TOTEM BED BATH,50,38.325
50130428,INSERTO TOTEM BED BATH 1,50,421.575
50130429,INSERTO TOTEM QRO 1 BED BATH,50,317.331
50130430,INSERTO DE PEDESTAL BED BATH,50,82.782
50130479,VINIL ESMERILADO CON RECORTE,50,34208.895
50130492,TROVICEL 1,50,73.99673077
50130493,TROVICEL 2,50,334.9605
50130494,MODEC LAMINADO TERMICO,50,1432.97175
50130596,TRIPTICO AIG,50,1.6863
50130613,MARBETES,50,49.056
50130685,Espejo para Maquillaje Luz LED,50,579.306
50130694,TER-24122 2FT LA MOLIENDA,50,917.5005
50130695,TER-24125 ABRACO 4X4,50,785.27925
50130696,OLA-24097 RUCAL BOT 60 CHIPS,50,640.794
50130697,OLA-24097 RUCAL BOT 60 TAKIS,50,640.794
50130698,AG COPETE OREO,50,3.425212292
50130699,CENEFA 35 PINGUINOS,50,27.21075
50130700,GRAFICO CON SOPORTE COROPLAST,50,588.672
50130703,TRIPTICOS NUNHEMS,50,30.66
50130704,LETREROS EN COROPLAST,50,157.51575
50130705,TARJETAS DE PRESENTACION,50,5.3655
50130706,CABECERAS NAVIDAD 2024,50,158583.8678
50130723,GRAFICO HONEY MONSTER,50,3.44925
50130724,GRAFICO CHOKIS,50,3.9858
50130725,COPETE FLAMING,50,3.8325
50130726,COPETE FRITOLAY,50,3.9858
50130753,GRAFICOS BOTADEROS ENOMEX,50,688.317
50130754,EXHIBIDOR ACRILICO,50,712.845
50130755,ENVOLVENTEBACKCAJONDEMADERA,50,6645.555
50130790,ETIQUETAS AMAZON,50,2.652936115
50130791,POSTALES,50,10.731
50130792,BOLSA DE CELOFAN PZA,50,53.655
50130830,LETREROS SUANCAESTIRENO,50,83.93175
50130862,POSTER MODEC 1,50,854.6475
50130863,POSTER MODEC 2,50,939.729
50130864,POSTER MODEC 3,50,1934.646
50130865,POSTER MODEC 4,50,1980.25275
50130866,POSTER MODEC 5,50,1980.25275
50130867,POSTER MODEC 6,50,1144.00125
50130868,POSTER MODEC 7,50,384.39975
50130869,PANEL MODEC,50,380.184
50130870,POSTER MODEC 8,50,945.861
50130871,CARTEL SILENCIO,50,56.721
50130872,LETRERO REFRI,50,430.0065
50130873,POSTER MODEC 9,50,994.1505
50130874,TABLERO MODEC1,50,405.86175
50130875,TABLERO MODEC2,50,413.91
50130876,TABLERO MODEC3,50,413.91
50130878,LETRERO EN ACRILICO,50,413.52675
50130879,SERVICIO DE DISENO PARA LETRERO,50,766.5
50130899,FORD IMAN PARA MONTAJE,50,1420.70775
50130900,SPRINTER IMAN PARA MONTAJE,50,1353.25575
50130901,ISUZU IMAN PARA MONTAJE,50,732.39075
50130902,URVAN IMAN PARA MONTAJE,50,1353.25575
50130903,TER-24126 MONTABLE ALPINA NE,50,269.808
50130904,PROMOCORP CHEDRAUI,50,380.56725
50130905,PROMOCORP RESTO AUTOSERVICIO,50,380.56725
50130906,PROMOCORP SORIANA,50,380.56725
50130907,PROMOCORP MAYOREO,50,380.56725
50130908,REVISEMOS LO APRENDIDO,50,15.6366
50130909,GUIA DE APLICACION,50,9.38196
50130910,NOM Y CONTANDO EL MUNDO NC M .24.10,50,4.69098
50130911,NOM Y CONTANDO EL MUNDO NC M .24.11,50,4.69098
50130912,HOJA DE RESPUESTAS,50,0.68985
50130913,FORMATO DE REVISION DE RESPUESTAS,50,0.68985
50130914,STICKER PARA STRIP CHEETOS,50,1.6863
50130925,MANUALES DE SITIO Y LONAS,50,573317.8553
50130926,CALENDARIO MODELO,50,13.16847
50130927,COPETE ESTIRENO RITZ,50,3.8325
50130928,GASTOS POR ENVIO,50,536.55
50130930,CAJA Y TAPA,50,779.91375
50130931,CABEZA DE PERRO,50,1427.5296
50130932,CUADRO,50,2169.9615
50131050,LONA MONTEBLANCO 11x 3 m,50,7784.71197
50131174,GANCHERA GUATEMALA 6S50,50,44.02606131
50131175,STICKERS NUTELLA 8007DESPNUT,50,4.599
50131195,RECONOCIMIENTOS WALMART,50,554.56275
50131196,RECONOCIMIENTOS BODEGA AURRERA,50,357.189
50131197,RECONOCIMIENTOS SAMS,50,636.195
50131199,SENALETICA IMPRES ALUCOBOND TROBBU,50,26451.915
50131200,SENALETICAIMPRESALUCOBONDVILLASTROBBU,50,5821.5675
50131201,LETRERO BASE ESTIRENO SANTA FE,50,6962.50275
50131202,LETRERO BASE ESTIRENO GRAN SUR,50,6093.29175
50131203,LETRERO BASE ESTIRENO DEL VALLE,50,6951.00525
50131204,LETRERO BASE ESTIRENO SATELITE,50,9396.14025
50131205,EQUIPO COMPUTO APERTURA TROBBU 1,50,40751.37108
50131210,ARTICULOS DE OFICINA APERTURA TROBBU 1,50,26582.22
50131211,MUEBLES APERTURA TROBBU 1,50,36902.376
50131229,CABECERAS  2025,50,488701.2375
50131259,URNAS C/ VENTANAS Y RANU,50,441.504
50131260,GRAFICO JACK DANIELS,50,134.52075
50131263,APERTURA TROBBU COFFE,50,36945.3
50131269,PROYECTO UTC,50,68194.7385
50131270,PROYECTO ULA,50,27818.20125
50131282,CAMPANA FEBRERO,50,22666.7847
50131283,ETIQUETAS,50,2.829364384
50131285,VINIL ADHERIBLE 760X40,50,3597.56775
50131286,VINIL ADHERIBLE 263X40,50,1292.319
50131287,VINIL ADHERIBLE  270X25,50,1891.722
50131288,VINIL ADHERIBLE  147X35,50,1142.085
50131289,VINIL ADHERIBLE 90X60,50,369.453
50131290,VINIL ADHERIBLE 160X206,50,2327.094
50131291,VINIL ADHERIBLE 280X550,50,8735.034
50131292,TROVICEL 72X42,50,871.5105
50131293,RQ OLA 25051 ZARCERENA,50,198.5235
50131294,RQ OLA 25047 ZARCERENA 60 CM,50,182.81025
50131298,RQ OLA 25014 CABECERA TMM,50,334.194
50131301,ACRILICOS,50,499.8431667
50131302,FOLDER,50,70.13475
50131303,BROCHERE TRIPTICO,50,63.6195
50131304,CONTRATOS MUEBLES,50,3.030782432
50131305,CONTRATOS REEMPLAZO,50,2.93825
50131306,CONTRATOS REPARACION,50,2.8689
50131307,BAKALAR 3 BOTELLAS,50,99.645
50131308,BAKALAR 6 BOTELLAS,50,183.57675
50131309,STICKER YUMMI,50,2.68275
50131311,GRAFCOPETEMETAL4 WAYSAUCERCENT,50,42.1575
50131325,ENVOLVENTE4X4 KRONALINE,50,3602.55
50131365,PAPELERIAIMPRESATROBBU,50,141981.861
50131366,ALWAYSNORTHPLAN INFOSTOPPV6,50,365.23725
50131379,GRAFICO BUBULUBERA HORIZONTAL,50,7.0518
50131380,GRAFICO EXHIBIDOR CHUTAZO,50,5.6721
50131381,GAFICO EXCH KELLOGG,50,662.8010318
50131387,LONA VENTANAL CORPORATIVO OPRIMAX,50,1352211.731
50131431,LIBRETAS,50,117.2745
50131451,ACRILICOS DE PARED 22X34,50,1299.2175
50131452,ACRILICOS DE PARED 34X44,50,929.38125
50131453,VINIL ADHERIBLE,50,241.0309239
50131454,VINIL ESTATICO TRASPARENTE,50,55.57125
50131455,CENEFA FRAGUA BALCON GALLETA,50,11.88075
50131456,BANNERS SAMSUNG,50,3146.4825
50131494,RACK KARATE,50,169.77975
50131495,BALCONERA 2025,50,11.11425
50131496,DIPTICO,50,24.14475
50131499,MODULAR 5N45 H190 BIS,50,291.006123
50131500,MODULAR 4N50 H140 PS20,50,205.9641585
50131501,BASICO 8N70,50,315.0315
50131502,BASICO 8N90,50,400.49625
50131520,CINTA ADHESIVA IMPRESA,50,42.42487136
50131563,BASICO 7N50,50,277.08975
50131564,MODULAR GNF7 BIS,50,285.9045
50131565,EXHIBIDOR DE PISO 5N54 SAV,50,166.3305
50131566,CHAZA 2N35 H60 BIS,50,49.056
50131567,MODULAR 5N40 H190,50,350.67375
50131568,BOTADERO HEXAGONAL,50,512.022
50131569,LONA,50,27246.009
50131668,SISTEMA MODULAR 4T160,50,100.79475
50131669,CHAZA 3N40 H60 BIS,50,17.0163
50131731,RECETAS,50,183.96
50131732,COPETE CARICAM FRITOLAY,50,3.6792
50131733,COPETE CARICAM CHOKIS,50,4.2924
50131734,COPETE CARICAM HONEY MOSTER,50,3.8325
50131735,COPETE CARICAM QUAKER,50,4.98225
50131736,COPETE CARICAM LAYS,50,5.8254
50131737,PORTA MENUMATERIAL VINIPIEL CON LOG,50,752.703
50131738,BAUCHERAS TROBUU VINIPIEL LOGO GRABADO,50,604.53855
50131739,OLA-24122 TORTILLERO,50,175.91175
50131803,GRAFICOS GAM CADDIE PERMANENTE,50,75.117
50131804,VINYL GUILLETTE & VENUS,50,29.2803
50131805,SIDEKICKDUPLAPERFECTAORALB,50,414.29325
50131845,BUSA-25012 EXPANDIBLE WINC,50,13.797
50131846,STAND DE 3X3M 2.40 M DE ALTO,50,118939.6599
50131847,STICKER 12X 12 PERMANENTE,50,9.198
50131848,ELECTROSTATICO 10x10,50,36.0255
50131849,DANGLER12x19.81,50,26.44425
50131850,STOPPER 22x122 CM,50,116.508
50131990,KIT PLAENADOR DECORADO 40X60CM QUARTET,50,281.8149409
50132081,GRAFICO CARITA PAYASO,50,12.03405
50132082,STAND EXPO 2025 3X3 M,50,268275
50132245,TER-25012 DUMPBIN PELON 2025,50,226.50075
50132246,RECONOCIMIENTOS 1,50,3766.4277
50132247,RECONOCIMIENTOS 2,50,1255.48101
50132248,QUESERA GRANDE,50,27.97725
50132249,QUESERA CHICA,50,25.67775
50132250,STICKERHELADERAEXPANMARINELA,50,15.33
50132251,STICKERHELADERAEXPANLONCHIBON,50,15.33
50132252,IDENTIFICADORES DE MESA,50,13.0305
50132253,CREDENCIALES,50,24.14475
50132254,LIBRETAS MARZO SIN LA HOJA 4CC,50,108.843
50132275,DANGLER18x8 CM,50,12.64725
50132276,VINIL METALIZADO DIOR,50,2724.64689
50132379,SELLO R45,50,1023.533
50132380,GAM CADDIE7 ELEVEN,50,126.85575
50132381,BASICO 5N50 HONDURAS,50,187.40925
50132382,BASICOS 6N50 HONDURAS,50,272.49075
50132402,STICKER NUTELLA 200 GRS,50,6.132
50132412,CANTILEVER LITERATURE RACK,50,8.81475
50132710,FOLLETOS SHASA,50,74.3505
50132711,CUADERNILLOS ENGARGOLADOS,50,151.38375
50132712,SAB BALCON DIPS CS 25,50,39.25347255
50132713,CHAZA 3N40 H60 BIS,50,47.90625
50132756,LIBRETA ATENSION DE CORAZON,50,57.4875
50132766,STICKER PERSONALIZADO 1,50,8.04825
50132767,STICKER PERSONALIZADO 2,50,9.9645
50132768,STICKER PERSONALIZADO 3,50,11.4975
50132769,VINIL RECORTE PERSONALIZADO,50,282.45525
50132902,MX112 BLOCK 250 FOLIOS,50,677.775
50132907,MX127 BLOCK 250 FOLIOS,50,677.775
50132914,MX141 BLOCK 250 FOLIOS,50,677.775
50132922,MX304 BLOCK 250 FOLIOS,50,677.775
50132926,MX402 BLOCK 250 FOLIOS,50,677.775
50132927,MX404 BLOCK 250 FOLIOS,50,677.775
50132939,MX523 BLOCK 250 FOLIOS,50,677.775
50132944,MX532 BLOCK 250 FOLIOS,50,677.775
50132955,MX557 BLOCK 250 FOLIOS,50,677.775
50132958,MX565 BLOCK 250 FOLIOS,50,677.775
50132959,MX560 BLOCK 250 FOLIOS,50,677.775
50132960,MX568 BLOCK 250 FOLIOS,50,677.775
50132961,MX567 BLOCK 250 FOLIOS,50,677.775
50132962,LIBRETAS,50,109.99275
50132963,BOLIGRAFO PLASTICO,50,29.8935
50132964,JGOGRAFFLOORDISPLAYHEBALWAYS,50,1171.9785
50132984,ETIQUETA ECOLAB,50,21.43785
50132999,MANUAL 1,50,715.1445
50133000,MANUAL 2,50,150.234
50133001,IMPRESION SULFATADA 12PTS,50,4.599
50133043,POSTERS - ETIQUETAS,50,107.31
50133044,ELECTROSTATICO 10x10,50,19.54575
50133045,DANGLER8x8 CM,50,6.8985
50133113,BANNER SAMSUNG S2 EDGE,50,3146.4825
50133160,CABECERAS BTS 2025,50,149314.2
50133176,ETIQUETAS DIMEINT,50,6.132
50133179,SAB BALCON DIPS V,50,4.98225
50133180,TARJETA IMPRESION SULFATADA 14 PTS,50,5.4065625
50133183,CAJA CORRIGADAS CON REJILLA,50,71.66775
50133184,VOLANTES,50,14.18025
50133252,PAPEL APERLADO 90X60cm,50,172.85352
50133256,VINIL ADHERIBLE 90x60cm,50,190.24824
50133270,HOJA ACTIVIDAD,50,0.32193
50133271,GRAFICO HELADERA FREEZER HANGER,50,32.57625
50133273,PARENTE DE METAL DOBLE CARA 180 X 80,50,8124.9
50133305,FLOORDISPLAY SLIM,50,281.3055
50133332,MANTELETAS AD,50,2.98935
50133333,MANTELETAS INF,50,2.98935
50133978,STIKER SABRITAS,50,1.533
50134025,COPETE CAB Y 4WAY OFFICEMAX BTS2025,50,214622.974
50134042,PRODUCCION DISPLAY  SAUL OMX,50,3449.25
50134083,ARTES MINI 1 4 DEPALLET HERSHEYS,50,453.768
50134112,GRAF HELADERA GEN KELLOGG,50,32.57625
50134131,SENALIZACION RIESGO DE CAER,50,73.584
50134132,SENALIZACION ZONA DE RIESGO,50,144.102
50134133,SENALIZACION  LUGAR LIMPIO LUGAR SEGURO,50,73.584
50134134,SOLVATEX ROLLO GLOSSY,50,837.7845
50134135,SOLVATEX ROLLO GLOSSY PEQUENO,50,291.27
50134260,CENEFA HERSHEY,50,5.74875
50134280,CAMPANA NICKELODEON,50,114975
50134285,DESPACHADOR NUTELLA 200GRS,50,6.8985
50134286,RETIRO DE VINIL,50,3602.55
50134326,MODULAR 2N50,50,197.37375
50134327,BASICO GNF8,50,298.55175
50134328,GLORIFICADOR RECTANGULAR,50,30.27675
50134329,STOPPERS EN L,50,42.924
50134335,LETREROS KIOSCOS RH,50,122.25675
50134336,RQ 25075 ATS EXHIBIDOR MINI,50,160.58175
50134337,RQ 25063 ATS PALMERA AUTO,50,568.743
50134338,RQ 25062 DE BIMBO DULCE 60,50,87.76425
50134339,RQ 25069 DE MOSTRADOR 60,50,87.76425
50134340,RQ 25072 DE BIMBO PISO  60,50,87.76425
50134341,RQ 25068 DE MOSTRADOR  60,50,87.76425
50134349,KIT BTS OWENS PRIMARIA,50,1034.061
50134350,KIT BTS OWENS SECUNDARIA,50,1163.169
50134410,SENAL DE ADVERTENCIA,50,636.9615
50134411,SENAL DE ADVERTENCIA SEGURIDAD 2,50,587.9055
50134525,BTS 2025 BROTHER,50,295976.1567
50134526,CABECERAS CLIP OMX,50,118347.6
50134527,JUEGO DE CABECERA INBLACK,50,1761.47832
50134528,JUEGO DE CABECERA INCOLORS,50,1942.90887
50134529,FOURWAY MARIO BROS,50,1349.60721
50134530,MUELAS SERIE IV,50,3388.80381
50134531,BANNER CON ESTRUCTURA,50,804.825
50134532,FLAG BANNER,50,7573.02
50134546,POSTER DORMIMUNDO,50,166.3305
50134547,BRANDEO UTC ECATEPEC,50,275506.9275
50134548,BANNER UTC,50,12933.921
50134549,COPETE ESTIRENO  BON BON,50,5.9787
50134559,BOLIGRAFO LOGO GRUPO ANGELES,50,6.51525
50134560,FOLDER INSTITUCIONAL,50,5.9787
50134561,REGLAMENTO,50,117.65775
50134563,ETIQUETAS CARTULINA SULFATADA PROF1,50,48.67275
50134564,ETIQUETAS CARTULINA SULFATADA SHOP1,50,48.67275
50134591,TROQUEL,50,2247.378
50134592,BITACORAS SHASA,50,289.737
50134593,MANUAL MANPOWER,50,133.75425
50134594,LIBRETAS PERSONALIZADAS,50,122.64
50134595,ENVIO QUERETARO,50,7665
50134601,EXHIBIDOR DE PISO CON RUEDAS,50,459.9
50134650,MANUALES,50,713.99475
50134651,4WAY BACK TO SCHOOL OMX2025,50,24950.98536
50134669,COPETE ESTIRENO OREO,50,4.599
50134679,TARJETAS DE PRESENTACION BED BATH,50,6.51525
50134680,DEMOSTAND 120x190 cm,50,7205.1
50134681,WALL PRESS   RECTO,50,7082.46
50134682,TRIPTICOS,50,13.797
50134708,PROYECTO ULA NORTE,50,10099.404
50134711,PROYECTO ULA CUERNAVACA,50,22591.821
50134713,PROMO BIC IMPRESION BN CARTA,50,0.00651
50134715,LETRERO ANIVERSARIO,50,13246.26975
50134716,STICKERS,50,5.3655
50134749,EQUIPO A AC,50,58.254
50134750,EQUIPO A AC 30,50,19.1625
50134753,VINIL GAS LP,50,136.437
50134754,VINIL DIESEL,50,45.99
50134755,CIRCULOS 5X5,50,5.3655
50134756,PROHIBIDO TIRAR BASURA,50,12.264
50134757,ETIQUETA VOLTAJE,50,2.68275
50134758,VINIL GAS Y DICEL,50,3.066
50134759,FLUJO DE AGUA,50,11.4975
50134760,GAS LP BUTANO PROPANO,50,145.635
50134761,ROMBOS TRICOLOR,50,42.1575
50134762,NO FUMAR,50,19.1625
50134763,PELIGRO INLFAMABLE,50,19.1625
50134764,VINIL RIESGO ELECTRICO,50,19.1625
50134765,ALTO VOLTAJE,50,19.929
50134766,ALTO VOLTAJE 5X10,50,7.665
50134767,CUIDE SUS MANOS,50,19.1625
50134768,VINIL AIRE ACONDICIONADO,50,76.65
50134769,RESIDUOS,50,88.914
50134770,RESIDUOS PELIGROSOS,50,118.041
50134774,POS 25 NUMEROS,50,1.533
50134775,CURSO DE INDUCCION,50,5.3655
50134776,LONAS CEM,50,686.784
50134777,FLAYERS,50,5.74875
50134778,ENVIOS,50,2222.85
50134782,POSTER SOLVATEX,50,180.894
50134783,CORTE DE VINIL PETCO,50,109.99275
50134784,LIBRO,50,2209.053
50134785,JGOGRAF2526DISPCYBJASORALB,50,421.19175
50134786,COFFE BREAK VALUE,50,7537.761
50134800,KIT BTS OWENS TEXCOCO,50,759.339
50134915,POSTERS 97X242 CM,50,1095.71175
50134920,APERTURAS,50,8632.323
50134922,PRINTER 54 DATER,50,879.942
50134923,COJIN EN TINTADO COLOR ROJO,50,429.24
50134924,MENUS SCOOP,50,1114.491
50134925,DISPLAYSAUL14DE PALLET,50,3756.32523
50134926,ETIQUETAS TARROS PANTENE,50,1.14975
50134927,CUADERNILLO SEDE CAFE,50,212.0224167
50134928,IMPRESION EN FOAMBOARDS,50,2783.928
50134929,SENALIZACION,50,47.523
50134946,BOTADERO PLAN RAMEN,50,2045.7885
50134952,COPETE ACT II,50,10.731
50134953,PLANILLA DE STICKERS GNP,50,18.01275
50134954,LETREROS COROPLAST 50X50,50,150.234
50134955,LETREROS COROPLAST 50X80,50,258.3105
50134956,VINIL 1,50,980.58345
50134957,VINIL 2,50,1063.84068
50134982,PROYECTO MATERIAL APERTURA,50,103611.6375
50135031,GRAFICOS RACK PMF ADF,50,414.29325
50135081,TARJETAS NOOKMESA,50,8.81475
50135085,JGO GRAF PISONISSINCHANGAV2 1,50,281.3055
50135086,JGO GRAF PISONISSINCHANGAV2 2,50,281.3055
50135091,PORTA LETRERO EN ACRILICO DE 3MM,50,344.925
50135092,CAMPANA ANIVERSARIO,50,16067.373
50135093,STICKER JUGOS,50,27.594
50135094,CHPONERAS,50,127.239
50135105,TARJETA DE BIENVENIDA,50,12.264
50135106,MANUAL,50,45.99
50135237,INSERTO TOTEM,50,49.8225
50135238,INSERTO TOTEM B,50,145.25175
50135239,INSERTO TOTEM QRO  SNTA FE,50,319.6305
50135242,IMPRESIÃN DIGITAL BYN 250 PAG ARMADO,50,1.0731
50135243,STICKERS NUTELLA 29x1.94 CMS,50,2.2995
50135244,COPETE ESTIRENO JGO GRAF DULCE-SALADO,50,852.348
50135245,FOLLETOS ARTEMIGA,50,6.132
50135246,GAFETE CONGRESO,50,5.3655
50135247,LANYARD CONGRESO,50,58.82144767
50135270,PROTEC HOJA TRANSPAR 50X CARPETA,50,2.2995
50135271,CARPETA OMX 2 PULG BLANCA HERRAJE O,50,104.244
50135273,BLOCK FORMATO DE VACACIONES,50,372.519
50135300,TRIPTICOS,50,15.33
50135301,DIPTICOS,50,15.33
50135302,GANCHERA GIRATORIA,50,10.34775
50135315,POSTER 42X90 CM,50,172.4625
50135316,POSTER 27 5X60 CM,50,64.386
50135317,ETIQUETA  FRAGIL NO APILAR,50,3.44925
50135318,ETIQUETA FRAGIL,50,1.6863
50135319,BTS GEORGIE BOY,50,7324.03014
50135320,CREDENCIALES KAEG,50,52.122
50135335,CAMPUS RE-BRANDING 2025,50,415268.238
50135433,AG STRIP SPRING COPETE VERO,50,13.41375
50135434,AG EXHIB 54X35 KELLOGGS HALLOWEEN,50,725.109
50135435,STICKER SAMSUNG 3.8X1.25 CM,50,2.68275
50135436,STICKER SAMSUNG 1.8 X .6 CM,50,2.2995
50135437,BANNERS ATT,50,3443.118
50135438,ANUNCIO PLATILLOS,50,479.0625
50135439,EXHIBIDOR GATORLYTE - ARTE 1,50,246.42975
50135440,EXHIBIDOR GATORLYTE - ARTE 2,50,288.204
50135469,GANCHERA 6S35,50,16.63305
50135486,SERVICIO DE ENVIOS,50,343603.4467
50135554,EXHIBIDOR FRUTAS Y VERDURAS-PDC,50,237.615
50135555,SELLO DEL VALLE,50,516.621
50135556,BOTADERO TORBELLINO,50,108.843
50135595,COPETE KKWT,50,29.8935
50135596,SOBRES RAYOS X 14X17 MOREIRA,50,5.76408
50135597,CHAROLA BAUSSE,50,121.49025
50135695,PRINTER 55 DATER 40X60 MM TINTA NEGRA,50,1081.5315
50135697,COLGANTE SHOP NAVIDADCOLGANTE,50,1772.9145
50135698,PLANTILLAS STICKERS,50,99.12378
50135699,SELLO 35 DATER 30X50MM,50,1043.973
50135700,PRINTER 55 DATER 40X60 MM TINTA NEGRA,50,1081.5315
50135701,PRINTER 55 40 X 60 MM TINTA NEGRA,50,734.69025
50135754,CAMPANA OTONO 2025,50,23658.789
50135755,FOLLETOS,50,8.81475
50135764,COPETE ESTIRENO NUTRISSIMO,50,5.9787
50135765,COJIN ENTINTADO A TAMANO 2 TINTAS,50,429.24
50135792,SERVICIOS ADICIONALES INTERNET,50,416.39346
50135793,SERVICIOS ADICIONALES ELECTRICIDAD,50,2982.80409
50135794,EQUIPOS ELECTRONICOS VARIOS 13 EQUIPOS,50,33080.23908
50135795,GIVEAWAYS AMD 2025 PROMOCIONALES,50,10574.83329
50135796,STAND AMD GAMING FEST 2025,50,34301.21226
50135797,STAND ELEKTRA PEDREGAL,50,5771.83698
50135798,STAND REHABILITADO CAMINO REAL,50,2486.02011
50135902,ETIQUETAS EXTINTORES,50,15.33
50135903,CHAZA 3N40,50,38.325
50135904,EXH DE PISO ABUELITA,50,359.4885
50135915,PRINTER 55 40 X 60 MM TINTA NEGRA,50,1081.5315
50135916,INSERTO TOTEM,50,72.051
50135917,VINIL ESTATICO BCO,50,441.12075
50135918,CALCOMANIAS,50,8.04825
50135924,BANNER,50,830.886
50135925,STICKER DE 68X32MM OXXO,50,1.94691
50135986,CHAZA 2N25,50,30.27675
50135987,CHAZA 3N25,50,25.2945
50135988,CHAZA 2N35,50,141.036
50135995,SOBRE BOLSA JCI COMPRA UNICA,50,11.4975
50135996,VINIL PET FRIENDLY,50,60.5535
50136159,SAB BOTADERO 1T WM,50,1194.9735
50136180,MATERIALES BATMAN,50,4599.38325
50136181,IMPRESION TROVICEL,50,347.2245
50136184,CHEQUE PREMIO ESPECIAL,50,596.337
50136208,ESTRUCTURA ROLL UP DADONE,50,3832.5
50136209,LIBRETA COLLAGE DANONE,50,144.102
50136210,PORTA LAPTOP DANONE,50,636.195
50136211,LANYARD DANONE,50,61.32
50136248,BANNER BED BATH,50,830.886
50136462,FOLLETOS,50,14.5635
50136463,LETREROS COROPLAST 50X50,50,87.76425
50136464,LETREROS COROPLAST 50X40,50,70.518
50136465,LONA 3 PIES 90X110 CM,50,274.02375
50136466,LONA 4 PIES 119X110 CM,50,351.8235
50136563,GAFETES,50,11.88075
50136564,CUADERNILLOS VIDA SALUDABLE,50,218.83575
50136565,CUADERNILLOS CONSTRUYO MI VIDA FUTURA,50,200.823
50136602,PRINTER R 30,50,516.621
50136603,MATERIALES XIAOMI,50,12982.977
50136609,POSTER 42X90,50,172.4625
50136610,POSTER 27.5X60,50,64.386
50136708,EXHIBIDORES MISTER ALIMENTOS,50,1529.934
50136709,PERSONALIZADORES,50,18.396
50136710,LIBRETA PERSONALIZADA,50,149.08425
50136758,STICKER NUTELLA 200 GRS,50,4.98225
50136759,IMPRESION DE GRAFICOESTIRENO C30,50,2912.7
50136760,BLOCK C/50 FOLIOS ORIGINAL Y 1COPIA,50,160.965
50136799,MODULAR 6N50 H195,50,324.996
50136800,APDOSSUPERNFLESTACAESQUINEROCOROPLAST,50,597.87
50136801,INSERTO PEDESTAL,50,57.4875
50136802,INSERTO TOTEM A,50,49.8225
50136803,INSERTO TOTEM B,50,500.90775
50136804,INSERTO TOTEM QRO,50,319.6305
50136805,VINIL,50,710.16225
50136809,SOBRES RAYOS X 14X17 OLAB,50,5.76408
50136810,TABLOIDE,50,31.71777
50136811,MARBETES,50,50.589
50136812,PET 8252HELKIN SORPRESA,50,4.49169
50136813,COPETE ACT II,50,10.731
50136814,ARTES EXTRA CAMPANA SP25,50,29073.59028
50136962,PRINTER R 30,50,516.621
50136963,SOBRES RAYOS X 14X17 SWISSLAB,50,5.76408
50136964,GANCHERA 4S25,50,15.33
50136985,PIN METALICO DISENO 1,50,202.356
50136986,PIN METALICO DISENO 2,50,194.691
50136987,MENUS Y LETREROS,50,22045.68975
50136988,SHELF ORGANIZER 80 CM,50,20.6955
50136989,SHELF ORGANIZER 60 CM,50,15.33
50136990,CATALOGOS,50,190.8585
50136991,ULTRAPISO 4N50,50,590.205
50136992,POSTALES Y STOPPER KAEG,50,12091.5375
50136993,GRAFICOS COROPLAST,50,3290.5845
50136994,ETIQUETAS,50,672.60375
50136995,FOLDERS STERIS,50,68.985
50136996,ROLLOS  TERMICOS 57X60 MM GL,50,23.4549
50136997,ROLLOS  TERMICOS 57X60 MM GL,50,23.4549
50136998,ROLLOS  TERMICOS 57X60 MM GL,50,23.4549
50137003,GANCHERA 6S50,50,46.7565
50137004,LIBRETAS OPERATIVAS,50,111.909
50137005,NFLDANGLERSBS SULF C14 4X0,50,6.132
50137006,PLANOS SODEXO,50,224.20125
50137020,CHAZA 3N25,50,30.66
50137021,MECANOMODULAR 6N20,50,222.285
50137022,CHAZA 5NG2,50,248.346
50137023,BASICO 8N70,50,341.0925
50137024,EXH. PISO 5N40,50,375.585
50137025,EXH. PISO 6N40,50,650.37525
50137029,BASICO GNF7 BIS,50,298.935
50137030,BASICO 8N90,50,398.58
50137031,ETIQUETA ECOLAB,50,29.127
50137033,PRINTER R 50MM,50,620.2518
50137034,PRINTER 60,50,473.32908
50137035,ROLL UP,50,3832.5
50137089,CHAZA TMD,50,403.9455
50137090,STICKER,50,7.665
50137104,CAMPANA INVIERNO,50,21952.56
50137251,VENTANAL TLANEPANTLA,50,7095.4905
50137252,VENTANAL LADO A COYOACAN,50,8947.3545
50137253,VENTANAL LADO B COYOACAN,50,9551.73975
50137254,INSERTO TOTEM A,50,49.8225
50137255,INSERTO TOTEM B,50,500.90775
50137256,INSERTO TOTEM QRO,50,319.6305
50137257,JUEGO DE GRAFICOS FIFA,50,49285.95
50137258,JENGA GIGANTE,50,12748.428
50137259,CENEFAS VINIL1,50,6481.524
50137260,CENEFAS VINIL 2,50,9145.1115
50137261,HOJA MEMBRETADA SWISSLAB,50,0.36792
50137268,HOJA PET G CAL 20,50,536.55
50137269,CENEFA A VERO MED  51x4.6 CM,50,11.88075
50137270,CENEFA B VERO  MED  32x4.6 CM,50,9.58125
50137296,ESPEJOS Y VENTANALES NAVIDAD,50,46598.21775
50137297,ARTES TELCEL,50,915.58425
50137317,LIBRETA COLLAGE DAHFSA 2026,50,131.5314
50137318,GUIRNALDAS ESPEJOS Y QR ROSCAS,50,12800.55
50137319,SOBRES RAYOS X 14X17 AZTECA,50,5.76408
50137320,SOBRES RAYOS X 14X17 JENNER,50,5.76408
50137321,TARJETAS NAVIDAD,50,1.91625
50137322,ENVIO MPO VERACURUZ DE MEDELLIN,50,613.2
50137327,CENEFALEOENCANTOLECHITAS,50,32.57625
50137340,SOLVATEX ROLLO GLOSSY 2X2,50,1132.887
50137341,SOLVATEX ROLLO GLOSSY 1X1,50,485.961
50137342,TDP KAEG,50,2146.2
50137343,PRINTER 60 76 X 37 MM TINTA NEGRA,50,676.053
50137344,COJIN ENTINTADO ESPECIAL A TINTA AZUL,50,204.6555
50137347,SELLO P 50 SODEXO,50,523.13625
50137363,LETRERO 1 ESTIRENO,50,245.28
50137364,LETRERO 2 ESTIRENO,50,344.925
50137370,INSERTO PEDESTAL,50,57.4875
50137371,INSERTO TOTEM,50,49.8225
50137372,INSERTO TOTEM,50,505.1235
50137373,INSERTO TOTEM QRO,50,319.6305
50137374,PRECIADOR,50,15.33
50137375,TARJETEROS,50,9.198
50137376,GAFETES,50,10.731
50137377,RECONOCIMIENTOS,50,18.01275
50137387,CUADERNO RADIOLOGOS,50,136.437
50137388,RECONOCIMIENTO RADIOLOGOS,50,11.88075
50137467,LIBRETA PREMIUM,50,130.305
50137468,BOLIGRAFO CORTEZ,50,30.66
50137469,TERMO AFFOGATO,50,421.575
50137470,TER-25068 RACK SEVILLANAS,50,49.056
50137473,4WAYS MINI BTS,50,53084.49405
50137476,IMPRESION CANSON INFINITY 60 X 50,50,229.5348694
50137477,IMPRESION CANSON INFINITY 10CM ADIC,50,36.479436
50137483,INSERTO PEDESTAL,50,57.4875
50137484,INSERTO TOTEM A,50,49.8225
50137485,INSERTO TOTEM B,50,505.1235
50137486,INSERTO TOTEM QRO,50,319.6305
50137494,CALENDARIO PARED PLASTICO,50,91.2135
50137495,CALENDARIO MEDELO INFRA,50,13.26045
50137496,CALENDARIO CRYOINFRA DE PARED,50,90.98355
50137497,COLGANTE SHOP,50,1522.65225
50137499,VINIL CUAJINICUILAPA,50,4255.22475
50137500,VINIL PINOTEPA,50,781.83
50137501,VINIL OMETEPEC,50,1716.96
50137502,GRAFICO TROVICEL,50,419.2755
50137503,FLYERS,50,2.2995
50137523,MEMBRESIAS IKE,50,2.89737
50137524,EXHIBIDORES IKE,50,1099.9275
50137548,TARJETAS 10.2x10.2cm,50,9.58125
50137549,LOGOS TUNEL BOLSA FIFA,50,5485.074
50137557,ESTIRENO OPTICA IZQUIERDA,50,43.30725
50137558,LONA Y ARANA OPTICA,50,830.886
50137559,INSERTO TOTEM INVIERNO A,50,49.8225
50137560,INSERTO TOTEM INVIERNO B,50,505.1235
50137561,INSERTO TOTEM QRO INVIERNO,50,319.6305
50137562,INSERTO TOTEM LIQUIDACION A,50,49.8225
50137563,INSERTO TOTEM LIQUIDACION B,50,505.1235
50137564,INSERTO TOTEM LIQUIDACION C,50,319.6305
50137647,ENVOLVENTE 3 X4 KRONALINE,50,3219.3
50137648,DISPENSERORALBCAREV2OPCION 2,50,475.23
50137677,GRAFCENEFAOVERALLASSEMB,50,7.665
50137692,SELLO PRINTER 55 DATER 40X60 MM NEGRA,50,1072.6422
50137699,PORTA LETRERO 50x40 CM 2PZ,50,2373.084
50137720,CAMPAÃA ENERO 2026,50,30904.13025
50137721,LETREROS COROPLAST 40X50,50,76.65
50137761,SELLO PRINTER 35 DATER 30X50 NG/AZUL,50,1043.973
50137762,ETIQUETA FRAGIL,50,1.6863
50137763,ETIQUETA FRAGIL NO APILAR,50,3.3726
50137774,POSTER 1 SOLVATEX ROLLO GLOSSY,50,509.7225
50137775,POSTER 3 SOLVATEX ROLLO GLOSSY,50,263.676
50137836,EXHIBIDOR DE ALAMBRE INFRA,50,533.484
50137883,MENU REGULAR EXTENDIDO,50,159.81525
50137884,INSERTO TRÃO,50,39.858
50137885,POSTER 2 SOLVATEX ROLLO GLOSSY,50,566.4435
50137891,BANNER 60 x 160,50,830.886
50137892,VINIL ARLON 510,50,1264.725
50137893,VINIL AVERY REFLEJANTE,50,315.798
50137894,VINIL AVERY REFLEJANTE,50,315.798
50137923,PANELES GRANDES FORMATOS 60x120 cm,50,233.016
50137924,PANELES GRANDES FORMATOS 50x100 cm,50,207.7215
50137925,PLANILLAS DE STICKERS,50,11.4975
50137934,ENVIOS SEGUN DISTRIBUCION,50,536.55