prod_nbr,prod_nm,dept_cd,estimated_unit_price
50091091,GE ELECTRONICOS 8001-10000 24M,62,887.07
50098169,COMISION SERVICIO CFE,23,10
50091000,RMUEBLES 5001-7500 12 MESES,62,507.76
50068846,BOLSAS OFFICEMAX,61,15
50091088,GE ELECTRONICOS 5001-6000 24M,62,740.52
50054086,ARMADO DE ESCRITORIO,61,172.41
50090999,RMUEBLES 4001-5000 12 MESES,62,378.45
50098167,COMISION SERVICIO IZZI,23,14
50054085,ARMADO DE LIBREROS,61,129.31
50054088,ARMADO SILLAS,61,60.34
50087051,"ARMADO ESTACION ""L""",61,215.52
50090990,REEMPLAZO 2001-2250 12 MESES,62,230.56
50091076,GE ELECTRONICOS 4001-5000 12M,62,266.38
50101027,COMISION SERVICIO GAS NATURAL,23,7
50091078,GARANTIA ELECTRO 6001-7000 12M,62,326.72
50091010,GE COMPUTO 20001-25000 12M,62,930.17
50091006,GE COMPUTO 10001-12000 12M,62,568.1
50054087,ARMADO COLECCIONES,61,215.52
50101032,COMISION SERVICIO MEGACABLE,23,8
50090998,RMUEBLES 3001-4000 12 MESES,62,309.48
50098164,COMISION SERVICIO TELCEL POSTP,23,8
50070705,PR 12M MUEBLES DE 5001 A 7500.,62,404.31
50091004,GE COMPUTO 6001-8000 12 MESES,62,464.66
50091050,GE COMPUTO 6001-8000 24M,62,1059.48
50054084,ARMADO CENTRO DE COMPUTO,61,172.41
50091090,GE ELECTRONICOS 7001-8000 24M,62,843.97
50091052,GE COMPUTO 8001-10000 24M,62,1119.83
50091002,GE COMPUTO 3001-4000 12 MESES,62,240.52
50098163,COMISION SERVICIO DISH,23,8
50087052,ARMADO ESTACION RECTA,61,172.41
50091077,GARANTIA ELECTRO 5001-6000 12M,62,318.1
50101030,COMISION SERV SIAPA AGUA GDL,23,6
50091009,GE COMPUTO 16001-20000 12M,62,852.59
50098166,COMISION SERVICIO I+D (PASE),23,8.5
50098168,COMISION SERVICIO SKY/VETV,23,10
1077428816,RSXXI CANASTA CON ASAS GRIS 32X42,BD,300.8625
1077431625,AMOS GOMITAS PEELERZ DE BANANA 65 GR,BB,55
50091045,GE COMPUTO 3001-4000 24M,62,559.48
50101029,COMISION SERV AGUA/DREN MTY,23,7
50112096,TARIMA,61,0.01
50061634,ARMADO DE ACCESORIOS,61,129.31
50091049,GE COMPUTO 4001-6000 24M,62,542.24
50054089,ARMADO ARCHIVEROS,61,129.31
50091080,GE ELECTRONICOS 8001-10000 12M,62,395.69
50052054,PROMOCION MAXPUNTOS CUPON 45,61,0.01
50091059,GE COMPUTO 16001-20000 24M,62,1956.04
50091054,GE COMPUTO 10001-12000 24M,62,1292.24
50091007,GE COMPUTO 12001-14000 12M,62,662.93
50091001,RMUEBLES 7501-10000 12 MESES,62,687.93
50090993,REEMPLAZO 2751-3000 12 MESES,62,292.24
50090988,REEMPLAZO 1501-2000 12 MESES,62,180.17
50091005,GE COMPUTO 8001-10000 12 MESES,62,473.28
50100535,ENVIOS CALL CENTER ASEGURADO,61,290
1077431624,AMOS GOMITAS PEELERZ DE MANGO 65 GR,BB,55
50091008,GE COMPUTO 14001-16000 12M,62,706.04
50091087,GE ELECTRONICOS 4001-5000 24M,62,602.59
50091086,GE ELECTRONICOS 3001-4000 24M,62,464.66
50091079,GE ELECTRONICOS 7001-8000 12M,62,378.45
50091089,GARANTIA ELECTRO 6001-7000 24M,62,775
50091057,GE COMPUTO 14001-16000 24M,62,1628.45
50112596,ARMADO ESCRITORIO EN L,61,283.62
50098160,COMISION SERVICIO TELMEX,23,10
50072713,SILLA DE VISITA MODELLO NEGRO,1,2585.34
50110961,CAJA FUERTE X014ENAFHROMX,1,775.6
50129984,MESA DEJUNTAS REDONDA POLAR,1,1421.98
50130498,ESCRITORIO DE TRABAJO MARSELLA,1,904.91
50131592,SILLA GAMING TRUST ERGONOMICA RYON,1,2481.9
50137886,SILLA EJECUTIVA AOKU ERGONOMICA PRO BL,1,3361.21
50136183,LOCKER TROYA 4 PUERTAS VENTILA GRIS,1,2877
50090515,ESCRITORIO DE TRABAJO CASCIA B,1,1111.81
50117693,SILLA DE OFICINA ENNA ROSA,1,1206.04
50130444,SILLA EJECUTIVA PARLA,1,3016.38
50134520,ESCRITORIO JASPERJ AA 1500 BLANCO DM,1,8825
50115980,ESCRITORIO ESTUDIANTIL STUM GR,1,861.21
50137785,ARCHIVERO COM 3 CAJONES TAM CARTA NG,1,6464.66
50135444,ESCRITORIO EN L COPENHAGUE,1,2585.34
50130508,SILLA DE OFICINA TRALEE,1,555.28
50117691,ESCRITORIO ESTUDIANTIL HELMI,1,1085.95
50138356,MODAMOB MESA PLEGABLE ZLZ180280,1,1733.68
50093477,CAJA FUERTE DIGITAL SFW082ET,1,1810.09
50104844,SILLA EJECUTIVA RENA,1,4740.52
50121539,SILLA BASICA DE OFICINA NEVEZ,1,1550.86
50130504,LIBRERO GRANADA,1,1387.96
50130516,SILLA EJECUTIVA KAUNAS,1,3447.41
50084784,SILLA EJECUTIVA LUBEC NEGRO,1,2412.93
50117674,SILLA EJECUTIVA ERGONOMICA CRETA,1,1723.28
50121808,MESA DE JUNTAS EMERGE 1200,1,3878.54
50125394,SILLA DE OFICINA YORK,1,2240.52
50062996,SILLA RESTIRADOR CONNOR NEGRO,1,1723.28
50117677,SILLA EJECUTIVA MANTU,1,3016.38
50121801,ESCRITORIO DE TRABAJO EMERGE 1500,1,1862.07
50135447,ESCRITORIO DE TRABAJO ALICANTE,1,3447.41
50135897,PUPITRE MESABANCO CAL 18,1,1000
50125393,SILLA DE OFICINA CHARLOTTE,1,1292.24
50138322,ESCRITORIO EN L RANDU AA 180X150 NEGRO,1,15043.1
50121538,SILLA DE VISITA AMAN,1,861.21
50130496,ESCRITORIO DE TRABAJO BREMEN,1,775.6
50131531,BANCO MEGA,1,25.6
50133402,ESCRITORIO AJUS ELEC LITE 10530 NG RANDU,1,4181.03
50112443,MESA ALARGADA DE JUNTAS BASE G,1,6464.66
50129985,MESA DE JUNTAS REDONDA 6P,1,4999.14
50130437,ESCRITORIO DE TRABAJO CORK,1,1723.28
50130442,SILLA DE OFICINA NOVARA GRIS,1,1206.55
50106213,ESCRITORIO EN L NOVA,1,4309.48
50130440,ESCRITORIO EN L,1,2240.52
50130497,ESCRITORIO DE TRABAJO SEGOVIA,1,593.31
50106989,MESA REDONDA NOGAL,1,4137.07
50117695,ESCRITORIO EN L RIETI,1,4740.52
50130281,MESA CENTRO CIRCULAR CRISTAL MC-SULY,1,4137.07
50072721,ESCRITORIO EN L MIRAV BLANCO,1,5430.17
50109835,ESCRITORIO DE TRABAJO MONT,1,2843.97
50130512,SILLA DE OFICINA BUCAREST NEGRA,1,2499.14
50135032,GAVETERO MODULAR ECLYPSE 4 NIV BLANCO,1,344.48
50137102,SOFA CAMA OVIEDO,1,5171.55
50093478,CAJA FUERTE DIGITAL SFW123GTC,1,2482.5
50110098,ESCRITORIO ESTUDIANTIL BENIN MP,1,1723.28
50117670,SILLA BASICA DE OFICINA ALFI,1,2068.1
50117689,SILLA EJECUTIVA ANNIK,1,857.1
50130078,SOFA DE 2 PLAZAS BOHO2PLZ-NAVY,1,6033.62
50130505,SILLA DE OFICINA NAPOLI,1,2068.1
50130511,SILLA DE OFICINA MADEIRA,1,1723.28
50135981,SILLA EJECUTIVA AOKU ERGONOMICA GRIS,1,1981.9
50116700,ESCRITORIO DE TRABAJO LIRIO,1,1550.86
50118068,SILLA PLEGABLE NAIROBI PLASTICO,1,775
50121800,ESCRITORIO DE TRABAJO CAJONES EMERGE 120,1,1810.34
50137769,ARCHIVERO ECO. 2 CAJONES TAM CART. N.,1,2585.34
50135680,SILLA PARA RESTIRADOR BURDEOS,1,2326.72
50063127,SILLA BASICA DE OFIC MICHIG NG,1,2326.72
50135445,SILLA EJECUTIVA BILBAO,1,2843.97
50139428,MEMBERS MARK BANCO ACERO INOX,1,2400
50117709,ESCRITORIO DE TRABAJO BRUKE,1,2326.72
50063074,ARCHIVERO 3 GAVETAS CARTA MAPL,1,1895.69
50125156,ESCRITORIO EN L MERSIN 2 CAJONES,1,2154.74
50127645,SILLA EJECUTIVA PREMIUM DAMEN,1,3103.19
50130436,SILLA PLEGABLE NAIROBI TELA,1,602.59
50139453,MESAPEGABLE 2 N 1 HOMCOM,1,5517.24
50094503,SILLA EJECUTIVA PRAGA,1,3016.38
50106214,ESCRITORIO PLEGABLE CABO,1,413.28
50114463,ARCHIVERO 2 GAVETAS NEGRO,1,3878.45
50116615,ARCHIVERO PROF NEGRO 4 GAVETAS,1,6464.66
50134514,ESCRITORIO JASPERJ 1200 METAL 18MM BL,1,1720.69
50129107,MESA DE JUNTAS DANISH,1,12930.17
50130435,ESCRITORIO DE TRABAJO REUS,1,1723.28
50137747,ESTANTERIA ANAQUEL ESQUELETO 937EETV,1,3499
50103498,SILLA BASIC DE OFIC BRISTOL NG,1,516.98
50125408,LIBRERO MELAMINA OPORTO,1,3016.38
50129972,SILLA GAMER OCELOT AC-9997,1,2826.72
50133369,ESCRITORIO AJUST MAN 10089 MAD OB RANDU,1,6120.69
50135505,ESCRITORIO EN L LAUSANA,1,3878.45
50130514,SILLA DE VISITA RENNES,1,516.72
50121799,ESCRITORIO DE TRABAJO EMERGE 1200,1,1378.45
50121805,LIBRERO 4 REPISAS EMERGE 1800,1,2965.52
50125158,LIBRERO GRIS RAYADO DOS REPISAS,1,1723.28
50093852,SILLA EJECUTIVA MUMBAI NEGRO,1,2843.97
50125906,1500 CREDENZA EMERGE CON 3 PUERTAS,1,2620.69
50125399,ESCRITORIO DE TRABAJO LASKER,1,2223.62
50134511,MESA DE JUNTAS JASPERJ EMERGE 1200 BL,1,2154.31
50117708,ESCRITORIO DE TRABAJO KUEL,1,3016.38
50061639,ARCHIVERO 4 GAVETAS OFICIO NG,1,7585.34
50125410,SILLA DE OFICINA GRAZ NEGRA,1,1723.28
50135980,SILLA EJECUTIVA AOKU ERGONOMICA NEGRA,1,1981.9
50117710,ESCRITORIO EN L UNTAU,1,4309.48
50138301,ESCRITORIO MINIMALISTA RANDU 100X50 BL,1,1085.34
50119452,MUESTRAS,1,43.1
50125412,SILLA GAMER KIOTO,1,3447.41
50130438,ESCRITORIO DE TRABAJO ROSKILDE,1,1981.9
50138175,SILLA ERGOMAX RANDU AUTOMA REPOSAPIES BL,1,11016.38
50062289,ESCRITORIO ESTUD CLARE MAPLE,1,775.6
50091122,SILLA APILABLE DURAN NEGRO,1,1119.83
50130432,ESCRITORIO TRABAJO PATAS EMERGE 1200,1,1896.55
50062292,SILLA EJECUTIVA CASPER NEGRO,1,2757.76
50121807,LIBRERO 2 REPISAS EMERGE 1200,1,1586.21
50130518,SILLA GAMER GANTE,1,2326.72
50138357,SILLA PLEGABLE AQUILA RESPLDO DURO 6736,1,2549
50069763,ESCRITORIO EN L EVANS MAPLE,1,4223.28
50130118,SOFA 3 PLAZAS MADIS3PLZ-MAR,1,8016.38
50134510,LIBRERO JASPERJ EMERGE 1200 BLANCO,1,1586.21
50113324,ARCHIVERO 3 GAVETAS BLANCO,1,3878.45
50125413,SILLA DE OFICINA MISURI,1,999.72
50127642,SILLA EJECUTIVA PREMIUM OHARE,1,1292.84
50114462,GABINETE MULTIUSOS NEGRO,1,5171.55
50062297,SILLA EJECUTIVA OLMO NEGRO,1,3016.38
50117668,SILLA BASICA DE OFI OLIMPIA,1,1464.66
50129314,ESCRITORIO EN L NOVA,1,4309.48
50130433,ESCRITORIO TRABAJO PATAS EMERGE 1500,1,2241.38
50062287,ESCRITORIO EN L CASSEL GRIS,1,2171.64
50114628,ESCRITORIO EN L LAOS NEGRO,1,1723.28
50136562,SET DE 3 ESPEJOS DE PARED CIRCULAR,1,193.54
50065098,SILLA APILABLE LANIS NEGRO,1,2240.52
50066236,ESCRITORIO DE TRABAJO CARDWELL,1,3447.41
50066245,SILLA EJECUTIVA SILVES CAFE,1,904.91
50102806,SILLA BASICA DE OFIC RIAD NG,1,2154.31
50133353,ESCRITORIO INFANTIL C SILLA ALONZO,1,1723.28
50135442,ESCRITORIO ESTUDIANTIL DENVER,1,1981.9
50135492,SILLA DE OFICINA DARWIN,1,1895.69
50062293,SILLA EJECUTIVA MODELLO NEGRO,1,3016.38
50121806,LIBRERO 4 REPISAS C/PUERTAS EMERGE 1800,1,3655.17
50121809,MESA DE JUNTAS EMERGE 2400,1,2862.07
50117669,SILLA DE VISITA ALFI NEGRO,1,3016.38
50121802,ESCRITORIO DE TRABAJO CAJONES EMERGE 150,1,2224.14
50133384,ESCRITORIO ELEC EST 10477 MAD CL RANDU,1,7750
50134504,ESCRITORIO JASPERJ EMERGE 1200 BLANCO,1,1379.31
50134505,ESCRITORIO CON CAJONES EMERGE 1200 BL,1,2413.792
50138174,SILLA ERGONOMICA RANDU ESTANDAR V2,1,4887.07
50135487,SILLA EJECUTIVA BAKU,1,4309.48
50118069,MESA PLEGABLE NAIROBI,1,1723.28
50125404,ESCRITORIO EN L LYON,1,4740.52
50131344,ARCHIVERO 3 GAVETAS DE COMBINACION,1,3447.41
50135443,ARCHIVERO 2 GAVETAS BLANCO CORDOVA,1,1981.9
50076060,ARCHIVERO 3 GAVETAS CARTA NG,1,3447.41
50093858,SILLA EJECUTIVA BRIG GRIS,1,3447.41
50125155,ESTACION DE TRABAJO CREDENZAS Y GABETA,1,11206.04
50125720,ESCRITORIO ESTUDIANTIL DUBLIN,1,1189.14
50129851,SILLA BASIC DE OFIC BRISTOL NG,1,1119.83
50130673,SILLA DE OFICINA NOVARA VERDE,1,1206.55
50125401,ESCRITORIO DE TRABAJO PHOENIX,1,1465.09
50131198,ESTACION DE TRABAJO EN ESCUADRA SAMARA,1,1810.09
50134512,ESCRITORIO JASPERJ EMERGE 1500 MET BL,1,1681.03
50135446,SILLA DE OFICINA PALERMO,1,2585.34
50109837,ESCRITORIO DE TRABAJO HELLER 2,1,3447.41
50139106,LIFTIME MESA PLEG 4428 120 X 60 BLAN,1,1848.5
50139161,ANAQUEL METALICO 7 NIVELES,1,3499
50130680,SILLA EJECUTIVA PREMIUM VERDE DAMEN,1,9580
50133389,ESCRITORIO ELEC PREM 10121 MAD OB RANDU,1,9146.55
50117699,SILLA EJECUTIVA SYKUR ROSA,1,2378.79
50130434,ARCHIVERO 3 GAVETAS METALICO,1,1034.22
50130445,SILLA EJECUTIVA CARUANA GRIS,1,3016.38
50117675,SILLA EJECUTIVA KARU,1,2154.31
50117707,ESCRITORIO DE TRABAJO ARCO,1,3447.41
50117285,ESCRITORIO EN L CASTILLA MAPLE,1,3447.41
50129850,SILLA BASICA DE OFIC BELFOR NG,1,1981.9
50113322,ARCHIVERO 3 GAVETAS NEGRO,1,3878.45
50130495,ESCRITORIO DE TRABAJO OSLO,1,1033.97
50131414,RESTIRADOR DE CRISTAL LUXOR ALFRA 80X120,1,11220.82
50117690,ESCRITORIO DE TRABAJO TOULOUSE,1,594.57
50117696,SILLA EJECUTIVA BOLONIA,1,3016.38
50135681,SILLA DE OFICINA COLMAR,1,2326.72
50138305,ESCRITORIO MINIMA RANDU 100X50 MAD CL BL,1,1206.25
50129983,MESA DE JUNTAS REDONDA NAPOLI,1,1706.38
50130374,SILLA DE OFICINA GRIS S-BLISS-GR,1,2481.8975
50127936,CAJA DE SEGURIDAD PARA LAPTOP SILVERLINE,1,2585.34
50137887,SILLA EJECUTIVA AOKU ERGONOMICA PRO NG,1,3361.21
50138568,LOCKER 4 PUERTAS STD VENTILA GRIS PATAS,1,2877
50117679,SILLA EJECUTIVA PANIENKA,1,6033.62
50121803,ESCRITORIO EN L EMERGE 1500,1,2758.62
50121813,MAMPARA PARA RECEPCION EMERGE 1500,1,1034.48
50130098,SOFA 3 PLAZAS EN TAPIZADO MARFIL,1,7326.72
50130507,SILLA DE OFICINA KIEL,1,527.6775
50135493,ESCRITORIO ESTUDIANTIL SYDNEY,1,1723.28
50135766,LOCKER STD 4 PUERTAS VENTILA GRIS,1,2840
50136561,SET DE 3 ESPEJOS DE PARED TRIANGULAR,1,154.66
50137716,SILLA OPERATIVA CORVI ASIENTO TAPIZADO,1,3536
50138769,BANCA ACERO 04 PLAZAS MINDEJAL,1,6785.37
50098554,ESCRITORIO DE TRABAJO ESLOV,1,3878.45
50114837,ESCRITORIO DE TRABAJO BORIS,1,4137.07
50135685,ESCRITORIO EN L SKYLINE SOCKET,1,4137.07
50135979,SILLA EJECUTIVA AOKU ERGONOMICA BLANCA,1,1981.9
50130501,ESCRITORIO ESTUDIANTIL BONN,1,2757.76
50137718,SILLA PLEGABLE MIRAFLORES,1,662.93
50138133,ARCHIVERO HL8000 HORIZONT 4 CAJ GRIS CL,1,12222.25
50121804,ESCRITORIO EN L CON CAJONES EMERGE,1,3655.17
50125407,ARCHIVERO 2 GAVETAS GRIS MELAMINA,1,516.98
50106983,ESCRITORIO 2 CAJONES NOGAL,1,3016.38
50111077,SILLA BASICA DE OFICINA DOHA,1,671.9
50134513,ESCRITORIO JASPERJ 1200 METAL 18MM HAYA,1,1720.69
50061277,SILLA EJECUTIVA CALIGARI NEGRO,1,2326.72
50114539,SOFA DE 2 PLAZAS SWEET MARFIL,1,5205.92
50125402,ESCRITORIO DE TRABAJO THEUX,1,4740.52
50130446,SILLA DE OFICINA LIREN,1,2585.34
50132256,LAMPARA FIGURA DE STICH LUNA BLINK,1,190.09
50104181,SILLA EJECUTIVA CONWY CAFE,1,3016.38
50118669,CAJA DE SEGURIDAD DIGITAL,1,1981.9
50130499,ESCRITORIO DE TRABAJO CRACOVIA,1,3016.38
50135033,GAVETERO CROCHET 4 NIVELES SPACE,1,344.48
50138330,ESCRITORIO V2 MINIM RANDU 120X45 NG,1,949.14
50106987,ESCRITORIO DE OFICINA NOGAL,1,2689.14
50116617,ARCHIVERO PROF GRIS 4 GAVETAS,1,6464.66
50121810,REPISAS PARA ESCRITORIO EMERGE 1200,1,1793.1025
50130517,SILLA EJECUTIVA BREDA,1,2754.63
50055846,ESCRITORIO EN L SKYLINE CEREZO,1,4309.48
50125721,ESCRITORIO ESTUDIANTIL MINSK,1,516.98
50130441,ESCRITORIO EN L LEIDEN,1,3878.45
50130502,ESCRITORIO ESTUDIANTIL IBIZA,1,387.67
50130503,ESCRITORIO ESTUDIANTIL NIZA,1,775.6
50118280,SILLA ALTEREGO OSLO,1,654.31
50130358,ESCRITORIO RECT COLOR BLANCO K3284364,1,2343.9667
50137888,SILLA EJECUTIVA AOKU ERGONOMICA PRO GRIS,1,3361.21
50116969,ARCHIVERO ORGANIZADOR METALICO,1,3447.41
50135488,ESCRITORIO EN L ANKARA,1,4912.93
50062288,ESCRITORIO ESTUDIANTIL STUM G,1,861.21
50117684,SILLA EJECUTIVA SAIS,1,1034.22
50127643,SILLA EJECUTIVA PREMIUM VERONA,1,3103.19
50130510,SILLA DE OFICINA BRIVA,1,1895.69
50134506,ESCRITORIO JASPERJ EMERGE 1500 BLANCO,1,1862.07
50109834,ESCRITORIO EN L MADISON 2 GRIS,1,3188.79
50110232,SILLA EJECUTIVA BRIO NEGRO,1,879.05
50130439,ESCRITORIO DE TRABAJO BOLZANO,1,1981.9
50116619,LOCKER PROFESIONAL GRIS 4PUERT,1,1215.26
50066248,SILLA BASICA DE OFIC BELFOR NG,1,638.61
50106209,ESCRITORIO EN L SIERPE,1,4740.52
50106208,SILLA BASICA OFICINA BARU,1,2154.31
50116703,ESCRITORIO PLEGABLE CAB,1,1206.04
50130513,SILLA DE VISITA BERNA,1,1723.275
50135441,SILLA EJECUTIVA BRUSELAS,1,2585.34
50117683,SILLA EJECUTIVA KALLIS,1,2843.97
50130106,SILLON 1 PLAZA DE TERCIOPELO AZUL,1,4309.48
50130515,SILLA EJECUTIVA VILNA,1,3016.38
50125905,1200 CREDENZA EMERGE CON 3 PUERTAS,1,2410.34
50125400,ESCRITORIO EN L GANTE,1,1939.22
50129313,ESCRITORIO DE TRABAJO CASCIA B,1,3447.41
50103497,SILLA BASICA DE OFICINA BRAGA,1,1723.28
50130683,SILLA DE OFICINA MELBOURNE,1,1723.28
50132255,LAMPARA FIGURA DE STITCH BLINK,1,100.9
50132638,RESTIRADOR DE ESCRITORIO,1,646.12
50137717,MESA PLEGABLE MOTEVIDEO,1,1119.83
50111250,SILLA EJECUTIVA LEICA 2 NEGRO,1,2016.98
50117692,SILLA DE OFICINA ENNA GRIS,1,1206.04
50132639,RESTIRADOR TRASPLAN LUX 60X90,1,2456.47
50133378,ESCRITORIO AJUST ELEC EST 10495 BL RANDU,1,7750
50057557,CAJA FUERTE SENTRY X125,1,1422.16
50094551,SILLA EJECUTIVA ATESSA,1,4309.48
50100987,SILLA GAMER BRONI NEGRO,1,3016.38
50130093,SOFA 3 PLAZAS GRIS CLARO,1,6981.9
50115975,ESCRITORIO EN L CASSEL GRIS,1,3016.38
50130443,SILLA EJECUTIVA NAMUR NEGRA,1,2585.34
50130087,SOFA 2 PLAZAS EN GRIS OSCURO,1,5255
50066246,SILLA BASICA DE OFIC MODELL NG,1,3447.41
50118441,SOFA 2 PLAZAS COBAR,1,1680.78
50137586,ESCRITORIO BASICO,1,1723.28
50114461,ARCHIVERO NEGRO 4 GAVE||S CART,1,4309.48
50134507,ESCRITORIO CON CAJONES EMERGE 1500 BL,1,2224.14
50134930,ESCRITORIO ESTUDIANTIL CLARE 2,1,2326.72
50138944,MAXCHIEF SILLA PLEGABLE ACERO ACOJINADA,1,885
50085878,SILLA BASICA ERGONOMICA MATE NG,1,1723.28
50130681,SILLA EJECUTIVA PREMIUM BLANCO VERONA,1,3103.19
50130691,SILLA DE OFICINA FIRENZE NEGRA,1,2499.14
50125157,LIBRERO COLOR NOGAL CUATRO REPISAS,1,2326.72
50129849,SILLA BASICA DE OFICINA DOHA,1,1119.83
50062298,SILLA PLEGABLE OLEG GRIS,1,451.76
50127644,SILLA EJECUTIVA PREMIUM VELSEN,1,1249.72
50117667,SILLA EJECUTIVA EARTH NEGRO,1,3188.79
50130500,ESCRITORIO EN L TALLIN,1,3447.41
50130473,CAFETERA T-FAL CM1408MX 12 TAZAS NEGRA,2,905.17
50138237,BOCINA BAFLE 12 PULGADAS PROFESIONAL,2,3403.45
50089783,CALCULADORA CASIO ESCR AX-120B,2,262.93
50100402,REGULADOR SMARTBITT 1350VA/675,2,447.41
50121386,CABLE V8 NEGRO 2.1A 1M,2,4.17
50131572,CONGELADOR HISENSE FC70D6BWX 7P3 BLANCO,2,6568.1
50133013,ANILLO PARA CELULAR STITCH GAIRET,2,12.5
50011575,CINTA BROTHER TZE231 NGO/BNCO,2,275
50130567,CABLE LIGHTNING REFORZADO 1.8M,2,72.16
50138632,BATERIA PORTATIL NIMBO 20000 MAH 65W,2,947.41
50131505,AUDIFONO AURUM ON EAR AZUL,2,206.38
50132810,VENTILADOR NAVIA TURBO CFN-2020 PISO,2,865
50115241,CABLE MAG TIPOC 3PUNTAS ROJO,2,35.95
50065514,CABLE GE EXTENSION USB 6FT,2,42.67
50092705,CALCULADORA CELICA ESCR CA-018,2,223.28
50128375,EXTENSION ELECTRICA USO RUDO 3 MTS,2,68.1
50130565,CABLE USB TIPO C 1M,2,10.09
50132807,VENTILADOR MYTEK MY-3420 20 ASPAS MET,2,1350
50109445,AUDIFONOS MOTOROLA PACE 105 BK,2,85.78
50110386,AUDIFONO INALAMBRICO BT BLANCO,2,150.43
50111677,CALCULADORA DE BOLSILLO MAE,2,20.17
50096376,CALCULADORA CASIO ESCRIT MS-120BM,2,228.45
50130563,CABLE LIGHTNING 1.8M NEGRO,2,54.05
50137927,CAFIZA LIMPIADOR DESCALCIFICADOR 566GR,2,556.25
50138076,KSR BOCINA MSA6516MX NEGRO,2,3202.5
50134950,LECTOR DE TARJETAS CLIP ULTRA,2,602.59
50136626,LECTOR DE CODIGOS DE BAR USB CON BASE,2,662.93
50137522,AMAZON ECHO POP,2,727.58
50127909,CINTA P/ROTULADOR BROTHER M921 9MM N/P,2,48.88
50129377,APAGADOR TOUCH SMART MIRATI 2 INTRRUPTOR,2,292.24
50092707,CALCU CELICA CIENT CA-83 BK,2,254.31
50110385,CARGADOR DE PARED TIPOC / USB,2,103.19
50121390,CALCULADORA CIENTIFICA FX82CW 290 FUNC,2,369.83
50092053,NOBREAK SMARTBITT 750VA/375W MICRO,2,1576.72
50128822,VENTILADOR TFAL DE TORRE EOLE INFINITE,2,1361.21
50130564,CARGADOR DE AUTO 2 EN 1,2,25.6
50134585,CALCULADORA ROSA COSNTELACIONES,2,25.86
50138665,CYBERPOWER REGULADOR VOLT 900VA,2,2849
50127904,CINTA ROTULADOR BROTHER TZE251 24MM N/B,2,116.12
50138074,SAMSUNG GALAXY A36 NEGRO,2,5077
50138515,SOPORTE TV PARED BLACKROCK 40 A 80,2,1615
50103054,NO BREAK FORZA 750VA/375W 6 E,2,594.57
50138702,JARRA TERMICA CRESIMO AIRPOT 3LT,2,932
50108710,NO BREAK KOBLENZ 9022 900VA,2,3016.38
50116239,REFRIGERADOR HISENSE 7P,2,5930.25
50135963,VENTILADOR 7 ASPAS TOUCH AOKU,2,1395.69
50092679,CALCU CELICA BOLSILLO CA-913,2,35.95
50092708,CALCU CELICA CIENTIFICA 401FUN,2,364.66
50130557,MANOS LIBRES INALAMBRICO MONO RECARGABLE,2,108.36
50130542,CARGADOR DE PARED ENCHUFES 3 USB,2,72.16
50137832,AURICULARES LAMBO HURACAN BOREALIS,2,990.52
50131299,REGALO PACK 3 CINTAS DECORATIVAS BROTH,2,0.01
50135960,MAQUINA DE HIELOS AOKU,2,2093.97
50137520,SAMSUNG SMART TV LED U8000F 55 PULG,2,8360
50087250,REGULADOR KOBLENZ ER-2000,2,775
50130264,BOCINA HOURS BLUETOOTH PORTATIL TECHZONE,2,74.74
50130543,AUDIFONOS IN EAR STEREO HI-FI GRAY,2,54.05
50135773,PLANCHA MUG PRESS 2008735 CRICUT,2,3904.3
50137889,DISPENSADOR DE AGUA AOKU DISNEG02,2,4309.48
50138075,SAMSUNG GALAXY S25 FE 5G NEGRO,2,11802
50121361,CALCULADORA CIENTIFICA 10DIG MAE MCC56,2,40.86
50128372,EXTENSION ELECTRICA DOMESTICA 5 MTS,2,68.1
50138623,BATERIA PORTATIL MAGSAFE MOBO,2,559.48
50085892,DESPACHADOR AGUA DE MESA ROYAL,2,1206.04
50077025,CALCULADORA CASIO ESCR DX-120S,2,292.24
50105455,CALCULADORA CASIO FX-991LAPLUS,2,525
50137830,AUDIFONOS LAMBO BUD HURACAN 700 NEGRO,2,861.21
50127903,ROTULADOR ELECTRONICO BROTHER PT-D610BT,2,775.6
50129100,CAFETERA DE GOTEO KOBLENZ 15 TAZAS 1.8 L,2,861.21
50102198,SUMADORA ROYAL PRINT 44 12 DIG,2,1223.28
50130481,BOCINA RESISTENTE AL AGUA,2,154.91
50011573,CINTA BROTHER P/ROT 18MMNE-BLA,2,335.34
50134076,SAMSUNG SMART TVQLED Q65D 55 4KULTRA HD,2,5404.35
50130566,CABLE USB - C REFORZADO 1.8M,2,30.78
50065515,CABLE USB 6FT KIT 4ADAPT GE,2,156.29
50089778,CALCULADORA CASIO ESCR GX-120B,2,335.34
50130469,PERCOLADOR TAURUS COLUMBA 40 TAZAS ACERO,2,1025
50092680,CALCU CELICA BOLSILLO CA-200II,2,131.9
50115077,AUDIFONOS IN-EAR STF STEREO,2,25.34
50125859,NO BREAK KOBLENZ 7616 USB R 75 MIN,2,491.12
50138298,SOPORTE PANTALLA PARED STEREN STV119,2,1661.25
50138370,SAMSUNG GALAXY A36 5G,2,5277
50130482,AUDIFONOS IN EAR COLORES VARIOS,2,64.4
50131585,REFRIGERADOR AURUS ARU07WW 7P3 BLANCO,2,5050.75
50092961,ROTULADOR BROTHER PT-M95,2,749.14
50112507,ADAPTADOR LEOPARD HUB TIPO C,2,258.36
50138369,SAMSUNG GALAXY S25 FE 5G,2,11802
50070104,CABLE MICRO USB GE 6FT NEGRO,2,35.95
50130480,AUDIFONOS WIRELESS NEGROS,2,90.26
50111519,ADAPTADOR 2 PUERTOS GENERICO,2,68.1
50139127,TV SMART UHD GHIA 4K 75 PULG G75W25,2,10085.34
50138157,TV LG 55 PULGADAS UHD AI UA75 SMART TV,2,7672
50138663,TRITURADORA AUTOM 60X 2.0 WSM1757601,2,5158
50010638,CINTA DYMO P/ROT 12MM NGO/TRAN,2,100.6
50131574,FRIGOBAR HISENSE SILVER RR33D6AGX1,2,3637.07
50127906,CINTA ROTULADOR BROTHER TZE441 18MM N/R,2,105.78
50130458,MICROONDAS PANSONIC NN-SB646SRUH 1.3P3,2,2585.34
50131458,RADIOS DE 2 VIAS AMATEUR 3WATTS STEREN,2,1138
50131459,MANOS LIBRES RADIOS STEREN 510 530 630,2,215
50137976,BOCINA JBL PARTYBOX CLUB 120,2,9050
50125429,CALCULADORA CASIO FX-7400GIII-W-DT,2,1206.04
50127910,CINTA P/ROTULADOR BROTHER M831 12MM N/D,2,48.88
50129132,NO BREAK KOBLENZ 15007,2,5904.31
50138299,CINTA BROTHER TZEB41 NEG EN NARAJ 18MM,2,1146.5
50122320,CALCULADORA DE ESCRITORIO MS-20UC ROSA,2,111.64
50138168,CONSOLA FIJA XBOX SERIE S 512GB,2,10450
50053923,CINTA DYMO PLASTIFICADA AMARIL,2,45.26
50129920,AUDIFONOS NEXTEP BUDS BLUETOOTH NEGRO,2,254.31
50137895,REFIGERADOR WHIRPOOL WT1331D,2,12084.92
50132387,AUDIFONOS INALAM ESSENTIAL STF BN,2,206.38
50131512,CARGADOR PARED 1 SALIDA 3A+ CABLE 2EN1,2,206.38
50135363,CAFETERA MIRATI 900W MBC01N,2,256.04
50010645,CINTA DYMO P/ROT 12MM NGO/BLA,2,100.605
50093697,MICROONDAS,2,2946.5
50131351,TV SMART QUARONI WHALE FHD 40P Q40W24,2,4145.69
50103059,REGULADOR FORZA 900VA 8 ENTRAD,2,404.31
50122318,CALCULADORA DE ESCRITORIO MS-20UC NGRO,2,111.64
50131482,MICROONDAS MIDEA MMDF07S2MG 0.7P3 ESPEJ,2,1292.24
50087252,REGULADOR KOBLENZ ER-2250,2,1033.62
50105058,MINI COMPONENTE LG CK-43,2,3648
50109591,TRITURADORA ROYAL ST80X,2,1637.07
50128951,HUMIDIFICADOR Y DIFUSOR DE ACEITES,2,360
50131480,MICROONDAS AURUS ACERO AMP14SS 1.4P3,2,2068.1
50132386,AUDIFONOS INALAM ESSENTIAL STF AZ,2,206.38
50136797,DISPENSADOR DE AGUA PREMIUM AOKU,2,2714.66
50139451,BOCINA VORAGO BSP150,2,434
50086950,DESPACHADOR DE AGUA ROYAL PISO,2,2085.34
50112505,CABLE KINTONE PARA MICRO USB,2,38.54
50123912,SMART TV TCL 32 HD 32A341 SMART ANDROID,2,1809.74
50129919,AUDIFONOS NEXTEP BUDS BLUETOOTH BLANCO,2,254.31
50138703,PIOONER SMART TV LED PN4375124U 43 PULG,2,3450
50139178,PLANCHA DE VAPOR HGS012PLA,2,650
50100403,NO BREAK SMARTBITT 600VA/300W,2,392.84
50137345,AMAZON ECHO SHOW 5 G3,2,1159.12
50138147,EPCOM SOPORTE PISO AVA1800701PNB,2,3626.75
50135360,TOSTADOR MIRATI 7 NIV MBT01N,2,277.59
50125418,EXTENSION 36824 P EXTERIORES 4.5M NEGRO,2,335.34
50135774,PLANCHA HAT PRESS 2009290 CRICUT,2,3275
50070978,REGULADOR KOBLENZ RI2502 / RLB-2603 GC,2,1637.07
50097307,CALCULADORA ESC 12 DIG 7806CDE,2,119.44
50119881,MICROFONO PARA ESCRITORIO VINTAGE,2,223.28
50130478,DISPENSADOR DE AGUA AURUS AWD21FSW BC,2,3005
50057563,CABLE GE P/LINEA TEL FIJA 4.5M,2,20.43
50138023,HISENSE TV QD7QFM 100 PULGADAS,2,42826.5
50070977,REGULADOR KOBLENZ ER-2550,2,1292.24
50130559,AUDIFONOS IN EAR TOUCH DISPLAY WIRELESS,2,90.26
50139067,REFRIGERADOR AURUS ARU07WB 7P3 DESP NGO,2,5070
50099680,NO BREAK KOBLENZ 520VA/240W 6C,2,1378.45
50100615,SUMADORA CASIO HR-200RC,2,835.34
50120252,TRITURADORA MARCA ROYAL 5 HOJAS,2,861.21
50130550,CABLE HDMI DEFINICION 4K,2,47.93
50130544,AUDIFONOS WATERPROOF BLUETOOTH,2,108.36
50077023,CALCU CASIO BOLSILLO HL-820VA,2,99.14
50119470,ADAPTADOR HUB 3 EN 1 HDMI USB Y C STYLOS,2,91.39
50129405,CALCULADORA SEMI ESCRITORIO 10DIG NEGRO,2,72.84
50131478,MICROONDAS AURUS AMP11GS 1.1P3 SILVER,2,1619.83
50133042,CALCULADORA CIENT CASIO FX-991CW-PK RS,2,550.86
50130552,CABLE USB-LIGHTNING 1.8M NYLON,2,66.98
50100612,CALCULADORA CASIO FX-82MS-2,2,275
50100613,CALCULADORA CASIO FX-991MS-2,2,438.79
50129180,SUPRESOR PICOS KOBLENZ SS-2000 AC,2,180.28
50131508,AUDIFONO PRIME IN EAR TINTO,2,61.55
50133016,ORGANIZADOR DE CABLES STITCH GAIRET,2,12.5
50137276,HUB TECHZONE 1 USB3.0 3 USB 2.0 USB-C,2,118.45
50138132,DAEWOO SMAT TV DAW70UR 70 4K,2,13204
50109447,AUDIFONOS MOTOROLA PACE 105 WH,2,51.47
50121391,CALCULADORA CIENTIFICA FX991CW 540 FUN,2,550.86
50132820,VENTILADOR NAVIA TECHO MET SATURNO,2,1300
50135769,PLOTTER DE CORTE EXPLORE 4 CRICUT ROSA,2,5947.41
50133117,AUDIFONOS STITCH EN BOLSA METAL GAIRET,2,13.45
50068158,TRITURADORA ROYAL SC120 12 HOJ,2,2585.34
50125427,CABLE USB TIPO C A 3.5MM HEMBRA UGREEN,2,30.78
50135359,PREPARADOR DE HOTCAKES MIRATI NG MBP01N,2,431.9
50135483,HISENSE SMART TV QLED 100QD7N 100 PULG,2,42826.5
50137971,LECTOR DE TARJETAS CLIP TOTAL 3,2,861.21
50131483,MICROONDAS WINIA KOS-63MSSA .7P3 PL,2,1240.52
50119960,CABLE V8 1M 21A CJ,2,36.11
50127580,ADAPTADOR HUB TRUST 3 PUERTOS MOD 24191,2,688.79
50130541,CARGADOR DE PARED ENCHUFES 2 USB,2,64.4
50052755,TRITURADORA ROYAL RL70 16H,2,4309.48
50103056,NO BREAK FORZA 1000VA/500W 6 E,2,2542.24
50122319,CALCULADORA DE ESCRITORIO MS-20UC AZUL,2,111.64
50129375,APAGADOR TOUCH SMART MIRATI 1 INTRRUPTOR,2,283.6233
50138173,ROCKETBOOK NEW CORE REUTILIZABLE 6X8,2,1014.95
50126371,TELEVISOR PANTALLA SMART 32 HD ROKU TCL,2,3054.63
50121387,CABLE TIPO C NEGRO 2.1A 1M,2,16.11
50137828,AUDIFONOS LAMBO BUD HURACAN 700 AMARILLO,2,861.21
50109659,REGULADOR SMARTBITT 1200V/600W,2,369.83
50136807,EXTENSOR HDMI 4K INALAMBRICO STEREN 10M,2,1937.5
50069774,REGULADOR KOBLENZ BP-1400-I,2,559.48
50137829,AUDIFONOS LAMBO BUD HURACAN 700 NARANJA,2,861.21
50069318,RODILLO ENTINTADOR CASIO IR40T,2,90.52
50112563,SUMADORA CASIO FR-2650RC,2,1292.24
50136629,MINI IMPRE TERMICA NEXTEP 80 MM USB,2,1292.24
50138502,SMART TV JVC 70 SI70URF NEGRO 4K,2,11346
50058485,CINTA DYMO BLANCO PERLA PAPEL,2,150.86
50091741,ROTULADOR DIMO PTD210,2,861.21
50130555,AUDIFONOS IN EAR WIRELESS NEON,2,99.66
50093511,CABLE GE HDMI SERIE PRO ETHERN,2,387.07
50110421,REGULADOR KOBLENZ RS-1410 700W,2,516.38
50116957,FRIGOBAR HISENSE 4.2P SILVER,2,4309.48
50121434,CABLE IP BLANCO 2.1A 1M,2,15
50135775,KIT DE HERRAMIENTAS ESENCIALES CRICUT,2,564.66
50132809,VENTILADOR MYTEK MY-3430 TORRE,2,1361.21
50136628,MINI IMPRE TERMICA NEXTEP58 MM USB,2,447.41
50137831,AURICULARES LAMBO HURACAN NOCTIS,2,990.52
50053922,CINTA DYMO BLANCA PLASTIFICADA,2,150.86
50133011,AUDIFONOS DE STITCH GAIRET,2,25.34
50136631,CAJON DE DINERO NEXTEP 5 BILL 8 MON,2,731.9
50103738,SUMADORA CASIO HR-10RC-BK,2,642.24
50114903,CLIP STAND TABLET,2,2154.31
50130553,CABLE USB-USB C 1.8M NYLON,2,35.95
50061431,FOLDER OXF DOB SOL TC BCO 5PZ,3,54.31
50076883,"ETIQUETA BCA 4X3 1/3"" OMX 300P",3,185.34
50131515,ETIQUETA LSR 51 X 102MM 250P,3,111.98
50133181,FOLDER MANILA OXFORD OFIC ROSA 100PZ,3,214
50027481,FOLDER COLGANTE OXFORD CARTA VERDE,3,240.52
50029457,TARJETA INDI RAYADA 3X5 OXFORD,3,30.09
50136685,SOBRE AZUL STITCH,3,39.57
50100412,"ETIQUETA ENVIOS ""CUIDADO""",3,67.16
50076735,ARCHIVERO COLORES SURTIDOS 1PZ,3,253.29
50076743,FOLDER DE POLIPROPILENO ROSA,3,42.16
50061600,ARCHIVERO EXPANDIBLE 13DIV OFI,3,175.86
50066412,CAJA ARCH T/C IP-50 ARG 7MM 1P,3,125
50137635,FOLDER CON OPRESOR METALICO CARTA AZUL,3,93.965
50011883,FOLDER COLG PENFLEX TC RJO 25P,3,245.69
50119723,FOLDER DE SEGURIDAD PLAST NORMA,3,80.17
50076740,FOLDER DE POLIPROPILENO VERDE,3,42.16
50137336,CAJA KRAFT ENVIO REGULAR 25X20X15CM PP,3,12.84
50061437,FOLDER COLG PENFLEX TC VDE 25P,3,245.69
50062034,ARCHIVERO EXPAN KRAFT 21DV OMX,3,283.62
50027505,FOLDER COLG PENFLEX TC AZL 25P,3,245.69
50094187,REFUERZO CARP AZUL 210P OMX,3,37.84
50102980,ETIQUETAS MEDIA CARTA C/100,3,185.34
50061436,SHOWFOLIO OXFORD TC ROJO 5P,3,52.11
50131142,ARCHIVERO EXP 8 DIV MOR COLORS STUK,3,90.52
50137337,CAJA KRAFT ENVIO REGULAR 20X20X20CM PP,3,13.71
50094200,REFUERZO CARP BLANCO 210P OMX,3,37.84
50100411,"ETIQUETA ENVIOS ""FRAGIL""",3,67.16
50131514,ETIQUETA LSR CD 117MM 50P,3,111.98
50032997,ARCHIVO PLASTICO OFICIO ORGANI,3,490.52
50076741,FOLDER DE POLIPROPILENO MORADO,3,29.51
50076768,FOLDER ORGANIZADOR POLI 8DIV,3,76.04
50131517,ETIQUETA LSR 13 X 45MM 2000P,3,111.98
50020493,"ETIQUETA ADH CIR CLR 3/4"" 100",3,106.04
50137338,CAJA KRAFT ENVIO REGULAR 36X25X15CM PP,3,22.84
50011882,FOLDER COLG PENFLEX TC NJA 25P,3,245.69
50057064,JINETE 5CM TRANSPARENTE 25PZS,3,33.19
50073243,CAJA ARCHIVO G/DESLIZABLE OF,3,180.17
50062265,ARCHIVERO PORT EXPAN NG 21D OM,3,202.59
50136620,CAJA KRAFT ENVIO REGULAR 25X20X15CM PP,3,12.84
50076744,FOLDER DOBLE SOLAP NEGRO/VERDE,3,26.12
50027536,CARPETA TC C/CIERRE Y ASA TRAS,3,99.83
50040888,ARCHIVO EXPAND TC 12DIV PLATA,3,141.81
50137339,CAJA KRAFT ENVIO REGULAR 30X30X30CM PP,3,31.81
50137607,FOLDER COSTILLA CARTA CRISTAL,3,12.93
50100415,"ETIQUETA ENVIO ""HACIA ARRIBA""",3,67.16
50020491,"ETIQUETA ADH CIR NJA 3/4"" 1008",3,114.66
50137596,FOLDER CARTA AZUL,3,7.33
50131516,ETIQUETA LSR ETIQUETA LSR 25 X 67MM 750P,3,111.98
50027540,ARCHIVO EXPAND TC 12DIV TRASLU,3,200.86
50061438,FOLDER COLG PENFLEX TC CLR 25P,3,275
50131143,ARCHIVERO EXP 8 DIV VER COLORS STUK,3,90.52
50011913,TARJETA INDICE NEON 3X5,3,30.16
50094204,ETIQUETA REDON TRANSP 168P OMX,3,31.81
50136621,CAJA KRAFT ENVIO REGULAR 36X25X15CM PP,3,22.84
50021450,ETIQUETA LSR TRAN 1/2X1 3/4,3,369.44
50137636,ARCHIVERO EXPANDIBLE 7 NEGRO,3,107.76
50020487,"ETIQUETA INK TRANS 1""X2 5/8""",3,452.59
50061415,FOLDER PENDAFLEX TC AMARI 25PK,3,83.88
50040822,ETIQUETA INK TRANS CARTA 25P,3,512.93
50055440,ETIQUETA ADH CIR VDE 3/4,3,104.22
50061434,SHOWFOLIO OXFORD TC GRIS 5P,3,106.04
50061121,ETIQUETA CARTA AMARILLO 50P,3,271.55
50131073,ARCHIVERO GRIS EXPANDIBL 8 DIV CATS STUK,3,90.52
50026417,ARCHIVERO GLOBEWEIS TO 19DIV,3,275
50076885,"ETIQUETA BCA 4X1 1/3"" OMX700",3,185.34
50086322,ARCHIVERO ABATIBLE C/TRANS PZA,3,125
50063371,CAJA DE ARCHIVO OXFORD CARTA,3,47.33
50131072,ARCHIVERO VRD EXPANDIBL 8 DIV CATS STUK,3,90.52
50061122,ETIQUETA CARTA NARANJA 50P,3,271.55
50076721,PORTADOC CLIP AQUA C/LIGA PZ,3,52.16
50019485,"ETIQUETA LSR BCA 1X2 5/8""3000P",3,797.41
50136619,CAJA KRAFT ENVIO REGULAR 15X10X10CM PP,3,10.26
50137609,FOLDER COSTILLA CARTA HUMO,3,12.93
50094202,ETIQUETA REDONDA TRAN 150P OMX,3,31.81
50076884,"ETIQUETA BCA 4X2"" OMX 500 P",3,185.34
50026535,FOLDER OXFORD TO MANILA 100PK,3,275
50061430,FOLDER OXF DOB SOL TC AZUL 5PZ,3,56.04
50112099,30 X 30 X 30 CARTON CORRUGADO,3,34.48
50062188,ARCHIVERO ABAT 3DV COLORES OMX,3,80.17
50131071,ARCHIVERO ROSA EXPANDIBL 8 DIV CATS STUK,3,90.52
50030080,FOLDER OXFORD TO VERDE 100PK,3,318.1
50137597,FOLDER CARTA HUMO,3,7.3275
50136623,CAJA KRAFT ENVIO REGULAR 20X20X20CM PP,3,13.71
50076720,PORTADOC CLIP VIOLET C/LIGA PZ,3,52.16
50027506,FOLDER COLG PENFLEX TC AMA 25.,3,245.69
50061735,FOLDER OMX CARTA MANILA 100PK,3,210.34
50132219,100 PZ CUBO 10X10X10 KRAFT BLANCO,3,585.34
50061747,FOLDER OMXOFICIO MANILA 100PK,3,231.9
50136622,CAJA KRAFT ENVIO REGULAR 10X10X10CM PP,3,7.67
50137088,TARJETA RAYA 5X8 IN 100 H BLOCK,3,53.88
50020503,ETIQUETA ADH CIR BCA 3/4,3,98.28
50057053,ARCHIVO EXPAND TC 24DIV MET OX,3,250.43
50063372,CAJA DE ARCHIVO OXFORD OFICIO,3,64.57
50066411,CAJA ARCH T/C AP50 ARG 7MM 12P,3,1156.48
50061736,FOLDER OMX CARTA AZUL 100PK,3,283.62
50109395,CAJA PARA ARCHIVO PLAST CARTA KY,3,115.52
50052012,CARTERA EXPANDIBLE TC NGR OXF,3,133.62
50100414,"ETIQUETAS ENVIO ""NO ESTIBAR""",3,67.16
50137595,FOLDER CARTA CRISTAL,3,7.33
50128321,CAJA AUTOARMABLE 28X22X6.5,3,231.8975
50109396,CAJA ARCHIVO PLASTICO OFICIO KYMA,3,158.62
50020484,"ETIQUETA INK BCA 2X4"" 250P",3,206.04
50026537,FOLDER OXFORD TC AZUL 100PK,3,306.81
50061432,FOLDER OXF DOB SOL TC ROJO 5PZ,3,52.5
50061746,FOLDER OMX OFICIO AZUL 100PK,3,326.72
50137608,FOLDER COSTILLA CARTA AZUL,3,12.93
50137611,FOLDER PORTADOCUMENTOS OFICIO CRISTAL,3,12.93
50076886,"ETIQUETA BCA 4X1"" OMX 1000 P",3,169.82
50011910,TARJETA OXFORD IND BLANCA 100P,3,21.47
50077035,FOLDER COLG REFOR COLOR CTA 25,3,271.55
50137335,CAJA KRAFT ENVIO REGULAR 15X10X10CM PP,3,10.26
50094201,ETIQUETA ESTRELLA MIXTAS 260P,3,31.9
50053644,FOLDER OMX CARTA ARCORIS 100PK,3,283.62
50076719,PORTADOC CLIP BLANCO C/LIGA PZ,3,56.04
50061433,SHOWFOLIO OXFORD TC BLANCO 5P,3,106.04
50062186,ARCHIVERO EXPAND NG TC 13D OMX,3,150.86
50076759,FOLDER PENDAFLEX TC GRIS 25P,3,83.88
50076888,"ETIQUETA BCA 1 3/4 X 1/2"" 4000",3,199.08
50137612,FOLDER PORTADOCUMENTOS OFICIO AZUL,3,12.93
50026534,FOLDER OXFORD TC MANILA 100PK,3,241.38
50066979,ETIQUETA CARTA VERDE 50P,3,271.55
50076758,FOLDER PENDAFLEX TC AQUA 25PK,3,83.88
50027482,FOLDER COLGANTE OXFORD OFICIO VERDE,3,279.31
50061435,SHOWFOLIO OXFORD TC NEGRO 5P,3,106.04
50061989,ARCHIVERO EXPAN TC 13DIV OMX,3,167.24
50011912,TARJETA INDICE BLANCA 5X8 100P,3,62.93
50031938,FOLDER OMX CARTA MANILA 25PK,3,68.1
50137334,CAJA KRAFT ENVIO REGULAR 10X10X10CM PP,3,7.67
50024465,ARCHIVO PLAS ORGANIFILE CARTA,3,473.28
50026536,FOLDER OXFORD TC VERDE 100PK,3,266.38
50028190,CAJA PORTADOCUMENTO C/ELASTICO,3,118.1
50116435,ARCHIVERO EXPANDIBLE ECO STUK,3,240.52
50137083,TARJETA BLANCA 3X5 IN 100 H BLOCK,3,22.84
50137087,TARJETA RAYA 4X6 IN 100 H BLOCK,3,36.64
50136624,CAJA KRAFT ENVIO REGULAR 30X30X30CM PP,3,27.5
50137613,FOLDER PORTADOCUMENTOS OFICIO HUMO,3,12.93
50129427,AGENDA ESP PLANNER W VILLAG M7 25,4,86.64
50135150,AGENDA DIARIA BRISA MEDITERRANEA AZUL 26,4,123.88
50134445,AGENDA PREMIUM DIARIA ILAMATEPEC CAFE 26,4,464.66
50135114,AGENDA DIARIA TUCSON MIEL 26,4,464.66
50135155,AGENDA PERSONAL CARIBE MENTA 26,4,90.09
50135190,AGENDA DIARIA PRESIDENCIAL ICON NEGRO 26,4,356.38
50135217,AGENDA PERSONAL SHOT MORADO 26,4,115.95
50135229,AGENDA ESCRITORIO ULTRA SOFT AZUL 26,4,412.93
50135372,AGENDA DIARIA KIUT 26,4,335.34
50135426,AGENDA DIARIA GERENCIAL 26,4,118.79
50039566,"CARPETA SAMSILL 5"" VENTANA D B",4,245.69
50112446,AGENDA ESP PLANNER W VILLAG M5,4,39.48
50128238,CARPETA EMOTIONS KAKI,4,297.41
50129175,PLANNEADOR UNIVERSITARIO GRIS 25,4,349.14
50134440,AGENDA PREMIUM DIARIA APANECA NEGRO 26,4,464.66
50135153,AGENDA DIARIA MEDITERRANEA VERDE 26,4,210.78
50135154,AGENDA PERSONAL CARIBE AZUL 26,4,180.17
50135181,AGENDA ESCRITORIO GARDENA VERDE 26,4,412.93
50135296,AGENDA DIARIA BOSTON ROJO 26,4,109.66
50087310,CARPETA EJECUTIVA CON CIERRE,4,370.6
50129789,AGENDA EJECUTIVA BARD GRIS CLARO 26,4,438.79
50135209,AGENDA DE ESCRITORIO MESH ROJO 26,4,206.47
50135529,AGENDA PLUS S/V LINEAS GRIS BASICS 26,4,76.29
50134617,TABLA SUJETADOCUMENTOS 50H CONSTELACION,4,107.76
50135225,AGENDA DIARIA SHOT MORADO 26,4,206.47
50102229,FOLDER C/BROCHE TC AMA 5P,4,107.76
50111606,PROTECTOR GRUESO WJ 100 PZ,4,237.07
50134452,AGENDA PREMIUM GERENCIAL ATACO VERDE CRO,4,356.38
50134461,AGENDA PREMIUM GERENCIAL SUNZAL GRAY 26,4,178.19
50134465,AGENDA TRENDY INSPIRATION 26,4,185.86
50135191,AGENDA DIARIA HELLO KITTY ROJA 26,4,232.33
50135456,AGENDA 15X21 DIARIA BOHO 26,4,237.41
50135532,AGENDA PLUS D/P CHESTER RIG VERDE 26,4,301.12
50011853,SEPARADOR CARDINAL 31 DIV COL,4,81.9
50102183,FOLDER C/BROCHE TC AZL 5P,4,107.76
50134457,AGENDA PREMIUM GERENCIAL ILAMATEPEC AZUL,4,415.78
50135176,AGENDA DIARIA FRIDA KAHLO ROJO 26,4,322.84
50135455,AGENDA SEMANAL URBAN 26,4,223.28
50093758,CARPETA NEBRASKA EJECUTIVA PZ,4,275
50133343,"CARPETA OMX 5"" BLANCA ARILLO D",4,223.28
50135113,AGENDA DIARIA TUCSON AZUL 26,4,464.66
50135453,AGENDA 10X15 DIARIA PASTEL 26,4,223.28
50031204,"CARPETA SAMSILL 2"" VENTANA D B",4,131.04
50102232,FOLDER C/BROCHE TO AZL 5P,4,133.62
50135226,AGENDA DIARIA SHOT PLATA 26,4,82.59
50135387,AGENDA DIARIA TILIBRA M4 26,4,82.5
50135524,AGENDA PLUS S/V CONFETI 26,4,76.29
50011938,PROTECTOR HOJAS OXFORD 100HPK,4,180.17
50048157,TABLA REGISTRO C/CLIP SUJETADOR,4,80.17
50110040,"CARPETA WJ 3"" VENTANA O BLANCO",4,105.6
50125461,TABLA MINI SMILEY STUK,4,8.54
50133317,HOJAS PREMIUM 40H MAR YEAH CLASSIC THP,4,159.48
50134460,AGENDA PREMIUM GERENCIAL SUNZAL AZUL 26,4,178.19
50135141,AGENDA DE ESCRITORIO BLACK GRIS 26,4,206.47
50135144,AGENDA DIARIA BLACK GRIS 26,4,464.66
50011854,SEPARADOR CARDINAL MENSUAL COL,4,45.69
50011855,SEPARADOR CARDINAL 12 DIV COL,4,45.69
50135164,MEMORANDUM CARIBE MANGO 26,4,144.4
50135705,AGENDA DIARIA PASTA SUAVE NEGRA 26,4,137.76
50031202,"CARPETA SAMSILL 1"" VENTANA D B",4,107.76
50060381,"XARPETA BASICA O 1"" AZUL OMX P",4,68.1
50122505,AGENDA FORTEC DIARIA DENIM GRIS,4,516.38
50134468,AGENDA TRENDY VIBES 26,4,139.4
50134474,AGENDA TRENDY ENVIRONMENT 26,4,139.4
50135111,AGENDA CAJA MALINDI AZUL 26,4,301.12
50135223,AGENDA DIARIA SHOT AZUL 26,4,206.47
50135371,AGENDA PREMIUM KIUT 26,4,232.33
50031206,"CARPETA SAMSILL 3"" VENTANA D B",4,159.48
50060379,"CARPETA BASICA O 1"" ROJA OMX",4,68.1
50061743,"CARPETA VENTANA O 1"" CIELO OMX",4,81.9
50069833,CARPETA BLANCA ESQUELA 3 ARIL,4,193.1
50076332,MICA SEMIRIGIDA 10 X 14.5,4,40.09
50076348,MICA RIGIDA 11.5 X 8 8ML 25P,4,40.95
50110196,SEPARADOR WJ MULTIDEX 8 DIV,4,62.93
50130736,"ARILLOPLAST CERLOX 38A NEGRO C/25 9/16""",4,116.38
50130782,PLANIFICADOR SEMANAL A5 88 H LEAVES WIND,4,188.8
50133318,HOJAS PREMIUM 40H HAPPY CLASSIC THP,4,159.48
50135173,AGENDA DIARIA PASTEL 26,4,322.84
50135186,AGENDA DIARIA HARRY POTTER NEGRO 26,4,352.59
50135201,AGENDA DIARIA MALINDI NEGRO 26,4,176.29
50135551,AGENDA PLUS D/P KRAFT NUBES BASICS 26,4,117.67
50111552,SEPARADOR NUMERADO COLOR 15DIV,4,68.1
50122495,AGENDA TILIBRA SPOT FEM CD M5 26,4,231.9
50135536,AGENDA PLUS WO S/V MALVA BASICS 26,4,254.31
50135717,AGENDA SEMANAL PASTA SUAVE VERDE 26,4,127.41
50011856,SEPARADOR CARDINAL 10 DIV COL,4,41.29
50084469,"CARPETA NEON MORADO 1"" SAMSIL",4,89.22
50135129,AGENDA EJECUTIVA TUCSON 26,4,202.16
50110052,CUBIERTA GBC CART LISO TRAN 20,4,62.5
50090479,"CARPETA EJECUTIVA ARILLO O 3""",4,159.48
50122504,AGENDA FORTEC DIARIA NEGRO MATE 25,4,108.36
50134451,AGENDA PREMIUM GERENCIAL ATACO VERDE 26,4,356.38
50135715,AGENDA SEMANAL PASTA SUAVE ROJA 26,4,382.24
50076333,MICA SEMIRIGIDA 11.5 X 8 OMX 15 PZ,4,25.43
50104349,FOLDER C/BROCHE TC AZUL REY 5P,4,107.76
50133319,HOJAS 40H LOVELY CLASSIC THP,4,171.3
50135527,AGENDA PLUS D/P RECY NATURAL 26,4,412.93
50061070,"CARPETA BASICA O 2"" NEGRA OMX",4,90.52
50104613,FOLDER C/PALANCA TC AZL REY 2P,4,54.25
50134478,AGENDA CLASICA CARIBE BURGUNDY 26,4,171.72
50135135,AGENDA DE ESCRITORIO BALI CAFE 26,4,325.26
50135165,MEMORANDUM CARIBE ROJO 26,4,144.4
50135172,AGENDA PERSONAL PASTEL RAYAS 26,4,107.33
50076754,CARPETA MULTIMICA 40 PROTECTOR,4,85.78
50134140,AGENDA STUK OFFICEMAX AZUL ACQUA 26,4,76.29
50134446,AGENDA PREMIUM DIARIA SUNZAL BEIGE 26,4,139.4
50135138,AGENDA DIARIA BALI CAFE 26,4,473.28
50135195,AGENDA DIARIA KUROMI NEGRO 26,4,129.14
50135543,AGENDA ACTIVA S/V CALM GRAFITO 26,4,180.17
50031203,"CARPETA VENTANA D 2"" NGRA SAMS",4,131.04
50061842,"CARPETA VENTANA O 1"" ROSA OMX",4,81.9
50076358,MICA EXTRARIGIDA 10 X 14.5 25PZS,4,78.88
50101953,CUBIERTA PALANCA METALICO MOR,4,48.71
50134450,AGENDA PREMIUM GERENCIAL ATACO AZUL 26,4,178.19
50135194,AGENDA DIARIA KUROMI MORADO 26,4,129.14
50135542,AGENDA PLUS WO D/P BOUQUET ARNO 26,4,344.14
50064806,PROTECTOR D/HOJAS MATE 50P OMX,4,106.9
50127960,AGENDA SNOOPY DE PERFIL,4,206.04
50134484,AGENDA CLASICA ONTARIO ROSA 26,4,171.72
50102185,T018,4,113.36
50134438,AGENDA PREMIUM DIARIA ATACO AZUL 26,4,139.4
50135115,AGENDA DIARIA TUCSON NEGRO 26,4,232.33
50135189,AGENDA DIARIA PRESIDENCIAL ICON AZUL 26,4,296.98
50139136,GBC ENGARGOLADORA MX0030,4,3704
50097477,SEPARADOR AVERY 5 DIV DISENOS,4,142.24
50102231,FOLDER C/BROCHE TC MULTI 15P,4,161.64
50110042,"CARPETA WJ 2"" VENTANA O BLANCO",4,71.81
50135227,AGENDA DIARIA SNOOPY AMARILLO 26,4,153.02
50061742,"CARPETA VENTANA O 1"" MORAD OMX",4,81.9
50110195,SEPARADOR WJ MULTIDEX 5 DIV,4,54.31
50133320,HOJAS 40H JOY CLASSIC THP,4,159.48
50135185,AGENDA DIARIA GARDENA VERDE 26,4,215.09
50128240,CARPETA EMOTIONS NEGRO,4,297.41
50133340,"CARPETA OMX 4"" NEGRO ARILLO D",4,180.17
50135151,AGENDA DIARIA BRISA MEDITERRANEA GRIS 26,4,412.93
50135156,AGENDA PERSONAL CARIBE MANGO 26,4,180.17
50135158,AGENDA DE ESCRITORIO CARIBE AZUL 26,4,148.71
50014783,PROFOLIO CONVENCIONES NEGRO,4,193.97
50134456,AGENDA PREMIUM GERENCIAL ILAMATEPEC NEGR,4,237.59
50135166,AGENDA DIARIA CHOCOCAT AZUL 26,4,464.66
50110184,MICA GBC EXTRAR 6.5X9.5CM 25P,4,46.98
50134466,AGENDA TRENDY ABSTRACT 26,4,92.93
50134467,AGENDA TRENDY SEED 26,4,139.4
50135179,AGENDA ESCRITORIO GARDENA CAFE 26,4,206.47
50135373,AGENDA PERMANENTE KIUT 26,4,352.59
50135702,AGENDA ZAFIRO DIARIA PASTA DURA AZUL 26,4,142.93
50135706,AGENDA DIARIA PASTA DURA ROJA 26,4,142.93
50046575,SEPARADOR C/BOLSA COLOR 5 DIV,4,99.14
50061072,"CARPETA BASICA O 2"" BLANCA OMX",4,90.52
50077033,"CARPETA LEFORT 1"" D BLANCA",4,77.84
50110041,"CARPETA WJ .5"" VENTANA O BCO",4,49.14
50135464,AGENDA DIARIA HARRY POTTER 26,4,222.16
50135233,AGENDA DIARIA WICKED ROSA 26,4,232.33
50044499,"CARPETA VENTANA 3"" BLANCA OMX",4,240.52
50080136,CARPETA INCOLORS CARTA 100H,4,326.72
50113587,CARPETA EMOTIONS AZUL,4,297.41
50135116,AGENDA DIARIA TUCSON VINO 26,4,464.66
50031201,"CARPETA VENTANA D 1"" NGRA SAMS",4,107.76
50061737,"CARPETA VENTANA OF O 1"" BCA",4,70.7
50110186,"ENMICADORA GBC FUSION 1100L 9""",4,2323.28
50129788,AGENDA EJECUTIVA BARD NEGRO 26,4,134.22
50134464,AGENDA TRENDY DOG,4,139.4
50135533,AGENDA PLUS D/P GRADIENT 26,4,392.24
50120032,CARPETA CARTA RAYA 100H EXCELLEN SCRIBE,4,357.76
50131331,PLANEADOR CARTAS 100 AVENTURAS FAMILIA,4,559.48
50135550,PLANNER SEMANAL 26,4,58.28
50135704,AGENDA DIARIA PASTA DURA NEGRA 26,4,214.4
50135718,AGENDA SEMANAL SNOOPY PEANUTS 26,4,196.29
50139172,CARP PRESSB BROCHE 8CM TO AZUL CLARO 3PZ,4,55.05
50048969,CARPETA PROFESIONAL FERRARI,4,288.79
50063082,CUBIERTA P/REP VERT NG/BC OMX,4,37.07
50129787,AGENDA DIARIA MOTIVO FLORESTA 25,4,165.26
50133151,TABLA DISENO C/CLIP NEGRA,4,81.9
50134441,AGENDA PREMIUM DIARIA APANECA AZUL 26,4,139.4
50134469,AGENDA TRENDY FLOWERS 26,4,278.79
50135215,AGENDA DIARIA PUSHEEN ROSA 26,4,128.88
50135294,AGENDA DIARIA BOSTON AZUL 26,4,109.66
50011923,SEPARADOR OXFORD 5 DIV COL,4,43.75
50063111,REGISTRADOR OMX CARTA VERDE,4,47.33
50111549,SEPARADOR NUMERADO COLOR 10DIV,4,54.31
50135124,AGENDA DE ESCRITORIO ECOLOGICA VERDE 25,4,274.57
50135299,AGENDA WIRE0 21DZ 26,4,101.98
50135537,AGENDA PLUS WO S/V ROSETTE ARNO 26,4,244.83
50128086,"CARPETA ACCO ARILLO O3 0.5"" CARTA BLANCO",4,65.43
50128235,CARPETA DESERT,4,116.12
50129783,AGENDA DIARIA RIVOLI AZUL 26,4,165.26
50130757,CARPETA BLANCA ESQUELA OMX,4,180.17
50134439,AGENDA PREMIUM DIARIA ATACO VERDE 26,4,185.86
50011851,SEPARADOR CARDINAL ALFA COL,4,68.1
50082702,PROTECTOR USO RUDO SAMSIL 100H,4,83.33
50135133,AGENDA DIARIA MUJER VERDE 26,4,278.79
50135213,AGENDA DIARIA PRECIOUS MOMENTS 26,4,211.55
50135712,AGENDA ZAFIRO SEMANAL PASTA DURA 26,4,130.86
50061740,"CARPETA VENTANA O 1"" ROSAP OMX",4,81.9
50110066,MICA GBC SEMIR CARTA C/15 PZS,4,142.24
50128236,CARPETA EMOTIONS ROSA DUST,4,297.41
50133335,"CARPETA OMX 1"" BLANCA ARILLO D",4,81.9
50134141,AGENDA STUK OFFICEMAX AZUL 26,4,254.31
50134458,AGENDA PREMIUM GERENCIAL ILAMATEPEC CAFE,4,237.59
50129784,AGENDA DIARIA PROCIDA AZUL 25,4,165.26
50134472,AGENDA TRENDY WOMAN 26,4,92.93
50135147,AGENDA DE ESCRI MEDITERRANEA GRIS 26,4,202.16
50135212,AGENDA SEMANAL MOSTROPI 26,4,70.52
50135393,AGENDA PREM26 PARIS Y NEW YORK 26,4,593.97
50079876,TABLARRON PORTADOC PIZA/MAR PZ,4,114.66
50110044,"CARPETA WJ 5"" VENTANA D BLANC",4,309.48
50110197,SEPARADOR WJ MULTIDEX MENSUAL,4,71.55
50131884,DIARIO SECRETO STITCH ANDROMEDA,4,266.38
50135182,AGENDA DIARIA GARDENA AZUL 26,4,421.55
50062076,SEPARADOR OMX 5 DIV INSERTABLE,4,28.45
50133152,TABLA DISENO MARMOLEADO ROSA,4,81.9
50134139,AGENDA STUK OFFICEMAX GRIS 26,4,76.29
50135531,AGENDA PLUS S/V MINI GARDEN 26,4,254.31
50135713,AGENDA ZAFIRO SEMANAL PASTA SUAVE 26,4,127.41
50125607,CARPETA DURA BOOK 3A FRAN KIUT,4,211.21
50135174,MEMORANDUM PASTEL CIRCULOS 26,4,153.02
50135202,AGENDA DIARIA MESH AZUL 26,4,215.09
50129791,AGENDA EJECUTIVA LOVERE AZUL 26,4,175.52
50135134,AGENDA DE ESCRITORIO BALI AZUL 26,4,232.33
50135149,AGENDA DE ESCRI MEDITERRANEA VERDE 26,4,196.12
50135205,AGENDA DIARIA MESH ROJO 26,4,421.55
50135234,AGENDA DIARIA WICKED NEGRO 26,4,232.33
50135719,AGENDA DIARIA SNOOPY PEANUTS 26,4,211.81
50046576,SEPARADOR C/BOLSA COLOR 8 DIV,4,131.9
50075219,"CARPETA PROBUSINESS CARTA 1"" 1",4,99.14
50135160,AGENDA DE ESCRITORIO CARIBE MANGO 26,4,144.4
50031209,"CARPETA VENTANA O 2"" NGRA SAM",4,116.38
50102457,MICA TERMICA RIGIDA (8 MIL)C25,4,353.45
50129426,AGENDA ESP PLANNER HAPPY M7 26,4,153.02
50129780,AGENDA DIARIA ADRIA ROJO 25,4,165.26
50131328,PLANEADOR LIBRO 100 AVENTURAS PAREJA,4,840
50135142,AGENDA DE ESCRITORIO BLACK ROJO 26,4,215.09
50135208,AGENDA DE ESCRITORIO MESH NEGRO 26,4,206.47
50135463,AGENDA DIARIA GARDEN 26,4,296.98
50135535,AGENDA PLUS WO S/V GRIS BASICS 26,4,254.31
50012300,TABLA C/CLIP TE FIBRACEL LEFOR,4,54.74
50129775,AGENDA DIARIA BARD NEGRO 25,4,165.26
50131441,PLANEADOR SEMANAL LOTSO C ACCESMOOVING,4,91.5
50133334,"CARPETA OMX 1"" NEGRO ARILLO D",4,81.9
50031210,"CARPETA SAMSILL 2"" VENTANA O B",4,116.38
50135137,AGENDA DIARIA BALI AZUL 26,4,473.28
50135710,AGENDA SEMANAL PASTA DURA NEGRA 26,4,130.86
50102234,FOLDER C/BROCHE TO VDE 5P,4,133.62
50135184,AGENDA DIARIA GARDENA GRIS 26,4,412.93
50135458,AGENDA 15X21 DIARIA SPRING 26,4,147.93
50061073,"CARPETA VENTANA D 5"" NGRA SAMS",4,245.69
50079353,"CARPETA TUCSON 1"" ARILLO D",4,206.04
50079355,PADFOLIO CONVEN CTA TUCSON PZ,4,176.72
50135118,AGENDA DE ESCRITORIO TUCSON MIEL 26,4,196.12
50135126,AGENDA DIARIA DOMINIQUE ONDAS 26,4,254.31
50135541,AGENDA PLUS WO D/P BAMBU ARNO 26,4,289.05
50135548,AGENDA JOURNAL D/P CUADROS FLEX VERDE 26,4,141.04
50061741,"CARPETA VENTANA O 1"" ROJA OMX",4,81.9
50134447,AGENDA PREMIUM DIARIA SUNZAL AZUL 26,4,92.93
50134462,AGENDA PREMIUM GERENCIAL SUNZAL BURGUNDY,4,237.59
50033813,PORTABLOCK TC HUMO OXFORD,4,90.52
50034203,SEPARADOR READY 8 DIV INSERTAR,4,71.55
50070987,"CARPETA CARTA FASHION 1"" 4",4,115.74
50135140,AGENDA DE ESCRITORIO BLACK AZUL 26,4,232.33
50135177,AGENDA DIARIA FRIDA KAHLO 26,4,129.14
50135394,AGENDA PREM LINEAS TEXTURAS 26,4,593.97
50135552,AGENDA JOURNAL S/V LUXOR FLX NEGRO 26,4,254.31
50135703,AGENDA ZAFIRO DIARIA PASTA SUAVE AZUL 26,4,137.76
50120031,CARPETA CARTA RAYA 100H MARIOBROS SCRIBE,4,387.07
50135121,AGENDA DE ESCRITORIO ECOLOGICA GRIS 25,4,196.12
50135526,AGENDA PLUS D/P RECY GRAFITO 26,4,412.93
50110055,CUBIERTA GBC CT RY CRISTAL 20P,4,75
50122511,AGENDA FORTEC EJECUTIVA NEGRO MATE 25,4,352.59
50130711,AGENDA MATELASSE 26,4,165.17
50134448,AGENDA PREMIUM DIARIA SUNZAL BURGUNDY 26,4,139.4
50135125,AGENDA DIARIA ETTA VEE OLEO 26,4,266.38
50135714,AGENDA SEMANAL PASTA DURA ROJA 26,4,130.86
50035582,PADFOLIO CONVENCIONES TC VINYL,4,144.22
50066253,CARPETA C/20 MICAS TC COL MET,4,54.22
50129781,AGENDA DIARIA CHIUSA ROJO 25,4,165.26
50134470,AGENDA TRENDY FRUIT 26,4,92.93
50135136,AGENDA DE ESCRITORIO BALI NEGRA 26,4,236.64
50135175,MEMORANDUM PASTEL LINEAS 26,4,153.02
50129792,AGENDA EJECUTIVA LOVERE CAFE 25,4,172.07
50134443,AGENDA PREMIUM DIARIA ILAMATEPEC NEGRO 2,4,185.86
50134449,AGENDA PREMIUM GERENCIAL ATACO NEGRO 26,4,593.97
50022799,PROTECTOR DE HOJAS KINERA 100H,4,180.17
50060378,"CARPETA BASICA O 1"" BLANCA OMX",4,68.1
50134473,AGENDA TRENDY TRAVEL 26,4,185.86
50135297,AGENDA DIARIA BOSTON VERDE 26,4,156.48
50012263,"CARPETA SAMSILL 0.5"" VENTANA O",4,89.66
50012298,TABLACLIP TO FIBRACEL LEFOR,4,68.1
50133342,"CARPETA OMX 5"" NEGRO ARILLO D",4,223.28
50135145,AGENDA DIARIA BLACK ROJO 26,4,232.33
50134454,AGENDA PREMIUM GERENCIAL APANECA AZUL 26,4,296.98
50135188,AGENDA DIARIA HARRY POTTER VINO 26,4,176.29
50135457,AGENDA 15X21 DIARIA PASTEL 26,4,141.04
50129178,PLANNEADOR UNIVERSITARIO ROSA 25,4,349.14
50084460,DIARIO HELLO KITTY PZA,4,369.83
50133346,"CARPETA VINIL OMX O 2"" BLANCO",4,61.25
50135193,AGENDA DIARIA HELLO KITTY NEGRO 26,4,645.69
50135388,AGENDA PLANNER GRAMP M7 26,4,23.97
50100599,MICA RIGIDA DOBLECARTA,4,334.05
50129779,AGENDA DIARIA ADRIA GRIS 25,4,165.26
50135168,AGENDA DIARIA PORTA CELULAR AZUL 26,4,232.33
50135427,AGENDA DIARIA 26,4,178.19
50135722,AGENDA NEGRA PASTA SUAVE LIFE 26,4,775
50061739,"CARPETA VENTANA O 1"" NRNJA OMX",4,81.9
50065879,DIARIO C/SOLAP MAGN 5X7 DIVOGA,4,159.48
50066257,TABLA C/CLIP TIPO FOLDR TC COL,4,90.43
50129776,AGENDA DIARIA GRIS CLARO 25,4,110.17
50135523,AGENDA PLUS S/V POLKA DOTS 26,4,254.31
50102238,FOLDER C/BROCHE TO AMA 5P,4,133.62
50122498,PLANNER TILIBRA SOHO CD M7 26,4,306.04
50129778,AGENDA DIARIA LOVERE AZUL 26,4,110.17
50130712,AGENDA MAN 26,4,122.41
50130776,SEPARADOR DE LIBRO BRITISH BLOOM,4,99.14
50133341,"CARPETA OMX 4"" BLANCA ARILLO D",4,180.17
50135460,AGENDA NOTES SEMANAL 26,4,115.52
50135534,AGENDA PLUS D/P LUXOR FLEX.AZUL 26,4,117.67
50135132,AGENDA DIARIA MUJER ROSA 26,4,232.33
50135143,AGENDA DIARIA BLACK AZUL 26,4,232.33
50135211,AGENDA DIARIA MILANO COBRE 26,4,232.33
50135220,AGENDA DE ESCRITORIO SHOT GRAFITO 26,4,196.12
50062263,CUBIERTA PALANCA T/C OMX,4,37.07
50087309,CARPETA EJEC PIEL NGRO BROCHE,4,223.28
50123523,CARPETA VINTAGE EJECUTIVA,4,261.64
50130708,AGENDA SPRING 26,4,115.52
50131659,CARPETA BLOCK EMOTIONS LAVANDA APLI,4,297.41
50135222,AGENDA DE ESCRITORIO SHOT PLATA 26,4,313.79
50135230,AGENDA ESCRITORIO ULTRA SOFT CAFE 26,4,412.93
50135707,AGENDA DIARIA PASTA SUAVE ROJA 26,4,137.76
50031205,"CARPETA VENTANA D 3"" NGRA SAMS",4,159.48
50031213,"CARPETA VENTANA O 0.5"" NGA SAM",4,89.66
50062273,TARJETERO 15 HJS P/240TJ OMX,4,153.02
50070986,"CARPETA CARTA FASHION 1"" 3",4,107.76
50079336,TABLA DE ALUM CARTA C/ BR CLIP,4,211.21
50135120,AGENDA DE ESCRITORIO TUCSON VINO 26,4,313.79
50135199,AGENDA DE ESCRITORIO MALINDI NEGRO 26,4,144.4
50046624,SEPARADOR WRITEON NEON 5 DIV,4,56.04
50102221,FOLDER C/BROCHE TC VDE 5P,4,107.76
50135122,AGENDA DE ESCRITORIO ECOLOGICA MIEL 25,4,392.24
50135219,AGENDA DE ESCRITORIO SHOT AZUL 26,4,118.71
50028194,PORTABLOCK C/EXPANDIBLE TC MET,4,178.02
50102239,FOLDER C/BROCHE TO MULTI 15P,4,180.6
50131330,PLANEADOR CARTAS 100 AVENTURAS EN PAREJA,4,559.48
50134463,AGENDA TRENDY SUN & MOON 26,4,139.4
50135139,AGENDA DIARIA BALI NEGRO 26,4,232.33
50011918,SEPARADOR OXFORD 8 DIV COL,4,36.985
50135119,AGENDA DE ESCRITORIO TUCSON NEGRO 26,4,202.16
50135198,AGENDA DE ESCRITORIO MALINDI AZUL 26,4,288.79
50135224,AGENDA DIARIA SHOT GRAFITO 26,4,206.47
50135459,AGENDA PLANNER SEMANAL 26,4,254.31
50063113,REGISTRADOR OMX OFICIO VERDE,4,64.57
50072615,CUBIERTA PLASTICA HUMO 20P,4,99.14
50134138,AGENDA STUK OFFICEMAX BEIGE 26,4,76.29
50061633,PROTECTOR HOJAS MATE OMX 200 H,4,218.97
50128082,ENMICADORA FUSION 65L,4,5035.25
50130714,AGENDA STITCH 26,4,222.16
50134459,AGENDA PREMIUM GERENCIAL SUNZAL BEIGE 26,4,237.59
50135232,AGENDA DIARIA VANIA BACHUR 26,4,322.84
50135392,AGENDA PREM STITCH ENCANTADOR 26,4,593.97
50135525,AGENDA PLUS D/P CALM OCEAN 26,4,246.81
50135709,AGENDA DIARIA PASTA SUAVE VERDE 26,4,137.76
50066255,CARPETA C/40 MICAS TC COL MET,4,72.33
50075221,"CARPETA PROBUSINESS CARTA 1"" 3",4,99.14
50135163,MEMORANDUM CARIBE MENTA 26,4,297.41
50135228,AGENDA DIARIA SNOOPY ROJA 26,4,335.34
50111554,SEPARADOR NUMERADO COL 31DV WJ,4,133.62
50134137,AGENDA STUK OFFICEMAX NEGRO 26,4,254.31
50048971,CARPETA PROFESIONAL KIUT,4,288.79
50129786,AGENDA DIARIA PARÍS 26,4,110.17
50135448,AGENDA POCKET PASTEL 26,4,114.05
50135528,AGENDA PLUS D/P RECY ROSA 26,4,412.93
50014782,PADFOLIO CONVENCIONES NEGRO,4,107.76
50075220,"CARPETA PROBUSINESS CARTA 1"" 2",4,99.14
50135721,AGENDA ALMENDRA PASTA DURA LIFE 26,4,155
50061071,"CARPETA BASICA O 2"" AZUL OMX",4,90.52
50134444,AGENDA PREMIUM DIARIA ILAMATEPEC AZUL 26,4,185.86
50135207,AGENDA DE ESCRITORIO MESH MIEL 26,4,289.05
50135538,AGENDA PLUS WO S/V AMAPOLA ENTREDOS 26,4,306.04
50110045,"CARPETA WJ 4"" VENTANA D BCO",4,159.91
50135720,AGENDA DIARIA PASTA DURA LILA 26,4,214.4
50028181,PROTECTOR DE HJS OF KINERA 50,4,193.97
50135170,AGENDA DIARIA PORTA CELULAR NEGRO 26,4,294.31
50135178,AGENDA ESCRITORIO GARDENA AZUL 26,4,206.47
50135187,AGENDA DIARIA HARRY POTTER AZUL 26,4,176.29
50135428,AGENDA SEMANAL 26,4,118.79
50122494,AGENDA TILIBRA D FEM CD M4 26,4,180.17
50129794,AGENDA EJECUTIVA CHIUSA ROJO 25,4,344.14
50135162,MEMORANDUM CARIBE AZUL 26,4,309.48
50133316,HOJAS PREMIUM 40H FLORES CLASSIC THP,4,159.48
50135146,AGENDA DE ESCRI MEDITERRANEA AZUL 26,4,196.12
50135161,AGENDA DE ESCRITORIO CARIBE ROJO 26,4,309.48
50135200,AGENDA DIARIA MALINDI AZUL 26,4,176.29
50135546,AGENDA JOURNAL D/P TERRAZO 26,4,141.04
50135716,AGENDA SEMANAL PASTA DURA VERDE 26,4,130.86
50034204,SEPARADOR READY 5 DIV INSERTAR,4,64.66
50062258,CUBIERTA PORTADOC CLIP AZUL 5P,4,90.52
50129174,PLANNEADOR UNIVERSITARIO MARRON 25,4,375
50129777,AGENDA DIARIA LOVERE GRIS 25,4,165.26
50135192,AGENDA DIARIA HELLO KITTY ROSA 26,4,322.84
50135218,AGENDA PERSONAL SHOT PLATA 26,4,107.33
50135214,AGENDA DIARIA EL PRINCIPITO 26,4,184.91
50076335,MICA RIGIDA 5.4 X 8.5,4,28.88
50110185,ENMICADORA GBC FUSION 1000L 12,4,3059.48
50115604,AGENDA COST PLANNER LUME M5 26,4,59.22
50129177,PLANNEADOR UNIVERSITARIO AZUL 25,4,297.41
50134455,AGENDA PREMIUM GERENCIAL APANECA CAFE 26,4,593.97
50135167,AGENDA DIARIA CHOCOCAT VERDE 26,4,232.33
50135216,AGENDA DIARIA PUSHEEN AMARILLO 26,4,254.31
50055926,ORGANIZADOR S/FECHAR GDETUCSON,4,231.9
50087009,MICA TERMICA T/C 5 MIL 229X292,4,239.66
50110187,ENGARGOLADORA GBC BINDMATE,4,1851.98
50128239,CARPETA EMOTIONS GRIS,4,297.41
50135148,AGENDA DE ESCRI MEDITERRANEA ROSA 26,4,200.43
50135221,AGENDA DE ESCRITORIO SHOT MORADO 26,4,196.12
50135231,AGENDA ESCRITORIO ULTRA SOFT NEGRO 26,4,206.47
50135711,AGENDA SEMANAL PASTA SUAVE NEGRA 26,4,637.07
50060380,"CARPETA BASICA O 1"" NEGRA OMX",4,68.1
50135131,AGENDA DE ESCRITORIO MUJER AZUL 26,4,206.47
50135157,AGENDA PERSONAL CARIBE ROJO 26,4,123.62
50135540,AGENDA PLUS WO D/P NEGRO BASICS 26,4,392.24
50061744,"CARPETA VENTANA O 1"" AZUL OMX",4,81.9
50076753,CARPETA MULTIMI 20 PROTECTORES,4,54.22
50102236,FOLDER C/BROCHE TO NGR 5P,4,80.17
50112445,AGENDA ESP VANILLA M7 26,4,318.1
50125886,CARPETA DURA 3A UNICAMPUS,4,297.41
50134442,AGENDA PREMIUM DIARIA APANECA CAFE 26,4,139.4
50135530,AGENDA PLUS S/V CHESTER RIG ROSA 26,4,122.41
50135708,AGENDA DIARIA PASTA DURA VERDE 26,4,142.93
50111555,SEPARADOR BORRABLE BLANCO 8DIV,4,45.69
50134437,AGENDA PREMIUM DIARIA ATACO NEGRO 26,4,464.66
50135169,AGENDA DIARIA PORTA CELULAR MIEL 26,4,481.9
50135206,AGENDA DE ESCRITORIO MESH AZUL 26,4,206.47
50137565,ENMICADORA LM4201NTC 345,4,1119.83
50048156,TABLA REGISTRO C/CLIP SUJETADOR MAPED,4,97.41
50069412,TABLA DE ALUMINIO C/CLIP TC,4,180.17
50111730,AGENDA BONG 25-26,4,206.04
50118817,AGENDA BONG ECO 25-26,4,206.04
50134471,AGENDA TRENDY SUNSHINE 26,4,92.93
50135210,AGENDA DIARIA MILANO AZUL 26,4,232.33
50135389,AGENDA PLANNER PRATIKA M7 26,4,86.64
50102233,FOLDER C/BROCHE TO RJO 5P,4,133.62
50110043,"CARPETA WJ 1"" VENTANA O BLANCO",4,63.36
50110053,CUBIERTA GBC CARTA LISO NG 20P,4,62.5
50135152,AGENDA DIARIA BRISA MEDITERRANEA ROSA 26,4,209.05
50135180,AGENDA ESCRITORIO GARDENA GRIS 26,4,247.76
50135547,AGENDA JOURNAL D/P CUADRO FLEX MARINO 26,4,105.78
50072616,CUBIERTA PLA RAYA CRIS OMX 20P,4,88.97
50101951,CUBIERTA PALANCA METALICO ROSA,4,48.71
50110064,MICA GBC EXTRAR CARTA C/15,4,243.54
50135171,AGENDA PERSONAL PASTEL ROSA AZUL 26,4,107.33
50077039,"CARPETA LEFORT 3"" D BLANCA",4,108.02
50135128,AGENDA DIARIA DOMINIQUE VARI ARCOIRIS 26,4,203.45
50135130,AGENDA DE ESCRITORIO MUJER ROSA 26,4,206.47
50044493,"CARPETA VENTANA 1"""" BLANCA OMX",4,81.9
50079337,"CARPETA CARTA SIMPLYWORDS 1"" 1",4,99.14
50102223,FOLDER C/BROCHE TC NGR 5P,4,64.66
50129782,AGENDA DIARIA CHIUSA GRIS 26,4,165.26
50133150,TABLA DISENO C/CLIP AZUL,4,81.9
50135683,AGENDA 14X20 DIARIA SNOOPY,4,296.21
50135123,AGENDA DE ESCRITORIO ECOLOGICA ROJO 25,4,196.12
50135522,AGENDA PLUS S/V CALM AQUA 26,4,231.9
50135539,AGENDA PLUS WO D/P MARINO BASICS 26,4,392.24
50110054,CUBIERTA GBC CART RAYA HUMO 20,4,125
50133348,"CARPETA VINIL OMX D 4"" BLANCO",4,113.5
50135117,AGENDA DE ESCRITORIO TUCSON AZUL 26,4,344.14
50027545,CUBIERTA PALANCA TC OXFORD,4,54.31
50062256,CUBIERTA CLIP NEGRO 5PZA OMX,4,90.52
50069839,PROTECTOR HOJAS T/ESQUELA 15 H,4,72.41
50129428,AGENDA ESP PLANNER KRAFTWOR M7 26,4,122.41
50129790,AGENDA EJECUTIVA LOVERE GRIS 25,4,438.79
50051118,REMISION DUPLI 1/4 60JGS OMX,5,45.26
50135750,CALENDARIO DE PARED EL PRINCIPITO 26,5,128.88
50108917,"BLOCK TABULAR 3 COL, 50 HJS",5,71.55
50100580,POLIZA DE INGRESOS 2B,5,99.14
50125178,PLANNER SEMANAL ECO STUK 80H BAMBU,5,100.93
50135753,CALENDARIO DE PARED VANIA BACHUR 26,5,128.88
50061596,LIBRO FONOMEMO AUTOCNTE 300JGS,5,45.26
50100568,RENTA/DINERO AUT 2BLOCKS 25JGS,5,59.91
50135745,CALENDARIO DE PARED BEATLES 26,5,175.34
50100564,COMPROBANTE DE GASTOS 4B 1/4C,5,75.78
50135396,CALENDARIO ATARDECERES 26,5,231.9
50135467,CALENDARIO STITCH 26,5,90.26
50100563,VALE PROVISIONAL 4B 1/4C 50 HJ,5,56.04
50050957,REMISION TRIPLIC 1/4 39JGS OMX,5,45.26
50135730,CALENDARIO MOTIVATION 26,5,127.24
50135734,CALENDARIO MERCADOS DE MEXICO 26,5,95.43
50050958,REMISION ORIGINAL 1/4 120H OMX,5,50.78
50131691,SET PLANEADOR 40H ACCESORIOS STITCH SAC,5,266.38
50027266,BITACORA DE OBRA ESTRELLA 96 H,5,231.9
50061592,NOTA REMISION AUTOCOPIANTE 25J,5,44.4
50138077,SEIKO CHECADOR TP50 DIGITAL BLANCO,5,7505.25
50135521,CALENDARIO PARED A4 CHROMAT 26,5,120.09
50135724,CALENDARIO SIMPLICITY 26,5,63.62
50027263,LIBRO FLORETE ITALI ESTREL 96H,5,223.28
50134630,KIT PLAENADOR DECORADO 40X60CM QUARTET,5,430
50100562,CONTRARECIBO 4B 1/4C AUTOCO,5,71.81
50105263,PORTAMENU OFFICEMAX,5,127.24
50135518,CALENDARIO SOBREM 14X15 CHROMAT 26,5,137.24
50135519,CALENDARIO PARED A3 LOVELY 26,5,193.8
50061586,COMANDA RESTAURANTE 3PZ 100HJS,5,47.33
50061587,LIBRO DE VENTAS/PEDIDOS 50JGS,5,89.66
50135740,CALENDARIO CORVETTE 26,5,95.43
50100555,NOTA DE REMISION 4B 1/2C ORIG,5,86.98
50100565,NOTA DE ENTRADA 1/2C 2B,5,60.29
50135509,CALENDARIO SOBREM A5 P/ESCRIBIR BASIC 26,5,125
50027264,LIBRO FLORETE ESTRELLA RAYA 192 HOJAS,5,223.28
50099562,PAPEL OMX PRECOR MEDCT TC 250H,5,171.12
50135468,CALENDARIO SNOOPY 26,5,309.48
50135737,CALENDARIO INSPIRATION 26,5,95.43
50135741,CALENDARIO COCINAS MEXICANAS 26,5,95.43
50050961,SOLICITUD DE EMPLEO 2B 25JGS,5,66.29
50027262,LIBRO FLORETE FRANC ESTREL 96H ACTAS,5,150.86
50027260,LIBRO FLORETE DIARIO ESTRELLA,5,180.17
50135739,CALENDARIO GORGEOUS GARDENS 26,5,69.57
50082380,LIBRO DE NIVEL 96 H,5,99.14
50135510,CALENDARIO SOBREM A5 NUM GDS BASIC 26,5,125
50100577,ESQUEMA MAYOR TC 50H 2B,5,86.98
50033928,POLIZA CHEQUE TC 5BLOCK OMX,5,225.43
50135751,CALENDARIO DE PARED PUSHEEN 26,5,128.88
50088907,RELOJ CHECADOR HUELLA 35 EMPL,5,2093.36
50100566,NOTA DE SALIDA 1/2C 2B,5,60.29
50122519,FORTEC CALENDARIO EXFOLIADOR 26,5,51.38
50137939,LIBRO FLORETE ITALIANA RAYA 192 HJS,5,196.75
50135735,CALENDARIO KITTEN CUDDLES 26,5,63.62
50135733,CALENDARIO MEXICO 26,5,95.43
50135752,CALENDARIO DE PARED SNOOPY 26,5,198.54
50135746,CALENDARIO DE PARED FRIDA KAHLO 26,5,128.88
50135508,CALENDARIO SOBREM 25X20 P/ESC BASIC 26,5,108.02
50135732,CALENDARIO MINDFUL LIVING 26,5,92.76
50135748,CALENDARIO DE PARED HELLO KITTY 26,5,154.66
50125724,POLIZA DE CHEQUES INTERCARBON,5,90.52
50135513,CALENDARIO SOBREM A5 LOVELY 26,5,120.09
50069970,RECIBO NOMINA 25J. 1/4 3P,5,53.36
50100557,NOTA DE REMISION 4B 1/2C TRIP,5,86.98
50135729,CALENDARIO PARIS 26,5,127.24
50108916,"TABULAR 8 COL 50 HJS, 3 PZS",5,38.54
50125722,BLOCK REMISION ORIGINAL,5,27.16
50135517,CALENDARIO SOBREM A5 CHROMAT 26,5,108.02
50135738,CALENDARIO HACIENDAS DE MEXICO 26,5,95.43
50100579,POLIZA DE EGRESOS 2B,5,99.14
50135747,CALENDARIO DE PARED HARRY POTTER 26,5,128.88
50100556,NOTA DE REMISION 4B/2C DUPL,5,86.98
50050954,POLIZA CHEQUE INTERC 1/2OF 50J,5,104.31
50135516,CALENDARIO SOBREM A5 ABSTRACT 26,5,120.09
50027261,LIBRO FLORETE MAYOR O CAJA,5,180.17
50135749,CALENDARIO DE PARED KUROMI 2025,5,128.88
50125725,POLIZA DE CHEQUES DUPLICADO,5,116.81
50135725,CALENDARIO PUPPIES 26,5,127.24
50135520,CALENDARIO PARED A3 ABSTRACT 26,5,174.4
50062268,SOBRE HORI CT C/BOTON CLRS OMX (ROSA),6,24.91
50076730,SOBRE PORTADOC BLANCO BROCHE P,6,24.05
50127183,SOBRE TRANSPARENTE 11.5X15.5 100 PZAS,6,65.95
50137602,SOBRE BOLSA VERTICAL CARTA AZUL,6,12.07
50061208,SOBRE SOLAPA ENG MANILA OFICIO 40PZAS,6,176.72
50091396,CARTULINA BLANCA 240GR A4 MILL,6,159.48
50137598,SOBRE BOLSA HORIZONTAL CRISTAL,6,9.05
50061225,SOBRE BOL/BRO MAN LEG 80P 105G,6,438.79
50066988,OPALINA OMYX BCA 180G T/C 100HJ,6,211.21
50061210,SOBRE SOL ENG MAN RDG 20P 90G,6,180.17
50066978,IRIS PASTEL 75G T/C 100HJS,6,176.72
50127182,SOBRE TRANSPARENTE 11.5X15.5 25 PZAS,6,22.33
50076732,SOBRE PORTADOC CARTA AQUA 1PZ,6,22.84
50032685,PAPL BOND BRGH SURT TC 300H 75,6,343.02
50062026,P.FOTO OMX 4X6 20H 240G,6,90.43
50032243,PAPEL BOND PSTL CRE TC 100H 75,6,122.33
50062269,SOBRE VERT CT C/BOTON CLRS OMX,6,26.29
50134781,PAPEL PHOTO GLOSSY 200G PQ 50 HJS,6,257
50032248,PAPEL BOND PSTL AMA TC 100H 75,6,116.38
50039499,PAPEL CARBON T/O 1015 C/100,6,297.41
50053722,PAPEL EXCLVE MARFL TC 60H 104G,6,180.17
50061215,SOBRE SOL ENG BCO SOCIA 80P 90,6,62.5
50091398,CARTULINA BLANCA 240GR KAPAS,6,159.48
50116720,PAPEL BOND CARTA VERDE 100H 75,6,51.72
50137604,SOBRE BOLSA HORIZONTAL CARTA CRISTAL,6,12.07
50063365,ROLLO SATINADO OMX 57X60 6PK,6,48.71
50066998,LINEAL BLANCO 90G T/C 100HJS,6,203.24
50127186,SOBRE TRANSPARENTE 15.5X15.5 100 PZAS,6,90.52
50137603,SOBRE BOLSA VERTICAL CARTA HUMO,6,12.07
50031721,PAPEL PARMNT DISENO TC 50H 90G,6,193.97
50106204,T039L MARATHON RESMA 500 HOJAS,6,602.59
50137601,SOBRE BOLSA VERTICAL CARTA CRISTAL,6,12.07
50061204,SOBRE SOLAPA ENG MANILA COIN 80PZAS,6,90.52
50116722,PAPEL BOND CARTA NARANJA 100H,6,86.21
50120027,CARTULINA NATURAL NEGRO 216G CARTA 30HJS,6,252.5
50085717,PAPEL SEGURIDAD VERDE TC 100PA,6,63.795
50061114,OPALINA PREMUM BC TC 100H 225G,6,375
50066975,EXTRA-COPY BRILL 100G T/C 100H,6,116.38
50061112,OPALINA PREMUM BC TC 100H 120G,6,198.19
50066977,IRIS BRILLANTE 75G T/C 100HJS,6,176.72
50097690,PAPEL EUROCOLORS NARANJA 100H,6,89.57
50066997,HAMMER MARFIL 90G T/C 100HJS,6,180.17
50097684,PAPEL COLOR AMARILLO TC 100H,6,89.57
50127188,SOBRE TRANSPARENTE 21.5X16.5 25 PZAS,6,45.26
50062266,SOBRE HORI OF C/BOTON CLRS OMX,6,28.36
50134089,SOBRE PARA CARPETA C/BOTON,6,30.1725
50066973,EXTRA-COPY MATE 115G T/C 100HJ,6,116.38
50061119,PAPEL ROMBOS MARFIL TC 50H 180,6,231.9
50096451,ROLLO TERMICO OMX 80X70 12PK,6,490.52
50138164,PAPEL FOTOGRAFICO CARTA 50H FIRST CLASS,6,257
50016575,SOBRE T/O BRIGHTW RIBLAID 25P.,6,3.36
50063565,PAPEL BOND NEON OMX TC 200H,6,159.48
50076749,SOBRE PORTA DOC CTA VELCRO PZA,6,24.57
50061222,SOBRE BOL/BRO MAN ESQ 105G 80P,6,243.54
50120025,PAPEL BOND PUNTOS 90G CARTA 80 HJS,6,159.48
50137615,SOBRE BOLSA BOLSA OFICIO AZUL,6,16.38
50016558,TARJETA OPALINA 5X9CM 100PZ,6,57.33
50050822,PAPEL MILIMETRICO TC 50H 75G,6,99.14
50061218,SOBRE BOL C/RON MAN ESQ 40P 10,6,249.05
50061221,SOBRE BOL/RON MAN LGL 40P 105G,6,403.02
50116723,PAPEL BOND CARTA AMARILLO 100H,6,51.72
50032487,SOBRE T/OFICIO VERTICAL C/HIL.,6,8.54
50042264,SOBRE TRANS 10.5X10.5 LAR 25P,6,25.43
50076731,SOBRE PORTADOC HORIZ MORAD 1PZ,6,24.57
50061206,SOBRE SOLAPA ENG MANILA ESQUELA 40PZAS,6,113.79
50061211,SOBRE SOL ENG BCO CT 40P 90G,6,133.62
50063367,ROLLO SATINADO OMX 76X70 6PK,6,87.5
50066995,MARTELE MARFIL 90G T/C 100HJS,6,189.22
50091407,OPALINA OMX MFL 125G T/C 50HJ,6,68.1
50045454,PAPEL SKYTONE PLTRE TC 60H 90G,6,171.12
50063080,SOBRE VERT C/BROC CT TRANS OMX,6,26.29
50121656,CARTULINA DIETRIX CLRS TC 50H 180G,6,116.38
50137606,SOBRE BOLSA HORIZONTAL CARTA HUMO,6,12.07
50097685,PAPEL COLOR AZUL CEL TC 100H,6,89.57
50120028,ETIQUETA TRANSPARENTE CARTA 20 HJS,6,469.74
50066976,BOND MARFIL 90G T/C 100 HJS,6,125.78
50073752,TRIPTICO OPALINA PRED 120G 50H,6,90.09
50061223,SOBRE BOL/BRO MAN CTA 80P 105G,6,275
50137614,SOBRE BOLSA BOLSA OFICIO CRISTAL,6,16.38
50114426,HOJA AUTOADHERIBLE CARTA ROJO,6,43.45
50137578,PAPEL CARBON TO C/100,6,297.41
50046028,OPALINA OMX BCO1TC 50H 225G,6,116.38
50061205,SOBRE SOL ENG MAN COBR 40P 90G,6,75.43
50062267,SOBRE VERT OF C/BOTON CLRS OMX,6,28.36
50113238,ROLLO TERMICO 57MMX66MMX45MTS,6,90.26
50073746,PAPEL ONIX BLANCO 90G 50 HJS,6,180.17
50127189,SOBRE TRANSPARENTE 22.5X15.5 25 PZAS,6,40.95
50062260,SOBRE HORIZ TC C/CIERRE BC OMX,6,28.36
50063566,CARTULINA OMX CLRS TC 50H 180G,6,116.38
50097687,PAPEL COLOR ROJO TC 100H,6,89.57
50050823,ROLLO TERMICO OMX 80X76 6PK,6,357.76
50137605,SOBRE BOLSA HORIZONTAL CARTA AZUL,6,12.07
50044473,SOBRE TRANS 22 5X15 5 LAR 100P,6,130.42
50056239,PAPEL OMX MAXBRITE T||RESM 500,6,125
50101278,SOBRE PLASTICO CON CIERRE OMX,6,26.29
50110130,ROLLO AUTOCOPIA 76X70 PIEZA,6,13.36
50125858,PAPEL XE MARATHON TC PONY,6,473.28
50056090,SOBRE P/CD POLIPROP OMX 50PZ,6,76.64
50061216,SOBRE SOL ENG BCO CT N6 80P 90,6,67.67
50121654,OPALINA DIETRIX BCA 125G T/C 100HJ,6,59.91
50134269,ROLLO TERMICO 80MMX62 MTS PANAL PLASTICO,6,19
50062249,SOBRE HORIZ OF TRANS 5PZS OMX,6,98.71
50029187,PAPEL XE RJ TO 500H 99 75G/M2,6,180.17
50066991,OPALINA OMX MFL 225G T/C 100HJ,6,219.83
50046030,OPALINA OMX BCO TC 50H 125G,6,81.9
50066989,OPALINA OMX MFL 180G T/C 100HJ,6,221.98
50073750,PAPEL TEMOAYA BLANCO 90G 50HJS,6,180.17
50127191,SOBRE TRANSPARENTE 22.5X29 25 PZAS,6,45.26
50063369,ROLLO AUTOCOPIA OMX 57X60 6PK,6,82.33
50061219,SOBRE BOL C/RON MAN CT 40P 105,6,306.04
50061224,SOBRE BOLC/BRO MAN OF 80P 105G,6,421.12
50061603,SOBRE CARTA HORIZONTAL C/BOTON (AZUL),6,28.36
50091402,CARTULINA AZUL 240GR A4 HONG K,6,165.74
50127184,SOBRE TRANSPARENTE 8.8X11.8 100 PZAS,6,45.26
50061118,PAPEL ROMBOS BCO TC 50H 180G,6,231.9
50097688,PAPEL COLOR VERDE TC 100H,6,89.57
50060514,SOBRE P/CD KRAFT ECO 50P OMX,6,81.81
50054868,P FOTO HP SMGL/INK TC 200G 50H,6,223.28
50091405,CARTULINA ORO 240GR A4 OLYMPIA,6,159.48
50032249,PAPEL BOND PSTL AZL TC 100H 75,6,116.38
50046138,SOBRE OFICIO HORIZONTAL C/BOTO,6,30.09
50137599,SOBRE BOLSA HORIZONTAL AZUL,6,9.05
50135055,VERBATIM SOBRES PAPEL CD Y DVD 100 PZAS,6,109.9828
50137600,SOBRE BOLSA HORIZONTAL HUMO,6,9.05
50061220,SOBRE BOL C/RON MAN OF 40P 105,6,387.07
50066990,OPALINA OMX BCA 225G T/C 100HJ PK,6,219.83
50032245,PAPEL BOND PSTL VDE TC 100H 75,6,116.38
50016621,PAPEL PARMNT NAT TC 50H 90GR,6,180.17
50120026,IMAN CARTA 21.6X27.9 C/ADHE CAL 15 1 HJ,6,75.43
50127190,SOBRE TRANSPARENTE 22.5X15.5 100 PZAS,6,125
50066999,LINEAL MARFIL 90G T/C 100HJS,6,180.17
50073759,PAPEL FINO POCHTECA YUTE CARTA,6,149.57
50061604,SOBRE CARTA VERTICAL C/HILO TRANSPARENTE,6,24.57
50027543,SOBRE CARTA C/ELASTICO AZ/GRIS,6,55.09
50077020,SOBRE OFICIO CON HILO COLORES,6,26.29
50091403,CARTULINA BLANCA 240GR A4 HONG,6,159.48
50061113,OPALINA PREMUM BC TC 100H 180G,6,275
50061209,SOBRE EN MAN LGL 40 P ASCEND,6,323.28
50031720,PAPEL BOND BRGH AZU TC 100H 75,6,116.38
50061217,SOBRE SOL ENG BCO N10 80P 90G,6,77.16
50099560,PAPEL PLUS MULTIUSOS TC 500H,6,938.79
50116719,PAPEL BOND CARTA ROJO 100H 75G,6,86.21
50127181,SOBRE TRANSPARENTE 10.5X10.5 25 PZAS,6,18.54
50128296,SELLOS AUTOENTINTABLES HELLO KITTY,7,18.1
50048074,"GUILLOTINA RIHAN OFICIO 15""",7,1262.07
50136613,SOBRE BURBUJA PLASTICO PLATA 15X25CM PP,7,5.95
50136618,SOBRE BURBUJA PAPEL KRAFT 36X50CM PP,7,14.57
50048073,GUILLOTINA RIHAN CARTA 12P,7,1154.31
50061958,PAPEL KRAFT SCOTCH 76CMX4.5M,7,47.33
50071407,TAPETE PCORTE BARRILITO 45X30,7,253.45
50133115,TARJETAS PVC BLANCAS ZEBRA 300MIL 500 PZ,7,1136.75
50039376,PORTAGAFETE SABLON YOYO 6X9,7,75
50048075,FOLIADOR RIHAN 6 DIGITOS AUTO,7,486.21
50063413,NAVAJA REPUESTO OMX 9MM 10PZS,7,18.1
50063585,YOYO P/GAFETE OMX NEGRO 4 PZS,7,45.69
50113670,PELICULA STRETCH CALIBRE 60,7,174.25
50111576,SELLO AZOR PAGADO AZUL 1PZ,7,150.86
50136770,YOU ER MEI ETIQUETADORA PRECIOS,7,319.5
50132760,TAPETE P CORTE 45X30 COLOR ROSA O AQUA,7,253.45
50063395,CUTTER PLASTICO CHICO 9MM OMX,7,21.47
50064572,REPUESTO GUILLOTINA COMPACTCUT,7,54.31
50128435,CINTA EMP TRANS NAVITEK 95 48X50 6PACK,7,87
50136640,BOLSA ENVIO PREMIUM BCA 30X40CM PP,7,4.22
50064573,REPUESTO GUILLOTINA PRECISECUT,7,41.29
50136639,BOLSA ENVIO PREMIUM BCA 19X26CM PP,7,3.36
50071408,TAPETE P/CORTE GRANDE 60X45,7,319.22
50132077,ENVOLTURA PROTECTOR CUSH LOCK RECICLABLE,7,245.69
50042623,CONTADOR MANUAL BARRILITO,7,176.72
50063411,CUTTER PLASTICO GDE 18MM OMX,7,30.09
50107935,RELLENO CACAHUATE PARA EMPAQUE,7,96.55
50121951,PLAYO K-TAPE TRANSP 18 P 457MM X 305 M,7,266.38
50130835,SELLOS AUTOENTINTABLES KUMORI,7,18.1
50130840,SELLOS AUTOENTINTABLES PRINCESAS,7,18.1
50132762,CINTA EMPAQUE CANELA JANEL 44X40M 1PZ,7,16.38
50106074,PORTAGAFETE C/CORDON SIGEL 1PZ,7,31.9
50018575,PLASTICO BURBUJA OMX 60CMX20M,7,236.21
50133165,SELLO AUTOENTINTABLE CINNAMOROLL,7,16.38
50044639,GUILLOTINA MAPED COMPACT CUT,7,223.28
50121561,CINTA SCOTCHBLUE PARA PINTOR 24X54.8,7,107.76
50012381,FOLIADOR PEGASO 6 DIGITOS AUTO,7,593.97
50107904,CINTA JANEL TRANS 48X50 6PK,7,200
50128085,SELLO MARCADOR DE ROPA Y LIBROS,7,273.71
50106073,PORTAGAFETE SIGEL HOR/VERTICAL,7,70.69
50136612,SOBRE BURBUJA PLASTICO NEGRO 26X40CM PP,7,11.12
50136642,BOLSA ENVIO ECOLOGICA GRIS 19X26CM PP,7,4.22
50033421,FOLIADOR PEGASO 8 DIGITOS AUTO,7,812.07
50065913,FOLIADOR OMX 7 DIGITOS AUTO,7,593.97
50012368,COJIN P/SELLO AZOR METAL N1,7,81.81
50014613,CUTTER CHICO CORTY 9MM,7,30.09
50061354,CINTA P/DUCTOS JANEL 48MMX10M,7,41.38
50111341,PORTA CREDENCIAL ACRILICO 9CM,7,15.43
50128434,CINTA EMP CANELA NAVITEK HM 48X150 2PACK,7,156.48
50134024,YOYO PARA GAFETE NEGRO PC 4 PIEZAS,7,21.5
50011811,MASKING TAPE JANEL 24MMX50MY,7,47.33
50137968,CUTTER PLASTICO ERGONIMICO 18MM,7,66.88
50074071,CORTADOR BARRILITO GRANDE,7,36.64
50101711,ETIQUETADORA PLASTICA CELICA,7,556.04
50102103,GAFETE P/TARJETAS 11X15 12PZS,7,73.19
50113316,PORTAGAFETES PLASTICOS OMX 50P,7,77.33
50136611,SOBRE BURBUJA PLASTICO NEGRO 15X25CM PP,7,5.95
50138016,PORTAGAFETE DE PLASTICO VERTICAL GFS10V,7,320
50106071,CORDON P/GAFETE SIGEL NG 10PZS,7,89.66
50110506,CLIP PARA GAFETE OFFICEMAX,7,5.17
50012361,COJIN P/SELLO PLASTICO SIN TINTA,7,47.33
50083459,CINTA EMPAQUE CANELA48X100 6PK,7,208.62
50121950,MASKING TAPE ADHES AZUL 18MM X 50.27M,7,56.04
50094269,REPUESTO DE ALMOHADILLA SELLO,7,37.78
50136643,BOLSA ENVIO ECOLOGICA GRIS 30X240CM PP,7,5.09
50135304,PLASTICO BURBUJA 60CM X 20M RIU,7,206.04
50121949,CINTA ADHES PAPEL KRAFT BIO 48MM X 50M,7,81.81
50114906,"SOBRE PLASTICO 21,5CMX28,5CM",7,31.9
50018573,PLASTICO BURBUJA OMX 60CMX10M,7,124.14
50128300,SELLOS AUTOENTINTABLES STITCH,7,18.1
50136616,SOBRE BURBUJA PAPEL KRAFT 15X25CM PP,7,6.81
50083458,CINTA EMP JANEL TRAN 48X150 6P,7,213.79
50121589,ROLLO POLIBURBUJA SCOTCH 30CMX15M,7,231.9
50061355,CINTA P/DUCTOS JANEL 48MMX50M,7,184.48
50062056,DESPACHADOR CINTA EMPAQUE OMX,7,275
50063592,YOYO PORTAGAFETE OMX NEGRO,7,29.31
50082281,CINTA JANEL CANELA 48MMX50M 6P,7,74.25
50133033,SELLO AUTOENTITABLES SONIC,7,16.38
50134321,CINTA TRANSPARENTE GOLD TAPE BIAXIAL,7,28.5
50130192,ID PROTECTOR DE DATOS TRODAT,7,84.05
50136641,BOLSA ENVIO PREMIUM BCA 37X48CM PP,7,5.09
50128284,SELLOS AUTOENTINTABLES SPIDER MAN,7,18.1
50065880,CUTTER CHICO OMX 9MMY,7,23.28
50136614,SOBRE BURBUJA PLASTICO PLATA 24X35CM PP,7,8.54
50115040,MASKING TAPE SCOTCH 24MMX40M,7,47.33
50018577,SOBRE BURBUJA FORTEC 18.4X30.5,7,81.9
50106072,YOYO PORTAGAFETE SIGEL CORAZON,7,27.59
50136617,SOBRE BURBUJA PAPEL KRAFT 24X35CM PP,7,9.4
50083460,CINTA EMPAQUE CANELA48X150 6PK,7,166.74
50084737,CINTA P/DUCTOS SCOTCH 48MMX10M,7,44.83
50018580,SOBRE BURBUJA FORTEC 36.2X50.8,7,142.24
50133166,SELLO AUTOENTINTABLE CARS,7,16.38
50018578,SOBRE BURBUJA FORTEC 21.6X30.5,7,95.69
50063415,NAVAJA REPUESTO OMX EXACTO 10P,7,37.07
50111575,SELLO AZOR CANCELADO AZUL 1PZ,7,150.86
50121543,STAMP STICK TYPOMATIC,7,447.41
50136644,BOLSA ENVIO ECOLOGICA GRIS 37X48CM PP,7,5.95
50112735,"PELICULA ESTIRABLE 18"" CAL.60",7,365.52
50063584,YOYO P/GAFETE OMX AZUL 4 PZS,7,45.69
50121544,STAMP STICK REFILLKIT,7,266.38
50136615,SOBRE BURBUJA PLASTICO PLATA 26X40CM PP,7,10.78
50109857,PORTARRETRATO 4X6 MOLDURA 38,8,126.12
50116708,PORTARRETRATO 4X6 METAL SILVER,8,120.09
50121398,CESTA CHICA NEGRA,8,18.1
50133025,MARCO PARA FOTO STITCH GAIRET,8,15.09
50128984,FLORERO AZUL DE VIDRIO,8,141.81
50133350,ACRILICO PORTA INFORMACION TIPO L,8,25.432
50014578,SOPORTE LIBRO PEGASO 20CM,8,2.33
50136548,PORTARRETRATOS HIERRO LISO PL 8X10,8,231.9
50084276,CHAROLA 4 NIVELES MESH NEGRO OMX,8,387.07
50137220,ORGANIZADOR STUK 4 DIVISIONES NGRO MESH,8,68.1
50108303,CAJA PLASTICA 55L TRANSPARENTE,8,387.07
50121488,CESTA MEDIANA BLANCA,8,25.34
50125382,ORGANIZADOR DE LAPICES BLANCO,8,68.1
50136549,MARCO QUADRUM PLATEADO 6X8,8,231.9
50063061,ORGANIZADOR PARED ACRILICO,8,206.04
50121393,CONTENEDOR 6 PZAS PARA ALACENA,8,318.1
50138082,FRASCO FIDO 1 LT,8,77.84
50137226,CARRITO ORGANIZADOR STUK METAL,8,688.79
50084278,SET OFICINA MESH NEGRO 4PZAS,8,387.07
50121394,CAJA PLASTICA 20LT TRANSPARENTE SIN TAPA,8,48.88
50131324,CAJA DE 27 GALONES HEAVY DUTY,8,283.62
50128992,NUDO MADERA DECORATIVO,8,77.07
50092641,"PORTARETRATOS MOLDURA5 4X6""",8,51.47
50128889,SET DE 2 PZAS ORGANIZADOR ESCRITORIO RG,8,180.52
50136559,PORTA DE PP MULTIPLE DE 8 FOTOS 4X6 GRIS,8,222.67
50125365,SET DE 2 CAJAS TRANSPARENTE,8,352.59
50128998,BOLA METALICA NEGRO,8,77.84
50135906,CAJA DE PLASTICO CON TAPA DE BAMBU M,8,184.915
50063059,PORTA FOLLETOS DE ACRILICO OMX,8,68.1
50092639,PORTARRETRATO 5X7 MOLDURA 4,8,132.16
50125381,MARCO PARA 3 FOTOS 4X6 NEGRO,8,92.64
50108300,CAJA PLASTICA 15L TRANSPARENTE,8,240.52
50109862,PORTARRETRATO 6X8 MOLDURA 16,8,283.02
50128890,SET DE 2 PZAS ORGANIZADOR D ESCRITORIO N,8,90.26
50125046,CAJA HEAVY DUTY 42 LTS,8,240.52
50014577,SOPORTE PARA LIBROS 15 CM,8,132.16
50136560,PORTA DE PP MULTIPLE DE 10 FOTOS 4X6,8,231.9
50118014,PORTARRETRATO 5X7 MO.38 BLANCO,8,132.16
50125380,PORTARETRATO 5X7 BLANCO,8,68.1
50094423,PORTA DIPLOMA 21.5X28 MOLD 27,8,210.6
50109859,PORTARRETRATO 6X8 MOLDURA 38,8,231.9
50132148,CHAROLA METALICA NEXTEP 3 NIV NEG OFICIO,8,387.07
50136558,PRETRATOS TP ALUM NG 46,8,231.9
50137459,PRETRAT PT MATE ODLDO 8X10MO SF10912,8,326.72
50113265,PORTARRETRATO 5X7 ACRILICO,8,206.04
50129051,ORGANIZADOR TEJIDO MEDIANO CHOCOLATE,8,59.74
50130825,CAJA ALMACENAJE TEJIDA M,8,252.84
50138081,JGO 4 FRASCOS QUATRO,8,180.43
50109605,PORTA DOCUMENTOS 3 NIVELES MES,8,309.48
50092656,"PORTARRETRATO MOLDURA 5 6X8""",8,83.06
50128993,PORTARETRATO MADERA MARRON,8,102.93
50128997,PORTARETRATO DE HIERRO 5X7,8,133.97
50113269,PORTARRETRATO 4X6 METAL NEGRO,8,120.09
50121397,CESTA MEDIANA NEGRA,8,25.34
50066409,REVISTERO NEGRO MAPED HELIT,8,81.81
50121401,GAVETA CHICA 2PACK NEGRA,8,29.74
50135043,PORTARRETRATO 56X56 CM CIRCULAR 9 FOTOS,8,421.55
50118010,PORTARRETRATO 6X8 MOL 4 BLANCO,8,240.52
50129053,ORGANIZADOR TEJIDO TAPA GRANDE CHOCOLATE,8,162.33
50133412,ORGANIZADOR PARA ESCRITORIO CON CAJON,8,412.93
50041008,ORGANIZADOR ESCRITORIO MAPED,8,156.29
50094425,MARCO PARA 5 FOTOS MOLD 4,8,335.34
50104232,CAJA PLASTICA 68LT GRIS,8,71.12
50013036,ARCHIVERO 5 FOLDERS COLGANTES,8,387.07
50138207,PORTADOCUMENTO CARTA AZUL ELASTICO,8,56.04
50118013,PORTARRETRATO 4X6 MO.38 BLANCO,8,114.05
50134113,CAJA CON TAPA TRANS AZUL18X24X12 CM3.5L,8,50.198
50135045,PORTARRETRATO LOVE 4X6 CM 4 FOTOS,8,89.91
50137225,REVISTERO VERTICAL STUK 6 NIVELES NEGRO,8,473.28
50069331,PORTA REVISTAS MESH NEGRO OMX,8,775
50113270,PORTARRETRATO 4X6 METAL DORADO,8,150.26
50130824,CAJA ALMACENAJE TEJIDA CH,8,283.62
50128916,CAJA HEAVY DUTY 100 LTS STUK,8,343.965
50092657,PORTARRETRATO 8X10 MOLDURA 5,8,369.83
50092654,"PORTARRETRATO MOLDURA 5 5X7""",8,59.22
50130817,ORGANIZADOR DE ESCRITORIO ROT,8,42.67
50100744,SET DE 3 CHAROLAS ESSENTIALS,8,240.78
50131530,CESTA CALADA PRIMAVERA,8,50.04
50134334,SABLON KIT DE ESCRITORIO DE MALLA,8,301.29
50128982,SET DE CESTAS 2 PZ CON ASAS,8,129.05
50130826,CAJA ALMACENAJE TEJIDA G,8,456.04
50137223,ORGANIZADOR GIRATORIO STUK MESH NEGRO,8,231.9
50125047,CAJA HEAVY DUTY 64 LTS,8,369.83
50104233,CAJA PLASTICA 68LT NEGRA,8,51.21
50069332,PORTA REVISTAS MESH PLATA OMX,8,731.9
50137224,CHAROLAS 3 NIVELES STUK MESH NEGRO,8,318.1
50125369,ORGANIZADOR LATAS PLASTICO TRANSPARENTE,8,30.78
50136553,PORTARET MDF 4X6 BLANCO,8,68.1
50138083,POMO FIDO 2 LT,8,120.09
50062062,DESPACHADOR DE CLIPS CHICO,8,30.09
50121489,CESTA CHICA BLANCA,8,21.12
50023474,CINTA SCOTCH MAGICA 18X33,9,81.81
50065894,ENGRAPADORA USO RUDO T/C,9,206.04
50125187,SUJETADOCUMENTOS CARITAS STUK 19MM 20PZ,9,43.97
50128075,UHU PEGATODO 125 ML,9,125.86
50057440,PLASTILOKA 40GRS,9,31.04
50125199,ENGRAPADORA ECO STUK VERDE,9,58.97
50034155,LIGAS VALMAR NO64 100 GR .,9,15.95
50065888,QUITAGRAPAS OMX NEGRO,9,21.47
50069988,PERFORADORA OMX 20HJS 3/O,9,215.09
50076311,LIGAS OMX NAT NO18 80GR,9,24.05
50077329,TIRAS SUJ VELCRO BCO 2PZS,9,28.45
50102603,SET METAL ACCO COLOR 300 PZS,9,143.97
50102649,PEGAMENTO UHU 40GR 1 PIEZA,9,80.17
50125476,SUJETADOCUMENTOS SMILEY 19MM 12PZ,9,21.12
50029482,PEGAMENTO KOLA LOKA 2GR,9,30.09
50077331,CIRCULOS SUJ VELCRO NG 10 PZS,9,31.9
50113172,CINTA ADH INVISIBLE 18X33,9,37.07
50128429,CINTA ADHESIVA SCOTCH 3PK CAJ 19MMX25.4M,9,56.38
50113327,NOTAS ADH STUK MANO 100 HOJAS,9,30.09
50082957,TIJERA OFI ADVANCED GEL 17CM,9,62.07
50102602,CLIPS ACCO TIPO MAR N1 12 PZS,9,31.04
50130941,NOTAS PAPEL RECICLADO 3X3IN ECO STUK,9,19.35
50076308,LIGAS OMX NAT NO12 80GR,9,21.47
50125213,SUJETADOCUMENTOS ECO STUK 19MM 12PZ,9,98.28
50125505,MINI SET OFICINA BUTTERFLY,9,42.67
50052337,LIGAS PILOT NAT NO18 80GR,9,27.5
50068694,"BANDERITAS POST-IT RIG 2"" 4COL",9,107.76
50084567,CINTA ADHESIVA TRANSP PREM 2PZ,9,9
50093488,NOTAS POST-IT MIAMI 4X6 4BLOCK,9,58.45
50131602,SCOTCH BRITE FIBRA CERO RAYAS AZUL G,9,43.97
50068690,"BANDERITAS POST-IT RIG 3COL 1""",9,116.38
50076302,CLIP OMX MARIPOSA NO2 150PZ,9,122.41
50076303,GRAPA OMX ESTANDAR 5040PZS,9,44.83
50092616,PEGAMENTO LIQ ELMERS 36.9ML,9,10.26
50121560,DESPACHADOR DE NOTAS BANDE POST-IT NGO,9,297.41
50039779,CLIP BACO MARIPOSA NO2 50PZS,9,47.33
50113147,ENGRAPADORA OMX METALICA M/T,9,115.52
50131703,BLOCK DE NOTAS CON IMAN STICH MOOVING,9,142.24
50122491,BANDERITAS POST-IT PRIMAR 5BL,9,71.55
50131144,CLIPS 19 MM COLORS STUK,9,15.09
50131141,ENGRAPADORA COLORS STUK,9,38.75
50125216,BANDERITAS FLECHA ECO STUK 6PZ 25 HJ,9,98.28
50130729,TIJERA ESCOLAR DE 5 PULGADAS ARTLINE,9,8.62
50131131,SET 6 PINES MAGNETICOS COLORS,9,21.12
50122489,NOTAS POST-IT SS WANDERLUST,9,131.9
50122490,NOTAS POST-IT SS OASIS 5PK,9,125
50123171,PASTEL NOTAS ADHE 76X76 100 H,9,23.28
50125197,LAPIZ ADH ECO STUK 40GR 1PZ,9,43.97
50125215,IMANES DE CRISTAL ECO STUK 25MM 6PZ,9,42.67
50134600,CINTA WASHI 4PZ CAPIBARA,9,64.57
50065903,PERFORADORA OMX P/CARPETA 3/O,9,42.67
50132076,PIZARRA AUTOADHESIVA POST IT .23X.23 MT,9,85.86
50062046,QUITAGRAPAS OMX COLORES 3PZS,9,64.57
50113329,NOTAS ADH STUK CUADRADO 100H,9,30.09
50125214,SUJETADOCUMENTOS STUK DISENO 32MM 6PZAS,9,51.21
50125223,DESPACHADOR CINTA CON REPUESTO 4PZ OMX,9,53.7
50130730,PEGAMENTO BLANCO FCO 60G BACO,9,12.93
50131062,TIJERAS VERDE CATS STUK,9,19.4
50131598,PERFORADORA 3 ORIFICIOS USO RUDO,9,762.93
50131599,PERFORADORA G EN FORMA DE PETALO,9,49.57
50099867,GANCHO VELCRO MINI REM BCO,9,71.55
50131129,DESPACHADOR VER CINTA COLORS STUK,9,28.02
50131695,CLIPS FIGURAS STITCH 4 PZ MOOVING,9,56.04
50134965,BROCHE LATONADO TIPO ALEMAN 15MM,9,39.57
50069423,ENGRAPADORA OMX TIPO PINZA T/C,9,326.72
50105956,"TIJERA OFI ZURDO 7""",9,47.33
50125196,SET NOTAS ADHE ECO STUK 6PZAS,9,98.28
50132144,SUJETA DOCUMENTOS GRANDE 51MM (2) 12 PZ,9,32
50131601,SCOTCH BRITE FIBRA CER RAYAS NARANJAJA G,9,43.97
50013495,LAPIZ ADHESIVO PRITT 11GR 3PZ,9,49.91
50051707,CINTA SUJ VELCRO BCO4.5X1.9 1P,9,252.59
50118649,IMANES MOOVING 6 PZ,9,81.9
50125457,NOTAS ADH SMILEY CARITA COLORES,9,42.67
50125484,MINI SET OFICINA SMILEY,9,21.12
50062911,NOTAS OMX AMA CUBO 3X3 400H,9,56.81
50069643,SUJETADOC OMX 19MM 12PZS GRIS,9,21.47
50077332,CINTA SUJ VELCRO BCO 90X1.9 1P,9,66.38
50090374,TIJERA ESC ESSENTIALS 13CM,9,19.74
50122487,UHU PEGATODO 20ML,9,43.965
50125478,DESPACHADOR DE CINTA SMILEY,9,42.67
50134606,KIT ENGRAPADORA 50 GRAPAS CONSTELACIONES,9,82.67
50087960,"TIJERA OFI SIGEL MULTIUSOS 8""",9,54.22
50120454,LAPIZ ADHESIVO DIXON 36G 2PZ,9,72.41
50121597,TIJERAS 8 PULGADAS SCOTCH DISENOS,9,64.66
50035697,"TIJERA ESC BARRILITO 5""",9,27.5
50060054,RESISTOL REPAR INSTANT ORIG 2G,9,26.72
50088026,SET ENGRAPADORA/PERFORADORA/QUITAGRAPAS,9,170.69
50092623,LAPIZ ADHESIVO ELMERS MOR 40GR,9,47.33
50125192,TIJERA OFICINA STUK 16CM VERDE OLIVO,9,34.48
50125460,IMANES SMILEY 6PZ,9,42.67
50131140,NOTAS ADHE NEON CIR COLORS STUK,9,19.4
50137767,PERFORADORA NEXTEP 3 ORIFICIOS NE123,9,123.5
50087840,TIJERA OFI ADVANCED GREEN 8,9,73.19
50113818,CINTA DE REGALOS 19MM X 16.5M,9,40.52
50125204,BANDERITAS ADHESIVAS STUK 8 PZAS,9,26.38
50132145,DESPACHADOR DE CINTA NEXTEP 19MM (3/4),9,30.75
50065897,PERFORADORA SENCILLA TRIPLE,9,134.48
50102601,WH01POSA NO2 50 PZS,9,50
50117947,PEGAMENTO RESISTOL 911 MINIDUO,9,19.83
50119614,CHINCHETAS PELIKAN NEGRO 100 PZA,9,32.76
50128431,CINTA PAPEL SCOTCH 2PK MOD 814,9,28.19
50033918,PEGAMENTO KOLA LOKA BROCHA 5GR,9,30.09
50113850,CINTA SUPER ADH SCOTCH 19X25.4,9,41.38
50119823,PROTECTORES FIELTRO REDONDOS SCO,9,62.93
50125509,SUJETADOCUMENTOS BUTTERFLY 19MM 12PZ,9,21.12
50125497,IMANES BUTTERFLY 6PZ,9,42.67
50012772,CLIP ACCO ESTANDAR NO1 100 PZY,9,13.71
50131422,TIJERAS ESSENTIALS SOFT NEON,9,22.41
50119613,LAPIZ ADHESIVO PELIFIX 10 GRAMO,9,30.95
50131133,TIJERAS INOX ROJO COLORS STUK,9,19.4
50119944,CUADROS VELCRO ALFA-LOK NEGRO 2.5X2.5CM,9,65.09
50121593,CINTA SCOTCH DOBLE CARA EN CAJA 12MMX33M,9,142.24
50023850,"TIJERA OFI BARRILITO 5""",9,53.45
50035784,CINTA SUJ VELCRO NG 4.5X1.9 1P,9,252.59
50102595,PATAFIX BLANCO UHU 80 ALMOHADI,9,58.62
50118526,LAPIZ ADHESIVO ELMERS 4PZ,9,111.64
50012889,BROCHE ARC OMX 8CM 50PZS PK,9,81.81
50054718,NOTAS POST-IT POP-UP NEON 3X3,9,158.62
50089663,RESISTOL NMC MULTIUSOS 100G,9,83.62
50114007,PEGAMENTO ELMERS MOR 4PZ 7GRS,9,62.84
50122492,BANDERITAS POST-IT FLECHA NEON,9,72.41
50013687,ADHESIVO SCOTCH SPRAY 77 305GR,9,266.38
50061358,CINTA JANEL DOBLE CARA 18X33,9,81.81
50134614,SET DE ACCESORIOS DE OFICINA,9,82.67
50062047,PERFORADORA OMX 1/O,9,30.09
50062310,SET ENGRAPADORA OMX MET M/T,9,141.38
50076312,LIGAS OMX NAT NO33 80GR,9,21.47
50113851,CINTA SUPER SCOTCH DESP 19X16,9,47.33
50118147,NOTAS POST-IT SUMMER JOY,9,140.52
50114008,PEGAMENTO ELMERS AP 40GRS+6GR,9,58.62
50123175,PA SET 8 BANDERITAS 12X45 X200,9,26.72
50131132,TIJERAS INOX AZUL COLORS STUK,9,19.4
50134615,CLIP GIGANTE DORADO CONSTELACIONES,9,30.95
50088334,TIRAS SUJ VELCRO USO RUDO 5PZS,9,80.17
50100195,UHU HART MANUALIDADES 35 ML,9,89.66
50121556,NOTAS ADHESIVAS POST-IT RIO JANEIRO 3X3,9,140.52
50134611,NOTAS ADHESIVAS ROSA MORAD 200H CONSTELA,9,30.95
50125182,SET NOTAS ADHE ECO STUK 20 HJ,9,42.67
50138243,TIJERAS 13CM DRAGON,9,47.33
50056446,"NOTAS POST IT AM 3X3"" 8BL",9,115.52
50113949,LAPIZ ADHESIVO PRITT LA 3 PACK 11GR NEON,9,53.36
50113950,LAPIZ ADHESIVO PRITT 11G 3P MORADO GLIT,9,53.36
50125200,DESPACHADOR DE CINTA ECO STUK VERDE,9,42.67
50125201,NOTAS ADHESIVAS STUK VINO,9,35.34
50131059,DESPACHADOR CINT ADHESIV VERDE CATS STUK,9,28.02
50130943,SET NOTAS ADHESIVAS RECICLADO STUK ROSA,9,23.66
50119825,DESLIZADORES REDONDOS 4PZ SCOTCH,9,62.07
50125221,NOTAS ADH FLORES OFFICEMAX,9,23.28
50131060,DESPACHADOR CINT ADHESIV ROS CATS STUK,9,28.02
50014476,PEGAMENTO RESISTOL 850 1KG,9,152.59
50077333,CINTA SUJ VELCRO NG 90X1.9 1PZ,9,74.14
50125194,NOTAS ADHESIVAS STUK MORADO,9,24.74
50062052,SUJETADOC OMX FLOR 25MM 10PZS,9,47.33
50119828,TIRAS CUADROS NEGRAS JUMBO 9KG C,9,86.21
50125189,CINTA ADHE STUK 5 PZAS,9,54.31
50130950,SET DE NOTAS ADHESIVAS 8 DISENOS STUK,9,46.98
50131069,NOTAS ADHESIVAS NEON 200 H CATS STUK,9,16.81
50078884,LIGAS LEON BLANCA NO18 80GR,9,30.09
50082958,TIJERA MAPED OFI ADVANCED 21CM,9,73.19
50121552,NOTAS POST-IT OPP SUPER STICKY 45 HOJAS,9,19.83
50130940,NOTAS ADHESIVAS TRANSP 3X3IN STUK,9,30.09
50076300,CLIP OMX EJECUTIVO NO2 100PZS,9,29.74
50102650,PEGAMENTO UHU 21GR 1 PIEZA,9,58.62
50105954,"TIJERA OFI SIGEL FORJADA 6""",9,89.66
50125456,CINTA WASHI SMILEY 6PZ,9,21.12
50130945,KIT DE NOTAS ADHESIVAS 4 FIGURAS STUK,9,47.33
50134966,BROCHE LATONADO TIPO ALEMAN 25MM,9,48.19
50128074,UHU PEGATODO 35 ML,9,68.1
50061480,TIJERA ESC MAPED SEN 3D 16CM,9,73.19
50076806,LIGAS LEON NAT NO18,9,30.09
50102596,PEGAMENTO UHU 8GRS 1 PIEZA,9,31.9
50118627,NOTAS ADHESIVAS MOOVING 400H,9,64.66
50124831,WASHI TAPE PANDA ADHES 2PZ 3.6CMX3M,9,62.93
50132071,NOTAS ADHESIVAS SS 2X2 6PADS 45HJS C/U,9,90.52
50036228,CLIP BACO TROPICAL NO1 10PZS PK,9,206.04
50050603,RESISTOL 5000 SUPER TRANS 21M,9,51.72
50125184,MINI ENGRAPADORA AZUL OMX,9,43.97
50088336,CINTA SUJ VELCRO RUDO NGO 1PZ,9,131.04
50110082,CINTA DOBLE CARA PAPEL NAVI 175 24MMX33M,9,49.14
50041011,IMANES MAPED RECT COLOR 8PZS,9,53.45
50131066,CINTA WASHI 4 PZAS DISENO CATS STUK,9,19.4
50131696,SET NOTAS ADHESIVAS STITCH MOOVING,9,68.1
50013674,CINTA SCOTCH MAGICA 12X33,9,52.16
50061361,CINTA JANEL DOBLE CARA 18X50,9,81.81
50072937,NOTAS OMX ADH FLECHA 200H,9,44.83
50116852,INDICES SEPARADORES MOON 60H,9,47.84
50125220,NOTAS ADH OFFICEMAX NEON 600H,9,98.28
50118529,TIJERAS SENSOFT 3D 13CM ECOPAC,9,37.93
50122808,PEGAMENTO BROCHA RESISTOL 911 5G,9,39.22
50033292,ENGRAPADORA PILOT CROM GOL M/T,9,206.04
50119618,TIJERA ESCOLAR ERGONAMICA PELI,9,34.26
50131067,CINTA WASHI 4 PZAS CATS STUK,9,19.4
50132078,PRITT TRIPACK 11GR MAS 1 FUN COLOR VERDE,9,54.22
50100196,UHU TWIST & GLUE 35 GR,9,68.79
50131070,KIT ENGRAP ROSA CON GRAPAS CATS STUK,9,38.75
50062053,SUJETADOCUMENTOS OMX 19MM 12P,9,21.47
50101898,CLIPS ACCO STANDAR NO3 100PZS,9,13.71
50119619,TIJERA ESCOLAR CONFORT FANCY PE,9,28.06
50125181,SET NOTAS ADHE ECO STUK 20 HJ FLORES,9,51.21
50131697,CINTA WASHI STITCH 1.5CMX3M 3 PZ MOOVING,9,64.66
50013481,PEGAMENTO EN TUBO PRITT 40 GR,9,68.02
50069644,DESPACHADOR DE CINTA OMX GDE,9,159.48
50074270,ENGRAPADORA OMX MINI TIPO PINZ,9,81.81
50125217,BANDERITAS COLORES ECO STUK 6PZ 25 HJ,9,98.28
50128267,BANDERITAS FLECHAS PASTEL MOOVING,9,14.66
50096833,SCHOOL GLUE CLEAR 147ML,9,65.43
50101806," SILICON ROEL LIQUIDO, FCO.",9,35.34
50101960,SUJETADORES VELCRO ALFRALOCK 2,9,80.17
50116839,NOTAS ADHESIVAS OMX SET NEON,9,47.33
50131603,SCOTCH BRITE FIBRA CERO RAYAS ROSA,9,43.97
50089662,RESISTOL 911 FLEXGEL 3G,9,35.34
50135077,WASHI TAPE SNOOPY 1.5CM 3PZ,9,68.1
50012880,CLIP GOTICO OMX N2 100PZ,9,21.47
50119943,CORREA VELCRO EASY-HANG CHICO 30X22CM,9,98.28
50125190,TIJERA ESCOLAR STUK CON CUBIERTA 13CM,9,19.83
50125496,DESPACHADOR DE CINTA BUTTERFLY,9,42.67
50067394,NOTAS POST-IT SUPER STICK 3X3,9,134.48
50131080,SET DE BADERITAS 40 H C/U CATS STUK,9,16.81
50085019,DESPACHADOR CINTA JHONSHEN COL,9,72.84
50042930,CORREA VELCRO ONEWRAP COL 5PZS,9,50
50076297,CLIP OMX ESTANDAR NO1 100PZS,9,15.43
50130584,KIT MASA CREATIVA ELMERS KEEPSAKES 9PZ,9,361.21
50134608,CLIPS PARA CARPETA 12 PZ CONSTELACIONES,9,22.33
50033288,ENGRAPADORA BYARRILITO M/T ACME,9,98.28
50039778,CLIP BACO MARIPOSA NO1500613611 12PZS C,9,30.09
50062057,ENGRAPADORA OMX USO RUDO NEGRO,9,378.45
50071722,LIGAS LEON COLOR NO18 80GR,9,30.09
50127164,CLIPS TOP PRIORITY 8 PIEZAS,9,116.38
50012871,CLIP BACO ESTANDAR NO1 100PZS,9,16.38
50062311,SET ENGRAPADORA OMX BEIGE M/T,9,141.38
50118662,SET DE CLIPS Y OFICINA,9,168.1
50012773,S,9,13.71
50113323,NOTAS ADH STUK MANZANA 100H,9,47.33
50121553,NOTAS POST-IT SUPER ADHESIVA 2PK 45H,9,31.9
50128430,DESP METALICO SCOTCH MAS 2 CINTAS MAGICA,9,47.84
50130788,SET DE NOTAS LEAVES WIND,9,45.26
50131074,CLIPS DE CARP 12 PZ AZ Y ROS CATS STUK,9,15.09
50013763,NOTAS POST-IT PASTEL 7.6X7.6CM,9,125.86
50077336,TIRAS SUJ VELCRO USO RUDO NGRO,9,31.04
50087962,"TIJERA ESC SIGEL 5""",9,19.74
50131607,SCOTCH BRITE FIBRA ESPONJA GRANDE,9,40.52
50134609,IMANES 6 PZ CONSTELACIONES,9,39.57
50012879,CLIP GOTICO OMX N1 100PZ,9,19.74
50120023,TIJERA ESC MAPED TATOO IN 13CM,9,62.07
50130731,LAPIZ ADHESIVO KOLE 8GR,9,6.04
50130948,IMANES REDONDOS BLANCO PERLA 6PZ STUK,9,47.33
50096828,PEGA ELMERS GLITTER ROSA 177ML,9,62.07
50102594,UHU MAX REPAIR 8GR,9,116.38
50125193,NOTAS ADHESIVAS STUK 5 DISENO,9,49.14
50128276,SET OFICINA PASTEL MOOVING,9,125.86
50131851,MASA PEGAJOSA ELMERS 2 PZS,9,58.62
50032408,CINTA SCOTCH ADH 550 19X3Y3,9,30.09
50056441,NOTAS POST-IT MINI ULTRA 5X5,9,64.57
50090641,SUJETADOC BARRILITO 32MM 12PZS,9,39.22
50093703,PEGA LIQ ELEMRS GLUE ALL 225ML,9,50
50063048,CINTA OMX ADH T C/DESP 18X33 6PZS,9,162.07
50119822,TOPES ANTI-IMPACTO SCOTCH 1IN,9,53.45
50119827,TIRAS CUADROS BLANCAS JUMBO 9KG,9,89.66
50125224,BANDERITAS ADHESIVAS ECO STUK 4PZAS,9,25.34
50136246,TIJERA OFICINA 152MM D6B,9,21.2
50013480,LAPIZ ADHESIVO PRITT 11GR,9,21.47
50130944,SET DE NOTAS ADHESIVAS RAINBOW STUK AZUL,9,23.66
50012873,CLIP TROPICALIZADO CT-1 BACO .,9,0.86
50099869,GANCHO VELCRO CH REMOV BCO 2PZ,9,71.55
50129187,SET ENGRAPADORA SWINGLINE 545 T COMPLETA,9,212.93
50014477,PEGAMENTO RESISTOL 850 500GR,9,90.52
50077330,CIRCULOS SUJ VELCRO BCO 10 PZS,9,31.9
50132079,PRITT TRIPACK 11GR MAS 1 GLITTER ROSA,9,54.22
50132147,DESENGRAPADOR NEXTEP,9,11.5
50131606,SCOTCH BRITE FIBRA EXTREMA,9,39.66
50077267,PERFORADORA MAPED 12HJS 2/O,9,71.55
50055976,PLANER SEM POST-IT 45.5X30.3,9,343.1
50076299,CLIP OMX EJECUTIVO NO1 100PZS,9,38.36
50097196,TIJERA ESC MAPED E ZURDO 13CM,9,22.41
50131713,BANDERITAS FORMA STITCH DESP MOOVING,9,56.04
50135037,CLIPS 4 PIEZAS SNOOPY MOOVING,9,68.1
50102600,CLIP ACCO JUMBO 100 PZS,9,40.52
50131061,IMANES CATS STUK,9,21.12
50131312,TIJERAS 6IN P COSTURA FORJADAS EN ACERO,9,0.0082
50109705,DESENGRAPADORA PEGASO 501,9,18.97
50113330,NOTAS ADH STUK NUBE 100 HOJAS,9,47.33
50093479,"NOTAS POST-IT MINI 1.5X2"" 4BLK",9,36.21
50113328,NOTAS ADH STUK CORAZON 100H,9,30.09
50121550,GANCHO COMMAND XXL 4.5KG,9,94.83
50124783,MINI ENGRAPADORA VIVO MAPED PASTEL,9,56.9
50125195,SET NOTAS ADH STUK 16 PZAS,9,98.28
50125212,IMANES DE CORCHO ECO STUK 6PZ,9,58.97
50130951,SET NOTAS ADHESIVAS Y BLOCK CAT ECO STUK,9,36.59
50133134,TIJERAS COCINA ACERO INOX BARRILITO,9,128.79
50134616,NOTAS ADHESIVAS ROSA 50H CU CONSTELACION,9,56.81
50011813,CINTA JANEL TRANSPARENTE 12X33,9,7.25
50065898,PERFORADORA OMX NEGRO 8HJS 2/O,9,71.55
50120024,TIJERAS SENSOFT PASTEL 13CM TRY ME CC,9,65.52
50131605,SCOTCH BRITE ESPONJA BORRAMANCHAS,9,53.45
50015958,DESENGRAPADOR BARRILITO NEGRO,9,25.86
50128265,CLIP GLITTER BINDER X4,9,81.9
50130859,NOTAS ADHESIVAS TRANSLUCIDAS 76X76MM,9,25.34
50018285,BANDERITAS POST-IT ULTRA 200H,9,50
50125477,NOTAS ADH REDONDAS SMILEY 200H,9,22.685
50077987,SENALES POST-IT MINI 10 COLOR,9,81.81
50100588,LIGAS LEON NAT NO64 80GR,9,19.83
50118660,SET CLIPS MOOVING VERDE,9,112.93
50119826,GANCHOS ADJUSTABLES 6PZ COMMAND,9,122.41
50121551,GANCHO COMMAND XXXL 6.8KG,9,94.83
50125186,CLIPS AGUACATE STUK 3PZ,9,18.1
50132072,NOTAS ADHESIVAS MIAMIA 8PK 2X2 90HJS C/U,9,125
50135074,BLINDER CLIPS 25MM 6PZ SNOOPY,9,68.1
50015770,CUADROS SUJ VELCRO NEGRO 12PZS,9,43.97
50035781,CUADROS SUJ VELCRO BCO 12 PZS,9,43.97
50013487,CUADRITOS ADHESIVOS PRITT 50PZ,9,41.29
50041012,IMANES MAPED REDONDOS 8PZS,9,40.52
50130946,SET BANDERITAS RAINBOW STUK 4 COLORES,9,23.66
50132073,NOTAS ADH WAND RAYAS 4X6 4PADS 90HJS C/U,9,107.33
50134607,CINTA WASHI 4 PZ CONSTELACIONES,9,39.57
50069639,ARGOLLAS SUJETADOC OMX 35MM 9P,9,47.33
50069991,PEGAMETO OMX LIQ/LAPIZ ADHES,9,50
50102591,UHU POWER SPRAY 200ML,9,270.69
50121595,DISPENSADOR DE CINTA SCOTCH CLIP,9,133.62
50123112,HARRY POTTER JUMBO PAPER CLIP,9,68.1
50128432,DESPACHADOR DE CINTA PAJARO C48,9,165
50013413,GOMA DE BORRAR SILCOTECHNIC 6P,10,36.98
50110500,BOLIGRADO BAMBOO 2 PIEZAS,10,40.43
50124802,BOLIGRAFO INOX 70 GOLDEN TINTA NEGRA,10,395.69
50125232,LIBRETA ESPIRAL ECO STUK 25HJ,10,25.6
50125237,BOLIGRAFO RETRACTIL ECO STUK BAMBU 3PZAS,10,28.19
50127175,LIBRETA GDE VANGOGH,10,706.04
50127676,CUADERNO PROFESIONAL HELLO KITTY C5,10,90.52
50129436,TERMO SHAKER HANDLE TAPA FLEX NEGRO,10,602.59
50131094,BOTELLA 550 ML DISENO FLOR CATS STUK,10,51.29
50137903,TERMO DE VIAJE WARP PIPE SUPER MARIO,10,395.69
50138096,MARCADOR PERMANENTE 4PZ KIRES MUNDIAL,10,47.33
50015156,BOLIGRAFO 4COL 1P MED N/A/R/V,10,48.19
50017009,CUADERNO PROF C7 100H JBOOK,10,99.14
50062221,BORRADOR RETRACTIL C/CLIP OMX,10,23.19
50125048,MARCATEXTOS VISION JR PASTEL 5 PZS AZOR,10,53.88
50125605,CUADERNO A5 KIUT C7 160H,10,185.34
50125753,LONCHERA PIZARRA PURPURA CLARO TOTTO,10,473.28
50128304,LAPICES DE GRAFITO HELLO KITTY,10,64.66
50130785,LAPICERA ACOLCHADO FLORES LEAVES WIND,10,107.33
50131048,PLUMA FLOR AMARILLA,10,48.19
50132434,LAPICERA WILSON ROJO YADATEX,10,202.59
50136214,LIBRETA EJECUTIVA 192HRY HP RAVENCLAW,10,352.59
50136434,BLOCK DE NOTAS 120H 70GR,10,98.28
50048492,COLORES GIGANTES TRIANG 12P,10,266.38
50097283,CUADERNO PROF. DO NATU C5 100H,10,46.5
50119662,"ESTUCHE METALICO C/CIERRE, 2 L",10,231.9
50120182,SET 3 LIBRETAS XGD AMARILLAS HOJA BLANCA,10,533.62
50126038,SET LETTERING 22PZAS,10,288.79
50131749,LAPICERA DENIM BOX GRIS,10,292.24
50131917,MOCHILA CARS ROJA PITS RUZ,10,301.29
50132043,MOCHILA COLORES TOCAX TOTTO,10,559.48
50132440,LAPICERA BARBIE NEGRO YADATEX,10,319.44
50134118,BOLIGRAFO CON POMPON CAPIBARA,10,61.12
50067928,BOLIGRAFO KM 100 ROJO CAJA 12,10,54.22
50118573,SHARPIE MIX 2 FINO,10,10.09
50119494,CUADERNO PROFESIONAL C7 90H SUPER GIRL,10,22.19
50119501,CUADERNO COSIDO PROF BLANCO 100H CLASICO,10,46.29
50126048,PLUMONES BORRABLES COLORPEPS 12 PZAS,10,68.1
50127948,BOLIGRAFO GEL J ROLLER 2PZAS NEGRO,10,39.22
50130781,CUADERNO ESPIRAL RAYA 80 H LEAVES WIND,10,64.22
50131654,CUADERNO PROF 120 H RAY JUNGLE APLI,10,128.79
50131753,LAPICERA MORADA TRES CIERRES,10,314.66
50131894,LONCHERA HELLO KITTY AZUL LUNARES RUZ,10,215.09
50132036,LONCHERA AZUL KLASS TOTTO,10,559.48
50132530,LAPICERA XBOX NEGRO CONTROL YADATEX,10,297.41
50064507,LAPIZ MIRADO HEXAG N 2 4 PZAS,10,30.09
50079692,COLORES PROF PRISMACOLOR 48 PZ,10,1076.72
50102920,CUAD ESP PRO C.5 100H ONIX 24P,10,39.57
50119492,CUADERNO PROFESIONAL RY 90H SUPER GIRL,10,22.19
50120186,SET 3 LIBRETAS XGD KRAFT RAYA,10,533.62
50130986,MARCATEXTOS 4 COLORES PLAST RECICLA,10,39.57
50131079,MOCHILA AZUL CATS STUK,10,128.88
50132622,BOTELLA SPORT KUROMI1L ANDROMEDA,10,64.66
50132722,BOLIGRAFO GEL SARASA CLIP WINT 0.7MM 5P,10,193.97
50133163,HOJAS CARPETA CTA REFOR 100H CUAD GRANDE,10,56.81
50136226,LIBRETA EJEC PREMIUM SNOOPY AMAR 192HRY,10,318.1
50071186,BOLIGRAFO KILOMETRICO SURT 10P,10,56.81
50076815,LIBRETA POCKET KRAFT RY 3PZ MO,10,240.52
50089368,BOLIGRAFO UNIBALL DELUXE .5 AZ,10,49.05
50101214,GOMAS PARA BORRAR 4 PZS HELADO,10,31.81
50113244,LIBRETA ECO STUK DE BOLSILLO,10,62.84
50119387,MOCHILA STRANGER THINGS,10,542.24
50127675,CUADERNO PROFESIONAL HELLO KITTY RY,10,90.52
50127707,CUADERNO PROF KIUT TELA RY 160H,10,275
50131490,PLUMONES DUALES SWIRL 8 PZAS CRAYOLA,10,147.22
50131755,LAPICERA FLORAL COLORZ BOX,10,231.9
50132016,MOCHILA FLORES GRAFILY TOTTO,10,861.21
50132345,MOCHILA FOOTBALL LOGAN 5XT XTREM,10,602.84
50132474,LONCHERA AMONG US AZ MAR YADATEX,10,349.14
50132593,MOCHILA PLAYSTATION BLANCO FOTORAMA,10,355.6
50136698,MARCATEXTOS STITCH 4PZ,10,56.81
50137915,MOCHILA RUEDAS AZUL MARIO Y YOSHI NUBES,10,1451.72
50063743,MARCADOR PER RECAR SIGN ROJC1.,10,147.41
50069461,COLOR CHECADOR RJ/CARMIN 4P OM,10,22.33
50079721,COLORES PROF PRISMACOLOR 72 PZ,10,1507.76
50083444,MARCADOR CERA NEGRO PHANO PZA,10,12.93
50106034,SACAPUNTAS 2 EN 1,10,15.43
50119319,LONCHERA DEVRY CACTUS FLOWER KL,10,602.59
50119675,LAPICERA CILINDRICA PUSHEEN HELADO,10,142.24
50120183,SET 2 LIBRETAS XGD NEGRAS/KRAFT HOJA RY,10,473.28
50127626,MOCHILA TOCAX ARCOIRIS RAYADO,10,602.59
50131947,COLORES TRIANGULARES 28PZ NORMA,10,288.79
50132794,LAPIZ BICOLOR ROJO Y AZUL,10,4.31
50136219,LIBRETA EJECUTIVA 192HRY FRIDAKAHLO AZUL,10,369.83
50136224,LIBRETA EJECUTIVA 192HPUNT HELLOKITT NGR,10,369.83
50137951,TERMO VERDE DOBLE PARED SILICON 650ML,10,231.9
50015147,BOLIGRAFO BIC MEDIANO SURTIDO,10,24.91
50045234,MARCADOR AQUARELO GLASS BLANCO,10,44.74
50071307,MARCADOR CERA VER BLIS PZA,10,8.62
50124808,BOLIGRAFO ROUND ANTRACITA MET T NEGRA,10,861.21
50125255,LIBRETA DE BOLSILLO RY ECO STUK,10,56.81
50131086,CUADERNO POCKET VERDE 70 H CATS STUK,10,17.2
50131164,SET 12 PLUMAS DE GEL NEON 0.7 MM,10,34.44
50131921,LONCHERA SPIDEY AMIGOS AZ AM RUZ,10,301.12
50131923,LAPICERA TRIPLE COMP HARRPOTTER BEIG RUZ,10,154.74
50132151,LIBRETA EJECUTIVA HRAY VERDE CATS STUK,10,125
50132880,MOCHILA LAPT MORADO CLEVELAND 5XT XTREM,10,1119.83
50134111,EXPO MARCADOR BORRADO SECO 36PZAS,10,776.5
50136218,LIBRETA EJECUTIVA 192HRY FRIDAKAHLO CORA,10,369.83
50136258,10 PLUMONES CON AROMA SILLYSCENTS,10,124.14
50137955,TERMO AZUL DOBLE PARED 750ML,10,339.66
50015143,BOLÍGRAFO BIC PTO MED NGRO 12,10,47.33
50063053,MARCATEXTOS AMARILLO OMX 2 PZ,10,22.33
50065892,MARCADOR D/BILLETES FALSOS OMX,10,19.74
50068206,FORRO KRYSTAL TRANS. .45X 2MTS,10,30.09
50069430,LAPIZ/COLOR RJ 4P OMX,10,27.5
50085308,PLUMA CORRECTORA C/ ADHESIVO,10,46.47
50113599,MOCHILA RIBBONY NEGRA,10,861.21
50116075,MOCHILA TOTTO CAMBRI NEGRA,10,1335.34
50118599,RESALTADORES SHARPIE TANK 4PZS,10,61.98
50118600,RESALTADORES SHARPIE PASTEL 4P,10,61.98
50119505,CUADERNO COSIDO ITALIANO C5 100H CLASICO,10,28.45
50120175,PLUMAS MULTITINTAS 6 COLORES FROZEN,10,8.62
50124809,BOLIGRAFO BEAT NEGRO TINTA NEGRA,10,835.34
50125757,MOCHILA ACUARELA ROSA PALIDO TOTTO,10,861.21
50130995,CUADERNO PU PASTA DURA 80 HOJAS,10,133.62
50131055,BOLIGR HUELLA GATO TINTA NEGRA CATS STUK,10,15.47
50131139,CINTA ADHE DECO 200 H COLORS STUK,10,21.12
50131355,MARCADOR PX203 EXTRA-FINO BLANCO BLISTER,10,60
50132008,LAPICERA GLITTER SHINY HEART TOTTO,10,387.07
50132451,LONCHERA AMONG US ROJO YADATEX,10,349.14
50132482,MOCHILA PEANUTS AMARILLO YADATEX,10,797.41
50132874,MOCHILA LAPT NEGRO JERSEY 2.0 5XT XTREM,10,930.26
50138153,BOLIGRAFO 0.5MMM TINTA NGR NEGRO MUNDIAL,10,106.9
50138883,CUADERNO PROFESIONAL RY 90H CLASICDISNEY,10,58.54
50013416,GOMA DE BORRAR SILCOSOFTY 2PZS,10,22.33
50024092,CUADERNO FRAN C7 100H CLASICO,10,56.81
50083370,MARCADOR PERM MARKER GRIP BLU,10,15.09
50122852,SIGNAL JUMBO ROJO,10,31.25
50125231,LIBRETA ECO STUK 10 HJ,10,12.67
50127879,CUADERNO GLADIADOR 100H RY ASTROLOGY,10,90.52
50131171,LAPICERA DE SIL NAR COLORS STUK,10,42.67
50068204,FORRO KRYSTAL ROJO .45X1.5M .,10,31.47
50074452,CUADERNO CS COLL COLOR BL 100H,10,74.05
50114809,LIBRETA FASHION AZUL 160 PAG.,10,206.04
50119684,LAPICERA CILINDRICA SNOOPY NARANJA,10,142.24
50125878,PORTABOTELLA KIUT,10,290.52
50127919,LAPICERA JOYSTICK GAMER NEGRO ZIPIT,10,228.45
50130983,LAPICERA GRIS,10,99.14
50131966,SET 3 LIBRETAS XGD AZ HLISO MOLESKINE,10,533.62
50132044,MOCHILA ROSA TOCAX TOTTO,10,559.48
50132573,MOCHILA BLUEY ROSA FOTORAMA,10,316.81
50132631,BOTELLA ABRE FACIL BLUEY 500ML ANDROMEDA,10,56.04
50136606,MARCADORES CRAYOLA XL PARA POSTER 4PZ,10,167.24
50061330,CRAYONES TRIANG CRAYOLA 12PZ,10,57.67
50106130,MARCATEXTOS PASTEL STUK 4 PIEZ,10,53.36
50111683,LAPICERA PLASTICO MANDALA MAPE,10,75.43
50119500,CUADERNO COSIDO PROF RY 100H CLASICO,10,46.29
50119716,MARCADORES PERMANENTES 2 PZS PU,10,41.29
50127134,CUADERNO COSIDO FRAN RAY 100 MB,10,228.45
50134032,MARCADORES COLORING SKETCH MOOVING 12PZ,10,314.66
50136225,LIBRETA EJECRY FUNDA POWEBANK,10,1865.52
50136647,LONCHERA BEIGE PIKE 1818,10,516.38
50027363,BLOCK ESP TAQ L CLASICO RY 80H,10,43.88
50062080,MARCATEXTOS AMARILLO 3 PZAS,10,30.95
50079780,COLORES NORMA 36 PZAS,10,387.07
50093694,CUADERNO PROF UNICA MET RY 160,10,280.17
50118022,CUADERNO ECOPLANET RAYA 100 H,10,82.67
50128312,CUADERNO PROFESIONAL RY 200H LOVE,10,202.59
50131915,LAPICERA FROZEN TRIPLE COMPART COPOS RUZ,10,154.74
50131974,LIBRETA ALBUM ACUARELA GRD VERDE MOLESK,10,706.04
50132039,LONCHERA AZUL CIELO KLASS TOTTO,10,559.48
50136213,LIBRETA EJECUTIVA 160HRY POSITVE VIBES,10,201.72
50136223,LIBRETA EJECUTIVA 192HPUNT HELLOKITT LIL,10,369.83
50137916,LAPICERA AZUL TRIPLE MARIO Y YOSHI ADIVI,10,404.31
50014911,MARCADORES/BORRADOR MAGISTRAL,10,96.55
50048464,LAPICERA WACKY DOUBLE COL SURT,10,55.09
50089466,CUADERNO FRAN 100H C7 BLACK,10,46.98
50116072,LONCHERA TOTTO DEVRY NEGRA,10,507.76
50119424,BOLIGRAFO ULTRA FINO SURTIDO 3PZ,10,16.81
50132149,LIBRETA EJECUTIVA HRAY NEGRA CATS STUK,10,125
50132183,LONCHERA MARIO BROS RACER CHENSON,10,516.38
50136646,MOCHILA BEIGE PIKE 1818,10,947.41
50012947,CUADERNO PROF RY 100H ECOLOG,10,80.09
50088352,MARCADOR SHARPIE F.SINGLES TRQ,10,21.47
50093443,LIBRETA MOLESKIN EXG RAYADA,10,533.62
50119414,BOLIGRAFO PIN POINT 0.7MM NEGRO 3 PZS,10,22.84
50128248,LAPICES DIXON TRICONDEROGA MY FIRST,10,41.29
50128310,CUADERNO PROFESIONAL C5 100H LOVE BOHO,10,150.86
50129435,TERMO SKINNY BLANCO MARMOL,10,335.34
50131038,SACAPUNTAS DOBLE AZUL STUK,10,142.24
50132152,LIBRETA EJECUTIVA HRAY AQUA COLORS STUK,10,125
50132160,LAPICERA GRANDE STRONG HAPPY GIRL,10,369.44
50137241,CUADERNOS PROFESIONAL 100HCHICO CHIC,10,81.81
50054962,CUADERNO PROF RY 100H KIUT,10,99.14
50057288,MARCADOR PIZARRON 12P VERDE,10,239.66
50065797,BOLIGRAFO MOSTRADOR MED TIN NG,10,52.5
50119507,CUADERNO ITALIANO DBL RY 100H CLASICO,10,35.95
50120216,LIBRETA BLEND GRANDE ROJA RAYA,10,619.83
50131890,LONCHERA NEGRA TRUZT RUZ,10,176.29
50132049,MOCHILA AZUL CLOUD TOTTO,10,688.79
50132538,LAPICERA DRAGON BALL Z AZ CAF YADATEX,10,297.41
50134104,CAJA DE COLORES ECO PAPEL PERIODIC12 PZ,10,116.38
50016003,CORRECTOR LIQ PAPER 20ML 1PZA,10,28.36
50073605,BOLIGRAFO ENER 0.7MM COL 3PZ,10,106.9
50082145,CORRECTOR LIQUIDO COLOR BLANCO,10,7.93
50089467,CUADERNO PROF PD 100H RY BLK,10,215.52
50097272,CUADERNO ITAL COVER C5 100H,10,21.12
50097740,MARCADORES KIUT GLITTER 10 PZ,10,159.48
50116293,GOMA RETRACTIL SONIC,10,27.5
50116904,HERMETICO RECT. YOGURT 1.7L,10,142.24
50128361,BOLIGRAFO PIN POINT 0.7MM SURT 10 PZAS,10,56.04
50131123,CUADERNO 96 H ESPIRAL CIR COLORS STUK,10,42.67
50132353,LONCHERA NEGRA NEO3.05XT XTREM,10,516.38
50136774,CUADERNO FRANCES TD 100HOJASRY 75GR NGR,10,156.87
50036217,MARC MAGISTRAL ESTUCHE C8 SUR,10,158.62
50085101,MARCADOR SHARPIE CHISEL NEGRO,10,31.81
50089158,MARCADOR SHARPIE FINO SURT T4,10,81.81
50092219,BOLIGRAFO MED SURT 12PZAS AZOR,10,47.33
50097274,CUADERNO PROF. DO POLY C5 100H,10,45.26
50103690,BOLIGRAFO GEL COLORES SERVE,10,30.95
50119338,MOCHILA TRIK M CLASSIC BLUE TRIK,10,602.59
50127971,MOCHILA CON RUEDAS MARIO BROS AZUL,10,1550.95
50130979,BLOCK CON PESTANIA MAGNETICA,10,48.19
50131026,PLUMA PLASTICA POMPOM AZUL,10,56.81
50131951,MARCADORES GIGANTES 10 PZ NORMA,10,112.34
50132202,LAPICERA 3 COMPART HAPPY GIRL,10,387.07
50137948,TERMO ROSA AZ BRILLANT DOBLE PARED 400ML,10,210.34
50019476,REPUESTO P/BORRADOR 2BL PENTEL,10,47.33
50057607,LAPICERO THE SHAKER 0.5MM 1PZ,10,210.34
50074437,CUADERNO PROF CS COLOR C5 100H,10,74.05
50092590,BOLIGRAFO FINO SURTIDO 10P AZO,10,54.22
50120313,BOTELLA DE PLASTICO HYDRO TWIST 600 ML,10,71.98
50131081,BOLIGRAFO DISENO GATO CATS STUK,10,15.47
50131948,COLORES 12PZ C 2 NORMA,10,156.48
50132150,LIBRETA EJECUTIVA HRAY ROSA CATS STUK,10,125
50051850,COLORES NORMA SUPER HEX 12PZ,10,254.31
50062064,BOLIGRAFO ROLLER 0.7FIN COLOMX,10,55.09
50062085,MARCADOR PERM FINO NGO 2P OMX,10,30.95
50069736,BOLIGRAFO STERLING GEL NGRO,10,387.07
50083441,MARCADOR CERA AZUL PHANO PZA,10,8.54
50098236,BOLIGRAFO MED VERDE 12 PZ AZOR,10,38
50119509,CUADERNO COSIDO FRANCES C7 100H CLASICO,10,28.45
50130815,BOLIGRAFOS GEL GELOCITY COLORES 8 PZ,10,283.62
50131145,BOLIGRAFO ROS MUL BALLPOINT COLORS STUK,10,22.37
50131661,CUADERNO PROF 120H RAY AUROSANT APLI,10,107.33
50131969,LIBRETA SERP C ROSA HRAY 176 H MOLESK,10,706.04
50131981,CUADERNO PROF MAGIC 160H TILIBRA,10,150.86
50132523,MOCHILA BOB ESPONJA AMARILLO YADATEX,10,395.69
50136695,BOLIGRAFO STITCH 1PZ,10,24.05
50138087,COLORES TRINGULA JUMB 12PZ KORES MUNDIAL,10,61.12
50138155,BOLIGRAFO 0.5MMM TINTA NGR BLANCO MUNDIA,10,106.9
50071547,BOLIGRAFO ENERGEL PT FIN 2P NE,10,73.19
50083379,MARCADOR PERM MARKER TURQUESA,10,15.09
50083443,MARCADOR CERA ROJO PHANO PZA,10,12.93
50089493,CUADERNO PROF 150H RAYA POLYC,10,64.22
50092220,BOLIGRAFO MED NG 1CJ 12PZ AZOR,10,47.33
50113997,BOLIFRAFO AZOR PASTEL 8 PZ,10,57.67
50130251,SET DE ESCRITURA PARA OFICINAS,10,215.09
50131032,LAPICERA YUTE LUNARES ZIPPER NEGRO,10,107.76
50131839,MARC SHARPIE ACRYLICS NATU 12CT,10,421.55
50063359,CORRECTOR EN CINTA OMX 5MM 2PZ,10,53.36
50089465,CUADERNO FRAN 100H CUADRO CHICO SCRIBE,10,61.12
50106033,BOLIGRAFO NEGRO 3 PZAS,10,18.49
50124806,BOLIGRAFO PRIME NEGRO TINTA NEGRA,10,775
50125329,LAPICERA STUK PINK AND PURPLE,10,43.71
50127640,LAPICERA ZURICH KLASS AZUL OSCURO,10,309.48
50130491,CUADERNO PROFESIONAL SR 100H RAYA CHIC,10,81.9
50130851,LAPICERA RECTANGULAR HEART,10,180.17
50132521,MOCHILA PEANUTS AMAR PNT030 YADATEX,10,797.41
50136656,LONCHERA LUNARES RAZE CHENSON PRO,10,516.38
50137900,CORRECTOR LIQUIDO NEXTEP 20ML 12PZ NE069,10,13.5
50138335,MOCHILA MARIO BROS GRANDE,10,861.21
50057838,MARCADOR CRAYON IND AMA DIXON.,10,1.74
50063007,JUEGO STERLING BOL/LA PLA,10,861.21
50116062,MOCHILA TOTTO CAMBRI ROSA,10,1335.34
50119486,CUADERNO PROF RY 100H C1082250 INCOLORS,10,144.31
50119755,LAPICEROS KIUT 3P COLOR NEGRO 0,10,35.34
50130589,PLUMONES PPMATE FLAIR DOBLE BRUSH 16PZ,10,283.62
50131227,LIBRETA EJECUTIVA PORTA CEL AZ 192 P RY,10,323.28
50131228,LIBRETA EJECUTIVA PORT CEL MIEL 192 P RY,10,323.28
50138093,SACAPUNTAS C GOMA VERDE KORES MUNDIAL,10,19.74
50014891,MARCADOR MAGISTRAL C/4 SURT/FI,10,53
50039997,CUADERNO PROF C5 100H FERRARI,10,99.14
50089462,CUADERNO FRAN 100H C7 POLYC,10,65.43
50102448,SET DE PLUMONES 50PZ CRAYOLA,10,357.76
50107191,MARCATEXTOS BIC PASTEL 5 PZ,10,73.19
50117736,LIBRETA POCKET BEATLES SUBMARI,10,180.17
50119661,"ESTUCHE METALICO C/CIERRE, 2 L",10,231.9
50120185,LIBRETA CLASICA GRANDE NEGRA CUADRO,10,525
50125345,SACAPUNTAS ELECTRICO NEGRO OMX,10,375
50131085,CUADERNO POCKET ROSA 70 H CATS STUK,10,17.2
50132472,LONCHERA DBSUPER AZ NARJ YADATEX,10,297.41
50132507,LAPICERA PEANUTS AMARILLO YADATEX,10,297.41
50132860,LAPICERA PUSHEEN AZ 2 COMPARTM HELAD YAD,10,240.52
50137956,HERMETICO PLASTICO HELLO KITTY 460ML,10,69.74
50017574,GOMAS FACTIS BLISTER C/ 6 PZ,10,30.95
50024090,CUADERNO FRANCES RAYA 100H SCRIBE,10,56.81
50084686,COLORES PROF PRISMACOLOR 36 PZ,10,818.1
50091180,BOLIGRAFO P/MOSTRADOR 3PZ AZOR,10,62.93
50098797,REPUESTO ROLLER B MONT BLN NGO,10,271.55
50119489,CUADERNO PROF RY 180H C1083470 INCOLORS,10,119.44
50125268,LAPICERO STUK TINTA AZUL CORAZON,10,36.64
50131137,LAPICERA FLORES MALLA COLORS STUK,10,77.16
50132187,LAPICERA 3 COMPART SAGAZ CHENSON,10,387.07
50132595,LAPICERA TRANSFORMERS AZUL FOTORAMA,10,267.59
50132832,MARCATEXTOS BERRY COLOR PASTEL SERVE,10,22.33
50062082,MARCADOR PERM FINO SURT OMX 3P,10,30.95
50066813,LIBRETA BOOK CARBONIO,10,292.24
50073610,LAPICERO TWIST-ERASE + GOMA 5M,10,89.66
50089482,CUADERNO PROF 100H C5 SWEET,10,46.5
50115071,SACAPUNTAS CONTENEDOR AVENGERS,10,8.54
50131054,KIT DE BOLIGRAF 3 PZ TINTA NEG CATS STUK,10,21.51
50131924,MOCHILA SONIC SHADOW AZ NGR RUZ,10,301.29
50137243,CUADERNO PROFESIONAL 100HRAYAS GATO,10,81.81
50138089,LAPIZ TRIANGULA 12PZ KORES MUNDIAL,10,28.36
50089160,MARCATEXTOS ACCENT SHARPIE T4,10,64.57
50094212,CRAYON INDUSTRIAL NEGRO,10,8.62
50098766,LIBRETA DE DIBUJO NEGRA MOLES.,10,542.24
50113485,LIBRETA FRIENDS MORADA 240 PAG,10,306.04
50119510,CUADERNO COSIDO FRANCES RY 100H CLASICO,10,28.45
50122834,MOCHILA P TABLET Y PC INDO AZUL,10,1387.96
50125284,MINI LIBRETA ECO STUK 80 HJ,10,53.36
50125611,MARCADORES LAVABLE KIUT 12 PZAS,10,90.52
50125756,MOCHILA ACUARELA VERDE OLIVA TOTTO,10,861.21
50132569,LONCHERA BETYBETO AMIGOS FOTORAMA,10,189.31
50136892,SLIDE PEN ROSA TINTA NEGRA,10,266.38
50136895,SLIDE PEN NEGRO TINTA NEGRA,10,266.38
50051727,MARCADOR CERA ROJO BLIS PZA,10,23.705
50062065,BOLIGRAFO ROLLER 0.7FIN NG OMX,10,55.09
50074453,CUADERNO CS COLL COLOR DR 100H,10,71.47
50092598,LIBRETA NOTAS DOVER FRANCES,10,266.38
50093696,CUADERNO UNIV UNICA MET RY 160,10,219.83
50097284,CUADERNO PROF. DO NATU C7 100H,10,46.5
50115141,LONCHERA,10,391.38
50119485,CUADERNO FRANCES C5 100H INCOLORS,10,56.38
50119670,LAPICERA CILINDRICA HARRY POTTER MAPA,10,142.24
50119762,BOLIGRAFOS NORMA 3P COLOR NEGRO,10,22.5
50127616,MOCHILA GOCTAL SUPRA NEGRA,10,1206.04
50128311,CUADERNO PROFESIONAL RY 100H LOVE BOHO,10,150.86
50128356,JUEGO CONTENEDORES C/TAPA PLASTICO 60ML,10,306.04
50130204,CUADER MINI AZUL 60 HOJ RAY PAPEL PREM,10,159.48
50131068,GOMA PARA BORRAR ROSA CATS STUK,10,21.12
50131944,CUADERNO KUROMI GRD 100H NORMA,10,99.14
50132486,MOCHILA DBSUPER 3 PERSONJ YADATEX,10,499.14
50025321,LIBRETA COLLE RY 200H UNIV DIV,10,193.97
50040124,MARCATEXTOS GRIP PZ AMA BIC,10,19.74
50074445,CUADERNO CS PROF COLOR C7 100H,10,74.05
50103061,LONCHERA GRILLZ NEGRA ZIPIT,10,254.31
50108536,FORRO CRISTAL PVC 45 X 2.1,10,49.91
50127902,BOLIGRAFO KILOMETRICO AZUL 2PZ,10,11.64
50130410,LONCHERA CHENSON ROSA SMILLING,10,464.74
50131041,LAPICERA 3D UNICORNIO,10,107.76
50131078,MOCHILA ROSA CATS STUK,10,141.81
50131655,CUADERNO FRANCES 120H RAY JUNGLE APLI,10,100.86
50132206,LONCHERA NEGRA 1818 CHENSON,10,516.38
50132315,CRAYONES GRIPPIE EST C6,10,99.14
50132882,MOCHILA LAPT ORO ROSA LINX5XT XTREM,10,1033.62
50024085,CUADERNO ITALIANO RAYAS 100H,10,34.6
50061522,MARCATEXTOS VISION PLUS AMA2Z,10,35.26
50062066,BOLIGRAFO GEL 0.7 SURT 6P OMX,10,48.19
50074447,CUADERNO CS PROF COLOR DR 100H,10,74.05
50084684,COLORES PROF PRISMACOLOR 150PZ,10,2878.45
50107524,CUADERNO PROF C7 DISNEY 90H,10,21.12
50122839,MOCHILA ARVAR AZUL,10,947.41
50125767,LAPICERA MULTIUSO AGAPEC MORADO,10,387.07
50130205,CUADER MIN ALEGR 60 HOJ RAY PAPEL PREM,10,159.48
50131023,SET 3 CUADERNOS PAPEL RECICLADO,10,116.38
50131043,PLUMA MARCADOR 6 PIEZAS,10,65.43
50131902,MOCHILA LILA ONIX AMIGOS RUZ,10,301.29
50132495,MOCHILA PUSHEEN ROSA GATO YADATEX,10,797.41
50135615,BOTELLA SNOOPY 950 ML,10,159.48
50012964,CUADERNO PROF C7 100H ECOLOG,10,80.09
50041830,LIBRETA DB FRAN C7 96H ESTRELLA,10,45.6
50051849,CUADERNO PROF C7 200H FERRA 5M,10,228.45
50051902,CUADERNO MANUAL 20H MI PRIMER,10,81.9
50064839,SACAPUNTAS VIVO MAPED 2 PZ,10,20.6
50089483,CUADERNO PROF 100H C7 SWEET,10,80.6
50116039,CUADERNO FRANCES ECOBUTTERFLY,10,125
50116048,PLUMONES HARRY POTTER 12PZ,10,80.95
50119498,CUADERNO COSIDO COLLAGE C5 100H CLASICO,10,42.16
50127610,MOCHILA ACUARELA ECOLE AZUL OSCURO,10,861.21
50131922,LAPICERA SPIDEY AMIGOS DOBL COMPART RUZ,10,288.79
50132184,LAPICERA 3 COMPART MARIO BROS CHENSON,10,387.07
50132603,LONCHERA DONKEY NEGRO FOTORAMA,10,409.48
50019472,BORRADOR TIPO LAPIZ NGO RET PZ,10,45.6
50069411,MEMO BOOK PLAST 8PZ NEON OMX,10,63.71
50084502,CUADERNO PROF DO 100H C7 BLACK,10,64.66
50093442,LIBRETA MOLESKIN EXTRA GDE AZU,10,533.62
50111072,SACAPUNTAS CROC CROC EASY CC,10,23.71
50113231,BOLIGRAFO ECO 3 PZ,10,30.95
50119717,PLUMONES MULTILINE,10,142.24
50132532,LONCHERA AMONG US ROJO 4 PERS YADATEX,10,349.14
50136655,HIELERA TERMICA NEGRA KOLET CHENSON PRO,10,516.38
50031683,BOLIGRAFO EASYT RT FINO NGO 2P,10,53.36
50033696,MARCADOR SIGNALXTR RECARG NEGR,10,21.47
50072056,CUADERNO SCRIBE PROMO DISNEY .,10,0.86
50074454,CUADERNO CS FRAN COLOR RY 100H,10,49.91
50097631,LIBRETA NOTES CLASSIC 13X21 CM,10,292.24
50114766,BOLIGRAFO GEL XBERRY 0.5MM,10,39.57
50115140,MOCHILA,10,443.3917
50120245,HERMETICO REDONDO 500 ML,10,71.76
50127235,LAPICERA ONE PIECE,10,94.4
50130771,CUADERNO A5 PUNTO 80 H TERPEL AZ BR BLOO,10,223.28
50131650,CUADERNO PROF 120 H RAY WAKE UP APLI,10,107.33
50132034,MOCHILA NEGRA KLASS TOTTO,10,1292.24
50132046,MOCHILA GRIS TOCAX TOTTO,10,559.48
50132525,LONCHERA BARBIE ROSA BRILLOS YADATEX,10,297.41
50132728,MARCADOR RETRACTIL CLICKART V. 6 P,10,133.62
50134589,CORRECTOR LILA CONSTELACIONES,10,30.09
50136227,LIBRETA EJEC PREMIUM SNOOPY AZUL 192HRY,10,318.1
50137966,BOTELLA DE PLASTICO ROSA Y AMAR 1 L,10,132.76
50012982,BLOCK ENGO CARTA CLASI C7 80H,10,75.78
50019370,REPUESTO ZEBRA NEGRO 2 PIEZAS,10,24.35
50061528,MARCADOR AQUARELO GRIP 12PZ,10,132.76
50061667,MARCATEXTOS BRITE BL 50012772,10,54.22
50071197,MARCADOR SHARPIE FINO NEG 2PZS,10,41.29
50114239,MARCATEXTOS FLEX 4PZ MAPED,10,81.9
50125604,CUADERNO MINI KIUT RY 80H,10,34.91
50131040,LAPICERA 3D COHETE,10,107.76
50131082,SET MINI MARCATEXTOS 4 PZAS CATS STUK,10,19.4
50132172,LAPICERA 3 COMPART GIPSY HAPPY GIRL,10,415.74
50132321,25 PCS WATER COLOUR 2 PCS BRUSH,10,150.86
50132452,LAPICERA AMONG US ROJO YADATEX,10,297.41
50132585,LONCHERA NASA BLANCO FOTORAMA,10,473.28
50132727,MARCADOR RETRACTIL CLICKART V. OCE 6 P,10,133.62
50136212,LIBRETA EJECUTIVA 160HRY CORAZON BEAUTIF,10,201.72
50036270,MARCADOR MAGISTRAL COLSURT 12P,10,283.62
50040902,ROLLO ADHES JANEL TRN 45CMX10M,10,115.52
50061529,MARCADOR MARES GRIP 4P,10,107.76
50074694,CUADERNO PRO EXCELL C5 200HJ,10,283.62
50114404,LAPIZ BICOLOR HEXAGONAL MADERA,10,4.31
50125760,MOCHILA ACUARELA ANIME H TOTTO,10,861.21
50129433,TERMO SKINNY NEGRO,10,335.34
50131975,LIBRETA LILA SKETCHBOOK LISO 60H MOLESK,10,688.79
50132872,MOCHILA Y LAPCIERA DUFF SIMPSONS YADATEX,10,1119.83
50138339,LAPICERA MARIO BROS GRANDE TIPLECOMP SUB,10,387.07
50074525,LIBRETA NOTES BEATLES 13X21CM,10,131.47
50088212,CORRECTOR CINTA TOMBOW 1 PZA,10,54.22
50127609,MOCHILA ACUARELA ECOLE GRIS OSCURO,10,861.21
50130208,CUADERNO CLASIC HP 60 HOJ PAPEL PREM,10,280.17
50131083,LAPICERA ROSA CON GLITTER CATS STUK,10,55.6
50131526,MARCADOR NEXTEP PUNTA GRUESA 4MM 12PZA,10,100
50131978,CUADERNO PROF HAPPY 160H TILIBRA,10,150.86
50132048,MOCHILA ROSA CLOUD TOTTO,10,688.79
50132572,LONCHERA BLUEY ROSA FOTORAMA,10,236.64
50046417,PLUMONES CORT 16P,10,158.62
50066218,BOLIGRAFO NEGRO MATE NT,10,309.48
50087132,LIBRETA POCKET NEGRA BLN MOLES,10,318.1
50102986,MARCATEXTOS SWING COOL PASTEL,10,240.52
50119302,LONCHERA PIZARRA IRISED ECOLE,10,473.28
50125755,LONCHERA PIZARRA ANIME TOTTO,10,473.28
50127135,CUADERNO PD PRO RAY 150 INBLACK,10,157.76
50134035,MARCADOR ACRILICO PUNTA CALIGRAFICA 12PZ,10,452.59
50134351,HERMETICO 2 DIVISIONES 700ML LUKKO,10,68.1
50136221,LIBRETA EJECUTIVA 192HRYPUSHEEN UGOTTHIS,10,309.48
50137480,AZOR PIN POINT RT AZUL C12 PZAS MEDIANO,10,70.5
50137913,LONCHERA AZUL MARIO Y YOSHI,10,589.66
50138154,BOLIGRAFO 0.5MMM TINTA NGR AZUL MUNDIAL,10,106.9
50012985,BLOCK ENGO ESQ CLASICO C7 50H,10,13.58
50015144,BOLIGRAFO 12P MED VERDE BIC,10,42
50015357,MARCADOR CERA ROJO TARJ MIRADO,10,18.54
50064838,SACAPUNTAS CROC CROC,10,32.67
50070240,MARCADOR MINI FINO SHARPIE PZA,10,8.62
50074458,CUADERNO CS FRAN COLOR DR 100H,10,49.91
50105380,LIBRETA PORTA CELULAR,10,323.28
50125296,BOLIGRAFO TINTA NEGRA FLORECITAS,10,12.67
50125510,LIBRETA A5 COSIDA 72 H,10,34.14
50130954,PLUMA RETRACTIL 1MM AZUL,10,30.95
50130957,TINTA BASE AGUA 10 COLORES,10,99.14
50131001,SACAPUNTAS DOBLE MARMOLEADO,10,22.33
50137479,AZOR PIN POINT RT NEGRO C12 PZAS MEDIANO,10,70.5
50015158,BOLIGRAFO SHIM COLO SURT 4PZ,10,27.5
50041342,BOLIGRAFO ENERGEL 0.7 N/R/A PE,10,141.38
50074998,BOLIGRAFO GEL FINO NEGRO 2 PZS,10,98.28
50090235,HOJAS P/CARPETA ESQUELA 100 RY,10,30.95
50116038,CUADERNO FRANCES ECOMAPS,10,125
50120232,FLAUTA MAPED TECLADO BARROCO,10,90.52
50125233,SACAPUNTAS CON CONTENEDOR ECO STUK,10,14.57
50125613,MARCADORES PERM PUNTA FINA KIUT 8PZAS,10,168.1
50125622,CUADERNO ARGOLLADO KIUT FOREVER,10,180.17
50127112,CUADERNO PRO C5 100H SELECCION MEX,10,33.28
50131076,BOLIGRAFO ROSA CON 8 COLORES CATS STUK,10,22.37
50131148,SET 5 MARCATEXTOS NEON BOR COLORS STUK,10,30.13
50131170,LAPICERA DE SIL VER COLORS STUK,10,55.6
50132520,MOCHILA PEANUTS AMAR PNT013 YADATEX,10,499.14
50132547,LAPICERA DRAGON BALL Z NRJ NGR YADATEX,10,297.41
50132623,BOTELLA SPORT UNICORNIO1L ANDROMEDA,10,64.66
50132719,BOLIGRAFO GEL DECOSHINE PAS 0.5MM FI 3 P,10,116.38
50136645,LONCHERA NEGRA 1818,10,516.38
50136703,SACAPUNTAS CONTENEDOR STITCH VERDE,10,30.96
50137914,LAPICERA AZUL MARIO Y YOSHI NUBES,10,404.31
50024100,CUADERNO COS FRAN CLAS C5 96H,10,36.16
50054946,CUADERNO FERRARI PROF RAYA 160,10,271.55
50125606,CUADERNO PROF KIUT RY 120H,10,240.52
50127700,CUADERNO PROF JEAN BOOK FORRADO C5 160H,10,286.11
50128365,BOLIGRAFO PINT POINT 0.7MM SURT 3 PZAS,10,16.38
50130590,MARCADORES SHARPIE EXOTICFISH PFINO 18PZ,10,275
50130959,PLUMA TINTA GEL NEGRA 0.7 MM,10,30.95
50130960,PLUMA TINTA LIQUIDA NEGRA 07MM,10,39.57
50131045,LAPICERA EVA,10,211.21
50131149,UN BOLIGRAFO NGR COLORS STUK,10,17.2
50131931,MOCHILA MINECRAFT VRD NGR CREEPER RUZ,10,359.91
50132878,MOCHILA LAPT NEGRA PORTLAND 5XT XTREM,10,1206.04
50047106,CUADERNO PROF C5 200H FERRA 5M,10,228.45
50124800,MARCADOR MAGISTRAL PASTEL 8 PZ,10,185.34
50131037,MARCADORES ACRILICOS 12 PIEZAS,10,65.43
50131979,CUADERNO PROF HAPPY COLORS 160H TILIBRA,10,168.1
50132066,MOCHILA AZUL CIELO P TABLT INDO TOTTO,10,1292.24
50132509,LONCHERA PUSHEEN ROSA CAFE YADATEX,10,349.14
50015204,MARCADOR PERMANENTE BIC NEGRO,10,30.95
50023228,MARCADOR BILLETES FALSOS 3PZ,10,56.81
50048461,CUADERNO PROF RY 160H KIUT 5M,10,271.55
50084190,RADO N2 CAJA CON 12,10,71.47
50084685,COLORES PROF PRISMACOLOR 24 PZ,10,568.1
50107722,PELICRAYONES JUMBO COLOR MIX 6,10,35.78
50119508,CUADERNO COSIDO FRANCES C5 100H CLASICO,10,28.45
50127722,LONCHERA FASHION KIUT GEOMETRIC,10,375
50127838,LAPICERA NICKELODEON PAW PATROL D,10,144.4
50130404,MOCHILA GRANDE CHENSON ROSA ZILP,10,775
50132271,GOMA DE BORRAR PASTEL 2 PZ,10,13.89
50132629,BOTELLA SPORT MINECRAFT1L ANDROMEDA,10,64.66
50132857,LAPICERA PATRICIO 3 COMPARTIM YADATEX,10,318.1
50137962,BOTELLA DE PLASTICO MORADO Y AZUL 2L,10,175.86
50012978,CUADERNO ITAL PAU 50H CLASICO,10,31.81
50017008,CUADERNO PROF C5 100H JBOOK,10,99.14
50025316,LIBRETA COLLE C7 100H UNIVERS,10,107.76
50041351,BORRADOR TIPO LAPIZ CLS RET 4P,10,158.62
50059188,BOLIGRAFO EASYT MD SURTIDO 3PZ,10,61.98
50065812,O RETRAC 1.0 MD AZ 12P,10,65.43
50065910,PLUMA CORRECTORA 7ML 2PZ OMX,10,31.81
50088363,MARCADOR SHARPIE F.SINGLES DUR,10,15.95
50114343,FORRO PROF CORTO C/5,10,63.36
50114350,CUADERNO PROF FIVE STAR 150H,10,211.21
50115072,GOMA PUSH ONIX,10,27.5
50127597,LONCHERA PIZARRA ECOLE NEGRO,10,473.28
50131992,CUADERNO ECOLOGICO 100H RAYADAS FIVESTAR,10,124.57
50132836,LAPICERO DISENO DE FRUTAS SERVE,10,74.05
50136216,LIBRETA EJECUTIVA 192HRY HP SLYTHERIN,10,352.59
50136891,SLIDE PEN LAVANDA TINTA NEGRA,10,266.38
50012981,BLOCK ENGO CARTA CLASI C5 80H,10,75.78
50064871,LIBRETA BOOK COLOR RY 256P,10,292.24
50079722,MARCADORES SHARPIE TWIN 4 PZ,10,115.52
50088217,CUADERNO PROF UNICAMPUS RY 160,10,280.17
50089030,BOL CRISTAL PRECISION AZ 12PZ,10,56.81
50097254,CUADERNO PROF. EXCELL RAY 200H,10,283.62
50113718,LAPICES NEON 8 PZ STUK,10,30.95
50116895,HERMETICO PARA ENSALADA MAX 1L,10,125
50125304,LAPICERA STUK MULTICOLOR,10,25.6
50127932,LAPICERA 3 SEPARADORES COLOR NEGRO,10,275
50128362,BOLIGRAFO PIN POINT 0.5MM SURT 10 PZAS,10,56.04
50130206,CUADERNO CLASIC ARENA 60 HOJ PAPEL PREM,10,280.17
50130592,BOLIG PARKER PREM 70TH CROMADO PUNT MED,10,680.17
50131147,CUA 96 H SPRL RAYAS ELST COLORS STUK,10,72.84
50131836,MARC SHARPIE ULTIMATE 45CT 0.8MM,10,826.72
50132533,LAPICERA AMONG US ROJO 4 PERS YADATEX,10,319.445
50134998,CUADERNO GLADIADOR 100H CUADROG CAPIBARA,10,90.52
50136220,LIBRETA EJECUTIVA 192HRYPUSHEEN U SWEET,10,309.48
50012963,CUADERNO PROF C5 100H ECOLOG,10,48.05
50015361,MARCADOR ACUACOLOR ROJOBEROLPZ,10,11.64
50068203,MICA AUTOADHERIBLE (KRYSTAL C AZUL),10,31.47
50086960,MARCADOR SHARPIE FINO AZU C12,10,110.34
50088300,BOLIGRAFO CRISTAL 0.7 NEG 12PZ,10,56.81
50092218,BOLIGRAFOMED AZ 1CJ 12PZ AZOR,10,47.33
50096836,PLUMONES CRAYOLA PUNTA DOBLE,10,180.17
50119502,CUADERNO COSIDO PROF C5 100H CLASICO,10,46.29
50119504,CUADERNO COSIDO ITALIANO RY 100H CLASICO,10,28.45
50125762,MOCHILA GAMMATTO GRIS AZULADO TOTTO,10,602.59
50126034,SET ESCOLAR HARRY POTTER,10,266.38
50127604,MOCHILA ACUARELA ECOLE ESTAMPADO,10,861.21
50131901,MOCHILA ONIX C RUEDAS AZUL RUZ,10,1150.86
50132608,LAPICERA DONKEY MORADO FOTORAMA,10,230.56
50137958,HERMETICO PLASTICO MICKEY 700ML,10,82.67
50031706,PLUMA FUENTE VARSITY MED NEGRO,10,79.22
50068202,FORRO KRYSTAL VERDE .45X1.5M.,10,31.47
50089367,BOLIGRAFO UNIBALL 0.5MM T1 NGR,10,62.84
50116073,MULTIUSOS TOTTO ZURICH NEGRA,10,309.48
50119496,CUADERNO PROFESIONAL C5 200H ECOLÓGICO,10,102.93
50127924,LAPICERA TRANSPARENTE GAMER NEGRO,10,193.97
50131047,PLUMA FLOR ROSA,10,48.19
50132429,MOCHILA PEANUTS AZUL YADATEX,10,499.14
50134997,MOCHILA PEANUTS AZUL SNOOPY Y AMIGOS,10,843.97
50015050,PUNTILLAS 0.7 HB TARJ WEAREVER,10,15.43
50019461,LAPICERO TECHNICK RSA 2P PENTE,10,106.9
50041201,SACAP PLAST MAPED ERGO CH 2PZS,10,24.05
50064508,LAPIZ MIRADO HEXAG N 2.5 5PZ,10,30.09
50092671,LIBRETA POCKET AZ RY MOLESKINE,10,318.1
50107415,LAPICERO WOW 0.5MM 2 PZ,10,47.33
50114456,GOMA PUSH FROZEN 2,10,27.5
50127955,BOLIGRAFO BORRABLE FINO MULTICOLOR 3PZAS,10,141.38
50130982,DIARIO ESPIRAL PASTA DURA,10,99.14
50131976,LIBRETA NY GRD H RAY MOLESKINE,10,706.04
50132153,LIBRETA EJECUTIVA HRAY MORAD COLORS STUK,10,125
50132970,LAPICERA JURASSIC WORLD VINO DANPEX,10,142.24
50135476,CANGURERA PEQUENA INOK M-10,10,481.9
50064629,MARCADOR SIGNAL XTRA 12 PZAS,10,223.28
50068470,BOLIGRAFO KM 100 SURT 3 PZ .,10,18.88
50089411,MARCADOR FINO BL NEGRO,10,49.05
50103691,BOLIGRAFO GEL COLORES PASTEL,10,30.95
50105019,LAPICES COLORES 80 PCS STUK,10,275
50110142,BOLIGRAFO P MED 3 PZAS PIN POI,10,16.38
50119422,BOLIGRAFO MEDIANO SURTIDO 3PZ,10,16.81
50120176,GOMAS RETRACTILES BICOLOR SPIDERMAN,10,27.5
50120312,BOTELLA DE PLASTICO STEALTH 750 ML,10,58.54
50127681,MARCADORES LAVABLES DOBLE PUNTA X 10U,10,107.76
50127708,CUADERNO PROF KIUT TELA C7 160H,10,275
50128101,LAPICES COLORES KIDS PASTEL HEX 12PZAS+2,10,81.9
50130814,BOLIGRAFOS GEL GELOCIT NGR RJ Y AZ 3 PZ,10,107.76
50131065,LAPICERA DISENO FLORES CATS STUK,10,38.75
50131983,CUADERNO PROF KRAFT 80 TILIBRA,10,99.14
50136782,CUADERNO FRANCES 80HRY AMERICA,10,83.34
50041203,SACAP PLAST MAPED ELIPTICO,10,24.05
50062123,BOLIGRAFO CRYSTAL MED RJ OMX,10,30.95
50074455,CUADERNO CS FRAN COLOR C5 100H,10,49.91
50079733,BOLIGRAFO 8 PZ. VARIOS COLORES,10,64.57
50104114,MARCADOR PERMANENTE AMARIL 12P,10,265
50127137,BLOCK PEG CTA BCO 80H SUPERGIRL,10,51.21
50127880,CUADERNO GLADIADOR 100H C5 ASTROLOGY,10,90.52
50130402,MOCHILA GRANDE CHENSON GRIS ZILP,10,775
50131135,CINTA CORRECTOR 2 COLORS STUK,10,13.75
50132025,MOCHILA GRIS DIGITAL HILL TOTTO,10,861.21
50134029,MARCADORES DOBLES COLORING 8PZ MOOVING,10,309.48
50134031,MARCADORES ACRILICOS COLORING MOOVI 30PZ,10,619.83
50137902,TERMO ACERO INOXIDABLE SUPER MARIO,10,313.79
50024087,CUADERNO ITAL C5 100H CLASICO,10,57.67
50039996,CUADERNO PROF RY 100H FERRARI,10,99.14
50040126,MARCADOR PERM GRIP NEGRO BIC,10,19.74
50061621,BOLIGRAFO MINI ZGRIP 3PZ,10,49.91
50074456,CUADERNO CS FRAN COLOR C7 100H,10,49.91
50113309,LAPICERA PATO AMARILLO,10,116.38
50120190,SET 2 LIBRETAS GDE AMBAR/AZUL RAYA,10,412.93
50120320,CONTENEDOR C/TAPA PLASTICO 300 ML,10,206.04
50125282,GOMAS DISENO DONA 4 PZAS STUK,10,25.6
50127219,LAPICERA ECCENTRIK DONKEY,10,98.71
50128363,BOLIGRAFO PIN POINT 0.5MM SURT 3 PZAS,10,16.38
50130783,CUADERNO LISO 100 H GARDEN LEAVES WIND,10,85.78
50131346,LIBRETA DE BOLSILLO DIS 2 COLOR STUK,10,16.81
50131558,BOLIGRAFO PINPOINT CURP AMR 2 PZ NGR MED,10,16.38
50131754,LAPICERA PASTEL BUBBLE BOX,10,292.24
50131895,LAPICERA HELLO KITTY LUNARES RUZ,10,309.48
50132363,LAPICERA ETERNITY WEBSTER5XT XTREM,10,223.28
50137332,BOLIGRAFO PUNTO FINO NEGRO DIXON 5PZ,10,27.5
50025024,FLAUTA YAMAHA DULCE ENTSOPRAN.,10,99.14
50036413,COLORES BORRABLES 20 PZAS,10,202.59
50040825,LIBRETA DB FRAN RY 96H ESTRELLA,10,45.6
50065820,MARCATEXTOS DBL PTA SURT 3PZ,10,41.29
50068201,FORRO KRYSTAL AMARI .45X1.5M .,10,31.47
50076830,LIBRETA FRAN NG HOJ BLAN MOLES,10,447.41
50084327,MARCADOR PERM MARK METAL 3+1PZ,10,66.29
50089338,BOL CRISTAL BIC UP1.2 BL8SURTI,10,54.22
50097256,CUADERNO PROF. EXCELL C7 200H,10,283.62
50120194,LIBRETA CLASICA MED NEGRA HOJA BLANCA,10,404.31
50128272,LAPICES METALIZADOS 12 PZAS,10,91.67
50131493,PLUMONES DOBLE PUNTA LETTERING 8 PZ,10,159.48
50131900,LAPICERA ONIX CORAZON RUZ,10,154.74
50132575,LONCHERA GABBYS ARCOIRIS FOTORAMA,10,409.48
50132587,LONCHERA ONE PIECE NEGRO FOTORAMA,10,409.48
50134105,CAJA DE COLORES ECO C SEMILLAS 12 PZ,10,116.38
50136678,LAPICERA STITCH 3D,10,223.28
50136691,BLOCK POCKET STITCH,10,39.57
50015362,MARCADOR ACUACOLOR NEGBEROLPZA,10,15.0867
50045048,LAPICERO ZGRIP 0.5MM 3PZS,10,53.36
50070627,BOLIGRAFO TUL GEL FINO 4 PIEZA,10,142.24
50093441,LIBRETA MOLESKIN EXG H. BLANCA,10,654.31
50113984,COLORES PRISMACOLOR PASTEL 12P,10,106.9
50115258,PLUMONES SUPER TIPS 100+20,10,990.52
50116941,LAPICERA PELUCHE TIBURON OMX,10,116.38
50119322,MOCHILA CAMBRI ASPHALT KLASS,10,1335.34
50119758,LAPIZ KIUT NEGRO REDONDO 10 PIE,10,75.43
50127699,CUADERNO PROF JEAN BOOK FORRADO C7 160H,10,266.38
50128306,CUADERNO PROFESIONAL C5 100H LOVE EXPO,10,81.9
50130403,MOCHILA GRANDE CHENSON TURQUESA ZILP,10,775
50132512,MOCHILA DBZ NGR EDICION ESP YADATEX,10,995.69
50132969,LAPICERA JURASSIC WORLD VERDE DANPEX,10,142.24
50133129,STABILO PLUMIN PEN 68 CON 18,10,412.93
50133312,CUADERNO 80H RAYAS PUNTEADAS FLORASM THP,10,280.17
50134999,CUADERNO GLADIADOR 100H RAYA CAPIBARA,10,90.52
50137240,CUADERNO PROFESIONAL 100HRAYAS PROBASIC,10,81.81
50021808,PUNTILLAS 0.7MM HB SUPER HI 3P,10,63.71
50116910,HERMETICO RECTANGULAR CON 3DIV,10,74.05
50119355,MOCHILA RUE BOMPER RENGLON 9I9,10,1895.69
50124829,GOMAS RETRACTILES DINOSAUR WORLD,10,27.5
50131972,LIBRETA VRD SKETCHBOOK LISO 60H MOLESK,10,688.79
50132019,MOCHILA ALIEN ALI TOTTO,10,861.21
50132431,MOCHILA PUSHEEN AZUL YADATEX,10,536.11
50132604,LONCHERA DONKEY AZUL FOTORAMA,10,409.48
50051833,BOLIGRAFO MINI F301 BLIS 1PZ,10,8.62
50079860,COLORES NORMA DE 24+4L,10,223.28
50125316,ROTULADORES STUK 10 PZAS VARIOS COLORES,10,76.81
50127758,BACKPACK BOB ESPONJA AMARILLO/ CAFE,10,835.34
50131103,BLOCK MAGNETICO 50 H CON BOLIG CATS STUK,10,43.06
50131136,CINTA CORRECTOR 3 COLORS STUK,10,13.75
50131911,LONCHERA STITCH HAWAI RUZ,10,258.1
50131926,LAPICERA SONIC SHADOW TRPL COMP AZ RUZ,10,154.74
50137953,TERMO ISULADOROSA DOBLE PARED 750ML,10,322.41
50063054,MARCATEXTOS MINI CINCEL COLOMX,10,45.6
50064604,CUADERNO FRANC C7 100H FERRARI,10,65.43
50068207,FORRO KRYSTAL TRANS45X 5MTS JANEL,10,64.57
50084501,CUADERNO PROF DO 100H C5 BLACK,10,64.66
50084747,LAPIZ CERA PRISMA BLANCO PIEZA,10,15.52
50088348,MARCADOR SHARPIE F.SINGLES AMA,10,21.47
50092669,LIBRETA FRAN AZUL HOJA BLN MOL,10,447.41
50094214,CRAYON INDUSTRIAL ROJO,10,4.31
50103693,MARCATEXTOS COLORES PASTEL SER,10,8.54
50117735,LIBRETA POCKET BEATLES MANZANA,10,180.17
50119321,LONCHERA DEVRY VINTAGE INDIGO K,10,559.48
50119480,CUADERNO PROF RY 100H C1081070 INCOLORS,10,64.66
50127945,MARCADOR CLICKART 12 PZAS,10,144.4
50130780,CUADERNO A5 PUNTEADO 80 H LEAVES WIND,10,111.64
50132040,MOCHILA AZUL CIELO KLASS TOTTO,10,1292.24
50019458,LAPICERO TECHNICK NGO 2P PENTE,10,106.9
50054964,CUADERNO PROF C7 100H KIUT,10,99.14
50064462,MARCADORES BIC ESTUCHE 36 PIEZ,10,326.72
50111350,MARKANA TWIST C/6 PASTEL COLOR,10,30.95
50119503,CUADERNO COSIDO PROF C7 100H CLASICO,10,56.38
50119682,LAPICERA CILINDRICA SNOOPY BICI,10,142.24
50125230,LIBRETA ECO STUK 20 HJ,10,25.6
50130981,DIARIO CUBIERTA DE CORCHO,10,142.24
50131125,BOLIGRAFO TINTA NEGRA COLORS STUK,10,17.2
50136681,BOLIGRAFO CON POMPON ROSA STITCH,10,55.09
50051737,BOLIGRAFO ENERGEL AZUL GEL,10,74.05
50074443,CUADERNO POCK DAILY NOT RY 72H,10,99.14
50119317,LONCHERA PIZARRA NEGRO ECOLE,10,473.28
50134106,CAJA LAPIZ ECO PAPELPERIOD PERG 12PZ,10,68.1
50015546,COLORES CRAYOLA 36 PIEZAS,10,254.31
50054945,CUADERNO DB PROF C7 160H FERR,10,271.55
50084191,LAPIZ MIRADO N2.5 CAJA C/12,10,71.47
50092594,BLOCK COLOREAR MANDALAS KIUT,10,185.34
50116634,LONCHERA ESTRELLAS LILA TOTTO,10,473.28
50118023,CUADERNO ECOPLANET C5 100 H,10,82.67
50119344,LONCHERA GRAFITO CORNFLOWER BLU,10,559.48
50119386,LAPICERA STRANGER THINGS,10,120.26
50125743,MOCHILA KRIMMLER AZUL PETROLEO TOTTO,10,1550.86
50127242,LONCHERA URBANIA AZUL,10,361.21
50127832,LAPICERA WARNER BROS TRUZT HARRY POTTER,10,266.38
50130971,CUBETA MARCADORES 50 COLORES,10,107.76
50131930,MOCHILA MINECRAFT VRD GRS ESPADIN RUZ,10,359.91
50132030,LONCHERA ROSA PASTEL KLASS TOTTO,10,559.48
50132155,LAPICERA PRINCESAS CHENSON,10,387.07
50132864,MOCHILA SQUISHMALLOWS GATO YADATEX,10,1119.83
50132873,LAPICERA DONA SIMPSONS YADATEX,10,309.57
50134030,MARCADORES ACRILICOS COLORING MOOVI 10PZ,10,206.04
50136776,CUADERNO POCKET TD 100HRY 75GR COLORES,10,64.77
50019477,PUNTILLAS 0.5MM HB SUPER HI 3P,10,55.09
50022920,MARCADOR PERM FINO N SHARPIE .,10,12.5
50077621,FRASCO DE TINTA NEGRA P/PLUMA,10,125
50116066,LONCHERA TOTTO DEVRY ROSA,10,507.76
50119665,LAPICERA ESTUCHE GAMING AZUL Y,10,206.04
50120314,BOTELLA DE PLASTICO CHUGGER 750 ML,10,176.72
50131019,CUADERNO A5 80 HOJAS PASTA DURA,10,107.76
50131925,LONCHERA SONIC SHADOW NGR AZ RUZ,10,215.09
50136773,CUADERNO FRANCES 100HOJASRY 75GR NEGRO,10,101.9
50138092,SACAPUNTAS C GOMA NEGRA KORES MUNDIAL,10,19.74
50048456,CUADERNO PROF RY 100H JBOOK RE,10,99.14
50054802,LONCHERA WACKY,10,99.14
50068205,FORRO KRYSTAL BLANCO .45X1.5M.,10,31.47
50074984,BOLIGRAFO GEL G2-5 FINO NEGRO,10,53.36
50116899,SET DE CUBIERTOS PORTATIL,10,46.47
50120181,SET 3 LIBRETAS XGD CAHIERS ROSAS RAYA,10,533.62
50130784,CUADERNO LISO 100 H HOJAS LEAVES WIND,10,92.13
50131122,CUADERNO 105 H ESP COLORS STUK,10,42.67
50131904,LAPICERA LILA ONIX AMIGOS RUZ,10,153.02
50131970,LIBRETA SERPIENTE HRAY 176H MOLESKINE,10,706.04
50132459,MOCHILA ONE PIECE ROJO YADATEX,10,599.14
50136256,SET DE COLORES 100PZ,10,387.07
50014898,MARCATEXTOS ROSA PZ VISION PLS,10,18.88
50064510,LAPIZ MIRADO TRIAN N 2.5 4 PZ,10,28.36
50082331,SACAPUNTAS ELECTRICO PEGASO,10,637.07
50092988,HOJAS P/CARPETA ESQUELA 100 C7,10,30.95
50093026,LAPICERO JOTTER PREMIUM PLATA,10,292.24
50114193,GOMA FACTIS TRIANGULAR 3 PZ,10,26.64
50120319,JUEGO CONTENEDORES C/TAPA PLAST 200ML 2P,10,288.79
50124910,BOLIGRAFO 4 COLOR MED DOG CAT BS,10,47.84
50128099,LAPIZ EVOLUTION NO.2 VERDE HEXA 4PZAS+1,10,20.26
50131077,BOLIGRAFO VERDE CON 8 COLORES CATS STUK,10,22.37
50131892,MOCHILA KUROMI NEGRO TRUTZ RUZ,10,330.52
50132420,LONCHERA XBOX NEGRO YADATEX,10,349.14
50132613,MOCHILA DONKEY MENTA FOTORAMA,10,688.79
50132888,MOCHILA LAPT NGR ENERGY 5XT XTREM,10,645.69
50132968,LAPICERA JURASSIC WORLD AZUL DANPEX,10,142.24
50137949,TERMO ROSA DOBLE PARED 720ML,10,240.52
50012979,BLOCK ENGO CARTA CLASI RY 80H,10,75.78
50064626,CUADERNO PROF C7 100H SERI IV,10,48.19
50120246,HERMETICO RECTANGULAR 350 ML,10,66.81
50125308,LAPICERA STUK AZUL,10,25.6
50132158,MOCHILA GRD STRONG PORT LAPTOP HAPPYGIRL,10,861.21
50136257,SET PLUMONES 30 SUPERTIP 10 PAST 10 AROM,10,331.04
50041206,SACAP PLAST MAPED VIVO 3PZS,10,18.88
50079730,COLORES PROF PRISMACOLOR 132PZ,10,2585.34
50089494,CUADERNO PROF 150H C5 POLYC,10,77.07
50116481,LIBRETA FRIDA ROSA GDE HB,10,654.31
50116912,JUEGO DE 3 HERMETICOS 40ML,10,30.95
50116913,JUEGO DE 3 HERMETICOS 140ML,10,70.6
50127138,CUADERNO PD PRO RAY 150H INCOLORS,10,157.76
50131102,CUADERNO 76 HOJAS DISENO GATOS CATS STUK,10,68.54
50131157,LAPICERA TELA POLIESTER COLORS STUK,10,44.48
50131486,CRAYONES SWIRL 8 PZAS CRAYOLA,10,50.93
50132033,LONCHERA NERGRA KLASS TOTTO,10,559.48
50135757,CONTENEDOR HERMETICO SNOOPY 460 ML,10,64.66
50136780,LIBRETA EJECUTIVA 80HRY 75GR FIG OBSCU,10,62.16
50014918,MARCADOR PERMAN MEGA SIZ 4PZAS,10,142.24
50020987,RRECTOR CINTA P BIC AZUL,10,50.78
50023142,MARCADOR MAGISTRAL NEGRO,10,27.5
50089463,CUADERNO FRA 100H RY BLACK,10,61.12
50113229,MARCADORES DUAL DE COLORES 24P,10,237.07
50130984,LAPICERA NEGRA,10,99.14
50130992,PLUMA METALICA TINTA NEGRA 138 MM,10,74.05
50131687,12 LAPICES DE COLORES STITCH SAC,10,68.1
50131789,CUADERNO 100H RY FLORECER,10,90.52
50131932,LONCHERA MINECRAFT VRD NGR CREEPER RUZ,10,353.02
50132833,MARCATEXTOS BERRY SERVE (COLOR VERDE),10,22.33
50136783,CUADERNO FRANCES 80HRY TIGRES,10,83.34
50138336,LAPICERA MARIO BROS GRANDE TIPLE COMPART,10,387.07
50076810,LIBRETA POCKET NEGRA RY MOLESK,10,318.1
50113996,BOLIGRAFO POINT P. MEDIANO 3PZ,10,23.19
50125278,LIBRETA 100 HJ ECO STUK,10,125
50127582,LONCHERA DEVRY KLASS AZUL OSCURO,10,559.48
50131841,"""COM PARKER 2 BOLIGRAFOS 0.7MM NEGRO",10,1654.31
50131903,LONCHERA LILA ONIX AMIGOS RUZ,10,301.12
50132065,LAPICERA VERDE MARANON TOTTO,10,309.48
50132861,LONCHERA SNOOPY BLC NGR RAYAS YADATEX,10,516.38
50048120,CARTUCHOS TINTA NEGRA 10P,10,46.47
50089804,CINTA CORRECTORA MINIFASHION 1,10,41.29
50116743,CUADERNO DISENO AGUACATE OMX,10,107.76
50118663,LAPICES DE COLORES MOOVING 12,10,77.78
50119333,MOCHILA OMETTO NEGRO SHEYMA,10,662.93
50120243,HERMETICO RECTANGULAR 530ML,10,66.81
50131817,BOLI PAPER INKJOY GEL NEGRO 0.7MM,10,266.38
50131899,LONCHERA ONIX CORAZON RUZ,10,301.12
50132056,MOCHILA GRIS TRIK M TOTTO,10,516.38
50132592,LONCHERA PLAYSTATION BLANCO FOTORAMA,10,236.64
50015508,CRAYONES CRAYOLA 12PZAS,10,30.95
50017018,CUADERNO PROF BCO 100H JBOOK,10,99.14
50019364,MARCADOR MICKIE EXT/FINO NEGRO,10,36.98
50039998,CUADERNO PROF C7 100H FERRARI,10,99.14
50041340,BOLIGRAFO ENERGEL 0.5 N/R/A PE,10,132.76
50061618,LAPICERO RETRAC M301 .5MM ZEBRA,10,72.33
50065911,CINTA CORRECTORA RETRACTIL 2PZ,10,63.71
50089125,MARCADOR EXPO COLOR URBAN T2,10,47.33
50089335,BOL CRISTAL BIC 1.2 BL 4 CLAS,10,31.81
50116070,LONCHERA TOTTO GRAFITO ROSA,10,559.48
50127585,LONCHERA GRAFITO YATTA AZUL GRISACEO,10,559.48
50127709,CUADERNO PROF KIUT TELA C5 160H,10,275
50131916,LAPICERA FORZEN DOBLE COMPART COPOS RUZ,10,81.04
50131977,LIBRETA ANGELES GRD H RAY MOLESKINE,10,706.04
50132517,MOCHILA BARBIE NEGRO BRB058 YADATEX,10,717.67
50136784,GOMA C SACAPUNTAS FACTIS F6,10,67.22
50019341,BOLIGRAFO Y LAPICERO ZEBRA 301,10,131.04
50024091,CUADERNO FRAN C5 100H CLASICO,10,56.81
50074695,CUADERNO PRO EXCELL C7 200HJ,10,283.62
50074993,MARCADOR PERM SC6600 JUMBO NGO,10,81.81
50079900,BOLIGRAFO CRISTAL 07MM 3PZ NEG,10,18.88
50083478,MARCADOR PERM ROJ P ESTERBROO,10,239.72
50118676,MARCADORES METALICOS MOOVING,10,73.71
50119327,LAPICERA ZURICH CACTUS FLOWER K,10,309.48
50119493,CUADERNO PROFESIONAL C5 90H SUPER GIRL,10,22.19
50125763,MOCHILA GAMMATTO ROSA CORAL TOTTO,10,602.59
50130418,MOCHILLA ROSA CON NEGRO TOCAX TOTTO,10,731.9
50132444,LAPICERA MIFFY BLANCA YADATEX,10,297.41
50132453,LONCHERA AMONG US AZUL YADATEX,10,375
50132502,MOCHILA AMONG US PERSONAJE YADATEX,10,499.14
50024572,BLOCK ENGO CARTA CLAS MIL 80H,10,75.78
50036216,MARC NGR MAGISTRAL C BORRADOR,10,49.91
50040125,MARCADOR PERM GRIP COLORE 4PZ,10,67.16
50041829,LIBRETA DB FRAN C5 96H ESTRE,10,45.6
50045802,LAPICERO GRAPH GEAR 0.5 1P,10,180.17
50051740,BOLIGRAFO ENERGEL NEGRO GEL,10,74.05
50063339,GOMA BLANCA 2 PZAS OMX,10,11.12
50079947,LAPICES DE G FLOWPACK HB 6PZ,10,30.09
50097257,CUADERNO BOOK EXCELL RAY 100H,10,193.97
50120315,BOTELLA DE ACERO 1L,10,231.9
50127606,MOCHILA ACUARELA ECOLE CAMUFLAJE,10,775.09
50128307,CUADERNO PROFESIONAL RY 100 H LOVE EXPO,10,81.9
50130593,BOLIG PARKER COL GRIS ROLLPOINT MET,10,1249.14
50131150,SET 4 MINI MARCADORES COLORS STUK,10,19.4
50131660,CUADERNO PROF 120H RAY AUROWESTBAY APLI,10,107.33
50131907,LAPICERA PASTELITOS FLOR ROSA RUZ,10,124.57
50132042,MOCHILA AZUL TOCAX TOTTO,10,559.48
50132352,LONCHERA LILA COOK XTREM,10,516.38
50132479,LONCHERA HOT WHEELS ROJO YADATEX,10,349.14
50017010,CUADERNO PROF RY 100H JBOOK,10,99.14
50063196,COLORES OMX 12 PIEZAS,10,30.95
50081582,LIBRETA PEN & BOOK FRAN 256PAG,10,275
50116431,SACAPUNTAS C/DEPOSITO ECO STUK,10,19.74
50119323,MOCHILA CAMBRI NEGRO KLASS,10,1335.34
50125752,LONCHERA PIZARRA CAMUFLAJE VERDE TOTTO,10,473.28
50127144,MARCADOR SHARPIE ACRIL PUNTA BALA 12PZ,10,395.69
50127696,CUADERNO PROF UNICAMPUS MET. C7 100H,10,107.76
50127791,LAPICERA GAZER MIS PASTELITOS D,10,79.91
50127833,MOCHILA UNIVERSAL TRUZT JURASSIC PARK D,10,216.93
50131647,LAPICERA FLOREADA HFLW ECO TRIPL APLI,10,361.21
50131652,CUADERNO PROF 120 H RAY HAPPYFLOW APLI,10,107.33
50131928,LONCHERA POKEMON BAILE AZ RUZ,10,215.09
50136605,MARCATEXTOS BORRABLES 6PZ,10,58.54
50067322,CRAYON FACIAL 12 COLORES,10,72.33
50113487,LIBRETA FRIENDS VERDE 240 PAG,10,306.04
50114740,BOLIGRAFO JOTTER ROSA TINTA NG,10,168.1
50116046,MARCADORES HARRY POTTER X4,10,90.52
50124807,BOLIGRAFO ROUND CROMO MATE TINTA NEGRA,10,990.52
50127608,MOCHILA ACUARELA ECOLE AZUL MILITAR,10,861.21
50129844,MARCADOR PERMANENTE PUNTA CINCEL ROJO,10,20
50130956,MINI MARCATEXTOS 6 COLORES PASTEL,10,13.71
50131124,SET DE 3 BOLI N 0.7 MM COLORS STUK,10,21.12
50132588,LAPICERA ONE PIECE VERDE FOTORAMA,10,103.02
50067603,"LAPICERO 1000 0,5 MM BL 1 PZA",10,270.69
50067966,MICA KRISTAL AUTOADHER 5 PZ,10,124.14
50071199,LAPICERO MIRADO 0.5MM SURT 3PZ,10,23.19
50083434,MARCADOR PERM MARKER MORADO TI,10,15.09
50083439,MARCADOR CERA AMARILLO PZA,10,8.54
50107551,CUADERNO PROF C5 200H STUK,10,90.52
50113717,LAPICES PASTEL 12 PZ STUK,10,39.57
50120242,HERMETICO CUADRADO 600ML,10,81.9
50125280,SACAPUNTAS STUK 3PZAS,10,20.6
50127592,LONCHERA PIZARRA ECOLE ESTAMPADO,10,473.28
50131021,CUADERNO A5 PAPEL RECICLADO 80 HOJAS,10,125
50131052,CUADERNO GATOS 105 H LIN HORI CATS STUK,10,49.57
50131369,PLUMA DE CABLE Y SOPORTE ADHESIVO,10,1233
50131891,MOCHILA HARRYPOTTER ROJA TRUZT RUZ,10,359.91
50132581,LONCHERA DEMON SLAYER NEGRO FOTORAMA,10,236.64
50132612,LONCHERA DONKEY MENTA FOTORAMA,10,409.48
50132720,BOLIGRAFO GEL DECOSHINE MET 0.5MM FI 3 P,10,125
50137331,BOLIGRAFO PUNTO FINO AZUL DIXON 5Z,10,27.5
50138085,COLORES TRIANGULARES 12PZ KORES MUNDIAL,10,75.78
50014839,GOMA D BORRAR PELIKAN BR40 C 2,10,18.88
50040123,MARCATEXTOS GRIP 5P COL SURT,10,75.78
50061999,MARCATEXTOS MINI COLORES OMX,10,11.98
50067740,BOLIGRAFO F-301 BOLD NGO,10,74.91
50074446,CUADERNO CS PROF COLOR BL 100H,10,74.05
50087163,ROLLER EDGE GRIS TITANIO,10,1050.86
50092592,BOLIGRAFO FINO SURTIDO 4PZ AZO,10,24.05
50120236,LAPICERA PLASTICO AGAVE ROSA,10,67.16
50132564,MOCHILA BETYBETO PRINC CORAZON FOTORAMA,10,633.62
50132865,LONCHERA SQUISHMALLOWS GATO YADATEX,10,516.38
50132885,MOCHILA LAPT AZUL QUEENS 5XT XTREM,10,947.41
50015543,COLORES CRAYOLA 12 PZAS,10,81.81
50045252,SACAPUNTAS MUNDO GLOBAL,10,49.91
50074449,CUADERNO CS COLL COLOR RY 100H,10,71.47
50088216,CUADERNO PROF UNICAMPUS C7 160,10,280.17
50093323,COLORES PRISMACOLOR SCHOLAR 48,10,404.31
50113302,BOLIGRAFOS DE COLORES GEL STUK,10,150.86
50119497,CUADERNO COSIDO COLLAGE RY 100H CLASICO,10,42.16
50119673,LAPICERA CILINDRICA PUSHEEN PAJARITO,10,142.24
50125238,MARCADORES TINTA METALICA OMX,10,30.09
50131415,COLORES COLOR PEPS NEON 12 PIEZAS,10,64.66
50131488,PLUMONES PUNTA FINA WONDER 24 PZ CRAYOLA,10,112.06
50131649,MOCHILA FLOREADA ECO HPPFLOWER APLI,10,301.29
50132632,BOTELLA ABREFACIL PAWPATROL 500ML ANDROM,10,56.04
50132724,BOLIGRAFO GEL SARASA CLIP SPG 0.7MM 10P,10,193.97
50048463,CUADERNO PROF RY 200H FERRA 5M,10,228.45
50062138,MINIPLUMA GEL NEGRO OMX,10,11.98
50074688,CUADERNO PRO EXCELL RAYA 200HJ,10,283.62
50082563,MARCADOR DE CERA ROJO PZA,10,8.54
50093903,CUADERNO PROF MARIO PDURA RY,10,237.07
50114072,RESALTADORES PATEL KIUT X8,10,176.72
50118603,MARCADORES ACUACOLOR SURTID 4P,10,73.19
50131491,PLUMONES MAGICOS 8 PZ CRAYOLA,10,142.24
50132037,MOCHILA AZUL KLASS TOTTO,10,1292.24
50132734,MARCADOR RETRACTIL CLICKART VIVID 6 P,10,133.62
50015528,CRAYONES CRAYOLA JUMBO 12 PZAS,10,57.67
50051830,CUADERNO PROF C7 100H JBOOK R,10,99.14
50062183,LAPICERO AUTOM ENERGIZE 0.5MM,10,75.78
50083039,BOLIGRAFO BAILEY NEGRO,10,1111.21
50092989,HOJAS P/CARPETA ESQ C5 100H,10,30.95
50107550,CUADERNO PROF RY 200H STUK,10,90.52
50112542,MARCATEXTO STABILO AZUL PZ,10,13.36
50114378,SIGNAL XTRA AZUL CON 12PZAS,10,433.75
50119481,CUADERNO PROF C5 100H C1081072 INCOLORS,10,64.66
50130768,CUADERNO A5 RAYA 80 HOJAS BR BLOOM,10,90.09
50131146,BOLIGRAFO MOR MUL BALLPOINT COLORS STUK,10,21.12
50131887,HERMETICO LUNCH BOX STITCH ANDROMEDA,10,81.9
50132319,12 PC COLOUR PENCIL 1 WATER BRUSH,10,143.52
50132458,MOCHILA MIFFY MANGENTA YADATEX,10,797.41
50133030,LAPIZ GRAFITO 12PZ KUROMI,10,64.66
50133288,LONCHERA GRIS FERRARI YELLOW LIGHT,10,387.16
50133315,CUADERNO 60H RAYAS PUNTEADAS BUTTERF THP,10,168.1
50134788,BOLIGRAFO NAVIDENO PUNTA FINA PERSONAJE,10,22.33
50019478,PUNTILLAS 0.5MM 2H SUPER HI 3P,10,54.22
50021807,PUNTILLAS 0.5MM H SUPER HI 3PZ,10,54.22
50041209,GOMA MAPED MINI SOFTY 6PZAS,10,37.84
50051746,LAPICERO MECANICO 0.7MM,10,180.17
50064460,BOLIGRAFO 4 COLORES FASHION 1P,10,52.5
50076827,LIBRETA FRAN NEGRA HOJBLAN MOL,10,447.41
50083442,MARCADOR CERA VERDE PHANO PZA,10,14.22
50127238,LAPICERA URBANIA GRIS,10,188.795
50127584,LONCHERA GRAFITO YATTA GRIS OSCURO,10,559.48
50127923,LAPICERA TRANSPARENTE ARCOIRIS ROSA,10,193.97
50127942,BOLIGRAFO J ROLLER STICK CON REZINA,10,34.44
50128104,BOLIGRAFO CRISTAL P.EX.GR. SURT 3PZAS,10,16.38
50130989,SET DE CUADERNOS 3 PIEZAS,10,82.67
50131053,CUADERNO CON GATO 96 H CATS STUK,10,43.06
50131556,BOLIGRAFO PINPOINT 2 PZ NGR MEDIANO,10,16.38
50132475,LAPICERA AMONG US AZ MAR YADATEX,10,297.41
50132545,LAPICERA DRAGON BALLSUPER AZUL YADATEX,10,297.41
50048369,PLUMONES CRAYOLA DELGA LAV 12P,10,99.14
50051905,CUADERNO CA 72H MI PRIMER CUA,10,78.36
50054954,HOJAS P/CARP CT KIUT BC 100H,10,99.14
50062125,PLUMA CAJA C/12 PZAS,10,30.95
50100922,TJ CORRECTOR LIQ. AQUA FLUID,10,22.33
50120208,LIBRETA CLASICA GDE AZUL ARRECIFE RAYA,10,568.1
50125771,LAPICERA MULTIUSO AGAPEC NEGRO N01,10,387.07
50131740,LAPICERA DENIM BOX AZUL,10,292.24
50131950,MARCADORES LAVABLES 24PZ NORMA,10,168.1
50139180,MARCADORES EXPO 4 PACK COLORS,10,177.5
50015510,CRAYONES CRAYOLA 24 PZAS C SAC,10,57.67
50059376,CUADERNO PROF C7 160H KIUT 5M,10,271.55
50062170,BICOLOR BLISTER 4 PZ OMX,10,22.33
50063449,CORRECTOR LIQ TIPO BROCHA OMX,10,22.33
50070630,BOLIGRAFO TUL RBALL FINO NG 4P,10,142.24
50083371,MARCADOR PERM MARKER GRIP NEG,10,15.09
50097739,MARCADORES KIUT MAGICOS 12 PZ,10,107.76
50118025,CUADERNO ECOPLANET C7 100H,10,88.8
50131893,MOCHILA HELLO KITTY AZUL TRUTZ RUZ,10,301.29
50131896,MOCHILA KUROMI MORADO ESTRELLA RUZ,10,201.72
50132156,MOCHILA RUEDAS CHICA PRINCESAS CHENSON,10,775.09
50133313,CUADERNO 80H RAYAS PUNTEADAS MOSAICS THP,10,280.17
50064374,CUADERNO ESQUELA RY 100H OMX,10,28.36
50105990,BOLIGRAFOS DE COLORES TUL,10,133.62
50127759,LONCHERA BOB ESPONJA AMARILLO/ CAFE,10,473.28
50132730,MARCADOR RETRACTIL CLICKART P. SUN 6 P,10,125
50136263,150 PLUMONES SUPER TIPS,10,796.55
50136875,LIBRETA EJECUTIVA ROSA AGUACATE 60H70GR,10,62.54
50025325,LIBRETA COLLE RY 400H UNIVERS,10,297.41
50045189,MARCADOR SIGNAL JUMBO NEGRO,10,49.91
50054963,CUADERNO PROF C5 100H KIUT,10,99.14
50064625,CUADERNO PROF C5 100H SERI IV,10,48.19
50065811,BOLIGRAFO RETRAC 1.0 MD NG 12P,10,65.43
50113994,AQUARELO JUNIOR 24 PZ,10,116.38
50131046,PLUMA FLOR ROJA,10,48.19
50131064,LAPICERA DISENO FLORES CATS STUK,10,77.16
50131075,SET CUADERNO 38H CATS STUK,10,72.84
50131644,MOCHILA MORADA ECO WAKE UP APLI,10,241.04
50131840,BOLI PARKER WRIT BLUE ROLLER 0.7MM,10,728.54
50131962,PLUMONES INTENSITY NGR PREM 12PZ BIC,10,90.52
50132355,LONCHERA NEGRA BREAK3.05XT XTREM,10,481.9
50134597,TERMO DE PLASTICO 450ML CAPIBARA,10,115.95
50136779,LIBRETA EJECUTIVA 80HRY 75GR FIG PASTEL,10,62.16
50136785,GOMA FACTIS 36R 3PIEZAS,10,29.12
50138090,LAPIZ 4 PZ CON SACAPUNTAS KORES MUNDIAL,10,30.09
50015146,BOLIGRAFO MEDIANO ROJ 12P BIC,10,46.12
50083375,MARCADOR PERM MARKER GRIP ROSA,10,15.09
50083440,MARCADOR CERA BLANCO PZA,10,14.22
50114342,FORRO FROF TRADICIONAL C/5,10,63.36
50118067,MOCHILA INDO AZUL,10,1292.24
50119483,CUADERNO PROF RY 100H C1082160 INCOLORS,10,121.55
50125908,ECOLAPIZ HEXAGONAL FABER CASTELL 24 PZAS,10,184.26
50132356,LONCHERA FOOTBALL BREAK 3.05XT XTREM,10,481.9
50051832,CUADERNO PROF C5 100H JBOOK R,10,99.14
50114071,MARCADORES PUNTA PINCEL KIUT,10,223.28
50131104,LAPICERA ROSA DISENO FLOR CATS STUK,10,64.22
50131273,MARCADOR PERMANENTE BARRIL PLASTICO ROJO,10,30
50131980,CUADERNO PROF WEST VILLAGE 160H TILIBRA,10,150.86
50132068,LONCHERA NEGRA TRACER2 TOTTO,10,602.59
50132858,MOCHILA PUSHEEN AZ HELAD YADATEX,10,731.9
50137963,BOTELLA DE PLASTICO DEPORT NGR 1.5L REGA,10,175.86
50041339,BOLIGRAFO ENERGEL 2P 0.5 N PEN,10,99.14
50084158,LAPIZ EVOLUTION AMARILLO CJ 12,10,58.54
50090255,CUADERNO FRAN RY EXCELL 100HJ,10,193.97
50116071,MULTIUSOS TOTTO ZURICH ROSA,10,309.48
50116132,SILLY SCENS MINI ART CASE,10,65.87
50127882,CUADERNO SAMURAI 100H RY MICKEY Y AMIGOS,10,147.22
50131016,LAPICERA VIDEOJUEGO,10,150.86
50131913,MOCHILA FROZEN COPOS RUZ,10,301.29
50137964,BOTELLA DE PLASTICO 3 COLORES LOOP 730ML,10,240.52
50023421,BOLIGRAFO ZEBRA F-301 1PZ,10,81.81
50054955,CUADERNO FRAN RY 100H FERRARI,10,65.43
50074450,CUADERNO CS COLL COLOR C5 100H,10,71.47
50088349,MARCADOR SHARPIE F.SINGLES NAR,10,21.47
50089484,CUADERNO PROF 100HRY POLYC EDS,10,54.31
50095646,BOLIGRAFO FINO NEGRO MATE,10,456.04
50106321,GOMA BLANCA 2 PIEZAS OMX,10,8.54
50119499,CUADERNO COSIDO COLLAGE C7 100H CLASICO,10,42.16
50120237,LAPICERA PLASTICO AGAVE AZUL,10,67.16
50120316,JUEGO DE CUBIERTOS CON FUNDA,10,137.93
50127618,BACKPACK CAMBRI KLASS AZUL OSCURO,10,1335.34
50131169,BLOCK MAGNETICO SET 3 COLORS STUK,10,43.06
50131744,LAPICERA AUTO BOX PATRULLA,10,266.38
50131929,LAPICERA POKEMON DOBLE COMP AZ AM RUZ,10,124.57
50131955,PLUMONES ACRILICOS 8PZ NORMA,10,176.72
50132494,MOCHILA PUSHEEN ROSA CAFE YADATEX,10,797.41
50136781,LIBRETA EJECUTIVA 80HRY 75GR ROSA Y AZUL,10,62.16
50012980,BLOCK ENGO CARTA CLAS BCO 80H,10,75.78
50064624,CUADERNO PROF RY 100H SERIE IV,10,48.19
50074451,CUADERNO CS COLL COLOR C7 100H,10,71.47
50116908,HERMETICO RECTANGULAR CON 2DIV,10,65.43
50131042,SET BOLIGRAFOS 8 PIEZAS,10,56.81
50132414,MOCHILA XBOX NEGRO YADATEX,10,797.41
50132594,LAPICERA RICKANDMORTY ROJO FOTORAMA,10,224.22
50136261,8 PLUMONES SUPER TIPS AROMA SILLYSCENTS,10,132.76
50136890,SLIDE PEN AZUL TINTA NEGRA,10,266.38
50138095,MARCADOR PIZARRON 5MM 4PZ KORES MUNDIAL,10,43.88
50024088,CUADERNO ITAL C7 100H CLASICO,10,34.6
50061612,PUNTILLA HB 0.5 ZEBRA72PZ C/12,10,32.67
50076829,LIBRETA FRAN ROJA RY MOLESKINE,10,447.41
50089032,BOLIGRAFO PRECISION 0.7MM 10P,10,44.74
50089460,CUADERNO FRAN 100H RY POLYC,10,39.26
50093695,CUADERNO PROF UNICA MET C7 160,10,280.17
50112790,LAPIZ GRAFITO PASTEL CON GOMA,10,22.33
50119733,MARKANA PINCEL PASTEL ET C/12,10,245.69
50124804,BOLIGRAFO SOUL VINTAGE TINTA NEGRA,10,366.38
50125242,BORRADOR LAPIZ 3 PZAS STUK,10,39.57
50125283,BORRADOR STUK CONTROL GAMER,10,27.5
50129434,TERMO SKINNY ROSA ORO,10,335.34
50130379,MINI NOTEBOOK RAYADAS PUNTEADAS PAP PREM,10,159.48
50131005,SET BORRADORES 4 PIEZAS,10,48.19
50132463,MOCHILA AVATAR AMARILLO YADATEX,10,999.14
50132584,LAPICERA NASA BLANCO FOTORAMA,10,124.57
50136222,LIBRETA EJECUTIVA 192HRYPUSHEEN YUM,10,309.48
50136775,CUADERNO PROF TD 100HRY 75GR NEGRO NUTRI,10,146.73
50136778,CUADERNO PROF TD 100HRY 75GR COLORES,10,161.1
50137239,CUADERNO PROFESIONAL 100HRAYAS ANIME,10,81.81
50065819,BOLIGRAFO RBALL AGUJ 0.5 COL4P,10,55.09
50071187,BOLIGRAFO KM SURT 4 PTO MED SU,10,31.81
50083382,MARCADOR PERM MARKER MORADO PA,10,15.09
50088357,MARCADOR SHARPIE F.SINGLES CAF,10,21.47
50089481,CUADERNO PROF 100H RY SWEET,10,80.6
50110483,LAPICERA DE PERRO,10,123.36
50119343,LONCHERA GRAFITO NEGRO YATTA,10,559.48
50119415,BOLIGRAFO PIN POINT 0.7MM AZUL 3 PZS,10,22.84
50124803,BOLIGRAFO SOUL NEGRO TINTA NEGRA,10,366.38
50125758,MOCHILA ACUARELA RAYOL TOTTO,10,861.21
50131752,LAPICERA GAMER TRES CIERRES,10,314.66
50131828,PAPER COL PEQ UNIPUNTA REDONDA 12 P,10,16.38
50131905,MOCHILA RUZ MIS PASTELITOS ESHPESHIAL,10,301.29
50131984,LAPIZ CARITAS 6PZ BARRILITO,10,90.52
50132054,MOCHILA AMARILLA TRIK M TOTTO,10,516.38
50134107,CAJA LAPIZ ECO PAPELPERIOD GOMA 10PZ,10,68.1
50023866,MARCATEXTOS VISION JUNIOR COL,10,35.26
50025314,LIBRETA COLLE RY 100H UNIVERS,10,107.76
50071184,BOLIFRAFO CRIS BOLD NEG 12P,10,59.4
50074436,CUADERNO PROF CS COLOR RY 100H NORMA,10,74.05
50088059,BOLIGRAFO KM FINO NEG 2 PZS,10,15.43
50089461,CUADERNO FRAN 100H C5 POLYC,10,65.43
50092652,BOL CRISTAL BOLD SURTIDO 10PZ,10,44.74
50125240,MARCADOR DOBLE LINEA PUNTA CINCEL OMX,10,12.67
50131092,SET MINI GOMAS BORRADORAS 3 PZ CATS STUK,10,21.12
50131134,CINTA CORRECTOR 1 COLORS STUK,10,27.5
50132513,LONCHERA AMONG US PERSONAJE YADATEX,10,297.41
50133314,CUADERNO 60H RAYAS PUNTEADAS DESERT THP,10,280.17
50134034,MARCADOR ACRILICO PUNTA PINCELMOOVI 12PZ,10,547.41
50067600,"LAPICERO 120 0,5 MM BL 1 PZA",10,124.14
50081594,LIBRETA BLACK FORMA FRAN,10,400
50111252,BOLIGRAFO ENERGEL CLENA .5MM N,10,73.19
50116474,ALBUM ACUARELA GDE NGO HB D,10,662.93
50119423,BOLIGRAFO FINO SURTIDO 3PZ,10,16.81
50120215,LIBRETA CLASICA GRANDE AZUL RAYA,10,525
50130958,PLUMA TINTA GEL AZUL 07 MM,10,30.95
50130962,LAPICERA SILICON,10,74.05
50134353,HERMETICO 3 DIVISIONES 680ML LUKKO,10,116.38
50136701,TAPA DURA CUADRADA STITCH,10,206.04
50023352,REPUESTO BIC P ROLLERBALL NEGR,10,28.19
50045196,CORRECTOR LIQUID PAPER 2 EN 1,10,64.57
50074505,COLORES COLOR PEPS DUO 12PZAS,10,83.54
50074989,ROLLER PRECISE V5 FINO NGR 2PZ,10,98.28
50131039,LAPICERA 3D ASTRONAUTA,10,107.76
50131557,BOLIGRAFO PINPOINT 2 PZ AZ MEDIANO,10,16.38
50131559,BOLIGRAFO PINPOINT CURP AMR 2 PZ AZ MED,10,16.38
50131897,LONCHERA KUROMI ESTRELLA RUZ,10,176.29
50131898,LAPICERA KUROMI ESTRELLA RUZ,10,202.59
50135759,CONTENEDOR HERMETICO SNOOPY 950 ML,10,81.9
50137961,HERMETICO PLASTICO MICKEY 1.4L,10,124.14
50138338,LONCHERA MARIO BROS GRANDE,10,516.38
50062077,MARCADOR P/PIZ NEGRO OMX 2 PZA,10,27.5
50107552,CUADERNO PROF C7 200H STUK,10,90.52
50122833,LONCHERA GRAFITO AZUL,10,559.48
50127931,LAPICERA 2 SEPARADORES FUTBOL VERDE,10,202.59
50130586,BOLIG GELPPMATE INK JOY COL RETRO 4PZ,10,283.62
50132013,MOCHILA AZUL URBAN GRAPH TOTTO,10,861.21
50137950,TERMO NEGRO DOBLE PARED 720ML,10,240.52
50048121,CARTUCHOS TINTA AZUL 10P,10,46.47
50071195,PLUMA LIQUID PAPER CORREC,10,66.29
50074529,LIBRETA BBOOK CARBONIO POCKET,10,240.52
50081599,LIBRETA PROFESIONAL DALLAS,10,335.34
50084500,CUADERNO PROF DO 100H RY BLACK,10,64.66
50119506,CUADERNO COSIDO ITALIANO C7 100H CLASICO,10,28.45
50127145,MARCADOR SHARPIE ACRIL PUNTA PINCEL 5PZ,10,237.07
50132863,MOCHILA SNOOPY VIBES BLANCA YADATEX,10,843.97
50133164,HOJAS CARPETA CTA REFOR 100H CUAD RAYA,10,56.81
50134570,MARCATEXTOS 6 PZ CONSTELACIOENS,10,64.57
50136260,MEGA SET PLUMONES 50TIPS 32BASIC 18AROMA,10,253.45
50015145,||LIGRAFO BIC PTO MED AZ 12,10,47.33
50045614,LAPIZ GRAFITO BIC CONTE 12 PZA,10,65.43
50063001,ROLLERBALL STERLING ACERO NE,10,361.21
50127142,MARCADOR SHARPIE ACRILICO PUNTA BALA 2PZ,10,74.05
50131176,LONCHERA NEGRA MILETTO TOTTO,10,473.28
50131345,LIBRETA DE BOLSILLO DIS 1 COLOR STUK,10,21.12
50131967,SET 3 LIBRETAS XGD ROSA CINET HLISO MLSK,10,533.62
50132031,MOCHILAROSA PASTEL KLASS TOTTO,10,1292.24
50136772,CUADERNO POCKET 100HOJASRY 75GR NEGRO,10,57.07
50137897,RESALTADR NEXTEP 5 COLRS CINC 4MM NE079X,10,30.75
50074983,ROLLER PRECISE V5 FINO AZL 2PZ,10,98.28
50102938,MARCADOR PERM GRIP NEGRO M/F,10,28.36
50105021,LAPICES COLORES 20 PZ STUK,10,116.38
50113488,LIBRETA FRIENDS NEGRO 240 PAG,10,306.04
50114351,CUADERNOS PROF FIVE STAR 200H,10,231.9
50128258,BLISTER 1 GOMA SR12,10,56.04
50130591,BOLIG PARKER PREM 70TH DORADO PUNT MED,10,826.72
50131159,VASO CON POPOTE COLORS STUK,10,42.67
50131982,CUADERNO PROF W VILL MT 80H TILIBRA,10,90.52
50132064,MOCHILA VERDE P TABLET INDO TOTTO,10,1292.24
50134787,BOLIGRAFO NAVIDENO PUNTA FINA FIGURA,10,22.33
50136893,SLIDE PEN AZUL MARINO TINTA NEGRA,10,266.38
50137960,HERMETICO PLASTICO HELLO KITTY 3L,10,167.24
50060450,LIBRETA FRAN NEGRA RAYA 120H,10,266.38
50081595,LIBRETA BLACK BOLSILLO 9X14,10,266.38
50087165,BOLIGRAFO CENTURY I NEG/DORADO,10,1723.28
50089372,BOLIGRAFO UNIBALL .5 T1 AZUL,10,62.84
50111635,A-PHANO ROJO BLISTER 2 PZ MARC CERA,10,44.74
50119482,CUADERNO PROF C7 100H C1081073 INCOLORS,10,64.66
50119484,CUADERNO FRANCES RY 100H INCOLORS,10,40.29
50124801,BOLIGRAFO INOX 70 TINTA NEGRA,10,395.69
50125616,COLORES KIUT NEON 6 PZAS,10,70.6
50128255,CAJA METRICO STYLE AZUL HEXAGONAL,10,81.9
50130980,SET 3 BORRADORES 3D,10,48.19
50131084,LAPICERA VERDE CON GLITTER CATS STUK,10,55.6
50131920,MOCHILA SPIDEY AMIGOSAZUL RUZ,10,323.61
50132430,MOCHILA PUSHEEN ROSA YADATEX,10,499.14
50132889,MOCHILA LAPT ETERNIDAD ENERGY5XT XTREM,10,645.69
50135034,CUADERNO PROFESIONAL RY SNOOPY PREM MOOV,10,231.9
50042836,CUADERNO FRAN BCO 100H CLASIC,10,56.81
50076828,LIBRETA FRAN NEGRA RY MOLESKIN,10,412.93
50089369,BOLIGRAFO UNIBALL DELUXE .5NGR,10,49.05
50118619,MARCADORES ESTERBROOK 3X2,10,81.81
50120318,CONTENEDOR C/TAPA 600 ML,10,288.79
50123161,RESALTADORES DOBLE PUNTA X 5,10,107.76
50130207,CUADERNO CLASIC SUENOS 60 HOJ PAPEL PREM,10,280.17
50132163,LAPICERA GRD 3 COMPART CHESTER HAPPYGIRL,10,387.07
50132320,12 PCS COLOUR PENCILS,10,133.62
50132582,MOCHILA DEMON SLAYER NEGRO FOTORAMA,10,454.74
50132586,MOCHILA NASA BLANCO FOTORAMA,10,415.95
50136215,LIBRETA EJECUTIVA 192HRY HP GRYFFINDOR,10,352.59
50136648,MOCHILA NEGRA ZLIP 1818,10,775
50136777,CUADERNO FRANCES TD 100HRY 75GR COLORES,10,112.09
50048983,MARCADOR SHARPIE TWIN NG 12PZS,10,133.62
50063594,BLOCK RY TC AMA 80G 50HJ VIRTU,10,116.38
50097282,CUADERNO PROF. DO NATU RAY/100,10,56.38
50098798,REPUESTO ROLLER B MONT BLN AZL,10,271.55
50100925,TJ RESALTADORES COLOR PASTEL,10,53.88
50125480,MARCADORES 12 PZAS BUTTERFLY,10,8.54
50127760,LAPICERA BOB ESPONJA AMARILLO/ CAFE,10,318.1
50129090,50 LAPICES DE COLOR CRAYOLA,10,335.34
50131138,LAPICERA CIR COLORS STUK,10,38.75
50131167,SET 12 MARCADORES EN BOTELLA COLORS,10,30.13
50132448,LONCHERA PUSHEEN AZUL YADATEX,10,297.41
50132506,LONCHERA PERANUTS AMARILLO YADATEX,10,297.41
50132524,MOCHILA BARBIE ROSA BRILLOS YADATEX,10,499.14
50137912,MOCHILA AZUL MARIO Y YOSHI NUBES,10,887.07
50137952,TERMO NEGRO DOBLE PARED CON POPOTE 1.2L,10,305.17
50138088,CRAYONES TRIANG JUMBO 12PZ KORES MUNDIAL,10,31.81
50015215,COLORES BIC CONTE EVOL 12PZ,10,90.52
50024010,LAPIZ GRAFITO BIC CONTE VDE 4P,10,28.02
50062079,MARCATEXTOS SURT CINCEL OMX,10,44.74
50064852,LAPIZ ENTRENADOR DUO 2 PZAS,10,28.36
50067435,MARCADOR PERM COL 24PZAS,10,292.24
50071183,BOLIGRAFO CRIST BOLD NEG 3 PZA,10,18.88
50076814,LIBRETA POCKET NEGRA RY 3PZ MO,10,240.52
50079726,LAPIZ MIRADO DESING 4 PZ.,10,28.36
50084718,MARCADOR EXPO BORRABLE 3P+CLIP,10,68.1
50092232,TINTA P/MARCADOR REC NEGRO,10,20.66
50097255,CUADERNO PROF. EXCELL C5 200H,10,283.62
50119300,MOCHILA ACUARELA MESHER ECOLE,10,861.21
50119326,MOCHILA CAMBRI VINTAGE INDIGO K,10,1335.34
50127170,LIBRETA CLASICA GDE AMARILLA,10,568.1
50130966,BLOCK NOTAS 4 LAMINAS,10,65.43
50131662,CUADERNO PROF 120H RAY AUROPROV APLI,10,107.33
50131945,CUADERNO KUROMI CHICO 100H NORMA,10,106.48
50132421,LAPICERA XBOX NEGRO YADATEX,10,297.41
50138337,MOCHILA MARIO BROS GRANDE MULTIBOLSILLOS,10,947.41
50044977,CUADERNO C10B 72H MI PRIMER C,10,82.67
50060451,LIBRETA FRANC COLOR RAYA 120,10,292.24
50062127,BOLIGRAFO CRYSTAL MED NG OMX 12 PZ,10,30.95
50085014,SACAPUNTAS CROC CROC INNOVATIO,10,39.57
50125602,CUADERNO C ARGOLLADO KIUT,10,180.17
50131813,BOLI PAPER INKJOY GEL BRILL 0.7MM,10,421.55
50131973,LIBRETA ALBUM ACUARELA GRD LILA MOLESK,10,706.04
50133162,HOJAS CARPETA CTA REFOR 100H CUAD CHICO,10,56.81
50134033,MARCADORES COLORING SKETCH MOOVING 36PZ,10,369.83
50136064,MARCADOR DOBL PUNTA ULTR FIN Y MED 4PZ,10,141.38
50065057,FOAMI CARTA CAFE 4 PZAS,11,23.19
50089974,PINTURA ACRIL AZUL CIELO 100ML,11,28.02
50096252,ACRILICO VERDE OXIDO C. 100ML,11,28.02
50120368,SET DE ARTE 150P C/CABALLETE DALER Y ROW,11,1487.07
50123081,MUNDO DE ARTE Y ACTIVIDADESPAW PATROL,11,284.05
50123256,BLOCK DIBUJO ESP SHT TAN PAD 9X12 50H,11,421.55
50130220,STICKERS 811 PZAS FOLK Y FLORA,11,323.28
50131337,BOLSA MB REGALO GENERO,11,30.39
50131438,BOLSA DE REGALO MEDIANA KITTY AND FRIEND,11,26.72
50131799,BOLSA JUMBO STITCH,11,56.04
50133597,ACR LIQUITEX BASICS 118ML GOLD,11,267.24
50138246,REGLA 30CM TWISTNFLEX DRAGON,11,22.33
50041376,PAPEL LUSTRE 50X75 3PZA BLANCO,11,28.45
50094254,ROTAFOLIO TRIPIE ICE BOARD 90X60,11,2494.83
50101809,ACUARELA LIQUIDA VERDE O. 30ML,11,55.09
50121373,PINT ACRIL INDARTSTUDIO 100ML ROS PASTEL,11,78.36
50125943,SET DE LAPICES SKETCHING 7 PZAS,11,250
50126073,IMANES EN 12 IDIOMAS - CUERPO HUMANO,11,602.59
50130216,STICKERS 820 PZAS FLOR SILVESTRE,11,323.28
50133581,OLEO WINSOR 37ML BLANCO IRID S-1 NO 330,11,327.59
50133589,BARNIZ DAMMAR 8985 400ML,11,655.09
50133704,JGO. PINCEL SINT. BLANCO RODART MIX 7 PZ,11,176.72
50089984,PINTURA ACRILICA GRIS 100 ML,11,28.02
50123217,SIMPLY ACRYLIC SLIM TUBE 75ML VIOLET 450,11,71.12
50123412,BLISTER OLEO ATL 16 ML VIOLETA NO 224,11,34.91
50123431,SET DUO DE PLUMAS GELLYROLL BLANCONEGRO,11,61.98
50125957,KIT POURING O RESINA 15PZAS,11,116.38
50125986,LIENZO P COLOR ROEL MANDALA 26,11,133.62
50126069,MAGNETILIBROS NINAS CARAS LOCAS,11,318.1
50133462,AC ART 5ML ROSA OPERA S-2 NO 448,11,201.65
50133470,AC ART 5ML INDIGO S-1 NO 322,11,206.81
50133599,ACR LIQUI BASICS 118ML NAPHTH CRIMSON,11,267.24
50133884,BOL C/2 PUNTA CALLIGRAFX SOFT BRUSH 1 MM,11,120.6
50133940,MARC ACRI TWIN 1.5 MM/4 MM HAZELNUT BRO,11,198.19
50089973,PINTURA ACRIL BUGAMBILIA 100ML,11,28.02
50091434,"BLISTER C/3 ESFUMINOS 00,1,2",11,82.33
50096224,ACRILICO C. GRIS LLADRO 100ML,11,28.02
50121572,ESTUCHE DE MADERA C/LAPICES COLORES 105P,11,7159.48
50124901,ROMPECABEZAS 3D GLOBO TERRAQUEO,11,559.48
50131338,BOLSA MB BBS REGALO,11,30.39
50133445,ACUARELA COTMAN 8ML ROSA 502,11,137.84
50134790,KIT CERAMICA DINOSAURIO,11,90.52
50136924,ACR. POLITEC L-700 PLA MET ES 100ML #701,11,54.31
50063323,REGLA D/ACERO INOX 15 CM OMX,11,21.47
50080142,PAPEL CHINA DEC DISE#O 2 50X70,11,24.05
50086184,VOLCAN LA PRINCIPAL 1 PIEZA,11,6.88
50087378,BLISTER BARRAS PASTEL BCO/NEG,11,71.12
50090391,PINTURA ACRILICA ROSA CAR 25ML,11,21.98
50107746,PAPEL CREPE VERDE 50X150 CM 2P DIE,11,23.19
50123273,CARTON CON TELA SIMPLY PANEL12X16 3PACK,11,231.9
50125973,ACRILICO PURPURA 30ML,11,28.02
50133506,EST DE BOLSILLO ACU COTMAN,11,935.34
50133517,OLEO WINTON 37ML AMARILLO PALIDO NO 8,11,224.05
50133612,ACR LIQUI BASICS 118ML CADM RED MED,11,240.52
50096197,ACRILICO ROSA MEDIO 100ML,11,28.02
50101775,PINTURA ACRILICA BRONCE 30ML,11,53.88
50101860,DILUYENTE FCO. 125ML,11,40.31
50115952,PINTARRON BLANCO CLAS 120X150,11,3780.17
50123230,SIMPLY OIL PASTELS C25 PZAS,11,140.59
50123234,SET BAS 4 PINCELES FIBRA SINT PARA ACUA,11,280.17
50123466,LIBRETA RODAR PAS DURA ESPIRAL 100 HJ A4,11,206.04
50133480,AC ART 5ML PARDO S-1 NO 676,11,186.13
50133482,AC ART 5ML CARMESI ALIZARIN S-3 NO 466,11,245.69
50134229,TOMBOW DUAL BRUSH YAY SORBET C/6 P,11,422.33
50024405,PINTURA VINCI CAFE,11,21.47
50048159,LUPA JUNIOR MAPED 50MM,11,68.1
50087381,LAPICES CARBON GRASO NERO 3PZS,11,125
50097197,JUEGO DE GEO. TECHNICAL MET 5P,11,76.29
50101835,LIBRO P/SKETCH Y DIB. A6 48H,11,159.48
50123334,ACR POLITEC AZUL PASTEL ACR ESC 250ML,11,81.81
50125953,PINT ACRIL INDARTSTUDI 100ML VERDE CLARO,11,70.26
50133527,OLEO WINTON 37ML CARMESI NO 1,11,224.05
50104048,CELOM MED METALICO,11,22.84
50112889,CHART NUMEROS 1-10 MATEL 45X30,11,31.81
50121362,ACUARELA APERLADA-FLUORESC C/12 PASTILLA,11,107.76
50121570,MINI SET ACUARELA SIMPLY C/CABALLETE,11,1033.62
50121751,CUADERNO DE DIBUJO CON CHINA 20H MARQUIL,11,64.72
50126061,CREATIV TABLERO MGICO 12 INCH,11,221.9
50130234,XL MIXMEDIA 7X10 MAS ACUASIMP 12TUBOS,11,456.81
50132266,PINTURA DIGITAL ROJO 60ML,11,15.4
50133455,ACUARELA COTMAN 8ML PARDO 676,11,137.84
50133680,GELLY ROLL METALLIC AND WHITE 3PC SET,11,120.6
50133726,PANEL AMPERSAND AQUABORD 3MM 18X24 CM,11,150.86
50133769,MAR ACRI 127HS 2 MM LILAC PASTEL,11,129.22
50137316,MASA DAS TERRACOTA 1 KILO,11,146.55
50137362,SPARKLY PLANNER KUROMI,11,275
50137659,THP STICKERS PEACE,11,59.47
50083274,DIAMANTINA CON PEGAMENTO ROSA,11,23.19
50096233,ACRILICO C. CARNE OSCURO 100ML,11,28.02
50101873,ALBUM MULTITECNICA A3 30H,11,478.45
50113855,SET DE DIBUJO Y BOCETO,11,1119.83
50120444,LIMPIA PIPAS 30P VARIOS COLORES,11,28.88
50123322,ACR POLITEC ORO METALICO ESCOLAR 30ML,11,26.64
50123408,BLISTER OLEO ATL 16 ML LACA NARAN NO205,11,34.91
50128288,ART SET FROZEN,11,231.9
50131801,ROLLO 80X70 STITCH,11,34.47
50133571,OLEO WINSOR 37ML AZUL PRUSIA S-1 NO 538,11,327.5
50133787,MAR ACRI 127HS 2 MM DARE ORANGE,11,129.22
50133797,MAR ACRI 127HS 2 MM GRASHOPPER,11,129.22
50133824,MAR ACRI127HS-CO 1.5 MM DARE ORANGE,11,159.48
50135470,D&R SET DE ARTE CON 122 PIEZAS ALUMINIO,11,1292.24
50136249,COLOR PET PAW PATROL HIDRANTE LAVAB 11PZ,11,809.48
50136570,CAR IRIS VIVALDI 185 GRS AMARILLO ORO,11,19.74
50055460,PIZARRON PINTAGLASS 60X90,11,1981.9
50096235,ACRILICO C. AZUL COUNTRY 100ML,11,28.02
50100696,PIZARRON CLASSICO 120X240,11,3956.03
50111226,ROT INTENSITY 0.4MM RJO QUEMAD,11,24.05
50115874,CAJA MEDIANA VERDE,11,18.43
50131689,SET DE ARTE STITCH PEQUENO,11,775
50133559,OLEO WINSOR 37ML MEGENTA S-2 NO 545,11,456.81
50133653,ESTUCHE TELA 24 LAPICES DERWENT,11,469.83
50133871,12 BOLSA C/5 PUNTAS REDONDAS 4 MM,11,103.45
50133970,MARCADOR VACIO 311EM 4-8 MM CHICEL,11,146.47
50092418,SET TRIPLUS FINELINER NEON 6PZ,11,223.28
50102267,PIZARRON BCO WHITE STA 120X240,11,4813.89
50123080,MUNDO DE ARTE Y ACTIVIDADESHELLO KITTY,11,284.05
50123263,BASTIDOR SIMPLY 12X16 30X40CM,11,172.33
50123276,BLOCK DIBUJO CANSON XL BRISTOL 50H A3,11,443.97
50123332,ACR POLITEC VERDE CLARO ACR ESC 250M,11,81.81
50126302,LAPICES DE COLOR ACUARELABLE C/12,11,288.79
50128381,SET COLORES FLUORESCENTE INDART 4PZAS,11,323.15
50128746,ROMPECABEZAS LAMBORGHINI VERDE 108PZAS,11,335.69
50133469,AC ART 5ML VIOLETA S-1 NO 733,11,206.81
50133525,OLEO WINTON 37ML BLANCO DE TITANEO NO 40,11,224.05
50133535,OLEO WINTON 37ML ROJO CADMIO NO 5,11,224.05
50133870,9 BOLSA C/5 PUNTAS REDONDAS 2 MM,11,94.74
50133935,MAR ACRI TWIN 1.5 MM/4 MM LILAC PASTEL,11,178.37
50134115,LLAVERO PELUCHE CAPIBARA,11,71.9
50134173,TOMBOW ABT DUAL BRUSH 249 VERDE BOSQUE,11,58.62
50138186,MO ARMADO CON GLITTER MEDIANO 1 PIEZA,11,21.47
50123349,ACR POLITEC HOBBY MATE CARMIN 319 60 ML,11,27.59
50123376,ACR POLITEC HOBBY METALI PLATA 701 60 ML,11,42.16
50125979,LIENZO P COLOR ROEL MANDALA PAVO REAL,11,133.62
50128380,SET COLORES METALICOS INDART 4PZAS,11,375
50133595,ACR LIQUITEX BASICS 118ML DEEP VIOLET,11,267.24
50013422,ESTILOGRAFO SILCO COLLEGE 1.00,11,185.34
50065064,FOAMI CARTA ROJO 4 PZAS,11,23.19
50082383,CORRUGADO MATE 50X70 CM 171GR,11,49.57
50109673,SET DE ARTE C/CABALLETE 163 PZ,11,1550.86
50116831,DUAL BRUSH PASTEL BIC 6PZ,11,125
50118680,ROTULADORES PASTEL MOOVING,11,48.19
50120309,SET FANTASTICO DIARIO SPIDEY,11,94.4
50131332,BOLSA AS REGAL,11,27.25
50133158,BLISTER C/10 PIEZAS WATERCOLOUR DERWENT,11,301.64
50133426,ACUARELA COTMAN 8ML AMARILLO CAD PAL 119,11,137.84
50133708,SET C/3 PINCELES SINTETICOS ACUAREL,11,1499.91
50133853,MAR ACRI 227HS 4 MM TRAFFIC RED,11,172.33
50133913,REFILL MOLOTOW 30 ML TURQUOISE,11,211.205
50133959,MAR ACRI 1.5 MM/4 MM METALIC GOLD,11,198.19
50134226,MARC DE DIBUJO MONO P/DETALLADO 6 P,11,542.24
50135248,ARTBOOK XL ACUARELA A5 300 G,11,357.76
50138381,SET FANTASTICO UNICORNS AND RAINBOWS,11,198.28
50026941,PAPEL AMERICA AMARI 50X70 2PZ.,11,19.4
50041371,PAPEL LUSTRE 50X75 3PZA CELEST,11,28.45
50102014,PIZARRON CRISTAL 90X120,11,4450
50121368,PINT ACRIL INDARTSTUDIO 100ML AZ PASTEL,11,78.36
50123250,SET BLOCK XL WATERCOLOR+LYRA G,11,593.97
50123398,BLISTER OLEO ATL 16 ML ROJO ATL NO 208,11,34.91
50123410,BLISTER OLEO ATL 16 ML VERDE HOJA NO 214,11,25.29
50123433,CAJA RODART C 12 LAPICES ACUARELABLES,11,68.1
50125947,PINT ACRIL INDARTSTUDI 100ML AZUL MAR,11,70.26
50125980,LIENZO P COLOR ROEL MANDALA LUNA,11,133.62
50133479,AC ART 5ML TINTA NEUTRO S-1 NO 430,11,206.81
50133676,BOLI GELLY ROLL CON 3 PZAS GLAZE,11,94.74
50135803,MONO ESTRRELLA JUMBO NEON,11,12.84
50138205,MODULAR ELEGANCE BLANCO 54X54,11,602.59
50024404,PINTURA VINCI ROJA,11,21.47
50087422,BANDEJA CUADRADA LAVA PINCELES,11,81.81
50101875,LAPICES MEGA NEON ARTIST C/6,11,69.57
50121960,CARTULINA BRISTOL BLANCA 50X65CM 2P,11,19.4
50129916,MUNDO DE ARTE Y ACTIVIDADES MY MELODY,11,284.05
50130229,ROMPECABEZAS DINOSAURIOS 7 PIEZAS,11,340.52
50133492,ACUARELA ART 5ML VIOLETA S-2 NO 672,11,224.05
50133542,OLEO WINTON 37ML TONO BCO DE PLOMO NO 73,11,224.05
50013380,CURVIGRAFO SILCO 30CMS,11,159.48
50053115,PINTARRON ICE BOARD 60 X 90 ALFRA,11,800.86
50061722,PINTARRON ICE BOARD 40X60,11,464.66
50089441,PLANEADOR MENSUAL INDI. 60X90,11,1003.45
50101799,ACUARELA LIQUIDA CAFE C. 30ML,11,56.47
50107749,PAPEL CREPE AZUL CLARO 50X150 DIE,11,23.19
50107755,PAPEL CHINA AZUL 50 X 70 CM,11,23.19
50121365,ALBUM INDART PRISMA 29.7X21CM 32H A4,11,309.48
50126063,ROMPECABEZAS-CIUDAD 36 PZAS,11,240.52
50131989,STICKERS DE FOAMY TRANSPORTE 9PZ BARR,11,29.23
50133496,AC ART 5ML VERDE HOOKER S-1 NO 311,11,206.81
50133607,ACR LIQUI BASICS 118ML BURNT SIENNA,11,267.24
50133622,ACR LIQUI BASICS 118ML QUINACRID MGT,11,267.24
50133658,ESTUCHE DE BOL C/12 PAS GRAPHITIN,11,1180.95
50073789,PINTARRON MIX ICE BOARD 40X60,11,507.76
50101872,LAPICES DE COLORES ARTIST,11,443.97
50108546,COLOR PETS CONEJO Y HAMSTER,11,279.31
50112791,PASTEL ROTULADORES X10 ESTUCHE,11,51.29
50123463,SKETCHBOOK 80 HJS 140GR 13X21CM 9314002M,11,378.45
50125261,PIZARRON CON HOJA MAGNETICA STUK,11,159.48
50125960,POLVOS GLITTER DORADO,11,64.66
50133028,SET PREMIUM ARTE MY MELODY,11,387.5
50133545,OLEO WINTON 37ML VIOLETA NO 16,11,224.05
50133587,LIQUIN WINSOR DE 75ML 991,11,331.9
50133707,SET C/3 PINCELES SINTETICOS ACUARELAS,11,1284.48
50133879,43 BOLSA C/2 PUNTAS SOFT BRUSH,11,103.36
50137310,PDXL RECYCLED SKETCH 11X14/100 FO,11,375
50092636,COMPAS PRECISION ACADEMIC 360,11,31.47
50104047,CELO GIG HOLO PUNTOS BL C/5,11,31.81
50123331,ACR POLITEC ROJO ACR ESC 250ML 314,11,81.81
50124898,JUEGO MEMORY FROZEN,11,318.1
50126221,BASTIDOR PROF. GALERIA 2 CARAS 40X50,11,369.83
50126308,LAPICES ARTIST STUDIO C/11 PZ,11,280.17
50128014,PINCEL PLANO CERDA NAT S-610-6,11,9.4
50128031,PINCEL LINER CORTO SINTETICO S-750-2,11,30.95
50129252,PIN CONDOR CDEPOSITO AGUA PUNTA GRUESA,11,65.43
50133422,ACUARELA COTMAN 8ML CADMIUM 095,11,137.84
50133578,OLEO WINSOR 37ML VERDE VEJIGA S-2 NO 599,11,456.81
50133679,SET C/3 PZ DE GELLY ROLL BLANCA,11,94.74
50133760,SET PIGMA PARA MANGA,11,327.59
50133778,MAR ACRI 127HS 2 MM BLUE VIOLET PASTEL,11,129.22
50133799,MAR ACRI 127HS 2 MM METALLIC BLACK,11,129.22
50133809,MAR ACRI 127HS 2 MM SIGNAL BLACK,11,129.22
50133957,MAR ACRI 1.5 MM/4 MM NATURE WHITE,11,198.19
50134216,TOMBOW DUAL BRUSH PASTEL C/10 PZ,11,702.59
50134232,PORTAGOMAS GOMA DE ARENA 4 P,11,284.4
50138032,FOAMY MOLDEABLE CUBETA 12,11,114.66
50024407,PINTURA VINCI VERDEESMERALDA,11,21.47
50041368,PAPEL LUS DIETRIX 50X75 3PZAMA,11,28.45
50061721,TABLERO CORCHO ICE BOARD 60X90 AF,11,731.9
50065052,FOAMI CARTULINA VERDE,11,28.45
50123330,ACR POLITEC NEGRO INTENSO ACR ESC 250ML,11,81.81
50126243,OLEO 40ML SOMBRA TOSTADA,11,39.22
50128723,PROTECTOR PARA ROMPECABEZAS RAVENSBURGER,11,231.9
50129242,ACRILICO METALICO MULTI 60ML PLATA,11,44.74
50133584,JGO OLEO WINTON P/PRIN C/ 10 10375,11,1939.57
50133840,MAR ACRI 227HS 4 MM NEON PINK,11,172.33
50133969,MARCADOR VACIO 211EM 4 MM ROUND,11,129.22
50136589,CAR IRIS VIVALDI 185 GRS CHOCOLATE,11,19.74
50041372,PAPEL LUSTRE 50X75 3PZA NJA DIE,11,28.45
50065059,FOAMI CARTA COL CARNE 4 PZ,11,23.19
50087377,SET PORTAMINAS CRETACOLOR+MINA6P,11,357.76
50101783,PINTURA ACRILICA ALBAHACA 30ML,11,53.88
50104905,PINTARRON MET ESC PH 120*240,11,5180.17
50107507,NUMEROS FOAMY ADHESIVO,11,31.81
50108308,PORTAPLANOS GRANDE SIGEL,11,258.54
50121783,BLOCK ACUARELA CANSON 30H 300G,11,688.79
50123205,SIMPLY ACRYLIC SLIM TUBE 75ML CREAM 020,11,71.12
50123207,SIMPLY ACRYLIC SLIM TUBE 75MLULTRAMA 123,11,71.12
50123237,SET4 PINCELES ANG PARA SOMBRA Y FLOTADOS,11,280.17
50123268,BASTIDOR SIMPLY 12X12 C2 PZAS 30X30CM,11,202.59
50125959,POLVOS GLITTER AZUL REY,11,64.66
50125970,ACRILICO AZUL OCEANO 30ML,11,28.02
50128111,JUEGO DE 4 PINCELES PARA NINOS,11,82.67
50134231,GOMAS 2.3 MM EN BLISTER C/2 PZ,11,111.98
50136689,PIZARRON STITCH,11,223.28
50086171,MAQUETA TRIDI. SELVA/SABANA,11,28.19
50096215,ACRILICO C. AZUL MEDIO 100ML,11,28.02
50101800,BLOCK PALETA DESECHABLE 50 H.,11,180.17
50102861,CARTULINA 50X65 180GS ROJO,11,19.74
50107506,ABECEDARIO FOAMY ADHESIVO,11,31.81
50123418,BLISTER OLEO ATL 16 ML MAGENTA FLUOR NO4,11,25.29
50125987,LIENZO P COLOR ROEL MANDALA FLORES,11,133.62
50128976,BOLSA BARNIZ REGALO GRANDE MINECRAFT,11,37.5
50131340,BOLSA BD REGALO,11,31.44
50131800,BOLSA GIGANTE STITCH,11,81.9
50133516,OLEO WINTON 37ML AMARILLO OCRE NO 44,11,224.05
50133586,LIQUIN WINSOR 250ML,11,564.66
50133626,ACR LIQUI BASICS 118ML TITANIUM WHITE,11,240.52
50133675,C/3 GELLY ROLL FINOS COLORES SURTIDOS,11,90.52
50133727,PANEL AMPERSAND AQUABORD 3MM 20X20 CM,11,142.24
50133845,MAR ACRI 227HS 4 MM GRASHOPPER,11,172.33
50133947,MAR ACRI TWIN 1.5 MM/4 MM PINK FLUOR,11,178.37
50135098,PCM PAPEL STOCK 1TANTO 6000 HJAS 9.5X5.5,11,955.75
50013435,PLANTILLAS PROFES SILCO COMBIN,11,71.98
50026938,PAPEL AMERICA AZUL 50X70 2PZ .,11,19.4
50113752,ARTE Y DISENO SPIDER MAN,11,305.09
50118362,STICKERS I LOVE,11,42.67
50131402,SET DE ARTE BERRY HIP 26 PIEZAS,11,115.95
50133524,OLEO WINTON 37ML BERMELLON NO 42,11,224.05
50133575,OLEO WN 37ML AZUL CERULEO S-4 NO 137,11,905.09
50133625,ACR LIQUI BASICS 118ML SILVER,11,267.24
50133763,SET C/6 PZA MAR KOI SELECCION PASTEL,11,297.41
50133805,MAR ACRI 127HS 2 MM TRAFFIC RED,11,129.22
50133958,MAR ACRI 1.5 MM/4 MM METALLIC BLACK,11,198.19
50135258,BK GRAD DESSIN 160G 14X21.6CM,11,228.45
50135260,BK GRAD MXMED 220G 21.6X14 NA,11,228.45
50048165,JGO GEOM C/COMPAS STOP SYSTEM,11,115.52
50096219,ACRILICO C. LAVANDA 100ML,11,28.02
50096370,METALICO C. ORO VIEJO 30ML,11,22.84
50125961,POLVOS GLITTER PLATA,11,64.66
50126268,PIGMENTO INDART 30CM3 VERDE OXIDO CROMO,11,93.9667
50131401,SET DE ARTE BERRY HIP 21 PIEZAS,11,115.95
50131439,BOLSA DE REGALO MEDIANA HARRY POTTER,11,24.05
50133493,AC ART 5ML NEGRO MARFIL S-1 NO 331,11,206.81
50133541,OLEO WINTON 37ML SOMBRA TOSTADA NO 3,11,224.05
50133555,OLEO WINSOR 37ML SOMBRA NAT S-1 NO 554,11,327.5
50133816,MAR ACRI 127HS-CO 1.5 MM METALLIC BLACK,11,159.48
50134164,TOMBOW ABT DUAL BRUSH 062 AMARILLO,11,65.95
50135800,ESTRELLA IMPRESOS PZ SURTIDO,11,6.04
50136573,CAR IRIS VIVALDI 185 GRS ROSA,11,19.74
50136923,ACR. POLITEC L-700 ORO MET ES 100ML #700,11,54.31
50091436,PALETA OVALADA 22X 30 MACOCEL,11,41.81
50096171,LAPICES PASTEL CRETACOLOR C/9,11,262.93
50096373,PINTURA METALICO C. BLANCO 30M,11,21.12
50112887,CHART ABECEDARIO MATEL 45X30CM,11,39.57
50121962,CARTULINA FLUORESCENTE VERDE 47.5X66CM,11,20.605
50123225,SET LIBRO DIB 112H+COLORES 12P,11,590.52
50123430,ESTILOGRAFOS PIGMA GELL ROLLBLANCO,11,180.17
50126277,PAPEL PRISMA 50X70CM 220G/M2 ROJO RUBI,11,15.44
50131954,CAJA 12 FINELINER KIUT,11,173.4
50133854,MAR ACRI 227HS 4 MM SHOCK BLUE MIDDLE,11,172.33
50015865,GISES BLANCOS CRAYOLA 150PZS,11,240.52
50087373,LAPICES COLOR ACUARELABLE C/12,11,237.07
50107752,PAPEL CREPE NEGRO 50X150 CM 2P DIE,11,21.98
50110136,GIS VINCI BLANCO ESTUCHE 150 P,11,29.57
50110996,BOLSA REGALO KRAFT MEDIANA MAM,11,16.38
50123333,ACR POLITEC CARMIN ACR ESC 250ML 319,11,81.81
50126227,BASTIDOR BASICO GALERIA 35X45,11,297.41
50131339,BOLSA BC REGALO,11,25.16
50133450,ACUARELA COTMAN 8ML ROSA 580,11,137.84
50133875,BOLSA C/2 APLICADORES HIGHFLOW,11,142.24
50134161,TOMBOW ABT DUAL BRUSH 026 AMARILLO ORO,11,58.62
50135633,BOLSA BOUTIQUE GRDE ASA CASCANUECES NV,11,27.69
50138177,GUIA DE FORMULA PANTONE GP1601B,11,4720
50083273,DIAMANTINA CON PEGAMENTO PERLA,11,23.19
50090399,BLOCK DE STICKERS MY LITTLE PO,11,33.8
50101807,ACUARELA LIQUIDA CYCLAMEN 30ML,11,56.47
50121363,AGUARRAS BOTELLA 125 ML,11,50.78
50126080,MUNDO DE ARTE Y ACTIVIDADES STITCH,11,568.1
50129911,SET DE ARTE OSOS ESCANDALOSOS,11,115.95
50130218,STICKERS 811 PZAS FLORES BRILLANT,11,323.28
50130224,SITCKERS 171 PZAS TROPICOS VIVOS,11,159.48
50132268,PINTURA DIGITAL AZUL 60ML,11,15.4
50133420,ACUARELA COTMAN 8ML BURT UMBER 076,11,137.84
50133642,CAJA METALICA C/12 GRADUADOS MEDIOS,11,383.62
50133684,102 MARCADOR LIQUIDO CHROME 2 MM,11,201.65
50133794,MAR ACRI 127HS 2 MM NEON YELLOW FLUOR,11,129.22
50133861,MAR ACRI 227HS 4MM NATURE WHITE,11,172.33
50137314,SIMPLY CANVAS 60X 80 CM /24X32,11,412.93
50015698,PORTAFOLIO DE DISENOEXTR GDE 6,11,231.9
50094234,ESTUCHE GEOMETRIA 6PZAS BARRIL,11,88.36
50096229,ACRILICO C. VERDE LLADRO 100ML,11,28.02
50120484,DISCOS METALICOS ORO,11,90.26
50122840,LAPICERA TUBO HARRY POTTER KIDS,11,158.76
50123254,BLOCK DIBUJO ESP SHT SKETCH 9X12 100H,11,318.1
50123323,ACR POLITEC PLATA METALICO ESCOLAR 30ML,11,26.64
50126056,SCRATCHING STICKER - BARBIE,11,60.34
50133537,OLEO WINTON 37ML ROSA NO 49,11,224.05
50134212,TOMBOW ABT DUAL BRUSH N75 GRIS FRIO 3,11,65.95
50013386,ESCUADRAS SEMIPRO C/G S/B 28CM,11,74.05
50060614,PINTARRON IGLU 30X40,11,206.04
50067495,ROTULADOR POINT 88 MINI C/18,11,412.93
50123257,400 PASTEL PAD 9X12 SHT 2412,11,262.93
50123329,ACR POLITEC BCO TITANIO ACR ESC 250ML,11,81.81
50126072,ROMPECABEZAS ABECEDARIO-SWEET COCOON,11,435.34
50126225,BASTIDOR PROFESIONAL TD 2 CARAS 45X60,11,283.62
50128055,SET DE PINCELES BASICO SINTETICO NO.701,11,65.09
50133814,MAR ACRI 127HS-CO 1.5 MM VANILLA PASTEL,11,159.48
50133956,MAR ACRI 1.5 MM/4 MM BURGUNDY,11,198.19
50134127,PLANTILLA DE PIEDRAS CAPIBARA 20X20 CM,11,150.86
50013374,REGLA T PROFES. 100CM CABEZA F,11,499.14
50077629,LENTEJUELA N 8 C/500 PZAS,11,15.43
50077639,PLANILLA DE OJOS ADHE. C/2 PZA,11,28.36
50087376,BLISTER CON 3 BARRAS GRAFITO,11,125
50087405,LIJADOR PARA LAPIZ Y ESFUMINO,11,19.74
50087410,SET PINCELES N4 CERDA BCA 4PZS,11,99.14
50089442,PINTARRON IND ALFRA 60 X 90,11,904.31
50092256,PINTARRON DE CRISTAL 90X150CM,11,4740
50102864,CARTULINA 50X65 180GS ROSA,11,19.74
50104021,MONO ESTRELLA JUMBO ROJO,11,13.71
50119272,TAB DE CORCHO ALFRA CLASICO 120,11,2412
50123233,SET 5 PINC SIMPLY SIMONS PARA ACUARELA,11,447.41
50130238,EST CIERRE CON 10 PICELES DE CERD BLAN,11,383.62
50133433,ACUARELA COTMAN 8ML VERDE OBSCURO 312,11,137.84
50133546,OLEO WINSOR 37ML BCO TITANEO S-1 NO 644,11,327.5
50133576,OLEO WINSOR 37ML AZUL MANG S-1 NO 379,11,327.5
50061715,TABLERO CORCHO ICEBOARD 60X90,11,788.79
50077643,DIAMANTINA OPALINA C/25 GRS,11,27.5
50101826,TEMPERA ROEL C/6 COLORES DIF.,11,55.09
50102866,CARTULINA50X65 180GS AZULULTRA,11,19.74
50111376,CAJA T DURA TODA OCASION CAMIS,11,73.19
50130240,LAPICES PARA ART LYRA REMBRANDT POLYCOL,11,478.45
50133329,STICKERS TELL YOUR STORY 30H THP,11,326.72
50133661,ESTUCHE DE BOL C/12 PASTI ACUARE,11,495.69
50133690,LIBRETA SKETCH D&S BLACK 140 GM C/80 HJS,11,396.47
50133936,MAR ACRI TWIN 1.5 MM/4 MM VIOLET DARK,11,198.19
50101777,PINTURA ACRILICA CHAMPAGN 30ML,11,53.88
50102871,CARTULINA50X65 180GS VDEABETO,11,19.74
50121369,PINT ACRIL INDARTSTUDIO 100ML AMA LIMON,11,78.36
50121562,ALBUM XL SKETCH 74G 22.9X30.5CM 100H,11,292.24
50123219,SIM ACR SLIM TUBE 75ML BRILLIANT RED 547,11,71.12
50125811,STICKERS HAPPY PLANNER BEBIDAS DE COCTEL,11,91.67
50128012,PINCEL RECORTADO CERDA NAT S-600-10,11,28.88
50128058,SET DE PINCELES STUDIO ANGULAR NO.704,11,206.04
50130213,STICKERS 577 PZAS FLORES DEL BOSQUE,11,323.28
50130237,SET CON 4 PICELES DE CERD BLANC MANG COR,11,206.04
50133473,AC ART 5ML ALIZARIN S-1 NO 004,11,206.81
50133528,OLEO WINTON 37ML CARNE/ROSA PALE NO 20,11,224.05
50133745,SET C/6 ACRILICOS AMSTERDAM C/20 ML,11,551.64
50134198,TOMBOW ABT DUAL BRUSH 885 ROJO CALIDO,11,73.2767
50026939,PAPEL AMERICA VERDE 50X70 2PZ.,11,19.4
50096226,ACRILICO C. PURPURA 100ML,11,28.02
50107751,PAPEL CREPE ROSA 50X150 CM 2PZ DIE,11,23.19
50130215,STICKERS 646 PZAS DESIERTO MISTICO,11,323.28
50133490,AC ART 5ML ORO QUINACRIDONA S-3 NO 547,11,245.69
50133513,OLEO WINTON 37ML AMARILLO LIMON NO 26,11,224.05
50133972,DRIPSTICK -L 10 MM HIGHFLOW 70 ML,11,150.86
50134432,ROMPECABEZAS 3D LAMBORGHINI 108 PC,11,602.59
50135008,BOLSA MEDIANA CAPIBARAS,11,21.47
50115950,PINTARRON WHITE STAR 90X150,11,2792.24
50123274,CABELLETE PORTATIL DE ALUMINIO,11,1197.41
50126349,LAPICES ACUARELABLES MARINO 202,11,39.22
50128113,MOLDE FLEXIBLE DE SILICON ANIMALES,11,20.65
50129243,ACRILICO METALICO MULTI 60ML ORO RICO,11,44.74
50133157,BLISTER C/10 PIEZAS CHROMAFLOW DERWENT,11,237.07
50133771,MAR ACRI 127HS 2 MM PETROL,11,129.22
50134057,PINTARRON IGLU 90X120 CM,11,1033.62
50134221,MARC Y ACCESORIOS PARA ILUSTRACION 9 P,11,771.98
50134427,ROMPECABEZAS PRINCESAS 24 PC G,11,326.72
50135791,DREAM DRAW CINNAMOROLL 42 PZS,11,258.54
50065058,FOAMI CARTA CAMELLO,11,23.19
50097179,PINTARRON METALICO ESC 120X150,11,4309.485
50101843,OLEO VELAZQUEZ 16ML. NARANJA,11,27.16
50104024,MONO ESTRELLA JUMBO VERDE,11,13.71
50123204,SIMPLY ACRYLIC SLIM TUBE 75ML WHITE 011,11,71.12
50126078,SET FANTASTICO PRINCESAS,11,85.78
50128043,BROCHA ARTIST STUDIO SINTETICO S-780-2,11,107.76
50129341,SET DE ARTE CON CABALLETE 96 PIEZAS,11,1249.14
50133532,OLEO WINTON 37ML NEGRO MARFIL NO 24,11,224.05
50133823,MAR ACRI 127HS-CO 1.5 MM CERA LIGHT PAS,11,159.48
50133831,MAR ACRI 127HS-EF 1 MM SIGNAL BLACK,11,137.84
50135250,ARTBOOK XL MIX MEDIA A5 300 G,11,379.22
50041370,PAPEL LUSTRE 50X75 3PZA AZUL,11,28.45
50065056,FOAMI CARTA BLANCO 4 PZAS,11,23.19
50101881,LAPICES GRAFITO HB NATURAL C/2,11,50.43
50123375,ACR POLITEC HOBBY METALICO ORO 700 60 ML,11,42.16
50126269,PORCELANIZ FCO 125ML,11,39.22
50133557,OLEO WINSOR 37ML CARMESI ALIZ S-2 NO 004,11,456.81
50133585,ACEITE DE LINAZA W&N-ACELERA SECADO 75ML,11,336.12
50133692,BLOCK MARCADOR RODIN 75G,11,275.78
50133780,MAR ACRI 127HS 2 MM METALLIC PINK,11,129.22
50133808,MAR ACRI 127HS 2 MM SIGNAL WHITE,11,129.22
50135262,LATA LYRA GRADUATE 12C,11,340.52
50135263,LATA LYRA GRADUATE AQUA 12C,11,366.38
50135265,ARTBK GRAD ACUARE 250G A5 LC,11,185.34
50083268,DIAMANTINA CON PEGAMENTO PLATA,11,23.19
50089444,PINTARRON INDICATO 40X60,11,385.6
50121371,PINT ACRIL INDARTSTUDIO 100ML LILA,11,78.36
50131986,STICKERS DE FOAMY ESPACIO 11PZ BARR,11,29.23
50133579,OLEO WINSOR 37ML ROSA PERM S-2 NO 502,11,456.81
50133774,MAR ACRI 127HS 2 MM AMAZONAS LIGHT,11,129.22
50133804,MAR ACRI 127HS 2 MM ZINC YELLOW,11,129.22
50036586,PAPEL LUSTRE 50X75 3P MORADO,11,28.45
50097078,ALBUM INDART MULTITECNICA A4,11,396.47
50101805,ACUARELA LIQUIDA AMARILLO 30ML,11,56.47
50101868,BLOCK P/MARCADOR A3 100H INDAR,11,593.97
50118675,LAPICES ACUAREABLES MOOVING 24,11,159.48
50123382,ACR POLITEC HOBBY META NARANJA 508 60 ML,11,42.16
50123471,PINCEL Y ESPATULA RODART TODA 25 PZ,11,309.48
50126224,BASTIDOR PROFESIONAL TD 2 CARAS 35X45,11,206.04
50129245,ACRILICO METALICO MULTI 60ML PERLA,11,44.74
50131105,PAQUETE STICKERS 2 H FLO Y GAT CATS STUK,11,10.78
50133592,MEDIO GLACEAR PARA OLEO 739,11,353.36
50133605,ACR LIQUI BASICS 118ML BRIGHT AQUA GRN,11,267.24
50133828,MAR ACRI 127HS-CO 1.5 MM TRUE BLUE,11,159.485
50133923,MAR ACRI TWIN 1.5 MM/4 MM TURQUOISE,11,198.19
50134058,PINTARRON SEMANAL MODERNO 20X30 CM,11,176.72
50135253,XLBOOK 60H DESSIN A5 SGC 160 G,11,323.28
50096212,ACRILICO C. PIEL CLARA 100ML,11,28.02
50107748,PAPEL CREPE AMARILLO 50X150 CM,11,23.19
50126233,OLEO 40ML ROJO,11,39.22
50129339,PASTA MODELADORA DAS WOOD 350 G,11,125
50130214,STICKERS 928 PZAS JARDIN MODERNO,11,323.28
50133440,ACUARELA COTMAN 8ML NEGRO HUMO 337,11,137.84
50133514,OLEO WINTON 37ML AMARILLO NAPOLES NO 29,11,224.05
50133602,ACR LIQUI BASICS 118ML PRIMARY BLUE,11,267.24
50133636,MEDIO LX MODELING PASTE FLEXIBLE 473 ML,11,715.43
50133734,PANEL AMPERSAND GESSOBORD 3MM 30X30 CM,11,310.26
50133855,MAR ACRI 227HS 4 MM TRUE BLUE,11,172.33
50133965,MARCADOR VACIO 611EM 15 MM BROAD,11,137.84
50135080,ROMPECABEZAS PEANUTS GRAFFITI 500 PZ,11,231.9
50073771,PINTARRON RETICULADO 90X120,11,1981.9
50088335,PROJECT BOARD 60X40,11,404.31
50090194,CARTON C/TELA P/PINTAR 28X35,11,65.95
50112577,CAJA CAMISERA GRANDE NAVIDAD,11,41.29
50113726,BOLSA REGALO KRAFT GDE MAMAS,11,23.19
50121376,MEDIO PARA POURING FRASCO 500ML,11,70.26
50123258,SET 2 C3 PINCELES SNAP SINT ORO,11,412.93
50123468,PINCEL SINT RODART MIXTO 3 PZ DORADO 889,11,56.04
50125258,SET PINCELES STUK 5PZAS,11,53.36
50125965,ACRILICO CREMA 30ML,11,28.02
50125989,ALBUM INDART PRISMA SEPIAS A4,11,309.48
50133428,ACUARELA COTMAN 8ML BLANCO DE CHINA 150,11,137.845
50133461,AC ART 5ML ULTRAMAR FRANCES S-2 NO 263,11,224.0533
50133825,MAR ACRI 127HS-CO 1.5 MM SIGNAY WITHE,11,159.48
50013428,PLANTILLAS PROFES SILCO ELIPSE,11,79.74
50041375,PAPEL LUS DIETRIX 50X75 3PZ RS,11,28.45
50065069,FOAMI CARTULINA BLANCO,11,28.45
50071164,LAPICES OTHELO STABILO 12PZS,11,223.28
50096239,ACRILICO C. AZUL MARINO 100ML,11,28.02
50101793,ACUARELA LIQUIDA CAFE OBS 30ML,11,56.47
50101861,BLOCK ACUARELA A3 20H INDART,11,490.52
50101863,BLOCK BISTROL A3 20H INDART,11,499.14
50115218,PINTARRON BLANCO CLAS 120X180,11,4025
50123208,SIM ACRYLI SLIM TUBE 75ML LIGHT BLUE 128,11,71.12
50123324,ACR POLITEC BRONCE METALICO ESCOLAR 30ML,11,26.64
50123464,SKETCHBOOK 80 HJS 140GR 9X14CM 9314001M,11,206.04
50131797,BOLSA MEDIANA STITCH,11,25.85
50132317,X1 PREMIUM MATHEMATICAL DRAWING,11,114.59
50133494,AC ART 5ML VIOLETA COBALTO S-4 NO 192,11,302.59
50133834,MAR ACRI 227HS 4 MM CERAMIC LIGHT PASTEL,11,172.33
50133846,MAR ACRI 227HS 4 MM METALLIC BLACK,11,172.33
50024402,PINTURA VINCI AMARILLO LIMON,11,21.47
50065063,FOAMI CARTA NEGRO 4 PZAS,11,23.19
50087411,SET PINCELES N6 OLEO 4PZS,11,323.28
50090199,BASTIDOR BASICO TB 50X60,11,288.79
50121372,PINT ACRIL INDARTSTUDIO 100ML NARANJA,11,78.36
50123272,CARTON CON TELA SIMPLY PANEL 16X 203 PAC,11,469.83
50130233,XL MARKER A4 MAS LYRA GRADUAT FINEL 10PZ,11,443.97
50133547,OLEO WINSOR 37ML AMAR OCRE S-1 NO 744,11,294.75
50133606,ACR LIQUI BASICS 118ML BRIL PURPLE,11,267.24
50135799,MONO ESTRELLA KRYSTAL PZ SURTIDO,11,10.34
50136568,CAR IRIS VIVALDI 185 GRS AMARILLO LIMON,11,19.74
50041374,PAPEL LUSTRE 50X75 3P VDE B,11,28.45
50101782,PINTURA ACRILICA OLIVA 30ML,11,53.88
50111377,CAJA T DURA TODA OCASION LIBRO,11,66.58
50121380,BASTIDOR PINTART MDF 35X45,11,107.76
50123214,SIMPLY ACRYLIC SLIM TUBE 75ML GREEN 355,11,71.12
50123229,GRAD OIL SELECTION SET 10X38ML,11,1007.76
50133454,ACUARELA COTMAN 8ML ULTRAMARINE 660,11,137.84
50133812,MAR ACRI 127HS 2 MM METALLIC GOLD,11,129.22
50135266,DAL AQUAFINE TRAVEL SET 12 HP,11,383.62
50096204,ACRILICO VERDE TURQUEZA 100ML,11,28.02
50107745,PAPEL CREPE ROJO 50X150 CM 2PZ DIE,11,21.98
50123209,SIM ACRYLIC SLIM TUBE 75ML DARK BLUE 132,11,71.12
50123327,ACR POLITEC AMAR MEDIO ACR ESC 250ML 318,11,81.81
50128033,PINCEL PLANO SINTETICO S-710-6,11,10.26
50129247,HOJA DE ORO PDECORACION C100PZ,11,202.59
50130211,STICKERS 826 PZAS FLORES JARDIN RADIANTE,11,323.28
50130227,IMANES DINO 24 PIEZAS,11,283.62
50133418,ACUARELA COTMAN 8ML CARMESI 003,11,137.84
50133701,JGO. PINCEL SINT. BLANCO RODART DEL4 PZ,11,90.52
50118353,STICKERS DEPORTES,11,43.71
50126062,SET ROMPECABEZAS DINOSAURIOS,11,190.86
50130735,PINCEL EN CILINDRO CON 144PZ LTH,11,8.62
50133554,OLEO WINSOR 37ML INDIGO S-2 NO 322,11,456.81
50133590,LIQUIN FINO WINSOR 75 ML,11,361.98
50133826,MAR ACRI 127HS-CO 1.5 MM SIGNAL BLACK,11,159.48
50133857,MAR ACRI 227HS 4 MM SIGNAL WHITE,11,172.33
50136255,TROMPO COLOURWHIRLS CRAYOLA 2PX,11,115.52
50026427,TRIPIE AJUSTABLE ICE BOARD 160,11,1421.55
50041369,PAPEL LUSTRE 50X75 3PZA ROJO,11,28.45
50048232,GLOBO TERRAQUEO AZUL BASE PLA.,11,990.52
50087406,LIJA MULTIFLEX 11X14CM FINO,11,71.47
50096374,METALICO C. AZUL 30ML,11,21.12
50101810,KIT DE PINCELES P/MANUALIDADES,11,168.1
50123328,ACR POLITEC AZUL CELESTE ACR ESC 250ML,11,81.81
50123347,ACR POLITEC HOBBY METALICO AMARILLO60 ML,11,42.16
50123435,JUEGO DE ARTE PARA BOSQUEJAR C 14 PZ,11,275
50132267,PINTURA DIGITAL BLANCA 60ML,11,15.4
50133029,SET PREMIUM ARTE KUROMI,11,387.5
50133624,ACR LIQUI BASICS 118ML RAW UMBER,11,267.24
50133665,SET BLENDER Y BURNISHER DERWENT,11,219.83
50133743,ES C/12 PAS DE ACUVAN GOGH COL MUTED,11,1249.91
50133781,MAR ACRI 127HS 2 MM METALLIC GREEN,11,129.22
50133830,MAR ACRI 127HS-EF 1 MM SIGNAY WITHE,11,137.84
50136251,DISENO DE MODAS STICKERS,11,361.21
50083270,DIAMANTINA CON PEGAMENTO ORO,11,23.19
50087408,FIJADOR MATE LATA 418ML,11,120.6
50115956,PINTARRON METALICO ESC 90X180,11,4162.94
50130230,TABLA DE ORGANIZACION,11,507.76
50133419,ACUARELA COTMAN 8ML BURT SIENNA 074,11,137.84
50133511,OLEO WINTON 37ML AMARILLO CADMIO NO 46,11,224.05
50133620,ACR LIQUI BASICS 118ML PHTHALO GREEN,11,267.24
50133685,103 MARCADOR LIQUIDO CHROME 4 MM,11,275.86
50133718,BAST EST T-306 25X30,11,99.14
50133827,MAR ACRI 127HS-CO 1.5 MM TRAFFIC RED,11,159.48
50133921,MAR ACRI TWIN 1.5 MM/4 MM PETROL,11,198.19
50133927,MAR ACRI TWIN 1.5 MM/4 MM LOBSTER,11,198.19
50088337,PROJECT BOARD 80X60,11,628.45
50090200,BASTIDOR GALERIA 25X30,11,240.52
50096382,METALICO C. FIUSHA 30ML,11,21.12
50128039,PINCEL LENGUA DE GATO SINTETICO S-720-6,11,35.26
50128251,ACUARELAS VINCI MINI 23 MM 13 PZAS,11,49.05
50130231,XL SKETCH LYRA PARA BOCETO 12PZA,11,559.48
50133714,CABALLETE DE MESA ATL,11,430.95
50133757,C/3 MARCADORES PEN TOUCH EX FINOS,11,262.93
50133893,REFILL MOLOTOW 30 ML PURPLE VIOLET,11,211.21
50133899,REFILL MOLOTOW 30 ML TRUE BLUE,11,211.21
50138380,SET FANTASTICO CAPICOL,11,198.28
50138599,RETRO MICKEY 1000P,11,387.07
50013429,PLANTILLAS PROFES SILCO CIRCUL,11,54.22
50073778,PINTARRON RETICULADO MET 60X90,11,1292.24
50080693,AGUARRAS DESTILADO 125 ML,11,65.09
50087151,LAPIZ DE DIBUJO DRAWING 11PZ,11,153.02
50094900,PINTARRON WHITE STAR 120X150,11,2723.28
50111232,ROT INTENSITY 0.4MM ROJO,11,24.05
50121366,LIENZO P/PINTAR COLOR NEGRO 20X25,11,44.4
50123086,ART SETSPIDEY,11,231.9
50123422,ESTUCHE ACUARELA C 24 PASTIL Y PINC G100,11,391.38
50125969,ACRILICO GRIS 30ML,11,28.02
50129241,ACRILICO METALI MULTI 60ML ORO IMPERIAL,11,44.74
50129249,BLOCK INDART ACUARELA 14X21CM 20HJ,11,172.33
50130221,SITCKERS 253 PZAS ESTAC DE ALEGRIA,11,159.48
50133610,ACR LIQUI BASICS 118ML CADM ORANGE HUE,11,267.24
50133682,MAR ACR TWIN 1.5 MM/4 MM SIG BLACK,11,198.19
50133907,REFILL MOLOTOW 30 ML METALLIC GOLD,11,211.21
50024408,PINTURA VINCI AZUL ULTRAMAR,11,21.47
50024414,PINTURA VINCI PLATA,11,21.47
50086153,ARBOLES CLAROS C/ 1 PZA,11,24.05
50096202,ACRILICO TIERRA TOSTADA 100ML,11,28.02
50101801,ACUARELA LIQUIDA ROJO L. 30ML,11,56.47
50121574,MINI SET SIMPLY ACUARELA,11,368.97
50123265,BASTIDOR SIMPLY 16X24 40X60CM,11,469.83
50126070,SARDINA JUEGO DE PESCA CON CANA,11,245.69
50129248,ALBUM INDART NEGRO 20HOJAS,11,159.48
50130235,SET C712 TUBOS SIMPLY OIL 12ML,11,275
50133436,ACUARELA COTMAN 8ML INDIGO 322,11,137.84
50133523,OLEO WINTON 37ML BCO SUAVE P/MEZC NO 77,11,224.05
50133717,BAST EST T-306 20X25,11,81.9
50133964,MAR ACRILTWIN 1.5 MM/4 MM MR. GREEN,11,198.19
50059521,ROTULAD STABILO POINT88 25P,11,576.72
50083271,DIAMANTINA CON PEGAMENTO VERDE,11,23.19
50096383,METALICO C. ROJO OXIDO 30ML,11,21.12
50121569,SET DE PINTURA C/CABALLETE,11,999.14
50123462,BLOCK MULTIMARCADOR RODIN 15HJ 21 5X28,11,150.86
50131987,STICKERS DE FOAMY GRANJA 10PZ BARR,11,29.23
50133457,ACUARELA COTMAN 8ML AMARILLO ORO 744,11,137.84
50133512,OLEO WINTON 37ML AMARILLO CADMIO NO 9,11,224.14
50133569,OLEO WINSOR 37ML VIOLETA S-2 NO 733,11,456.81
50136925,ACR. POLITEC L-700 BRO MET ES 100ML #702,11,54.31
50138182,MO ARMADO MEDIANO IMPRESO LISO 1 PIEZA,11,21.47
50092389,BLOQUES LOGICOS TANGRAM 40PZAS,11,206.04
50096369,METALICO C. PLATA 30ML,11,21.12
50102862,CARTULINA50X65 180GS AZL PASTL,11,19.74
50125968,ACRILICO VERDE BRILLANTE 30ML,11,28.02
50132269,PINTURA DIGITAL AMARILLA 60ML,11,15.4
50085006,GISES GIGANTES CRAYOLA 24 PZS,11,133.62
50096172,GOMA PLASTICA AMASABLE,11,39.22
50101866,BLOCK BISTROL A4 50H INDART,11,314.66
50111315,FOAMY ADHESIVO DIAMANTADO ESTR,11,31.81
50123465,LIBRETA RODART PAS DURA 100 HJ A4,11,206.04
50131341,BOLSA BE REGALO,11,33.54
50131433,BOLSA DE REGALO GRANDE CINNAMOROLL,11,36.64
50133518,OLEO WINTON 37ML AZUL CERULEO NO 10,11,224.05
50133593,BARNIZ BRILLANTE P/OLEO NO 1732,11,323.28
50133604,ACR LIQUI BASICS 118ML ALIZARIN CRIMSN,11,267.24
50133657,CAJA METALICA C/12 LAP TIN CHAR DERWENT,11,857.76
50133715,MINI CABALLETE ATRIL,11,254.31
50133725,PANEL AMPERSAND AQUABORD 3MM 13X18 CM,11,94.74
50133829,MAR ACRI 127HS-CO 1.5 MM NEON PINK,11,159.48
50133901,REFILL MOLOTOW 30 ML OCHER BROW LIGHT,11,211.21
50136599,CAR IRIS VIVALDI 185 GRS ROSA CHICLE,11,19.74
50080139,PAPEL CHINA FLUORESCENTE VARIO,11,28.88
50097861,ROTAFOLIO FORTEC BLAN 64X78CM,11,275
50104012,MONO ESTRELLA MEDIANO ROJO,11,9.72
50123261,SET 5 PINCELES SNAP FIB SINT BLANCAS MAN,11,460.34
50123267,BASTIDOR SIMPLY A 16X20 C2PZAS 40X50CM,11,331.9
50125962,POLVOS GLITTER BRONCE,11,64.66
50128257,CUENTAS SURTIDAS 30G,11,28.02
50133790,MAR ACR 127HS 2 MM MISTER GREEN,11,129.22
50133795,MAR ACRI 127HS 2 MM NEON ORANGE FLUOR,11,129.22
50034604,TABLA MACOCEL 30X40 CM,11,27.16
50096206,ACRILICO ROSA CLARO 100ML,11,28.02
50096245,ACRILICO C. SEPIA 100ML,11,28.02
50096377,METALICO C. COBRE 30ML,11,21.12
50107747,PAPEL CREPE BLANCO 50X150 CM 2,11,23.19
50123213,SIM ACRYL SLIM TUBE 75ML LIGHT GREEN 348,11,72.84
50130222,SITCKERS 227 PZAS JARDIN MODERNO,11,159.48
50133551,OLEO WINSOR 37ML ORO S-2 NO 283,11,456.81
50133611,ACR LIQUI BASICS 118ML CADM RED DEEP,11,267.24
50133687,MAR LIQUIDO CHROME CALLIGRAPHY,11,206.81
50133856,MAR ACRI 227HS 4 MM VIOLETT,11,172.33
50133920,MAR ACRI TWIN 1.5 MM/4 MM VAI PAS,11,198.19
50134948,ROMPECABEZAS BOLSA FOIL GABBY DOLL HOUSE,11,68.1
50135786,MUN ARTE Y ACTIVI BLUEY 54 PZS,11,568.1
50138204,MODULAR ELEGANCE CORCHO 54X54,11,602.59
50013385,ESCUADRAS SEMIPROF S/G 30CM,11,82.67
50033034,PASTA PLAY DOH 4 PIEZAS .,11,89.66
50082267,JUEGO ESCUADRAS PROFESIONAL 32,11,79.31
50087413,SET PINCELES N8 REDONDOS 4PZS,11,211.21
50111314,FOAMY ADHESIVO DIAMANTADO ABCD,11,31.81
50133467,EST ACUARELA ARTISTICA 12 X 5 ML NO 552,11,2195.61
50133497,AC ART 5ML TURQUESA COBALTO S-4 NO 190,11,336.21
50133638,ACRILICO LX GESSO BLANCO 473 ML,11,715.43
50133765,MAR ACR 127HS 2 MM HAZELNUT BROWN,11,129.22
50133839,MAR ACRI 227HS 4 MM DARE ORANGE,11,172.33
50133926,MAR ACRI TWIN 1.5 MM/4 MM OCHER BROW,11,198.19
50041243,JUEGO DE GEOMETRIA GRANDE .,11,64.57
50101780,PINTURA ACRILICA IMPERIAL 30ML,11,53.88
50101784,PINTURA ACRILICA MET LIMA 30ML,11,53.88
50101785,PINTURA ACRILICA MET UVA 30ML,11,53.88
50102870,CARTULINA50X65 180GS VDEBILLAR,11,19.74
50121565,LAPICES DE COLORES POLYCOLOR 72 PZS,11,2861.21
50123395,JUEGO DE ARTE BASICO PARA ACRILICO15PZ,11,223.28
50130728,PLASTILINA 10 BARRAS CO SURTIDOS PELIKAN,11,16.38
50133495,AC ART 5ML LACA ESCARLATA S-2 NO 603,11,224.05
50133770,MAR ACRI127HS 2 MM CERAMIC LIGHT PASTEL,11,129.22
50133949,MAR ACRI TWIN 1.5 MM/4 MM NEON PINK,11,198.19
50024410,PINTURA VINCI BLANCAP/LETREROS,11,21.47
50067816,JUEGO DE GEOMETRIA ECON 5PZAS,11,31.81
50086169,MAQUETA TRIDI. MAR C/ 1 PZA,11,18.79
50096232,ACRILICO MOSTAZA CLARO 100ML,11,28.02
50101779,PASTA PARA MODELAR ROEL 400G,11,59.91
50114447,SET FANTASTICO FROZEN,11,94.4
50127102,ROMPECABEZAS FROZEN 2 200 PZAS,11,139.14
50133662,BLISTER C/1 GOMA ELECTRICA DERWENT,11,456.81
50133696,SKETCH PAD SKIZZE 96 GMS A4 C/100 HJS,11,336.12
50133835,MAR ACRI 227HS 4 MM AMAZONAS LIGHT,11,172.33
50133974,KIT PARA IMPRES CON UN BLOQUE,11,1275.86
50135261,BK GRAD MANGA 200G 14X21.6 CM,11,228.45
50086142,CORCHO GRUESO C/ 20 GRS,11,30.09
50087375,BLISTER CON 4 MINAS GRAFITO,11,142.24
50101797,ACUARELA LIQUIDA VERDE C. 30ML,11,56.47
50121367,LIENZO P/PINTAR COLOR NEGRO 28X35,11,62.5
50123206,SIMPLY ACRYLIC SLIM TUBE 75ML BLACK 026,11,71.12
50123423,JUEGO DE ARTE BASICO PARA ACUARE C 15 PZ,11,223.28
50128112,MOLDE FLEXIBLE DE SILICON LETRAS,11,20.65
50133520,OLEO WINTON 37ML AZUL DE PRUSIA NO 33,11,224.05
50133700,JGO. PINCEL SINT. RODART MIXTO 7 P DOR,11,137.84
50133916,REFILL MOLOTOW 30 ML SIGNAL WHITE,11,211.21
50133967,MARCADOR VACIO 111EM 2 MM ROUND,11,120.6
50134230,PORTAGOMAS REDONDO GOMAS 2.3 MM 2 P,11,202.59
50096241,ACRILICO C. LADRILLO,11,28.02
50102874,CARTULINA 50X65 180GS MARRON,11,19.74
50123221,SIM ACRY SLIM TUBE 75ML DEEP YELLOW 618,11,71.12
50124899,JUEGO MEMORY SPORTS DINOSAURIOS,11,318.1
50128047,PINCEL PLANO PELO NATURAL S-810-2,11,2378.21
50133567,OLEO WINSOR 37ML CARNE S-2 NO 257,11,456.81
50133703,JGO. PINCEL SINT. BLANCO RODART MIX 6 PZ,11,150.86
50133762,SET C/6 PZA MAR KOI SELECCION RETRATO,11,297.41
50133906,REFILL MOLOTOW 30 ML METALLIC BLACK,11,211.21
50134222,MARC Y ACCESORIOS PARA DIBUJO SET 6 P,11,426.72
50134425,ROMPECABEZAS FAVORITOS DISNEY 200 PC,11,231.9
50135257,BK GRAD DESSIN 160G10.2X15.2CM,11,185.34
50013384,JUEGO DE ESCUADRAS SEMI-PROFEF,11,74.05
50032714,ROLLO DE CORCHO 60X120,11,326.72
50040365,PIZARRON BLANCO MARCO ALUMINIO 90X120,11,1417.24
50094294,PINTARRON ESCOLAR 1.20 X1.80CM,11,4629
50096378,METALICO C. ROJO 30ML,11,21.12
50123235,SET 4 PINC SIMPLY IDEALES PARA TDS TEC,11,280.17
50123249,SET BLOCK XL BRISTOL50H+LYRA G,11,590.52
50123262,BASTIDOR SIMPLYTIRA GRU 3D 6X6 C4 PZAS,11,499.91
50133471,AC ART 5ML AZUL DE PRUSIA S-1 NO 538,11,186.13
50133850,MAR ACRI 227HS 4MM TURQUOISE,11,172.33
50133917,REFILL MOLOTOW 30 ML SIGNAL BLACK,11,211.21
50134789,KIT CERAMICA UNICORNIO,11,90.52
50013420,ESTILOGRAFO SILCO COLLEGE 0.50,11,185.34
50096166,ACEITE DE LINAZA BLAN. 125ML,11,56.47
50097081,ALBUM INDART DIBUJO A4,11,292.24
50101853,OLEO VELAZQUEZ 16ML. SOMBRA,11,21.72
50123275,AQUA BRUSH DUO MARCADOR C2 PUN C 12 COL,11,512.93
50126298,LAPICES GRAFITO ACUARELABLES C/6 PZ,11,473.28
50128056,SET DE PINCELES MINIATURA SINT NO.702,11,125
50131432,BOLSA DE REGALO GRANDE KUROMI,11,36.64
50133663,SET C/2 PORTALAPIZ DERWENT,11,349.14
50136569,CAR IRIS VIVALDI 185 GRS AMAR CANARIO,11,19.74
50041373,PAPEL LUSTRE 50X75 3PZA VDE LI,11,28.45
50064107,PLUMIN PEN 68 STABILO 10 PZAS,11,228.45
50101786,PINTURA ACRILICA GRANADA 30ML,11,53.88
50101842,CABALLETE D/CAMPO 1.85M INDART,11,1007.76
50102877,CARTULINA 50X65 180GS AMARILLOC,11,19.74
50107750,PAPEL CREPE NARANJA 50X150 CM,11,23.19
50115947,PEDESTAL GIRAT MET ALFRA 120X180,11,13930.17
50118427,PAPEL CONSTRUCCION 96 HOJAS,11,176.72
50126067,MAGNETILIBROS DINOSAURIOS,11,318.1
50133810,MAR ACRI 127HS 2 MM NEON PINK FLUOR,11,129.22
50024406,PINTURA VINCI ROSA MEXICANO,11,21.47
50090202,BASTIDOR BASICO GALERIA 40X60,11,400.86
50101803,ACUARELA LIQUIDA GRIS 30ML,11,56.47
50121374,SET PINT COL BASICOS INDARTSTUDIO C/5P,11,369.83
50129910,SET DE ARTE MOANA STITCH,11,231.9
50130765,BOLSA GRANDE DISENO SAN VALENTIN,11,25.85
50133615,ACR LIQUI BASICS 118ML COBALT BLUE HUE,11,267.24
50133746,SET CONT ACRI AMSTERDAMS 12X20ML,11,1099.14
50133751,BLISTER C/6 PASTEL PENCIL SANGUINEA,11,491.29
50133843,MAR ACRI 227HS 4 MM NEON ORANGE FLUOR,11,172.33
50102878,CARTULINA50X65 180GS VDECLARO,11,19.74
50121575,KIT MASA CON 6 PINTURAS,11,275
50124823,SELLOS AUTOENTINTABLES FROZEN,11,8.62
50131400,SET DE ARTE 42 PIEZAS MINNIE MOUSE,11,115.95
50133489,AC ART 5ML AZUL COBALTO S-4 NO 178,11,336.21
50133577,OLEO WINSOR 37ML ROJO BTE S-1 NO 042,11,327.5
50133731,PANEL AMPERSAND GESSOBORD 3MM 18X24 CM,11,176.72
50133842,MAR ACRI 227HS 4 MM SKIN PASTEL,11,155.09
50133847,MAR ACRI 227HS 4 MM METALLIC SILVER,11,172.33
50133945,MAR ACRI TWIN 1.5 MM/4 MM TRUE BLUE,11,198.19
50133973,DRIPSTICK -XL 25 MM HIGHFLOW 100 ML,11,176.72
50014395,LUPA EN TAMANO TARJETA EN BLIS,11,24.57
50102865,CARTULINA 50X65 180GS TURQUESA,11,19.74
50123253,400SKETCHPAD55X85SHT10012,11,162.07
50123424,ARTE PARA ACUARELA 12LAPICES6PASTILLAS,11,240.52
50126074,SET DE ESCRITURA ONIX,11,150.43
50126282,PAPEL PRISMA 50X70CM 220G/M2 CAFE,11,21.98
50127110,ROMPECABEZAS UNICORNIOS 300 PZAS,11,149.48
50128042,BROCHA ARTIST STUDIO SINTETICO S-780-1,11,67.67
50129915,SET DE ARTE CABALLETE UNICORNS RAINBOWS,11,284.05
50133468,AC ART 5ML VERDE PERILENO S-2 NO 460,11,224.05
50133560,OLEO WINSOR 37ML BCO DE PLOMO S-1 NO 242,11,327.5
50133570,OLEO WN 37ML AZUL COBALTO S-4 NO 178,11,905.09
50133628,ACR LIQUI BASICS 118ML UNB TITANIUM,11,267.24
50133818,MAR ACRI 127HS-CO 1.5 MM ZINC YELLOW,11,143.54
50133832,MAR ACRI 227HS 4 MM HAZELNUT BROWN,11,172.33
50033149,BLOCK A4 CARTULINA C/25 HJS,11,80.09
50086172,MAQUETA TRIDI.PASTIZAL-PRADERA,11,18.79
50096220,ACRILICO C. VERDE OLIVA 100ML,11,28.02
50104022,MONO ESTRELLA JUMBO AZUL REY,11,13.71
50126065,LABERINTO MAGNETICO - COLMENA,11,190.86
50133651,ESTUCHE BOLC/12 PASTILLAS PASTEL SHADE,11,784.4
50133817,MAR ACRI 127HS-CO 1.5 MM METALLIC GOLD,11,159.48
50133975,KIT C/4 PZ DE TINTA PARA XILOGRAFIA 37ML,11,732.67
50135790,DREAM DRAW MELODY 42 PZS,11,231.9
50138189,MO MINI MET 1 PAQUETE CON 6 PIEZAS,11,30.09
50014394,LUPA TRADICIONAL DE3 PULG. (7.,11,103.36
50090201,BASTIDOR BASICO GALERIA 30X40,11,283.62
50096381,METALICO C. LILA 30ML,11,21.12
50102875,CARTULINA 50X65 180GS NEGRO,11,19.74
50123212,SIMP ACRYLI SLIM TUBE 75ML PORT PINK 220,11,71.12
50128049,PINCEL PLANO PELO NATURAL S-810-6,11,35.52
50128057,SET DE PINCELES PLANO SINTETICO NO.703,11,237.07
50130232,XL DRAWING 23X30 MAS LAPICES LYRA 10PZ,11,443.97
50133716,CABALLETE MOSCO 3013,11,952.59
50133756,BARRAS CONTE EN BL SANG OBSC C/2,11,99.14
50133791,MAR ACRIL 127HS 2 MM COOL GREY PAS,11,129.22
50136262,SET DE ARTE 45PZ CRAYOLA,11,292.24
50024412,PINTURA VINCI ORO RICO,11,21.47
50026935,PAPEL AMERICA ROJO 50X70 2PZA.,11,19.4
50065049,FOAMI CARTULINA NARANJA,11,28.45
50080694,ACEITE DE LINAZA BOTELLA,11,56.47
50088428,PIZ. NEGRO INDICATO 60X90,11,1007.76
50102863,CARTULINA 50X65 180GS ROSAP,11,19.74
50106258,SET DE ARTE 115 PIEZAS,11,1352.59
50118409,BOLSA REGALO KRAFT MEDIANA MAM,11,18.1
50123427,SET DE SKETCH C 3 ESTILOGRAFOS PIGMA,11,231.9
50130239,SET C/6 LAPICES PARA DIBUJO,11,473.28
50132318,GEOMETRIC ACCUMATE MATH DRAWING,11,104.16
50133326,STICKERS SEASONAL WHIMSY 30H THP,11,294.05
50133466,AC ART 5ML AZUL CERULEO S-3 NO 137,11,245.69
50133627,ACR LIQUI BASICS 118ML ULTRAMARINE BLU,11,267.24
50133643,CAJA METALICA C/12 LAP PASTEL DERWENT,11,568.88
50133976,KIT C/4 PZ DE TINTA PARA XILOGRAFIA 37ML,11,922.33
50136574,CAR IRIS VIVALDI 185 GRS FICSIA,11,19.74
50024411,PINTURA VINCI NEGROBUJIA,11,21.47
50077626,CHAQUIRA 20GR SUR.COLORES,11,19.74
50101795,ACUARELA LIQUIDA NARANJA 30ML,11,56.47
50101808,ESTIQUES PLASTICO C/6 PZ,11,45.26
50123429,SET BASICO C 3 ESTILOGRAFOS PIGMA,11,180.17
50130747,PINCEL ESCOLAR GRANEL,11,8.62
50133837,MAR ACRI 227HS 4 MM NEON YELLOW FLUOR,11,172.328
50133849,MARCADOR ACRILICO 227HS 4MM MAGENTA,11,155.09
50101804,PORTA PINCEL 5X36CM GRANDE,11,47.33
50101833,LIBRO P/SKETCH Y DIB. A5 96H,11,223.28
50114085,BLOCK DE STICKERS OMG LOL,11,34.05
50121784,BLOCK DE DIBUJO RAYA 60H A4 XL,11,288.79
50123377,ACR POLITEC HOBBY META BLANCO 501 60 ML,11,42.16
50123413,BLISTEROLEO ATL 16 MLSIENA NATURAL NO232,11,34.91
50125944,SET DE LAPICES FINE ART PASTEL 7 PZAS,11,250
50126222,BASTIDOR PROF. GALERIA 2 CARAS 50X60,11,435.34
50127097,ROMPECABEZAS VILLAINOUS 1000 PZAS,11,206.38
50130212,STICKERS 628 PZAS ROSA DESIERT,11,323.28
50133484,AC ART 5ML VERDE OLIVA S-1 NO 447,11,206.81
50133852,MAR ACRI 227HS 4 MM ZINC YELLOW,11,172.33
50133862,MARCADOR LIQUID CHROME TWIN 1.5MM-4MM,11,301.64
50133868,BOLSA C/5 PUNTAS SPECIALTECH 1 MM 08,11,172.33
50134166,TOMBOW ABT DUAL BRUSH 098 AGUACATE,11,73.275
50135785,MUN ARTE Y ACTI CAPIBARA 54 PZS,11,568.1
50014141,ACUARELA ESCOLAR PELIKAN 12 PZ.,11,39.57
50024409,PINTURA VINCI ROJO CARNE INITA,11,21.47
50096341,ACRILICO FLUORES. NARANJA 30ML,11,15.95
50111227,ROT INTENSITY 0.4MM LILA,11,24.05
50130210,STICKERS 626 PZAS FLORES TROPIC VIVOS,11,323.28
50132994,PAPEL BOND PREM 20 LBS 75G 61X50,11,256.25
50133928,MAR ACRI TWIN 1.5 MM/4 MM SAHA BEIGE PAS,11,198.19
50133938,MARC ACRI TWIN 1.5 MM/4 MM TRAFFFIC RED,11,198.19
50032713,LOSETAS DE CORCHO (4) 30X30 CM,11,266.38
50090198,BASTIDOR BASICO TB 40X60,11,245.69
50104020,MONO ESTRELLA JUMBO BLANCO,11,13.71
50113874,BLOCK DE STICKERS RAINBOW HIGH,11,31.47
50115880,CAJA TAPA DURA JOYA KRAF,11,39.57
50118370,STICKERS NUMEROS,11,29.74
50123220,SIMP ACRYLIC SLIM TUBE 75ML SCARLET 567,11,74.91
50125963,POLVOS GLITTER FUCSIA,11,64.66
50126276,PAPEL PRISMA 50X70CM 220G/M2 GRIS OBSC,11,21.985
50128977,BOLSA BARNIZ REGALO MEDIANA MINECRAFT,11,27.5
50133425,ACUARELA COTMAN 8ML AMARILLO CADMIO 109,11,137.84
50133446,ACUARELA COTMAN 8ML PRUSIA 538,11,137.84
50063325,ESCALIMETRO OMX,11,51.29
50101877,ALBUM PARA SKETCH A5 100H,11,231.9
50102872,CARTULINA 50X65 180GS GRIS,11,19.74
50126083,ART SET HELLO KITTY,11,231.9
50127108,ROMPECABEZAS RAVENSBURGER FRIDA 300 PZAS,11,113.28
50133530,OLEO WINTON 37ML MAGENTA NO 28,11,224.05
50133640,MEDIO LX MEDIUM FLUIDO 237 ML,11,564.655
50133736,PANEL AMPERSAND GESSOBORD 3MM 40X50 CM,11,500
50133803,MAR ACRI 127HS 2 MM PURPLE VIOLET,11,129.22
50136944,QUITA GOMA EN AEROSOL 160 ML.,11,64.66
50037644,TRANSPORTADOR PROF 360 G VTA C,11,28.02
50077637,PALO CUADRADO C/20 PZAS NATURA,11,18.88
50080691,BLOCK XL ACUARELA PAPEL 300GMS,11,379.22
50094253,TRIPIE PROJECT BOARD ALFRA,11,1981.9
50094759,PIZARRON BLANCO MET 90X240 ESC,11,5085.35
50101848,GESSO MEDIO FCO. 100ML,11,32.25
50115877,CAJA TD DURA CAMISA KRAF,11,73.19
50115946,PINTARRON BLANCO CLAS 90X180,11,3500
50115953,PINTARRON WHITE STAR 90X240,11,3905.65
50123259,SET 3 PINCELES SNAP SINT ORO 1 PLANO,11,435.34
50123394,BLOCK POLITEC 280G 20 HOJAS DE 23X30 5CM,11,253.45
50123407,BLIS OLEO ATL 16 ML AMARILLO CLARO NO201,11,25.29
50125949,PINT ACRIL INDARTSTUDI 100ML AZUL CERU,11,70.26
50126311,GOMA MONOLITH DE CAUCHO,11,42.67
50129246,ACRILICO METALICO MULTI 60ML ESMERALDA,11,44.74
50129907,SET FANTASTICO OSOS ESCANDALOSOS,11,85.78
50133459,AC ART 5ML GRIS PAYNE S1 NO 465,11,206.81
50133609,ACR LIQUI BASICS 118ML CAD YEL DEEP,11,267.24
50133621,ACR LIQUI BASICS 118ML PRIMARY RED,11,267.24
50133966,MAR VACIO ACRIL 1.5 MM/4 MM 224EM,11,159.48
50080141,PAPEL CHINA DEC DISE#OS 50X70,11,24.05
50096380,METALICO C. NEGRO 30ML,11,21.12
50125958,POLVOS GLITTER VERDE PURO,11,64.66
50125964,ACRILICO ANARANJADO 30ML,11,28.02
50126064,ROMPEZABEZAS A DOS CARAS PLANETA AZUL,11,292.24
50131336,BOLSA MB REGALO CUMPLEANOS,11,30.39
50131991,KIT PIZARRON 40X60CM QUARTET,11,430
50133639,MEDIO LX GEL 473ML/16OZ,11,905.09
50133747,PASTEL PENCIL BLANCO BL.C/2,11,124.06
50133833,MAR ACRI 227HS 4 MM LILAC PASTEL,11,172.33
50134201,TOMBOW ABT DUAL BRUSH 803 ROSA FUERTE,11,65.95
50015863,GISES BLANCOS CRAYOLA 12PZS,11,30.09
50087419,BARNICETA ALEMANA 125ML,11,55.6
50126226,BASTIDOR PROFESIONAL TD 2 CARAS 50X50,11,275
50129340,PASTA MDELADORA DAS WOOD 700 G,11,231.9
50133563,OLEO WINSOR 37ML TURQ FTALO S-1 NO 526,11,327.5
50133889,REFILL MOLOTOW 30 ML SAHARA BEIGE PAS,11,211.21
50134947,ROMPECABEZAS BOLSA FOIL POKEMON,11,68.1
50065051,FOAMI CARTULINA ROJO 1 PLIEGO,11,28.45
50073794,TABLERO DE CORCHO IGLU 30X40,11,223.28
50083272,DIAMANTINA CON PEGAMENTO ORO C,11,23.19
50096170,LAPICES COLOR ACUAREABLE C/24,11,387.07
50118657,BLOCK DE STICKER GABY DOLL 6H,11,34.05
50121785,BLOCK DIBUJO CANSON XL MARKER 100H,11,309.48
50130225,SITCKERS 135 PZAS RAMO DE FLORES,11,159.48
50133328,STICKERS ALL THE THINGS 30H THP,11,326.72
50133529,OLEO WINTON 37ML GRIS NO 32,11,224.05
50133594,SOLVENTE SANSODOR W&NEVAP LENTA 75 ML,11,258.54
50133723,BAST EST T-306 50 X 60,11,283.62
50133788,MAR ACRI 127HS 2 MM VIOLETT,11,129.22
50133860,MAR ACRI 227HS 4 MM METALLIC GOLD,11,172.33
50060605,BLOCK ESBOZO 120H A4 XL,11,292.24
50101787,PINTURA ACRILICA CENTELLENATE,11,53.88
50101812,SOLVENTE SIN OLOR 125ML,11,36.64
50120442,FOAMY DIDACTICO REPUBLICA MEXICANA,11,37.84
50121370,PINT ACRIL INDARTSTUDIO 100ML VERD LIMON,11,78.36
50121566,SET DE PINTURAS 20ML,11,1167.24
50126066,MAGNETILIBROS APRENDO LA HORA,11,292.24
50130226,SITCKERS 308 PZAS DESIERTO MISTICO,11,159.48
50131985,SET LETTERING TROPICAL 6PZ BARRILITO,11,51.91
50133508,EST ACUARELA COTMAN PLUS 376 C/ 24 1/2 P,11,2340.52
50133556,OLEO WINSOR 37ML BCO DE ZINC S-1 NO 748,11,327.5
50133951,MAR ACRI TWIN 1.5 MM/4 MM N YELLOW FLU,11,198.19
50134220,TOMBOW DUAL BRUSH JUST PEACHY C/6 PZ,11,337.86
50134228,TOMBOW DUAL BRUSH COTTAGE C/10 P,11,702.59
50134233,GOMA DE RECAMBIO P/PORTAGOMAS 3.8 MM 4 P,11,56.04
50137315,MASA DAS BLANCA 1 KILO,11,133.62
50138377,PORTAFOLIO PREMIUN JACK,11,775
50014671,LIMPIA PIZARRON MAGISTRA 273ML,11,65.09
50080689,ALBUM UNIVERAL 9X12,11,564.66
50087396,LAPIZ GRASO BLANCO Y NEGRO 2PZ,11,77.16
50115878,CAJA TAPA DURA LIBRO KRAF,11,61.98
50116309,TABLERO MAGICO MAPED,11,323.28
50123211,SIM ACRY SLIM TUBE 75ML LIGHT BROWN 213,11,71.12
50125967,ACRILICO AZUL ULTRAMAR 30ML,11,28.02
50125972,ACRILICO ROSA MEDIO 30ML,11,28.02
50126247,OLEO 40ML NEGRO,11,39.22
50130734,REGLA 30 CM ECO FLEX TRANSPARENTE,11,6.04
50133510,OLEO WINTON 37ML AMAR CADMIO LIMON NO 7,11,224.05
50133515,OLEO WINTON 37ML AMARILLO NARANJA NO 4,11,224.05
50133785,MAR ACRI 127HS 2 MM GREY BLUE LIGHT,11,129.22
50133819,MAR ACRI 127HS-CO 1.5 MM META SILVER,11,159.48
50136252,CUENTAS APLICABLES MIX PASTEL,11,525
50074758,BATA MANGA LARGA CON MANTEL,11,125
50096264,METALICO C. ORO 30ML,11,21.98
50101796,ACUARELA LIQUIDA VIOLETA 30ML,11,56.47
50115948,TABLERO ALFRA CORCHO 120X150,11,2200
50121375,CRISTART ULTRAVIOLETA 120ML (A+B),11,180.17
50125942,SET DE LAPICES MARINO 6 PZAS,11,254.31
50129913,PORTAFOLIO PREMIUM HELLO KITTY,11,775
50130764,BOLSA HORIZONTAL CHIC SAN VALENTIN,11,17.23
50133678,BOLI GELLY ROLLCON 3 PIEZAS MOONLIGHT,11,94.74
50133813,MAR ACRI 127HS 2 MM NATURE WHITE,11,129.22
50133942,MAR ACRI TWIN 1.5 MM/4 MM YELLOW,11,198.19
50133963,MAR ACRILICO 1.5 MM/4 MM GRASSHOPPER,11,198.19
50017636,BLOCK T/OFICIO VEGETAL C/25HJS,11,70.6
50089970,PINTURA ACRILICA VIOLETA 100ML,11,28.02
50094882,PINTARRON BLANCO 90X 180,11,2260
50096222,ACRILICO C. AZUL OCEANO 100ML,11,28.02
50130236,EST CON CIERRE 10 PINCELES SINTETICOS,11,438.79
50133486,AC ART 5ML SOMBRA TOSTADA S-1 NO 076,11,206.81
50133695,BLOCK SKETCH&DRAW 220 GMS A4 C/20 H,11,180.95
50135252,ARTBOOK XL MIX MEDIA A4 160 G,11,564.66
50033606,REGLA 20 CM SILCO TRANSPARENTE,11,14.57
50090837,ABACO GRANDE LA PRINCIPAL,11,73.19
50101849,OLEO VELAZQUEZ 16ML. SIENA NAT,11,27.16
50102876,CARTULINA 50X65 180GS BEIGE,11,19.74
50121378,BASTIDOR PINTART MDF 20X30,11,82.33
50126210,ACRILICO PROF 100ML AMARILLO OCRE OXIDO,11,49.05
50130209,STICKERS 725 PZAS MOMENTOS MAGICOS,11,326.72
50131988,STICKERS DE FOAMY DINOSAURIO 8PZ BARR,11,29.23
50133327,STICKERS COTTAGECORE FLORALS 30H THP,11,326.72
50133539,OLEO WINTON 37ML SIENA TOSTADA NO 2,11,224.05
50133674,C/3 GELLY ROLL FINOS COLORES BASICOS,11,90.52
50133677,BOLI GELLY ROLL CON 3 PZAS STARDUST,11,94.74
50133691,LIBRETA SKETCH BLACK 140 GMS C/80 HJS,11,426.72
50133789,MAR ACRI 127HS 2 MM NEON PINK,11,129.22
50133798,MAR ACRIL 127HS 2 MM KACAO77 UNIV GREEN,11,129.22
50134217,TOMBOW DUAL BRUSH BRILLANTES C/10 PZ,11,702.585
50135259,BK GRAD DESSIN 160G27.9X35.5CM,11,469.83
50135264,BK CAN PT 36S MIXMED 14X21.6,11,228.45
50136581,CAR IRIS VIVALDI 185 GRS AZUL MAR,11,19.74
50137312,SIMPLY WATERCOLOUR 12X12 ML SET,11,271.55
50073780,TABLERO DE CORCHO 90X120,11,1335.34
50087382,"LAPICES SEPIA,SANGUINA,CRETA B",11,125
50096221,ACRILICO C. AGUACATE 100ML,11,28.02
50108747,SET DE ARTE 111PZ,11,1343.97
50111067,BOLSA JUVENIL MEDIANA CARTON C,11,24.05
50112884,BLOCK CARTULINA COLORES,11,99.14
50113763,PIEDRAS FLUORESCENTE,11,464.66
50121782,BLOCK DIBUJO ESP CANSON MIX MEDIA 60H,11,387.07
50123093,SET FANTASTICO DINOSAUR WORLD,11,94.4
50123210,SIMPLY ACRYLIC SLIM TUBE 75ML BROWN 205,11,71.12
50125982,LIENZO P COLOR ROEL MANDALA PEZ KOI,11,133.62
50131334,BOLSA IS REGALO,11,41.92
50133548,OLEO WINSOR 37ML SOMBRA TOST S-1 NO 076,11,327.5
50133608,ACR LIQUI BASICS 118ML BURNT UMBER,11,267.24
50133693,BLOCK SKETCH 90G 50H 23X30.5CM,11,185.34
50133699,JGO.PINCEL SINT. RODART PLANO 3 P DOR,11,64.66
50083269,DIAMANTINA CON PEGAMENTO ROJO,11,23.19
50126082,ART SET PAW PATROL,11,231.9
50126236,OLEO 40ML AZUL CERULEO,11,39.22
50131437,BOLSA DE REGALO MEDIANA CINNAMOROLL,11,26.72
50133623,ACR LIQUI BASICS 118ML RAW SIENNA,11,267.24
50133800,MAR ACRI 127HS 2 MM SHOCK BLUE,11,129.22
50136567,CAR IRIS VIVALDI 185 GRS CREMA,11,19.74
50082554,CARTULINA BLANCA 50X65 CMS,11,5
50096372,METALICO C. DORADO SOLAR 30ML,11,21.12
50133807,MAR ACRI 127HS 2 MM TRUE BLUE,11,129.22
50136585,CAR IRIS VIVALDI 185 GRS VERDE BILLAR,11,19.74
50096248,ACRILICO C. GRIS AZULADO 100ML,11,28.02
50101776,METALICA CENTELLANTE PINTART S,11,53.88
50111225,ROT INTENSITY 0.4MM GRIS OSCU,11,24.05
50120496,SET DE ARTE C/CABALLETE 162 PIEZAS,11,1550.86
50121786,LIBRETA DE DIBUJO CANSON SKETCH 112H,11,550.86
50123241,MANIQUI ARTICULADO HOMBRE MADERA 203 CM,11,275
50123384,ACR POLITEC HOBBY META BRONCE 702 60 ML,11,42.16
50125976,MODELADORES DE PLAST 7 PZAS,11,68.1
50131333,BOLSA ES REGALO,11,37.72
50133500,MEDIO MASCARILLADOR 75 ML NO 759,11,361.98
50133568,OLEO WINSOR 37ML AMAR NAPOLES S-1 NO 422,11,327.5
50133574,OLEO WINSOR 37ML AMAR WINSOR S-2 NO 730,11,456.81
50133728,PANEL AMPERSAND AQUABORD 3MM 24X30 CM,11,237.07
50135254,SPP CANXL 100S CROQ A5 SGC 90G,11,323.28
50138294,DINO 4 PUZLES EVOLUTIVOS DINO,11,387.07
50041394,ROT STABILO POINT88 3P 0.4,11,81.81
50077633,KIKOLETA C/20 PZAS NATURAL,11,19.74
50101829,LIBRO P/SKETCH Y DIB. A4 96H,11,309.48
50101884,PINCELES C/DEPOSITO DE AGUA,11,282.07
50112890,CHART TABLAS DE MULTIPLICAR MA,11,39.57
50126240,OLEO 40ML VERDE HOJA,11,39.22
50133458,AC ART 5ML SIENA TOSTADA S1 NO 074,11,206.81
50133475,AC ART 5ML ROSA POTER S-2 NO 537,11,224.05
50133858,MAR ACRI 227HS 4 MM SIGNAL BLACK,11,172.33
50091155,BLOCK DIBUJO ESP CANSON XL DRAWING 60H,11,361.21
50096384,METALICO C. ALUMINIO 30ML,11,22.84
50101844,TEXTURIZADOR MEDICO FCO. 100ML,11,47.53
50123379,ACR POLITEC HOBBY METAL ROJO 521 60 ML,11,42.16
50129244,ACRILICO METALI MULTI 60ML AZUL ELEC,11,44.74
50133629,ACR LIQUI BASICS 118ML UNB. TITANIUM,11,267.24
50133712,CARTON C/ TELA RECT RODIN 30 X 40CM,11,68.97
50133863,BOLSA C/5 PUNTAS P/127/127EF 1.0 MM,11,142.24
50133919,MAR ACRI 1.5 MM/4 MM CERAMIC LIGHT,11,198.19
50133931,MAR ACRI TWIN 1.5 MM/4 MM FUCHSIA PINK,11,198.19
50013212,ROTAFOLIO ICE BOARD 90X70,11,3188.79
50053098,ROTAFOLIO E2,11,4606.9
50062956,REGLA ALUMINIO ECON 30 CM,11,23.19
50094804,CRAYON GRAFITO CON GOMA MOLDEA,11,104.41
50096227,ACRILICO C. VERDE PASTO 100ML,11,28.02
50101825,PINCEL DE CERDA BLANCA PLANO,11,80.6
50102858,CARTULINA 50X65 180GS GUALDA,11,19.74
50123277,BLOCK DIBUJO ESP CANSON XL NEGRO 40H A4,11,297.41
50123392,DILUYENTE PARA ACRILICOS POLITEC 120 ML,11,37.84
50125966,ACRILICO CARNE 30ML,11,28.02
50126068,MAGNETILIBROS NINOS CARAS LOCAS,11,318.1
50133536,OLEO WINTON 37ML ROJO OBSCURO NO 6,11,224.05
50133694,BLOCK DRAWING 200G 30 H 21 X 29.7 CM,11,237.07
50083275,DIAMANTINA CON PEGAMENTO AZUL,11,23.19
50123236,SET 4 PINC DELINEADORES SIMPLY SIMON,11,223.28
50123246,LIBRO DE DIBUJO 1 COSIDO 98 HJS216X279CM,11,395.69
50123420,BLISTER OLEO ATL 16 ML AZUL FLUOR NO 7,11,25.29
50129914,SET DE ARTE CON CABALLETE KUROMI,11,568.1
50131399,SET DE ARTE 54 PIEZAS KUROMI,11,568.1
50133540,OLEO WINTON 37ML SOMBRA NATURAL NO 35,11,224.05
50133544,OLEO WINTON 37ML VERDE VIRIDIAN NO 43,11,201.65
50094233,DIAMANTINA 6 COLORES BARRILITO,11,71.47
50101871,BLOCK P/MARCADOR A4 100H INDAR,11,387.07
50102868,CARTULINA50X65 180GS VDE LMN,11,19.74
50121787,LIBRETA DE DIBUJO CANSON SKETCH 80H,11,568.1
50124824,SELLOS AUTOENTINTABLES ONIX,11,16.38
50131335,BOLSA US REGALO,11,27.25
50133522,OLEO WINTON 37ML AZUL ULTRAMAR NO 21,11,224.05
50133598,ACR BASICS 118ML IVORY BLACK,11,267.24
50133750,BLISTER C/6 PASTEL PENCIL P/ESBOZO,11,491.29
50133953,MAR ACRI 1.5 MM/4 MM NEON ORANGE FLUOR,11,198.19
50134223,MARC DE DIBUJO MONO P/DETALLADO 3 P,11,323.28
50135249,ARTBOOK XL ACUARELA A4 300 G,11,508.54
50136607,SET PREESCOLAR CRAYOLA 49PZ,11,374.14
50063328,RGLA PLAST 30 CM SHATTER OMX,11,12.84
50086135,ANIMALES GRANJA C/ 5 PZAS,11,46.47
50087379,BLISTER BARRAS SANGUINA/ SEPIA,11,71.12
50111063,BOLSA FELICIDADES GRANDE CARTO,11,31.47
50118711,SET DE ARTE PRINCESAS,11,115.95
50123251,SET SKETCHBOOK COLORES 10PZ,11,590.52
50123378,ACR POLITEC HOBBY META CAFE 504 60 ML,11,42.16
50129251,PIN CONDOR CDEPOSITO AGUA PUNTA MEDIA,11,65.43
50133498,MEDIO MASCARILLADOR 75 ML NO 761,11,361.98
50133971,DRIPSTICK -S 3 MM ROLLERBALL 30 ML,11,137.84
50136959,NIEVE RODIN 100 ML,11,27.59
50137311,PD XL MIX MEDIA 11 X 14/60 SW,11,525
50138611,PUZZLE 3D ICONICS PORSCHE 911,11,602.59
50041395,ROTULADOR POINT 88 C/10,11,240.52
50101811,ACUARELA LIQUIDA AZUL C. 30ML,11,56.47
50113747,GISES PASTEL AL ACEITE 50 PZ,11,185.34
50121963,CARTULINA FLUORESCENTE ROSA 47.5X66CM,11,20.6
50123231,DALER ROWNEY SIMPLY SOFT PASTEL12,11,168.1
50126055,LAMINAS METALIZADAS - BARBIE,11,60.34
50132316,GLITTER 6 TUBOS 10ML,11,41.66
50133521,OLEO WINTON 37ML AZUL THALO NO 30,11,224.05
50133773,MAR ACRI 127HS 2 MM FUTURE GREEN,11,129.22
50133836,MAR ACRI 227HS 4 MM BLUE VIOLET PASTEL,11,172.33
50134215,TOMBOW DUAL BRUSH PRIMARIOS C/10 PZ,11,702.59
50134219,TOMBOW DUAL BRUSH LEMON SQUEEZY 6 P,11,422.33
50134227,TOMBOW DUAL BRUSH RETRATOS C/10 P,11,562.07
50041367,CARTULINA OPALINA 225GRS 5 PL.,11,84.4
50065068,FOAMI CARTULINA AMARILLO,11,28.45
50080695,BARNIZ DAMAR BOTELLA 125ML,11,57.33
50096203,ACRILICO VERDE BRILLANTE 100ML,11,28.02
50121964,CARTULINA FLUORESCENTE AMARILLA 47.5X66C,11,20.6
50123243,ART DESIGN C 12 LAPICES DEL 6B AL 4H,11,395.69
50126079,ART SET SONIC,11,231.9
50126231,OLEO 40ML AMARILO DE CROMO MEDIO,11,39.22
50133159,BLISTER C/10 PIEZAS GRAPHIC DERWENT,11,241.29
50133460,AC ART 5ML BLANCO DE TITANEO S-1 NO 644,11,206.81
50133485,AC ART 5ML AZUL WINSOR S-1 NO 707,11,206.81
50133792,MAR ACRI 127HS 2 MM LAGOON BLUE,11,129.22
50133806,MAR ACRI 127HS 2 MM SHOCK BLUE MIDDLE,11,129.22
50133844,MAR ACRI 227HS 4 MM NEON GREEN FLUOR,11,172.33
50017619,CARTULI IRIS 50X60 170 GS MANZANA,11,11.64
50021795,PINTARRON MIX ICE BOARD 60X90,11,843.97
50021964,TARJETA DE NAVIDAD XL .,11,21.98
50040480,BLOCK ENGO ARTE CH CLAS BC 20H,11,99.91
50064620,ACUARELAS 8 COLORES,11,71.47
50087407,FIJADOR BRILLANTE LATA 418ML,11,120.6
50091435,"BROCHAS DE ARTE BL/3 1/2, 2, 2",11,159.48
50096218,ACRILICO C. MARRON 100ML,11,28.02
50115938,STICKERS HAPPY PLACE CLASSIC,11,323.15
50121364,"""ALBUM INDART NG 29.7X21CM, 40H A4""",11,309.48
50123380,ACR POLITEC HOBBY META MORADO 534 60 ML,11,42.16
50125988,ALBUM INDART PRISMA GRISES A4,11,309.48
50128287,ART SET ONIX,11,231.9
50128722,ROMPECABEZAS 3D GLOBO 540PZAS,11,835.34
50133421,ACUARELA COTMAN 8ML NARANJA CADMIO 090,11,137.84
50133472,AC ART 5ML VERDE TERRA S-1 NO 637,11,206.81
50133768,MAR ACR 127HS 2 MM LAGO BLUE PASTEL,11,129.22
50134791,KIT CERAMICA PUERQUITO,11,90.52
50135784,MUN ARTE Y ACTI MINEECRAFT 54 PZS,11,568.1
50135810,MONO CAIREL KRYSTAL REY,11,8.54
50062953,COMPAS PRECISION SYSTEM MAPED,11,125
50087414,CEPILLO PARA LIMPIAR,11,59.4
50087415,TUBOS COLORES OLEOBLISTER C/6,11,202.59
50087421,LIMPIAPNCELES BIO10 75ML,11,47.84
50123383,ACR POLITEC HOBBY META AZUL 513 60 ML,11,42.16
50125971,ACRILICO MARRON 30ML,11,28.02
50126229,BASTIDOR BASICO TB 45X60,11,266.38
50133488,AC ART 5ML ROJO WINSOR S-1 NO 726,11,206.81
50133689,SET C/3 MARCADORES MOLOTOW LIQUID,11,961.21
50133697,BLOCK NOSTALGIE 190 GMS DIN A4 C/50 HJS,11,413.71
50133761,SET PIGMA MICRON C/6-NEGROS,11,344.74
50133811,MAR ACRI 127HS 2 MM METALLIC SILVER,11,129.22
50133960,MAR ACRI 1.5 MM/4 MM GREY BLUE LIGHT,11,198.19
50048160,LUPA DE LECTURA MAPED 75MM,11,99.05
50077651,CUCHARITA DE COLOR C/20PZAS,11,18.88
50102859,CARTULINA 50X65 180GS NARANJA,11,19.74
50113764,DINOSAURIOS DE PLASTILINA,11,490.52
50121571,LAPICES PASTEL 36 PIEZAS,11,1076.72
50126071,GRANJA - CUENTAS PARA ENHEBRAR,11,144.31
50133683,101 MARCADOR LIQUIDO CHROME I MM,11,224.05
50133758,KOI SKETCH BOX C/12 PAS Y PINCEL,11,456.81
50133777,MAR ACR 127HS 2 MM SKIN PASTEL,11,129.22
50134428,ROMPECABEZAS PAW PATROL 24 PC G,11,326.72
50134429,ROMPECABEZAS DINOSAURIOS 24 PC G,11,326.72
50065050,FOAMI CARTULINA NEGRO,11,28.45
50073788,PINTARRON PLANEADOR 40X60,11,533.62
50086879,CARTON CON TELA 30X40,11,69.4
50087443,SET ESPATULAS DE PLASTICO C/3,11,55.09
50091156,ACUARELAS EN PASTILLA 12,11,81.81
50108545,COLOR PETS DIVERSION EN BANERA,11,680.17
50111321,FLASH CARDS ABCD ESPANOL 60PZA,11,47.33
50121573,ESTUCHE C/16 COLORES Y SACAPUNTAS,11,585.34
50123381,ACR POLITEC HOBBY META VERDE 533 60 ML,11,42.16
50126271,PAPEL PRISMA 50X70CM 220G/M2 AMARILLO,11,17.156
50130752,COMBO DE 2 PZS AGENDA Y PINTARRON BLANCO,11,336.12
50133476,AC ART 5ML AMARILLO NAPOLES S-1 NO 422,11,206.81
50133600,ACR LIQUI BASICS 118ML NEUT GRAY 5,11,267.24
50133619,ACR LIQUI BASICS 118ML MEDIUM MAGENTA,11,267.24
50133637,MEDIO LX MATTE 473 ML,11,905.09
50133702,JGO. PINCEL SINT. BLANCO RODART MIX 7 PZ,11,159.48
50133864,BOLSA C/5 PUNTAS ACRILICO TWIN 1.5 MM,11,96.98
50133890,REFILL MOLOTOW 30 ML METALLIC SIL,11,211.21
50080143,CELOFAN IMPRESO 50X70 DISE#OS,11,21.12
50091150,BLOCK DIBUJO CANSON XL BRISTOL 50H A4,11,292.24
50096240,ACRILICO C. VERDE PINO 100ML,11,28.02
50101852,SOPORTE DE PLASTICO PINCELES,11,133.62
50115951,PEDESTAL GIRATORIO SLIM 90X120,11,6200
50118708,MUNDO DE ARTE Y ACTIVIDADES SON,11,284.05
50121568,MINI SET ACRILICO SIMPLY OIL,11,375
50129250,PIN CONDOR CDEPOSITO DE AGUA PUNTA FINA,11,65.43
50131398,SET DE ARTE 54 PIEZAS SONIC,11,284.05
50133483,AC ART 5ML MAGENTA S-3 NO 545,11,245.69
50137313,SIMPLY ACRYLIC 12X12 ML SET,11,280.17
50017632,CARTULI IRIS 50X60CM BLANCA JISS,11,21.47
50024403,PINTURA VINCI ROJO NARANJA,11,21.47
50087416,COLORES OLEO BLISTER C/12 TUBO,11,404.31
50101792,ACUARELA LIQYIDA IT. NGO 30ML,11,55.09
50115949,TABLERO ALFRA CORCHO 120X240,11,3293.25
50123228,AQUAFINE TRAVEL TIN 18,11,775
50123393,MEDIO IRIDISCE PARA ACRIS POLITEC 120 ML,11,72.33
50126223,BASTIDOR PROF. GALERIA 2 CARAS 40X60,11,395.69
50129912,PORTAFOLIO PREMIUM HARRY POTTER,11,688.79
50132311,GEOMETRICO FLEXY VIVEDEL 24 3,11,249.09
50133572,OLEO WINSOR 37ML ULTRAMAR S-1 NO 667,11,327.5
50133583,JGO OLEO WINTON C/10 21ML 618,11,1633.62
50133601,ACR LIQUI BASICS 118ML PHTHALO BLUE,11,267.24
50135801,ESTRELLA MICRO SURT BL/8,11,8.54
50138184,MO ARMADO ME MATE CON TE 1 PIEZA,11,21.47
50136717,LENTES SOL FOG POP FG 25 20 TRT,12,150.43
50136726,LENTES BLUE LIGHT PAYTON CHR,12,234.74
50129764,EFG FGLR2202 FLRL PRP 150,12,239.82
50138119,LIMPIADOR PINOL 9LTS,12,316
50109331,TOALLAS DESINFECTAN CN 550 PZA,12,949.75
50121620,SCOTCHGARD LIMPIADOR DE TELAS,12,99.57
50108117,CUBREBOCAS TRICAPA LISO BLANCO,12,1.724
50110407,JABON DE MANOS GEL DALMICK,12,85.78
50134037,SERVITOALLA PLUS 180 HD ELITE,12,25.43
50136730,LENTES LEC EFG MULTIV VMF 25 778 BLK 250,12,206.04
50088531,SENAL SISMO O INCENDIO 40X34CM,12,61.55
50131313,LINTERNA AMBIENTAL RECARGABLE SOLAR 250,12,0.0082
50135005,SEDALMERCK SACHET C4 TABS,12,24
50138354,FLEXOMETRO TULMEX 93008M 8M X 120MM,12,373.5
50112855,FGV NFG0468 MIRA PAS BLU+2.00,12,202.78
50136716,LENTES DISNEY MICKEY D MIC 22 01 600,12,85.78
50136731,LENTES LEC EFG MULTIV VMF 25 778 BLK 300,12,144.22
50138112,LUSTRADOR DE MUEBLES AEROSOL 2PCK 430 ML,12,217
50129750,FOG POP 24 72 VL BLK,12,309.48
50110402,JERGA TRAMO 50 X 1.00,12,22.25
50110403,GUANTES CLASICO NO 8 SPONYA,12,21.12
50138113,INSECTICIDA NARANJA 3 UNIDADES DE 430 ML,12,381.75
50138121,JALADOR LIMPIADOR MASTER 60CM,12,204.75
50138117,CLORALEX 10LLTS BLANQUEADOR,12,188.25
50107762,CARETA DE PROTECCION FACIAL,12,8.62
50109336,GUANTES POLIETILENO 100 PZAS,12,42.67
50136727,LENTES LEC EFG MULTIV VMF 25 778 BLK 100,12,144.22
50093430,GUANTE VERDE SILVERLINE POLIES,12,64.66
50136163,CINTA DE PELIGRO 7.5 CM X 300 MTS,12,114.05
50121623,PANO MICROFIBRA PREMIUM DE COLORES,12,38.795
50129774,EFG FGLR2016 WIN 350,12,202.78
50131427,VALVULAS PARA INFLAR BALONES,12,94.395
50074091,CAJA METALICA PARA LLAVES OMX,12,464.66
50110911,CUBETA DE PLASTICO NO. 14,12,42.67
50108877,DESINF Y SANITIZANTE 4 LITROS,12,412.5
50114137,E-GLASSES SHANE CLR,12,309.48
50119843,KIT DE PANO SPRAY Y DESATORNILLA,12,125
50088533,SENAL NO ESTACIONARSE 35X24,12,107.76
50088534,SENAL SE RENTA 34X50CM SIGEL,12,99.14
50136723,LENTES BLUE LIGHT ERIC BLK,12,335.34
50093216,KIT HIGIENE BUCAL COLGATE 3 PZ,12,45
50093429,GUANTE BLANCO SILVERLINE POLIE,12,68.1
50126086,BOTE DE BASURA SIMPLY ESSENTIAL,12,50.8625
50138664,DESPACHADOR HIGIENICO JR HUMO ECOP,12,305
50131428,BOMBA PARA INFLAR BALONES,12,81.47
50062002,CAJA PARA DINERO OFFICEMAX GDE,12,473.28
50136729,LENTES LEC EFG MULTIV VMF 25 778 BLK 200,12,144.22
50129770,EFG FGLR2016 WIN 150,12,239.82
50130525,GEL DE MANOS DHEA ANTIBACTERIAL 2 L,12,124.57
50110914,JALADOR DE PLASTICO 40 CM,12,42.67
50121646,SET BOLSAS ORGANIZADORAS 4 PIEZAS NEGRO,12,154.66
50119836,LENTES SOL FOG POP 23 10 RBLK,12,231.98
50138827,BASCULA DIG 40KG PANTALLA LCD,12,625
50110405,REPUESTO ESCOBA ABANICO,12,52.5
50120456,CREMA COFFE MATE CAJA 200 SOBRES,12,403.25
50108229,DESINFECTANTE Y SANIT 1 LITRO,12,34.14
50062001,CAJA PARA DINERO OFFICEMAX MED,12,387.07
50110404,REPUESTO MECHUDO ABSORBENTE,12,34.05
50138870,GUANTE CARNAZA COLOR MIEL UNITALLA,12,80
50108698,CLORO 6% 1 LITRO CASMOR,12,25.34
50136724,LENTES BLUE LIGHT NORIE SH CLR,12,234.74
50087281,GEL ANTIBACTERI SINBIOTIK 29ML,12,22.33
50088535,"SENAL ""SE VENDE"" 34X50CM SIGEL",12,99.14
50135002,ASPIRINA BLISTER CON 10 TABLETAS SACHET,12,24
50118779,CUTTER TIPO LLAVERO CON CUCHILL,12,10.34
50134039,BOLSA CESTERA LIMON 43X51 ROLLO 30 PZ,12,68.1
50122471,KLEENEX FACIAL SELLA PACK 15H,12,7.76
50136728,LENTES LEC EFG MULTIV VMF 25 778 BLK 150,12,206.04
50129753,FG POP 51696FCO BLU,12,309.48
50087282,FUNDA GEL ANTIBATER SINBIOTIK,12,38.36
50109306,GEL ANTIBACTERIAL 4 LITROS,12,343.75
50136751,LENTES LECT. EFG VLR 24 611 WIN 100,12,174.4
50129751,FG POP 41046FCO GUN,12,309.48
50136712,LENTES DISNEY STITCH DNY 25 155 BLU,12,85.78
50121619,SCOTCHGARD PROTECTOR DE TELAS,12,120.09
50088532,LETRERO ABIERTO-CERRADO SIGEL,12,107.76
50138120,AJAX 5 LITROS LIMPIADOR MULTIUSOS,12,309
50129752,FG POP FG 23 36 RBLK,12,278.54
50106464,LETRERO PISO MOJADO SILVERLINE,12,231.9
50110401,MECHUDO DE PABILO 400 GR,12,64.22
50135004,PEPTO BISMOL C4 TABS SACHET,12,24
50136711,LENTES DISNEY CARS S04611SDC440,12,85.78
50109330,CUBREBOCAS TRICAPA 50 PIEZAS,12,500
50134038,AROMATIZANTE FRUTAS ROJAS 400 ML WIESE,12,34.05
50136732,LENTES LEC EFG MULTIV VMF 25 778 BLK 350,12,206.04
50098146,CONTADORA DE BILLETES OFFICEMA,12,3016.38
50139170,RHINO BASCULA GRAMERA 3KG,12,727.32
50135000,CONTAC ULTRA C2 TABS SACHET,12,20
50138122,JUEGOS DE CEPILLO DE LIMPIEZA,12,268
50135003,ALKA SELTZER C2 TAB SACHET,12,16
50138115,KLEENEX COTONELLE EXTRA CONFT 32ROLLOS,12,708.75
50136722,LENTES SOL FOG POP FGM 25 560 GRY,12,150.43
50138114,DESINFECTANTE CRISP LINEN 3PACK 354G,12,145.67
50109351,LAMPARAS OBI DETECTORA,12,422.41
50138662,DESPACHADOR OVAL TOALLA INTER HUMO,12,369
50132146,CAJA DINERO METALICA MEDIANA 20 CM,12,163.36
50136721,LENTES SOL FOG POP FG 25 323 TRT,12,150.43
50136718,LENTES SOL FOG POP FG 25 42 NDE,12,150.43
50122461,CONTENEDOR EUROPEO 1100L,12,10430.17
50135001,RIOPAN C1 SOBRE SACHET,12,22
50038810,MICROFIBRA PRA LENTES SCOTCH,12,45.69
50110906,MASCARILLA KN95 NEGRA,12,18.25
50118783,CANDADO PLATEADO CILINDRO DE BR,12,74.91
50134041,LYSOL TOA DESINFECTANTE CITRUS C80 PZ,12,107.33
50138116,SERVILLETAS MEMERMARK 8 ROLLOS,12,451.5
50121658,LIMPIADOR DE TENIS GEL 120G,12,21.12
50138146,CAJA DE SEGURIDAD DE 5 PULG,12,861.21
50134040,PANO DE MICROFIBRA 37 X 50 CM,12,12.5
50136725,LENTES BLUE LIGHT NELLIE TEL,12,234.74
50136743,LENTES LECT. EFG PETER BRN 300,12,174.4
50138118,JABON EN POLVO ROMA 10KG,12,568.75
50116060,TECLADO TRUST ALAM NEGRO,14,292.24
50129310,MOUSE INALAMBRICO DELGADO NEG/REC NE412N,14,202.59
50129716,MOUSE DELL WM126 INALAMBRICO COLOR NEGRO,14,352.59
50121508,KASPERSKY PLUS 5 DISP 1 ANO,14,1292.24
50121836,AUDIFONOS AURUM OVER EAR PLATA,14,275.17
50137441,ANTIVIRUS BITDEFENDER INTERNET SEC 1YR 1,14,387.07
50138758,MEMORIA USB PINSTRIPE 32 GB USB 2.0.,14,142.24
50136353,MOUSE INALAMBRICO COMPACTO HP 230 NEGRO,14,275.17
50080995,CD-R VERBATIM IMPRIMIBLE 10PK,14,59.91
50100018,DISCO DURO TOSHIBA BASICS 2TB,14,2499.14
50058999,CD-RW 12X 700MB VERBATIM .,14,8.45
50133267,BITDEFENDER INTERNET SECURITY 1A 5U,14,739.14
50119883,CONJUNTO DE BOCINAS AVORA TRUST,14,410.34
50136351,TECLADO ALAMBRICO HP 150 NEGRO,14,206.21
50137736,PROYECTOR EPSON POWERLITE X49,14,12068.1
50122082,MOUSE OCELOT PAD INALAMBRICO SMARTPHONE,14,309.48
50138957,SSD ACER PREDATOR GM6 NVME 2TB,14,5547.46
50119870,KASPERSKY PREMIUM CUSTOMER 5D3CUENT 1Y,14,1000.86
50129917,LAPTOP ASUS VIVOBOOK CI3 8G 256 + MOCH,14,5602.59
50129925,MONITOR NEXTEP CURVO FHD 27 RESOLUCION,14,2464.66
50130924,MONITOR HP 23.8IN FHD,14,2240.52
50128970,AIO HP CI3 8/512GB 22 DG0000LA,14,2046.59
50138388,MEMORIA FLASH USB 64 GB 2 PACK,14,309.48
50123490,ASUS AIO ADVANCED M3402WFAK WA012W,14,2046.59
50137822,CURSO IA PARA PRINCIPIANTES COMPU EDU,14,999.14
50138759,MEMORIA USB PINSTRIPE 32 GB 3.0. NEGRO,14,142.24
50101327,MOUSE TECHZONE NEGRO PRISMA,14,72.16
50130202,LAPTOP HP AERO R5 16GB 512GB 13.3IN,14,13361.21
50101966,MOUSE PAD MANHATTAN DE GEL,14,206.04
50128952,TOSHIBA HDD CANVIO BASICS 1TB NEGRO,14,1464.66
50132322,MONITOR SAMSUNG S3 LED 24 HD FREESYNC,14,2000
50137936,LAPTOP IDEAPAD SLIM R5 8GB 512 SSD W11,14,9481.9
50109440,MICRO SD ADATA 64GB C10 SDHC,14,309.48
50112558,M365 BUS STNRD RTL 2021 $2520,14,2172.41
50127081,MOUSE GAMER NEGRO ALAMBRICO RGB XZEAL,14,51.47
50131393,M365 FAMILY,14,1981.9
50137555,MONITOR LG 34 PULG CURVO 34WR50QK,14,8746
50119892,MOUSE ECOLOGICO YVI AZUL TRUST,14,240.52
50137229,MOUSE INALAMBRICO HP 400 AZUL,14,413.1
50137937,LAPTOP LENOVO R7 16GB RAM 1 TB SSD W11,14,15085.34
50100147,COMBO TECHZONE TZ16 INAL NEGRO,14,232.24
50119877,KASPERSKYPREMIUM CUSTOMER20D 10CUENTS 2Y,14,4307.76
50119893,MOUSE ECOLOGICO YVI VERDE TRUST,14,240.52
50129409,MOUSE INALAMBRICO SILENCIOSO AZUL 25041,14,240.52
50129801,MOUSE INALAMBRICO RECARGABLE ERGONO TECH,14,507.76
50131396,M365 PERSONAL EXTRA TIME,14,1593.97
50139296,PANTALLA INTERACTIVA 32PULG VIEWSONIC,14,24136.21
50091776,COMBO LOGITECH MK120,14,330
50129302,TBLT GHIA VECTOR PLS 4GB 64GB AND13 BK,14,1349.14
50112598,MOUSEPAD PERFECT CHOICE 41078,14,223.28
50119890,MOUSE ECOLOGICO YVI NEGRO TRUST,14,240.52
50138686,TECLADO MICROSOFT SURFACE PRO 12,14,8619.83
50113008,WIRELESS KEYBOARD & MOUSE HP 330 NG,14,507.76
50121507,KASPERSKY PLUS 3 DISP 1 ANO,14,1007.76
50137940,HP PROONE 245 G10 ALLINONE,14,12829
50131638,COMBO TECLADO +MOUSE INALAMBRICO AZUL,14,337.24
50131630,MOUSE INALAMBRICO TECHZONE SLIM RS,14,231.9
50080996,DVD+RVERBATIM 4.7GB 120MIN IND,14,16.38
50118769,ANTIVIRUS BITDEFENDER INT SEC 1,14,189.48
50121503,KASPERSKY STANDARD 3 DISP 1 ANO,14,688.79
50122083,MOUSE OCELOT PAD DE TELA EXTENDIDO RGB,14,369.83
50119862,ANTIVIRUS KASPERSKY PLUS 5D 3CUENTKPM 1Y,14,1292.24
50127095,BASE ENFRIADORA NOTEBOOK VERTICAL,14,602.59
50131636,TECLADO ALAMBRICO TECHZONE OVAL MENTA,14,113.28
50137943,LAPTOP LENOVO INTEL C7 16GB 512 SSD W11,14,14223.28
50116930,PROYECTOR EPSON W01 BLANCO,14,11550.86
50129311,TECLADO Y MOUSE INALAMBRICO USB NE415,14,237.07
50131383,MOUSEPAD GATO CATS STUK,14,25.6
50138383,MEMORIA FLASH USB 3.2 GEN 128 GB GRIS,14,292.24
50119853,ANTIVIRUS KASPERSKY STANDARD 3D 1ANO,14,447.41
50121510,KASPERSKY PREMIUM 3 DISP 1 ANO,14,1154.31
50131371,TABLET GHIA A7 2GB RAM 32GB AND 11 RJ,14,739
50135890,LAPTOP HP OMBK7 AMD R5 AI 16GB 512GB PLT,14,16378.45
50137228,MOUSE INALAMBRICO HP 400 NEGRO,14,413.1
50096432,MOUSE HP INALAMBRICO 200 NEGRO,14,275
50137765,LAPTOP GAMING RTX 4050 C5 16 GB 512 GB,14,21550.86
50137926,SOPORTE UNIVERSAL BANDEJA PROYECTOR,14,2000
50116228,CD-R 52 X 700MB SOBRE INDIVIDU,14,16.38
50129922,MONITOR NEXTEP 21.5 FHD RESOLUCION,14,1343.97
50137462,LAPTOP HP 15 C5 8 GB 512 GB 15.6 PLATA,14,8619.83
50119860,ANTIVIRUS KASPERSKY PLUS 1D 1CUENTKPM 1Y,14,481.9
50138491,TECLADO MICROSOFT SURFACE PRO FLEX,14,8619.83
50112452,MEMORIA USB KINGSTON 128GB NEG,14,135.75
50119474,KIT LIMPIADOR DE TABLETS SILIMEX,14,71.9
50130540,LAPTOP LENOVO V14 16GB 512GB H9TA/KG3T,14,7412.93
50106493,MICRO SD KINGSTON 64GB C10,14,309.48
50136840,PROYECTOR VANKYO L570D CON ANDROID TV,14,5600
50119869,KASPERSKY PREMIUM CUSTOMER 3D 2CUENT 1Y,14,750
50122097,BASE AJUSTABLE LAPTOP O TABLET 15.6 PULG,14,138.8
50137301,AIO LENOVO 23.8IN R7 16 GB 512 GB BLANCO,14,13447.41
50118775,PROYECTOR LEISURE 495W,14,3188.79
50134707,BROBOTIX PRESENTADOR LASER 497356,14,293
50138887,MONITOR GAMER LG ULTRAGEAR G4 27 PUL,14,2920.25
50119871,KASPERSKY PREMIUM CUSTOMER10D 5CUENT 1Y,14,1809.48
50121506,KASPERSKY PLUS 1 DISPOSITIVO 1 AÃO,14,688.79
50125688,ESET NOD32 ANTIVIRUS 1 LICENCIA 1 A,14,490.52
50131397,OFFICE HOME STUDENT 2024 2649MXN,14,2283.62
50118428,MOUSE PAD RGB NASA,14,215.09
50131632,MOUSE INALAMBRICO TECHZONE SLIM BC,14,185.52
50137944,LAPTOP LENOVO INTEL C5 24GB 512 SSD W11,14,12068.1
50119863,ANTIVIRUS KASPERSKY PLUS10D 5CUENTKPM 1Y,14,1637.07
50131469,LAPTOP ASUS 14INCH CI3 8GB 512GB,14,6464.66
50137816,MEMORIA USB DAHUA 128 GB USB 3.0 PLATA,14,283.62
50138569,MOUSE INALAMBRICO NEGRO HP Z3700,14,250
50103475,MOUSE HP 200 INALAMBRICO,14,283.62
50109441,MICROSD ADATA 128GB C10 SDHC,14,576.72
50118768,ANTIVIRUS BITDEFENDER INT SEC 1,14,129.14
50119875,KASPERSKY PREMIUM SUPPORT 5D 3 CUENTS 2Y,14,1990.52
50125690,ESET NOD32 ANTIVIRUS 5 LICENCIA 1 A,14,1137.07
50129312,TECLADO Y MOUSE ALAMBRICO USB NE416,14,176.72
50129408,MOUSE INALAMBRICO SILENCIOSO NEG 25084,14,240.52
50137587,LAPTOP LENOVO V14 G4 INTEL C3 8GB 256GB,14,6550.86
50138869,NACEB SOPOR ESCRITORIO MONITOR 10 PULG,14,698.75
50113010,WIRELESS KEYBOARD HP 230 NEGRO,14,309.83
50119861,ANTIVIRUS KASPERSKY PLUS 3D 2CUENTKPM 1Y,14,655.17
50135743,M365 FAMILY SPANISH 1 YR,14,2299
50081003,DVD-R VERBATIM 4.7GB 16X,14,16.38
50122084,MOUSE OCELOT PAD DE TELA RGB,14,255.17
50138493,LAPTOP GAMING VICTUS R7 16 GB 512 GB SSD,14,15930.17
50134366,LAPTOP GAMER GHIA 15.6 FHD INTEL CORE I5,14,17154.31
50137535,LAPTOP HP R5 8GB 512 GB 15.6 PLATEADA,14,9912.93
50121486,COMBO TECLADO Y RATON HP 235,14,529
50136761,SSD KINGSTON SKC600 512G,14,2362
50135811,LAPTOP HP R5 8GB 512GB 15.6IN + M365 1Y,14,7757.76
50113009,WIRELESS KEYBOARD & MOUSE HP,14,775
50133264,ANTIVIRUS BITDEFENDER PLUS 1A 3U,14,428.79
50133258,VERBATIM DISCOS VIRGENES CDRW 4X50PZAS,14,783.5
50131629,ESTADO SOLIDO KINGSTON 1000GB SXS,14,2499.14
50138492,LAPTOP GAMING VICTUS C7 24 GB 1 TB SSD,14,23895.69
50137411,ANTIVIRUS ESET NOD32 2 LICÂ 1 ANO,14,440.52
50137833,AURICULARES LAMBO GAMING VENENO PRO,14,1723.28
50121485,PANTALLA 43 PULGADAS LED ROKU TV FULL HD,14,4235
50137566,LAPTOP ASUS CI5 8GB 512SSD 14IN W11 AZUL,14,8619.83
50138701,LAPTOP HP 240 G10 C3GD2AT CUSTOM16512,14,11699
50105850,ANTIVIRUS ESET NOD32 5L/1A,14,192.93
50111644,COMBO MOUSE Y TECLADO HP 230 NEGRO,14,516.55
50104781,DVD+R 4.7GB 120 MIN 16X 50PZS,14,318.1
50130684,TECLADO ALAMBRICO HP 125 USBA,14,331.5
50130918,SOPORTE MONITOR CRISTAL TRUST,14,516.38
50131631,MOUSE INALAMBRICO TECHZONE SLIM AZ,14,185.52
50132897,APUNTADOR LASER NEGRO 50M,14,180.52
50134408,LAPTOP LENOVO V14 14 PULG 83A0008MLM,14,5602.59
50131395,M365 FAMILY EXTRA TIME,14,1981.9
50131470,LAPTOP ASUS 14INCH CI5 8GB 512GB,14,5602.59
50131471,LAPTOP GAMING ASUS R5 16GB 512GB,14,14654.31
50137445,ANTIVIRUS BITDEFENDER TOTAL SEC MD 1YR 5,14,671.55
50135689,LAPTOP LENOVO IDEAPAD C7 24GB 1T 15 GRIS,14,15516.38
50127964,TECLADO ALAMBRICO STYLOS,14,123.45
50137764,LAPTOP GAMING RTX 3050 C5 16 GB 512 GB,14,17240.52
50131633,MOUSE ERGONOMICO RECARGABLE,14,90.26
50133263,BITDEFENDER ANTIVIRUS PLUS 1A 1U,14,283.97
50133269,BITDEFENDER TOTAL SECURITY MD 1A 5U,14,1137.41
50135095,LAPTOP IDEAPAD SLIM CI5 8GB 512GB 15.3 V,14,8188.79
50138666,TABLET LENOVO IDEA TABONE G85 MEDIATEK,14,2939
50134983,LAPTOP DELL R5 8GB 512 GB 15.6IN DC15255,14,7757.76
50137534,LAPTOP HP R7 16GB 512GB 15.6 PLATEADA,14,11637.07
50131670,LENOVO IDEAC AIO 23.8INCH CI5 8GB 512GB,14,14900
50134992,VERBATIM CDR BLANCO HUB IMPRIMIBLE C100,14,450
50114296,KASPERSKY S. CONECT. 1U 5 D,14,559.48
50131394,M365 PERSONAL,14,1593.97
50135927,LAPTOP LENOVO R3 8GB 512GB 15 IN AZ,14,7326.72
50116009,MEMORIA USB 128GB 2.0 PLATA,14,283.62
50136354,MOUSE BLUETOOTH HP 240 ROJO NEGRO,14,247.59
50135744,M365 PERSONAL SPANISH 1YR,14,1849
50137695,TECLADO LOGITECH PEBBE KEYS K380,14,746
50081006,CD-R VERBATIM 700MB 52X 80MIN,14,16.38
50119868,KASPERSKY PREMIUM CUSTOMER1D 1CUEN KPM1Y,14,560.34
50116003,MEMORIA MICRO SD STYLOS 16GB,14,61.55
50134364,MONITOR GHIA 23.8 PULG FULL HD MG2424,14,1457.76
50129847,HP MOUSE 200 WIRELESS BLUE,14,266.38
50135926,LAPTOP LENOVO CI3 8GB 512GB 15IN GR T,14,7757.76
50137230,MOUSE INALAMBRICO HP 400 ROSA,14,413.1
50138490,TABLET MICROSOFT EP2-27185 12OPULG,14,19999.14
50119884,BOCINAS CON ILUMINACION GXT611,14,602.59
50125691,ESET HOME SECURITY ESSENTIAL 1 LIC 1 A,14,551.04
50137933,PROYECTOR EPSON EPIQVISION V11HA85020,14,22700
50129407,MOUSE INALAMBRICO ERGONOMICO NEG 23507,14,516.38
50138385,MEMORIA FLASH USB 32 GB 3 PACK,14,387.07
50125689,ESET NOD32 ANTIVIRUS 3 LICENCIA 1 A,14,551.04
50131759,KIT TECLADO MINI MOUSE INALAM,14,337.24
50134629,LAPTOP LENOVO V15 15.6IN R5 8GB 512GB,14,8275
50135982,PANTALLA PORTATIL PROYECTOR 84 PULG,14,1800
50139015,SOPORTE LAPTOP PLEG VT KDM10,14,599
50130568,TECLADO ERGONOMICO SLIM USB 2.0,14,54.05
50128909,ASUS ALL IN ONE R3 8G 512SSD BLANCA,14,2046.59
50137300,AIO LENOVO 23.8IN CI3 8GB 512GB GRIS,14,9481.9
50129410,MOUSE INALAMBRICO SILENCIOSO VERDE 25042,14,240.52
50137567,LAPTOP ASUS TUF CI5 16G 512S 16IN W11 GR,14,17671.55
50139160,SAMSUNG GALAXY TAB A11 WUXGA,14,6150
50119891,MOUSE ECOLOGICO YVI ROJO TRUST,14,240.52
50127966,KIT TECLADO + MOUSE INALAMBRICO STYLOS,14,103.19
50133018,TAPETE PARA ESCRITORIO STITCH GAIRET,14,62.5
50081554,CARTUCHO BROTHER LC505 CYAN,15,90.09
50118328,MULTIFUNCIONAL COLOR HP ST 520,15,2585.34
50088303,CARTUCHO HP 664 TRICOLOR,15,266.38
50096180,CARTUCHO BROTHER LC3019C,15,559.48
50090593,CARTUCHO HP 954XL AMARILLO,15,1033.62
50090587,CARTUCHO HP 954 AMARILLO,15,602.59
50137002,CARTUCHO HP 711 AMARILLO CZ132A,15,850.25
50136898,MULTIFUNCIONAL EPSON ECO L4360 C WF DPX,15,5171.55
50087307,CARTUCHO HP 46 TRICOLOR,15,309.48
50102441,TINTA HP 904XL NEGRO,15,1395
50046100,CARTUCHO HP 21 NEGRO,15,130.6
50125937,CARTUCHO DE TONER MAGENTA TN229XLM,15,2016.47
50127139,MULTIFUNCIONAL BROTHER LASER DCPL2660DW,15,4012.11
50135876,MULTIFUNCIONAL XEROX VERSALINK C7130S,15,93140
50067172,CARTUCHO HP 122XL NEGRO,15,323.02
50069947,CARTUCHO HP 951 AMARILLO,15,602.59
50102439,TINTA HP 904XL MAGENTA,15,844
50071969,CARTUCHO HP 670 NEGRO,15,85.09
50102721,CARTUCHO HP 964XL MAGENTA,15,1025
50052284,CARTUCHO EPSON 90N NEGRO,15,37.845
50088615,CARTUCHO HP 664XL TRICOLOR,15,783.62
50102720,CARTUCHO HP 964XL CYAN,15,1025
50108120,CARTUCHO HP 667 TRICOLOR,15,266.38
50127140,TONER NEGRO DE HASTA 3000 PAG TN830XL,15,1464.66
50137365,MULTIFUNCIONAL EPSON ECOTANK L6370,15,7162.37
50071967,CARTUCHO HP 662XL TRICOLOR,15,740.52
50112513,MULTIFUNCIONAL EPSON ECO L3210 SN 835739,15,3447.41
50116683,CARTUCHO BROTHER LCY402BKS,15,516.38
50090582,CARTUCHO HP 954 NEGRO,15,869.83
50104710,KIT RECARGA TONER HP 103AD,15,556.04
50096181,CARTUCHO BROTHER LC3019M,15,559.48
50112540,MULTIFUNCIONAL EPSON ECO L3251 - L3251,15,4050.86
50108123,CARTUCHO HP 667XL NEGRO,15,783.62
50137719,IMPRESORA HP INK ADVANTAGE 2975,15,1550.86
50103330,TONER HP 105A NEGRO W1105A,15,1352.59
50066100,CARTUCHO HP 122 NEGRO,15,361.21
50096179,CARTUCHO BROTHER LC3019BK,15,956.03
50124976,IMPRESORAÂ HP INK ADVANTAGE 2875,15,1292.24
50139452,TONER SAMSUNG MLTD203U,15,3610
50116682,CARTUCHO BROTHER LC402XLYS,15,688.79
50124815,IMPRESORA HP SMART TANK 210,15,2585.34
50074122,BOTELLA EPSON T774120 NEGRO,15,129.05
50138141,CARTUCHO DE TINTA HP 668XL NEGRO 7FP39VL,15,662.93
50090584,CARTUCHO HP 954 CYAN,15,602.59
50090586,CARTUCHO HP 954 MAGENTA,15,602.59
50090589,CARTUCHO HP 954XL CYAN,15,1033.62
50124814,IMPRESORA HP LASERJET M111W,15,1895.69
50069944,CARTUCHO HP 950 NEGRO,15,175.6
50108318,TONER HP 48A CF248A NEGRO,15,1012.93
50108127,TONER HP LASERJET 215A NEGRO,15,947.41
50127141,TONER NEGRO DE HASTA 5000 PAG TN17,15,2068.1
50072729,TONER BROTHER TN-410 NEGRO,15,843.97
50102722,CARTUCHO HP 964XL YELLOW,15,1025
50125935,CARTUCHO DE TONER CIAN TN229XLC,15,2016.47
50069949,CARTUCHO HP 951XL CYAN,15,193.71
50064135,TONER HP 85A NEGRO CE285A,15,2137.07
50134272,MULTIFUNCIONAL HP LASERJET PRO M141W,15,3180
50087306,CARTUCHO HP 46 NEGRO,15,309.48
50088304,CARTUCHO HP 664 NEGRO,15,266.38
50116932,TINTAS 2PACK EPSON NEGRO T544,15,378.45
50116687,CARTUCHO BROTHER LC402XLCS,15,688.79
50060738,CARTUCHO HP 564 NEGRO,15,135.78
50122522,TONER HP NEGRO 154X ORIGINAL,15,121.29
50125934,CARTUCHO DE TONER NEGRO TN229XLBK,15,1550.86
50087469,MULTIFUNCIONAL BROTHER DCP1617,15,2857.37
50090588,CARTUCHO HP 954XL NEGRO,15,1352.59
50102438,TINTA HP 904XL CIAN,15,844
50116686,CARTUCHO BROTHER LC402XLBKS,15,1033.62
50069945,CARTUCHO HP 951 CYAN,15,602.59
50116931,TINTAS 2PACK EPSON NEGRO T504,15,473.28
50055393,CARTUCHO HP 60 TRICOLOR,15,775
50090591,CARTUCHO HP 954XL MAGENTA,15,1033.62
50111381,TONER HP 206A CYAN W2111A,15,1185.5
50137000,CARTUCHO HP 711 NEGRO CZ129A,15,1022.75
50116415,TONER HP 150A NEGRO W1500A,15,1266.38
50055392,CARTUCHO HP 60 NEGRO,15,602.59
50116410,MULTINFUNCIONAL BROTHER MFCJ69 SN.765891,15,7387.07
50138496,CARTUCHO BROTHER LC3017M MAGENTA,15,567
50103326,MULTIFUNCIONAL HP LASERM137FNW,15,3533.62
50116689,CARTUCHO BROTHER LC402XLMS,15,688.79
50125936,CARTUCHO DE TONER AMARILLO TN229XLY,15,2016.47
50138494,CARTUCHO BROTHER LC3017Y AMARILLO,15,481
50137001,CARTUCHO HP 711 CIAN CZ130A,15,828.75
50071964,CARTUCHO HP 662 NEGRO,15,266.38
50136978,MULTIFUNCIONAL HP SMART TANK 523,15,2585.34
50139068,TONER NGRO TOSHIBA E STUDIO,15,1354
50081555,CARTUCHO BROTHER LC505 MAGENTA,15,90.09
50081556,CARTUCHO BROTHER LC505 AMARILL,15,54.05
50138497,CARTUCHO BROTHER LC3017C CIAN,15,448
50069946,CARTUCHO HP 951 MAGENTA,15,602.59
50108122,CARTUCHO HP 667XL TRICOLOR,15,783.62
50125876,MULTIFUNCIONAL DIGITAL COLOR DCPL3560CDW,15,6550.91
50130260,MULTIFUNCIONAL BROTHER DCP-T530DW TINTA,15,3602.63
50138142,CARTUCHO TINTA HP 668XL TRICOLOR 7FP38VL,15,464.66
50088623,CARTUCHO HP 664XL NEGRO,15,818.1
50138353,CARTUCHO HP711 MAGENTA ORG 29ML,15,839.5
50112783,MULTIFUNCIONAL HP 750,15,5430.17
50118329,MULTIFUNCIONAL COLOR HP ST 580,15,3188.79
50138495,CARTUCHO BROTHER LC3017BK NEGRO,15,643
50069948,CARTUCHO HP 950XL NEGRO,15,512.5
50108126,TONER HP LASERJET 215A CYAN,15,609.83
50102440,TINTA HP 904XL AMARILLO,15,844
50108125,TONER HP LASERJET 215A AMARILO,15,609.83
50119899,CARTUCHO DE TONER BROTHER TN730 NEGRO,15,495.26
50127911,MULTIFUNCIONAL BROTHER LASER DCP-B7640DW,15,5322.46
50071965,CARTUCHO HP 662 TRICOLOR,15,266.38
50096182,CARTUCHO BROTHER LC3019Y,15,559.48
50081546,TONER HP 83A NEGRO CF283A,15,408.36
50090944,BOTELLA BROTHER BT6001 NEGRO,15,51.29
50063374,TONER HP 05A NEGRO CE505A,15,2240.52
50077004,TONER BROTHER TN-1060 NEGRO,15,930.17
50138140,CARTUCHO TINTA HP 668 TRICOLOR 7FP36VL,15,309.48
50061240,CARTUCHO HP 60XL NEGRO,15,689.22
50130259,MULTIFUNCIONAL BROTHER DCP-T230 TINTA,15,2111.47
50083785,TONER BROTHER TN-660 NEGRO,15,1300.86
50108121,CARTUCHO HP 667 NEGRO,15,266.38
50133116,CINTA ZEBRA YMCKO 280 IMAGENE ZXP SERIE3,15,1186.5
50071971,CARTUCHO HP 670 MAGENTA,15,85.09
50102713,CARTUCHO HP 964XL BLACK,15,981.9
50108124,TONER HP LASERJET 215A MAGENTA,15,609.83
50108866,TONER HP 58A CF258A NEGRO,15,2871
50130261,MULTIFUNCIONAL BROTHER DCP-T730DW TINTA,15,4503.49
50071966,CARTUCHO HP 662XL NEGRO,15,619.83
50108340,TONER BROTHER TN-B022 NEGRO,15,507.76
50112784,MULTIFUNCIONAL HP 720,15,4309.48
50136897,IMPRESORA INALAMBRICA EPSON ECO L1250,15,3102.59
50111384,TONER HP 206A MAGENTA W2113YA,15,710.78
50090713,CARTUCHO HP 974A PW AMARILLO,15,739.22
50071972,CARTUCHO HP 670 AMARILLO,15,85.09
50130262,MULTIFUNCIONAL BROTHER MFC-T930DW TINTA,15,5650.04
50083780,MULTIFUNCIONAL BROTHER 2540DW,15,3792.24
50092715,TONER HP 17A NEGRO CF217A,15,1861.21
50111382,TONER HP 206A AMARILLO W2112A,15,426.47
50128442,PORTALAPTOP BAG AIRPACK ROSA,16,861.21
50137282,BACKPACK TECHZONE COLORS LAPTOP ROSA,16,516.38
50133119,BACKPACK LAPTOP AIRPACK NEGRA YADATEX,16,1128.7
50137680,BACKPACK AIRPACK GRIS,16,947.41
50131182,BACKPACK ROJO CLOUD TOTTO,16,775
50097783,MALETIN NEGRO SNAP MAX SHUTTLE,16,516.38
50137278,BACKPACK TECHZONE COLORS LAPTOP ROSA,16,309.48
50125748,BACKPACK ISA AZUL OSCURO M TOTTO,16,1421.55
50131242,"""BACKPACK VENTURA 17"""" ROSA ORO SAMSONIT",16,1723.28
50131178,BACKPACK MORADA ADELAIDE 1 2.0 TOTTO,16,1895.69
50136665,BOLSA DE MANO NEGRA ZLIP 1818,16,602.59
50116642,BACKPACK GRIS INDO TOTTO,16,1292.24
50131166,BOLSA TOTE FLOR COLORS STUK,16,68.54
50137684,BACKPACK AIRPACK ROSA,16,947.41
50137687,BACKPACK AIRPACK ROJO,16,947.41
50129714,"MOCHILA SAMSONITE MYSIGHT NEGRO 15.6""",16,1723.28
50131165,BOLSA TOTE CIRCULOS COLORS STUK,16,68.54
50137679,BACKPACK AIRPACK ROJO,16,947.41
50131184,BACKPACK AZ MARN TABLET PC CBR 2.0 TOTTO,16,1292.24
50137689,BACKPACK AIRPACK AZUL,16,904.31
50137279,BACKPACK TECHZONE COLORS LAPTOP AZUL,16,309.48
50137682,BACKPACK AIRPACK AZUL,16,947.41
50132287,SAMSONITE ROCK OLD PINK CASUAL BACKPACK,16,947.41
50103491,BACKPACK AIRPACK LP25APK NEGRO,16,921.55
50130390,MOCHILA GRANDE CHENSON VERDE WAYNE,16,947.41
50137688,BACKPACK AIRPACK GRIS,16,904.31
50065039,"MALETIN TECHZONE 15.6"" NEGRO",16,542.24
50131181,BACKPACK BEIGE CLOUD TOTTO,16,775
50129715,"MOCHILA SAMSONITE MYSIGHT AZUL 15.6""",16,1723.28
50137678,BACKPACK AIRPACK ROSA,16,947.41
50116074,MOCHILA TOTTO INDO NEGRA,16,1292.24
50137681,BACKPACK AIRPACK NEGRO,16,947.41
50137685,BACKPACK AIRPACK GRIS,16,947.41
50119279,BACKPACK DEILY POSEIDON,16,1033.62
50127240,BACKPACK URBANIA GRIS,16,706.04
50137286,BACKPACK TECHZONE STYLE NEGRA,16,602.59
50131100,TOTE BAG DISENO GATO CATS STUK,16,68.54
50065027,"BACKPACK TECHZONE 15.6"" NEGRA",16,507.76
50121975,BACKPACK AMERICAN TOURISTER 15.6 AZUL M,16,947.41
50121974,BACKPACK AMERICAN TOURISTER 15.6 NEGRA,16,1119.83
50137284,BACKPACK TECHZONE COLORS LAPTOP AMARILLA,16,516.38
50130401,MOCHILA GRANDE CHENSON NEGRO RAMBO,16,775
50137690,BACKPACK AIRPACK GRIS,16,947.41
50136664,CROSSBODY ROSA ZLIP 1818,16,258.1
50137683,BACKPACK AIRPACK NEGRO,16,947.41
50125992,BACKPACK VENTURA 17 NEGRO,16,1723.28
50137686,BACKPACK AIRPACK NEGRO,16,947.41
50121778,MALETIN ECOLOGICO BOLOGNA AZ 26X37 16 P,16,378.45
50136667,BOLSA DE MANO ROSA ZLIP 1818,16,602.59
50132326,BACKPACK LAPT NEG ROJ GAMMA 5XT XTREM,16,1119.83
50136666,BOLSA DE MANO VERDE ZLIP 1818,16,602.59
50131712,FUNDA PARA LAPTOP STITCH MOOVING,16,288.79
50132210,BACK PACK GRD NGR RAMBO CHENSON PRO,16,1292.24
50133121,BACKPACK LAPTOP AIRPACK ROJA YADATEX,16,1128.7
50115906,BACKPACK SAMSONITE GUARDIT NG,16,1550.86
50131185,BACKPACK MORADA TOCAX TOTTO,16,559.48
50127243,BACKPACK URBANIA AZUL,16,706.04
50128441,PORTALAPTOP BAG AIRPACK AZUL MARINO,16,861.21
50127612,BACKPACK CLOUD NEGRO,16,775
50131189,BACKPACK AZUL TOCAX TOTTO,16,559.48
50132281,SAMSONITE HAMMER CARBON BLUE BACKPACK,16,1292.24
50137287,BACKPACK TECHZONE STYLE LAPTOP GRIS,16,602.59
50133118,MALETIN LAPTOP AIRPACK GRIS YADATEX,16,866.38
50127220,BACKPACK ECCENTRIK DONKEY,16,826.72
50131099,TOTE BAG DISENO FLORES CATS STUK,16,68.1
50131186,BACKPACK AZ C GRS TOCAX TOTTO,16,559.48
50131187,BACKPACK NEGRA TOCAX TOTTO,16,559.48
50136660,MOCHILA GRIS PORTA LAPTOP HOP 1818,16,516.38
50139149,FUNDA RIGIDA FINTIE MICROSOFT SURFACE,16,597.42
50116948,BACKPACK AIRPACK AZUL,16,637.07
50127249,BACKPACK URBANIA ROSA,16,635.43
50121795,MALETIN ECOLOGICO BOLOGNA NG 26X37 16 P,16,378.45
50137691,BACKPACK AIRPACK AZUL,16,947.41
50095386,"BACKPACK SAMSONITE 15.6"" IKONN",16,1981.9
50137283,BACKPACK TECHZONE COLORS LAPTOP AZUL,16,516.38
50136291,MULTIVERSO CHUYMINE,17,249
50118053,LIBRO SCRATCH 4 FUN,17,105
50128793,CONCENTRATE Y COLOREA MANDALAS BRILLANTE,17,224.1
50138727,GRAN FORMATO CUENTOS DE 10 MINUTOS,17,499
50135937,LIBRO PARA COLOREAR DISNEY EL REY LEON,17,119
50137791,PLAYHOUSE HANSEL Y GRETEL,17,299
50097833,COLECCION DIVERTITRAZOS,17,79
50127267,ESTOY TAN FELIZ LIBRO PARA DIAS MAGICOS,17,179
50131385,SEPARADOR DE LIBRO GATO CATS STUK,17,55
50136292,PACHITA,17,319
50137200,CREA Y DIVIERTETE UNICORNIOS,17,259
50130807,LISTOS PARA COMENZAR A APRENDER FIGURAS,17,55
50131547,ARTE ANTIESTRES STITCH,17,175
50100508,MICKEY ANTIESTRES AMIGOS,17,249
50132662,AUTOAYUDA NINOS MANTENTE LIMPIO,17,149
50132708,RESUELVE Y BORRA LIBRO DE SUMAS,17,299
50136268,ESTE DOLOR NO ES MIO IDENTIFICA,17,399
50138712,DE GRANDE QUIERO SER VETERINARIO,17,149
50138718,MI GRAN LIBRO DE RESPUESTAS DINOSAURIOS,17,229
50135959,TE QUIERO ABUELITO,17,109
50136267,INVISIBLE,17,389
50136308,EL GATO QUE AMABA LOS LIBROS,17,349
50136333,UNIVERSAL MONSTERS EL LIBRO OFICIAL,17,189
50137189,DESPRENDE Y EXPLORA LA GRANJA FELIZ,17,199
50137788,384 PAGINAS MI PRIMER LIBRO DE CUENTOS,17,349
50136270,EL MITO DE SISIFO,17,152.1
50136272,LAS BATALLAS EN EL DESIERTO,17,178
50136343,CUADERNO DE LETTERING Y CALIGRAFIA,17,299
50138713,BOTONES DE SILICON EL TIGRE HACE AMIGOS,17,199
50136304,EL GATO QUE VENIA DEL CIELO,17,219
50136332,TINY TORO FRIDA KAHLO,17,259
50137205,CIVILIZACIONES LA ANTIGUA GRECIA EN 3D,17,299
50137800,LEVANTA LAS TAPAS TREX,17,249
50106364,MANDALA RUGRATS ANTIESTRES,17,199
50116901,TRANSFORMA HERIDAS DE TU INFAN,17,179
50119556,EL MONJE QUE VENDIO SU FERRARI,17,189
50135952,TAPITAS CURIOSAS OCEANO,17,199
50136316,LA SOMBRA DEL VIENTO,17,429
50130806,LISTOS PARA COMENZAR A APRENDER COLORES,17,55
50136330,LAS NINAS SON GUERRERAS,17,299
50117529,EL CABALLERO DE LA ARMADURA OX,17,280
50127285,DESCUBRE LA MAGIA DE SER EXTRAORDINARIA,17,249
50132673,ESCENAS CON STICKERS PRIMER LIBRO GRANJA,17,99
50136339,MINECRAFT EL LIBRO DE LAS IDEAS,17,499
50137799,ALUMBRA Y DESCUBRE LA SELVA,17,249
50138722,MI PEQUENO LIBRO DE TEXTURAS ABC,17,249
50132675,ESCENAS STICKERS PRIMER LIBRO MASCOTA,17,99
50137793,LIGHT UP HUELLAS EN EL TIEMPO,17,279
50137805,MIS PRIMERAS 100 PALABRAS RUUUN,17,249
50138517,ALBUM HARD COVER MUNDIAL,17,329.8276
50138972,MANGA 100 STITCH,17,179
50118050,ESTIMULA TU MENTE,17,69
50136346,ANTIGUA ROMA,17,689
50138729,PRINCIPITO EL NEW COVER SMALL FORMAT,17,69
50128819,VIA NUMERICA LA GRANJA,17,199
50136327,JURASSIC WORLD EL LIBRO OFICIAL,17,189
50137811,LIBRO DE ROMPECABEZAS DEL ESPACIO,17,179
50128780,ALAS DE HIERRO EMPIREO 2,17,398
50136309,MOMO COLECCION ALFAGUARA CLASICOS,17,419
50137095,BUSCA Y DESCUBRE BLUEY,17,299
50137201,10 DINOSAURIOS INQUIETOS,17,289
50117306,CIEN ANOS DE SOLEDAD (2015),17,258
50136281,EL ARTE DE AMAR,17,179
50117329,EL PLACEBO ERES TU,17,325
50117635,EL AMOR EN LOS TIEMPOS DEL COL,17,258
50136264,EL ULTIMO SECRETO,17,449
50118453,EJERCICIOS MATEMATICOS 5,17,79
50131549,EJERCICIOS DE ORTOGRAFIA 5 PRIMARIA,17,79
50135942,VAMOS A VER EL MUNDO,17,189
50136288,ERES EL AMOR DE MI OTRA VIDA,17,388
50137202,10 UNICORNIOS MAGICOS,17,289
50138723,MI PEQUENO LIBRO DE TEXTURAS LOS COLORES,17,249
50134724,ABREMENTE EDAD 6-7 NUEVA IMAGEN,17,129
50134728,ABREMENTE EDAD 3-4 NUEVA IMAGEN,17,129
50137174,DISNEY LA BELLA Y LA BESTIA,17,129
50028891,REVISTA ERES .,17,23
50134292,ANTES DE QUE SE ENFRIE EL CAFE,17,279
50137199,CREA Y DIVIERTETE DINOSURIOS,17,259
50097439,ONIX COLORLAND,17,159
50136325,RAYUELA,17,419
50136344,ESCUELA DE DIBUJO MANGA,17,599
50137092,CUENTOS Y PLUMONES POKEMON,17,249
50137798,ALUMBRA Y DESCUBRE LA GRANJA,17,249
50131550,ARTE ANTIESTRES EL EXTRANO MUNDO DE JACK,17,179
50136317,SAPIENS DE ANIMALES A DIOSES,17,489
50135951,TAPITAS CURIOSAS COLORES,17,199
50137196,3D GENIAL MASCOTAS ADORABLES,17,249
50134289,HABITOS ATOMICOS,17,399
50136277,TERAPIA PARA LLEVAR,17,299
50137789,MIS PRIMERAS 1000 PALABRAS,17,299
50138715,BOTONES DE SILICON MI DIA,17,199
50119603,TESORO DE CUENTOS DISNEY FROZEN,17,299
50134730,ABREMENTE EDAD 2-3 NUEVA IMAGEN,17,129
50033049,DICCIONARIO BASICO INGLES-ESP,17,119
50136324,FIVE NIGHTS AT FREDDYS 1 LOS OJOS,17,419
50137807,MI KIT PORTATILCON CRAYONES ELEFANTE,17,199
50137813,PRESIONA PARA VER LA LUZ SIRENAS,17,159
50138516,ALBUM SOFT COVER MUNDIAL,17,99
50118052,WATERPEN BELY BETO,17,109
50122645,EL PODER DEL AHORA,17,319
50128792,COMO HACER QUE TE PASEN COSAS BUENAS,17,348
50135939,LIBRO PARA COLOREAR DISNEY MICKEY,17,119
50136337,LA INCREIBLE HISTORIA DE LA ABUELITA,17,369
50137797,ALUMBRA Y DESCUBRE EL BOSQUE,17,249
50138728,GRAN FORMATO MI 1 LIBRO PARA DORMIR,17,499
50096732,MANDALA EL PODER DE LAS CHICAS,17,199
50117407,LOS SECRETOS DE LA MENTE MILLO,17,430
50136329,CULPABLES 1 CULPA MIA,17,439
50137177,AMIGUITOS SUAVE RUID Y CURIO EL UNICORN,17,139
50137810,LIBRO DE ROMPECABEZAS DE HADAS,17,179
50138719,CLASICOS DIARIO DE ANA FRANK,17,249
50118058,LIBRO COLOREAR GIS FANTASIA,17,55
50122640,ENCUENTRA TU PERSONA VITAMINA,17,328
50127279,MPL DINOSAURIOS,17,179
50128470,MONTESSORI LABORATORIO EN CASA,17,319
50136326,LA TEORIA DEL TODO,17,249
50117372,EL JARDIN DE LAS MARIPOSAS,17,398
50119564,TIENDE TU CAMA Y OTROS PEQUENOS,17,198
50128820,VIA NUMERICA UNICORNIOS,17,199
50134293,SI LO CREES LO CREAS,17,229
50136311,MASAJE CEREBRAL,17,249
50137171,DISNEY COLECCION DE ORO CLASICOS,17,129
50135935,LIBRO PARA COLOREAR REST Y RELAX,17,149
50135946,MI PEQUE LIBRO DE ROMPECABEZAS GRANJA,17,149
50136275,PEDRO PARAMO,17,169
50136310,STITCH DESTROZA ESTE LIBRO,17,299
50136338,COLOREANDING MEXICO,17,179
50137180,APRIETA APLASTA CHILLA A LA CAMITA OVEJ,17,199
50137182,APRIETA APLASTA CHILLA SOY LAGARTO Y NO,17,199
50121931,DESCUBRE A LOS MEJORES AMIGOS,17,229
50132650,10 SONIDOS EL LIBRO DE LA SELVA,17,269
50135949,RECORRE EL MUNDO DE LOS DINOSAURIOS,17,199
50138710,DE GRANDE QUIERO SER BOMBERO,17,149
50138716,MI GRAN LIBRO DE RESPUESTAS COMO FUNCIO,17,229
50135936,LIBRO PARA COLOREAR SWEET LIFE,17,149
50138721,MI PEQUENO LIBRO DE TEXTURAS 123,17,249
50117599,DEJA DE SER TU,17,379
50132664,AUTOAYUDA NINOS ENFRENTA TUS MIEDOS,17,149
50136345,UNIVERSO,17,629
50118460,GRAN LIBRO CIENCIAS MONTESSORI,17,319
50135958,TE QUIERO ABUELITA,17,109
50128798,ENCICLOPEDIA PARA NINOS LOS ANIMALES,17,249
50136303,EL ARTE DE SER NOSOTROS,17,399
50136328,MURDLE RESUELVE EL CRIMEN,17,378
50137806,MI KIT PORTATILCON CRAYONES PARA COLOR,17,199
50131539,PREESCOLAR MATEMATICAS 2,17,59
50134729,ABREMENTE EDAD 10-11 NUEVA IMAGEN,17,129
50136282,EL LIBRO DE BILL,17,298
50133010,LIBRO STITCH 24H ACUARE FINGPRINT GAIRET,17,135
50136295,RECUPERA TU MENTE RECONQUISTA TU VIDA,17,359
50136307,LA TREGUA,17,219
50135957,MAS EMOCIONES TE ABRAZO,17,119
50136314,EL SENOR DE LAS MOSCAS,17,365
50128788,BRILLA EN LA OSCURIDAD ANIMALES,17,199
50135955,LIBRO PARA ASOMARSE Y VER AMO A MI MAMA,17,149
50136266,NO TE CREAS TODO LO QUE PIENSAS,17,249
50138714,BOTONES DE SILICON LOS AMIGOS Y VEHIC,17,199
50094953,MANDALA DISNEY VILLANOS 128PGS,17,259
50135931,LIBRO CON PIZARRON ELECTRONICO DISNEY JU,17,399
50135944,VAMOS AL ESPACIO,17,189
50136269,NO ME LLAMES LOCA,17,399
50137098,MI PRIMER LIBRO CON TEXTURAS BLUEY,17,199
50137792,PLAYHOUSE RICITOS DE ORO Y LOS TRES OSOS,17,299
50116176,BOTADERO CLASICOS INFANTILES,17,59
50122658,LA HIPOTESIS DEL AMOR,17,319
50122660,MUNDO DE SOFIA POCKET,17,299
50132695,LISTOS PARA LA ESCUELA COCODRILO,17,149
50136287,RAIZ QUE NO DESAPARECE,17,299
50096746,MANDALA FROZEN ANTIESTRES,17,199
50134723,ABREMENTE EDAD 5-6 NUEVA IMAGEN,17,129
50136319,MATILDA COLECCION ALFAGUARA CLASICOS,17,259
50137094,LIBRO DE ACTIVIDADES STITCH,17,179
50117426,AURA,17,161
50132660,APRENDE A DIBUJAR PASO A PASO VEHICULOS,17,129
50136276,TD EL DIARIO DE ANA FRANK,17,199
50137802,MIS PRIMERAS 100 PALABRAS GRANDE Y PEQUE,17,249
50136306,LA DISCIPLINA MARCARA TU DESTINO,17,399
50096743,MANDALA BESTIARIO FANTASTICO A,17,199
50137172,DISNEY COLECCION DE ORO EL REY LEON,17,129
50137814,PRESIONA PARA VER LA LUZ UNICORNIOS,17,159
50138971,MANGA TINKER BELL,17,179
50137801,LEVANTA LAS TAPAS TRICERATOPS,17,249
50033048,DICCIONARIO SCHOOL INGLES-ESP,17,129
50132705,RESUELVE Y BORRA LIBRO DE DIVISIONES,17,299
50137186,CONSTRUYE EN 3D ANIMALES,17,199
50137786,SUPERVIVIENDO,17,269
50128774,10 FABULOSOS CUENTOS DE LA GRANJA,17,299
50134731,ABREMENTE EDAD 11-12 NUEVA IMAGEN,17,129
50136340,GUIA VISUAL DEL MUNDO POKEMON,17,419
50137183,CONSTRUYE EN 3D DINOSAURIOS,17,199
50130804,LISTOS PARA COMENZAR A APRENDER NUMEROS,17,55
50134722,ABREMENTE EDAD 4-5 NUEVA IMAGEN,17,129
50136285,LA TEORIA LET THEM LA CLAVE ESTA,17,349
50136302,COMO MANDAR A LA MIERDA DE FORMA EDUCADA,17,319
50064345,DICCIONARIO EDUCATIVO ESCOLAR,17,139
50117564,TEMPORADA DE HURACANES,17,219
50118057,CRAYITOONS NINO GIS,17,46.8
50122650,EL PRINCIPITO TD,17,148
50132674,ESCENAS CON STICKERS PRIMER LIBRO JUNGLA,17,99
50133008,LIBRO STITCH MINI 32H CRAYOLAS GAIRET,17,135
50138720,CLASICOS EL ARTE DE LA GUERRA,17,249
50117596,EL HOMBRE EN BUSCA DE SENTIDO,17,285
50136293,EL LLANO EN LLAMAS,17,129
50137191,DESPRENDE Y EXPLORA UN PASEO PREHISTORI,17,199
50137193,COLOREA POR PUNTOS DISNEY PRINCESA,17,229
50137195,3D GENIAL EN LA OBRA,17,249
50128795,ENCICLOPEDIA PARA NINOS EL CUERPO HUMANO,17,249
50114016,365 CUENTOS PARA SONAR,17,539
50117567,LA BIBLIOTECA DE LA MEDIANOCHE,17,445
50131542,EJERCICIOS DE ORTOGRAFIA 2 PRIMARIA,17,79
50130882,EL PRINCIPITO ARTE ANTIESTRES,17,149
50134291,DESFIBRILADOR INFANTIL Y JUVENIL,17,268
50080322,DORA LA EXPLORADORA ES HORA,17,59
50117421,LA MAESTRIA DEL AMOR,17,350
50130808,LAS EMOCIONES DE LOS NINOS MONTESSORI,17,349
50136280,LA PSICOLOGIA DEL DINERO,17,349
50137190,DESPRENDE Y EXPLORA SAFARI EN LA SELVA,17,199
50121930,DESCUBRE A LOS MAS VILLANOS,17,229
50134726,ABREMENTE EDAD 8-9 NUEVA IMAGEN,17,129
50136323,CHARLIE Y LA FABRICA DE CHOCOLATE,17,259
50137173,DISNEY COLECCION DE ORO FROZEN,17,129
50117369,LA CANCION DE AQUILES,17,445
50128781,ALAS DE SANGRE EMPIREO 1,17,398
50135950,RECORRE EL UNIVERSO Y LOS PLANETAS,17,199
50137179,LAMPARA MAGICA EL HIPOPOTAMO HAMBRIENTO,17,189
50138711,DE GRANDE QUIERO SER POLICIA,17,149
50106365,MANDALA SPLAT ANTIESTRES,17,199
50132678,ESFERICO EL EXTRAORDINARIO MUNDO,17,249
50136342,EL LIBRO DE LOS ANIMALES,17,469
50137790,PLAYHOUSE CAPERUCITA ROJA,17,299
50136315,EL ALQUIMISTA BIBLIOTECA PAULO COELHO,17,199
50138709,DE GRANDE QUIERO SER DOCTOR,17,149
50134725,ABREMENTE EDAD 7-8 NUEVA IMAGEN,17,129
50130881,ARTE ANTIESTRES ANITA MEJIA,17,199
50136265,QUERIDA YO TENEMOS QUE HABLAR,17,229
50136318,MINECRAFT EL LIBRO OFICIAL PARA COLOREAR,17,189
50136348,CHINA IMPERIAL,17,749
50116155,MANDALAS BRILLANTES: NOCHES CE,17,189
50117352,CORALINE,17,379
50136341,LO QUE LOS LIBROS DE HISTORIA DEL ARTE,17,499
50137787,384 PAGINAS CUENTOS CLASICOS,17,349
50022961,REVISTA EMPLOYER DEMEXICO .,17,15
50033047,DICCIONARIO POCKET INGLES-ESP,17,129
50106731,MUCHAS VIDAS MUCHOS MAESTROS,17,259
50131386,SEPARADOR DE LIBRO COLORS STUK,17,23.71
50136279,EL CAMINO DEL ARTISTA,17,389
50136298,COMO SER UN ESTOICO,17,319
50116167,MI PLUMA GURADA MIS SECRETOS,17,179
50130797,DESCUBRE EL SECRETO DE LAS PRINCESAS,17,219
50135945,MI PEQUE LIBRO DE ROMPECABEZAS COLORES,17,149
50128789,BRILLA EN LA OSCURIDAD DINOSAURIOS,17,199
50137203,4 MODELOS 3D LIBRO DE DINOSAURIOS,17,299
50128484,GRAFOMANIA 2,17,99
50132669,DIVIERTETE DIBUJANDO DINOSAURIOS,17,199
50137187,DESPRENDE Y EXPLORA BOMBEROS AL RESCATE,17,199
50137796,ALUMBRA Y DESCUBRE DINOSAURIOS,17,249
50138717,MI GRAN LIBRO DE RESPUESTAS ANIMALES,17,229
50138724,CLASICOS MUJERCITAS,17,349
50080321,DORA LA EXPLORADORA VAMOS A,17,59
50137197,LEVANTA LAS TAPAS BRACHIOSAURUS,17,249
50137804,MIS PRIMERAS 100 PALABRAS MI MUNDO,17,249
50134290,TAN POCA VIDA NARRATIVA,17,599
50136289,CUANDO NO QUEDEN MAS ESTRELLAS QUE CONTA,17,399
50136335,TINY TORO CLAUDE MONET,17,259
50137097,LIBRO PREESCOLAR DE FIELTRO BLUEY,17,179
50132684,INICIACION A LA LECTURA PINOCHO,17,79
50136297,LA GENERACION ANSIOSA,17,349
50137184,CONSTRUYE EN 3D NAVES ESPACIALES,17,199
50137204,CIVILIZACIONES EL ANTIGUO EGIPTO EN 3D,17,299
50117578,DESTROZA ESTE DIARIO,17,269
50137194,3D GENIAL EN LA GRANJA,17,249
50137198,LEVANTA LAS TAPAS STEGOSAURUS,17,249
50137809,MI KIT PORTATILCON CRAYONES OSO,17,199
50118457,GRAN LIBRO BILINGUE MONTESSORI,17,319
50136274,LAS MUJERES QUE AMAN DEMASIADO,17,319
50137794,LIGHT UP MASCOTAS DIVERTIDAS,17,279
50112697,CUATRO ACUERDOS,17,289
50135954,LIBRO PARA ASOMARSE Y VER AMO A MI ABUE,17,149
50136296,COMO GANAR AMIGOS E INFLUIR,17,249
50136301,ALAS DE ONIX EMPIREO 3,17,399
50128481,TAREAS PAPEL Y TIJERAS 3,17,99
50136313,GRAVITY FALLS DIARIO 3,17,398
50136349,EL LIBRO DE LAS FLORES Y LOS ARBOLES,17,599
50094956,MANDALA DISNEY ESTRELLAS PIXAR,17,259
50135938,LIBRO PARA COLOREAR DISNEY FROZEN II,17,119
50136278,LOS JUEGOS DEL HAMBRE AMANECER,17,489
50137100,SET DE ROMPECABEZAS Y ACTIVIDADES BLUEY,17,299
50135929,LIBRO CON PIZARRON ELECTRONICO AMIGOS,17,399
50135941,VAMOS A DESCUBRIR DINOSAURIOS,17,189
50136300,COMO AGUA PARA CHOCOLATE COMO AGUA,17,349
50136305,LA CLASE DE GRIEGO,17,299
50138973,VITRALES DISN-VALOR DE SEGUIR TUS SUENOS,17,189
50096744,MANDALA TSUM TSUM ANTIESTRES,17,199
50136273,LA VEGETARIANA,17,289
50137188,DESPRENDE Y EXPLORA LA FIESTA DE LOS UNI,17,199
50137803,MIS PRIMERAS 100 PALABRAS GRANJA,17,249
50128482,SILABARIO,17,99
50094954,MANDALA DISNEY PRINCESAS ENCAN,17,259
50136299,EN AGOSTO NOS VEMOS TD,17,349
50137178,LAMPARA MAGICA EL BEBE DINO Y SUS AMI,17,189
50117308,UN RENACUAJO,17,329
50135943,VAMOS A VER POR DENTRO EL CUERPO,17,189
50094439,JUMBO COLOREAR PRECOLAR BILING,17,59
50118054,LIBRO WOODY CRAFTS,17,99
50128796,ENCICLOPEDIA PARA NINOS EL ESPACIO,17,249
50134727,ABREMENTE EDAD 9-10 NUEVA IMAGEN,17,129
50137093,MI 1 LIBRO CON TEXTURAS DISNEY STITCH,17,199
50137176,AMIGUITOS SUAVE RUID Y CURIO EL TIGRE RA,17,139
50135953,TAPITAS CURIOSAS EN LA GRANJA MUU,17,199
50135940,LIBRO PARA COLOREAR DISNEY TOY STORY,17,119
50136336,FOLIO 27 X 34 MEXICO,17,799
50137808,MI KIT PORTATILCON CRAYONES GATO,17,199
50103011,JUMBO COLOR COLECCION,17,59
50137096,LIBRO MAGNETICO BLUEY,17,249
50137099,MINI LIBRO MAGNETICO BLUEY,17,199
50137175,AMIGUITOS SUAVE RUID Y CURIOS CUATESAURU,17,139
50107219,LIBRO INTEGRADO 5O PRIMARIA,17,229
50136286,CADAVER EXQUISITO,17,349
50136322,EL PERFUME,17,278
50137795,LIGHT UP SONIDOS SALVAJES,17,279
50036744,TABLA PERIODICA D LOS ELEMENT.,17,30
50094955,MANDALA DISNEY AMIGOS DE PELIC,17,259
50135948,RECORRE EL CUERPO HUMANO,17,199
50136347,LA SUPERENCICLOPEDIA DE TODAS LAS COSAS,17,469
50137181,APRIETA APLASTA CHILLA PESTOSAURIO PESTI,17,199
50137812,LIBRO DE ROMPECABEZAS DEL UNICORNIO,17,179
50128480,TAREAS PAPEL Y TIJERAS 2,17,99
50137192,COLOREA POR PUNTOS DISNEY CLASICOS,17,229
50045422,DICCIONARIO POCKET FRA-ESPANOL,17,209
50136283,MEDITACIONES,17,199
50137185,CONSTRUYE EN 3D UNICORNIOS,17,199
50138974,VITRALES DISNEY UNA DOSIS DE MALDAD,17,189
50122653,DESTROZA ESTE DIARIO AHORA A TODO COLOR,17,309
50136334,COSAS QUE PIENSAS CUANDO TE MUER,17,378
50138975,STAR COLORING MENSAJITOS DE FELICIDAD,17,199
50135947,MI PEQUE LIBRO DE ROMPECABEZAS PALABRAS,17,149
50065682,DULCE COCO JUMBO COCOY 80GR,18,45
50093605,CHETOS TORCIDITOS 48 GR,18,24.9
50120449,LENGUA SPLASH 40G,18,49
50130599,MOCHILA MARRON NYLON BEARPAW,18,247.97
50131300,DIFUSOR DE ESCRITORIO DISCO,18,107.33
50131319,WINIS BOLO,18,24.5
50131608,PUREZA CAJA 16 SOBRES 19.2 GRAMOS,18,59.91
50133173,SQUISHY BOB ESPONJA,18,64.22
50113895,CABLE CARG UGREEN USB A LIGHTN,18,180.6
50124844,GLOBO MET LETRAS HAPPY BDAY SILVER,18,137.84
50124878,GLOBO MET GB ESTRELLA SILVER,18,16.38
50130800,THE WIZARD'S LIBRARY 50,18,204.5
50134742,CANDY POP MM MINIS POPCORN 28GR,18,30.26
50077131,MALVAVISCO MINI,18,17
50082216,CANELITAS 9PZ 90GR,18,29.9
50120450,SQUEZZE 20G,18,19
50120451,BAKERY SHOPPE BAG,18,69
50124872,GLOBO MET PAW PATROL 17IN,18,3.28
50130484,CONAIR ORGANIZADOR PORTATIL,18,77.33
50028052,CHOCOLATES BITES C/ALMENDRAS,18,35
50059097,GOMITAS LIFESAVERS WILDBERRIES,18,159
50082223,DONITAS ESPOLVOREADAS 6P 105GR,18,29.9
50113894,UGREEN CABLE USB C A LIGHTNING,18,180.6
50119264,TRIDENT EVUPLOF 18S MENTA MX FOP 30.6 GR,18,29.9
50125837,INVITACION BABY SHOWER CIG TURQUESA,18,8.19
50132405,BARCEL TAKIS ORIGINAL 56G,18,18.97
50134637,RIMEL CRAZY SEX ACEITE DE UVA,18,25.43
50135343,GLOBO CORAZON PLATEADO 18IN,18,16.38
50135345,GLOBO CORAZON ROSE GOLD 18IN,18,16.38
50125829,BORLA ROSA PASTEL,18,12.93
50135600,CHEETOS POFF MB GD 40GRX50X1,18,22.42
50137931,VASO MEDIDOR MULTIUSOS 30ML,18,230
50128978,SABRITAS RECETA CRJ FLAMIN HOT 57 GR,18,24.91
50129422,GORRO DUENDE NAVIDAD,18,15.26
50105481,DORITOS NACHO BOTANOTA 82 GR,18,35
50129730,PEINE OVALADO AZUL C/240,18,29.74
50132789,ORBZ MET PURPLE MARBLEZ,18,42.67
50134968,LETREROS PARA TODA OCASION 1 PIEZA,18,16.38
50082218,POLVORONES 6PZ 113GR,18,29.9
50106523,GOMITAS E-FRUTTI BURGERXXL 50G,18,49.9
50124866,GLOBO MET HOLO ORGULLOS DE TI GRADUADO,18,30.09
50124926,GLOBO LATEX PASTEL SURTIDO 36PZ 9IN,18,29.74
50124951,MANTEL UNICORNIO 1 PIEZA,18,38.36
50131378,SPARKLERS HAPPY B DAY LETRAS DORADAS,18,36.21
50137107,EFRUTTI STRAWBERRY CLOUDS 80GR,18,36.21
50080728,MINI BURGER,18,69.9
50104206,PINA ENCHILADA,18,149
50113880,UGREEN CARGADOR 18W CARGA RAP,18,141.81
50124958,ADORNO MOVIL SOCCER,18,34.05
50124965,TENEDOR BLANCO C 20 PZ,18,25.43
50127665,WARHEADS CUBOS 70G,18,35
50130799,PARIS MINI ROMPECABEZAS,18,64.5
50137110,BON O BON CLASICO 60GR,18,27.59
50130575,PAR BOTELLAS VIAJE AZUL SILICON,18,64.22
50135030,VELAS FELIZ CUMPLE MULTICOLOR,18,68.1
50129712,BBS BAL TY COLBY RATON,18,48.88
50130546,PILAS ALCALINAS AAA PACK 4,18,25.43
50138739,PELUCHE DANGLER CHUCKY 4 IN UNIVERSAL,18,187.54
50060616,GOMITAS LIFESAVERS 5SAB ORIGIN,18,159
50116057,MANTECADAS VAIN 6P 188G BIMBO,18,34.9
50124869,GLOBO MET MARVELS SPIDER MAN HEAD,18,3.28
50124964,CUCHARA BLANCA C 20 PZ,18,25.43
50129424,DIADEMA HAPPY NEW YEAR,18,12.67
50131616,KIT TAZA Y MIEL CON 7 SOBRES,18,369.83
50115715,BAILEYS ARANDANOS CON CHOCOLAT,18,99
50124957,VELA FIGURA SOCCER,18,42.67
50125831,BORLA METALICA ROSE GOLD,18,21.47
50125835,INVITACION GLOBOS CUMPLEANOS,18,6.55
50128591,SPANDEX MOCK ACRYLIC 3D EMBROIDERY,18,215.09
50134973,MAQUILLAJE FANTASIA 6 COLORES,18,16.81
50135241,CHEETOS XFH MB 58GRX60X1,18,20.69
50135379,AEROSOL AROMA LIMPIO 200 ML,18,65.78
50135603,PEELERZ GOMITAS SABOR MANGO 65 GR,18,59
50136768,RELLETON MANGO 35GR,18,23.28
50125043,MANTEL RECTANGULAR ROSA BEBE,18,21.12
50077132,GALLETA CHOCOLATE FASS 60GR,18,45
50124811,SPARKLERS CON CERA,18,47.33
50125828,BORLA DORADA,18,21.47
50135104,DULCES NARUTO RAMEN CANDY TIN,18,99
50119263,OREO 10 COUNT 114 GR,18,35
50129738,EFECTO ESPEJO LUZ LED C/200,18,34.05
50129930,LUCAS GOMITAS SANDIA PEGBAG CS 130G,18,79
50132401,PELONETE,18,19
50134797,MINECRAFT PELUCHE CORE 7 IN,18,141.81
50112670,CHOCOLATES M&M CACAHUATE 120G,18,129
50113889,UGREEN SOPORTE CELULAR DE AUTO,18,64.22
50130574,SET PORTAPASAPORTE 80S,18,55.6
50133138,NERD RAINBOW 1CJ/12PZ 141.7GR,18,49.5
50133140,MINI TACORINDO MANGO 30DISP/12PZ 35GR,18,15
50113877,UGREEN CARGADOR LIGTH 1M-TIPOC,18,301.29
50128990,MANTA TEJIDO PUNTA VERDE,18,185.83
50129397,PIZZA GUMMI CANDI,18,16.38
50131610,BIENESTAR CAJA 16 SOBRES 19.2 GRAMOS,18,59.91
50135380,AEROSOL FRUTOS DEL BOSQUE 200 ML,18,65.78
50135599,CHEETOS BOLITA MB GD 43GRX50X1,18,23.19
50124870,GLOBO MET MICKEY MOUSE FOREVER 17IN,18,3.28
50125816,KIT MESA DULCES PLUS CUMPLE PASTEL,18,98.71
50130486,TAZA DE CAFE FIBRA DE BAMBOO RIVELO,18,107.33
50138211,FORZAGEN GALLETA PROTEIN DOBLE CHOCOLATE,18,54.9
50078974,CARGADOR ENERGIZER MAXI C/PILA,18,369.83
50104190,SLIMPOP SWEET & SALTY 25 G,18,19.9
50105477,EMPERADOR COMBINADO 91 GR,18,29
50116483,PALETA BOCAS LOCAS MIX,18,55
50121449,PRETZELS SALADOS 150 GR,18,44.9
50121455,TAKIS FUEGO 70 GR,18,28.8
50123884,PASTILLAS SABOR MANDARINA 27G LEONE,18,69
50132375,AMOS GOMITAS PEELERZ MANGO,18,59
50134825,LIP OIL 04 JAMAICA BS,18,73.19
50116117,MINI PLUSHEE COLGANTE,18,38.54
50121793,JUGUETE SQUISHY HELLO KITTY,18,87.41
50130605,CARTERA GRIS DAISY FUENTES,18,103.1
50077133,LENGUA DE GATO CHOCOLATE 90GR,18,109
50080721,HERSHEYS KING SIZE ALMENDRAS,18,44.9
50114819,SNICKERS ALMONDS,18,39.9
50124864,GLOBO MET GB NEGRO LETRAS CUMPLE,18,15.04
50124967,LETRERO MOVIL COLGANTE BOYORGIRL,18,21.12
50128147,GLOBO MET JRSHP SPIDER MAN ANIMATED,18,6.72
50110150,PILA ALCALINA EVOLTA AA 4 PZAS,18,66.75
50124968,LETRERO MOVIL COLGANTE BABYSHOWER,18,21.12
50134640,COTONETE DE BOTE,18,14.74
50137929,ALFOMBRA DE GOMA NEGRA 45X30,18,205.75
50082048,TOSTITOS SALSA VERDE 62 GRS,18,29.9
50124952,LETRERO MOVIL UNICORNIO,18,21.12
50125042,MANTEL RECTANGULAR ROJO,18,21.12
50082220,MANTECADAS VAINILLA 4PZ,18,34.9
50101540,HERSHEY BITES COOKIES N CREME,18,89.9
50104878,GOMITAS LUCKY GUMMYS LOMBRIZ,18,34.9
50116484,PALETAS BITERZ PERROS MIX LLAV,18,89
50124874,GLOBO MET HAPPY BIRTHDAY TRIANGLES,18,15.04
50129097,PACK 3 PARES TOBI LOS 3 BASICOS,18,25.43
50130602,CROSSBODY BEARPAW MARRON CH,18,206.55
50082041,CHURRUMAIS DE LIMON 56 GR,18,24.9
50124959,PLATO PASTEL HAPPY BIRTHDAY 8 PZ,18,16.81
50125091,BROCHES PARA CABELLO NEGRO Y TIPO CAREY,18,21.12
50137945,CUCHARA HELADO CON PALANCA ACERO,18,371.25
50061676,MILKY WAY CHOCOLATE 48 GR,18,39.9
50124880,GLOBO METALICO CORA ROJO 10584 02,18,16.38
50131811,MEMBRESIA MAX PLUS FAMILIAR,18,206.1
50025466,PILA AA NERGIZER MAX C/4,18,141.38
50064112,RUFFLES DE QUESO 45 GR,18,29.9
50082222,NITO BIMBO 62GR,18,24.9
50082227,CHOCO ROLES 2PZ 55GR,18,34.9
50124962,ADORNO MOVIL HAPPY BIRTHDAY,18,34.05
50125089,ESPONJAS COSMETICAS SUAVES 3 PZS,18,38.36
50135604,PEELERZ GOMITAS SABOR PLATANO 65 GR,18,59
50125032,CAMPARTE COCO DESHIDRATADA CHIL LIMN 40G,18,30.09
50125039,PLATO 7IN BLANCO PAQ 20,18,38.36
50133408,NERDS SANDIA Y CEREZA 46.7GR,18,49
50134855,RUBOR LIQUIDO 07 CHISMECITO BS,18,103.36
50135103,DULCES DBZ DRAGON BALLS,18,49.5
50106887,KINDER DELICE,18,22
50124960,MANTEL HAPPY BIRTHDAY 1 PZ,18,38.36
50131685,SET COSMETICOS 7 PIEZAS STITCH SAC,18,156.48
50135102,DULCES NINTENDO SUPER STAR CANDIES,18,79.9
50139138,GATORLYTE MORAS 20 OZ,18,19.4
50097042,SLIMPOP LIMON Y SAL DE MAR 18G,18,19.9
50104877,GOMITA LUCKY GUMMYS OSOS 100G,18,35
50119271,HALLS MORA AZUL 25.2 GR,18,15
50134636,ANTIFAZ DE HIELO PARA OJOS,18,21.12
50134858,RUBOR LIQUIDO 04 PINKY PROMISE BS,18,103.36
50082040,50082040 CHEETOS TORCIDITOS 48 GR,18,26.9
50121453,MAZAPAN CHOCOLATE,18,4.5
50131809,MEMBRESIA BUSINESS INDIVIDUAL,18,94.5
50077134,PASITAS C/CHOCOLATE PICASSO,18,69
50105628,CHOKIS CLASICA 76 GR,18,34.9
50137932,CEPILLO PARA CAFETERA 6 PIEZAS,18,332.25
50097043,SLIMPOP MEZCLA DE CHILES 18G,18,19.9
50121456,FERRERO ROCHER 3 PACK,18,55
50127668,WINIS UNICORNIO BOLO BOLSA 100G,18,22.05
50134740,DOMINO DRAGON BALL SUPER 28 FICHAS TIN,18,139.14
50134972,KIT DIABLO 1 KIT,18,29.74
50138038,NISHIKAWA CACAHUATE JAPONES 70G,18,24.9
50124879,GLOBO MET ESTRELLA GOLD,18,16.38
50131375,SPARKLERS HAPPY B DAY SIRENA,18,36.21
50132297,BRAZALETE STITCH OHANA DISNEY 1PZ,18,237.07
50134277,VASO MINNIE CON OREJAS 700 ML,18,101.98
50134823,BRILLO LABIAL MAGICO UVA BS,18,73.19
50094626,GOMITA MANGUITOS ENCHILADO,18,34.9
50121451,KINDER DELICE,18,29.9
50124961,LETRERO MOVIL HAPPY BIRTHDAY,18,21.12
50130606,TERMO NEON NEGRO 1.18L 40 OZ,18,137.59
50134969,ANTIFAZ 1 PIEZA,18,5.17
50135998,CUPS RELLENO DE CREMA DE CACAHUATE 40G,18,68.1
50124863,GLOBO MET HO CUMPLEANOS MAGIA SILVER,18,30.09
50127769,ACTIVITY BOOK SONIC,18,64.5
50129010,DIADEMA NAVIDENA CON LUCES,18,21.12
50129931,NUTELLA B READY 22G,18,16.38
50135607,PLATO PASTELERO C6 THE GRINCH,18,59.485
50049714,AGUA EMBOTELLADA E PURA 600 ML,18,19.9
50125825,ESPIRAL DECORATIVA VERDE LIMON 75CM,18,10.78
50132410,PROVIDENCIA VA-K-NINO 200 G,18,19.75
50121448,NERDS ROPE RAINBOW CANDY,18,69
50129418,ADORNOS ESPIRALES C/3 ANO NUEVO,18,19.2925
50138021,PROVIDENCIA OBLEA 40G,18,129
50124849,GLOBO MET BLUSH BIRTHDAY PINK,18,94.74
50128878,LAPICERA MERLETTO ASTRONAUTA 1 BOLSILLO,18,38.36
50134851,LAPIZ PARA CEJAS CARIBENO BISSU,18,107.67
50082042,DORITOS NACHO 61 GR,18,29.9
50104204,MANGO ENCHILADO / LIMON,18,149
50125044,MANTEL RECTANGULAR AZUL CARIBE,18,21.12
50125834,INVITACION TORTUGA,18,8.19
50129935,SPINNERS SONIC SONIC,18,54.83
50133409,NERDS UVA Y FRESA 46.7GR,18,49
50134894,CORRECTOR COBERTURA COMPLETA C05 BC,18,159.4
50135347,GLOBO CIRCULO DORADO 18IN,18,16.38
50052290,DULCES SKITTLES ORIGINAL,18,39
50104876,GOMITAS LUCKY GUMMYS FRUTITAS,18,35
50119265,TRIDENT EVUP LOF18S YERBABUENA MX FOP 30,18,29
50132751,SANRIO PELUCHE CHICO,18,107.33
50138017,PALETA IPOP PAINT ROLL 22G,18,29.9
50082230,PRINCIPE 10PZ 106GRS,18,34.9
50128489,GOMITAS DE OSOS ICEE 85G.,18,32
50137983,JGO 4 MANTELES 30X45 CM MARFIL,18,89.91
50095614,PILA ESPECIALIZADA 2016 BP2,18,34.05
50121792,JUGUETE SQUISHY BABY SHARK,18,87.41
50127659,PELONAZO 80G,18,42
50124956,MANTEL SOCCER 1 PIEZA,18,38.36
50138166,BORLA ROJA,18,12.93
50116054,DONITAS ESPOLVOREADAS 6+2 140G,18,34.9
50129734,COPOS DE JABON DESECHABLE C/700,18,16.38
50130483,CASE JASON NAYLOR 2 PIEZAS,18,128.88
50135598,CHEETOS JALAQUENO MB GD 55GRX64X1,18,23.19
50139137,GATORLYTE COCO 20 OZ,18,19.4
50113966,ORUGAS ACIDAS 80G,18,49
50124946,LETRERO MOVIL FELIZ CUMPLE SWEETBALLOONS,18,21.51
50137106,EFRUTTI OCTOPUS BLUE PINTALENGUAS 80GR,18,36.21
50113210,CLIP SUJETADOR PARA DOS PLUMAS,18,16.38
50116055,DONAS 6P PROMO,18,29.9
50125833,INVITACION JIRAFA,18,8.19
50132260,GORRA BEIGE STITCH HELADO BLINK,18,430.34
50132394,IPOP THUMB DIPPERS 40G,18,49
50112666,WARHEADS OOZE CHEWZ 50G,18,16
50116113,CHURRITOS NOPAL HABANERO 80GR,18,35
50124865,GLOBO MET HO CUMPLEANOS MAGIA TURQUESA,18,15.04
50129096,PACK 3 PARES TIN BLANCO UNISEX,18,25.43
50135376,AMBIENTADOR AURA CEREZA 30 ML,18,47.67
50093155,CONEJOS TURIN 20 GR,18,29.9
50121458,KINDER HUEVO DE CHOCOLATE,18,44.9
50130601,CROSSBODY BEARPAW CH,18,206.55
50132775,ORBZ MET PAINTERLY DOTS BIRTHDAY ORBZ,18,94.74
50082232,GANSITO 50GRS,18,24.9
50097040,SLIMPOP SAL DE MAR 18G,18,19.9
50125839,CHEETOS FLAMIN HOT 55 GR,18,20.87
50127666,WINIS UNICORNIO MAXI TUBITO 44G,18,19
50135015,PLATO PLASTICO PARTY IS ON MIX MULTI 7,18,68.1
50113624,CANASTA ALMACENAMIENTO GRIS CH,18,54.63
50124955,PLATO PASTEL SOCCER 8 PIEZAS,18,16.81
50132393,CAZARES CLASICO CON CHILE 35GR,18,14.66
50136165,SET DE 3 PIEZAS CUIDADO ESPECIAL,18,72.84
50137920,DIADEMA FLORES TRICOLOR,18,68.1
50082228,PINGUINOS 2 PZ 80 GR,18,34.9
50125865,PELUCHE SUPER MARIO RED SHELL MINI,18,128.88
50129928,SKWINKLES RELLENOS SANDIA 24/12 26G,18,15
50130545,PILAS ALCALINAS AA PACK 4,18,29.74
50115720,GOMITAS DE GUSANOS 80 GRS,18,59
50118063,DULCES NINTENDO MUSHROOM SOURS,18,105
50119269,HALLS MENTA 25.2 GR,18,14.9
50131810,MEMBRESIA MAX PLUS INDIVIDUAL,18,175
50135057,8 PLATOS 7IN ESPACIO,18,25.34
50137408,CARGA DE HELIO JUMBO 50 A 56 IN,18,223.28
50113892,UGREEN CABLE CARGADOR USB A US,18,72.84
50118677,ICE BREAKER MORAS,18,19
50125100,KIT CORTAUNAS MAS LIMA PARA BEBE,18,12.5
50125826,BORLA PLATEADA,18,12.93
50125836,INVITACION ANIMALITOS CUMPLEANOS,18,8.19
50131806,MEMBRESIA MAX INDIVIDUAL,18,62.1
50133135,HAPPY SWING KAKAO 1CJ/16PZ 150GR,18,34.05
50137079,ACEITE ESENCIAL MENTA ROLL ON 3ML,18,81.47
50138018,SKITTLES GOMITA WILD BERRIES 50G,18,44.9
50113967,PULPOS 80G,18,49
50118064,DULCES NINTENDO QUESTION MARK,18,119
50131403,ESPONJA MANGO 1 PIEZA C720,18,21.12
50132395,DISCO CANDY CON LUZ,18,49
50134795,PEANUTS PELUCHE CORE 12 IN SENTADO,18,301.12
50065683,DEDO INDY PICOSO ACIDULADO 20G,18,14.9
50121450,PALETA PAYASO,18,24.9
50132378,XBELTS RAINBOW 12X18X57GRS DISPLAY MX,18,35
50134826,LIP OIL 06 CHABACANO BS,18,73.19
50139105,AGITADOR MADERA GUPPI 1000 PZAS,18,459
50116111,CHURRITOS NOPAL CHIPOTLE 80GR,18,35
50123749,PLATOS DESE PAPEL FRUTAS 25.73 CM 12 PZS,18,30.69
50134819,DELINEADOR LIQUIDO 02 BROWN BISSU,18,73.19
50082043,DORITOS PIZZEROLA 61 GRS,18,29.9
50082047,SABRITAS ORIGINAL DE SAL 45 G,18,29.9
50125823,ESPIRAL DECORATIVA ROJA 75CM,18,10.775
50133170,SQUISHY HELLO KITTY V3,18,64.22
50082045,FRITOS SAL Y LIMON 60 GRS,18,27.9
50082046,RANCHERITOS 58 GRS,18,29.9
50124871,GLOBO MET MINNIE MOUSE FOREVER 17IN,18,3.28
50134817,SOMBRA INDIVIDUAL OBSIDIANA BISSU,18,47.33
50134818,DELINEADOR LIQUIDO NEGRO BISSU,18,73.19
50134847,TINTALINE OJOS NEGRO BISSU,18,73.19
50134978,MAQUILLAJE LIQUIDO 3 BC,18,219.74
50138012,TINES SUPER MARIO BROS 5 PACK,18,231.9
50128492,JELLY ICEE CHERRY KING SIZE 85G,18,29
50132784,AN04RND2JBO-HO-RADIANT BIRTHDAY,18,94.74
50134022,PACK 3 SCRUNCHIES PLATA NEGRO Y BLANCO,18,21.12
50134278,JUEGO DE TARROS CERAMICA MICKEY Y MINNIE,18,120.09
50134850,LAPIZ PARA CEJAS MOKACCINO BISSU,18,107.67
50134974,GORRO DE BRUJA 1 PIEZA,18,16.81
50134979,MAQUILLAJE LIQUIDO 4 BC,18,219.74
50135017,GLOBO PAYASO SURTIDO N9 BOLSA C50,18,68.1
50137640,VASO BEBIDAS CALIENTES 60OZ,18,4114.75
50112669,NISHIKAWA JAPONES 190G,18,59.9
50124927,GLOBO LATEX NEON SURTIDO 36PZ 9IN,18,29.74
50124969,GODINEZ KIT,18,42.67
50128596,CHIPS DE PLATANO DULCE PICOSITO 220GR,18,99.9
50129419,BANNER MOV JUM METALICO,18,15.26
50130578,SET 2 ETIQUETAS DE VIAJE,18,29.74
50109403,ZOE WATER 500ML,18,39.9
50131296,DIFUSOR DE ESCRITORIO RAINBOW,18,150.26
50135377,AMBIENTADOR AURA SANDALO Y CEDRO 30 ML,18,47.67
50105476,EMPERADOR CHOCOLATE 91 GR,18,34.9
50113965,AROS DE DURAZNO 80G,18,49
50132793,LRGSHP MET FELIZ DIA MAMA BOTANICAL LINE,18,20.43
50135374,GORRO SNOOPY CON POMPON,18,223.28
50135922,XURRIKOS AMARANTO HABANERO,18,68.1
50133172,SQUISHY BABY GARFIELD,18,64.22
50137641,AGITADOR MADERA 19CM,18,459
50094741,CACAHUATE MAFER SURTIDO 100G,18,31
50115718,GOMITAS HAPPY COLA 80 GRS,18,59.9
50127670,CAZARES CHICHARRON ARTESANAL 40G,18,18.97
50128398,GLOBO MET SATINADO 28IN FELIZ DIA MAMA,18,53.71
50129200,CRAYON TRICOLOR FACIAL,18,16.38
50131317,TAPON MINI 50G,18,39
50131807,MEMBRESIA MAX FAMILIAR,18,95
50138360,AMOS GOMITAS PELABLES LYCHEE 65 GR,18,55
50105479,RUFFLES DE QUESO BOTANOTA 66GR,18,35
50124875,GLOBO MET SOCCER BLANCO Y NEGRO 18IN,18,1.55
50129098,PACK 6 LIGA DONA NEGRA,18,12.93
50129732,LIMA PARA UNAS C/750,18,12.93
50134734,BARAJA ESPANOLA FOURNIER CAJA DE CARTON,18,111.205
50135058,8 PLATOS 9P HAPPY BIRTHDAY,18,36.16
50136984,CALCETA NAVIDENA MARINO Y BLANCO,18,15.26
50137108,EFRUTTI GUMMY EYEZ ORIGINAL 75.2GR,18,68.1
50137264,28H MET I LOVE YOU CHECKERBOARD,18,68.1
50082231,TRIKI TRAKES 8PZ 69GR,18,29.9
50121459,KINDER BUENO 49 GR,18,39.9
50122589,SQUISHY AMONG US V2,18,89.4
50124950,PLATO PASTEL UNICORNIO 8 PIEZAS,18,16.81
50132373,MR BEAST MILK CHOCOLATE ALMOND 60G,18,99
50134824,BRILLO LABIAL MAGICO SANDIA BS,18,73.19
50134895,CORRECTOR COBERTURA COMPLETA C11 BC,18,159.4
50135346,GLOBO CIRCULO PLATEADO 18IN,18,16.38
50137930,TAMPER DE CAFE DE ALEACION DE 58MM,18,779.25
50115714,BAILEYS ALMENDRAS CON CHOCOLAT,18,99
50132640,BQT DE GLOBOS STITCH,18,180.17
50040052,CHOCOLATE COOKIES N' CREME BG.,18,59
50064111,SABRITAS ADOBADAS 40 GR,18,29.9
50125832,BORLA METALICA AZUL REY,18,21.47
50128877,LAPICERA MERLETTO MARIPOSA 1 BOLSILLO,18,38.36
50139141,GATORLYTE FRUTAS TROPICALES 20 OZ,18,20.83
50114821,ORUGAS NEON 80G,18,49
50121979,REFRESCO MIRINDA 600 ML PET,18,15
50131808,MEMBRESIA MASCOTA,18,103.5
50132374,MR BEAST MILK CHOCOLATE 60G,18,99
50132752,FLEXORS CRYSTAL MONSTERS,18,231.9
50137919,MANITAS PARA APLAUDIR TRICOLOR,18,16.38
50104203,MANGO ENCHILADO EXTREME,18,149
50124862,GLOBO MET HOLO POLKA DOT BDAY 18IN,18,30.09
50125038,WINKS - OWL PINK SQUISH CLIP,18,47.93
50132398,LUCKY GUMMYS TIBURONES 96G,18,29
50134967,CENEFA PLASTICA 5 METROS,18,21.12
50135964,SECADORA DE CABELLO CON IONES AOKU NG,18,1550.86
50067117,PILA RECARGABLE ENERGIZ AA C/2,18,180.17
50071978,PILA AUDITIVA AZ312DPA C/8,18,59.72
50094239,CACAHUATE MAFE SAZON 100 GR,18,31
50116110,CHURRITOS DE NOPAL CHILE LIMON,18,39.9
50130935,HUB ADAPTADOR USB 3 A 4 USB 3,18,215.09
50131474,BOLSA REUTILIZABLE AMARILLA OFFICE MAX,18,12.93
50135375,GORRO CABEZA DE SNOOPY CON OREJAS,18,309.48
50138167,BALON WORLD CUP 26 ADULTO,18,920
50052293,DULCES SKITTLES WILD BERRY,18,39
50115180,SLIMPOP CHEDDAR 18G,18,19.9
50125041,VASO PLASTICO 12OZ ROJO PAQ 20,18,38.36
50105483,SABRITAS ADOBADAS BOTANOTA 64,18,35
50108306,HERSHEYS ALMENDRA 90G,18,59
50121447,NERDS GUMMY CLUSTERS (CLASSIC),18,75
50129007,SANTA COLGANTE DECORATIVO,18,15.26
50132404,BARCELTAKIS FUEGO 56G,18,18.97
50132787,ORBZ MET BLACK MARBLEZ,18,94.74
50134634,EXFOLIANTE PARA LABIOS,18,16.81
50124947,LETRERO MOVIL SOCCER FELIZ CUMPLEANOS,18,21.12
50129986,MAZAPAN CHOCOLATE 22 G,18,7
50135349,GLOBO ESTRELLA ROSE GOLD 22IN,18,16.38
50125088,LIMAS PROFESIONALES 3 PZS,18,30.09
50125694,CARGA DE HELIO 9 A 12 IN,18,25.86
50127660,SKW SALSAGHETTI KING SIZE 70G,18,49
50132377,BEAN BOOZLED BOX 3.5OZ,18,249
50137482,PESA PARA GLOBO PLATEADA,18,16.38
50138519,CAJA DE SOBRES MUNDIAL,18,2133.601
50115713,BAILEYS PASAS CON CHOCOLATE,18,89
50132302,COLLAR LILO Y STITCH CADENA ROSA DISNEY,18,237.07
50132749,PIXAR PETIT 7,18,150.43
50134856,RUBOR LIQUIDO 05 ALMA GEMELA BS,18,103.36
50134991,MINI JELLY HUEVITO,18,10.34
50137651,VASOS BIOCUP 8OZ C50 PZAS,18,1158.75
50137986,MACETA CERAMICA MICKEY,18,120.09
50124971,VELA LUMINOSA SPARKLERS FUTBOL,18,36.21
50131376,SPARKLERS HAPPY B DAY COLORES,18,36.21
50105482,SABRITAS SAL BOTANOTA 64 GR,18,35
50132785,LRG SHP MET SATIN PAINTERLY DOTS BDAY,18,38.36
50132791,18H MET TE AMO MAMA IRIS,18,10.09
50135378,AMBIENTADOR AURA FRUTAS DEL BOSQUE 30 ML,18,47.67
50060223,GATORADE NARANJA 500 ML,18,24.14
50124848,GLOBO MET HO SHIMMER BIRTHDAY CANDLES,18,94.74
50124868,GLOBO MET GB MEDIC CAJA ALIVIATE 18IN,18,3.28
50130579,SET 2 ETIQUETAS DE VIAJE COLOR,18,29.74
50134970,CUERNOS DE MALEFICA 1 PIEZA,18,29.74
50120448,BOLSA ECOLOGICA REUTILIZABLE BTS,18,23.28
50121789,BURBUJERO GLUCK HELLO KITTY,18,8.54
50128491,GOMITAS DE OSOS ICEE 85G,18,29
50129099,PACK 6 LIGA DONA ESCOLARES,18,12.93
50129721,LAMINAS ANTIBRILLO C/1040,18,16.38
50131613,ESENCIA DEL ALMA CAJA 16 SOBRES 19.2 GR,18,68.54
50134021,PACK 3 SCRUNCHIES COLORES ROSAS Y LILAS,18,21.12
50134971,KIT GATO,18,29.74
50135601,CHEETOS COLMILLO MB GD 27GRX50X1,18,20.69
50137928,FILTRO CIEGO LIMP CAFETERA CIEGO 58MM,18,181.5
50119270,HALLS MIEL 25.2 GR,18,15
50125830,BORLA AZUL CIELO,18,12.93
50137527,BRAZALETE PORTA TARJETAS DE IDENTIFICACI,18,143.95
50137652,ENDULZANTE STEVIA 700 SOBRES 1G,18,928.5
50033082,INDY PALETA ENCHILADA MARIMBA,18,19
50082212,BARRITAS FRESA 67GR,18,24.9
50082214,SPONCH 8PZ 120GR,18,29.9
50130571,CANDADO MIAMI NEGRO 2 LLAVES,18,42.67
50133136,HAPPY SWING VAINILLA 1CJ/16PZ 150GR,18,34.05
50091996,HALLS MIEL-LIMON 25.2 GR,18,11.5
50092429,CHOCOLATE KIT KAT ROJO 41 GR,18,39.9
50124861,GLOBO MET NUBE SONRIENTE,18,6.72
50130669,PRETZEL CON CHOCOLATE BREMEN 130G,18,129
50134827,LIP OIL 01 VAINILLA BS,18,73.19
50135382,RICOLINO KRANKY 65G,18,27.59
50121617,ENCENDEDOR BIC MAXI COLORES SOLIDOS,18,27.59
50134644,CAMPANA TRICOLOR GRANDE PQ6,18,68.1025
50109402,ZOE WATER 900ML,18,44.9
50129421,GORRO DE SANTA,18,4.9133
50124845,GLOBO MET MULTI BURST HAPPY BIRTHDAY,18,111.98
50125867,PELUCHE SUPER MARIO BANANA MINI,18,128.88
50135999,CUPS RELLENO DE CREMA DE AVELLANA 40G,18,68.1
50067116,PILA RECARGABLE ENERGIZ AAA C2,18,180.17
50125827,BORLA BLANCA,18,12.93
50134738,DOMINO EN TIN BLUEY,18,231.9
50104205,MANGO ENCHILADO,18,149
50124931,VELA CERA ESPIRAL SURTIDA 24PZ,18,16.38
50125815,KIT MESA DULCES PLUS CUMPLE TREN,18,98.71
50128595,CHIPS DE PLATANO SAL DE MAR 220GR,18,99.9
50132397,SKWINKLOTE SANDIA 40G,18,39
50134023,PACK 3 PARES TOBI GRIS JASPE,18,21.12
50135014,VASO PLASTICO PARTY IS ON MIX MULTI 12,18,34.05
50124847,GLOBO MET HO HAPPY BIRTHDAY STARS,18,94.74
50125030,CAMPARTE COCO DESHIDRATADA NATURAL 40 G,18,30.09
50135381,BUBULUBU 35G,18,12.93
50082210,BARRITAS PINA 67GR,18,24.9
50118061,DULCE BULLET BILL,18,119
50125093,PASADORES CLASICOS INCAIBLES 30 PZS,18,8.19
50132966,VELA MAGICA 6 PIEZAS STITCH,18,25.43
50133139,TAMA-VASO CHAMOY 1CJ/16BOL/8PZ 150GR,18,29
50138084,PROVIDENCIA OBLEA 40G,18,129
50124970,VELA LUMINOSA SPARKLERS UNICORNIO,18,36.21
50130562,DIFUSOR DE AROMAS LED,18,103.19
50130576,PAR BOTELLAS VIAJE ROSA SILICON,18,64.22
50135286,KIT DE CAJAS P/ENVOLTURA 3 PZAS,18,38.54
50093185,GOMITA EFRUTTI LUNCH BAG 77 GR,18,69.9
50093604,SABRITAS LIMON 45 GR,18,29.9
50122590,SQUISHY GARFIELD,18,159
50124925,GLOBO LATEX LISO SURTIDO 18PZ 9IN,18,15.09
50131413,CUBRE PEZON DE SILICONA GRANDE,18,34.05
50134857,RUBOR LIQUIDO 06 COMADRE BS,18,103.36
50089306,TIEMPO AIRE UNEFON $150.00,22,129.31
50089299,TIEMPO AIRE MOVISTAR $30.00,22,25.86
50121721,TIEMPO AIRE IUSACELL 30.00,22,25.86
50089286,TIEMPO AIRE IUSACELL $100.00,22,86.21
50089297,TIEMPO AIRE MOVISTAR $20.00,22,17.24
50121707,TIEMPO AIRE TELCEL 10.00,22,8.62
50121729,TIEMPO AIRE UNEFON 70.00,22,60.34
50089288,TIEMPO AIRE IUSACELL $150.00,22,129.31
50089308,TIEMPO AIRE UNEFON $200.00,22,172.41
50121991,PAQ DATOS TELCEL $30.00,22,25.86
50089319,TIEMPO AIRE MOVISTAR $150.00,22,129.31
50121726,TIEMPO AIRE UNEFON 15.00,22,12.93
50089325,TIEMPO AIRE MOVISTAR $250.00,22,215.52
50089324,TIEMPO AIRE NEXTEL $50.00,22,46.3
50089303,TIEMPO AIRE UNEFON $100.00,22,86.21
50089310,TIEMPO AIRE TELCEL $200.00,22,172.41
50089313,TIEMPO AIRE TELCEL $300.00,22,258.62
50121730,TIEMPO AIRE UNEFON 120.00,22,103.45
50089307,TIEMPO AIRE TELCEL $150.00,22,129.31
50121994,PAQ DATOS TELCEL $100.00,22,86.21
50121993,PAQ DATOS TELCEL $80.00,22,68.97
50089317,TIEMPO AIRE TELCEL $500.00,22,431.04
50121727,TIEMPO AIRE UNEFON 20.00,22,17.24
50089309,TIEMPO AIRE MOVISTAR $60.00,22,51.72
50089295,TIEMPO AIRE IUSACELL $300.00,22,258.62
50121995,PAQ DATOS TELCEL $150.00,22,129.31
50121725,TIEMPO AIRE UNEFON 10.00,22,8.62
50121718,TIEMPO AIRE IUSACELL 10.00,22,8.62
50121720,TIEMPO AIRE IUSACELL 20.00,22,17.24
50121997,PAQ DATOS TELCEL $300.00,22,258.62
50089311,TIEMPO AIRE UNEFON $300.00,22,258.62
50121990,PAQ DATOS TELCEL $20.00,22,17.24
50089292,TIEMPO AIRE TELCEL $20.00,22,17.24
50121719,TIEMPO AIRE IUSACELL 15.00,22,12.93
50121992,PAQ DATOS TELCEL $50.00,22,43.1
50121998,PAQ DATOS TELCEL $500.00,22,431.04
50089321,TIEMPO AIRE NEXTEL $30.00,22,27.78
50121708,TIEMPO AIRE TELCEL 80.00,22,68.97
50121728,TIEMPO AIRE UNEFON 30.00,22,25.86
50089312,TIEMPO AIRE MOVISTAR $100.00,22,86.21
50089300,TIEMPO AIRE UNEFON $50.00,22,43.1
50121723,TIEMPO AIRE IUSACELL 120.00,22,103.45
50089302,TIEMPO AIRE TELCEL $50.00,22,43.1
50089304,TIEMPO AIRE MOVISTAR $50.00,22,43.1
50121996,PAQ DATOS TELCEL $200.00,22,172.41
50121722,TIEMPO AIRE IUSACELL 70.00,22,60.34
50089305,TIEMPO AIRE TELCEL $100.00,22,86.21
50089315,TIEMPO AIRE MOVISTAR $120.00,22,103.45
50089322,TIEMPO AIRE MOVISTAR $200.00,22,172.41
50089296,TIEMPO AIRE TELCEL $30.00,22,25.86
50089293,TIEMPO AIRE IUSACELL $200.00,22,172.41
50089285,TIEMPO AIRE IUSACELL $50.00,22,43.1
50089290,TIEMPO AIRE MOVISTAR $10.00,22,8.62
50029881,PLOTEO BOND 8830 91X60,50,3.02
50030009,PLOTEO 20 CM. ADIC. .,50,12.93
50053285,PRINTER 30,50,202
50053287,PRINTER 50,50,341.25
50066802,CREDENCIAL PVC 1 CARA PAQ. 10C,50,159.48
50081900,100 FOLDER PERSONALIZADOS,50,1422.41
50086663,IMPRESION B&N HOJA COLOR 1-50,50,1.205
50125922,CLIP MARIPOSA N 1,50,3.45
50138057,CUADERNILLOS UAA,50,141.75
50138287,ETIQUETAS CANASTA,50,3.5
50138756,LETREROS EN ACRILICO,50,281
50029862,PLANOS PAPEL BOND 91X1.00,50,64.66
50029863,CADA 20 CM: ADIC. BOND,50,12.93
50029913,IMP. ACETATOS COLOR 31-60,50,18.9654
50113456,TARJETA PVC BN 1 CARA,50,15.52
50138131,LETRERO MILE 3,50,209
50138677,RQ COL 26014 PARR 40 CM,50,12
50139153,MESA DE REGALOS,50,135.75
50139487,IMPRESION DE 67 POSTERS,50,5804
50029382,SELLO PR4040 RJ,50,301.72
50029844,CCO 1-50,50,13.62
50086752,IMPR.COL D/CTA. OPA 1-50 H,50,15.915
50093059,LONA BANNER Y ESTR 80X1.80,50,832.76
50138066,IMPRESION GF 21.5X27.9 CM,50,355
50138393,RECONOCIMIENTOS MAXCARE,50,1030
50138584,ETIQUETAS CARRITO GRANDE FRENTE,50,7
50029878,IMP. BN OFI 501A1000,50,1.5517
50029906,IMPRECION DOBLE CARTA COLOR 51-250,50,16.38
50053102,ENC PASTA DURA PERSONALIZA CTA,50,125.86
50132914,MX141 BLOCK 250 FOLIOS,50,323
50138217,EXHIBIDOR TQVMX,50,976.5
50138640,BITACORA H2,50,2890.5
50139499,BUSA26004 EXHI 3 FT CONV END CAP,50,194.75
50062530,ENV. PAQ. 4.0 KG 10:30 ZONA 6.,50,327.58
50066950,FOTO APEX 6X8 DE 51-100,50,8.19
50075420,OJILLO NO3 PIEZA,50,17.24
50099981,IMP.PLANOS COLOR ADICIONAL 10 CM,50,17.24
50105497,HOJA CARTULINA METALICA DORADA,50,10.775
50113541,CONTRATOS TOTAL REEMPLAZO,50,0.86
50125919,SOBRE CARTA ENGOMADO MANILA,50,8.62
50129348,ROLLO TERMICO CRAVIOTO,50,18.96
50138685,PROYECTOS AMD 2026,50,376879.3776
50066952,FOTO APEX 6X8 MAS DE 201,50,6.4655
50103876,FOTO 5X7 MITSUBISHI 1-50,50,5.605
50109928,CUADRO CANVAS C/BASTIDOR 60X90,50,1637.93
50138069,IMPRESION GF 50X75 CM,50,210
50138279,VINIL TOTTEM QUERETARO ESTIRENO,50,65
50138280,ENTRADA PROVEEDORES COUCHE,50,21.25
50091374,CAPLE IMP. CENEFAS 25X25CM,50,15.89
50093660,UNIHARD L 86-130 HOJAS,50,189.66
50136963,SOBRES RAYOS X 14X17 SWISSLAB,50,3.76
50138049,SIGN BANDS BED BATH,50,40
50138273,TROVICEL PVC ESPUMADO BLANCO 3 PT,50,379
50138284,LETRERO DE ENTRADA DEL VALLE,50,1647
50138394,PROYECTO EXPO,50,72000
50139271,SAB BALCON DIP V NEGRO,50,3
50029829,CROB MAS DE 10000,50,0.6467
50052911,1002 VOLNTS. 1/2 CTA COLOR,50,1206.895
50068172,FOTOALBUM 8X10,50,137.93
50138067,IMPRESION GF 40.5X40 CM,50,105
50138581,ETIQUETAS CARRITOS 14X8,50,2
50029836,ACETATOS BN 31-60,50,10.345
50029905,IMP. COLOR D/CARTA 1-50,50,16.81
50029945,ENGARG.MET.PLAS. OF 61-180,50,43.1
50029961,ENMICADO CARTA,50,18.97
50052306,"PAQ BOTONES 3""100PZ",50,603.45
50053289,PRINTER 55,50,514.75
50138784,STAND EXPO 2026 RICOH,50,200000
50139092,PORTAMENUTROBU PIEL GRABADO,50,491
50139150,REGULADORES-XT,50,64.75
50052304,"PAQ BOTONES 1""100PZA",50,422.41
50069791,CALENDARIO ESCRITORIO 6-10,50,93.966
50074568,LONA PROMO RES. FOTOGRA M2,50,132.76
50076482,100 TARJ PRES COLOR,50,280.17
50084111,PLAY.T POLO NI#O/A M/NE,50,90.52
50086852,ENCUAD FAST BACK 3-125 HOJAS,50,26.4567
50138487,GRAFICO 146X70,50,627.5
50138940,SAB BALCON H BLANCO,50,8
50029883,IMP.BN D CTA 1001-10000 .,50,2.41
50066324,FOTO APEX 4X6 DE 1-50,50,5.6033
50068549,ESCANEO DE 500 A 1000,50,2.5862
50125924,SUJETADOCUMENTOS 5/8,50,6.04
50138054,ETIQUETA CANASTAS,50,3.5
50139151,ENTREGA RGULADORES,50,350
50139496,COROPLAST ASHLEY 56X71,50,150
50062750,ENV.INTER ENBAL.11.0 KG Z B,50,1724.91
50067573,CARTULINA OPALINA CTA 300,50,5.17
50068173,FOTOALBUM 6X8,50,93.1
50073889,IMP. BN OFICIO 501-1000,50,0.6897
50109919,CUADRO EN ACRILICO FLOT 50X75,50,3017.24
50109927,CUADRO CANVAS C/BASTIDOR 40X60,50,818.97
50138277,SULFATADAS 2 C 18 PT,50,42.5
50139094,ENVIO DIREC SM ALLENDE,50,4000
50139485,FONDO MORADO Y BCO,50,3
50029876,IMP. BN OFICIO 101-500,50,1.7241
50067574,CART. KROM/EUROCOT TC. 215G,50,6.9
50086682,COPIA SPLASH HOJA COLOR + 101,50,4.53
50109916,CUADRO EN ACRILICO FLOT 20X30,50,775.86
50112137,MAPA A COLOR,50,11.21
50138674,RQ 26024 ATS EXH 4 CARAS,50,167.25
50044044,ROMPECABEZA DOBLE CARTA 96 PZA,50,94.83
50088886,IMP B/N PAP OPALINA,50,3.22
50109383,PLACA TROVICEL 6MM 120 X100,50,750
50125932,LAPIZ GRAFITO OMX N 2,50,5.17
50137261,HOJA MEMBRETADA SWISSLAB,50,0.24
50138274,SIGN BANDS BED BATH,50,40
50138583,ETIQUETAS AGARRADERAS,50,8
50138655,POSTER 58X88 CM COUCHE 150 G,50,25.5
50139486,DISTANCIA SEGURA,50,175.75
50098332,CARTA PODER,50,2.5
50109923,CUADRO CANVAS C/BASTIDOR 25X25,50,366.38
50056649,FOLDER COLOR CARTA,50,7.76
50067104,PAPEL ARTE ALGODON10CM,50,44.828
50069368,FOLDER 03 PZ,50,11.21
50138488,GRAFICO 146X64,50,613.5
50138577,SULFATADA 74X48,50,65
50029851,CCDC 51-250,50,15.52
50029983,300 TARJ PRES B/N,50,422.41
50053931,FOLDER MANILA OFICIO,50,6.9
50138065,IMPRESION GF 80X160 CM,50,475
50138486,GRAFICO 146X88,50,763
50139158,CATALOGOS,50,214.5
50028023,SOBRES 26X34 MANILA,50,10.34
50029868,PLANOS ALBANENE 20CM ADICIONAL,50,17.24
50074679,CORTE D IMPRESION BASICA M2,50,43.1
50128450,ROLLOS AUTOCOPIANTE VIDANTA,50,15
50138158,FLOORDISPLAY OLDSPICE MARIOBROS,50,999
50138939,SAB BALCON H NEGRO,50,7.75
50139017,DISNEY PLAY SUBL M INF STITCH ACID POP,50,258.62
50139576,STICKERS RUTAS,50,1.25
50029884,IMP. BN D. CARTA 101-1000,50,2.5862
50029958,ENMICADO CREDENCIAL,50,15.52
50056328,FOTO 4X6 100 O MAS 24HRS,50,0.72
50066317,FOTO APEX 6X8 DE 1-50,50,9.05
50113458,TARJETAS PVC 1 CARA BN PAQ 10,50,129.31
50138059,IMPRESION GF 40.5X40CM,50,105
50138202,LANYARD ONBOARDING,50,45
50138481,DEPARTAMENTALES TROVICEL 50X130,50,875
50035085,ETIQUETAS D/C 165G,50,8.62
50093309,TELA ART. C/BASTIDOR 50X70CM,50,602.59
50098805,PHOTO PANEL 6X8,50,129.31
50118941,PRINTER 60,50,441
50138203,PERSONALIZADORES ONBOARDING,50,12
50138582,ETIQUETAS CANASTAS,50,3.5
50138653,SBS SULFATADA 2 16PT 320,50,3.75
50139079,IMPRESIONES FUT AMAZON,50,85.5
50029827,COPIAS BN OFICIO 501-1000,50,1.5517
50029933,ENGARG.MET.PLAST. 1-60,50,25.86
50049683,TAZA PERSONALIZADA,50,81.9
50053928,5 FOLDER PERSONALIZADO,50,116.38
50066314,FOTO APEX 4X6 DE 51-100,50,5.1724
50098326,CORTE DE VINIL TDC,50,50.93
50105469,PROMOCION KODAK MAGNETICO,50,4.31
50119203,COJIN ENTINTADO ESPECIAL,50,133.5
50138670,RQ 26020 ATS MALLALACK,50,188.5
50029994,IMP.TRANSFER D-CARTA,50,51.72
50053934,10 FOLDER PERSONALIZADO,50,181.04
50066804,CREDENCIAL PVC 2 C PAQ. 10P C,50,245.69
50125920,SOBRE CARTA RONDANA MANILA,50,8.62
50138050,TROVICEL PVC ESPUMADO BLANCO 3 PT,50,379
50139089,INSERTO MENU MUNDIALISTAS,50,13.57
50098804,PHOTO PANEL 4X6,50,90.52
50113461,FOTO APEX 8X12 1-10,50,22.41
50138046,MARBETES PARA AUTO,50,9
50138345,WELLCOME LETTER,50,9
50138346,AGENDA,50,9
50060917,FOLDER ECOLOGICO,50,3.02
50086611,ACETATO B/N + 1000,50,4.76
50094713,TABLA PERIODICA 1/2 CARTA,50,16.38
50138159,SIDE KICK OLDSPICE MARIOBROS,50,594
50138580,IMPRESION DIGITALSORIANA,50,10
50138590,TDR SENALETICA AMAZON,50,41.25
50066951,FOTO APEX 6X8 DE 101-200,50,7.3276
50138006,PROYECTO MOVISTAR,50,43335
50029380,SELLO PR1438 RJ,50,193.97
50029937,ARILLO PLAST. CHICO,50,6.9
50066954,FOTO APEX 8X10 DE 51-100,50,15.5173
50086643,IMPRESION CTA B/N OPAL 51-100,50,1.12
50125930,SOBRE SOLAPA ENGOMADO N 5,50,5.17
50138396,GRAFICORESPALMCKEE COMBODISPLAY,50,174
50139426,SEMANA DE LA SALUD 1,50,7301
50029834,COPIAS BN DOBLE CARTA 501-1000,50,2.4138
50029877,IMP.BN OFICIO1001-10000 .,50,1.2931
50044047,3 ROMPECABEZAS D CTA 96 PZAS,50,185.34
50074554,LONA FRONT RES.FOTOGRAFICA M2,50,132.758
50076437,ESCRI.12 MES 01 PZ,50,84.48
50138051,VINIL TOTTEM,50,36.25
50139501,LETREROS EN COROPLAST,50,76.25
50029818,COPIAS BN CARTA 1-100,50,1.2931
50029947,ENGARG.MET.PLAS. OF 181,50,60.34
50045871,CART. ASTROPARCHE AMA 200G,50,3.448
50070561,IMPRESIONES B/N T/CARTA,50,0.95
50074651,CORROPL BCO 4MM 1.19 X 1 M,50,408.62
50080666,SELLO PR1060 AZUL,50,231.9
50125926,LIGAS N 12,50,0.86
50125927,CLIP PARA GAFETES,50,5.17
50138061,IMPRESION GF 44X57 CM,50,200
50138480,COJIN ENTINTADO ESPECIAL,50,133.5
50090878,BANER CON ESTRUCTURA,50,480
50093658,UNIBACK NE 221-340 HOJAS,50,64.66
50118919,SOBRE MEMBRETADO,50,5.5
50137934,ENVIOS SEGUN DISTRIBUCION,50,350
50138221,POSTER PUERTA COUCHE 150 G,50,14.43
50138938,MATERIALES GUADALAJARA COTIDIANA,50,65420.25
50035084,ETIQUETA CTA 165G,50,6.8967
50053925,PLOTER APERLADO 88X50,50,223.28
50071602,ENVIO 1,50,2
50073891,COPIA TC B/N,50,0.3443
50086776,IMP COLR CTA KROMEKOTE 1-50,50,12.915
50105496,HOJA CARTULINA METALICA PLATA,50,10.78
50029831,COPIAS BN DOBLE CARTA 101-500,50,2.5862
50029939,ARILLO METAL 9-16,50,10.34
50070568,ENGARGOLADOS MENOR 1,50,13.45
50074594,VINIL REMOV.1.50 X 1 M,50,788.36
50083141,IMPRESION COUCHE 28X35 CM,50,14.29
50029959,ENM.TARJETA CIRCULACION,50,13.79
50049741,SERVICIO DE FORRADO PZA,50,17.24
50053919,PLANEADOR DOBLE CARTA,50,56.04
50095030,ASESORIA IMPRESION TRAMITES,50,18.97
50138126,LONAS,50,169
50138645,COLUMNA GENERAR ALBONDIGAS,50,880
50139156,HORARIO SATELITE,50,36.75
50029387,"SELLO PR2770 NG ""COPPEL""",50,349.14
50029861,PLANOS PAPEL BOND 91X80,50,56.04
50029887,IMP. ACETATOS BN 1-30,50,11.12
50029938,ARILLO PLASTICO GRANDE,50,12.93
50043677,VINYL 91X50CM,50,227.59
50067571,CART. SULFATADA D/C. 265G,50,10.34
50068758,OJILLOS,50,5.1725
50118944,PRINTER 55 DATER NEGRO /ROJO,50,705.5
50128449,ROLLOS TERMICOS GARIS 110 X 83 MM,50,35.3
50137386,SENALETICA KAEG,50,4447.27
50138567,DANGLERS COLEMAN ASS 4ARTES,50,31750
50139495,DEPARTAMENTALES ASHLEY,50,875
50061227,KIT PROMOCIONAL 3,50,857.76
50125928,BOLIGRAFO OMX NEGRO,50,6.9
50125933,LAPIZ MIRADO N 2,50,6.9
50138058,COPETE ACT II,50,8
50138395,GRAFIVINILY-721SMGRAFEEDTAPERK,50,3
50138637,DOCUMENTO DE EMBARQUE MONTERREY,50,2890.5
50138669,RQ 26003 CONV HELA SEV/OX,50,4.25
50138937,FLOORDISPLAY PRE ARMABLE MARIOBROS,50,1367.4
50139096,ENVOLVENTE 4X4 SIN CAJON NI REJILLAS,50,1089.25
50029837,ACETATOS BN 61 O MAS,50,9.4828
50029888,IMP. ACETATOS BN 31-6,50,10.345
50066946,FOTO APEX 4X6 MAS 201,50,4.3103
50086844,ENGARGOLADO DC METAL 7/16,50,40.1025
50109365,LONA FRONT 13 OZ 120X100 CMS,50,204.63
50112195,MINIPRINTS,50,8.62
50136996,ROLLOS TERMICOS 57X60 MM GL,50,18
50029970,FRAC. RENTA DE PC (15 MINS.),50,12.93
50053292,PRINTER 35 DATER NEGRO/ROJO,50,681
50067390,PLOTER ECONOMICO 10CM ADIC,50,34.48
50070565,ENMICADO T/CIRCULACION,50,6.47
50084115,P C/ RED NI#O/A BCA,50,56.04
50085961,POSTES BOND 90X60,50,32.525
50098537,PAPEL SEMILLA DC,50,6.8967
50138171,RQ-OLA-26025 EXH CABECERA GB,50,893.25
50139581,IMPRESION CON BASTIDOR,50,8350
50029839,CCC 51-250,50,12.5
50029865,PLANOS ALBANENE 91X60,50,64.66
50029972,FRAC.RENTA DE MAC (15 MINS.),50,12.93
50050375,PLASTIFICADO 91 X 100 CM,50,178.45
50125923,SUJETADOCUMENTOS 19MM,50,5.17
50138269,NUMEROS,50,2.25
50138285,LETRERO VIVE TU HOGAR OPC 2 DEL VALLE,50,5503
50138482,GRAFICO 1.11X60,50,283.5
50138643,ASHLEY PRECIADOR,50,13.5
50138676,RQ26004 ATS EXH AME 90 PAN/BOLL,50,479
50139085,CREDENCIALES KAEG,50,15
50030010,PLOTBNALBAN EN8830 91X60,50,64.66
50066953,FOTO APEX 8X10 DE 11-50,50,17.24
50109926,CUADRO CANVAS C/BASTIDOR 30X45,50,672.415
50118942,PRINTER 55,50,479.25
50081913,TAZA MAGICA NEGRO,50,90.52
50086833,ENGARGOLADO MET DC PLAST 1/4,50,39.69
50138161,CARRITOS DE PICK RED TAG,50,95
50138270,LIBRETA DE ESC ECOLOGICA CON 60 HOJAS,50,40.5
50138586,ETIQUETAS CANASTA AZUL,50,3
50029377,SELLO PR1850 NG,50,262.93
50029825,COPIAS BN OFICIO 101-500,50,1.7241
50068550,ESCANEO MAS DE 1000,50,0.8621
50081912,TAZA CON CUCHARA NARANJA,50,81.9
50121741,PAPEL PRESENTACION 90X120CM,50,396.55
50136809,SOBRES RAYOS X 14X17 OLAB,50,3.76
50137883,MENU REGULAR EXTENDIDO,50,104.25
50029858,ACETATO COLOR DE 61 O MAS,50,17.24
50029866,PLANOS ALBANENE 91X100,50,81.9
50031764,CALENDARIO TABLOIDE,50,51.72
50071697,FOTOGRAFIA VISA COLOR,50,34.48
50103436,FOTO 6X8 MITSUBISHI,50,8.54
50109372,PLACA COROPLAST 4MM 120X100 CM,50,450
50109929,CUADRO CANVAS C/BASTIDO 80X120,50,2327.59
50029850,CCDC 1-50,50,16.9
50030037,POCKET STAMP 30,50,200.75
50067570,CART. SULFATADA CTA. 265G,50,6.9
50077353,PRINTER 30 REDONDO,50,337
50109367,LONA FRONT 10 OZ 1.50X100 CMS,50,226.72
50134559,BOLIGRAFO LOGO GRUPO ANGELES,50,4.25
50137761,SELLO PRINTER 35 DATER 30X50 NG/AZUL,50,681
50138052,SULFATADA 2 C 18 PT,50,42.5
50138275,TROVICEL PVC ESP BCO 3 PT DEL VALLE,50,379
50138350,SELLING MODELS BOARD,50,63
50138489,GRAFICO 48X73,50,335
50139491,BLOCK 50 HOJAS,50,172.5
50028040,ENGRAPADO,50,1.7233
50138349,DIRECT INDIRECT BOARDV 2,50,250
50138679,RQ COL 26012 ARET 40 CM,50,22.5
50138946,LETRERO CERO ACCIDENTES,50,370
50029824,COPIAS BN OFICIO 1-100,50,2.1552
50029952,ENC.TERMICOCARTA 1-60,50,24.14
50048516,ALBANENE CTA AMARILLO 110G,50,5.17
50066948,FOTO APEX 5X7 DE 101-200,50,6.4655
50029854,CCDC 1001 O MAS,50,13.79
50035262,PLAYERA CUELLO REDONDO NEGRA,50,90.52
50044046,3 ROMPECABEZAS T CTA 48 PZAS,50,155.17
50056372,IMPRESION Y QUEMADO EN CD,50,56.04
50070573,PAPEL COUCHE D/C,50,3.45
50086498,VINYL ADHER BTE 10 CM ADICONAL,50,51.72
50086835,ENGARGOLADO DC PLAST 3/8,50,39.69
50138271,LETRERO DE ENTRADA SATELITE,50,1647
50138654,STAND EXPO 2026,50,90000
50138681,RQ 26030 DE ARET PAS WON,50,9.5
50138941,SALIDA DE MATERIAL,50,2500
50138942,PRESTAMO DE HERRAMIENTA,50,2500
50029830,COPIAS BN DOBLE CARTA 1-100,50,3.02
50067110,LONA BANNER 10 CM ADICIONAL,50,43.1
50100762,STICKER 2,50,4.095
50138945,TABLA DE DESEMPENO,50,370
50029835,ACETATOS BN 1-30,50,11.12
50029949,ENGARG MET D/CTA 61-180,50,56.04
50029988,300 TARJ PRES COLOR,50,465.52
50030026,ENVOLTURA PLASTICA,50,7.33
50044045,ROMPECABEZA T CARTA 48 PZAS,50,68.1
50086853,ENCUAD FAST BACK 126-250 HOJAS,50,35.28
50121743,PLOTTER PHOTOGLOSSY 90X120CM,50,501.72
50125931,SOBRE SOLAPA ENGOMADO N 6,50,5.17
50029378,SELLO PR1850 RJ,50,211.21
50029989,500 TARJ PRES COLOR,50,698.28
50066955,FOTO APEX 8X10 MAS DE 101,50,14.66
50081910,TAZA CON CUCHARA CAFE,50,81.9
50085974,CUPON 50% DES.FOTOS 4X6 N2R,50,0.01
50118940,PRINTER 50,50,341.25
50132379,SELLO R45,50,746
50139270,MATERIALES INTERLOMAS COTIDIANA,50,18429
50030011,PLOTBNALBANEN 8830 20CM.,50,17.24
50047313,FOTOS 5X7 A 24HRS,50,2.11
50066318,FOTO APEX COLLAGE 6X8,50,12.93
50072567,ENGRAPADO,50,1.725
50138935,RQ 26073 DE GANCHERA JULITAS,50,2.75
50052305,"PAQ BOTONES 3"" 9PZA",50,73.275
50076290,ENCUADERNADO TERMICO 1,50,17.24
50093058,LONA BANNER Y ESTR 60X1.60,50,721.55
50093659,UNIHARD M 1-40 HOJAS,50,181.04
50138055,TARJETAS DE PRESENTACION,50,3.75
50138172,RQ-OLA-26025 EXH CAB. GBF (LATERALES),50,983
50138672,SIGN BANDS SATELITE 4 PIES 84X23,50,40
50139427,SEMANA DE LA SALUD 2,50,7468.5
50029859,PLANOS PAPEL BOND 91X40,50,19.83
50029944,ENGARG.MET. PLAS. OF 1-60,50,34.48
50049345,PORTA PLANO,50,5.6
50086742,ENMICADO TAMA#O CARTA,50,12.35
50137090,STICKER,50,5
50139078,CARTEL NUMEROS DE CONTACTO,50,485.75
50029872,IMP. BN CARTA 501 A 1000,50,1.1207
50030007,PLOTEO BOND 8830 91X80,50,56.04
50086840,ENGARGOLADO DC METAL 1 1/4,50,44.1025
50138072,LETRERO BANOS,50,15.5
50138265,INSTALACION LETREROS DEL VALLE,50,4500
50138272,LETRERO VIVE TU HOGAR OPCION 2,50,5503
50138278,VINIL TOTTEM QUERETARO COROPLAST,50,48.75
50138638,BITACORA MONTERREY,50,2351.25
50138785,STAND EXPO 2026 KYMA,50,45000
50139154,AMBIENTAIR,50,180.25
50067112,PAPEL ADHERIBLE MTE 10 CM,50,51.72
50093663,UNIHARD 221-340 HOJAS,50,213.79
50105912,ENVIO DOCS CORREO ELECTRONICO,50,12.93
50113462,FOTO APEX 8X12 11-50,50,20.69
50125921,CLIP EJECUTIVO N 2,50,0.86
50132953,MX554 BLOCK 250 FOLIOS,50,323
50138060,IMPRESION GF 94.5X134.5 CM,50,475
50138073,RQ 26005 ATS BOTADERO 1/4 PALLET,50,418.25
50029892,IMP. COLOR CARTA 51-250,50,12.5
50071699,FOTOGRAFIA OVALO COLOR,50,34.48
50072064,PROMO ROMPECABEZAS,50,0.01
50103437,FOTO 6X6 MITSUBISHI,50,8.61
50103731,BOLSA ECOLOGICA KODAK PROMO,50,4.31
50138162,BUFFER PARA CARRITOS DE PICK CUBOS,50,1025
50138289,ARTE PARA CAJAS 42.7X29 CM,50,95
50138348,DIRECT INDIRECT BOARDV 1,50,122.75
50138646,COLUMNA VAJILLAS BAR,50,840
50029857,ACETATO COLOR DE 31-60,50,18.97
50068175,PAG ADC. 8X10,50,12.93
50071698,FOTOGRAFIA VISA B/N,50,34.48
50081898,30 FOLDER PERSONALIZADOS,50,516.38
50094715,HORARIO ESCOLAR MEDIA CARTA,50,15.52
50138283,HORARIOS /CODIGO ADAM/ WIFI VINIL,50,36.75
50139157,INSTALACION,50,650
50016692,VENTA DE CARTON,50,0.431
50029838,CCC 1-50,50,12.845
50113464,FOTO APEX 8X12 MAS DE 101,50,16.38
50138485,GRAFICO 146X62,50,610
50138644,DEPARTAMENTALES ASHLEY,50,875
50029379,SELLO PR1438 NG,50,240.52
50029982,100 TARJ PRES B/N,50,185.34
50086649,COPIA COLOR COUCHE 1-50,50,11.63
50094710,ETIQ.PARA ACCESORIOS ESCOLARES,50,15.52
50105885,IMPRESION SAWGRASS SIN PAPEL,50,32.76
50138047,CATALOGO,50,79.25
50138064,IMPRESION GF 90X60 CM,50,400
50138268,MICROPERFORADO,50,104.75
50139091,TEQUILERO CON LOGO TROBBU,50,52.5
50030004,PLOTER PAPEL BLACK LITE 88 X 5,50,346.55
50128528,SOBRE BOND COLOR,50,3.88
50138200,LIBRETA COLLAGE ONBOARDING,50,95
50138576,VINIL PARA BANCA,50,45
50029847,CCO 251-1000,50,12.5
50029940,ARILLO METAL 7-8,50,15.52
50029942,PASTAS PLASTICAS,50,12.93
50105174,ETIQUETA TRANSPARENTE,50,23.28
50138282,LETRERO IGUALACION DE PRECIOS,50,13.5
50029823,COPIAS BN CARTA 1001-5000,50,1.0345
50029886,IMP. BN D. CARTA 1001-10000,50,2.2414
50030008,PLOTEO BOND 8830 91X1.00,50,64.66
50053284,PRINTER 20,50,148
50093656,UNIBACK NE 131-220 HOJAS,50,56.04
50053286,PRINTY 40,50,246
50137923,PANELES GRANDES FORMATOS 60X120 CM,50,152
50138078,SENALIZACION PISOS VINIL MED 60X140,50,524.25
50138123,COLGANTE SHOP,50,993.25
50138589,DEPARTAMENTALES TROVICEL 50X132,50,875
50138936,RQ BUSA 24012 EXH 3 FT CON,50,194.75
50029920,FOLDER MANILA CARTA,50,4.31
50049740,ETIQUETAS ESCOLARES,50,18.97
50073900,IMP. COLOR CARTA 1-50,50,10.258
50074624,IMPRESION B/N 2001-A MAS,50,0.345
50081637,TYGER 222 GR T CTA,50,8.62
50093317,CORTE DE VINIL 50 X 20 CM,50,120.37
50137859,DISNEY PLAY SUBL M CAB STITCH ACID POP,50,280.17
50138341,VINIL ELECTRO JIT,50,950
50063561,AGENDA PERSONALIZADA,50,198.28
50068174,PAG ADC. 6X8,50,8.62
50094282,PROTECTOR DE HJS T/CTA,50,1.29
50137476,IMPRESION CANSON INFINITY 60 X 50,50,352.59
50138342,GRUO LIST SOLVATEX ROLLO GLOSSY,50,94
50138352,LIST OF SOTRIES WITH GROUPS,50,9
50139093,BAUCHERA TROBBUVINIPIELLOGO GRABADO,50,397.5
50029841,CCC251-1000,50,12.1552
50036882,FOTOGRAFIA INFANTIL B/N,50,34.48
50067575,CART. KROM/EUROCOT DC. 215G,50,8.62
50068821,PAP SEGURIDAD VERD TC 90G,50,6.9
50029817,COPIA BN OFICIO DE AUTOSE .,50,25.775
50029832,COPIAS BN DC 1001-10000,50,2.1552
50030013,PLOTBNALBANEN 8830 91X100,50,81.9
50138163,TRIANGULOS,50,425
50138484,GRAFICO 146X73,50,726.75
50084112,PLAY.T POLO NI#O/A G/NE,50,99.14
50086489,VINYL BTE ADHERIBLE 91X50,50,240.52
50138351,COLLECTIVE ROADM AP,50,250
50138649,SIGN BANDS SATELITE 4 PIES 113X23,50,40
50138673,RQ 26046 DE MALLALACK,50,188.5
50029819,COPIAS BN CARTA 101-500,50,1.2069
50029901,IMP. COLOR OFICIO 250-1000,50,12.5
50029990,1000 TARJ PRES COLOR,50,1306.04
50080670,SELLO PR1438 AZUL,50,240.52
50098327,FOTO PANORAMICA KODAK,50,57.93
50098806,PHOTO PANEL 8X10,50,185.34
50121742,PLOTTER PHOTOGLOSSY 90X60CM,50,248.28
50137884,INSERTO TRÃO,50,26
50138219,ENVIOS POR PAQUETERIA,50,11165
50138675,RQ 26026 ATS RACKSA MS 3 F,50,52.25
50029916,PAPELES FINOS CARTA,50,4.31
50029926,ENGARG.PLAS.PLAST. 61-180,50,18.97
50068548,ESCANEO DE 1 A 500,50,4.3103
50138639,REMISIONES H2,50,2351.25
50138658,CATALOGO,50,209.5
50021787,CALENDARIO CARTA 12 MESES 1-5,50,133.62
50029966,FAX LARGA DIST. NAC.,50,18.1
50066320,FOTO APEX 8X10 DE 1-10,50,18.97
50137924,PANELES GRANDES FORMATOS 50X100 CM,50,135.5
50029964,ENVIO DE FAX LOCAL,50,10.34
50066947,FOTO APEX 5X7 DE 51-100,50,7.33
50066949,FOTO APEX 5X7 MAS 201,50,5.6
50098328,FOTOTIRA METRICA KODAK,50,82.76
50098331,SOLICITUD DE EMPLEO,50,2.5
50137850,DISNEY TAZA BLANCA STITCH ACID POP,50,125
50138220,POSTER 58X88 CM COUCHE 150 G,50,24.5
50138344,NAME HOLDERS,50,10.75
50138786,LETREROS ANDENES AMAZON,50,130.5
50028017,CART. OPALINA D/C 300G,50,7.76
50028018,CART. COUCHE CTA 225G,50,5.17
50046900,ESCANEO DE 01 FOTOGRAFIA ADICI,50,4.31
50076803,CM ADIC PLOTT COLOR CADA 10CM,50,8.62
50109925,CUADRO CANVAS C/BASTIDOR 20X30,50,543.1
50138062,IMPRESION GF 60X90 CM,50,400
50138574,GRAFICO 111X60,50,283.5
50138591,GTDR SENALETICA AMAZON,50,41.25
50029386,SELLO PR4090 RJ,50,418.1
50029821,COPIAS BN CARTA 501-1000,50,1.1207
50029991,100 HOJAS MEMBRE T/C COLOR,50,512.93
50067105,TELA ART. CANVAS 10 CM,50,68.97
50113540,CONTRATOS TOTALES REPARACION,50,1.08
50137477,IMPRESION CANSON INFINITY 10CM ADIC,50,56.035
50138071,APAGA LA LUZ,50,12.75
50138286,ETIQUETA CARRITOS,50,2
50138657,EVENTO ARTEMIGA,50,3324.25
50029853,CCDC 251-1000,50,14.6552
50029963,PLASTIFICADO 61 X 100 CM,50,97.41
50036884,FOTOGRAFIA CREDENCIAL B/N,50,34.48
50052905,PLAST. POR HOJA (2 PAG),50,2.59
50067572,CART. COUCHE D/C 225G,50,7.76
50067577,CART. LINO D/C. 216G,50,9.48
50086411,PRINTER 10 NEGRO,50,79.9
50086607,ACETATO B/N 1-99,50,8.82
50138129,LETRERO MILE,50,247.5
50138642,COROPLAST ASHLEY BED BATH,50,150
50138652,SBS SULFATADA 16 PT,50,4.5
50029914,IMP. ACET. COLOR 61 O MAS,50,17.2413
50069808,ETIQUETAS DE REGALO 20 PZ,50,21.5525
50072065,SOBRE PARA FOTOGRAFIA,50,2.16
50073885,COPIA OFICIO B/N,50,0.56
50084109,PLAY.T POLO NI#O/A M /BCA,50,90.52
50091406,FOTO LATA KODAK,50,4.31
50029895,IMP. COLOR CTA 1001-MAS,50,10.5172
50105493,HOJA CARTULINA METALICA CREMA,50,10.78
50138678,RQ COL 26011 ARET 40 CM,50,22.5
50138948,SENALITICA DEL VALLE,50,5965
50029381,SELLO PR4040 NG,50,357.76
50118704,PROYECTO HOJAS MEM SALUD DIG,50,0.27
50137692,SELLO PRINTER 55 DATER 40X60 MM NEGRA,50,705.5
50138340,COL26001 MAT TOR 4 FTS P COLOMBIA,50,627.25
50138585,ETIQUETAS CARRITO AZUL FRENTE METAL,50,11
50029385,SELLO PR4090 NG,50,512.93
50030001,"PAQ. BOTONES 2"" 100PZ",50,681.04
50053554,PORTA RETRATO CARTA RECORTA,50,11.98
50070557,COPIAS B/N T/C AUTOSERV 1-100,50,0.8535
50086674,COPIA COL KROMA 1-50,50,18.56
50093661,UNIHARD 131-220HOJAS,50,198.28
50138070,LETRERO TELEFONICO,50,11
50138080,TDP KAEG,50,700
50138787,CAMPANA SPRING 26,50,356337.66
50029846,CCO 51-250,50,13.3621
50053546,CALENDARIO TABLOIDE 12 MESES,50,159.48
50062339,ENV. PAQUETE 3.0 KG ZONA 1,50,225
50138281,LETREROS ACEPTAMOS TARJETAS COUCHE,50,17.75
50138398,LETRERO TROVICEL PVC,50,2450
50138943,NP5100013-SERVICICFERIA OMX STAND,50,176600
50139493,DEPARTAMENTALES INTERLOMAS,50,875
50029869,IMP. BN CARTA 1 A 100,50,1.2931
50047314,FOTOS 6X8 A 24HRS,50,3.02
50066319,CALENDARIO APEX 6X8,50,7.76
50067078,POSTER BOARD 102X72 1.2MM,50,404.31
50128525,SEPARADOR LINEA DE CAJA,50,133.75
50138063,IMPRESION GF TAMANO OFICIO,50,355
50138660,TABLOIDES,50,23.75
50029889,IMP. ACETATOS BN 61 O M,50,9.48
50029894,IMP. COLOR CARTA 251-1000,50,12.1552
50029908,IMPRESION A COLOR,50,14.6552
50093648,UNIFLEX NE 131-220 HOJAS,50,64.66
50109915,CUADRO EN ACRILICO FLOT 20X20,50,689.66
50121740,PAPEL PRESENTACION 90X60CM,50,215.52
50138276,VINIL TOTTEM RESP GRIS GF,50,36.25
50138587,ETIQUETAS CARRITO GRNDE LATERALES,50,2.05
50138947,HORARIO RECIBO,50,371.25
50139155,ESCALERAS SATELITE,50,667.25
50139497,PRECIADORES ASHLEY 17X23,50,13.5
50029848,CCO 1001-MAS,50,12.96
50029871,IMP. BN CARTA 101 A 500,50,1.2069
50045873,CART. ASTROPARCHE BLANCO 200G,50,3.45
50070563,IMPRESIONES COLOR T/DCARTA,50,9.38
50138124,TROVICEL PVC ESPUMADO BLANCO 3 PT,50,379
50138400,TARJETA DE BIENVENIDA SODEXO,50,8
50139498,BUSA24012 EXHI 3 FT CONV END CAP,50,194.75
50029898,IMP. COLOR OFICIO 1-50,50,13.62
50029943,ARMADO,50,10.34
50029996,PLAYE C REDONDO D/CTA,50,90.52
50071633,GLOBOS FOX,50,6
50118041,SOBRES,50,8.19
50138575,GRAFICO 150X57,50,436.5
50066316,FOTO APEX 5X7 DE 1-50,50,8.19
50076176,ESTIRE 30 PTS.1.20 X 1 M,50,487.07
50136209,LIBRETA COLLAGE DANONE,50,94
50138588,ETIQUETAS GRIS CANASTA INTERLOMAS,50,2
50030006,PLOTEO BOND 8830 91X60 B/N,50,47.4133
50067076,PAPEL ADHERIBLE MTE 280G 90X50,50,240.52
50070562,IMPRESIONES COLOR T/CARTA,50,5.2417
50138068,IMPRESION GF 80X78 CM,50,410
50138130,LETRERO MILE 2,50,209
50138684,STAND EXPO 2026 OFFICEMAX,50,139999.9722
50029828,COPIAS BN OFICIO 1001-10000,50,1.2931
50029909,IMP. COLOR DCTA 1001-MAS,50,13.7933
50067578,CART GUARRO/FABRIA TC 160G,50,4.31
50109384,PLACA TROVICEL 6MM 120 X150,50,1090.52
50138347,N-STORE DATE TEMPLATE,50,9
50138399,BANDEROLAS JUMEX S-COOL,50,27.75
50029383,SELLO PR1060 NG,50,231.9
50029946,ENGARG.MET.PLAS.121-180,50,51.72
50086680,COPIA SPLASH HOJA DE COL 1-50,50,10.86
50093642,UNIFLEXL NE 86-130 HOJAS,50,56.04
50137925,PLANILLAS DE STICKERS,50,7.5
50138648,UTENCILIOS DE MESA,50,455
50139583,DIPTICOS DIOR,50,6.5
50029842,CCC 1001-MAS,50,10.5172
50029979,QUEMADO DE CD,50,43.1
50066800,TAZAS PAQ. 06 PZ.,50,284.48
50138267,IMPRESION EN ESTIRENO T/CARTA,50,32.75
50029875,IMP. BN OFICIO 1-100,50,2.1552
50029974,DISENO GRAFICO (HORA),50,456.04
50092282,BANNER DE .80 X 1.80,50,378.45
50139502,BANNER EN CONSTRUCCION,50,542
50029925,ENGARG.PLAS.PLAST. 1-60,50,15.52
50106570,PRODUCTOS FIN DE TEMPORADA,50,25.86
50138053,ETIQUETA CARRITOS,50,2
50138401,MANUAL SODEXO,50,30
50138647,COLUMNA RELOJ,50,570
50138949,LETREROS COROPLAST,50,65
50029384,SELLO PR1060 RJ,50,198.28
50029915,PAP. BOND COLORES CTA. 90G,50,2.585
50029997,IMP.TIPO POLO D-CARTA,50,112.07
50066321,FOTO APEX COLLAGE 8X10,50,24.14
50103439,FOTO COLLAGE 4X6 MITSUBISHI,50,4.3
50105736,VASO PROMOCION KODAK,50,4.31
50125925,BROCHE PARA ARCHIVO 8CM,50,2.59
50138079,SENALIZACION PISOS VINIL MED 17X26 CM,50,15
50138650,SIGN BANDS SATELITE 4 PIES 84X23,50,40
50139152,FLAG BANNER,50,3500
50029891,IMP. COLOR CARTA 1-50,50,12.8447
50029935,ENGARG.MET.PLAST. 121-180,50,34.48
50045872,CART. ASTROPARCHE ROSA 200G,50,3.45
50066945,FOTO APEX 4X6 DE 101-200,50,4.7414
50112138,MAPA BLANCO Y NEGRO,50,4.31
50113470,BOLSA DE REGALO,50,19.215
50138201,JUEGO STICKERS EN PLANILLA ONBOARDING,50,36
50138478,PRINTER 50 30 X 69 MM TINTA NEGRA,50,341.25
50138343,GRUO LIST BOND 4CC,50,3
50138483,GRAFICO 150X57,50,436.5
50138641,CAMPANA PRIM 2026,50,16516.5
50138683,TROVICEL PVC ESPUMADO BLANCO 3 PT,50,379
50139490,LONA AMAZON MORELIA,50,1350
50053290,PRINTER Q43 DATER NEGRO /ROJO,50,628.75
50070569,ENGARGOLADOS MAYOR 1,50,20.92
50086666,IMP. B&N HOJA COLOR 51-100,50,1.2069
50090239,RENTA DE PC POR MINUTO,50,0.862
50131453,VINIL ADHERIBLE,50,1850
50029977,ESCANEO DE IMAGEN,50,8.62
50067075,PAPEL PRSNTACIN 180G 90X50,50,185.34
50067576,CART. LINO CTA. 216G,50,7.33
50067579,CART. GUARRO/FABRIA DC 160G,50,6.8967
50081636,TYGER 222 GR D/CTA,50,12.93
50138007,MATERIALES EVENTO,50,1818
50138125,LETRERO ENTRADA OAT GF TROVICEL 3MM,50,600
50138671,SIGN BANDS DEL VALLE 4 PIES 113X23,50,40
50029870,IMP.BN CARTA 1001-5000,50,1.0345
50046899,ESCANEO DE 13 FOTOS ADICIONAL,50,4.31
50076180,ESTIRE 60PTS.1.20 X 1 M,50,700.9267
50084096,PLAY. T POLO DAMA G/BCA,50,120.0867
50113463,FOTO APEX 8X12 51-100,50,18.9655
50139484,FONDO BCO Y MORADO,50,3
50048515,ALBANENE CTA BCO 110 G,50,3.02
50109369,VINIL REMOVIBLE 150X100 CMS,50,550
50109918,CUADRO EN ACRILICO FLOT 40X60,50,2198.28
50118939,PRINTY 40,50,246
50138264,INSTALACION LETREROS SATELITE,50,4500
50138680,RQ COL 26013 ARET MULTI,50,22.5
50138682,LETRERO IGUALACION DE PRECIOS,50,13.5
50030002,PLOTER GLOSSY 90X50,50,206.04
50043678,TELA ARTISTICA CANVAS 91X50CM,50,456.9
50086943,CORDON PORTA GAFETE PERSONAL,50,12.5
50134560,FOLDER INSTITUCIONAL,50,3.9
50138656,PROYECTO STAND EXPO 2026,50,80500
50139095,IMPRESION DIA DEL NINO,50,9780.25
50029899,IMP. COLOR OFICIO 50-251,50,13.3621
50077354,PRINTER 50 REDONDO,50,578
50107400,ENMICADO SIN DOC T/C Y T/O,50,6.035
50110114,PLAYERA,50,122.415
50135596,SOBRES RAYOS X 14X17 MOREIRA,50,0.24
50138479,PRINTER 55 DATER 40X60 MM TINTA NEGRA,50,705.5
50138782,CATEGORIZADOR,50,100
50029902,IMP. COLOR OFICIO 1001-MAS,50,12.07
50073937,PLANOS PAPEL BOND 91 X 40,50,12.845
50138578,ACRILICO 74X48,50,1193
50138579,IMPRESION COROPLAST SORIANA,50,56
50139500,TRIPTICOS,50,10
50029965,FAX PAG. ADICIONAL,50,8.62
50029975,DISENO GRAFICO (15 MIN),50,142.24
50066433,TAZA BLANCA SIN IMP,50,25.86
50125929,BOLIGRAFO OMX AZUL,50,6.9
50138056,HOJAS MENBRETADAS,50,4.5
50138288,ARTE PARA CAJAS 23X24 CM,50,35
50138290,RACK TOSTITOS,50,349.25
50138659,TARJETAS DE PRESENTACION,50,4.5
50139494,DANGLERSBATIDORAS4ARTES,50,5
50132763,CINTA EMPAQUE TRANSP JANEL 44X40M 1PZ,7,17.16
50076298,CLIP OMX ESTANDAR N°2 100PZS,9,17.16
50062213,QUITAGRAPAS MAPED ECONOMICO,9,17.16
50031358,GRAPA FIFA MINI NO10 (3/16),9,17.16
50064842,SACAPUNTAS VIVO DOBLE,10,17.16
50069829,REPUESTO P/BORRADOR 2PZ OMX,10,17.16
50132313,ERASNER 2 EN 1 BLIS C 1,10,17.16
50063340,GOMA DE MIGAJON OMX 2 PIEZAS,10,17.16
50137970,GOMA MUNDIAL PELIKAN,10,17.16
50096256,ACRILICO C. NEGRO 30ML,11,17.16
50096272,ACRILICO C. AZUL PASTEL 30ML,11,17.16
50096336,ACRILICO AZ. LAPIZLAZULI 30ML,11,17.16
50096365,ACRILICO C. AZUL LLADRO 30ML,11,17.16
50096359,ACRILICO C. AMA. NAPOLES 30ML,11,17.16
50096338,ACRILICO FLUORES. ROSA 30ML,11,17.16
50107758,PAPEL CHINA AMARILLO 50 X 70CM,11,17.16
50104035,MONO CAIREL ROJO,11,17.16
50136668,MASA MOLDEABLE DOUGH ROJO,11,17.16
50089882,PLASTILINA MARQUETA CAFE 180G,11,17.16
50096291,ACRILICO C. PIEL CLARA 30ML,11,17.16
50096280,ACRILICO C. ROSA CLARO 30ML,11,17.16
50096270,ACRILICO C. ROJO INDIO 30ML,11,17.16
50096337,ACRILICO C. AMA. PASTEL 30ML,11,17.16
50096352,ACRILICO C. MALVA 30ML,11,17.16
50096311,ACRILICO C. VERDE BANDERA 30ML,11,17.16
50096353,ACRILICO C. AZUL COUNTRY 30ML,11,17.16
50096296,ACRILICO C. BUGAMBILIA 30ML,11,17.16
50096304,ACRILICO C. LILA 30ML,11,17.16
50096258,ACRILICO C. ROJO INTENSO 30ML,11,17.16
50096279,ACRILICO AZUL ULTRAMAR 30ML,11,17.16
50096323,ACRILICO C. AZUL MEDIO 30ML,11,17.16
50096362,ACRILICO C. CAFE LLADRO 30ML,11,17.16
50136670,MASA MOLDEABLE DOUGH AMARILLO,11,17.16
50107757,PAPEL CHINA VERDE 50 X 70 CM 4,11,17.16
50096335,ACRILICO C. GRIS LLADRO 30ML,11,17.16
50096367,ACRILICO C. SEPIA 30ML,11,17.16
50089892,PLASTILINA MARQUETA VDE CL 180,11,17.16
50096326,ACRILICO C. CARMIN 30ML,11,17.16
50096351,ACRILICO C. VERDE OLIVA 30ML,11,17.16
50107760,PAPEL CHINA NEGRO 50X70CM 4 PZ,11,17.16
50096301,ACRILICO VERDE BRILLANTE 30ML,11,17.16
50126291,PAPEL PRISMA 50X70CM 220G/M2 AZUL TURQUE,11,17.16
50096309,ACRILICO C. AZUL OCEANO 30ML,11,17.16
50096348,ACRILICO C.MOSTAZA CLARO 30ML,11,17.16
50096356,ACRILICO C. LADRILLO 30ML,11,17.16
50096274,ACRILICO C. ROSA MEDIO 30ML,11,17.16
50126270,PAPEL PRISMA 50X70CM 220G/M2 AMA DORADO,11,17.16
50089889,PLASTILINA MARQUETA ROSA 180G,11,17.16
50096271,ACRILICO AMA. CADMIO C. 30ML,11,17.16
50096266,ACRILICO C. ROSA PASTEL 30ML,11,17.16
50096324,ACRILICO C. AMA. OBSCURO 30ML,11,17.16
50096364,ACRILICO C. GRIS AZULADO 30ML,11,17.16
50089879,PLASTILINA MARQUETA AZ CL 180G,11,17.16
50096257,ACRILICO C. AZUL CERULEO 30ML,11,17.16
50096269,ACRILICO C. CARNE 30ML,11,17.16
50096344,ACRILICO FLUORES. AMA. 30ML,11,17.16
50126292,PAPEL PRISMA 50X70CM 220G/M2 AZUL INDIGO,11,17.16
50096285,ACRILICO C. MARRON 30ML,11,17.16
50096366,ACRILICO C. OPALO LLADRO 30ML,11,17.16
50096302,ACRILICO C. ROSA 30ML,11,17.16
50096343,ACRILICO FLOURES. VERDE 30ML,11,17.16
50126289,PAPEL PRISMA 50X70CM 220G/M2 AZUL,11,17.16
50096292,ACRILICO C. ANARANJADO 30ML,11,17.16
50096345,ACRILICO C. AZUL MARINO 30ML,11,17.16
50096355,ACRILICO C. VERDE OBSCURO 30ML,11,17.16
50096320,ACRILICO C. VERDE PASTO 30ML,11,17.16
50111065,BOLSA FELICIDADES CHICA CARTON,11,17.16
50096298,ACRILICO C. VERDE MEDIO 30ML,11,17.16
50096346,ACRILICO C. CARNE OSCURO 30ML,11,17.16
50077646,OJOS MOVIBLES GRANDES C/10PZAS,11,17.16
50089881,PLASTILINA MARQUETA BLANC 180G,11,17.16
50096263,ACRILICO C. VERDE CLARO 30ML,11,17.16
50096339,ACRILICO FLUORES. MORADO 30ML,11,17.16
50096358,ACRILICO C. VERDE LLADRO 30ML,11,17.16
50107753,PAPEL CHINA BLANCO 50 X 70 CM,11,17.16
50107756,PAPEL CHINA ROSA 50 X 70 CM 4P,11,17.16
50126281,PAPEL PRISMA 50X70CM 220G/M2 TABACO,11,17.16
50096308,ACRILICO C. AGUACATE 30ML,11,17.16
50096255,ACRILICO C. BLANCO 30ML,11,17.16
50096350,ACRILICO C. VERDE PINO 30ML,11,17.16
50107754,PAPEL CHINA ROJO 50 X 70 CM 4P,11,17.16
50096297,ACRILICO C. PURPURA 30ML,11,17.16
50126285,PAPEL PRISMA 50X70CM 220G/M2 VERDE,11,17.16
50096281,ACRILICO C. AMA. VERDOSO 30ML,11,17.16
50107761,PAPEL CHINA NARANJA 50 X 70 CM,11,17.16
50096284,ACRILICO C. MAGENTA 30ML,11,17.16
50096294,ACRILICO C. LAVANDA 30ML,11,17.16
50096313,ACRILICO ROJO CADMIO C. 30ML,11,17.16
50126287,PAPEL PRISMA 50X70CM 220G/M2 AZUL CIELO,11,17.16
50136669,MASA MOLDEABLE DOUGH AZUL,11,17.16
50013450,REGLA ESTUDIANTIL 30CM SILCO,11,17.16
50089888,PLASTILINA MARQUETA ROJO 180G,11,17.16
50096299,ACRILICO C. GRIS 30ML,11,17.16
50128114,PIEDRAS CON ADHESIVO CORAZON,11,17.16
50096289,ACRILICO C. AZUL COBALTO 30ML,11,17.16
50096303,ACRILICO TIERRA TOSTADA 30ML,11,17.16
50096307,ACRILICO C. ROJO NIPON 30ML,11,17.16
50096317,ACRILICO VERDE TURQUEZA 30ML,11,17.16
50123304,ACR POLITEC VERDE HOJA ACR ESC 30ML,11,17.16
50096315,ACRILICO C. AZUL TURQUEZA 30ML,11,17.16
50123065,CAJA ARMABLE BARNIZ TAM M COLOR ORO A,11,17.16
50096261,ACRILICO AMA. CADMIO OBS. 30ML,11,17.16
50096321,ACRILICO C. DURAZNO 30ML,11,17.16
50104046,CELOMAGICO MEDIANO 5 PZAS,11,17.16
50096327,ACRILICO C. AMA. OCRE 30ML,11,17.16
50089877,PLASTILINA MARQUETA AMA 180G,11,17.16
50096342,ACRILICO FLUORES. ROJO 30ML,11,17.16
50107759,PAPEL CHINA AZULOBSCURO 50X70,11,17.16
50096265,ACRILICO C. CAFE 30ML,11,17.16
50096319,ACRILICO AMA. ANARANJADO 30ML,11,17.16
50096354,ACRILICO C. BERMELLON 30ML,11,17.16
50096283,ACRILICO C. AMA. LIMON 30ML,11,17.16
50123066,CAJA ARMABLE BARNIZ TAM M PLATA TAMA,11,17.16
50126284,PAPEL PRISMA 50X70CM 220G/M2 VERDE PIST,11,17.16
50096259,ACRILICO C. VIOLETA 30ML,11,17.16
50096286,ACRILICO C. CREMA 30ML,11,17.16
50115872,CAJA MEDIANA ROJA,11,17.16
50096273,ACRILICO C. AZUL CIELO 30ML,11,17.16
50135569,BOLSA BARNIZ CHI SANTA SORPRESA APL,11,17.16
50096363,ACRILICO VERDE OXIDO C. 30ML,11,17.16
50126288,PAPEL PRISMA 50X70CM 220G/M2 VIOLETA,11,17.16
50077647,PLUMA DECORATIVA 7GRS SURT,11,17.16
50096360,ACRILICO C. AZUL MORADO 30ML,11,17.16
50125778,REGLA FLEXIBLE 20CM OFFICEMAX,11,17.16
50077627,DIAMANTINA 20 GRS COL. SURTIDO,11,17.16
50096368,ACRILICO VIOLETA AZULADO 30ML,11,17.16
50137768,SLIMPOP SALSAS NEGRAS 20G,18,17.16
50046802,CARTA REYES Y SANTA,50,17.16
50046781,TARJETA NAVIDE#A,50,17.16
50014844,GOMA WS-30 PELIKAN 2 PZA,10,18.02
50015531,CRAYONES CRAYOLA 6 PZAS,10,18.02
50123451,HOBBY TELA NARANJA 30 ML NO 1308,11,18.02
50123283,ACR POLITEC VERDE OBSC ACR ESC 30ML,11,18.02
50123294,ACR POLITEC AMAR MEDIO ACR ESC 30ML,11,18.02
50123311,ACR POLITEC MALVA ACR ESC 30ML,11,18.02
50123298,ACRILICO POLITEC CARNE ACR ESC 30ML,11,18.02
50123310,ACR POLITEC MORADO ACR ESC 30ML,11,18.02
50123279,ACR POLITEC NEGRO INTENSO ACR ESC 30ML,11,18.02
50123307,ACR POLITEC DURAZNO ACR ESC 30ML,11,18.02
50123293,ACR POLITEC GRIS ACR ESC 30ML,11,18.02
50123289,ACR POLITEC AZUL CELESTE ACR ESC 30ML,11,18.02
50123285,ACR POLITEC NARANJA ACR ESC 30ML,11,18.02
50123315,ACR POLITEC CANELA ACR ESC 30ML 339,11,18.02
50123280,ACRILICO POLITEC OCRE ACR ESC 30ML,11,18.02
50123292,ACR POLITEC AZUL PASTEL ACR ESC 30ML,11,18.02
50123453,HOBBY TELA AZUL COBALTO 30 ML NO 1310,11,18.02
50123458,HOBBY TELA ROSA PASTEL 30 ML NO 1326,11,18.02
50123308,ACR POLITEC NARANJA CLARO ACR ESC 30ML,11,18.02
50123448,HOBBY TELA MORADO 30 ML NO 1334,11,18.02
50123290,ACR POLITEC ROJO ACR ESC 30ML,11,18.02
50123296,ACRILICO POLITEC CREMA ACR ESC 30ML,11,18.02
50123278,ACR POLITEC BCO DE TITANIO ACR ESC 30ML,11,18.02
50123314,ACR POLITEC PALO DE ROSA ACR ESC 30ML,11,18.02
50123297,ACRILICO POLITEC ROSA ACR ESC 30ML,11,18.02
50123318,ACR POLITEC FIUSHA ACR ESC 30ML 343,11,18.02
50123284,ACR POLITEC LIMON HANZA ACR ESC 30ML,11,18.02
50123441,HOBBY TELA BLANCO DE TITAN 30 ML NO 1301,11,18.02
50123316,ACR POLITEC TERRACOTA ACR ESC 30ML 340,11,18.02
50123457,HOBBY TELA CARMIN 30 ML NO 1319,11,18.02
50123454,HOBBY TELA VIOLETA CLARO 30 ML NO 1311,11,18.02
50123449,HOBBY TELA SOMBRA CAFE 30 ML NO 1304,11,18.02
50123305,ACR POLITEC AMAR PASTEL ACR ESC 30ML,11,18.02
50123312,ACR POLITEC VERDE OLIVO ACR ESC 30ML,11,18.02
50123287,ACR POLITEC AZUL COBALTO ACR ESC 30ML,11,18.02
50123326,ACR POLITEC MAGENTA ACRIL ESC 30 ML 342,11,18.02
50123299,ACR POLITEC CARMIN CLARO ACR ESC 30ML,11,18.02
50123303,ACR POLITEC AMAR CLARO ACR ESC 30ML,11,18.02
50123281,ACR POLITEC SOMBRA CAFE ACR ESC 30ML,11,18.02
50123286,ACR POLITEC ROJO TOLUIDINO ACR ESC 30ML,11,18.02
50123291,ACR POLITEC AZUL ULTRAMAR ACR ESC 30ML,11,18.02
50123288,ACR POLITEC VERDE CLARO ACR ESC 30ML,11,18.02
50123317,ACR POLITEC CADMIO ACR ESC 30ML 341,11,18.02
50123452,HOBBY TELA ROJO TOLUIDINA 30 ML NO 1309,11,18.02
50123446,HOBBY TELA AZUL PASTEL 30 ML NO 1316,11,18.02
50104032,MONO ESTRELLA JUMBO METALICO,11,18.02
50123309,ACR POLITEC VERDE PALIDO ACR ESC 30ML,11,18.02
50123447,HOBBY TELA AMARILLO MEDIO 30 ML NO 1318,11,18.02
50123321,ACR POLITEC LAVANDA ACR ESC 30ML 346,11,18.02
50123455,HOBBY TELA AZUL LTRAMAR 30 ML NO 1315,11,18.02
50123282,ACR POLITEC ROJO OXIDO ACR ESC 30ML,11,18.02
50123300,ACRILICO POLITEC TURQUEZA ACR ESC 30ML,11,18.02
50123301,ACRILICO POLITEC VERDE NILO ACR ESC 30ML,11,18.02
50123320,ACR POLITEC LIMA ACR ESC 30ML 345,11,18.02
50123444,HOBBY TELA AZUL CELESTE 30 ML NO 1313,11,18.02
50123443,HOBBY TELA VERDE CLARO 30 ML NO 1312,11,18.02
50123302,ACR POLITEC ROSA PASTEL ACR ESC 30ML,11,18.02
50123442,HOBBY TELA NEGRO INTENSO 30 ML NO 1302,11,18.02
50123459,HOBBY TELA ROSA MEXICANO 30 ML NO 1337,11,18.02
50123456,HOBBY TELA GRIS 30 ML NO 1317,11,18.02
50123313,ACR POLITEC ROSA MEX ACR ESC 30ML,11,18.02
50123445,HOBBY TELA ROJO 30 ML NO 1314,11,18.02
50123306,ACR POLITEC VERDE ORO ACR ESC 30ML,11,18.02
50123295,ACRILICO POLITEC CARMIN ACR ESC 30ML,11,18.02
50123325,ACR POLITEC VIOLETA CLARO ACR ESC 30 ML,11,18.02
50123450,HOBBY TELA LIMON HANZA 30 ML NO 1307,11,18.02
50123319,ACR POLITEC CORAL ACR ESC 30ML 344,11,18.02
50137618,FOLDER POLIPROPILENO CLIP CARTA NEGRO,3,21.55
50137616,FOLDER POLIPROPILENO CLIP CARTA AZUL,3,21.55
50137617,FOLDER POLIPROPILENO CLIP CARTA GRIS,3,21.55
50118625,NOTAS ADHESIVAS MOOVING MULTIC,9,21.55
50118638,BANDERITAS MOOVING DUO COLOR,9,21.55
50118633,SET BANDERITAS MOOVING 6 DISEN,9,21.55
50118639,BANDERITAS MOOVING FLECHAS,9,21.55
50118626,NOTAS ADHESIVAS MOOVING 50X75,9,21.55
50127702,BOLIGRAFOS NORMA X3 PUNTO MEDIO NRA,10,21.55
50130733,CRAYONES VINCI 12 PIEZAS,10,21.55
50131421,GOMAS NEON BLISTER 2 PIEZAS,10,21.55
50112896,BOLSA KRAFT MED. AZUL MARINO,11,21.55
50082060,BORRADOR PARA PIZARRON MADERA,11,21.55
50115869,BOLSA REG KRAF NATURAL MEDIANA,11,21.55
50137304,BOLSA BARNIZ MEDIANA SAN VALENTIN,11,21.55
50125978,ALAMBRE DE ACERO BOLSA 3M,11,21.55
50112898,BOLSA KRAFT MED. CELESTE,11,21.55
50137305,BOLSA BARNIZ M CAPIBARA SAN VALENTIN,11,21.55
50135619,CAJA GRANDE ARMADA COLOR ORO,11,21.55
50113728,BOLSA REGALO KRAFT MEDIANA UVA,11,21.55
50112582,BOLSA REG MED. KRAFT VERDE,11,21.55
50137303,BOLSA CHICA FRASES AMOR,11,21.55
50135618,CAJA GRANDE ARMADA COLOR PLATA,11,21.55
50112583,BOLSA REGALO MED KRAFT ROJO,11,21.55
50112897,BOLSA KRAFT MED. ROSA PASTEL,11,21.55
50131796,BOLSA CHICA STITCH,11,21.55
50139258,TRENDY STICK PLAN LIC STITCH,11,21.55
50031386,REFRESCO PEPSI 600 ML,18,21.55
50124942,VELA NUMERAL PLATA 9,18,21.55
50031392,REFRESCO SEVEN UP 600 ML,18,21.55
50124929,VELA CERA GLITTER NEGRA 12PZ,18,21.55
50124937,VELA NUMERAL PLATA 4,18,21.55
50124936,VELA NUMERAL PLATA 3,18,21.55
50124941,VELA NUMERAL PLATA 8,18,21.55
50124940,VELA NUMERAL PLATA 7,18,21.55
50124934,VELA NUMERAL PLATA 1,18,21.55
50131409,DUO ESPONJA TRIANGULAR C720,18,21.55
50133154,TARJETA DE FELICITACION CUMPLE C1,18,21.55
50124932,VELA SIGNO DE INTERROGACION PLATA,18,21.55
50111359,CANADA DRY 600ML PET,18,21.55
50124933,VELA NUMERAL PLATA 0,18,21.55
50124939,VELA NUMERAL PLATA 6,18,21.55
50031388,REFRESCO PEPSI LIGHT 600 ML,18,21.55
50124930,VELA CERA GLITTER BLANCA 12PZ,18,21.55
50113195,MASCARILLA NOCTURNA REP AVENA,18,21.55
50031395,REFRESCO MANZANITA SOL 600 ML,18,21.55
50125090,BROCHES ESTILO CUCAS 6 PZS,18,21.55
50133155,TARJETA DE FELICITACION CELEBRACION C1,18,21.55
50106070,BOLSA REUTILIZABLE DE TELA,18,21.55
50124935,VELA NUMERAL PLATA 2,18,21.55
50124938,VELA NUMERAL PLATA 5,18,21.55
50125821,ESPIRAL DECORATIVA BLANCA 75CM,18,21.55
50131316,CACAHUATE ENCHILADO NISHIKAWA 70G,18,21.55
50137109,BON O BON BARRA 48GR,18,21.55
50135898,GOMITA EN FORMA DE HAMBURGUESA ARMABLE,18,21.55
50087597,FRUTZZO NARANJADA 600 ML,18,21.55
50029998,PLANCHADO,50,21.55
50029969,RENTA DE PC (HORA),50,21.55
50046178,ESCANEO GRAN FORMATO,50,21.55
50029856,ACETATO COLOR DE 1-30,50,21.55
50066801,CREDENCIAL PVC 1 CARA COLOR,50,21.55
50092380,ID MASCOTA,50,21.55
50094712,PLANEADOR ESCOLAR D/ CTA,50,21.55
50030033,PERFORADORA ELECTRICA 500,50,21.55
50029928,ENGARG.PLAS.PLAST. 181,50,21.55
50029912,IMP. ACETATOS COLOR 1-30,50,21.55
50029960,ENMICADO OFICIO,50,21.55
50046801,TAR NAVIDE#AS 2 A 4,50,21.55
50053551,COLLAGE D/A,50,21.55
50069788,TARJETITAS PARA REGALO 12PZ,50,21.55
50094714,HORARIO ESCOLAR CTA,50,21.55
50066322,CALENDARIO APEX 8X10,50,21.55
50029864,PLANOS ALBANENE 91X40,50,21.55
50137086,TARJETA RAYA 3X5 IN 100 H BLOCK,3,25
50068871,TARJETA 3X2.5 COL PQTE C/200,3,25
50118624,NOTAS ADHESIVAS MOOVING 76X76,9,25
50118629,NOTAS ADHESIVAS MOOVING 38X50,9,25
50118637,BANDERITAS LAPIZ 125HJS,9,25
50118628,NOTAS ADHESIVAS MOOVING 51X51,9,25
50130942,TIJERAS 13CM PLASTICO RECICLADO ECO STUK,9,25
50130939,BARRAS DE SILICON OMX,9,25
50131172,PAQUETE ADHE 2 HOJAS COLORS STUK,9,25
50125219,BANDERITAS FLECHA OFFICEMAX 8PZ,9,25
50118636,BANDERITAS MOOVING SIGN TRASLU,9,25
50118635,SET 8 BANDERITAS MOOVING 200H,9,25
50125222,TIJERA ESCOLAR 5.12 OFFICEMAX,9,25
50128303,PLUMAS MULTITINTAS STITCH,10,25
50131424,LAPICES DE GRAFITO NEON HB 3PIEZAS,10,25
50133032,BOLIGRAFO MULTITINTA MY MELODY,10,25
50133034,GOMA PUSH SPIDEY,10,25
50133031,GOMA PUSH MY MELODY,10,25
50132748,BOLIGRAFO TRI-GRIP TINTA BAJA VISC 3 P,10,25
50130839,PLUMAS MULTITINTAS PRINCESAS,10,25
50131688,GOMA PUSH STITCH SAC,10,25
50126272,PAPEL PRISMA 50X70CM 220G/M2 BLANCO,11,25
50128067,BLOCK DE STICKER MINECRAFT,11,25
50130811,BLOCK STICKER KUROMI 6H,11,25
50107375,BROCHA PLASTICO ROEL CERDA NEG,11,25
50128068,BLOCK DE STICKER LICENCIA STITCH,11,25
50128448,CANDADO DORADO CILINDRO HIERRO 20 MM,12,25
50093433,CINCHOS 2.5X100MM SILVERLINE,12,25
50092154,GUANTE ALGODON Y GRIP PVC SILV,12,25
50117234,DISCO CORTEMETAL 4-1/2',12,25
50132991,PALITOS DE GALLETA COBERTURA CHOCOLATE,18,25
50131406,SACAPUNTAS DUO C500,18,25
50088827,TRIDENT VAL-U-PACK 18 S YERBAB,18,25
50129278,BIGOTE VIVA MEXICO,18,25
50129286,GLOBO MET CORAZON ROJO 18IN,18,25
50132993,PALITOS DE GALLETA COBERTURA SABOR CYC,18,25
50134635,GEL HIDRATANTE ALOE,18,25
50134961,SABRITAS FH GD 44GRX50X1,18,25
50133036,PALITOS DE GALLETA COBERTURA MORA AZUL,18,25
50132407,BARCEL CHIPS FUEGO 42G,18,25
50123519,PAPAS FRITAS CON ACEITE OLIVA 40 GR,18,25
50137572,17C MET BOLD BIRTHDAY,18,25
50134963,SABRITAS LIMON GD 42GRX50X1,18,25
50125096,LIGAS PARA EL CABELLO COLOR NEGRO 10 PZS,18,25
50134964,SABRITAS SAL GD 42GRX50X1,18,25
50132392,THE LONG ONE DISPLAY PZ,18,25
50099144,ZOE WATER KIDS 350 ML,18,25
50134649,COLLAR C12 SHOT,18,25
50134959,SABRITAS ADOB GD 2 42GRX50X1,18,25
50132992,PALITOS DE GALLETA COBERTURA SABOR FRESA,18,25
50137573,17C MET BIRTHDAY CATICORN,18,25
50133330,BOLSA NON WOVEN FULL COLOR STITCH,18,25
50089992,AGUA EPURA 1 LT,18,25
50125840,SABRITAS RECETA CRJ FLAMIN HOT 42 GR,18,25
50125695,CARGA DE HELIO 17 A 22 IN,18,25
50135240,RUFFLES QUE GD HBSF GD NT 48GRX50X1,18,25
50129072,GATORADE PONCHE 600 ML TP PET 6,18,25
50132396,SKW MAS PINA TAMARINDO,18,25
50118688,NISHIKAWA SALADO 70G,18,25
50123518,PAPAS FRITAS CON ACEITE AGUACATE 40 GR,18,25
50117945,GATORADE MORA 600 ML,18,25
50125086,SACAPUNTAS COSMETICO,18,25
50132995,PALITOS DE GALLETA CON COBERTURA MATCHA,18,25
50132406,BARCEL CHIPS SAL 42G,18,25
50135383,PANDITAS CLASICOS,18,25
50134960,SABRITAS CYE GD 44GRX50X1,18,25
50029962,ENMICADO DOBLE CARTA,50,25
50030032,CORTADORA DE ALTO VOL.500,50,25
50113457,TARJETAS PVC BN 2 CARAS,50,25
50116761,PORTADOCUMENTOS PLASTICO STUK,3,25.78
50062279,REPUESTO TINTA P/PIST ETIQ OMX,7,25.78
50051954,PEGAMENTO RESISTOL 850 55GR,9,25.78
50074162,QUITAGRAPAS OMX COLORES PASTEL,9,25.78
50064299,PEGAMENTO KOLA YLOKA GOTERITO,9,25.78
50100587,LIGAS LEON COLOR NO10 80 GR,9,25.78
50032995,GOMA PELIKAN STRIKE 2 PZ,10,25.78
50066636,CUADERNO UNIV BCO 90H SIGEL,10,25.78
50066633,CUADERNO UNIV C5 90H SIGEL,10,25.78
50088056,"BOLIGRAFO KM FINO N,A,R 3P",10,25.78
50014842,GOMA M-20 PELIKAN 2PZS,10,25.78
50113241,GOMAS PARA BORRAR 4PZ BALONES,10,25.78
50066634,CUADERNO UNIV C7 90H SIGEL .,10,25.78
50061530,SACAPUNTAS MET 2 ORI MAPED,10,25.78
50066635,CUADERNO UNIV RY 90H SIGEL .,10,25.78
50131091,SACAPUNTAS DISENO GATO CATS STUK,10,25.78
50062097,PUNTILLAS 0.5MM NG 3 TUBOS OMX,10,25.78
50124826,PLUMAS MULTITINTAS HELLO KITTY,10,25.78
50101216,GOMAS PARA BORRAR 4PZS FANTASY,10,25.78
50113291,CORRECTOR EN CINTA 5MM OMX,10,25.78
50116810,CORRECTOR LIQUIDO OMX 2PZ,10,25.78
50023875,MARCADOR PERMANENTE SIGNAL DUO,10,25.78
50120174,PLUMAS MULTITINTAS 6 COLORES ONIX,10,25.78
50074949,BOLIGRAFO KILOMETRICO 100 4 PZ,10,25.78
50119763,"BOLIGRAFOS NORMA 3P, NG, RJ Y",10,25.78
50064509,LAPIZ MIRADO TRIAN N 2 4 PZAS,10,25.78
50134575,GOMA LUNA CONSTELACIONES,10,25.78
50103089,FOAMY MOLDEABLE 50 G ROJO,11,25.78
50111064,BOLSA FELICIDADES MEDIANA CART,11,25.78
50062955,REGLA TWISTN FLEX 30CM MAPED,11,25.78
50013392,TRANSPORTADOR 180O TRANSPARENT,11,25.78
50065054,FOAMI CARTA AZUL 4 PZAS,11,25.78
50065066,FOAMI CARTA VERDE 4 PZAS,11,25.78
50077630,LISTON 5C/5MT SURTIDO DE COLOR,11,25.78
50077631,POMPONES SUR. COLORES 20 PZAS,11,25.78
50103095,FOAMY MOLDEABLE 50 G NARANJA,11,25.78
50137307,BOLSA BARNIZ G CAPIBARA SAN VALENTIN,11,25.78
50138187,MO ARMADO CON GLITTER G CON 1 PIEZA,11,25.78
50065053,FOAMI CARTA AMARILLO 4 PZAS,11,25.78
50138188,MO MINI LISOS 1 PAQUETE CON 6 PIEZAS,11,25.78
50077636,PALO 30CM X 4 MM C/20 PZ NATUR,11,25.78
50103097,FOAMY MOLDEABLE 50 G VERDE OSC,11,25.78
50103113,FOAMY MOLDEABLE 50G AMARILLO,11,25.78
50135009,BOLSA GRANDE CAPIBARAS,11,25.78
50065061,FOAMI CARTA MORADO 4 PZAS,11,25.78
50077634,ABATELENGUAS C/20 PZAS NATURAL,11,25.78
50033032,PASTA PLAY DOH 1 PIEZA .,11,25.78
50103092,FOAMY MOLDEABLE 50 G NEGRO,11,25.78
50077649,PALO CUADRADO C/20PZAS COLORES,11,25.78
50138183,MO ARMADO GRANDE IMPRESO LISO 1 PIEZA,11,25.78
50065065,FOAMI CARTA ROSA 4 PZAS,11,25.78
50138185,MO ARMADO GRANDE MATE CON TEX 1 PIEZA,11,25.78
50103093,FOAMY MOLDEABLE 50 G BLANCO,11,25.78
50065060,FOAMI CARTA FIUSHA 4 PZAS,11,25.78
50065067,FOAMI CARTA VERDE LIMON 4 PZ,11,25.78
50103096,FOAMY MOLDEABLE 50 G MORADO,11,25.78
50090192,GODETE C/10 HUECOS,11,25.78
50065062,FOAMI CARTA NARANJA 4 PZAS,11,25.78
50129703,BOLSA REGALO T.M KRAFT CON FOIL FRA NAV,11,25.78
50065055,FOAMI CARTA AZUL REY 4 PZ,11,25.78
50063326,REGLA DE ALUMINIO OMX 30CM,11,25.78
50103091,FOAMY MOLDEABLE 50 G AZUL,11,25.78
50052758,LIPTON TE HELADO VERDE,18,25.78
50124928,VELA MAGICA SURTIDA 10PZ,18,25.78
50130890,GALLETAS PRINCIPE 10+2,18,25.78
50125838,DORITOS FLAMIN HOT 61 GR,18,25.78
50072421,LIPTON TE HELADO DURAZNO 600ML,18,25.78
50103120,FORRO KRYSTAL AZUL C. .45X1.5M,10,29.22
50113062,BOLIGRAFO GRIP FASHION 3 PZ,10,29.22
50039894,MARCADOR SHARPIE PERMANENTE ME,10,29.22
50042818,MARC AZOR DETECTOR DE BILLETES,10,29.22
50123374,ACR POLITEC HOBBY MAT VERDE OBSCURO60 ML,11,29.22
50123338,ACR POLITEC HOBBY MATE ROJO 314 60 ML,11,29.22
50123340,ACR POLITEC HOBBY MATE ROSA MEXICANO60ML,11,29.22
50123362,ACR POLITEC HOBBY MATE VERDE PALIDO 60ML,11,29.22
50123364,ACR POLITEC HOBBY MATE OCRE 303 60 ML,11,29.22
50123351,ACR POLITEC MATE VERDE LIMON 60ML,11,29.22
50125648,BOLSA DE REGALO KS NICO,11,29.22
50106825,ACRILICA AZUL PASTEL 30ML,11,29.22
50123357,ACR POLITEC HOBBY MATE VERDE HOJA 60 ML,11,29.22
50123371,ACR POLITEC HOBBY MATE NARA CLARO60 ML,11,29.22
50123363,ACR POLITEC HOBBY MATE CREMA 320 60 ML,11,29.22
50106843,ACRILICA OPALO PASTEL 30ML,11,29.22
50077650,ABATELENGUAS C/20PZAS COLOR,11,29.22
50106842,ACRILICA ROSA PASTEL 30ML,11,29.22
50123348,ACR POLITEC HOBBY MATE GRIS 317 60 ML,11,29.22
50123355,ACR POLITEC HOBBY MATE TURQUESA 60 ML,11,29.22
50123337,ACR POLITEC HOBBY MATE MORADO 334 60 ML,11,29.22
50123358,ACR POLITEC HOBBY MATE MARFIL 346 60 ML,11,29.22
50123350,ACR POLITEC HOBBY MATE AZUL COBALTO60ML,11,29.22
50123370,ACR POLITEC HOBBY MATE PIEL RUSA 60 ML,11,29.22
50123352,ACR POLITEC HOBBY MATE AZUL PASTEL60ML,11,29.22
50123356,ACR POLITEC HOBBY MATE CARNE 322 60 ML,11,29.22
50123343,ACR POLITEC HOBBY MATE AZUL ULTRAMAR60ML,11,29.22
50123353,ACR POLITEC HOBBY MATE ROSA PASTEL60 ML,11,29.22
50123344,ACR POLITEC HOBBY MATE LIMON HANZA60ML,11,29.22
50123346,ACR POLITEC HOBBY MATE SOMBRA CAFE 60 ML,11,29.22
50123372,ACR POLITEC HOBBY MAT PIEL LATINA60 ML,11,29.22
50106839,ACRILICA VERDE PASTEL 30ML,11,29.22
50123366,ACR POLITEC HOBBY MATE AMARILL CLARO60ML,11,29.22
50123354,ACR POLITEC HOBBY MATE AZUL VIOLET 60 ML,11,29.22
50123369,ACR POLITEC HOBBY MATE PIEL ANGEL 60 ML,11,29.22
50123342,ACR POLITEC HOBBY MATE NARANJA 308 60 ML,11,29.22
50123341,ACR POLITEC HOBBY MATE VERDE CLARO60ML,11,29.22
50106841,ACRILICA AMARILLO PASTEL 30ML,11,29.22
50123345,ACR POLITEC HOBBY MATE AMARILL MEDIO60ML,11,29.22
50123336,ACR POLITEC HOBBY MAT BLANCO DE TITA60ML,11,29.22
50123359,ACR POLITEC HOBBY MATE CANELA 339 60 ML,11,29.22
50123361,ACR POLITEC HOBBY MATE MALVA 335 60 ML,11,29.22
50123360,ACR POLITEC HOBBY MATE ROJ TOLUIDINO60ML,11,29.22
50123335,ACR POLITEC HOBBY MATE NGRO INTENSO 60ML,11,29.22
50123373,ACR POLITEC HOBBY MAT ROJO OXIDO60 ML,11,29.22
50123367,ACR POLITEC HOBBY MATE MAGENTA 342 60 ML,11,29.22
50123365,ACR POLITEC HOBBY MATE VERDE ORO 60 ML,11,29.22
50123339,ACR POLITEC HOBBY MATE AZUL CELESTE 60ML,11,29.22
50123368,ACR POLITEC HOBBY MATE CARMIN CLARO60 ML,11,29.22
50137624,FOLDER CON OPRESOR CARTA AZUL,3,30.17
50137623,FOLDER CON OPRESOR CARTA GRIS,3,30.17
50099645,CAJA NO. 1 25 X 25 X 25,3,30.17
50131347,FOLDER MORADO 2 SEPARADORE COLORS STUK,3,30.17
50131158,FOLDER ROSA 2 SEPARADORE COLORS STUK,3,30.17
50131093,FOLDER CON 2 COMPARTIMIENT VRD CATS STUK,3,30.17
50137620,FOLDER 6 SEPARADORES CARTA AZUL,3,30.17
50086329,FOLDER DE POLIPROPILENO V/COL,3,30.17
50137621,FOLDER 6 SEPARADORES CARTA GRIS,3,30.17
50137622,FOLDER CON OPRESOR CARTA NEGRO,3,30.17
50137619,FOLDER 6 SEPARADORES CARTA NEGRO,3,30.17
50131098,SOBRE CON BOTON NARANJA CATS STUK,6,30.17
50131163,SOBRE NEON MORADO COLORS STUK,6,30.17
50131161,SOBRE NEON VERDE COLORS STUK,6,30.17
50131097,SOBRE CON BOTON VERDE CATS STUK,6,30.17
50131095,SOBRE CON BOTON NEGRO CATS STUK,6,30.17
50131162,SOBRE NEON ROSA COLORS STUK,6,30.17
50131096,SOBRE CON BOTON ROSA CATS STUK,6,30.17
50131160,SOBRE NEON NARANJA COLORS STUK,6,30.17
50130952,CINTAS WASHI 3PZ DISENOS ROSA AZUL STUK,9,30.17
50118644,LIGAS COLORES MOOVING 16GR,9,30.17
50118630,SET NOTAS ADHESIVAS & BANDERIT,9,30.17
50132272,GOMA DE BORRAR ANIMALES 2 PZ,10,30.17
50130836,GOMA RETRACTIL UNICORNIOS Y ARCOIRIS,10,30.17
50137354,PDQ 36 GOMAS PUSH PAW PATROL,10,30.17
50137357,PDQ 36 GOMAS RETRACTILES MINICRAFT,10,30.17
50128297,GOMAS RETRACTILES STITCH,10,30.17
50128301,GOMAS RETRACTILES PAW PATROL,10,30.17
50130833,GOMA PUSH KUMORI,10,30.17
50130842,GOMA RETRACTIL SPIDEY,10,30.17
50128294,GOMAS PUSH HELLO KITTY,10,30.17
50130837,GOMA PUSH PRINCESA,10,30.17
50137356,PDQ 36 GOMAS RETRACTILES HARRY POTTER,10,30.17
50112581,BOLSA REG GRANDE KRAFT ROJO,11,30.17
50112902,BOLSA KRAFT GRANDE CELESTE,11,30.17
50111066,BOLSA JUVENIL GRANDE CARTON CO,11,30.17
50112580,BOLSA REG GRANDE KRAFT VERDE,11,30.17
50113727,BOLSA REGALO KRAFT GDE UVA,11,30.17
50138181,KIT 2 MONOS MAGICOS IMPRESOS DE LUJO,11,30.17
50138179,KIT 1 PAPEL METALICO LISO + 1 MO,11,30.17
50112901,BOLSA KRAFT GRANDE ROSA PASTEL,11,30.17
50137309,BOLSABARNIZ G DISENO SAN VALENTIN,11,30.17
50125977,RODILLO DE PLASTICO,11,30.17
50133709,CAR C/ TELA RECT RODIN 20.3 X 25.4 CM,11,30.17
50135668,BOLSA GRANDE CUADROS APLICACION,11,30.17
50137306,BOLSA BARNIZ M PEANUTS SAN VALENTIN,11,30.17
50138180,KIT 1 PAPEL GOFRADO DECORADO + 1 MO,11,30.17
50136946,MOT POTCH POLICRAFT MATE 60 ML,11,30.17
50116670,BOLSA KRAF GRANDE NATURAL,11,30.17
50119252,ETIQUETA ESCOLAR GENERICO 20 PI,11,30.17
50110917,PANUELOS KLENEX FACIAL C/90,12,30.17
50046566,GATORADE LIMA-LIMON 600 ML,18,30.17
50046564,GATORADE NARANJA 600 ML,18,30.17
50125098,DONA ELASTICA DE TELA COLOR NEGRA,18,30.17
50129203,BANDERIN VIVA MEXICO,18,30.17
50131412,KIT MANICURE 5 PIEZAS CHICO C200,18,30.17
50125092,PINZAS MEDIANAS 2 PZS,18,30.17
50029927,ENGARG.PLAS.PLAST. 121-180,50,30.17
50067111,PAPEL PRSNTACIN MTE 10 CM,50,30.17
50029934,ENGARG.MET.PLAST. 61-180,50,30.17
50029953,ENC. TERMICO CTA 61-180,50,30.17
50093652,UNIBACK NE S 1-40 HOJAS,50,30.17
50098323,CORTE DE VINIL TC,50,30.17
50053927,1 FOLDER PERSONALIZADO,50,30.17
50127864,BOLIGRAFO PAPERMATE NEGRO 12PZ,10,30.6
50125294,MARCATEXTOS CINCEL ECO COLOR NEON 2 PZAS,10,30.6
50089336,BOL CRISTA BIC UP 1.2 FASHION,10,30.6
50096230,ACRILICO C. ROJO INDIO 100ML,11,30.6
50096225,ACRILICO ROJO CADMIO 100ML,11,30.6
50089972,PINTURA ACRIL AZUL OBSC 100ML,11,30.6
50096216,ACRILICO AMA. ANARANJADO 100ML,11,30.6
50089967,PINTURA ACRILICA CAFE 100 ML,11,30.6
50089965,PINTURA ACRIL AMARILLO 100 ML,11,30.6
50096214,ACRILICO C. CREMA 100ML,11,30.6
50087420,SOLVENTE SUAVE 125ML,11,30.6
50089976,PINTURA ACRILICA MAGENTA 100ML,11,30.6
50096236,ACRILICO C. BERMELLON 100ML,11,30.6
50087417,"GESSO PROFESIONAL, 100 ML.",11,30.6
50089968,PINTURA ACRIL AZUL PASTEL 100M,11,30.6
50089979,PINTURA ACRILICA CARNE 100ML,11,30.6
50089964,PINTURA ACRILICA ROJO 100ML,11,30.6
50089975,PINTURA ACRIL ROSA PASTEL 100M,11,30.6
50089980,PINTURA ACRIL AMARIL VERD 100M,11,30.6
50096200,ACRILICO C. ROSA 100ML,11,30.6
50096223,ACRILICO C. ROJO NIPON 100ML,11,30.6
50132982,TRENDY STICK MINECRAFT 2H GRANMARK,11,30.6
50096238,ACRILICO VERDE OBSCURO 100ML,11,30.6
50089966,PINTURA ACRILICA AZUL 100ML,11,30.6
50096199,ACRILICO C. LILA 100ML,11,30.6
50096243,ACRILICO C. AMA. PASTEL 100ML,11,30.6
50096234,ACRILICO C. MALVA 100ML,11,30.6
50096237,ACRILICO C. CARMIN 100ML,11,30.6
50096198,ACRILICO AZUL COBALTO 100ML,11,30.6
50089969,PINTURA ACRIL AMARIL OBSC 100M,11,30.6
50132980,TRENDY STICK HARRY POTTER 2H GRANMARK,11,30.6
50096250,ACRILICO C. DURAZNO 100ML,11,30.6
50096247,ACRILICO VIOLETA AZULADO 100ML,11,30.6
50096242,ACRILICO C. AMA. NAPOLES 100ML,11,30.6
50034605,TABLA MACOCEL 20X20 CM,11,30.6
50089978,PINTURA ACRIL AZUL TURQU 100ML,11,30.6
50089971,PINTURA ACRIL VERDE CLAR 100ML,11,30.6
50096249,ACRILICO C. OPALO LLADRO 100ML,11,30.6
50089982,PINTURA ACRILICA NARANJA 100ML,11,30.6
50096201,ACRILICO C. AMA. LIMON 100ML,11,30.6
50096217,ACRILICO VERDE BANDERA 100ML,11,30.6
50132983,TRENDY STICK STITCH 2H GRANMARK,11,30.6
50096231,ACRILICO C. AMA. OBSCURO 100ML,11,30.6
50089977,PINTURA ACRIL VERDE MEDIO 100M,11,30.6
50096205,ACRILICO C. AZUL 100ML,11,30.6
50096228,ACRILICO C. AMA. OCRE 100ML,11,30.6
50096251,ACRILICO C. CAFE LLADRO 100ML,11,30.6
50096246,ACRILICO C. AZ. LLADRO 100ML,11,30.6
50096254,ACRILICO C. AZUL MORADO 100ML,11,30.6
1077426478,PRINGLES QUESO 37G,BB,33.62
1077426476,PRINGLES ORIGINAL 35G,BB,33.62
50090574,CALCULADORA BOLSILLO 8 DIGITOS,2,33.62
50137627,FOLDER DE PALANCA CARTA AZUL,3,33.62
50137084,TARJETA BLANCA 4X6 IN 100 H BLOCK,3,33.62
50137626,FOLDER DE PALANCA CARTA VERDE,3,33.62
50068869,TARJETA 3X5 RAY COL PQTE C/100,3,33.62
50137610,FOLDER COSTILLA 3 PIEZAS,3,33.62
50137625,FOLDER DE PALANCA CARTA NEGRO,3,33.62
50011837,SEPARADOR CARDINAL 5 DIV COL,4,33.62
50063075,INDICE OMX 5 DIV SEPARADOR,4,33.62
50011838,SEPARADOR CARDINAL 8 DIV COL,4,33.62
50062074,SEPARADOR OMX 8 DIV 1PZA,4,33.62
50134090,SOBRE PARA CARPETA C/ZIP,6,33.62
50118145,PERSONIFICADOR ACRILICO CHICO,8,33.62
50084300,MINI CESTAS 3PZAS,8,33.62
50077337,TIRAS SUJ VELCRO USO RUDO BCO,9,33.62
50118648,PAPER CLIPS MOOVING 50MM 25P,9,33.62
50118643,PAPER CLIPS MOOVING 33MM 60P,9,33.62
50126044,LAPIZ GRAFITO HB GLITTER 6 PZAS,10,33.62
50133019,BOLIGRAFO STICH CON LUZ GAIRET,10,33.62
50130843,SACAPUNTAS CON CONTENEDOR SPIDEY,10,33.62
50128299,SACAPUNTAS CON CONTENEDOR STITCH,10,33.62
50130841,SACAPUNTAS CON CONTENEDOR SONIC,10,33.62
50130838,SACAPUNTAS CON CONTENEDOR PRINCESAS,10,33.62
50131940,CUADERNO POCKET 80H BLANC MARIOBR SCRIBE,10,33.62
50128302,SACAPUNTAS CON CONTENEDOR PAW PATROL,10,33.62
50130834,SACAPUNTAS CON CONTENEDOR KUMORI,10,33.62
50127672,PRINGLES CREMA Y CEBOLLA 40G,18,33.62
50137406,CARGA DE HELIO 17 A 22 IN,18,33.62
50137973,PRINGLES ORIGINAL 35G,18,33.62
50135901,CARAMELO MASTICABLE SIN AZUCR HIERBABUEN,18,33.62
50127671,PRINGLES ORIGINAL 37G,18,33.62
50135900,CARAMELO MASTICABLE SIN AZUCAR SABOR MEN,18,33.62
50134641,CREMA CORPORAL POP LIFE 200 ML,18,33.62
50131410,CREMA PARA MANOS BANANA C108,18,33.62
50132779,17C MET CONFETTI SPRINKLE BIRTHDAY STAND,18,33.62
50132790,18C MET YUHU LO LOGRASTE DORADO,18,33.62
50125081,PINZA PARA DEPILAR TIJ Y PUNTA DE ANGULO,18,33.62
50131408,TOALLITAS HUMEDAS EN BOTE 30 PIEZAS C240,18,33.62
50131320,PRINGLES QUESO 40G,18,33.62
50132780,STDSHP MET COOL KITTY,18,33.62
50125083,CORTAUNAS GRANDE MAS 2 LIMAS DE UNAS,18,33.62
50125095,CEPILLO MINI PARA VIAJE,18,33.62
50137974,PRINGLES QUESO NACHO 37G,18,33.62
50124813,VELA LUMIOSA DE MENSAJES,18,33.62
50131314,PASTILLERO PLANEADOR SEMANAL,18,33.62
50137975,PRINGLES CREMA Y CEBOLLA 37G,18,33.62
50131407,GEL PARA CEJA C24,18,33.62
50135016,ESPUMPARTY IS ON 250 ML,18,33.62
50134744,CANDY POP TWIX POPCORN 28GR,18,33.62
50124867,GLOBO MET GB ERES ESPECIAL PARA MI 18IN,18,33.62
50132641,GLOBO 17IN STITCH,18,33.62
50066803,CREDENCIAL PVC 2 CARA COLOR,50,33.62
50091066,TABLA PERIODICA CTA,50,33.62
50124147,IMPRESION TABLA DE NUMEROS T.C,50,33.62
50124146,IMPRESION ABECEDARIO T.C,50,33.62
50068609,ETIQUETA BCA 09X13 2160PZA/PQT,3,34.4
50102979,ETIQUETAS DE 6X9 CM C/40,3,34.4
50068613,ETIQUETA BCA 13X38 600PZA/PQTE,3,34.4
50068608,ETIQUETA BCA 32X64 144PZA/PQT,3,34.4
50068607,ETIQUETA BCA 08X20 1512PZA/PQT,3,34.4
50068606,ETIQUETA BCA 20X105 168PZA/PQT,3,34.4
50094199,REFUERZO CARP TRANSP 210P OMX,3,34.4
50068605,ETIQUETA BLANCA ECONOPACK 50X100 JANEL,3,34.4
50068612,ETIQUETA BLANCA ECONOPACK 19X50 JANEL,3,34.4
50102978,ETIQUETAS DE 10.1X15.2 CM C/20,3,34.4
50134623,SOBRE CON BOTON ROSA CONSTELACIONES,3,34.4
50102977,ETIQUETAS DE 3.8X7.5 CM C/60,3,34.4
50068611,ETIQUETA BCA 19X38 420PZA/PQTE,3,34.4
50094190,ETIQUETAS REDONDA AZUL 504P,3,34.4
50068614,ETIQUETA BCA 67X47 108PZA,3,34.4
50068610,ETIQUETA BCA 13X19 1200PZA/PQT,3,34.4
50076357,MICA EXTRARIGIDA 6.5 X 9.5,4,34.4
50061593,RECIBO RENTA/DINERO AUTOC 50J,5,34.4
50012390,CUENTA FACIL AZOR 2 PIEZAS CERA,7,34.4
50060612,PORTAGAFETE DANPEX CORDON 11X6,7,34.4
50063412,NAVAJA REPYUESTO OMX 18MM 10PZS,7,34.4
50131709,CINTA WASHI STICKERS STITCH MOOVING,9,34.4
50011816,CINTA JANEL TRANSPARENTE18X65,9,34.4
50130937,KIT SUJETADOCUMENTOS Y CLIPS COLORES OMX,9,34.4
50074099,SILICON LIQUID BARRILITO 100ML,9,34.4
50051956,PEGAMENTO RESISTOL 850 110GR,9,34.4
50062274,LAPIZ ADHESIVO OMX 10GR 4PZS,9,34.4
50011814,CINTA TRANSPARENTE JANEL 18X33,9,34.4
50111584,CLIP OMX MARIPOSA NO1 12PZ,9,34.4
50062090,LAPICERO MECAN 0.5 NGO 2P OMX,10,34.4
50064847,GOMA ERGUS 20 PELIKAN 2 PZAS,10,34.4
50084145,SACAPUNTAS COLOR PEPS 2 ORIF,10,34.4
50041695,BLOCK ENGO ESQ CLASIC BCO 50H,10,34.4
50031904,LAPIZ TRIANGULAR DUO TJ.3 PAPER,10,34.4
50114459,SACAPUNTAS CONTENEDOR FROZEN,10,34.4
50131275,LIBRETA MARIPOSA 50H,10,34.4
50012983,BLOCK ENGO ESQ CLASICO RY 50H,10,34.4
50132830,LAPICERO COLOR PASTEL SERVE,10,34.4
50131276,LIBRETA ESTRELLA 50H,10,34.4
50134569,BOLIGRAFO PIEDRAS CONSTELACIONES,10,34.4
50134574,CUADERNO POCKET MORADO CONSTELACIONES,10,34.4
50136675,GOMA PARA BORRAR STITCH 3D AZULM,10,34.4
50134573,CUADERNO POCKET ROSA CONSTELACIONES,10,34.4
50124827,SACAPUNTAS CON CONTENEDOR HELLO KITTY,10,34.4
50136705,SACAPUNTAS CONTENEDOR STITCH AZUL,10,34.4
50041202,SACAPUNTAS PLAST ERGO DOBLEG,10,34.4
50136674,GOMA PARA BORRAR STITCH 3D ROSA,10,34.4
50015128,CORRECTOR LIQ RAPID P BIC 20 ML,10,34.4
50031920,MARCADOR SHARPIE AMA ACCENT C2,10,34.4
50124830,SACAPUNTAS CON CONTENEDOR DINOSAUR WORLD,10,34.4
50103692,MARCATEXTOS COLORES NEON SERVE,10,34.4
50116294,SACAPUNTAS CONTENEDOR ONIX,10,34.4
50136696,GOMA GIGANTE STITCH,10,34.4
50136704,SACAPUNTAS CONTENEDOR STITCH ROSA,10,34.4
50045251,GOMA STICK UNIVERSAL,10,34.4
50063173,CORRECTOR LIQ 2EN1 PL/BRO OMX,10,34.4
50120177,SACAPUNTAS CON CONTENEDOR SPIDERMAN,10,34.4
50120499,BLISTER LAPIZ PHANO CERA AZUL C/2,10,34.4
50080056,MARCATEXTOS NEON VERDE,10,34.4
50061524,MARCATEXTOS VISON MINI SUR 4PZ,10,34.4
50135650,BOLSA MEDIANA DISENO KUROMI NAVIDAD,11,34.4
50067922,BLOCK DE STICKERS PRINCESAS,11,34.4
50080568,TANGRAM DE FOAMY 16X16 CMS,11,34.4
50034606,TABLA MACOCEL 30X30 CM,11,34.4
50088988,BLOCKS STICKERS PAW PATROL,11,34.4
50136938,GESSO POLITEC 100ML 4029,11,34.4
50024415,PLASTILINA MODELINACAJA C/10 B,11,34.4
50079734,BLOCK DE STICKERS FROZEN,11,34.4
50077625,ASERRIN 100GR SURTIDO COLORES,11,34.4
50087579,ROMPECABEZAS INGLES-ESPANO,11,34.4
50102486,BLOCK STICKER UNICORNIO,11,34.4
50094805,BLOCK STICKERS LADY BUG,11,34.4
50134581,PAQUETE STICKERS 2 H CONSTELACIONES,11,34.4
50071520,BLOCK DE STICKERS KITTY,11,34.4
50129676,BOLSA CARTON TER BARNIZ VINO CASN NAV,11,34.4
50077632,LIMPIAPIPAS C/20PZAS COL. SUR.,11,34.4
50111187,BLOCK DE STICKERS SONIC,11,34.4
50125975,ACRILICO FLOU ROJO 30ML,11,34.4
50097017,BLOCK STICKER JURASSIC WORLD2,11,34.4
50016547,CALCOMANIAS DE FANTASIA ZWECKF,11,34.4
50125974,ACRILICO FLOU NARANJA 30ML,11,34.4
50092388,ROMPECABEZAS ANIMALES 9PZAS,11,34.4
50131322,AII EXPLOTADA CHILE LIMON 8/50G,18,34.4
50134852,CORRECTOR EN LABIAL YELLOW BISSU,18,34.4
50131321,AII EXPLOTADA CARAMELO 8/95G,18,34.4
50138358,PANUELOS FACIALES RNV SENSITIVE LAV,18,34.4
50131323,AII EXPLOTADA QUESO 8/45G,18,34.4
50125094,PINZA CLIP PARA EL CABELLO NEGRA,18,34.4
50138359,PANUELOS FACIALES RNV SENSITIVE MENT,18,34.4
50047398,KODAK PICTURE CD,50,34.4
50094195,REFUERZO CARP ROJO 210P OMX,3,36.12
50094188,REFUERZO CARP AMARILL 210P OMX,3,36.12
50013479,LAPIZ ADHESIVO PRITT 22GR PZ,9,36.12
50089773,BOLIGRAFO WOW .7MM NEG/AZL/ROJ,10,36.12
50114765,LAPICERO SERVE STEPS PASTEL,10,36.12
50123406,BLISTER OLEO ATL 16 ML ROSA FLUOR NO 6,11,36.12
50129234,ACRILICO MULTIPROPOSITO 60ML SALMON BEBE,11,36.12
50129219,ACRILICO MULTIPROPOSITO 60ML AZUL,11,36.12
50129226,ACRILICO MULTIPROPOSITO 60ML MAGENTA,11,36.12
50129214,ACRILICO MULTI 60ML MARRON OSCURO,11,36.12
50129238,ACRILICO MULTIPROPOSITO 60ML ROSA NEON,11,36.12
50123399,BLIS OLEO ATL 16 ML AZUL CERULEO NO 219,11,36.12
50123415,BLISTER OLEO ATL 16ML AMARILLO FLUOR NO1,11,36.12
50129224,ACRILICO MULTI 60ML AZUL CELESTE,11,36.12
50123417,BLISTER OLEO ATL 16 ML NARANJA FLUOR NO3,11,36.12
50123419,BLISTER OLEO ATL 16 ML VERDE FLUOR NO 5,11,36.12
50123386,ACR POLITEC HOBBY NEON AZUL 805 60 ML,11,36.12
50129211,ACRILICO MULTIPROPOSITO 60ML MANDARINA,11,36.12
50129232,ACRILICO MULTIPROPOSITO 60ML VERDE GRAMA,11,36.12
50129220,ACRILICO MULTIPROPOSITO 60ML TURQUESA,11,36.12
50129236,ACRILICO MULTI 60ML NARANJA NEON,11,36.12
50129225,ACRILICO MULTIPROPOSITO 60ML MORADO,11,36.12
50123403,BLI OLEO ATL 16 ML OCRE AMARILLO NO 233,11,36.12
50129213,ACRILICO MULTIPROPOSITO 60ML PIEL,11,36.12
50129228,ACRILICO MULTIPROPOSITO 60ML ROSA MEDIO,11,36.12
50123405,BLIS OLEO ATL 16 ML BLANCO DE TIT NO 236,11,36.12
50129210,ACRILICO MULTIPROPOSITO 60ML OCRE,11,36.12
50129221,ACRILICO MULTIPROPOSITO 60ML VERDE OLIVA,11,36.12
50129231,ACRILICO MULTI 60ML VERDE OSCURO,11,36.12
50123385,ACR POLITEC HOBB NEON AMARILLO 801 60 ML,11,36.12
50129218,ACRILICO MULTI 60ML AZUL ULTRAMAR,11,36.12
50123391,ACR POLITEC HOBBY NEON VERDE 804 60 ML,11,36.12
50129208,ACRILICO MULTIPROPOSITO 60ML NARANJA,11,36.12
50129209,ACRILICO MULTI 60ML VERDE MANZANA,11,36.12
50129229,ACRILICO MULTIPROPOSITO 60ML AZUL MARINO,11,36.12
50123411,BLISTER OLEO ATL 16 ML AZUL PRUSIA NO223,11,36.12
50123404,BLI OLEO ATL 16 ML BLANCO DE ZINC NO 235,11,36.12
50123409,BLISTER OLEO ATL 16 ML CARMIN NO 209,11,36.12
50129222,ACRILICO MULTIPROPOSITO 60ML NEGRO,11,36.12
50129235,ACRILICO MULTI 60ML AMARILLO NEON,11,36.12
50129240,ACRILICO MULTIPROPOSITO 60ML VERDE NEON,11,36.12
50123390,ACR POLITEC HOBBY NEON ROSA 806 60 ML,11,36.12
50123388,ACR POLITEC HOBBY NEON NARANJA 803 60 ML,11,36.12
50129207,ACRILICO MULTI 60ML AMARILLO ORO,11,36.12
50129230,ACRILICO MULTIPROPOSITO 60ML PURPURA,11,36.12
50123416,BLISTER OLEO ATL 16 ROJO FLUOR NO 2,11,36.12
50129205,ACRILICO MULTIPROPOSITO 60ML BLANCO,11,36.12
50123400,BLIS OLEO ATL 16 ML AZUL ULTRAMAR NO 222,11,36.12
50129206,ACRILICO MULTI 60ML AMARILLO LIMON,11,36.12
50129216,ACRILICO MULTIPROPOSITO 60ML ROSA BEBE,11,36.12
50123402,BLI OLEO ATL 16 ML SOMBRA TOSTADA NO 229,11,36.12
50123401,BLIST OLEO ATL 16 ML NEGRO MARFIL NO 225,11,36.12
50129239,ACRILICO MULTIPROPOSITO 60ML MORADO NEON,11,36.12
50129227,ACRILICO MULTIPROPOSITO 60ML MARRON,11,36.12
50129217,ACRILICO MULTIPROPOSITO 60ML FUCSIA,11,36.12
50129223,ACRILICO MULTIPROPOSITO 60ML GRIS,11,36.12
50113715,LAPICES DE DIBUJO 6 PZ STUK,11,36.12
50123397,BLIS OLEO ATL 16 ML AMARILLO MEDIO NO202,11,36.12
50129233,ACRILICO MULTIPROPOSITO 60ML LILA,11,36.12
50123387,ACR POLITEC HOBBY NEON MAGENTA 807 60 ML,11,36.12
50123414,BLISTER OLEO ATL 16ML TINTA CARNE NO234,11,36.12
50129237,ACRILICO MULTIPROPOSITO 60ML ROJO NEON,11,36.12
50129212,ACRILICO MULTIPROPOSITO 60ML MARFIL,11,36.12
50123389,ACR POLITEC HOBBY NEON ROJO 802 60 ML,11,36.12
50129215,ACRILICO MULTIPROPOSITO 60ML ROJO,11,36.12
50099646,CAJA NO. 2 50 X 25 X 25,3,38.71
50011911,TARJETA INDICE BLANCA 4X6 100P,3,38.71
50061599,CUBIERTA REPORTE C/CLIP OXFORD,3,38.71
50011810,MASKING TAPE JANEL 18MMX50M,7,38.71
50012355,PORTAGAFETE SABLON CAIMAN 6X9,7,38.71
50065915,PORTAGAFETE OMX VERTICAL 12PZ,7,38.71
50063047,CINTA ADH OMX TRANS 48MMX20M,7,38.71
50012356,PORTAGAFETE SABLON CORDON 6X9,7,38.71
50065914,PORTAGAFETE OMX HORIZONTAL 12P,7,38.71
50063590,PORTAGAFETE OMX CAIMAN MET 12 PZA,7,38.71
50065882,CUTTER GRAND OMX C/SEGURO 18MM,7,38.71
50062275,LAPIZ ADHESIVO OMX 21GR 3PZS,9,38.71
50082135,PINES PELIKAN COLORES 100PZ,9,38.71
50134612,TIJERAS ROSAS CONSTALACIONES,9,38.71
50134613,TIJERAS LILA CONSTALACIONES,9,38.71
50065535,DEDALES HULE OMX 10 PZAS BO,9,38.71
50118605,BOLIGRAFOS KILOMETRICO FINO 6P,10,38.71
50064512,LAPIZ ROJO VERITHIN 4 PZAS,10,38.71
50064511,LAPIZ BICOLOR VERITHIN 4 PZAS PAPER,10,38.71
50134568,BOLIGRAFO DISENO ESTRELLA CONSTELACIONES,10,38.71
50111205,PINT.MATE TELA 37ML ROJO ESCAR,11,38.71
50089962,PINTURA ACRILICA NEGRO 100ML,11,38.71
50111196,PINT.MATE TELA 37ML VERDE OLIV,11,38.71
50111206,PINT.MATE TELA 37ML AMARILLO P,11,38.71
50111218,PINT.MATE TELA 37ML AZUL MAR,11,38.71
50111199,PINT.MATE TELA 37ML VERDE MUSG,11,38.71
50111202,PINT.MATE TELA 37ML VERDE MANZ,11,38.71
50111204,PINT.MATE TELA 37ML MARRON,11,38.71
50111220,PINT.MATE TELA 37ML SALMON BB,11,38.71
50085358,BLISTER TINTA CHINA NEGRA,11,38.71
50111208,PINT.MATE TELA 37ML AMARILLO L,11,38.71
50111219,PINT.MATE TELA 37ML AZUL MARIN,11,38.71
50111200,PINT.MATE TELA 37ML VERDE PINO,11,38.71
50111207,PINT.MATE TELA 37ML VINO,11,38.71
50089959,PINTURA ACRILICA BLANCO 100ML,11,38.71
50111212,PINT.MATE TELA 37ML VERDE HOJA,11,38.71
50111195,PINT.MATE TELA 37ML AMARILLO O,11,38.71
50111211,PINT.MATE TELA 37ML MAGENTA,11,38.71
50111201,PINT.MATE TELA 37ML VERDE PIST,11,38.71
50111214,PINT.MATE TELA 37ML VIOLETA,11,38.71
50111223,PINT.MATE TELA 37ML SIENA NATU,11,38.71
50111216,PINT.MATE TELA37ML AMAR CANARI,11,38.71
50111224,PINT.MATE TELA 37ML ROSA TE,11,38.71
50111210,PINT.MATE TELA 37ML AZUL CELES,11,38.71
50111213,PINT.MATE TELA37ML AMAR CADMIO,11,38.71
50111197,PINT.MATE TELA 37ML ROJO TOMAT,11,38.71
50111194,PINT.MATE TELA 37ML NEGRO,11,38.71
50111209,PINT.MATE TELA 37ML ROSA OSCUR,11,38.71
50077645,CONFETTI DE LENTEJUELA C/20GRS,11,38.71
50111203,PINT.MATE TELA 37ML NARANJA,11,38.71
50111221,PINT.MATE TELA 37ML ROSA BB,11,38.71
50111193,PINT.MATE TELA 37ML BLANCO,11,38.71
50111222,PINT.MATE TELA 37ML TIERRA QUE,11,38.71
50090836,ABACO CHICO LA PRINCIPAL,11,38.71
50111198,PINT.MATE TELA 37ML PURPURA,11,38.71
50111215,PINT.MATE TELA 37ML MARFIL,11,38.71
50111217,PINT.MATE TELA 37ML VIOLETA CO,11,38.71
50132783,24C GB FELICIDADES SILUETAS,18,38.71
50125087,TIJERA PARA BARBA Y CEJA MAS MINI PEINE,18,38.71
50138667,VELA GENDER REVEAL ROSA,18,38.71
50131057,FOLDER DISEN GATO CON ELASTIC CATS STUK,3,38.79
50131127,FOLDER AZUL CON ESLATICO COLORS STUK,3,38.79
50131126,FOLDER CIRC CON ESLATICO COLORS STUK,3,38.79
50131056,FOLDER DISEN FLOR CON ELASTIC CATS STUK,3,38.79
50068774,FOLDER TAMAÑO CARTA CARDINAL,4,38.79
50118632,BANDERITAS MOOVING 100H,9,38.79
50130953,CINTAS WASHI 3PZ FLORES ROSA MORADO STUK,9,38.79
50131700,IMANES MARCADORES STITCH 3 PZ MOOVING,9,38.79
50118631,BANDERITAS MOOVING ANCHAS 60H,9,38.79
50118634,BANDERITAS MOOVING ANGOSTAS,9,38.79
50131698,SET BANDERITAS ADHESIVAS STITCH MOOVING,9,38.79
50120022,TIJERA ESC MAPED MAGICA 13CM,9,38.79
50110494,BOLIGRAFO DIFERENTES COLORES,10,38.79
50131956,BOLIGRAFO CRISTAL ULTRAFIN 10PZ BIC,10,38.79
50127291,ADAPTADOR DE DEDOS CAJA X10 KIDY LEARN,10,38.79
50131957,LAPICES PASTEL 8PZ C 1 LAPIZ BIC,10,38.79
50128246,MARCATEXTOS EO AMAR 2PZAS,10,38.79
50116773,PLUMA GEL STUK 0.5MM NEGRA,10,38.79
50128369,CRAYONES PASTEL CRAYOLA 8 PZAS,10,38.79
50130813,BOLIGRAFO DE GEL GELOCITY NEGRO,10,38.79
50136956,PINTURA VINILICA BOMBIN 250 ML NEGRO,11,38.79
50136947,PINTURA VINILICA BOMBIN 250 ML VERDE,11,38.79
50131798,BOLSA GRANDE STITCH,11,38.79
50136957,PINTURA VINILICA BOMBIN 250 ML ROJO,11,38.79
50123028,ROLLO CON 3 PLIEGOS DE PAPEL DIS NAVIDAD,11,38.79
50136934,VIOLETA CLARO ACR.ESC. 100ML #311,11,38.79
50111951,ACUARELA ITALIANA ROEL MATE,11,38.79
50136955,PINTURA VINILICA BOMBIN 250 ML BLANCO,11,38.79
50136950,PINTURA VINILICA BOMBIN 250 ML NARANJA,11,38.79
50136951,PINTURA VINILICA BOMBIN 250ML AZUL CLARO,11,38.79
50136932,AZUL PASTEL ACR.ESC. 100ML #316,11,38.79
50136954,PINTURA VINILICA BOMBIN 250 ML AMARILLO,11,38.79
50136937,PLASTILITA POLITEC 100ML,11,38.79
50131420,COMPAS STUDY NEON INCLUYE MINAS,11,38.79
50136943,QUITA GOMA EL PODER DEL CITRICO 70ML.,11,38.79
50136935,VERDE PALIDO ACR.ESC. 100ML #333,11,38.79
50136949,PINTURA VINILICA BOMBIN 250 ML AZUL,11,38.79
50133710,CARTON C/ TELA RECT RODIN 22.9X30.5CM,11,38.79
50136958,PINTURA VINILICA BOMBIN 250 ML ROSA,11,38.79
50136948,PINTURA VINILICA BOMBIN 250 ML CAFE,11,38.79
50136953,PINTURA VINILICA BOMBIN 250ML MORADO,11,38.79
50136936,AMAR. PASTEL ACR.ESC. 100ML #329,11,38.79
50137308,BOLSA BARNIZ G PEANUTS SAN VALENTIN,11,38.79
50034060,BORRADOR FUNCIONAL ICEBOARD N,11,38.79
50135588,ROLLO TRES PLIEGOS PAPEL KRAFT NAV,11,38.79
50136952,PINTURA VINILICA BOMBIN 250ML VDE AMARIL,11,38.79
50136933,ROSA PASTEL ACR.ESC. 100ML #326,11,38.79
50036883,FOTOGRAFIA INFANTIL COLOR,50,38.79
50029936,ENGARG. MET.PLAST. 181,50,38.79
50029971,RENTA DE MAC /10 MIN,50,38.79
50053920,PLANEADOR CARTA,50,38.79
50093640,UNIFLEX NE/S 1-40 HOJAS,50,38.79
50036885,FOTOGRAFIA CREDENCIAL COLOR,50,38.79
50029954,ENC.TERMICO CTA 121-225,50,38.79
50112139,PAQUETE DE 100 HOJAS BLANCAS,50,38.79
50055821,CREDENCIAL PERSONAL EN PVC,50,38.79
50093654,UNIBACK NE M 41-85HOJAS,50,38.79
50128370,EXTENSION ELECTRICA DOMESTICA 2 MTS,2,42.24
50055939,CALCU ROYAL BOLSILLO C00222,2,42.24
50111545,SEPARADOR BORRABLE BLANCO 5DIV,4,42.24
50111548,SEPARADOR NUMERADO COLOR 8 DIV,4,42.24
50125172,TABLA SUJETADOCUMENTOS ECO STUK AZUL,4,42.24
50100573,COMANDA RESTAURANTE 3B,5,42.24
50063583,YOYO P/GAFETE OMX BLANCO 4 PZSY,7,42.24
50121598,CINTA PARA ENMASCARAR SCOTCH 18MMX55M,7,42.24
50116711,PORTALAPICES PLASTICO BLANCO,8,42.24
50129049,CANASTA RECTANGULAR TEJIDA GRIS,8,42.24
50138039,CAJA PARIS 4 LT CON TAPA NEGRO,8,42.24
50125366,CAJA PARA TRANSPARENTE 20,8,42.24
50134078,PORTA CLIPS NEXTEP GRANDE,8,42.24
50084311,KIT DE CESTAS 2PZAS,8,42.24
50084273,PORTANOTAS OMX MESH NEGRO,8,42.24
50125362,ORGANIZADOR TRASNPARENTE 16X16.5 CM,8,42.24
50125502,CINTA WASHI BUTTERFLY 4PZ,9,42.24
50131106,STICKER DE NOTAS ADHESIVAS CATS STUK,9,42.24
50125226,NOTAS ADH TIERRA STUK 40H,9,42.24
50122573,CINTA CRISTALINA C/DESPACHADOR 18X33,9,42.24
50125205,NOTAS ADHESIVAS STUK SUMMER 40H,9,42.24
50125202,NOTAS ADH STUK 75X75MM 60H,9,42.24
50125227,NOTAS ADH ASTRONAUTA STUK 40H,9,42.24
50125506,NOTAS ADH BUTTERFLY REDONDAS 200H,9,42.24
50128266,CLIP BINDER 25MM X6,9,42.24
50125188,CINTA ADHE STUK 2 PZAS 5M,9,42.24
50133132,TIJERAS BARRILITO GREKAS CURVAS 5 PULG,9,42.24
50133131,TIJERAS BARRILITO GREKAS ZIG ZAG 5 PULG,9,42.24
50125183,NOTAS ADHESIVAS RAYA ECO STUK 80 HJ,9,42.24
50125185,CLIPS UNICORNIO STUK 4PZ,9,42.24
50131121,SET DE CLIPS 12 PZA COLORS,9,42.24
50116189,CINTA SCOTCH DOBLE CARA C/DESP,9,42.24
50130949,CINTA WASHI COLORES 20MMX3M RAINBOW STUK,9,42.24
50116824,IMANES GOOD DAISY 2 PIEZAS,9,42.24
50113819,CINTA MAGICA GREENER 19 X 15.2,9,42.24
50116829,NOTAS ADH STUK PLANTAS,9,42.24
50125463,BOLIGRAFO 0.7 MM SMILEY,10,42.24
50102849,CUADERNO COS. ITALIANO C7 100H,10,42.24
50125914,PLUMON FIESTA 45 NEON FAB CASTELL 6 PZAS,10,42.24
50107523,CUADERNO PROF C5 DISNEY 90H,10,42.24
50125236,MARCADOR PUNTA CINCEL ECO 6PZA,10,42.24
50125249,MARCATEXTOS FLOR STUK,10,42.24
50131156,SET 6 BORRADOR S COLORS STUK,10,42.24
50102784,CUADERNO COSIDO ITALIANO 100H,10,42.24
50125501,LAPICERA DE PLASTICO BUTTERFLY,10,42.24
50131827,PAPER COL DOBLE PUN HEXL 24 COL 12 PZS,10,42.24
50125349,MARCADORES LAVABLES STUK 8PZAS VAR COLOR,10,42.24
50125513,SET PLUMONES BUTTERFLY 12PZAS,10,42.24
50097271,CUADERNO ITAL COVER RAY 100H,10,42.24
50125503,BORRADOR STUK,10,42.24
50125243,BOORADOR ROMPECABEZAS 12 PZAS STUK,10,42.24
50102848,CUADERNO COS. ITAL. RAYAS/100H DIETRIX,10,42.24
50125913,PLUMON FIESTA PASTEL FAB CASTELL 6 PZAS,10,42.24
50125310,CUDERNO ESPIRAL MARIPOSA,10,42.24
50125287,BOLIGRAFO RETRACTIL ECO STUK 3 PZAS,10,42.24
50062101,MARCADORES AGUA SURT 8P OMX,10,42.24
50065822,MARCATEXTOS C/GRIP CNC SURT 5P,10,42.24
50125239,ROTULADOR 0.8 MM 2 PZAS OMX,11,42.24
50135589,ROLLO TRES PLIEGOS PAPEL LICENCIAS,11,42.24
50085467,LENTES PARA LABORATORIO TRANSP,12,42.24
50088541,SENALIZACION EXTINGUIDOR SIGEL,12,42.24
50088544,"SENALIZACION ""BANOS HOMBRES""",12,42.24
50134406,JUEGO DE 3 MICOFIBRA PREMIUM 30X30 CM,12,42.24
50088542,SENAL SOLO PERSONAL AUTORIZADO,12,42.24
50088543,"SENALIZACION ""BANOS MUJERES""",12,42.24
50088545,SENALIZACION BANOS 23X7.5CM,12,42.24
50088540,CALCOMANIA BANOS C/3 SIGEL,12,42.24
50081001,DVD-RW VERBATIM 4.7GB 120MIN,14,42.24
50133022,TAZAS DE VIDRIO STITCH GAIRET,18,42.24
50136806,GALLETA PROTEIN COOKIE FORZAGEN MUSCLE,18,42.24
50135059,8 PLATOS 7IN SIRENA,18,42.24
50137666,MOGU MOGU MANGO 320ML,18,42.24
50113904,PARTY POPPER 20 CM,18,42.24
50124944,LETRERO MOVIL HAPPY BIRTHDAY COLGANTE,18,42.24
50135071,12 VELAS COLORES METALIZADAS,18,42.24
50128875,LAPICERA MERLETTO FRUTOPIA 1 BOLSILLO,18,42.24
50135070,VELA FELIZ CUMPLEANOS DORADA,18,42.24
50135919,OBLEA DE AMARANTO SIN AZUCAR SABOR CAFE,18,42.24
50136977,CAKE TOPPERS ACRILICO LOVE YOU,18,42.24
50137665,MOGU MOGU LYCHEE 320ML,18,42.24
50135920,OBLEA DE AMARANTO SIN AZUCAR CHOCOLATE,18,42.24
50135072,12 VELAS PLATEADAS,18,42.24
50131405,PALO DE ABSORCION PIEDRA VOLCANICA C108,18,42.24
50125082,PERFILADORES PARA CEJAS 3 PZAS,18,42.24
50118687,GOMA DE MASCAR DOUBLEMINT,18,42.24
50135061,8 VASOS 9OZ SIRENA,18,42.24
50135069,VELA FELIZ CUMPLEANOS PLATEADA,18,42.24
50124945,LETRERO MOVIL FELICIDADES NEON COLGANTE,18,42.24
50132399,GOMA DE MASCAR JUICY FRUIT 37.5G,18,42.24
50121437,SELLOS COLECCIONA 3D PRINCESAS SORPRESA,18,42.24
50135921,OBLEA DE AMARANTO SIN AZUCAR SABOR COCO,18,42.24
50131315,PASTILLERO PLANEADOR SEMANAL DISPENSADOR,18,42.24
50127661,GOMA DE MASCAR WINTERFRESH EMBOSSING 37G,18,42.24
50135060,PLATO 9IN ESPACIO,18,42.24
50125080,RIZADOR DE PESTANAS MAS PINZA PARA CEJAS,18,42.24
50135288,TARJETA DE PARA NAVIDAD 30 PZAS,18,42.24
50135062,8 VASOS 9OZ LUJO CON FOIL,18,42.24
50116584,NIEVE ARTIFICIAL,18,42.24
50129414,VASO FIESTA C/8 PZ SANTA AND FRIENDS,18,42.24
50124149,IMPRESION TABLA DE NUMEROS T.C,50,42.24
50124148,IMPRESION ABECEDARIO T.C,50,42.24
50067107,PAPEL FOTO GLOSSY 10 CM,50,42.24
50029993,IMP.TRANSFER CARTA,50,42.24
50067106,PAPL FOTOGFICOAPERLA 10CM,50,42.24
50134621,FOLDER ELASTICO ROSA CONSTELACIONES,3,43.02
50134622,FOLDER ELASTICO LILA CONSTELACIONES,3,43.02
50133149,TABLA DISENOS C/CLIP,4,43.02
50062118,TABLA C/CLIP T/E MADERA OMX,4,43.02
50062073,PROTECTOR DE HOJAS 10PZS OMX,4,43.02
50074151,TABLA CON CLIP T/C ECOLOGICA,4,43.02
50069982,VALE PROVISIONAL DE CAJA 1/4 3PZA,5,43.02
50069983,OMPROBANTE GASTO 50H 1/4 3P,5,43.02
50121360,PAPEL BOND 100 H CARTA 75 G FIRST CLASS,6,43.02
50040646,PAPEL BOND BLANCO OMX TC 100H,6,43.02
50102476,PAPEL ESCOLAR TC 100 HJ,6,43.02
50086324,SOBRE VERTICAL C/BOTON V/COLOR,6,43.02
50012385,TINTA ROLAPLICA AZOR AZUL 60ML,7,43.02
50062920,CINTAS ADHESIVA SCOTCH 48 X 50,7,43.02
50065881,CUTTER GRANDE OMX C/GRIP 18MM,7,43.02
50012377,TINTA ROLAPLICA AZOR NGRO 60ML,7,43.02
50062921,CINTA EMPAQUE CANELA 48MMX50M SCOTCH,7,43.02
50012378,TINTA ROLAPLICA AZOR ROJO 60ML,7,43.02
50062044,DESPACHADOR DE CLIPS JUMBO OMX,8,43.02
50063067,PORLATETRERO 4X6 ACRILICO DOBL,8,43.02
50116919,CAJA PLASTICA 3.LTS SIN TAPA,8,43.02
50063070,PORTALETRETO 6X4 ACRILICO,8,43.02
50137752,CANASTA MULTIUSOS 18X13CM G.,8,43.02
50063068,PORTALETRERO 4X6 ACRILICO,8,43.02
50076295,CLIP OMX JUMBO 100 PIEZAS,9,43.02
50048405,SILICON LIQUIDO PELIKAN 100ML.,9,43.02
50054723,CINTA SCOTCH ADH DESP 19X16.5 ROSA O AZU,9,43.02
50062054,SUJETADOCUMENTOS OMX 32MM 12P,9,43.02
50014603,PERFORADORA PEGASO METALIC 1/O,9,43.02
50111982,GRAPA ESTANDAR OMX5040 PIEZAS,9,43.02
50061998,NOTAS OMX COLORES 40PZS,9,43.02
50069642,SUJETADOC OMX 32MM 12 PZS GRIS,9,43.02
50134610,DESPACHADOR CINTA ADHESIV ROSA CONSTELA,9,43.02
50132080,PRITT TWOPACK 20GR COLORES ROSA Y VERDE,9,43.02
50069421,LAPIZ ADHESIVO OMX 40GR 2PZS,9,43.02
50013700,CINTA SCOTCH ADH C/DESP 18X30,9,43.02
50137355,PDQ 24 SACAPUNTAS CONTENEDOR PAW PATROL,10,43.02
50019479,PUNTILLAS 0.5MM 2B SUPER HI 2P,10,43.02
50130955,PLUMA GEL RETRACTIL 4 TINTAS 05 MM,10,43.02
50116797,GOMAS STUK POSTRES 6 PIEZAS,10,43.02
50125246,MARCADOR PARA PIZARRON OMX VAR COLORES,10,43.02
50092461,LAPICES GRAFITO TRIANG 10P MAP,10,43.02
50012952,HOJAS P/CARP CT CLASIC C5 100H,10,43.02
50015353,MARCADOR PERM ESTERBROOK NEGRO,10,43.02
50032937,BOLIGRAFO SHIMMERS C/10PZS,10,43.02
50032949,LAPIZ DE GRAFITO CONTE 8PZS,10,43.02
50134088,CUADERNO ITALIANO COSIDO 100H RAYA,10,43.02
50107549,CUADERNO PROF C7 100H STUK,10,43.02
50032954,PLUMA CORRECTORA SHAKE SQUEE 1 PZA,10,43.02
50118667,LAPICES METALIZADOS MOOVING 6,10,43.02
50062173,LAPICES DE GRAF HB 12PZ OMX CJ,10,43.02
50079897,BOLIGRAFO BIC MED SURT 10 PZAS,10,43.02
50067955,AQUARELO GLASS BL. C/1 AMA,10,43.02
50107548,CUADERNO PROF C5 100H STUK,10,43.02
50121755,BOLIGRAFO ROLLER SARASA 0.7MM 1P AZUL,10,43.02
50012962,HOJAS P/CARP CT CLASIC C7 100H,10,43.02
50015351,MARCADOR PERMANENTE ESTERBROOK AZUL,10,43.02
50012953,HOJAS P/CARP CT CLASIC BC 100H,10,43.02
50134087,CUADERNO ITALIANO COSIDO 100H 7MM,10,43.02
50107546,CUADERNO PROF RY 100H STUK,10,43.02
50128254,LAPIZ TICO ROSA 4C 1 GOMA 1 SACAPUNTAS,10,43.02
50012951,HOJAS CARPETA SCRIBE RAYA 100H,10,43.02
50118607,BOLIGRAFOS FLAIR 3P NG/AZ/RJO,10,43.02
50116789,GOMAS STUK SIRENA 4 PIEZAS,10,43.02
50061463,BLOCK ESPIRAL TAQUIGRAFIA RAYA 100H,10,43.02
50063055,MARCATEXTOS CINCEL COL OMX 5 P,10,43.02
50130968,PLUMA CON CARA SILICON SALMON,10,43.02
50086043,BOLSA UNICEL SURT MED C/9PZS,11,43.02
50086044,BOLSA UNICEL SURT GRANDE C/4PZ,11,43.02
50128530,ROLLO FELICIDADES CON 4 PLIEGOS,11,43.02
50034607,TABLA MACOCEL 40X40 CM,11,43.02
50135587,CAJA MATERIA CUBO G COLOR VERDE,11,43.02
50134631,PAPEL DE REGALO TODA OCASION,11,43.02
50068048,BLOCK MILIMETRICO OPACO,11,43.02
50086134,ANIMALES SELVA C/ 5 PZAS,11,43.02
50134129,STICKERS 3 HOJAS CAPIBARA,11,43.02
50086045,BOLSA UNICEL SURT CHICA C/20PZ,11,43.02
50016548,CALCOMANIA DE FANTASIA DECO-LI,11,43.02
50086046,BOLSA UNICEL SURT EXTGRD C/3PZ,11,43.02
50086137,ANIMALES ZOOLOGICO C/ 5 PZAS,11,43.02
50015866,GISES CRAYOLA COLORES SURTIDOS,11,43.02
50060857,ROLLO PAPEL BOND BCO 90X70 5PZ,11,43.02
50118782,CANDADO BRONCE CILINDRO DE HIER,12,43.02
50109235,TOALLAS ANTIESTATICAS CBI 12P,14,43.02
50134841,ESMALTE MF3 1 BISSU,18,43.02
50134837,ESMALTE MERLOT BISSU,18,43.02
50027740,PILA ESPECIAL ALCALINA A76,18,43.02
50134839,ESMALTE ARTICO BISSU,18,43.02
50137987,JGO CUBIERTOS 3 PZAS CON ESTUCHE,18,43.02
50137981,TARRO CERAMICA RAYAS MATE 4 COLORES,18,43.02
50131377,SPARKLERS HAPPY B DAY LETRAS NEGRAS,18,43.02
50124812,SPARKLERS LUXURY DORADA,18,43.02
50025493,PILA ESPECIALIZADA MOD. 2032,18,43.02
50124810,SPARKLERS VELA RAINBOW,18,43.02
50134536,PRIME HYDRATION LIMONADA,18,43.02
50063807,PILA ALCALINA AAA 4PZ OMX,18,43.02
50134535,PRIME HYDRATION PALETA HELADA,18,43.02
50025494,PILA ESPECIALIZADA MOD. 2025,18,43.02
50134840,ESMALTE NEGRO BISSU,18,43.02
50134866,LABIAL HUMECTANTE TULA 3 BISSU,18,43.02
50134870,LABIAL HUMECTANTE HUAMANTLA 14 BISSU,18,43.02
50137922,XURRITOS AMARANTO FUEGO 90 GR,18,43.02
50134842,ESMALTE TIERNA SONRISA 15ML BS,18,43.02
50134838,ESMALTE TOP COAT BISSU,18,43.02
50137991,VASO CON FORMA DE BALON C POPOTE 590 ML,18,43.02
50137592,ARCHIVERO EXPANDIBLE 5 CARTA VERDE,3,47.41
50131089,SET FOLDERS DISENOS CATS STUK,3,47.41
50137591,ARCHIVERO EXPANDIBLE 5 CARTA CRISTAL,3,47.41
50137629,PORTADOCUMENTOS TRASLUCIDO AZUL,3,47.41
50131154,FOLDERS 3 PIEZAS COLORS STUK,3,47.41
50137590,ARCHIVERO EXPANDIBLE 5 CARTA HUMO,3,47.41
50137589,ARCHIVERO EXPANDIBLE 5 CARTA ROJO,3,47.41
50137628,PORTADOCUMENTOS TRASLUCIDO NEGRO,3,47.41
50137588,ARCHIVERO EXPANDIBLE 5 CARTA AZUL,3,47.41
50011852,SEPARADOR CARDINAL 15 DIV COL,4,47.41
50061988,INDICE OMX 8 DIV MULTICOLOR,4,47.41
50131711,IMANES STITCH 3 PZ MOOVING,9,47.41
50040380,GRAPA MARVEL 6MM CN 5000 PZAS,9,47.41
50128264,CLIP PASTEL CON FORMA X6,9,47.41
50131600,CLIPS MOOVING,9,47.41
50125267,BOLIGRAFO TINTA NEGRA ANIMALITOS,10,47.41
50128118,CINTA DECORATIVA MIX DE FIGURAS,10,47.41
50119814,BOLIGRAFO ENERGEL SPORT 0.7MM 1P NEGRO,10,47.41
50136910,ACR.AZUL FLUOR.100ML.L-800,11,47.41
50135644,BOLSA GRANDE ASA MINECRAFT NAVIDAD,11,47.41
50136913,ACR. POLITEC L-500 MORA MET 100 ML #534,11,47.41
50135586,CAJA CUBO GRANDE COLOR ROJO,11,47.41
50136908,ACR.NARANJA FLUOR.100ML.L-800,11,47.41
50136914,ACR. POLITEC L-500 VERDE MET 100 ML #533,11,47.41
50136911,ACR.ROSA FLUOR.100ML.L-800,11,47.41
50136920,ACR. POLITEC L-500 OCRE MET 100 ML #503,11,47.41
50135626,BOLSA VINO ASA AGUJETA DISENOS APLICADO,11,47.41
50136918,ACR. POLITEC L-500 NAR MET 100 ML #508,11,47.41
50136915,ACR. POLITEC L-500 AMAR MET 100 ML #518,11,47.41
50136912,ACR. POLITEC L-500 ROJO MET 100 ML #521,11,47.41
50136907,ACR.ROJO FLUOR.100ML.L-800,11,47.41
50136909,ACR.VERDE FLUOR.100ML.L-800,11,47.41
50136906,ACR.AMARILLO FLUOR.100ML.L-800,11,47.41
50136919,ACR. POLITEC L-500 GRIS MET 100 ML #517,11,47.41
50136916,ACR. POLITEC L-500 BLAN MET 100 ML #501,11,47.41
50136917,ACR. POLITEC L-500 VER H MET 100 ML #528,11,47.41
50136922,ACR. POLITEC L-500 AZUL MET 100 ML #513,11,47.41
50136921,ACR. POLITEC L-500 CAFE ME 100 ML #504,11,47.41
50136905,ACRIL. MAGENTA FLUOR 100 ML L- 800,11,47.41
50093431,GUANTE NEGRO SILVERLINE NYLON,12,47.41
50135899,JOYERIA DE DULCE CON ESTUCHE DE FLOR,18,47.41
50029976,DAR FORMATO ANTES DE IMP.,50,47.41
50052303,"PAQ BOTONES 1"" 9PZA",50,47.41
50067109,VINYL ADHERIBLE 10 CM ADICONAL,50,47.41
50029948,ENGARG MET D/CTA 1-60,50,47.41
50093641,UNIFLEX NE 41-85 HOJAS,50,47.41
50093655,UNIBACKL NE 86-130 HOJAS,50,47.41
50029860,PLANOS PAPEL BOND 91X60,50,47.41
50053545,CALENDARIO CARTA,50,47.41
50067108,PEL. BACK LITE 10CM ADICIONAL,50,47.41
50031637,ENVIOS CALL CENTER,61,50.86
50128374,EXTENSION ELECTRICA USO RUDO 2 MTS,2,50.86
50128371,EXTENSION ELECTRICA DOMESTICA 3 MTS,2,50.86
50137085,TARJETA BLANCA 5X8 IN 100 H BLOCK,3,50.86
50063081,CUBIERTA P/REP C/10 PROTEC OMX,4,50.86
50101950,CUBIERTA PALANCA METALICO NGRO,4,50.86
50137454,PRETRATOS PLAST MAD CL 4X6 OS07709,8,50.86
50130828,LAPICERO APILABLE,8,50.86
50130820,PORTARETRATOS CH MDF PAPEL,8,50.86
50131886,BOTELLA C TAPA REDONDA STITCH ANDROMEDA,10,50.86
50074462,CUADERNO COS ITA COLOR BL 100H,10,50.86
50074464,CUADERNO COS IT COLOR C14 100H,10,50.86
50074460,CUADERNO COS ITA COLOR C5 100H,10,50.86
50131419,PLUMONES NEON 10 PIEZAS,10,50.86
50074459,CUADERNO COS ITA COLOR RY 100H,10,50.86
50074461,CUADERNO COS ITA COLOR C7 100H,10,50.86
50074463,CUADERNO COS ITA COLOR DR 100H,10,50.86
50131961,MARCADOR METALICO 3PZ BIC,10,50.86
50135639,BOLSA JUMBO ASA EILEEN PETS NAVIDAD,11,50.86
50118567,WINDEX ATOMIZADOR 640ML,12,50.86
50133026,ALCANCIA METALICA STITCH AQUA GAIRET,12,50.86
50095715,CINCHOS 3.5MM SILVERLINE 100 P,12,50.86
50066277,MINI CLEAN ROLLER SCOTCH 30 HJ,12,50.86
50116669,CANDADO GRIS PLACA LATON 38MM,12,50.86
50135066,BANNER FELCIIDADES COLORS,18,50.86
50132965,VASO FIESTA 6 PIEZAS STITCH,18,50.86
50129741,SANITIZANTE UVA 50 ML,18,50.86
50137918,CORNETA DE AIRE TRICOLOR,18,50.86
50136976,BANDERIN MOVIL COLGANTE CORAZONES,18,50.86
50135063,BANNER FELICIDADES AZ MDO,18,50.86
50129742,SANITIZANTE MANGO 50 ML,18,50.86
50123886,PASTILLAS SABOR MENTA 27G LEONE,18,50.86
50134639,JUEGO DE BROCHAS EN VASO,18,50.86
50123885,PASTILLAS SABOR LIMON 27G LEONE,18,50.86
50132087,CAKE TOPER FELIZ CUMPLE PLATA,18,50.86
50132390,CACAHUATE HORNEADO 250G,18,50.86
50093218,CHICLE HUBBA BUBBA TRIPLE,18,50.86
50135023,MANTEL PARTY IS ON BLANCO RECTANGULAR,18,50.86
50129739,SANITIZANTE MORA AZUL 50 ML,18,50.86
50132088,PLATO PASTELERO 6 PIEZAS STITCH,18,50.86
50135065,BANNER HAPPY BIRTHDAY NEGRO,18,50.86
50135611,BANDERIN MOVIL COLGANTE FELIZ,18,50.86
50135064,BANNER FELICIDADES DORADO,18,50.86
50134674,CORTADOR DE PASTILLAS CON PASTILLERO,18,50.86
50129740,SANITIZANTE SANDIA 50 ML,18,50.86
50132086,CAKE TOPER HAPPY BDY DORADO,18,50.86
50113905,PARTY POPPER 20 CM SILVER,18,50.86
50131618,TOALLITA HUM ANTIBACTERIAL ESCUDO C50,18,50.86
50135022,BOMBA MANUAL,18,50.86
50136974,PARTY POPPERSA SAN VALEN CORAZONES,18,50.86
50049682,IMP EN MOUSE PAD ARTE,50,50.86
50035261,TRANSFER CTA OBSCURO,50,50.86
50066389,CAJA ARCHIVO TAMA#O CARTA,3,51.64
50062117,TABLA REGISTRO C/SUJETADOR OMX,4,51.64
50061986,CARPETA PRES C/10 MICAS BC OMX,4,51.64
50063114,REGISTRADOR OMX CARTA KRAFT,4,51.64
50061985,CARPETA PRES C/10 MICAS NG OMX,4,51.64
50125727,COMANDA AUTOCOPIANTE,5,51.64
50069969,REMISION AUTO 1/4 CTA 22 J 3P,5,51.64
50073101,SOBRE C/LIGA TAMA#O CARTA,6,51.64
50073103,SOBRE C/LIGA TAMA#O OFICIO OMX,6,51.64
50063414,CUTTER EXACTO OFFICEMAX,7,51.64
50135313,PAPEL KRAFT 76 CM X 4.5 M RIU,7,51.64
50109600,PORTALAPICES MESH PLATA,8,51.64
50109599,PORTALAPICES MESH NEGRO SIGEL,8,51.64
50067889,CINTA JANEL ADH MINI 18X33 4PZA,9,51.64
50078254,ENGRAPADORA MAPED MINI COLORES,9,51.64
50051957,PEGAMENTO RESISTOL 850 225GR,9,51.64
50136697,NOTAS ADHESIVAS STITCH,9,51.64
50046922,"TIJERA ESC BARRILITO ZURDO 5""",9,51.64
50063615,NOTAS OMX ADH MINICUBO 400H,9,51.64
50092618,PEGAMENTO LIQ ELMERS 225ML,9,51.64
50048391,CORRECTOR PLUMA 7ML 1P,10,51.64
50120367,GOMA TINCONDEROGA 2 PIEZAS,10,51.64
50019434,BOLIGRAFO RSVP NEGRO 2P PENTEL,10,51.64
50064189,LAPIZ MIRADO NO2 HEXAG C/8,10,51.64
50067926,BOLIGRAFO KM 100 NEGRO C 12,10,51.64
50015149,BOLIGRAFO BIC PUNTO FINO NEGRO CC:20008,10,51.64
50079732,BOLIGRAFO KIL. QUATRO BASICO,10,51.64
50094082,CORRECTOR EN CINTA RECAR PENTE *,10,51.64
50130970,NOTAS DISENIO CHOCOLATE,10,51.64
50046021,BOLIGRAFO BIC FINO ROJO C/12,10,51.64
50057610,BOLIGRAFO BPS FINO SURT 2MAS1,10,51.64
50125270,MARCATEXTOS PUNTA CINCEL ECO STUK NEON,10,51.64
50103782,BOLIGRAFO FINO AZUL 12 PZAS AZOR,10,51.64
50125248,MARCATEXTOS MINI HELADO 6 PZAS STUK,10,51.64
50088031,BOLIGRAFO KM P.FINO PZ,10,51.64
50012392,MARCADOR AZOR PIZARRON NG-RJ 2,10,51.64
50062072,MARCADOR PERM CINCEL NG 4P OMX,10,51.64
50131044,SET BORRADOR ELECTRICO,10,51.64
50062130,BOLIGRAFO MED NG OMX 12 PZAS,10,51.64
50067442,CINTA CORRECTORA RSA 1PZA,10,51.64
50130969,CUADERNO A6 MANZANA,10,51.64
50062131,BOLIGRAFO BALLPOINT MED AZ OMX,10,51.64
50092222,BOLIGRAFO FINO NEG 12PZAS AZOR,10,51.64
50074749,"BOLIGRAFO BIC 4EN1, MEDIANO",10,51.64
50015148,O 12P FINO AZUL BIC,10,51.64
50087978,BOLIGRAFO KM FINE NEG 12 PZS,10,51.64
50127113,CUADERNO PRO C7 100H SELECCION MEX,10,51.64
50138094,CORRECTOR CINTA 8MX4.2 MM KORES MUNDIAL,10,51.64
50079728,MARCADOR EXPO. CINCEL 2 PZ.,10,51.64
50033978,MARCADOR CERA BCO BLIS C/2 PZS,10,51.64
50111253,CORRECTOR DE CINTA RECARGABLE,10,51.64
50127111,CUADERNO PRO RAY 100H SELECCION MEX,10,51.64
50131274,BOLIGRAFO ECO GEL RETRACTIL NEGRO 0.5 MM,10,51.64
50062067,BOLIGRAFO GEL 0.7 NGO 6P OMX,10,51.64
50033976,MARCADOR CERA DIXON NEGRO 2PZS,10,51.64
50030281,BOLIGRAFO ERASER MATE NGO 2P,10,51.64
50067927,BOLIGRAFO KM 100 AZUL CAJA 12,10,51.64
50065796,LAPICERO 0.5MM INCLUYE PUNT 2P,10,51.64
50033067,BROCHA INFANTIL CRAYOLA,11,51.64
50112885,BLOCK PAPEL LUSTRE 50 HOJAS,11,51.64
50128364,JUEGO DE GEOMETRIA FLEXI-OH 20 CM,11,51.64
50090193,CARTON C/TELA P/ PINTAR 20X30,11,51.64
50060858,ROLLO PAPEL BOND C7 90X70 5PZ,11,51.64
50081919,FOAMI CARTA COLORES SURTIDOS,11,51.64
50017633,BLOCK VEGETAL T/C 50/55GRS 25H,11,51.64
50125234,SET PINCELES 4 PZAS STUK,11,51.64
50134624,LLAVERO LUNA CONSTELACIONES,11,51.64
50134812,DELINEADOR RETRACTIL LABIOS 08 EL ROJO,18,51.64
50134816,DELINEADOR RETRACTIL LABIOS 05 ROSAL BS,18,51.64
50134813,DELINEADOR RETRACTIL LABIOS 01A NATURAL,18,51.64
50134815,DELINEADOR RETRACTIL LABIOS 02 CANELA BS,18,51.64
50134882,PESTANAS IRREVERENTE FUERTE TRUE LASHES,18,51.64
50134859,RUBOR PETALO BISSU,18,51.64
50134862,RUBOR TERRACOTA BISSU,18,51.64
50134814,DELINEADOR RETRACTIL LABIOS 06A PETALO B,18,51.64
50134860,RUBOR CORAL BISSU,18,51.64
50134861,RUBOR DURAZNO BISSU,18,51.64
50134883,PESTANAS IRREVERENTE FABULOSA TRUE LASH,18,51.64
50134880,RIZADOR PARA PESTANAS NEGRO TL,18,51.64
50062113,TABLA C/CLIP TC PLAST RCNG OMX (NEGRA),4,55.95
50062116,TABLA C/CLIP TO MADERA OMX,4,55.95
50062114,TABLA C/CLIP TC PLAST RCAZ OMX,4,55.95
50119477,SOBRE COIN 8.9 X 16.5CM 50 PZ,6,55.95
50028188,SOBRE CARTA C/ELASTICO AZ/TRNS,6,55.95
50014614,CUTTER GRANDE CORTY 18MM,7,55.95
50113992,CINTA CORTA FACIL 45MM X 40M,7,55.95
50013783,GRAPAS PILOT STANDAR 5040 PZS,9,55.95
50085025,"TIJERA OFI JHONSHEN 8.5""",9,55.95
50078962,BANDERITAS POST-IT BRILLANTES,9,55.95
50087839,TIJERAS PARA OFICINA MAPED 17CM,9,55.95
50111585,CLIP OMX MARIPOSA NO2 50PZ,9,55.95
50084162,SILICON BARRILITO 10P(BARRAS),9,55.95
50087954,"TIJERA OFI SIGEL 8""",9,55.95
50062075,MARCADOR P/PIZ SURT OMX 4PZ,10,55.95
50016006,CORRECTOR PLUMA PAPER MATE 7ML,10,55.95
50134070,CUADERNO PROFESIONAL COSIDO 100H RAYA VE,10,55.95
50116777,CINTA CORRECTORA OMX 2PZ,10,55.95
50134068,CUADERNO PROFESIONAL COSIDO 100H 5MM VER,10,55.95
50114128,BOLIGRAFO GRIP FASHION 1.0 7PZ,10,55.95
50092580,BOLIGRAFO FINO SURTIDO 10PZ AZOR,10,55.95
50036134,GOMA FACTIS S 20F P LAPIZ 3PZ,10,55.95
50134074,CUADERNO PROFESIONAL COSIDO 100H DR,10,55.95
50064190,LAPIZ MIRADO NO2 TRIANG C/8,10,55.95
50085297,LAPIZ DE GRAFITO NO2 PASTEL 6P,10,55.95
50134069,CUADERNO PROFESIONAL COSIDO 100H 7MM VER,10,55.95
50126196,ACUARELA LIQUIDA 30ML SIENA TOSTADA,11,55.95
50126198,ACUARELA LIQUIDA ITALIANA 30ML TURQUESA,11,55.95
50126201,ACUARELA LIQUIDA 30ML VERDE LIMON,11,55.95
50126193,ACUARELA LIQUIDA ITALIANA 30ML LILA,11,55.95
50126199,ACUARELA LIQUIDA 30ML MAGENTA CLARO,11,55.95
50126191,ACUARELA LIQUIDA ITALIANA 30ML ROJO,11,55.95
50126192,ACUARELA LIQUIDA ITALIANA 30ML PURPURA,11,55.95
50126200,ACUARELA LIQUIDA 30ML AMARILLO OCRE,11,55.95
50079945,ROTULADOR FINO GRAPH PEPS 4PZA,11,55.95
50126194,ACUARELA LIQUIDA ITALIANA 30ML AZUL,11,55.95
50126197,ACUARELA LIQUIDA ITALIANA 30ML AMARILLO,11,55.95
50079943,ROTULADOR FINO GP FANCY 4PZAS,11,55.95
50067327,PINTURA PASTEL C/12 COLORES,11,55.95
50126195,ACUARELA LIQUIDA 30ML VERDE ESMERALDA,11,55.95
50134872,LABIAL MATE 4 TORONTO BISSU,18,55.95
50134865,LABIAL MATE 8 MARRUECOS BISSU,18,55.95
50134868,LABIAL MATE 30 LIMA BISSU,18,55.95
50124851,GLOBO MET NUMBER 0 SILVER SHAPE,18,55.95
50124857,GLOBO MET NUMBER 6 SILVER SHAPE,18,55.95
50125447,GLOBO MET NUMBER 3 SILVER SHAPE AN,18,55.95
50125449,GLOBO MET NUMBER 8 SILVER SHAPE AN,18,55.95
50124858,GLOBO MET NUMBER 7 SILVER SHAPE,18,55.95
50125446,GLOBO MET NUMBER 1 SILVER SHAPE AN,18,55.95
50124853,GLOBO MET NUMBER 2 SILVER SHAPE,18,55.95
50124852,GLOBO MET NUMBER 1 SILVER SHAPE,18,55.95
50134867,LABIAL MATE 23 PARIS BISSU,18,55.95
50125448,GLOBO MET NUMBER 5 SILVER SHAPE AN,18,55.95
50124855,GLOBO MET NUMBER 4 SILVER SHAPE,18,55.95
50134869,LABIAL MATE 1 MILAN BISSU,18,55.95
50124860,GLOBO MET NUMBER 9 SILVER SHAPE,18,55.95
50134871,LABIAL MATE 3 ESTAMBUL BISSU,18,55.95
50124856,GLOBO MET NUMBER 5 SILVER SHAPE,18,55.95
50069869,SEPARADOR AVERY 5DIV T ESQUELA,4,59.48
50101956,CUBIERTA PALANCA METALICO AZUL,4,59.48
50012299,TABLA C/CLIP TC FIBRACEL LEFOR,4,59.48
50131781,SOBRE POLIPROPILENO C/LIGA OFICIO,6,59.48
50114905,SOBRE PLASTICO 26.6CMX38.7CM,7,59.48
50076119,MASKING TAPE JANEL 48MMX50M,7,59.48
50137218,PORTALAPICES STUK DE METAL GRIS,8,59.48
50137455,PRETRATOS PLAST MAD CL 6X8 OS07710,8,59.48
50129046,ORGANIZADOR CALADO RECTANGULAR BLANCO,8,59.48
50129048,CANASTA RECTANGULAR TEJIDA NEGRO,8,59.48
50130821,PORTARETRATOS M MDF PAPEL,8,59.48
50016537,SOPORTE PARA LIBROS 2 PIEZAS,8,59.48
50130819,CHAROLA REVISTERO,8,59.48
50063069,"PORTALETRERO ACRI OMX VER 5X7""",8,59.48
50084308,KIT DE CESTAS 4PZAS,8,59.48
50082270,"TIJERAS DE 7"" O 18 CM.UNIVERSA",9,59.48
50063384,"ST-IT RAYAS 4X4"" 90H",9,59.48
50118642,SUJETADOCUMENTOS 32MM 4 PCS,9,59.48
50114006,ELMERS LA CON OLOR 4PZ,9,59.48
50121596,TIJERAS MULTI-PROPOSITO SCOTCH 17.78CM,9,59.48
50118641,SUJETADOCUMENTOS 25 MM 6 PCS,9,59.48
50121554,NOTAS POST-IT SUPER ADHESIVA 4PK 45H,9,59.48
50128355,HERMETICO LUKKO REDONDO LUKKO 240ML,10,59.48
50128844,GOMA CON SACAPUNTAS COLOR PASTEL,10,59.48
50124796,BOLIGRAFO UNIBALL AIR AZUL ULTRAFINO,10,59.48
50132634,BOTELLA SQUEEZER PRINCESAS 350ML ANDROME,10,59.48
50065604,COLORES DOBLES DE MADERA 12/24,10,59.48
50132636,BOTELLA SQUEEZER SPIDERMAN 350ML ANDROME,10,59.48
50114468,CUADERNO PROF UNICOLOR C7 100H,10,59.48
50131952,LAPIZ TRIANG GIGANTE 3PZ NORMA,10,59.48
50110147,MARCADOR PERM AZUL 12 PIEZAS,10,59.48
50124797,BOLIGRAFO UNIBALL AIR NEGRO ULTRAFINO,10,59.48
50132635,BOTELLA SQUEEZER FROZEN 350ML ANDROMEDA,10,59.48
50118373,STICKERS CORAZONES MINI,11,59.48
50118374,STICKERS PAPEL DE MARIPOSAS,11,59.48
50131766,STICKERS FLECHAS,11,59.48
50134793,KIT DE PINTURA DE DIAMANTE GATITO,11,59.48
50134792,KIT DE PINTURA DE DIAMANTE UNICORNIO,11,59.48
50131762,STICKERS CORAZONES ROSAS,11,59.48
50125390,STICKER GUITAR NOTES,11,59.48
50125707,STICKER HP I HEART MY FAMILY,11,59.48
50131774,STICKERS MEJORES AMIGOS,11,59.48
50131761,STICKERS CORAZONES SAN VALENTIN,11,59.48
50131768,STICKERS NOTAS BLANCAS,11,59.48
50131775,STICKERS UNICORNIOS Y ARCOIRIS,11,59.48
50125708,STICKER HAPPY PLANNER SOCCER,11,59.48
50118371,STICKERS HUELLAS PERRITO,11,59.48
50125703,STICKER I HEART MY DAD,11,59.48
50134794,KIT DE PINTURA DE DIAMANTE MARIPOSA,11,59.48
50131763,STICKERS LOVE,11,59.48
50131769,STICKERS AMIGAS,11,59.48
50118518,LLAVERO IDENTIFICADOR 4PIEZAS,12,59.48
50128446,CANDADO ROSA COMBINACION 3 DIGITOS 26MM,12,59.48
50088539,"SENAL ""PROHIBIDO FUMAR"" SIGEL",12,59.48
50092155,GUANTE SILVERLINE N9 POLI Y LA,12,59.48
50131639,MOUSE BASICO GRIS 1000DPI,14,59.48
50137674,JUGO FOCO LYCHEE 350ML,18,59.48
50125085,SET CUIDADO DE CEJAS 4 PIEZAS,18,59.48
50133156,SOBRE Y TARJETA GIFT CARD ESTAMPADO C5,18,59.48
50113197,CREMA MANOS PINK EXPLOSION,18,59.48
50132090,LETRERO MOVIL STITCH,18,59.48
50125084,PERSONAL CARE KIT 6 PIEZAS,18,59.48
50134677,CORTAUNAS DE LUJO PARA MANOS Y PIES,18,59.48
50129731,RIMEL PRIDE C/208,18,59.48
50137672,JUGO FOCO MANGO 350ML,18,59.48
50125698,CARGA DE HELIO DIAMONDZ CUBEZ ORBZ,18,59.48
50137267,32H MET METALLIC RED,18,59.48
50137673,JUGO FOCO COCO 350ML,18,59.48
50129720,PINZA PARA CABELLO C/500,18,59.48
50066390,CAJA ARCHIVO OFICIO OFFICEMAX,3,60.26
50029456,TARJETA INDI RAYADA 5X8 OXFORD,3,60.26
50066388,CAJA ARCHIVO REGISTRADOR OFFIC,3,60.26
50083961,REGISTRADOR NGO OMX INDEL PZA,4,60.26
50083950,REGISTRADOR ROJO OMX INDEL PZA,4,60.26
50061645,REGISTRADOR LEFORT CARTA VERDE,4,60.26
50062115,TABLA C/CLIP TC ACRIL COL OMX(GRIS/NGO)),4,60.26
50083954,REGISTRADOR AMAR OMX INDE PZA,4,60.26
50083953,REGISTRADOR VDE OMX INDEL PZA,4,60.26
50012307,REGISTRADOR LEFORT ESQUELA VDE,4,60.26
50083960,REGISTRADOR AZUL OMX INDE PZA,4,60.26
50135312,ESPUMA PROTECTORA 40CM X 5M RIU,7,60.26
50121587,CINTA MUDANZA SCOTCH 48X20 3M DESP,7,60.26
50030852,CINTA EMP SCOTCH TRANS 5CMX20M,7,60.26
50063098,PORTALETRERO 7X5 ACRILICO,8,60.26
50137754,CANASTA MULTIUSOS 24X19 CM G.,8,60.26
50106008,POST IT BANDERAS DIF COLORES 10 PZA,9,60.26
50136692,IMANES STITCH 6 PIEZAS,9,60.26
50056684,BANDERITAS POST-IT MINIFLE 96P,9,60.26
50132759,BARRAS SILICON GLITTER BARRILITO 12 PZ,9,60.26
50067114,ENGRAPADORA MAPED MINI C/GRP,9,60.26
50138258,TIEJRAS 16CM ARCTIV VIBES,9,60.26
50013724,NOTAS POST-IT AM/RAYA 10X10,9,60.26
50046690,PLUMON ACUARELO JR 12 PZS AZO.,10,60.26
50059864,CUADERNO PROF MIX 100H CLASIC,10,60.26
50024099,CUADERNO SCRIBE FRA RY 96HCLA,10,60.26
50036458,CUADERNO PROF PAU 100H CLASIC,10,60.26
50084355,HOJAS P/CARP C5 75G JUST PAPER,10,60.26
50012950,CUADERNO PROF C7 100H CLASICO,10,60.26
50012948,CUADERNO PROF RY 100H CLASICO,10,60.26
50012949,CUADERNO PROF C5 100H CLASICO,10,60.26
50132834,SACAPUNTAS C GOMA DE BORRAR PASTEL SERVE,10,60.26
50084353,HOJAS P/CARP RY 75G JUST PAPER,10,60.26
50073609,BOLIGRAFO SLICCI MET COLORES,10,60.26
50130967,PLUMAS RETRACTIL MULTI 8 PZS TINTA NEGRA,10,60.26
50084150,CARTUCHO PK QUINK NEGRO BL5,10,60.26
50125277,SET CUADERNOS ECO STUK 56 HJ,10,60.26
50012954,CUADERNO PROF BCO 100H CLASIC,10,60.26
50109363,GOMA CN SACAPUNTAS EBOT SERVE,10,60.26
50014919,MARCATEXTOS SURTIDO VISION 4PZ,10,60.26
50027855,CUADERNO PROF DR 100H CLASICO,10,60.26
50116898,HERMETICO CUADRADO CHAROLA 300,10,60.26
50019338,CORRECTOR LIQUIDO PLUMA ZEBRA,10,60.26
50062063,MARCATEXTOS SURT CINCEL 6P OMX,10,60.26
50084356,HOJAS P/CARP C7 75G JUST PAPER,10,60.26
50094085,REPUESTO CORRECTOR RECA PENTEL 2PZA,10,60.26
50048465,PLUMONES LAV MARKANA TWIST12P,10,60.26
50105985,LAPICERA RECICLADA STUK,10,60.26
50062069,BOLIGRAFO GEL RETRC NG MED OMX,10,60.26
50131024,SET 2 PIEZAS PLUMA METALICA,10,60.26
50125241,MARCATEXTOS METALICOS STUK SURT 4 PZAS,10,60.26
50106322,GOMA CN SACAPUNTAS SLIDE SERVE,10,60.26
50024101,CUADERNO FRANCES 96H SCRIBE,10,60.26
50131014,MARCATEXTOS PALETA 6 PIEZAS,10,60.26
50116427,CORRECTOR EN CINTA ECO STUK 2PZ,10,60.26
50085046,JUEGO GEOMETRIA 4P+COMPAS TECH,11,60.26
50068050,CARTULINA FLOUR NARA 5PZ,11,60.26
50101794,PASTA P/MODELAR ROEL 400 G,11,60.26
50068053,CARTULINA FLOUR ROSA 5PZ,11,60.26
50065905,PINCELES PUNTA PLANA 6PZ OMX,11,60.26
50136899,PINT DIAMANTADA POLITEC ORO 100 ML,11,60.26
50136902,PINT DIAMANTADA POLITEC VERDE 100 ML,11,60.26
50086183,MONTA#AS LA PRINCIPAL C/ 1 PZA,11,60.26
50015812,PINCELES CRAYOLA PAQ4,11,60.26
50121377,TINTA CHINA INDART FRASCO 30ML NEGRO,11,60.26
50136901,PINT DIAMANTADA POLITEC ROJO 100 ML,11,60.26
50068052,CARTULINA FLOUR ROJO 5PZ,11,60.26
50067656,CASCARON OCTAVOS C/4,11,60.26
50068051,CARTULINA FLOUR PAPAYA 5PZ,11,60.26
50136900,PINT DIAMANTADA POLITEC PLATA 100 ML,11,60.26
50116047,ROTULADOR MED. HARRY POTTER X4,11,60.26
50136903,PINT DIAMANTADA POLITEC AZUL 100 ML,11,60.26
50068049,CARTULINA FLOUR AMAR 5PZ,11,60.26
50136904,PINT DIAMANTADA POLITEC MORADO 100 ML,11,60.26
50068054,CARTULINA FLOUR VERDE 5PZ,11,60.26
50068047,BLOCK VEGETAL T/C 110/115GR 25,11,60.26
50133711,CARTON C/ TELA RECT RODIN27.5X35CM,11,60.26
50118683,MARCADORES PUNTA PINCEL PASTEL,11,60.26
50126218,ACRILICO PROF 100ML VERDE ESMERALDA,11,60.26
50064108,"LAPIZ OTHELLO GRA HB 2B 2H, 3P",11,60.26
50134830,BRILLO LABIAL 03 LUMINOSA BS,18,60.26
50134885,RIMEL SILICON PROFESIONAL 13 G BLISTER,18,60.26
50134889,RIMEL CRYSTAL TRATAMIENTO EN GEL,18,60.26
50134820,CORRECTOR LIQUIDO BISCOTTI 05 BISSU,18,60.26
50134887,RIMEL MICROFIBRAS BLISTER,18,60.26
50134888,RIMEL SILICON MAXI 13 G BLISTER,18,60.26
50134891,RIMEL 4 EN UNO CBLISTER 14 G,18,60.26
50134831,BRILLO LABIAL 08 LUZ BS,18,60.26
50134890,DELINEADOR 4 EN UNO CBLISTER 10 G,18,60.26
50134833,BRILLO LABIAL 10 INCANDESCENTE BS,18,60.26
50134821,CORRECTOR LIQUIDO POLVORON 04 BISSU,18,60.26
50134892,TINTERO 4 EN UNO NEGRO BLISTER,18,60.26
50134879,RIZADOR PARA PESTANAS MORADO TL,18,60.26
50134832,BRILLO LABIAL 07 ESPLENDOROSA BS,18,60.26
50134886,RIMEL PROFESIONAL 13 G TAPA BLISTER,18,60.26
50134822,CORRECTOR LIQUIDO OBLEA 03 BISSU,18,60.26
50134884,RIMEL MAXI CTAPA BLISTER,18,60.26
50100835,FOTO PANORAMICA 8X20,50,60.26
50061984,CARPETA PRES C/20 MICAS BC OMX,4,68.88
50012292,REGISTRADOR LEFORT OFICIO VERD,4,68.88
50061983,CARPETA PRESEN OMX 20 MICAS NG,4,68.88
50094782,MICA EXTRARIGIDA 6.5X9.5CM 25PZAS,4,68.88
50108914,"PAGARE 1/3 CS, 2 PZS",5,68.88
50101755,CORDON P/GAFETE SABLON |||10PZ,7,68.88
50135311,PLASTICO BURBUJA 40CM X 10M RIU,7,68.88
50084280,CAJA PLASTICA 3.85L TRANSPAREN,8,68.88
50135908,CAJA DE PLASTICO TRANS 3L,8,68.88
50137755,CANASTA MULTIUSOS/ASAS 23X17CM G.,8,68.88
50023851,"TIJERA OFI BARRILITO 6""",9,68.88
50032411,CINTA SCOTCH ADH 550 24X65,9,68.88
50065610,POST-IT (BANDERITAS OMX FLE),9,68.88
50122791,SOPORTE PARA CABLES VELCRO NEGRO 5P,9,68.88
50069422,DESPACHADOR DE CINTA OMX CHICO,9,68.88
50130386,VELCRO SUJETADOR NAVIDAD ROJO 9.1MX1.3CM,9,68.88
50023846,"TIJERAS OFICINA 7"" BARRILITO",9,68.88
50130387,VELCRO SUJETADOR NAVIDAD VERD 9.1MX1.3CM,9,68.88
50113295,NOTAS KRAFT 7.6X7.6CM STUK,9,68.88
50013496,LAPIZ ADHESIVO PRITT 22GR 2PZS,9,68.88
50119727,COLORELLA STAR 12 PIEZAS,10,68.88
50125609,CUADERNO FRAN KIUT C5 100H,10,68.88
50041725,CUADERNO FRAN RY 100H JBOOK,10,68.88
50120498,BLISTER GOMA TICONDEROGA NEON 3 PZ,10,68.88
50130976,CUADERNO STICKER 3D 80 HOJAS,10,68.88
50080368,"PACK PENTEL CUTE AZL,LIM,VIO",10,68.88
50019349,ROLLERBALL ZEBRA STICK MED NGR,10,68.88
50015292,REPUESTO PARKER P/BOL STAND FI,10,68.88
50015288,REPUESTO PARKER P/PLUMA PTO FL,10,68.88
50065815,BOLIGRAFO RETRAC MET 1.0 NG 2P,10,68.88
50134596,MINI BOLIGRAFOS GEL PUNTA FINA 6PZ CAPIB,10,68.88
50106026,LAPICERA GREEN LIFE,10,68.88
50015293,REP PARKER P/BOL STAN MED NGRO,10,68.88
50015290,REPUESTO PARKER PLUMA NEGRO 8M,10,68.88
50116896,HERMETICO REDONDO CHAROLA 500M,10,68.88
50019350,BOLIGRAFO ZEBRA MED AZUL 2PZ,10,68.88
50041726,CUADERNO FRAN C5 100H JBOOK,10,68.88
50074985,BOLIGRAGO GEL,10,68.88
50118598,RESALTADORES SHARPI POCKET MIX,10,68.88
50137959,HERMETICO PLASTICO MICKEY 460ML,10,68.88
50071241,CUADERNO FRANCES KIUT 100H RAY,10,68.88
50063006,REPUESTO STERLIN PUNTO FINO NE,10,68.88
50041727,CUADERNO FRAN C7 100H JBOOK,10,68.88
50113714,LAPICES JUEGO DE DIBUJO 12 PZ,11,68.88
50033151,BLOCK MARQUILLA RAYTER 20 HOJA,11,68.88
50094231,DIAMANTINA 6 COLORES NEON BARR,11,68.88
50021221,BORRADOR PIZARRON MAGNETICO,11,68.88
50095617,PILA ESPECIALIZADA 2025 BP2,18,68.88
50122473,XURRITOS AMARANTO LIMON Y SAL,18,68.88
50134863,ILUMINADOR ARIES 01 BISSU,18,68.88
50134834,SOMBRA QUINTETO CREO EN MI 07 BS,18,68.88
50134829,BRILLO LABIAL GLITTER 02 POLVO ESTELAR,18,68.88
50095616,PILA ESPECIALIZADA 2032 BP2 2PZS,18,68.88
50134828,BRILLO LABIAL GLITTER 05 NEBULOSA BS,18,68.88
50134836,SOMBRA QUINTETO DEJAR IR 13 BS,18,68.88
50134835,SOMBRA QUINTETO SOY VALIENTE 09 BS,18,68.88
50100836,FOTO PANORAMICA 8X24,50,68.88
50134599,FOLDER TAMANO CARTA ELASTICO CAPIBARA,3,73.28
50110198,SEPARADOR WJ MULTIDEX 15 DIV,4,73.28
50044492,"CARPETA VENTANA O 0.5"" NGA OMX",4,73.28
50110194,SEPARADOR WJ MULTIDEX 12 DIV,4,73.28
50022315,PADFOLIO CONVENCIONES PZA,4,73.28
50119773,CUADERNO JEAN BOOK REV RAYA 100H,10,73.28
50128293,LAPICEROS CON PUNTILLAS ONIX,10,73.28
50127684,CUADERNO AMERICANO EXPRESARTE RY 100H,10,73.28
50128295,LAPICEROS CON PUNTILLAS HELLO KITTY,10,73.28
50128298,LAPICEROS CON PUNTILLAS STITCH,10,73.28
50134185,TOMBOW ABT DUAL BRUSH 623 PURPURA SALVIA,11,73.28
50134186,TOMBOW ABT DUAL BRUSH 636 PURPURA IMPE,11,73.28
50134195,MARCADOR TOMBOW ABT DUAL BRUSH 850 PIEL,11,73.28
50134180,TOMBOW ABT DUAL BRUSH 533 AZUL PAVOREAL,11,73.28
50134183,TOMBOW ABT DUAL BRUSH 603 BIGARO,11,73.28
50134162,TOMBOW ABT DUAL BRUSH 027 OCRE OSCURO,11,73.28
50134192,TOMBOW ABT DUAL BRUSH 772 ROSA PALIDO,11,73.28
50134193,TOMBOW ABT DUAL BRUSH 837 VINO TINTO,11,73.28
50134188,TOMBOW ABT DUAL BRUSH 673 ORQUIDEA,11,73.28
50134179,MARCADOR TOMBOW ABT DUAL BRUSH 452 AZUL,11,73.28
50134170,TOMBOW ABT DUAL BRUSH 192 ESPARRAGO,11,73.28
50134189,TOMBOW ABT DUAL BRUSH 679 CIRUELA OSCURA,11,73.28
50134199,MARCADOR TOMBOW ABT DUAL BRUSH 905 ROJO,11,73.28
50123222,SIM ACRY SLIM TUBE 75ML LEMON YELLOW 651,11,73.28
50134210,TOMBOW ABT DUAL BRUSH N55 GRIS FRIO 7,11,73.28
50134163,TOMBOW ABT DUAL BRUSH 055 AMARILLO,11,73.28
50123215,SIM ACRY SLIM TUBE 75ML MEDIUM GREEN 391,11,73.28
50134187,TOMBOW ABT DUAL BRUSH 665 PURPURA,11,73.28
50134174,TOMBOW ABT DUAL BRUSH 296 VERDE,11,73.28
50134205,TOMBOW ABT DUAL BRUSH 990 ARENA CLARA,11,73.28
50130961,SET PINCELES 4 PIEZAS AGARRE SILICON,11,73.28
50134167,TOMBOW ABT DUAL BRUSH 133 CHARTREUSE,11,73.28
50134196,TOMBOW ABT DUAL BRUSH 856 ROJO AMAPOLA,11,73.28
50134206,TOMBOW ABT DUAL BRUSH 991 OCRE CLARO,11,73.28
50134203,TOMBOW ABT DUAL BRUSH 969 CHOCOLATE,11,73.28
50134171,TOMBOW ABT DUAL BRUSH 228 VERDE GRISACEO,11,73.28
50134207,TOMBOW ABT DUAL BRUSH 992 ARENA,11,73.28
50134204,TOMBOW ABT DUAL BRUSH 977 MARRON,11,73.28
50134169,TOMBOW ABT DUAL BRUSH 173 VERDE SAUCE,11,73.28
50134213,TOMBOW ABT DUAL BRUSH N95 GRIS FRIO 1,11,73.28
50123216,SIMPLY ACRYLIC SLIM TUBE 75ML PURPLE 433,11,73.28
50134197,MARCADOR TOMBOW ABT DUAL BRUSH 879 CAFE,11,73.28
50134211,TOMBOW ABT DUAL BRUSH N65 GRIS FRIO 5,11,73.28
50134178,TOMBOW ABT DUAL BRUSH 451 AZUL CIELO,11,73.28
50134165,TOMBOW ABT DUAL BRUSH 076 VERDE OCRE,11,73.28
50134172,TOMBOW ABT DUAL BRUSH 245 VERDE SAVIA,11,73.28
50134177,TOMBOW ABT DUAL BRUSH 443 TURQUESA,11,73.28
50123223,SIMPLY ACRYLIC SLIM TUBE 75ML ORANGE 660,11,73.28
50134175,TOMBOW ABT DUAL BRUSH 407 AZUL TIKI,11,73.28
50134184,TOMBOW ABT DUAL BRUSH 606 VIOLETA,11,73.28
50134202,TOMBOW ABT DUAL BRUSH 925 ESCARLATA,11,73.28
50134182,TOMBOW ABT DUAL BRUSH 555 ULTRAMAR,11,73.28
50134190,MARCADOR TOMBOW ABT DUAL BRUSH 703 ROSA,11,73.28
50134181,TOMBOW ABT DUAL BRUSH 553 PURPURA NIEBLA,11,73.28
50123218,SIMP ACRYLIC SLIM TUBE 75ML CRIMSON 513,11,73.28
50134176,TOMBOW ABT DUAL BRUSH 373 AZUL MAR,11,73.28
50134168,TOMBOW ABT DUAL BRUSH 158 OLIVO OSCURO,11,73.28
50134214,TOMBOW ABT DUAL BRUSH N00 DIFUMINADOR,11,73.28
50134191,TOMBOW ABT DUAL BRUSH 725 MAGENTA,11,73.28
50134208,TOMBOW ABT DUAL BRUSH N15 NEGRO,11,73.28
50134209,TOMBOW ABT DUAL BRUSH N45 GRIS FRIO 10,11,73.28
50134194,TOMBOW ABT DUAL BRUSH 847 CARMESI,11,73.28
50134200,TOMBOW ABT DUAL BRUSH 912 CEREZA PALIDA,11,73.28
50118813,SCRUB DADDY,12,73.28
50106586,CANDADO DE HIERRO 30MM,12,73.28
50114055,CINCHOS DE PLASTICO 4.6MMX200M,12,73.28
50029867,PLANOS ALBANENE 91X80,50,73.28
50093649,UNIFLEX NE 221-340 HOJAS,50,73.28
50037289,IMPRESION MOUSE PAD,50,73.28
50030012,PLOTBNALBANEN 8830 91X80,50,73.28
50097939,CALCULADORA CELICA BOLS 8DIG AZUL,2,76.72
50137632,FOLDER 8 SEPARADORES CARTA ROSA,3,76.72
50137630,FOLDER 8 SEPARADORES CARTA VERDE,3,76.72
50137631,FOLDER 8 SEPARADORES CARTA NARANJA,3,76.72
50137633,FOLDER 8 SEPARADORES CARTA AMARILLO,3,76.72
50044491,"CARPETA OMX 0.5"" VENTANAY O BCA",4,76.72
50131787,PLANEADOR P/SUAVE ESTRELLA A6,5,76.72
50131785,PLANEADOR P/DURA ESTRELLA A6,5,76.72
50121599,CINTA PARA ENMASCARAR SCOTCH 36MMX55M,7,76.72
50125360,CAJA PARA REFRIGERADOR TRASNPARENTE 26.5,8,76.72
50130822,PORTARETRATOS G MDF PAPEL,8,76.72
50125367,CAJA PARA REFRIGERADOR TRANSPARENTE 30,8,76.72
50137217,REVSITERO STUK POLIETILENO TRANSPARENTE,8,76.72
50129050,ORGANIZADOR TEJIDO MEDIANO NEGRO,8,76.72
50137456,PRETRATOS PLAST MAD CL 8X10 OS07712,8,76.72
50137460,PRETRATOS MDF MAD CL Y BN 4X6 SO06509,8,76.72
50061466,CORREA VELCRO ONE WRAP NG 25PZ,9,76.72
50118640,SUJETADOCUMENTOS 19 MM 12 PCS,9,76.72
50113922,LAPIZ ADHESIVO PRITT 20G 2P GLITTER,9,76.72
50131417,COLORES COLOR PEPS INFINITY 12 PIEZAS,10,76.72
50095791,CUADERNO PROF COLOR C5 100H,10,76.72
50125615,COLORES KIUT METALIZADOS 6 PZAS,10,76.72
50114241,MARCADOR CLASSIC METAL COLORES,10,76.72
50044976,CUADERNO C10A 50H MI PRIMER C.,10,76.72
50095792,CUADERNO PROF COLOR RY 100H,10,76.72
50135758,CONTENEDOR HERMETICO SNOOPY 700 ML,10,76.72
50095793,CUADERNO PROF COLOR C7 100H,10,76.72
50125946,PINT ACRIL INDARTSTUDI 100ML AZUL COBAL,11,76.72
50123240,SIMPLY WILLOW CHARCOAL BARRITAS CARBON,11,76.72
50127287,JUEGO GEOMETRIA MAIZ 6P BLISTER,11,76.72
50125950,PINT ACRIL INDARTSTUDI 100ML AMAR CADMIO,11,76.72
50125952,PINT ACRIL INDARTSTUDI 100ML BLANCO ZINC,11,76.72
50125954,PINT ACRIL INDARTSTUDI 100ML ROJO CA OBS,11,76.72
50125951,PINT ACRIL INDARTSTUDI 100ML GRIS AZULA,11,76.72
50125948,PINT ACRIL INDARTSTUDI 100ML AMAR CRO ME,11,76.72
50125955,PINT ACRIL INDARTSTUDI 100ML AZUL PRUSIA,11,76.72
50121642,CALCOMANIA DISCAPACIDAD 203X20CM,12,76.72
50121638,CALCOMANIA BEBE A BORDO 23X20CM,12,76.72
50088536,SENAL RUTA DE EVACUACION DCHA,12,76.72
50088537,SENAL RUTA EVACUACION IZ SIGEL,12,76.72
50131528,CESTO PAPELERO DE 20 LITROS,12,76.72
50088538,"SENAL ""SALIDA DE EMERGENCIA""",12,76.72
50120424,CANDADO DE COMBINACION A 8 DIGITOS,12,76.72
50094370,MOUSE TECHZONE ALAMBRICO NEGRO,14,76.72
50132642,GLOBO LARGE SHAPE STITCH,18,76.72
50132085,CORTINA METALICA NEGRO,18,76.72
50135027,GLOBO PAYASO BLANCO NIEVE N9 C50,18,76.72
50121908,ARENA MOLDEABLE 300GR C/6 MOLDES,18,76.72
50125040,VASO PLASTICO 12OZ BLANCO PAQ 20,18,76.72
50135029,GLOBO PAYASO ROSA BEBE N9 BOLSA C50,18,76.72
50125696,CARGA DE HELIO SUPER SHAPE 32 A 36 IN,18,76.72
50132084,CORTINA METALICA ORO,18,76.72
50128146,GLOBO MET LRG SHP BIRTHDAY CELEBRATION,18,76.72
50124948,CORTINA METALICA PLATA,18,76.72
50136975,CORTINA FIGURASÂ CORAZON ROJO,18,76.72
50110151,PILA ALCALINA EVOLTA AAA 4 PZA,18,76.72
50135028,GLOBO PAYASO AZUL CIELO N9 BOLSA C50,18,76.72
50136004,CORTINA TIRAS PQ/6 COLOR ROJA,18,76.72
50135068,MANTEL ESTRELLAS BW,18,76.72
50137409,CARGA DE HELIO DIAMONDZ CUBEZ ORBZ,18,76.72
50135021,GLOBO PAYASO SURTIDO ZEPPELIN 270 C50,18,76.72
50135067,MANTEL PUNTO ROSA,18,76.72
50136003,CORTINA TIRAS PQ/6 COLOR VERDE,18,76.72
50099647,CAJA NO. 3 50 X 50 X 25,3,77.5
50061585,LIBRO DE VENTA 3 BLOCKS 50JGS,5,77.5
50131348,ROLLO TERMICO CLIP,6,77.5
50092477,CINTA P/PINTAR SCOTCH AZUL 18 X 54.8,7,77.5
50125379,PORTARETRATO 5X7 NEGROA,8,77.5
50062041,CLIP OMX COLORES 28MM 500PZS,9,77.5
50069641,SUJETADOC OMX 51MM 12PZS GRIS,9,77.5
50077358,CINTA SCOTCH MONT 12X19,9,77.5
50062055,SUJETADOCUMENTOS OMX 51MM 12P,9,77.5
50113963,NOTAS POST-IT TRANSPARENTES,9,77.5
50062039,CLIP OMX B/N 33MM 500 PZS,9,77.5
50062124,MARCADORES AGUA SURT 12P OMX,10,77.5
50125274,LAPICERA ECO STUK,10,77.5
50071245,CUADERNO MI PRIMER CUAD 72H,10,77.5
50127713,CUADERNO AMERICANO POCKEMON RY 100H,10,77.5
50044975,CUADERNO RY10 72H MI PRIMER C.,10,77.5
50105983,LIBRETA ECOLOGICA 48 HOJAS,10,77.5
50023104,MARCADOR PTO. FINO SIGNAL 5PZ COLORES,10,77.5
50125275,LAPICERA ECO STUK VERDE,10,77.5
50130965,SET MARCATEXTOS 6 PIEZAS,10,77.5
50132835,SACAPUNTAS C GOMA DE BORRAR METAL SERVE,10,77.5
50079916,CRAYONES SO BIG 12 PIEZAS,10,77.5
50127714,CUADERNO AMERICANO POCKEMON C5 100H,10,77.5
50067937,MARCADOR SHARPIE SURT,10,77.5
50119756,LAPICEROS KIUT 8P VARIOS COLORE,10,77.5
50079948,COLORES 12 PZAS+1BLACK +1 SACA,10,77.5
50125348,MARCATEXTO STUK 8 PZAS VARIOS COLORES,10,77.5
50133667,ESTILOGRAFO PIGMA 05 (.45 MM) NEGRO,11,77.5
50133666,ESTILOGRAFO PIGMA 003 (.15 MM) NEGRO,11,77.5
50126176,PINTURA ACRIL INDAR 100ML BLANCO TITANIO,11,77.5
50087575,ROMPECABEZAS MADERA VARIOS MOD,11,77.5
50133673,ESTILOGRAFO PIGMA 08 (.5 MM) NEGRO,11,77.5
50097395,JUEGO DE GEOMETRIA FLUO MAPED,11,77.5
50126178,PINTURA ACRIL 100ML ROJO CADMIO CLARO,11,77.5
50133671,ESTILOGRAFO PIGMA 03 (.35 MM) NEGRO,11,77.5
50126181,PINTURA ACRIL INDAR 100ML VERDE VIRI,11,77.5
50065909,PINCELES PLNS PELO D/CERDO 9P,11,77.5
50126179,PINTURA ACRIL INDAR 100ML MAGENTA,11,77.5
50133670,ESTILOGRAFO PIGMA 02 (.3 MM) NEGRO,11,77.5
50126188,PINTURA ACRIL INDAR 100ML VERDE FLUO,11,77.5
50126189,PINTURA ACRIL INDAR 100ML DORADO SOLAR,11,77.5
50133668,ESTILOGRAFO PIGMA 005 (.2 MM) NEGRO,11,77.5
50126186,PINTURA ACRIL INDAR 100ML ROSA FLUO,11,77.5
50126184,PINTURA ACRIL INDAR 100ML SOMBRA QUE,11,77.5
50126180,PINTURA ACRIL INDAR 100ML VIOLETA OS,11,77.5
50133698,JGO. PINCEL SINT. RODART MIXTO 4 P DOR,11,77.5
50126183,PINTURA ACRIL INDAR 100ML CAFE CLARO,11,77.5
50126190,PINTURA ACRIL INDAR 100ML PLATA,11,77.5
50013390,ESCALIMETRO COLLEGE SILCO 30CM,11,77.5
50087418,BETUN DE JUDEA 125ML,11,77.5
50126177,PINTURA ACRIL INDAR 100ML AMARILLO C,11,77.5
50133672,ESTILOGRAFO PIGMA 04 (.4 MM) NEGRO,11,77.5
50126185,PINTURA ACRIL INDAR 100ML NEGRO MARF,11,77.5
50126182,PINTURA ACRIL INDAR 100ML SIENA NATU,11,77.5
50133669,ESTILOGRAFO PIGMA 01 (.25 MM) NEGRO,11,77.5
50067660,ILUSTRACION OCTAVOS C/4,11,77.5
50126187,PINTURA ACRIL INDAR 100ML AMARILLO F,11,77.5
50118814,SCRUB MOMMY,12,77.5
50134975,POLVO BANANA BC,18,77.5
50138367,GLOBO P DECORATOR CEREZA NO9 BOLSA 50PZS,18,77.5
50025486,PILA ESPECIAL ALCALINA A23 12V,18,77.5
50122474,XURRITOS AMARANTO FUEGO,18,77.5
50138366,GLOBO P DECORATOR NEGRO NO9 BOLSA 50 PZS,18,77.5
50103255,ARMADO SILLAS,61,85.34
50090995,RMUEBLES 501-1000 12 MESES,62,85.34
50130527,TAPETE BROCAD SPAGHETTI CH,1,85.34
50106447,CABLE TIPOC-TIPOC DBUGG BLANCO,2,85.34
50106440,CABLE LIGTHING DBUGG BLANCO,2,85.34
50127094,CABLE 3 EN 1 USB MICRO USB C LIGHTNING,2,85.34
50106436,CARGADOR DE PARED DBUGG USB,2,85.34
50106446,CABLE TIPO C DBUGG NEGRO,2,85.34
50122009,CABLES D-BUGG 2 COLORES 1M,2,85.34
50106445,CABLE TIPO C DBUGG BLANCO,2,85.34
50128373,EXTENSION ELECTRICA DOMESTICA 8 MTS,2,85.34
50112146,DISPOSITIVO CLIP PLUS 2,2,85.34
50134685,CARPETA DISENO ESQUELA OSO,4,85.34
50134687,CARPETA DISENO ESQUELA LIFE,4,85.34
50133148,"""CARPETA VARIOS DISENOS HOMBRE 1"""" 25H""",4,85.34
50061068,"CARPETA BASICA O 1.5"" AZUL OMX",4,85.34
50061069,"CARPETA BASICA O 1.5"" BCA OMX",4,85.34
50110193,SEPARADOR WJ MULTIDEX A-Z,4,85.34
50044494,CARPETA VENTANA O 1 NEGRA OMX,4,85.34
50061067,"CARPETA BASICA O 1.5"" NGRA OMX",4,85.34
50134688,CARPETA DISENO ESQUELA STAR,4,85.34
50133147,"""CARPETA VARIOS DISENOS MUJER 1"""" 25H""",4,85.34
50134684,CARPETA DISENO ESQUELA NY,4,85.34
50134689,CARPETA DISENO ESQUELA MAGIC,4,85.34
50134686,CARPETA DISENO ESQUELA HEART,4,85.34
50132643,HOJA CARTULINA IRIS INTENSO CARTA 50HPQ,6,85.34
50135309,ESPUMA PROTECTORA 50CM X 7M RIU,7,85.34
50135314,PLASTICO BURBUJA 40 CM X 5,7,85.34
50138040,CAJA PARIS 11 LT CON TAPA NEGRO,8,85.34
50138042,CAJA 5 GAL GORILA LOCK NEGRO,8,85.34
50125377,PORTARETRATO 5X7 MADERA RUSTICA,8,85.34
50084312,MINI CAJONERA 3 NIVELES,8,85.34
50111610,PORTARRETRATO 4X6 MOLDURA 2,8,85.34
50037031,DESPACHADOR MAGN D CLIPS HUMO,8,85.34
50130816,LAPICERO ROTATORIO CH NEGRO,8,85.34
50136554,PORTARET MDF 5X7 BLANCO,8,85.34
50113289,PORTALAPICES METAL NEGRO,8,85.34
50084305,MINI CAJONERA 3 NIVELES NEGRA,8,85.34
50130829,PP LAPICERO,8,85.34
50136551,PORTARET MDF 4X6 BLANCO CON GRIS,8,85.34
50129045,ORGANIZADOR CALADO RECTANGULAR NEGRO,8,85.34
50125210,CLIPS STUK 28MM 50PZ VERDE,9,85.34
50121594,DESPACHADOR DE CINTA SCOTCH C-38 NGRO,9,85.34
50125198,SET ACCESORIOS STUK,9,85.34
50125507,MINI ENGRAPADORA BUTTERFLY 200 GRAPAS,9,85.34
50125209,IMANES STUK SUMMER 6PZ,9,85.34
50125211,SUJETADOCUMENTOS STUK 19MM 8PZ VERDE,9,85.34
50118653,CLIPS MOOVING 28 MM 100PZ,9,85.34
50125203,SET ACCESORIOS STUK ROSA,9,85.34
50125225,SET NOTAS ADH STUK 8PZ NWO,9,85.34
50125472,MINI ENGRAPADORA SMILEY 200 GRAPAS,9,85.34
50125207,CINTA WASHI STUK SUMMER 5 PZAS,9,85.34
50125206,SET NOTAS ADH STUK SUMMER,9,85.34
50077988,DESPACHADOR POST-IT C/VENTOSA,9,85.34
50125208,SUJETADOCUMENTOS STUK SUMMER 6PZ,9,85.34
50127710,CUADERNO DISNEY INTENSAMENTE2 RY 100H,10,85.34
50131949,MARCADORES LAVABLES 12PZ NORMA,10,85.34
50125910,ECOLAPIZ PASTEL FABER CASTELL 10 PZAS,10,85.34
50127695,CUADERNO PROF UNICAMPUS MET. RY 100H,10,85.34
50125907,ECOLAPIZ HEXAGONAL FABER CASTELL 12 PZAS,10,85.34
50125285,LIBRETA ECO STUK 100 HJ 5 SEPARADORES,10,85.34
50125462,MARCADORES NEON 5 PZAS,10,85.34
50127697,CUADERNO PROF UNICAMPUS MET. C5 100H,10,85.34
50125917,MARCATEXTOS PASTEL SUP FAB CASTELL 6 PZS,10,85.34
50127716,CUADERNO AMERICANO CLICK GIRLS C7 100H,10,85.34
50125911,PLUMON FIESTA 45 FABER CASTELL 12 PZAS,10,85.34
50118521,MARCADORES PASTEL FLEX 4 PIEZA,10,85.34
50132314,CRAYON DE CERA BICOLOR 24 COL,10,85.34
50135613,CONTENEDOR HERMETICO SNOOPY 550 ML,10,85.34
50093897,CUADERNO PROF MARIO 1 RY 100H,10,85.34
50127688,CUADERNO AMERICANO CLICK GIRLS C5 100H,10,85.34
50093898,CUADERNO PROF MARIO 1 C5 100H,10,85.34
50132265,BOLIGRAFO SEMIGEL 10PZS SURT HANGSTICK,10,85.34
50137662,THP STICKERS WORLDÂ´S BEST MOM,11,85.34
50118365,STICKERS HOJAS OTONO,11,85.34
50125810,STICKERS HAPPY PLANNER TEACHER,11,85.34
50125704,STICKER I LOVE MY MOM,11,85.34
50125386,STICKERS BLACK BROCADE,11,85.34
50131765,STICKERS SUPER MAMA,11,85.34
50125706,STICKERS BIRDS AND FRIENDS,11,85.34
50137657,THP STICKERS GOOD DOG,11,85.34
50125709,STICKERS HP GLITTER HEARTS,11,85.34
50118375,STICKERS I LOVE MY DOG,11,85.34
50125389,STICKER SING DANCE,11,85.34
50125705,STICKERS DOODLES EAT CAKE,11,85.34
50131777,STICKERS LETRAS BLANCAS,11,85.34
50125702,STICKER NOTES GREEN ARROW,11,85.34
50125809,STICKERS HAPPY PLANNER BFF,11,85.34
50125813,STICKERS HAPPY PLANNER ALBUM RECOR COLOR,11,85.34
50131772,STICKERS UNICORNIOS Y ARCOIRIS,11,85.34
50125388,STICKERS BIRTHDAY GLITTER,11,85.34
50131773,STICKERS SIRENAS Y CORALES,11,85.34
50118342,STICKERS BLANCO Y NEGRO,11,85.34
50125710,STICKERS PRESCHOOL LOOK AT ME,11,85.34
50101823,BLOCK P/DIBUJO MARQUILLA 20H,11,85.34
50131776,STICKERS SIRENAS Y CORALES,11,85.34
50118376,STICKERS FRIENDS,11,85.34
50125814,STICKERS HAPPY PLANNER VERANO TROPICAL,11,85.34
50118366,STICKERS PLAYA,11,85.34
50118377,STICKERS PARTY TIME,11,85.34
50131764,STICKERS PERROS,11,85.34
50093432,CHALECO DE MALLA SILVERLINE,12,85.34
50118517,LLAVERO IDENTIFICADOR STUK,12,85.34
50115779,LIMPIA PANTALLA,12,85.34
50136240,CHALECO DE MALLA COLOR NARANJA,12,85.34
50132893,DESCANSA MUNECAS PERRO TECHZONE,14,85.34
50107743,KIT DE LIMPIEZA PARA PANTALLAS,14,85.34
50132891,DESCANSA MUNECAS GATO TECHZONE,14,85.34
50132892,DESCANSA MUNECAS CERDO TECHZONE,14,85.34
50134587,MOUSEPAD PLANO MORADO CONTELACIONES,14,85.34
50060185,ESPUMA DESINFECTANTE STK 415ML,14,85.34
50135018,GLOBO PAYASO SURTIDO MACARRON N9 C50,18,85.34
50135019,GLOBO PAYASO SURTIDO NEON N10 C50,18,85.34
50135020,GLOBO PAYASO SURTIDO METALICO N9 C50,18,85.34
50137265,36H MET TE QUIERO MUCHO BRUSHES,18,85.34
50129416,MANTEL GEN PQ/6 SANTA AND FRIENDS,18,85.34
50134275,TARRO 11 OZ STITCH,18,85.34
50124953,VELA FIGURA UNICORNIO,18,85.34
50132788,ORBZ MET BLUE MARBLEZ,18,85.34
50136788,SH FLEX 3 LIGHT HAN BL2. 36 LA,18,85.34
50131855,TARRO DE CERAMICA DE SNOOPY CON CAJA,18,85.34
50131404,POLVO DE ARROZ FCK FILTERS BANANA C144,18,85.34
50030000,"PAQ. BOTONES 2"" 9PZ",50,85.34
50029995,PLAYE C REDONDO CTA,50,85.34
50124151,CUADERNO PERS COLLAGE CUADRO CHICO,50,85.34
50078867,CUADERNO PERS COLLAGE CUADRO,50,85.34
50078866,CUADERNO PERS COLLAGE RAYA,50,85.34
50061745,FOLDER OMX CARTA KRAFT 25PK,3,86.12
50061413,FOLDER PENDAFLEX TO VERDE 25PK,3,86.12
50099648,CAJA NO.4 50 X 50 X 50,3,86.12
50012341,PROTECTOR DE HOJAS KINERA 25H,4,86.12
50128451,REGISTRADOR OFFICEMAX TC 2PACK,4,86.12
50076334,PAQ 15/MICA SEMIRIGID 22.9X29.2,4,86.12
50044495,"CARPETA VENTANA 1.5"" BLANCA OMX",4,86.12
50100561,RECIBO DE NOMINA 4B 1/4C AUTO,5,86.12
50086321,SOBRE OFICIO C/HILO TRANSPA C/5,6,86.12
50097689,PAPEL COLOR NEGRO TC 100H,6,86.12
50018581,PLASTICO BURBUJA OMX 40CMX5M,7,86.12
50137758,ORGANIZADOR PARA REFRIGERADOR MED,8,86.12
50121392,CAJA PLASTICA 9.LTS SIN TAPA,8,86.12
50137753,CANASTA MULTIUSOS 34X26 CM G.,8,86.12
50111056,BROCHE BACO PARA FOLDER 50PZAS,9,86.12
50061971,NOTAS OMX NEON CUBO 7.6X7.6CM,9,86.12
50012890,BROCHE BACO ARCHIVO 7CM 50P,9,86.12
50132765,KOLA LOKA LADY 5GR C/MINI LAMPARA SECADO,9,86.12
50063071,BOLA DE LIGAS OMX NO18,9,86.12
50116766,LAPICERA AZUL C/ROSA OMX,10,86.12
50067436,MARCADOR PERM COL 6PZAS,10,86.12
50131025,PLUMA RETRACTL CON GOMA TOUCH,10,86.12
50041665,COLORES CRAYOLA TRIANGULAR 12P,10,86.12
50134588,TERMO CONTELACIONES,10,86.12
50130998,LAPICERA PU DISENIO,10,86.12
50073404,CUADERNO POCK RY 140H KIUT,10,86.12
50093802,PLUMONES OCEAN X 24 TATOO TEE,10,86.12
50085495,MARCATEXTOS BORR FRIXION SUR3P,10,86.12
50074697,CUADERNO PRO POLICOVER C5 100H,10,86.12
50070631,LAPICERO MEC 0.5MM 2P TUL,10,86.12
50085009,COLORES TWUSTABLES CRAYOLA 8,10,86.12
50064375,CUADERNO PROF RY 100 HJS OMX,10,86.12
50116798,BOLIGRAFOS DE GEL DIF. DISENOS,10,86.12
50041324,CRAYON CRAY MINI TWISTABLES12,10,86.12
50131020,SET CUADERNOS COCIDOS B5 Y A5,10,86.12
50137360,LAPICES DE COLORES SONIC,10,86.12
50137965,BOTELLA DE PLASTICO 3 COLORES JUNO 670ML,10,86.12
50116763,LIBRETA EJECUTIVA ROSA DOTS,10,86.12
50137359,LAPICES DE COLORES PRINCESAS,10,86.12
50074698,CUADERNO PRO POLICOVER C7 100H,10,86.12
50093099,PAPERMATE FANTASY PACK 12+3 ME,10,86.12
50137358,LAPICES DE COLORES HELLO KITTY,10,86.12
50131011,SET BORRADORES 18 PIEZAS,10,86.12
50131012,LAPICERA DE SILICON ROSA,10,86.12
50074696,CUADERNO PRO POLICOVER RY 100H,10,86.12
50131030,LAPICERA NYLON CON CIERRE IMPRESA,10,86.12
50131035,LAPICERA YUTE ONDAS CON CIERRE CREMA,10,86.12
50113251,LAPICERA ECO BASICA GRIS,10,86.12
50134584,BLOCK DE NOTAS BOLIGRAFO 50H CONSTELACI,10,86.12
50074948,MARCADOR SHARPIE 3PZA DOR Y PL,10,86.12
50137361,LAPICES DE COLORES PAW PATROL,10,86.12
50130999,LAPICERA PU ROSA,10,86.12
50130990,LAPICERA PU,10,86.12
50044905,PINTURA DIGITAL AZUL,11,86.12
50064105,ROTULADOR POINT 88 NEGRO 3PZ,11,86.12
50044910,PINTURA DIGITAL VERDE,11,86.12
50134128,PIZARRON C PLUMON CAPIBARA 17 X23,11,86.12
50044904,PINTURA DIGITAL AMARILLA VINCI,11,86.12
50044911,PINTURA DIGITAL VIOLETA,11,86.12
50044985,PINTURA DIGITAL CAFE,11,86.12
50065908,PINCELES RDOS PELO D/CABAL 12P,11,86.12
50044906,PINTURA DIGITAL BLANCA,11,86.12
50065907,PINCELES RDOS PELO D/OVEJA 12P,11,86.12
50133713,CARTON C/ TELA RECT RODIN 35 X 45CM,11,86.12
50044907,PINTURA DIGITAL NARANJA,11,86.12
50044908,PINTURA DIGITAL NEGRA,11,86.12
50087404,CARBONCILLOS SAUCE MEDIANOS,11,86.12
50044909,PINTURA DIGITAL ROJO,11,86.12
50133730,PANEL AMPERSAND GESSOBORD 3MM 13X18 CM,11,86.12
50013387,ESCUADRAS SEMIPRO C/G S/B 30CM,11,86.12
50118815,SPONGE DADDY 4 PZAS,12,86.12
50109442,MOUSEPAD MANHATTAN,14,86.12
50117942,MEM USB STYLOS 32GB MINI,14,86.12
50106777,TOALLAS ANTIESTATICAS CBI 50PZ,14,86.12
50136707,MOUSEPAD AZUL STITCH,14,86.12
50134849,DELINEADOR PLUMIN NEGRO MATE BISSU,18,86.12
50137988,TARRO PORCELANA ANIMALITOS 365 ML,18,86.12
50138365,GLOBO P MET PLATA NO 9 BOLSA 50P PZS,18,86.12
50134848,DELINEADOR PLUMIN CAFE MATE BISSU,18,86.12
50124949,CORTINA METALICA IRIDISCENTE,18,86.12
50138364,GLOBO P MET DORADO NO 9 BOLSA 50 PZS,18,86.12
50128376,EXTENSION ELECTRICA USO RUDO 5 MTS,2,93.97
50137634,FOLDER CON OPRESOR METALICO CARTA NEGRO,3,93.97
50048334,ETIQUETA INK/LAS CD 25H 50 PZA,3,93.97
50093135,FOLDER CARTA ARCOIRIS 20P OMX,3,93.97
50062278,ETIQUETA P/PIST BCAS 6PZ OMX,3,93.97
50031939,FOLDER OMX OFICIO MANILA 25PK,3,93.97
50125173,FOLDER AZUL STUK,3,93.97
50125170,ARCHIVO EXPANDIBLE 13DIV AZUL STUK,3,93.97
50125174,FOLDER ROSA STUK,3,93.97
50062257,CUBIERTA PORTADOC BCO 5PZA,4,93.97
50031207,"CARPETA SAMSILL 1"" VENTANA O B",4,93.97
50061981,CARPETA PRES C/40 MICAS NG OMX,4,93.97
50061982,CARPETA PRES C/40 MICAS BC OMX,4,93.97
50131168,PLANEADOR PASTA DURA 88 H COLORS STUK,4,93.97
50131058,TABLA SUJETADOCUMENTOS 50 H CATS STUK,4,93.97
50131101,AGENDA 87 HOJAS DISENO GATO CATS STUK,4,93.97
50116702,REGISTRADOR 1STCLASS TC VDE 2P,4,93.97
50077052,CARPETA VENTANA 2P BCA O LEFT,4,93.97
50131128,TABLA MINI C/CLIP 50 H COLORS STUK,4,93.97
50031208,"CARPETA VENTANA O 1"" NGRA SAMS",4,93.97
50082379,LIBRO DE TRANSITO 96 HOJAS,5,93.97
50097683,PAPEL COLORES PASTEL TC 100H,6,93.97
50097682,PAPEL COLORES NEON TC 100H,6,93.97
50097681,PAPEL COLORES INTENSOS TC 100H,6,93.97
50121001,PAPEL BOND 100H PASTEL 75G,6,93.97
50121000,PAPEL BOND 100H NEON 75G,6,93.97
50097680,PAPEL PAPEL COL VIB EUROCOLORS 100 HJS,6,93.97
50062025,P.FOTO OMX TC 20H 240G,6,93.97
50014808,PORTAGAFETE DANPEX CAIMAN 11X6,7,93.97
50135310,RELLENO CACAHUATE PARA ENVIO RIU,7,93.97
50082954,REVISTERO EVOLYS ULTRA NEGRO,8,93.97
50063101,PORTALETRERO 11X8 ACRILICO,8,93.97
50063100,PORTALETRERO 8X11 ACRILICO,8,93.97
50082953,CHAROLA NEGRO MAPED EVOLYS,8,93.97
50063062,PERSONIFICADOR ACRILICO OMX,8,93.97
50130818,ARCHIVERO NEGRO,8,93.97
50116920,CAJA PLASTICA 8LT TRANSPARENTE,8,93.97
50060607,BANDERITAS POST-IT MINI TROPIC 1X4 CM,9,93.97
50117948,CINTA MONTAJE RESISTOL NMC,9,93.97
50062040,CLIP OMX COLORES 600 PZS,9,93.97
50121558,NOTAS SUPER ADHESIVA POST-IT MIAMI 10X10,9,93.97
50134324,PINES COLORES ACCO CABEZA PLASTICO 100PZ,9,93.97
50133130,PERFORADORA BARRILITO CORAZON 1 PULGADA,9,93.97
50130947,SET 4 CLIPS PINZA 23X28MM RAINBOW STUK,9,93.97
50128368,LAPICES PASTEL CRAYOLA 12 PZAS,10,93.97
50130972,LAPICERA CON DISENIO DE GATO,10,93.97
50051893,MARCADOR PERM C/GRIP 6PZS OI:3708100312,10,93.97
50116841,LAPICERA UNICORNIO ROSA,10,93.97
50137957,HERMETICO PLASTICO MICKEY 550ML,10,93.97
50107713,COLORES PASTEL GRUESOS C/6,10,93.97
50079691,MARCADOR EXPO COL. FASHION 4PZ,10,93.97
50120470,CORRECTOR EN CINTA DECORADO CORAZONES,10,93.97
50073697,MARCADOR EXPO CINCEL SURT 4PZ,10,93.97
50127686,CUADERNO AMERICANO EXPRESARTE C7 100H,10,93.97
50134580,BOTELLA 550 ML SIN DISENO CONSTELACION,10,93.97
50074990,BOLIGRAFO GEL G2-7 FINO NGO 2P,10,93.97
50046299,COJIN LIMPIADOR,10,93.97
50041341,BOLIGRAFO ENERGEL 2P 0.7 N PEN,10,93.97
50059379,CUADERNO RY 50H MI PRIMER .,10,93.97
50130975,LAPICERA PLASTICA COLOR,10,93.97
50041117,PINTURA TEMPERA AMARILLA 473M,11,93.97
50041115,PINTURA TEMPERA ROJA DE 473ML,11,93.97
50041118,PINTURA TEMPERA VERDE 473ML,11,93.97
50123438,MARCADOR POLITEC A NEGRO INTENSO 302 4MM,11,93.97
50041120,PINTURA TEMPERA CAFE 473ML,11,93.97
50123440,BLISTER C 1 MARCADOR POLIA PLATA 701 4M,11,93.97
50123437,MARCADOR POLITECA BLANCO DE TITA 301 4M,11,93.97
50123439,BLISTER C 1 MARCADOR POLA ORO 700 4MM,11,93.97
50091158,ACUARELAS EN PASTILLA 12 COLOR,11,93.97
50113745,GIS PASTEL ARTS 25 PZ,11,93.97
50041116,PINTURA TEMPERA NARANJA DE473,11,93.97
50096993,JUEGO DE GEOMETRIA FLEXIBLE,11,93.97
50041119,PINTURA TEMPERA AZUL 473ML,11,93.97
50041114,PINTURA TEMPERA BLANCA DE 473,11,93.97
50121753,CUADERNO DE DIBUJO C/AGUJETA BLANCO 20H,11,93.97
50041113,PINTURA TEMPERA NEGRA DE 473ML,11,93.97
50067657,CASCARON CUARTOS C/4,11,93.97
50033524,CESTO BASURA REC SABLON 8015NE,12,93.97
50112818,FLEXOMETRO TRADICIONAL 5MX19MM,12,93.97
50068089,CABLE GE USB 2.0 97891 6 PIES,14,93.97
50134881,SUPER KIT PARA CEJAS Y PESTANAS TL,18,93.97
50133175,"""SQUISHY JAM",18,93.97
50110153,PILA ALCALINA EVOLTA C 2 PZAS,18,93.97
50131506,AUDIFONO PRIME IN EAR GRIS,2,102.59
50131507,AUDIFONO PRIME IN EAR AZUL,2,102.59
50134620,ARCHIVERO MORAD EXPANDIBL 8 DIV CONSTELA,3,102.59
50131518,ETIQUETA LSR 34 X 102MM 350P,3,102.59
50134619,ARCHIVERO ROSA EXPANDIBL 8 DIV CONSTELA,3,102.59
50136706,FOLDER DE PLASTICO STITCH,3,102.59
50131513,ETIQUETA LSR 216 X 279MM 25P,3,102.59
50131519,ETIQUETA LSR 85 X 102MM 150P,3,102.59
50116770,ARCHIVERO EXPAND STUK ROSA 5D,3,102.59
50116783,ARCHIVERO EXPAND RSA/VDE STUK,3,102.59
50137594,ARCHIVERO EXPANDIBLE 12 CARTA BLANCO,3,102.59
50116774,ARCHIVERO EXPAND STUK AMARI 5D,3,102.59
50137593,ARCHIVERO EXPANDIBLE 12 CARTA NEGRO,3,102.59
50062078,PROTECTOR D/HJS EXPAND 25P OMX,4,102.59
50137583,CARPETA EJECUTIVA ROSA,4,102.59
50062270,PROTECTORES D/HOJAS 50PZ OMX,4,102.59
50061632,PROTECTOR DE TARJETAS OMX 10H,4,102.59
50137582,CARPETA EJECUTIVA ROJO,4,102.59
50137581,CARPETA EJECUTIVA AZUL,4,102.59
50135307,KRAFT MICROCORRUGADO 80 CM X 5 M RIU,7,102.59
50111611,PORTARRETRATO 5X7 MOLDURA 2,8,102.59
50082955,REVISTERO NEGRO MAPED,8,102.59
50118658,SET CLIPS MOOVING ROSA,9,102.59
50044031,ST-IT NEON 3X3 5BL 75H,9,102.59
50063049,DH INVISIBLE 18X33,9,102.59
50132309,MY FIRST 4 PZ LAPIZ ADHESIVO 36 8G,9,102.59
50085503,REPUESTO BORR FRIXION NEG C/3,10,102.59
50084290,PLUMONES VISA XL ESTUCHE 12PZS,10,102.59
50073607,BOLIGRAFO ENER 0.5MM 3PZ COL,10,102.59
50131824,PAPER COL DOB Y UNI PUN 18 COL 15 PZS,10,102.59
50079938,PLUMONES DUO 10/20 PZAS.,10,102.59
50127952,BOLIGRAFO PILOT PRECISE FINO NEGRO 2PZAS,10,102.59
50014902,MARCADOR P/PIZ MAGISTRAL SURT 4P,10,102.59
50127875,CUADERNO GLADIADOR 100H C7 DISNEY,10,102.59
50015297,TINTERO PARKER P/PLUMA FUENTE,10,102.59
50111251,BOLIGRAFO ENERGEL X .5MM PASTE,10,102.59
50128275,BOLIGRAFO ROLLER 6 PZAS MOOVING PASTEL,10,102.59
50116746,CUADERNO ESPIRAL CIRCULOS STUK,10,102.59
50021797,BOLIGRAFO HYBRID GRIP AZUL 2PZ,10,102.59
50015209,MARCADOR BIC P/PIZARRON BCO. S,10,102.59
50127858,MARCATEXTOS SHARPIE PASTEL 6 PZ,10,102.59
50127848,BOLIGRAGO FLAIR PUNTO MED AROMAS 6PZ,10,102.59
50059380,HOJAS P/CARP CT JB REV RY 100H,10,102.59
50053106,MASA DAS TERRACOTA 1/2 KILO,11,102.59
50087392,"LAPIZ GRAFITO H,HB,B 3 PZS",11,102.59
50101854,PASTEL MATIZ 12 BARRAS BASICO,11,102.59
50087384,"LAPIZ GRAFITO HB,2H,4H 3 PZS",11,102.59
50065823,ROTULADORES EXTF 0.3 PASTL 12P,11,102.59
50123470,PINCEL SINT DORADO RODART MIXTO 5 PZ,11,102.59
50087395,LAPIZ GRAFITO ACUA HB 4B 8B,11,102.59
50121379,BASTIDOR PINTART MDF 30X35,11,102.59
50052617,MASA DAS BLANCA 1/2 KILO,11,102.59
50101850,PASTEL MATIZ 12PZ GRIZA/TIERRA,11,102.59
50119419,JUEGO DE GEOMETRA FLEX 5 PZS,11,102.59
50087394,"LAPIZ GRAFITO 3B, 6B, 9B 3 PZS",11,102.59
50123239,MEZCLADORES O ESFUMINOS SIMPLY C10 PZ,11,102.59
50062954,COMPAS TECHNIC ESTUCHE MAPED,11,102.59
50126228,BASTIDOR BASICO TB 25X30,11,102.59
50061711,LIMPIARRON 220ML,11,102.59
50087393,"LAPIZ GRAFITO HB, 2B, 4B 3 PZS",11,102.59
50121641,SENAL PROHIBIDO MASCOTAS 40X30CM,12,102.59
50121643,SENAL NO ESTACIONARSE 40X30XM,12,102.59
50121634,SENAL PELIGRO 40X30CM,12,102.59
50121635,SENAL USO OBLIGATORIO 40X30CM,12,102.59
50121639,SENAL PROHIBIDO ALIMENTOS 40X30CM,12,102.59
50121640,SENAL CUIDADO CON EL PERRO 40X30CM,12,102.59
50121644,SENAL PROHIBIDO EL PASO 40X30CM,12,102.59
50128445,CANDADO COMBINACION 3 DIGITOS 2.21 MM,12,102.59
50081002,CD-R VERBATIM 700MB 52X 10PK,14,102.59
50137972,ALCOHOL ISOPROPILICO 500 C/PISTOLA,14,102.59
50134647,BOTELLA DECORATIVA C3 PQ6 GRANDE,18,102.59
50137407,CARGA DE HELIO SUPER SHAPE 32 A 36 IN,18,102.59
50134736,MEMORIA TORRE JURASSIC WORLD DOMINION,18,102.59
50134903,PH ACEITE PARA LABIOS BASTANTE BONITA BC,18,102.59
50134902,PH ACEITE PARA LABIOS AMANTE EL BC,18,102.59
50136787,SH FLEX5Â NORMAL BS2 MX,18,102.59
50110152,PILA ALCALINA EVOLTA D 2 PZAS,18,102.59
50134737,MEMORIA TORRE BLUEY CAJA DE CARTON,18,102.59
50134810,SOMBRA EN BARRA 05 LACANDONA,18,102.59
50131870,CABLE USB C A CARGA RAPIDA T C 2M 10306,18,102.59
50134809,SOMBRA EN BARRA 08 BRUMA,18,102.59
50134864,POLVO FIJADOR BISSU,18,102.59
50134811,SOMBRA EN BARRA 09 HOJARASCA,18,102.59
50099980,IMP. PLOTTER COLOR LINEAS,50,102.59
50138617,CABLE LIGHTNING MOBO,2,111.21
50101346,PUERTO USB TECHZONE,2,111.21
50138614,CARGADOR DE PARED MOBO,2,111.21
50138618,CABLE TIPO C MOBO,2,111.21
50138616,CABLE TIPO C A LIGHTNING MOBO,2,111.21
50138615,CABLE TIPO C A C MOBO,2,111.21
50138626,SOPORTE PARA TELEFONO MOBO,2,111.21
50056533,ETIQUETA ADH CIR RJA 3/4,3,111.21
50062262,ARCHIVERO EXPA CT 7DV CLRS OMX,3,111.21
50020492,"ETIQUETA ADH CIR VDE 3/4"" 1008",3,111.21
50055439,ETIQUETA ADH CIR AMA 3/4,3,111.21
50033933,FOLDER OMX CARTA AZUL 25PK,3,111.21
50055438,ETIQUETA ADH CIR AZL 3/4,3,111.21
50072617,CUBIERTA PLA LISO CRIS OMX 20P,4,111.21
50072619,CUBIERTA PLA LISO AZUL OMX 20P,4,111.21
50111553,SEPARADOR NUMERADO COLOR A-Z,4,111.21
50072618,CUBIERTA PLA LISO NGO OMX 20P,4,111.21
50116842,PROTECTORES DE HOJAS CARTA 100,4,111.21
50128428,CINTA EMP SCOTCH BOX LOCK 48MM X 22.8M,7,111.21
50135308,PLASTICO BURBUJA 60CM X 10M RIU,7,111.21
50138041,CAJA PARIS 17 LT CON TAPA NEGRO,8,111.21
50137449,PORTARET MDF 8X10 GRIS AP050,8,111.21
50137980,ORGANIZADOR P PUERTAS METAL,8,111.21
50116714,PORTALAPICES BAMBU CUADRADO,8,111.21
50042774,REVISTERO SABLON IBEX CRISTAL,8,111.21
50116706,PORTARRETRATO 6X4 ACRILICO HOR,8,111.21
50136983,CAJA 25LTS CTAPA TRASLUCIDA,8,111.21
50125376,PORTARETRATO 4X6 NEGRO/CRISTAL,8,111.21
50109610,ORGANIZADOR MESH,8,111.21
50136555,PORTARET MDF 8X10 BLANCO,8,111.21
50118661,SET CLIPS MOOVING VERDE,9,111.21
50090631,NOTAS POST-IT SS 3X3 5BL BLANCO,9,111.21
50134578,BOTELLA 550 ML DISENO GATO CONSTELACION,10,111.21
50093900,CUADERNO PROF MARIO 2 RY 100H,10,111.21
50015411,COLORES PRISMACOLOR SCHOLAR 12,10,111.21
50085007,COLORES CRAYOLA UP&DOWNS 12PZS,10,111.21
50125273,LAPICERA ECO STUK VERDE CLARO,10,111.21
50125342,LAPICERA ECO STUK GRIS,10,111.21
50130991,LAPICERA DE TELA MAKE IT HAPPEN,10,111.21
50093901,CUADERNO PROF MARIO 2 C5 100H,10,111.21
50119425,MARCADORES PASTEL SURTIDO CAJIL,10,111.21
50119490,CUADERNO PROF C5 180H C1083472 INCOLORS,10,111.21
50130987,LAPICERA PU RECICLADO,10,111.21
50134579,BOTELLA 550 ML DISENO LUNA CONSTELACION,10,111.21
50093902,CUADERNO PROF MARIO 2 C7 100H,10,111.21
50136385,LIBRETA ECO CORCHO 80H,10,111.21
50134567,LAPICERA MORADA GLITTER CONSTELACIONES,10,111.21
50120471,CORRECTOR EN CINTA DECORADO,10,111.21
50125288,LAPICERA ECO STUK VERDE HOJAS,10,111.21
50130996,LAPICERA DE TELA COLOR ROSA,10,111.21
50015529,CRAYONES CRAYOLA JUMBO 24 PZAS,10,111.21
50130977,CUADERNO 100 HOJAS ESPIRAL CLIP,10,111.21
50127857,MARCADOR PIZARRON C/BORRADOR VAR 4PZ,10,111.21
50116764,LIBRETA EJECUTIVA COCIDA ONDAS,10,111.21
50134576,CUADERNOS PROFESIONAL ROSA 96H RAYA OJO,10,111.21
50079917,CRAYONES SO BIG 18 PZAS,10,111.21
50127694,PLUMONES LAVABLES PUNTA BALA NORMA X 24,10,111.21
50089764,LAPICERO .7 MM AZUL/VIOLETA,10,111.21
50073699,KIT MARCADORES C/BORR Y LIQ EX,10,111.21
50032970,CRAYONES CRAYOLA TWISTABLES 12,10,111.21
50130973,LAPICERA CON DISENIO ARCOIRIS,10,111.21
50061329,CRAYONES TRIANG CRAYOLA 24PZ,10,111.21
50113716,LAPICES COLORES 24 PZ STUK,10,111.21
50125617,MARCATEXTOS KIUT NEON 5 PZAS,10,111.21
50118341,STICKERS LETRAS Y NUMEROS,11,111.21
50118345,STICKERS PARA NOTAS MOST,11,111.21
50128366,PINTURAS TEMPERA CRAYOLA 6 PZAS 59 ML,11,111.21
50129853,PIZARRON 20X30 M/VINIL INDICATO,11,111.21
50138037,KIT ARMABLE AUTOML POLITEC BLISTER,11,111.21
50086512,PINTURA ACRILICA C/6 FRASCOS,11,111.21
50138035,KIT ARMABLE MARIPOSA POLITEC BLISTER,11,111.21
50138036,KIT ARMABLE UNICORNIO POLITEC BLISTER,11,111.21
50125945,PASTA FRANCESA 500G,11,111.21
50138034,KIT ARMABLE COHETE POLITEC BLISTER,11,111.21
50035991,CESTO DE BASURA SABLON JUMBO N,12,111.21
50121636,SENAL ALTO 40X30CM,12,111.21
50115093,GEL ANTISEPTICO DR.HEALTH 1LT,12,111.21
50127965,MOUSE ALAMBRICO STYLOS,14,111.21
50080998,DVD-R VERBATIM 16X 10PK,14,111.21
50080999,DVD+R 4.7GB 16X 10PK VERBATIM,14,111.21
50045917,LIMPIADOR ANTIESTATICO STUK,14,111.21
50119440,MEMORIA USB 16GB VERBATIM,14,111.21
50134846,MAQUILLAJE COMPACTO SHELL BEIGE BISSU,18,111.21
50134844,MAQUILLAJE COMPACTO CARAMEL BISSU,18,111.21
50134845,MAQUILLAJE COMPACTO ALMOND,18,111.21
50137992,BOTELLA DE SILICON SOCCER 550 ML,18,111.21
50134897,LIPGLOSS ULTRA DAZZLE PRETTY GIRL 01 BC,18,111.21
50134843,MAQUILLAJE COMPACTO 6 NATURAL BEIGE,18,111.21
50135602,TARRO CERAMICA CUADRADA C CUCHARA SNOOPY,18,111.21
50134735,BARAJA POKER BICYCLE STANDARD CAJA CARTO,18,111.21
50134896,LIPGLOSS ULTRA DAZZLE BERRY DAZZLE 04 BC,18,111.21
50137917,SOMBRERO E ZAPATA PALMA,18,111.21
50086188,CALCU ROYAL ESCRIT DUAL COLOR,2,119.83
50069535,CABLE HDMI GE 3FT NEGRO,2,119.83
50061419,FOLDER PENDAFLEX TC VIOLET 25P,3,119.83
50061421,FOLDER PENDAFLEX TC NEGRO 25PK,3,119.83
50076729,PORTADOC VERTICAL CTA AQUA PZ,3,119.83
50061420,FOLDER PENDAFLEX TC CLRS 25PK,3,119.83
50061418,FOLDER PENDAFLEX TC VRDE F 25P,3,119.83
50061414,FOLDER PENDAFLEX TC AZUL F 25P,3,119.83
50027544,ARCHIVO EXPAND CH 12DIV TRASLU,3,119.83
50061417,FOLDER PENDAFLEX TC ROJO 25PK,3,119.83
50076728,PORTADOC VERTICAL CTA VIOLETA,3,119.83
50076727,PORTADOC VERTICAL BCO LIGA PZ,3,119.83
50061416,FOLDER PENDAFLEX TC NARANJA 25P,3,119.83
50027542,PORTAFOLIO OXFORD CARTA 1 PZA,3,119.83
50135431,PLANEADOR EJECUTIVO COPPA BURDEOS 26,4,119.83
50135430,PLANEADOR EJECUTIVO COPPA AZUL 26,4,119.83
50133337,"CARPETA OMX 2"" BLANCA ARILLO D",4,119.83
50133336,"CARPETA OMX 2"" NEGRO ARILLO D",4,119.83
50131673,PLANEADOR SEMANAL VANIA BACHUR,5,119.83
50131671,PLANEADOR SEMANAL PUSHEEN,5,119.83
50108915,"TABULAR 4 COL 50 HJS, 2 PZS",5,119.83
50134994,PLANEADOR SEMANAL SNOOPY,5,119.83
50135511,CALENDARIO SOBREM 14X15 NUM GDS BASIC 26,5,119.83
50065845,PAPEL FOTOG TC MATE 128GR 50P,6,119.83
50031716,PAPEL BOND BRGH NJA TC 100H 75,6,119.83
50031717,PAPEL BOND BRGH AMA TC 100H 75,6,119.83
50031719,PAPEL BOND BRGH LIM TC 100H 75,6,119.83
50084493,PAPEL XEROX ECOLOGICO TC RESMA,6,119.83
50046029,OPALINA OMX BCA 125G T/C 100HJ,6,119.83
50127115,PAPEL BOND CTA 500H 75G 93 ECO,6,119.83
50063051,CINTA P/DUCTOS OMX 48MMX55M,7,119.83
50111612,PORTARRETRATO 6X8 MOLDURA 2,8,119.83
50132744,MARCADOR PERM MCKIE BAS DOB PUNTA 4 P,10,119.83
50130489,CUADERNO PROFESIONAL 100H C05 LOVE ASTRA,10,119.83
50015539,PLUMONES CRAYOLA LAVABLES 8PZA,10,119.83
50128225,CUADERNO A4 80 CLA 90G EMOTIONS NEGRO,10,119.83
50138086,COLORES TRINGULA PREM 24PZ KORES MUNDIAL,10,119.83
50128227,CUADERNO A4 80 CLA EMOTIONS ROSE DUST,10,119.83
50128309,CUADERNO PROFESIONAL C5 100H PASTA DURA,10,119.83
50128308,CUADERNO PROFESIONAL RY 100H D.ARILLO,10,119.83
50113273,LIBRETA PASTA DURA 80PGS STUK,10,119.83
50130490,CUADERNO PROFESIONAL 100H RAYA LOVE ASTR,10,119.83
50116902,HERMETICO RECTANGULAR P/YOGURT,10,119.83
50131022,CUADERNO PASTA DURA A5 96 HOJAS,10,119.83
50054073,CUADERNO FRANCES RY 100H FIVE,10,119.83
50128226,CUADERNO A4 80 CLA 90G EMOTIONS VERDE,10,119.83
50134577,CUADERNOS PROF ELASTI LILA 76H CONSTELA,10,119.83
50067598,BOLIGRAFO GEL SURT BL 3 PZAS,10,119.83
50125984,LIENZO P COLOR ROEL MANDALA LEON,11,119.83
50134430,ROMPECABEZAS 3D POKEMON 54 PC AZUL,11,119.83
50125981,LIENZO P COLOR ROEL MANDALA BALLENA,11,119.83
50013383,REGLA T ACRILICO TRANSP SILCO,11,119.83
50121541,JUEGO GEOMETRIA IRROMPIBLE 7P,11,119.83
50125983,LIENZO P COLOR ROEL MANDALA AJOLOTE,11,119.83
50092390,LABERINTO MINI MADERA EDUCACTI,11,119.83
50134431,ROMPECABEZAS 3D POKEMON 54 PC ROJA,11,119.83
50125985,LIENZO P COLOR ROEL MANDALA TORTUGA,11,119.83
50064621,ACUARELAS 16 COLORES,11,119.83
50121630,SENAL BOTIQUIN 28X20CM,12,119.83
50121632,SENAL ZONA DE SEGURIDAD 40X30CM,12,119.83
50121021,DETECTORA DE BILLETES LED,12,119.83
50121631,SENAL PUNTO DE REUNION 40X30CM,12,119.83
50137815,MEMORIA USB DAHUA 64 GB USB 3.0 PLATA,14,119.83
50122095,CABLE DE RED RJ45 7.5 MTS 22.5 PIES,14,119.83
50108837,MOUSE HP 100 WIRED S/N 7CH4503L3W,14,119.83
50136352,MOUSE ALAMBRICO HP 150 NEGRO,14,119.83
50134557,USB ADATA NEGRA 64GB,14,119.83
50119472,KIT LIMPIADOR DE PANTALLAS SILIMEX,14,119.83
50107744,ESPUMA LIMPIADORA CBI 404ML,14,119.83
50134590,TOTEBAG SIN DISENO CONTELACIONES,16,119.83
50134877,PRIMER ILUMINADOR LUNAR BS,18,119.83
50134878,PRIMER ILUMINADOR EQUINOCCIO BS,18,119.83
50133114,TAPETE SIKARAI,1,128.45
50128377,EXTENSION ELECTRICA USO RUDO 8 MTS,2,128.45
50112508,CABLE KINTONE PARA LIGHTNING,2,128.45
50104814,FOLDER POCHTECA TC AZUL 10PZS,3,128.45
50132143,CARPETA STUK CATS VERDE,4,128.45
50132141,CARPETA STUK COLORS AMARILLO,4,128.45
50134100,CARPETA SNOOPY AMARILLA,4,128.45
50132142,CARPETA STUK CATS ROSA,4,128.45
50132140,CARPETA STUK COLORS VERDE,4,128.45
50134098,CARPETA SNOOPY ROJA,4,128.45
50134099,CARPETA SNOOPY AZUL,4,128.45
50122518,FORTEC CALENDARIO EJECUTIVO 26,5,128.45
50131690,DIARIO STITCH 60H STITCH SAC,5,128.45
50131692,PLANEADOR 60H C PLUMA POMPON STITCH,5,128.45
50132137,PLANNER MENSUAL ESCRITORIO CATS,5,128.45
50131786,PLANEADOR P/DURA ESTRELLA A5,5,128.45
50077229,PAPEL COPIA OMX 92 75G CTA 5000H,6,128.45
50012369,COJIN P/SELLO AZOR METAL N2,7,128.45
50135305,PLASTICO BURBUJA 40CM X 20M RIU,7,128.45
50137215,CAJONERA 3 DIVISIONES STUK MESH COLORES,8,128.45
50116918,MINI CAJONERA 5 NIVELES NEGRA,8,128.45
50109611,PORTA HOJAS MESH NEGRO,8,128.45
50137461,PRETRATOS MDF MAD CL Y BN 8X10 SO06512,8,128.45
50135046,PORTARRETRATO METALICO 4X6 ORO,8,128.45
50129272,CAJA PLASTICA TRANSPARENTE 14 LTS STUK,8,128.45
50084314,MINI CAJONERA 5 NIVELES,8,128.45
50135047,PORTARRETRATO METALICO 4X6 NEGRO,8,128.45
50135050,PORTARRETRATO METALICO 3D 4X6 ORO,8,128.45
50135051,PORTARRETRATO METALICO 3D 4X6 NEGRO,8,128.45
50116921,CONTENEDOR 3 PZAS PARA ALACENA,8,128.45
50135044,PORTARETRATO ACRILICO 4X6 CM 2 FOTOS,8,128.45
50132758,SET ACCESORIOS OFICINA ACCO UVA 242 PZ,9,128.45
50037734,CINTA SCOTCH MONT TRANS 25X1.5,9,128.45
50077264,ENGRAPADORA MAPED METAL M/T *,9,128.45
50122488,NOTAS POST-IT SS NEGRAS 3X3,9,128.45
50074946,BOLIGRAFO FLAIR PUNTO MED 8PZA,10,128.45
50131013,LAPICERA SILICON HELADO,10,128.45
50131002,LAPICERA PVC DISENIO,10,128.45
50125612,MARCADORES GRAFIGEL KIUT 8 PZAS,10,128.45
50131657,CUADERNO FRANCES 120H EMOTIONS LAV APLI,10,128.45
50131812,BOLI PAPER INKJOY GEL METAL 0.8MM,10,128.45
50127954,BOLIGRAFO BORRABLE PILOT FINO AZUL 2PZAS,10,128.45
50135041,LIBRETA AZUL PUNTEADA 140H SNOOPY DANPEX,10,128.45
50120091,CUADERNO FRAN 120H RY EMOTIONS ROSA,10,128.45
50135042,LIBRETA AMARILLA PUNTEADA 140H SNOOPY,10,128.45
50120090,CUADERNO FRAN 120H RY EMOTIONS AZ CIELO,10,128.45
50089495,CUADERNO PROF 150H C7 POLYC,10,128.45
50125293,LAPICERA STUK DOBLE CIERRE VAR COLORES,10,128.45
50108064,CUADERNO FRAN NAVY 120 H,10,128.45
50134566,SET LIBRETAS 3PZ 32H RAYA CONSTELACIONES,10,128.45
50113660,MOCHILA BASICA JEASN GRIS,10,128.45
50106635,COLORES PRISMACOLOR DOBLE 12P,10,128.45
50130993,LAPICERA DE TELA AZUL,10,128.45
50118672,LAPICES PASTELES MOOVING 20P,10,128.45
50116745,CUADERNO ECO FLORES 3 PIEZAS,10,128.45
50131036,LAPICERA TELA OXFORD FOOTBALL,10,128.45
50131034,LAPICERA NEOPRENO DINO CIERRE OLIVO,10,128.45
50108065,CUADERNO FRAN. RED 120H,10,128.45
50113657,MOCHILA BASICA JEANS NEGRA,10,128.45
50131031,LAPICERA AZUL CON ZIPPER,10,128.45
50134352,HEMETICO 2 DIVISSIONES 1.6L LUKKO,10,128.45
50131029,LAPICERA PELUCHE ROSA,10,128.45
50067661,ILUSTRACION CUARTOS C/4,11,128.45
50060501,PAPEL BATERIA CREMA 50X80 2PZ,11,128.45
50101858,LAPICES GRAFITO ARTIST STUDIO,11,128.45
50123460,LIBRETA RODART ESPIRAL PASTA DURA 100 HJ,11,128.45
50138378,MUNDO SUPER ART SET HELLO KITTY,11,128.45
50138206,PINTARRON 20X30 M VINIL GRIS,11,128.45
50125808,STICKERS HAPPY PLANNER CARITAS SONRI,11,128.45
50134119,KIT PARA COLOREAR CAPIBARA CON CRAYOLAS,11,128.45
50090196,CARTON C/TELA P/PINTAR 40X50,11,128.45
50138379,SPARKLY PLANNER ONIX,11,128.45
50125807,STICKER HAPPY PLANNER ALPHA,11,128.45
50123461,LIBRETA RODART PASTA DURA 100 HJ LPD A5,11,128.45
50123472,PINCEL PELO CAMELLO RODART MIXTO 12 PZ,11,128.45
50138375,MUNDO ART SET PAW PATROL,11,128.45
50131767,STICKERS ABECEDARIO DORADO,11,128.45
50134120,KIT PARA COLOREAR CAPIBARA CON ACUARELAS,11,128.45
50092386,ROMPECABEZAS SURTIDO CON PIN,11,128.45
50121637,LETRERO DISCAPACIDAD 50X40CM,12,128.45
50106466,CINTA PROHIBIDO EL PASO 150MTS,12,128.45
50131642,MOUSE INALAMBRICO BASICO AZ,14,128.45
50121402,REMOVEDOR DE POLVO CBI 600ML,14,128.45
50131641,MOUSE INALAMBRICO BASICO NG,14,128.45
50138384,MEMORIA FLASH USB DESLIZANTE 16 GB NGRO,14,128.45
50116006,MEMORIA MICRO SA STYLOS 32GB,14,128.45
50131640,MOUSE INALAMBRICO BASICO BC,14,128.45
50119468,MOUSE INALAMBRICO NEGRO STYLOS,14,128.45
50109238,TOALLAS ANTIESTATICAS CBI 100P,14,128.45
50134732,SET DE JUEGOS 3 EN 1 JURASSIC W DOMINION,18,128.45
50136202,TARRO IRIDISCENTE STITCH 470 ML,18,128.45
50137978,JERARQUIA DE ARTICULO INCORRECTA,18,128.45
50137990,TARRO IRIDISCENTE DRAGON BALL 430 ML,18,128.45
50132089,MANTEL RECTANGULAR STITCH,18,128.45
50136201,TARRO DE PORCELANA STITCH 600 ML,18,128.45
50134893,FIJADOR MAQ SETTING SPRAY COCO BC,18,128.45
50136203,TARRO IRIDISCENTE BARBIE 470 ML,18,128.45
50134733,SET DE JUEGOS 3 EN 1 GABBYS DOLLHOUSE,18,128.45
50136786,SOLEIL SENSITIVE AST BL2 NSF,18,128.45
50131856,TARRO BELLY DE CERAMICA STITCH 900 ML,18,128.45
50124150,CUADERNO PERS CARTA CUADRO CHICO,50,128.45
50072274,CUADERNO PERSONALIZADO CTA,50,128.45
50078864,CUADERNO PERS CARTA RAYA,50,128.45
50078865,CUADERNO PERS CARTA CUADRO,50,128.45
50090996,RMUEBLES 1001-2000 12 MESES,62,137.07
50119471,UGREEN HUB 4 EN 1 USB 50985,2,137.07
50099691,SUPRESOR KOBLENZ SS-420J,2,137.07
50034108,FOLDER OMX OFICIO AZUL 25PK,3,137.07
50137637,ARCHIVERO EXPANDIBLE 13 DIV HUMO,3,137.07
50137639,ARCHIVERO EXPANDIBLE 13 DIV AZUL,3,137.07
50137638,ARCHIVERO EXPANDIBLE 13 DIV CRISTAL,3,137.07
50135429,PLANEADOR EJECUTIVO COPPA NEGRO 26,4,137.07
50133338,"CARPETA OMX 3"" NEGRO ARILLO D",4,137.07
50133339,"CARPETA OMX 3"" BLANCA ARILLO D",4,137.07
50130737,"ARILLO MET TWIN LOOP NG CAJA C/20 7/16""",4,137.07
50131672,PLANEADOR MENSUAL PUSHEEN,5,137.07
50027259,LIBRO FLORETE RAYADO 96 HOJAS ESTRELLA,5,137.07
50134993,PLANEADOR MENSUAL SNOOPY,5,137.07
50131788,PLANEADOR P/SUAVE ESTRELLA A5,5,137.07
50131674,PLANEADOR MENSUAL VANIA BACHUR,5,137.07
50063564,PAPEL BOND PASTL OMX TC 200H,6,137.07
50131457,PAPEL FOTOGRAFICO 115G CARTA FIRST CLASS,6,137.07
50065844,PAPEL FOTOG TC MATE 220GR 50P,6,137.07
50107913,PAPEL XE ECOLOGICO TO RESMA 5000,6,137.07
50033183,PAPEL XE AZ TC 500H 97 75G/M2,6,137.07
50029392,CINTA EMP TRANS 48.50 6PK OMX,7,137.07
50029391,CINTA EMP OMX CANELA 48X50 6PZ PK,7,137.07
50135306,PLAYO CAL 60 5PULG X 228M RIU,7,137.07
50136556,PORTARET METAL 4X6 NEGRO,8,137.07
50137450,PORTARET METAL 4X6 NEGRO LB00509,8,137.07
50125359,CAJA PLASTICA BLANCA CON TAPA 26X17X10CM,8,137.07
50071276,TIJERA ESC MAPED CREATIV 5PTAS,9,137.07
50063616,NOTAS OMX AMARILLAS 600H,9,137.07
50130938,PISTOLA DE SILICON OMX,9,137.07
50113868,CINTA SCOTCH MONT EXTREMA 2.5CM X 1.52MT,9,137.07
50063614,NOTAS OMX ADH NEON 6 BLOCKS,9,137.07
50127850,MARCATEXTOS SHARPIE GEL 5PZ,10,137.07
50093324,COLORES PRISMACOLOR TRIANG 12P,10,137.07
50128902,PAPEL RELLENO MEDIA HOJA 60 HJS,10,137.07
50094490,COLORES NORMA 14-15 TRIANG,10,137.07
50132716,BOLIGRAFO GEL SARASA CLIP 0.5MM FINO 3 P,10,137.07
50074956,BOLIFRAFO FLAIR ULTRAFINO 8PZS,10,137.07
50070628,BOLIGRAFO TUL GEL AZUL 4 PZ,10,137.07
50128903,PAPEL RELLENO MEDIA HOJA PARA NOTAS 60H,10,137.07
50118664,LAPICES DE COLORES MOOVING 24,10,137.07
50127884,CUADERNO SAMURAI 100H C7 MICKEY Y AMIGOS,10,137.07
50113853,PLUMONES SUPERTIPS PASTEL 12PZ,10,137.07
50116037,CUADERNO PROF. ECOMENTA RECICL,10,137.07
50074507,COLORES COLOR PEPS 24 PZAS,10,137.07
50119515,CUADERNO COLEGIAL SOHO RAYA 160H,10,137.07
50128359,LAPICERA CILINDRICA VILLANO 4 AZUL,10,137.07
50108067,CUADERNO PROF. ECOLAVENDER 80H,10,137.07
50119721,COLORES KIUT PASTEL 12 PIEZAS,10,137.07
50107371,CUADERNO PROF. ECOPINK 80H,10,137.07
50130787,BOLIGRAFO AZUL LEAVES WIND,10,137.07
50108069,CUADERNO PROF. ECOBLUE 80H,10,137.07
50131008,CUADERNO ESPIRAL CUBIERTA SILICON,10,137.07
50128378,CUADERNO A4 80H ECOMARINO RECICLADO,10,137.07
50096167,ACUARELA EFECTO MATE C/24,11,137.07
50136250,COLOR PET PAW PATROL LAVABLE 4PZ,11,137.07
50134703,GISES JUMBO CON PORTAGIS 5PZ STITCH,11,137.07
50137352,SET DE 5 GISES JUMBO KUROMI,11,137.07
50137353,SET DE 5 GISES JUMBO HELLO KITTY,11,137.07
50133719,BAST EST T-306 30X40,11,137.07
50123434,CAJA RODART C 24 LAPICES ACUARELABLES,11,137.07
50113793,DISNEY MINNIE DMIN 21 01 653,12,137.07
50113788,DISNEY PRINCESA DPRN 19 03 650,12,137.07
50137841,MEMORIA USB ADATA BLACK/RED 32GB,14,137.07
50137842,MEMORIA USB ADATA WHITE/BLUE 32GB,14,137.07
50131621,MEMORIA USB ADATA 32GB RBK,14,137.07
50131622,MEMORIA USB ADATA 32GB RWH,14,137.07
50119441,MEMORIA USB 32GB VERBATIM,14,137.07
50116007,MEMORIA USB STYLOS 32GB PL,14,137.07
50134572,TOTEBAG OJO CONSTELACIOENS,16,137.07
50134116,TOTTE BAG CAPIBARA,16,137.07
50134571,TOTEBAG LUNA CONSTELACIOENS,16,137.07
50135341,PELUCHE TY BALL PIEZA,18,137.07
50134900,RUBOR EN CREMA STAY BLUSHING CUTE SHES,18,137.07
50137703,BBS BALL TY GILLY RANA,18,137.07
50131612,BUEN PROVECHO CAJA 16 SOBRES 19.2 GRAMOS,18,137.07
50137704,BBS BAL TY CLAWSBY TIGRE,18,137.07
50134283,ASSORTMENT TY BALL,18,137.07
50134899,BALSAMO DE LABIOS CUTE CHERRY BC,18,137.07
50137701,BBS BALL TY HANK MORSA CAFE,18,137.07
50137702,BBS BALL TY SHELDON PULPO,18,137.07
50131611,SERENIDAD CAJA 16 SOBRES 19.2 GRAMOS,18,137.07
50025499,PILA AAA ENERGIZER MAX C/4,18,137.07
50134901,RUBOR EN CREMA STAY BLUSHING CUTE SNEVER,18,137.07
50131686,KIT PARA UNAS STITCH SAC,18,137.07
50131609,ANOCHECER CAJA 16 SOBRES 19.2 GRAMOS,18,137.07
50134898,BALSAMO DE LABIOS LINDO FRAMBUESA BC,18,137.07
50131614,AIRE VITAL CAJA 16 SOBRES 19.2 GRAMOS,18,137.07
50129711,BBS BAL TY TANNER PERRO,18,137.07
50137705,BBS BALL TY EVIE GATO VERDE,18,137.07
50054625,CALCULADORA ROYAL ESCR CE250,2,145.69
50137404,ARCHIVERO EXPANDIBLE ECOLOGICO 7 DIV,3,145.69
50062187,ARCHIVERO EXPAND NG TO 13D OMX,3,145.69
50043752,TARJETERO KARDEX SABLON 3X5X15,3,145.69
50035581,PORTAFOLIOS CONVENCIONES SAMSILL,4,145.69
50045809,SEPARADOR REDONDO COLOR 8 DIV,4,145.69
50110190,"CARPETA WJ 2"" VENTANA D BLANC",4,145.69
50135196,AGENDA PERSONAL MALINDI AZUL 26,4,145.69
50135544,AGENDA ACTIVA S/V PP CITY MARINO 26,4,145.69
50050959,POLIZA CHEQUE INTERC TC 50J OM,5,145.69
50105259,CARPETA PORTA CUENTA,5,145.69
50028915,PAPEL XE RJ TC 500H 99 75G/M,6,145.69
50083457,CINTA EMPAQUE TRA 48X100M 6PK,7,145.69
50112738,"PELICULA ESTIRABLE 5"" CAL. 61",7,145.69
50137760,ORGANIZADOR 3 PISOS,8,145.69
50137219,ORGANIZADOR ESCRITORIO MESH STUK NEGRO,8,145.69
50134653,ORGANIZADOR CAJON NEXTEP MALLA METALICA,8,145.69
50136552,PORTARET MDF 8X10 BLANCO CON GRIS,8,145.69
50134652,ORGANIZADOR MALLA NEXTEP 4 SECC NEGRO,8,145.69
50013749,NOTAS POST-IT ULTRA 7.6X7.6CM,9,145.69
50045028,NOTAS POST-IT SS 7.6X7.6 4B,9,145.69
50127653,NOTAS POST-IT SS SUPERNOVA,9,145.69
50085493,BOLIGRAFO GEL BORR P/FIN 3PZS,10,145.69
50135616,TERMO DOBLE PARED SNOOPY CAMP 350 ML,10,145.69
50133125,BOSS ORIGINAL ARTY 5 MARCATEXTOS CALIDOS,10,145.69
50125244,SET PLUMONES ACUARELA 24 PZAS STUK,10,145.69
50125334,SET 3 CUADERNOS ECO STUK,10,145.69
50125344,SACAPUNTAS STUK ELECTRICO BLANCO,10,145.69
50131017,CUADERNO A5 PU 80 HOJAS DREAM PLAN DO,10,145.69
50113661,MOCHILA BASICA JEANS TURQUESA,10,145.69
50125918,MARCATEXTOS PLUS MET FABER CASTELL 6 PZS,10,145.69
50113658,MOCHILA BASICA JEANS AZUL,10,145.69
50128900,CUADERNO MINI SHIBORI 60 HJS,10,145.69
50015217,COLORES BIC CONTE EVOL 24 PZAS,10,145.69
50127158,CUADERNO MINI 60 HOJAS BUTTERFLY,10,145.69
50131015,LAPICERA AGUACATE,10,145.69
50131028,LAPICERA VINIL VERDE LIMON Y MORADO,10,145.69
50120473,PAPEL RELLENO CLASIC HOJAS PUNTEADAS 40H,10,145.69
50131033,LAPICERA TELA OXFORD LEOPARDO,10,145.69
50133124,BOSS ORIGINAL ARTY C 5 MARCATEXTOS,10,145.69
50125912,PLUMON FIESTA 45 FABER CASTELL 20 PZAS,10,145.69
50116801,PLUMONES METALICOS STUK 10PZ,10,145.69
50127157,CUADERNO MINI 60 HOJAS EFFORTLESS GRACE,10,145.69
50130994,SET CUADERNO ESPIRAL Y NOTAS ADHESIVAS,10,145.69
50125250,BOTELLA STUK DE AGUA 1 L NEGRO,10,145.69
50125276,LIBRETA ECO STUK 80 HJ,10,145.69
50113659,MOCHILA BASICA JEANS ROSA,10,145.69
50130988,LAPICERA POLYESTER RECICLADO,10,145.69
50131000,LAPICERA TACTO SUAVE EXTENDIBLE,10,145.69
50131006,LAPICERA Y CHARMS SET SILICON,10,145.69
50131027,LAPICERA CONEJO ROSA,10,145.69
50015530,CRAYONES CRAYOLA JUMBO BOTE 28,10,145.69
50125909,ECOLAPIZ BICOLOR FABER CASTELL 12 PZAS,10,145.69
50125286,LAPICERA ECO STUK AZUL,10,145.69
50131010,LAPICERA DE GATO TERCIOPELO,10,145.69
50131760,STICKERS SIRENAS 8 H 239 PZ,11,145.69
50118361,STICKERS LOVE IS IN THE AIR,11,145.69
50125103,8 PZ DE ACRILICO POLITEC 30ML NEON,11,145.69
50125812,STICKERS HAPPY PLANNER FAMILY LOVE,11,145.69
50125104,8 PZ DE ACRILICO POLITEC 30ML METALICO,11,145.69
50131770,STICKERS CUMPLEANOS,11,145.69
50059520,ROTULAD STABILO POINT88 6P .4,11,145.69
50118360,STICKERS CHALK FABULOUS,11,145.69
50061333,MINIPINTURAS CRAYOLA 18PZ,11,145.69
50080315,BLOCK CONST CHICO RAYTER,11,145.69
50125387,STICKERS ADULTING,11,145.69
50131771,STICKERS JARDIN PEQUENO,11,145.69
50118349,STICKERS PERRITOS,11,145.69
50116788,PIZARRON CHICO STUK,11,145.69
50125102,8 PZ DE ACRILICO POLITEC 30ML PASTEL,11,145.69
50118354,STICKERS ESCUELA,11,145.69
50124895,ROMPECABEZAS SIRENAS,11,145.69
50090197,BASTIDOR BASICO TB 30X40,11,145.69
50118357,STICKERS ALUMINIO KINDER,11,145.69
50125101,8 PZ DE ACRILICO POLITEC 30ML BASICO,11,145.69
50080314,BLOCK MARQUILLA RAYTER 50 HOJA,11,145.69
50118352,SRICKERS TRANSPARENTES FLORES,11,145.69
50118350,STICKERS HELLO FRIEND,11,145.69
50118623,CESTO DE BASURA 7L REDONDO,12,145.69
50109615,CESTO DE BASURA REDONDO MESH,12,145.69
50109616,CESTO DE BASURA REDONDO MESH P,12,145.69
50131634,TECLADO ALAMBRICO TECHZONE GRMLY,14,145.69
50138386,MEMORIA FLASH USB 3.2 32 GB AZUL,14,145.69
50079411,REMOVEDOR DE POLVO STUK 400 ML,14,145.69
50134854,PALETA PARA ROSTRO LA DE CAJON 02 BS,18,145.69
50137921,ESFERA JUMBO,18,145.69
50134906,TRATAMIENTO TINTA DE LABIOS ONE MELON,18,145.69
50102451,PILA ENERGIZER MAX PLUS AAABP4,18,145.69
50134904,TRATAMIENTO TINTA DE LABIOS SWEET FRESA,18,145.69
50133174,SQUISHY STITCH V2,18,145.69
50138011,CALCETAS CREW NINTENDO SUPER MARIO PACK,18,145.69
50134905,TRATAMIENTO TINTA DE LABIOS BERRY BERRY,18,145.69
50025478,PILA ESPECIAL PHOTO LITIO N123,18,145.69
50134853,PALETA DE CONTORNO 01 BISSU,18,145.69
50069536,CABLE HDMI GE 6 FT NEGRO,2,154.31
50031212,"CARPETA SAMSILL 3"" VENTANA O B",4,154.31
50076356,MICA RIGIDA CARTAY,4,154.31
50031211,"CARPETA VENTANA O 3"" NGRA SAMS",4,154.31
50135197,AGENDA PERSONAL MALINDI NEGRO 26,4,154.31
50130738,"ARILLO MET TWIN LOOP NG CAJA C/20 1/2""",4,154.31
50132138,PLANNER MENSUAL JUMBO CATS,5,154.31
50132139,PLANNER MENSUAL JUMBO COLORS,5,154.31
50091404,CARTULINA ROSA 240GR A4 OLYMPI,6,154.31
50061207,SOBRE SOLAPA ENG MANILA CARTAT 40PZAS,6,154.31
50061212,SOBRE SOL ENG BCO OF 40P 90G,6,154.31
50111613,PORTARRETRATO 8X10 MOLDURA 2,8,154.31
50109597,ORGANIZADOR MESH PLATA ESCRITO,8,154.31
50116712,REVISTERO PLASTICO BLANCO,8,154.31
50137452,PORTARET METAL 5X7 NEGRO LB00511,8,154.31
50137216,ORGANIZADOR STUK BLANCO DIV CON AGARRE,8,154.31
50027181,ENGRAPADORA PILOT STAND UP T/C,9,154.31
50077265,ENGRAPADORA MAPED METAL T/C,9,154.31
50121592,CINTA MAGICA SCOTCH 19X65 8M EN CAJA,9,154.31
50113573,CUADERNO PROF ECOMYSTIC,10,154.31
50127683,COLORES DOBLE PUNTA KIUT 13 LAPICES,10,154.31
50131658,CUADERNO PROF 80H RAY ECOROMBOS APLI,10,154.31
50136672,LAPICERA FLUFFY STITCH CON MARCADORES,10,154.31
50120092,CUADERNO PROFESIONAL 80H CUADRO ECOMAPS,10,154.31
50135614,BOTELLA DE ALUMINIO SNOOPY 600 ML,10,154.31
50138156,BOLIGRAFO 0.5MMM TINTA NGR COLORES MUNDI,10,154.31
50113570,CUADERNO PROF ECOMAPS 80 H,10,154.31
50134582,LAPICERA ROSA DISENO LUNA CONSTELACIONES,10,154.31
50131492,MARCATEXTOS C PLUMA 6 PZ CRAYOLA,10,154.31
50125279,LIBRETA DE RAYAS ECO STUK 96 HJ,10,154.31
50106360,BLOCK INDART GRIS 48 HOJAS,11,154.31
50106361,BLOCK INDART AZUL 48 HOJAS,11,154.31
50106359,BLOCK INDART BLANCO 48 HOJAS,11,154.31
50106358,BLOCK INDART ROJO 48 HOJAS,11,154.31
50080316,FOAMY DIAMANTADO T/CARTA 10 PZ,11,154.31
50135078,PIZARRON 30X22CM CON PLUMON SNOOPY,11,154.31
50088514,SENAL SISMO O INCENDIO 23X33,12,154.31
50134586,MOUSEPAD CON SOPORTE ROSA CONSTELACIONES,14,154.31
50116078,AUDIFONOS ON-EAR TRUST PRIMO,14,154.31
50119888,MOUSE COMPACTO CARVE TRUST,14,154.31
50134907,RUBOR LIQUIDO OK CORAL BC,18,154.31
50131615,CAJA SURTIDA 18 SOBRES 21.6 GRAMOS,18,154.31
50134908,RUBOR LIQUIDO DUSTY MAUVE BC,18,154.31
50134909,RUBOR LIQUIDO MAUVELOUS BC,18,154.31
50134874,MAQUILLAJE LIQUIDO AVENA BISSU,18,154.31
50136204,TARRO IRIDISCENTE SNOOPY 530 ML,18,154.31
50134873,MAQUILLAJE LIQUIDO PINON BISSU,18,154.31
50136205,TARRO IRIDISCENTE RUGRATS 530 ML,18,154.31
50136206,TARRO 3D JACK 490 ML,18,154.31
50138232,CALCULADORA PORTATIL SL-310YC-BK NEGRA,2,162.93
50138235,CALCULADORA PORTATIL SL-310YC-LP ROSA,2,162.93
50138233,CALCULADORA PORTATIL SL-310YC-NY MARINO,2,162.93
50066347,ARCHIVERO EXPA 13D TC C/LIGA N,3,162.93
50135289,AGENDA DIARIA LINE MARRON 26,4,162.93
50135449,AGENDA POCKET SPRING 26,4,162.93
50074131,PROTECTOR HJAS USORUDO OMX 50P,4,162.93
50135515,CALENDARIO SOBREM A5 MOUNTAINS 26,5,162.93
50120487,BLOC DE NOTAS SEM Y ALFOMBRILLA DE RATON,5,162.93
50072928,CINTA EMP OMX TRANS 48X150 2PZS,7,162.93
50072927,CINTA EMP OMX CANELA 48X150 2PIEZAS,7,162.93
50101975,ETIQUETA ADHERIBLE BLANCA,7,162.93
50136557,PORTARET METAL 5X7 NEGRO,8,162.93
50134533,CAJA 68LTS GRIS CON TAPA,8,162.93
50137451,PORTARET METAL 6X8 NEGRO LB00510,8,162.93
50130827,REVISTERO DE MALLA,8,162.93
50092739,PORTARRETRATO 4X6 MOLDURA 4,8,162.93
50133410,ORGANIZADOR NEXTEP 5 SECCIONES,8,162.93
50134534,CAJA 68LTS AZUL CON TAPA,8,162.93
50137457,PRETRAT PT MATE ODLDO 4X6MOD SF10909,8,162.93
50062204,CHAROLA 2 PIEZAS NEGRO MAPED,8,162.93
50125364,CAJA PLEGABLE AZUL 41X30X14.5 CM,8,162.93
50090630,NOTAS POST-IT SS 2X2 3BL,9,162.93
50062048,SET ENGRAPADORA OMX M/T,9,162.93
50134028,LAPICES DE COLORES INSPIRARTE MOOV 40PZ,10,162.93
50135075,BLOCK DE NOTAS 120H H DISENO SNOOPY,10,162.93
50139166,COLORES CLICKS 12 PZ,10,162.93
50078211,CUADERNO BOOK RY 160H KIUT,10,162.93
50085492,BOLIGRAFO GEL BORR RTR P/F 3PZ,10,162.93
50125254,LIBRETA DE RAYAS 150HJ CON 3 SEPARADORES,10,162.93
50131261,MARCADOR SHARPIE TANK AZUL CJX12,10,162.93
50032962,PLUMONES LAVABLES CRAYOLA 20P,10,162.93
50107691,MARCADORES PERMANENTES 8PZ,10,162.93
50113638,LAPICERA CUTE KIDS PURPURA,10,162.93
50015544,COLORES CRAYOLA 24 PIEZAS,10,162.93
50014896,RESALTADOR AMARILLO VISION PLUS 12PZAS,10,162.93
50123469,PINCEL SINT DORADO RODART MIXTO 10 PZ,11,162.93
50116768,PIZARRON STUK PLANEADOR SEMAN.,11,162.93
50128444,CANDADO TSA COMBINACION NEGRO 3 DIG 30MM,12,162.93
50116002,MEMORIA USB STYLOS 64GB PL3,14,162.93
50119442,MEMORIAUSB 64GB VERBATIM,14,162.93
50128837,BST IN SHOW MAGNETIC BOOKMARKS,17,162.93
50129706,BBS BAL TY CAESAR LEON,18,162.93
50134876,MAQUILLAJE LIQUIDO VAINILLA BISSU,18,162.93
50025464,PILA C ENERGIZER MAX C/2,18,162.93
50134875,MAQUILLAJE LIQUIDO AMARETTO BISSU,18,162.93
50025463,PILA D ENERGIZER MAX C/2,18,162.93
50131684,BODY SPLASH 100ML Y GLOSS 8ML STITCH SAC,18,162.93
50137078,ACEITE ESENCIAL LAVANDA ROLL ON 3ML,18,162.93
50137080,ACEITE ESENCIAL ANXIETY FEAR ROLL ON 3ML,18,162.93
50025471,PILA 9V ENERGIZER MAX C/1,18,162.93
50137081,ACEITE ESENCIAL EUCALIPTO ROLL ON 3ML,18,162.93
50103258,ARMADO DE LIBREROS,61,171.55
50125421,EXTENSION 51947 GE BLANCA 2.7M,2,171.55
50138613,AUDIFONOS BLUETOOTH MOBO,2,171.55
50131510,CABLE 4 EN 2 100 W,2,171.55
50125168,ARCHIVO EXPANDIBLE 13DIV PLATA AZUL STUK,3,171.55
50135290,AGENDA DIARIA LINE NEGRO 26,4,171.55
50135682,AGENDA POCKET ESP BOHO 26,4,171.55
50135291,AGENDA DIARIA COPPA MAGENTA 26,4,171.55
50135512,CALENDARIO SOBREM A5 NUM COMPLETO 26,5,171.55
50135514,CALENDARIO SOBREM A5 FLORES 26,5,171.55
50106603,PAPEL XE AZ TO RESMA 500 HJAS,6,171.55
50123911,PAPEL FOTOGRAFICO 260G CARTA 20 HOJAS,6,171.55
50110018,"PELICULA STRETCH 18"" CAL.40",7,171.55
50135048,PORTARRETRATO METALICO 5X7 ORO,8,171.55
50063056,PORTA REVISTAS ACRILICO MOSTRA,8,171.55
50135049,PORTARRETRATO METALICO 5X7 NEGRO,8,171.55
50084266,REVISTERO MESH NEGRO OMX,8,171.55
50116709,PORTARRETRATO 4X6 METAL GOLD,8,171.55
50113286,REVISTERO METAL NEGRO,8,171.55
50109596,ORGANIZADOR MESH ESCRITORIO,8,171.55
50116707,PORTARRETRATO 5X7 ACRILICO/BAM,8,171.55
50135052,PORTARRETRATO METALICO 3D 5X7 ORO,8,171.55
50135053,PORTARRETRATO METALICO 3D 5X7 NEGRO,8,171.55
50109598,REVISTERO MESH PLATA OMX,8,171.55
50065896,SET ENGRAPADORA OMX T/C,9,171.55
50039620,CINTA SCOTCH MAGICA 24X65,9,171.55
50084164,PISTOLA P/ SILICON PREMIUM,9,171.55
50130583,KIT MASA CREATIVA ELMERS SNACK SHACK 9PZ,9,171.55
50092466,NOTAS POST-IT P-UP MIA 3X3 6P,9,171.55
50015961,PERFORADORA BARRILITO NG 2/O,9,171.55
50060449,LIBRETA POCKET NEGRA RY 96 H,10,171.55
50108063,CUAD. PROF. TURQUESA 120H RAYA,10,171.55
50116804,BOTELLA VIDRIO ECO FLORES,10,171.55
50130770,CUADERNO LISO 100 HOJAS RAMO BR BLOOM,10,171.55
50108135,CUADERNO STUK 200H C7 PASTA DURA CARTA,10,171.55
50131653,CUADERNO FRANCES 120H RAY HAPPYFLOW APLI,10,171.55
50120497,LAPICES DE COLORES VIVIDEL 24+3,10,171.55
50116034,CUADERNO PROF. EMOTIONS MENTA,10,171.55
50124881,CUADERNO PROF 120 H EMOTION ROSA MR,10,171.55
50117888,MARCATEXTOS BORR FRIX PASTEL 5,10,171.55
50070186,BLOCK ENGOMADO. PAPEL BOND DE 56G/M2. 50,10,171.55
50044125,CUADERNO FRAN KIUT RY 5MA 160H,10,171.55
50128223,CUADERNO A4 120 CLA 90G EMOTIONS AZUL,10,171.55
50133126,BOSS ORIGINAL NATURE C 6 MARCATEXTOS,10,171.55
50025318,LIBRETA COLLE RY 200H UNIVERS,10,171.55
50113568,CUADERNO PROF EMOTIONS GRIS,10,171.55
50127143,MARCADOR SHARPIE ACRILICO PUNTA BALA 5PZ,10,171.55
50136671,CUADERNO STITCH CON SEPARADORES,10,171.55
50060452,LIBRETA POCKET COLOR RY 96,10,171.55
50107354,"CUADERNO PROF, NAVY MR 120H",10,171.55
50047102,CUADERNO FRAN RY 160H FERRA 5M,10,171.55
50108060,CUAD. PROF. TURQUESA 120H CUAD,10,171.55
50108133,CUADERNO STUK 200H RAYA,10,171.55
50113572,CUADERNO PROF ECOFLOWERS,10,171.55
50108062,CUADERNO PROF. RED 120H,10,171.55
50131656,CUADERNO PROF 120H EMOTIONS LAV APLI,10,171.55
50103769,MARCADOR SIGNAL XTRA ROJO 12 P,10,171.55
50125339,LAPICERA STUK DISENO LAPIZ,10,171.55
50128367,PLUMONES SUPER TIPS PASTEL 20 PZAS,10,171.55
50093581,PLUMONES CRAYOLA GLITTER 8 PZS,10,171.55
50108059,CUADERNO PROF. RED MR 120H,10,171.55
50116799,PLUMONES DUAL BRUSH 24 PIEZAS,10,171.55
50128222,CUADERNO A4 120 90G EMOTIONS ROSA,10,171.55
50134598,LAPICERA CHILLIN CAPIBARA,10,171.55
50128224,CUADERNO A4 120 80H 90G EMOTIONS LAVANDA,10,171.55
50079939,COLORES PEPS 36 PZAS,10,171.55
50136608,SET ESCOLAR CRAYOLA 25PZ,10,171.55
50131822,PAPER COL DOB Y UNI PUN 36 COL 24 PZS,10,171.55
50093415,COLORES BIC BICOLOR 24 PZAS,10,171.55
50136699,LAPICERA BLANCA STITCH,10,171.55
50125247,BOTELLA STUK DE AGUA 950ML ROSA,10,171.55
50131651,CUADERNO FRANCES 120H RAY WAKE UP APLI,10,171.55
50108134,CUADERNO STUK 200H C5,10,171.55
50124882,CUADERNO PROF 120 H EMOTION AZC MR,10,171.55
50116036,CUDERNO PROF. EMOTIONS GRIS,10,171.55
50131831,MARC PERMANENTE SHARPIE TANK NEG 12PZ,10,171.55
50108061,CUADERNO PROF. NAVY 120H,10,171.55
50120285,CUADERNO PROFESIONAL 120H EMOTIONS MENTA,10,171.55
50123421,ESTUCHE CON 12 PINTURAS PARA OLEO DE 12M,11,171.55
50138607,POKEMON HYPERBALL NEGRA,11,171.55
50123425,ESTUCHE CON 12 PINTS PARA ACUAR DE 12ML,11,171.55
50128666,PORTAFOLIO MEDIANO NEGRO,11,171.55
50138602,PORTALAPICES POKEMON 54P,11,171.55
50123396,ESTUCHE CON 12 PINS PARA ACRILICO DE12ML,11,171.55
50133720,BAST EST T-306 35X45,11,171.55
50103662,ENSAMBLE CUENTAS 300 G,11,171.55
50134539,DIAMOND KIT,11,171.55
50125263,SET PINCELES 25 PZAS STUK,11,171.55
50088338,ROLLO DE CORCHO 40X60 ALFRA,11,171.55
50087553,BOLSA FIGURAS ARMABLES EDUCACT,11,171.55
50094252,PINTARRON AGENDA MENSUAL 30X40,11,171.55
50129908,SET FANTASTICO PAW PATROL,11,171.55
50129747,DISNEY D MIC 58837 YLW,12,171.55
50136713,LENTES DISNEY CARS DNY 25 156 RED?,12,171.55
50136714,LENTES DISNEY MINNIE DNY 25 159 WHT,12,171.55
50139082,CABLE CANDADO 15 X 900MM CON BRAC,12,171.55
50136715,LENTES DISNEY FROZEN DFRZ 18 01 450,12,171.55
50131626,MEMORIA USB KINGSTON 64GB MM,14,171.55
50138048,KIT LIMPIADOR CON MICROFIBRA 150ML,14,171.55
50129016,MOUSE PAD BOYE ECOLOGICA NEGRO,14,171.55
50127082,MOUSE GAMER BLANCO ALAMBRICO RGB XZEAL,14,171.55
50131625,MEMORIA USB KINGSTON 64GB MR,14,171.55
50136690,MOUSEPAD ERGONOMICO STITCH,14,171.55
50131628,MEMORIA USB KINGSTON 64GB MV,14,171.55
50138387,MEMORIA FLASH USB TOUGHMAX 64 GB,14,171.55
50131461,MOUSE PAD BOYE VD,14,171.55
50131627,MEMORIA USB KINGSTON 64GB MA,14,171.55
50088773,MICRO SD ADATA 32GB C10,14,171.55
50131854,JGO DE 2 TARROS C CUCHARA STICH Y ANGEL,18,171.55
50134910,ACEITE DE LABIOS TINTA BRILLO LUXE PINK,18,171.55
50137984,JGO 2 TARROS CERMICA CUCHARA NIGHTMAR,18,171.55
50137709,BBS REG TY SPIRIT PERRO CAFE,18,171.55
50134284,ASSORTMENT TY REGULAR,18,171.55
50137710,BBS REG TY TURBO TORTUGA,18,171.55
50134912,ACEITE DE LABIOS TINTA LUXE RED,18,171.55
50135342,PELUCHE TY REGULAR PIEZA,18,171.55
50134911,ACEITE DE LABIOS TINTA BRILLO LUXE SUGAR,18,171.55
50137707,BBS REG TY REAGAN GATO MORADO,18,171.55
50132300,PULSERA LILO Y STITCH PURPURA DISNEY,18,171.55
50124966,CHAMPAGNE POPPER 30 CM,18,171.55
50137708,BBS REG TY SLUSH HUSKY MANU,18,171.55
50137711,BBS REG TY BUCKLEY VENADO,18,171.55
50137985,MACETA CERAMICA STITCH,18,171.55
50125697,CARGA DE HELIO JUMBO 50 A 56 IN,18,171.55
50137706,BBS REG TY EVA ELEFANTE MORADO,18,171.55
50102450,PILA ENERGIZER MAX PLUS AABP4,18,171.55
50084106,PLAY. T/POLO CAB. G/NEA,50,171.55
50084103,PLAY. T/POLO CAB. G/BCA,50,171.55
50084101,PLAY. T/POLO CAB. M/ BCA,50,171.55
50084098,PLAY. T POLO DAMA G/NEGRA,50,171.55
50084104,PLAY. T/POLO CAB. M/NEA,50,171.55
50099682,SUPRESOR KOBLENZ SS-460J,2,188.79
50066250,ARCHIVERO EXP T/C 13DIV CLRS,3,188.79
50076882,ETIQUETA OMX BLANCA CARTA 50PZ,3,188.79
50116769,FOLDER PLASTICO OMX,3,188.79
50076359,MICA EXTRARIGIDA CARTA OMX 15P,4,188.79
50100598,MICA RIGIDA OFICIO,4,188.79
50137577,PAPEL CARBON TC NG C/100,6,188.79
50014835,PAPEL CARBON T/C NG C/100,6,188.79
50136550,MARCO QUADRUM PLATEADO 4X6,8,188.79
50022631,LAPIZ ADHESIVO PRITT 22GR 6PZ,9,188.79
50074704,CUADERNO PRO POLICOVER C5 200H,10,188.79
50089130,MARCADOR EXPO COLOR SURT T8,10,188.79
50069404,MARCADOR PERM OMX NG 12P,10,188.79
50074705,CUADERNO PRO POLICOVER C7 200H,10,188.79
50131837,MARC SHARPIE ACRYLICS 5CT 0.8MM,10,188.79
50131859,TERMO DOBLE PARED STITCH 500 ML,10,188.79
50131838,MARC SHARPIE ACRYLICS EARTH 5CT,10,188.79
50124883,CUADERNO PROF 120 H ECOLINES RAY,10,188.79
50131860,TERMO DOBLE PARED KUROMI 500 ML,10,188.79
50135079,SET BOLIGRAFOS PUNTOFINO NGR 3PZ SNOOPY,10,188.79
50040903,ROLLO ADHE TRAN 45CMX20M VINIL,10,188.79
50093320,COLORES FANTASY DOBLE PUNTA,10,188.79
50127241,LAPICERA URBANIA AZUL,10,188.79
50074701,CUADERNO PRO POLICOVER RY 200H,10,188.79
50116397,SET FANTASTICO SONIC,11,188.79
50123226,SIMPLY OIL 6X12ML SET,11,188.79
50128665,PORTAFOLIO GRANDE NEGRO,11,188.79
50134424,ROMPECABEZAS PREHISTORICOS 3X49 PC,11,188.79
50123090,SET FANTASTICO HELLO KITTY,11,188.79
50135787,SET FANT MINECRAFT 8 PZS,11,188.79
50013418,ESTILOGRAFO SILCO COLLEGE 0.30,11,188.79
50123227,SIMPLY WATERCOLOUR 6X12ML SET,11,188.79
50017599,PAPEL FOAMBOARD 51X76CM BLCO,11,188.79
50128743,CLASICOS DE DISNEY 100 PIEZAS,11,188.79
50129906,SET FANTASTICO CINNAMOROLL,11,188.79
50128747,ROMPECABEZAS SPIDER-MAN 3X49,11,188.79
50128291,SET FANTASTICO KUROMI,11,188.79
50123224,SIMPLY ACRYLIC 6X12ML SET,11,188.79
50128745,ROMPECABEZAS PAW PATROL 3X49,11,188.79
50128744,ROMPECABEZAS THE MANDALORIAN 3X49,11,188.79
50125885,STICKERS BOOK KIUT,11,188.79
50120310,SET FANTASTICO DIARIO ONIX,11,188.79
50120308,SET FANTASTICO DIARIO STICH,11,188.79
50128292,SET FANTASTICO MY MELODY,11,188.79
50134420,ROMPECABEZAS POKEMON 100 PC,11,188.79
50135789,SET FANT DOLLHOUSE 8 PZS,11,188.79
50101819,BLOCK MULTITECNICA A4 20H,11,188.79
50135788,SET FANTAS BLUEY 8 PZS,11,188.79
50116365,LENTES LEC FGE PAS PRP 350,12,188.79
50112852,FGV PR-P12849 LILAC PAS PRP,12,188.79
50112853,FGV NFG0468 MIRA PAS BLU+1.00,12,188.79
50112836,FGV PR151024 AIDEN PAS CAFE 25,12,188.79
50112850,FGV PR-P12849 LILAC PAS PRP 2,12,188.79
50119467,TECLADO INALAMBRICO NEGRO STYLOS,14,188.79
50131637,TECLADO ALAMBRICO TECHZONE OVAL ROSA,14,188.79
50131635,TECLADO ALAMBRICO TECHZONE OVAL NEGRO,14,188.79
50090946,BOTELLA BROTHER BT5001M MAGENT,15,188.79
50131246,BOTELLA BROTHER BTD100Y AMARILLO,15,188.79
50131244,BOTELLA BROTHER BTD100C CYAN,15,188.79
50090945,BOTELLA BROTHER BT5001C CYAN,15,188.79
50131243,BOTELLA BROTHER BTD100BK NEGRO,15,188.79
50090947,BOTELLA BROTHER BT5001Y AMARI,15,188.79
50131245,BOTELLA BROTHER BTD100M MAGENTA,15,188.79
50096347,BOTELLA BROTHER BTD-60BK NEGRO,15,188.79
50103257,ARMADO ESCRITORIO|||,61,197.41
50092681,CALCU CELICA ESCR CA-351A,2,197.41
50125420,EXTENSION CORDINATE 39984 2.4M NGR/BLNCO,2,197.41
50024071,CINTA BROTHER P/ROT 12MM BC/NE,2,197.41
50125419,EXTENSION CORDINATE 2.4M MENTA/BLNCO,2,197.41
50061424,FOLDER PENDAFLEX TC NARNJA 50P,3,197.41
50039431,CARPETA VENTANA D 4 BCA SAMS,4,197.41
50039432,"CARPETA VENTANA D 4"" NGRA SAMS",4,197.41
50135390,AGENDA PLANNER NAPOLI M7 26,4,197.41
50044497,"CARPETA VENTANA 2"" BLANCA OMX",4,197.41
50122512,AGENDA FORTEC EJECUTIVA DENIM GRIS,4,197.41
50134683,KIT PLANEADORES MAGNETICOS 3P,5,197.41
50063368,ROLLO TERMICO OMX 57X45 10PK,6,197.41
50121600,CINTA PARA DUCTOS 3M NGO 48MMX18.2M,7,197.41
50121601,CINTA ADHESIVA 3M PARA DUCTO BCO 48X18.2,7,197.41
50121602,CINTA ADHESIVA 3M P/ DUCTO AMARI 48X18.2,7,197.41
50112746,PORTA DIPLOMA 21.5X28 CHOCOLAT,8,197.41
50135905,CAJA DE PLASTICO CON TAPA DE BAMBU CH,8,197.41
50137453,PORTARET METAL 8X10 NEGRO LB00512,8,197.41
50137458,PRETRA PT MATE ODLDO 5X7MOD SF10911,8,197.41
50112745,PORTA DIPLOMA 21.5X28 NEGRO,8,197.41
50109858,PORTARRETRATO 5X7 MOLDURA 38,8,197.41
50127223,LAPICERA ECCENTRIK DONKEY,10,197.41
50041345,LAPICERO TECHNICK .5MM 4P PENT,10,197.41
50132535,LAPICERA BOB ESPONJA AMARILLO YADATEX,10,197.41
50137242,CUADERNO PROFESIONAL 200HCHICO LOVE,10,197.41
50132423,LAPICERA BARBIE ROSA YADATEX,10,197.41
50132526,LAPICERA BARBIE ROSA BRILLOS YADATEX,10,197.41
50088178,CUADERNO EJE MED RY 100H DAILY,10,197.41
50131663,CUADERNO PROF 120H RAY ECO NEGRO APLI,10,197.41
50096717,COLORES EVOLUTION CAJILLA 36PZ,10,197.41
50131664,CUADERNO PROF 120H RAY ECO CRAFT APLI,10,197.41
50132511,LAPICERA PUSHEEN ROSA GATO YADATEX,10,197.41
50131814,BOLI PAPER INKJOY GEL METAL 0.8MM,10,197.41
50015412,COLORES PRISMACOLOR SCOLAR 24P,10,197.41
50132501,LAPICERA DBSUPER 3 PERSONJ YADATEX,10,197.41
50096839,COLORES DUALES CRAYOLA 24 PZ,10,197.41
50127221,LAPICERA ECCENTRIK DONKEY,10,197.41
50124888,CUADERNO A4 120 H RAY RECICLADO MR,10,197.41
50125323,LAPICERO GEL COLORS 4 PZAS,10,197.41
50137947,TERMO AZ DOBLE PARED 600ML,10,197.41
50124884,CUADERNO A5 120 H RECICLADO CUA,10,197.41
50132516,LAPICERA BOB ESPONJA Y PATR YADATEX,10,197.41
50138597,PRINCESAS DE DISNEY 100P,11,197.41
50138601,DA VINCI LA GIOCONDA 300P,11,197.41
50125956,CABALLETE ATRIL 30 CM ARTRIL,11,197.41
50138596,SPIDER-MAN 100P,11,197.41
50133721,BAST EST T-306 40X50,11,197.41
50138524,MEMORIAUSB ADATA FLASH C906 64 GB AZUL,14,197.41
50138525,MEMORIAUSB ADATA FLASH C906 64 GB BLANCO,14,197.41
50138523,MEMORIAUSB ADATA FLASH C906 64 GB ROSA,14,197.41
50138382,MEMORIA FLASH USB PINSTRIPE 128 GB NGRO,14,197.41
50138522,MEMORIAUSB ADATA FLASH C906 64 GB NEGRO,14,197.41
50099712,TINTA IMPRESION EPSON T544 AMARILLO,15,197.41
50096565,TINTA PARA IMPRESION EPSON T504 M,15,197.41
50070173,TINTA IMPRESORA EPSON L575 NGO,15,197.41
50104152,BOTELLA HP GT53 TINTA NEGRA,15,197.41
50070174,TINTA IMPRESORA EPSON L575 CYAN,15,197.41
50092884,BOTELLA HP GT52 AMARILLA,15,197.41
50096557,TINTA PARA IMPRESION EPSON T504 C,15,197.41
50070175,TINTA IMPRESORA EPSON L575 MGTA,15,197.41
50096567,TINTA PARA IMPRESION EPSON T504 A,15,197.41
50070176,TINTA IMPRESORA EPSON L575 AMA,15,197.41
50099709,TINTA IMPRESION EPSON T544 NEGRO,15,197.41
50092883,BOTELLA HP GT52 MAGENTA,15,197.41
50099710,TINTA IMPRESION EPSON T544 CYAN,15,197.41
50099711,TINTA IMPRESION EPSON T544 MAGENTA,15,197.41
50092882,BOTELLA HP GT52 CYAN,15,197.41
50065840,PILA AA RECARGABLE ECO 4P OMX,18,197.41
50138735,PELUCHE DANGLER MAGIA 4 IN ONIX,18,197.41
50137712,BBS REG TY BLUEY LICENCIA,18,197.41
50132301,ARETES DE LILO Y STITCH 3 PARES DISNEY,18,197.41
50138742,PELUCHE DANGLER CREEPER 4 IN MINECRAFT,18,197.41
50138737,PELUCHE DANGLER SNOOPY 4IN PEANUTS,18,197.41
50137713,BBS REG TY BINGO LICENCIA,18,197.41
50138733,PELUCHE DANGLER HELLO KITTY 4 IN SANRIO,18,197.41
50138740,PELUCHE DANGLER JURASSIC4 IN 4 IN UNIV,18,197.41
50091075,GARANTIA ELECTRO 3001-4000 12M,62,214.66
50090997,RMUEBLES 2001-3000 12 MESES,62,214.66
50040889,ARCHIVO EXPAND TC 12DIV NEGRO,3,214.66
50134481,AGENDA CLASICA PAROS VERDE 26,4,214.66
50115706,AGENDA STUK,4,214.66
50134487,AGENDA CLASICA INDIA AZUL 26,4,214.66
50135545,AGENDA ACTIVA S/V BADEN 26,4,214.66
50134488,AGENDA CLASICA INDIA BEIGE 26,4,214.66
50087312,CARPETA EJECUTIVA TIPO PIEL,4,214.66
50061580,PROTECTOR HOJAS OMX 200H BRILL,4,214.66
50134490,AGENDA CLASICA NATURE BURGUNDY 26,4,214.66
50134477,AGENDA CLASICA CARIBE CAFE 26,4,214.66
50135549,AGENDA JOURNAL S/V HOUSES 26,4,214.66
50134486,AGENDA CLASICA INDIA NARANJA 26,4,214.66
50134492,AGENDA CLASICA NATURE GRIS 26,4,214.66
50134480,AGENDA CLASICA PAROS GRIS 26,4,214.66
50134482,AGENDA CLASICA ONTARIO GRIS 26,4,214.66
50134489,AGENDA CLASICA INDIA CAFE 26,4,214.66
50134491,AGENDA CLASICA NATURE CAFE 26,4,214.66
50134483,AGENDA CLASICA ONTARIO NEGRO 26,4,214.66
50134479,AGENDA CLASICA PAROS CAFE 26,4,214.66
50134485,AGENDA CLASICA ONTARIO TURQUESA 26,4,214.66
50134476,AGENDA CLASICA CARIBE NEGRO 26,4,214.66
50134475,AGENDA CLASICA CARIBE AZUL 26,4,214.66
50135397,CALENDARIO STITCH PIJAMADA 26,5,214.66
50135395,CALENDARIO CIUDADES DE ENSUENO 26,5,214.66
50104235,CAJA PLASTICA 36L TRANSPARENTE,8,214.66
50137221,ORGANIZADOR STUK 6 DIVISIONES NGRO MESH,8,214.66
50092640,PORTARRETRATO 6X8 MOLDURA 4,8,214.66
50136979,CAJA 8 GAL 30LTS CTAPA TRASLUCIDA,8,214.66
50093582,PLUMONES CRAYOLA METALICOS 8PZ,10,214.66
50125341,LONCHERA ECO STUK GRIS,10,214.66
50051831,CUADERNO PROF MIX 200HJBOOKR5M,10,214.66
50131750,LAPICERA FLORES DOS CIERRES,10,214.66
50117744,LIBRETA EJEC BARI AZUL RAY 80H,10,214.66
50074526,LIBRETA NOTES BEATLES 9X14CM,10,214.66
50076020,CUADERNO PROF EDO UNIV C7 100H,10,214.66
50080249,CUADERNO PROF PD C5 100H EXCEL,10,214.66
50047104,CUADERNO PROF C7 200H JBOOK 5M,10,214.66
50125610,CUADERNO PROF KIUT C7 200H 5M,10,214.66
50131007,LAPICERA TERCIOPELO,10,214.66
50076019,CUADERNO PROF EXCELL RY 100H,10,214.66
50105022,LAPICES COLORES 48 PZ STUK,10,214.66
50125621,CUADERNO KIUT FOREVER,10,214.66
50130772,LAPICERA TERCIOPELO AZUL BRITISH BLOOM,10,214.66
50041624,CUADERNO PROF RY 200H JBOOK 5M,10,214.66
50131862,TERMO DOBLE PARED STITCH 500 ML,10,214.66
50047103,CUADERNO PROF C5 200H JBOOK 5M,10,214.66
50127159,CUADERNO CLASIC HOJAS NEGRAS C/60 HOJAS,10,214.66
50134117,LAPICERA DE PELUCHE CAPIBARA,10,214.66
50015364,MARCADOR ACUACOLOR EST C/12,10,214.66
50064469,BOLIGRAFO MED NEGRO 50 PZAS,10,214.66
50117743,LIBRETA EJEC BARI GRIS RAY 80H,10,214.66
50071242,CUADERNO PROF KIUT 200H 5MM R,10,214.66
50132611,LAPICERA DONKEY MENTA FOTORAMA,10,214.66
50131751,LAPICERA TURQUESA DOS CIERRES,10,214.66
50132055,LAPICERA GRIS TRIK 2 TOTTO,10,214.66
50048457,CUADERNO PROF RY 200H JBOOK RE,10,214.66
50121564,PINTURA ACRILICA NEON Y GLOW,11,214.66
50029681,PINTURA CARTEL ESTUCHE C/12,11,214.66
50138608,DISNEY VINTAGE MOVIE 1000P,11,214.66
50113739,ACUARELA ARTS COLORES 15 PZ,11,214.66
50123436,PASTA FRANCESA 1 KG PORCELANA FLEX,11,214.66
50123428,SET DE ARQUITECTURA C 3 ESTILO PIGMA,11,214.66
50123432,CAJA RODART C 36 LAPIZ,11,214.66
50138376,SET FANTASTICO KUROMI,11,214.66
50138043,BOTE DE BASURA CON PEDAL 20 LT NEGRO,12,214.66
50137324,PILAS ECOLOGICAS EKO AA 4 PILAS,18,214.66
50132298,ARETES STITCH HOJA Y FLOR DISNEY 3 PAR,18,214.66
50138744,FLEXORS FIG ITALIAN BRAINROT 6 IN ASST,18,214.66
50137325,PILAS ECOLOGICAS EKO AAA 4 PILAS,18,214.66
50137979,JERARQUIA DE ARTICULO INCORRECTA,18,214.66
50134976,MAQUILLAJE COMPACTO 3 BC,18,214.66
50134977,MAQUILLAJE COMPACTO 7 BC,18,214.66
50113459,TARJETAS PVC 2 CARAS BN PAQ 10,50,214.66
50067074,LONA BANNER 90X50 CM,50,214.66
50024735,CINTA BROTHER P/ROT 12MM NE/TR,2,249.14
50011877,ARMAZON PENDAFLEX DUAL DE LUJO,3,249.14
50131756,CARPETA CBI EJECUTIVA VINTAGE AZUL,4,249.14
50131757,CARPETA CBI EJECUTIVA SOBRE NEGRO,4,249.14
50131758,CARPETA CBI EJECUTIVA BASICA NEGRA,4,249.14
50093757,PADFOLIO NEBRASKA CONVEN PZA,4,249.14
50135465,CALENDARIO FLORAL 26,5,249.14
50084628,LIBRO REGISTRO VISITAS 96H,5,249.14
50135466,CALENDARIO BOHO 26,5,249.14
50135398,CALENDARIO GRANDES MONUMENTOS 26,5,249.14
50055456,PAPEL MNSTER BLNCO TC 50H 200G,6,249.14
50055457,PAPEL MNSTER MARFL TC 50H 200G,6,249.14
50016492,PAPEL XE RJ DC CAJA CON 2500 HOJAS,6,249.14
50013689,ADHESIVO SCOTCH SPRAYMOUNT 290,9,249.14
50131829,BOLI SHARPIE S-GEL FASH COLORES 0.7MM,10,249.14
50088214,CUADERNO PROF UNICAMPUS RY 120,10,249.14
50067497,MINI PLUMIN PEN 68 C/12,10,249.14
50131821,PAPER COL DOB Y UNI PUN 48 COL 36 PZS,10,249.14
50131741,LAPICERA JOYSTICK RACER,10,249.14
50131742,LAPICERA LOCK GATOS,10,249.14
50131919,LAPICERA CARS PITS ROJA RUZ,10,249.14
50085011,LAPICES COLORES COLORPEPS 48PZ,10,249.14
50131830,BOLI SHARPIE S-GEL RICH DARK 0.7MM,10,249.14
50131743,LAPICERA LOCK RETRO GAMER,10,249.14
50088213,CUADERNO PROF UNICAMPUS C7 120,10,249.14
50093693,CUADERNO PROF UNICA MET RY 120,10,249.14
50132514,LAPICERA AMONG US PERSONAJE YADATEX,10,249.14
50096165,BASTIDOR PROF TD 2 CARAS 40X60,11,249.14
50133722,BAST EST T-306 40 X 60,11,249.14
50087412,SET PINCELES N7 PLANOS 4PZS,11,249.14
50127106,ROMPECABEZAS ANIMALES MUNDO 300 PZAS,11,249.14
50134542,KIT SENSORIAL ESPACIO,11,249.14
50123242,LIBRO DE DIBUJO ONE COSIDO 98 HJS102X152,11,249.14
50123266,BASTIDORA SIMPLY 11X14 C2PZAS 28X35CM,11,249.14
50134540,KIT SENSORIAL PRINCESA,11,249.14
50123426,JGO 3 PINCELES DE AGUA ATL,11,249.14
50134541,KIT SENSORIAL GRANJA,11,249.14
50123271,BASTIDOR SIMPLY PANEL DALER ROWNEY3 PZ,11,249.14
50134426,ROMPECABEZAS MINECRAFT 300 PC,11,249.14
50101865,LAPICES GRAFITO FINE ART 6PZS,11,249.14
50136746,LENTES LECT. EFG PAYTON PH NVY 150,12,249.14
50136745,LENTES LECT. EFG PAYTON PH NVY 100,12,249.14
50136737,LENTES LECT. EFG FGLR2016 WIN 300,12,249.14
50136741,LENTES LECT. EFG PETER BRN 200,12,249.14
50136754,LENTES LECT. EFG VLR 24 611 WIN 250,12,249.14
50136735,LENTES LECT. EFG FGLR2016 WIN 200,12,249.14
50136747,LENTES LECT. EFG PAYTON PH NVY 200,12,249.14
50136753,LENTES LECT. EFG VLR 24 611 WIN 200,12,249.14
50136736,LENTES LECT. EFG FGLR2016 WIN 250,12,249.14
50136740,LENTES LECT. EFG PETER BRN 150,12,249.14
50136755,LENTES LECT. EFG VLR 24 611 WIN 300,12,249.14
50136749,LENTES LECT. EFG PAYTON PH NVY 300,12,249.14
50136733,LENTES LECT. EFG FGLR2016 WIN 100,12,249.14
50136738,LENTES LECT. EFG FGLR2016 WIN 350,12,249.14
50136744,LENTES LECT. EFG PETER BRN 350,12,249.14
50136756,LENTES LECT. EFG VLR 24 611 WIN 350,12,249.14
50136734,LENTES LECT. EFG FGLR2016 WIN 150,12,249.14
50136739,LENTES LECT. EFG PETER BRN 100,12,249.14
50136752,LENTES LECT. EFG VLR 24 611 WIN 150,12,249.14
50136742,LENTES LECT. EFG PETER BRN 250,12,249.14
50136748,LENTES LECT. EFG PAYTON PH NVY 250,12,249.14
50136750,LENTES LECT. EFG PAYTON PH NVY 350,12,249.14
50101704,CABLE DE RED GE 25FT/7.6MTS,14,249.14
50130005,COJIN DECORATIVO NEGRO 50X30,1,257.76
50137275,HUB 4 PUERTOS USB-A 3.0 TYPE-C,2,257.76
50138231,CALCULADORA ESCRITORIO MS-20YC-LG VERDE,2,257.76
50138224,CALCULADORA ESCRITORIO MS-20YC-LP ROSA,2,257.76
50138229,CALCULADORA ESCRITORIO MS-20YC-CL CORAL,2,257.76
50132383,AUDIFONOS INALAM PURE STF NEGRO,2,257.76
50138223,CALCULADORA ESCRITORIO MS-20YC-LB AZUL,2,257.76
50093278,SUPRESOR PICOS KOBLENZ SS-550,2,257.76
50138226,CALCULADORA ESCRITORIO MS-20YC-NY MARINO,2,257.76
50132384,AUDIFONOS INALAM PURE STF ROSA,2,257.76
50138225,CALCULADORA ESCRITORIO MS-20YC-RD ROJO,2,257.76
50138222,CALCULADORA ESCRITORIO MS-20YC-BK NEGRA,2,257.76
50083762,ETIQUETA CARTA NATURAL 50P,3,257.76
50019489,ETIQUETA LSR BCA 1 3/4X1/2,3,257.76
50049770,ETIQUETA CARTA BLANCA 50P,3,257.76
50061382,ETIQUETA LSR BCA 2X4 PQTE 250P,3,257.76
50131226,PLANEADOR GRIS MINDFULNESS,4,257.76
50135127,AGENDA DIARIA ETTA VEE MOSAICOS 26,4,257.76
50135391,AGENDA BASI FRASES MAGICAS 26,4,257.76
50135303,PLAYO CAL 60 18PULG X 335M RIU,7,257.76
50073095,ORGANIZADOR MESH NEGRO GIRATORIO,8,257.76
50135909,CAJA DE PLASTICO TRANS 30L CON RUEDAS,8,257.76
50108299,CAJA PLASTICA 30L TRANSPARENTE,8,257.76
50084275,CHAROLA 3 NIVELES MESH NRO OMX,8,257.76
50135907,CONTENEDOR DE PLASTICO CON 3 DIVISIONES,8,257.76
50136981,CAJA 53LTS CTAPA TRASLUCIDA,8,257.76
50136982,CAJA 21 GAL 79LTS CTAPA TRASLUCIDA,8,257.76
50094406,PORTA DIPLOMA 21.5X28 MOLD 4,8,257.76
50063057,PORTA REVISTAS 3 NIV ACRILICO,8,257.76
50137756,CANASTA RECTANGULAR/ASAS 55X36CM G.,8,257.76
50109601,CHAROLA 3 NIVELES MESH PLATA,8,257.76
50135054,PORTARRETRATOS 12 FOTOS 4X6 NEGRO,8,257.76
50118472,SLIME ELMERS GUE UNICORNIO 3PK,9,257.76
50036867,PERFORADORA BARRILITO 3/O,9,257.76
50033295,ENGRAPADORA PILOT CROM GOL T/C PZ,9,257.76
50132291,SAMSONITE ORYS CARBON BLUE ACCESSORIES,10,257.76
50092597,LIBRETA NOTAS VINTAGE FRANCES,10,257.76
50088176,CUADERNO PROFESIONAL NORMA NEGRO,10,257.76
50132292,SAMSONITE ORYS ASPHALT GREY ACCESSORIES,10,257.76
50127160,CUADERNO CLASIC COLORS HOJAS BLANCAS 60H,10,257.76
50136661,LAPICERA AZUL HOP 1818,10,257.76
50132294,SAMSONITE ORYS CRIMSON RED ACCESSORIES,10,257.76
50130611,LIBRETA THE HAPPY PLANNER FLORS COLO 80H,10,257.76
50054727,LIBRETA ENG DB COLLE RY 320H4,10,257.76
50125915,MARCADOR GRIP FINEN FAB CASTELL 20 PZAS,10,257.76
50132360,LAPICERA AZUL NGR CAMPBELL5XT XTREM,10,257.76
50136650,LAPICERA VERDE MILITAR ZLIP 1818,10,257.76
50132296,SAMSONITE ORYS OLD PINK ACCESSORIES,10,257.76
50125347,MARCADORES STUK DUAL TIP 36 YPZAS,10,257.76
50132359,LAPICERA ROMBOS NGR TRINITY5XT XTREM,10,257.76
50122835,LAPICERA TRIK ROSA,10,257.76
50130398,LAPICERA CHENSON GRIS HOP,10,257.76
50136649,LAPICERA NEGRA ZLIP 1818,10,257.76
50120479,CUADERNO CLASICO MAIL CALL,10,257.76
50119666,LAPICERA ESTUCHE COLOR NEGRO,10,257.76
50120480,CUADERNO CLASICO FUN FLEURS,10,257.76
50128901,CUADERNO CLASIC TRUST THE UNIVERSE 60HJS,10,257.76
50132362,LAPICERA LILA CAMPBELL 5XT XTREM,10,257.76
50092596,LIBRETA NOTAS MANDALAS DANPEX,10,257.76
50114070,MARCADORES LAVABLES KIUT X24,10,257.76
50127161,CUADERNO CLASIC PEGGY DEAN CON 60 HOJAS,10,257.76
50130397,LAPICERA CHENSON NEGRA HOP,10,257.76
50131648,LAPICERA WAKEUP ECO APLI CUADRUPLE,10,257.76
50132293,SAMSONITE ORYS ARMY GREEN ACCESSORIES,10,257.76
50097731,COLORES KIUT 24 PIEZAS,10,257.76
50132295,SAMSONITE ORYS LAVENDER PURPLE ACCESS,10,257.76
50115929,CUADERNO NOTEBOOK BOTANICALS,10,257.76
50132290,SAMSONITE ORYS BLACK ACCESSORIES,10,257.76
50132212,LAPICERA ROSA 2 COMPART ZILP 1818,10,257.76
50132214,LAPICERA LAVANDA 2 COMPART ZILP 1818,10,257.76
50120478,CUADERNO CLASICO REALING,10,257.76
50130997,LAPICERA OXFORD YOU MAKE A DIFFERENCE,10,257.76
50130612,LIBRETA THE HAPPY PLANNERFLORS RJ AZ 80H,10,257.76
50134995,LONCHERA PEANUTS AMRILLA CHARLIEBROWN,10,257.76
50138606,POKEMON ROUND 500P,11,257.76
50138604,MICKEY & FRIENDS 300P,11,257.76
50048037,BATA BLANCA TALLA CHICA,11,257.76
50087152,LAPIZ COLORES ARTIST C/12 STU,11,257.76
50138373,SPARKLY PLANNER HELLO KITTY 68 P,11,257.76
50036835,BATA BLANCA TALLA EXTRA GRANDE,11,257.76
50138292,GRANJA CUENTAS PARA ENHEBRAR,11,257.76
50101874,ALBUM MULTITECNICA A5 60H,11,257.76
50138610,MARVEL SPIDER-MAN 300P,11,257.76
50048038,BATA BLANCA TALLA MEDIANA .,11,257.76
50134124,PELUCHE CAPIBARA,11,257.76
50048039,BATA BLANCA TALLA GRANDE .,11,257.76
50108307,PORTAPLANOS SIGEL,11,257.76
50087147,CABALLETE ESTUDIANTE,11,257.76
50138374,SPARKLY PLANNER GABBYS DOLLHOUSE 68,11,257.76
50119844,LENTES FOG POP 23 02 TAN,12,257.76
50119845,LENTES FOG POP 23 197 EMB BLK,12,257.76
50133413,LAMPARA UV DETETCIRA DE BILLETES FALSOS,12,257.76
50133168,CAJA DE EFECTIVO DE 8IN NEGRA,12,257.76
50129800,MOUSE INALAMBRICO GRIS SILICON TECHZONE,14,257.76
50096433,MOUSE HP INALAMBRICO 200 ROJO,14,257.76
50113011,WIRELESS MOUSE HP 150 NEGRO,14,257.76
50137294,BASE ENFIRADORA 15 PULGADAS NEGRO,14,257.76
50137437,ANTIVIRUS BITDEFENDER PLUSÂ 1YR 1USR,14,257.76
50129411,MOUSE INALAMBRICO TRUST,14,257.76
50096556,TINTA PARA IMPRESION EPSON T504 N,15,257.76
50135762,TURIN TUBO CARAJILLO 180G,18,257.76
50137295,DISNEY DISNEY G STRETCH 6 IN ASST,18,257.76
50125868,PELUCHE SUPER MARIO SPINY SHELL MINI,18,257.76
50135763,TURIN TUBO CONEJOS MINI 200G,18,257.76
50135761,TURIN TUBO TEQUILA 1800 180G,18,257.76
50135760,TURIN TUBO BAILEYS FRESA NA 180G,18,257.76
50067077,POSTER BOARD 71X50 1.2MM,50,257.76
50111876,BASCULA DIGITAL PERSONAL ROYAL,2,300.86
50131511,BATERIA 5000 MAH,2,300.86
50138635,CABLE MOBO HYPER TIPO C A TIPO C 100W,2,300.86
50061439,FOLDER COLG PENFLEX TO VDE 25P,3,300.86
50058266,FOLDER COLG PENFLEX TO CLR 25P,3,300.86
50128316,50 CAJAS AUTOARMABLES 20X11X6,3,300.86
50011886,FOLDER COLG PENFLEX TO AZL 25P,3,300.86
50011888,FOLDER COLG PENFLEX TO RJO 25P,3,300.86
50027483,FOLDER COLG PENFLEX TO NJA 25P,3,300.86
50051646,CARPETA PROFESIONAL JEAN BOOK,4,300.86
50135159,AGENDA DE ESCRITORIO CARIBE MENTA 26,4,300.86
50033929,POLIZA CHEQUE 1/2OF 10B 50H OM,5,300.86
50063366,ROLLO AUTOCOPIA OMX 76X76 12PK,6,300.86
50137757,CANASTA CUADRADA/ASAS 41X32X41CM G.,8,300.86
50109692,SET DE OFICINA MESH PLATA 4PZ,8,300.86
50090628,CINTA SCOTCH MONTAJE INTERIOR,9,300.86
50113257,MOCHILA ECO BASICA GRIS,10,300.86
50131190,LAPICERA AZUL MARANON TOTTO,10,300.86
50131192,LAPICERA AZUL ZURICH 2.0 TOTTO,10,300.86
50132035,LAPICERA NEGRA KLASS TOTTO,10,300.86
50131746,LAPICERA LENT JOYSTICK GAME BOX,10,300.86
50131225,LIBRETA EJECUTIVA TODO COMIENZ 192 P PNT,10,300.86
50131748,LAPICERA LENT GAME MARIPOSA,10,300.86
50132637,SET CUADERNO STITCH MOOVING,10,300.86
50131747,LAPICERA LENT GAME UNICORNIO,10,300.86
50132032,LAPICERA ROSA PASTEL KLASS TOTTO,10,300.86
50131191,LAPICERA NEGRA ZURICH 2.0 TOTTO,10,300.86
50131224,LIBRETA EJECUTIVA CONSTANCIA 192 P PUNT,10,300.86
50132038,LAPICERA AZUL KLASS TOTTO,10,300.86
50134583,KIT ESCOLAR CONSTELACIONES,10,300.86
50131745,LAPICERA LENT JOYSTICK GAME BOX,10,300.86
50123907,STICKER VALUE MODERN FARMHOUSE 30 HJ,11,300.86
50127162,PAQUETE DE ACCESORIOS CLASICOS CATS,11,300.86
50127166,STICKERS DE 30 HOJAS CATS,11,300.86
50123904,STICKER VALUE TAKE CARE OF YOU 30 HJ,11,300.86
50127163,PAQUETE DE ACCESORIOS CLASICOS DOGS,11,300.86
50127165,STICKERS DE 30 HOJAS PUPS,11,300.86
50123467,BLOCK OLEO ATL 23X30.5 CM 15 HJS.,11,300.86
50101876,ALBUM P/SKETCH A4 100H,11,300.86
50127167,STICKERS DE 30 HOJAS SEASONAL,11,300.86
50133724,BAST EST T-306 50 X 70,11,300.86
50097079,BLOCK INDART ACUARELA A4,11,300.86
50123903,STICKER VALUE SUNNY RISOGRAPH 30 HJ,11,300.86
50123902,STICKER VALUE PASTIMES 30 HJS,11,300.86
50128379,SET COLORES PASTEL INDART 4PZAS,11,300.86
50105200,BLOCK DE HOJAS PARA ROTAFOLIO,11,300.86
50127168,STICKERS DE 30 HOJAS GRACE,11,300.86
50137292,JGO DE HERRAMIENTAS DE 12 PIEZAS ELEC,12,300.86
50136719,LENTES SOL FOG POP FG 25 41 WHT,12,300.86
50065864,CAJA PARA DINERO OMX CERRADURA,12,300.86
50136720,LENTES SOL FOG POP FG 25 571 BLK,12,300.86
50112000,MEMORIA USB-C KINGSTON 64GB,14,300.86
50120248,MALETAS DE VIAJE,16,300.86
50067136,CARGADOR MINI AA/AAA C/2 PILAS,18,300.86
50138013,CALCETAS SUPER MARIO BROS 5 PACK,18,300.86
50132258,GORRA AZUL STITCH ABRAZO BLINK,18,300.86
50138009,GORRA CURVA LUIGI L VERDE MARIO BROS,18,300.86
50132754,PEANUTS PELUCHE CORE,18,300.86
50136247,PELUCHE CARE BEARS 6IN,18,300.86
50137982,JGO 4 TARROS PORCELANA 340 ML 4 COLORES,18,300.86
50134799,MINECRAFT ANIMALS PELUCHE CORE 7 IN,18,300.86
50132257,GORRA AZUL STITCH HAWAI BLINK,18,300.86
50132259,GORRA VERDE STITCH HOLA BLINK,18,300.86
50091003,GE COMPUTO 4001-6000 12 MESES,62,343.97
50121835,AURUM AUDIFONO OVER EAR INALAMBRICO ROSA,2,343.97
50132385,AUDIFONOS INALAM ESSENTIAL STF NG,2,343.97
50131504,AUDIFONO AURUM ON EAR NEGRO,2,343.97
50076734,ARCHIVERO ORGA COLG NGRO PZA,3,343.97
50131646,CARPETA FLOREADA 100HSPRINGNIGHT APLI,4,343.97
50120030,CARPETA CARTA RAYA 100H INBLACK SCRIBE,4,343.97
50131645,CARPETA FLOREADA100H HAPPYFLOWER APLI,4,343.97
50137082,AGENDA ESPIRAL INCOLORS SCRIBE,4,343.97
50135731,CALENDARIO CLAUDE MONET 26,5,343.97
50135736,CALENDARIO ITALY 26,5,343.97
50135742,CALENDARIO BONNIE MARCUS 26,5,343.97
50135727,CALENDARIO VAN GOGH 26,5,343.97
50135723,CALENDARIO TRANQUILITY 26,5,343.97
50135728,CALENDARIO TAYLOR SWIFT 26,5,343.97
50134801,PLANNER BEAUTIFUL BALANCE WELLNESS,5,343.97
50134802,PLANNER KNOW YOUR WORTH BUDGET,5,343.97
50135726,CALENDARIO LARGE PRINT 26,5,343.97
50119476,SOBRE COIN 8.9 X 16.5CM 500 PZ,6,343.97
50108298,CAJA PLASTICA 45L TRANSPARENTE,8,343.97
50063066,PORTARRETRATO 8.5X11 ACRILICO,8,343.97
50014602,PERFORADORA PEGASO 3708 2/O 27H,9,343.97
50135073,CUADERNO FRANCES 80H ESPIRAL DISC SNOOPY,10,343.97
50119313,LAPICERA MULTIUSO AGAPEC SALPIK,10,343.97
50131221,LIBRETA EJECUTIVA MIL NEGRO 192 P RAYADO,10,343.97
50131222,LIBRETA EJECUTIVA MIL ROJA 192 P RAYADO,10,343.97
50136658,LAPICERA NEGRO RAZE CHENSON PRO,10,343.97
50127638,LAPICERA MARANON YATTA LILA,10,343.97
50131934,LIBRETA MANZANA RAY ECOLOG NOGAL DANPEX,10,343.97
50136651,LAPICERA GAMER NEGRO TROLLER CHENSON,10,343.97
50132023,LAPICERA GATOS KITTEN ROSE TOTTO,10,343.97
50116630,LAPICERA MULTIUSOS MARRANON NG,10,343.97
50092600,LIBRETA NOTAS PAROS PROFESIONA,10,343.97
50132870,LAPICERA STARWARS NEGRA YADATEX,10,343.97
50132871,LAPICERA STARWARS R2D2 YADATEX,10,343.97
50135974,KIT 4 PZ MOCHILA Y ACC AOKU LUCK ROSA,10,343.97
50131220,LIBRETA EJECUTIVA MIL COBRE 192 P RAYADO,10,343.97
50132866,LAPICERA SQUISHMALLOWS GATO YADATEX,10,343.97
50131935,LIBRETA MANZANA RAY ECOLOG MAPLE DANPEX,10,343.97
50120317,CONTENEDOR BENTO C/TAPA PLASTICO 1.3L,10,343.97
50132723,BOLIGRAFO GEL SARASA CLIP SPRIN 0.7MM 5P,10,343.97
50136657,LAPICERA GRIS RAZE CHENSON PRO,10,343.97
50115777,MULTIUSOS TOTTO ZURICH AZUL,10,343.97
50136659,LAPICERA AZUL RAZE CHENSON PRO,10,343.97
50131219,LIBRETA EJECUTIVA MIL AZUL 192 P RAYADO,10,343.97
50117731,LIBRETA EJEC BEATLES HELP RAY,10,343.97
50117732,LIBRETA EJE PREMIUM BEATLES,10,343.97
50127099,ROMPECABEZAS HARRY POTTER 1000 PZAS,11,343.97
50123260,SET 4 PINCELES SNAP CER BLANCA NAT MAN,11,343.97
50124900,ROMPECABEZAS 3D LA TORRE EIFFEL,11,343.97
50123245,LIBRO DE DJO 1 COSIDO 98 HJS14 X 216 CM,11,343.97
50113760,ORIGAMI NEON,11,343.97
50086880,BLOCK TELA ART 20H 22.8X30.5CM,11,343.97
50080054,ROTULADOR POINT 88 NEON C/15,11,343.97
50135251,BOOK XL MIX MEDIA A5,11,343.97
50134422,GRAN OLA DE KANAGAWA 1000 PIEZAS,11,343.97
50138295,MAGNETI STORIES DINOSAURIOS,11,343.97
50127107,ROMPECABEZAS 3D RAVENSBURGER EL BIG BEN,11,343.97
50123232,SET C5 PINC SIMPLY SI1 PLANO,11,343.97
50123248,BLOCK DIBUJO ESP CANSON MIX MEDIA 100H,11,343.97
50133167,CAJA DE EFECTIVO DE 10IN NEGRA,12,343.97
50062000,CAJA PARA DINERO OFFICEMAX CH. 20X15X7,12,343.97
50111536,COMBO HP 150 NEGRO,14,343.97
50128399,RATON GAMING ILUMINADO GXT 109 FELOX NGR,14,343.97
50130916,TECLADO BLUETOOTH WIRELESS TRUST,14,343.97
50069977,CD-R VERBATIM 50PK .,14,343.97
50138139,CARTUCHO DE TINTA HP 668 NEGRO 7FP37VL,15,343.97
50135923,SUDADERA SNOOPY,18,343.97
50138145,TAZA DE CERAMICA DONKEY KONG,18,343.97
50119925,GORRA SUPERMARIO EMBROIDERY ROJA,18,343.97
50132560,SUDADERA STITCH AZUL MARINO CON CAPUCHA,18,343.97
50068910,BANNER 60 X 1.60,50,343.97
50138661,SALANDENS SMARTWATCH NEGRO,2,430.17
50128718,TERMINAL PARA TARJETAS CLIP TOTAL 2,2,430.17
50114246,CLIP PRO 2,2,430.17
50114904,CLIP PRINTER,2,430.17
50093279,SUPRESOR PICOS KOBLENZ SS-2100,2,430.17
50129795,AGENDA EJECUTIVA CHIUSA GRIS 25,4,430.17
50129797,AGENDA EJECUTIVA PROCIDA NEGRA 25,4,430.17
50135204,AGENDA DIARIA MESH NEGRO 26,4,430.17
50135203,AGENDA DIARIA MESH MIEL 26,4,430.17
50129793,AGENDA EJECUTIVA ADRIA GRIS 25,4,430.17
50129798,AGENDA EJECUTIVA PROCIDA AZUL 25,4,430.17
50129796,AGENDA EJECUTIVA RIVOLI AZUL 25,4,430.17
50109602,CHAROLA 5 NIVELES MESH NEGRO,8,430.17
50013033,ARCHIVERO 3 DIVISIONES NEGRO,8,430.17
50104234,CAJA PLASTICA 68L TRANSPARENTE,8,430.17
50013785,ENGRAPADORA PILOT DE GOLPE T/C,9,430.17
50132012,LONCHERA AZUL URBAN GRAPH TOTTO,10,430.17
50132288,SAMSONITE BANQUET BLACK ACCESSORIES,10,430.17
50125340,MOCHILA ECOLOGICA GRIS CON CAFE STUK,10,430.17
50119759,MARCADORES PUNTA PINCEL KIUT 24,10,430.17
50132009,LONCHERA SUSHI KUMI TOTTO,10,430.17
50132289,SAMSONITE BANQUET CARBON BLUE ACCESS,10,430.17
50130393,LONCHERA CHENSON NEGRO EVAN,10,430.17
50119923,MOCHILA LUIGI PLUSH,10,430.17
50118480,MOCHILA DE PELUCHE MARIO BROS,10,430.17
50015356,MARCADOR PERMANENTE ESTERBROOK NEGRO 12P,10,430.17
50122188,SET 3 LIBRETAS GDE KRAFT HOJA BLANCA,10,430.17
50132015,LONCHERA FLORES GRAFILY TOTTO,10,430.17
50132859,LONCHERA PUSHEEN AZ HELAD YADATEX,10,430.17
50132027,LONCHERA FIGURAS OKUBO TOTTO,10,430.17
50133282,LONCHERA VERDE SPECIAL OLIVE KIUT,10,430.17
50120197,SET 3 LIBRETAS GDE AZL ENERGICO RAYA,10,430.17
50136217,LIBRETA EJECUTIVA 192HRY HP HUFFLEPUFF,10,430.17
50132021,LONCHERA GATOS KITTEN ROSE TOTTO,10,430.17
50133285,LONCHERA AZUL MIDNIGHT BLUE NORMA,10,430.17
50132018,LONCHERA ALIEN ALI TOTTO,10,430.17
50131918,LONCHERA CARS ROJA PITS RUZ,10,430.17
50095651,BOLIGRAFO FINO PENTEL AZUL MAT,10,430.17
50130395,LONCHERA CHENSON AZUL C NEGRO EVAN,10,430.17
50121567,MINI SET ACRILICO SIMPLY,11,430.17
50138603,LA CAPILLA SIXTINA 1000P,11,430.17
50138151,ALCANCIA QUESTION BLOCK SUPER MARIO,11,430.17
50013373,REGLA T PROFES. 75CM CABEZA FI,11,430.17
50060505,BLOCK DIBUJO ESP CANSON XL CROQUIS 120H,11,430.17
50061717,TABLERO CORCHO ICE BOARD 40X60,11,430.17
50138165,CAJA PARA LLAVES EN PARED,12,430.17
50137291,JUEGO DE HERRAMIENTAS DE 12 PIEZAS,12,430.17
50128495,CAJA PARA EFECTIVO 10IN,12,430.17
50133169,CAJA DE EFECTIVO DE 12IN NEGRA,12,430.17
50119852,ANTIVIRUS KASPERSKY STANDARD 1D 1Y,14,430.17
50130915,AURICULARES GAMING ZIROX GTX415 TRUST,14,430.17
50112002,MEMORIA USB-C KINGSTON 128GB,14,430.17
50137410,ANTIVIRUS ESET NOD32 1 LICÂ 1 ANO,14,430.17
50121502,KASPERSKY STANDARD 1 DISPOSITIVO 1 AÃO,14,430.17
50111994,"MONITOR HP M27FW 27"" FHD",14,430.17
50066101,CARTUCHO HP 122 TRICOLOR,15,430.17
50116688,CARTUCHO BROTHER LC402CS,15,430.17
50116685,CARTUCHO BROTHER LC402MS,15,430.17
50116684,CARTUCHO BROTHER LC402YS,15,430.17
50136662,CROSSBODY NEGRA ZLIP 1818,16,430.17
50137281,BACKPACK LITE TECHZONE LAPTOP,16,430.17
50136663,CROSSBODY VERDE ZLIP 1818,16,430.17
50137280,"""BACKPACK TECHZONE 15.6"""" LOUD""",16,430.17
50128586,SUPER STAR ICON LIGHT V3,18,430.17
50138014,LAMPARA SUPER MARIO MUSHROOM LUZ NOCHE,18,430.17
50128585,QUESTION BLOCK ICON LIGHT,18,430.17