SKU,periodo_inicio,periodo_fin,tipo_ventana,beta,r2,n_observaciones,estatus_beta
50011837,2024-02-01,2024-02-29,mensual,,,1,n<3
50011837,2024-03-01,2024-03-31,mensual,,,0,n<3
50011837,2024-04-01,2024-04-30,mensual,,,0,n<3
50011837,2024-05-01,2024-05-31,mensual,,,0,n<3
50011837,2024-06-01,2024-06-30,mensual,,,2,n<3
50011837,2024-07-01,2024-07-31,mensual,,,2,n<3
50011837,2024-08-01,2024-08-31,mensual,,,3,precio constante
50011837,2024-09-01,2024-09-30,mensual,,,1,n<3
50011837,2024-10-01,2024-10-31,mensual,,,1,n<3
50011837,2024-11-01,2024-11-30,mensual,,,1,n<3
50011837,2024-12-01,2024-12-31,mensual,,,1,n<3
50011837,2025-01-01,2025-01-31,mensual,,,0,n<3
50011837,2025-02-01,2025-02-28,mensual,,,0,n<3
50011837,2025-03-01,2025-03-31,mensual,,,1,n<3
50011837,2025-04-01,2025-04-30,mensual,,,0,n<3
50011837,2025-05-01,2025-05-31,mensual,,,1,n<3
50011837,2025-06-01,2025-06-30,mensual,,,0,n<3
50011837,2025-07-01,2025-07-31,mensual,,,0,n<3
50011837,2025-08-01,2025-08-31,mensual,,,0,n<3
50011837,2025-09-01,2025-09-30,mensual,,,0,n<3
50011837,2025-10-01,2025-10-31,mensual,,,0,n<3
50011837,2025-11-01,2025-11-30,mensual,,,1,n<3
50011837,2024-02-01,2024-04-30,trimestral,,,1,n<3
50011837,2024-03-01,2024-05-31,trimestral,,,0,n<3
50011837,2024-04-01,2024-06-30,trimestral,,,2,n<3
50011837,2024-05-01,2024-07-31,trimestral,,,4,precio constante
50011837,2024-06-01,2024-08-31,trimestral,,,7,precio constante
50011837,2024-07-01,2024-09-30,trimestral,,,6,precio constante
50011837,2024-08-01,2024-10-31,trimestral,,,5,precio constante
50011837,2024-09-01,2024-11-30,trimestral,,,3,precio constante
50011837,2024-10-01,2024-12-31,trimestral,,,3,precio constante
50011837,2024-11-01,2025-01-31,trimestral,,,2,n<3
50011837,2024-12-01,2025-02-28,trimestral,,,1,n<3
50011837,2025-01-01,2025-03-31,trimestral,,,1,n<3
50011837,2025-02-01,2025-04-30,trimestral,,,1,n<3
50011837,2025-03-01,2025-05-31,trimestral,,,2,n<3
50011837,2025-04-01,2025-06-30,trimestral,,,1,n<3
50011837,2025-05-01,2025-07-31,trimestral,,,1,n<3
50011837,2025-06-01,2025-08-31,trimestral,,,0,n<3
50011837,2025-07-01,2025-09-30,trimestral,,,0,n<3
50011837,2025-08-01,2025-10-31,trimestral,,,0,n<3
50011837,2025-09-01,2025-11-30,trimestral,,,1,n<3
50011837,2024-02-01,2024-07-31,semestral,,,5,precio constante
50011837,2024-03-01,2024-08-31,semestral,,,7,precio constante
50011837,2024-04-01,2024-09-30,semestral,,,8,precio constante
50011837,2024-05-01,2024-10-31,semestral,,,9,precio constante
50011837,2024-06-01,2024-11-30,semestral,,,10,precio constante
50011837,2024-07-01,2024-12-31,semestral,,,9,precio constante
50011837,2024-08-01,2025-01-31,semestral,,,7,precio constante
50011837,2024-09-01,2025-02-28,semestral,,,4,precio constante
50011837,2024-10-01,2025-03-31,semestral,-9.704738630284725,0.11253116267696339,4,valida
50011837,2024-11-01,2025-04-30,semestral,-14.510991650056486,0.25179368366238497,3,valida
50011837,2024-12-01,2025-05-31,semestral,,,3,qty constante
50011837,2025-01-01,2025-06-30,semestral,,,2,n<3
50011837,2025-02-01,2025-07-31,semestral,,,2,n<3
50011837,2025-03-01,2025-08-31,semestral,,,2,n<3
50011837,2025-04-01,2025-09-30,semestral,,,1,n<3
50011837,2025-05-01,2025-10-31,semestral,,,1,n<3
50011837,2025-06-01,2025-11-30,semestral,,,1,n<3
50011838,2024-01-01,2024-01-31,mensual,,,4,qty constante
50011838,2024-02-01,2024-02-29,mensual,,,2,n<3
50011838,2024-03-01,2024-03-31,mensual,,,1,n<3
50011838,2024-04-01,2024-04-30,mensual,,,0,n<3
50011838,2024-05-01,2024-05-31,mensual,,,1,n<3
50011838,2024-06-01,2024-06-30,mensual,,,0,n<3
50011838,2024-07-01,2024-07-31,mensual,,,1,n<3
50011838,2024-08-01,2024-08-31,mensual,,,3,qty constante
50011838,2024-09-01,2024-09-30,mensual,,,2,n<3
50011838,2024-10-01,2024-10-31,mensual,,,3,precio constante
50011838,2024-11-01,2024-11-30,mensual,,,0,n<3
50011838,2024-12-01,2024-12-31,mensual,,,1,n<3
50011838,2025-01-01,2025-01-31,mensual,,,1,n<3
50011838,2025-02-01,2025-02-28,mensual,,,2,n<3
50011838,2025-03-01,2025-03-31,mensual,,,1,n<3
50011838,2025-04-01,2025-04-30,mensual,,,2,n<3
50011838,2025-05-01,2025-05-31,mensual,,,0,n<3
50011838,2025-06-01,2025-06-30,mensual,,,0,n<3
50011838,2025-07-01,2025-07-31,mensual,,,1,n<3
50011838,2025-08-01,2025-08-31,mensual,,,2,n<3
50011838,2025-09-01,2025-09-30,mensual,,,1,n<3
50011838,2025-10-01,2025-10-31,mensual,,,0,n<3
50011838,2025-11-01,2025-11-30,mensual,,,0,n<3
50011838,2025-12-01,2025-12-31,mensual,,,0,n<3
50011838,2026-01-01,2026-01-31,mensual,,,0,n<3
50011838,2026-02-01,2026-02-28,mensual,,,1,n<3
50011838,2026-03-01,2026-03-31,mensual,,,0,n<3
50011838,2026-04-01,2026-04-30,mensual,,,1,n<3
50011838,2024-01-01,2024-03-31,trimestral,0.08392361121842223,0.0002491740289648492,7,valida
50011838,2024-02-01,2024-04-30,trimestral,-7.68254742294055,0.25,3,valida
50011838,2024-03-01,2024-05-31,trimestral,,,2,n<3
50011838,2024-04-01,2024-06-30,trimestral,,,1,n<3
50011838,2024-05-01,2024-07-31,trimestral,,,2,n<3
50011838,2024-06-01,2024-08-31,trimestral,,,4,qty constante
50011838,2024-07-01,2024-09-30,trimestral,,,6,qty constante
50011838,2024-08-01,2024-10-31,trimestral,0.27752212386640174,0.020408163265305923,8,valida
50011838,2024-09-01,2024-11-30,trimestral,,,5,precio constante
50011838,2024-10-01,2024-12-31,trimestral,,,4,precio constante
50011838,2024-11-01,2025-01-31,trimestral,,,2,n<3
50011838,2024-12-01,2025-02-28,trimestral,,,4,precio constante
50011838,2025-01-01,2025-03-31,trimestral,,,4,precio constante
50011838,2025-02-01,2025-04-30,trimestral,,,5,precio constante
50011838,2025-03-01,2025-05-31,trimestral,,,3,precio constante
50011838,2025-04-01,2025-06-30,trimestral,,,2,n<3
50011838,2025-05-01,2025-07-31,trimestral,,,1,n<3
50011838,2025-06-01,2025-08-31,trimestral,,,3,precio constante
50011838,2025-07-01,2025-09-30,trimestral,,,4,precio constante
50011838,2025-08-01,2025-10-31,trimestral,,,3,precio constante
50011838,2025-09-01,2025-11-30,trimestral,,,1,n<3
50011838,2025-10-01,2025-12-31,trimestral,,,0,n<3
50011838,2025-11-01,2026-01-31,trimestral,,,0,n<3
50011838,2025-12-01,2026-02-28,trimestral,,,1,n<3
50011838,2026-01-01,2026-03-31,trimestral,,,1,n<3
50011838,2026-02-01,2026-04-30,trimestral,,,2,n<3
50011838,2024-01-01,2024-06-30,semestral,0.0734194391530257,0.00018684560391946103,8,valida
50011838,2024-02-01,2024-07-31,semestral,-3.8412737114701656,0.0625,5,valida
50011838,2024-03-01,2024-08-31,semestral,,,6,qty constante
50011838,2024-04-01,2024-09-30,semestral,,,7,qty constante
50011838,2024-05-01,2024-10-31,semestral,0.21585054078498075,0.012345679012345734,10,valida
50011838,2024-06-01,2024-11-30,semestral,0.2428318583830986,0.015625000000000333,9,valida
50011838,2024-07-01,2024-12-31,semestral,0.21585054078498075,0.012345679012345734,10,valida
50011838,2024-08-01,2025-01-31,semestral,0.21585054078498075,0.012345679012345734,10,valida
50011838,2024-09-01,2025-02-28,semestral,,,9,precio constante
50011838,2024-10-01,2025-03-31,semestral,,,8,precio constante
50011838,2024-11-01,2025-04-30,semestral,,,7,precio constante
50011838,2024-12-01,2025-05-31,semestral,,,7,precio constante
50011838,2025-01-01,2025-06-30,semestral,,,6,precio constante
50011838,2025-02-01,2025-07-31,semestral,,,6,precio constante
50011838,2025-03-01,2025-08-31,semestral,,,6,precio constante
50011838,2025-04-01,2025-09-30,semestral,,,6,precio constante
50011838,2025-05-01,2025-10-31,semestral,,,4,precio constante
50011838,2025-06-01,2025-11-30,semestral,,,4,precio constante
50011838,2025-07-01,2025-12-31,semestral,,,4,precio constante
50011838,2025-08-01,2026-01-31,semestral,,,3,precio constante
50011838,2025-09-01,2026-02-28,semestral,,,2,n<3
50011838,2025-10-01,2026-03-31,semestral,,,1,n<3
50011838,2025-11-01,2026-04-30,semestral,,,2,n<3
50011851,2024-05-01,2024-05-31,mensual,,,1,n<3
50011851,2024-06-01,2024-06-30,mensual,,,0,n<3
50011851,2024-07-01,2024-07-31,mensual,,,0,n<3
50011851,2024-08-01,2024-08-31,mensual,,,0,n<3
50011851,2024-09-01,2024-09-30,mensual,,,0,n<3
50011851,2024-10-01,2024-10-31,mensual,,,0,n<3
50011851,2024-11-01,2024-11-30,mensual,,,0,n<3
50011851,2024-12-01,2024-12-31,mensual,,,0,n<3
50011851,2025-01-01,2025-01-31,mensual,,,1,n<3
50011851,2025-02-01,2025-02-28,mensual,,,0,n<3
50011851,2025-03-01,2025-03-31,mensual,,,0,n<3
50011851,2025-04-01,2025-04-30,mensual,,,0,n<3
50011851,2025-05-01,2025-05-31,mensual,,,1,n<3
50011851,2025-06-01,2025-06-30,mensual,,,0,n<3
50011851,2025-07-01,2025-07-31,mensual,,,0,n<3
50011851,2025-08-01,2025-08-31,mensual,,,1,n<3
50011851,2025-09-01,2025-09-30,mensual,,,0,n<3
50011851,2025-10-01,2025-10-31,mensual,,,0,n<3
50011851,2025-11-01,2025-11-30,mensual,,,0,n<3
50011851,2025-12-01,2025-12-31,mensual,,,0,n<3
50011851,2026-01-01,2026-01-31,mensual,,,2,n<3
50011851,2024-05-01,2024-07-31,trimestral,,,1,n<3
50011851,2024-06-01,2024-08-31,trimestral,,,0,n<3
50011851,2024-07-01,2024-09-30,trimestral,,,0,n<3
50011851,2024-08-01,2024-10-31,trimestral,,,0,n<3
50011851,2024-09-01,2024-11-30,trimestral,,,0,n<3
50011851,2024-10-01,2024-12-31,trimestral,,,0,n<3
50011851,2024-11-01,2025-01-31,trimestral,,,1,n<3
50011851,2024-12-01,2025-02-28,trimestral,,,1,n<3
50011851,2025-01-01,2025-03-31,trimestral,,,1,n<3
50011851,2025-02-01,2025-04-30,trimestral,,,0,n<3
50011851,2025-03-01,2025-05-31,trimestral,,,1,n<3
50011851,2025-04-01,2025-06-30,trimestral,,,1,n<3
50011851,2025-05-01,2025-07-31,trimestral,,,1,n<3
50011851,2025-06-01,2025-08-31,trimestral,,,1,n<3
50011851,2025-07-01,2025-09-30,trimestral,,,1,n<3
50011851,2025-08-01,2025-10-31,trimestral,,,1,n<3
50011851,2025-09-01,2025-11-30,trimestral,,,0,n<3
50011851,2025-10-01,2025-12-31,trimestral,,,0,n<3
50011851,2025-11-01,2026-01-31,trimestral,,,2,n<3
50011851,2024-05-01,2024-10-31,semestral,,,1,n<3
50011851,2024-06-01,2024-11-30,semestral,,,0,n<3
50011851,2024-07-01,2024-12-31,semestral,,,0,n<3
50011851,2024-08-01,2025-01-31,semestral,,,1,n<3
50011851,2024-09-01,2025-02-28,semestral,,,1,n<3
50011851,2024-10-01,2025-03-31,semestral,,,1,n<3
50011851,2024-11-01,2025-04-30,semestral,,,1,n<3
50011851,2024-12-01,2025-05-31,semestral,,,2,n<3
50011851,2025-01-01,2025-06-30,semestral,,,2,n<3
50011851,2025-02-01,2025-07-31,semestral,,,1,n<3
50011851,2025-03-01,2025-08-31,semestral,,,2,n<3
50011851,2025-04-01,2025-09-30,semestral,,,2,n<3
50011851,2025-05-01,2025-10-31,semestral,,,2,n<3
50011851,2025-06-01,2025-11-30,semestral,,,1,n<3
50011851,2025-07-01,2025-12-31,semestral,,,1,n<3
50011851,2025-08-01,2026-01-31,semestral,,,3,qty constante
50011852,2024-05-01,2024-05-31,mensual,,,2,n<3
50011852,2024-06-01,2024-06-30,mensual,,,0,n<3
50011852,2024-07-01,2024-07-31,mensual,,,0,n<3
50011852,2024-08-01,2024-08-31,mensual,0.6477312556090608,0.11111111111111105,4,valida
50011852,2024-09-01,2024-09-30,mensual,,,0,n<3
50011852,2024-10-01,2024-10-31,mensual,,,3,precio constante
50011852,2024-11-01,2024-11-30,mensual,,,0,n<3
50011852,2024-12-01,2024-12-31,mensual,,,0,n<3
50011852,2025-01-01,2025-01-31,mensual,,,0,n<3
50011852,2025-02-01,2025-02-28,mensual,,,0,n<3
50011852,2025-03-01,2025-03-31,mensual,,,4,precio constante
50011852,2025-04-01,2025-04-30,mensual,,,0,n<3
50011852,2025-05-01,2025-05-31,mensual,,,1,n<3
50011852,2025-06-01,2025-06-30,mensual,,,0,n<3
50011852,2025-07-01,2025-07-31,mensual,,,1,n<3
50011852,2025-08-01,2025-08-31,mensual,,,2,n<3
50011852,2025-09-01,2025-09-30,mensual,,,0,n<3
50011852,2025-10-01,2025-10-31,mensual,,,0,n<3
50011852,2025-11-01,2025-11-30,mensual,,,1,n<3
50011852,2024-05-01,2024-07-31,trimestral,,,2,n<3
50011852,2024-06-01,2024-08-31,trimestral,0.6477312556090608,0.11111111111111105,4,valida
50011852,2024-07-01,2024-09-30,trimestral,0.6477312556090608,0.11111111111111105,4,valida
50011852,2024-08-01,2024-10-31,trimestral,1.5562111508996879,0.08354610931444595,7,valida
50011852,2024-09-01,2024-11-30,trimestral,,,3,precio constante
50011852,2024-10-01,2024-12-31,trimestral,,,3,precio constante
50011852,2024-11-01,2025-01-31,trimestral,,,0,n<3
50011852,2024-12-01,2025-02-28,trimestral,,,0,n<3
50011852,2025-01-01,2025-03-31,trimestral,,,4,precio constante
50011852,2025-02-01,2025-04-30,trimestral,,,4,precio constante
50011852,2025-03-01,2025-05-31,trimestral,,,5,precio constante
50011852,2025-04-01,2025-06-30,trimestral,,,1,n<3
50011852,2025-05-01,2025-07-31,trimestral,,,2,n<3
50011852,2025-06-01,2025-08-31,trimestral,,,3,precio constante
50011852,2025-07-01,2025-09-30,trimestral,,,3,precio constante
50011852,2025-08-01,2025-10-31,trimestral,,,2,n<3
50011852,2025-09-01,2025-11-30,trimestral,,,1,n<3
50011852,2024-05-01,2024-10-31,semestral,2.6009925305457773,0.09715432867846407,9,valida
50011852,2024-06-01,2024-11-30,semestral,1.5562111508996879,0.08354610931444595,7,valida
50011852,2024-07-01,2024-12-31,semestral,1.5562111508996879,0.08354610931444595,7,valida
50011852,2024-08-01,2025-01-31,semestral,1.5562111508996879,0.08354610931444595,7,valida
50011852,2024-09-01,2025-02-28,semestral,,,3,precio constante
50011852,2024-10-01,2025-03-31,semestral,,,7,precio constante
50011852,2024-11-01,2025-04-30,semestral,,,4,precio constante
50011852,2024-12-01,2025-05-31,semestral,,,5,precio constante
50011852,2025-01-01,2025-06-30,semestral,,,5,precio constante
50011852,2025-02-01,2025-07-31,semestral,,,6,precio constante
50011852,2025-03-01,2025-08-31,semestral,,,8,precio constante
50011852,2025-04-01,2025-09-30,semestral,,,4,precio constante
50011852,2025-05-01,2025-10-31,semestral,,,4,precio constante
50011852,2025-06-01,2025-11-30,semestral,,,4,precio constante
50011853,2024-02-01,2024-02-29,mensual,,,1,n<3
50011853,2024-03-01,2024-03-31,mensual,,,3,precio constante
50011853,2024-04-01,2024-04-30,mensual,,,2,n<3
50011853,2024-05-01,2024-05-31,mensual,,,2,n<3
50011853,2024-06-01,2024-06-30,mensual,,,1,n<3
50011853,2024-07-01,2024-07-31,mensual,,,1,n<3
50011853,2024-08-01,2024-08-31,mensual,,,0,n<3
50011853,2024-09-01,2024-09-30,mensual,,,4,precio constante
50011853,2024-10-01,2024-10-31,mensual,,,1,n<3
50011853,2024-11-01,2024-11-30,mensual,,,0,n<3
50011853,2024-12-01,2024-12-31,mensual,,,0,n<3
50011853,2025-01-01,2025-01-31,mensual,,,2,n<3
50011853,2025-02-01,2025-02-28,mensual,,,1,n<3
50011853,2025-03-01,2025-03-31,mensual,,,2,n<3
50011853,2025-04-01,2025-04-30,mensual,,,1,n<3
50011853,2025-05-01,2025-05-31,mensual,,,0,n<3
50011853,2025-06-01,2025-06-30,mensual,,,0,n<3
50011853,2025-07-01,2025-07-31,mensual,1.2957624484378378,0.11111111111111094,4,valida
50011853,2025-08-01,2025-08-31,mensual,,,1,n<3
50011853,2025-09-01,2025-09-30,mensual,,,0,n<3
50011853,2025-10-01,2025-10-31,mensual,,,1,n<3
50011853,2025-11-01,2025-11-30,mensual,,,0,n<3
50011853,2025-12-01,2025-12-31,mensual,,,0,n<3
50011853,2026-01-01,2026-01-31,mensual,,,1,n<3
50011853,2026-02-01,2026-02-28,mensual,,,2,n<3
50011853,2026-03-01,2026-03-31,mensual,,,1,n<3
50011853,2024-02-01,2024-04-30,trimestral,,,6,precio constante
50011853,2024-03-01,2024-05-31,trimestral,,,7,precio constante
50011853,2024-04-01,2024-06-30,trimestral,,,5,precio constante
50011853,2024-05-01,2024-07-31,trimestral,,,4,precio constante
50011853,2024-06-01,2024-08-31,trimestral,,,2,n<3
50011853,2024-07-01,2024-09-30,trimestral,,,5,precio constante
50011853,2024-08-01,2024-10-31,trimestral,,,5,precio constante
50011853,2024-09-01,2024-11-30,trimestral,,,5,precio constante
50011853,2024-10-01,2024-12-31,trimestral,,,1,n<3
50011853,2024-11-01,2025-01-31,trimestral,,,2,n<3
50011853,2024-12-01,2025-02-28,trimestral,-4.512558949513044,1.0,3,valida
50011853,2025-01-01,2025-03-31,trimestral,-4.026695610393158,0.8207589278202381,5,valida
50011853,2025-02-01,2025-04-30,trimestral,-3.8647411640198803,0.8164741187457446,4,valida
50011853,2025-03-01,2025-05-31,trimestral,,,3,precio constante
50011853,2025-04-01,2025-06-30,trimestral,,,1,n<3
50011853,2025-05-01,2025-07-31,trimestral,1.2957624484378378,0.11111111111111094,4,valida
50011853,2025-06-01,2025-08-31,trimestral,1.2459589824189545,0.0965248935302373,5,valida
50011853,2025-07-01,2025-09-30,trimestral,1.2459589824189545,0.0965248935302373,5,valida
50011853,2025-08-01,2025-10-31,trimestral,,,2,n<3
50011853,2025-09-01,2025-11-30,trimestral,,,1,n<3
50011853,2025-10-01,2025-12-31,trimestral,,,1,n<3
50011853,2025-11-01,2026-01-31,trimestral,,,1,n<3
50011853,2025-12-01,2026-02-28,trimestral,295.71180704217494,0.20849046722174824,3,valida
50011853,2026-01-01,2026-03-31,trimestral,181.2859603267544,0.0798874633097002,4,valida
50011853,2024-02-01,2024-07-31,semestral,,,10,precio constante
50011853,2024-03-01,2024-08-31,semestral,,,9,precio constante
50011853,2024-04-01,2024-09-30,semestral,,,10,precio constante
50011853,2024-05-01,2024-10-31,semestral,,,9,precio constante
50011853,2024-06-01,2024-11-30,semestral,,,7,precio constante
50011853,2024-07-01,2024-12-31,semestral,,,6,precio constante
50011853,2024-08-01,2025-01-31,semestral,,,7,precio constante
50011853,2024-09-01,2025-02-28,semestral,-4.07251599352436,0.6408572578705095,8,valida
50011853,2024-10-01,2025-03-31,semestral,-4.123868278217131,0.824258829365941,6,valida
50011853,2024-11-01,2025-04-30,semestral,-4.123868278217132,0.824258829365941,6,valida
50011853,2024-12-01,2025-05-31,semestral,-4.123868278217132,0.824258829365941,6,valida
50011853,2025-01-01,2025-06-30,semestral,-4.123868278217132,0.824258829365941,6,valida
50011853,2025-02-01,2025-07-31,semestral,-1.284762985565518,0.0956739027892769,8,valida
50011853,2025-03-01,2025-08-31,semestral,0.7803314388855992,0.03536014346821548,8,valida
50011853,2025-04-01,2025-09-30,semestral,0.8478913103662907,0.04391036480282162,6,valida
50011853,2025-05-01,2025-10-31,semestral,0.8478913103662907,0.04391036480282173,6,valida
50011853,2025-06-01,2025-11-30,semestral,0.8478913103662907,0.04391036480282173,6,valida
50011853,2025-07-01,2025-12-31,semestral,0.8478913103662907,0.04391036480282173,6,valida
50011853,2025-08-01,2026-01-31,semestral,-6.579661631215712,1.0,3,valida
50011853,2025-09-01,2026-02-28,semestral,305.1956713760356,0.2958631801234003,4,valida
50011853,2025-10-01,2026-03-31,semestral,193.57009177489724,0.1364758454453161,5,valida
50011854,2024-04-01,2024-04-30,mensual,,,1,n<3
50011854,2024-05-01,2024-05-31,mensual,,,0,n<3
50011854,2024-06-01,2024-06-30,mensual,,,0,n<3
50011854,2024-07-01,2024-07-31,mensual,,,1,n<3
50011854,2024-08-01,2024-08-31,mensual,1.5535264052793745,0.2500000000000001,3,valida
50011854,2024-09-01,2024-09-30,mensual,,,1,n<3
50011854,2024-10-01,2024-10-31,mensual,,,1,n<3
50011854,2024-11-01,2024-11-30,mensual,,,2,n<3
50011854,2024-12-01,2024-12-31,mensual,,,0,n<3
50011854,2025-01-01,2025-01-31,mensual,,,1,n<3
50011854,2025-02-01,2025-02-28,mensual,,,0,n<3
50011854,2025-03-01,2025-03-31,mensual,,,2,n<3
50011854,2025-04-01,2025-04-30,mensual,,,1,n<3
50011854,2025-05-01,2025-05-31,mensual,,,0,n<3
50011854,2025-06-01,2025-06-30,mensual,,,1,n<3
50011854,2025-07-01,2025-07-31,mensual,,,0,n<3
50011854,2025-08-01,2025-08-31,mensual,,,1,n<3
50011854,2025-09-01,2025-09-30,mensual,,,0,n<3
50011854,2025-10-01,2025-10-31,mensual,,,0,n<3
50011854,2025-11-01,2025-11-30,mensual,,,0,n<3
50011854,2025-12-01,2025-12-31,mensual,,,1,n<3
50011854,2026-01-01,2026-01-31,mensual,,,3,precio constante
50011854,2026-02-01,2026-02-28,mensual,,,0,n<3
50011854,2026-03-01,2026-03-31,mensual,,,1,n<3
50011854,2024-04-01,2024-06-30,trimestral,,,1,n<3
50011854,2024-05-01,2024-07-31,trimestral,,,1,n<3
50011854,2024-06-01,2024-08-31,trimestral,1.0356842701862348,0.11111111111111105,4,valida
50011854,2024-07-01,2024-09-30,trimestral,0.7767632026396929,0.0625,5,valida
50011854,2024-08-01,2024-10-31,trimestral,1.5535264052793853,0.16666666666666674,5,valida
50011854,2024-09-01,2024-11-30,trimestral,,,4,precio constante
50011854,2024-10-01,2024-12-31,trimestral,,,3,precio constante
50011854,2024-11-01,2025-01-31,trimestral,,,3,precio constante
50011854,2024-12-01,2025-02-28,trimestral,,,1,n<3
50011854,2025-01-01,2025-03-31,trimestral,-4.8535890817690674,0.2500000000000001,3,valida
50011854,2025-02-01,2025-04-30,trimestral,,,3,qty constante
50011854,2025-03-01,2025-05-31,trimestral,,,3,qty constante
50011854,2025-04-01,2025-06-30,trimestral,,,2,n<3
50011854,2025-05-01,2025-07-31,trimestral,,,1,n<3
50011854,2025-06-01,2025-08-31,trimestral,,,2,n<3
50011854,2025-07-01,2025-09-30,trimestral,,,1,n<3
50011854,2025-08-01,2025-10-31,trimestral,,,1,n<3
50011854,2025-09-01,2025-11-30,trimestral,,,0,n<3
50011854,2025-10-01,2025-12-31,trimestral,,,1,n<3
50011854,2025-11-01,2026-01-31,trimestral,,,4,precio constante
50011854,2025-12-01,2026-02-28,trimestral,,,4,precio constante
50011854,2026-01-01,2026-03-31,trimestral,-102.2106508170231,0.30161581298819384,4,valida
50011854,2024-04-01,2024-09-30,semestral,0.6214105621117618,0.039999999999999925,6,valida
50011854,2024-05-01,2024-10-31,semestral,1.2428211242235225,0.09999999999999987,6,valida
50011854,2024-06-01,2024-11-30,semestral,0.887729374445356,0.04761904761904745,8,valida
50011854,2024-07-01,2024-12-31,semestral,0.887729374445356,0.04761904761904745,8,valida
50011854,2024-08-01,2025-01-31,semestral,1.3315940616680337,0.08571428571428552,8,valida
50011854,2024-09-01,2025-02-28,semestral,,,5,precio constante
50011854,2024-10-01,2025-03-31,semestral,-3.8828712654153277,0.10000000000000009,6,valida
50011854,2024-11-01,2025-04-30,semestral,-1.9414356327075974,0.040000000000000036,6,valida
50011854,2024-12-01,2025-05-31,semestral,-3.235726054512639,0.11111111111111105,4,valida
50011854,2025-01-01,2025-06-30,semestral,-4.853589081769208,0.16666666666666663,5,valida
50011854,2025-02-01,2025-07-31,semestral,-3.235726054512639,0.11111111111111105,4,valida
50011854,2025-03-01,2025-08-31,semestral,0.4149847555982495,0.012015966627563324,5,valida
50011854,2025-04-01,2025-09-30,semestral,2.2848019334097778,0.2500000000000001,3,valida
50011854,2025-05-01,2025-10-31,semestral,,,2,n<3
50011854,2025-06-01,2025-11-30,semestral,,,2,n<3
50011854,2025-07-01,2025-12-31,semestral,,,2,n<3
50011854,2025-08-01,2026-01-31,semestral,4.761876004773064,0.15195237197014344,5,valida
50011854,2025-09-01,2026-02-28,semestral,,,4,precio constante
50011854,2025-10-01,2026-03-31,semestral,-76.89177201511005,0.15428344202328603,5,valida
50011855,2024-01-01,2024-01-31,mensual,,,1,n<3
50011855,2024-02-01,2024-02-29,mensual,,,0,n<3
50011855,2024-03-01,2024-03-31,mensual,,,0,n<3
50011855,2024-04-01,2024-04-30,mensual,,,0,n<3
50011855,2024-05-01,2024-05-31,mensual,,,0,n<3
50011855,2024-06-01,2024-06-30,mensual,,,0,n<3
50011855,2024-07-01,2024-07-31,mensual,,,0,n<3
50011855,2024-08-01,2024-08-31,mensual,,,2,n<3
50011855,2024-09-01,2024-09-30,mensual,,,0,n<3
50011855,2024-10-01,2024-10-31,mensual,,,1,n<3
50011855,2024-11-01,2024-11-30,mensual,,,0,n<3
50011855,2024-12-01,2024-12-31,mensual,,,1,n<3
50011855,2025-01-01,2025-01-31,mensual,,,1,n<3
50011855,2025-02-01,2025-02-28,mensual,,,1,n<3
50011855,2025-03-01,2025-03-31,mensual,,,1,n<3
50011855,2025-04-01,2025-04-30,mensual,,,0,n<3
50011855,2025-05-01,2025-05-31,mensual,,,0,n<3
50011855,2025-06-01,2025-06-30,mensual,,,1,n<3
50011855,2025-07-01,2025-07-31,mensual,,,0,n<3
50011855,2025-08-01,2025-08-31,mensual,,,2,n<3
50011855,2025-09-01,2025-09-30,mensual,,,1,n<3
50011855,2025-10-01,2025-10-31,mensual,,,0,n<3
50011855,2025-11-01,2025-11-30,mensual,,,0,n<3
50011855,2025-12-01,2025-12-31,mensual,,,0,n<3
50011855,2026-01-01,2026-01-31,mensual,,,1,n<3
50011855,2026-02-01,2026-02-28,mensual,,,1,n<3
50011855,2024-01-01,2024-03-31,trimestral,,,1,n<3
50011855,2024-02-01,2024-04-30,trimestral,,,0,n<3
50011855,2024-03-01,2024-05-31,trimestral,,,0,n<3
50011855,2024-04-01,2024-06-30,trimestral,,,0,n<3
50011855,2024-05-01,2024-07-31,trimestral,,,0,n<3
50011855,2024-06-01,2024-08-31,trimestral,,,2,n<3
50011855,2024-07-01,2024-09-30,trimestral,,,2,n<3
50011855,2024-08-01,2024-10-31,trimestral,-4.850500040775403,0.2500000000000001,3,valida
50011855,2024-09-01,2024-11-30,trimestral,,,1,n<3
50011855,2024-10-01,2024-12-31,trimestral,,,2,n<3
50011855,2024-11-01,2025-01-31,trimestral,,,2,n<3
50011855,2024-12-01,2025-02-28,trimestral,,,3,precio constante
50011855,2025-01-01,2025-03-31,trimestral,,,3,precio constante
50011855,2025-02-01,2025-04-30,trimestral,,,2,n<3
50011855,2025-03-01,2025-05-31,trimestral,,,1,n<3
50011855,2025-04-01,2025-06-30,trimestral,,,1,n<3
50011855,2025-05-01,2025-07-31,trimestral,,,1,n<3
50011855,2025-06-01,2025-08-31,trimestral,,,3,precio constante
50011855,2025-07-01,2025-09-30,trimestral,,,3,precio constante
50011855,2025-08-01,2025-10-31,trimestral,,,3,precio constante
50011855,2025-09-01,2025-11-30,trimestral,,,1,n<3
50011855,2025-10-01,2025-12-31,trimestral,,,0,n<3
50011855,2025-11-01,2026-01-31,trimestral,,,1,n<3
50011855,2025-12-01,2026-02-28,trimestral,,,2,n<3
50011855,2024-01-01,2024-06-30,semestral,,,1,n<3
50011855,2024-02-01,2024-07-31,semestral,,,0,n<3
50011855,2024-03-01,2024-08-31,semestral,,,2,n<3
50011855,2024-04-01,2024-09-30,semestral,,,2,n<3
50011855,2024-05-01,2024-10-31,semestral,-4.850500040775403,0.2500000000000001,3,valida
50011855,2024-06-01,2024-11-30,semestral,-4.850500040775403,0.2500000000000001,3,valida
50011855,2024-07-01,2024-12-31,semestral,-3.233666693850247,0.11111111111111105,4,valida
50011855,2024-08-01,2025-01-31,semestral,-4.850500040775545,0.16666666666666674,5,valida
50011855,2024-09-01,2025-02-28,semestral,,,4,precio constante
50011855,2024-10-01,2025-03-31,semestral,,,5,precio constante
50011855,2024-11-01,2025-04-30,semestral,,,4,precio constante
50011855,2024-12-01,2025-05-31,semestral,,,4,precio constante
50011855,2025-01-01,2025-06-30,semestral,,,4,precio constante
50011855,2025-02-01,2025-07-31,semestral,,,3,precio constante
50011855,2025-03-01,2025-08-31,semestral,,,4,precio constante
50011855,2025-04-01,2025-09-30,semestral,,,4,precio constante
50011855,2025-05-01,2025-10-31,semestral,,,4,precio constante
50011855,2025-06-01,2025-11-30,semestral,,,4,precio constante
50011855,2025-07-01,2025-12-31,semestral,,,3,precio constante
50011855,2025-08-01,2026-01-31,semestral,,,4,precio constante
50011855,2025-09-01,2026-02-28,semestral,-8.574135528131702,0.2500000000000001,3,valida
50011856,2024-01-01,2024-01-31,mensual,,,2,n<3
50011856,2024-02-01,2024-02-29,mensual,,,0,n<3
50011856,2024-03-01,2024-03-31,mensual,,,1,n<3
50011856,2024-04-01,2024-04-30,mensual,,,0,n<3
50011856,2024-05-01,2024-05-31,mensual,,,0,n<3
50011856,2024-06-01,2024-06-30,mensual,,,1,n<3
50011856,2024-07-01,2024-07-31,mensual,,,1,n<3
50011856,2024-08-01,2024-08-31,mensual,,,2,n<3
50011856,2024-09-01,2024-09-30,mensual,,,0,n<3
50011856,2024-10-01,2024-10-31,mensual,,,0,n<3
50011856,2024-11-01,2024-11-30,mensual,,,1,n<3
50011856,2024-12-01,2024-12-31,mensual,,,1,n<3
50011856,2025-01-01,2025-01-31,mensual,,,0,n<3
50011856,2025-02-01,2025-02-28,mensual,,,1,n<3
50011856,2025-03-01,2025-03-31,mensual,,,0,n<3
50011856,2025-04-01,2025-04-30,mensual,,,1,n<3
50011856,2025-05-01,2025-05-31,mensual,,,1,n<3
50011856,2025-06-01,2025-06-30,mensual,,,0,n<3
50011856,2025-07-01,2025-07-31,mensual,,,0,n<3
50011856,2025-08-01,2025-08-31,mensual,,,1,n<3
50011856,2024-01-01,2024-03-31,trimestral,6.385500441688098,0.7497210305301719,3,valida
50011856,2024-02-01,2024-04-30,trimestral,,,1,n<3
50011856,2024-03-01,2024-05-31,trimestral,,,1,n<3
50011856,2024-04-01,2024-06-30,trimestral,,,1,n<3
50011856,2024-05-01,2024-07-31,trimestral,,,2,n<3
50011856,2024-06-01,2024-08-31,trimestral,,,4,precio constante
50011856,2024-07-01,2024-09-30,trimestral,,,3,precio constante
50011856,2024-08-01,2024-10-31,trimestral,,,2,n<3
50011856,2024-09-01,2024-11-30,trimestral,,,1,n<3
50011856,2024-10-01,2024-12-31,trimestral,,,2,n<3
50011856,2024-11-01,2025-01-31,trimestral,,,2,n<3
50011856,2024-12-01,2025-02-28,trimestral,,,2,n<3
50011856,2025-01-01,2025-03-31,trimestral,,,1,n<3
50011856,2025-02-01,2025-04-30,trimestral,,,2,n<3
50011856,2025-03-01,2025-05-31,trimestral,,,2,n<3
50011856,2025-04-01,2025-06-30,trimestral,,,2,n<3
50011856,2025-05-01,2025-07-31,trimestral,,,1,n<3
50011856,2025-06-01,2025-08-31,trimestral,,,1,n<3
50011856,2024-01-01,2024-06-30,semestral,4.260694929267367,0.27299777135669323,4,valida
50011856,2024-02-01,2024-07-31,semestral,,,3,precio constante
50011856,2024-03-01,2024-08-31,semestral,,,5,precio constante
50011856,2024-04-01,2024-09-30,semestral,,,4,precio constante
50011856,2024-05-01,2024-10-31,semestral,,,4,precio constante
50011856,2024-06-01,2024-11-30,semestral,,,5,precio constante
50011856,2024-07-01,2024-12-31,semestral,,,5,precio constante
50011856,2024-08-01,2025-01-31,semestral,,,4,precio constante
50011856,2024-09-01,2025-02-28,semestral,,,3,precio constante
50011856,2024-10-01,2025-03-31,semestral,,,3,precio constante
50011856,2024-11-01,2025-04-30,semestral,,,4,precio constante
50011856,2024-12-01,2025-05-31,semestral,,,4,precio constante
50011856,2025-01-01,2025-06-30,semestral,,,3,precio constante
50011856,2025-02-01,2025-07-31,semestral,,,3,precio constante
50011856,2025-03-01,2025-08-31,semestral,,,3,precio constante
50011938,2024-01-01,2024-01-31,mensual,,,1,n<3
50011938,2024-02-01,2024-02-29,mensual,,,0,n<3
50011938,2024-03-01,2024-03-31,mensual,,,1,n<3
50011938,2024-04-01,2024-04-30,mensual,,,0,n<3
50011938,2024-05-01,2024-05-31,mensual,,,0,n<3
50011938,2024-06-01,2024-06-30,mensual,,,1,n<3
50011938,2024-07-01,2024-07-31,mensual,,,2,n<3
50011938,2024-08-01,2024-08-31,mensual,,,0,n<3
50011938,2024-09-01,2024-09-30,mensual,,,0,n<3
50011938,2024-10-01,2024-10-31,mensual,,,1,n<3
50011938,2024-11-01,2024-11-30,mensual,,,1,n<3
50011938,2024-12-01,2024-12-31,mensual,,,0,n<3
50011938,2025-01-01,2025-01-31,mensual,,,1,n<3
50011938,2025-02-01,2025-02-28,mensual,,,0,n<3
50011938,2025-03-01,2025-03-31,mensual,,,0,n<3
50011938,2025-04-01,2025-04-30,mensual,,,0,n<3
50011938,2025-05-01,2025-05-31,mensual,,,1,n<3
50011938,2025-06-01,2025-06-30,mensual,,,0,n<3
50011938,2025-07-01,2025-07-31,mensual,,,0,n<3
50011938,2025-08-01,2025-08-31,mensual,,,0,n<3
50011938,2025-09-01,2025-09-30,mensual,,,2,n<3
50011938,2025-10-01,2025-10-31,mensual,,,0,n<3
50011938,2025-11-01,2025-11-30,mensual,,,1,n<3
50011938,2025-12-01,2025-12-31,mensual,,,0,n<3
50011938,2026-01-01,2026-01-31,mensual,,,1,n<3
50011938,2026-02-01,2026-02-28,mensual,,,1,n<3
50011938,2026-03-01,2026-03-31,mensual,,,1,n<3
50011938,2026-04-01,2026-04-30,mensual,,,2,n<3
50011938,2024-01-01,2024-03-31,trimestral,,,2,n<3
50011938,2024-02-01,2024-04-30,trimestral,,,1,n<3
50011938,2024-03-01,2024-05-31,trimestral,,,1,n<3
50011938,2024-04-01,2024-06-30,trimestral,,,1,n<3
50011938,2024-05-01,2024-07-31,trimestral,,,3,qty constante
50011938,2024-06-01,2024-08-31,trimestral,,,3,qty constante
50011938,2024-07-01,2024-09-30,trimestral,,,2,n<3
50011938,2024-08-01,2024-10-31,trimestral,,,1,n<3
50011938,2024-09-01,2024-11-30,trimestral,,,2,n<3
50011938,2024-10-01,2024-12-31,trimestral,,,2,n<3
50011938,2024-11-01,2025-01-31,trimestral,,,2,n<3
50011938,2024-12-01,2025-02-28,trimestral,,,1,n<3
50011938,2025-01-01,2025-03-31,trimestral,,,1,n<3
50011938,2025-02-01,2025-04-30,trimestral,,,0,n<3
50011938,2025-03-01,2025-05-31,trimestral,,,1,n<3
50011938,2025-04-01,2025-06-30,trimestral,,,1,n<3
50011938,2025-05-01,2025-07-31,trimestral,,,1,n<3
50011938,2025-06-01,2025-08-31,trimestral,,,0,n<3
50011938,2025-07-01,2025-09-30,trimestral,,,2,n<3
50011938,2025-08-01,2025-10-31,trimestral,,,2,n<3
50011938,2025-09-01,2025-11-30,trimestral,,,3,precio constante
50011938,2025-10-01,2025-12-31,trimestral,,,1,n<3
50011938,2025-11-01,2026-01-31,trimestral,,,2,n<3
50011938,2025-12-01,2026-02-28,trimestral,,,2,n<3
50011938,2026-01-01,2026-03-31,trimestral,,,3,precio constante
50011938,2026-02-01,2026-04-30,trimestral,,,4,precio constante
50011938,2024-01-01,2024-06-30,semestral,,,3,precio constante
50011938,2024-02-01,2024-07-31,semestral,,,4,qty constante
50011938,2024-03-01,2024-08-31,semestral,,,4,qty constante
50011938,2024-04-01,2024-09-30,semestral,,,3,qty constante
50011938,2024-05-01,2024-10-31,semestral,,,4,qty constante
50011938,2024-06-01,2024-11-30,semestral,-4.845243491530603,0.06240903283756516,5,valida
50011938,2024-07-01,2024-12-31,semestral,-6.4617887874256486,0.11099609576121283,4,valida
50011938,2024-08-01,2025-01-31,semestral,,,3,precio constante
50011938,2024-09-01,2025-02-28,semestral,,,3,precio constante
50011938,2024-10-01,2025-03-31,semestral,,,3,precio constante
50011938,2024-11-01,2025-04-30,semestral,,,2,n<3
50011938,2024-12-01,2025-05-31,semestral,,,2,n<3
50011938,2025-01-01,2025-06-30,semestral,,,2,n<3
50011938,2025-02-01,2025-07-31,semestral,,,1,n<3
50011938,2025-03-01,2025-08-31,semestral,,,1,n<3
50011938,2025-04-01,2025-09-30,semestral,,,3,precio constante
50011938,2025-05-01,2025-10-31,semestral,,,3,precio constante
50011938,2025-06-01,2025-11-30,semestral,,,3,precio constante
50011938,2025-07-01,2025-12-31,semestral,,,3,precio constante
50011938,2025-08-01,2026-01-31,semestral,,,4,precio constante
50011938,2025-09-01,2026-02-28,semestral,,,5,precio constante
50011938,2025-10-01,2026-03-31,semestral,,,4,precio constante
50011938,2025-11-01,2026-04-30,semestral,,,6,precio constante
50012251,2024-01-01,2024-01-31,mensual,-4.849966623733515,0.2500000000000001,3,valida
50012251,2024-02-01,2024-02-29,mensual,,,2,n<3
50012251,2024-03-01,2024-03-31,mensual,,,0,n<3
50012251,2024-04-01,2024-04-30,mensual,,,0,n<3
50012251,2024-05-01,2024-05-31,mensual,,,1,n<3
50012251,2024-06-01,2024-06-30,mensual,,,2,n<3
50012251,2024-07-01,2024-07-31,mensual,,,0,n<3
50012251,2024-08-01,2024-08-31,mensual,,,0,n<3
50012251,2024-09-01,2024-09-30,mensual,,,0,n<3
50012251,2024-10-01,2024-10-31,mensual,2717.4835066535347,1.0,3,valida
50012251,2024-01-01,2024-03-31,trimestral,-3.2333110824889215,0.16666666666666663,5,valida
50012251,2024-02-01,2024-04-30,trimestral,,,2,n<3
50012251,2024-03-01,2024-05-31,trimestral,,,1,n<3
50012251,2024-04-01,2024-06-30,trimestral,,,3,qty constante
50012251,2024-05-01,2024-07-31,trimestral,,,3,qty constante
50012251,2024-06-01,2024-08-31,trimestral,,,2,n<3
50012251,2024-07-01,2024-09-30,trimestral,,,0,n<3
50012251,2024-08-01,2024-10-31,trimestral,2717.4835066535347,1.0,3,valida
50012251,2024-01-01,2024-06-30,semestral,0.267447973558855,0.016705092380694064,8,valida
50012251,2024-02-01,2024-07-31,semestral,,,5,qty constante
50012251,2024-03-01,2024-08-31,semestral,,,3,qty constante
50012251,2024-04-01,2024-09-30,semestral,,,3,qty constante
50012251,2024-05-01,2024-10-31,semestral,-1.0915810396252223,0.4274772776316742,6,valida
50012263,2024-01-01,2024-01-31,mensual,,,1,n<3
50012263,2024-02-01,2024-02-29,mensual,,,1,n<3
50012263,2024-03-01,2024-03-31,mensual,,,0,n<3
50012263,2024-04-01,2024-04-30,mensual,,,0,n<3
50012263,2024-05-01,2024-05-31,mensual,,,1,n<3
50012263,2024-06-01,2024-06-30,mensual,,,0,n<3
50012263,2024-07-01,2024-07-31,mensual,,,0,n<3
50012263,2024-08-01,2024-08-31,mensual,,,1,n<3
50012263,2024-09-01,2024-09-30,mensual,,,1,n<3
50012263,2024-10-01,2024-10-31,mensual,,,0,n<3
50012263,2024-11-01,2024-11-30,mensual,,,0,n<3
50012263,2024-12-01,2024-12-31,mensual,,,1,n<3
50012263,2025-01-01,2025-01-31,mensual,,,0,n<3
50012263,2025-02-01,2025-02-28,mensual,,,2,n<3
50012263,2025-03-01,2025-03-31,mensual,,,0,n<3
50012263,2025-04-01,2025-04-30,mensual,,,1,n<3
50012263,2025-05-01,2025-05-31,mensual,,,0,n<3
50012263,2025-06-01,2025-06-30,mensual,,,0,n<3
50012263,2025-07-01,2025-07-31,mensual,,,0,n<3
50012263,2025-08-01,2025-08-31,mensual,,,1,n<3
50012263,2025-09-01,2025-09-30,mensual,,,0,n<3
50012263,2025-10-01,2025-10-31,mensual,,,0,n<3
50012263,2025-11-01,2025-11-30,mensual,,,0,n<3
50012263,2025-12-01,2025-12-31,mensual,,,0,n<3
50012263,2026-01-01,2026-01-31,mensual,,,1,n<3
50012263,2024-01-01,2024-03-31,trimestral,,,2,n<3
50012263,2024-02-01,2024-04-30,trimestral,,,1,n<3
50012263,2024-03-01,2024-05-31,trimestral,,,1,n<3
50012263,2024-04-01,2024-06-30,trimestral,,,1,n<3
50012263,2024-05-01,2024-07-31,trimestral,,,1,n<3
50012263,2024-06-01,2024-08-31,trimestral,,,1,n<3
50012263,2024-07-01,2024-09-30,trimestral,,,2,n<3
50012263,2024-08-01,2024-10-31,trimestral,,,2,n<3
50012263,2024-09-01,2024-11-30,trimestral,,,1,n<3
50012263,2024-10-01,2024-12-31,trimestral,,,1,n<3
50012263,2024-11-01,2025-01-31,trimestral,,,1,n<3
50012263,2024-12-01,2025-02-28,trimestral,,,3,qty constante
50012263,2025-01-01,2025-03-31,trimestral,,,2,n<3
50012263,2025-02-01,2025-04-30,trimestral,,,3,qty constante
50012263,2025-03-01,2025-05-31,trimestral,,,1,n<3
50012263,2025-04-01,2025-06-30,trimestral,,,1,n<3
50012263,2025-05-01,2025-07-31,trimestral,,,0,n<3
50012263,2025-06-01,2025-08-31,trimestral,,,1,n<3
50012263,2025-07-01,2025-09-30,trimestral,,,1,n<3
50012263,2025-08-01,2025-10-31,trimestral,,,1,n<3
50012263,2025-09-01,2025-11-30,trimestral,,,0,n<3
50012263,2025-10-01,2025-12-31,trimestral,,,0,n<3
50012263,2025-11-01,2026-01-31,trimestral,,,1,n<3
50012263,2024-01-01,2024-06-30,semestral,,,3,precio constante
50012263,2024-02-01,2024-07-31,semestral,,,2,n<3
50012263,2024-03-01,2024-08-31,semestral,,,2,n<3
50012263,2024-04-01,2024-09-30,semestral,-3.1062837195053947,1.0,3,valida
50012263,2024-05-01,2024-10-31,semestral,-3.1062837195053947,1.0,3,valida
50012263,2024-06-01,2024-11-30,semestral,,,2,n<3
50012263,2024-07-01,2024-12-31,semestral,-2.1476708329331093,0.8794098861458751,3,valida
50012263,2024-08-01,2025-01-31,semestral,-2.1476708329331093,0.8794098861458751,3,valida
50012263,2024-09-01,2025-02-28,semestral,,,4,qty constante
50012263,2024-10-01,2025-03-31,semestral,,,3,qty constante
50012263,2024-11-01,2025-04-30,semestral,,,4,qty constante
50012263,2024-12-01,2025-05-31,semestral,,,4,qty constante
50012263,2025-01-01,2025-06-30,semestral,,,3,qty constante
50012263,2025-02-01,2025-07-31,semestral,,,3,qty constante
50012263,2025-03-01,2025-08-31,semestral,,,2,n<3
50012263,2025-04-01,2025-09-30,semestral,,,2,n<3
50012263,2025-05-01,2025-10-31,semestral,,,1,n<3
50012263,2025-06-01,2025-11-30,semestral,,,1,n<3
50012263,2025-07-01,2025-12-31,semestral,,,1,n<3
50012263,2025-08-01,2026-01-31,semestral,,,2,n<3
50012292,2024-02-01,2024-02-29,mensual,,,1,n<3
50012292,2024-03-01,2024-03-31,mensual,,,0,n<3
50012292,2024-04-01,2024-04-30,mensual,,,0,n<3
50012292,2024-05-01,2024-05-31,mensual,,,0,n<3
50012292,2024-06-01,2024-06-30,mensual,,,0,n<3
50012292,2024-07-01,2024-07-31,mensual,,,0,n<3
50012292,2024-08-01,2024-08-31,mensual,,,0,n<3
50012292,2024-09-01,2024-09-30,mensual,,,0,n<3
50012292,2024-10-01,2024-10-31,mensual,,,0,n<3
50012292,2024-11-01,2024-11-30,mensual,,,1,n<3
50012292,2024-12-01,2024-12-31,mensual,,,0,n<3
50012292,2025-01-01,2025-01-31,mensual,,,0,n<3
50012292,2025-02-01,2025-02-28,mensual,,,0,n<3
50012292,2025-03-01,2025-03-31,mensual,,,2,n<3
50012292,2025-04-01,2025-04-30,mensual,,,0,n<3
50012292,2025-05-01,2025-05-31,mensual,,,0,n<3
50012292,2025-06-01,2025-06-30,mensual,,,0,n<3
50012292,2025-07-01,2025-07-31,mensual,,,1,n<3
50012292,2025-08-01,2025-08-31,mensual,,,0,n<3
50012292,2025-09-01,2025-09-30,mensual,,,1,n<3
50012292,2025-10-01,2025-10-31,mensual,,,0,n<3
50012292,2025-11-01,2025-11-30,mensual,,,2,n<3
50012292,2025-12-01,2025-12-31,mensual,,,1,n<3
50012292,2026-01-01,2026-01-31,mensual,,,1,n<3
50012292,2024-02-01,2024-04-30,trimestral,,,1,n<3
50012292,2024-03-01,2024-05-31,trimestral,,,0,n<3
50012292,2024-04-01,2024-06-30,trimestral,,,0,n<3
50012292,2024-05-01,2024-07-31,trimestral,,,0,n<3
50012292,2024-06-01,2024-08-31,trimestral,,,0,n<3
50012292,2024-07-01,2024-09-30,trimestral,,,0,n<3
50012292,2024-08-01,2024-10-31,trimestral,,,0,n<3
50012292,2024-09-01,2024-11-30,trimestral,,,1,n<3
50012292,2024-10-01,2024-12-31,trimestral,,,1,n<3
50012292,2024-11-01,2025-01-31,trimestral,,,1,n<3
50012292,2024-12-01,2025-02-28,trimestral,,,0,n<3
50012292,2025-01-01,2025-03-31,trimestral,,,2,n<3
50012292,2025-02-01,2025-04-30,trimestral,,,2,n<3
50012292,2025-03-01,2025-05-31,trimestral,,,2,n<3
50012292,2025-04-01,2025-06-30,trimestral,,,0,n<3
50012292,2025-05-01,2025-07-31,trimestral,,,1,n<3
50012292,2025-06-01,2025-08-31,trimestral,,,1,n<3
50012292,2025-07-01,2025-09-30,trimestral,,,2,n<3
50012292,2025-08-01,2025-10-31,trimestral,,,1,n<3
50012292,2025-09-01,2025-11-30,trimestral,,,3,precio constante
50012292,2025-10-01,2025-12-31,trimestral,,,3,precio constante
50012292,2025-11-01,2026-01-31,trimestral,,,4,precio constante
50012292,2024-02-01,2024-07-31,semestral,,,1,n<3
50012292,2024-03-01,2024-08-31,semestral,,,0,n<3
50012292,2024-04-01,2024-09-30,semestral,,,0,n<3
50012292,2024-05-01,2024-10-31,semestral,,,0,n<3
50012292,2024-06-01,2024-11-30,semestral,,,1,n<3
50012292,2024-07-01,2024-12-31,semestral,,,1,n<3
50012292,2024-08-01,2025-01-31,semestral,,,1,n<3
50012292,2024-09-01,2025-02-28,semestral,,,1,n<3
50012292,2024-10-01,2025-03-31,semestral,86.05455695356717,0.6303601670876422,3,valida
50012292,2024-11-01,2025-04-30,semestral,86.05455695356717,0.6303601670876422,3,valida
50012292,2024-12-01,2025-05-31,semestral,,,2,n<3
50012292,2025-01-01,2025-06-30,semestral,,,2,n<3
50012292,2025-02-01,2025-07-31,semestral,,,3,precio constante
50012292,2025-03-01,2025-08-31,semestral,,,3,precio constante
50012292,2025-04-01,2025-09-30,semestral,,,2,n<3
50012292,2025-05-01,2025-10-31,semestral,,,2,n<3
50012292,2025-06-01,2025-11-30,semestral,,,4,precio constante
50012292,2025-07-01,2025-12-31,semestral,,,5,precio constante
50012292,2025-08-01,2026-01-31,semestral,,,5,precio constante
50012298,2024-01-01,2024-01-31,mensual,,,1,n<3
50012298,2024-02-01,2024-02-29,mensual,,,0,n<3
50012298,2024-03-01,2024-03-31,mensual,,,0,n<3
50012298,2024-04-01,2024-04-30,mensual,,,0,n<3
50012298,2024-05-01,2024-05-31,mensual,,,0,n<3
50012298,2024-06-01,2024-06-30,mensual,,,0,n<3
50012298,2024-07-01,2024-07-31,mensual,,,0,n<3
50012298,2024-08-01,2024-08-31,mensual,,,0,n<3
50012298,2024-09-01,2024-09-30,mensual,,,0,n<3
50012298,2024-10-01,2024-10-31,mensual,,,0,n<3
50012298,2024-11-01,2024-11-30,mensual,,,0,n<3
50012298,2024-12-01,2024-12-31,mensual,,,0,n<3
50012298,2025-01-01,2025-01-31,mensual,,,0,n<3
50012298,2025-02-01,2025-02-28,mensual,,,0,n<3
50012298,2025-03-01,2025-03-31,mensual,,,0,n<3
50012298,2025-04-01,2025-04-30,mensual,,,0,n<3
50012298,2025-05-01,2025-05-31,mensual,,,0,n<3
50012298,2025-06-01,2025-06-30,mensual,,,0,n<3
50012298,2025-07-01,2025-07-31,mensual,,,1,n<3
50012298,2024-01-01,2024-03-31,trimestral,,,1,n<3
50012298,2024-02-01,2024-04-30,trimestral,,,0,n<3
50012298,2024-03-01,2024-05-31,trimestral,,,0,n<3
50012298,2024-04-01,2024-06-30,trimestral,,,0,n<3
50012298,2024-05-01,2024-07-31,trimestral,,,0,n<3
50012298,2024-06-01,2024-08-31,trimestral,,,0,n<3
50012298,2024-07-01,2024-09-30,trimestral,,,0,n<3
50012298,2024-08-01,2024-10-31,trimestral,,,0,n<3
50012298,2024-09-01,2024-11-30,trimestral,,,0,n<3
50012298,2024-10-01,2024-12-31,trimestral,,,0,n<3
50012298,2024-11-01,2025-01-31,trimestral,,,0,n<3
50012298,2024-12-01,2025-02-28,trimestral,,,0,n<3
50012298,2025-01-01,2025-03-31,trimestral,,,0,n<3
50012298,2025-02-01,2025-04-30,trimestral,,,0,n<3
50012298,2025-03-01,2025-05-31,trimestral,,,0,n<3
50012298,2025-04-01,2025-06-30,trimestral,,,0,n<3
50012298,2025-05-01,2025-07-31,trimestral,,,1,n<3
50012298,2024-01-01,2024-06-30,semestral,,,1,n<3
50012298,2024-02-01,2024-07-31,semestral,,,0,n<3
50012298,2024-03-01,2024-08-31,semestral,,,0,n<3
50012298,2024-04-01,2024-09-30,semestral,,,0,n<3
50012298,2024-05-01,2024-10-31,semestral,,,0,n<3
50012298,2024-06-01,2024-11-30,semestral,,,0,n<3
50012298,2024-07-01,2024-12-31,semestral,,,0,n<3
50012298,2024-08-01,2025-01-31,semestral,,,0,n<3
50012298,2024-09-01,2025-02-28,semestral,,,0,n<3
50012298,2024-10-01,2025-03-31,semestral,,,0,n<3
50012298,2024-11-01,2025-04-30,semestral,,,0,n<3
50012298,2024-12-01,2025-05-31,semestral,,,0,n<3
50012298,2025-01-01,2025-06-30,semestral,,,0,n<3
50012298,2025-02-01,2025-07-31,semestral,,,1,n<3
50012299,2024-02-01,2024-02-29,mensual,,,1,n<3
50012299,2024-03-01,2024-03-31,mensual,,,0,n<3
50012299,2024-04-01,2024-04-30,mensual,,,0,n<3
50012299,2024-05-01,2024-05-31,mensual,,,3,precio constante
50012299,2024-06-01,2024-06-30,mensual,,,0,n<3
50012299,2024-07-01,2024-07-31,mensual,,,0,n<3
50012299,2024-08-01,2024-08-31,mensual,,,1,n<3
50012299,2024-09-01,2024-09-30,mensual,,,1,n<3
50012299,2024-10-01,2024-10-31,mensual,,,1,n<3
50012299,2024-11-01,2024-11-30,mensual,,,0,n<3
50012299,2024-12-01,2024-12-31,mensual,,,2,n<3
50012299,2025-01-01,2025-01-31,mensual,,,0,n<3
50012299,2025-02-01,2025-02-28,mensual,,,0,n<3
50012299,2025-03-01,2025-03-31,mensual,,,0,n<3
50012299,2025-04-01,2025-04-30,mensual,,,0,n<3
50012299,2025-05-01,2025-05-31,mensual,,,0,n<3
50012299,2025-06-01,2025-06-30,mensual,,,0,n<3
50012299,2025-07-01,2025-07-31,mensual,,,0,n<3
50012299,2025-08-01,2025-08-31,mensual,,,2,n<3
50012299,2025-09-01,2025-09-30,mensual,,,0,n<3
50012299,2025-10-01,2025-10-31,mensual,,,0,n<3
50012299,2025-11-01,2025-11-30,mensual,,,0,n<3
50012299,2025-12-01,2025-12-31,mensual,,,0,n<3
50012299,2026-01-01,2026-01-31,mensual,,,0,n<3
50012299,2026-02-01,2026-02-28,mensual,,,0,n<3
50012299,2026-03-01,2026-03-31,mensual,,,0,n<3
50012299,2026-04-01,2026-04-30,mensual,,,1,n<3
50012299,2024-02-01,2024-04-30,trimestral,,,1,n<3
50012299,2024-03-01,2024-05-31,trimestral,,,3,precio constante
50012299,2024-04-01,2024-06-30,trimestral,,,3,precio constante
50012299,2024-05-01,2024-07-31,trimestral,,,3,precio constante
50012299,2024-06-01,2024-08-31,trimestral,,,1,n<3
50012299,2024-07-01,2024-09-30,trimestral,,,2,n<3
50012299,2024-08-01,2024-10-31,trimestral,,,3,precio constante
50012299,2024-09-01,2024-11-30,trimestral,,,2,n<3
50012299,2024-10-01,2024-12-31,trimestral,-16.519037377183,0.2505958121283959,3,valida
50012299,2024-11-01,2025-01-31,trimestral,,,2,n<3
50012299,2024-12-01,2025-02-28,trimestral,,,2,n<3
50012299,2025-01-01,2025-03-31,trimestral,,,0,n<3
50012299,2025-02-01,2025-04-30,trimestral,,,0,n<3
50012299,2025-03-01,2025-05-31,trimestral,,,0,n<3
50012299,2025-04-01,2025-06-30,trimestral,,,0,n<3
50012299,2025-05-01,2025-07-31,trimestral,,,0,n<3
50012299,2025-06-01,2025-08-31,trimestral,,,2,n<3
50012299,2025-07-01,2025-09-30,trimestral,,,2,n<3
50012299,2025-08-01,2025-10-31,trimestral,,,2,n<3
50012299,2025-09-01,2025-11-30,trimestral,,,0,n<3
50012299,2025-10-01,2025-12-31,trimestral,,,0,n<3
50012299,2025-11-01,2026-01-31,trimestral,,,0,n<3
50012299,2025-12-01,2026-02-28,trimestral,,,0,n<3
50012299,2026-01-01,2026-03-31,trimestral,,,0,n<3
50012299,2026-02-01,2026-04-30,trimestral,,,1,n<3
50012299,2024-02-01,2024-07-31,semestral,,,4,precio constante
50012299,2024-03-01,2024-08-31,semestral,,,4,precio constante
50012299,2024-04-01,2024-09-30,semestral,,,5,precio constante
50012299,2024-05-01,2024-10-31,semestral,,,6,precio constante
50012299,2024-06-01,2024-11-30,semestral,,,3,precio constante
50012299,2024-07-01,2024-12-31,semestral,-8.275905517317325,0.06287282614436174,5,valida
50012299,2024-08-01,2025-01-31,semestral,-8.275905517317325,0.06287282614436174,5,valida
50012299,2024-09-01,2025-02-28,semestral,-11.024343360709707,0.11158218773760553,4,valida
50012299,2024-10-01,2025-03-31,semestral,-16.519037377183,0.2505958121283959,3,valida
50012299,2024-11-01,2025-04-30,semestral,,,2,n<3
50012299,2024-12-01,2025-05-31,semestral,,,2,n<3
50012299,2025-01-01,2025-06-30,semestral,,,0,n<3
50012299,2025-02-01,2025-07-31,semestral,,,0,n<3
50012299,2025-03-01,2025-08-31,semestral,,,2,n<3
50012299,2025-04-01,2025-09-30,semestral,,,2,n<3
50012299,2025-05-01,2025-10-31,semestral,,,2,n<3
50012299,2025-06-01,2025-11-30,semestral,,,2,n<3
50012299,2025-07-01,2025-12-31,semestral,,,2,n<3
50012299,2025-08-01,2026-01-31,semestral,,,2,n<3
50012299,2025-09-01,2026-02-28,semestral,,,0,n<3
50012299,2025-10-01,2026-03-31,semestral,,,0,n<3
50012299,2025-11-01,2026-04-30,semestral,,,1,n<3
50012300,2024-03-01,2024-03-31,mensual,,,1,n<3
50012300,2024-04-01,2024-04-30,mensual,,,2,n<3
50012300,2024-05-01,2024-05-31,mensual,,,1,n<3
50012300,2024-06-01,2024-06-30,mensual,,,1,n<3
50012300,2024-07-01,2024-07-31,mensual,,,0,n<3
50012300,2024-08-01,2024-08-31,mensual,,,0,n<3
50012300,2024-09-01,2024-09-30,mensual,,,1,n<3
50012300,2024-10-01,2024-10-31,mensual,,,0,n<3
50012300,2024-11-01,2024-11-30,mensual,,,0,n<3
50012300,2024-12-01,2024-12-31,mensual,,,0,n<3
50012300,2025-01-01,2025-01-31,mensual,,,0,n<3
50012300,2025-02-01,2025-02-28,mensual,,,0,n<3
50012300,2025-03-01,2025-03-31,mensual,,,1,n<3
50012300,2024-03-01,2024-05-31,trimestral,-3.2385944478657627,0.11111111111111105,4,valida
50012300,2024-04-01,2024-06-30,trimestral,,,4,precio constante
50012300,2024-05-01,2024-07-31,trimestral,,,2,n<3
50012300,2024-06-01,2024-08-31,trimestral,,,1,n<3
50012300,2024-07-01,2024-09-30,trimestral,,,1,n<3
50012300,2024-08-01,2024-10-31,trimestral,,,1,n<3
50012300,2024-09-01,2024-11-30,trimestral,,,1,n<3
50012300,2024-10-01,2024-12-31,trimestral,,,0,n<3
50012300,2024-11-01,2025-01-31,trimestral,,,0,n<3
50012300,2024-12-01,2025-02-28,trimestral,,,0,n<3
50012300,2025-01-01,2025-03-31,trimestral,,,1,n<3
50012300,2024-03-01,2024-08-31,semestral,-2.4289458358991403,0.06250000000000022,5,valida
50012300,2024-04-01,2024-09-30,semestral,-1.9883233157281968,0.06249999999999989,5,valida
50012300,2024-05-01,2024-10-31,semestral,,,3,qty constante
50012300,2024-06-01,2024-11-30,semestral,,,2,n<3
50012300,2024-07-01,2024-12-31,semestral,,,1,n<3
50012300,2024-08-01,2025-01-31,semestral,,,1,n<3
50012300,2024-09-01,2025-02-28,semestral,,,1,n<3
50012300,2024-10-01,2025-03-31,semestral,,,1,n<3
50012307,2024-04-01,2024-04-30,mensual,,,1,n<3
50012307,2024-05-01,2024-05-31,mensual,,,0,n<3
50012307,2024-06-01,2024-06-30,mensual,,,1,n<3
50012307,2024-07-01,2024-07-31,mensual,,,1,n<3
50012307,2024-08-01,2024-08-31,mensual,,,0,n<3
50012307,2024-09-01,2024-09-30,mensual,,,1,n<3
50012307,2024-10-01,2024-10-31,mensual,,,1,n<3
50012307,2024-11-01,2024-11-30,mensual,,,0,n<3
50012307,2024-12-01,2024-12-31,mensual,,,0,n<3
50012307,2025-01-01,2025-01-31,mensual,,,2,n<3
50012307,2024-04-01,2024-06-30,trimestral,,,2,n<3
50012307,2024-05-01,2024-07-31,trimestral,,,2,n<3
50012307,2024-06-01,2024-08-31,trimestral,,,2,n<3
50012307,2024-07-01,2024-09-30,trimestral,,,2,n<3
50012307,2024-08-01,2024-10-31,trimestral,,,2,n<3
50012307,2024-09-01,2024-11-30,trimestral,,,2,n<3
50012307,2024-10-01,2024-12-31,trimestral,,,1,n<3
50012307,2024-11-01,2025-01-31,trimestral,,,2,n<3
50012307,2024-04-01,2024-09-30,semestral,,,4,precio constante
50012307,2024-05-01,2024-10-31,semestral,,,4,precio constante
50012307,2024-06-01,2024-11-30,semestral,,,4,precio constante
50012307,2024-07-01,2024-12-31,semestral,,,3,precio constante
50012307,2024-08-01,2025-01-31,semestral,-6.629886761329268,0.33446979871046056,4,valida
50012341,2024-04-01,2024-04-30,mensual,,,1,n<3
50012341,2024-05-01,2024-05-31,mensual,,,0,n<3
50012341,2024-06-01,2024-06-30,mensual,,,1,n<3
50012341,2024-07-01,2024-07-31,mensual,,,1,n<3
50012341,2024-08-01,2024-08-31,mensual,,,1,n<3
50012341,2024-09-01,2024-09-30,mensual,,,0,n<3
50012341,2024-10-01,2024-10-31,mensual,,,0,n<3
50012341,2024-11-01,2024-11-30,mensual,,,1,n<3
50012341,2024-12-01,2024-12-31,mensual,,,1,n<3
50012341,2025-01-01,2025-01-31,mensual,,,0,n<3
50012341,2025-02-01,2025-02-28,mensual,,,0,n<3
50012341,2025-03-01,2025-03-31,mensual,,,0,n<3
50012341,2025-04-01,2025-04-30,mensual,,,0,n<3
50012341,2025-05-01,2025-05-31,mensual,,,0,n<3
50012341,2025-06-01,2025-06-30,mensual,,,0,n<3
50012341,2025-07-01,2025-07-31,mensual,,,0,n<3
50012341,2025-08-01,2025-08-31,mensual,,,0,n<3
50012341,2025-09-01,2025-09-30,mensual,,,0,n<3
50012341,2025-10-01,2025-10-31,mensual,,,2,n<3
50012341,2025-11-01,2025-11-30,mensual,,,0,n<3
50012341,2025-12-01,2025-12-31,mensual,,,0,n<3
50012341,2026-01-01,2026-01-31,mensual,,,0,n<3
50012341,2026-02-01,2026-02-28,mensual,,,1,n<3
50012341,2026-03-01,2026-03-31,mensual,,,0,n<3
50012341,2026-04-01,2026-04-30,mensual,,,1,n<3
50012341,2024-04-01,2024-06-30,trimestral,,,2,n<3
50012341,2024-05-01,2024-07-31,trimestral,,,2,n<3
50012341,2024-06-01,2024-08-31,trimestral,,,3,qty constante
50012341,2024-07-01,2024-09-30,trimestral,,,2,n<3
50012341,2024-08-01,2024-10-31,trimestral,,,1,n<3
50012341,2024-09-01,2024-11-30,trimestral,,,1,n<3
50012341,2024-10-01,2024-12-31,trimestral,,,2,n<3
50012341,2024-11-01,2025-01-31,trimestral,,,2,n<3
50012341,2024-12-01,2025-02-28,trimestral,,,1,n<3
50012341,2025-01-01,2025-03-31,trimestral,,,0,n<3
50012341,2025-02-01,2025-04-30,trimestral,,,0,n<3
50012341,2025-03-01,2025-05-31,trimestral,,,0,n<3
50012341,2025-04-01,2025-06-30,trimestral,,,0,n<3
50012341,2025-05-01,2025-07-31,trimestral,,,0,n<3
50012341,2025-06-01,2025-08-31,trimestral,,,0,n<3
50012341,2025-07-01,2025-09-30,trimestral,,,0,n<3
50012341,2025-08-01,2025-10-31,trimestral,,,2,n<3
50012341,2025-09-01,2025-11-30,trimestral,,,2,n<3
50012341,2025-10-01,2025-12-31,trimestral,,,2,n<3
50012341,2025-11-01,2026-01-31,trimestral,,,0,n<3
50012341,2025-12-01,2026-02-28,trimestral,,,1,n<3
50012341,2026-01-01,2026-03-31,trimestral,,,1,n<3
50012341,2026-02-01,2026-04-30,trimestral,,,2,n<3
50012341,2024-04-01,2024-09-30,semestral,,,4,qty constante
50012341,2024-05-01,2024-10-31,semestral,,,3,qty constante
50012341,2024-06-01,2024-11-30,semestral,,,4,qty constante
50012341,2024-07-01,2024-12-31,semestral,1.0267166293733545,0.11111111111111105,4,valida
50012341,2024-08-01,2025-01-31,semestral,1.5400749440600228,0.25,3,valida
50012341,2024-09-01,2025-02-28,semestral,,,2,n<3
50012341,2024-10-01,2025-03-31,semestral,,,2,n<3
50012341,2024-11-01,2025-04-30,semestral,,,2,n<3
50012341,2024-12-01,2025-05-31,semestral,,,1,n<3
50012341,2025-01-01,2025-06-30,semestral,,,0,n<3
50012341,2025-02-01,2025-07-31,semestral,,,0,n<3
50012341,2025-03-01,2025-08-31,semestral,,,0,n<3
50012341,2025-04-01,2025-09-30,semestral,,,0,n<3
50012341,2025-05-01,2025-10-31,semestral,,,2,n<3
50012341,2025-06-01,2025-11-30,semestral,,,2,n<3
50012341,2025-07-01,2025-12-31,semestral,,,2,n<3
50012341,2025-08-01,2026-01-31,semestral,,,2,n<3
50012341,2025-09-01,2026-02-28,semestral,,,3,precio constante
50012341,2025-10-01,2026-03-31,semestral,,,3,precio constante
50012341,2025-11-01,2026-04-30,semestral,,,2,n<3
50014782,2024-02-01,2024-02-29,mensual,,,1,n<3
50014782,2024-03-01,2024-03-31,mensual,,,0,n<3
50014782,2024-04-01,2024-04-30,mensual,,,0,n<3
50014782,2024-05-01,2024-05-31,mensual,,,1,n<3
50014782,2024-06-01,2024-06-30,mensual,,,0,n<3
50014782,2024-07-01,2024-07-31,mensual,,,0,n<3
50014782,2024-08-01,2024-08-31,mensual,,,1,n<3
50014782,2024-09-01,2024-09-30,mensual,,,0,n<3
50014782,2024-10-01,2024-10-31,mensual,,,0,n<3
50014782,2024-11-01,2024-11-30,mensual,,,1,n<3
50014782,2024-12-01,2024-12-31,mensual,,,0,n<3
50014782,2025-01-01,2025-01-31,mensual,,,0,n<3
50014782,2025-02-01,2025-02-28,mensual,,,1,n<3
50014782,2025-03-01,2025-03-31,mensual,,,0,n<3
50014782,2025-04-01,2025-04-30,mensual,,,0,n<3
50014782,2025-05-01,2025-05-31,mensual,,,1,n<3
50014782,2025-06-01,2025-06-30,mensual,,,0,n<3
50014782,2025-07-01,2025-07-31,mensual,,,0,n<3
50014782,2025-08-01,2025-08-31,mensual,,,0,n<3
50014782,2025-09-01,2025-09-30,mensual,,,0,n<3
50014782,2025-10-01,2025-10-31,mensual,,,1,n<3
50014782,2025-11-01,2025-11-30,mensual,,,0,n<3
50014782,2025-12-01,2025-12-31,mensual,,,0,n<3
50014782,2026-01-01,2026-01-31,mensual,,,0,n<3
50014782,2026-02-01,2026-02-28,mensual,,,1,n<3
50014782,2026-03-01,2026-03-31,mensual,,,2,n<3
50014782,2024-02-01,2024-04-30,trimestral,,,1,n<3
50014782,2024-03-01,2024-05-31,trimestral,,,1,n<3
50014782,2024-04-01,2024-06-30,trimestral,,,1,n<3
50014782,2024-05-01,2024-07-31,trimestral,,,1,n<3
50014782,2024-06-01,2024-08-31,trimestral,,,1,n<3
50014782,2024-07-01,2024-09-30,trimestral,,,1,n<3
50014782,2024-08-01,2024-10-31,trimestral,,,1,n<3
50014782,2024-09-01,2024-11-30,trimestral,,,1,n<3
50014782,2024-10-01,2024-12-31,trimestral,,,1,n<3
50014782,2024-11-01,2025-01-31,trimestral,,,1,n<3
50014782,2024-12-01,2025-02-28,trimestral,,,1,n<3
50014782,2025-01-01,2025-03-31,trimestral,,,1,n<3
50014782,2025-02-01,2025-04-30,trimestral,,,1,n<3
50014782,2025-03-01,2025-05-31,trimestral,,,1,n<3
50014782,2025-04-01,2025-06-30,trimestral,,,1,n<3
50014782,2025-05-01,2025-07-31,trimestral,,,1,n<3
50014782,2025-06-01,2025-08-31,trimestral,,,0,n<3
50014782,2025-07-01,2025-09-30,trimestral,,,0,n<3
50014782,2025-08-01,2025-10-31,trimestral,,,1,n<3
50014782,2025-09-01,2025-11-30,trimestral,,,1,n<3
50014782,2025-10-01,2025-12-31,trimestral,,,1,n<3
50014782,2025-11-01,2026-01-31,trimestral,,,0,n<3
50014782,2025-12-01,2026-02-28,trimestral,,,1,n<3
50014782,2026-01-01,2026-03-31,trimestral,,,3,qty constante
50014782,2024-02-01,2024-07-31,semestral,,,2,n<3
50014782,2024-03-01,2024-08-31,semestral,,,2,n<3
50014782,2024-04-01,2024-09-30,semestral,,,2,n<3
50014782,2024-05-01,2024-10-31,semestral,,,2,n<3
50014782,2024-06-01,2024-11-30,semestral,,,2,n<3
50014782,2024-07-01,2024-12-31,semestral,,,2,n<3
50014782,2024-08-01,2025-01-31,semestral,,,2,n<3
50014782,2024-09-01,2025-02-28,semestral,,,2,n<3
50014782,2024-10-01,2025-03-31,semestral,,,2,n<3
50014782,2024-11-01,2025-04-30,semestral,,,2,n<3
50014782,2024-12-01,2025-05-31,semestral,,,2,n<3
50014782,2025-01-01,2025-06-30,semestral,,,2,n<3
50014782,2025-02-01,2025-07-31,semestral,,,2,n<3
50014782,2025-03-01,2025-08-31,semestral,,,1,n<3
50014782,2025-04-01,2025-09-30,semestral,,,1,n<3
50014782,2025-05-01,2025-10-31,semestral,,,2,n<3
50014782,2025-06-01,2025-11-30,semestral,,,1,n<3
50014782,2025-07-01,2025-12-31,semestral,,,1,n<3
50014782,2025-08-01,2026-01-31,semestral,,,1,n<3
50014782,2025-09-01,2026-02-28,semestral,,,2,n<3
50014782,2025-10-01,2026-03-31,semestral,,,4,qty constante
50014783,2024-11-01,2024-11-30,mensual,,,1,n<3
50014783,2024-12-01,2024-12-31,mensual,,,0,n<3
50014783,2025-01-01,2025-01-31,mensual,,,0,n<3
50014783,2025-02-01,2025-02-28,mensual,,,0,n<3
50014783,2025-03-01,2025-03-31,mensual,,,0,n<3
50014783,2025-04-01,2025-04-30,mensual,,,0,n<3
50014783,2025-05-01,2025-05-31,mensual,,,0,n<3
50014783,2025-06-01,2025-06-30,mensual,,,1,n<3
50014783,2024-11-01,2025-01-31,trimestral,,,1,n<3
50014783,2024-12-01,2025-02-28,trimestral,,,0,n<3
50014783,2025-01-01,2025-03-31,trimestral,,,0,n<3
50014783,2025-02-01,2025-04-30,trimestral,,,0,n<3
50014783,2025-03-01,2025-05-31,trimestral,,,0,n<3
50014783,2025-04-01,2025-06-30,trimestral,,,1,n<3
50014783,2024-11-01,2025-04-30,semestral,,,1,n<3
50014783,2024-12-01,2025-05-31,semestral,,,0,n<3
50014783,2025-01-01,2025-06-30,semestral,,,1,n<3
50022315,2024-02-01,2024-02-29,mensual,,,1,n<3
50022315,2024-03-01,2024-03-31,mensual,,,0,n<3
50022315,2024-04-01,2024-04-30,mensual,,,0,n<3
50022315,2024-05-01,2024-05-31,mensual,,,0,n<3
50022315,2024-06-01,2024-06-30,mensual,,,0,n<3
50022315,2024-07-01,2024-07-31,mensual,,,1,n<3
50022315,2024-08-01,2024-08-31,mensual,,,1,n<3
50022315,2024-09-01,2024-09-30,mensual,,,0,n<3
50022315,2024-10-01,2024-10-31,mensual,,,0,n<3
50022315,2024-11-01,2024-11-30,mensual,,,0,n<3
50022315,2024-12-01,2024-12-31,mensual,,,0,n<3
50022315,2025-01-01,2025-01-31,mensual,,,0,n<3
50022315,2025-02-01,2025-02-28,mensual,,,1,n<3
50022315,2025-03-01,2025-03-31,mensual,,,0,n<3
50022315,2025-04-01,2025-04-30,mensual,,,2,n<3
50022315,2025-05-01,2025-05-31,mensual,,,0,n<3
50022315,2025-06-01,2025-06-30,mensual,,,0,n<3
50022315,2025-07-01,2025-07-31,mensual,,,0,n<3
50022315,2025-08-01,2025-08-31,mensual,,,0,n<3
50022315,2025-09-01,2025-09-30,mensual,,,0,n<3
50022315,2025-10-01,2025-10-31,mensual,,,1,n<3
50022315,2024-02-01,2024-04-30,trimestral,,,1,n<3
50022315,2024-03-01,2024-05-31,trimestral,,,0,n<3
50022315,2024-04-01,2024-06-30,trimestral,,,0,n<3
50022315,2024-05-01,2024-07-31,trimestral,,,1,n<3
50022315,2024-06-01,2024-08-31,trimestral,,,2,n<3
50022315,2024-07-01,2024-09-30,trimestral,,,2,n<3
50022315,2024-08-01,2024-10-31,trimestral,,,1,n<3
50022315,2024-09-01,2024-11-30,trimestral,,,0,n<3
50022315,2024-10-01,2024-12-31,trimestral,,,0,n<3
50022315,2024-11-01,2025-01-31,trimestral,,,0,n<3
50022315,2024-12-01,2025-02-28,trimestral,,,1,n<3
50022315,2025-01-01,2025-03-31,trimestral,,,1,n<3
50022315,2025-02-01,2025-04-30,trimestral,,,3,precio constante
50022315,2025-03-01,2025-05-31,trimestral,,,2,n<3
50022315,2025-04-01,2025-06-30,trimestral,,,2,n<3
50022315,2025-05-01,2025-07-31,trimestral,,,0,n<3
50022315,2025-06-01,2025-08-31,trimestral,,,0,n<3
50022315,2025-07-01,2025-09-30,trimestral,,,0,n<3
50022315,2025-08-01,2025-10-31,trimestral,,,1,n<3
50022315,2024-02-01,2024-07-31,semestral,,,2,n<3
50022315,2024-03-01,2024-08-31,semestral,,,2,n<3
50022315,2024-04-01,2024-09-30,semestral,,,2,n<3
50022315,2024-05-01,2024-10-31,semestral,,,2,n<3
50022315,2024-06-01,2024-11-30,semestral,,,2,n<3
50022315,2024-07-01,2024-12-31,semestral,,,2,n<3
50022315,2024-08-01,2025-01-31,semestral,,,1,n<3
50022315,2024-09-01,2025-02-28,semestral,,,1,n<3
50022315,2024-10-01,2025-03-31,semestral,,,1,n<3
50022315,2024-11-01,2025-04-30,semestral,,,3,precio constante
50022315,2024-12-01,2025-05-31,semestral,,,3,precio constante
50022315,2025-01-01,2025-06-30,semestral,,,3,precio constante
50022315,2025-02-01,2025-07-31,semestral,,,3,precio constante
50022315,2025-03-01,2025-08-31,semestral,,,2,n<3
50022315,2025-04-01,2025-09-30,semestral,,,2,n<3
50022315,2025-05-01,2025-10-31,semestral,,,1,n<3
50022799,2024-01-01,2024-01-31,mensual,,,1,n<3
50022799,2024-02-01,2024-02-29,mensual,,,1,n<3
50022799,2024-03-01,2024-03-31,mensual,,,4,qty constante
50022799,2024-04-01,2024-04-30,mensual,,,1,n<3
50022799,2024-05-01,2024-05-31,mensual,,,2,n<3
50022799,2024-06-01,2024-06-30,mensual,,,2,n<3
50022799,2024-07-01,2024-07-31,mensual,,,0,n<3
50022799,2024-08-01,2024-08-31,mensual,,,2,n<3
50022799,2024-09-01,2024-09-30,mensual,,,1,n<3
50022799,2024-10-01,2024-10-31,mensual,,,3,precio constante
50022799,2024-11-01,2024-11-30,mensual,,,0,n<3
50022799,2024-12-01,2024-12-31,mensual,,,3,precio constante
50022799,2025-01-01,2025-01-31,mensual,,,2,n<3
50022799,2025-02-01,2025-02-28,mensual,,,4,qty constante
50022799,2025-03-01,2025-03-31,mensual,,,0,n<3
50022799,2025-04-01,2025-04-30,mensual,,,2,n<3
50022799,2025-05-01,2025-05-31,mensual,,,0,n<3
50022799,2025-06-01,2025-06-30,mensual,,,1,n<3
50022799,2025-07-01,2025-07-31,mensual,,,2,n<3
50022799,2025-08-01,2025-08-31,mensual,,,4,qty constante
50022799,2025-09-01,2025-09-30,mensual,,,2,n<3
50022799,2025-10-01,2025-10-31,mensual,-2.4242690922961017,0.06249999999999989,5,valida
50022799,2025-11-01,2025-11-30,mensual,,,1,n<3
50022799,2025-12-01,2025-12-31,mensual,,,3,precio constante
50022799,2026-01-01,2026-01-31,mensual,,,3,precio constante
50022799,2026-02-01,2026-02-28,mensual,,,1,n<3
50022799,2026-03-01,2026-03-31,mensual,,,2,n<3
50022799,2026-04-01,2026-04-30,mensual,3.2907550233645746,0.2500000000000001,3,valida
50022799,2024-01-01,2024-03-31,trimestral,,,6,qty constante
50022799,2024-02-01,2024-04-30,trimestral,-1.9396047379500136,0.04000000000000015,6,valida
50022799,2024-03-01,2024-05-31,trimestral,-3.2326745632503586,0.06666666666666643,7,valida
50022799,2024-04-01,2024-06-30,trimestral,,,5,precio constante
50022799,2024-05-01,2024-07-31,trimestral,,,4,precio constante
50022799,2024-06-01,2024-08-31,trimestral,,,4,precio constante
50022799,2024-07-01,2024-09-30,trimestral,,,3,precio constante
50022799,2024-08-01,2024-10-31,trimestral,,,6,precio constante
50022799,2024-09-01,2024-11-30,trimestral,,,4,precio constante
50022799,2024-10-01,2024-12-31,trimestral,,,6,precio constante
50022799,2024-11-01,2025-01-31,trimestral,,,5,precio constante
50022799,2024-12-01,2025-02-28,trimestral,,,9,qty constante
50022799,2025-01-01,2025-03-31,trimestral,,,6,qty constante
50022799,2025-02-01,2025-04-30,trimestral,1.1445652532875779,0.06985124360151451,6,valida
50022799,2025-03-01,2025-05-31,trimestral,,,2,n<3
50022799,2025-04-01,2025-06-30,trimestral,,,3,precio constante
50022799,2025-05-01,2025-07-31,trimestral,,,3,precio constante
50022799,2025-06-01,2025-08-31,trimestral,,,7,qty constante
50022799,2025-07-01,2025-09-30,trimestral,0.4438100113752645,0.020408163265306034,8,valida
50022799,2025-08-01,2025-10-31,trimestral,0.361936733535358,0.008797644151326889,11,valida
50022799,2025-09-01,2025-11-30,trimestral,-2.7705932483385016,0.04761904761904745,8,valida
50022799,2025-10-01,2025-12-31,trimestral,-2.424269092296104,0.03571428571428581,9,valida
50022799,2025-11-01,2026-01-31,trimestral,,,7,precio constante
50022799,2025-12-01,2026-02-28,trimestral,,,7,precio constante
50022799,2026-01-01,2026-03-31,trimestral,9.697076369184336,1.0,6,valida
50022799,2026-02-01,2026-04-30,trimestral,3.5829574311780386,0.3208435782453525,6,valida
50022799,2024-01-01,2024-06-30,semestral,-0.062000302944320324,4.676390674185349e-05,11,valida
50022799,2024-02-01,2024-07-31,semestral,-2.155116375500587,0.027777777777777568,10,valida
50022799,2024-03-01,2024-08-31,semestral,-1.9396047379504766,0.022222222222222143,11,valida
50022799,2024-04-01,2024-09-30,semestral,,,8,precio constante
50022799,2024-05-01,2024-10-31,semestral,,,10,precio constante
50022799,2024-06-01,2024-11-30,semestral,,,8,precio constante
50022799,2024-07-01,2024-12-31,semestral,,,9,precio constante
50022799,2024-08-01,2025-01-31,semestral,,,11,precio constante
50022799,2024-09-01,2025-02-28,semestral,,,13,qty constante
50022799,2024-10-01,2025-03-31,semestral,,,12,qty constante
50022799,2024-11-01,2025-04-30,semestral,1.3159581396975064,0.08669420889711654,11,valida
50022799,2024-12-01,2025-05-31,semestral,1.3159581396975064,0.08669420889711654,11,valida
50022799,2025-01-01,2025-06-30,semestral,1.0382102538086735,0.05795841066361107,9,valida
50022799,2025-02-01,2025-07-31,semestral,0.6834742872962132,0.026069684974366014,9,valida
50022799,2025-03-01,2025-08-31,semestral,0.38833375995334934,0.015625000000000333,9,valida
50022799,2025-04-01,2025-09-30,semestral,0.6213340159253611,0.022222222222222254,11,valida
50022799,2025-05-01,2025-10-31,semestral,0.2819866445576167,0.005140715056770162,14,valida
50022799,2025-06-01,2025-11-30,semestral,0.2626474566264968,0.004419835295675911,15,valida
50022799,2025-07-01,2025-12-31,semestral,0.3464506741273624,0.005413643005404922,17,valida
50022799,2025-08-01,2026-01-31,semestral,0.32674481599019867,0.004765337728437347,18,valida
50022799,2025-09-01,2026-02-28,semestral,-2.077944936253768,0.017857142857142683,15,valida
50022799,2025-10-01,2026-03-31,semestral,3.3566802816407844,0.08653846153846156,15,valida
50022799,2025-11-01,2026-04-30,semestral,3.410816054000907,0.1690697291722436,13,valida
50027545,2024-01-01,2024-01-31,mensual,,,1,n<3
50027545,2024-02-01,2024-02-29,mensual,,,4,precio constante
50027545,2024-03-01,2024-03-31,mensual,,,2,n<3
50027545,2024-04-01,2024-04-30,mensual,,,0,n<3
50027545,2024-05-01,2024-05-31,mensual,,,1,n<3
50027545,2024-06-01,2024-06-30,mensual,,,1,n<3
50027545,2024-07-01,2024-07-31,mensual,,,3,precio constante
50027545,2024-08-01,2024-08-31,mensual,,,5,precio constante
50027545,2024-09-01,2024-09-30,mensual,,,1,n<3
50027545,2024-10-01,2024-10-31,mensual,,,2,n<3
50027545,2024-11-01,2024-11-30,mensual,,,2,n<3
50027545,2024-12-01,2024-12-31,mensual,,,3,precio constante
50027545,2025-01-01,2025-01-31,mensual,,,4,precio constante
50027545,2025-02-01,2025-02-28,mensual,,,2,n<3
50027545,2025-03-01,2025-03-31,mensual,,,4,precio constante
50027545,2025-04-01,2025-04-30,mensual,,,2,n<3
50027545,2025-05-01,2025-05-31,mensual,,,2,n<3
50027545,2025-06-01,2025-06-30,mensual,,,2,n<3
50027545,2025-07-01,2025-07-31,mensual,,,1,n<3
50027545,2025-08-01,2025-08-31,mensual,,,9,precio constante
50027545,2025-09-01,2025-09-30,mensual,,,3,precio constante
50027545,2025-10-01,2025-10-31,mensual,,,2,n<3
50027545,2025-11-01,2025-11-30,mensual,,,0,n<3
50027545,2025-12-01,2025-12-31,mensual,,,0,n<3
50027545,2026-01-01,2026-01-31,mensual,,,2,n<3
50027545,2026-02-01,2026-02-28,mensual,,,1,n<3
50027545,2026-03-01,2026-03-31,mensual,,,1,n<3
50027545,2024-01-01,2024-03-31,trimestral,1.440553198613213,0.11444877932779751,7,valida
50027545,2024-02-01,2024-04-30,trimestral,,,6,precio constante
50027545,2024-03-01,2024-05-31,trimestral,,,3,precio constante
50027545,2024-04-01,2024-06-30,trimestral,,,2,n<3
50027545,2024-05-01,2024-07-31,trimestral,-3.3702013522640386,0.4849913348371153,5,valida
50027545,2024-06-01,2024-08-31,trimestral,-2.365515408714097,0.08922286726449435,9,valida
50027545,2024-07-01,2024-09-30,trimestral,,,9,precio constante
50027545,2024-08-01,2024-10-31,trimestral,,,8,precio constante
50027545,2024-09-01,2024-11-30,trimestral,,,5,precio constante
50027545,2024-10-01,2024-12-31,trimestral,,,7,precio constante
50027545,2024-11-01,2025-01-31,trimestral,,,9,precio constante
50027545,2024-12-01,2025-02-28,trimestral,1.654978808216571,0.07376757939501266,9,valida
50027545,2025-01-01,2025-03-31,trimestral,1.2964923886608446,0.09096685630270362,10,valida
50027545,2025-02-01,2025-04-30,trimestral,1.7564128381091428,0.07900915288236543,8,valida
50027545,2025-03-01,2025-05-31,trimestral,,,8,precio constante
50027545,2025-04-01,2025-06-30,trimestral,,,6,precio constante
50027545,2025-05-01,2025-07-31,trimestral,,,5,precio constante
50027545,2025-06-01,2025-08-31,trimestral,2.372262334667736,0.01783401217752245,12,valida
50027545,2025-07-01,2025-09-30,trimestral,5.146841253993061,0.03459674493711984,13,valida
50027545,2025-08-01,2025-10-31,trimestral,,,14,precio constante
50027545,2025-09-01,2025-11-30,trimestral,,,5,precio constante
50027545,2025-10-01,2025-12-31,trimestral,,,2,n<3
50027545,2025-11-01,2026-01-31,trimestral,,,2,n<3
50027545,2025-12-01,2026-02-28,trimestral,6.874849709020606,0.2500000000000001,3,valida
50027545,2026-01-01,2026-03-31,trimestral,4.583233139347205,0.11111111111111105,4,valida
50027545,2024-01-01,2024-06-30,semestral,-0.40307342161273707,0.008635409838810282,9,valida
50027545,2024-02-01,2024-07-31,semestral,-3.187329959071984,0.22000832968984463,11,valida
50027545,2024-03-01,2024-08-31,semestral,-2.498074804470307,0.09016621598588048,12,valida
50027545,2024-04-01,2024-09-30,semestral,-2.8768208387966907,0.10942283318635859,11,valida
50027545,2024-05-01,2024-10-31,semestral,-3.2176954508049205,0.12289596950732651,13,valida
50027545,2024-06-01,2024-11-30,semestral,-3.109899077294882,0.11367477136257353,14,valida
50027545,2024-07-01,2024-12-31,semestral,,,16,precio constante
50027545,2024-08-01,2025-01-31,semestral,,,17,precio constante
50027545,2024-09-01,2025-02-28,semestral,1.1683671298189053,0.031857408697787415,14,valida
50027545,2024-10-01,2025-03-31,semestral,1.192449825318723,0.03154864519090417,17,valida
50027545,2024-11-01,2025-04-30,semestral,1.596573067209429,0.03570745749143356,17,valida
50027545,2024-12-01,2025-05-31,semestral,1.5965730672094283,0.03570745749143378,17,valida
50027545,2025-01-01,2025-06-30,semestral,1.4683892637876987,0.0410655730942423,16,valida
50027545,2025-02-01,2025-07-31,semestral,1.3488779302069904,0.04149781514439643,13,valida
50027545,2025-03-01,2025-08-31,semestral,-2.098386038206378,0.008923613974086031,20,valida
50027545,2025-04-01,2025-09-30,semestral,-5.088898369310272,0.047140148710242746,19,valida
50027545,2025-05-01,2025-10-31,semestral,0.5431723317567007,0.0009198353760934141,19,valida
50027545,2025-06-01,2025-11-30,semestral,1.4387120576125534,0.004696028612817926,17,valida
50027545,2025-07-01,2025-12-31,semestral,5.916405451225809,0.03281101921636642,15,valida
50027545,2025-08-01,2026-01-31,semestral,-5.6771860432134185,0.028318145519420246,16,valida
50027545,2025-09-01,2026-02-28,semestral,3.226532225808684,0.030870112410039674,8,valida
50027545,2025-10-01,2026-03-31,semestral,-2.692265480515025,0.023998481908876435,6,valida
50028181,2024-01-01,2024-01-31,mensual,,,1,n<3
50028181,2024-02-01,2024-02-29,mensual,,,1,n<3
50028181,2024-03-01,2024-03-31,mensual,,,1,n<3
50028181,2024-04-01,2024-04-30,mensual,,,0,n<3
50028181,2024-05-01,2024-05-31,mensual,,,0,n<3
50028181,2024-06-01,2024-06-30,mensual,,,0,n<3
50028181,2024-07-01,2024-07-31,mensual,,,0,n<3
50028181,2024-08-01,2024-08-31,mensual,,,0,n<3
50028181,2024-09-01,2024-09-30,mensual,,,0,n<3
50028181,2024-10-01,2024-10-31,mensual,,,0,n<3
50028181,2024-11-01,2024-11-30,mensual,,,1,n<3
50028181,2024-12-01,2024-12-31,mensual,,,0,n<3
50028181,2025-01-01,2025-01-31,mensual,,,0,n<3
50028181,2025-02-01,2025-02-28,mensual,,,0,n<3
50028181,2025-03-01,2025-03-31,mensual,,,1,n<3
50028181,2025-04-01,2025-04-30,mensual,,,0,n<3
50028181,2025-05-01,2025-05-31,mensual,,,0,n<3
50028181,2025-06-01,2025-06-30,mensual,,,0,n<3
50028181,2025-07-01,2025-07-31,mensual,,,2,n<3
50028181,2025-08-01,2025-08-31,mensual,,,1,n<3
50028181,2025-09-01,2025-09-30,mensual,,,3,precio constante
50028181,2025-10-01,2025-10-31,mensual,,,0,n<3
50028181,2025-11-01,2025-11-30,mensual,,,0,n<3
50028181,2025-12-01,2025-12-31,mensual,,,0,n<3
50028181,2026-01-01,2026-01-31,mensual,,,0,n<3
50028181,2026-02-01,2026-02-28,mensual,,,0,n<3
50028181,2026-03-01,2026-03-31,mensual,,,1,n<3
50028181,2024-01-01,2024-03-31,trimestral,,,3,precio constante
50028181,2024-02-01,2024-04-30,trimestral,,,2,n<3
50028181,2024-03-01,2024-05-31,trimestral,,,1,n<3
50028181,2024-04-01,2024-06-30,trimestral,,,0,n<3
50028181,2024-05-01,2024-07-31,trimestral,,,0,n<3
50028181,2024-06-01,2024-08-31,trimestral,,,0,n<3
50028181,2024-07-01,2024-09-30,trimestral,,,0,n<3
50028181,2024-08-01,2024-10-31,trimestral,,,0,n<3
50028181,2024-09-01,2024-11-30,trimestral,,,1,n<3
50028181,2024-10-01,2024-12-31,trimestral,,,1,n<3
50028181,2024-11-01,2025-01-31,trimestral,,,1,n<3
50028181,2024-12-01,2025-02-28,trimestral,,,0,n<3
50028181,2025-01-01,2025-03-31,trimestral,,,1,n<3
50028181,2025-02-01,2025-04-30,trimestral,,,1,n<3
50028181,2025-03-01,2025-05-31,trimestral,,,1,n<3
50028181,2025-04-01,2025-06-30,trimestral,,,0,n<3
50028181,2025-05-01,2025-07-31,trimestral,,,2,n<3
50028181,2025-06-01,2025-08-31,trimestral,,,3,precio constante
50028181,2025-07-01,2025-09-30,trimestral,,,6,precio constante
50028181,2025-08-01,2025-10-31,trimestral,,,4,precio constante
50028181,2025-09-01,2025-11-30,trimestral,,,3,precio constante
50028181,2025-10-01,2025-12-31,trimestral,,,0,n<3
50028181,2025-11-01,2026-01-31,trimestral,,,0,n<3
50028181,2025-12-01,2026-02-28,trimestral,,,0,n<3
50028181,2026-01-01,2026-03-31,trimestral,,,1,n<3
50028181,2024-01-01,2024-06-30,semestral,,,3,precio constante
50028181,2024-02-01,2024-07-31,semestral,,,2,n<3
50028181,2024-03-01,2024-08-31,semestral,,,1,n<3
50028181,2024-04-01,2024-09-30,semestral,,,0,n<3
50028181,2024-05-01,2024-10-31,semestral,,,0,n<3
50028181,2024-06-01,2024-11-30,semestral,,,1,n<3
50028181,2024-07-01,2024-12-31,semestral,,,1,n<3
50028181,2024-08-01,2025-01-31,semestral,,,1,n<3
50028181,2024-09-01,2025-02-28,semestral,,,1,n<3
50028181,2024-10-01,2025-03-31,semestral,,,2,n<3
50028181,2024-11-01,2025-04-30,semestral,,,2,n<3
50028181,2024-12-01,2025-05-31,semestral,,,1,n<3
50028181,2025-01-01,2025-06-30,semestral,,,1,n<3
50028181,2025-02-01,2025-07-31,semestral,,,3,precio constante
50028181,2025-03-01,2025-08-31,semestral,,,4,precio constante
50028181,2025-04-01,2025-09-30,semestral,,,6,precio constante
50028181,2025-05-01,2025-10-31,semestral,,,6,precio constante
50028181,2025-06-01,2025-11-30,semestral,,,6,precio constante
50028181,2025-07-01,2025-12-31,semestral,,,6,precio constante
50028181,2025-08-01,2026-01-31,semestral,,,4,precio constante
50028181,2025-09-01,2026-02-28,semestral,,,3,precio constante
50028181,2025-10-01,2026-03-31,semestral,,,1,n<3
50031201,2024-01-01,2024-01-31,mensual,,,1,n<3
50031201,2024-02-01,2024-02-29,mensual,,,1,n<3
50031201,2024-03-01,2024-03-31,mensual,,,0,n<3
50031201,2024-04-01,2024-04-30,mensual,,,0,n<3
50031201,2024-05-01,2024-05-31,mensual,,,0,n<3
50031201,2024-06-01,2024-06-30,mensual,,,1,n<3
50031201,2024-07-01,2024-07-31,mensual,,,1,n<3
50031201,2024-08-01,2024-08-31,mensual,,,3,precio constante
50031201,2024-09-01,2024-09-30,mensual,,,1,n<3
50031201,2024-01-01,2024-03-31,trimestral,,,2,n<3
50031201,2024-02-01,2024-04-30,trimestral,,,1,n<3
50031201,2024-03-01,2024-05-31,trimestral,,,0,n<3
50031201,2024-04-01,2024-06-30,trimestral,,,1,n<3
50031201,2024-05-01,2024-07-31,trimestral,,,2,n<3
50031201,2024-06-01,2024-08-31,trimestral,,,5,precio constante
50031201,2024-07-01,2024-09-30,trimestral,,,5,precio constante
50031201,2024-01-01,2024-06-30,semestral,,,3,precio constante
50031201,2024-02-01,2024-07-31,semestral,,,3,precio constante
50031201,2024-03-01,2024-08-31,semestral,,,5,precio constante
50031201,2024-04-01,2024-09-30,semestral,,,6,precio constante
50031202,2024-08-01,2024-08-31,mensual,,,1,n<3
50031202,2024-09-01,2024-09-30,mensual,,,2,n<3
50031202,2024-10-01,2024-10-31,mensual,,,0,n<3
50031202,2024-11-01,2024-11-30,mensual,,,0,n<3
50031202,2024-12-01,2024-12-31,mensual,,,0,n<3
50031202,2025-01-01,2025-01-31,mensual,,,0,n<3
50031202,2025-02-01,2025-02-28,mensual,,,0,n<3
50031202,2025-03-01,2025-03-31,mensual,,,0,n<3
50031202,2025-04-01,2025-04-30,mensual,,,0,n<3
50031202,2025-05-01,2025-05-31,mensual,,,0,n<3
50031202,2025-06-01,2025-06-30,mensual,,,0,n<3
50031202,2025-07-01,2025-07-31,mensual,,,0,n<3
50031202,2025-08-01,2025-08-31,mensual,,,0,n<3
50031202,2025-09-01,2025-09-30,mensual,,,0,n<3
50031202,2025-10-01,2025-10-31,mensual,,,0,n<3
50031202,2025-11-01,2025-11-30,mensual,,,1,n<3
50031202,2025-12-01,2025-12-31,mensual,,,0,n<3
50031202,2026-01-01,2026-01-31,mensual,,,0,n<3
50031202,2026-02-01,2026-02-28,mensual,,,1,n<3
50031202,2024-08-01,2024-10-31,trimestral,,,3,precio constante
50031202,2024-09-01,2024-11-30,trimestral,,,2,n<3
50031202,2024-10-01,2024-12-31,trimestral,,,0,n<3
50031202,2024-11-01,2025-01-31,trimestral,,,0,n<3
50031202,2024-12-01,2025-02-28,trimestral,,,0,n<3
50031202,2025-01-01,2025-03-31,trimestral,,,0,n<3
50031202,2025-02-01,2025-04-30,trimestral,,,0,n<3
50031202,2025-03-01,2025-05-31,trimestral,,,0,n<3
50031202,2025-04-01,2025-06-30,trimestral,,,0,n<3
50031202,2025-05-01,2025-07-31,trimestral,,,0,n<3
50031202,2025-06-01,2025-08-31,trimestral,,,0,n<3
50031202,2025-07-01,2025-09-30,trimestral,,,0,n<3
50031202,2025-08-01,2025-10-31,trimestral,,,0,n<3
50031202,2025-09-01,2025-11-30,trimestral,,,1,n<3
50031202,2025-10-01,2025-12-31,trimestral,,,1,n<3
50031202,2025-11-01,2026-01-31,trimestral,,,1,n<3
50031202,2025-12-01,2026-02-28,trimestral,,,1,n<3
50031202,2024-08-01,2025-01-31,semestral,,,3,precio constante
50031202,2024-09-01,2025-02-28,semestral,,,2,n<3
50031202,2024-10-01,2025-03-31,semestral,,,0,n<3
50031202,2024-11-01,2025-04-30,semestral,,,0,n<3
50031202,2024-12-01,2025-05-31,semestral,,,0,n<3
50031202,2025-01-01,2025-06-30,semestral,,,0,n<3
50031202,2025-02-01,2025-07-31,semestral,,,0,n<3
50031202,2025-03-01,2025-08-31,semestral,,,0,n<3
50031202,2025-04-01,2025-09-30,semestral,,,0,n<3
50031202,2025-05-01,2025-10-31,semestral,,,0,n<3
50031202,2025-06-01,2025-11-30,semestral,,,1,n<3
50031202,2025-07-01,2025-12-31,semestral,,,1,n<3
50031202,2025-08-01,2026-01-31,semestral,,,1,n<3
50031202,2025-09-01,2026-02-28,semestral,,,2,n<3
50031203,2024-01-01,2024-01-31,mensual,,,1,n<3
50031203,2024-02-01,2024-02-29,mensual,,,0,n<3
50031203,2024-03-01,2024-03-31,mensual,,,0,n<3
50031203,2024-04-01,2024-04-30,mensual,,,0,n<3
50031203,2024-05-01,2024-05-31,mensual,,,0,n<3
50031203,2024-06-01,2024-06-30,mensual,,,0,n<3
50031203,2024-07-01,2024-07-31,mensual,,,0,n<3
50031203,2024-08-01,2024-08-31,mensual,,,0,n<3
50031203,2024-09-01,2024-09-30,mensual,,,0,n<3
50031203,2024-10-01,2024-10-31,mensual,,,1,n<3
50031203,2024-11-01,2024-11-30,mensual,,,0,n<3
50031203,2024-12-01,2024-12-31,mensual,,,0,n<3
50031203,2025-01-01,2025-01-31,mensual,,,1,n<3
50031203,2024-01-01,2024-03-31,trimestral,,,1,n<3
50031203,2024-02-01,2024-04-30,trimestral,,,0,n<3
50031203,2024-03-01,2024-05-31,trimestral,,,0,n<3
50031203,2024-04-01,2024-06-30,trimestral,,,0,n<3
50031203,2024-05-01,2024-07-31,trimestral,,,0,n<3
50031203,2024-06-01,2024-08-31,trimestral,,,0,n<3
50031203,2024-07-01,2024-09-30,trimestral,,,0,n<3
50031203,2024-08-01,2024-10-31,trimestral,,,1,n<3
50031203,2024-09-01,2024-11-30,trimestral,,,1,n<3
50031203,2024-10-01,2024-12-31,trimestral,,,1,n<3
50031203,2024-11-01,2025-01-31,trimestral,,,1,n<3
50031203,2024-01-01,2024-06-30,semestral,,,1,n<3
50031203,2024-02-01,2024-07-31,semestral,,,0,n<3
50031203,2024-03-01,2024-08-31,semestral,,,0,n<3
50031203,2024-04-01,2024-09-30,semestral,,,0,n<3
50031203,2024-05-01,2024-10-31,semestral,,,1,n<3
50031203,2024-06-01,2024-11-30,semestral,,,1,n<3
50031203,2024-07-01,2024-12-31,semestral,,,1,n<3
50031203,2024-08-01,2025-01-31,semestral,,,2,n<3
50031204,2024-04-01,2024-04-30,mensual,,,1,n<3
50031204,2024-05-01,2024-05-31,mensual,,,0,n<3
50031204,2024-06-01,2024-06-30,mensual,,,0,n<3
50031204,2024-07-01,2024-07-31,mensual,,,0,n<3
50031204,2024-08-01,2024-08-31,mensual,,,0,n<3
50031204,2024-09-01,2024-09-30,mensual,,,0,n<3
50031204,2024-10-01,2024-10-31,mensual,,,0,n<3
50031204,2024-11-01,2024-11-30,mensual,,,1,n<3
50031204,2024-12-01,2024-12-31,mensual,,,0,n<3
50031204,2025-01-01,2025-01-31,mensual,,,0,n<3
50031204,2025-02-01,2025-02-28,mensual,,,0,n<3
50031204,2025-03-01,2025-03-31,mensual,,,4,precio constante
50031204,2025-04-01,2025-04-30,mensual,,,1,n<3
50031204,2025-05-01,2025-05-31,mensual,,,0,n<3
50031204,2025-06-01,2025-06-30,mensual,,,1,n<3
50031204,2025-07-01,2025-07-31,mensual,,,1,n<3
50031204,2025-08-01,2025-08-31,mensual,,,2,n<3
50031204,2025-09-01,2025-09-30,mensual,,,0,n<3
50031204,2025-10-01,2025-10-31,mensual,,,0,n<3
50031204,2025-11-01,2025-11-30,mensual,,,0,n<3
50031204,2025-12-01,2025-12-31,mensual,,,1,n<3
50031204,2026-01-01,2026-01-31,mensual,,,2,n<3
50031204,2026-02-01,2026-02-28,mensual,,,1,n<3
50031204,2024-04-01,2024-06-30,trimestral,,,1,n<3
50031204,2024-05-01,2024-07-31,trimestral,,,0,n<3
50031204,2024-06-01,2024-08-31,trimestral,,,0,n<3
50031204,2024-07-01,2024-09-30,trimestral,,,0,n<3
50031204,2024-08-01,2024-10-31,trimestral,,,0,n<3
50031204,2024-09-01,2024-11-30,trimestral,,,1,n<3
50031204,2024-10-01,2024-12-31,trimestral,,,1,n<3
50031204,2024-11-01,2025-01-31,trimestral,,,1,n<3
50031204,2024-12-01,2025-02-28,trimestral,,,0,n<3
50031204,2025-01-01,2025-03-31,trimestral,,,4,precio constante
50031204,2025-02-01,2025-04-30,trimestral,,,5,precio constante
50031204,2025-03-01,2025-05-31,trimestral,,,5,precio constante
50031204,2025-04-01,2025-06-30,trimestral,,,2,n<3
50031204,2025-05-01,2025-07-31,trimestral,,,2,n<3
50031204,2025-06-01,2025-08-31,trimestral,,,4,precio constante
50031204,2025-07-01,2025-09-30,trimestral,,,3,precio constante
50031204,2025-08-01,2025-10-31,trimestral,,,2,n<3
50031204,2025-09-01,2025-11-30,trimestral,,,0,n<3
50031204,2025-10-01,2025-12-31,trimestral,,,1,n<3
50031204,2025-11-01,2026-01-31,trimestral,,,3,precio constante
50031204,2025-12-01,2026-02-28,trimestral,,,4,precio constante
50031204,2024-04-01,2024-09-30,semestral,,,1,n<3
50031204,2024-05-01,2024-10-31,semestral,,,0,n<3
50031204,2024-06-01,2024-11-30,semestral,,,1,n<3
50031204,2024-07-01,2024-12-31,semestral,,,1,n<3
50031204,2024-08-01,2025-01-31,semestral,,,1,n<3
50031204,2024-09-01,2025-02-28,semestral,,,1,n<3
50031204,2024-10-01,2025-03-31,semestral,,,5,precio constante
50031204,2024-11-01,2025-04-30,semestral,,,6,precio constante
50031204,2024-12-01,2025-05-31,semestral,,,5,precio constante
50031204,2025-01-01,2025-06-30,semestral,9.793286017995502,0.012756426654444875,6,valida
50031204,2025-02-01,2025-07-31,semestral,-7.59340461178732,0.012011293410703505,7,valida
50031204,2025-03-01,2025-08-31,semestral,-16.26182599592424,0.07675424299016598,9,valida
50031204,2025-04-01,2025-09-30,semestral,-26.115969324349535,0.3767936421065181,5,valida
50031204,2025-05-01,2025-10-31,semestral,,,4,precio constante
50031204,2025-06-01,2025-11-30,semestral,,,4,precio constante
50031204,2025-07-01,2025-12-31,semestral,,,4,precio constante
50031204,2025-08-01,2026-01-31,semestral,,,5,precio constante
50031204,2025-09-01,2026-02-28,semestral,,,4,precio constante
50031205,2024-04-01,2024-04-30,mensual,,,1,n<3
50031205,2024-05-01,2024-05-31,mensual,,,0,n<3
50031205,2024-06-01,2024-06-30,mensual,,,0,n<3
50031205,2024-07-01,2024-07-31,mensual,,,0,n<3
50031205,2024-08-01,2024-08-31,mensual,,,1,n<3
50031205,2024-09-01,2024-09-30,mensual,,,0,n<3
50031205,2024-10-01,2024-10-31,mensual,,,0,n<3
50031205,2024-11-01,2024-11-30,mensual,,,0,n<3
50031205,2024-12-01,2024-12-31,mensual,,,0,n<3
50031205,2025-01-01,2025-01-31,mensual,,,0,n<3
50031205,2025-02-01,2025-02-28,mensual,,,0,n<3
50031205,2025-03-01,2025-03-31,mensual,,,0,n<3
50031205,2025-04-01,2025-04-30,mensual,,,1,n<3
50031205,2024-04-01,2024-06-30,trimestral,,,1,n<3
50031205,2024-05-01,2024-07-31,trimestral,,,0,n<3
50031205,2024-06-01,2024-08-31,trimestral,,,1,n<3
50031205,2024-07-01,2024-09-30,trimestral,,,1,n<3
50031205,2024-08-01,2024-10-31,trimestral,,,1,n<3
50031205,2024-09-01,2024-11-30,trimestral,,,0,n<3
50031205,2024-10-01,2024-12-31,trimestral,,,0,n<3
50031205,2024-11-01,2025-01-31,trimestral,,,0,n<3
50031205,2024-12-01,2025-02-28,trimestral,,,0,n<3
50031205,2025-01-01,2025-03-31,trimestral,,,0,n<3
50031205,2025-02-01,2025-04-30,trimestral,,,1,n<3
50031205,2024-04-01,2024-09-30,semestral,,,2,n<3
50031205,2024-05-01,2024-10-31,semestral,,,1,n<3
50031205,2024-06-01,2024-11-30,semestral,,,1,n<3
50031205,2024-07-01,2024-12-31,semestral,,,1,n<3
50031205,2024-08-01,2025-01-31,semestral,,,1,n<3
50031205,2024-09-01,2025-02-28,semestral,,,0,n<3
50031205,2024-10-01,2025-03-31,semestral,,,0,n<3
50031205,2024-11-01,2025-04-30,semestral,,,1,n<3
50031206,2024-05-01,2024-05-31,mensual,,,1,n<3
50031206,2024-06-01,2024-06-30,mensual,,,1,n<3
50031206,2024-07-01,2024-07-31,mensual,,,0,n<3
50031206,2024-08-01,2024-08-31,mensual,,,1,n<3
50031206,2024-09-01,2024-09-30,mensual,,,1,n<3
50031206,2024-10-01,2024-10-31,mensual,,,2,n<3
50031206,2024-11-01,2024-11-30,mensual,,,0,n<3
50031206,2024-12-01,2024-12-31,mensual,,,0,n<3
50031206,2025-01-01,2025-01-31,mensual,,,2,n<3
50031206,2025-02-01,2025-02-28,mensual,,,1,n<3
50031206,2025-03-01,2025-03-31,mensual,,,0,n<3
50031206,2025-04-01,2025-04-30,mensual,,,0,n<3
50031206,2025-05-01,2025-05-31,mensual,,,0,n<3
50031206,2025-06-01,2025-06-30,mensual,,,1,n<3
50031206,2025-07-01,2025-07-31,mensual,,,0,n<3
50031206,2025-08-01,2025-08-31,mensual,3.282971897693484,0.4445138377651665,5,valida
50031206,2025-09-01,2025-09-30,mensual,,,2,n<3
50031206,2025-10-01,2025-10-31,mensual,,,0,n<3
50031206,2025-11-01,2025-11-30,mensual,,,0,n<3
50031206,2025-12-01,2025-12-31,mensual,,,3,precio constante
50031206,2026-01-01,2026-01-31,mensual,,,0,n<3
50031206,2026-02-01,2026-02-28,mensual,,,1,n<3
50031206,2026-03-01,2026-03-31,mensual,,,1,n<3
50031206,2026-04-01,2026-04-30,mensual,,,1,n<3
50031206,2024-05-01,2024-07-31,trimestral,,,2,n<3
50031206,2024-06-01,2024-08-31,trimestral,,,2,n<3
50031206,2024-07-01,2024-09-30,trimestral,,,2,n<3
50031206,2024-08-01,2024-10-31,trimestral,1.0359857011074778,0.11119439696174205,4,valida
50031206,2024-09-01,2024-11-30,trimestral,,,3,qty constante
50031206,2024-10-01,2024-12-31,trimestral,,,2,n<3
50031206,2024-11-01,2025-01-31,trimestral,,,2,n<3
50031206,2024-12-01,2025-02-28,trimestral,1.3365148144561,0.2499483259322507,3,valida
50031206,2025-01-01,2025-03-31,trimestral,1.3365148144561,0.2499483259322507,3,valida
50031206,2025-02-01,2025-04-30,trimestral,,,1,n<3
50031206,2025-03-01,2025-05-31,trimestral,,,0,n<3
50031206,2025-04-01,2025-06-30,trimestral,,,1,n<3
50031206,2025-05-01,2025-07-31,trimestral,,,1,n<3
50031206,2025-06-01,2025-08-31,trimestral,2.462421133988606,0.2500702645767259,6,valida
50031206,2025-07-01,2025-09-30,trimestral,1.970066077864445,0.16006295971473716,7,valida
50031206,2025-08-01,2025-10-31,trimestral,1.970066077864445,0.16006295971473716,7,valida
50031206,2025-09-01,2025-11-30,trimestral,,,2,n<3
50031206,2025-10-01,2025-12-31,trimestral,,,3,precio constante
50031206,2025-11-01,2026-01-31,trimestral,,,3,precio constante
50031206,2025-12-01,2026-02-28,trimestral,,,4,precio constante
50031206,2026-01-01,2026-03-31,trimestral,,,2,n<3
50031206,2026-02-01,2026-04-30,trimestral,,,3,precio constante
50031206,2024-05-01,2024-10-31,semestral,0.6217893484678865,0.040053978836449344,6,valida
50031206,2024-06-01,2024-11-30,semestral,0.7771166183495093,0.06256588658026174,5,valida
50031206,2024-07-01,2024-12-31,semestral,1.0359857011074778,0.11119439696174205,4,valida
50031206,2024-08-01,2025-01-31,semestral,2.228084240220492,0.18084755003305775,6,valida
50031206,2024-09-01,2025-02-28,semestral,1.0149984476802776,0.04466540587764245,6,valida
50031206,2024-10-01,2025-03-31,semestral,1.8157508369718995,0.15793779770021732,5,valida
50031206,2024-11-01,2025-04-30,semestral,1.3365148144561,0.2499483259322507,3,valida
50031206,2024-12-01,2025-05-31,semestral,1.3365148144561,0.2499483259322507,3,valida
50031206,2025-01-01,2025-06-30,semestral,-0.6315014985468143,0.011022258809632146,4,valida
50031206,2025-02-01,2025-07-31,semestral,,,2,n<3
50031206,2025-03-01,2025-08-31,semestral,2.462421133988606,0.2500702645767259,6,valida
50031206,2025-04-01,2025-09-30,semestral,1.641819124015947,0.11116663313545783,8,valida
50031206,2025-05-01,2025-10-31,semestral,1.641819124015947,0.11116663313545783,8,valida
50031206,2025-06-01,2025-11-30,semestral,1.641819124015947,0.11116663313545783,8,valida
50031206,2025-07-01,2025-12-31,semestral,1.2314989001789454,0.0625439215315533,10,valida
50031206,2025-08-01,2026-01-31,semestral,1.2314989001789454,0.0625439215315533,10,valida
50031206,2025-09-01,2026-02-28,semestral,,,6,precio constante
50031206,2025-10-01,2026-03-31,semestral,,,5,precio constante
50031206,2025-11-01,2026-04-30,semestral,,,6,precio constante
50031207,2024-08-01,2024-08-31,mensual,,,1,n<3
50031207,2024-09-01,2024-09-30,mensual,,,0,n<3
50031207,2024-10-01,2024-10-31,mensual,,,0,n<3
50031207,2024-11-01,2024-11-30,mensual,,,0,n<3
50031207,2024-12-01,2024-12-31,mensual,,,0,n<3
50031207,2025-01-01,2025-01-31,mensual,,,1,n<3
50031207,2025-02-01,2025-02-28,mensual,,,1,n<3
50031207,2025-03-01,2025-03-31,mensual,,,0,n<3
50031207,2025-04-01,2025-04-30,mensual,,,0,n<3
50031207,2025-05-01,2025-05-31,mensual,,,0,n<3
50031207,2025-06-01,2025-06-30,mensual,,,0,n<3
50031207,2025-07-01,2025-07-31,mensual,,,0,n<3
50031207,2025-08-01,2025-08-31,mensual,,,1,n<3
50031207,2025-09-01,2025-09-30,mensual,,,0,n<3
50031207,2025-10-01,2025-10-31,mensual,,,0,n<3
50031207,2025-11-01,2025-11-30,mensual,,,1,n<3
50031207,2024-08-01,2024-10-31,trimestral,,,1,n<3
50031207,2024-09-01,2024-11-30,trimestral,,,0,n<3
50031207,2024-10-01,2024-12-31,trimestral,,,0,n<3
50031207,2024-11-01,2025-01-31,trimestral,,,1,n<3
50031207,2024-12-01,2025-02-28,trimestral,,,2,n<3
50031207,2025-01-01,2025-03-31,trimestral,,,2,n<3
50031207,2025-02-01,2025-04-30,trimestral,,,1,n<3
50031207,2025-03-01,2025-05-31,trimestral,,,0,n<3
50031207,2025-04-01,2025-06-30,trimestral,,,0,n<3
50031207,2025-05-01,2025-07-31,trimestral,,,0,n<3
50031207,2025-06-01,2025-08-31,trimestral,,,1,n<3
50031207,2025-07-01,2025-09-30,trimestral,,,1,n<3
50031207,2025-08-01,2025-10-31,trimestral,,,1,n<3
50031207,2025-09-01,2025-11-30,trimestral,,,1,n<3
50031207,2024-08-01,2025-01-31,semestral,,,2,n<3
50031207,2024-09-01,2025-02-28,semestral,,,2,n<3
50031207,2024-10-01,2025-03-31,semestral,,,2,n<3
50031207,2024-11-01,2025-04-30,semestral,,,2,n<3
50031207,2024-12-01,2025-05-31,semestral,,,2,n<3
50031207,2025-01-01,2025-06-30,semestral,,,2,n<3
50031207,2025-02-01,2025-07-31,semestral,,,1,n<3
50031207,2025-03-01,2025-08-31,semestral,,,1,n<3
50031207,2025-04-01,2025-09-30,semestral,,,1,n<3
50031207,2025-05-01,2025-10-31,semestral,,,1,n<3
50031207,2025-06-01,2025-11-30,semestral,,,2,n<3
50031208,2024-01-01,2024-01-31,mensual,,,1,n<3
50031208,2024-02-01,2024-02-29,mensual,,,0,n<3
50031208,2024-03-01,2024-03-31,mensual,,,1,n<3
50031208,2024-04-01,2024-04-30,mensual,,,0,n<3
50031208,2024-05-01,2024-05-31,mensual,,,0,n<3
50031208,2024-06-01,2024-06-30,mensual,,,0,n<3
50031208,2024-07-01,2024-07-31,mensual,,,1,n<3
50031208,2024-08-01,2024-08-31,mensual,,,1,n<3
50031208,2024-09-01,2024-09-30,mensual,,,1,n<3
50031208,2024-10-01,2024-10-31,mensual,,,0,n<3
50031208,2024-11-01,2024-11-30,mensual,,,0,n<3
50031208,2024-12-01,2024-12-31,mensual,,,0,n<3
50031208,2025-01-01,2025-01-31,mensual,,,0,n<3
50031208,2025-02-01,2025-02-28,mensual,,,1,n<3
50031208,2025-03-01,2025-03-31,mensual,,,0,n<3
50031208,2025-04-01,2025-04-30,mensual,,,0,n<3
50031208,2025-05-01,2025-05-31,mensual,,,1,n<3
50031208,2024-01-01,2024-03-31,trimestral,,,2,n<3
50031208,2024-02-01,2024-04-30,trimestral,,,1,n<3
50031208,2024-03-01,2024-05-31,trimestral,,,1,n<3
50031208,2024-04-01,2024-06-30,trimestral,,,0,n<3
50031208,2024-05-01,2024-07-31,trimestral,,,1,n<3
50031208,2024-06-01,2024-08-31,trimestral,,,2,n<3
50031208,2024-07-01,2024-09-30,trimestral,,,3,precio constante
50031208,2024-08-01,2024-10-31,trimestral,,,2,n<3
50031208,2024-09-01,2024-11-30,trimestral,,,1,n<3
50031208,2024-10-01,2024-12-31,trimestral,,,0,n<3
50031208,2024-11-01,2025-01-31,trimestral,,,0,n<3
50031208,2024-12-01,2025-02-28,trimestral,,,1,n<3
50031208,2025-01-01,2025-03-31,trimestral,,,1,n<3
50031208,2025-02-01,2025-04-30,trimestral,,,1,n<3
50031208,2025-03-01,2025-05-31,trimestral,,,1,n<3
50031208,2024-01-01,2024-06-30,semestral,,,2,n<3
50031208,2024-02-01,2024-07-31,semestral,,,2,n<3
50031208,2024-03-01,2024-08-31,semestral,,,3,precio constante
50031208,2024-04-01,2024-09-30,semestral,,,3,precio constante
50031208,2024-05-01,2024-10-31,semestral,,,3,precio constante
50031208,2024-06-01,2024-11-30,semestral,,,3,precio constante
50031208,2024-07-01,2024-12-31,semestral,,,3,precio constante
50031208,2024-08-01,2025-01-31,semestral,,,2,n<3
50031208,2024-09-01,2025-02-28,semestral,,,2,n<3
50031208,2024-10-01,2025-03-31,semestral,,,1,n<3
50031208,2024-11-01,2025-04-30,semestral,,,1,n<3
50031208,2024-12-01,2025-05-31,semestral,,,2,n<3
50031210,2024-02-01,2024-02-29,mensual,,,1,n<3
50031210,2024-03-01,2024-03-31,mensual,,,0,n<3
50031210,2024-04-01,2024-04-30,mensual,,,1,n<3
50031210,2024-05-01,2024-05-31,mensual,,,0,n<3
50031210,2024-06-01,2024-06-30,mensual,,,0,n<3
50031210,2024-07-01,2024-07-31,mensual,,,0,n<3
50031210,2024-08-01,2024-08-31,mensual,,,0,n<3
50031210,2024-09-01,2024-09-30,mensual,,,1,n<3
50031210,2024-10-01,2024-10-31,mensual,,,0,n<3
50031210,2024-11-01,2024-11-30,mensual,,,2,n<3
50031210,2024-12-01,2024-12-31,mensual,,,1,n<3
50031210,2025-01-01,2025-01-31,mensual,,,0,n<3
50031210,2025-02-01,2025-02-28,mensual,,,2,n<3
50031210,2025-03-01,2025-03-31,mensual,,,0,n<3
50031210,2025-04-01,2025-04-30,mensual,,,0,n<3
50031210,2025-05-01,2025-05-31,mensual,,,0,n<3
50031210,2025-06-01,2025-06-30,mensual,,,0,n<3
50031210,2025-07-01,2025-07-31,mensual,,,0,n<3
50031210,2025-08-01,2025-08-31,mensual,-2.5689798160634028,0.3958836264313672,4,valida
50031210,2025-09-01,2025-09-30,mensual,,,1,n<3
50031210,2025-10-01,2025-10-31,mensual,,,1,n<3
50031210,2024-02-01,2024-04-30,trimestral,,,2,n<3
50031210,2024-03-01,2024-05-31,trimestral,,,1,n<3
50031210,2024-04-01,2024-06-30,trimestral,,,1,n<3
50031210,2024-05-01,2024-07-31,trimestral,,,0,n<3
50031210,2024-06-01,2024-08-31,trimestral,,,0,n<3
50031210,2024-07-01,2024-09-30,trimestral,,,1,n<3
50031210,2024-08-01,2024-10-31,trimestral,,,1,n<3
50031210,2024-09-01,2024-11-30,trimestral,,,3,precio constante
50031210,2024-10-01,2024-12-31,trimestral,,,3,precio constante
50031210,2024-11-01,2025-01-31,trimestral,,,3,precio constante
50031210,2024-12-01,2025-02-28,trimestral,3.105685756727719,1.0,3,valida
50031210,2025-01-01,2025-03-31,trimestral,,,2,n<3
50031210,2025-02-01,2025-04-30,trimestral,,,2,n<3
50031210,2025-03-01,2025-05-31,trimestral,,,0,n<3
50031210,2025-04-01,2025-06-30,trimestral,,,0,n<3
50031210,2025-05-01,2025-07-31,trimestral,,,0,n<3
50031210,2025-06-01,2025-08-31,trimestral,-2.5689798160634028,0.3958836264313672,4,valida
50031210,2025-07-01,2025-09-30,trimestral,-3.0548193685321046,0.41820690990308174,5,valida
50031210,2025-08-01,2025-10-31,trimestral,-3.3569776750395106,0.4912261305978115,6,valida
50031210,2024-02-01,2024-07-31,semestral,,,2,n<3
50031210,2024-03-01,2024-08-31,semestral,,,1,n<3
50031210,2024-04-01,2024-09-30,semestral,,,2,n<3
50031210,2024-05-01,2024-10-31,semestral,,,1,n<3
50031210,2024-06-01,2024-11-30,semestral,,,3,precio constante
50031210,2024-07-01,2024-12-31,semestral,,,4,precio constante
50031210,2024-08-01,2025-01-31,semestral,,,4,precio constante
50031210,2024-09-01,2025-02-28,semestral,2.5792161922913617,0.20201459038090364,6,valida
50031210,2024-10-01,2025-03-31,semestral,3.4389549230551166,0.35163772500085433,5,valida
50031210,2024-11-01,2025-04-30,semestral,3.4389549230551166,0.35163772500085433,5,valida
50031210,2024-12-01,2025-05-31,semestral,3.105685756727719,1.0,3,valida
50031210,2025-01-01,2025-06-30,semestral,,,2,n<3
50031210,2025-02-01,2025-07-31,semestral,,,2,n<3
50031210,2025-03-01,2025-08-31,semestral,-2.5689798160634028,0.3958836264313672,4,valida
50031210,2025-04-01,2025-09-30,semestral,-3.0548193685321046,0.41820690990308174,5,valida
50031210,2025-05-01,2025-10-31,semestral,-3.3569776750395106,0.4912261305978115,6,valida
50031211,2025-06-01,2025-06-30,mensual,,,1,n<3
50031212,2024-02-01,2024-02-29,mensual,,,1,n<3
50031212,2024-03-01,2024-03-31,mensual,,,1,n<3
50031212,2024-04-01,2024-04-30,mensual,,,0,n<3
50031212,2024-05-01,2024-05-31,mensual,,,1,n<3
50031212,2024-06-01,2024-06-30,mensual,,,1,n<3
50031212,2024-07-01,2024-07-31,mensual,,,0,n<3
50031212,2024-08-01,2024-08-31,mensual,,,0,n<3
50031212,2024-09-01,2024-09-30,mensual,,,0,n<3
50031212,2024-10-01,2024-10-31,mensual,,,0,n<3
50031212,2024-11-01,2024-11-30,mensual,,,0,n<3
50031212,2024-12-01,2024-12-31,mensual,,,0,n<3
50031212,2025-01-01,2025-01-31,mensual,,,2,n<3
50031212,2025-02-01,2025-02-28,mensual,,,1,n<3
50031212,2024-02-01,2024-04-30,trimestral,,,2,n<3
50031212,2024-03-01,2024-05-31,trimestral,,,2,n<3
50031212,2024-04-01,2024-06-30,trimestral,,,2,n<3
50031212,2024-05-01,2024-07-31,trimestral,,,2,n<3
50031212,2024-06-01,2024-08-31,trimestral,,,1,n<3
50031212,2024-07-01,2024-09-30,trimestral,,,0,n<3
50031212,2024-08-01,2024-10-31,trimestral,,,0,n<3
50031212,2024-09-01,2024-11-30,trimestral,,,0,n<3
50031212,2024-10-01,2024-12-31,trimestral,,,0,n<3
50031212,2024-11-01,2025-01-31,trimestral,,,2,n<3
50031212,2024-12-01,2025-02-28,trimestral,-4.923104918748001,1.0,3,valida
50031212,2024-02-01,2024-07-31,semestral,,,4,precio constante
50031212,2024-03-01,2024-08-31,semestral,,,3,precio constante
50031212,2024-04-01,2024-09-30,semestral,,,2,n<3
50031212,2024-05-01,2024-10-31,semestral,,,2,n<3
50031212,2024-06-01,2024-11-30,semestral,,,1,n<3
50031212,2024-07-01,2024-12-31,semestral,,,0,n<3
50031212,2024-08-01,2025-01-31,semestral,,,2,n<3
50031212,2024-09-01,2025-02-28,semestral,-4.923104918748001,1.0,3,valida
50031213,2024-06-01,2024-06-30,mensual,,,1,n<3
50031213,2024-07-01,2024-07-31,mensual,,,0,n<3
50031213,2024-08-01,2024-08-31,mensual,,,3,qty constante
50031213,2024-09-01,2024-09-30,mensual,,,0,n<3
50031213,2024-10-01,2024-10-31,mensual,3.3349387036086693,0.9017988824638177,3,valida
50031213,2024-11-01,2024-11-30,mensual,,,0,n<3
50031213,2024-12-01,2024-12-31,mensual,,,1,n<3
50031213,2025-01-01,2025-01-31,mensual,,,1,n<3
50031213,2025-02-01,2025-02-28,mensual,,,0,n<3
50031213,2025-03-01,2025-03-31,mensual,,,0,n<3
50031213,2025-04-01,2025-04-30,mensual,,,1,n<3
50031213,2025-05-01,2025-05-31,mensual,,,0,n<3
50031213,2025-06-01,2025-06-30,mensual,,,1,n<3
50031213,2025-07-01,2025-07-31,mensual,,,0,n<3
50031213,2025-08-01,2025-08-31,mensual,,,1,n<3
50031213,2025-09-01,2025-09-30,mensual,,,0,n<3
50031213,2025-10-01,2025-10-31,mensual,,,0,n<3
50031213,2025-11-01,2025-11-30,mensual,,,1,n<3
50031213,2025-12-01,2025-12-31,mensual,,,0,n<3
50031213,2026-01-01,2026-01-31,mensual,,,0,n<3
50031213,2026-02-01,2026-02-28,mensual,,,0,n<3
50031213,2026-03-01,2026-03-31,mensual,,,0,n<3
50031213,2026-04-01,2026-04-30,mensual,,,2,n<3
50031213,2024-06-01,2024-08-31,trimestral,,,4,qty constante
50031213,2024-07-01,2024-09-30,trimestral,,,3,qty constante
50031213,2024-08-01,2024-10-31,trimestral,1.5806150056929826,0.3745030337270886,6,valida
50031213,2024-09-01,2024-11-30,trimestral,3.3349387036086693,0.9017988824638177,3,valida
50031213,2024-10-01,2024-12-31,trimestral,1.7238989530403666,0.31077235845446727,4,valida
50031213,2024-11-01,2025-01-31,trimestral,,,2,n<3
50031213,2024-12-01,2025-02-28,trimestral,,,2,n<3
50031213,2025-01-01,2025-03-31,trimestral,,,1,n<3
50031213,2025-02-01,2025-04-30,trimestral,,,1,n<3
50031213,2025-03-01,2025-05-31,trimestral,,,1,n<3
50031213,2025-04-01,2025-06-30,trimestral,,,2,n<3
50031213,2025-05-01,2025-07-31,trimestral,,,1,n<3
50031213,2025-06-01,2025-08-31,trimestral,,,2,n<3
50031213,2025-07-01,2025-09-30,trimestral,,,1,n<3
50031213,2025-08-01,2025-10-31,trimestral,,,1,n<3
50031213,2025-09-01,2025-11-30,trimestral,,,1,n<3
50031213,2025-10-01,2025-12-31,trimestral,,,1,n<3
50031213,2025-11-01,2026-01-31,trimestral,,,1,n<3
50031213,2025-12-01,2026-02-28,trimestral,,,0,n<3
50031213,2026-01-01,2026-03-31,trimestral,,,0,n<3
50031213,2026-02-01,2026-04-30,trimestral,,,2,n<3
50031213,2024-06-01,2024-11-30,semestral,1.0688840598078635,0.21104671370468098,7,valida
50031213,2024-07-01,2024-12-31,semestral,1.0688840598078635,0.21104671370468098,7,valida
50031213,2024-08-01,2025-01-31,semestral,0.6645253005583388,0.10562178317140292,8,valida
50031213,2024-09-01,2025-02-28,semestral,0.8311051401110181,0.0973943580434401,5,valida
50031213,2024-10-01,2025-03-31,semestral,0.8311051401110181,0.0973943580434401,5,valida
50031213,2024-11-01,2025-04-30,semestral,5.985590088004125,0.8322987418002059,3,valida
50031213,2024-12-01,2025-05-31,semestral,5.985590088004125,0.8322987418002059,3,valida
50031213,2025-01-01,2025-06-30,semestral,2.1918495915436402,0.07433945713630474,3,valida
50031213,2025-02-01,2025-07-31,semestral,,,2,n<3
50031213,2025-03-01,2025-08-31,semestral,1.3440083779421084,0.1691609575833921,3,valida
50031213,2025-04-01,2025-09-30,semestral,1.3440083779421084,0.1691609575833921,3,valida
50031213,2025-05-01,2025-10-31,semestral,,,2,n<3
50031213,2025-06-01,2025-11-30,semestral,,,3,qty constante
50031213,2025-07-01,2025-12-31,semestral,,,2,n<3
50031213,2025-08-01,2026-01-31,semestral,,,2,n<3
50031213,2025-09-01,2026-02-28,semestral,,,1,n<3
50031213,2025-10-01,2026-03-31,semestral,,,1,n<3
50031213,2025-11-01,2026-04-30,semestral,,,3,precio constante
50033813,2025-01-01,2025-01-31,mensual,,,2,n<3
50033813,2025-02-01,2025-02-28,mensual,,,0,n<3
50033813,2025-03-01,2025-03-31,mensual,,,0,n<3
50033813,2025-04-01,2025-04-30,mensual,,,0,n<3
50033813,2025-05-01,2025-05-31,mensual,,,0,n<3
50033813,2025-06-01,2025-06-30,mensual,,,0,n<3
50033813,2025-07-01,2025-07-31,mensual,,,0,n<3
50033813,2025-08-01,2025-08-31,mensual,,,0,n<3
50033813,2025-09-01,2025-09-30,mensual,,,0,n<3
50033813,2025-10-01,2025-10-31,mensual,,,1,n<3
50033813,2025-01-01,2025-03-31,trimestral,,,2,n<3
50033813,2025-02-01,2025-04-30,trimestral,,,0,n<3
50033813,2025-03-01,2025-05-31,trimestral,,,0,n<3
50033813,2025-04-01,2025-06-30,trimestral,,,0,n<3
50033813,2025-05-01,2025-07-31,trimestral,,,0,n<3
50033813,2025-06-01,2025-08-31,trimestral,,,0,n<3
50033813,2025-07-01,2025-09-30,trimestral,,,0,n<3
50033813,2025-08-01,2025-10-31,trimestral,,,1,n<3
50033813,2025-01-01,2025-06-30,semestral,,,2,n<3
50033813,2025-02-01,2025-07-31,semestral,,,0,n<3
50033813,2025-03-01,2025-08-31,semestral,,,0,n<3
50033813,2025-04-01,2025-09-30,semestral,,,0,n<3
50033813,2025-05-01,2025-10-31,semestral,,,1,n<3
50034203,2024-01-01,2024-01-31,mensual,2.014531272536993,0.02234604148173791,3,valida
50034203,2024-02-01,2024-02-29,mensual,,,1,n<3
50034203,2024-03-01,2024-03-31,mensual,,,2,n<3
50034203,2024-04-01,2024-04-30,mensual,,,0,n<3
50034203,2024-05-01,2024-05-31,mensual,,,0,n<3
50034203,2024-06-01,2024-06-30,mensual,,,1,n<3
50034203,2024-07-01,2024-07-31,mensual,,,1,n<3
50034203,2024-08-01,2024-08-31,mensual,,,1,n<3
50034203,2024-09-01,2024-09-30,mensual,,,1,n<3
50034203,2024-10-01,2024-10-31,mensual,,,1,n<3
50034203,2024-11-01,2024-11-30,mensual,,,0,n<3
50034203,2024-12-01,2024-12-31,mensual,,,1,n<3
50034203,2025-01-01,2025-01-31,mensual,,,1,n<3
50034203,2025-02-01,2025-02-28,mensual,,,0,n<3
50034203,2025-03-01,2025-03-31,mensual,,,0,n<3
50034203,2025-04-01,2025-04-30,mensual,,,0,n<3
50034203,2025-05-01,2025-05-31,mensual,,,1,n<3
50034203,2025-06-01,2025-06-30,mensual,,,0,n<3
50034203,2025-07-01,2025-07-31,mensual,,,2,n<3
50034203,2025-08-01,2025-08-31,mensual,,,2,n<3
50034203,2025-09-01,2025-09-30,mensual,,,3,precio constante
50034203,2025-10-01,2025-10-31,mensual,,,1,n<3
50034203,2025-11-01,2025-11-30,mensual,,,0,n<3
50034203,2025-12-01,2025-12-31,mensual,,,1,n<3
50034203,2026-01-01,2026-01-31,mensual,,,2,n<3
50034203,2026-02-01,2026-02-28,mensual,,,1,n<3
50034203,2026-03-01,2026-03-31,mensual,,,1,n<3
50034203,2024-01-01,2024-03-31,trimestral,13.553931005113727,0.45302514600201305,6,valida
50034203,2024-02-01,2024-04-30,trimestral,25.085012119695808,1.0,3,valida
50034203,2024-03-01,2024-05-31,trimestral,,,2,n<3
50034203,2024-04-01,2024-06-30,trimestral,,,1,n<3
50034203,2024-05-01,2024-07-31,trimestral,,,2,n<3
50034203,2024-06-01,2024-08-31,trimestral,,,3,precio constante
50034203,2024-07-01,2024-09-30,trimestral,,,3,precio constante
50034203,2024-08-01,2024-10-31,trimestral,-4.853853630183866,0.2500000000000001,3,valida
50034203,2024-09-01,2024-11-30,trimestral,,,2,n<3
50034203,2024-10-01,2024-12-31,trimestral,,,2,n<3
50034203,2024-11-01,2025-01-31,trimestral,,,2,n<3
50034203,2024-12-01,2025-02-28,trimestral,,,2,n<3
50034203,2025-01-01,2025-03-31,trimestral,,,1,n<3
50034203,2025-02-01,2025-04-30,trimestral,,,0,n<3
50034203,2025-03-01,2025-05-31,trimestral,,,1,n<3
50034203,2025-04-01,2025-06-30,trimestral,,,1,n<3
50034203,2025-05-01,2025-07-31,trimestral,,,3,precio constante
50034203,2025-06-01,2025-08-31,trimestral,-10.766833042975584,0.2537268580098585,4,valida
50034203,2025-07-01,2025-09-30,trimestral,-7.019706501248884,0.09477564965814012,7,valida
50034203,2025-08-01,2025-10-31,trimestral,-5.431603667119003,0.2418706538434987,6,valida
50034203,2025-09-01,2025-11-30,trimestral,-4.472934086705072,0.11199628172464038,4,valida
50034203,2025-10-01,2025-12-31,trimestral,,,2,n<3
50034203,2025-11-01,2026-01-31,trimestral,,,3,qty constante
50034203,2025-12-01,2026-02-28,trimestral,4.675280581250621,0.11111111111111105,4,valida
50034203,2026-01-01,2026-03-31,trimestral,,,4,precio constante
50034203,2024-01-01,2024-06-30,semestral,10.440588606472291,0.24130946589057656,7,valida
50034203,2024-02-01,2024-07-31,semestral,17.806856601182684,0.49482609179478554,5,valida
50034203,2024-03-01,2024-08-31,semestral,,,5,precio constante
50034203,2024-04-01,2024-09-30,semestral,,,4,precio constante
50034203,2024-05-01,2024-10-31,semestral,-9.707707260367842,0.2857142857142857,5,valida
50034203,2024-06-01,2024-11-30,semestral,-9.707707260367842,0.2857142857142857,5,valida
50034203,2024-07-01,2024-12-31,semestral,-6.513649673781334,0.4444127891888552,5,valida
50034203,2024-08-01,2025-01-31,semestral,-4.895787826518739,0.3749642329852958,5,valida
50034203,2024-09-01,2025-02-28,semestral,-9.791015340414095,0.9998474028033094,4,valida
50034203,2024-10-01,2025-03-31,semestral,,,3,qty constante
50034203,2024-11-01,2025-04-30,semestral,,,2,n<3
50034203,2024-12-01,2025-05-31,semestral,,,3,precio constante
50034203,2025-01-01,2025-06-30,semestral,,,2,n<3
50034203,2025-02-01,2025-07-31,semestral,,,3,precio constante
50034203,2025-03-01,2025-08-31,semestral,-8.085268302131976,0.13245084518892103,5,valida
50034203,2025-04-01,2025-09-30,semestral,-6.023561594160152,0.06653044964852328,8,valida
50034203,2025-05-01,2025-10-31,semestral,-6.748804337246808,0.10867646810214537,9,valida
50034203,2025-06-01,2025-11-30,semestral,-7.858865862541889,0.14959184017994898,8,valida
50034203,2025-07-01,2025-12-31,semestral,-8.261980913003226,0.18885627034993413,9,valida
50034203,2025-08-01,2026-01-31,semestral,-3.8450813463146885,0.2995831915880631,9,valida
50034203,2025-09-01,2026-02-28,semestral,-0.02980881449868264,1.8973386239462542e-05,8,valida
50034203,2025-10-01,2026-03-31,semestral,3.5064604359377083,0.09999999999999998,6,valida
50034204,2024-01-01,2024-01-31,mensual,2.2320689767335216,0.5791917585751765,4,valida
50034204,2024-02-01,2024-02-29,mensual,,,0,n<3
50034204,2024-03-01,2024-03-31,mensual,,,1,n<3
50034204,2024-04-01,2024-04-30,mensual,,,0,n<3
50034204,2024-05-01,2024-05-31,mensual,,,0,n<3
50034204,2024-06-01,2024-06-30,mensual,,,0,n<3
50034204,2024-07-01,2024-07-31,mensual,,,0,n<3
50034204,2024-08-01,2024-08-31,mensual,,,2,n<3
50034204,2024-09-01,2024-09-30,mensual,,,0,n<3
50034204,2024-10-01,2024-10-31,mensual,,,3,precio constante
50034204,2024-11-01,2024-11-30,mensual,,,0,n<3
50034204,2024-12-01,2024-12-31,mensual,,,0,n<3
50034204,2025-01-01,2025-01-31,mensual,,,0,n<3
50034204,2025-02-01,2025-02-28,mensual,,,0,n<3
50034204,2025-03-01,2025-03-31,mensual,,,1,n<3
50034204,2025-04-01,2025-04-30,mensual,,,0,n<3
50034204,2025-05-01,2025-05-31,mensual,,,0,n<3
50034204,2025-06-01,2025-06-30,mensual,,,1,n<3
50034204,2025-07-01,2025-07-31,mensual,,,0,n<3
50034204,2025-08-01,2025-08-31,mensual,,,2,n<3
50034204,2025-09-01,2025-09-30,mensual,,,0,n<3
50034204,2025-10-01,2025-10-31,mensual,,,0,n<3
50034204,2025-11-01,2025-11-30,mensual,,,0,n<3
50034204,2025-12-01,2025-12-31,mensual,,,0,n<3
50034204,2026-01-01,2026-01-31,mensual,-10.13906780253566,0.32802363618261743,4,valida
50034204,2026-02-01,2026-02-28,mensual,,,1,n<3
50034204,2024-01-01,2024-03-31,trimestral,1.8777921708077279,0.413841060815181,5,valida
50034204,2024-02-01,2024-04-30,trimestral,,,1,n<3
50034204,2024-03-01,2024-05-31,trimestral,,,1,n<3
50034204,2024-04-01,2024-06-30,trimestral,,,0,n<3
50034204,2024-05-01,2024-07-31,trimestral,,,0,n<3
50034204,2024-06-01,2024-08-31,trimestral,,,2,n<3
50034204,2024-07-01,2024-09-30,trimestral,,,2,n<3
50034204,2024-08-01,2024-10-31,trimestral,3.236415763991741,0.15195036404699624,5,valida
50034204,2024-09-01,2024-11-30,trimestral,,,3,precio constante
50034204,2024-10-01,2024-12-31,trimestral,,,3,precio constante
50034204,2024-11-01,2025-01-31,trimestral,,,0,n<3
50034204,2024-12-01,2025-02-28,trimestral,,,0,n<3
50034204,2025-01-01,2025-03-31,trimestral,,,1,n<3
50034204,2025-02-01,2025-04-30,trimestral,,,1,n<3
50034204,2025-03-01,2025-05-31,trimestral,,,1,n<3
50034204,2025-04-01,2025-06-30,trimestral,,,1,n<3
50034204,2025-05-01,2025-07-31,trimestral,,,1,n<3
50034204,2025-06-01,2025-08-31,trimestral,,,3,precio constante
50034204,2025-07-01,2025-09-30,trimestral,,,2,n<3
50034204,2025-08-01,2025-10-31,trimestral,,,2,n<3
50034204,2025-09-01,2025-11-30,trimestral,,,0,n<3
50034204,2025-10-01,2025-12-31,trimestral,,,0,n<3
50034204,2025-11-01,2026-01-31,trimestral,-10.13906780253566,0.32802363618261743,4,valida
50034204,2025-12-01,2026-02-28,trimestral,-9.853067226533092,0.3688716894483801,5,valida
50034204,2024-01-01,2024-06-30,semestral,1.8777921708077279,0.413841060815181,5,valida
50034204,2024-02-01,2024-07-31,semestral,,,1,n<3
50034204,2024-03-01,2024-08-31,semestral,,,3,qty constante
50034204,2024-04-01,2024-09-30,semestral,,,2,n<3
50034204,2024-05-01,2024-10-31,semestral,3.236415763991741,0.15195036404699624,5,valida
50034204,2024-06-01,2024-11-30,semestral,3.236415763991741,0.15195036404699624,5,valida
50034204,2024-07-01,2024-12-31,semestral,3.236415763991741,0.15195036404699624,5,valida
50034204,2024-08-01,2025-01-31,semestral,3.236415763991741,0.15195036404699624,5,valida
50034204,2024-09-01,2025-02-28,semestral,,,3,precio constante
50034204,2024-10-01,2025-03-31,semestral,-2.0180586190172414,0.0325610990108498,4,valida
50034204,2024-11-01,2025-04-30,semestral,,,1,n<3
50034204,2024-12-01,2025-05-31,semestral,,,1,n<3
50034204,2025-01-01,2025-06-30,semestral,,,2,n<3
50034204,2025-02-01,2025-07-31,semestral,,,2,n<3
50034204,2025-03-01,2025-08-31,semestral,,,4,precio constante
50034204,2025-04-01,2025-09-30,semestral,,,3,precio constante
50034204,2025-05-01,2025-10-31,semestral,,,3,precio constante
50034204,2025-06-01,2025-11-30,semestral,,,3,precio constante
50034204,2025-07-01,2025-12-31,semestral,,,2,n<3
50034204,2025-08-01,2026-01-31,semestral,-0.018352487012557272,3.782519124806427e-06,6,valida
50034204,2025-09-01,2026-02-28,semestral,-9.853067226533092,0.3688716894483801,5,valida
50035581,2024-10-01,2024-10-31,mensual,,,1,n<3
50035581,2024-11-01,2024-11-30,mensual,,,1,n<3
50035581,2024-12-01,2024-12-31,mensual,,,0,n<3
50035581,2025-01-01,2025-01-31,mensual,,,0,n<3
50035581,2025-02-01,2025-02-28,mensual,,,0,n<3
50035581,2025-03-01,2025-03-31,mensual,,,0,n<3
50035581,2025-04-01,2025-04-30,mensual,,,0,n<3
50035581,2025-05-01,2025-05-31,mensual,,,0,n<3
50035581,2025-06-01,2025-06-30,mensual,,,0,n<3
50035581,2025-07-01,2025-07-31,mensual,,,1,n<3
50035581,2024-10-01,2024-12-31,trimestral,,,2,n<3
50035581,2024-11-01,2025-01-31,trimestral,,,1,n<3
50035581,2024-12-01,2025-02-28,trimestral,,,0,n<3
50035581,2025-01-01,2025-03-31,trimestral,,,0,n<3
50035581,2025-02-01,2025-04-30,trimestral,,,0,n<3
50035581,2025-03-01,2025-05-31,trimestral,,,0,n<3
50035581,2025-04-01,2025-06-30,trimestral,,,0,n<3
50035581,2025-05-01,2025-07-31,trimestral,,,1,n<3
50035581,2024-10-01,2025-03-31,semestral,,,2,n<3
50035581,2024-11-01,2025-04-30,semestral,,,1,n<3
50035581,2024-12-01,2025-05-31,semestral,,,0,n<3
50035581,2025-01-01,2025-06-30,semestral,,,0,n<3
50035581,2025-02-01,2025-07-31,semestral,,,1,n<3
50035582,2024-03-01,2024-03-31,mensual,,,1,n<3
50035582,2024-04-01,2024-04-30,mensual,,,0,n<3
50035582,2024-05-01,2024-05-31,mensual,,,0,n<3
50035582,2024-06-01,2024-06-30,mensual,,,0,n<3
50035582,2024-07-01,2024-07-31,mensual,,,1,n<3
50035582,2024-08-01,2024-08-31,mensual,,,0,n<3
50035582,2024-09-01,2024-09-30,mensual,,,1,n<3
50035582,2024-03-01,2024-05-31,trimestral,,,1,n<3
50035582,2024-04-01,2024-06-30,trimestral,,,0,n<3
50035582,2024-05-01,2024-07-31,trimestral,,,1,n<3
50035582,2024-06-01,2024-08-31,trimestral,,,1,n<3
50035582,2024-07-01,2024-09-30,trimestral,,,2,n<3
50035582,2024-03-01,2024-08-31,semestral,,,2,n<3
50035582,2024-04-01,2024-09-30,semestral,,,2,n<3
50039431,2024-01-01,2024-01-31,mensual,,,1,n<3
50039431,2024-02-01,2024-02-29,mensual,,,0,n<3
50039431,2024-03-01,2024-03-31,mensual,,,1,n<3
50039431,2024-04-01,2024-04-30,mensual,,,0,n<3
50039431,2024-05-01,2024-05-31,mensual,,,0,n<3
50039431,2024-06-01,2024-06-30,mensual,,,1,n<3
50039431,2024-07-01,2024-07-31,mensual,,,2,n<3
50039431,2024-08-01,2024-08-31,mensual,,,0,n<3
50039431,2024-09-01,2024-09-30,mensual,,,1,n<3
50039431,2024-10-01,2024-10-31,mensual,,,0,n<3
50039431,2024-11-01,2024-11-30,mensual,,,1,n<3
50039431,2024-12-01,2024-12-31,mensual,,,2,n<3
50039431,2025-01-01,2025-01-31,mensual,,,2,n<3
50039431,2025-02-01,2025-02-28,mensual,,,1,n<3
50039431,2025-03-01,2025-03-31,mensual,,,0,n<3
50039431,2025-04-01,2025-04-30,mensual,,,1,n<3
50039431,2025-05-01,2025-05-31,mensual,,,1,n<3
50039431,2025-06-01,2025-06-30,mensual,,,3,precio constante
50039431,2025-07-01,2025-07-31,mensual,,,1,n<3
50039431,2025-08-01,2025-08-31,mensual,,,1,n<3
50039431,2025-09-01,2025-09-30,mensual,,,2,n<3
50039431,2025-10-01,2025-10-31,mensual,,,2,n<3
50039431,2025-11-01,2025-11-30,mensual,,,0,n<3
50039431,2025-12-01,2025-12-31,mensual,,,1,n<3
50039431,2026-01-01,2026-01-31,mensual,,,2,n<3
50039431,2026-02-01,2026-02-28,mensual,,,0,n<3
50039431,2026-03-01,2026-03-31,mensual,,,1,n<3
50039431,2026-04-01,2026-04-30,mensual,,,2,n<3
50039431,2024-01-01,2024-03-31,trimestral,,,2,n<3
50039431,2024-02-01,2024-04-30,trimestral,,,1,n<3
50039431,2024-03-01,2024-05-31,trimestral,,,1,n<3
50039431,2024-04-01,2024-06-30,trimestral,,,1,n<3
50039431,2024-05-01,2024-07-31,trimestral,,,3,precio constante
50039431,2024-06-01,2024-08-31,trimestral,,,3,precio constante
50039431,2024-07-01,2024-09-30,trimestral,,,3,precio constante
50039431,2024-08-01,2024-10-31,trimestral,,,1,n<3
50039431,2024-09-01,2024-11-30,trimestral,,,2,n<3
50039431,2024-10-01,2024-12-31,trimestral,,,3,precio constante
50039431,2024-11-01,2025-01-31,trimestral,,,5,precio constante
50039431,2024-12-01,2025-02-28,trimestral,-1.1895891896113688,0.027798754634595024,5,valida
50039431,2025-01-01,2025-03-31,trimestral,0.9898777748335548,0.039806172775570525,3,valida
50039431,2025-02-01,2025-04-30,trimestral,,,2,n<3
50039431,2025-03-01,2025-05-31,trimestral,,,2,n<3
50039431,2025-04-01,2025-06-30,trimestral,-3.400894096604243,0.7655667441517249,5,valida
50039431,2025-05-01,2025-07-31,trimestral,,,5,precio constante
50039431,2025-06-01,2025-08-31,trimestral,,,5,precio constante
50039431,2025-07-01,2025-09-30,trimestral,4.576718982594931,0.09073446734942614,4,valida
50039431,2025-08-01,2025-10-31,trimestral,-5.395713296939269,0.14589975741876027,5,valida
50039431,2025-09-01,2025-11-30,trimestral,-2.8342513106823772,0.04639220827172208,4,valida
50039431,2025-10-01,2025-12-31,trimestral,-7.681631234222559,0.24982286319778768,3,valida
50039431,2025-11-01,2026-01-31,trimestral,,,3,precio constante
50039431,2025-12-01,2026-02-28,trimestral,,,3,precio constante
50039431,2026-01-01,2026-03-31,trimestral,,,3,precio constante
50039431,2026-02-01,2026-04-30,trimestral,,,3,precio constante
50039431,2024-01-01,2024-06-30,semestral,-4.846310414362288,0.2497221417610911,3,valida
50039431,2024-02-01,2024-07-31,semestral,-3.2292768159565775,0.11089163659522872,4,valida
50039431,2024-03-01,2024-08-31,semestral,-3.2292768159565775,0.11089163659522872,4,valida
50039431,2024-04-01,2024-09-30,semestral,,,4,precio constante
50039431,2024-05-01,2024-10-31,semestral,,,4,precio constante
50039431,2024-06-01,2024-11-30,semestral,,,5,precio constante
50039431,2024-07-01,2024-12-31,semestral,,,6,precio constante
50039431,2024-08-01,2025-01-31,semestral,,,6,precio constante
50039431,2024-09-01,2025-02-28,semestral,-1.3983559511624322,0.027434946441145858,7,valida
50039431,2024-10-01,2025-03-31,semestral,-0.6938305222274964,0.008932490450658137,6,valida
50039431,2024-11-01,2025-04-30,semestral,-1.1951489944342182,0.06361841691878345,7,valida
50039431,2024-12-01,2025-05-31,semestral,-2.352888719468508,0.20886265300494777,7,valida
50039431,2025-01-01,2025-06-30,semestral,-2.782737685321563,0.2956711974113386,8,valida
50039431,2025-02-01,2025-07-31,semestral,-3.527048884766595,0.8223728236365361,7,valida
50039431,2025-03-01,2025-08-31,semestral,-3.0493749854041057,0.4680099562002894,7,valida
50039431,2025-04-01,2025-09-30,semestral,-2.613531642492351,0.34731242603843904,9,valida
50039431,2025-05-01,2025-10-31,semestral,-0.20188488252102804,0.00015939500044170885,10,valida
50039431,2025-06-01,2025-11-30,semestral,-0.9241906739545676,0.0034853240381212958,9,valida
50039431,2025-07-01,2025-12-31,semestral,-1.2961156530854696,0.007210223965527507,7,valida
50039431,2025-08-01,2026-01-31,semestral,-1.887331427750685,0.015427972863921724,8,valida
50039431,2025-09-01,2026-02-28,semestral,-0.16189516367647502,0.00014880880605216973,7,valida
50039431,2025-10-01,2026-03-31,semestral,-5.008129458119046,0.09268411799274223,6,valida
50039431,2025-11-01,2026-04-30,semestral,,,6,precio constante
50039566,2024-02-01,2024-02-29,mensual,,,3,precio constante
50039566,2024-03-01,2024-03-31,mensual,,,1,n<3
50039566,2024-04-01,2024-04-30,mensual,6.862615069560201,0.09081515656704053,3,valida
50039566,2024-05-01,2024-05-31,mensual,,,1,n<3
50039566,2024-06-01,2024-06-30,mensual,,,0,n<3
50039566,2024-07-01,2024-07-31,mensual,,,0,n<3
50039566,2024-08-01,2024-08-31,mensual,,,1,n<3
50039566,2024-09-01,2024-09-30,mensual,,,2,n<3
50039566,2024-10-01,2024-10-31,mensual,,,2,n<3
50039566,2024-11-01,2024-11-30,mensual,,,1,n<3
50039566,2024-12-01,2024-12-31,mensual,,,0,n<3
50039566,2025-01-01,2025-01-31,mensual,,,1,n<3
50039566,2025-02-01,2025-02-28,mensual,,,0,n<3
50039566,2025-03-01,2025-03-31,mensual,,,0,n<3
50039566,2025-04-01,2025-04-30,mensual,,,1,n<3
50039566,2025-05-01,2025-05-31,mensual,,,2,n<3
50039566,2025-06-01,2025-06-30,mensual,,,0,n<3
50039566,2025-07-01,2025-07-31,mensual,,,0,n<3
50039566,2025-08-01,2025-08-31,mensual,,,0,n<3
50039566,2025-09-01,2025-09-30,mensual,,,1,n<3
50039566,2025-10-01,2025-10-31,mensual,,,0,n<3
50039566,2025-11-01,2025-11-30,mensual,,,3,qty constante
50039566,2025-12-01,2025-12-31,mensual,,,0,n<3
50039566,2026-01-01,2026-01-31,mensual,,,1,n<3
50039566,2026-02-01,2026-02-28,mensual,,,0,n<3
50039566,2026-03-01,2026-03-31,mensual,,,0,n<3
50039566,2026-04-01,2026-04-30,mensual,,,3,precio constante
50039566,2024-02-01,2024-04-30,trimestral,4.999357913230784,0.013912956622879058,7,valida
50039566,2024-03-01,2024-05-31,trimestral,2.649753009713495,0.004424305069953394,5,valida
50039566,2024-04-01,2024-06-30,trimestral,11.041444869886783,0.17909564717197946,4,valida
50039566,2024-05-01,2024-07-31,trimestral,,,1,n<3
50039566,2024-06-01,2024-08-31,trimestral,,,1,n<3
50039566,2024-07-01,2024-09-30,trimestral,,,3,precio constante
50039566,2024-08-01,2024-10-31,trimestral,,,5,precio constante
50039566,2024-09-01,2024-11-30,trimestral,,,5,precio constante
50039566,2024-10-01,2024-12-31,trimestral,,,3,precio constante
50039566,2024-11-01,2025-01-31,trimestral,,,2,n<3
50039566,2024-12-01,2025-02-28,trimestral,,,1,n<3
50039566,2025-01-01,2025-03-31,trimestral,,,1,n<3
50039566,2025-02-01,2025-04-30,trimestral,,,1,n<3
50039566,2025-03-01,2025-05-31,trimestral,,,3,precio constante
50039566,2025-04-01,2025-06-30,trimestral,,,3,precio constante
50039566,2025-05-01,2025-07-31,trimestral,,,2,n<3
50039566,2025-06-01,2025-08-31,trimestral,,,0,n<3
50039566,2025-07-01,2025-09-30,trimestral,,,1,n<3
50039566,2025-08-01,2025-10-31,trimestral,,,1,n<3
50039566,2025-09-01,2025-11-30,trimestral,-3.233184078423208,0.11111111111111105,4,valida
50039566,2025-10-01,2025-12-31,trimestral,,,3,qty constante
50039566,2025-11-01,2026-01-31,trimestral,4.84977611763497,0.33333333333333326,4,valida
50039566,2025-12-01,2026-02-28,trimestral,,,1,n<3
50039566,2026-01-01,2026-03-31,trimestral,,,1,n<3
50039566,2026-02-01,2026-04-30,trimestral,,,3,precio constante
50039566,2024-02-01,2024-07-31,semestral,7.056277280223974,0.025043652276342976,8,valida
50039566,2024-03-01,2024-08-31,semestral,4.059513275371719,0.010424048402984276,6,valida
50039566,2024-04-01,2024-09-30,semestral,13.60368263100142,0.23332502882354067,7,valida
50039566,2024-05-01,2024-10-31,semestral,,,6,precio constante
50039566,2024-06-01,2024-11-30,semestral,,,6,precio constante
50039566,2024-07-01,2024-12-31,semestral,,,6,precio constante
50039566,2024-08-01,2025-01-31,semestral,,,7,precio constante
50039566,2024-09-01,2025-02-28,semestral,,,6,precio constante
50039566,2024-10-01,2025-03-31,semestral,,,4,precio constante
50039566,2024-11-01,2025-04-30,semestral,,,3,precio constante
50039566,2024-12-01,2025-05-31,semestral,,,4,precio constante
50039566,2025-01-01,2025-06-30,semestral,,,4,precio constante
50039566,2025-02-01,2025-07-31,semestral,,,3,precio constante
50039566,2025-03-01,2025-08-31,semestral,,,3,precio constante
50039566,2025-04-01,2025-09-30,semestral,,,4,precio constante
50039566,2025-05-01,2025-10-31,semestral,,,3,precio constante
50039566,2025-06-01,2025-11-30,semestral,-3.233184078423208,0.11111111111111105,4,valida
50039566,2025-07-01,2025-12-31,semestral,-3.233184078423208,0.11111111111111105,4,valida
50039566,2025-08-01,2026-01-31,semestral,1.616592039211624,0.02777777777777779,5,valida
50039566,2025-09-01,2026-02-28,semestral,1.616592039211624,0.02777777777777779,5,valida
50039566,2025-10-01,2026-03-31,semestral,4.84977611763497,0.33333333333333326,4,valida
50039566,2025-11-01,2026-04-30,semestral,0.9699552235264389,0.0038461538461537215,7,valida
50044491,2024-01-01,2024-01-31,mensual,,,2,n<3
50044491,2024-02-01,2024-02-29,mensual,,,4,precio constante
50044491,2024-03-01,2024-03-31,mensual,,,1,n<3
50044491,2024-04-01,2024-04-30,mensual,,,2,n<3
50044491,2024-05-01,2024-05-31,mensual,,,1,n<3
50044491,2024-06-01,2024-06-30,mensual,,,0,n<3
50044491,2024-07-01,2024-07-31,mensual,,,3,precio constante
50044491,2024-08-01,2024-08-31,mensual,2.7240748608203713,0.37844034630170187,4,valida
50044491,2024-09-01,2024-09-30,mensual,,,3,qty constante
50044491,2024-10-01,2024-10-31,mensual,,,1,n<3
50044491,2024-11-01,2024-11-30,mensual,,,0,n<3
50044491,2024-12-01,2024-12-31,mensual,,,1,n<3
50044491,2025-01-01,2025-01-31,mensual,1.586693682588722,0.07498644841205881,6,valida
50044491,2025-02-01,2025-02-28,mensual,,,1,n<3
50044491,2025-03-01,2025-03-31,mensual,,,0,n<3
50044491,2025-04-01,2025-04-30,mensual,,,1,n<3
50044491,2025-05-01,2025-05-31,mensual,,,2,n<3
50044491,2025-06-01,2025-06-30,mensual,,,1,n<3
50044491,2025-07-01,2025-07-31,mensual,,,1,n<3
50044491,2025-08-01,2025-08-31,mensual,3.6081799432354673,0.2501752846278349,3,valida
50044491,2025-09-01,2025-09-30,mensual,,,4,precio constante
50044491,2025-10-01,2025-10-31,mensual,,,0,n<3
50044491,2025-11-01,2025-11-30,mensual,,,1,n<3
50044491,2025-12-01,2025-12-31,mensual,,,1,n<3
50044491,2026-01-01,2026-01-31,mensual,,,1,n<3
50044491,2026-02-01,2026-02-28,mensual,,,1,n<3
50044491,2026-03-01,2026-03-31,mensual,,,0,n<3
50044491,2026-04-01,2026-04-30,mensual,,,1,n<3
50044491,2024-01-01,2024-03-31,trimestral,-36.063070262973746,0.8028946222981452,7,valida
50044491,2024-02-01,2024-04-30,trimestral,,,7,precio constante
50044491,2024-03-01,2024-05-31,trimestral,,,4,precio constante
50044491,2024-04-01,2024-06-30,trimestral,,,3,precio constante
50044491,2024-05-01,2024-07-31,trimestral,,,4,precio constante
50044491,2024-06-01,2024-08-31,trimestral,1.1674228871406298,0.11175140095001346,7,valida
50044491,2024-07-01,2024-09-30,trimestral,0.6850819005922505,0.03686676868584704,10,valida
50044491,2024-08-01,2024-10-31,trimestral,0.3042241560746243,0.006903129794030405,8,valida
50044491,2024-09-01,2024-11-30,trimestral,,,4,qty constante
50044491,2024-10-01,2024-12-31,trimestral,,,2,n<3
50044491,2024-11-01,2025-01-31,trimestral,1.3293544047003718,0.050499923844749106,7,valida
50044491,2024-12-01,2025-02-28,trimestral,1.5021594902827273,0.09025570149682749,8,valida
50044491,2025-01-01,2025-03-31,trimestral,1.790751327843604,0.1287032305140976,7,valida
50044491,2025-02-01,2025-04-30,trimestral,,,2,n<3
50044491,2025-03-01,2025-05-31,trimestral,,,3,precio constante
50044491,2025-04-01,2025-06-30,trimestral,,,4,precio constante
50044491,2025-05-01,2025-07-31,trimestral,-7.683938487972146,0.32463120077252217,4,valida
50044491,2025-06-01,2025-08-31,trimestral,2.6983365392881318,0.13877122729379066,5,valida
50044491,2025-07-01,2025-09-30,trimestral,1.7362754679276615,0.04557623622568374,8,valida
50044491,2025-08-01,2025-10-31,trimestral,2.0251725686318682,0.06363355010447369,7,valida
50044491,2025-09-01,2025-11-30,trimestral,,,5,precio constante
50044491,2025-10-01,2025-12-31,trimestral,,,2,n<3
50044491,2025-11-01,2026-01-31,trimestral,,,3,precio constante
50044491,2025-12-01,2026-02-28,trimestral,,,3,precio constante
50044491,2026-01-01,2026-03-31,trimestral,,,2,n<3
50044491,2026-02-01,2026-04-30,trimestral,,,2,n<3
50044491,2024-01-01,2024-06-30,semestral,-35.935559039435965,0.6672839112435545,10,valida
50044491,2024-02-01,2024-07-31,semestral,,,11,precio constante
50044491,2024-03-01,2024-08-31,semestral,0.5662107209824696,0.02144359012669872,11,valida
50044491,2024-04-01,2024-09-30,semestral,0.6018781380498777,0.02477265109090343,13,valida
50044491,2024-05-01,2024-10-31,semestral,0.3312424453706481,0.008706344487566575,12,valida
50044491,2024-06-01,2024-11-30,semestral,0.4840798479755038,0.01851290521013993,11,valida
50044491,2024-07-01,2024-12-31,semestral,0.3312424453706481,0.008706344487566575,12,valida
50044491,2024-08-01,2025-01-31,semestral,0.3374888500293847,0.008165116164341124,15,valida
50044491,2024-09-01,2025-02-28,semestral,0.950757192169755,0.05681313781495623,12,valida
50044491,2024-10-01,2025-03-31,semestral,1.293674919374534,0.06677739210919587,9,valida
50044491,2024-11-01,2025-04-30,semestral,1.7941366935835,0.11534170690163326,9,valida
50044491,2024-12-01,2025-05-31,semestral,2.8086491088230328,0.1434866566549846,11,valida
50044491,2025-01-01,2025-06-30,semestral,2.808649108823032,0.1434866566549844,11,valida
50044491,2025-02-01,2025-07-31,semestral,0.7733122413935849,0.011667678117270874,6,valida
50044491,2025-03-01,2025-08-31,semestral,1.146452399480654,0.01684878193412176,8,valida
50044491,2025-04-01,2025-09-30,semestral,-0.35614081244720114,0.0017003005734960164,12,valida
50044491,2025-05-01,2025-10-31,semestral,-0.1704319623444878,0.0003731822269735785,11,valida
50044491,2025-06-01,2025-11-30,semestral,1.7784255334267083,0.05207101098597233,10,valida
50044491,2025-07-01,2025-12-31,semestral,1.3510609988302633,0.026685553204587764,10,valida
50044491,2025-08-01,2026-01-31,semestral,1.6965270642527774,0.041311586365256336,10,valida
50044491,2025-09-01,2026-02-28,semestral,,,8,precio constante
50044491,2025-10-01,2026-03-31,semestral,,,4,precio constante
50044491,2025-11-01,2026-04-30,semestral,,,5,precio constante
50044492,2024-01-01,2024-01-31,mensual,,,3,precio constante
50044492,2024-02-01,2024-02-29,mensual,,,0,n<3
50044492,2024-03-01,2024-03-31,mensual,,,0,n<3
50044492,2024-04-01,2024-04-30,mensual,,,0,n<3
50044492,2024-05-01,2024-05-31,mensual,,,0,n<3
50044492,2024-06-01,2024-06-30,mensual,,,1,n<3
50044492,2024-07-01,2024-07-31,mensual,,,1,n<3
50044492,2024-08-01,2024-08-31,mensual,,,0,n<3
50044492,2024-09-01,2024-09-30,mensual,,,0,n<3
50044492,2024-10-01,2024-10-31,mensual,,,0,n<3
50044492,2024-11-01,2024-11-30,mensual,,,0,n<3
50044492,2024-12-01,2024-12-31,mensual,,,1,n<3
50044492,2025-01-01,2025-01-31,mensual,,,1,n<3
50044492,2025-02-01,2025-02-28,mensual,,,4,qty constante
50044492,2025-03-01,2025-03-31,mensual,,,1,n<3
50044492,2025-04-01,2025-04-30,mensual,,,0,n<3
50044492,2025-05-01,2025-05-31,mensual,,,0,n<3
50044492,2025-06-01,2025-06-30,mensual,,,2,n<3
50044492,2025-07-01,2025-07-31,mensual,,,0,n<3
50044492,2025-08-01,2025-08-31,mensual,,,1,n<3
50044492,2025-09-01,2025-09-30,mensual,,,0,n<3
50044492,2025-10-01,2025-10-31,mensual,,,1,n<3
50044492,2025-11-01,2025-11-30,mensual,,,0,n<3
50044492,2025-12-01,2025-12-31,mensual,,,0,n<3
50044492,2026-01-01,2026-01-31,mensual,,,2,n<3
50044492,2026-02-01,2026-02-28,mensual,,,1,n<3
50044492,2026-03-01,2026-03-31,mensual,,,0,n<3
50044492,2026-04-01,2026-04-30,mensual,,,2,n<3
50044492,2024-01-01,2024-03-31,trimestral,,,3,precio constante
50044492,2024-02-01,2024-04-30,trimestral,,,0,n<3
50044492,2024-03-01,2024-05-31,trimestral,,,0,n<3
50044492,2024-04-01,2024-06-30,trimestral,,,1,n<3
50044492,2024-05-01,2024-07-31,trimestral,,,2,n<3
50044492,2024-06-01,2024-08-31,trimestral,,,2,n<3
50044492,2024-07-01,2024-09-30,trimestral,,,1,n<3
50044492,2024-08-01,2024-10-31,trimestral,,,0,n<3
50044492,2024-09-01,2024-11-30,trimestral,,,0,n<3
50044492,2024-10-01,2024-12-31,trimestral,,,1,n<3
50044492,2024-11-01,2025-01-31,trimestral,,,2,n<3
50044492,2024-12-01,2025-02-28,trimestral,0.85228823436142,0.04000000000000015,6,valida
50044492,2025-01-01,2025-03-31,trimestral,,,6,qty constante
50044492,2025-02-01,2025-04-30,trimestral,,,5,qty constante
50044492,2025-03-01,2025-05-31,trimestral,,,1,n<3
50044492,2025-04-01,2025-06-30,trimestral,,,2,n<3
50044492,2025-05-01,2025-07-31,trimestral,,,2,n<3
50044492,2025-06-01,2025-08-31,trimestral,,,3,qty constante
50044492,2025-07-01,2025-09-30,trimestral,,,1,n<3
50044492,2025-08-01,2025-10-31,trimestral,,,2,n<3
50044492,2025-09-01,2025-11-30,trimestral,,,1,n<3
50044492,2025-10-01,2025-12-31,trimestral,,,1,n<3
50044492,2025-11-01,2026-01-31,trimestral,,,2,n<3
50044492,2025-12-01,2026-02-28,trimestral,,,3,precio constante
50044492,2026-01-01,2026-03-31,trimestral,,,3,precio constante
50044492,2026-02-01,2026-04-30,trimestral,,,3,precio constante
50044492,2024-01-01,2024-06-30,semestral,,,4,precio constante
50044492,2024-02-01,2024-07-31,semestral,,,2,n<3
50044492,2024-03-01,2024-08-31,semestral,,,2,n<3
50044492,2024-04-01,2024-09-30,semestral,,,2,n<3
50044492,2024-05-01,2024-10-31,semestral,,,2,n<3
50044492,2024-06-01,2024-11-30,semestral,,,2,n<3
50044492,2024-07-01,2024-12-31,semestral,,,2,n<3
50044492,2024-08-01,2025-01-31,semestral,,,2,n<3
50044492,2024-09-01,2025-02-28,semestral,0.85228823436142,0.04000000000000015,6,valida
50044492,2024-10-01,2025-03-31,semestral,0.7102401953011854,0.027777777777778345,7,valida
50044492,2024-11-01,2025-04-30,semestral,0.7102401953011854,0.027777777777778345,7,valida
50044492,2024-12-01,2025-05-31,semestral,0.7102401953011854,0.027777777777778345,7,valida
50044492,2025-01-01,2025-06-30,semestral,,,8,qty constante
50044492,2025-02-01,2025-07-31,semestral,,,7,qty constante
50044492,2025-03-01,2025-08-31,semestral,,,4,qty constante
50044492,2025-04-01,2025-09-30,semestral,,,3,qty constante
50044492,2025-05-01,2025-10-31,semestral,,,4,qty constante
50044492,2025-06-01,2025-11-30,semestral,,,4,qty constante
50044492,2025-07-01,2025-12-31,semestral,,,2,n<3
50044492,2025-08-01,2026-01-31,semestral,,,4,precio constante
50044492,2025-09-01,2026-02-28,semestral,,,4,precio constante
50044492,2025-10-01,2026-03-31,semestral,,,4,precio constante
50044492,2025-11-01,2026-04-30,semestral,,,5,precio constante
50044493,2024-01-01,2024-01-31,mensual,,,1,n<3
50044493,2024-02-01,2024-02-29,mensual,,,4,precio constante
50044493,2024-03-01,2024-03-31,mensual,,,3,precio constante
50044493,2024-04-01,2024-04-30,mensual,,,3,qty constante
50044493,2024-05-01,2024-05-31,mensual,,,3,precio constante
50044493,2024-06-01,2024-06-30,mensual,,,3,precio constante
50044493,2024-07-01,2024-07-31,mensual,,,5,precio constante
50044493,2024-08-01,2024-08-31,mensual,0.6960950776770141,0.026647692856904714,5,valida
50044493,2024-09-01,2024-09-30,mensual,,,0,n<3
50044493,2024-10-01,2024-10-31,mensual,,,1,n<3
50044493,2024-11-01,2024-11-30,mensual,,,1,n<3
50044493,2024-12-01,2024-12-31,mensual,,,1,n<3
50044493,2025-01-01,2025-01-31,mensual,,,2,n<3
50044493,2025-02-01,2025-02-28,mensual,0.06972369833331275,0.16302841682026292,5,valida
50044493,2025-03-01,2025-03-31,mensual,,,4,precio constante
50044493,2025-04-01,2025-04-30,mensual,,,2,n<3
50044493,2025-05-01,2025-05-31,mensual,,,1,n<3
50044493,2025-06-01,2025-06-30,mensual,-4.586197184527063,0.33333333333333337,4,valida
50044493,2025-07-01,2025-07-31,mensual,-2.1085569272289226,0.6109675215153897,3,valida
50044493,2025-08-01,2025-08-31,mensual,,,6,precio constante
50044493,2025-09-01,2025-09-30,mensual,,,0,n<3
50044493,2025-10-01,2025-10-31,mensual,,,1,n<3
50044493,2025-11-01,2025-11-30,mensual,,,3,precio constante
50044493,2025-12-01,2025-12-31,mensual,,,3,precio constante
50044493,2026-01-01,2026-01-31,mensual,,,4,precio constante
50044493,2026-02-01,2026-02-28,mensual,,,5,precio constante
50044493,2026-03-01,2026-03-31,mensual,,,4,precio constante
50044493,2026-04-01,2026-04-30,mensual,,,5,precio constante
50044493,2024-01-01,2024-03-31,trimestral,,,8,precio constante
50044493,2024-02-01,2024-04-30,trimestral,-2.1447908970393255,0.012242284483695354,10,valida
50044493,2024-03-01,2024-05-31,trimestral,-12.221438020260688,0.09169763962882016,9,valida
50044493,2024-04-01,2024-06-30,trimestral,-16.782068622647543,0.20304134978915878,9,valida
50044493,2024-05-01,2024-07-31,trimestral,,,11,precio constante
50044493,2024-06-01,2024-08-31,trimestral,0.9704171206528696,0.025126991572741897,13,valida
50044493,2024-07-01,2024-09-30,trimestral,0.5522541348944604,0.009827250383463215,10,valida
50044493,2024-08-01,2024-10-31,trimestral,1.3038330144097203,0.0951454404306531,6,valida
50044493,2024-09-01,2024-11-30,trimestral,,,2,n<3
50044493,2024-10-01,2024-12-31,trimestral,1.9714549206470644,0.25012114554045795,3,valida
50044493,2024-11-01,2025-01-31,trimestral,-6.272970963006168,0.49210698231128913,4,valida
50044493,2024-12-01,2025-02-28,trimestral,0.06025185086565484,0.07897945948790219,8,valida
50044493,2025-01-01,2025-03-31,trimestral,0.06509922010640963,0.09314095105483411,11,valida
50044493,2025-02-01,2025-04-30,trimestral,0.09891190815868767,0.04537984724400024,11,valida
50044493,2025-03-01,2025-05-31,trimestral,-14.730341969814608,0.06907578200713682,7,valida
50044493,2025-04-01,2025-06-30,trimestral,-12.56994610456871,0.12035968229332195,7,valida
50044493,2025-05-01,2025-07-31,trimestral,-2.5989088812486663,0.4842216625615885,8,valida
50044493,2025-06-01,2025-08-31,trimestral,-1.6224026657630426,0.06419587380295055,13,valida
50044493,2025-07-01,2025-09-30,trimestral,-1.6700162053837628,0.07043670311886174,9,valida
50044493,2025-08-01,2025-10-31,trimestral,2.4872251453482632,0.0640450695873731,7,valida
50044493,2025-09-01,2025-11-30,trimestral,,,4,qty constante
50044493,2025-10-01,2025-12-31,trimestral,0.5169111796154798,0.027689176033762863,7,valida
50044493,2025-11-01,2026-01-31,trimestral,,,10,precio constante
50044493,2025-12-01,2026-02-28,trimestral,,,12,precio constante
50044493,2026-01-01,2026-03-31,trimestral,,,13,precio constante
50044493,2026-02-01,2026-04-30,trimestral,,,14,precio constante
50044493,2024-01-01,2024-06-30,semestral,-9.57083739343036,0.0387720199941195,17,valida
50044493,2024-02-01,2024-07-31,semestral,-10.149170610553206,0.03783294089691602,21,valida
50044493,2024-03-01,2024-08-31,semestral,0.4284177615894897,0.0023499442470247267,22,valida
50044493,2024-04-01,2024-09-30,semestral,0.5739809308917931,0.004828357782697523,19,valida
50044493,2024-05-01,2024-10-31,semestral,2.263684093925841,0.11380207678214604,17,valida
50044493,2024-06-01,2024-11-30,semestral,1.701548308944156,0.09327546478002702,15,valida
50044493,2024-07-01,2024-12-31,semestral,1.0803596307153898,0.04185048878854003,13,valida
50044493,2024-08-01,2025-01-31,semestral,0.39850110128183736,0.007009369263204501,10,valida
50044493,2024-09-01,2025-02-28,semestral,0.06250596334200194,0.07297621664852783,10,valida
50044493,2024-10-01,2025-03-31,semestral,0.06120847612002156,0.06613157879658027,14,valida
50044493,2024-11-01,2025-04-30,semestral,0.08938708988734352,0.03426301675810273,15,valida
50044493,2024-12-01,2025-05-31,semestral,0.07964247621854294,0.02666492320948377,15,valida
50044493,2025-01-01,2025-06-30,semestral,0.07334972387871488,0.022368796796990664,18,valida
50044493,2025-02-01,2025-07-31,semestral,0.07077030374407048,0.021339966021557077,19,valida
50044493,2025-03-01,2025-08-31,semestral,-2.496798169715222,0.04320937078284648,20,valida
50044493,2025-04-01,2025-09-30,semestral,-2.792978625197354,0.05264179485032239,16,valida
50044493,2025-05-01,2025-10-31,semestral,-0.8899027506388825,0.02190204787074801,15,valida
50044493,2025-06-01,2025-11-30,semestral,-1.1988099094031581,0.039637135184232175,17,valida
50044493,2025-07-01,2025-12-31,semestral,-1.1614561187405528,0.03653170724404897,16,valida
50044493,2025-08-01,2026-01-31,semestral,1.5125794269336357,0.01975390589382331,17,valida
50044493,2025-09-01,2026-02-28,semestral,1.3604347875160063,0.022553168665235712,16,valida
50044493,2025-10-01,2026-03-31,semestral,1.494933389394956,0.016717561386808355,20,valida
50044493,2025-11-01,2026-04-30,semestral,,,24,precio constante
50044494,2024-01-01,2024-01-31,mensual,4.414659294421094,0.8078805448315182,3,valida
50044494,2024-02-01,2024-02-29,mensual,,,0,n<3
50044494,2024-03-01,2024-03-31,mensual,,,0,n<3
50044494,2024-04-01,2024-04-30,mensual,,,2,n<3
50044494,2024-05-01,2024-05-31,mensual,,,1,n<3
50044494,2024-06-01,2024-06-30,mensual,,,1,n<3
50044494,2024-07-01,2024-07-31,mensual,,,0,n<3
50044494,2024-08-01,2024-08-31,mensual,,,7,qty constante
50044494,2024-09-01,2024-09-30,mensual,,,0,n<3
50044494,2024-10-01,2024-10-31,mensual,,,1,n<3
50044494,2024-11-01,2024-11-30,mensual,,,1,n<3
50044494,2024-12-01,2024-12-31,mensual,,,0,n<3
50044494,2025-01-01,2025-01-31,mensual,,,3,precio constante
50044494,2025-02-01,2025-02-28,mensual,,,0,n<3
50044494,2025-03-01,2025-03-31,mensual,,,0,n<3
50044494,2025-04-01,2025-04-30,mensual,,,2,n<3
50044494,2025-05-01,2025-05-31,mensual,,,1,n<3
50044494,2025-06-01,2025-06-30,mensual,,,0,n<3
50044494,2025-07-01,2025-07-31,mensual,,,0,n<3
50044494,2025-08-01,2025-08-31,mensual,-1.5544677406901848,0.25024626198468103,3,valida
50044494,2025-09-01,2025-09-30,mensual,,,1,n<3
50044494,2025-10-01,2025-10-31,mensual,,,0,n<3
50044494,2025-11-01,2025-11-30,mensual,,,1,n<3
50044494,2025-12-01,2025-12-31,mensual,,,0,n<3
50044494,2026-01-01,2026-01-31,mensual,,,1,n<3
50044494,2026-02-01,2026-02-28,mensual,,,1,n<3
50044494,2026-03-01,2026-03-31,mensual,,,0,n<3
50044494,2026-04-01,2026-04-30,mensual,,,2,n<3
50044494,2024-01-01,2024-03-31,trimestral,4.414659294421094,0.8078805448315182,3,valida
50044494,2024-02-01,2024-04-30,trimestral,,,2,n<3
50044494,2024-03-01,2024-05-31,trimestral,,,3,qty constante
50044494,2024-04-01,2024-06-30,trimestral,-3.23057436370264,0.11111111111111105,4,valida
50044494,2024-05-01,2024-07-31,trimestral,,,2,n<3
50044494,2024-06-01,2024-08-31,trimestral,0.29019853908063264,0.02677188264427388,8,valida
50044494,2024-07-01,2024-09-30,trimestral,,,7,qty constante
50044494,2024-08-01,2024-10-31,trimestral,-0.6342177842193228,0.1456635996306066,8,valida
50044494,2024-09-01,2024-11-30,trimestral,,,2,n<3
50044494,2024-10-01,2024-12-31,trimestral,,,2,n<3
50044494,2024-11-01,2025-01-31,trimestral,,,4,precio constante
50044494,2024-12-01,2025-02-28,trimestral,,,3,precio constante
50044494,2025-01-01,2025-03-31,trimestral,,,3,precio constante
50044494,2025-02-01,2025-04-30,trimestral,,,2,n<3
50044494,2025-03-01,2025-05-31,trimestral,-12.52763204743353,0.8664602553671099,3,valida
50044494,2025-04-01,2025-06-30,trimestral,-12.52763204743353,0.8664602553671099,3,valida
50044494,2025-05-01,2025-07-31,trimestral,,,1,n<3
50044494,2025-06-01,2025-08-31,trimestral,-1.5544677406901848,0.25024626198468103,3,valida
50044494,2025-07-01,2025-09-30,trimestral,-1.5542127458151402,0.3335522149181869,4,valida
50044494,2025-08-01,2025-10-31,trimestral,-1.5542127458151402,0.3335522149181869,4,valida
50044494,2025-09-01,2025-11-30,trimestral,,,2,n<3
50044494,2025-10-01,2025-12-31,trimestral,,,1,n<3
50044494,2025-11-01,2026-01-31,trimestral,,,2,n<3
50044494,2025-12-01,2026-02-28,trimestral,,,2,n<3
50044494,2026-01-01,2026-03-31,trimestral,,,2,n<3
50044494,2026-02-01,2026-04-30,trimestral,10.240028064045102,0.2500000000000001,3,valida
50044494,2024-01-01,2024-06-30,semestral,1.027719915852843,0.05402070363555789,7,valida
50044494,2024-02-01,2024-07-31,semestral,-3.23057436370264,0.11111111111111105,4,valida
50044494,2024-03-01,2024-08-31,semestral,0.15700611307195372,0.008519071950487178,11,valida
50044494,2024-04-01,2024-09-30,semestral,0.15700611307195372,0.008519071950487178,11,valida
50044494,2024-05-01,2024-10-31,semestral,-0.4029475773428402,0.03753040934925822,10,valida
50044494,2024-06-01,2024-11-30,semestral,-0.37729674217225395,0.03027507499225679,10,valida
50044494,2024-07-01,2024-12-31,semestral,-0.6499555540474138,0.15677326155307159,9,valida
50044494,2024-08-01,2025-01-31,semestral,-0.6779802001217667,0.17845876778280712,12,valida
50044494,2024-09-01,2025-02-28,semestral,-3.106283719505399,1.0,5,valida
50044494,2024-10-01,2025-03-31,semestral,-3.106283719505399,1.0,5,valida
50044494,2024-11-01,2025-04-30,semestral,,,6,precio constante
50044494,2024-12-01,2025-05-31,semestral,-5.003357705255233,0.09257694951317774,6,valida
50044494,2025-01-01,2025-06-30,semestral,-5.003357705255233,0.09257694951317774,6,valida
50044494,2025-02-01,2025-07-31,semestral,-12.52763204743353,0.8664602553671099,3,valida
50044494,2025-03-01,2025-08-31,semestral,-2.037789308104274,0.13853548185295006,6,valida
50044494,2025-04-01,2025-09-30,semestral,-2.34348471464113,0.2273991826561157,7,valida
50044494,2025-05-01,2025-10-31,semestral,-1.6246294057108377,0.35098420801100116,5,valida
50044494,2025-06-01,2025-11-30,semestral,-1.5541277475203987,0.37520519587421086,5,valida
50044494,2025-07-01,2025-12-31,semestral,-1.5541277475203987,0.37520519587421086,5,valida
50044494,2025-08-01,2026-01-31,semestral,-0.7772339017583246,0.06256156802470314,6,valida
50044494,2025-09-01,2026-02-28,semestral,,,4,precio constante
50044494,2025-10-01,2026-03-31,semestral,,,3,precio constante
50044494,2025-11-01,2026-04-30,semestral,10.240028064045127,0.16666666666666663,5,valida
50044495,2024-01-01,2024-01-31,mensual,9.698846347435284,1.0,3,valida
50044495,2024-02-01,2024-02-29,mensual,,,2,n<3
50044495,2024-03-01,2024-03-31,mensual,,,1,n<3
50044495,2024-04-01,2024-04-30,mensual,,,1,n<3
50044495,2024-05-01,2024-05-31,mensual,,,2,n<3
50044495,2024-06-01,2024-06-30,mensual,,,2,n<3
50044495,2024-07-01,2024-07-31,mensual,,,2,n<3
50044495,2024-08-01,2024-08-31,mensual,-0.6481677280152256,0.03451484167744068,6,valida
50044495,2024-09-01,2024-09-30,mensual,,,2,n<3
50044495,2024-10-01,2024-10-31,mensual,,,2,n<3
50044495,2024-11-01,2024-11-30,mensual,,,4,precio constante
50044495,2024-12-01,2024-12-31,mensual,,,0,n<3
50044495,2025-01-01,2025-01-31,mensual,,,2,n<3
50044495,2025-02-01,2025-02-28,mensual,,,4,qty constante
50044495,2025-03-01,2025-03-31,mensual,,,1,n<3
50044495,2025-04-01,2025-04-30,mensual,,,5,precio constante
50044495,2025-05-01,2025-05-31,mensual,,,2,n<3
50044495,2025-06-01,2025-06-30,mensual,,,1,n<3
50044495,2025-07-01,2025-07-31,mensual,,,2,n<3
50044495,2025-08-01,2025-08-31,mensual,-0.4047023855037861,0.007398222497886686,5,valida
50044495,2025-09-01,2025-09-30,mensual,,,3,precio constante
50044495,2025-10-01,2025-10-31,mensual,,,2,n<3
50044495,2025-11-01,2025-11-30,mensual,,,1,n<3
50044495,2025-12-01,2025-12-31,mensual,,,3,precio constante
50044495,2026-01-01,2026-01-31,mensual,,,2,n<3
50044495,2026-02-01,2026-02-28,mensual,,,4,precio constante
50044495,2026-03-01,2026-03-31,mensual,,,6,precio constante
50044495,2026-04-01,2026-04-30,mensual,,,2,n<3
50044495,2024-01-01,2024-03-31,trimestral,3.2329487824783905,0.20000000000000007,6,valida
50044495,2024-02-01,2024-04-30,trimestral,,,4,qty constante
50044495,2024-03-01,2024-05-31,trimestral,-3.232948782478539,0.11111111111111105,4,valida
50044495,2024-04-01,2024-06-30,trimestral,,,5,precio constante
50044495,2024-05-01,2024-07-31,trimestral,14.383461873194937,0.45722289927760773,6,valida
50044495,2024-06-01,2024-08-31,trimestral,-0.16882377151234654,0.0020909205366144157,10,valida
50044495,2024-07-01,2024-09-30,trimestral,-0.6304245652189601,0.031234427536627307,10,valida
50044495,2024-08-01,2024-10-31,trimestral,-1.3785778752479403,0.17464168336123853,10,valida
50044495,2024-09-01,2024-11-30,trimestral,,,8,qty constante
50044495,2024-10-01,2024-12-31,trimestral,,,6,precio constante
50044495,2024-11-01,2025-01-31,trimestral,2.3942848644644075,0.040000000000000036,6,valida
50044495,2024-12-01,2025-02-28,trimestral,2.9928560805805353,0.10000000000000009,6,valida
50044495,2025-01-01,2025-03-31,trimestral,2.394284864464422,0.06666666666666643,7,valida
50044495,2025-02-01,2025-04-30,trimestral,1.4214357945103315,0.024390243902438935,10,valida
50044495,2025-03-01,2025-05-31,trimestral,,,8,precio constante
50044495,2025-04-01,2025-06-30,trimestral,,,8,precio constante
50044495,2025-05-01,2025-07-31,trimestral,,,5,precio constante
50044495,2025-06-01,2025-08-31,trimestral,0.012937648686533191,9.386959190060828e-06,8,valida
50044495,2025-07-01,2025-09-30,trimestral,0.7903192341667292,0.019678038362193395,10,valida
50044495,2025-08-01,2025-10-31,trimestral,0.4429525249412753,0.005925839396210164,10,valida
50044495,2025-09-01,2025-11-30,trimestral,,,6,precio constante
50044495,2025-10-01,2025-12-31,trimestral,,,6,precio constante
50044495,2025-11-01,2026-01-31,trimestral,-10.323312572883141,0.1664821002112008,6,valida
50044495,2025-12-01,2026-02-28,trimestral,-7.983317437264633,0.08996624292563815,9,valida
50044495,2026-01-01,2026-03-31,trimestral,-11.088761070953439,0.07344356046927836,12,valida
50044495,2026-02-01,2026-04-30,trimestral,,,12,precio constante
50044495,2024-01-01,2024-06-30,semestral,0.09905451893111061,6.806026602801385e-05,11,valida
50044495,2024-02-01,2024-07-31,semestral,2.8843041209031313,0.03432974311931836,10,valida
50044495,2024-03-01,2024-08-31,semestral,-0.6134510691642268,0.02600922354006663,14,valida
50044495,2024-04-01,2024-09-30,semestral,-0.6936220172269184,0.032245645735842876,15,valida
50044495,2024-05-01,2024-10-31,semestral,-0.762179670421766,0.037953072251757036,16,valida
50044495,2024-06-01,2024-11-30,semestral,-0.977026813611668,0.0598675062087789,18,valida
50044495,2024-07-01,2024-12-31,semestral,-1.069234197720637,0.08095095614320358,16,valida
50044495,2024-08-01,2025-01-31,semestral,-1.0612235349494248,0.058969232250683734,16,valida
50044495,2024-09-01,2025-02-28,semestral,0.6607078006953463,0.006624243194692014,14,valida
50044495,2024-10-01,2025-03-31,semestral,1.0883113020292992,0.015151515151515027,13,valida
50044495,2024-11-01,2025-04-30,semestral,1.7688818909225,0.027950249603347577,16,valida
50044495,2024-12-01,2025-05-31,semestral,2.0636955394095513,0.0383385721316456,14,valida
50044495,2025-01-01,2025-06-30,semestral,2.2329733735727304,0.04404069289830215,15,valida
50044495,2025-02-01,2025-07-31,semestral,1.52296692268961,0.022321428571428714,15,valida
50044495,2025-03-01,2025-08-31,semestral,-0.2411150932407146,0.002299085264867551,16,valida
50044495,2025-04-01,2025-09-30,semestral,0.3271978447006061,0.002747683749306895,18,valida
50044495,2025-05-01,2025-10-31,semestral,0.1215176933806195,0.0004411786575636567,15,valida
50044495,2025-06-01,2025-11-30,semestral,0.7725170551706912,0.015241969068151673,14,valida
50044495,2025-07-01,2025-12-31,semestral,0.4517970327951446,0.00497856484553183,16,valida
50044495,2025-08-01,2026-01-31,semestral,0.39948355143676756,0.003752433858924986,16,valida
50044495,2025-09-01,2026-02-28,semestral,-9.164591416942685,0.0569687894019516,15,valida
50044495,2025-10-01,2026-03-31,semestral,-9.066810083778966,0.03777870582200771,18,valida
50044495,2025-11-01,2026-04-30,semestral,-9.066810083778963,0.03777870582200782,18,valida
50044497,2024-01-01,2024-01-31,mensual,,,6,precio constante
50044497,2024-02-01,2024-02-29,mensual,,,0,n<3
50044497,2024-03-01,2024-03-31,mensual,,,3,precio constante
50044497,2024-04-01,2024-04-30,mensual,,,2,n<3
50044497,2024-05-01,2024-05-31,mensual,4.852328483554407,0.25,3,valida
50044497,2024-06-01,2024-06-30,mensual,,,2,n<3
50044497,2024-07-01,2024-07-31,mensual,,,2,n<3
50044497,2024-08-01,2024-08-31,mensual,,,5,precio constante
50044497,2024-09-01,2024-09-30,mensual,,,3,precio constante
50044497,2024-10-01,2024-10-31,mensual,,,2,n<3
50044497,2024-11-01,2024-11-30,mensual,,,1,n<3
50044497,2024-12-01,2024-12-31,mensual,,,0,n<3
50044497,2025-01-01,2025-01-31,mensual,-1.630027530088159,0.2475081776944391,7,valida
50044497,2025-02-01,2025-02-28,mensual,,,2,n<3
50044497,2025-03-01,2025-03-31,mensual,,,1,n<3
50044497,2025-04-01,2025-04-30,mensual,,,3,precio constante
50044497,2025-05-01,2025-05-31,mensual,,,3,precio constante
50044497,2025-06-01,2025-06-30,mensual,,,1,n<3
50044497,2025-07-01,2025-07-31,mensual,-5.108515947897287,0.053557122663493884,4,valida
50044497,2025-08-01,2025-08-31,mensual,0.9101707108319138,0.016841702667342306,3,valida
50044497,2025-09-01,2025-09-30,mensual,,,4,precio constante
50044497,2025-10-01,2025-10-31,mensual,,,2,n<3
50044497,2025-11-01,2025-11-30,mensual,,,4,precio constante
50044497,2025-12-01,2025-12-31,mensual,,,1,n<3
50044497,2026-01-01,2026-01-31,mensual,,,7,precio constante
50044497,2026-02-01,2026-02-28,mensual,,,0,n<3
50044497,2026-03-01,2026-03-31,mensual,,,1,n<3
50044497,2026-04-01,2026-04-30,mensual,,,5,precio constante
50044497,2024-01-01,2024-03-31,trimestral,,,9,precio constante
50044497,2024-02-01,2024-04-30,trimestral,,,5,precio constante
50044497,2024-03-01,2024-05-31,trimestral,4.728618205945049,0.07203168296970719,8,valida
50044497,2024-04-01,2024-06-30,trimestral,6.4697713114058315,0.2222222222222222,7,valida
50044497,2024-05-01,2024-07-31,trimestral,6.4697713114058315,0.2222222222222222,7,valida
50044497,2024-06-01,2024-08-31,trimestral,,,9,precio constante
50044497,2024-07-01,2024-09-30,trimestral,,,10,precio constante
50044497,2024-08-01,2024-10-31,trimestral,0.36262851203704,0.012345679012345734,10,valida
50044497,2024-09-01,2024-11-30,trimestral,0.65273132166667,0.04000000000000015,6,valida
50044497,2024-10-01,2024-12-31,trimestral,1.6318283041666954,0.2500000000000001,3,valida
50044497,2024-11-01,2025-01-31,trimestral,-2.607799705691755,0.27892744942572134,8,valida
50044497,2024-12-01,2025-02-28,trimestral,-3.2596253495721763,0.31737179881965116,9,valida
50044497,2025-01-01,2025-03-31,trimestral,-3.7252040884127955,0.3471328305226786,10,valida
50044497,2025-02-01,2025-04-30,trimestral,,,6,precio constante
50044497,2025-03-01,2025-05-31,trimestral,,,7,precio constante
50044497,2025-04-01,2025-06-30,trimestral,,,7,precio constante
50044497,2025-05-01,2025-07-31,trimestral,-1.6897817021370134,0.024353138445514455,8,valida
50044497,2025-06-01,2025-08-31,trimestral,2.1374739987879874,0.08383009806046626,8,valida
50044497,2025-07-01,2025-09-30,trimestral,-0.14673739168930153,0.00021587946728784946,11,valida
50044497,2025-08-01,2025-10-31,trimestral,-1.7120521744014905,0.04253700748795064,9,valida
50044497,2025-09-01,2025-11-30,trimestral,,,10,precio constante
50044497,2025-10-01,2025-12-31,trimestral,-3.217644396104692,0.06615795025180216,7,valida
50044497,2025-11-01,2026-01-31,trimestral,-9.335958288348124,0.051151199871918185,12,valida
50044497,2025-12-01,2026-02-28,trimestral,-11.934246223064367,0.09006472544444266,8,valida
50044497,2026-01-01,2026-03-31,trimestral,-1.0204058290431424,0.09052952177428697,8,valida
50044497,2026-02-01,2026-04-30,trimestral,,,6,precio constante
50044497,2024-01-01,2024-06-30,semestral,4.4086534789167695,0.02164666874486121,16,valida
50044497,2024-02-01,2024-07-31,semestral,5.653547823311209,0.07951408116786185,12,valida
50044497,2024-03-01,2024-08-31,semestral,6.917181628598887,0.10223509947195197,17,valida
50044497,2024-04-01,2024-09-30,semestral,8.49157484621999,0.2916666666666665,17,valida
50044497,2024-05-01,2024-10-31,semestral,1.478342079589505,0.07292724592553723,17,valida
50044497,2024-06-01,2024-11-30,semestral,0.46623665833333716,0.010989010989010617,15,valida
50044497,2024-07-01,2024-12-31,semestral,0.2719713840277748,0.006944444444444642,13,valida
50044497,2024-08-01,2025-01-31,semestral,-2.495951208023923,0.1521408187446841,18,valida
50044497,2024-09-01,2025-02-28,semestral,-2.046176196024953,0.1120762608275192,15,valida
50044497,2024-10-01,2025-03-31,semestral,-1.5808383760295968,0.07428267716449444,13,valida
50044497,2024-11-01,2025-04-30,semestral,-4.353236358732352,0.37005738002090893,14,valida
50044497,2024-12-01,2025-05-31,semestral,-4.030616163643946,0.24831528156445215,16,valida
50044497,2025-01-01,2025-06-30,semestral,-3.4211425705628216,0.13359339663665182,17,valida
50044497,2025-02-01,2025-07-31,semestral,-4.451252769880981,0.15294597718475111,14,valida
50044497,2025-03-01,2025-08-31,semestral,-1.4799106505093267,0.044513238908280295,15,valida
50044497,2025-04-01,2025-09-30,semestral,-0.41385129368966017,0.00326794426955479,18,valida
50044497,2025-05-01,2025-10-31,semestral,0.7668326158303905,0.008919514295050446,17,valida
50044497,2025-06-01,2025-11-30,semestral,2.128707531205029,0.04303509372264158,18,valida
50044497,2025-07-01,2025-12-31,semestral,-1.1285347432992205,0.011186175010980182,18,valida
50044497,2025-08-01,2026-01-31,semestral,-1.4519134018881643,0.009957582581269442,21,valida
50044497,2025-09-01,2026-02-28,semestral,-6.579827229638368,0.02228537891757576,18,valida
50044497,2025-10-01,2026-03-31,semestral,-0.6850029647956991,0.03444849792217486,15,valida
50044497,2025-11-01,2026-04-30,semestral,0.007790754738508378,1.5936293847107486e-05,18,valida
50044499,2024-01-01,2024-01-31,mensual,-10.113673471714414,0.15208893719005445,5,valida
50044499,2024-02-01,2024-02-29,mensual,,,3,precio constante
50044499,2024-03-01,2024-03-31,mensual,,,2,n<3
50044499,2024-04-01,2024-04-30,mensual,17.67550815351371,0.8156986414423963,3,valida
50044499,2024-05-01,2024-05-31,mensual,,,1,n<3
50044499,2024-06-01,2024-06-30,mensual,,,1,n<3
50044499,2024-07-01,2024-07-31,mensual,,,1,n<3
50044499,2024-08-01,2024-08-31,mensual,1.0266319569408646,0.11111111111111105,4,valida
50044499,2024-09-01,2024-09-30,mensual,,,1,n<3
50044499,2024-10-01,2024-10-31,mensual,,,0,n<3
50044499,2024-11-01,2024-11-30,mensual,,,4,precio constante
50044499,2024-12-01,2024-12-31,mensual,,,3,precio constante
50044499,2025-01-01,2025-01-31,mensual,,,2,n<3
50044499,2025-02-01,2025-02-28,mensual,,,0,n<3
50044499,2025-03-01,2025-03-31,mensual,,,4,precio constante
50044499,2025-04-01,2025-04-30,mensual,,,1,n<3
50044499,2025-05-01,2025-05-31,mensual,,,2,n<3
50044499,2025-06-01,2025-06-30,mensual,,,1,n<3
50044499,2025-07-01,2025-07-31,mensual,,,3,precio constante
50044499,2025-08-01,2025-08-31,mensual,,,3,precio constante
50044499,2025-09-01,2025-09-30,mensual,,,2,n<3
50044499,2025-10-01,2025-10-31,mensual,1.5529917583864534,0.24992753123563471,3,valida
50044499,2025-11-01,2025-11-30,mensual,,,0,n<3
50044499,2025-12-01,2025-12-31,mensual,,,2,n<3
50044499,2026-01-01,2026-01-31,mensual,,,2,n<3
50044499,2026-02-01,2026-02-28,mensual,,,2,n<3
50044499,2026-03-01,2026-03-31,mensual,,,3,precio constante
50044499,2024-01-01,2024-03-31,trimestral,-6.203474540850601,0.04383722357007436,10,valida
50044499,2024-02-01,2024-04-30,trimestral,18.94368998670931,0.5660612986874521,8,valida
50044499,2024-03-01,2024-05-31,trimestral,17.510654734934082,0.5551195385568412,6,valida
50044499,2024-04-01,2024-06-30,trimestral,12.412604644432305,0.43846847199795225,5,valida
50044499,2024-05-01,2024-07-31,trimestral,,,3,precio constante
50044499,2024-06-01,2024-08-31,trimestral,1.8479375224935648,0.19999999999999984,6,valida
50044499,2024-07-01,2024-09-30,trimestral,2.323007610181571,0.17133679568022087,6,valida
50044499,2024-08-01,2024-10-31,trimestral,2.133785545021302,0.1476118865481726,5,valida
50044499,2024-09-01,2024-11-30,trimestral,,,5,precio constante
50044499,2024-10-01,2024-12-31,trimestral,,,7,precio constante
50044499,2024-11-01,2025-01-31,trimestral,2.927642648685442,0.12886623069674474,9,valida
50044499,2024-12-01,2025-02-28,trimestral,3.3796998807412315,0.27237373134892195,5,valida
50044499,2025-01-01,2025-03-31,trimestral,-1.2069439031853153,0.012889033967439234,6,valida
50044499,2025-02-01,2025-04-30,trimestral,,,5,precio constante
50044499,2025-03-01,2025-05-31,trimestral,,,7,precio constante
50044499,2025-04-01,2025-06-30,trimestral,,,4,qty constante
50044499,2025-05-01,2025-07-31,trimestral,,,6,qty constante
50044499,2025-06-01,2025-08-31,trimestral,-0.29485149442035397,0.10298014975523528,7,valida
50044499,2025-07-01,2025-09-30,trimestral,-0.18094802414170277,0.022228225666673596,8,valida
50044499,2025-08-01,2025-10-31,trimestral,0.22856364445788438,0.0259410413461707,8,valida
50044499,2025-09-01,2025-11-30,trimestral,1.5528416642726752,0.16658614970828767,5,valida
50044499,2025-10-01,2025-12-31,trimestral,1.55284166427268,0.16658614970828767,5,valida
50044499,2025-11-01,2026-01-31,trimestral,,,4,precio constante
50044499,2025-12-01,2026-02-28,trimestral,4.733955306855509,0.0292556312853276,6,valida
50044499,2026-01-01,2026-03-31,trimestral,-1.5873444333179667,0.0030093862446982644,7,valida
50044499,2024-01-01,2024-06-30,semestral,3.8565263846496087,0.0208718757031362,15,valida
50044499,2024-02-01,2024-07-31,semestral,15.40549333130146,0.288219621367393,11,valida
50044499,2024-03-01,2024-08-31,semestral,2.1836897495681753,0.143892991471409,12,valida
50044499,2024-04-01,2024-09-30,semestral,2.714169739598031,0.18806862750046627,11,valida
50044499,2024-05-01,2024-10-31,semestral,2.5392613989361554,0.19999760473787243,8,valida
50044499,2024-06-01,2024-11-30,semestral,2.697969159026957,0.1887538482254424,11,valida
50044499,2024-07-01,2024-12-31,semestral,2.734107118223391,0.1849591531934235,13,valida
50044499,2024-08-01,2025-01-31,semestral,2.7739421264388913,0.18706280856382929,14,valida
50044499,2024-09-01,2025-02-28,semestral,3.458775482143251,0.13037917811114663,10,valida
50044499,2024-10-01,2025-03-31,semestral,0.8855851593396467,0.004362428492512671,13,valida
50044499,2024-11-01,2025-04-30,semestral,0.48940888355948,0.0011710176573997977,14,valida
50044499,2024-12-01,2025-05-31,semestral,-1.097221730168753,0.006604738659421128,12,valida
50044499,2025-01-01,2025-06-30,semestral,-0.6178553339660869,0.0041003676597548555,10,valida
50044499,2025-02-01,2025-07-31,semestral,-0.15438561285081132,0.028254233388328442,11,valida
50044499,2025-03-01,2025-08-31,semestral,-0.2483694271796252,0.043372886503189934,14,valida
50044499,2025-04-01,2025-09-30,semestral,0.06983459038291613,0.004560523540218742,12,valida
50044499,2025-05-01,2025-10-31,semestral,0.15640345516016138,0.018298093074964328,14,valida
50044499,2025-06-01,2025-11-30,semestral,0.07263004398143504,0.0035271715022932026,12,valida
50044499,2025-07-01,2025-12-31,semestral,0.034127667685713535,0.0005213066793032795,13,valida
50044499,2025-08-01,2026-01-31,semestral,0.4417390536860802,0.04676722509286779,12,valida
50044499,2025-09-01,2026-02-28,semestral,2.3170005370270923,0.1239080516139951,11,valida
50044499,2025-10-01,2026-03-31,semestral,2.4170839149351564,0.1275113817591479,12,valida
50045809,2024-01-01,2024-01-31,mensual,,,3,precio constante
50045809,2024-02-01,2024-02-29,mensual,,,0,n<3
50045809,2024-03-01,2024-03-31,mensual,,,0,n<3
50045809,2024-04-01,2024-04-30,mensual,,,0,n<3
50045809,2024-05-01,2024-05-31,mensual,,,0,n<3
50045809,2024-06-01,2024-06-30,mensual,,,0,n<3
50045809,2024-07-01,2024-07-31,mensual,,,0,n<3
50045809,2024-08-01,2024-08-31,mensual,,,2,n<3
50045809,2024-09-01,2024-09-30,mensual,,,2,n<3
50045809,2024-10-01,2024-10-31,mensual,,,0,n<3
50045809,2024-11-01,2024-11-30,mensual,,,0,n<3
50045809,2024-12-01,2024-12-31,mensual,,,0,n<3
50045809,2025-01-01,2025-01-31,mensual,,,2,n<3
50045809,2025-02-01,2025-02-28,mensual,,,0,n<3
50045809,2025-03-01,2025-03-31,mensual,,,1,n<3
50045809,2025-04-01,2025-04-30,mensual,,,0,n<3
50045809,2025-05-01,2025-05-31,mensual,,,0,n<3
50045809,2025-06-01,2025-06-30,mensual,,,0,n<3
50045809,2025-07-01,2025-07-31,mensual,,,0,n<3
50045809,2025-08-01,2025-08-31,mensual,,,4,precio constante
50045809,2025-09-01,2025-09-30,mensual,,,0,n<3
50045809,2025-10-01,2025-10-31,mensual,,,0,n<3
50045809,2025-11-01,2025-11-30,mensual,,,0,n<3
50045809,2025-12-01,2025-12-31,mensual,,,0,n<3
50045809,2026-01-01,2026-01-31,mensual,,,0,n<3
50045809,2026-02-01,2026-02-28,mensual,,,1,n<3
50045809,2026-03-01,2026-03-31,mensual,,,0,n<3
50045809,2026-04-01,2026-04-30,mensual,,,1,n<3
50045809,2024-01-01,2024-03-31,trimestral,,,3,precio constante
50045809,2024-02-01,2024-04-30,trimestral,,,0,n<3
50045809,2024-03-01,2024-05-31,trimestral,,,0,n<3
50045809,2024-04-01,2024-06-30,trimestral,,,0,n<3
50045809,2024-05-01,2024-07-31,trimestral,,,0,n<3
50045809,2024-06-01,2024-08-31,trimestral,,,2,n<3
50045809,2024-07-01,2024-09-30,trimestral,,,4,precio constante
50045809,2024-08-01,2024-10-31,trimestral,,,4,precio constante
50045809,2024-09-01,2024-11-30,trimestral,,,2,n<3
50045809,2024-10-01,2024-12-31,trimestral,,,0,n<3
50045809,2024-11-01,2025-01-31,trimestral,,,2,n<3
50045809,2024-12-01,2025-02-28,trimestral,,,2,n<3
50045809,2025-01-01,2025-03-31,trimestral,,,3,precio constante
50045809,2025-02-01,2025-04-30,trimestral,,,1,n<3
50045809,2025-03-01,2025-05-31,trimestral,,,1,n<3
50045809,2025-04-01,2025-06-30,trimestral,,,0,n<3
50045809,2025-05-01,2025-07-31,trimestral,,,0,n<3
50045809,2025-06-01,2025-08-31,trimestral,,,4,precio constante
50045809,2025-07-01,2025-09-30,trimestral,,,4,precio constante
50045809,2025-08-01,2025-10-31,trimestral,,,4,precio constante
50045809,2025-09-01,2025-11-30,trimestral,,,0,n<3
50045809,2025-10-01,2025-12-31,trimestral,,,0,n<3
50045809,2025-11-01,2026-01-31,trimestral,,,0,n<3
50045809,2025-12-01,2026-02-28,trimestral,,,1,n<3
50045809,2026-01-01,2026-03-31,trimestral,,,1,n<3
50045809,2026-02-01,2026-04-30,trimestral,,,2,n<3
50045809,2024-01-01,2024-06-30,semestral,,,3,precio constante
50045809,2024-02-01,2024-07-31,semestral,,,0,n<3
50045809,2024-03-01,2024-08-31,semestral,,,2,n<3
50045809,2024-04-01,2024-09-30,semestral,,,4,precio constante
50045809,2024-05-01,2024-10-31,semestral,,,4,precio constante
50045809,2024-06-01,2024-11-30,semestral,,,4,precio constante
50045809,2024-07-01,2024-12-31,semestral,,,4,precio constante
50045809,2024-08-01,2025-01-31,semestral,-0.713137464871212,0.10009851307000195,6,valida
50045809,2024-09-01,2025-02-28,semestral,-1.425806881355789,0.33347924668616447,4,valida
50045809,2024-10-01,2025-03-31,semestral,,,3,precio constante
50045809,2024-11-01,2025-04-30,semestral,,,3,precio constante
50045809,2024-12-01,2025-05-31,semestral,,,3,precio constante
50045809,2025-01-01,2025-06-30,semestral,,,3,precio constante
50045809,2025-02-01,2025-07-31,semestral,,,1,n<3
50045809,2025-03-01,2025-08-31,semestral,,,5,precio constante
50045809,2025-04-01,2025-09-30,semestral,,,4,precio constante
50045809,2025-05-01,2025-10-31,semestral,,,4,precio constante
50045809,2025-06-01,2025-11-30,semestral,,,4,precio constante
50045809,2025-07-01,2025-12-31,semestral,,,4,precio constante
50045809,2025-08-01,2026-01-31,semestral,,,4,precio constante
50045809,2025-09-01,2026-02-28,semestral,,,1,n<3
50045809,2025-10-01,2026-03-31,semestral,,,1,n<3
50045809,2025-11-01,2026-04-30,semestral,,,2,n<3
50046575,2024-08-01,2024-08-31,mensual,,,1,n<3
50046575,2024-09-01,2024-09-30,mensual,,,1,n<3
50046575,2024-10-01,2024-10-31,mensual,,,0,n<3
50046575,2024-11-01,2024-11-30,mensual,,,1,n<3
50046575,2024-12-01,2024-12-31,mensual,,,0,n<3
50046575,2025-01-01,2025-01-31,mensual,,,0,n<3
50046575,2025-02-01,2025-02-28,mensual,,,0,n<3
50046575,2025-03-01,2025-03-31,mensual,,,0,n<3
50046575,2025-04-01,2025-04-30,mensual,,,0,n<3
50046575,2025-05-01,2025-05-31,mensual,,,0,n<3
50046575,2025-06-01,2025-06-30,mensual,,,0,n<3
50046575,2025-07-01,2025-07-31,mensual,,,0,n<3
50046575,2025-08-01,2025-08-31,mensual,,,0,n<3
50046575,2025-09-01,2025-09-30,mensual,,,1,n<3
50046575,2024-08-01,2024-10-31,trimestral,,,2,n<3
50046575,2024-09-01,2024-11-30,trimestral,,,2,n<3
50046575,2024-10-01,2024-12-31,trimestral,,,1,n<3
50046575,2024-11-01,2025-01-31,trimestral,,,1,n<3
50046575,2024-12-01,2025-02-28,trimestral,,,0,n<3
50046575,2025-01-01,2025-03-31,trimestral,,,0,n<3
50046575,2025-02-01,2025-04-30,trimestral,,,0,n<3
50046575,2025-03-01,2025-05-31,trimestral,,,0,n<3
50046575,2025-04-01,2025-06-30,trimestral,,,0,n<3
50046575,2025-05-01,2025-07-31,trimestral,,,0,n<3
50046575,2025-06-01,2025-08-31,trimestral,,,0,n<3
50046575,2025-07-01,2025-09-30,trimestral,,,1,n<3
50046575,2024-08-01,2025-01-31,semestral,,,3,qty constante
50046575,2024-09-01,2025-02-28,semestral,,,2,n<3
50046575,2024-10-01,2025-03-31,semestral,,,1,n<3
50046575,2024-11-01,2025-04-30,semestral,,,1,n<3
50046575,2024-12-01,2025-05-31,semestral,,,0,n<3
50046575,2025-01-01,2025-06-30,semestral,,,0,n<3
50046575,2025-02-01,2025-07-31,semestral,,,0,n<3
50046575,2025-03-01,2025-08-31,semestral,,,0,n<3
50046575,2025-04-01,2025-09-30,semestral,,,1,n<3
50046576,2024-01-01,2024-01-31,mensual,,,2,n<3
50046576,2024-02-01,2024-02-29,mensual,,,1,n<3
50046576,2024-03-01,2024-03-31,mensual,,,1,n<3
50046576,2024-04-01,2024-04-30,mensual,,,0,n<3
50046576,2024-05-01,2024-05-31,mensual,,,0,n<3
50046576,2024-06-01,2024-06-30,mensual,,,0,n<3
50046576,2024-07-01,2024-07-31,mensual,,,1,n<3
50046576,2024-08-01,2024-08-31,mensual,,,3,qty constante
50046576,2024-09-01,2024-09-30,mensual,,,0,n<3
50046576,2024-10-01,2024-10-31,mensual,,,1,n<3
50046576,2024-11-01,2024-11-30,mensual,,,0,n<3
50046576,2024-12-01,2024-12-31,mensual,,,0,n<3
50046576,2025-01-01,2025-01-31,mensual,,,0,n<3
50046576,2025-02-01,2025-02-28,mensual,,,0,n<3
50046576,2025-03-01,2025-03-31,mensual,,,1,n<3
50046576,2025-04-01,2025-04-30,mensual,,,0,n<3
50046576,2025-05-01,2025-05-31,mensual,,,3,precio constante
50046576,2025-06-01,2025-06-30,mensual,,,1,n<3
50046576,2025-07-01,2025-07-31,mensual,,,1,n<3
50046576,2025-08-01,2025-08-31,mensual,-0.309915871125139,0.013186039751831191,3,valida
50046576,2025-09-01,2025-09-30,mensual,,,3,precio constante
50046576,2025-10-01,2025-10-31,mensual,,,0,n<3
50046576,2025-11-01,2025-11-30,mensual,,,0,n<3
50046576,2025-12-01,2025-12-31,mensual,,,0,n<3
50046576,2026-01-01,2026-01-31,mensual,,,0,n<3
50046576,2026-02-01,2026-02-28,mensual,,,0,n<3
50046576,2026-03-01,2026-03-31,mensual,,,2,n<3
50046576,2024-01-01,2024-03-31,trimestral,,,4,precio constante
50046576,2024-02-01,2024-04-30,trimestral,,,2,n<3
50046576,2024-03-01,2024-05-31,trimestral,,,1,n<3
50046576,2024-04-01,2024-06-30,trimestral,,,0,n<3
50046576,2024-05-01,2024-07-31,trimestral,,,1,n<3
50046576,2024-06-01,2024-08-31,trimestral,,,4,qty constante
50046576,2024-07-01,2024-09-30,trimestral,,,4,qty constante
50046576,2024-08-01,2024-10-31,trimestral,-3.2362601064421863,0.11111111111111105,4,valida
50046576,2024-09-01,2024-11-30,trimestral,,,1,n<3
50046576,2024-10-01,2024-12-31,trimestral,,,1,n<3
50046576,2024-11-01,2025-01-31,trimestral,,,0,n<3
50046576,2024-12-01,2025-02-28,trimestral,,,0,n<3
50046576,2025-01-01,2025-03-31,trimestral,,,1,n<3
50046576,2025-02-01,2025-04-30,trimestral,,,1,n<3
50046576,2025-03-01,2025-05-31,trimestral,,,4,precio constante
50046576,2025-04-01,2025-06-30,trimestral,,,4,precio constante
50046576,2025-05-01,2025-07-31,trimestral,,,5,precio constante
50046576,2025-06-01,2025-08-31,trimestral,-0.033053306296022954,0.00010003465603247719,5,valida
50046576,2025-07-01,2025-09-30,trimestral,-0.1280604139797341,0.0007549534646211775,7,valida
50046576,2025-08-01,2025-10-31,trimestral,0.06778535960622123,0.0002192768925133315,6,valida
50046576,2025-09-01,2025-11-30,trimestral,,,3,precio constante
50046576,2025-10-01,2025-12-31,trimestral,,,0,n<3
50046576,2025-11-01,2026-01-31,trimestral,,,0,n<3
50046576,2025-12-01,2026-02-28,trimestral,,,0,n<3
50046576,2026-01-01,2026-03-31,trimestral,,,2,n<3
50046576,2024-01-01,2024-06-30,semestral,,,4,precio constante
50046576,2024-02-01,2024-07-31,semestral,,,3,precio constante
50046576,2024-03-01,2024-08-31,semestral,,,5,qty constante
50046576,2024-04-01,2024-09-30,semestral,,,4,qty constante
50046576,2024-05-01,2024-10-31,semestral,-2.4271950798318245,0.06249999999999989,5,valida
50046576,2024-06-01,2024-11-30,semestral,-2.4271950798318245,0.06249999999999989,5,valida
50046576,2024-07-01,2024-12-31,semestral,-2.4271950798318245,0.06249999999999989,5,valida
50046576,2024-08-01,2025-01-31,semestral,-3.2362601064421863,0.11111111111111105,4,valida
50046576,2024-09-01,2025-02-28,semestral,,,1,n<3
50046576,2024-10-01,2025-03-31,semestral,,,2,n<3
50046576,2024-11-01,2025-04-30,semestral,,,1,n<3
50046576,2024-12-01,2025-05-31,semestral,,,4,precio constante
50046576,2025-01-01,2025-06-30,semestral,,,5,precio constante
50046576,2025-02-01,2025-07-31,semestral,,,6,precio constante
50046576,2025-03-01,2025-08-31,semestral,-0.569866079349184,0.025492477901522093,9,valida
50046576,2025-04-01,2025-09-30,semestral,-0.2495909194481482,0.002326725352942538,11,valida
50046576,2025-05-01,2025-10-31,semestral,-0.2495909194481482,0.002326725352942538,11,valida
50046576,2025-06-01,2025-11-30,semestral,0.1179337089410524,0.0005753395447426479,8,valida
50046576,2025-07-01,2025-12-31,semestral,-0.1280604139797341,0.0007549534646211775,7,valida
50046576,2025-08-01,2026-01-31,semestral,0.06778535960622123,0.0002192768925133315,6,valida
50046576,2025-09-01,2026-02-28,semestral,,,3,precio constante
50046576,2025-10-01,2026-03-31,semestral,,,2,n<3
50046624,2024-02-01,2024-02-29,mensual,,,2,n<3
50046624,2024-03-01,2024-03-31,mensual,,,1,n<3
50046624,2024-04-01,2024-04-30,mensual,,,1,n<3
50046624,2024-05-01,2024-05-31,mensual,,,1,n<3
50046624,2024-06-01,2024-06-30,mensual,,,0,n<3
50046624,2024-07-01,2024-07-31,mensual,,,1,n<3
50046624,2024-08-01,2024-08-31,mensual,,,5,qty constante
50046624,2024-09-01,2024-09-30,mensual,,,2,n<3
50046624,2024-10-01,2024-10-31,mensual,,,0,n<3
50046624,2024-11-01,2024-11-30,mensual,,,1,n<3
50046624,2024-12-01,2024-12-31,mensual,,,0,n<3
50046624,2025-01-01,2025-01-31,mensual,,,1,n<3
50046624,2025-02-01,2025-02-28,mensual,,,0,n<3
50046624,2025-03-01,2025-03-31,mensual,,,0,n<3
50046624,2025-04-01,2025-04-30,mensual,,,0,n<3
50046624,2025-05-01,2025-05-31,mensual,,,1,n<3
50046624,2025-06-01,2025-06-30,mensual,,,1,n<3
50046624,2025-07-01,2025-07-31,mensual,,,0,n<3
50046624,2025-08-01,2025-08-31,mensual,-0.7756991784394469,0.06235977312844809,5,valida
50046624,2025-09-01,2025-09-30,mensual,,,0,n<3
50046624,2025-10-01,2025-10-31,mensual,,,0,n<3
50046624,2025-11-01,2025-11-30,mensual,,,1,n<3
50046624,2024-02-01,2024-04-30,trimestral,,,4,precio constante
50046624,2024-03-01,2024-05-31,trimestral,,,3,precio constante
50046624,2024-04-01,2024-06-30,trimestral,,,2,n<3
50046624,2024-05-01,2024-07-31,trimestral,,,2,n<3
50046624,2024-06-01,2024-08-31,trimestral,,,6,qty constante
50046624,2024-07-01,2024-09-30,trimestral,,,8,qty constante
50046624,2024-08-01,2024-10-31,trimestral,,,7,qty constante
50046624,2024-09-01,2024-11-30,trimestral,,,3,precio constante
50046624,2024-10-01,2024-12-31,trimestral,,,1,n<3
50046624,2024-11-01,2025-01-31,trimestral,,,2,n<3
50046624,2024-12-01,2025-02-28,trimestral,,,1,n<3
50046624,2025-01-01,2025-03-31,trimestral,,,1,n<3
50046624,2025-02-01,2025-04-30,trimestral,,,0,n<3
50046624,2025-03-01,2025-05-31,trimestral,,,1,n<3
50046624,2025-04-01,2025-06-30,trimestral,,,2,n<3
50046624,2025-05-01,2025-07-31,trimestral,,,2,n<3
50046624,2025-06-01,2025-08-31,trimestral,-1.241230079942126,0.09978459219348046,6,valida
50046624,2025-07-01,2025-09-30,trimestral,-0.7756991784394469,0.06235977312844809,5,valida
50046624,2025-08-01,2025-10-31,trimestral,-0.7756991784394469,0.06235977312844809,5,valida
50046624,2025-09-01,2025-11-30,trimestral,,,1,n<3
50046624,2024-02-01,2024-07-31,semestral,,,6,precio constante
50046624,2024-03-01,2024-08-31,semestral,0.4469119155341533,0.014000748324766055,9,valida
50046624,2024-04-01,2024-09-30,semestral,0.20012967417023067,0.004876366440920599,10,valida
50046624,2024-05-01,2024-10-31,semestral,,,9,qty constante
50046624,2024-06-01,2024-11-30,semestral,0.7986609403950838,0.006088142896329751,9,valida
50046624,2024-07-01,2024-12-31,semestral,0.7986609403950838,0.006088142896329751,9,valida
50046624,2024-08-01,2025-01-31,semestral,1.3509817790929786,0.025417629518001417,9,valida
50046624,2024-09-01,2025-02-28,semestral,-0.9148656793439481,0.003359577964605398,4,valida
50046624,2024-10-01,2025-03-31,semestral,,,2,n<3
50046624,2024-11-01,2025-04-30,semestral,,,2,n<3
50046624,2024-12-01,2025-05-31,semestral,,,2,n<3
50046624,2025-01-01,2025-06-30,semestral,,,3,precio constante
50046624,2025-02-01,2025-07-31,semestral,,,2,n<3
50046624,2025-03-01,2025-08-31,semestral,-1.5516304425138727,0.12473820401488112,7,valida
50046624,2025-04-01,2025-09-30,semestral,-1.5516304425138727,0.12473820401488112,7,valida
50046624,2025-05-01,2025-10-31,semestral,-1.5516304425138727,0.12473820401488112,7,valida
50046624,2025-06-01,2025-11-30,semestral,-0.4214170339791701,0.01491914999526589,7,valida
50048156,2024-01-01,2024-01-31,mensual,,,1,n<3
50048156,2024-02-01,2024-02-29,mensual,,,0,n<3
50048156,2024-03-01,2024-03-31,mensual,,,1,n<3
50048156,2024-04-01,2024-04-30,mensual,,,1,n<3
50048156,2024-05-01,2024-05-31,mensual,,,0,n<3
50048156,2024-06-01,2024-06-30,mensual,,,0,n<3
50048156,2024-07-01,2024-07-31,mensual,,,0,n<3
50048156,2024-08-01,2024-08-31,mensual,,,0,n<3
50048156,2024-09-01,2024-09-30,mensual,,,0,n<3
50048156,2024-10-01,2024-10-31,mensual,,,0,n<3
50048156,2024-11-01,2024-11-30,mensual,,,0,n<3
50048156,2024-12-01,2024-12-31,mensual,,,1,n<3
50048156,2025-01-01,2025-01-31,mensual,,,0,n<3
50048156,2025-02-01,2025-02-28,mensual,,,0,n<3
50048156,2025-03-01,2025-03-31,mensual,,,1,n<3
50048156,2025-04-01,2025-04-30,mensual,,,2,n<3
50048156,2025-05-01,2025-05-31,mensual,,,0,n<3
50048156,2025-06-01,2025-06-30,mensual,,,0,n<3
50048156,2025-07-01,2025-07-31,mensual,,,0,n<3
50048156,2025-08-01,2025-08-31,mensual,,,0,n<3
50048156,2025-09-01,2025-09-30,mensual,,,0,n<3
50048156,2025-10-01,2025-10-31,mensual,,,2,n<3
50048156,2025-11-01,2025-11-30,mensual,,,1,n<3
50048156,2025-12-01,2025-12-31,mensual,,,0,n<3
50048156,2026-01-01,2026-01-31,mensual,,,1,n<3
50048156,2026-02-01,2026-02-28,mensual,,,1,n<3
50048156,2024-01-01,2024-03-31,trimestral,,,2,n<3
50048156,2024-02-01,2024-04-30,trimestral,,,2,n<3
50048156,2024-03-01,2024-05-31,trimestral,,,2,n<3
50048156,2024-04-01,2024-06-30,trimestral,,,1,n<3
50048156,2024-05-01,2024-07-31,trimestral,,,0,n<3
50048156,2024-06-01,2024-08-31,trimestral,,,0,n<3
50048156,2024-07-01,2024-09-30,trimestral,,,0,n<3
50048156,2024-08-01,2024-10-31,trimestral,,,0,n<3
50048156,2024-09-01,2024-11-30,trimestral,,,0,n<3
50048156,2024-10-01,2024-12-31,trimestral,,,1,n<3
50048156,2024-11-01,2025-01-31,trimestral,,,1,n<3
50048156,2024-12-01,2025-02-28,trimestral,,,1,n<3
50048156,2025-01-01,2025-03-31,trimestral,,,1,n<3
50048156,2025-02-01,2025-04-30,trimestral,,,3,precio constante
50048156,2025-03-01,2025-05-31,trimestral,,,3,precio constante
50048156,2025-04-01,2025-06-30,trimestral,,,2,n<3
50048156,2025-05-01,2025-07-31,trimestral,,,0,n<3
50048156,2025-06-01,2025-08-31,trimestral,,,0,n<3
50048156,2025-07-01,2025-09-30,trimestral,,,0,n<3
50048156,2025-08-01,2025-10-31,trimestral,,,2,n<3
50048156,2025-09-01,2025-11-30,trimestral,9.694170568554666,1.0,3,valida
50048156,2025-10-01,2025-12-31,trimestral,9.694170568554666,1.0,3,valida
50048156,2025-11-01,2026-01-31,trimestral,,,2,n<3
50048156,2025-12-01,2026-02-28,trimestral,,,2,n<3
50048156,2024-01-01,2024-06-30,semestral,,,3,precio constante
50048156,2024-02-01,2024-07-31,semestral,,,2,n<3
50048156,2024-03-01,2024-08-31,semestral,,,2,n<3
50048156,2024-04-01,2024-09-30,semestral,,,1,n<3
50048156,2024-05-01,2024-10-31,semestral,,,0,n<3
50048156,2024-06-01,2024-11-30,semestral,,,0,n<3
50048156,2024-07-01,2024-12-31,semestral,,,1,n<3
50048156,2024-08-01,2025-01-31,semestral,,,1,n<3
50048156,2024-09-01,2025-02-28,semestral,,,1,n<3
50048156,2024-10-01,2025-03-31,semestral,,,2,n<3
50048156,2024-11-01,2025-04-30,semestral,,,4,qty constante
50048156,2024-12-01,2025-05-31,semestral,,,4,qty constante
50048156,2025-01-01,2025-06-30,semestral,,,3,precio constante
50048156,2025-02-01,2025-07-31,semestral,,,3,precio constante
50048156,2025-03-01,2025-08-31,semestral,,,3,precio constante
50048156,2025-04-01,2025-09-30,semestral,,,2,n<3
50048156,2025-05-01,2025-10-31,semestral,,,2,n<3
50048156,2025-06-01,2025-11-30,semestral,9.694170568554666,1.0,3,valida
50048156,2025-07-01,2025-12-31,semestral,9.694170568554666,1.0,3,valida
50048156,2025-08-01,2026-01-31,semestral,9.694170568554643,1.0,4,valida
50048156,2025-09-01,2026-02-28,semestral,9.694170568554545,1.0,5,valida
50048157,2024-01-01,2024-01-31,mensual,,,4,precio constante
50048157,2024-02-01,2024-02-29,mensual,,,1,n<3
50048157,2024-03-01,2024-03-31,mensual,,,1,n<3
50048157,2024-04-01,2024-04-30,mensual,,,1,n<3
50048157,2024-05-01,2024-05-31,mensual,,,1,n<3
50048157,2024-06-01,2024-06-30,mensual,,,0,n<3
50048157,2024-07-01,2024-07-31,mensual,,,0,n<3
50048157,2024-08-01,2024-08-31,mensual,,,1,n<3
50048157,2024-09-01,2024-09-30,mensual,,,0,n<3
50048157,2024-10-01,2024-10-31,mensual,,,0,n<3
50048157,2024-11-01,2024-11-30,mensual,,,0,n<3
50048157,2024-12-01,2024-12-31,mensual,,,2,n<3
50048157,2025-01-01,2025-01-31,mensual,,,0,n<3
50048157,2025-02-01,2025-02-28,mensual,,,1,n<3
50048157,2025-03-01,2025-03-31,mensual,,,3,precio constante
50048157,2025-04-01,2025-04-30,mensual,,,0,n<3
50048157,2025-05-01,2025-05-31,mensual,,,0,n<3
50048157,2025-06-01,2025-06-30,mensual,,,0,n<3
50048157,2025-07-01,2025-07-31,mensual,,,1,n<3
50048157,2025-08-01,2025-08-31,mensual,,,1,n<3
50048157,2025-09-01,2025-09-30,mensual,,,0,n<3
50048157,2025-10-01,2025-10-31,mensual,,,0,n<3
50048157,2025-11-01,2025-11-30,mensual,,,1,n<3
50048157,2025-12-01,2025-12-31,mensual,,,1,n<3
50048157,2026-01-01,2026-01-31,mensual,,,0,n<3
50048157,2026-02-01,2026-02-28,mensual,,,1,n<3
50048157,2026-03-01,2026-03-31,mensual,,,2,n<3
50048157,2026-04-01,2026-04-30,mensual,,,1,n<3
50048157,2024-01-01,2024-03-31,trimestral,,,6,precio constante
50048157,2024-02-01,2024-04-30,trimestral,,,3,qty constante
50048157,2024-03-01,2024-05-31,trimestral,,,3,qty constante
50048157,2024-04-01,2024-06-30,trimestral,,,2,n<3
50048157,2024-05-01,2024-07-31,trimestral,,,1,n<3
50048157,2024-06-01,2024-08-31,trimestral,,,1,n<3
50048157,2024-07-01,2024-09-30,trimestral,,,1,n<3
50048157,2024-08-01,2024-10-31,trimestral,,,1,n<3
50048157,2024-09-01,2024-11-30,trimestral,,,0,n<3
50048157,2024-10-01,2024-12-31,trimestral,,,2,n<3
50048157,2024-11-01,2025-01-31,trimestral,,,2,n<3
50048157,2024-12-01,2025-02-28,trimestral,,,3,qty constante
50048157,2025-01-01,2025-03-31,trimestral,,,4,precio constante
50048157,2025-02-01,2025-04-30,trimestral,,,4,precio constante
50048157,2025-03-01,2025-05-31,trimestral,,,3,precio constante
50048157,2025-04-01,2025-06-30,trimestral,,,0,n<3
50048157,2025-05-01,2025-07-31,trimestral,,,1,n<3
50048157,2025-06-01,2025-08-31,trimestral,,,2,n<3
50048157,2025-07-01,2025-09-30,trimestral,,,2,n<3
50048157,2025-08-01,2025-10-31,trimestral,,,1,n<3
50048157,2025-09-01,2025-11-30,trimestral,,,1,n<3
50048157,2025-10-01,2025-12-31,trimestral,,,2,n<3
50048157,2025-11-01,2026-01-31,trimestral,,,2,n<3
50048157,2025-12-01,2026-02-28,trimestral,,,2,n<3
50048157,2026-01-01,2026-03-31,trimestral,,,3,precio constante
50048157,2026-02-01,2026-04-30,trimestral,,,4,precio constante
50048157,2024-01-01,2024-06-30,semestral,,,8,qty constante
50048157,2024-02-01,2024-07-31,semestral,,,4,qty constante
50048157,2024-03-01,2024-08-31,semestral,,,4,qty constante
50048157,2024-04-01,2024-09-30,semestral,,,3,qty constante
50048157,2024-05-01,2024-10-31,semestral,,,2,n<3
50048157,2024-06-01,2024-11-30,semestral,,,1,n<3
50048157,2024-07-01,2024-12-31,semestral,,,3,precio constante
50048157,2024-08-01,2025-01-31,semestral,,,3,precio constante
50048157,2024-09-01,2025-02-28,semestral,,,3,qty constante
50048157,2024-10-01,2025-03-31,semestral,5.1160144426530545,0.09999999999999987,6,valida
50048157,2024-11-01,2025-04-30,semestral,5.1160144426530545,0.09999999999999987,6,valida
50048157,2024-12-01,2025-05-31,semestral,5.1160144426530545,0.09999999999999987,6,valida
50048157,2025-01-01,2025-06-30,semestral,,,4,precio constante
50048157,2025-02-01,2025-07-31,semestral,,,5,precio constante
50048157,2025-03-01,2025-08-31,semestral,,,5,precio constante
50048157,2025-04-01,2025-09-30,semestral,,,2,n<3
50048157,2025-05-01,2025-10-31,semestral,,,2,n<3
50048157,2025-06-01,2025-11-30,semestral,,,3,precio constante
50048157,2025-07-01,2025-12-31,semestral,,,4,precio constante
50048157,2025-08-01,2026-01-31,semestral,,,3,precio constante
50048157,2025-09-01,2026-02-28,semestral,,,3,precio constante
50048157,2025-10-01,2026-03-31,semestral,,,5,precio constante
50048157,2025-11-01,2026-04-30,semestral,,,6,precio constante
50048969,2024-01-01,2024-01-31,mensual,,,3,precio constante
50048969,2024-02-01,2024-02-29,mensual,,,0,n<3
50048969,2024-03-01,2024-03-31,mensual,,,0,n<3
50048969,2024-04-01,2024-04-30,mensual,,,0,n<3
50048969,2024-05-01,2024-05-31,mensual,,,0,n<3
50048969,2024-06-01,2024-06-30,mensual,,,0,n<3
50048969,2024-07-01,2024-07-31,mensual,,,0,n<3
50048969,2024-08-01,2024-08-31,mensual,,,3,precio constante
50048969,2024-09-01,2024-09-30,mensual,,,0,n<3
50048969,2024-10-01,2024-10-31,mensual,,,0,n<3
50048969,2024-11-01,2024-11-30,mensual,,,0,n<3
50048969,2024-12-01,2024-12-31,mensual,,,0,n<3
50048969,2025-01-01,2025-01-31,mensual,,,1,n<3
50048969,2025-02-01,2025-02-28,mensual,,,0,n<3
50048969,2025-03-01,2025-03-31,mensual,,,0,n<3
50048969,2025-04-01,2025-04-30,mensual,,,0,n<3
50048969,2025-05-01,2025-05-31,mensual,,,0,n<3
50048969,2025-06-01,2025-06-30,mensual,,,0,n<3
50048969,2025-07-01,2025-07-31,mensual,,,0,n<3
50048969,2025-08-01,2025-08-31,mensual,,,0,n<3
50048969,2025-09-01,2025-09-30,mensual,,,1,n<3
50048969,2024-01-01,2024-03-31,trimestral,,,3,precio constante
50048969,2024-02-01,2024-04-30,trimestral,,,0,n<3
50048969,2024-03-01,2024-05-31,trimestral,,,0,n<3
50048969,2024-04-01,2024-06-30,trimestral,,,0,n<3
50048969,2024-05-01,2024-07-31,trimestral,,,0,n<3
50048969,2024-06-01,2024-08-31,trimestral,,,3,precio constante
50048969,2024-07-01,2024-09-30,trimestral,,,3,precio constante
50048969,2024-08-01,2024-10-31,trimestral,,,3,precio constante
50048969,2024-09-01,2024-11-30,trimestral,,,0,n<3
50048969,2024-10-01,2024-12-31,trimestral,,,0,n<3
50048969,2024-11-01,2025-01-31,trimestral,,,1,n<3
50048969,2024-12-01,2025-02-28,trimestral,,,1,n<3
50048969,2025-01-01,2025-03-31,trimestral,,,1,n<3
50048969,2025-02-01,2025-04-30,trimestral,,,0,n<3
50048969,2025-03-01,2025-05-31,trimestral,,,0,n<3
50048969,2025-04-01,2025-06-30,trimestral,,,0,n<3
50048969,2025-05-01,2025-07-31,trimestral,,,0,n<3
50048969,2025-06-01,2025-08-31,trimestral,,,0,n<3
50048969,2025-07-01,2025-09-30,trimestral,,,1,n<3
50048969,2024-01-01,2024-06-30,semestral,,,3,precio constante
50048969,2024-02-01,2024-07-31,semestral,,,0,n<3
50048969,2024-03-01,2024-08-31,semestral,,,3,precio constante
50048969,2024-04-01,2024-09-30,semestral,,,3,precio constante
50048969,2024-05-01,2024-10-31,semestral,,,3,precio constante
50048969,2024-06-01,2024-11-30,semestral,,,3,precio constante
50048969,2024-07-01,2024-12-31,semestral,,,3,precio constante
50048969,2024-08-01,2025-01-31,semestral,,,4,precio constante
50048969,2024-09-01,2025-02-28,semestral,,,1,n<3
50048969,2024-10-01,2025-03-31,semestral,,,1,n<3
50048969,2024-11-01,2025-04-30,semestral,,,1,n<3
50048969,2024-12-01,2025-05-31,semestral,,,1,n<3
50048969,2025-01-01,2025-06-30,semestral,,,1,n<3
50048969,2025-02-01,2025-07-31,semestral,,,0,n<3
50048969,2025-03-01,2025-08-31,semestral,,,0,n<3
50048969,2025-04-01,2025-09-30,semestral,,,1,n<3
50048971,2024-02-01,2024-02-29,mensual,,,1,n<3
50048971,2024-03-01,2024-03-31,mensual,,,0,n<3
50048971,2024-04-01,2024-04-30,mensual,,,0,n<3
50048971,2024-05-01,2024-05-31,mensual,,,0,n<3
50048971,2024-06-01,2024-06-30,mensual,,,1,n<3
50048971,2024-07-01,2024-07-31,mensual,,,1,n<3
50048971,2024-08-01,2024-08-31,mensual,,,6,qty constante
50048971,2024-09-01,2024-09-30,mensual,,,0,n<3
50048971,2024-10-01,2024-10-31,mensual,,,1,n<3
50048971,2024-11-01,2024-11-30,mensual,,,0,n<3
50048971,2024-12-01,2024-12-31,mensual,,,2,n<3
50048971,2025-01-01,2025-01-31,mensual,,,2,n<3
50048971,2025-02-01,2025-02-28,mensual,,,0,n<3
50048971,2025-03-01,2025-03-31,mensual,,,0,n<3
50048971,2025-04-01,2025-04-30,mensual,,,0,n<3
50048971,2025-05-01,2025-05-31,mensual,,,0,n<3
50048971,2025-06-01,2025-06-30,mensual,,,0,n<3
50048971,2025-07-01,2025-07-31,mensual,,,2,n<3
50048971,2025-08-01,2025-08-31,mensual,1.8330466288924017,0.21051929208137476,7,valida
50048971,2025-09-01,2025-09-30,mensual,,,3,precio constante
50048971,2025-10-01,2025-10-31,mensual,,,0,n<3
50048971,2025-11-01,2025-11-30,mensual,,,0,n<3
50048971,2025-12-01,2025-12-31,mensual,,,0,n<3
50048971,2026-01-01,2026-01-31,mensual,,,3,qty constante
50048971,2026-02-01,2026-02-28,mensual,,,0,n<3
50048971,2026-03-01,2026-03-31,mensual,,,1,n<3
50048971,2024-02-01,2024-04-30,trimestral,,,1,n<3
50048971,2024-03-01,2024-05-31,trimestral,,,0,n<3
50048971,2024-04-01,2024-06-30,trimestral,,,1,n<3
50048971,2024-05-01,2024-07-31,trimestral,,,2,n<3
50048971,2024-06-01,2024-08-31,trimestral,,,8,qty constante
50048971,2024-07-01,2024-09-30,trimestral,,,7,qty constante
50048971,2024-08-01,2024-10-31,trimestral,,,7,qty constante
50048971,2024-09-01,2024-11-30,trimestral,,,1,n<3
50048971,2024-10-01,2024-12-31,trimestral,,,3,precio constante
50048971,2024-11-01,2025-01-31,trimestral,,,4,precio constante
50048971,2024-12-01,2025-02-28,trimestral,,,4,precio constante
50048971,2025-01-01,2025-03-31,trimestral,,,2,n<3
50048971,2025-02-01,2025-04-30,trimestral,,,0,n<3
50048971,2025-03-01,2025-05-31,trimestral,,,0,n<3
50048971,2025-04-01,2025-06-30,trimestral,,,0,n<3
50048971,2025-05-01,2025-07-31,trimestral,,,2,n<3
50048971,2025-06-01,2025-08-31,trimestral,1.6162228474208093,0.14226557033486487,9,valida
50048971,2025-07-01,2025-09-30,trimestral,1.4314031448744604,0.10040057455192153,12,valida
50048971,2025-08-01,2025-10-31,trimestral,1.5417563268470802,0.12389510903636702,10,valida
50048971,2025-09-01,2025-11-30,trimestral,,,3,precio constante
50048971,2025-10-01,2025-12-31,trimestral,,,0,n<3
50048971,2025-11-01,2026-01-31,trimestral,,,3,qty constante
50048971,2025-12-01,2026-02-28,trimestral,,,3,qty constante
50048971,2026-01-01,2026-03-31,trimestral,,,4,qty constante
50048971,2024-02-01,2024-07-31,semestral,,,3,precio constante
50048971,2024-03-01,2024-08-31,semestral,,,8,qty constante
50048971,2024-04-01,2024-09-30,semestral,,,8,qty constante
50048971,2024-05-01,2024-10-31,semestral,,,9,qty constante
50048971,2024-06-01,2024-11-30,semestral,,,9,qty constante
50048971,2024-07-01,2024-12-31,semestral,,,10,qty constante
50048971,2024-08-01,2025-01-31,semestral,,,11,qty constante
50048971,2024-09-01,2025-02-28,semestral,,,5,precio constante
50048971,2024-10-01,2025-03-31,semestral,,,5,precio constante
50048971,2024-11-01,2025-04-30,semestral,,,4,precio constante
50048971,2024-12-01,2025-05-31,semestral,,,4,precio constante
50048971,2025-01-01,2025-06-30,semestral,,,2,n<3
50048971,2025-02-01,2025-07-31,semestral,,,2,n<3
50048971,2025-03-01,2025-08-31,semestral,1.6162228474208093,0.14226557033486487,9,valida
50048971,2025-04-01,2025-09-30,semestral,1.4314031448744604,0.10040057455192153,12,valida
50048971,2025-05-01,2025-10-31,semestral,1.4314031448744604,0.10040057455192153,12,valida
50048971,2025-06-01,2025-11-30,semestral,1.4314031448744604,0.10040057455192153,12,valida
50048971,2025-07-01,2025-12-31,semestral,1.4314031448744604,0.10040057455192153,12,valida
50048971,2025-08-01,2026-01-31,semestral,1.0481421302380296,0.0589598867701161,13,valida
50048971,2025-09-01,2026-02-28,semestral,,,6,qty constante
50048971,2025-10-01,2026-03-31,semestral,,,4,qty constante
50051646,2024-01-01,2024-01-31,mensual,,,1,n<3
50051646,2024-02-01,2024-02-29,mensual,,,0,n<3
50051646,2024-03-01,2024-03-31,mensual,,,0,n<3
50051646,2024-04-01,2024-04-30,mensual,,,0,n<3
50051646,2024-05-01,2024-05-31,mensual,,,0,n<3
50051646,2024-06-01,2024-06-30,mensual,,,0,n<3
50051646,2024-07-01,2024-07-31,mensual,,,0,n<3
50051646,2024-08-01,2024-08-31,mensual,,,1,n<3
50051646,2024-09-01,2024-09-30,mensual,,,0,n<3
50051646,2024-10-01,2024-10-31,mensual,,,1,n<3
50051646,2024-11-01,2024-11-30,mensual,,,0,n<3
50051646,2024-12-01,2024-12-31,mensual,,,0,n<3
50051646,2025-01-01,2025-01-31,mensual,,,1,n<3
50051646,2025-02-01,2025-02-28,mensual,,,0,n<3
50051646,2025-03-01,2025-03-31,mensual,,,0,n<3
50051646,2025-04-01,2025-04-30,mensual,,,0,n<3
50051646,2025-05-01,2025-05-31,mensual,,,0,n<3
50051646,2025-06-01,2025-06-30,mensual,,,0,n<3
50051646,2025-07-01,2025-07-31,mensual,,,0,n<3
50051646,2025-08-01,2025-08-31,mensual,,,3,qty constante
50051646,2025-09-01,2025-09-30,mensual,,,1,n<3
50051646,2025-10-01,2025-10-31,mensual,,,0,n<3
50051646,2025-11-01,2025-11-30,mensual,,,0,n<3
50051646,2025-12-01,2025-12-31,mensual,,,0,n<3
50051646,2026-01-01,2026-01-31,mensual,,,1,n<3
50051646,2024-01-01,2024-03-31,trimestral,,,1,n<3
50051646,2024-02-01,2024-04-30,trimestral,,,0,n<3
50051646,2024-03-01,2024-05-31,trimestral,,,0,n<3
50051646,2024-04-01,2024-06-30,trimestral,,,0,n<3
50051646,2024-05-01,2024-07-31,trimestral,,,0,n<3
50051646,2024-06-01,2024-08-31,trimestral,,,1,n<3
50051646,2024-07-01,2024-09-30,trimestral,,,1,n<3
50051646,2024-08-01,2024-10-31,trimestral,,,2,n<3
50051646,2024-09-01,2024-11-30,trimestral,,,1,n<3
50051646,2024-10-01,2024-12-31,trimestral,,,1,n<3
50051646,2024-11-01,2025-01-31,trimestral,,,1,n<3
50051646,2024-12-01,2025-02-28,trimestral,,,1,n<3
50051646,2025-01-01,2025-03-31,trimestral,,,1,n<3
50051646,2025-02-01,2025-04-30,trimestral,,,0,n<3
50051646,2025-03-01,2025-05-31,trimestral,,,0,n<3
50051646,2025-04-01,2025-06-30,trimestral,,,0,n<3
50051646,2025-05-01,2025-07-31,trimestral,,,0,n<3
50051646,2025-06-01,2025-08-31,trimestral,,,3,qty constante
50051646,2025-07-01,2025-09-30,trimestral,,,4,qty constante
50051646,2025-08-01,2025-10-31,trimestral,,,4,qty constante
50051646,2025-09-01,2025-11-30,trimestral,,,1,n<3
50051646,2025-10-01,2025-12-31,trimestral,,,0,n<3
50051646,2025-11-01,2026-01-31,trimestral,,,1,n<3
50051646,2024-01-01,2024-06-30,semestral,,,1,n<3
50051646,2024-02-01,2024-07-31,semestral,,,0,n<3
50051646,2024-03-01,2024-08-31,semestral,,,1,n<3
50051646,2024-04-01,2024-09-30,semestral,,,1,n<3
50051646,2024-05-01,2024-10-31,semestral,,,2,n<3
50051646,2024-06-01,2024-11-30,semestral,,,2,n<3
50051646,2024-07-01,2024-12-31,semestral,,,2,n<3
50051646,2024-08-01,2025-01-31,semestral,,,3,qty constante
50051646,2024-09-01,2025-02-28,semestral,,,2,n<3
50051646,2024-10-01,2025-03-31,semestral,,,2,n<3
50051646,2024-11-01,2025-04-30,semestral,,,1,n<3
50051646,2024-12-01,2025-05-31,semestral,,,1,n<3
50051646,2025-01-01,2025-06-30,semestral,,,1,n<3
50051646,2025-02-01,2025-07-31,semestral,,,0,n<3
50051646,2025-03-01,2025-08-31,semestral,,,3,qty constante
50051646,2025-04-01,2025-09-30,semestral,,,4,qty constante
50051646,2025-05-01,2025-10-31,semestral,,,4,qty constante
50051646,2025-06-01,2025-11-30,semestral,,,4,qty constante
50051646,2025-07-01,2025-12-31,semestral,,,4,qty constante
50051646,2025-08-01,2026-01-31,semestral,,,5,qty constante
50055926,2024-12-01,2024-12-31,mensual,,,1,n<3
50055926,2025-01-01,2025-01-31,mensual,,,0,n<3
50055926,2025-02-01,2025-02-28,mensual,,,0,n<3
50055926,2025-03-01,2025-03-31,mensual,,,0,n<3
50055926,2025-04-01,2025-04-30,mensual,,,0,n<3
50055926,2025-05-01,2025-05-31,mensual,,,1,n<3
50055926,2025-06-01,2025-06-30,mensual,,,0,n<3
50055926,2025-07-01,2025-07-31,mensual,,,0,n<3
50055926,2025-08-01,2025-08-31,mensual,,,1,n<3
50055926,2025-09-01,2025-09-30,mensual,,,1,n<3
50055926,2025-10-01,2025-10-31,mensual,,,0,n<3
50055926,2025-11-01,2025-11-30,mensual,,,1,n<3
50055926,2025-12-01,2025-12-31,mensual,,,0,n<3
50055926,2026-01-01,2026-01-31,mensual,,,1,n<3
50055926,2026-02-01,2026-02-28,mensual,,,1,n<3
50055926,2024-12-01,2025-02-28,trimestral,,,1,n<3
50055926,2025-01-01,2025-03-31,trimestral,,,0,n<3
50055926,2025-02-01,2025-04-30,trimestral,,,0,n<3
50055926,2025-03-01,2025-05-31,trimestral,,,1,n<3
50055926,2025-04-01,2025-06-30,trimestral,,,1,n<3
50055926,2025-05-01,2025-07-31,trimestral,,,1,n<3
50055926,2025-06-01,2025-08-31,trimestral,,,1,n<3
50055926,2025-07-01,2025-09-30,trimestral,,,2,n<3
50055926,2025-08-01,2025-10-31,trimestral,,,2,n<3
50055926,2025-09-01,2025-11-30,trimestral,,,2,n<3
50055926,2025-10-01,2025-12-31,trimestral,,,1,n<3
50055926,2025-11-01,2026-01-31,trimestral,,,2,n<3
50055926,2025-12-01,2026-02-28,trimestral,,,2,n<3
50055926,2024-12-01,2025-05-31,semestral,,,2,n<3
50055926,2025-01-01,2025-06-30,semestral,,,1,n<3
50055926,2025-02-01,2025-07-31,semestral,,,1,n<3
50055926,2025-03-01,2025-08-31,semestral,,,2,n<3
50055926,2025-04-01,2025-09-30,semestral,,,3,precio constante
50055926,2025-05-01,2025-10-31,semestral,,,3,precio constante
50055926,2025-06-01,2025-11-30,semestral,,,3,precio constante
50055926,2025-07-01,2025-12-31,semestral,,,3,precio constante
50055926,2025-08-01,2026-01-31,semestral,,,4,precio constante
50055926,2025-09-01,2026-02-28,semestral,,,4,precio constante
50060378,2024-01-01,2024-01-31,mensual,,,1,n<3
50060378,2024-02-01,2024-02-29,mensual,,,2,n<3
50060378,2024-03-01,2024-03-31,mensual,,,2,n<3
50060378,2024-04-01,2024-04-30,mensual,,,1,n<3
50060378,2024-05-01,2024-05-31,mensual,,,3,precio constante
50060378,2024-06-01,2024-06-30,mensual,,,3,precio constante
50060378,2024-07-01,2024-07-31,mensual,,,1,n<3
50060378,2024-08-01,2024-08-31,mensual,,,5,qty constante
50060378,2024-09-01,2024-09-30,mensual,,,3,precio constante
50060378,2024-10-01,2024-10-31,mensual,,,1,n<3
50060378,2024-11-01,2024-11-30,mensual,,,2,n<3
50060378,2024-12-01,2024-12-31,mensual,,,2,n<3
50060378,2025-01-01,2025-01-31,mensual,2.5462299468768994,0.23135650109399208,9,valida
50060378,2025-02-01,2025-02-28,mensual,,,1,n<3
50060378,2025-03-01,2025-03-31,mensual,,,3,precio constante
50060378,2025-04-01,2025-04-30,mensual,,,1,n<3
50060378,2025-05-01,2025-05-31,mensual,,,3,precio constante
50060378,2025-06-01,2025-06-30,mensual,-9.786268763135912,1.0,3,valida
50060378,2025-07-01,2025-07-31,mensual,,,1,n<3
50060378,2025-08-01,2025-08-31,mensual,3.3252096710394787,0.19659280219008934,9,valida
50060378,2025-09-01,2025-09-30,mensual,,,4,precio constante
50060378,2025-10-01,2025-10-31,mensual,,,4,precio constante
50060378,2025-11-01,2025-11-30,mensual,,,3,precio constante
50060378,2025-12-01,2025-12-31,mensual,,,1,n<3
50060378,2026-01-01,2026-01-31,mensual,,,2,n<3
50060378,2026-02-01,2026-02-28,mensual,-4.839834683617723,0.2492302500066237,3,valida
50060378,2026-03-01,2026-03-31,mensual,,,1,n<3
50060378,2024-01-01,2024-03-31,trimestral,,,5,precio constante
50060378,2024-02-01,2024-04-30,trimestral,,,5,precio constante
50060378,2024-03-01,2024-05-31,trimestral,,,6,precio constante
50060378,2024-04-01,2024-06-30,trimestral,,,7,precio constante
50060378,2024-05-01,2024-07-31,trimestral,,,7,precio constante
50060378,2024-06-01,2024-08-31,trimestral,0.303901639941097,0.01562500000000011,9,valida
50060378,2024-07-01,2024-09-30,trimestral,0.4816727032143013,0.015624999999999889,9,valida
50060378,2024-08-01,2024-10-31,trimestral,0.4816727032143013,0.015624999999999889,9,valida
50060378,2024-09-01,2024-11-30,trimestral,,,6,precio constante
50060378,2024-10-01,2024-12-31,trimestral,,,5,precio constante
50060378,2024-11-01,2025-01-31,trimestral,3.9076541574961925,0.2957496464675379,13,valida
50060378,2024-12-01,2025-02-28,trimestral,2.6445746021439964,0.2213162816271993,12,valida
50060378,2025-01-01,2025-03-31,trimestral,1.9536531119347154,0.12444301571705363,13,valida
50060378,2025-02-01,2025-04-30,trimestral,,,5,precio constante
50060378,2025-03-01,2025-05-31,trimestral,,,7,precio constante
50060378,2025-04-01,2025-06-30,trimestral,-3.4611855396528743,0.23819008918488194,7,valida
50060378,2025-05-01,2025-07-31,trimestral,-3.699889602330701,0.30452549230530246,7,valida
50060378,2025-06-01,2025-08-31,trimestral,-3.2972098867595245,0.1442540038258776,13,valida
50060378,2025-07-01,2025-09-30,trimestral,2.417715691960244,0.08248352011729365,14,valida
50060378,2025-08-01,2025-10-31,trimestral,2.174010533631981,0.06298691725759675,17,valida
50060378,2025-09-01,2025-11-30,trimestral,,,11,precio constante
50060378,2025-10-01,2025-12-31,trimestral,,,8,precio constante
50060378,2025-11-01,2026-01-31,trimestral,,,6,precio constante
50060378,2025-12-01,2026-02-28,trimestral,-7.744534317360116,0.15960584212817397,6,valida
50060378,2026-01-01,2026-03-31,trimestral,-3.869482471518557,0.09963068439477285,6,valida
50060378,2024-01-01,2024-06-30,semestral,,,12,precio constante
50060378,2024-02-01,2024-07-31,semestral,,,12,precio constante
50060378,2024-03-01,2024-08-31,semestral,0.5209742398990104,0.017857142857142683,15,valida
50060378,2024-04-01,2024-09-30,semestral,0.7431347322867066,0.020863790892302503,16,valida
50060378,2024-05-01,2024-10-31,semestral,0.7431347322866985,0.020863790892302503,16,valida
50060378,2024-06-01,2024-11-30,semestral,1.0701229156859686,0.024152579638360927,15,valida
50060378,2024-07-01,2024-12-31,semestral,1.3396776019013845,0.03834640273585743,14,valida
50060378,2024-08-01,2025-01-31,semestral,1.9616069165913994,0.10397451718551665,22,valida
50060378,2024-09-01,2025-02-28,semestral,3.05467210549618,0.14090141562046699,18,valida
50060378,2024-10-01,2025-03-31,semestral,2.888355359766275,0.13863842841762775,18,valida
50060378,2024-11-01,2025-04-30,semestral,3.172675714532348,0.17111130276022646,18,valida
50060378,2024-12-01,2025-05-31,semestral,2.5529770029908265,0.15962577181655457,19,valida
50060378,2025-01-01,2025-06-30,semestral,-0.11297313475621551,0.0003592130621270506,20,valida
50060378,2025-02-01,2025-07-31,semestral,-2.201386327773784,0.12362287319263421,12,valida
50060378,2025-03-01,2025-08-31,semestral,-0.6179198062843944,0.013730573348807562,20,valida
50060378,2025-04-01,2025-09-30,semestral,-1.4580326611473606,0.06357334051086416,21,valida
50060378,2025-05-01,2025-10-31,semestral,-1.6957534206030462,0.07543751324171899,24,valida
50060378,2025-06-01,2025-11-30,semestral,-3.276301949177339,0.08940817098395448,24,valida
50060378,2025-07-01,2025-12-31,semestral,2.667404773798591,0.04216325026500223,22,valida
50060378,2025-08-01,2026-01-31,semestral,2.710338219088597,0.04353116462022755,23,valida
50060378,2025-09-01,2026-02-28,semestral,-6.250174043310164,0.022169460005680763,17,valida
50060378,2025-10-01,2026-03-31,semestral,-6.528318426602568,0.0264045921023216,14,valida
50060379,2024-01-01,2024-01-31,mensual,,,1,n<3
50060379,2024-02-01,2024-02-29,mensual,,,0,n<3
50060379,2024-03-01,2024-03-31,mensual,,,1,n<3
50060379,2024-04-01,2024-04-30,mensual,,,0,n<3
50060379,2024-05-01,2024-05-31,mensual,,,0,n<3
50060379,2024-06-01,2024-06-30,mensual,,,0,n<3
50060379,2024-07-01,2024-07-31,mensual,,,0,n<3
50060379,2024-08-01,2024-08-31,mensual,,,0,n<3
50060379,2024-09-01,2024-09-30,mensual,,,0,n<3
50060379,2024-10-01,2024-10-31,mensual,,,0,n<3
50060379,2024-11-01,2024-11-30,mensual,,,0,n<3
50060379,2024-12-01,2024-12-31,mensual,,,0,n<3
50060379,2025-01-01,2025-01-31,mensual,,,0,n<3
50060379,2025-02-01,2025-02-28,mensual,,,0,n<3
50060379,2025-03-01,2025-03-31,mensual,,,0,n<3
50060379,2025-04-01,2025-04-30,mensual,,,1,n<3
50060379,2025-05-01,2025-05-31,mensual,,,0,n<3
50060379,2025-06-01,2025-06-30,mensual,,,0,n<3
50060379,2025-07-01,2025-07-31,mensual,,,1,n<3
50060379,2025-08-01,2025-08-31,mensual,,,0,n<3
50060379,2025-09-01,2025-09-30,mensual,,,1,n<3
50060379,2025-10-01,2025-10-31,mensual,,,0,n<3
50060379,2025-11-01,2025-11-30,mensual,,,1,n<3
50060379,2025-12-01,2025-12-31,mensual,,,0,n<3
50060379,2026-01-01,2026-01-31,mensual,,,1,n<3
50060379,2026-02-01,2026-02-28,mensual,,,1,n<3
50060379,2024-01-01,2024-03-31,trimestral,,,2,n<3
50060379,2024-02-01,2024-04-30,trimestral,,,1,n<3
50060379,2024-03-01,2024-05-31,trimestral,,,1,n<3
50060379,2024-04-01,2024-06-30,trimestral,,,0,n<3
50060379,2024-05-01,2024-07-31,trimestral,,,0,n<3
50060379,2024-06-01,2024-08-31,trimestral,,,0,n<3
50060379,2024-07-01,2024-09-30,trimestral,,,0,n<3
50060379,2024-08-01,2024-10-31,trimestral,,,0,n<3
50060379,2024-09-01,2024-11-30,trimestral,,,0,n<3
50060379,2024-10-01,2024-12-31,trimestral,,,0,n<3
50060379,2024-11-01,2025-01-31,trimestral,,,0,n<3
50060379,2024-12-01,2025-02-28,trimestral,,,0,n<3
50060379,2025-01-01,2025-03-31,trimestral,,,0,n<3
50060379,2025-02-01,2025-04-30,trimestral,,,1,n<3
50060379,2025-03-01,2025-05-31,trimestral,,,1,n<3
50060379,2025-04-01,2025-06-30,trimestral,,,1,n<3
50060379,2025-05-01,2025-07-31,trimestral,,,1,n<3
50060379,2025-06-01,2025-08-31,trimestral,,,1,n<3
50060379,2025-07-01,2025-09-30,trimestral,,,2,n<3
50060379,2025-08-01,2025-10-31,trimestral,,,1,n<3
50060379,2025-09-01,2025-11-30,trimestral,,,2,n<3
50060379,2025-10-01,2025-12-31,trimestral,,,1,n<3
50060379,2025-11-01,2026-01-31,trimestral,,,2,n<3
50060379,2025-12-01,2026-02-28,trimestral,,,2,n<3
50060379,2024-01-01,2024-06-30,semestral,,,2,n<3
50060379,2024-02-01,2024-07-31,semestral,,,1,n<3
50060379,2024-03-01,2024-08-31,semestral,,,1,n<3
50060379,2024-04-01,2024-09-30,semestral,,,0,n<3
50060379,2024-05-01,2024-10-31,semestral,,,0,n<3
50060379,2024-06-01,2024-11-30,semestral,,,0,n<3
50060379,2024-07-01,2024-12-31,semestral,,,0,n<3
50060379,2024-08-01,2025-01-31,semestral,,,0,n<3
50060379,2024-09-01,2025-02-28,semestral,,,0,n<3
50060379,2024-10-01,2025-03-31,semestral,,,0,n<3
50060379,2024-11-01,2025-04-30,semestral,,,1,n<3
50060379,2024-12-01,2025-05-31,semestral,,,1,n<3
50060379,2025-01-01,2025-06-30,semestral,,,1,n<3
50060379,2025-02-01,2025-07-31,semestral,,,2,n<3
50060379,2025-03-01,2025-08-31,semestral,,,2,n<3
50060379,2025-04-01,2025-09-30,semestral,-3.267349283404146,0.9058594402390103,3,valida
50060379,2025-05-01,2025-10-31,semestral,,,2,n<3
50060379,2025-06-01,2025-11-30,semestral,,,3,qty constante
50060379,2025-07-01,2025-12-31,semestral,,,3,qty constante
50060379,2025-08-01,2026-01-31,semestral,,,3,qty constante
50060379,2025-09-01,2026-02-28,semestral,-3.222134657813896,0.11050343411979446,4,valida
50060380,2024-01-01,2024-01-31,mensual,,,1,n<3
50060380,2024-02-01,2024-02-29,mensual,,,1,n<3
50060380,2024-03-01,2024-03-31,mensual,,,0,n<3
50060380,2024-04-01,2024-04-30,mensual,,,2,n<3
50060380,2024-05-01,2024-05-31,mensual,,,3,precio constante
50060380,2024-06-01,2024-06-30,mensual,,,0,n<3
50060380,2024-07-01,2024-07-31,mensual,,,1,n<3
50060380,2024-08-01,2024-08-31,mensual,3.8012048312769244,0.16666666666666663,5,valida
50060380,2024-09-01,2024-09-30,mensual,1.5528049629745322,0.2500000000000001,3,valida
50060380,2024-10-01,2024-10-31,mensual,,,1,n<3
50060380,2024-11-01,2024-11-30,mensual,,,1,n<3
50060380,2024-12-01,2024-12-31,mensual,,,0,n<3
50060380,2025-01-01,2025-01-31,mensual,,,3,precio constante
50060380,2025-02-01,2025-02-28,mensual,,,1,n<3
50060380,2025-03-01,2025-03-31,mensual,,,1,n<3
50060380,2025-04-01,2025-04-30,mensual,,,1,n<3
50060380,2025-05-01,2025-05-31,mensual,,,1,n<3
50060380,2025-06-01,2025-06-30,mensual,,,1,n<3
50060380,2025-07-01,2025-07-31,mensual,,,2,n<3
50060380,2025-08-01,2025-08-31,mensual,1.9261142850903235,0.25012869905506374,3,valida
50060380,2025-09-01,2025-09-30,mensual,15.36749695570628,1.0,4,valida
50060380,2025-10-01,2025-10-31,mensual,,,0,n<3
50060380,2025-11-01,2025-11-30,mensual,,,2,n<3
50060380,2025-12-01,2025-12-31,mensual,,,0,n<3
50060380,2026-01-01,2026-01-31,mensual,,,2,n<3
50060380,2026-02-01,2026-02-28,mensual,1.0964689131600949,0.027777777777778234,7,valida
50060380,2024-01-01,2024-03-31,trimestral,,,2,n<3
50060380,2024-02-01,2024-04-30,trimestral,,,3,precio constante
50060380,2024-03-01,2024-05-31,trimestral,,,5,precio constante
50060380,2024-04-01,2024-06-30,trimestral,,,5,precio constante
50060380,2024-05-01,2024-07-31,trimestral,,,4,precio constante
50060380,2024-06-01,2024-08-31,trimestral,5.446032239961259,0.18037847414666752,6,valida
50060380,2024-07-01,2024-09-30,trimestral,2.3537291593828713,0.17113752287833972,9,valida
50060380,2024-08-01,2024-10-31,trimestral,2.194211776694176,0.25558004452691396,9,valida
50060380,2024-09-01,2024-11-30,trimestral,1.820492867265104,0.28923441775689285,5,valida
50060380,2024-10-01,2024-12-31,trimestral,,,2,n<3
50060380,2024-11-01,2025-01-31,trimestral,,,4,precio constante
50060380,2024-12-01,2025-02-28,trimestral,,,4,precio constante
50060380,2025-01-01,2025-03-31,trimestral,,,5,precio constante
50060380,2025-02-01,2025-04-30,trimestral,,,3,precio constante
50060380,2025-03-01,2025-05-31,trimestral,,,3,precio constante
50060380,2025-04-01,2025-06-30,trimestral,,,3,precio constante
50060380,2025-05-01,2025-07-31,trimestral,,,4,qty constante
50060380,2025-06-01,2025-08-31,trimestral,0.7306116397748028,0.0652566220224704,6,valida
50060380,2025-07-01,2025-09-30,trimestral,1.2681518006271029,0.07652933738491075,9,valida
50060380,2025-08-01,2025-10-31,trimestral,1.8220840436582926,0.15393947137538933,7,valida
50060380,2025-09-01,2025-11-30,trimestral,3.678739838046143,0.007882854282536655,6,valida
50060380,2025-10-01,2025-12-31,trimestral,,,2,n<3
50060380,2025-11-01,2026-01-31,trimestral,,,4,precio constante
50060380,2025-12-01,2026-02-28,trimestral,4.046277390867783,0.024748130148097736,9,valida
50060380,2024-01-01,2024-06-30,semestral,1.0352033086496777,0.06666666666666665,7,valida
50060380,2024-02-01,2024-07-31,semestral,,,7,precio constante
50060380,2024-03-01,2024-08-31,semestral,3.4792509349197127,0.05286749596716189,11,valida
50060380,2024-04-01,2024-09-30,semestral,1.701221632972564,0.07180212021673338,14,valida
50060380,2024-05-01,2024-10-31,semestral,2.0754551234559933,0.12794528818758377,13,valida
50060380,2024-06-01,2024-11-30,semestral,2.332409829570021,0.1782181711382943,11,valida
50060380,2024-07-01,2024-12-31,semestral,2.332409829570021,0.1782181711382943,11,valida
50060380,2024-08-01,2025-01-31,semestral,2.458335778996989,0.06766141075004783,13,valida
50060380,2024-09-01,2025-02-28,semestral,2.1322907833406046,0.050110911478436826,9,valida
50060380,2024-10-01,2025-03-31,semestral,1.7436443919908353,0.00289743703343992,7,valida
50060380,2024-11-01,2025-04-30,semestral,,,7,precio constante
50060380,2024-12-01,2025-05-31,semestral,,,7,precio constante
50060380,2025-01-01,2025-06-30,semestral,,,8,precio constante
50060380,2025-02-01,2025-07-31,semestral,-0.6909313598635354,0.06554147077694106,7,valida
50060380,2025-03-01,2025-08-31,semestral,0.09239204011600585,0.0009047574567493388,9,valida
50060380,2025-04-01,2025-09-30,semestral,1.058257378009862,0.13499577386758843,12,valida
50060380,2025-05-01,2025-10-31,semestral,1.0837379661102995,0.11936026403164379,11,valida
50060380,2025-06-01,2025-11-30,semestral,1.9649978367840024,0.060638781577337486,12,valida
50060380,2025-07-01,2025-12-31,semestral,1.7970996098925585,0.030618546847833716,11,valida
50060380,2025-08-01,2026-01-31,semestral,3.1036326156366107,0.06105134169015669,11,valida
50060380,2025-09-01,2026-02-28,semestral,6.099757889305028,0.04070640976352424,15,valida
50060381,2024-01-01,2024-01-31,mensual,,,1,n<3
50060381,2024-02-01,2024-02-29,mensual,,,0,n<3
50060381,2024-03-01,2024-03-31,mensual,,,0,n<3
50060381,2024-04-01,2024-04-30,mensual,,,3,precio constante
50060381,2024-05-01,2024-05-31,mensual,,,1,n<3
50060381,2024-06-01,2024-06-30,mensual,,,0,n<3
50060381,2024-07-01,2024-07-31,mensual,,,0,n<3
50060381,2024-08-01,2024-08-31,mensual,,,1,n<3
50060381,2024-09-01,2024-09-30,mensual,,,3,precio constante
50060381,2024-10-01,2024-10-31,mensual,,,0,n<3
50060381,2024-11-01,2024-11-30,mensual,,,0,n<3
50060381,2024-12-01,2024-12-31,mensual,,,0,n<3
50060381,2025-01-01,2025-01-31,mensual,,,2,n<3
50060381,2025-02-01,2025-02-28,mensual,,,1,n<3
50060381,2025-03-01,2025-03-31,mensual,,,0,n<3
50060381,2025-04-01,2025-04-30,mensual,,,0,n<3
50060381,2025-05-01,2025-05-31,mensual,,,0,n<3
50060381,2025-06-01,2025-06-30,mensual,,,0,n<3
50060381,2025-07-01,2025-07-31,mensual,,,0,n<3
50060381,2025-08-01,2025-08-31,mensual,,,0,n<3
50060381,2025-09-01,2025-09-30,mensual,,,2,n<3
50060381,2025-10-01,2025-10-31,mensual,,,2,n<3
50060381,2025-11-01,2025-11-30,mensual,,,0,n<3
50060381,2025-12-01,2025-12-31,mensual,,,0,n<3
50060381,2026-01-01,2026-01-31,mensual,,,1,n<3
50060381,2026-02-01,2026-02-28,mensual,,,1,n<3
50060381,2024-01-01,2024-03-31,trimestral,,,1,n<3
50060381,2024-02-01,2024-04-30,trimestral,,,3,precio constante
50060381,2024-03-01,2024-05-31,trimestral,,,4,precio constante
50060381,2024-04-01,2024-06-30,trimestral,,,4,precio constante
50060381,2024-05-01,2024-07-31,trimestral,,,1,n<3
50060381,2024-06-01,2024-08-31,trimestral,,,1,n<3
50060381,2024-07-01,2024-09-30,trimestral,,,4,precio constante
50060381,2024-08-01,2024-10-31,trimestral,,,4,precio constante
50060381,2024-09-01,2024-11-30,trimestral,,,3,precio constante
50060381,2024-10-01,2024-12-31,trimestral,,,0,n<3
50060381,2024-11-01,2025-01-31,trimestral,,,2,n<3
50060381,2024-12-01,2025-02-28,trimestral,,,3,precio constante
50060381,2025-01-01,2025-03-31,trimestral,,,3,precio constante
50060381,2025-02-01,2025-04-30,trimestral,,,1,n<3
50060381,2025-03-01,2025-05-31,trimestral,,,0,n<3
50060381,2025-04-01,2025-06-30,trimestral,,,0,n<3
50060381,2025-05-01,2025-07-31,trimestral,,,0,n<3
50060381,2025-06-01,2025-08-31,trimestral,,,0,n<3
50060381,2025-07-01,2025-09-30,trimestral,,,2,n<3
50060381,2025-08-01,2025-10-31,trimestral,,,4,precio constante
50060381,2025-09-01,2025-11-30,trimestral,,,4,precio constante
50060381,2025-10-01,2025-12-31,trimestral,,,2,n<3
50060381,2025-11-01,2026-01-31,trimestral,,,1,n<3
50060381,2025-12-01,2026-02-28,trimestral,,,2,n<3
50060381,2024-01-01,2024-06-30,semestral,,,5,precio constante
50060381,2024-02-01,2024-07-31,semestral,,,4,precio constante
50060381,2024-03-01,2024-08-31,semestral,,,5,precio constante
50060381,2024-04-01,2024-09-30,semestral,,,8,precio constante
50060381,2024-05-01,2024-10-31,semestral,,,5,precio constante
50060381,2024-06-01,2024-11-30,semestral,,,4,precio constante
50060381,2024-07-01,2024-12-31,semestral,,,4,precio constante
50060381,2024-08-01,2025-01-31,semestral,-3.5543619202939927,0.10000000000000009,6,valida
50060381,2024-09-01,2025-02-28,semestral,-4.739149227058678,0.20000000000000007,6,valida
50060381,2024-10-01,2025-03-31,semestral,,,3,precio constante
50060381,2024-11-01,2025-04-30,semestral,,,3,precio constante
50060381,2024-12-01,2025-05-31,semestral,,,3,precio constante
50060381,2025-01-01,2025-06-30,semestral,,,3,precio constante
50060381,2025-02-01,2025-07-31,semestral,,,1,n<3
50060381,2025-03-01,2025-08-31,semestral,,,0,n<3
50060381,2025-04-01,2025-09-30,semestral,,,2,n<3
50060381,2025-05-01,2025-10-31,semestral,,,4,precio constante
50060381,2025-06-01,2025-11-30,semestral,,,4,precio constante
50060381,2025-07-01,2025-12-31,semestral,,,4,precio constante
50060381,2025-08-01,2026-01-31,semestral,,,5,precio constante
50060381,2025-09-01,2026-02-28,semestral,,,6,precio constante
50060955,2024-01-01,2024-01-31,mensual,,,1,n<3
50060955,2024-02-01,2024-02-29,mensual,,,0,n<3
50060955,2024-03-01,2024-03-31,mensual,,,1,n<3
50060955,2024-04-01,2024-04-30,mensual,,,0,n<3
50060955,2024-05-01,2024-05-31,mensual,,,0,n<3
50060955,2024-06-01,2024-06-30,mensual,,,0,n<3
50060955,2024-07-01,2024-07-31,mensual,-1.6174454769751547,0.02777777777777779,7,valida
50060955,2024-08-01,2024-08-31,mensual,,,7,qty constante
50060955,2024-09-01,2024-09-30,mensual,,,5,qty constante
50060955,2024-10-01,2024-10-31,mensual,0.11461644233629664,0.0026165113945579854,3,valida
50060955,2024-11-01,2024-11-30,mensual,,,5,precio constante
50060955,2024-12-01,2024-12-31,mensual,-1.1434381175013781,0.2498780254401557,3,valida
50060955,2025-01-01,2025-01-31,mensual,,,4,qty constante
50060955,2024-01-01,2024-03-31,trimestral,,,2,n<3
50060955,2024-02-01,2024-04-30,trimestral,,,1,n<3
50060955,2024-03-01,2024-05-31,trimestral,,,1,n<3
50060955,2024-04-01,2024-06-30,trimestral,,,0,n<3
50060955,2024-05-01,2024-07-31,trimestral,-1.6174454769751547,0.02777777777777779,7,valida
50060955,2024-06-01,2024-08-31,trimestral,0.16032491140869184,0.013298694262815713,14,valida
50060955,2024-07-01,2024-09-30,trimestral,0.12907363585789997,0.015113346402933714,19,valida
50060955,2024-08-01,2024-10-31,trimestral,-0.0454247260299944,0.0018093432078269966,15,valida
50060955,2024-09-01,2024-11-30,trimestral,0.06450796930289798,0.0014908355706738652,13,valida
50060955,2024-10-01,2024-12-31,trimestral,-0.7939715079669686,0.1363587560659758,11,valida
50060955,2024-11-01,2025-01-31,trimestral,-0.8357788460231684,0.17758784838530817,12,valida
50060955,2024-01-01,2024-06-30,semestral,,,2,n<3
50060955,2024-02-01,2024-07-31,semestral,-1.3863818374071621,0.020408163265305923,8,valida
50060955,2024-03-01,2024-08-31,semestral,0.14793159322205088,0.011394210653769776,15,valida
50060955,2024-04-01,2024-09-30,semestral,0.12907363585789997,0.015113346402933714,19,valida
50060955,2024-05-01,2024-10-31,semestral,0.02419107505733666,0.00033541708278539417,22,valida
50060955,2024-06-01,2024-11-30,semestral,0.07465094642037927,0.002321342866123177,27,valida
50060955,2024-07-01,2024-12-31,semestral,-0.3542496897873112,0.0418315389577506,30,valida
50060955,2024-08-01,2025-01-31,semestral,-0.364487675991412,0.05302500974673763,27,valida
50061067,2024-01-01,2024-01-31,mensual,,,1,n<3
50061067,2024-02-01,2024-02-29,mensual,,,1,n<3
50061067,2024-03-01,2024-03-31,mensual,,,1,n<3
50061067,2024-04-01,2024-04-30,mensual,,,0,n<3
50061067,2024-05-01,2024-05-31,mensual,,,0,n<3
50061067,2024-06-01,2024-06-30,mensual,,,0,n<3
50061067,2024-07-01,2024-07-31,mensual,,,0,n<3
50061067,2024-08-01,2024-08-31,mensual,,,2,n<3
50061067,2024-09-01,2024-09-30,mensual,,,0,n<3
50061067,2024-10-01,2024-10-31,mensual,,,0,n<3
50061067,2024-11-01,2024-11-30,mensual,,,0,n<3
50061067,2024-12-01,2024-12-31,mensual,,,0,n<3
50061067,2025-01-01,2025-01-31,mensual,,,1,n<3
50061067,2025-02-01,2025-02-28,mensual,,,0,n<3
50061067,2025-03-01,2025-03-31,mensual,,,0,n<3
50061067,2025-04-01,2025-04-30,mensual,,,0,n<3
50061067,2025-05-01,2025-05-31,mensual,,,0,n<3
50061067,2025-06-01,2025-06-30,mensual,,,0,n<3
50061067,2025-07-01,2025-07-31,mensual,,,1,n<3
50061067,2025-08-01,2025-08-31,mensual,,,1,n<3
50061067,2025-09-01,2025-09-30,mensual,,,2,n<3
50061067,2025-10-01,2025-10-31,mensual,,,0,n<3
50061067,2025-11-01,2025-11-30,mensual,,,0,n<3
50061067,2025-12-01,2025-12-31,mensual,,,0,n<3
50061067,2026-01-01,2026-01-31,mensual,,,0,n<3
50061067,2026-02-01,2026-02-28,mensual,,,0,n<3
50061067,2026-03-01,2026-03-31,mensual,,,2,n<3
50061067,2026-04-01,2026-04-30,mensual,,,1,n<3
50061067,2024-01-01,2024-03-31,trimestral,1.5535460568298154,0.2500000000000001,3,valida
50061067,2024-02-01,2024-04-30,trimestral,,,2,n<3
50061067,2024-03-01,2024-05-31,trimestral,,,1,n<3
50061067,2024-04-01,2024-06-30,trimestral,,,0,n<3
50061067,2024-05-01,2024-07-31,trimestral,,,0,n<3
50061067,2024-06-01,2024-08-31,trimestral,,,2,n<3
50061067,2024-07-01,2024-09-30,trimestral,,,2,n<3
50061067,2024-08-01,2024-10-31,trimestral,,,2,n<3
50061067,2024-09-01,2024-11-30,trimestral,,,0,n<3
50061067,2024-10-01,2024-12-31,trimestral,,,0,n<3
50061067,2024-11-01,2025-01-31,trimestral,,,1,n<3
50061067,2024-12-01,2025-02-28,trimestral,,,1,n<3
50061067,2025-01-01,2025-03-31,trimestral,,,1,n<3
50061067,2025-02-01,2025-04-30,trimestral,,,0,n<3
50061067,2025-03-01,2025-05-31,trimestral,,,0,n<3
50061067,2025-04-01,2025-06-30,trimestral,,,0,n<3
50061067,2025-05-01,2025-07-31,trimestral,,,1,n<3
50061067,2025-06-01,2025-08-31,trimestral,,,2,n<3
50061067,2025-07-01,2025-09-30,trimestral,,,4,precio constante
50061067,2025-08-01,2025-10-31,trimestral,,,3,precio constante
50061067,2025-09-01,2025-11-30,trimestral,,,2,n<3
50061067,2025-10-01,2025-12-31,trimestral,,,0,n<3
50061067,2025-11-01,2026-01-31,trimestral,,,0,n<3
50061067,2025-12-01,2026-02-28,trimestral,,,0,n<3
50061067,2026-01-01,2026-03-31,trimestral,,,2,n<3
50061067,2026-02-01,2026-04-30,trimestral,,,3,precio constante
50061067,2024-01-01,2024-06-30,semestral,1.5535460568298154,0.2500000000000001,3,valida
50061067,2024-02-01,2024-07-31,semestral,,,2,n<3
50061067,2024-03-01,2024-08-31,semestral,,,3,precio constante
50061067,2024-04-01,2024-09-30,semestral,,,2,n<3
50061067,2024-05-01,2024-10-31,semestral,,,2,n<3
50061067,2024-06-01,2024-11-30,semestral,,,2,n<3
50061067,2024-07-01,2024-12-31,semestral,,,2,n<3
50061067,2024-08-01,2025-01-31,semestral,,,3,qty constante
50061067,2024-09-01,2025-02-28,semestral,,,1,n<3
50061067,2024-10-01,2025-03-31,semestral,,,1,n<3
50061067,2024-11-01,2025-04-30,semestral,,,1,n<3
50061067,2024-12-01,2025-05-31,semestral,,,1,n<3
50061067,2025-01-01,2025-06-30,semestral,,,1,n<3
50061067,2025-02-01,2025-07-31,semestral,,,1,n<3
50061067,2025-03-01,2025-08-31,semestral,,,2,n<3
50061067,2025-04-01,2025-09-30,semestral,,,4,precio constante
50061067,2025-05-01,2025-10-31,semestral,,,4,precio constante
50061067,2025-06-01,2025-11-30,semestral,,,4,precio constante
50061067,2025-07-01,2025-12-31,semestral,,,4,precio constante
50061067,2025-08-01,2026-01-31,semestral,,,3,precio constante
50061067,2025-09-01,2026-02-28,semestral,,,2,n<3
50061067,2025-10-01,2026-03-31,semestral,,,2,n<3
50061067,2025-11-01,2026-04-30,semestral,,,3,precio constante
50061068,2024-01-01,2024-01-31,mensual,,,1,n<3
50061068,2024-02-01,2024-02-29,mensual,,,0,n<3
50061068,2024-03-01,2024-03-31,mensual,,,1,n<3
50061068,2024-04-01,2024-04-30,mensual,,,0,n<3
50061068,2024-05-01,2024-05-31,mensual,,,0,n<3
50061068,2024-06-01,2024-06-30,mensual,,,0,n<3
50061068,2024-07-01,2024-07-31,mensual,,,0,n<3
50061068,2024-08-01,2024-08-31,mensual,,,2,n<3
50061068,2024-09-01,2024-09-30,mensual,,,0,n<3
50061068,2024-10-01,2024-10-31,mensual,,,0,n<3
50061068,2024-11-01,2024-11-30,mensual,,,0,n<3
50061068,2024-12-01,2024-12-31,mensual,,,0,n<3
50061068,2025-01-01,2025-01-31,mensual,,,0,n<3
50061068,2025-02-01,2025-02-28,mensual,,,0,n<3
50061068,2025-03-01,2025-03-31,mensual,,,0,n<3
50061068,2025-04-01,2025-04-30,mensual,,,0,n<3
50061068,2025-05-01,2025-05-31,mensual,,,0,n<3
50061068,2025-06-01,2025-06-30,mensual,,,0,n<3
50061068,2025-07-01,2025-07-31,mensual,,,0,n<3
50061068,2025-08-01,2025-08-31,mensual,,,0,n<3
50061068,2025-09-01,2025-09-30,mensual,,,0,n<3
50061068,2025-10-01,2025-10-31,mensual,,,1,n<3
50061068,2024-01-01,2024-03-31,trimestral,,,2,n<3
50061068,2024-02-01,2024-04-30,trimestral,,,1,n<3
50061068,2024-03-01,2024-05-31,trimestral,,,1,n<3
50061068,2024-04-01,2024-06-30,trimestral,,,0,n<3
50061068,2024-05-01,2024-07-31,trimestral,,,0,n<3
50061068,2024-06-01,2024-08-31,trimestral,,,2,n<3
50061068,2024-07-01,2024-09-30,trimestral,,,2,n<3
50061068,2024-08-01,2024-10-31,trimestral,,,2,n<3
50061068,2024-09-01,2024-11-30,trimestral,,,0,n<3
50061068,2024-10-01,2024-12-31,trimestral,,,0,n<3
50061068,2024-11-01,2025-01-31,trimestral,,,0,n<3
50061068,2024-12-01,2025-02-28,trimestral,,,0,n<3
50061068,2025-01-01,2025-03-31,trimestral,,,0,n<3
50061068,2025-02-01,2025-04-30,trimestral,,,0,n<3
50061068,2025-03-01,2025-05-31,trimestral,,,0,n<3
50061068,2025-04-01,2025-06-30,trimestral,,,0,n<3
50061068,2025-05-01,2025-07-31,trimestral,,,0,n<3
50061068,2025-06-01,2025-08-31,trimestral,,,0,n<3
50061068,2025-07-01,2025-09-30,trimestral,,,0,n<3
50061068,2025-08-01,2025-10-31,trimestral,,,1,n<3
50061068,2024-01-01,2024-06-30,semestral,,,2,n<3
50061068,2024-02-01,2024-07-31,semestral,,,1,n<3
50061068,2024-03-01,2024-08-31,semestral,,,3,precio constante
50061068,2024-04-01,2024-09-30,semestral,,,2,n<3
50061068,2024-05-01,2024-10-31,semestral,,,2,n<3
50061068,2024-06-01,2024-11-30,semestral,,,2,n<3
50061068,2024-07-01,2024-12-31,semestral,,,2,n<3
50061068,2024-08-01,2025-01-31,semestral,,,2,n<3
50061068,2024-09-01,2025-02-28,semestral,,,0,n<3
50061068,2024-10-01,2025-03-31,semestral,,,0,n<3
50061068,2024-11-01,2025-04-30,semestral,,,0,n<3
50061068,2024-12-01,2025-05-31,semestral,,,0,n<3
50061068,2025-01-01,2025-06-30,semestral,,,0,n<3
50061068,2025-02-01,2025-07-31,semestral,,,0,n<3
50061068,2025-03-01,2025-08-31,semestral,,,0,n<3
50061068,2025-04-01,2025-09-30,semestral,,,0,n<3
50061068,2025-05-01,2025-10-31,semestral,,,1,n<3
50061069,2024-01-01,2024-01-31,mensual,,,1,n<3
50061069,2024-02-01,2024-02-29,mensual,,,2,n<3
50061069,2024-03-01,2024-03-31,mensual,,,1,n<3
50061069,2024-04-01,2024-04-30,mensual,,,2,n<3
50061069,2024-05-01,2024-05-31,mensual,,,1,n<3
50061069,2024-06-01,2024-06-30,mensual,,,0,n<3
50061069,2024-07-01,2024-07-31,mensual,,,1,n<3
50061069,2024-08-01,2024-08-31,mensual,,,4,qty constante
50061069,2024-09-01,2024-09-30,mensual,,,2,n<3
50061069,2024-10-01,2024-10-31,mensual,,,2,n<3
50061069,2024-11-01,2024-11-30,mensual,,,1,n<3
50061069,2024-12-01,2024-12-31,mensual,,,1,n<3
50061069,2025-01-01,2025-01-31,mensual,,,1,n<3
50061069,2025-02-01,2025-02-28,mensual,,,1,n<3
50061069,2025-03-01,2025-03-31,mensual,,,0,n<3
50061069,2025-04-01,2025-04-30,mensual,,,1,n<3
50061069,2025-05-01,2025-05-31,mensual,,,0,n<3
50061069,2025-06-01,2025-06-30,mensual,,,0,n<3
50061069,2025-07-01,2025-07-31,mensual,,,1,n<3
50061069,2025-08-01,2025-08-31,mensual,,,1,n<3
50061069,2025-09-01,2025-09-30,mensual,,,0,n<3
50061069,2025-10-01,2025-10-31,mensual,,,1,n<3
50061069,2025-11-01,2025-11-30,mensual,,,1,n<3
50061069,2025-12-01,2025-12-31,mensual,,,0,n<3
50061069,2026-01-01,2026-01-31,mensual,,,0,n<3
50061069,2026-02-01,2026-02-28,mensual,,,0,n<3
50061069,2026-03-01,2026-03-31,mensual,,,1,n<3
50061069,2024-01-01,2024-03-31,trimestral,,,4,precio constante
50061069,2024-02-01,2024-04-30,trimestral,,,5,precio constante
50061069,2024-03-01,2024-05-31,trimestral,,,4,precio constante
50061069,2024-04-01,2024-06-30,trimestral,,,3,precio constante
50061069,2024-05-01,2024-07-31,trimestral,,,2,n<3
50061069,2024-06-01,2024-08-31,trimestral,1.027003196765475,0.16666666666666652,5,valida
50061069,2024-07-01,2024-09-30,trimestral,3.199308021250055,0.25955169431624114,7,valida
50061069,2024-08-01,2024-10-31,trimestral,2.4766287643662515,0.1544292590996208,8,valida
50061069,2024-09-01,2024-11-30,trimestral,11.461905983522628,0.2567049741629448,5,valida
50061069,2024-10-01,2024-12-31,trimestral,-1.752599186326271,0.046357052774208096,4,valida
50061069,2024-11-01,2025-01-31,trimestral,35.53194214025589,0.7731528155107608,3,valida
50061069,2024-12-01,2025-02-28,trimestral,1.1034192868145583,0.00074419961495098,3,valida
50061069,2025-01-01,2025-03-31,trimestral,,,2,n<3
50061069,2025-02-01,2025-04-30,trimestral,,,2,n<3
50061069,2025-03-01,2025-05-31,trimestral,,,1,n<3
50061069,2025-04-01,2025-06-30,trimestral,,,1,n<3
50061069,2025-05-01,2025-07-31,trimestral,,,1,n<3
50061069,2025-06-01,2025-08-31,trimestral,,,2,n<3
50061069,2025-07-01,2025-09-30,trimestral,,,2,n<3
50061069,2025-08-01,2025-10-31,trimestral,,,2,n<3
50061069,2025-09-01,2025-11-30,trimestral,,,2,n<3
50061069,2025-10-01,2025-12-31,trimestral,,,2,n<3
50061069,2025-11-01,2026-01-31,trimestral,,,1,n<3
50061069,2025-12-01,2026-02-28,trimestral,,,0,n<3
50061069,2026-01-01,2026-03-31,trimestral,,,1,n<3
50061069,2024-01-01,2024-06-30,semestral,,,7,precio constante
50061069,2024-02-01,2024-07-31,semestral,,,7,precio constante
50061069,2024-03-01,2024-08-31,semestral,0.9955444047729292,0.1322905067164798,9,valida
50061069,2024-04-01,2024-09-30,semestral,2.242641611109482,0.12479063140555569,10,valida
50061069,2024-05-01,2024-10-31,semestral,2.4856173196507276,0.16229008347484686,10,valida
50061069,2024-06-01,2024-11-30,semestral,2.6645111824108794,0.17229244412397526,10,valida
50061069,2024-07-01,2024-12-31,semestral,2.5834266254135123,0.15904157812310304,11,valida
50061069,2024-08-01,2025-01-31,semestral,2.6994988962445445,0.1309883596425494,11,valida
50061069,2024-09-01,2025-02-28,semestral,6.120124133574349,0.08730926120531846,8,valida
50061069,2024-10-01,2025-03-31,semestral,-2.3244821842338412,0.01732038763590138,6,valida
50061069,2024-11-01,2025-04-30,semestral,-3.3205609528042426,0.020463589572375596,5,valida
50061069,2024-12-01,2025-05-31,semestral,-10.69743389125389,0.17970379786034163,4,valida
50061069,2025-01-01,2025-06-30,semestral,-20.129468305005254,0.24934867207723954,3,valida
50061069,2025-02-01,2025-07-31,semestral,6.071055090044582,0.25076893572570025,3,valida
50061069,2025-03-01,2025-08-31,semestral,1.5543658339852957,0.2501970196948564,3,valida
50061069,2025-04-01,2025-09-30,semestral,1.5543658339852957,0.2501970196948564,3,valida
50061069,2025-05-01,2025-10-31,semestral,3.107099456229672,1.0,3,valida
50061069,2025-06-01,2025-11-30,semestral,2.0723063185765893,0.3335668177119703,4,valida
50061069,2025-07-01,2025-12-31,semestral,2.0723063185765893,0.3335668177119703,4,valida
50061069,2025-08-01,2026-01-31,semestral,1.5543658339852955,0.2501970196948584,3,valida
50061069,2025-09-01,2026-02-28,semestral,,,2,n<3
50061069,2025-10-01,2026-03-31,semestral,,,3,precio constante
50061070,2024-01-01,2024-01-31,mensual,,,1,n<3
50061070,2024-02-01,2024-02-29,mensual,,,0,n<3
50061070,2024-03-01,2024-03-31,mensual,,,0,n<3
50061070,2024-04-01,2024-04-30,mensual,,,1,n<3
50061070,2024-05-01,2024-05-31,mensual,,,0,n<3
50061070,2024-06-01,2024-06-30,mensual,,,0,n<3
50061070,2024-07-01,2024-07-31,mensual,,,0,n<3
50061070,2024-08-01,2024-08-31,mensual,,,1,n<3
50061070,2024-09-01,2024-09-30,mensual,,,1,n<3
50061070,2024-10-01,2024-10-31,mensual,,,0,n<3
50061070,2024-11-01,2024-11-30,mensual,,,0,n<3
50061070,2024-12-01,2024-12-31,mensual,,,0,n<3
50061070,2025-01-01,2025-01-31,mensual,,,0,n<3
50061070,2025-02-01,2025-02-28,mensual,,,0,n<3
50061070,2025-03-01,2025-03-31,mensual,,,0,n<3
50061070,2025-04-01,2025-04-30,mensual,,,1,n<3
50061070,2025-05-01,2025-05-31,mensual,,,0,n<3
50061070,2025-06-01,2025-06-30,mensual,,,2,n<3
50061070,2025-07-01,2025-07-31,mensual,,,0,n<3
50061070,2025-08-01,2025-08-31,mensual,,,1,n<3
50061070,2025-09-01,2025-09-30,mensual,,,2,n<3
50061070,2025-10-01,2025-10-31,mensual,,,0,n<3
50061070,2025-11-01,2025-11-30,mensual,,,0,n<3
50061070,2025-12-01,2025-12-31,mensual,,,0,n<3
50061070,2026-01-01,2026-01-31,mensual,,,2,n<3
50061070,2024-01-01,2024-03-31,trimestral,,,1,n<3
50061070,2024-02-01,2024-04-30,trimestral,,,1,n<3
50061070,2024-03-01,2024-05-31,trimestral,,,1,n<3
50061070,2024-04-01,2024-06-30,trimestral,,,1,n<3
50061070,2024-05-01,2024-07-31,trimestral,,,0,n<3
50061070,2024-06-01,2024-08-31,trimestral,,,1,n<3
50061070,2024-07-01,2024-09-30,trimestral,,,2,n<3
50061070,2024-08-01,2024-10-31,trimestral,,,2,n<3
50061070,2024-09-01,2024-11-30,trimestral,,,1,n<3
50061070,2024-10-01,2024-12-31,trimestral,,,0,n<3
50061070,2024-11-01,2025-01-31,trimestral,,,0,n<3
50061070,2024-12-01,2025-02-28,trimestral,,,0,n<3
50061070,2025-01-01,2025-03-31,trimestral,,,0,n<3
50061070,2025-02-01,2025-04-30,trimestral,,,1,n<3
50061070,2025-03-01,2025-05-31,trimestral,,,1,n<3
50061070,2025-04-01,2025-06-30,trimestral,-5.6580331815491345,0.2501690459998518,3,valida
50061070,2025-05-01,2025-07-31,trimestral,,,2,n<3
50061070,2025-06-01,2025-08-31,trimestral,,,3,precio constante
50061070,2025-07-01,2025-09-30,trimestral,,,3,precio constante
50061070,2025-08-01,2025-10-31,trimestral,,,3,precio constante
50061070,2025-09-01,2025-11-30,trimestral,,,2,n<3
50061070,2025-10-01,2025-12-31,trimestral,,,0,n<3
50061070,2025-11-01,2026-01-31,trimestral,,,2,n<3
50061070,2024-01-01,2024-06-30,semestral,,,2,n<3
50061070,2024-02-01,2024-07-31,semestral,,,1,n<3
50061070,2024-03-01,2024-08-31,semestral,,,2,n<3
50061070,2024-04-01,2024-09-30,semestral,0.7424615203516381,0.0813110759134873,3,valida
50061070,2024-05-01,2024-10-31,semestral,,,2,n<3
50061070,2024-06-01,2024-11-30,semestral,,,2,n<3
50061070,2024-07-01,2024-12-31,semestral,,,2,n<3
50061070,2024-08-01,2025-01-31,semestral,,,2,n<3
50061070,2024-09-01,2025-02-28,semestral,,,1,n<3
50061070,2024-10-01,2025-03-31,semestral,,,0,n<3
50061070,2024-11-01,2025-04-30,semestral,,,1,n<3
50061070,2024-12-01,2025-05-31,semestral,,,1,n<3
50061070,2025-01-01,2025-06-30,semestral,-5.6580331815491345,0.2501690459998518,3,valida
50061070,2025-02-01,2025-07-31,semestral,-5.6580331815491345,0.2501690459998518,3,valida
50061070,2025-03-01,2025-08-31,semestral,-3.773155350807671,0.11124470340488724,4,valida
50061070,2025-04-01,2025-09-30,semestral,-3.3960439051085802,0.08582250023397742,6,valida
50061070,2025-05-01,2025-10-31,semestral,,,5,precio constante
50061070,2025-06-01,2025-11-30,semestral,,,5,precio constante
50061070,2025-07-01,2025-12-31,semestral,,,3,precio constante
50061070,2025-08-01,2026-01-31,semestral,,,5,precio constante
50061071,2024-01-01,2024-01-31,mensual,,,1,n<3
50061071,2024-02-01,2024-02-29,mensual,,,1,n<3
50061071,2024-03-01,2024-03-31,mensual,,,0,n<3
50061071,2024-04-01,2024-04-30,mensual,,,0,n<3
50061071,2024-05-01,2024-05-31,mensual,,,0,n<3
50061071,2024-06-01,2024-06-30,mensual,,,1,n<3
50061071,2024-07-01,2024-07-31,mensual,,,0,n<3
50061071,2024-08-01,2024-08-31,mensual,,,1,n<3
50061071,2024-09-01,2024-09-30,mensual,,,0,n<3
50061071,2024-10-01,2024-10-31,mensual,,,0,n<3
50061071,2024-11-01,2024-11-30,mensual,,,1,n<3
50061071,2024-12-01,2024-12-31,mensual,,,0,n<3
50061071,2025-01-01,2025-01-31,mensual,,,0,n<3
50061071,2025-02-01,2025-02-28,mensual,,,1,n<3
50061071,2025-03-01,2025-03-31,mensual,,,0,n<3
50061071,2025-04-01,2025-04-30,mensual,,,1,n<3
50061071,2025-05-01,2025-05-31,mensual,,,0,n<3
50061071,2025-06-01,2025-06-30,mensual,,,0,n<3
50061071,2025-07-01,2025-07-31,mensual,,,0,n<3
50061071,2025-08-01,2025-08-31,mensual,,,0,n<3
50061071,2025-09-01,2025-09-30,mensual,,,0,n<3
50061071,2025-10-01,2025-10-31,mensual,,,1,n<3
50061071,2025-11-01,2025-11-30,mensual,,,0,n<3
50061071,2025-12-01,2025-12-31,mensual,,,0,n<3
50061071,2026-01-01,2026-01-31,mensual,,,0,n<3
50061071,2026-02-01,2026-02-28,mensual,,,0,n<3
50061071,2026-03-01,2026-03-31,mensual,,,1,n<3
50061071,2024-01-01,2024-03-31,trimestral,,,2,n<3
50061071,2024-02-01,2024-04-30,trimestral,,,1,n<3
50061071,2024-03-01,2024-05-31,trimestral,,,0,n<3
50061071,2024-04-01,2024-06-30,trimestral,,,1,n<3
50061071,2024-05-01,2024-07-31,trimestral,,,1,n<3
50061071,2024-06-01,2024-08-31,trimestral,,,2,n<3
50061071,2024-07-01,2024-09-30,trimestral,,,1,n<3
50061071,2024-08-01,2024-10-31,trimestral,,,1,n<3
50061071,2024-09-01,2024-11-30,trimestral,,,1,n<3
50061071,2024-10-01,2024-12-31,trimestral,,,1,n<3
50061071,2024-11-01,2025-01-31,trimestral,,,1,n<3
50061071,2024-12-01,2025-02-28,trimestral,,,1,n<3
50061071,2025-01-01,2025-03-31,trimestral,,,1,n<3
50061071,2025-02-01,2025-04-30,trimestral,,,2,n<3
50061071,2025-03-01,2025-05-31,trimestral,,,1,n<3
50061071,2025-04-01,2025-06-30,trimestral,,,1,n<3
50061071,2025-05-01,2025-07-31,trimestral,,,0,n<3
50061071,2025-06-01,2025-08-31,trimestral,,,0,n<3
50061071,2025-07-01,2025-09-30,trimestral,,,0,n<3
50061071,2025-08-01,2025-10-31,trimestral,,,1,n<3
50061071,2025-09-01,2025-11-30,trimestral,,,1,n<3
50061071,2025-10-01,2025-12-31,trimestral,,,1,n<3
50061071,2025-11-01,2026-01-31,trimestral,,,0,n<3
50061071,2025-12-01,2026-02-28,trimestral,,,0,n<3
50061071,2026-01-01,2026-03-31,trimestral,,,1,n<3
50061071,2024-01-01,2024-06-30,semestral,,,3,precio constante
50061071,2024-02-01,2024-07-31,semestral,,,2,n<3
50061071,2024-03-01,2024-08-31,semestral,,,2,n<3
50061071,2024-04-01,2024-09-30,semestral,,,2,n<3
50061071,2024-05-01,2024-10-31,semestral,,,2,n<3
50061071,2024-06-01,2024-11-30,semestral,,,3,precio constante
50061071,2024-07-01,2024-12-31,semestral,,,2,n<3
50061071,2024-08-01,2025-01-31,semestral,,,2,n<3
50061071,2024-09-01,2025-02-28,semestral,,,2,n<3
50061071,2024-10-01,2025-03-31,semestral,,,2,n<3
50061071,2024-11-01,2025-04-30,semestral,1.0108770540048415,0.0440818934010051,3,valida
50061071,2024-12-01,2025-05-31,semestral,,,2,n<3
50061071,2025-01-01,2025-06-30,semestral,,,2,n<3
50061071,2025-02-01,2025-07-31,semestral,,,2,n<3
50061071,2025-03-01,2025-08-31,semestral,,,1,n<3
50061071,2025-04-01,2025-09-30,semestral,,,1,n<3
50061071,2025-05-01,2025-10-31,semestral,,,1,n<3
50061071,2025-06-01,2025-11-30,semestral,,,1,n<3
50061071,2025-07-01,2025-12-31,semestral,,,1,n<3
50061071,2025-08-01,2026-01-31,semestral,,,1,n<3
50061071,2025-09-01,2026-02-28,semestral,,,1,n<3
50061071,2025-10-01,2026-03-31,semestral,,,2,n<3
50061072,2024-01-01,2024-01-31,mensual,,,2,n<3
50061072,2024-02-01,2024-02-29,mensual,,,1,n<3
50061072,2024-03-01,2024-03-31,mensual,,,2,n<3
50061072,2024-04-01,2024-04-30,mensual,,,0,n<3
50061072,2024-05-01,2024-05-31,mensual,,,1,n<3
50061072,2024-06-01,2024-06-30,mensual,,,0,n<3
50061072,2024-07-01,2024-07-31,mensual,,,3,precio constante
50061072,2024-08-01,2024-08-31,mensual,,,1,n<3
50061072,2024-09-01,2024-09-30,mensual,,,1,n<3
50061072,2024-10-01,2024-10-31,mensual,,,1,n<3
50061072,2024-11-01,2024-11-30,mensual,,,1,n<3
50061072,2024-12-01,2024-12-31,mensual,,,0,n<3
50061072,2025-01-01,2025-01-31,mensual,,,0,n<3
50061072,2025-02-01,2025-02-28,mensual,,,2,n<3
50061072,2025-03-01,2025-03-31,mensual,,,1,n<3
50061072,2025-04-01,2025-04-30,mensual,,,0,n<3
50061072,2025-05-01,2025-05-31,mensual,,,0,n<3
50061072,2025-06-01,2025-06-30,mensual,,,2,n<3
50061072,2025-07-01,2025-07-31,mensual,,,0,n<3
50061072,2025-08-01,2025-08-31,mensual,,,2,n<3
50061072,2025-09-01,2025-09-30,mensual,,,0,n<3
50061072,2025-10-01,2025-10-31,mensual,,,0,n<3
50061072,2025-11-01,2025-11-30,mensual,,,1,n<3
50061072,2025-12-01,2025-12-31,mensual,,,0,n<3
50061072,2026-01-01,2026-01-31,mensual,,,0,n<3
50061072,2026-02-01,2026-02-28,mensual,,,2,n<3
50061072,2026-03-01,2026-03-31,mensual,,,1,n<3
50061072,2024-01-01,2024-03-31,trimestral,-5.273728999819442,0.6705292767404414,5,valida
50061072,2024-02-01,2024-04-30,trimestral,,,3,precio constante
50061072,2024-03-01,2024-05-31,trimestral,,,3,precio constante
50061072,2024-04-01,2024-06-30,trimestral,,,1,n<3
50061072,2024-05-01,2024-07-31,trimestral,,,4,precio constante
50061072,2024-06-01,2024-08-31,trimestral,,,4,precio constante
50061072,2024-07-01,2024-09-30,trimestral,,,5,precio constante
50061072,2024-08-01,2024-10-31,trimestral,,,3,precio constante
50061072,2024-09-01,2024-11-30,trimestral,,,3,precio constante
50061072,2024-10-01,2024-12-31,trimestral,,,2,n<3
50061072,2024-11-01,2025-01-31,trimestral,,,1,n<3
50061072,2024-12-01,2025-02-28,trimestral,,,2,n<3
50061072,2025-01-01,2025-03-31,trimestral,8.117597531879577,0.5964855314270576,3,valida
50061072,2025-02-01,2025-04-30,trimestral,8.117597531879577,0.5964855314270576,3,valida
50061072,2025-03-01,2025-05-31,trimestral,,,1,n<3
50061072,2025-04-01,2025-06-30,trimestral,,,2,n<3
50061072,2025-05-01,2025-07-31,trimestral,,,2,n<3
50061072,2025-06-01,2025-08-31,trimestral,-7.518545837064687,0.11129452233650594,4,valida
50061072,2025-07-01,2025-09-30,trimestral,,,2,n<3
50061072,2025-08-01,2025-10-31,trimestral,,,2,n<3
50061072,2025-09-01,2025-11-30,trimestral,,,1,n<3
50061072,2025-10-01,2025-12-31,trimestral,,,1,n<3
50061072,2025-11-01,2026-01-31,trimestral,,,1,n<3
50061072,2025-12-01,2026-02-28,trimestral,,,2,n<3
50061072,2026-01-01,2026-03-31,trimestral,,,3,precio constante
50061072,2024-01-01,2024-06-30,semestral,-5.464636916652668,0.6809212883659559,6,valida
50061072,2024-02-01,2024-07-31,semestral,,,7,precio constante
50061072,2024-03-01,2024-08-31,semestral,,,7,precio constante
50061072,2024-04-01,2024-09-30,semestral,,,6,precio constante
50061072,2024-05-01,2024-10-31,semestral,,,7,precio constante
50061072,2024-06-01,2024-11-30,semestral,,,7,precio constante
50061072,2024-07-01,2024-12-31,semestral,,,7,precio constante
50061072,2024-08-01,2025-01-31,semestral,,,4,precio constante
50061072,2024-09-01,2025-02-28,semestral,1.0660855563581202,0.06249999999999989,5,valida
50061072,2024-10-01,2025-03-31,semestral,4.057242172385461,0.12104739770838735,5,valida
50061072,2024-11-01,2025-04-30,semestral,5.410606339821635,0.22963278001399834,4,valida
50061072,2024-12-01,2025-05-31,semestral,8.117597531879577,0.5964855314270576,3,valida
50061072,2025-01-01,2025-06-30,semestral,6.53298695288308,0.277752065831984,5,valida
50061072,2025-02-01,2025-07-31,semestral,6.53298695288308,0.277752065831984,5,valida
50061072,2025-03-01,2025-08-31,semestral,-12.457454194522402,0.16453423977903858,5,valida
50061072,2025-04-01,2025-09-30,semestral,-7.518545837064687,0.11129452233650594,4,valida
50061072,2025-05-01,2025-10-31,semestral,-7.518545837064687,0.11129452233650594,4,valida
50061072,2025-06-01,2025-11-30,semestral,-9.488116251947915,0.15763006747116182,5,valida
50061072,2025-07-01,2025-12-31,semestral,-7.6967198673743376,0.2503867861227841,3,valida
50061072,2025-08-01,2026-01-31,semestral,-7.6967198673743376,0.2503867861227841,3,valida
50061072,2025-09-01,2026-02-28,semestral,,,3,precio constante
50061072,2025-10-01,2026-03-31,semestral,,,4,precio constante
50061073,2025-05-01,2025-05-31,mensual,,,1,n<3
50061073,2025-06-01,2025-06-30,mensual,,,0,n<3
50061073,2025-07-01,2025-07-31,mensual,,,0,n<3
50061073,2025-08-01,2025-08-31,mensual,,,0,n<3
50061073,2025-09-01,2025-09-30,mensual,,,0,n<3
50061073,2025-10-01,2025-10-31,mensual,,,0,n<3
50061073,2025-11-01,2025-11-30,mensual,,,0,n<3
50061073,2025-12-01,2025-12-31,mensual,,,0,n<3
50061073,2026-01-01,2026-01-31,mensual,,,1,n<3
50061073,2025-05-01,2025-07-31,trimestral,,,1,n<3
50061073,2025-06-01,2025-08-31,trimestral,,,0,n<3
50061073,2025-07-01,2025-09-30,trimestral,,,0,n<3
50061073,2025-08-01,2025-10-31,trimestral,,,0,n<3
50061073,2025-09-01,2025-11-30,trimestral,,,0,n<3
50061073,2025-10-01,2025-12-31,trimestral,,,0,n<3
50061073,2025-11-01,2026-01-31,trimestral,,,1,n<3
50061073,2025-05-01,2025-10-31,semestral,,,1,n<3
50061073,2025-06-01,2025-11-30,semestral,,,0,n<3
50061073,2025-07-01,2025-12-31,semestral,,,0,n<3
50061073,2025-08-01,2026-01-31,semestral,,,1,n<3
50061578,2024-01-01,2024-01-31,mensual,,,1,n<3
50061578,2024-02-01,2024-02-29,mensual,,,0,n<3
50061578,2024-03-01,2024-03-31,mensual,,,1,n<3
50061578,2024-04-01,2024-04-30,mensual,,,0,n<3
50061578,2024-05-01,2024-05-31,mensual,,,1,n<3
50061578,2024-06-01,2024-06-30,mensual,,,0,n<3
50061578,2024-07-01,2024-07-31,mensual,,,0,n<3
50061578,2024-08-01,2024-08-31,mensual,,,0,n<3
50061578,2024-09-01,2024-09-30,mensual,,,0,n<3
50061578,2024-10-01,2024-10-31,mensual,,,0,n<3
50061578,2024-11-01,2024-11-30,mensual,,,2,n<3
50061578,2024-01-01,2024-03-31,trimestral,,,2,n<3
50061578,2024-02-01,2024-04-30,trimestral,,,1,n<3
50061578,2024-03-01,2024-05-31,trimestral,,,2,n<3
50061578,2024-04-01,2024-06-30,trimestral,,,1,n<3
50061578,2024-05-01,2024-07-31,trimestral,,,1,n<3
50061578,2024-06-01,2024-08-31,trimestral,,,0,n<3
50061578,2024-07-01,2024-09-30,trimestral,,,0,n<3
50061578,2024-08-01,2024-10-31,trimestral,,,0,n<3
50061578,2024-09-01,2024-11-30,trimestral,,,2,n<3
50061578,2024-01-01,2024-06-30,semestral,,,3,precio constante
50061578,2024-02-01,2024-07-31,semestral,,,2,n<3
50061578,2024-03-01,2024-08-31,semestral,,,2,n<3
50061578,2024-04-01,2024-09-30,semestral,,,1,n<3
50061578,2024-05-01,2024-10-31,semestral,,,1,n<3
50061578,2024-06-01,2024-11-30,semestral,,,2,n<3
50061580,2024-02-01,2024-02-29,mensual,,,1,n<3
50061580,2024-03-01,2024-03-31,mensual,,,3,precio constante
50061580,2024-04-01,2024-04-30,mensual,,,4,precio constante
50061580,2024-05-01,2024-05-31,mensual,,,2,n<3
50061580,2024-06-01,2024-06-30,mensual,,,1,n<3
50061580,2024-07-01,2024-07-31,mensual,,,1,n<3
50061580,2024-08-01,2024-08-31,mensual,,,4,qty constante
50061580,2024-09-01,2024-09-30,mensual,,,5,precio constante
50061580,2024-10-01,2024-10-31,mensual,,,0,n<3
50061580,2024-11-01,2024-11-30,mensual,,,1,n<3
50061580,2024-12-01,2024-12-31,mensual,,,2,n<3
50061580,2025-01-01,2025-01-31,mensual,,,1,n<3
50061580,2025-02-01,2025-02-28,mensual,,,2,n<3
50061580,2025-03-01,2025-03-31,mensual,,,4,precio constante
50061580,2025-04-01,2025-04-30,mensual,,,4,precio constante
50061580,2025-05-01,2025-05-31,mensual,,,2,n<3
50061580,2025-06-01,2025-06-30,mensual,9.909756936424223,0.06954617068494995,6,valida
50061580,2025-07-01,2025-07-31,mensual,,,2,n<3
50061580,2025-08-01,2025-08-31,mensual,,,1,n<3
50061580,2025-09-01,2025-09-30,mensual,,,3,precio constante
50061580,2025-10-01,2025-10-31,mensual,,,1,n<3
50061580,2025-11-01,2025-11-30,mensual,-5.582715901009912,0.11124272255330547,3,valida
50061580,2025-12-01,2025-12-31,mensual,,,5,precio constante
50061580,2026-01-01,2026-01-31,mensual,,,6,precio constante
50061580,2026-02-01,2026-02-28,mensual,,,1,n<3
50061580,2026-03-01,2026-03-31,mensual,,,4,precio constante
50061580,2026-04-01,2026-04-30,mensual,,,2,n<3
50061580,2024-02-01,2024-04-30,trimestral,,,8,precio constante
50061580,2024-03-01,2024-05-31,trimestral,,,9,precio constante
50061580,2024-04-01,2024-06-30,trimestral,,,7,precio constante
50061580,2024-05-01,2024-07-31,trimestral,,,4,precio constante
50061580,2024-06-01,2024-08-31,trimestral,,,6,qty constante
50061580,2024-07-01,2024-09-30,trimestral,0.7525889224526657,0.012394302733740203,10,valida
50061580,2024-08-01,2024-10-31,trimestral,0.8464703125994559,0.015679513697213543,9,valida
50061580,2024-09-01,2024-11-30,trimestral,,,6,precio constante
50061580,2024-10-01,2024-12-31,trimestral,15.369228650868024,1.0,3,valida
50061580,2024-11-01,2025-01-31,trimestral,10.254745802040055,0.3337807709300602,4,valida
50061580,2024-12-01,2025-02-28,trimestral,9.112044769087769,0.27727513363486245,5,valida
50061580,2025-01-01,2025-03-31,trimestral,,,7,precio constante
50061580,2025-02-01,2025-04-30,trimestral,,,10,precio constante
50061580,2025-03-01,2025-05-31,trimestral,10.164905259857486,0.25051853944324454,10,valida
50061580,2025-04-01,2025-06-30,trimestral,4.008340656472562,0.07312794612381612,12,valida
50061580,2025-05-01,2025-07-31,trimestral,2.6541412814057526,0.010409889116288817,10,valida
50061580,2025-06-01,2025-08-31,trimestral,2.609534008025978,0.06379346168085687,9,valida
50061580,2025-07-01,2025-09-30,trimestral,2.6837589538855573,0.06972131382181468,6,valida
50061580,2025-08-01,2025-10-31,trimestral,2.578394216145643,0.06243884185188597,5,valida
50061580,2025-09-01,2025-11-30,trimestral,-6.17492745924174,0.03343250771092399,7,valida
50061580,2025-10-01,2025-12-31,trimestral,-3.2669036557884845,0.0347873593805712,9,valida
50061580,2025-11-01,2026-01-31,trimestral,-6.382606574207216,0.03828463082911637,14,valida
50061580,2025-12-01,2026-02-28,trimestral,,,12,precio constante
50061580,2026-01-01,2026-03-31,trimestral,,,11,precio constante
50061580,2026-02-01,2026-04-30,trimestral,,,7,precio constante
50061580,2024-02-01,2024-07-31,semestral,,,12,precio constante
50061580,2024-03-01,2024-08-31,semestral,0.6105988875387021,0.011035966741162362,15,valida
50061580,2024-04-01,2024-09-30,semestral,0.9581584801540342,0.012646220181069201,17,valida
50061580,2024-05-01,2024-10-31,semestral,0.564822679123092,0.0069811242810735585,13,valida
50061580,2024-06-01,2024-11-30,semestral,0.6160321125056002,0.008304419437604849,12,valida
50061580,2024-07-01,2024-12-31,semestral,3.042113121772613,0.13992705611235823,13,valida
50061580,2024-08-01,2025-01-31,semestral,3.2920445100578357,0.12016857172641415,13,valida
50061580,2024-09-01,2025-02-28,semestral,11.34214333417446,0.22502869663821123,11,valida
50061580,2024-10-01,2025-03-31,semestral,12.59526609165042,0.3542553161618991,10,valida
50061580,2024-11-01,2025-04-30,semestral,12.705739566849383,0.3116302425521139,14,valida
50061580,2024-12-01,2025-05-31,semestral,10.392471670419114,0.2592248932871649,15,valida
50061580,2025-01-01,2025-06-30,semestral,3.5090316776526174,0.06965416482841869,19,valida
50061580,2025-02-01,2025-07-31,semestral,3.6735604143459377,0.0954640886240028,20,valida
50061580,2025-03-01,2025-08-31,semestral,3.25218180502407,0.11291342281225147,19,valida
50061580,2025-04-01,2025-09-30,semestral,3.2311190341286777,0.07127443582161608,18,valida
50061580,2025-05-01,2025-10-31,semestral,2.501085607183431,0.03308967809763408,15,valida
50061580,2025-06-01,2025-11-30,semestral,1.828766650021599,0.01954576858715895,16,valida
50061580,2025-07-01,2025-12-31,semestral,0.3503244216881625,0.0013052843377743262,15,valida
50061580,2025-08-01,2026-01-31,semestral,0.2270665321111201,0.0004483792442078194,19,valida
50061580,2025-09-01,2026-02-28,semestral,-8.044193147564702,0.06519296279328468,19,valida
50061580,2025-10-01,2026-03-31,semestral,-3.4949042622116777,0.01556910977054704,20,valida
50061580,2025-11-01,2026-04-30,semestral,-6.497256634990045,0.02708449302392446,21,valida
50061632,2024-03-01,2024-03-31,mensual,,,1,n<3
50061632,2024-04-01,2024-04-30,mensual,,,0,n<3
50061632,2024-05-01,2024-05-31,mensual,,,1,n<3
50061632,2024-06-01,2024-06-30,mensual,,,0,n<3
50061632,2024-07-01,2024-07-31,mensual,,,0,n<3
50061632,2024-08-01,2024-08-31,mensual,,,0,n<3
50061632,2024-09-01,2024-09-30,mensual,,,0,n<3
50061632,2024-10-01,2024-10-31,mensual,,,0,n<3
50061632,2024-11-01,2024-11-30,mensual,,,0,n<3
50061632,2024-12-01,2024-12-31,mensual,,,1,n<3
50061632,2025-01-01,2025-01-31,mensual,,,0,n<3
50061632,2025-02-01,2025-02-28,mensual,,,0,n<3
50061632,2025-03-01,2025-03-31,mensual,,,0,n<3
50061632,2025-04-01,2025-04-30,mensual,,,1,n<3
50061632,2024-03-01,2024-05-31,trimestral,,,2,n<3
50061632,2024-04-01,2024-06-30,trimestral,,,1,n<3
50061632,2024-05-01,2024-07-31,trimestral,,,1,n<3
50061632,2024-06-01,2024-08-31,trimestral,,,0,n<3
50061632,2024-07-01,2024-09-30,trimestral,,,0,n<3
50061632,2024-08-01,2024-10-31,trimestral,,,0,n<3
50061632,2024-09-01,2024-11-30,trimestral,,,0,n<3
50061632,2024-10-01,2024-12-31,trimestral,,,1,n<3
50061632,2024-11-01,2025-01-31,trimestral,,,1,n<3
50061632,2024-12-01,2025-02-28,trimestral,,,1,n<3
50061632,2025-01-01,2025-03-31,trimestral,,,0,n<3
50061632,2025-02-01,2025-04-30,trimestral,,,1,n<3
50061632,2024-03-01,2024-08-31,semestral,,,2,n<3
50061632,2024-04-01,2024-09-30,semestral,,,1,n<3
50061632,2024-05-01,2024-10-31,semestral,,,1,n<3
50061632,2024-06-01,2024-11-30,semestral,,,0,n<3
50061632,2024-07-01,2024-12-31,semestral,,,1,n<3
50061632,2024-08-01,2025-01-31,semestral,,,1,n<3
50061632,2024-09-01,2025-02-28,semestral,,,1,n<3
50061632,2024-10-01,2025-03-31,semestral,,,1,n<3
50061632,2024-11-01,2025-04-30,semestral,,,2,n<3
50061633,2024-01-01,2024-01-31,mensual,,,4,qty constante
50061633,2024-02-01,2024-02-29,mensual,,,2,n<3
50061633,2024-03-01,2024-03-31,mensual,,,5,precio constante
50061633,2024-04-01,2024-04-30,mensual,,,2,n<3
50061633,2024-05-01,2024-05-31,mensual,,,6,precio constante
50061633,2024-06-01,2024-06-30,mensual,,,2,n<3
50061633,2024-07-01,2024-07-31,mensual,,,1,n<3
50061633,2024-08-01,2024-08-31,mensual,,,2,n<3
50061633,2024-09-01,2024-09-30,mensual,,,3,precio constante
50061633,2024-10-01,2024-10-31,mensual,,,5,precio constante
50061633,2024-11-01,2024-11-30,mensual,,,0,n<3
50061633,2024-12-01,2024-12-31,mensual,,,2,n<3
50061633,2025-01-01,2025-01-31,mensual,,,6,precio constante
50061633,2025-02-01,2025-02-28,mensual,,,5,precio constante
50061633,2025-03-01,2025-03-31,mensual,,,4,precio constante
50061633,2025-04-01,2025-04-30,mensual,,,3,precio constante
50061633,2025-05-01,2025-05-31,mensual,,,4,precio constante
50061633,2025-06-01,2025-06-30,mensual,,,2,n<3
50061633,2025-07-01,2025-07-31,mensual,,,4,precio constante
50061633,2025-08-01,2025-08-31,mensual,,,2,n<3
50061633,2025-09-01,2025-09-30,mensual,,,5,precio constante
50061633,2025-10-01,2025-10-31,mensual,,,4,precio constante
50061633,2025-11-01,2025-11-30,mensual,,,2,n<3
50061633,2025-12-01,2025-12-31,mensual,,,0,n<3
50061633,2026-01-01,2026-01-31,mensual,,,4,precio constante
50061633,2026-02-01,2026-02-28,mensual,,,1,n<3
50061633,2026-03-01,2026-03-31,mensual,,,0,n<3
50061633,2026-04-01,2026-04-30,mensual,,,1,n<3
50061633,2024-01-01,2024-03-31,trimestral,,,11,qty constante
50061633,2024-02-01,2024-04-30,trimestral,,,9,precio constante
50061633,2024-03-01,2024-05-31,trimestral,,,13,precio constante
50061633,2024-04-01,2024-06-30,trimestral,,,10,precio constante
50061633,2024-05-01,2024-07-31,trimestral,,,9,precio constante
50061633,2024-06-01,2024-08-31,trimestral,,,5,precio constante
50061633,2024-07-01,2024-09-30,trimestral,,,6,precio constante
50061633,2024-08-01,2024-10-31,trimestral,,,10,precio constante
50061633,2024-09-01,2024-11-30,trimestral,,,8,precio constante
50061633,2024-10-01,2024-12-31,trimestral,,,7,precio constante
50061633,2024-11-01,2025-01-31,trimestral,,,8,precio constante
50061633,2024-12-01,2025-02-28,trimestral,,,13,precio constante
50061633,2025-01-01,2025-03-31,trimestral,2.46381581391809,0.1964285714285714,15,valida
50061633,2025-02-01,2025-04-30,trimestral,1.4078947508103377,0.06493506493506485,12,valida
50061633,2025-03-01,2025-05-31,trimestral,,,11,precio constante
50061633,2025-04-01,2025-06-30,trimestral,19.35507230458065,0.08693087688472945,9,valida
50061633,2025-05-01,2025-07-31,trimestral,-7.188367487262306,0.03288497606402663,10,valida
50061633,2025-06-01,2025-08-31,trimestral,3.9214199368761204,0.02070064836505614,8,valida
50061633,2025-07-01,2025-09-30,trimestral,,,11,precio constante
50061633,2025-08-01,2025-10-31,trimestral,,,11,precio constante
50061633,2025-09-01,2025-11-30,trimestral,2.6564926761621135,0.03755642825706296,11,valida
50061633,2025-10-01,2025-12-31,trimestral,2.805665584422158,0.08576328420048274,6,valida
50061633,2025-11-01,2026-01-31,trimestral,2.8035614677288248,0.0856562204781055,6,valida
50061633,2025-12-01,2026-02-28,trimestral,,,5,precio constante
50061633,2026-01-01,2026-03-31,trimestral,,,5,precio constante
50061633,2026-02-01,2026-04-30,trimestral,,,2,n<3
50061633,2024-01-01,2024-06-30,semestral,0.14318692418746531,0.00044101230336135444,21,valida
50061633,2024-02-01,2024-07-31,semestral,,,18,precio constante
50061633,2024-03-01,2024-08-31,semestral,,,18,precio constante
50061633,2024-04-01,2024-09-30,semestral,,,16,precio constante
50061633,2024-05-01,2024-10-31,semestral,,,19,precio constante
50061633,2024-06-01,2024-11-30,semestral,,,13,precio constante
50061633,2024-07-01,2024-12-31,semestral,,,13,precio constante
50061633,2024-08-01,2025-01-31,semestral,,,18,precio constante
50061633,2024-09-01,2025-02-28,semestral,,,21,precio constante
50061633,2024-10-01,2025-03-31,semestral,2.46381581391804,0.21428571428571408,22,valida
50061633,2024-11-01,2025-04-30,semestral,1.4078947508103645,0.09774436090225547,20,valida
50061633,2024-12-01,2025-05-31,semestral,2.976699450101371,0.09164363985433488,24,valida
50061633,2025-01-01,2025-06-30,semestral,3.4991774104614364,0.1223039617788706,24,valida
50061633,2025-02-01,2025-07-31,semestral,1.8783105991903282,0.028820242636989235,22,valida
50061633,2025-03-01,2025-08-31,semestral,-3.6406416601692473,0.012308599566946965,19,valida
50061633,2025-04-01,2025-09-30,semestral,-0.34672907480782655,7.622592029488118e-05,20,valida
50061633,2025-05-01,2025-10-31,semestral,-3.562880233923888,0.005006570850456971,21,valida
50061633,2025-06-01,2025-11-30,semestral,3.411632335994146,0.05695877414659556,19,valida
50061633,2025-07-01,2025-12-31,semestral,3.4142332904381187,0.057538571650398995,17,valida
50061633,2025-08-01,2026-01-31,semestral,1.1214161127276785,0.01807700478737384,17,valida
50061633,2025-09-01,2026-02-28,semestral,0.31721947027916375,0.001564333853120603,16,valida
50061633,2025-10-01,2026-03-31,semestral,0.4673383303948564,0.004052579495083974,11,valida
50061633,2025-11-01,2026-04-30,semestral,2.0020797716564442,0.041428441869196586,8,valida
50061645,2024-01-01,2024-01-31,mensual,-2.134335145230278,0.06265443767964829,6,valida
50061645,2024-02-01,2024-02-29,mensual,-7.998373201733643,0.05490246045790481,7,valida
50061645,2024-03-01,2024-03-31,mensual,,,2,n<3
50061645,2024-04-01,2024-04-30,mensual,,,4,precio constante
50061645,2024-05-01,2024-05-31,mensual,,,4,precio constante
50061645,2024-06-01,2024-06-30,mensual,,,5,precio constante
50061645,2024-07-01,2024-07-31,mensual,,,2,n<3
50061645,2024-08-01,2024-08-31,mensual,,,2,n<3
50061645,2024-09-01,2024-09-30,mensual,,,2,n<3
50061645,2024-10-01,2024-10-31,mensual,,,6,precio constante
50061645,2024-11-01,2024-11-30,mensual,,,5,precio constante
50061645,2024-12-01,2024-12-31,mensual,,,3,precio constante
50061645,2025-01-01,2025-01-31,mensual,,,2,n<3
50061645,2025-02-01,2025-02-28,mensual,-3.255551085809649,0.04822331408038183,5,valida
50061645,2025-03-01,2025-03-31,mensual,,,3,precio constante
50061645,2025-04-01,2025-04-30,mensual,,,1,n<3
50061645,2025-05-01,2025-05-31,mensual,,,1,n<3
50061645,2025-06-01,2025-06-30,mensual,,,2,n<3
50061645,2025-07-01,2025-07-31,mensual,,,3,precio constante
50061645,2025-08-01,2025-08-31,mensual,3.8870189995146194,0.7272084423061579,6,valida
50061645,2025-09-01,2025-09-30,mensual,,,1,n<3
50061645,2025-10-01,2025-10-31,mensual,,,6,precio constante
50061645,2025-11-01,2025-11-30,mensual,,,1,n<3
50061645,2025-12-01,2025-12-31,mensual,,,2,n<3
50061645,2026-01-01,2026-01-31,mensual,,,4,precio constante
50061645,2026-02-01,2026-02-28,mensual,-69.9492432136815,0.47592181224522556,3,valida
50061645,2026-03-01,2026-03-31,mensual,,,3,precio constante
50061645,2026-04-01,2026-04-30,mensual,,,2,n<3
50061645,2024-01-01,2024-03-31,trimestral,-3.65912615698997,0.050200536502038484,15,valida
50061645,2024-02-01,2024-04-30,trimestral,-8.194124460980357,0.03760792010505798,13,valida
50061645,2024-03-01,2024-05-31,trimestral,,,10,precio constante
50061645,2024-04-01,2024-06-30,trimestral,,,13,precio constante
50061645,2024-05-01,2024-07-31,trimestral,,,11,precio constante
50061645,2024-06-01,2024-08-31,trimestral,,,9,precio constante
50061645,2024-07-01,2024-09-30,trimestral,,,6,precio constante
50061645,2024-08-01,2024-10-31,trimestral,,,10,precio constante
50061645,2024-09-01,2024-11-30,trimestral,,,13,precio constante
50061645,2024-10-01,2024-12-31,trimestral,,,14,precio constante
50061645,2024-11-01,2025-01-31,trimestral,,,10,precio constante
50061645,2024-12-01,2025-02-28,trimestral,-0.11071470034527328,4.8076277605724194e-05,10,valida
50061645,2025-01-01,2025-03-31,trimestral,4.262004653254248,0.10180656008488054,10,valida
50061645,2025-02-01,2025-04-30,trimestral,0.1616913687081614,0.00016134211363683093,9,valida
50061645,2025-03-01,2025-05-31,trimestral,,,5,precio constante
50061645,2025-04-01,2025-06-30,trimestral,,,4,precio constante
50061645,2025-05-01,2025-07-31,trimestral,,,6,precio constante
50061645,2025-06-01,2025-08-31,trimestral,3.8869235397908914,0.6206002480042838,11,valida
50061645,2025-07-01,2025-09-30,trimestral,3.643811876562264,0.5356038018578051,10,valida
50061645,2025-08-01,2025-10-31,trimestral,4.030499928324396,0.32056833595818135,13,valida
50061645,2025-09-01,2025-11-30,trimestral,,,8,precio constante
50061645,2025-10-01,2025-12-31,trimestral,,,9,precio constante
50061645,2025-11-01,2026-01-31,trimestral,,,7,precio constante
50061645,2025-12-01,2026-02-28,trimestral,37.054939888853426,0.02854258441009716,9,valida
50061645,2026-01-01,2026-03-31,trimestral,-51.36140768446653,0.11459176194115095,10,valida
50061645,2026-02-01,2026-04-30,trimestral,-145.16001521760026,0.6526861867133824,8,valida
50061645,2024-01-01,2024-06-30,semestral,-3.9911005381797016,0.03076882358939026,28,valida
50061645,2024-02-01,2024-07-31,semestral,-5.446896606889707,0.009404962106387527,24,valida
50061645,2024-03-01,2024-08-31,semestral,,,19,precio constante
50061645,2024-04-01,2024-09-30,semestral,,,19,precio constante
50061645,2024-05-01,2024-10-31,semestral,,,21,precio constante
50061645,2024-06-01,2024-11-30,semestral,,,22,precio constante
50061645,2024-07-01,2024-12-31,semestral,,,20,precio constante
50061645,2024-08-01,2025-01-31,semestral,,,20,precio constante
50061645,2024-09-01,2025-02-28,semestral,2.6638738096218946,0.014735638859302735,23,valida
50061645,2024-10-01,2025-03-31,semestral,5.75601151129666,0.1289980967520823,24,valida
50061645,2024-11-01,2025-04-30,semestral,3.446979547685212,0.06851412863146478,19,valida
50061645,2024-12-01,2025-05-31,semestral,1.3598721553866184,0.011620928226951044,15,valida
50061645,2025-01-01,2025-06-30,semestral,2.3769057363813038,0.03363224347167626,14,valida
50061645,2025-02-01,2025-07-31,semestral,-1.3859023447649006,0.009070246270370008,15,valida
50061645,2025-03-01,2025-08-31,semestral,3.938152312404736,0.40474668094515975,16,valida
50061645,2025-04-01,2025-09-30,semestral,3.401258470655357,0.3888736029965051,14,valida
50061645,2025-05-01,2025-10-31,semestral,3.7513638096036575,0.23750925633942488,19,valida
50061645,2025-06-01,2025-11-30,semestral,4.093974287318723,0.30267574486634585,19,valida
50061645,2025-07-01,2025-12-31,semestral,3.979518063857281,0.2783807327377532,19,valida
50061645,2025-08-01,2026-01-31,semestral,3.7134307347189948,0.2410767757817256,20,valida
50061645,2025-09-01,2026-02-28,semestral,33.23187300418931,0.012507242706391919,17,valida
50061645,2025-10-01,2026-03-31,semestral,-48.15533809254304,0.07579564969303343,19,valida
50061645,2025-11-01,2026-04-30,semestral,-43.17798909643502,0.10594832646394259,15,valida
50061737,2024-02-01,2024-02-29,mensual,,,2,n<3
50061737,2024-03-01,2024-03-31,mensual,,,1,n<3
50061737,2024-04-01,2024-04-30,mensual,,,0,n<3
50061737,2024-05-01,2024-05-31,mensual,,,0,n<3
50061737,2024-06-01,2024-06-30,mensual,,,0,n<3
50061737,2024-07-01,2024-07-31,mensual,,,0,n<3
50061737,2024-08-01,2024-08-31,mensual,,,2,n<3
50061737,2024-09-01,2024-09-30,mensual,,,0,n<3
50061737,2024-10-01,2024-10-31,mensual,,,0,n<3
50061737,2024-11-01,2024-11-30,mensual,,,0,n<3
50061737,2024-12-01,2024-12-31,mensual,,,0,n<3
50061737,2025-01-01,2025-01-31,mensual,,,1,n<3
50061737,2025-02-01,2025-02-28,mensual,,,2,n<3
50061737,2024-02-01,2024-04-30,trimestral,,,3,precio constante
50061737,2024-03-01,2024-05-31,trimestral,,,1,n<3
50061737,2024-04-01,2024-06-30,trimestral,,,0,n<3
50061737,2024-05-01,2024-07-31,trimestral,,,0,n<3
50061737,2024-06-01,2024-08-31,trimestral,,,2,n<3
50061737,2024-07-01,2024-09-30,trimestral,,,2,n<3
50061737,2024-08-01,2024-10-31,trimestral,,,2,n<3
50061737,2024-09-01,2024-11-30,trimestral,,,0,n<3
50061737,2024-10-01,2024-12-31,trimestral,,,0,n<3
50061737,2024-11-01,2025-01-31,trimestral,,,1,n<3
50061737,2024-12-01,2025-02-28,trimestral,,,3,precio constante
50061737,2024-02-01,2024-07-31,semestral,,,3,precio constante
50061737,2024-03-01,2024-08-31,semestral,,,3,precio constante
50061737,2024-04-01,2024-09-30,semestral,,,2,n<3
50061737,2024-05-01,2024-10-31,semestral,,,2,n<3
50061737,2024-06-01,2024-11-30,semestral,,,2,n<3
50061737,2024-07-01,2024-12-31,semestral,,,2,n<3
50061737,2024-08-01,2025-01-31,semestral,,,3,precio constante
50061737,2024-09-01,2025-02-28,semestral,,,3,precio constante
50061739,2024-03-01,2024-03-31,mensual,,,1,n<3
50061739,2024-04-01,2024-04-30,mensual,,,0,n<3
50061739,2024-05-01,2024-05-31,mensual,,,2,n<3
50061739,2024-06-01,2024-06-30,mensual,,,1,n<3
50061739,2024-07-01,2024-07-31,mensual,,,0,n<3
50061739,2024-08-01,2024-08-31,mensual,,,3,precio constante
50061739,2024-09-01,2024-09-30,mensual,,,1,n<3
50061739,2024-10-01,2024-10-31,mensual,,,1,n<3
50061739,2024-11-01,2024-11-30,mensual,,,2,n<3
50061739,2024-12-01,2024-12-31,mensual,,,1,n<3
50061739,2025-01-01,2025-01-31,mensual,,,0,n<3
50061739,2025-02-01,2025-02-28,mensual,,,0,n<3
50061739,2025-03-01,2025-03-31,mensual,,,0,n<3
50061739,2025-04-01,2025-04-30,mensual,,,0,n<3
50061739,2025-05-01,2025-05-31,mensual,,,0,n<3
50061739,2025-06-01,2025-06-30,mensual,,,0,n<3
50061739,2025-07-01,2025-07-31,mensual,,,2,n<3
50061739,2025-08-01,2025-08-31,mensual,,,0,n<3
50061739,2025-09-01,2025-09-30,mensual,,,0,n<3
50061739,2025-10-01,2025-10-31,mensual,,,1,n<3
50061739,2025-11-01,2025-11-30,mensual,,,0,n<3
50061739,2025-12-01,2025-12-31,mensual,,,0,n<3
50061739,2026-01-01,2026-01-31,mensual,,,0,n<3
50061739,2026-02-01,2026-02-28,mensual,,,0,n<3
50061739,2026-03-01,2026-03-31,mensual,,,2,n<3
50061739,2024-03-01,2024-05-31,trimestral,,,3,precio constante
50061739,2024-04-01,2024-06-30,trimestral,,,3,precio constante
50061739,2024-05-01,2024-07-31,trimestral,,,3,precio constante
50061739,2024-06-01,2024-08-31,trimestral,,,4,precio constante
50061739,2024-07-01,2024-09-30,trimestral,,,4,precio constante
50061739,2024-08-01,2024-10-31,trimestral,,,5,precio constante
50061739,2024-09-01,2024-11-30,trimestral,,,4,precio constante
50061739,2024-10-01,2024-12-31,trimestral,,,4,precio constante
50061739,2024-11-01,2025-01-31,trimestral,,,3,precio constante
50061739,2024-12-01,2025-02-28,trimestral,,,1,n<3
50061739,2025-01-01,2025-03-31,trimestral,,,0,n<3
50061739,2025-02-01,2025-04-30,trimestral,,,0,n<3
50061739,2025-03-01,2025-05-31,trimestral,,,0,n<3
50061739,2025-04-01,2025-06-30,trimestral,,,0,n<3
50061739,2025-05-01,2025-07-31,trimestral,,,2,n<3
50061739,2025-06-01,2025-08-31,trimestral,,,2,n<3
50061739,2025-07-01,2025-09-30,trimestral,,,2,n<3
50061739,2025-08-01,2025-10-31,trimestral,,,1,n<3
50061739,2025-09-01,2025-11-30,trimestral,,,1,n<3
50061739,2025-10-01,2025-12-31,trimestral,,,1,n<3
50061739,2025-11-01,2026-01-31,trimestral,,,0,n<3
50061739,2025-12-01,2026-02-28,trimestral,,,0,n<3
50061739,2026-01-01,2026-03-31,trimestral,,,2,n<3
50061739,2024-03-01,2024-08-31,semestral,,,7,precio constante
50061739,2024-04-01,2024-09-30,semestral,,,7,precio constante
50061739,2024-05-01,2024-10-31,semestral,,,8,precio constante
50061739,2024-06-01,2024-11-30,semestral,,,8,precio constante
50061739,2024-07-01,2024-12-31,semestral,,,8,precio constante
50061739,2024-08-01,2025-01-31,semestral,,,8,precio constante
50061739,2024-09-01,2025-02-28,semestral,,,5,precio constante
50061739,2024-10-01,2025-03-31,semestral,,,4,precio constante
50061739,2024-11-01,2025-04-30,semestral,,,3,precio constante
50061739,2024-12-01,2025-05-31,semestral,,,1,n<3
50061739,2025-01-01,2025-06-30,semestral,,,0,n<3
50061739,2025-02-01,2025-07-31,semestral,,,2,n<3
50061739,2025-03-01,2025-08-31,semestral,,,2,n<3
50061739,2025-04-01,2025-09-30,semestral,,,2,n<3
50061739,2025-05-01,2025-10-31,semestral,,,3,precio constante
50061739,2025-06-01,2025-11-30,semestral,,,3,precio constante
50061739,2025-07-01,2025-12-31,semestral,,,3,precio constante
50061739,2025-08-01,2026-01-31,semestral,,,1,n<3
50061739,2025-09-01,2026-02-28,semestral,,,1,n<3
50061739,2025-10-01,2026-03-31,semestral,,,3,precio constante
50061740,2024-01-01,2024-01-31,mensual,,,2,n<3
50061740,2024-02-01,2024-02-29,mensual,,,1,n<3
50061740,2024-03-01,2024-03-31,mensual,,,0,n<3
50061740,2024-04-01,2024-04-30,mensual,,,1,n<3
50061740,2024-05-01,2024-05-31,mensual,,,2,n<3
50061740,2024-06-01,2024-06-30,mensual,,,1,n<3
50061740,2024-07-01,2024-07-31,mensual,,,1,n<3
50061740,2024-08-01,2024-08-31,mensual,,,5,qty constante
50061740,2024-09-01,2024-09-30,mensual,,,1,n<3
50061740,2024-10-01,2024-10-31,mensual,,,0,n<3
50061740,2024-11-01,2024-11-30,mensual,,,0,n<3
50061740,2024-12-01,2024-12-31,mensual,,,1,n<3
50061740,2025-01-01,2025-01-31,mensual,,,2,n<3
50061740,2025-02-01,2025-02-28,mensual,,,3,qty constante
50061740,2025-03-01,2025-03-31,mensual,,,0,n<3
50061740,2025-04-01,2025-04-30,mensual,,,1,n<3
50061740,2025-05-01,2025-05-31,mensual,,,0,n<3
50061740,2025-06-01,2025-06-30,mensual,,,0,n<3
50061740,2025-07-01,2025-07-31,mensual,,,0,n<3
50061740,2025-08-01,2025-08-31,mensual,,,4,qty constante
50061740,2025-09-01,2025-09-30,mensual,,,2,n<3
50061740,2025-10-01,2025-10-31,mensual,,,1,n<3
50061740,2025-11-01,2025-11-30,mensual,,,0,n<3
50061740,2025-12-01,2025-12-31,mensual,,,0,n<3
50061740,2026-01-01,2026-01-31,mensual,,,2,n<3
50061740,2026-02-01,2026-02-28,mensual,-8.078650815018694,0.06274072693754351,5,valida
50061740,2024-01-01,2024-03-31,trimestral,,,3,precio constante
50061740,2024-02-01,2024-04-30,trimestral,,,2,n<3
50061740,2024-03-01,2024-05-31,trimestral,,,3,precio constante
50061740,2024-04-01,2024-06-30,trimestral,,,4,precio constante
50061740,2024-05-01,2024-07-31,trimestral,,,4,precio constante
50061740,2024-06-01,2024-08-31,trimestral,0.29696569155936153,0.006500664625655239,7,valida
50061740,2024-07-01,2024-09-30,trimestral,,,7,qty constante
50061740,2024-08-01,2024-10-31,trimestral,,,6,qty constante
50061740,2024-09-01,2024-11-30,trimestral,,,1,n<3
50061740,2024-10-01,2024-12-31,trimestral,,,1,n<3
50061740,2024-11-01,2025-01-31,trimestral,,,3,precio constante
50061740,2024-12-01,2025-02-28,trimestral,,,6,qty constante
50061740,2025-01-01,2025-03-31,trimestral,,,5,qty constante
50061740,2025-02-01,2025-04-30,trimestral,,,4,qty constante
50061740,2025-03-01,2025-05-31,trimestral,,,1,n<3
50061740,2025-04-01,2025-06-30,trimestral,,,1,n<3
50061740,2025-05-01,2025-07-31,trimestral,,,0,n<3
50061740,2025-06-01,2025-08-31,trimestral,,,4,qty constante
50061740,2025-07-01,2025-09-30,trimestral,,,6,qty constante
50061740,2025-08-01,2025-10-31,trimestral,,,7,qty constante
50061740,2025-09-01,2025-11-30,trimestral,,,3,precio constante
50061740,2025-10-01,2025-12-31,trimestral,,,1,n<3
50061740,2025-11-01,2026-01-31,trimestral,,,2,n<3
50061740,2025-12-01,2026-02-28,trimestral,-5.391744381357629,0.027944305832859784,7,valida
50061740,2024-01-01,2024-06-30,semestral,,,7,precio constante
50061740,2024-02-01,2024-07-31,semestral,,,6,precio constante
50061740,2024-03-01,2024-08-31,semestral,0.20547171916610002,0.002998556790274165,10,valida
50061740,2024-04-01,2024-09-30,semestral,0.1863353234741491,0.0024473603791560494,11,valida
50061740,2024-05-01,2024-10-31,semestral,0.20547171916610002,0.002998556790274165,10,valida
50061740,2024-06-01,2024-11-30,semestral,0.2585842529848178,0.004851843314587878,8,valida
50061740,2024-07-01,2024-12-31,semestral,,,8,qty constante
50061740,2024-08-01,2025-01-31,semestral,,,9,qty constante
50061740,2024-09-01,2025-02-28,semestral,,,7,qty constante
50061740,2024-10-01,2025-03-31,semestral,,,6,qty constante
50061740,2024-11-01,2025-04-30,semestral,,,7,qty constante
50061740,2024-12-01,2025-05-31,semestral,,,7,qty constante
50061740,2025-01-01,2025-06-30,semestral,,,6,qty constante
50061740,2025-02-01,2025-07-31,semestral,,,4,qty constante
50061740,2025-03-01,2025-08-31,semestral,,,5,qty constante
50061740,2025-04-01,2025-09-30,semestral,,,7,qty constante
50061740,2025-05-01,2025-10-31,semestral,,,7,qty constante
50061740,2025-06-01,2025-11-30,semestral,,,7,qty constante
50061740,2025-07-01,2025-12-31,semestral,,,7,qty constante
50061740,2025-08-01,2026-01-31,semestral,,,9,qty constante
50061740,2025-09-01,2026-02-28,semestral,-3.6002181210113746,0.012458553029915498,10,valida
50061741,2024-02-01,2024-02-29,mensual,,,1,n<3
50061741,2024-03-01,2024-03-31,mensual,,,0,n<3
50061741,2024-04-01,2024-04-30,mensual,,,0,n<3
50061741,2024-05-01,2024-05-31,mensual,,,1,n<3
50061741,2024-06-01,2024-06-30,mensual,,,1,n<3
50061741,2024-07-01,2024-07-31,mensual,,,1,n<3
50061741,2024-08-01,2024-08-31,mensual,,,2,n<3
50061741,2024-09-01,2024-09-30,mensual,,,1,n<3
50061741,2024-10-01,2024-10-31,mensual,,,0,n<3
50061741,2024-11-01,2024-11-30,mensual,,,0,n<3
50061741,2024-12-01,2024-12-31,mensual,,,0,n<3
50061741,2025-01-01,2025-01-31,mensual,,,0,n<3
50061741,2025-02-01,2025-02-28,mensual,,,0,n<3
50061741,2025-03-01,2025-03-31,mensual,,,0,n<3
50061741,2025-04-01,2025-04-30,mensual,,,0,n<3
50061741,2025-05-01,2025-05-31,mensual,,,0,n<3
50061741,2025-06-01,2025-06-30,mensual,,,0,n<3
50061741,2025-07-01,2025-07-31,mensual,,,0,n<3
50061741,2025-08-01,2025-08-31,mensual,,,3,precio constante
50061741,2025-09-01,2025-09-30,mensual,,,1,n<3
50061741,2025-10-01,2025-10-31,mensual,,,1,n<3
50061741,2024-02-01,2024-04-30,trimestral,,,1,n<3
50061741,2024-03-01,2024-05-31,trimestral,,,1,n<3
50061741,2024-04-01,2024-06-30,trimestral,,,2,n<3
50061741,2024-05-01,2024-07-31,trimestral,,,3,qty constante
50061741,2024-06-01,2024-08-31,trimestral,,,4,qty constante
50061741,2024-07-01,2024-09-30,trimestral,,,4,qty constante
50061741,2024-08-01,2024-10-31,trimestral,,,3,precio constante
50061741,2024-09-01,2024-11-30,trimestral,,,1,n<3
50061741,2024-10-01,2024-12-31,trimestral,,,0,n<3
50061741,2024-11-01,2025-01-31,trimestral,,,0,n<3
50061741,2024-12-01,2025-02-28,trimestral,,,0,n<3
50061741,2025-01-01,2025-03-31,trimestral,,,0,n<3
50061741,2025-02-01,2025-04-30,trimestral,,,0,n<3
50061741,2025-03-01,2025-05-31,trimestral,,,0,n<3
50061741,2025-04-01,2025-06-30,trimestral,,,0,n<3
50061741,2025-05-01,2025-07-31,trimestral,,,0,n<3
50061741,2025-06-01,2025-08-31,trimestral,,,3,precio constante
50061741,2025-07-01,2025-09-30,trimestral,,,4,precio constante
50061741,2025-08-01,2025-10-31,trimestral,,,5,precio constante
50061741,2024-02-01,2024-07-31,semestral,,,4,qty constante
50061741,2024-03-01,2024-08-31,semestral,,,5,qty constante
50061741,2024-04-01,2024-09-30,semestral,,,6,qty constante
50061741,2024-05-01,2024-10-31,semestral,,,6,qty constante
50061741,2024-06-01,2024-11-30,semestral,,,5,qty constante
50061741,2024-07-01,2024-12-31,semestral,,,4,qty constante
50061741,2024-08-01,2025-01-31,semestral,,,3,precio constante
50061741,2024-09-01,2025-02-28,semestral,,,1,n<3
50061741,2024-10-01,2025-03-31,semestral,,,0,n<3
50061741,2024-11-01,2025-04-30,semestral,,,0,n<3
50061741,2024-12-01,2025-05-31,semestral,,,0,n<3
50061741,2025-01-01,2025-06-30,semestral,,,0,n<3
50061741,2025-02-01,2025-07-31,semestral,,,0,n<3
50061741,2025-03-01,2025-08-31,semestral,,,3,precio constante
50061741,2025-04-01,2025-09-30,semestral,,,4,precio constante
50061741,2025-05-01,2025-10-31,semestral,,,5,precio constante
50061742,2024-01-01,2024-01-31,mensual,,,1,n<3
50061742,2024-02-01,2024-02-29,mensual,,,0,n<3
50061742,2024-03-01,2024-03-31,mensual,,,0,n<3
50061742,2024-04-01,2024-04-30,mensual,,,0,n<3
50061742,2024-05-01,2024-05-31,mensual,,,0,n<3
50061742,2024-06-01,2024-06-30,mensual,,,1,n<3
50061742,2024-07-01,2024-07-31,mensual,,,1,n<3
50061742,2024-08-01,2024-08-31,mensual,,,3,qty constante
50061742,2024-09-01,2024-09-30,mensual,,,1,n<3
50061742,2024-10-01,2024-10-31,mensual,,,1,n<3
50061742,2024-11-01,2024-11-30,mensual,,,1,n<3
50061742,2024-12-01,2024-12-31,mensual,,,2,n<3
50061742,2025-01-01,2025-01-31,mensual,,,0,n<3
50061742,2025-02-01,2025-02-28,mensual,,,1,n<3
50061742,2025-03-01,2025-03-31,mensual,,,1,n<3
50061742,2025-04-01,2025-04-30,mensual,,,1,n<3
50061742,2025-05-01,2025-05-31,mensual,,,1,n<3
50061742,2025-06-01,2025-06-30,mensual,,,0,n<3
50061742,2025-07-01,2025-07-31,mensual,,,0,n<3
50061742,2025-08-01,2025-08-31,mensual,,,2,n<3
50061742,2025-09-01,2025-09-30,mensual,,,3,precio constante
50061742,2025-10-01,2025-10-31,mensual,,,0,n<3
50061742,2025-11-01,2025-11-30,mensual,,,0,n<3
50061742,2025-12-01,2025-12-31,mensual,,,0,n<3
50061742,2026-01-01,2026-01-31,mensual,,,1,n<3
50061742,2026-02-01,2026-02-28,mensual,,,1,n<3
50061742,2026-03-01,2026-03-31,mensual,,,2,n<3
50061742,2024-01-01,2024-03-31,trimestral,,,1,n<3
50061742,2024-02-01,2024-04-30,trimestral,,,0,n<3
50061742,2024-03-01,2024-05-31,trimestral,,,0,n<3
50061742,2024-04-01,2024-06-30,trimestral,,,1,n<3
50061742,2024-05-01,2024-07-31,trimestral,,,2,n<3
50061742,2024-06-01,2024-08-31,trimestral,,,5,qty constante
50061742,2024-07-01,2024-09-30,trimestral,,,5,qty constante
50061742,2024-08-01,2024-10-31,trimestral,,,5,qty constante
50061742,2024-09-01,2024-11-30,trimestral,-4.845861545554431,0.2500000000000001,3,valida
50061742,2024-10-01,2024-12-31,trimestral,,,4,precio constante
50061742,2024-11-01,2025-01-31,trimestral,,,3,precio constante
50061742,2024-12-01,2025-02-28,trimestral,,,3,qty constante
50061742,2025-01-01,2025-03-31,trimestral,,,2,n<3
50061742,2025-02-01,2025-04-30,trimestral,,,3,precio constante
50061742,2025-03-01,2025-05-31,trimestral,,,3,precio constante
50061742,2025-04-01,2025-06-30,trimestral,,,2,n<3
50061742,2025-05-01,2025-07-31,trimestral,,,1,n<3
50061742,2025-06-01,2025-08-31,trimestral,,,2,n<3
50061742,2025-07-01,2025-09-30,trimestral,,,5,qty constante
50061742,2025-08-01,2025-10-31,trimestral,,,5,qty constante
50061742,2025-09-01,2025-11-30,trimestral,,,3,precio constante
50061742,2025-10-01,2025-12-31,trimestral,,,0,n<3
50061742,2025-11-01,2026-01-31,trimestral,,,1,n<3
50061742,2025-12-01,2026-02-28,trimestral,,,2,n<3
50061742,2026-01-01,2026-03-31,trimestral,,,4,precio constante
50061742,2024-01-01,2024-06-30,semestral,,,2,n<3
50061742,2024-02-01,2024-07-31,semestral,,,2,n<3
50061742,2024-03-01,2024-08-31,semestral,,,5,qty constante
50061742,2024-04-01,2024-09-30,semestral,,,6,qty constante
50061742,2024-05-01,2024-10-31,semestral,,,7,qty constante
50061742,2024-06-01,2024-11-30,semestral,0.14050737263625748,0.006183776921742767,8,valida
50061742,2024-07-01,2024-12-31,semestral,0.17814978883820765,0.009158083634447034,9,valida
50061742,2024-08-01,2025-01-31,semestral,0.2022709265047211,0.011883509129049119,8,valida
50061742,2024-09-01,2025-02-28,semestral,-2.7021809194850217,0.09648141808701416,6,valida
50061742,2024-10-01,2025-03-31,semestral,-3.318102673632632,0.1000000000000002,6,valida
50061742,2024-11-01,2025-04-30,semestral,-4.424136898176919,0.20000000000000007,6,valida
50061742,2024-12-01,2025-05-31,semestral,3.3181026736327954,0.09999999999999998,6,valida
50061742,2025-01-01,2025-06-30,semestral,,,4,precio constante
50061742,2025-02-01,2025-07-31,semestral,,,4,precio constante
50061742,2025-03-01,2025-08-31,semestral,0.5891724827389409,0.026791026101619764,5,valida
50061742,2025-04-01,2025-09-30,semestral,-0.04850995341728646,0.0002277475420278119,7,valida
50061742,2025-05-01,2025-10-31,semestral,-0.05660783794944807,0.00031891919190085716,6,valida
50061742,2025-06-01,2025-11-30,semestral,,,5,qty constante
50061742,2025-07-01,2025-12-31,semestral,,,5,qty constante
50061742,2025-08-01,2026-01-31,semestral,,,6,qty constante
50061742,2025-09-01,2026-02-28,semestral,,,5,precio constante
50061742,2025-10-01,2026-03-31,semestral,,,4,precio constante
50061743,2024-01-01,2024-01-31,mensual,,,2,n<3
50061743,2024-02-01,2024-02-29,mensual,,,0,n<3
50061743,2024-03-01,2024-03-31,mensual,,,0,n<3
50061743,2024-04-01,2024-04-30,mensual,,,0,n<3
50061743,2024-05-01,2024-05-31,mensual,,,0,n<3
50061743,2024-06-01,2024-06-30,mensual,,,1,n<3
50061743,2024-07-01,2024-07-31,mensual,,,2,n<3
50061743,2024-08-01,2024-08-31,mensual,,,4,qty constante
50061743,2024-09-01,2024-09-30,mensual,,,4,qty constante
50061743,2024-10-01,2024-10-31,mensual,,,0,n<3
50061743,2024-11-01,2024-11-30,mensual,,,0,n<3
50061743,2024-12-01,2024-12-31,mensual,,,0,n<3
50061743,2025-01-01,2025-01-31,mensual,,,2,n<3
50061743,2025-02-01,2025-02-28,mensual,,,3,qty constante
50061743,2025-03-01,2025-03-31,mensual,,,2,n<3
50061743,2025-04-01,2025-04-30,mensual,,,0,n<3
50061743,2025-05-01,2025-05-31,mensual,,,0,n<3
50061743,2025-06-01,2025-06-30,mensual,,,1,n<3
50061743,2025-07-01,2025-07-31,mensual,,,0,n<3
50061743,2025-08-01,2025-08-31,mensual,,,4,qty constante
50061743,2025-09-01,2025-09-30,mensual,,,1,n<3
50061743,2025-10-01,2025-10-31,mensual,,,3,precio constante
50061743,2025-11-01,2025-11-30,mensual,,,0,n<3
50061743,2025-12-01,2025-12-31,mensual,,,0,n<3
50061743,2026-01-01,2026-01-31,mensual,,,1,n<3
50061743,2026-02-01,2026-02-28,mensual,,,2,n<3
50061743,2026-03-01,2026-03-31,mensual,,,1,n<3
50061743,2026-04-01,2026-04-30,mensual,,,1,n<3
50061743,2024-01-01,2024-03-31,trimestral,,,2,n<3
50061743,2024-02-01,2024-04-30,trimestral,,,0,n<3
50061743,2024-03-01,2024-05-31,trimestral,,,0,n<3
50061743,2024-04-01,2024-06-30,trimestral,,,1,n<3
50061743,2024-05-01,2024-07-31,trimestral,,,3,qty constante
50061743,2024-06-01,2024-08-31,trimestral,,,7,qty constante
50061743,2024-07-01,2024-09-30,trimestral,,,10,qty constante
50061743,2024-08-01,2024-10-31,trimestral,,,8,qty constante
50061743,2024-09-01,2024-11-30,trimestral,,,4,qty constante
50061743,2024-10-01,2024-12-31,trimestral,,,0,n<3
50061743,2024-11-01,2025-01-31,trimestral,,,2,n<3
50061743,2024-12-01,2025-02-28,trimestral,,,5,qty constante
50061743,2025-01-01,2025-03-31,trimestral,2.0685834022957756,0.3687479929061225,7,valida
50061743,2025-02-01,2025-04-30,trimestral,2.177282535587077,0.32687629948424757,5,valida
50061743,2025-03-01,2025-05-31,trimestral,,,2,n<3
50061743,2025-04-01,2025-06-30,trimestral,,,1,n<3
50061743,2025-05-01,2025-07-31,trimestral,,,1,n<3
50061743,2025-06-01,2025-08-31,trimestral,,,5,qty constante
50061743,2025-07-01,2025-09-30,trimestral,,,5,qty constante
50061743,2025-08-01,2025-10-31,trimestral,,,8,qty constante
50061743,2025-09-01,2025-11-30,trimestral,,,4,precio constante
50061743,2025-10-01,2025-12-31,trimestral,,,3,precio constante
50061743,2025-11-01,2026-01-31,trimestral,,,1,n<3
50061743,2025-12-01,2026-02-28,trimestral,,,3,precio constante
50061743,2026-01-01,2026-03-31,trimestral,,,4,precio constante
50061743,2026-02-01,2026-04-30,trimestral,,,4,qty constante
50061743,2024-01-01,2024-06-30,semestral,,,3,qty constante
50061743,2024-02-01,2024-07-31,semestral,,,3,qty constante
50061743,2024-03-01,2024-08-31,semestral,,,7,qty constante
50061743,2024-04-01,2024-09-30,semestral,,,11,qty constante
50061743,2024-05-01,2024-10-31,semestral,,,11,qty constante
50061743,2024-06-01,2024-11-30,semestral,,,11,qty constante
50061743,2024-07-01,2024-12-31,semestral,,,10,qty constante
50061743,2024-08-01,2025-01-31,semestral,,,10,qty constante
50061743,2024-09-01,2025-02-28,semestral,,,9,qty constante
50061743,2024-10-01,2025-03-31,semestral,2.0685834022957756,0.3687479929061225,7,valida
50061743,2024-11-01,2025-04-30,semestral,2.0685834022957756,0.3687479929061225,7,valida
50061743,2024-12-01,2025-05-31,semestral,2.0685834022957756,0.3687479929061225,7,valida
50061743,2025-01-01,2025-06-30,semestral,1.4178801362038314,0.21664534309933758,8,valida
50061743,2025-02-01,2025-07-31,semestral,1.4897577741044719,0.17892634524654438,6,valida
50061743,2025-03-01,2025-08-31,semestral,0.08795001380278307,0.0022289794974650334,7,valida
50061743,2025-04-01,2025-09-30,semestral,,,6,qty constante
50061743,2025-05-01,2025-10-31,semestral,,,9,qty constante
50061743,2025-06-01,2025-11-30,semestral,,,9,qty constante
50061743,2025-07-01,2025-12-31,semestral,,,8,qty constante
50061743,2025-08-01,2026-01-31,semestral,,,9,qty constante
50061743,2025-09-01,2026-02-28,semestral,,,7,precio constante
50061743,2025-10-01,2026-03-31,semestral,,,7,precio constante
50061743,2025-11-01,2026-04-30,semestral,,,5,qty constante
50061744,2024-01-01,2024-01-31,mensual,,,2,n<3
50061744,2024-02-01,2024-02-29,mensual,,,1,n<3
50061744,2024-03-01,2024-03-31,mensual,,,1,n<3
50061744,2024-04-01,2024-04-30,mensual,,,2,n<3
50061744,2024-05-01,2024-05-31,mensual,,,0,n<3
50061744,2024-06-01,2024-06-30,mensual,,,0,n<3
50061744,2024-07-01,2024-07-31,mensual,,,1,n<3
50061744,2024-08-01,2024-08-31,mensual,,,2,n<3
50061744,2024-09-01,2024-09-30,mensual,,,2,n<3
50061744,2024-10-01,2024-10-31,mensual,,,0,n<3
50061744,2024-11-01,2024-11-30,mensual,,,0,n<3
50061744,2024-12-01,2024-12-31,mensual,,,0,n<3
50061744,2025-01-01,2025-01-31,mensual,,,0,n<3
50061744,2025-02-01,2025-02-28,mensual,,,3,qty constante
50061744,2025-03-01,2025-03-31,mensual,,,0,n<3
50061744,2025-04-01,2025-04-30,mensual,,,2,n<3
50061744,2025-05-01,2025-05-31,mensual,,,1,n<3
50061744,2025-06-01,2025-06-30,mensual,,,0,n<3
50061744,2025-07-01,2025-07-31,mensual,,,0,n<3
50061744,2025-08-01,2025-08-31,mensual,,,2,n<3
50061744,2025-09-01,2025-09-30,mensual,,,3,precio constante
50061744,2025-10-01,2025-10-31,mensual,,,2,n<3
50061744,2025-11-01,2025-11-30,mensual,,,0,n<3
50061744,2025-12-01,2025-12-31,mensual,,,1,n<3
50061744,2026-01-01,2026-01-31,mensual,,,1,n<3
50061744,2026-02-01,2026-02-28,mensual,,,1,n<3
50061744,2026-03-01,2026-03-31,mensual,,,0,n<3
50061744,2026-04-01,2026-04-30,mensual,,,1,n<3
50061744,2024-01-01,2024-03-31,trimestral,,,4,precio constante
50061744,2024-02-01,2024-04-30,trimestral,,,4,precio constante
50061744,2024-03-01,2024-05-31,trimestral,,,3,precio constante
50061744,2024-04-01,2024-06-30,trimestral,,,2,n<3
50061744,2024-05-01,2024-07-31,trimestral,,,1,n<3
50061744,2024-06-01,2024-08-31,trimestral,,,3,precio constante
50061744,2024-07-01,2024-09-30,trimestral,,,5,precio constante
50061744,2024-08-01,2024-10-31,trimestral,,,4,precio constante
50061744,2024-09-01,2024-11-30,trimestral,,,2,n<3
50061744,2024-10-01,2024-12-31,trimestral,,,0,n<3
50061744,2024-11-01,2025-01-31,trimestral,,,0,n<3
50061744,2024-12-01,2025-02-28,trimestral,,,3,qty constante
50061744,2025-01-01,2025-03-31,trimestral,,,3,qty constante
50061744,2025-02-01,2025-04-30,trimestral,,,5,qty constante
50061744,2025-03-01,2025-05-31,trimestral,,,3,precio constante
50061744,2025-04-01,2025-06-30,trimestral,,,3,precio constante
50061744,2025-05-01,2025-07-31,trimestral,,,1,n<3
50061744,2025-06-01,2025-08-31,trimestral,,,2,n<3
50061744,2025-07-01,2025-09-30,trimestral,,,5,precio constante
50061744,2025-08-01,2025-10-31,trimestral,2.684303902948069,0.11387208038830932,7,valida
50061744,2025-09-01,2025-11-30,trimestral,3.43886405632614,0.1665754729982618,5,valida
50061744,2025-10-01,2025-12-31,trimestral,,,3,qty constante
50061744,2025-11-01,2026-01-31,trimestral,,,2,n<3
50061744,2025-12-01,2026-02-28,trimestral,-4.859261282219372,0.25064145241726576,3,valida
50061744,2026-01-01,2026-03-31,trimestral,,,2,n<3
50061744,2026-02-01,2026-04-30,trimestral,,,2,n<3
50061744,2024-01-01,2024-06-30,semestral,,,6,precio constante
50061744,2024-02-01,2024-07-31,semestral,,,5,precio constante
50061744,2024-03-01,2024-08-31,semestral,,,6,precio constante
50061744,2024-04-01,2024-09-30,semestral,,,7,precio constante
50061744,2024-05-01,2024-10-31,semestral,,,5,precio constante
50061744,2024-06-01,2024-11-30,semestral,,,5,precio constante
50061744,2024-07-01,2024-12-31,semestral,,,5,precio constante
50061744,2024-08-01,2025-01-31,semestral,,,4,precio constante
50061744,2024-09-01,2025-02-28,semestral,,,5,qty constante
50061744,2024-10-01,2025-03-31,semestral,,,3,qty constante
50061744,2024-11-01,2025-04-30,semestral,,,5,qty constante
50061744,2024-12-01,2025-05-31,semestral,,,6,qty constante
50061744,2025-01-01,2025-06-30,semestral,,,6,qty constante
50061744,2025-02-01,2025-07-31,semestral,,,6,qty constante
50061744,2025-03-01,2025-08-31,semestral,3.4389519036579372,0.3746212212967728,5,valida
50061744,2025-04-01,2025-09-30,semestral,5.943935679224124,0.14424704808300637,8,valida
50061744,2025-05-01,2025-10-31,semestral,2.8313998567237806,0.12439689611322002,8,valida
50061744,2025-06-01,2025-11-30,semestral,2.684303902948069,0.11387208038830932,7,valida
50061744,2025-07-01,2025-12-31,semestral,1.610717023503979,0.04848823164045579,8,valida
50061744,2025-08-01,2026-01-31,semestral,1.4001900626808106,0.03648716479087066,9,valida
50061744,2025-09-01,2026-02-28,semestral,1.6107170235039847,0.04848823164045557,8,valida
50061744,2025-10-01,2026-03-31,semestral,0.6783904734514214,0.09167085722615109,5,valida
50061744,2025-11-01,2026-04-30,semestral,-3.2431972583958872,0.11161829873466644,4,valida
50061842,2024-01-01,2024-01-31,mensual,,,2,n<3
50061842,2024-02-01,2024-02-29,mensual,,,0,n<3
50061842,2024-03-01,2024-03-31,mensual,,,1,n<3
50061842,2024-04-01,2024-04-30,mensual,,,1,n<3
50061842,2024-05-01,2024-05-31,mensual,,,0,n<3
50061842,2024-06-01,2024-06-30,mensual,,,1,n<3
50061842,2024-07-01,2024-07-31,mensual,,,0,n<3
50061842,2024-08-01,2024-08-31,mensual,,,2,n<3
50061842,2024-09-01,2024-09-30,mensual,,,1,n<3
50061842,2024-10-01,2024-10-31,mensual,,,0,n<3
50061842,2024-11-01,2024-11-30,mensual,,,0,n<3
50061842,2024-12-01,2024-12-31,mensual,,,0,n<3
50061842,2025-01-01,2025-01-31,mensual,,,0,n<3
50061842,2025-02-01,2025-02-28,mensual,,,0,n<3
50061842,2025-03-01,2025-03-31,mensual,,,1,n<3
50061842,2025-04-01,2025-04-30,mensual,,,1,n<3
50061842,2025-05-01,2025-05-31,mensual,,,0,n<3
50061842,2025-06-01,2025-06-30,mensual,,,2,n<3
50061842,2025-07-01,2025-07-31,mensual,,,1,n<3
50061842,2025-08-01,2025-08-31,mensual,,,0,n<3
50061842,2025-09-01,2025-09-30,mensual,,,2,n<3
50061842,2025-10-01,2025-10-31,mensual,,,0,n<3
50061842,2025-11-01,2025-11-30,mensual,,,0,n<3
50061842,2025-12-01,2025-12-31,mensual,,,0,n<3
50061842,2026-01-01,2026-01-31,mensual,,,1,n<3
50061842,2026-02-01,2026-02-28,mensual,,,0,n<3
50061842,2026-03-01,2026-03-31,mensual,,,1,n<3
50061842,2024-01-01,2024-03-31,trimestral,,,3,qty constante
50061842,2024-02-01,2024-04-30,trimestral,,,2,n<3
50061842,2024-03-01,2024-05-31,trimestral,,,2,n<3
50061842,2024-04-01,2024-06-30,trimestral,,,2,n<3
50061842,2024-05-01,2024-07-31,trimestral,,,1,n<3
50061842,2024-06-01,2024-08-31,trimestral,-8.888805334766417,1.0,3,valida
50061842,2024-07-01,2024-09-30,trimestral,0.6052053551909949,0.029330061047445954,3,valida
50061842,2024-08-01,2024-10-31,trimestral,0.6052053551909949,0.029330061047445954,3,valida
50061842,2024-09-01,2024-11-30,trimestral,,,1,n<3
50061842,2024-10-01,2024-12-31,trimestral,,,0,n<3
50061842,2024-11-01,2025-01-31,trimestral,,,0,n<3
50061842,2024-12-01,2025-02-28,trimestral,,,0,n<3
50061842,2025-01-01,2025-03-31,trimestral,,,1,n<3
50061842,2025-02-01,2025-04-30,trimestral,,,2,n<3
50061842,2025-03-01,2025-05-31,trimestral,,,2,n<3
50061842,2025-04-01,2025-06-30,trimestral,7.149866647935927,0.25,3,valida
50061842,2025-05-01,2025-07-31,trimestral,7.131867338446066,0.24905655680297067,3,valida
50061842,2025-06-01,2025-08-31,trimestral,7.131867338446066,0.24905655680297067,3,valida
50061842,2025-07-01,2025-09-30,trimestral,,,3,qty constante
50061842,2025-08-01,2025-10-31,trimestral,,,2,n<3
50061842,2025-09-01,2025-11-30,trimestral,,,2,n<3
50061842,2025-10-01,2025-12-31,trimestral,,,0,n<3
50061842,2025-11-01,2026-01-31,trimestral,,,1,n<3
50061842,2025-12-01,2026-02-28,trimestral,,,1,n<3
50061842,2026-01-01,2026-03-31,trimestral,,,2,n<3
50061842,2024-01-01,2024-06-30,semestral,,,5,qty constante
50061842,2024-02-01,2024-07-31,semestral,,,3,precio constante
50061842,2024-03-01,2024-08-31,semestral,-8.888805334766534,1.0,5,valida
50061842,2024-04-01,2024-09-30,semestral,-0.3261073578951286,0.010441642505077176,5,valida
50061842,2024-05-01,2024-10-31,semestral,-0.056339978618973066,0.0002924998460994699,4,valida
50061842,2024-06-01,2024-11-30,semestral,-0.056339978618973066,0.0002924998460994699,4,valida
50061842,2024-07-01,2024-12-31,semestral,0.6052053551909949,0.029330061047445954,3,valida
50061842,2024-08-01,2025-01-31,semestral,0.6052053551909949,0.029330061047445954,3,valida
50061842,2024-09-01,2025-02-28,semestral,,,1,n<3
50061842,2024-10-01,2025-03-31,semestral,,,1,n<3
50061842,2024-11-01,2025-04-30,semestral,,,2,n<3
50061842,2024-12-01,2025-05-31,semestral,,,2,n<3
50061842,2025-01-01,2025-06-30,semestral,9.533155530581812,0.33333333333333337,4,valida
50061842,2025-02-01,2025-07-31,semestral,2.3742923698235345,0.027603212683264933,5,valida
50061842,2025-03-01,2025-08-31,semestral,2.3742923698235345,0.027603212683264933,5,valida
50061842,2025-04-01,2025-09-30,semestral,-2.8604056312986375,0.12384109336375937,6,valida
50061842,2025-05-01,2025-10-31,semestral,-0.4357360458323914,0.00362935620908722,5,valida
50061842,2025-06-01,2025-11-30,semestral,-0.4357360458323914,0.00362935620908722,5,valida
50061842,2025-07-01,2025-12-31,semestral,,,3,qty constante
50061842,2025-08-01,2026-01-31,semestral,,,3,qty constante
50061842,2025-09-01,2026-02-28,semestral,,,3,qty constante
50061842,2025-10-01,2026-03-31,semestral,,,2,n<3
50061981,2024-01-01,2024-01-31,mensual,,,1,n<3
50061981,2024-02-01,2024-02-29,mensual,,,3,precio constante
50061981,2024-03-01,2024-03-31,mensual,,,3,precio constante
50061981,2024-04-01,2024-04-30,mensual,,,2,n<3
50061981,2024-05-01,2024-05-31,mensual,,,1,n<3
50061981,2024-06-01,2024-06-30,mensual,,,1,n<3
50061981,2024-07-01,2024-07-31,mensual,,,2,n<3
50061981,2024-08-01,2024-08-31,mensual,,,5,qty constante
50061981,2024-09-01,2024-09-30,mensual,,,5,precio constante
50061981,2024-10-01,2024-10-31,mensual,,,1,n<3
50061981,2024-11-01,2024-11-30,mensual,,,0,n<3
50061981,2024-12-01,2024-12-31,mensual,,,3,qty constante
50061981,2025-01-01,2025-01-31,mensual,,,4,precio constante
50061981,2025-02-01,2025-02-28,mensual,,,3,precio constante
50061981,2025-03-01,2025-03-31,mensual,,,1,n<3
50061981,2025-04-01,2025-04-30,mensual,,,2,n<3
50061981,2025-05-01,2025-05-31,mensual,,,0,n<3
50061981,2025-06-01,2025-06-30,mensual,,,1,n<3
50061981,2025-07-01,2025-07-31,mensual,,,0,n<3
50061981,2025-08-01,2025-08-31,mensual,,,2,n<3
50061981,2025-09-01,2025-09-30,mensual,,,2,n<3
50061981,2025-10-01,2025-10-31,mensual,,,2,n<3
50061981,2025-11-01,2025-11-30,mensual,,,0,n<3
50061981,2025-12-01,2025-12-31,mensual,,,2,n<3
50061981,2026-01-01,2026-01-31,mensual,,,1,n<3
50061981,2026-02-01,2026-02-28,mensual,,,0,n<3
50061981,2026-03-01,2026-03-31,mensual,,,3,precio constante
50061981,2024-01-01,2024-03-31,trimestral,,,7,precio constante
50061981,2024-02-01,2024-04-30,trimestral,,,8,precio constante
50061981,2024-03-01,2024-05-31,trimestral,,,6,precio constante
50061981,2024-04-01,2024-06-30,trimestral,,,4,precio constante
50061981,2024-05-01,2024-07-31,trimestral,,,4,qty constante
50061981,2024-06-01,2024-08-31,trimestral,,,8,qty constante
50061981,2024-07-01,2024-09-30,trimestral,0.46647559653670284,0.05894950567411461,12,valida
50061981,2024-08-01,2024-10-31,trimestral,0.5228935210332702,0.07342128651997659,11,valida
50061981,2024-09-01,2024-11-30,trimestral,,,6,precio constante
50061981,2024-10-01,2024-12-31,trimestral,,,4,qty constante
50061981,2024-11-01,2025-01-31,trimestral,2.76610902839975,0.06620863156381296,7,valida
50061981,2024-12-01,2025-02-28,trimestral,1.7253024697039558,0.027479908013532617,10,valida
50061981,2025-01-01,2025-03-31,trimestral,,,8,precio constante
50061981,2025-02-01,2025-04-30,trimestral,,,6,precio constante
50061981,2025-03-01,2025-05-31,trimestral,,,3,precio constante
50061981,2025-04-01,2025-06-30,trimestral,,,3,precio constante
50061981,2025-05-01,2025-07-31,trimestral,,,1,n<3
50061981,2025-06-01,2025-08-31,trimestral,-1.4596483201550348,0.9135201638182282,3,valida
50061981,2025-07-01,2025-09-30,trimestral,-0.751640160817313,0.3136312610951476,4,valida
50061981,2025-08-01,2025-10-31,trimestral,-1.1443700878291934,0.47750273670204746,6,valida
50061981,2025-09-01,2025-11-30,trimestral,,,4,precio constante
50061981,2025-10-01,2025-12-31,trimestral,,,4,qty constante
50061981,2025-11-01,2026-01-31,trimestral,,,3,precio constante
50061981,2025-12-01,2026-02-28,trimestral,,,3,precio constante
50061981,2026-01-01,2026-03-31,trimestral,,,4,precio constante
50061981,2024-01-01,2024-06-30,semestral,,,11,precio constante
50061981,2024-02-01,2024-07-31,semestral,-7.658323567712706,0.052430672961132685,12,valida
50061981,2024-03-01,2024-08-31,semestral,0.542832289437942,0.0107407563954659,14,valida
50061981,2024-04-01,2024-09-30,semestral,0.5649178232781676,0.01283517399825429,16,valida
50061981,2024-05-01,2024-10-31,semestral,0.41224789016989605,0.04530986864985187,15,valida
50061981,2024-06-01,2024-11-30,semestral,0.4163312028521795,0.0467078809153495,14,valida
50061981,2024-07-01,2024-12-31,semestral,0.29729420550234864,0.02530501403279961,16,valida
50061981,2024-08-01,2025-01-31,semestral,0.39376204866907893,0.03505403590907541,18,valida
50061981,2024-09-01,2025-02-28,semestral,-1.7383580925218172,0.02575140638818718,16,valida
50061981,2024-10-01,2025-03-31,semestral,3.0723583833399104,0.06615781548382671,12,valida
50061981,2024-11-01,2025-04-30,semestral,2.5067790773093384,0.03262714472860162,13,valida
50061981,2024-12-01,2025-05-31,semestral,2.5067790773093384,0.03262714472860162,13,valida
50061981,2025-01-01,2025-06-30,semestral,,,11,precio constante
50061981,2025-02-01,2025-07-31,semestral,,,7,precio constante
50061981,2025-03-01,2025-08-31,semestral,-1.144370087829192,0.4775027367020488,6,valida
50061981,2025-04-01,2025-09-30,semestral,-1.2243339822128003,0.5108686720857287,7,valida
50061981,2025-05-01,2025-10-31,semestral,-1.2243339822128003,0.5108686720857287,7,valida
50061981,2025-06-01,2025-11-30,semestral,-1.2243339822128003,0.5108686720857287,7,valida
50061981,2025-07-01,2025-12-31,semestral,-1.1641421516717352,0.5816462192557512,8,valida
50061981,2025-08-01,2026-01-31,semestral,-1.1681893477887821,0.6077250201174444,9,valida
50061981,2025-09-01,2026-02-28,semestral,-1.2147795482372312,0.12518815209630907,7,valida
50061981,2025-10-01,2026-03-31,semestral,,,8,qty constante
50061982,2024-01-01,2024-01-31,mensual,,,1,n<3
50061982,2024-02-01,2024-02-29,mensual,,,2,n<3
50061982,2024-03-01,2024-03-31,mensual,,,2,n<3
50061982,2024-04-01,2024-04-30,mensual,,,0,n<3
50061982,2024-05-01,2024-05-31,mensual,,,2,n<3
50061982,2024-06-01,2024-06-30,mensual,,,2,n<3
50061982,2024-07-01,2024-07-31,mensual,,,1,n<3
50061982,2024-08-01,2024-08-31,mensual,,,1,n<3
50061982,2024-09-01,2024-09-30,mensual,,,0,n<3
50061982,2024-10-01,2024-10-31,mensual,,,0,n<3
50061982,2024-11-01,2024-11-30,mensual,,,2,n<3
50061982,2024-12-01,2024-12-31,mensual,,,1,n<3
50061982,2025-01-01,2025-01-31,mensual,,,1,n<3
50061982,2025-02-01,2025-02-28,mensual,,,0,n<3
50061982,2025-03-01,2025-03-31,mensual,,,1,n<3
50061982,2025-04-01,2025-04-30,mensual,,,0,n<3
50061982,2025-05-01,2025-05-31,mensual,,,1,n<3
50061982,2025-06-01,2025-06-30,mensual,,,0,n<3
50061982,2025-07-01,2025-07-31,mensual,,,2,n<3
50061982,2025-08-01,2025-08-31,mensual,,,3,qty constante
50061982,2025-09-01,2025-09-30,mensual,,,4,precio constante
50061982,2025-10-01,2025-10-31,mensual,,,3,precio constante
50061982,2025-11-01,2025-11-30,mensual,,,2,n<3
50061982,2025-12-01,2025-12-31,mensual,,,1,n<3
50061982,2026-01-01,2026-01-31,mensual,,,2,n<3
50061982,2026-02-01,2026-02-28,mensual,,,3,precio constante
50061982,2026-03-01,2026-03-31,mensual,,,0,n<3
50061982,2026-04-01,2026-04-30,mensual,,,1,n<3
50061982,2024-01-01,2024-03-31,trimestral,,,5,precio constante
50061982,2024-02-01,2024-04-30,trimestral,,,4,precio constante
50061982,2024-03-01,2024-05-31,trimestral,,,4,precio constante
50061982,2024-04-01,2024-06-30,trimestral,,,4,precio constante
50061982,2024-05-01,2024-07-31,trimestral,,,5,precio constante
50061982,2024-06-01,2024-08-31,trimestral,-4.037968297418196,0.11111111111111105,4,valida
50061982,2024-07-01,2024-09-30,trimestral,,,2,n<3
50061982,2024-08-01,2024-10-31,trimestral,,,1,n<3
50061982,2024-09-01,2024-11-30,trimestral,,,2,n<3
50061982,2024-10-01,2024-12-31,trimestral,,,3,qty constante
50061982,2024-11-01,2025-01-31,trimestral,,,4,qty constante
50061982,2024-12-01,2025-02-28,trimestral,,,2,n<3
50061982,2025-01-01,2025-03-31,trimestral,,,2,n<3
50061982,2025-02-01,2025-04-30,trimestral,,,1,n<3
50061982,2025-03-01,2025-05-31,trimestral,,,2,n<3
50061982,2025-04-01,2025-06-30,trimestral,,,1,n<3
50061982,2025-05-01,2025-07-31,trimestral,,,3,precio constante
50061982,2025-06-01,2025-08-31,trimestral,,,5,qty constante
50061982,2025-07-01,2025-09-30,trimestral,0.24260771651471588,0.01558267913061262,9,valida
50061982,2025-08-01,2025-10-31,trimestral,0.96181287008294,0.0200761405967258,10,valida
50061982,2025-09-01,2025-11-30,trimestral,11.444828742404116,0.3379630269067476,9,valida
50061982,2025-10-01,2025-12-31,trimestral,8.906875375738226,0.3079423835709405,6,valida
50061982,2025-11-01,2026-01-31,trimestral,10.040781161191378,0.1625701419488791,5,valida
50061982,2025-12-01,2026-02-28,trimestral,,,6,precio constante
50061982,2026-01-01,2026-03-31,trimestral,,,5,precio constante
50061982,2026-02-01,2026-04-30,trimestral,,,4,precio constante
50061982,2024-01-01,2024-06-30,semestral,,,9,precio constante
50061982,2024-02-01,2024-07-31,semestral,,,9,precio constante
50061982,2024-03-01,2024-08-31,semestral,-3.4611156835013097,0.04761904761904745,8,valida
50061982,2024-04-01,2024-09-30,semestral,-4.845561956901763,0.10000000000000009,6,valida
50061982,2024-05-01,2024-10-31,semestral,-4.845561956901763,0.10000000000000009,6,valida
50061982,2024-06-01,2024-11-30,semestral,-4.0379682974180255,0.19999999999999996,6,valida
50061982,2024-07-01,2024-12-31,semestral,-2.8262042135084715,0.3570101901309518,5,valida
50061982,2024-08-01,2025-01-31,semestral,,,5,qty constante
50061982,2024-09-01,2025-02-28,semestral,,,4,qty constante
50061982,2024-10-01,2025-03-31,semestral,,,5,qty constante
50061982,2024-11-01,2025-04-30,semestral,,,5,qty constante
50061982,2024-12-01,2025-05-31,semestral,,,4,qty constante
50061982,2025-01-01,2025-06-30,semestral,,,3,precio constante
50061982,2025-02-01,2025-07-31,semestral,,,4,precio constante
50061982,2025-03-01,2025-08-31,semestral,,,7,qty constante
50061982,2025-04-01,2025-09-30,semestral,0.21561311211144127,0.012307938570487287,10,valida
50061982,2025-05-01,2025-10-31,semestral,0.7209999164054222,0.011106789887330049,13,valida
50061982,2025-06-01,2025-11-30,semestral,2.9093053731002283,0.136644930550902,14,valida
50061982,2025-07-01,2025-12-31,semestral,3.788708546787734,0.21601712015206564,15,valida
50061982,2025-08-01,2026-01-31,semestral,3.236222313307222,0.20116104357090236,15,valida
50061982,2025-09-01,2026-02-28,semestral,5.031129070097377,0.1728074001966433,15,valida
50061982,2025-10-01,2026-03-31,semestral,2.694541112589884,0.03957403580163121,11,valida
50061982,2025-11-01,2026-04-30,semestral,4.494466310652773,0.01815172155245104,9,valida
50061983,2024-01-01,2024-01-31,mensual,,,2,n<3
50061983,2024-02-01,2024-02-29,mensual,,,2,n<3
50061983,2024-03-01,2024-03-31,mensual,,,3,precio constante
50061983,2024-04-01,2024-04-30,mensual,,,2,n<3
50061983,2024-05-01,2024-05-31,mensual,,,0,n<3
50061983,2024-06-01,2024-06-30,mensual,,,0,n<3
50061983,2024-07-01,2024-07-31,mensual,,,2,n<3
50061983,2024-08-01,2024-08-31,mensual,,,2,n<3
50061983,2024-09-01,2024-09-30,mensual,,,1,n<3
50061983,2024-10-01,2024-10-31,mensual,,,1,n<3
50061983,2024-11-01,2024-11-30,mensual,,,0,n<3
50061983,2024-12-01,2024-12-31,mensual,,,1,n<3
50061983,2025-01-01,2025-01-31,mensual,,,2,n<3
50061983,2025-02-01,2025-02-28,mensual,,,2,n<3
50061983,2025-03-01,2025-03-31,mensual,,,5,precio constante
50061983,2025-04-01,2025-04-30,mensual,,,1,n<3
50061983,2025-05-01,2025-05-31,mensual,,,0,n<3
50061983,2025-06-01,2025-06-30,mensual,,,1,n<3
50061983,2025-07-01,2025-07-31,mensual,,,2,n<3
50061983,2025-08-01,2025-08-31,mensual,,,2,n<3
50061983,2025-09-01,2025-09-30,mensual,,,1,n<3
50061983,2025-10-01,2025-10-31,mensual,,,1,n<3
50061983,2025-11-01,2025-11-30,mensual,,,1,n<3
50061983,2025-12-01,2025-12-31,mensual,,,0,n<3
50061983,2026-01-01,2026-01-31,mensual,,,2,n<3
50061983,2026-02-01,2026-02-28,mensual,,,4,precio constante
50061983,2026-03-01,2026-03-31,mensual,,,0,n<3
50061983,2026-04-01,2026-04-30,mensual,,,1,n<3
50061983,2024-01-01,2024-03-31,trimestral,,,7,precio constante
50061983,2024-02-01,2024-04-30,trimestral,,,7,precio constante
50061983,2024-03-01,2024-05-31,trimestral,,,5,precio constante
50061983,2024-04-01,2024-06-30,trimestral,,,2,n<3
50061983,2024-05-01,2024-07-31,trimestral,,,2,n<3
50061983,2024-06-01,2024-08-31,trimestral,,,4,qty constante
50061983,2024-07-01,2024-09-30,trimestral,,,5,qty constante
50061983,2024-08-01,2024-10-31,trimestral,,,4,precio constante
50061983,2024-09-01,2024-11-30,trimestral,,,2,n<3
50061983,2024-10-01,2024-12-31,trimestral,,,2,n<3
50061983,2024-11-01,2025-01-31,trimestral,,,3,precio constante
50061983,2024-12-01,2025-02-28,trimestral,-2.4121290647782483,0.08084361880554725,5,valida
50061983,2025-01-01,2025-03-31,trimestral,-2.489920856610781,0.06791111673876427,9,valida
50061983,2025-02-01,2025-04-30,trimestral,-2.2011374253315164,0.05637195848030341,8,valida
50061983,2025-03-01,2025-05-31,trimestral,,,6,precio constante
50061983,2025-04-01,2025-06-30,trimestral,,,2,n<3
50061983,2025-05-01,2025-07-31,trimestral,,,3,precio constante
50061983,2025-06-01,2025-08-31,trimestral,,,5,precio constante
50061983,2025-07-01,2025-09-30,trimestral,,,5,precio constante
50061983,2025-08-01,2025-10-31,trimestral,,,4,precio constante
50061983,2025-09-01,2025-11-30,trimestral,,,3,precio constante
50061983,2025-10-01,2025-12-31,trimestral,,,2,n<3
50061983,2025-11-01,2026-01-31,trimestral,,,3,qty constante
50061983,2025-12-01,2026-02-28,trimestral,,,6,precio constante
50061983,2026-01-01,2026-03-31,trimestral,,,6,precio constante
50061983,2026-02-01,2026-04-30,trimestral,,,5,precio constante
50061983,2024-01-01,2024-06-30,semestral,,,9,precio constante
50061983,2024-02-01,2024-07-31,semestral,,,9,qty constante
50061983,2024-03-01,2024-08-31,semestral,,,9,qty constante
50061983,2024-04-01,2024-09-30,semestral,,,7,qty constante
50061983,2024-05-01,2024-10-31,semestral,,,6,qty constante
50061983,2024-06-01,2024-11-30,semestral,,,6,qty constante
50061983,2024-07-01,2024-12-31,semestral,,,7,qty constante
50061983,2024-08-01,2025-01-31,semestral,,,7,qty constante
50061983,2024-09-01,2025-02-28,semestral,-2.6689205291590876,0.08545359831263666,7,valida
50061983,2024-10-01,2025-03-31,semestral,-2.625138228337089,0.06918714131578874,11,valida
50061983,2024-11-01,2025-04-30,semestral,-2.8942245609993074,0.08480529811757243,11,valida
50061983,2024-12-01,2025-05-31,semestral,-2.8942245609993074,0.08480529811757243,11,valida
50061983,2025-01-01,2025-06-30,semestral,-2.6999106169298006,0.07712970187930812,11,valida
50061983,2025-02-01,2025-07-31,semestral,-2.5055966728602943,0.07015286271871224,11,valida
50061983,2025-03-01,2025-08-31,semestral,,,11,precio constante
50061983,2025-04-01,2025-09-30,semestral,,,7,precio constante
50061983,2025-05-01,2025-10-31,semestral,,,7,precio constante
50061983,2025-06-01,2025-11-30,semestral,,,8,precio constante
50061983,2025-07-01,2025-12-31,semestral,,,7,precio constante
50061983,2025-08-01,2026-01-31,semestral,-3.849626210794912,0.06652565162051349,7,valida
50061983,2025-09-01,2026-02-28,semestral,-5.0375832613209335,0.14267339400740697,9,valida
50061983,2025-10-01,2026-03-31,semestral,1.3829788748339145,0.04761904761904745,8,valida
50061983,2025-11-01,2026-04-30,semestral,1.1854104641433139,0.020408163265305923,8,valida
50061984,2024-01-01,2024-01-31,mensual,,,3,precio constante
50061984,2024-02-01,2024-02-29,mensual,,,0,n<3
50061984,2024-03-01,2024-03-31,mensual,,,2,n<3
50061984,2024-04-01,2024-04-30,mensual,,,1,n<3
50061984,2024-05-01,2024-05-31,mensual,,,2,n<3
50061984,2024-06-01,2024-06-30,mensual,,,3,precio constante
50061984,2024-07-01,2024-07-31,mensual,,,1,n<3
50061984,2024-08-01,2024-08-31,mensual,,,2,n<3
50061984,2024-09-01,2024-09-30,mensual,,,0,n<3
50061984,2024-10-01,2024-10-31,mensual,,,1,n<3
50061984,2024-11-01,2024-11-30,mensual,,,1,n<3
50061984,2024-12-01,2024-12-31,mensual,,,0,n<3
50061984,2025-01-01,2025-01-31,mensual,,,1,n<3
50061984,2025-02-01,2025-02-28,mensual,,,1,n<3
50061984,2025-03-01,2025-03-31,mensual,,,1,n<3
50061984,2025-04-01,2025-04-30,mensual,,,2,n<3
50061984,2025-05-01,2025-05-31,mensual,,,3,precio constante
50061984,2025-06-01,2025-06-30,mensual,,,1,n<3
50061984,2025-07-01,2025-07-31,mensual,,,0,n<3
50061984,2025-08-01,2025-08-31,mensual,,,2,n<3
50061984,2025-09-01,2025-09-30,mensual,,,0,n<3
50061984,2025-10-01,2025-10-31,mensual,,,1,n<3
50061984,2025-11-01,2025-11-30,mensual,,,0,n<3
50061984,2025-12-01,2025-12-31,mensual,,,0,n<3
50061984,2026-01-01,2026-01-31,mensual,,,0,n<3
50061984,2026-02-01,2026-02-28,mensual,,,2,n<3
50061984,2026-03-01,2026-03-31,mensual,,,0,n<3
50061984,2026-04-01,2026-04-30,mensual,,,1,n<3
50061984,2024-01-01,2024-03-31,trimestral,,,5,precio constante
50061984,2024-02-01,2024-04-30,trimestral,,,3,precio constante
50061984,2024-03-01,2024-05-31,trimestral,,,5,precio constante
50061984,2024-04-01,2024-06-30,trimestral,,,6,precio constante
50061984,2024-05-01,2024-07-31,trimestral,,,6,precio constante
50061984,2024-06-01,2024-08-31,trimestral,2.6876013250841626,0.2103615197366241,6,valida
50061984,2024-07-01,2024-09-30,trimestral,4.729049877005659,0.740295898615889,3,valida
50061984,2024-08-01,2024-10-31,trimestral,9.70770726036784,1.0,3,valida
50061984,2024-09-01,2024-11-30,trimestral,,,2,n<3
50061984,2024-10-01,2024-12-31,trimestral,,,2,n<3
50061984,2024-11-01,2025-01-31,trimestral,,,2,n<3
50061984,2024-12-01,2025-02-28,trimestral,,,2,n<3
50061984,2025-01-01,2025-03-31,trimestral,0.9715562699921562,0.2500000000000001,3,valida
50061984,2025-02-01,2025-04-30,trimestral,,,4,qty constante
50061984,2025-03-01,2025-05-31,trimestral,,,6,precio constante
50061984,2025-04-01,2025-06-30,trimestral,,,6,precio constante
50061984,2025-05-01,2025-07-31,trimestral,,,4,precio constante
50061984,2025-06-01,2025-08-31,trimestral,-1.3571949864991457,1.0,3,valida
50061984,2025-07-01,2025-09-30,trimestral,,,2,n<3
50061984,2025-08-01,2025-10-31,trimestral,-1.2522397026672947,0.9873048657042831,3,valida
50061984,2025-09-01,2025-11-30,trimestral,,,1,n<3
50061984,2025-10-01,2025-12-31,trimestral,,,1,n<3
50061984,2025-11-01,2026-01-31,trimestral,,,0,n<3
50061984,2025-12-01,2026-02-28,trimestral,,,2,n<3
50061984,2026-01-01,2026-03-31,trimestral,,,2,n<3
50061984,2026-02-01,2026-04-30,trimestral,,,3,precio constante
50061984,2024-01-01,2024-06-30,semestral,,,11,precio constante
50061984,2024-02-01,2024-07-31,semestral,,,9,precio constante
50061984,2024-03-01,2024-08-31,semestral,1.054123031556946,0.007539263206666202,11,valida
50061984,2024-04-01,2024-09-30,semestral,3.1428271912045975,0.28204387896434824,9,valida
50061984,2024-05-01,2024-10-31,semestral,2.4607449801403036,0.1831961658533594,9,valida
50061984,2024-06-01,2024-11-30,semestral,3.667310002557384,0.14537951150894302,8,valida
50061984,2024-07-01,2024-12-31,semestral,4.777534722249836,0.157422604225527,5,valida
50061984,2024-08-01,2025-01-31,semestral,3.6172177849366025,0.045314075014049604,5,valida
50061984,2024-09-01,2025-02-28,semestral,2.099196018162934,0.2670122694372956,4,valida
50061984,2024-10-01,2025-03-31,semestral,1.3318694838986254,0.10442090186642006,5,valida
50061984,2024-11-01,2025-04-30,semestral,0.6995277773481836,0.029732253312861334,6,valida
50061984,2024-12-01,2025-05-31,semestral,0.27758750571204255,0.020408163265305812,8,valida
50061984,2025-01-01,2025-06-30,semestral,0.24288906749804076,0.01562500000000011,9,valida
50061984,2025-02-01,2025-07-31,semestral,,,8,qty constante
50061984,2025-03-01,2025-08-31,semestral,-1.3571949864991526,1.0,9,valida
50061984,2025-04-01,2025-09-30,semestral,-1.3571949864991504,1.0,8,valida
50061984,2025-05-01,2025-10-31,semestral,-1.3024884240492105,0.9821018084235538,7,valida
50061984,2025-06-01,2025-11-30,semestral,-1.2763098403410664,0.9843225782782965,4,valida
50061984,2025-07-01,2025-12-31,semestral,-1.2522397026672947,0.9873048657042831,3,valida
50061984,2025-08-01,2026-01-31,semestral,-1.2522397026672947,0.9873048657042831,3,valida
50061984,2025-09-01,2026-02-28,semestral,28.938548903247355,0.2500000000000001,3,valida
50061984,2025-10-01,2026-03-31,semestral,28.938548903247355,0.2500000000000001,3,valida
50061984,2025-11-01,2026-04-30,semestral,,,3,precio constante
50061985,2024-01-01,2024-01-31,mensual,,,1,n<3
50061985,2024-02-01,2024-02-29,mensual,,,1,n<3
50061985,2024-03-01,2024-03-31,mensual,27.250806130627357,1.0,4,valida
50061985,2024-04-01,2024-04-30,mensual,-9.727466499800892,0.2506111731890597,3,valida
50061985,2024-05-01,2024-05-31,mensual,,,2,n<3
50061985,2024-06-01,2024-06-30,mensual,,,0,n<3
50061985,2024-07-01,2024-07-31,mensual,,,0,n<3
50061985,2024-08-01,2024-08-31,mensual,,,0,n<3
50061985,2024-09-01,2024-09-30,mensual,,,0,n<3
50061985,2024-10-01,2024-10-31,mensual,,,0,n<3
50061985,2024-11-01,2024-11-30,mensual,,,0,n<3
50061985,2024-12-01,2024-12-31,mensual,,,0,n<3
50061985,2025-01-01,2025-01-31,mensual,,,1,n<3
50061985,2025-02-01,2025-02-28,mensual,-2.411216280177213,0.06184476891565682,5,valida
50061985,2025-03-01,2025-03-31,mensual,,,1,n<3
50061985,2025-04-01,2025-04-30,mensual,,,2,n<3
50061985,2025-05-01,2025-05-31,mensual,,,3,precio constante
50061985,2025-06-01,2025-06-30,mensual,,,2,n<3
50061985,2025-07-01,2025-07-31,mensual,,,3,precio constante
50061985,2025-08-01,2025-08-31,mensual,,,2,n<3
50061985,2025-09-01,2025-09-30,mensual,,,0,n<3
50061985,2025-10-01,2025-10-31,mensual,,,1,n<3
50061985,2025-11-01,2025-11-30,mensual,-30.60251805168929,0.75,3,valida
50061985,2025-12-01,2025-12-31,mensual,,,0,n<3
50061985,2026-01-01,2026-01-31,mensual,,,0,n<3
50061985,2026-02-01,2026-02-28,mensual,,,1,n<3
50061985,2026-03-01,2026-03-31,mensual,,,6,precio constante
50061985,2026-04-01,2026-04-30,mensual,,,1,n<3
50061985,2024-01-01,2024-03-31,trimestral,23.349052298294755,0.600687026287295,6,valida
50061985,2024-02-01,2024-04-30,trimestral,10.39811609492127,0.19121167840932962,8,valida
50061985,2024-03-01,2024-05-31,trimestral,9.473731913286015,0.16204691586281939,9,valida
50061985,2024-04-01,2024-06-30,trimestral,-7.300550552341871,0.14110269945219855,5,valida
50061985,2024-05-01,2024-07-31,trimestral,,,2,n<3
50061985,2024-06-01,2024-08-31,trimestral,,,0,n<3
50061985,2024-07-01,2024-09-30,trimestral,,,0,n<3
50061985,2024-08-01,2024-10-31,trimestral,,,0,n<3
50061985,2024-09-01,2024-11-30,trimestral,,,0,n<3
50061985,2024-10-01,2024-12-31,trimestral,,,0,n<3
50061985,2024-11-01,2025-01-31,trimestral,,,1,n<3
50061985,2024-12-01,2025-02-28,trimestral,-3.85956454854953,0.09899314283101501,6,valida
50061985,2025-01-01,2025-03-31,trimestral,-3.2111722467057935,0.06579731698662084,7,valida
50061985,2025-02-01,2025-04-30,trimestral,-3.5580351349866675,0.04401994185448299,8,valida
50061985,2025-03-01,2025-05-31,trimestral,,,6,precio constante
50061985,2025-04-01,2025-06-30,trimestral,,,7,precio constante
50061985,2025-05-01,2025-07-31,trimestral,,,8,precio constante
50061985,2025-06-01,2025-08-31,trimestral,,,7,precio constante
50061985,2025-07-01,2025-09-30,trimestral,,,5,precio constante
50061985,2025-08-01,2025-10-31,trimestral,,,3,precio constante
50061985,2025-09-01,2025-11-30,trimestral,-20.301441991824287,0.27058713453390804,4,valida
50061985,2025-10-01,2025-12-31,trimestral,-20.301441991824287,0.27058713453390804,4,valida
50061985,2025-11-01,2026-01-31,trimestral,-30.60251805168929,0.75,3,valida
50061985,2025-12-01,2026-02-28,trimestral,,,1,n<3
50061985,2026-01-01,2026-03-31,trimestral,,,7,precio constante
50061985,2026-02-01,2026-04-30,trimestral,,,8,precio constante
50061985,2024-01-01,2024-06-30,semestral,8.233380060129884,0.1037185177163723,11,valida
50061985,2024-02-01,2024-07-31,semestral,9.99380941790974,0.17816449062547834,10,valida
50061985,2024-03-01,2024-08-31,semestral,9.473731913286015,0.16204691586281939,9,valida
50061985,2024-04-01,2024-09-30,semestral,-7.300550552341871,0.14110269945219855,5,valida
50061985,2024-05-01,2024-10-31,semestral,,,2,n<3
50061985,2024-06-01,2024-11-30,semestral,,,0,n<3
50061985,2024-07-01,2024-12-31,semestral,,,0,n<3
50061985,2024-08-01,2025-01-31,semestral,,,1,n<3
50061985,2024-09-01,2025-02-28,semestral,-3.85956454854953,0.09899314283101501,6,valida
50061985,2024-10-01,2025-03-31,semestral,-3.2111722467057935,0.06579731698662084,7,valida
50061985,2024-11-01,2025-04-30,semestral,-4.316930125628124,0.057121211556354634,9,valida
50061985,2024-12-01,2025-05-31,semestral,-5.399707819247922,0.05857313522314733,12,valida
50061985,2025-01-01,2025-06-30,semestral,-5.738261941889564,0.05209656191918177,14,valida
50061985,2025-02-01,2025-07-31,semestral,-5.6070367360265125,0.04645725793527178,16,valida
50061985,2025-03-01,2025-08-31,semestral,,,13,precio constante
50061985,2025-04-01,2025-09-30,semestral,,,12,precio constante
50061985,2025-05-01,2025-10-31,semestral,,,11,precio constante
50061985,2025-06-01,2025-11-30,semestral,-17.343142818990945,0.13679506503138295,11,valida
50061985,2025-07-01,2025-12-31,semestral,-17.719805743188402,0.1888741396001874,9,valida
50061985,2025-08-01,2026-01-31,semestral,-20.31738539639808,0.2920388228170102,6,valida
50061985,2025-09-01,2026-02-28,semestral,-4.179523509099304,0.015255564992194381,5,valida
50061985,2025-10-01,2026-03-31,semestral,-13.768369678889195,0.17539875989733633,11,valida
50061985,2025-11-01,2026-04-30,semestral,-24.74278756344881,0.42399973766043775,11,valida
50061986,2024-01-01,2024-01-31,mensual,,,2,n<3
50061986,2024-02-01,2024-02-29,mensual,,,1,n<3
50061986,2024-03-01,2024-03-31,mensual,,,2,n<3
50061986,2024-04-01,2024-04-30,mensual,,,0,n<3
50061986,2024-05-01,2024-05-31,mensual,,,1,n<3
50061986,2024-06-01,2024-06-30,mensual,,,1,n<3
50061986,2024-07-01,2024-07-31,mensual,,,0,n<3
50061986,2024-08-01,2024-08-31,mensual,,,3,qty constante
50061986,2024-09-01,2024-09-30,mensual,25.040831761401588,1.0,3,valida
50061986,2024-10-01,2024-10-31,mensual,,,1,n<3
50061986,2024-11-01,2024-11-30,mensual,,,0,n<3
50061986,2024-12-01,2024-12-31,mensual,,,0,n<3
50061986,2025-01-01,2025-01-31,mensual,,,1,n<3
50061986,2025-02-01,2025-02-28,mensual,,,0,n<3
50061986,2025-03-01,2025-03-31,mensual,,,1,n<3
50061986,2025-04-01,2025-04-30,mensual,,,1,n<3
50061986,2025-05-01,2025-05-31,mensual,,,2,n<3
50061986,2025-06-01,2025-06-30,mensual,,,1,n<3
50061986,2025-07-01,2025-07-31,mensual,,,0,n<3
50061986,2025-08-01,2025-08-31,mensual,,,2,n<3
50061986,2025-09-01,2025-09-30,mensual,,,1,n<3
50061986,2025-10-01,2025-10-31,mensual,,,1,n<3
50061986,2025-11-01,2025-11-30,mensual,,,1,n<3
50061986,2025-12-01,2025-12-31,mensual,,,2,n<3
50061986,2026-01-01,2026-01-31,mensual,,,4,precio constante
50061986,2026-02-01,2026-02-28,mensual,,,1,n<3
50061986,2026-03-01,2026-03-31,mensual,,,0,n<3
50061986,2026-04-01,2026-04-30,mensual,,,2,n<3
50061986,2024-01-01,2024-03-31,trimestral,-2.2160817898637926,0.08423554725327542,5,valida
50061986,2024-02-01,2024-04-30,trimestral,,,3,precio constante
50061986,2024-03-01,2024-05-31,trimestral,,,3,precio constante
50061986,2024-04-01,2024-06-30,trimestral,,,2,n<3
50061986,2024-05-01,2024-07-31,trimestral,,,2,n<3
50061986,2024-06-01,2024-08-31,trimestral,0.13248823033733703,0.00414649115517729,4,valida
50061986,2024-07-01,2024-09-30,trimestral,1.7966894362656876,0.14326352601991943,6,valida
50061986,2024-08-01,2024-10-31,trimestral,2.2108788205030607,0.14219736024659357,7,valida
50061986,2024-09-01,2024-11-30,trimestral,17.573704455287324,0.40739573318576683,4,valida
50061986,2024-10-01,2024-12-31,trimestral,,,1,n<3
50061986,2024-11-01,2025-01-31,trimestral,,,1,n<3
50061986,2024-12-01,2025-02-28,trimestral,,,1,n<3
50061986,2025-01-01,2025-03-31,trimestral,,,2,n<3
50061986,2025-02-01,2025-04-30,trimestral,,,2,n<3
50061986,2025-03-01,2025-05-31,trimestral,,,4,precio constante
50061986,2025-04-01,2025-06-30,trimestral,,,4,precio constante
50061986,2025-05-01,2025-07-31,trimestral,,,3,precio constante
50061986,2025-06-01,2025-08-31,trimestral,,,3,precio constante
50061986,2025-07-01,2025-09-30,trimestral,,,3,precio constante
50061986,2025-08-01,2025-10-31,trimestral,,,4,precio constante
50061986,2025-09-01,2025-11-30,trimestral,,,3,precio constante
50061986,2025-10-01,2025-12-31,trimestral,20.32719930120969,0.33238581279847845,4,valida
50061986,2025-11-01,2026-01-31,trimestral,29.20259635574929,0.1145938372381583,7,valida
50061986,2025-12-01,2026-02-28,trimestral,,,7,precio constante
50061986,2026-01-01,2026-03-31,trimestral,,,5,precio constante
50061986,2026-02-01,2026-04-30,trimestral,,,3,precio constante
50061986,2024-01-01,2024-06-30,semestral,-2.6820360042414846,0.11338275654955376,7,valida
50061986,2024-02-01,2024-07-31,semestral,,,5,precio constante
50061986,2024-03-01,2024-08-31,semestral,0.15061217631232665,0.002828230350805594,7,valida
50061986,2024-04-01,2024-09-30,semestral,1.713223920370048,0.12310798496938447,8,valida
50061986,2024-05-01,2024-10-31,semestral,2.221003442284437,0.14025643178296,9,valida
50061986,2024-06-01,2024-11-30,semestral,2.077992175415479,0.12736686311346213,8,valida
50061986,2024-07-01,2024-12-31,semestral,2.2108788205030607,0.14219736024659357,7,valida
50061986,2024-08-01,2025-01-31,semestral,1.7771235951201234,0.09289879547225066,8,valida
50061986,2024-09-01,2025-02-28,semestral,9.43372663160793,0.12080811187033713,5,valida
50061986,2024-10-01,2025-03-31,semestral,-15.636389894041232,0.2488302650192209,3,valida
50061986,2024-11-01,2025-04-30,semestral,,,3,precio constante
50061986,2024-12-01,2025-05-31,semestral,,,5,precio constante
50061986,2025-01-01,2025-06-30,semestral,,,6,precio constante
50061986,2025-02-01,2025-07-31,semestral,,,5,precio constante
50061986,2025-03-01,2025-08-31,semestral,,,7,precio constante
50061986,2025-04-01,2025-09-30,semestral,,,7,precio constante
50061986,2025-05-01,2025-10-31,semestral,,,7,precio constante
50061986,2025-06-01,2025-11-30,semestral,,,6,precio constante
50061986,2025-07-01,2025-12-31,semestral,16.307718775671944,0.24655424436332296,7,valida
50061986,2025-08-01,2026-01-31,semestral,25.24677745009958,0.2251367785499302,11,valida
50061986,2025-09-01,2026-02-28,semestral,25.075360587748825,0.17139437077162545,10,valida
50061986,2025-10-01,2026-03-31,semestral,25.055557954764026,0.13268077888054253,9,valida
50061986,2025-11-01,2026-04-30,semestral,24.636267338478422,0.06784621140610259,10,valida
50061988,2024-01-01,2024-01-31,mensual,-6.479705968586719,0.33333333333333337,4,valida
50061988,2024-02-01,2024-02-29,mensual,,,9,precio constante
50061988,2024-03-01,2024-03-31,mensual,-3.0964162014314844,0.040418182988138374,6,valida
50061988,2024-04-01,2024-04-30,mensual,,,2,n<3
50061988,2024-05-01,2024-05-31,mensual,,,2,n<3
50061988,2024-06-01,2024-06-30,mensual,,,1,n<3
50061988,2024-07-01,2024-07-31,mensual,,,1,n<3
50061988,2024-08-01,2024-08-31,mensual,0.27304700223821393,0.020753172484681004,9,valida
50061988,2024-09-01,2024-09-30,mensual,,,7,precio constante
50061988,2024-10-01,2024-10-31,mensual,,,5,precio constante
50061988,2024-11-01,2024-11-30,mensual,7.761925034811886,0.4,6,valida
50061988,2024-12-01,2024-12-31,mensual,,,3,precio constante
50061988,2025-01-01,2025-01-31,mensual,,,2,n<3
50061988,2025-02-01,2025-02-28,mensual,,,5,precio constante
50061988,2025-03-01,2025-03-31,mensual,,,2,n<3
50061988,2025-04-01,2025-04-30,mensual,,,0,n<3
50061988,2025-05-01,2025-05-31,mensual,-5.144861907995551,0.11169660530461001,4,valida
50061988,2025-06-01,2025-06-30,mensual,,,5,precio constante
50061988,2025-07-01,2025-07-31,mensual,,,6,precio constante
50061988,2025-08-01,2025-08-31,mensual,-0.7926184200176918,0.11700493752653252,9,valida
50061988,2025-09-01,2025-09-30,mensual,,,9,precio constante
50061988,2025-10-01,2025-10-31,mensual,,,7,precio constante
50061988,2025-11-01,2025-11-30,mensual,13.76720061634235,0.6741648188250098,7,valida
50061988,2025-12-01,2025-12-31,mensual,,,1,n<3
50061988,2026-01-01,2026-01-31,mensual,,,3,precio constante
50061988,2026-02-01,2026-02-28,mensual,,,3,precio constante
50061988,2026-03-01,2026-03-31,mensual,,,4,precio constante
50061988,2026-04-01,2026-04-30,mensual,,,4,precio constante
50061988,2024-01-01,2024-03-31,trimestral,-3.53456858642162,0.03931140224309382,19,valida
50061988,2024-02-01,2024-04-30,trimestral,-3.509440718565997,0.01862727248365681,17,valida
50061988,2024-03-01,2024-05-31,trimestral,-5.606470329723975,0.047167535185986265,10,valida
50061988,2024-04-01,2024-06-30,trimestral,,,5,precio constante
50061988,2024-05-01,2024-07-31,trimestral,-7.26407946807283,0.2731699329519244,4,valida
50061988,2024-06-01,2024-08-31,trimestral,0.1581102703371695,0.005110672447859899,11,valida
50061988,2024-07-01,2024-09-30,trimestral,0.1444431414546072,0.004133329834141053,17,valida
50061988,2024-08-01,2024-10-31,trimestral,0.4974268251723817,0.015831789020863463,21,valida
50061988,2024-09-01,2024-11-30,trimestral,6.0822306673356525,0.050070360829783334,18,valida
50061988,2024-10-01,2024-12-31,trimestral,4.972532667469304,0.03717182303342814,14,valida
50061988,2024-11-01,2025-01-31,trimestral,5.253889391262207,0.07250653833025422,11,valida
50061988,2024-12-01,2025-02-28,trimestral,,,10,precio constante
50061988,2025-01-01,2025-03-31,trimestral,,,9,precio constante
50061988,2025-02-01,2025-04-30,trimestral,,,7,precio constante
50061988,2025-03-01,2025-05-31,trimestral,-6.179094750307522,0.10071163203972355,6,valida
50061988,2025-04-01,2025-06-30,trimestral,-1.9396156497239292,0.01586884534417643,9,valida
50061988,2025-05-01,2025-07-31,trimestral,-2.9185276216658083,0.010483821301427665,15,valida
50061988,2025-06-01,2025-08-31,trimestral,-0.8339641366854538,0.052495994672017376,20,valida
50061988,2025-07-01,2025-09-30,trimestral,-0.7847473744342484,0.03950784190540413,24,valida
50061988,2025-08-01,2025-10-31,trimestral,-0.8535059771416482,0.05864997440088959,25,valida
50061988,2025-09-01,2025-11-30,trimestral,13.333738856934067,0.21569099200638542,23,valida
50061988,2025-10-01,2025-12-31,trimestral,5.451395643546173,0.08939297788749567,15,valida
50061988,2025-11-01,2026-01-31,trimestral,6.6213228638444726,0.26189022926535677,11,valida
50061988,2025-12-01,2026-02-28,trimestral,,,7,qty constante
50061988,2026-01-01,2026-03-31,trimestral,68.28422772900764,0.0658464736478287,10,valida
50061988,2026-02-01,2026-04-30,trimestral,,,11,precio constante
50061988,2024-01-01,2024-06-30,semestral,-4.763914497311829,0.04110410184824531,24,valida
50061988,2024-02-01,2024-07-31,semestral,-3.7521291416273983,0.03817363042249844,21,valida
50061988,2024-03-01,2024-08-31,semestral,-0.019981560198747514,2.066222745789048e-05,21,valida
50061988,2024-04-01,2024-09-30,semestral,-0.2903359193129775,0.0054667917567009505,22,valida
50061988,2024-05-01,2024-10-31,semestral,0.13974777499537125,0.0009221369775445076,25,valida
50061988,2024-06-01,2024-11-30,semestral,0.4323782837642466,0.010442504133117314,29,valida
50061988,2024-07-01,2024-12-31,semestral,0.5640050917438415,0.017106084243882935,31,valida
50061988,2024-08-01,2025-01-31,semestral,0.6859191740298779,0.02156600375318729,32,valida
50061988,2024-09-01,2025-02-28,semestral,5.053249780358033,0.02378826067881934,28,valida
50061988,2024-10-01,2025-03-31,semestral,3.7320104357146846,0.013762588274752408,23,valida
50061988,2024-11-01,2025-04-30,semestral,4.45800560775608,0.03176223939310807,18,valida
50061988,2024-12-01,2025-05-31,semestral,-6.336701342313447,0.06053976632620928,16,valida
50061988,2025-01-01,2025-06-30,semestral,-5.02470151627633,0.03471565532137588,18,valida
50061988,2025-02-01,2025-07-31,semestral,-4.084378560657819,0.015035445472598274,22,valida
50061988,2025-03-01,2025-08-31,semestral,-0.7350764967374422,0.031370182235857746,26,valida
50061988,2025-04-01,2025-09-30,semestral,-0.8548986136826618,0.04099293437041307,33,valida
50061988,2025-05-01,2025-10-31,semestral,-0.8437250290551997,0.03227457724190119,40,valida
50061988,2025-06-01,2025-11-30,semestral,-0.6231939411184985,0.01700617847309016,43,valida
50061988,2025-07-01,2025-12-31,semestral,-0.6041487237705367,0.016594350916496747,39,valida
50061988,2025-08-01,2026-01-31,semestral,-0.6781039452054681,0.030308713198883952,36,valida
50061988,2025-09-01,2026-02-28,semestral,6.0446467335974585,0.08225909389481001,30,valida
50061988,2025-10-01,2026-03-31,semestral,6.017281721542234,0.09598909300330272,25,valida
50061988,2025-11-01,2026-04-30,semestral,5.948581209112157,0.1306033615002813,22,valida
50062073,2024-01-01,2024-01-31,mensual,,,9,precio constante
50062073,2024-02-01,2024-02-29,mensual,0.20386988657947153,0.001619409237446745,7,valida
50062073,2024-03-01,2024-03-31,mensual,7.680313519397527,0.375,5,valida
50062073,2024-04-01,2024-04-30,mensual,-2.438163112422027,0.06334889339126382,5,valida
50062073,2024-05-01,2024-05-31,mensual,,,2,n<3
50062073,2024-06-01,2024-06-30,mensual,,,6,precio constante
50062073,2024-07-01,2024-07-31,mensual,1.441653236603556,0.02869379850400533,12,valida
50062073,2024-08-01,2024-08-31,mensual,-0.22736114579574848,0.009551966333257167,14,valida
50062073,2024-09-01,2024-09-30,mensual,,,9,precio constante
50062073,2024-10-01,2024-10-31,mensual,-2.1683429544633444,0.028169183176910417,10,valida
50062073,2024-11-01,2024-11-30,mensual,,,5,precio constante
50062073,2024-12-01,2024-12-31,mensual,,,4,precio constante
50062073,2025-01-01,2025-01-31,mensual,,,4,precio constante
50062073,2025-02-01,2025-02-28,mensual,,,5,precio constante
50062073,2025-03-01,2025-03-31,mensual,,,1,n<3
50062073,2025-04-01,2025-04-30,mensual,,,5,precio constante
50062073,2025-05-01,2025-05-31,mensual,,,8,precio constante
50062073,2025-06-01,2025-06-30,mensual,-3.1062837195053845,1.0,4,valida
50062073,2025-07-01,2025-07-31,mensual,0.6474694031197504,0.11111111111111105,4,valida
50062073,2025-08-01,2025-08-31,mensual,0.7237904125491803,0.07250440336810837,13,valida
50062073,2025-09-01,2025-09-30,mensual,,,7,precio constante
50062073,2025-10-01,2025-10-31,mensual,,,9,precio constante
50062073,2025-11-01,2025-11-30,mensual,,,5,qty constante
50062073,2025-12-01,2025-12-31,mensual,,,6,precio constante
50062073,2026-01-01,2026-01-31,mensual,,,10,qty constante
50062073,2026-02-01,2026-02-28,mensual,-5.078169519948472,0.059310597802848974,9,valida
50062073,2026-03-01,2026-03-31,mensual,,,5,precio constante
50062073,2026-04-01,2026-04-30,mensual,,,4,precio constante
50062073,2024-01-01,2024-03-31,trimestral,2.4496959489395045,0.062196254553675945,21,valida
50062073,2024-02-01,2024-04-30,trimestral,1.7548115122716055,0.05057603436970748,17,valida
50062073,2024-03-01,2024-05-31,trimestral,4.035649569665039,0.1320709070773638,12,valida
50062073,2024-04-01,2024-06-30,trimestral,-2.936937384458399,0.024078265053187553,13,valida
50062073,2024-05-01,2024-07-31,trimestral,1.3883535646079121,0.016899863036503926,20,valida
50062073,2024-06-01,2024-08-31,trimestral,0.4729595222148082,0.02200627790641052,32,valida
50062073,2024-07-01,2024-09-30,trimestral,0.22891009021437714,0.005659745110991987,35,valida
50062073,2024-08-01,2024-10-31,trimestral,-0.30771020312246544,0.018392250704135193,33,valida
50062073,2024-09-01,2024-11-30,trimestral,-1.2956538331851912,0.006527162875764936,24,valida
50062073,2024-10-01,2024-12-31,trimestral,-2.184112637349851,0.009331446846398306,19,valida
50062073,2024-11-01,2025-01-31,trimestral,0.3331482584368684,0.0004700608277338203,13,valida
50062073,2024-12-01,2025-02-28,trimestral,-4.798082709995752,0.09753328966005559,13,valida
50062073,2025-01-01,2025-03-31,trimestral,,,10,precio constante
50062073,2025-02-01,2025-04-30,trimestral,,,11,precio constante
50062073,2025-03-01,2025-05-31,trimestral,,,14,precio constante
50062073,2025-04-01,2025-06-30,trimestral,-1.829315386938342,0.0636513263927011,17,valida
50062073,2025-05-01,2025-07-31,trimestral,0.06865977489469142,0.0003189674004488996,16,valida
50062073,2025-06-01,2025-08-31,trimestral,0.40347124246925026,0.023989461837612636,21,valida
50062073,2025-07-01,2025-09-30,trimestral,0.682990425770707,0.05273497558158957,24,valida
50062073,2025-08-01,2025-10-31,trimestral,0.44347933315508153,0.017525798192344233,29,valida
50062073,2025-09-01,2025-11-30,trimestral,-1.250805638142207,0.007989434930058437,21,valida
50062073,2025-10-01,2025-12-31,trimestral,1.3639783673018953,0.05970468143969032,20,valida
50062073,2025-11-01,2026-01-31,trimestral,-0.016845760582972293,1.212108780102028e-05,21,valida
50062073,2025-12-01,2026-02-28,trimestral,-2.289349131907066,0.024597434882396185,25,valida
50062073,2026-01-01,2026-03-31,trimestral,-2.3980888132874054,0.027038628130560682,24,valida
50062073,2026-02-01,2026-04-30,trimestral,-3.541018515947447,0.02121572411910355,18,valida
50062073,2024-01-01,2024-06-30,semestral,1.6217869386219792,0.01910711381608332,34,valida
50062073,2024-02-01,2024-07-31,semestral,1.1873002894966964,0.01487884548309748,37,valida
50062073,2024-03-01,2024-08-31,semestral,0.2941336526441706,0.007717705056535684,44,valida
50062073,2024-04-01,2024-09-30,semestral,0.13049689384978538,0.0015451938625231643,48,valida
50062073,2024-05-01,2024-10-31,semestral,0.09800236779359231,0.0008379100885504975,53,valida
50062073,2024-06-01,2024-11-30,semestral,0.05577389098256171,0.0002688699534940664,56,valida
50062073,2024-07-01,2024-12-31,semestral,0.05705295703631344,0.000269022770321925,54,valida
50062073,2024-08-01,2025-01-31,semestral,-0.23770917138432363,0.0073930541617981405,46,valida
50062073,2024-09-01,2025-02-28,semestral,-1.0652556623241993,0.008262542364106729,37,valida
50062073,2024-10-01,2025-03-31,semestral,-1.6126649111529245,0.020200242771945875,29,valida
50062073,2024-11-01,2025-04-30,semestral,-0.2782521012446322,0.0004815473926156333,24,valida
50062073,2024-12-01,2025-05-31,semestral,-2.109718584951781,0.01097056828303633,27,valida
50062073,2025-01-01,2025-06-30,semestral,-2.201642111877886,0.07132209847800042,27,valida
50062073,2025-02-01,2025-07-31,semestral,-0.16345060563280236,0.001350074014267677,27,valida
50062073,2025-03-01,2025-08-31,semestral,0.4738531942222106,0.02122554836746826,35,valida
50062073,2025-04-01,2025-09-30,semestral,0.476455764462896,0.0179512176512453,41,valida
50062073,2025-05-01,2025-10-31,semestral,0.3177837320849055,0.008090695678380277,45,valida
50062073,2025-06-01,2025-11-30,semestral,0.11269308218621944,0.0013679000167007294,42,valida
50062073,2025-07-01,2025-12-31,semestral,0.3041175545148107,0.009715878507109199,44,valida
50062073,2025-08-01,2026-01-31,semestral,0.027072898745524092,7.003662591564819e-05,50,valida
50062073,2025-09-01,2026-02-28,semestral,-0.11039751554157488,0.00014473784492796682,46,valida
50062073,2025-10-01,2026-03-31,semestral,0.8076485299907487,0.008255754881502764,44,valida
50062073,2025-11-01,2026-04-30,semestral,-0.4264756879379509,0.0012018892735762288,39,valida
50062074,2024-01-01,2024-01-31,mensual,,,11,precio constante
50062074,2024-02-01,2024-02-29,mensual,-4.318089598371007,0.09839014426304937,10,valida
50062074,2024-03-01,2024-03-31,mensual,,,4,qty constante
50062074,2024-04-01,2024-04-30,mensual,,,6,precio constante
50062074,2024-05-01,2024-05-31,mensual,,,2,n<3
50062074,2024-06-01,2024-06-30,mensual,-30.10000302711053,0.09589116492602556,4,valida
50062074,2024-07-01,2024-07-31,mensual,-5.826319022351217,0.30000000000000004,7,valida
50062074,2024-08-01,2024-08-31,mensual,-0.376702394019775,0.025362432605308793,19,valida
50062074,2024-09-01,2024-09-30,mensual,0.978536623587269,0.02199388384904266,7,valida
50062074,2024-10-01,2024-10-31,mensual,0.25467913650529633,0.006430116997191759,8,valida
50062074,2024-11-01,2024-11-30,mensual,,,2,n<3
50062074,2024-12-01,2024-12-31,mensual,-5.824147439337347,0.05111592118118846,5,valida
50062074,2025-01-01,2025-01-31,mensual,,,18,precio constante
50062074,2025-02-01,2025-02-28,mensual,-0.6936094074228073,0.005102040816326148,15,valida
50062074,2025-03-01,2025-03-31,mensual,-9.723343977993554,0.11144656776392947,4,valida
50062074,2025-04-01,2025-04-30,mensual,,,3,precio constante
50062074,2025-05-01,2025-05-31,mensual,,,1,n<3
50062074,2025-06-01,2025-06-30,mensual,-4.873567676606535,0.05815006880678886,7,valida
50062074,2025-07-01,2025-07-31,mensual,-0.19745507020360067,0.004697278666786708,11,valida
50062074,2025-08-01,2025-08-31,mensual,0.8139763356803391,0.028688031528890434,27,valida
50062074,2025-09-01,2025-09-30,mensual,,,18,precio constante
50062074,2025-10-01,2025-10-31,mensual,,,5,precio constante
50062074,2025-11-01,2025-11-30,mensual,,,3,precio constante
50062074,2025-12-01,2025-12-31,mensual,-3.2368439013064427,0.11111111111111105,4,valida
50062074,2026-01-01,2026-01-31,mensual,-1.1774711396438229,0.08545496152044874,9,valida
50062074,2026-02-01,2026-02-28,mensual,-1.9402651403144882,0.022222222222222143,11,valida
50062074,2026-03-01,2026-03-31,mensual,,,7,precio constante
50062074,2026-04-01,2026-04-30,mensual,,,4,precio constante
50062074,2024-01-01,2024-03-31,trimestral,-0.8084671288899762,0.0027718761189839958,25,valida
50062074,2024-02-01,2024-04-30,trimestral,-1.2510809692681937,0.0019466798060876478,20,valida
50062074,2024-03-01,2024-05-31,trimestral,7.379160915356224,0.03235491897235798,12,valida
50062074,2024-04-01,2024-06-30,trimestral,-45.35832297510864,0.04888190330957065,12,valida
50062074,2024-05-01,2024-07-31,trimestral,-5.5779045959567615,0.14977043955083003,13,valida
50062074,2024-06-01,2024-08-31,trimestral,-0.0758101669637724,0.0005422355221885722,30,valida
50062074,2024-07-01,2024-09-30,trimestral,-0.02406849971459162,3.4898470941846504e-05,33,valida
50062074,2024-08-01,2024-10-31,trimestral,0.04643477968259003,0.0001534921748785889,34,valida
50062074,2024-09-01,2024-11-30,trimestral,0.49897642209946524,0.012847681170634062,17,valida
50062074,2024-10-01,2024-12-31,trimestral,1.069797810267467,0.05156321775785022,15,valida
50062074,2024-11-01,2025-01-31,trimestral,3.0628229877522872,0.0041280819707423255,25,valida
50062074,2024-12-01,2025-02-28,trimestral,0.42938086986428087,0.00013604195463723379,38,valida
50062074,2025-01-01,2025-03-31,trimestral,-3.602146030053265,0.01129780624179999,37,valida
50062074,2025-02-01,2025-04-30,trimestral,-2.4358736202390414,0.01159974350513504,22,valida
50062074,2025-03-01,2025-05-31,trimestral,-9.467539869796024,0.06882817932630236,8,valida
50062074,2025-04-01,2025-06-30,trimestral,-6.639743469574967,0.04397639107199047,11,valida
50062074,2025-05-01,2025-07-31,trimestral,-0.016711108631892485,1.0890673961538866e-05,19,valida
50062074,2025-06-01,2025-08-31,trimestral,0.27419803283359473,0.003971465822315223,45,valida
50062074,2025-07-01,2025-09-30,trimestral,0.446257533390345,0.0060489310343702085,56,valida
50062074,2025-08-01,2025-10-31,trimestral,1.0654209562531993,0.01603846461394065,50,valida
50062074,2025-09-01,2025-11-30,trimestral,,,26,precio constante
50062074,2025-10-01,2025-12-31,trimestral,-5.3110902466167484,0.030471587870649297,12,valida
50062074,2025-11-01,2026-01-31,trimestral,-1.160296876283921,0.056654058322313294,16,valida
50062074,2025-12-01,2026-02-28,trimestral,-1.000747602182132,0.03338890844825826,24,valida
50062074,2026-01-01,2026-03-31,trimestral,-0.11065350199624471,0.00016665184127828692,27,valida
50062074,2026-02-01,2026-04-30,trimestral,-3.9659770169185626,0.019545033363609465,22,valida
50062074,2024-01-01,2024-06-30,semestral,-1.332625723825369,0.0018335427506405155,37,valida
50062074,2024-02-01,2024-07-31,semestral,-2.996387345698299,0.016150298355472326,33,valida
50062074,2024-03-01,2024-08-31,semestral,0.34028478315680083,0.0023067876291216205,42,valida
50062074,2024-04-01,2024-09-30,semestral,0.4543317266980962,0.004395688768593309,45,valida
50062074,2024-05-01,2024-10-31,semestral,0.11408000195699441,0.0008735633637685369,47,valida
50062074,2024-06-01,2024-11-30,semestral,0.1159625602789237,0.000905909645368741,47,valida
50062074,2024-07-01,2024-12-31,semestral,0.40757133901647546,0.008223751220295283,48,valida
50062074,2024-08-01,2025-01-31,semestral,0.49409649183764365,0.009012668695483894,59,valida
50062074,2024-09-01,2025-02-28,semestral,0.2893922946718166,0.0020781327404898464,55,valida
50062074,2024-10-01,2025-03-31,semestral,0.2162603479418534,0.000936077442045935,52,valida
50062074,2024-11-01,2025-04-30,semestral,-1.4881411388811074,0.0018566564499536975,47,valida
50062074,2024-12-01,2025-05-31,semestral,-2.0101262936332356,0.0029780185533130332,46,valida
50062074,2025-01-01,2025-06-30,semestral,-4.279225522253052,0.01638865036159154,48,valida
50062074,2025-02-01,2025-07-31,semestral,-0.44554923052960815,0.004618367078036201,41,valida
50062074,2025-03-01,2025-08-31,semestral,0.3485392088380134,0.0038451151455117794,53,valida
50062074,2025-04-01,2025-09-30,semestral,0.43503048794280924,0.004535466610391614,67,valida
50062074,2025-05-01,2025-10-31,semestral,0.5185843215070621,0.005603652056502373,69,valida
50062074,2025-06-01,2025-11-30,semestral,0.41292088475257527,0.003922871387570526,71,valida
50062074,2025-07-01,2025-12-31,semestral,0.3980597434549638,0.003880885389724975,68,valida
50062074,2025-08-01,2026-01-31,semestral,0.2336179234200889,0.000866899948797073,66,valida
50062074,2025-09-01,2026-02-28,semestral,-2.894125086892798,0.056541912693812924,50,valida
50062074,2025-10-01,2026-03-31,semestral,-1.3621920044565081,0.020421724748998393,39,valida
50062074,2025-11-01,2026-04-30,semestral,0.5112626669906687,0.003589768731958376,38,valida
50062076,2024-01-01,2024-01-31,mensual,-0.9160691048010849,0.0019903898054227653,8,valida
50062076,2024-02-01,2024-02-29,mensual,,,7,precio constante
50062076,2024-03-01,2024-03-31,mensual,,,6,precio constante
50062076,2024-04-01,2024-04-30,mensual,,,3,qty constante
50062076,2024-05-01,2024-05-31,mensual,,,3,precio constante
50062076,2024-06-01,2024-06-30,mensual,,,0,n<3
50062076,2024-07-01,2024-07-31,mensual,,,3,precio constante
50062076,2024-08-01,2024-08-31,mensual,1.1601798672799117,0.320453428222378,14,valida
50062076,2024-09-01,2024-09-30,mensual,-3.25311586928176,0.11272295710850644,4,valida
50062076,2024-10-01,2024-10-31,mensual,,,2,n<3
50062076,2024-11-01,2024-11-30,mensual,,,2,n<3
50062076,2024-12-01,2024-12-31,mensual,,,0,n<3
50062076,2025-01-01,2025-01-31,mensual,6.88026754000514,0.13980911047279043,10,valida
50062076,2025-02-01,2025-02-28,mensual,,,3,precio constante
50062076,2025-03-01,2025-03-31,mensual,,,5,precio constante
50062076,2025-04-01,2025-04-30,mensual,,,3,precio constante
50062076,2025-05-01,2025-05-31,mensual,,,2,n<3
50062076,2025-06-01,2025-06-30,mensual,,,1,n<3
50062076,2025-07-01,2025-07-31,mensual,,,5,precio constante
50062076,2025-08-01,2025-08-31,mensual,-0.4917308378517632,0.0602019711367322,7,valida
50062076,2025-09-01,2025-09-30,mensual,,,7,precio constante
50062076,2025-10-01,2025-10-31,mensual,,,1,n<3
50062076,2025-11-01,2025-11-30,mensual,,,1,n<3
50062076,2025-12-01,2025-12-31,mensual,,,3,precio constante
50062076,2026-01-01,2026-01-31,mensual,2.3445055544808246,0.19999999999999996,6,valida
50062076,2026-02-01,2026-02-28,mensual,,,1,n<3
50062076,2026-03-01,2026-03-31,mensual,,,1,n<3
50062076,2026-04-01,2026-04-30,mensual,,,1,n<3
50062076,2024-01-01,2024-03-31,trimestral,-1.98306753433489,0.0068616359774804625,21,valida
50062076,2024-02-01,2024-04-30,trimestral,-4.458508046388147,0.029685216945974258,16,valida
50062076,2024-03-01,2024-05-31,trimestral,-6.246789872873828,0.03867816329924423,12,valida
50062076,2024-04-01,2024-06-30,trimestral,-5.503393357877448,0.04089759752871569,6,valida
50062076,2024-05-01,2024-07-31,trimestral,,,6,precio constante
50062076,2024-06-01,2024-08-31,trimestral,1.1686419831740447,0.22675556489881954,17,valida
50062076,2024-07-01,2024-09-30,trimestral,0.9268558457744288,0.14184923143480743,21,valida
50062076,2024-08-01,2024-10-31,trimestral,0.9034999897465857,0.17152447114592162,20,valida
50062076,2024-09-01,2024-11-30,trimestral,-7.441048704090119,0.054370288127670974,8,valida
50062076,2024-10-01,2024-12-31,trimestral,,,4,precio constante
50062076,2024-11-01,2025-01-31,trimestral,4.401204372226066,0.01625223975892154,12,valida
50062076,2024-12-01,2025-02-28,trimestral,7.576719134339949,0.15921601956548637,13,valida
50062076,2025-01-01,2025-03-31,trimestral,7.263866480816463,0.09523865212678584,18,valida
50062076,2025-02-01,2025-04-30,trimestral,,,11,precio constante
50062076,2025-03-01,2025-05-31,trimestral,,,10,precio constante
50062076,2025-04-01,2025-06-30,trimestral,,,6,precio constante
50062076,2025-05-01,2025-07-31,trimestral,,,8,precio constante
50062076,2025-06-01,2025-08-31,trimestral,0.41795743189172796,0.0054791612274426305,13,valida
50062076,2025-07-01,2025-09-30,trimestral,-0.06059167743729473,0.00011192520281944063,19,valida
50062076,2025-08-01,2025-10-31,trimestral,-0.7536395696325644,0.15067965191695099,15,valida
50062076,2025-09-01,2025-11-30,trimestral,,,9,precio constante
50062076,2025-10-01,2025-12-31,trimestral,,,5,precio constante
50062076,2025-11-01,2026-01-31,trimestral,-3.1922974501088905,0.029732678727918627,10,valida
50062076,2025-12-01,2026-02-28,trimestral,1.6533412952934157,0.04111445055843743,10,valida
50062076,2026-01-01,2026-03-31,trimestral,6.076635406442713,0.27670152424854755,8,valida
50062076,2026-02-01,2026-04-30,trimestral,,,3,precio constante
50062076,2024-01-01,2024-06-30,semestral,-2.9661531454674557,0.015483087523424754,27,valida
50062076,2024-02-01,2024-07-31,semestral,-5.2822316379423615,0.019853558522551884,22,valida
50062076,2024-03-01,2024-08-31,semestral,1.1598587160370941,0.08915102010665199,29,valida
50062076,2024-04-01,2024-09-30,semestral,0.8841006814435795,0.06478001203089978,27,valida
50062076,2024-05-01,2024-10-31,semestral,1.1016092695588104,0.09560558186000856,26,valida
50062076,2024-06-01,2024-11-30,semestral,1.2162723847227659,0.09536256817097866,25,valida
50062076,2024-07-01,2024-12-31,semestral,1.2162723847227659,0.09536256817097866,25,valida
50062076,2024-08-01,2025-01-31,semestral,1.0864491760400417,0.07531446415522103,32,valida
50062076,2024-09-01,2025-02-28,semestral,0.7361767256353806,0.0007563035447057942,21,valida
50062076,2024-10-01,2025-03-31,semestral,5.646700664135435,0.02153947270070733,22,valida
50062076,2024-11-01,2025-04-30,semestral,5.563173782008595,0.019401371114115662,23,valida
50062076,2024-12-01,2025-05-31,semestral,6.625061761849382,0.0561212319278841,23,valida
50062076,2025-01-01,2025-06-30,semestral,6.7536635448003475,0.057636443749859656,24,valida
50062076,2025-02-01,2025-07-31,semestral,,,19,precio constante
50062076,2025-03-01,2025-08-31,semestral,0.09330212523955411,0.0002495127751444004,23,valida
50062076,2025-04-01,2025-09-30,semestral,-0.10542998956323467,0.0003221028586777308,25,valida
50062076,2025-05-01,2025-10-31,semestral,-0.14853297322738535,0.0006647405389511585,23,valida
50062076,2025-06-01,2025-11-30,semestral,0.12287520359382605,0.000330371884974201,22,valida
50062076,2025-07-01,2025-12-31,semestral,0.1428292564934159,0.00043657920712114606,24,valida
50062076,2025-08-01,2026-01-31,semestral,-0.34287846299183894,0.006070949282857119,25,valida
50062076,2025-09-01,2026-02-28,semestral,0.9254668512245895,0.0032513929608630754,19,valida
50062076,2025-10-01,2026-03-31,semestral,1.2343608069998744,0.005338669602924728,13,valida
50062076,2025-11-01,2026-04-30,semestral,1.8756814515400781,0.012469411165557331,13,valida
50062078,2024-01-01,2024-01-31,mensual,0.6023552099133115,0.0357142857142857,9,valida
50062078,2024-02-01,2024-02-29,mensual,,,11,precio constante
50062078,2024-03-01,2024-03-31,mensual,,,9,precio constante
50062078,2024-04-01,2024-04-30,mensual,-5.594219128143843,0.025245493221157544,12,valida
50062078,2024-05-01,2024-05-31,mensual,,,4,precio constante
50062078,2024-06-01,2024-06-30,mensual,,,2,n<3
50062078,2024-07-01,2024-07-31,mensual,,,1,n<3
50062078,2024-08-01,2024-08-31,mensual,1.2651549925013543,0.050843892582034034,15,valida
50062078,2024-09-01,2024-09-30,mensual,0.7698455704122763,0.06245581453024207,5,valida
50062078,2024-10-01,2024-10-31,mensual,1.199757410966337,0.0659424099785183,8,valida
50062078,2024-11-01,2024-11-30,mensual,,,4,precio constante
50062078,2024-12-01,2024-12-31,mensual,,,5,precio constante
50062078,2025-01-01,2025-01-31,mensual,,,10,precio constante
50062078,2025-02-01,2025-02-28,mensual,,,7,precio constante
50062078,2025-03-01,2025-03-31,mensual,-4.857895202362182,0.05275707167639465,9,valida
50062078,2025-04-01,2025-04-30,mensual,-2.197359625032733,0.020408163265305923,8,valida
50062078,2025-05-01,2025-05-31,mensual,,,4,precio constante
50062078,2025-06-01,2025-06-30,mensual,,,5,precio constante
50062078,2025-07-01,2025-07-31,mensual,0.9303655685312977,0.053177882086532846,10,valida
50062078,2025-08-01,2025-08-31,mensual,0.9717576216552313,0.3749999999999999,10,valida
50062078,2025-09-01,2025-09-30,mensual,,,7,precio constante
50062078,2025-10-01,2025-10-31,mensual,,,4,precio constante
50062078,2025-11-01,2025-11-30,mensual,,,8,qty constante
50062078,2025-12-01,2025-12-31,mensual,,,4,precio constante
50062078,2026-01-01,2026-01-31,mensual,,,2,n<3
50062078,2026-02-01,2026-02-28,mensual,,,2,n<3
50062078,2026-03-01,2026-03-31,mensual,,,10,precio constante
50062078,2026-04-01,2026-04-30,mensual,,,4,qty constante
50062078,2024-01-01,2024-03-31,trimestral,1.2513558645723555,0.01011605531934634,29,valida
50062078,2024-02-01,2024-04-30,trimestral,-5.954942507178288,0.010327783510446165,32,valida
50062078,2024-03-01,2024-05-31,trimestral,-4.677481599725053,0.010060910323276828,25,valida
50062078,2024-04-01,2024-06-30,trimestral,-5.106745808737213,0.018033927341772227,18,valida
50062078,2024-05-01,2024-07-31,trimestral,-3.286906720094305,0.062364376237881713,7,valida
50062078,2024-06-01,2024-08-31,trimestral,1.052390302856103,0.03185172504170364,18,valida
50062078,2024-07-01,2024-09-30,trimestral,1.0083344109799606,0.04188170436671368,21,valida
50062078,2024-08-01,2024-10-31,trimestral,1.1258329531089466,0.05422965107782185,28,valida
50062078,2024-09-01,2024-11-30,trimestral,0.894686081656128,0.04618387326083406,17,valida
50062078,2024-10-01,2024-12-31,trimestral,1.1319307165135168,0.03440288084729681,17,valida
50062078,2024-11-01,2025-01-31,trimestral,,,19,precio constante
50062078,2024-12-01,2025-02-28,trimestral,,,22,precio constante
50062078,2025-01-01,2025-03-31,trimestral,-3.737802641404263,0.012993724586353728,26,valida
50062078,2025-02-01,2025-04-30,trimestral,-3.7928999483690187,0.0268226115526371,24,valida
50062078,2025-03-01,2025-05-31,trimestral,-3.366478578158783,0.029239852842476544,21,valida
50062078,2025-04-01,2025-06-30,trimestral,-1.5678858963962234,0.007876220826071423,17,valida
50062078,2025-05-01,2025-07-31,trimestral,0.7131921762147377,0.02340824962014787,19,valida
50062078,2025-06-01,2025-08-31,trimestral,0.7456478203672048,0.11160975315765276,25,valida
50062078,2025-07-01,2025-09-30,trimestral,0.6793875598303756,0.09297769436821135,27,valida
50062078,2025-08-01,2025-10-31,trimestral,0.7236306502312653,0.11819283936704361,21,valida
50062078,2025-09-01,2025-11-30,trimestral,-5.188730259348442,0.06298170276426773,19,valida
50062078,2025-10-01,2025-12-31,trimestral,-0.07203086211565025,5.510105718808944e-06,16,valida
50062078,2025-11-01,2026-01-31,trimestral,8.41682600675433,0.056600650277386255,14,valida
50062078,2025-12-01,2026-02-28,trimestral,,,8,precio constante
50062078,2026-01-01,2026-03-31,trimestral,,,14,precio constante
50062078,2026-02-01,2026-04-30,trimestral,-5.299819639818651,0.031031852326606102,16,valida
50062078,2024-01-01,2024-06-30,semestral,0.8589748412926848,0.0033149639980925016,47,valida
50062078,2024-02-01,2024-07-31,semestral,-4.897814124866705,0.016622608225722035,39,valida
50062078,2024-03-01,2024-08-31,semestral,0.9870735338938208,0.011362319978643676,43,valida
50062078,2024-04-01,2024-09-30,semestral,0.8966059018707789,0.017305838829105524,39,valida
50062078,2024-05-01,2024-10-31,semestral,1.0712397795617807,0.04409286106617705,35,valida
50062078,2024-06-01,2024-11-30,semestral,0.8984955224038745,0.03175958214819585,35,valida
50062078,2024-07-01,2024-12-31,semestral,1.0336843566695062,0.03968191006185928,38,valida
50062078,2024-08-01,2025-01-31,semestral,0.8809166720601996,0.026335833166405753,47,valida
50062078,2024-09-01,2025-02-28,semestral,0.8657299755773504,0.02041486227821032,39,valida
50062078,2024-10-01,2025-03-31,semestral,0.6655706035157268,0.005839407768328919,43,valida
50062078,2024-11-01,2025-04-30,semestral,-3.8387663541781674,0.016629968092100933,43,valida
50062078,2024-12-01,2025-05-31,semestral,-3.838766354178167,0.01662996809210404,43,valida
50062078,2025-01-01,2025-06-30,semestral,-2.8897308728161017,0.011597688556683972,43,valida
50062078,2025-02-01,2025-07-31,semestral,0.448188266406804,0.0037224010640319882,43,valida
50062078,2025-03-01,2025-08-31,semestral,0.6239897501218192,0.04496446443463553,46,valida
50062078,2025-04-01,2025-09-30,semestral,0.5005540316043134,0.03938681733285321,44,valida
50062078,2025-05-01,2025-10-31,semestral,0.684944302047558,0.06669909103792326,40,valida
50062078,2025-06-01,2025-11-30,semestral,0.5179795403101681,0.04064668824675455,44,valida
50062078,2025-07-01,2025-12-31,semestral,0.8090526589956698,0.06582520086824795,43,valida
50062078,2025-08-01,2026-01-31,semestral,0.6749692541136395,0.053238874184229235,35,valida
50062078,2025-09-01,2026-02-28,semestral,4.416210346843335,0.026264352136279756,27,valida
50062078,2025-10-01,2026-03-31,semestral,0.8344167054059011,0.0005200419420497981,30,valida
50062078,2025-11-01,2026-04-30,semestral,1.0483746095557254,0.001193623478127015,30,valida
50062113,2024-01-01,2024-01-31,mensual,-4.863600602404946,0.027879289058215462,7,valida
50062113,2024-02-01,2024-02-29,mensual,,,7,qty constante
50062113,2024-03-01,2024-03-31,mensual,,,6,precio constante
50062113,2024-04-01,2024-04-30,mensual,,,2,n<3
50062113,2024-05-01,2024-05-31,mensual,,,4,precio constante
50062113,2024-06-01,2024-06-30,mensual,,,2,n<3
50062113,2024-07-01,2024-07-31,mensual,,,8,precio constante
50062113,2024-08-01,2024-08-31,mensual,1.001624155820797,0.027734502694208962,10,valida
50062113,2024-09-01,2024-09-30,mensual,1.007380006613169,0.3403541211027694,5,valida
50062113,2024-10-01,2024-10-31,mensual,0.2470282587933331,0.004221257111411081,9,valida
50062113,2024-11-01,2024-11-30,mensual,,,7,precio constante
50062113,2024-12-01,2024-12-31,mensual,-3.143554248441507,0.05897948098374861,10,valida
50062113,2025-01-01,2025-01-31,mensual,-0.8827257390741768,0.008264462809917439,12,valida
50062113,2025-02-01,2025-02-28,mensual,-3.837280624329512,0.44999999999999996,11,valida
50062113,2025-03-01,2025-03-31,mensual,,,9,precio constante
50062113,2025-04-01,2025-04-30,mensual,-3.143554248441391,0.05897948098374617,10,valida
50062113,2025-05-01,2025-05-31,mensual,,,7,precio constante
50062113,2025-06-01,2025-06-30,mensual,,,5,precio constante
50062113,2025-07-01,2025-07-31,mensual,-1.2966160806376734,0.2505702730444521,10,valida
50062113,2025-08-01,2025-08-31,mensual,,,9,qty constante
50062113,2025-09-01,2025-09-30,mensual,-5.472845158257087,0.04251800008529283,12,valida
50062113,2025-10-01,2025-10-31,mensual,-4.3607526840655435,0.028669389451875027,9,valida
50062113,2025-11-01,2025-11-30,mensual,8.082232105762191,0.4166666666666665,7,valida
50062113,2025-12-01,2025-12-31,mensual,,,9,precio constante
50062113,2026-01-01,2026-01-31,mensual,,,9,precio constante
50062113,2026-02-01,2026-02-28,mensual,,,9,precio constante
50062113,2026-03-01,2026-03-31,mensual,,,6,precio constante
50062113,2026-04-01,2026-04-30,mensual,,,3,precio constante
50062113,2024-01-01,2024-03-31,trimestral,-1.7168596512214205,0.009324438949103397,20,valida
50062113,2024-02-01,2024-04-30,trimestral,,,15,qty constante
50062113,2024-03-01,2024-05-31,trimestral,,,12,precio constante
50062113,2024-04-01,2024-06-30,trimestral,,,8,precio constante
50062113,2024-05-01,2024-07-31,trimestral,,,14,precio constante
50062113,2024-06-01,2024-08-31,trimestral,0.678502827123342,0.010957600985195715,20,valida
50062113,2024-07-01,2024-09-30,trimestral,0.829862591019539,0.045766645338283785,23,valida
50062113,2024-08-01,2024-10-31,trimestral,0.7252728414610276,0.03519900362955708,24,valida
50062113,2024-09-01,2024-11-30,trimestral,0.4132336259261675,0.01487718562480922,21,valida
50062113,2024-10-01,2024-12-31,trimestral,-0.44660558845831677,0.009122503409048854,26,valida
50062113,2024-11-01,2025-01-31,trimestral,-1.9389917376981043,0.01757745505196473,29,valida
50062113,2024-12-01,2025-02-28,trimestral,-2.8531610503019205,0.12672506388296934,33,valida
50062113,2025-01-01,2025-03-31,trimestral,-3.191825479362838,0.08127385714146473,32,valida
50062113,2025-02-01,2025-04-30,trimestral,-2.9805099417209635,0.0690732467123425,30,valida
50062113,2025-03-01,2025-05-31,trimestral,-3.966899838946818,0.02833752492633579,26,valida
50062113,2025-04-01,2025-06-30,trimestral,-4.625292371907349,0.02757531142770775,22,valida
50062113,2025-05-01,2025-07-31,trimestral,-0.7719286722970569,0.019179121478195893,22,valida
50062113,2025-06-01,2025-08-31,trimestral,-0.17392514240190873,0.0024229266963677887,24,valida
50062113,2025-07-01,2025-09-30,trimestral,-0.1038758988226861,0.0011102549741038858,31,valida
50062113,2025-08-01,2025-10-31,trimestral,0.5747444363098194,0.01719147646593555,30,valida
50062113,2025-09-01,2025-11-30,trimestral,-0.9510432810281388,0.0017413218935280472,28,valida
50062113,2025-10-01,2025-12-31,trimestral,1.3922661213673606,0.002952259590215389,25,valida
50062113,2025-11-01,2026-01-31,trimestral,6.208303337338342,0.0445172439835938,25,valida
50062113,2025-12-01,2026-02-28,trimestral,,,27,precio constante
50062113,2026-01-01,2026-03-31,trimestral,,,24,precio constante
50062113,2026-02-01,2026-04-30,trimestral,,,18,precio constante
50062113,2024-01-01,2024-06-30,semestral,-2.7950999109986165,0.013570050031679326,28,valida
50062113,2024-02-01,2024-07-31,semestral,-2.229810389846183,0.009938355610596972,29,valida
50062113,2024-03-01,2024-08-31,semestral,0.6760909440303349,0.006403671733905547,32,valida
50062113,2024-04-01,2024-09-30,semestral,0.9040961785459705,0.03478393611330621,31,valida
50062113,2024-05-01,2024-10-31,semestral,0.6073384548431556,0.018394766609372226,38,valida
50062113,2024-06-01,2024-11-30,semestral,0.3792927847839366,0.008590654971007416,41,valida
50062113,2024-07-01,2024-12-31,semestral,0.28424160027951356,0.004553114209377318,49,valida
50062113,2024-08-01,2025-01-31,semestral,0.16431002066950032,0.0015472502347703143,53,valida
50062113,2024-09-01,2025-02-28,semestral,-0.18037630468678167,0.00229032137088625,54,valida
50062113,2024-10-01,2025-03-31,semestral,-0.8196545829163597,0.02085034614318837,58,valida
50062113,2024-11-01,2025-04-30,semestral,-2.7974214070578376,0.05208761839524245,59,valida
50062113,2024-12-01,2025-05-31,semestral,-2.886361517638146,0.052111580226070875,59,valida
50062113,2025-01-01,2025-06-30,semestral,-2.9667250415207116,0.032092403416575155,54,valida
50062113,2025-02-01,2025-07-31,semestral,-1.182988412284521,0.032609128757242534,52,valida
50062113,2025-03-01,2025-08-31,semestral,-0.060482274389972154,0.00018667523505666583,50,valida
50062113,2025-04-01,2025-09-30,semestral,-0.029113085927146114,4.057702019799603e-05,53,valida
50062113,2025-05-01,2025-10-31,semestral,0.048468880410769875,9.81255358979416e-05,52,valida
50062113,2025-06-01,2025-11-30,semestral,0.04453606940786945,8.83065941826855e-05,52,valida
50062113,2025-07-01,2025-12-31,semestral,0.009210906462499916,4.47305804429643e-06,56,valida
50062113,2025-08-01,2026-01-31,semestral,0.6718506627390758,0.015401086222181615,55,valida
50062113,2025-09-01,2026-02-28,semestral,-0.8774226925127666,0.0009208606269751618,55,valida
50062113,2025-10-01,2026-03-31,semestral,1.3752939516314278,0.00199938556176682,49,valida
50062113,2025-11-01,2026-04-30,semestral,6.625577990815709,0.034136229715538535,43,valida
50062114,2024-01-01,2024-01-31,mensual,,,1,n<3
50062114,2024-02-01,2024-02-29,mensual,,,3,precio constante
50062114,2024-03-01,2024-03-31,mensual,-3.0898028058647546,0.040321052303017635,6,valida
50062114,2024-04-01,2024-04-30,mensual,-5.831214283913339,0.1387447412315599,7,valida
50062114,2024-05-01,2024-05-31,mensual,,,3,precio constante
50062114,2024-06-01,2024-06-30,mensual,,,1,n<3
50062114,2024-07-01,2024-07-31,mensual,,,4,precio constante
50062114,2024-08-01,2024-08-31,mensual,,,1,n<3
50062114,2024-09-01,2024-09-30,mensual,1.8530580693423684,0.04656896028182911,5,valida
50062114,2024-10-01,2024-10-31,mensual,1.2951085508698856,0.33333333333333337,4,valida
50062114,2024-11-01,2024-11-30,mensual,-3.2366610432702463,0.11111111111111105,4,valida
50062114,2024-12-01,2024-12-31,mensual,,,1,n<3
50062114,2025-01-01,2025-01-31,mensual,,,8,precio constante
50062114,2025-02-01,2025-02-28,mensual,,,2,n<3
50062114,2025-03-01,2025-03-31,mensual,,,6,precio constante
50062114,2025-04-01,2025-04-30,mensual,,,1,n<3
50062114,2025-05-01,2025-05-31,mensual,-7.282487347357509,0.3749999999999999,5,valida
50062114,2025-06-01,2025-06-30,mensual,,,4,precio constante
50062114,2025-07-01,2025-07-31,mensual,,,4,qty constante
50062114,2025-08-01,2025-08-31,mensual,,,5,qty constante
50062114,2025-09-01,2025-09-30,mensual,-5.029529699329874,0.09325110800309766,6,valida
50062114,2025-10-01,2025-10-31,mensual,-5.129986381127623,0.11111111111111105,4,valida
50062114,2025-11-01,2025-11-30,mensual,-5.675239390878647,1.0,3,valida
50062114,2025-12-01,2025-12-31,mensual,,,3,precio constante
50062114,2026-01-01,2026-01-31,mensual,-3.236661043269962,0.11111111111111105,4,valida
50062114,2026-02-01,2026-02-28,mensual,-2.189839419356222,0.11090183607100568,8,valida
50062114,2026-03-01,2026-03-31,mensual,-9.207954581574267,0.4392152173810435,7,valida
50062114,2026-04-01,2026-04-30,mensual,,,3,qty constante
50062114,2024-01-01,2024-03-31,trimestral,-2.8003053454465983,0.0263258497969443,10,valida
50062114,2024-02-01,2024-04-30,trimestral,-4.178815247451476,0.06880731634181547,16,valida
50062114,2024-03-01,2024-05-31,trimestral,-4.925205375564011,0.09221840658017955,16,valida
50062114,2024-04-01,2024-06-30,trimestral,-5.399423170663771,0.10705019029552776,11,valida
50062114,2024-05-01,2024-07-31,trimestral,,,8,precio constante
50062114,2024-06-01,2024-08-31,trimestral,0.6212567439010893,0.039999999999999925,6,valida
50062114,2024-07-01,2024-09-30,trimestral,-0.3620529787257817,0.014627095254869271,10,valida
50062114,2024-08-01,2024-10-31,trimestral,0.8842700982490883,0.0849036598080597,10,valida
50062114,2024-09-01,2024-11-30,trimestral,0.10734555830173328,0.0017209746690796113,13,valida
50062114,2024-10-01,2024-12-31,trimestral,0.5346101114918425,0.03668945222086761,9,valida
50062114,2024-11-01,2025-01-31,trimestral,-3.5073401776547066,0.02022776231287704,13,valida
50062114,2024-12-01,2025-02-28,trimestral,-3.236065530487015,0.018741698350768887,11,valida
50062114,2025-01-01,2025-03-31,trimestral,-2.808176844095521,0.012599378619311263,16,valida
50062114,2025-02-01,2025-04-30,trimestral,-2.4274957824523353,0.0357142857142857,9,valida
50062114,2025-03-01,2025-05-31,trimestral,-4.413628695367863,0.06493506493506485,12,valida
50062114,2025-04-01,2025-06-30,trimestral,-4.3155480576931575,0.07407407407407429,10,valida
50062114,2025-05-01,2025-07-31,trimestral,0.25553866452233787,0.00789061960245685,13,valida
50062114,2025-06-01,2025-08-31,trimestral,,,13,qty constante
50062114,2025-07-01,2025-09-30,trimestral,0.3789064987427155,0.020269362509096833,15,valida
50062114,2025-08-01,2025-10-31,trimestral,0.5638234820501111,0.014094658482557088,15,valida
50062114,2025-09-01,2025-11-30,trimestral,-1.3591623215664732,0.00918368141219017,13,valida
50062114,2025-10-01,2025-12-31,trimestral,2.0715749136493167,0.021971429901118555,10,valida
50062114,2025-11-01,2026-01-31,trimestral,2.882580681731696,0.05428814841249341,10,valida
50062114,2025-12-01,2026-02-28,trimestral,-2.0636354200035156,0.09610570469501056,15,valida
50062114,2026-01-01,2026-03-31,trimestral,-4.302877708736622,0.14372398398389163,19,valida
50062114,2026-02-01,2026-04-30,trimestral,-2.9789857649946323,0.07357654550128201,18,valida
50062114,2024-01-01,2024-06-30,semestral,-4.0987224696936,0.05895820546679198,21,valida
50062114,2024-02-01,2024-07-31,semestral,-3.976553060516546,0.052162926266187126,24,valida
50062114,2024-03-01,2024-08-31,semestral,0.03143323258280375,1.694685753106384e-05,22,valida
50062114,2024-04-01,2024-09-30,semestral,-0.15154427451981253,0.0019524968384664332,21,valida
50062114,2024-05-01,2024-10-31,semestral,0.32192031049647357,0.013686650830273539,18,valida
50062114,2024-06-01,2024-11-30,semestral,-0.018453566865804894,4.971777242512854e-05,19,valida
50062114,2024-07-01,2024-12-31,semestral,-0.018453566865804988,4.971777242490649e-05,19,valida
50062114,2024-08-01,2025-01-31,semestral,0.11219910600696578,0.001100960715990973,23,valida
50062114,2024-09-01,2025-02-28,semestral,-0.12904264360762452,0.0014433306668834023,24,valida
50062114,2024-10-01,2025-03-31,semestral,0.31990032161341553,0.003503965092539585,25,valida
50062114,2024-11-01,2025-04-30,semestral,-3.0745774558257324,0.024067381213564887,22,valida
50062114,2024-12-01,2025-05-31,semestral,-3.852929332172692,0.03431061869262486,23,valida
50062114,2025-01-01,2025-06-30,semestral,-3.3720388671487473,0.025511362754628952,26,valida
50062114,2025-02-01,2025-07-31,semestral,0.15861980786317648,0.001920204687453797,22,valida
50062114,2025-03-01,2025-08-31,semestral,0.4167623693268852,0.019851224648460786,25,valida
50062114,2025-04-01,2025-09-30,semestral,0.47072778199372356,0.01822443535095175,25,valida
50062114,2025-05-01,2025-10-31,semestral,0.38621495674667444,0.010266714223736706,28,valida
50062114,2025-06-01,2025-11-30,semestral,0.7808949706347352,0.03776980376088346,26,valida
50062114,2025-07-01,2025-12-31,semestral,0.7969742988309432,0.03973908972902718,25,valida
50062114,2025-08-01,2026-01-31,semestral,0.9663731086483575,0.02862581596985392,25,valida
50062114,2025-09-01,2026-02-28,semestral,-0.2783905151558192,0.0008050673566556421,28,valida
50062114,2025-10-01,2026-03-31,semestral,-2.891168868995221,0.06405241600655565,29,valida
50062114,2025-11-01,2026-04-30,semestral,-1.757170824624641,0.02794884531098596,28,valida
50062115,2024-01-01,2024-01-31,mensual,-3.0538828338773327,0.009764997244766982,17,valida
50062115,2024-02-01,2024-02-29,mensual,-7.557405544740048,0.03254315094957472,20,valida
50062115,2024-03-01,2024-03-31,mensual,,,30,precio constante
50062115,2024-04-01,2024-04-30,mensual,-2.2273624617155314,0.0070662481953643885,23,valida
50062115,2024-05-01,2024-05-31,mensual,-3.468800105777708,0.0357142857142857,15,valida
50062115,2024-06-01,2024-06-30,mensual,-2.3212967496522743,0.014438353974934759,16,valida
50062115,2024-07-01,2024-07-31,mensual,5.992079337357471,0.027281892953527898,22,valida
50062115,2024-08-01,2024-08-31,mensual,-1.1479126727899756,0.028495359268190246,31,valida
50062115,2024-09-01,2024-09-30,mensual,-0.7818002266179718,0.03896818166927174,25,valida
50062115,2024-10-01,2024-10-31,mensual,0.6568600720207594,0.042215230390791225,18,valida
50062115,2024-11-01,2024-11-30,mensual,1.9183819177476384,0.008040612907476263,24,valida
50062115,2024-12-01,2024-12-31,mensual,,,19,precio constante
50062115,2025-01-01,2025-01-31,mensual,-6.94702776846967,0.028886292551958848,23,valida
50062115,2025-02-01,2025-02-28,mensual,,,22,precio constante
50062115,2025-03-01,2025-03-31,mensual,,,21,precio constante
50062115,2025-04-01,2025-04-30,mensual,,,23,precio constante
50062115,2025-05-01,2025-05-31,mensual,,,21,precio constante
50062115,2025-06-01,2025-06-30,mensual,-4.678254834069195,0.03577077313805899,13,valida
50062115,2025-07-01,2025-07-31,mensual,0.4631979372592099,0.011434236665556874,25,valida
50062115,2025-08-01,2025-08-31,mensual,-0.20169031524644962,0.0008950685572058914,27,valida
50062115,2025-09-01,2025-09-30,mensual,-3.0000040739290403,0.012041984631187663,27,valida
50062115,2025-10-01,2025-10-31,mensual,,,30,precio constante
50062115,2025-11-01,2025-11-30,mensual,1.2824984553893097,0.00992927528562848,22,valida
50062115,2025-12-01,2025-12-31,mensual,,,6,precio constante
50062115,2026-01-01,2026-01-31,mensual,-0.7402294867978926,0.0006317828795299185,14,valida
50062115,2026-02-01,2026-02-28,mensual,,,18,precio constante
50062115,2026-03-01,2026-03-31,mensual,5.426219038744229,0.05050604605592557,26,valida
50062115,2026-04-01,2026-04-30,mensual,0.522524480897823,0.0004456672383648108,19,valida
50062115,2024-01-01,2024-03-31,trimestral,-4.857514993351428,0.011166896390099268,67,valida
50062115,2024-02-01,2024-04-30,trimestral,-3.016916080128672,0.006945084412126601,73,valida
50062115,2024-03-01,2024-05-31,trimestral,-1.9579120670614159,0.004095736294814634,68,valida
50062115,2024-04-01,2024-06-30,trimestral,-1.9923448504859798,0.006964579354532208,54,valida
50062115,2024-05-01,2024-07-31,trimestral,0.008881312056548539,1.144493938509683e-07,53,valida
50062115,2024-06-01,2024-08-31,trimestral,-1.2747414754534923,0.017154531874703616,69,valida
50062115,2024-07-01,2024-09-30,trimestral,-0.34379654926468867,0.006101884111263223,78,valida
50062115,2024-08-01,2024-10-31,trimestral,0.03453030979857546,9.253187147240105e-05,74,valida
50062115,2024-09-01,2024-11-30,trimestral,0.028491233980003094,6.229524160794586e-05,67,valida
50062115,2024-10-01,2024-12-31,trimestral,0.3183616353246802,0.004571179196938169,61,valida
50062115,2024-11-01,2025-01-31,trimestral,-0.616749791672223,0.00035332984318858784,66,valida
50062115,2024-12-01,2025-02-28,trimestral,-5.512849525572605,0.00800175083781618,64,valida
50062115,2025-01-01,2025-03-31,trimestral,-4.943224093790944,0.006292848081693836,66,valida
50062115,2025-02-01,2025-04-30,trimestral,,,66,precio constante
50062115,2025-03-01,2025-05-31,trimestral,,,65,precio constante
50062115,2025-04-01,2025-06-30,trimestral,-3.018041268031514,0.004349713564507307,57,valida
50062115,2025-05-01,2025-07-31,trimestral,0.14861621735774594,0.0005983084447175324,59,valida
50062115,2025-06-01,2025-08-31,trimestral,0.11271914072289611,0.00042162183034910594,65,valida
50062115,2025-07-01,2025-09-30,trimestral,-0.007956048146167932,1.991081445384957e-06,79,valida
50062115,2025-08-01,2025-10-31,trimestral,-0.3264461399029456,0.0008654957883972303,84,valida
50062115,2025-09-01,2025-11-30,trimestral,0.5948859336890493,0.0008428748583313439,79,valida
50062115,2025-10-01,2025-12-31,trimestral,-0.0742872964713808,6.783935981502509e-05,58,valida
50062115,2025-11-01,2026-01-31,trimestral,0.579131644079098,0.006810871944267216,42,valida
50062115,2025-12-01,2026-02-28,trimestral,0.08506234055676892,5.9102063527660675e-06,38,valida
50062115,2026-01-01,2026-03-31,trimestral,2.559194513966916,0.007492614323311719,58,valida
50062115,2026-02-01,2026-04-30,trimestral,2.8506414990842095,0.010644299522704848,63,valida
50062115,2024-01-01,2024-06-30,semestral,-3.067994971179943,0.009249641683023002,121,valida
50062115,2024-02-01,2024-07-31,semestral,-1.7393864685338762,0.0028435144431969706,126,valida
50062115,2024-03-01,2024-08-31,semestral,-1.2541210508074032,0.008679214885246589,137,valida
50062115,2024-04-01,2024-09-30,semestral,-0.4258978291318251,0.006457167274505848,132,valida
50062115,2024-05-01,2024-10-31,semestral,-0.19592251256046678,0.00231484835759288,127,valida
50062115,2024-06-01,2024-11-30,semestral,-0.14929129061579988,0.0011946104286897352,136,valida
50062115,2024-07-01,2024-12-31,semestral,-0.034262029769666996,5.8223985802019484e-05,139,valida
50062115,2024-08-01,2025-01-31,semestral,0.06564902615947603,0.00020173672140355592,140,valida
50062115,2024-09-01,2025-02-28,semestral,0.13142458238405702,0.0007618847670440854,131,valida
50062115,2024-10-01,2025-03-31,semestral,0.2714895095519032,0.001578482903695999,127,valida
50062115,2024-11-01,2025-04-30,semestral,0.10337636523288748,5.7142627548634195e-06,132,valida
50062115,2024-12-01,2025-05-31,semestral,-4.2073298635375815,0.0027692243287694707,129,valida
50062115,2025-01-01,2025-06-30,semestral,-4.051866516308086,0.005391488559635227,123,valida
50062115,2025-02-01,2025-07-31,semestral,-0.03824324378831395,2.083910957684232e-05,125,valida
50062115,2025-03-01,2025-08-31,semestral,-0.0881910675866394,0.00014606533961114554,130,valida
50062115,2025-04-01,2025-09-30,semestral,-0.14308907828108047,0.0004039064504880452,136,valida
50062115,2025-05-01,2025-10-31,semestral,-0.04015612301223434,2.794691430174634e-05,143,valida
50062115,2025-06-01,2025-11-30,semestral,0.015074109374058502,4.222192850455997e-06,144,valida
50062115,2025-07-01,2025-12-31,semestral,-0.0354570412987386,3.169132101399352e-05,137,valida
50062115,2025-08-01,2026-01-31,semestral,0.38196705829553557,0.0031073281099752714,126,valida
50062115,2025-09-01,2026-02-28,semestral,0.5325366355461723,0.006746390089120369,117,valida
50062115,2025-10-01,2026-03-31,semestral,0.4372636272744899,0.004778956847484306,116,valida
50062115,2025-11-01,2026-04-30,semestral,0.601145984390977,0.005585976542481275,105,valida
50062116,2024-02-01,2024-02-29,mensual,,,1,n<3
50062116,2024-03-01,2024-03-31,mensual,,,0,n<3
50062116,2024-04-01,2024-04-30,mensual,,,2,n<3
50062116,2024-05-01,2024-05-31,mensual,,,0,n<3
50062116,2024-06-01,2024-06-30,mensual,,,0,n<3
50062116,2024-07-01,2024-07-31,mensual,,,0,n<3
50062116,2024-08-01,2024-08-31,mensual,,,1,n<3
50062116,2024-09-01,2024-09-30,mensual,,,0,n<3
50062116,2024-10-01,2024-10-31,mensual,,,0,n<3
50062116,2024-11-01,2024-11-30,mensual,,,1,n<3
50062116,2024-12-01,2024-12-31,mensual,,,0,n<3
50062116,2025-01-01,2025-01-31,mensual,,,1,n<3
50062116,2025-02-01,2025-02-28,mensual,,,0,n<3
50062116,2025-03-01,2025-03-31,mensual,,,0,n<3
50062116,2025-04-01,2025-04-30,mensual,,,1,n<3
50062116,2025-05-01,2025-05-31,mensual,,,2,n<3
50062116,2024-02-01,2024-04-30,trimestral,,,3,precio constante
50062116,2024-03-01,2024-05-31,trimestral,,,2,n<3
50062116,2024-04-01,2024-06-30,trimestral,,,2,n<3
50062116,2024-05-01,2024-07-31,trimestral,,,0,n<3
50062116,2024-06-01,2024-08-31,trimestral,,,1,n<3
50062116,2024-07-01,2024-09-30,trimestral,,,1,n<3
50062116,2024-08-01,2024-10-31,trimestral,,,1,n<3
50062116,2024-09-01,2024-11-30,trimestral,,,1,n<3
50062116,2024-10-01,2024-12-31,trimestral,,,1,n<3
50062116,2024-11-01,2025-01-31,trimestral,,,2,n<3
50062116,2024-12-01,2025-02-28,trimestral,,,1,n<3
50062116,2025-01-01,2025-03-31,trimestral,,,1,n<3
50062116,2025-02-01,2025-04-30,trimestral,,,1,n<3
50062116,2025-03-01,2025-05-31,trimestral,-7.692563830040393,0.2507877248942574,3,valida
50062116,2024-02-01,2024-07-31,semestral,,,3,precio constante
50062116,2024-03-01,2024-08-31,semestral,,,3,precio constante
50062116,2024-04-01,2024-09-30,semestral,,,3,precio constante
50062116,2024-05-01,2024-10-31,semestral,,,1,n<3
50062116,2024-06-01,2024-11-30,semestral,,,2,n<3
50062116,2024-07-01,2024-12-31,semestral,,,2,n<3
50062116,2024-08-01,2025-01-31,semestral,,,3,qty constante
50062116,2024-09-01,2025-02-28,semestral,,,2,n<3
50062116,2024-10-01,2025-03-31,semestral,,,2,n<3
50062116,2024-11-01,2025-04-30,semestral,,,3,qty constante
50062116,2024-12-01,2025-05-31,semestral,-5.1355470026164705,0.11173405540220283,4,valida
50062117,2024-01-01,2024-01-31,mensual,,,4,precio constante
50062117,2024-02-01,2024-02-29,mensual,-2.6291814561780713,0.25027805557741556,3,valida
50062117,2024-03-01,2024-03-31,mensual,,,4,precio constante
50062117,2024-04-01,2024-04-30,mensual,,,4,precio constante
50062117,2024-05-01,2024-05-31,mensual,,,2,n<3
50062117,2024-06-01,2024-06-30,mensual,,,3,precio constante
50062117,2024-07-01,2024-07-31,mensual,,,1,n<3
50062117,2024-08-01,2024-08-31,mensual,,,4,precio constante
50062117,2024-09-01,2024-09-30,mensual,,,1,n<3
50062117,2024-10-01,2024-10-31,mensual,,,2,n<3
50062117,2024-11-01,2024-11-30,mensual,,,2,n<3
50062117,2024-12-01,2024-12-31,mensual,,,3,precio constante
50062117,2025-01-01,2025-01-31,mensual,,,2,n<3
50062117,2025-02-01,2025-02-28,mensual,,,1,n<3
50062117,2025-03-01,2025-03-31,mensual,,,2,n<3
50062117,2025-04-01,2025-04-30,mensual,,,3,precio constante
50062117,2025-05-01,2025-05-31,mensual,,,1,n<3
50062117,2025-06-01,2025-06-30,mensual,,,1,n<3
50062117,2025-07-01,2025-07-31,mensual,,,0,n<3
50062117,2025-08-01,2025-08-31,mensual,-4.002389494878044,0.9758266614618231,3,valida
50062117,2025-09-01,2025-09-30,mensual,,,1,n<3
50062117,2025-10-01,2025-10-31,mensual,3.282956365143993,0.08032480866729341,3,valida
50062117,2025-11-01,2025-11-30,mensual,,,3,precio constante
50062117,2025-12-01,2025-12-31,mensual,,,5,precio constante
50062117,2026-01-01,2026-01-31,mensual,,,1,n<3
50062117,2026-02-01,2026-02-28,mensual,10.909789120770904,0.24972463823461777,3,valida
50062117,2026-03-01,2026-03-31,mensual,,,1,n<3
50062117,2026-04-01,2026-04-30,mensual,,,2,n<3
50062117,2024-01-01,2024-03-31,trimestral,-1.6421901992237606,0.1455842069039457,11,valida
50062117,2024-02-01,2024-04-30,trimestral,-2.9081239963850156,0.0661617459153312,11,valida
50062117,2024-03-01,2024-05-31,trimestral,,,10,precio constante
50062117,2024-04-01,2024-06-30,trimestral,,,9,precio constante
50062117,2024-05-01,2024-07-31,trimestral,,,6,precio constante
50062117,2024-06-01,2024-08-31,trimestral,,,8,precio constante
50062117,2024-07-01,2024-09-30,trimestral,,,6,precio constante
50062117,2024-08-01,2024-10-31,trimestral,,,7,precio constante
50062117,2024-09-01,2024-11-30,trimestral,,,5,precio constante
50062117,2024-10-01,2024-12-31,trimestral,,,7,precio constante
50062117,2024-11-01,2025-01-31,trimestral,,,7,precio constante
50062117,2024-12-01,2025-02-28,trimestral,,,6,precio constante
50062117,2025-01-01,2025-03-31,trimestral,,,5,precio constante
50062117,2025-02-01,2025-04-30,trimestral,,,6,precio constante
50062117,2025-03-01,2025-05-31,trimestral,,,6,precio constante
50062117,2025-04-01,2025-06-30,trimestral,,,5,precio constante
50062117,2025-05-01,2025-07-31,trimestral,,,2,n<3
50062117,2025-06-01,2025-08-31,trimestral,-4.101592194131917,0.9697229102828735,4,valida
50062117,2025-07-01,2025-09-30,trimestral,-3.873809632839202,0.9730857510990745,4,valida
50062117,2025-08-01,2025-10-31,trimestral,-2.6297104901659853,0.27027614023971036,7,valida
50062117,2025-09-01,2025-11-30,trimestral,-7.3452662453107465,0.10544978741265276,7,valida
50062117,2025-10-01,2025-12-31,trimestral,-5.584699623658893,0.41922820879404465,11,valida
50062117,2025-11-01,2026-01-31,trimestral,-5.2732091480618015,0.37526184832109355,9,valida
50062117,2025-12-01,2026-02-28,trimestral,4.841344084038229,0.04521236763483272,9,valida
50062117,2026-01-01,2026-03-31,trimestral,7.093480324561838,0.11231848487185014,5,valida
50062117,2026-02-01,2026-04-30,trimestral,7.653619194720472,0.11415635633506738,6,valida
50062117,2024-01-01,2024-06-30,semestral,-1.2738391494414658,0.04016057786824723,20,valida
50062117,2024-02-01,2024-07-31,semestral,-1.8209960983308011,0.02178505205345216,17,valida
50062117,2024-03-01,2024-08-31,semestral,,,18,precio constante
50062117,2024-04-01,2024-09-30,semestral,,,15,precio constante
50062117,2024-05-01,2024-10-31,semestral,,,13,precio constante
50062117,2024-06-01,2024-11-30,semestral,,,13,precio constante
50062117,2024-07-01,2024-12-31,semestral,,,13,precio constante
50062117,2024-08-01,2025-01-31,semestral,,,14,precio constante
50062117,2024-09-01,2025-02-28,semestral,,,11,precio constante
50062117,2024-10-01,2025-03-31,semestral,,,12,precio constante
50062117,2024-11-01,2025-04-30,semestral,,,13,precio constante
50062117,2024-12-01,2025-05-31,semestral,,,12,precio constante
50062117,2025-01-01,2025-06-30,semestral,,,10,precio constante
50062117,2025-02-01,2025-07-31,semestral,,,8,precio constante
50062117,2025-03-01,2025-08-31,semestral,-2.7934067776619598,0.2190190587197115,10,valida
50062117,2025-04-01,2025-09-30,semestral,-3.229590520976277,0.2847642455420022,9,valida
50062117,2025-05-01,2025-10-31,semestral,-2.710370053925654,0.252894950777818,9,valida
50062117,2025-06-01,2025-11-30,semestral,-2.540883081289713,0.13367863705041494,11,valida
50062117,2025-07-01,2025-12-31,semestral,-2.9571515266456525,0.27457885556214134,15,valida
50062117,2025-08-01,2026-01-31,semestral,-2.783824947412162,0.2579046440079297,16,valida
50062117,2025-09-01,2026-02-28,semestral,-3.465909695728711,0.12371268869981933,16,valida
50062117,2025-10-01,2026-03-31,semestral,-4.065432349458377,0.17678517564833562,16,valida
50062117,2025-11-01,2026-04-30,semestral,-3.567785389221679,0.10897179637661658,15,valida
50062118,2024-03-01,2024-03-31,mensual,,,1,n<3
50062118,2024-04-01,2024-04-30,mensual,,,0,n<3
50062118,2024-05-01,2024-05-31,mensual,,,0,n<3
50062118,2024-06-01,2024-06-30,mensual,,,1,n<3
50062118,2024-07-01,2024-07-31,mensual,,,0,n<3
50062118,2024-08-01,2024-08-31,mensual,,,0,n<3
50062118,2024-09-01,2024-09-30,mensual,,,0,n<3
50062118,2024-10-01,2024-10-31,mensual,,,1,n<3
50062118,2024-11-01,2024-11-30,mensual,,,0,n<3
50062118,2024-12-01,2024-12-31,mensual,,,0,n<3
50062118,2025-01-01,2025-01-31,mensual,,,1,n<3
50062118,2025-02-01,2025-02-28,mensual,,,1,n<3
50062118,2025-03-01,2025-03-31,mensual,,,1,n<3
50062118,2025-04-01,2025-04-30,mensual,,,0,n<3
50062118,2025-05-01,2025-05-31,mensual,,,1,n<3
50062118,2025-06-01,2025-06-30,mensual,,,1,n<3
50062118,2025-07-01,2025-07-31,mensual,,,0,n<3
50062118,2025-08-01,2025-08-31,mensual,,,1,n<3
50062118,2025-09-01,2025-09-30,mensual,,,2,n<3
50062118,2025-10-01,2025-10-31,mensual,,,0,n<3
50062118,2025-11-01,2025-11-30,mensual,,,3,precio constante
50062118,2025-12-01,2025-12-31,mensual,,,1,n<3
50062118,2026-01-01,2026-01-31,mensual,,,0,n<3
50062118,2026-02-01,2026-02-28,mensual,,,0,n<3
50062118,2026-03-01,2026-03-31,mensual,,,1,n<3
50062118,2026-04-01,2026-04-30,mensual,,,1,n<3
50062118,2024-03-01,2024-05-31,trimestral,,,1,n<3
50062118,2024-04-01,2024-06-30,trimestral,,,1,n<3
50062118,2024-05-01,2024-07-31,trimestral,,,1,n<3
50062118,2024-06-01,2024-08-31,trimestral,,,1,n<3
50062118,2024-07-01,2024-09-30,trimestral,,,0,n<3
50062118,2024-08-01,2024-10-31,trimestral,,,1,n<3
50062118,2024-09-01,2024-11-30,trimestral,,,1,n<3
50062118,2024-10-01,2024-12-31,trimestral,,,1,n<3
50062118,2024-11-01,2025-01-31,trimestral,,,1,n<3
50062118,2024-12-01,2025-02-28,trimestral,,,2,n<3
50062118,2025-01-01,2025-03-31,trimestral,,,3,precio constante
50062118,2025-02-01,2025-04-30,trimestral,,,2,n<3
50062118,2025-03-01,2025-05-31,trimestral,,,2,n<3
50062118,2025-04-01,2025-06-30,trimestral,,,2,n<3
50062118,2025-05-01,2025-07-31,trimestral,,,2,n<3
50062118,2025-06-01,2025-08-31,trimestral,,,2,n<3
50062118,2025-07-01,2025-09-30,trimestral,,,3,qty constante
50062118,2025-08-01,2025-10-31,trimestral,,,3,qty constante
50062118,2025-09-01,2025-11-30,trimestral,,,5,precio constante
50062118,2025-10-01,2025-12-31,trimestral,,,4,qty constante
50062118,2025-11-01,2026-01-31,trimestral,,,4,qty constante
50062118,2025-12-01,2026-02-28,trimestral,,,1,n<3
50062118,2026-01-01,2026-03-31,trimestral,,,1,n<3
50062118,2026-02-01,2026-04-30,trimestral,,,2,n<3
50062118,2024-03-01,2024-08-31,semestral,,,2,n<3
50062118,2024-04-01,2024-09-30,semestral,,,1,n<3
50062118,2024-05-01,2024-10-31,semestral,,,2,n<3
50062118,2024-06-01,2024-11-30,semestral,,,2,n<3
50062118,2024-07-01,2024-12-31,semestral,,,1,n<3
50062118,2024-08-01,2025-01-31,semestral,,,2,n<3
50062118,2024-09-01,2025-02-28,semestral,,,3,qty constante
50062118,2024-10-01,2025-03-31,semestral,6.815594616267792,0.11111111111111105,4,valida
50062118,2024-11-01,2025-04-30,semestral,,,3,precio constante
50062118,2024-12-01,2025-05-31,semestral,,,4,precio constante
50062118,2025-01-01,2025-06-30,semestral,,,5,precio constante
50062118,2025-02-01,2025-07-31,semestral,,,4,precio constante
50062118,2025-03-01,2025-08-31,semestral,-8.361046812271965,0.3023655666680609,4,valida
50062118,2025-04-01,2025-09-30,semestral,-2.425870823060098,0.06249999999999989,5,valida
50062118,2025-05-01,2025-10-31,semestral,-2.425870823060098,0.06249999999999989,5,valida
50062118,2025-06-01,2025-11-30,semestral,-1.6172472153733193,0.027777777777778123,7,valida
50062118,2025-07-01,2025-12-31,semestral,,,7,qty constante
50062118,2025-08-01,2026-01-31,semestral,,,7,qty constante
50062118,2025-09-01,2026-02-28,semestral,,,6,qty constante
50062118,2025-10-01,2026-03-31,semestral,,,5,qty constante
50062118,2025-11-01,2026-04-30,semestral,,,6,qty constante
50062256,2024-01-01,2024-01-31,mensual,,,1,n<3
50062256,2024-02-01,2024-02-29,mensual,,,2,n<3
50062256,2024-03-01,2024-03-31,mensual,,,2,n<3
50062256,2024-04-01,2024-04-30,mensual,,,1,n<3
50062256,2024-05-01,2024-05-31,mensual,,,1,n<3
50062256,2024-06-01,2024-06-30,mensual,,,0,n<3
50062256,2024-07-01,2024-07-31,mensual,,,2,n<3
50062256,2024-08-01,2024-08-31,mensual,,,1,n<3
50062256,2024-09-01,2024-09-30,mensual,,,0,n<3
50062256,2024-10-01,2024-10-31,mensual,,,2,n<3
50062256,2024-11-01,2024-11-30,mensual,,,1,n<3
50062256,2024-12-01,2024-12-31,mensual,,,1,n<3
50062256,2025-01-01,2025-01-31,mensual,,,2,n<3
50062256,2025-02-01,2025-02-28,mensual,9.698846347435284,1.0,3,valida
50062256,2025-03-01,2025-03-31,mensual,,,1,n<3
50062256,2025-04-01,2025-04-30,mensual,,,1,n<3
50062256,2025-05-01,2025-05-31,mensual,,,1,n<3
50062256,2025-06-01,2025-06-30,mensual,,,0,n<3
50062256,2025-07-01,2025-07-31,mensual,,,2,n<3
50062256,2025-08-01,2025-08-31,mensual,,,0,n<3
50062256,2025-09-01,2025-09-30,mensual,,,4,precio constante
50062256,2025-10-01,2025-10-31,mensual,,,1,n<3
50062256,2025-11-01,2025-11-30,mensual,,,2,n<3
50062256,2025-12-01,2025-12-31,mensual,,,1,n<3
50062256,2026-01-01,2026-01-31,mensual,,,0,n<3
50062256,2026-02-01,2026-02-28,mensual,,,1,n<3
50062256,2024-01-01,2024-03-31,trimestral,,,5,precio constante
50062256,2024-02-01,2024-04-30,trimestral,,,5,precio constante
50062256,2024-03-01,2024-05-31,trimestral,,,4,precio constante
50062256,2024-04-01,2024-06-30,trimestral,,,2,n<3
50062256,2024-05-01,2024-07-31,trimestral,,,3,precio constante
50062256,2024-06-01,2024-08-31,trimestral,,,3,precio constante
50062256,2024-07-01,2024-09-30,trimestral,,,3,precio constante
50062256,2024-08-01,2024-10-31,trimestral,,,3,precio constante
50062256,2024-09-01,2024-11-30,trimestral,,,3,precio constante
50062256,2024-10-01,2024-12-31,trimestral,,,4,precio constante
50062256,2024-11-01,2025-01-31,trimestral,,,4,precio constante
50062256,2024-12-01,2025-02-28,trimestral,6.6243847952461845,0.16208464621429852,6,valida
50062256,2025-01-01,2025-03-31,trimestral,6.6243847952461845,0.16208464621429852,6,valida
50062256,2025-02-01,2025-04-30,trimestral,5.855769407200048,0.13403516991883868,5,valida
50062256,2025-03-01,2025-05-31,trimestral,,,3,precio constante
50062256,2025-04-01,2025-06-30,trimestral,,,2,n<3
50062256,2025-05-01,2025-07-31,trimestral,,,3,precio constante
50062256,2025-06-01,2025-08-31,trimestral,,,2,n<3
50062256,2025-07-01,2025-09-30,trimestral,,,6,precio constante
50062256,2025-08-01,2025-10-31,trimestral,,,5,precio constante
50062256,2025-09-01,2025-11-30,trimestral,,,7,precio constante
50062256,2025-10-01,2025-12-31,trimestral,,,4,precio constante
50062256,2025-11-01,2026-01-31,trimestral,,,3,precio constante
50062256,2025-12-01,2026-02-28,trimestral,,,2,n<3
50062256,2024-01-01,2024-06-30,semestral,,,7,precio constante
50062256,2024-02-01,2024-07-31,semestral,,,8,precio constante
50062256,2024-03-01,2024-08-31,semestral,,,7,precio constante
50062256,2024-04-01,2024-09-30,semestral,,,5,precio constante
50062256,2024-05-01,2024-10-31,semestral,,,6,precio constante
50062256,2024-06-01,2024-11-30,semestral,,,6,precio constante
50062256,2024-07-01,2024-12-31,semestral,,,7,precio constante
50062256,2024-08-01,2025-01-31,semestral,,,7,precio constante
50062256,2024-09-01,2025-02-28,semestral,6.564952083888146,0.13205061852345412,9,valida
50062256,2024-10-01,2025-03-31,semestral,6.913162557615793,0.14169971184182262,10,valida
50062256,2024-11-01,2025-04-30,semestral,5.855769407199811,0.07918088241198284,9,valida
50062256,2024-12-01,2025-05-31,semestral,5.855769407199811,0.07918088241198284,9,valida
50062256,2025-01-01,2025-06-30,semestral,5.30675841573769,0.06802825517698385,8,valida
50062256,2025-02-01,2025-07-31,semestral,6.117252903381596,0.11979624455638749,8,valida
50062256,2025-03-01,2025-08-31,semestral,,,5,precio constante
50062256,2025-04-01,2025-09-30,semestral,,,8,precio constante
50062256,2025-05-01,2025-10-31,semestral,,,8,precio constante
50062256,2025-06-01,2025-11-30,semestral,,,9,precio constante
50062256,2025-07-01,2025-12-31,semestral,,,10,precio constante
50062256,2025-08-01,2026-01-31,semestral,,,8,precio constante
50062256,2025-09-01,2026-02-28,semestral,-5.776200208549081,0.029672864075697136,9,valida
50062257,2024-01-01,2024-01-31,mensual,,,4,precio constante
50062257,2024-02-01,2024-02-29,mensual,,,2,n<3
50062257,2024-03-01,2024-03-31,mensual,,,2,n<3
50062257,2024-04-01,2024-04-30,mensual,,,1,n<3
50062257,2024-05-01,2024-05-31,mensual,,,0,n<3
50062257,2024-06-01,2024-06-30,mensual,,,1,n<3
50062257,2024-07-01,2024-07-31,mensual,,,0,n<3
50062257,2024-08-01,2024-08-31,mensual,,,1,n<3
50062257,2024-09-01,2024-09-30,mensual,,,0,n<3
50062257,2024-10-01,2024-10-31,mensual,,,1,n<3
50062257,2024-11-01,2024-11-30,mensual,,,2,n<3
50062257,2024-12-01,2024-12-31,mensual,,,0,n<3
50062257,2025-01-01,2025-01-31,mensual,,,1,n<3
50062257,2025-02-01,2025-02-28,mensual,,,2,n<3
50062257,2025-03-01,2025-03-31,mensual,,,0,n<3
50062257,2025-04-01,2025-04-30,mensual,,,1,n<3
50062257,2025-05-01,2025-05-31,mensual,,,0,n<3
50062257,2025-06-01,2025-06-30,mensual,,,0,n<3
50062257,2025-07-01,2025-07-31,mensual,,,2,n<3
50062257,2025-08-01,2025-08-31,mensual,,,1,n<3
50062257,2025-09-01,2025-09-30,mensual,,,2,n<3
50062257,2025-10-01,2025-10-31,mensual,,,0,n<3
50062257,2025-11-01,2025-11-30,mensual,,,0,n<3
50062257,2025-12-01,2025-12-31,mensual,,,0,n<3
50062257,2026-01-01,2026-01-31,mensual,,,0,n<3
50062257,2026-02-01,2026-02-28,mensual,,,0,n<3
50062257,2026-03-01,2026-03-31,mensual,,,1,n<3
50062257,2026-04-01,2026-04-30,mensual,,,1,n<3
50062257,2024-01-01,2024-03-31,trimestral,,,8,precio constante
50062257,2024-02-01,2024-04-30,trimestral,,,5,precio constante
50062257,2024-03-01,2024-05-31,trimestral,,,3,precio constante
50062257,2024-04-01,2024-06-30,trimestral,,,2,n<3
50062257,2024-05-01,2024-07-31,trimestral,,,1,n<3
50062257,2024-06-01,2024-08-31,trimestral,,,2,n<3
50062257,2024-07-01,2024-09-30,trimestral,,,1,n<3
50062257,2024-08-01,2024-10-31,trimestral,,,2,n<3
50062257,2024-09-01,2024-11-30,trimestral,,,3,precio constante
50062257,2024-10-01,2024-12-31,trimestral,,,3,precio constante
50062257,2024-11-01,2025-01-31,trimestral,-7.096915343597734,0.2500000000000001,3,valida
50062257,2024-12-01,2025-02-28,trimestral,,,3,precio constante
50062257,2025-01-01,2025-03-31,trimestral,,,3,precio constante
50062257,2025-02-01,2025-04-30,trimestral,,,3,precio constante
50062257,2025-03-01,2025-05-31,trimestral,,,1,n<3
50062257,2025-04-01,2025-06-30,trimestral,,,1,n<3
50062257,2025-05-01,2025-07-31,trimestral,,,2,n<3
50062257,2025-06-01,2025-08-31,trimestral,,,3,precio constante
50062257,2025-07-01,2025-09-30,trimestral,1.6452789685258202,0.06249999999999989,5,valida
50062257,2025-08-01,2025-10-31,trimestral,,,3,qty constante
50062257,2025-09-01,2025-11-30,trimestral,,,2,n<3
50062257,2025-10-01,2025-12-31,trimestral,,,0,n<3
50062257,2025-11-01,2026-01-31,trimestral,,,0,n<3
50062257,2025-12-01,2026-02-28,trimestral,,,0,n<3
50062257,2026-01-01,2026-03-31,trimestral,,,1,n<3
50062257,2026-02-01,2026-04-30,trimestral,,,2,n<3
50062257,2024-01-01,2024-06-30,semestral,,,10,precio constante
50062257,2024-02-01,2024-07-31,semestral,,,6,precio constante
50062257,2024-03-01,2024-08-31,semestral,-1.173648223982957,0.13403516991883868,5,valida
50062257,2024-04-01,2024-09-30,semestral,-1.943900621557026,1.0,3,valida
50062257,2024-05-01,2024-10-31,semestral,-1.9439006215570371,1.0,3,valida
50062257,2024-06-01,2024-11-30,semestral,-1.457925466167771,0.3750000000000001,5,valida
50062257,2024-07-01,2024-12-31,semestral,-1.2959337477046886,0.33333333333333337,4,valida
50062257,2024-08-01,2025-01-31,semestral,-1.4633821644124272,0.4107701683984093,5,valida
50062257,2024-09-01,2025-02-28,semestral,3.201549869336337e-13,2.220446049250313e-16,6,valida
50062257,2024-10-01,2025-03-31,semestral,3.201549869336337e-13,2.220446049250313e-16,6,valida
50062257,2024-11-01,2025-04-30,semestral,2.075714673398382,0.012031109336411938,6,valida
50062257,2024-12-01,2025-05-31,semestral,,,4,precio constante
50062257,2025-01-01,2025-06-30,semestral,,,4,precio constante
50062257,2025-02-01,2025-07-31,semestral,,,5,precio constante
50062257,2025-03-01,2025-08-31,semestral,,,4,precio constante
50062257,2025-04-01,2025-09-30,semestral,3.402387549491391,0.09286657276777521,6,valida
50062257,2025-05-01,2025-10-31,semestral,1.6452789685258202,0.06249999999999989,5,valida
50062257,2025-06-01,2025-11-30,semestral,1.6452789685258202,0.06249999999999989,5,valida
50062257,2025-07-01,2025-12-31,semestral,1.6452789685258202,0.06249999999999989,5,valida
50062257,2025-08-01,2026-01-31,semestral,,,3,qty constante
50062257,2025-09-01,2026-02-28,semestral,,,2,n<3
50062257,2025-10-01,2026-03-31,semestral,,,1,n<3
50062257,2025-11-01,2026-04-30,semestral,,,2,n<3
50062258,2024-02-01,2024-02-29,mensual,,,1,n<3
50062258,2024-03-01,2024-03-31,mensual,,,5,precio constante
50062258,2024-04-01,2024-04-30,mensual,,,0,n<3
50062258,2024-05-01,2024-05-31,mensual,,,1,n<3
50062258,2024-06-01,2024-06-30,mensual,,,0,n<3
50062258,2024-07-01,2024-07-31,mensual,,,1,n<3
50062258,2024-08-01,2024-08-31,mensual,,,2,n<3
50062258,2024-09-01,2024-09-30,mensual,,,0,n<3
50062258,2024-10-01,2024-10-31,mensual,,,1,n<3
50062258,2024-11-01,2024-11-30,mensual,,,1,n<3
50062258,2024-12-01,2024-12-31,mensual,,,2,n<3
50062258,2025-01-01,2025-01-31,mensual,,,1,n<3
50062258,2025-02-01,2025-02-28,mensual,,,1,n<3
50062258,2025-03-01,2025-03-31,mensual,,,2,n<3
50062258,2025-04-01,2025-04-30,mensual,,,0,n<3
50062258,2025-05-01,2025-05-31,mensual,,,1,n<3
50062258,2025-06-01,2025-06-30,mensual,,,2,n<3
50062258,2025-07-01,2025-07-31,mensual,,,2,n<3
50062258,2025-08-01,2025-08-31,mensual,,,1,n<3
50062258,2025-09-01,2025-09-30,mensual,,,2,n<3
50062258,2025-10-01,2025-10-31,mensual,,,2,n<3
50062258,2025-11-01,2025-11-30,mensual,,,1,n<3
50062258,2025-12-01,2025-12-31,mensual,,,2,n<3
50062258,2026-01-01,2026-01-31,mensual,,,0,n<3
50062258,2026-02-01,2026-02-28,mensual,,,1,n<3
50062258,2026-03-01,2026-03-31,mensual,,,3,precio constante
50062258,2024-02-01,2024-04-30,trimestral,,,6,precio constante
50062258,2024-03-01,2024-05-31,trimestral,,,6,precio constante
50062258,2024-04-01,2024-06-30,trimestral,,,1,n<3
50062258,2024-05-01,2024-07-31,trimestral,,,2,n<3
50062258,2024-06-01,2024-08-31,trimestral,,,3,qty constante
50062258,2024-07-01,2024-09-30,trimestral,,,3,qty constante
50062258,2024-08-01,2024-10-31,trimestral,,,3,qty constante
50062258,2024-09-01,2024-11-30,trimestral,,,2,n<3
50062258,2024-10-01,2024-12-31,trimestral,-3.232948782478539,0.11111111111111105,4,valida
50062258,2024-11-01,2025-01-31,trimestral,,,4,precio constante
50062258,2024-12-01,2025-02-28,trimestral,,,4,precio constante
50062258,2025-01-01,2025-03-31,trimestral,,,4,precio constante
50062258,2025-02-01,2025-04-30,trimestral,,,3,precio constante
50062258,2025-03-01,2025-05-31,trimestral,,,3,precio constante
50062258,2025-04-01,2025-06-30,trimestral,,,3,precio constante
50062258,2025-05-01,2025-07-31,trimestral,,,5,precio constante
50062258,2025-06-01,2025-08-31,trimestral,1.4579254661677445,0.140625,5,valida
50062258,2025-07-01,2025-09-30,trimestral,0.4859751553892639,0.06249999999999989,5,valida
50062258,2025-08-01,2025-10-31,trimestral,1.1283993667155887,0.06249999999999978,5,valida
50062258,2025-09-01,2025-11-30,trimestral,,,5,precio constante
50062258,2025-10-01,2025-12-31,trimestral,,,5,precio constante
50062258,2025-11-01,2026-01-31,trimestral,,,3,precio constante
50062258,2025-12-01,2026-02-28,trimestral,-13.910476189872718,1.0,3,valida
50062258,2026-01-01,2026-03-31,trimestral,,,4,precio constante
50062258,2024-02-01,2024-07-31,semestral,,,8,precio constante
50062258,2024-03-01,2024-08-31,semestral,,,9,qty constante
50062258,2024-04-01,2024-09-30,semestral,,,4,qty constante
50062258,2024-05-01,2024-10-31,semestral,,,5,qty constante
50062258,2024-06-01,2024-11-30,semestral,,,5,qty constante
50062258,2024-07-01,2024-12-31,semestral,-1.9397692694872462,0.0666666666666671,7,valida
50062258,2024-08-01,2025-01-31,semestral,-3.8795385389742423,0.15999999999999992,7,valida
50062258,2024-09-01,2025-02-28,semestral,-6.95400009116256,0.18075022506174077,6,valida
50062258,2024-10-01,2025-03-31,semestral,-4.9671429222590415,0.07898482222060244,8,valida
50062258,2024-11-01,2025-04-30,semestral,,,7,precio constante
50062258,2024-12-01,2025-05-31,semestral,,,7,precio constante
50062258,2025-01-01,2025-06-30,semestral,,,7,precio constante
50062258,2025-02-01,2025-07-31,semestral,,,8,precio constante
50062258,2025-03-01,2025-08-31,semestral,1.110800355175442,0.0714285714285714,8,valida
50062258,2025-04-01,2025-09-30,semestral,1.1108003551754417,0.07142857142857151,8,valida
50062258,2025-05-01,2025-10-31,semestral,1.3654666614544972,0.060053406058583336,10,valida
50062258,2025-06-01,2025-11-30,semestral,1.1494777035037453,0.04163205087289512,10,valida
50062258,2025-07-01,2025-12-31,semestral,1.149477703503692,0.05661014582239532,10,valida
50062258,2025-08-01,2026-01-31,semestral,1.2001998157109175,0.06596595387349391,8,valida
50062258,2025-09-01,2026-02-28,semestral,-8.588582551181554,0.0659659538734938,8,valida
50062258,2025-10-01,2026-03-31,semestral,-12.024015571654063,0.31233874138687756,9,valida
50062263,2024-01-01,2024-01-31,mensual,3.812418687824333,0.24974770716799022,3,valida
50062263,2024-02-01,2024-02-29,mensual,-14.020300193696936,0.21188519203275413,4,valida
50062263,2024-03-01,2024-03-31,mensual,,,5,precio constante
50062263,2024-04-01,2024-04-30,mensual,,,2,n<3
50062263,2024-05-01,2024-05-31,mensual,,,2,n<3
50062263,2024-06-01,2024-06-30,mensual,,,5,precio constante
50062263,2024-07-01,2024-07-31,mensual,,,1,n<3
50062263,2024-08-01,2024-08-31,mensual,-1.2004154798883921,0.16095886767981626,7,valida
50062263,2024-09-01,2024-09-30,mensual,,,2,n<3
50062263,2024-10-01,2024-10-31,mensual,,,4,precio constante
50062263,2024-11-01,2024-11-30,mensual,-14.565211319924499,0.7492355789012579,3,valida
50062263,2024-12-01,2024-12-31,mensual,,,2,n<3
50062263,2025-01-01,2025-01-31,mensual,,,3,precio constante
50062263,2025-02-01,2025-02-28,mensual,-1.3879971480634632,0.42851639830248867,3,valida
50062263,2025-03-01,2025-03-31,mensual,,,0,n<3
50062263,2025-04-01,2025-04-30,mensual,,,2,n<3
50062263,2025-05-01,2025-05-31,mensual,,,1,n<3
50062263,2025-06-01,2025-06-30,mensual,,,1,n<3
50062263,2025-07-01,2025-07-31,mensual,,,2,n<3
50062263,2025-08-01,2025-08-31,mensual,-0.32492538413313105,0.0026453310570462296,5,valida
50062263,2025-09-01,2025-09-30,mensual,,,3,precio constante
50062263,2025-10-01,2025-10-31,mensual,,,2,n<3
50062263,2025-11-01,2025-11-30,mensual,,,3,precio constante
50062263,2025-12-01,2025-12-31,mensual,,,1,n<3
50062263,2026-01-01,2026-01-31,mensual,,,3,precio constante
50062263,2026-02-01,2026-02-28,mensual,,,1,n<3
50062263,2026-03-01,2026-03-31,mensual,,,2,n<3
50062263,2026-04-01,2026-04-30,mensual,,,3,precio constante
50062263,2024-01-01,2024-03-31,trimestral,1.5282211074558314,0.01935744156812791,12,valida
50062263,2024-02-01,2024-04-30,trimestral,-7.000188444651183,0.03079059675828877,11,valida
50062263,2024-03-01,2024-05-31,trimestral,,,9,precio constante
50062263,2024-04-01,2024-06-30,trimestral,,,9,precio constante
50062263,2024-05-01,2024-07-31,trimestral,,,8,precio constante
50062263,2024-06-01,2024-08-31,trimestral,-0.699433941309055,0.043455047389228785,13,valida
50062263,2024-07-01,2024-09-30,trimestral,-0.6577741405818606,0.0546779422573348,10,valida
50062263,2024-08-01,2024-10-31,trimestral,-0.6993883660702046,0.06049915936621686,13,valida
50062263,2024-09-01,2024-11-30,trimestral,-7.3215614930700434,0.12605235532196124,9,valida
50062263,2024-10-01,2024-12-31,trimestral,-6.109376059802862,0.08310636378357672,9,valida
50062263,2024-11-01,2025-01-31,trimestral,-8.821457951172713,0.11267548932764704,8,valida
50062263,2024-12-01,2025-02-28,trimestral,-0.04455000494218009,0.00012832620094427316,8,valida
50062263,2025-01-01,2025-03-31,trimestral,-0.00701151081856419,3.14512421295543e-06,6,valida
50062263,2025-02-01,2025-04-30,trimestral,-0.13651733894681725,0.0022496644584339975,5,valida
50062263,2025-03-01,2025-05-31,trimestral,,,3,precio constante
50062263,2025-04-01,2025-06-30,trimestral,,,4,precio constante
50062263,2025-05-01,2025-07-31,trimestral,,,4,precio constante
50062263,2025-06-01,2025-08-31,trimestral,-0.6316548865481358,0.008837020816924834,8,valida
50062263,2025-07-01,2025-09-30,trimestral,1.0572993656288827,0.007721312285497217,10,valida
50062263,2025-08-01,2025-10-31,trimestral,0.363986704023095,0.0007566493129341767,10,valida
50062263,2025-09-01,2025-11-30,trimestral,,,8,precio constante
50062263,2025-10-01,2025-12-31,trimestral,,,6,precio constante
50062263,2025-11-01,2026-01-31,trimestral,,,7,precio constante
50062263,2025-12-01,2026-02-28,trimestral,8.491297929720636,0.08355015846636094,5,valida
50062263,2026-01-01,2026-03-31,trimestral,-1.0106194127023165,0.0019022358198638178,6,valida
50062263,2026-02-01,2026-04-30,trimestral,,,6,precio constante
50062263,2024-01-01,2024-06-30,semestral,1.2341739302131665,0.010102278994134961,21,valida
50062263,2024-02-01,2024-07-31,semestral,-6.430134163278727,0.020496607797686583,19,valida
50062263,2024-03-01,2024-08-31,semestral,-0.5826045620122967,0.016363780009667428,22,valida
50062263,2024-04-01,2024-09-30,semestral,-0.5159463966666945,0.019970547362089364,19,valida
50062263,2024-05-01,2024-10-31,semestral,-0.5068963807216331,0.01876192632054763,21,valida
50062263,2024-06-01,2024-11-30,semestral,-0.4581300999886857,0.014261683522027058,22,valida
50062263,2024-07-01,2024-12-31,semestral,-0.5140798863421199,0.022945029036504527,19,valida
50062263,2024-08-01,2025-01-31,semestral,-0.36572314596557964,0.008488012504414222,21,valida
50062263,2024-09-01,2025-02-28,semestral,-0.037891047550640974,6.37030191716903e-05,17,valida
50062263,2024-10-01,2025-03-31,semestral,-0.14602148703147133,0.0009709292830776262,15,valida
50062263,2024-11-01,2025-04-30,semestral,0.12472563060020642,0.0006938953406090409,13,valida
50062263,2024-12-01,2025-05-31,semestral,-0.04976054346879958,0.000131019752807493,11,valida
50062263,2025-01-01,2025-06-30,semestral,-0.17372205930708381,0.0016187707182941935,10,valida
50062263,2025-02-01,2025-07-31,semestral,-0.12707171702532732,0.0017224609603827545,9,valida
50062263,2025-03-01,2025-08-31,semestral,-0.8845866640757596,0.012371345767236863,11,valida
50062263,2025-04-01,2025-09-30,semestral,0.14975303091951148,0.00012150407351474435,14,valida
50062263,2025-05-01,2025-10-31,semestral,-0.22945638455744982,0.0002755283136104403,14,valida
50062263,2025-06-01,2025-11-30,semestral,-0.4079153568625628,0.0008411550145189794,16,valida
50062263,2025-07-01,2025-12-31,semestral,-0.2001409291185885,0.00021152630719722954,16,valida
50062263,2025-08-01,2026-01-31,semestral,-0.1281783584029911,6.206057618429739e-05,17,valida
50062263,2025-09-01,2026-02-28,semestral,9.326866896116591,0.03989160404656522,13,valida
50062263,2025-10-01,2026-03-31,semestral,3.767718857875622,0.030323876382910897,12,valida
50062263,2025-11-01,2026-04-30,semestral,0.02476057049238331,1.7749283024448559e-06,13,valida
50062270,2024-01-01,2024-01-31,mensual,-1.987056579782588,0.0199646185055099,27,valida
50062270,2024-02-01,2024-02-29,mensual,,,19,precio constante
50062270,2024-03-01,2024-03-31,mensual,,,15,precio constante
50062270,2024-04-01,2024-04-30,mensual,,,7,precio constante
50062270,2024-05-01,2024-05-31,mensual,,,9,precio constante
50062270,2024-06-01,2024-06-30,mensual,-1.6147259266788716,0.0277777777777779,7,valida
50062270,2024-07-01,2024-07-31,mensual,,,9,precio constante
50062270,2024-08-01,2024-08-31,mensual,-0.3254488483944207,0.011063015857012859,35,valida
50062270,2024-09-01,2024-09-30,mensual,-0.09892148227100346,0.001132982144111394,32,valida
50062270,2024-10-01,2024-10-31,mensual,0.4902871478146589,0.03804709099356973,23,valida
50062270,2024-11-01,2024-11-30,mensual,,,20,precio constante
50062270,2024-12-01,2024-12-31,mensual,,,16,precio constante
50062270,2025-01-01,2025-01-31,mensual,-1.1044499557646048,0.06827925485116171,26,valida
50062270,2025-02-01,2025-02-28,mensual,-2.426794540884539,0.06249999999999978,15,valida
50062270,2025-03-01,2025-03-31,mensual,3.8572515413791746,0.033297405537583535,18,valida
50062270,2025-04-01,2025-04-30,mensual,,,17,precio constante
50062270,2025-05-01,2025-05-31,mensual,,,11,precio constante
50062270,2025-06-01,2025-06-30,mensual,,,12,precio constante
50062270,2025-07-01,2025-07-31,mensual,0.7124404190206117,0.018452028175219737,13,valida
50062270,2025-08-01,2025-08-31,mensual,0.0079692932995901,8.8980345145373e-06,24,valida
50062270,2025-09-01,2025-09-30,mensual,-3.3173090161961336,0.011986113492244654,25,valida
50062270,2025-10-01,2025-10-31,mensual,,,22,precio constante
50062270,2025-11-01,2025-11-30,mensual,-0.9373726561463926,0.020777008626921667,27,valida
50062270,2025-12-01,2025-12-31,mensual,-4.166369658792453,0.056176828753159325,16,valida
50062270,2026-01-01,2026-01-31,mensual,-4.019368490108525,0.016525003060307686,25,valida
50062270,2026-02-01,2026-02-28,mensual,-0.5388344901945018,0.0030864197530859894,19,valida
50062270,2026-03-01,2026-03-31,mensual,,,19,precio constante
50062270,2026-04-01,2026-04-30,mensual,-3.4841748083649007,0.022589653782273178,15,valida
50062270,2024-01-01,2024-03-31,trimestral,-2.0955212816903273,0.010312051663501132,61,valida
50062270,2024-02-01,2024-04-30,trimestral,,,41,precio constante
50062270,2024-03-01,2024-05-31,trimestral,,,31,precio constante
50062270,2024-04-01,2024-06-30,trimestral,-2.6158600350436525,0.015718414740369502,23,valida
50062270,2024-05-01,2024-07-31,trimestral,-0.5680108545941296,0.015168050285192303,25,valida
50062270,2024-06-01,2024-08-31,trimestral,-0.5194914362785412,0.025689176851254936,51,valida
50062270,2024-07-01,2024-09-30,trimestral,-0.32475477761355265,0.011478236841195422,76,valida
50062270,2024-08-01,2024-10-31,trimestral,-0.02855954394529769,9.71565012499731e-05,90,valida
50062270,2024-09-01,2024-11-30,trimestral,0.07807635744605393,0.0006412134330181507,75,valida
50062270,2024-10-01,2024-12-31,trimestral,0.4188445098694042,0.011487864744509024,59,valida
50062270,2024-11-01,2025-01-31,trimestral,-0.7847352109814504,0.027170514257535916,62,valida
50062270,2024-12-01,2025-02-28,trimestral,-0.9291193849989342,0.06133749150704915,57,valida
50062270,2025-01-01,2025-03-31,trimestral,-0.5746051904671575,0.02395060911633884,59,valida
50062270,2025-02-01,2025-04-30,trimestral,-0.2661006701735657,0.00017709307634394822,50,valida
50062270,2025-03-01,2025-05-31,trimestral,4.492258659054255,0.02237776302062866,46,valida
50062270,2025-04-01,2025-06-30,trimestral,,,40,precio constante
50062270,2025-05-01,2025-07-31,trimestral,0.4603383052658204,0.004947164874085419,36,valida
50062270,2025-06-01,2025-08-31,trimestral,-0.3218299067094795,0.010490649662939111,49,valida
50062270,2025-07-01,2025-09-30,trimestral,-0.39048583819632005,0.012543980717207748,62,valida
50062270,2025-08-01,2025-10-31,trimestral,-0.5312776707887963,0.019745859462802273,71,valida
50062270,2025-09-01,2025-11-30,trimestral,-1.0983019773468021,0.01397779574605218,74,valida
50062270,2025-10-01,2025-12-31,trimestral,-0.6993856118991245,0.011190070781427197,65,valida
50062270,2025-11-01,2026-01-31,trimestral,-0.3444632758474062,0.0019442548213705058,68,valida
50062270,2025-12-01,2026-02-28,trimestral,-2.9379187226133743,0.018886213747629665,60,valida
50062270,2026-01-01,2026-03-31,trimestral,-3.173754827594846,0.009611909901811932,63,valida
50062270,2026-02-01,2026-04-30,trimestral,-2.8612275030192134,0.010024568066002493,53,valida
50062270,2024-01-01,2024-06-30,semestral,-2.6116038153690115,0.015283441699043498,84,valida
50062270,2024-02-01,2024-07-31,semestral,-2.129199217682386,0.03938594997432887,66,valida
50062270,2024-03-01,2024-08-31,semestral,-0.5520362015524155,0.014326993144332945,82,valida
50062270,2024-04-01,2024-09-30,semestral,-0.294557594517087,0.008056697082279518,99,valida
50062270,2024-05-01,2024-10-31,semestral,-0.097374689166662,0.0010268595416320636,115,valida
50062270,2024-06-01,2024-11-30,semestral,-0.11446756282737816,0.001335571345965958,126,valida
50062270,2024-07-01,2024-12-31,semestral,-0.14913155066308487,0.002117044948392155,135,valida
50062270,2024-08-01,2025-01-31,semestral,-0.20446626093197195,0.003825292283499704,152,valida
50062270,2024-09-01,2025-02-28,semestral,-0.2591154670099869,0.006214632422124833,132,valida
50062270,2024-10-01,2025-03-31,semestral,-0.13067518193161748,0.0011898416896106712,118,valida
50062270,2024-11-01,2025-04-30,semestral,-0.5331935042243872,0.011422473971553826,112,valida
50062270,2024-12-01,2025-05-31,semestral,-0.5923672544759019,0.016412336947321693,103,valida
50062270,2025-01-01,2025-06-30,semestral,-0.6145231349148057,0.0198063609428909,99,valida
50062270,2025-02-01,2025-07-31,semestral,0.3942698784762773,0.0016616178013711957,86,valida
50062270,2025-03-01,2025-08-31,semestral,-0.44733984099295865,0.012630397200292465,95,valida
50062270,2025-04-01,2025-09-30,semestral,-0.5484539582270698,0.018441271357605538,102,valida
50062270,2025-05-01,2025-10-31,semestral,-0.5182330728140355,0.01569250589581117,107,valida
50062270,2025-06-01,2025-11-30,semestral,-0.5958068765317064,0.022131496192948963,123,valida
50062270,2025-07-01,2025-12-31,semestral,-0.550891214836926,0.021630068809942005,127,valida
50062270,2025-08-01,2026-01-31,semestral,-0.5823731222517797,0.025350989775731136,139,valida
50062270,2025-09-01,2026-02-28,semestral,-0.6981682496110923,0.012169035879113,134,valida
50062270,2025-10-01,2026-03-31,semestral,-0.6732686471653218,0.008891149094651385,128,valida
50062270,2025-11-01,2026-04-30,semestral,-0.5867983263244753,0.00384060887536275,121,valida
50062273,2024-01-01,2024-01-31,mensual,,,1,n<3
50062273,2024-02-01,2024-02-29,mensual,,,1,n<3
50062273,2024-03-01,2024-03-31,mensual,,,0,n<3
50062273,2024-04-01,2024-04-30,mensual,,,0,n<3
50062273,2024-05-01,2024-05-31,mensual,,,1,n<3
50062273,2024-06-01,2024-06-30,mensual,,,1,n<3
50062273,2024-07-01,2024-07-31,mensual,,,0,n<3
50062273,2024-08-01,2024-08-31,mensual,,,0,n<3
50062273,2024-09-01,2024-09-30,mensual,,,1,n<3
50062273,2024-10-01,2024-10-31,mensual,,,1,n<3
50062273,2024-11-01,2024-11-30,mensual,,,2,n<3
50062273,2024-12-01,2024-12-31,mensual,,,1,n<3
50062273,2025-01-01,2025-01-31,mensual,,,1,n<3
50062273,2025-02-01,2025-02-28,mensual,,,0,n<3
50062273,2025-03-01,2025-03-31,mensual,,,1,n<3
50062273,2025-04-01,2025-04-30,mensual,,,1,n<3
50062273,2025-05-01,2025-05-31,mensual,,,0,n<3
50062273,2025-06-01,2025-06-30,mensual,,,1,n<3
50062273,2025-07-01,2025-07-31,mensual,,,2,n<3
50062273,2025-08-01,2025-08-31,mensual,,,2,n<3
50062273,2025-09-01,2025-09-30,mensual,,,2,n<3
50062273,2025-10-01,2025-10-31,mensual,,,0,n<3
50062273,2025-11-01,2025-11-30,mensual,,,2,n<3
50062273,2025-12-01,2025-12-31,mensual,,,1,n<3
50062273,2026-01-01,2026-01-31,mensual,,,2,n<3
50062273,2026-02-01,2026-02-28,mensual,,,1,n<3
50062273,2026-03-01,2026-03-31,mensual,,,1,n<3
50062273,2024-01-01,2024-03-31,trimestral,,,2,n<3
50062273,2024-02-01,2024-04-30,trimestral,,,1,n<3
50062273,2024-03-01,2024-05-31,trimestral,,,1,n<3
50062273,2024-04-01,2024-06-30,trimestral,,,2,n<3
50062273,2024-05-01,2024-07-31,trimestral,,,2,n<3
50062273,2024-06-01,2024-08-31,trimestral,,,1,n<3
50062273,2024-07-01,2024-09-30,trimestral,,,1,n<3
50062273,2024-08-01,2024-10-31,trimestral,,,2,n<3
50062273,2024-09-01,2024-11-30,trimestral,,,4,qty constante
50062273,2024-10-01,2024-12-31,trimestral,,,4,qty constante
50062273,2024-11-01,2025-01-31,trimestral,,,4,qty constante
50062273,2024-12-01,2025-02-28,trimestral,,,2,n<3
50062273,2025-01-01,2025-03-31,trimestral,,,2,n<3
50062273,2025-02-01,2025-04-30,trimestral,,,2,n<3
50062273,2025-03-01,2025-05-31,trimestral,,,2,n<3
50062273,2025-04-01,2025-06-30,trimestral,,,2,n<3
50062273,2025-05-01,2025-07-31,trimestral,,,3,precio constante
50062273,2025-06-01,2025-08-31,trimestral,,,5,precio constante
50062273,2025-07-01,2025-09-30,trimestral,,,6,precio constante
50062273,2025-08-01,2025-10-31,trimestral,,,4,precio constante
50062273,2025-09-01,2025-11-30,trimestral,,,4,precio constante
50062273,2025-10-01,2025-12-31,trimestral,,,3,precio constante
50062273,2025-11-01,2026-01-31,trimestral,,,5,precio constante
50062273,2025-12-01,2026-02-28,trimestral,,,4,precio constante
50062273,2026-01-01,2026-03-31,trimestral,,,4,precio constante
50062273,2024-01-01,2024-06-30,semestral,,,4,precio constante
50062273,2024-02-01,2024-07-31,semestral,,,3,precio constante
50062273,2024-03-01,2024-08-31,semestral,,,2,n<3
50062273,2024-04-01,2024-09-30,semestral,,,3,precio constante
50062273,2024-05-01,2024-10-31,semestral,,,4,precio constante
50062273,2024-06-01,2024-11-30,semestral,,,5,qty constante
50062273,2024-07-01,2024-12-31,semestral,,,5,qty constante
50062273,2024-08-01,2025-01-31,semestral,,,6,qty constante
50062273,2024-09-01,2025-02-28,semestral,,,6,qty constante
50062273,2024-10-01,2025-03-31,semestral,,,6,qty constante
50062273,2024-11-01,2025-04-30,semestral,,,6,qty constante
50062273,2024-12-01,2025-05-31,semestral,,,4,qty constante
50062273,2025-01-01,2025-06-30,semestral,,,4,precio constante
50062273,2025-02-01,2025-07-31,semestral,,,5,precio constante
50062273,2025-03-01,2025-08-31,semestral,,,7,precio constante
50062273,2025-04-01,2025-09-30,semestral,,,8,precio constante
50062273,2025-05-01,2025-10-31,semestral,,,7,precio constante
50062273,2025-06-01,2025-11-30,semestral,,,9,precio constante
50062273,2025-07-01,2025-12-31,semestral,,,9,precio constante
50062273,2025-08-01,2026-01-31,semestral,,,9,precio constante
50062273,2025-09-01,2026-02-28,semestral,,,8,precio constante
50062273,2025-10-01,2026-03-31,semestral,,,7,precio constante
50063075,2024-01-01,2024-01-31,mensual,,,5,qty constante
50063075,2024-02-01,2024-02-29,mensual,,,4,precio constante
50063075,2024-03-01,2024-03-31,mensual,-10.725821066672795,0.2526276209628242,4,valida
50063075,2024-04-01,2024-04-30,mensual,,,6,precio constante
50063075,2024-05-01,2024-05-31,mensual,-4.831985081313125,0.24828762269743776,3,valida
50063075,2024-06-01,2024-06-30,mensual,,,3,precio constante
50063075,2024-07-01,2024-07-31,mensual,,,3,precio constante
50063075,2024-08-01,2024-08-31,mensual,0.8814323152845851,0.03511816752162511,5,valida
50063075,2024-09-01,2024-09-30,mensual,,,1,n<3
50063075,2024-10-01,2024-10-31,mensual,,,1,n<3
50063075,2024-11-01,2024-11-30,mensual,,,1,n<3
50063075,2024-12-01,2024-12-31,mensual,,,1,n<3
50063075,2025-01-01,2025-01-31,mensual,,,3,precio constante
50063075,2025-02-01,2025-02-28,mensual,,,2,n<3
50063075,2025-03-01,2025-03-31,mensual,,,4,precio constante
50063075,2025-04-01,2025-04-30,mensual,,,4,precio constante
50063075,2025-05-01,2025-05-31,mensual,,,3,precio constante
50063075,2025-06-01,2025-06-30,mensual,,,1,n<3
50063075,2025-07-01,2025-07-31,mensual,,,2,n<3
50063075,2025-08-01,2025-08-31,mensual,-6.506692823661697,0.04982082590160042,7,valida
50063075,2025-09-01,2025-09-30,mensual,,,5,precio constante
50063075,2025-10-01,2025-10-31,mensual,,,2,n<3
50063075,2025-11-01,2025-11-30,mensual,,,3,precio constante
50063075,2025-12-01,2025-12-31,mensual,,,1,n<3
50063075,2026-01-01,2026-01-31,mensual,,,2,n<3
50063075,2026-02-01,2026-02-28,mensual,,,1,n<3
50063075,2026-03-01,2026-03-31,mensual,,,3,precio constante
50063075,2024-01-01,2024-03-31,trimestral,0.775282830923528,0.011300700620989979,13,valida
50063075,2024-02-01,2024-04-30,trimestral,-7.3261436923609,0.03171899025456859,14,valida
50063075,2024-03-01,2024-05-31,trimestral,-7.5750279280687325,0.07553154321555522,13,valida
50063075,2024-04-01,2024-06-30,trimestral,-6.000791175158556,0.030359766610922878,12,valida
50063075,2024-05-01,2024-07-31,trimestral,-5.5083612484755315,0.09031388558191733,9,valida
50063075,2024-06-01,2024-08-31,trimestral,0.8895990255318561,0.02661911904069214,11,valida
50063075,2024-07-01,2024-09-30,trimestral,0.996521020179134,0.04101177909461973,9,valida
50063075,2024-08-01,2024-10-31,trimestral,1.3833333777599977,0.059460513534601134,7,valida
50063075,2024-09-01,2024-11-30,trimestral,,,3,precio constante
50063075,2024-10-01,2024-12-31,trimestral,-8.360380843645943,0.25044693068161317,3,valida
50063075,2024-11-01,2025-01-31,trimestral,-9.480932914329712,0.3749999999999999,5,valida
50063075,2024-12-01,2025-02-28,trimestral,,,6,precio constante
50063075,2025-01-01,2025-03-31,trimestral,,,9,precio constante
50063075,2025-02-01,2025-04-30,trimestral,,,10,precio constante
50063075,2025-03-01,2025-05-31,trimestral,,,11,precio constante
50063075,2025-04-01,2025-06-30,trimestral,,,8,precio constante
50063075,2025-05-01,2025-07-31,trimestral,,,6,precio constante
50063075,2025-06-01,2025-08-31,trimestral,-5.4272867944309,0.033027039403184966,10,valida
50063075,2025-07-01,2025-09-30,trimestral,-7.950390562637056,0.049023190306888065,14,valida
50063075,2025-08-01,2025-10-31,trimestral,-7.204350719169784,0.03890229482920482,14,valida
50063075,2025-09-01,2025-11-30,trimestral,,,10,precio constante
50063075,2025-10-01,2025-12-31,trimestral,,,6,precio constante
50063075,2025-11-01,2026-01-31,trimestral,14.172783243203384,0.4,6,valida
50063075,2025-12-01,2026-02-28,trimestral,1.57491273801257e-13,0.0,4,valida
50063075,2026-01-01,2026-03-31,trimestral,-10.62958743240298,0.20000000000000018,6,valida
50063075,2024-01-01,2024-06-30,semestral,0.5539120102413223,0.002799201878270985,25,valida
50063075,2024-02-01,2024-07-31,semestral,-6.641937749536864,0.042595003348311455,23,valida
50063075,2024-03-01,2024-08-31,semestral,0.43392769668085623,0.002586698966685619,24,valida
50063075,2024-04-01,2024-09-30,semestral,0.6559255693013588,0.006807789352383242,21,valida
50063075,2024-05-01,2024-10-31,semestral,0.7248353879249184,0.012577516681109513,16,valida
50063075,2024-06-01,2024-11-30,semestral,1.1737352546703876,0.033847291885935604,14,valida
50063075,2024-07-01,2024-12-31,semestral,1.299028614337031,0.051722836956701435,12,valida
50063075,2024-08-01,2025-01-31,semestral,0.4736013125216682,0.006819850428911978,12,valida
50063075,2024-09-01,2025-02-28,semestral,-13.998304225830033,0.49558276673143975,9,valida
50063075,2024-10-01,2025-03-31,semestral,-18.465885424667782,0.5900260498114152,12,valida
50063075,2024-11-01,2025-04-30,semestral,-9.06310377216115,0.08993436862615733,15,valida
50063075,2024-12-01,2025-05-31,semestral,,,17,precio constante
50063075,2025-01-01,2025-06-30,semestral,,,17,precio constante
50063075,2025-02-01,2025-07-31,semestral,,,16,precio constante
50063075,2025-03-01,2025-08-31,semestral,-4.4352267116953445,0.013102450388629006,21,valida
50063075,2025-04-01,2025-09-30,semestral,-6.816776957605336,0.024708590584530343,22,valida
50063075,2025-05-01,2025-10-31,semestral,-6.491374211353938,0.0252903397766997,20,valida
50063075,2025-06-01,2025-11-30,semestral,-5.45593299343357,0.01985729861481811,20,valida
50063075,2025-07-01,2025-12-31,semestral,-5.455932993433566,0.019857298614816665,20,valida
50063075,2025-08-01,2026-01-31,semestral,-2.9000501614627323,0.007025731063054819,20,valida
50063075,2025-09-01,2026-02-28,semestral,-0.8912236813176848,0.000573027578824159,14,valida
50063075,2025-10-01,2026-03-31,semestral,4.555537471029594,0.08571428571428552,12,valida
50063081,2024-01-01,2024-01-31,mensual,,,5,precio constante
50063081,2024-02-01,2024-02-29,mensual,14.072736554413297,0.30497308335250317,4,valida
50063081,2024-03-01,2024-03-31,mensual,,,4,precio constante
50063081,2024-04-01,2024-04-30,mensual,,,0,n<3
50063081,2024-05-01,2024-05-31,mensual,,,4,precio constante
50063081,2024-06-01,2024-06-30,mensual,,,1,n<3
50063081,2024-07-01,2024-07-31,mensual,,,0,n<3
50063081,2024-08-01,2024-08-31,mensual,,,2,n<3
50063081,2024-09-01,2024-09-30,mensual,,,1,n<3
50063081,2024-10-01,2024-10-31,mensual,,,1,n<3
50063081,2024-11-01,2024-11-30,mensual,,,2,n<3
50063081,2024-12-01,2024-12-31,mensual,-4.8578916717985905,0.2500000000000001,3,valida
50063081,2025-01-01,2025-01-31,mensual,,,4,precio constante
50063081,2025-02-01,2025-02-28,mensual,,,2,n<3
50063081,2025-03-01,2025-03-31,mensual,,,2,n<3
50063081,2025-04-01,2025-04-30,mensual,,,2,n<3
50063081,2025-05-01,2025-05-31,mensual,,,3,precio constante
50063081,2025-06-01,2025-06-30,mensual,,,3,precio constante
50063081,2025-07-01,2025-07-31,mensual,,,0,n<3
50063081,2025-08-01,2025-08-31,mensual,,,1,n<3
50063081,2025-09-01,2025-09-30,mensual,,,1,n<3
50063081,2025-10-01,2025-10-31,mensual,,,1,n<3
50063081,2025-11-01,2025-11-30,mensual,,,3,precio constante
50063081,2025-12-01,2025-12-31,mensual,-11.286348398398536,0.2504442384437312,3,valida
50063081,2026-01-01,2026-01-31,mensual,,,1,n<3
50063081,2026-02-01,2026-02-28,mensual,,,1,n<3
50063081,2026-03-01,2026-03-31,mensual,,,0,n<3
50063081,2026-04-01,2026-04-30,mensual,,,3,precio constante
50063081,2024-01-01,2024-03-31,trimestral,15.47816847895348,0.10386821158203818,13,valida
50063081,2024-02-01,2024-04-30,trimestral,16.64173051602018,0.18495250442199151,8,valida
50063081,2024-03-01,2024-05-31,trimestral,,,8,precio constante
50063081,2024-04-01,2024-06-30,trimestral,,,5,precio constante
50063081,2024-05-01,2024-07-31,trimestral,,,5,precio constante
50063081,2024-06-01,2024-08-31,trimestral,-1.1813121778608366,0.0018873833432512255,3,valida
50063081,2024-07-01,2024-09-30,trimestral,,,3,precio constante
50063081,2024-08-01,2024-10-31,trimestral,,,4,precio constante
50063081,2024-09-01,2024-11-30,trimestral,,,4,precio constante
50063081,2024-10-01,2024-12-31,trimestral,-10.861696250347114,0.3145398603186903,6,valida
50063081,2024-11-01,2025-01-31,trimestral,-13.26639559530332,0.1605650468701746,9,valida
50063081,2024-12-01,2025-02-28,trimestral,-12.565158804514278,0.10477341158775277,9,valida
50063081,2025-01-01,2025-03-31,trimestral,,,8,precio constante
50063081,2025-02-01,2025-04-30,trimestral,,,6,precio constante
50063081,2025-03-01,2025-05-31,trimestral,,,7,precio constante
50063081,2025-04-01,2025-06-30,trimestral,,,8,precio constante
50063081,2025-05-01,2025-07-31,trimestral,,,6,precio constante
50063081,2025-06-01,2025-08-31,trimestral,,,4,precio constante
50063081,2025-07-01,2025-09-30,trimestral,,,2,n<3
50063081,2025-08-01,2025-10-31,trimestral,6.568567640567103,1.0,3,valida
50063081,2025-09-01,2025-11-30,trimestral,4.240435942614717,0.153188405418911,5,valida
50063081,2025-10-01,2025-12-31,trimestral,-7.962287886372853,0.10541621289466752,7,valida
50063081,2025-11-01,2026-01-31,trimestral,-10.53094547779487,0.11765511761387726,7,valida
50063081,2025-12-01,2026-02-28,trimestral,-15.826854510822251,0.44270623066786685,5,valida
50063081,2026-01-01,2026-03-31,trimestral,,,2,n<3
50063081,2026-02-01,2026-04-30,trimestral,,,4,precio constante
50063081,2024-01-01,2024-06-30,semestral,18.122548225811023,0.10641359882076895,18,valida
50063081,2024-02-01,2024-07-31,semestral,19.928028740113284,0.18106645180042258,13,valida
50063081,2024-03-01,2024-08-31,semestral,10.313098865455034,0.13114481907320485,11,valida
50063081,2024-04-01,2024-09-30,semestral,7.078239566625844,0.0960579703847475,8,valida
50063081,2024-05-01,2024-10-31,semestral,6.279464153689757,0.0894863492769995,9,valida
50063081,2024-06-01,2024-11-30,semestral,-6.094817035733697,0.044536081542936645,7,valida
50063081,2024-07-01,2024-12-31,semestral,-12.06275881667497,0.08418585859191519,9,valida
50063081,2024-08-01,2025-01-31,semestral,-13.183355109395539,0.07404737659904226,13,valida
50063081,2024-09-01,2025-02-28,semestral,-12.107507598106153,0.08717679005517398,13,valida
50063081,2024-10-01,2025-03-31,semestral,-13.284054313958487,0.09135739964711809,14,valida
50063081,2024-11-01,2025-04-30,semestral,-13.44333294702457,0.08026025269244086,15,valida
50063081,2024-12-01,2025-05-31,semestral,-12.828743309054978,0.06216433125076548,16,valida
50063081,2025-01-01,2025-06-30,semestral,,,16,precio constante
50063081,2025-02-01,2025-07-31,semestral,,,12,precio constante
50063081,2025-03-01,2025-08-31,semestral,,,11,precio constante
50063081,2025-04-01,2025-09-30,semestral,7.412735155484666,0.10560682291977619,10,valida
50063081,2025-05-01,2025-10-31,semestral,7.042174297113639,0.13949990855382044,9,valida
50063081,2025-06-01,2025-11-30,semestral,5.062352698744657,0.13912054308951982,9,valida
50063081,2025-07-01,2025-12-31,semestral,0.9603505267437262,0.005126399418624028,9,valida
50063081,2025-08-01,2026-01-31,semestral,1.2415880343488386,0.005513010741446722,10,valida
50063081,2025-09-01,2026-02-28,semestral,-0.928353886588423,0.0038237393551026067,10,valida
50063081,2025-10-01,2026-03-31,semestral,-10.364716205435103,0.19104122745677898,9,valida
50063081,2025-11-01,2026-04-30,semestral,-10.446282799887483,0.29727137951044935,11,valida
50063082,2024-01-01,2024-01-31,mensual,,,2,n<3
50063082,2024-02-01,2024-02-29,mensual,,,2,n<3
50063082,2024-03-01,2024-03-31,mensual,,,1,n<3
50063082,2024-04-01,2024-04-30,mensual,,,0,n<3
50063082,2024-05-01,2024-05-31,mensual,,,0,n<3
50063082,2024-06-01,2024-06-30,mensual,,,2,n<3
50063082,2024-07-01,2024-07-31,mensual,,,1,n<3
50063082,2024-08-01,2024-08-31,mensual,-0.9724712629777733,0.250305779765958,3,valida
50063082,2024-09-01,2024-09-30,mensual,,,1,n<3
50063082,2024-10-01,2024-10-31,mensual,,,1,n<3
50063082,2024-11-01,2024-11-30,mensual,,,5,precio constante
50063082,2024-12-01,2024-12-31,mensual,,,0,n<3
50063082,2025-01-01,2025-01-31,mensual,,,0,n<3
50063082,2025-02-01,2025-02-28,mensual,,,1,n<3
50063082,2025-03-01,2025-03-31,mensual,,,0,n<3
50063082,2025-04-01,2025-04-30,mensual,,,2,n<3
50063082,2025-05-01,2025-05-31,mensual,,,1,n<3
50063082,2025-06-01,2025-06-30,mensual,,,1,n<3
50063082,2025-07-01,2025-07-31,mensual,,,1,n<3
50063082,2025-08-01,2025-08-31,mensual,,,1,n<3
50063082,2025-09-01,2025-09-30,mensual,,,1,n<3
50063082,2025-10-01,2025-10-31,mensual,,,1,n<3
50063082,2025-11-01,2025-11-30,mensual,,,0,n<3
50063082,2025-12-01,2025-12-31,mensual,,,2,n<3
50063082,2026-01-01,2026-01-31,mensual,,,3,precio constante
50063082,2026-02-01,2026-02-28,mensual,,,1,n<3
50063082,2024-01-01,2024-03-31,trimestral,,,5,precio constante
50063082,2024-02-01,2024-04-30,trimestral,,,3,precio constante
50063082,2024-03-01,2024-05-31,trimestral,,,1,n<3
50063082,2024-04-01,2024-06-30,trimestral,,,2,n<3
50063082,2024-05-01,2024-07-31,trimestral,,,3,precio constante
50063082,2024-06-01,2024-08-31,trimestral,-0.16256344679709434,0.0013000586199886088,6,valida
50063082,2024-07-01,2024-09-30,trimestral,-0.9728673418992531,0.16700649116592536,5,valida
50063082,2024-08-01,2024-10-31,trimestral,-0.9728673418992477,0.16700649116592536,5,valida
50063082,2024-09-01,2024-11-30,trimestral,,,7,precio constante
50063082,2024-10-01,2024-12-31,trimestral,,,6,precio constante
50063082,2024-11-01,2025-01-31,trimestral,,,5,precio constante
50063082,2024-12-01,2025-02-28,trimestral,,,1,n<3
50063082,2025-01-01,2025-03-31,trimestral,,,1,n<3
50063082,2025-02-01,2025-04-30,trimestral,,,3,precio constante
50063082,2025-03-01,2025-05-31,trimestral,,,3,precio constante
50063082,2025-04-01,2025-06-30,trimestral,,,4,qty constante
50063082,2025-05-01,2025-07-31,trimestral,-4.842204205897148,0.2500000000000001,3,valida
50063082,2025-06-01,2025-08-31,trimestral,-4.842204205897143,0.2500000000000001,3,valida
50063082,2025-07-01,2025-09-30,trimestral,,,3,precio constante
50063082,2025-08-01,2025-10-31,trimestral,,,3,precio constante
50063082,2025-09-01,2025-11-30,trimestral,,,2,n<3
50063082,2025-10-01,2025-12-31,trimestral,,,3,precio constante
50063082,2025-11-01,2026-01-31,trimestral,,,5,precio constante
50063082,2025-12-01,2026-02-28,trimestral,-25.03118292953657,0.06649945364419996,6,valida
50063082,2024-01-01,2024-06-30,semestral,,,7,precio constante
50063082,2024-02-01,2024-07-31,semestral,,,6,precio constante
50063082,2024-03-01,2024-08-31,semestral,-0.13567247966096635,0.0009304873842160832,7,valida
50063082,2024-04-01,2024-09-30,semestral,-0.4599616840494165,0.009184579432856332,7,valida
50063082,2024-05-01,2024-10-31,semestral,-0.3945581321118846,0.006851780867795476,8,valida
50063082,2024-06-01,2024-11-30,semestral,-0.8797992925012238,0.026063550806687874,13,valida
50063082,2024-07-01,2024-12-31,semestral,-1.1682960768944959,0.12043076584874057,11,valida
50063082,2024-08-01,2025-01-31,semestral,-1.2975081550659597,0.16711979666424925,10,valida
50063082,2024-09-01,2025-02-28,semestral,-4.124530662030019,0.04925210924774592,8,valida
50063082,2024-10-01,2025-03-31,semestral,-4.796511460768777,0.06853051659035048,7,valida
50063082,2024-11-01,2025-04-30,semestral,-2.8576744461942267,0.08680633098635038,8,valida
50063082,2024-12-01,2025-05-31,semestral,,,4,precio constante
50063082,2025-01-01,2025-06-30,semestral,,,5,qty constante
50063082,2025-02-01,2025-07-31,semestral,-1.9368816823587693,0.040000000000000036,6,valida
50063082,2025-03-01,2025-08-31,semestral,-1.9368816823587693,0.040000000000000036,6,valida
50063082,2025-04-01,2025-09-30,semestral,-3.2281361372646344,0.06666666666666643,7,valida
50063082,2025-05-01,2025-10-31,semestral,-3.8737633647175396,0.10000000000000009,6,valida
50063082,2025-06-01,2025-11-30,semestral,-4.84220420589693,0.16666666666666674,5,valida
50063082,2025-07-01,2025-12-31,semestral,,,6,precio constante
50063082,2025-08-01,2026-01-31,semestral,,,8,precio constante
50063082,2025-09-01,2026-02-28,semestral,-21.672779488169883,0.04955713470104384,8,valida
50063111,2024-01-01,2024-01-31,mensual,-3.2546227829995056,0.20004966828774084,8,valida
50063111,2024-02-01,2024-02-29,mensual,,,8,precio constante
50063111,2024-03-01,2024-03-31,mensual,,,2,n<3
50063111,2024-04-01,2024-04-30,mensual,,,1,n<3
50063111,2024-05-01,2024-05-31,mensual,,,3,precio constante
50063111,2024-06-01,2024-06-30,mensual,-2.920356937830077,0.25981734498666653,4,valida
50063111,2024-07-01,2024-07-31,mensual,-20.17672094573323,0.3666778260947332,7,valida
50063111,2024-08-01,2024-08-31,mensual,,,4,precio constante
50063111,2024-09-01,2024-09-30,mensual,,,3,precio constante
50063111,2024-10-01,2024-10-31,mensual,,,2,n<3
50063111,2024-11-01,2024-11-30,mensual,,,6,precio constante
50063111,2024-12-01,2024-12-31,mensual,-8.660366368027319,0.5103877453706045,4,valida
50063111,2025-01-01,2025-01-31,mensual,3.529228434242966,0.20588899554008866,7,valida
50063111,2025-02-01,2025-02-28,mensual,0.6257057032018482,0.0033433793139350243,6,valida
50063111,2025-03-01,2025-03-31,mensual,,,4,precio constante
50063111,2025-04-01,2025-04-30,mensual,,,4,precio constante
50063111,2025-05-01,2025-05-31,mensual,,,6,precio constante
50063111,2025-06-01,2025-06-30,mensual,-20.822367331655016,0.39732593875280386,4,valida
50063111,2025-07-01,2025-07-31,mensual,,,4,precio constante
50063111,2025-08-01,2025-08-31,mensual,,,3,precio constante
50063111,2025-09-01,2025-09-30,mensual,,,3,precio constante
50063111,2025-10-01,2025-10-31,mensual,,,3,precio constante
50063111,2025-11-01,2025-11-30,mensual,,,2,n<3
50063111,2025-12-01,2025-12-31,mensual,,,5,precio constante
50063111,2026-01-01,2026-01-31,mensual,,,7,precio constante
50063111,2026-02-01,2026-02-28,mensual,,,5,precio constante
50063111,2026-03-01,2026-03-31,mensual,,,7,precio constante
50063111,2026-04-01,2026-04-30,mensual,,,5,precio constante
50063111,2024-01-01,2024-03-31,trimestral,-3.0785643790056585,0.08814280931958351,18,valida
50063111,2024-02-01,2024-04-30,trimestral,,,11,precio constante
50063111,2024-03-01,2024-05-31,trimestral,,,6,precio constante
50063111,2024-04-01,2024-06-30,trimestral,-5.149727799685713,0.5956147278856945,8,valida
50063111,2024-05-01,2024-07-31,trimestral,-4.401285150297442,0.35696326970864056,14,valida
50063111,2024-06-01,2024-08-31,trimestral,-4.1893503500918206,0.2952574732124317,15,valida
50063111,2024-07-01,2024-09-30,trimestral,-15.926297763596526,0.14078857767095265,14,valida
50063111,2024-08-01,2024-10-31,trimestral,-5.757859723303973,0.04968657728635373,9,valida
50063111,2024-09-01,2024-11-30,trimestral,0.16657319804660956,6.269137845749118e-05,11,valida
50063111,2024-10-01,2024-12-31,trimestral,-5.970236019075499,0.39985221327673115,12,valida
50063111,2024-11-01,2025-01-31,trimestral,-1.2005006605677062,0.020950995909000958,17,valida
50063111,2024-12-01,2025-02-28,trimestral,-0.6340151092313604,0.005603171740879986,17,valida
50063111,2025-01-01,2025-03-31,trimestral,1.7530677453065024,0.059730871707965094,17,valida
50063111,2025-02-01,2025-04-30,trimestral,0.05132963114144995,7.148051614946915e-06,14,valida
50063111,2025-03-01,2025-05-31,trimestral,-2.315552737712862,0.050880546587740216,14,valida
50063111,2025-04-01,2025-06-30,trimestral,-3.795784614364573,0.07560413364976748,14,valida
50063111,2025-05-01,2025-07-31,trimestral,2.2581996529591915,0.02385394972791277,14,valida
50063111,2025-06-01,2025-08-31,trimestral,-7.184244013364568,0.20950181751584862,11,valida
50063111,2025-07-01,2025-09-30,trimestral,,,10,precio constante
50063111,2025-08-01,2025-10-31,trimestral,,,9,precio constante
50063111,2025-09-01,2025-11-30,trimestral,,,8,precio constante
50063111,2025-10-01,2025-12-31,trimestral,4.684414731520649,0.09876832217338083,10,valida
50063111,2025-11-01,2026-01-31,trimestral,9.937077243421307,0.17580169248878352,14,valida
50063111,2025-12-01,2026-02-28,trimestral,,,17,precio constante
50063111,2026-01-01,2026-03-31,trimestral,0.6161356795060495,0.001448368170491876,19,valida
50063111,2026-02-01,2026-04-30,trimestral,0.4337017388430911,0.000628758991575662,17,valida
50063111,2024-01-01,2024-06-30,semestral,-3.9354212374454898,0.27238969304011984,26,valida
50063111,2024-02-01,2024-07-31,semestral,-4.317729414359165,0.24364046573332687,25,valida
50063111,2024-03-01,2024-08-31,semestral,-4.925304525947497,0.3318256431680029,21,valida
50063111,2024-04-01,2024-09-30,semestral,-4.9341530285779776,0.31571095382463,22,valida
50063111,2024-05-01,2024-10-31,semestral,-4.63324929977567,0.28804342627234925,23,valida
50063111,2024-06-01,2024-11-30,semestral,-4.058165754385853,0.18600754295717903,26,valida
50063111,2024-07-01,2024-12-31,semestral,-3.117581922637805,0.10920145575991635,26,valida
50063111,2024-08-01,2025-01-31,semestral,-0.5365640385783099,0.005131465790978673,26,valida
50063111,2024-09-01,2025-02-28,semestral,-0.7813095714428155,0.009944492247041303,28,valida
50063111,2024-10-01,2025-03-31,semestral,-1.1206177187347117,0.018197716070926462,29,valida
50063111,2024-11-01,2025-04-30,semestral,-1.2334574639646014,0.020334785486282758,31,valida
50063111,2024-12-01,2025-05-31,semestral,-1.163629461383038,0.01727062074203356,31,valida
50063111,2025-01-01,2025-06-30,semestral,-0.5388106897620407,0.003012918586999813,31,valida
50063111,2025-02-01,2025-07-31,semestral,-2.9483933891118497,0.04977077553434861,28,valida
50063111,2025-03-01,2025-08-31,semestral,-3.6460434365557193,0.07172926543091962,25,valida
50063111,2025-04-01,2025-09-30,semestral,-1.394026744702762,0.009043073547344127,24,valida
50063111,2025-05-01,2025-10-31,semestral,-0.08765321803168492,4.091527639360493e-05,23,valida
50063111,2025-06-01,2025-11-30,semestral,-6.885976902940983,0.127446555403829,19,valida
50063111,2025-07-01,2025-12-31,semestral,1.8632210400008038,0.007078336558185239,20,valida
50063111,2025-08-01,2026-01-31,semestral,0.07091133952026156,1.6006982681893156e-05,23,valida
50063111,2025-09-01,2026-02-28,semestral,-1.8793091682603715,0.009735089137362873,25,valida
50063111,2025-10-01,2026-03-31,semestral,0.09777973611520488,6.595564872780013e-05,29,valida
50063111,2025-11-01,2026-04-30,semestral,3.1908773592922373,0.05145174055970625,31,valida
50063113,2024-01-01,2024-01-31,mensual,,,1,n<3
50063113,2024-02-01,2024-02-29,mensual,,,1,n<3
50063113,2024-03-01,2024-03-31,mensual,,,0,n<3
50063113,2024-04-01,2024-04-30,mensual,,,1,n<3
50063113,2024-05-01,2024-05-31,mensual,,,0,n<3
50063113,2024-06-01,2024-06-30,mensual,,,0,n<3
50063113,2024-07-01,2024-07-31,mensual,,,1,n<3
50063113,2024-01-01,2024-03-31,trimestral,,,2,n<3
50063113,2024-02-01,2024-04-30,trimestral,,,2,n<3
50063113,2024-03-01,2024-05-31,trimestral,,,1,n<3
50063113,2024-04-01,2024-06-30,trimestral,,,1,n<3
50063113,2024-05-01,2024-07-31,trimestral,,,1,n<3
50063113,2024-01-01,2024-06-30,semestral,,,3,precio constante
50063113,2024-02-01,2024-07-31,semestral,,,3,precio constante
50063114,2024-01-01,2024-01-31,mensual,,,2,n<3
50063114,2024-02-01,2024-02-29,mensual,,,1,n<3
50063114,2024-03-01,2024-03-31,mensual,,,2,n<3
50063114,2024-04-01,2024-04-30,mensual,,,0,n<3
50063114,2024-05-01,2024-05-31,mensual,,,1,n<3
50063114,2024-06-01,2024-06-30,mensual,,,0,n<3
50063114,2024-07-01,2024-07-31,mensual,,,0,n<3
50063114,2024-08-01,2024-08-31,mensual,,,2,n<3
50063114,2024-09-01,2024-09-30,mensual,,,1,n<3
50063114,2024-10-01,2024-10-31,mensual,,,3,precio constante
50063114,2024-11-01,2024-11-30,mensual,,,0,n<3
50063114,2024-12-01,2024-12-31,mensual,,,1,n<3
50063114,2025-01-01,2025-01-31,mensual,,,1,n<3
50063114,2025-02-01,2025-02-28,mensual,,,0,n<3
50063114,2025-03-01,2025-03-31,mensual,,,1,n<3
50063114,2025-04-01,2025-04-30,mensual,,,0,n<3
50063114,2025-05-01,2025-05-31,mensual,,,0,n<3
50063114,2025-06-01,2025-06-30,mensual,,,0,n<3
50063114,2025-07-01,2025-07-31,mensual,,,0,n<3
50063114,2025-08-01,2025-08-31,mensual,,,1,n<3
50063114,2025-09-01,2025-09-30,mensual,,,1,n<3
50063114,2025-10-01,2025-10-31,mensual,,,1,n<3
50063114,2025-11-01,2025-11-30,mensual,,,0,n<3
50063114,2025-12-01,2025-12-31,mensual,,,1,n<3
50063114,2026-01-01,2026-01-31,mensual,,,1,n<3
50063114,2026-02-01,2026-02-28,mensual,,,2,n<3
50063114,2024-01-01,2024-03-31,trimestral,11.351862057126597,0.23197801809222307,5,valida
50063114,2024-02-01,2024-04-30,trimestral,19.389451155356202,1.0,3,valida
50063114,2024-03-01,2024-05-31,trimestral,,,3,precio constante
50063114,2024-04-01,2024-06-30,trimestral,,,1,n<3
50063114,2024-05-01,2024-07-31,trimestral,,,1,n<3
50063114,2024-06-01,2024-08-31,trimestral,,,2,n<3
50063114,2024-07-01,2024-09-30,trimestral,,,3,precio constante
50063114,2024-08-01,2024-10-31,trimestral,,,6,precio constante
50063114,2024-09-01,2024-11-30,trimestral,,,4,precio constante
50063114,2024-10-01,2024-12-31,trimestral,,,4,precio constante
50063114,2024-11-01,2025-01-31,trimestral,,,2,n<3
50063114,2024-12-01,2025-02-28,trimestral,,,2,n<3
50063114,2025-01-01,2025-03-31,trimestral,,,2,n<3
50063114,2025-02-01,2025-04-30,trimestral,,,1,n<3
50063114,2025-03-01,2025-05-31,trimestral,,,1,n<3
50063114,2025-04-01,2025-06-30,trimestral,,,0,n<3
50063114,2025-05-01,2025-07-31,trimestral,,,0,n<3
50063114,2025-06-01,2025-08-31,trimestral,,,1,n<3
50063114,2025-07-01,2025-09-30,trimestral,,,2,n<3
50063114,2025-08-01,2025-10-31,trimestral,,,3,precio constante
50063114,2025-09-01,2025-11-30,trimestral,,,2,n<3
50063114,2025-10-01,2025-12-31,trimestral,,,2,n<3
50063114,2025-11-01,2026-01-31,trimestral,,,2,n<3
50063114,2025-12-01,2026-02-28,trimestral,8.755651176359729,0.2218823042207727,4,valida
50063114,2024-01-01,2024-06-30,semestral,11.022027713690834,0.22765415188089988,6,valida
50063114,2024-02-01,2024-07-31,semestral,16.15787596279696,0.7575757575757576,4,valida
50063114,2024-03-01,2024-08-31,semestral,,,5,precio constante
50063114,2024-04-01,2024-09-30,semestral,,,4,precio constante
50063114,2024-05-01,2024-10-31,semestral,,,7,precio constante
50063114,2024-06-01,2024-11-30,semestral,,,6,precio constante
50063114,2024-07-01,2024-12-31,semestral,,,7,precio constante
50063114,2024-08-01,2025-01-31,semestral,,,8,precio constante
50063114,2024-09-01,2025-02-28,semestral,,,6,precio constante
50063114,2024-10-01,2025-03-31,semestral,,,6,precio constante
50063114,2024-11-01,2025-04-30,semestral,,,3,precio constante
50063114,2024-12-01,2025-05-31,semestral,,,3,precio constante
50063114,2025-01-01,2025-06-30,semestral,,,2,n<3
50063114,2025-02-01,2025-07-31,semestral,,,1,n<3
50063114,2025-03-01,2025-08-31,semestral,,,2,n<3
50063114,2025-04-01,2025-09-30,semestral,,,2,n<3
50063114,2025-05-01,2025-10-31,semestral,,,3,precio constante
50063114,2025-06-01,2025-11-30,semestral,,,3,precio constante
50063114,2025-07-01,2025-12-31,semestral,0.0014876433938690516,6.287066078858317e-08,4,valida
50063114,2025-08-01,2026-01-31,semestral,3.633832068804815,0.23078972678211473,5,valida
50063114,2025-09-01,2026-02-28,semestral,3.357494851574248,0.15240621898897755,6,valida
50064806,2024-01-01,2024-01-31,mensual,,,1,n<3
50064806,2024-02-01,2024-02-29,mensual,,,5,precio constante
50064806,2024-03-01,2024-03-31,mensual,,,1,n<3
50064806,2024-04-01,2024-04-30,mensual,,,3,precio constante
50064806,2024-05-01,2024-05-31,mensual,,,4,precio constante
50064806,2024-06-01,2024-06-30,mensual,,,2,n<3
50064806,2024-07-01,2024-07-31,mensual,,,2,n<3
50064806,2024-08-01,2024-08-31,mensual,,,2,n<3
50064806,2024-09-01,2024-09-30,mensual,,,2,n<3
50064806,2024-10-01,2024-10-31,mensual,,,1,n<3
50064806,2024-11-01,2024-11-30,mensual,,,2,n<3
50064806,2024-12-01,2024-12-31,mensual,,,1,n<3
50064806,2025-01-01,2025-01-31,mensual,,,1,n<3
50064806,2025-02-01,2025-02-28,mensual,-57.98969048258049,1.0,3,valida
50064806,2025-03-01,2025-03-31,mensual,,,2,n<3
50064806,2025-04-01,2025-04-30,mensual,,,3,precio constante
50064806,2025-05-01,2025-05-31,mensual,,,1,n<3
50064806,2025-06-01,2025-06-30,mensual,,,4,precio constante
50064806,2025-07-01,2025-07-31,mensual,,,3,precio constante
50064806,2025-08-01,2025-08-31,mensual,0.7418638473799664,0.08116191700288866,3,valida
50064806,2025-09-01,2025-09-30,mensual,,,2,n<3
50064806,2025-10-01,2025-10-31,mensual,,,5,precio constante
50064806,2025-11-01,2025-11-30,mensual,,,2,n<3
50064806,2025-12-01,2025-12-31,mensual,,,0,n<3
50064806,2026-01-01,2026-01-31,mensual,,,1,n<3
50064806,2026-02-01,2026-02-28,mensual,,,2,n<3
50064806,2026-03-01,2026-03-31,mensual,,,1,n<3
50064806,2026-04-01,2026-04-30,mensual,,,3,precio constante
50064806,2024-01-01,2024-03-31,trimestral,,,7,qty constante
50064806,2024-02-01,2024-04-30,trimestral,,,9,precio constante
50064806,2024-03-01,2024-05-31,trimestral,,,8,precio constante
50064806,2024-04-01,2024-06-30,trimestral,,,9,precio constante
50064806,2024-05-01,2024-07-31,trimestral,-1.3958534549427095,0.020683249754364308,8,valida
50064806,2024-06-01,2024-08-31,trimestral,,,6,qty constante
50064806,2024-07-01,2024-09-30,trimestral,,,6,qty constante
50064806,2024-08-01,2024-10-31,trimestral,,,5,qty constante
50064806,2024-09-01,2024-11-30,trimestral,,,5,precio constante
50064806,2024-10-01,2024-12-31,trimestral,,,4,precio constante
50064806,2024-11-01,2025-01-31,trimestral,,,4,precio constante
50064806,2024-12-01,2025-02-28,trimestral,1.9517805625629276,0.009323870374840726,5,valida
50064806,2025-01-01,2025-03-31,trimestral,-4.363281199880383,0.036807866694262836,6,valida
50064806,2025-02-01,2025-04-30,trimestral,-54.34590996227524,0.8272270511026066,8,valida
50064806,2025-03-01,2025-05-31,trimestral,,,6,precio constante
50064806,2025-04-01,2025-06-30,trimestral,,,8,precio constante
50064806,2025-05-01,2025-07-31,trimestral,,,8,precio constante
50064806,2025-06-01,2025-08-31,trimestral,0.40082235368483377,0.010991027242282625,10,valida
50064806,2025-07-01,2025-09-30,trimestral,0.25317737850941846,0.007930800410718919,8,valida
50064806,2025-08-01,2025-10-31,trimestral,0.40082235368483377,0.010991027242282625,10,valida
50064806,2025-09-01,2025-11-30,trimestral,,,9,precio constante
50064806,2025-10-01,2025-12-31,trimestral,,,7,precio constante
50064806,2025-11-01,2026-01-31,trimestral,,,3,qty constante
50064806,2025-12-01,2026-02-28,trimestral,,,3,precio constante
50064806,2026-01-01,2026-03-31,trimestral,2.190665143856573,0.11084813278506145,4,valida
50064806,2026-02-01,2026-04-30,trimestral,1.3130750073602642,0.03982968591541769,6,valida
50064806,2024-01-01,2024-06-30,semestral,0.20602382964858967,0.0044029420394149366,16,valida
50064806,2024-02-01,2024-07-31,semestral,-0.6161312221873173,0.0040291847966140715,17,valida
50064806,2024-03-01,2024-08-31,semestral,0.14447281753729896,0.0014487491776717931,14,valida
50064806,2024-04-01,2024-09-30,semestral,0.13456425521683796,0.0012520327885704452,15,valida
50064806,2024-05-01,2024-10-31,semestral,0.15593741332710218,0.001695335350326066,13,valida
50064806,2024-06-01,2024-11-30,semestral,,,11,qty constante
50064806,2024-07-01,2024-12-31,semestral,,,10,qty constante
50064806,2024-08-01,2025-01-31,semestral,,,9,qty constante
50064806,2024-09-01,2025-02-28,semestral,4.670718945334339,0.0794550334160552,10,valida
50064806,2024-10-01,2025-03-31,semestral,1.4919954634030044,0.010778099660565532,10,valida
50064806,2024-11-01,2025-04-30,semestral,1.1796561629011373,0.006773920535062872,12,valida
50064806,2024-12-01,2025-05-31,semestral,-1.1147515088217073,0.0039405416733104826,11,valida
50064806,2025-01-01,2025-06-30,semestral,-4.606016203889149,0.037192489797773676,14,valida
50064806,2025-02-01,2025-07-31,semestral,-54.533694787134536,0.7186380149535003,16,valida
50064806,2025-03-01,2025-08-31,semestral,0.3705113027332919,0.006265621109514674,16,valida
50064806,2025-04-01,2025-09-30,semestral,0.3705113027333116,0.006265621109514674,16,valida
50064806,2025-05-01,2025-10-31,semestral,0.3286471512902697,0.004820764875459571,18,valida
50064806,2025-06-01,2025-11-30,semestral,0.3110943627226525,0.004279913926727663,19,valida
50064806,2025-07-01,2025-12-31,semestral,0.2639524761811825,0.004463632268351669,15,valida
50064806,2025-08-01,2026-01-31,semestral,-0.11783422039899079,0.0027737706300774434,13,valida
50064806,2025-09-01,2026-02-28,semestral,0.4644364490587026,0.06668816884431394,12,valida
50064806,2025-10-01,2026-03-31,semestral,0.309330585346771,0.02990207223869501,11,valida
50064806,2025-11-01,2026-04-30,semestral,0.3575854795129942,0.04955409322385651,9,valida
50065879,2024-01-01,2024-01-31,mensual,,,1,n<3
50065879,2024-02-01,2024-02-29,mensual,,,7,qty constante
50065879,2024-03-01,2024-03-31,mensual,,,4,precio constante
50065879,2024-04-01,2024-04-30,mensual,,,2,n<3
50065879,2024-05-01,2024-05-31,mensual,,,2,n<3
50065879,2024-06-01,2024-06-30,mensual,,,5,precio constante
50065879,2024-07-01,2024-07-31,mensual,11.119303855056096,0.20033829202065234,6,valida
50065879,2024-08-01,2024-08-31,mensual,,,6,qty constante
50065879,2024-09-01,2024-09-30,mensual,0.6479270776198084,0.1667155058299692,5,valida
50065879,2024-10-01,2024-10-31,mensual,,,7,qty constante
50065879,2024-11-01,2024-11-30,mensual,,,4,qty constante
50065879,2024-12-01,2024-12-31,mensual,,,3,precio constante
50065879,2025-01-01,2025-01-31,mensual,,,4,precio constante
50065879,2025-02-01,2025-02-28,mensual,,,0,n<3
50065879,2025-03-01,2025-03-31,mensual,,,1,n<3
50065879,2025-04-01,2025-04-30,mensual,,,1,n<3
50065879,2025-05-01,2025-05-31,mensual,,,1,n<3
50065879,2025-06-01,2025-06-30,mensual,,,0,n<3
50065879,2025-07-01,2025-07-31,mensual,,,6,qty constante
50065879,2025-08-01,2025-08-31,mensual,,,7,qty constante
50065879,2025-09-01,2025-09-30,mensual,,,5,qty constante
50065879,2025-10-01,2025-10-31,mensual,,,4,qty constante
50065879,2025-11-01,2025-11-30,mensual,,,4,precio constante
50065879,2025-12-01,2025-12-31,mensual,,,2,n<3
50065879,2026-01-01,2026-01-31,mensual,,,2,n<3
50065879,2026-02-01,2026-02-28,mensual,,,0,n<3
50065879,2026-03-01,2026-03-31,mensual,,,7,precio constante
50065879,2026-04-01,2026-04-30,mensual,,,3,qty constante
50065879,2024-01-01,2024-03-31,trimestral,0.5981148286466845,0.008264462809917217,12,valida
50065879,2024-02-01,2024-04-30,trimestral,0.5482719262594186,0.006944444444444642,13,valida
50065879,2024-03-01,2024-05-31,trimestral,,,8,precio constante
50065879,2024-04-01,2024-06-30,trimestral,,,9,precio constante
50065879,2024-05-01,2024-07-31,trimestral,9.013144871928082,0.14140285286940324,13,valida
50065879,2024-06-01,2024-08-31,trimestral,0.4608149035784307,0.0396162475754851,17,valida
50065879,2024-07-01,2024-09-30,trimestral,0.5012194330443197,0.0700720758490706,17,valida
50065879,2024-08-01,2024-10-31,trimestral,0.17497994995877048,0.03334727217808797,18,valida
50065879,2024-09-01,2024-11-30,trimestral,0.13340088828472632,0.012816208061289247,16,valida
50065879,2024-10-01,2024-12-31,trimestral,0.11176273940151253,0.0035416738356904842,14,valida
50065879,2024-11-01,2025-01-31,trimestral,-0.9652987443510503,0.009913360934354132,11,valida
50065879,2024-12-01,2025-02-28,trimestral,,,7,precio constante
50065879,2025-01-01,2025-03-31,trimestral,,,5,precio constante
50065879,2025-02-01,2025-04-30,trimestral,,,2,n<3
50065879,2025-03-01,2025-05-31,trimestral,,,3,precio constante
50065879,2025-04-01,2025-06-30,trimestral,,,2,n<3
50065879,2025-05-01,2025-07-31,trimestral,,,7,qty constante
50065879,2025-06-01,2025-08-31,trimestral,,,13,qty constante
50065879,2025-07-01,2025-09-30,trimestral,,,18,qty constante
50065879,2025-08-01,2025-10-31,trimestral,,,16,qty constante
50065879,2025-09-01,2025-11-30,trimestral,-2.92323995990873,0.01510443885058843,13,valida
50065879,2025-10-01,2025-12-31,trimestral,-3.5700621916919384,0.01228799956455029,10,valida
50065879,2025-11-01,2026-01-31,trimestral,,,8,precio constante
50065879,2025-12-01,2026-02-28,trimestral,,,4,precio constante
50065879,2026-01-01,2026-03-31,trimestral,,,9,precio constante
50065879,2026-02-01,2026-04-30,trimestral,1.159187944570347,0.012345679012346067,10,valida
50065879,2024-01-01,2024-06-30,semestral,0.6579263115113848,0.0052631578947370805,21,valida
50065879,2024-02-01,2024-07-31,semestral,2.5663683954502203,0.048985531226767076,26,valida
50065879,2024-03-01,2024-08-31,semestral,0.42011872240223663,0.027023762147009633,25,valida
50065879,2024-04-01,2024-09-30,semestral,0.42546710678374716,0.04308589372172489,26,valida
50065879,2024-05-01,2024-10-31,semestral,0.3213565648144779,0.029966844605413545,31,valida
50065879,2024-06-01,2024-11-30,semestral,0.26433638491058736,0.021449397340203125,33,valida
50065879,2024-07-01,2024-12-31,semestral,0.2957970332060321,0.027378960267673058,31,valida
50065879,2024-08-01,2025-01-31,semestral,0.16862624250520628,0.01959264035478636,29,valida
50065879,2024-09-01,2025-02-28,semestral,0.17538354296019057,0.012037697033976613,23,valida
50065879,2024-10-01,2025-03-31,semestral,0.08141330645028157,0.0018643013473200742,19,valida
50065879,2024-11-01,2025-04-30,semestral,-0.8036953019758807,0.006872055270566446,13,valida
50065879,2024-12-01,2025-05-31,semestral,,,10,precio constante
50065879,2025-01-01,2025-06-30,semestral,,,7,precio constante
50065879,2025-02-01,2025-07-31,semestral,,,9,qty constante
50065879,2025-03-01,2025-08-31,semestral,,,16,qty constante
50065879,2025-04-01,2025-09-30,semestral,,,20,qty constante
50065879,2025-05-01,2025-10-31,semestral,,,23,qty constante
50065879,2025-06-01,2025-11-30,semestral,0.2378799501348971,0.005329617759351701,26,valida
50065879,2025-07-01,2025-12-31,semestral,0.2188140561719001,0.004539440766056169,28,valida
50065879,2025-08-01,2026-01-31,semestral,0.14499641126769386,0.00031304955376976196,24,valida
50065879,2025-09-01,2026-02-28,semestral,-2.1425521781436214,0.008298581306136255,17,valida
50065879,2025-10-01,2026-03-31,semestral,-2.6346396342476397,0.005697485422588855,19,valida
50065879,2025-11-01,2026-04-30,semestral,1.9036741602969678,0.006470117049400259,18,valida
50066253,2024-02-01,2024-02-29,mensual,,,3,precio constante
50066253,2024-03-01,2024-03-31,mensual,,,1,n<3
50066253,2024-04-01,2024-04-30,mensual,,,2,n<3
50066253,2024-05-01,2024-05-31,mensual,,,2,n<3
50066253,2024-06-01,2024-06-30,mensual,,,4,precio constante
50066253,2024-07-01,2024-07-31,mensual,,,4,precio constante
50066253,2024-08-01,2024-08-31,mensual,1.686681294373512,0.06231403055590379,5,valida
50066253,2024-09-01,2024-09-30,mensual,,,7,precio constante
50066253,2024-10-01,2024-10-31,mensual,,,6,precio constante
50066253,2024-11-01,2024-11-30,mensual,,,5,precio constante
50066253,2024-12-01,2024-12-31,mensual,-14.231537945657077,0.25074476850215466,3,valida
50066253,2025-01-01,2025-01-31,mensual,,,2,n<3
50066253,2025-02-01,2025-02-28,mensual,,,2,n<3
50066253,2025-03-01,2025-03-31,mensual,,,1,n<3
50066253,2025-04-01,2025-04-30,mensual,,,1,n<3
50066253,2025-05-01,2025-05-31,mensual,,,2,n<3
50066253,2025-06-01,2025-06-30,mensual,,,1,n<3
50066253,2025-07-01,2025-07-31,mensual,,,4,qty constante
50066253,2025-08-01,2025-08-31,mensual,-3.3969417336924645,0.9213487533919318,4,valida
50066253,2025-09-01,2025-09-30,mensual,-4.906158346877027,0.03502795078266574,10,valida
50066253,2025-10-01,2025-10-31,mensual,,,1,n<3
50066253,2025-11-01,2025-11-30,mensual,,,3,precio constante
50066253,2025-12-01,2025-12-31,mensual,,,0,n<3
50066253,2026-01-01,2026-01-31,mensual,,,0,n<3
50066253,2026-02-01,2026-02-28,mensual,,,1,n<3
50066253,2026-03-01,2026-03-31,mensual,,,2,n<3
50066253,2026-04-01,2026-04-30,mensual,,,2,n<3
50066253,2024-02-01,2024-04-30,trimestral,,,6,precio constante
50066253,2024-03-01,2024-05-31,trimestral,,,5,precio constante
50066253,2024-04-01,2024-06-30,trimestral,,,8,precio constante
50066253,2024-05-01,2024-07-31,trimestral,,,10,precio constante
50066253,2024-06-01,2024-08-31,trimestral,3.159685431400753,0.04431140446993964,13,valida
50066253,2024-07-01,2024-09-30,trimestral,1.9577235432161524,0.015735955068208907,16,valida
50066253,2024-08-01,2024-10-31,trimestral,0.789862167142929,0.007260508811119837,18,valida
50066253,2024-09-01,2024-11-30,trimestral,,,18,precio constante
50066253,2024-10-01,2024-12-31,trimestral,-3.9727227359889965,0.012965029043680243,14,valida
50066253,2024-11-01,2025-01-31,trimestral,-2.0892991738100077,0.036542096751013387,10,valida
50066253,2024-12-01,2025-02-28,trimestral,-2.786590035744299,0.4013617457769745,7,valida
50066253,2025-01-01,2025-03-31,trimestral,-2.2963055255621847,0.422452906600145,5,valida
50066253,2025-02-01,2025-04-30,trimestral,-0.7571879989060192,0.04860670607740203,4,valida
50066253,2025-03-01,2025-05-31,trimestral,,,4,precio constante
50066253,2025-04-01,2025-06-30,trimestral,,,4,precio constante
50066253,2025-05-01,2025-07-31,trimestral,0.23440755302881658,0.016094347845702184,7,valida
50066253,2025-06-01,2025-08-31,trimestral,-1.9484548865022233,0.48446303138469804,9,valida
50066253,2025-07-01,2025-09-30,trimestral,-1.4484035518057492,0.12707556315769275,18,valida
50066253,2025-08-01,2025-10-31,trimestral,-2.5636330906614764,0.2665895118970645,15,valida
50066253,2025-09-01,2025-11-30,trimestral,-3.381449260515839,0.015735306695946027,14,valida
50066253,2025-10-01,2025-12-31,trimestral,,,4,precio constante
50066253,2025-11-01,2026-01-31,trimestral,,,3,precio constante
50066253,2025-12-01,2026-02-28,trimestral,,,1,n<3
50066253,2026-01-01,2026-03-31,trimestral,,,3,precio constante
50066253,2026-02-01,2026-04-30,trimestral,,,5,precio constante
50066253,2024-02-01,2024-07-31,semestral,,,16,precio constante
50066253,2024-03-01,2024-08-31,semestral,2.981279223276299,0.03148721451284453,18,valida
50066253,2024-04-01,2024-09-30,semestral,1.8310120220174217,0.012229663644867328,24,valida
50066253,2024-05-01,2024-10-31,semestral,1.6491797225072278,0.00894893466843616,28,valida
50066253,2024-06-01,2024-11-30,semestral,1.4833766750307527,0.00709854674199073,31,valida
50066253,2024-07-01,2024-12-31,semestral,0.963696425130978,0.0029835722046251956,30,valida
50066253,2024-08-01,2025-01-31,semestral,-0.1590931589445608,0.0002973892728456162,28,valida
50066253,2024-09-01,2025-02-28,semestral,-2.858183675972954,0.24858045172674592,25,valida
50066253,2024-10-01,2025-03-31,semestral,-2.412971727449971,0.15753794201528137,19,valida
50066253,2024-11-01,2025-04-30,semestral,-1.9594290740277558,0.10331465540863527,14,valida
50066253,2024-12-01,2025-05-31,semestral,-2.1196640781843326,0.14544974503911823,11,valida
50066253,2025-01-01,2025-06-30,semestral,-2.0780863204306796,0.19121172149107712,9,valida
50066253,2025-02-01,2025-07-31,semestral,-0.6403846857718413,0.02886921609951154,11,valida
50066253,2025-03-01,2025-08-31,semestral,-1.1543273518615251,0.09418779751975404,13,valida
50066253,2025-04-01,2025-09-30,semestral,-1.3004355909328702,0.08095980862665919,22,valida
50066253,2025-05-01,2025-10-31,semestral,-1.4731134023895458,0.1245788445145104,22,valida
50066253,2025-06-01,2025-11-30,semestral,-1.580567931795142,0.14602543043316663,23,valida
50066253,2025-07-01,2025-12-31,semestral,-1.5594518720641821,0.14294953489364715,22,valida
50066253,2025-08-01,2026-01-31,semestral,-2.6865993091577547,0.28009924658340035,18,valida
50066253,2025-09-01,2026-02-28,semestral,-3.1364737003126897,0.013420784286210186,15,valida
50066253,2025-10-01,2026-03-31,semestral,,,7,precio constante
50066253,2025-11-01,2026-04-30,semestral,,,8,precio constante
50066255,2024-01-01,2024-01-31,mensual,,,5,precio constante
50066255,2024-02-01,2024-02-29,mensual,,,1,n<3
50066255,2024-03-01,2024-03-31,mensual,,,0,n<3
50066255,2024-04-01,2024-04-30,mensual,,,0,n<3
50066255,2024-05-01,2024-05-31,mensual,,,1,n<3
50066255,2024-06-01,2024-06-30,mensual,,,1,n<3
50066255,2024-07-01,2024-07-31,mensual,,,0,n<3
50066255,2024-08-01,2024-08-31,mensual,,,1,n<3
50066255,2024-09-01,2024-09-30,mensual,,,0,n<3
50066255,2024-10-01,2024-10-31,mensual,,,0,n<3
50066255,2024-11-01,2024-11-30,mensual,,,2,n<3
50066255,2024-12-01,2024-12-31,mensual,-7.091292412276382,0.33333333333333326,4,valida
50066255,2025-01-01,2025-01-31,mensual,,,5,precio constante
50066255,2025-02-01,2025-02-28,mensual,,,2,n<3
50066255,2025-03-01,2025-03-31,mensual,,,1,n<3
50066255,2025-04-01,2025-04-30,mensual,,,2,n<3
50066255,2025-05-01,2025-05-31,mensual,6.469859522771612,0.33333333333333337,4,valida
50066255,2025-06-01,2025-06-30,mensual,,,2,n<3
50066255,2025-07-01,2025-07-31,mensual,,,3,qty constante
50066255,2025-08-01,2025-08-31,mensual,,,2,n<3
50066255,2025-09-01,2025-09-30,mensual,,,0,n<3
50066255,2025-10-01,2025-10-31,mensual,,,0,n<3
50066255,2025-11-01,2025-11-30,mensual,,,0,n<3
50066255,2025-12-01,2025-12-31,mensual,,,0,n<3
50066255,2026-01-01,2026-01-31,mensual,,,0,n<3
50066255,2026-02-01,2026-02-28,mensual,,,3,precio constante
50066255,2026-03-01,2026-03-31,mensual,,,2,n<3
50066255,2024-01-01,2024-03-31,trimestral,,,6,precio constante
50066255,2024-02-01,2024-04-30,trimestral,,,1,n<3
50066255,2024-03-01,2024-05-31,trimestral,,,1,n<3
50066255,2024-04-01,2024-06-30,trimestral,,,2,n<3
50066255,2024-05-01,2024-07-31,trimestral,,,2,n<3
50066255,2024-06-01,2024-08-31,trimestral,,,2,n<3
50066255,2024-07-01,2024-09-30,trimestral,,,1,n<3
50066255,2024-08-01,2024-10-31,trimestral,,,1,n<3
50066255,2024-09-01,2024-11-30,trimestral,,,2,n<3
50066255,2024-10-01,2024-12-31,trimestral,-7.091292412275335,0.2500000000000001,6,valida
50066255,2024-11-01,2025-01-31,trimestral,-7.091292412276313,0.38888888888888895,11,valida
50066255,2024-12-01,2025-02-28,trimestral,-5.5154496539930085,0.1512345679012348,11,valida
50066255,2025-01-01,2025-03-31,trimestral,,,8,precio constante
50066255,2025-02-01,2025-04-30,trimestral,,,5,precio constante
50066255,2025-03-01,2025-05-31,trimestral,6.469859522771494,0.2222222222222222,7,valida
50066255,2025-04-01,2025-06-30,trimestral,-0.010733407169046227,1.3380772956317344e-07,8,valida
50066255,2025-05-01,2025-07-31,trimestral,1.6485591696295427,0.07298321288629595,9,valida
50066255,2025-06-01,2025-08-31,trimestral,2.2251449467693174,0.14100506262410561,7,valida
50066255,2025-07-01,2025-09-30,trimestral,,,5,qty constante
50066255,2025-08-01,2025-10-31,trimestral,,,2,n<3
50066255,2025-09-01,2025-11-30,trimestral,,,0,n<3
50066255,2025-10-01,2025-12-31,trimestral,,,0,n<3
50066255,2025-11-01,2026-01-31,trimestral,,,0,n<3
50066255,2025-12-01,2026-02-28,trimestral,,,3,precio constante
50066255,2026-01-01,2026-03-31,trimestral,,,5,precio constante
50066255,2024-01-01,2024-06-30,semestral,,,8,precio constante
50066255,2024-02-01,2024-07-31,semestral,,,3,precio constante
50066255,2024-03-01,2024-08-31,semestral,,,3,precio constante
50066255,2024-04-01,2024-09-30,semestral,,,3,precio constante
50066255,2024-05-01,2024-10-31,semestral,,,3,precio constante
50066255,2024-06-01,2024-11-30,semestral,,,4,precio constante
50066255,2024-07-01,2024-12-31,semestral,-10.168806951862603,0.27442699882028165,7,valida
50066255,2024-08-01,2025-01-31,semestral,-10.168806951863255,0.43573003361218654,12,valida
50066255,2024-09-01,2025-02-28,semestral,-5.515449653992653,0.18148148148148135,13,valida
50066255,2024-10-01,2025-03-31,semestral,-5.673033929820677,0.19393939393939374,14,valida
50066255,2024-11-01,2025-04-30,semestral,-4.727528274850631,0.11111111111111105,16,valida
50066255,2024-12-01,2025-05-31,semestral,2.103547498547272,0.025096057137274808,18,valida
50066255,2025-01-01,2025-06-30,semestral,4.516398245675741,0.017009762711864385,16,valida
50066255,2025-02-01,2025-07-31,semestral,1.395576773065467,0.04573384170934003,14,valida
50066255,2025-03-01,2025-08-31,semestral,1.532519038021832,0.07001305535138402,14,valida
50066255,2025-04-01,2025-09-30,semestral,1.6414214054937364,0.08214743810623182,13,valida
50066255,2025-05-01,2025-10-31,semestral,1.7254509388362584,0.09322310342631612,11,valida
50066255,2025-06-01,2025-11-30,semestral,2.2251449467693174,0.14100506262410561,7,valida
50066255,2025-07-01,2025-12-31,semestral,,,5,qty constante
50066255,2025-08-01,2026-01-31,semestral,,,2,n<3
50066255,2025-09-01,2026-02-28,semestral,,,3,precio constante
50066255,2025-10-01,2026-03-31,semestral,,,5,precio constante
50066257,2024-01-01,2024-01-31,mensual,,,1,n<3
50066257,2024-02-01,2024-02-29,mensual,,,1,n<3
50066257,2024-03-01,2024-03-31,mensual,,,1,n<3
50066257,2024-04-01,2024-04-30,mensual,,,1,n<3
50066257,2024-05-01,2024-05-31,mensual,,,0,n<3
50066257,2024-06-01,2024-06-30,mensual,,,0,n<3
50066257,2024-07-01,2024-07-31,mensual,,,0,n<3
50066257,2024-08-01,2024-08-31,mensual,0.34073897094858435,0.03503857546259648,5,valida
50066257,2024-09-01,2024-09-30,mensual,3.290212533290148,0.2500000000000001,3,valida
50066257,2024-10-01,2024-10-31,mensual,,,5,qty constante
50066257,2024-11-01,2024-11-30,mensual,,,2,n<3
50066257,2024-12-01,2024-12-31,mensual,,,0,n<3
50066257,2025-01-01,2025-01-31,mensual,,,3,precio constante
50066257,2025-02-01,2025-02-28,mensual,,,2,n<3
50066257,2025-03-01,2025-03-31,mensual,,,2,n<3
50066257,2025-04-01,2025-04-30,mensual,,,1,n<3
50066257,2025-05-01,2025-05-31,mensual,,,2,n<3
50066257,2025-06-01,2025-06-30,mensual,,,2,n<3
50066257,2025-07-01,2025-07-31,mensual,,,1,n<3
50066257,2025-08-01,2025-08-31,mensual,,,1,n<3
50066257,2025-09-01,2025-09-30,mensual,,,1,n<3
50066257,2025-10-01,2025-10-31,mensual,,,1,n<3
50066257,2025-11-01,2025-11-30,mensual,,,0,n<3
50066257,2025-12-01,2025-12-31,mensual,,,0,n<3
50066257,2026-01-01,2026-01-31,mensual,,,0,n<3
50066257,2026-02-01,2026-02-28,mensual,,,0,n<3
50066257,2026-03-01,2026-03-31,mensual,,,2,n<3
50066257,2026-04-01,2026-04-30,mensual,,,2,n<3
50066257,2024-01-01,2024-03-31,trimestral,,,3,precio constante
50066257,2024-02-01,2024-04-30,trimestral,,,3,precio constante
50066257,2024-03-01,2024-05-31,trimestral,,,2,n<3
50066257,2024-04-01,2024-06-30,trimestral,,,1,n<3
50066257,2024-05-01,2024-07-31,trimestral,,,0,n<3
50066257,2024-06-01,2024-08-31,trimestral,0.34073897094858435,0.03503857546259648,5,valida
50066257,2024-07-01,2024-09-30,trimestral,0.5443469886108523,0.051104239817550856,8,valida
50066257,2024-08-01,2024-10-31,trimestral,0.3500501307285119,0.034296002478274024,13,valida
50066257,2024-09-01,2024-11-30,trimestral,0.27387262230661663,0.020278607924182346,10,valida
50066257,2024-10-01,2024-12-31,trimestral,,,7,qty constante
50066257,2024-11-01,2025-01-31,trimestral,,,5,qty constante
50066257,2024-12-01,2025-02-28,trimestral,9.697863270601003,1.0,5,valida
50066257,2025-01-01,2025-03-31,trimestral,9.697863270601045,1.0,7,valida
50066257,2025-02-01,2025-04-30,trimestral,9.697863270600969,1.0,5,valida
50066257,2025-03-01,2025-05-31,trimestral,,,5,precio constante
50066257,2025-04-01,2025-06-30,trimestral,-2.4244658176500677,0.06250000000000022,5,valida
50066257,2025-05-01,2025-07-31,trimestral,-2.4244658176500677,0.06250000000000022,5,valida
50066257,2025-06-01,2025-08-31,trimestral,-3.2326210902003076,0.11111111111111105,4,valida
50066257,2025-07-01,2025-09-30,trimestral,,,3,precio constante
50066257,2025-08-01,2025-10-31,trimestral,,,3,precio constante
50066257,2025-09-01,2025-11-30,trimestral,,,2,n<3
50066257,2025-10-01,2025-12-31,trimestral,,,1,n<3
50066257,2025-11-01,2026-01-31,trimestral,,,0,n<3
50066257,2025-12-01,2026-02-28,trimestral,,,0,n<3
50066257,2026-01-01,2026-03-31,trimestral,,,2,n<3
50066257,2026-02-01,2026-04-30,trimestral,,,4,precio constante
50066257,2024-01-01,2024-06-30,semestral,,,4,precio constante
50066257,2024-02-01,2024-07-31,semestral,,,3,precio constante
50066257,2024-03-01,2024-08-31,semestral,0.2340140985063366,0.01604262372650256,7,valida
50066257,2024-04-01,2024-09-30,semestral,0.47575954655542324,0.038284398640713424,9,valida
50066257,2024-05-01,2024-10-31,semestral,0.3500501307285119,0.034296002478274024,13,valida
50066257,2024-06-01,2024-11-30,semestral,0.2959339228925683,0.02453337751496132,15,valida
50066257,2024-07-01,2024-12-31,semestral,0.2959339228925683,0.02453337751496132,15,valida
50066257,2024-08-01,2025-01-31,semestral,0.17952954241050292,0.009721082276540671,18,valida
50066257,2024-09-01,2025-02-28,semestral,0.6025622717121558,0.07011873718617079,15,valida
50066257,2024-10-01,2025-03-31,semestral,0.517552179775015,0.09348198950211017,14,valida
50066257,2024-11-01,2025-04-30,semestral,5.23549480931777,0.6218288921037367,10,valida
50066257,2024-12-01,2025-05-31,semestral,9.697863270601074,1.0,10,valida
50066257,2025-01-01,2025-06-30,semestral,3.8791453082404987,0.16000000000000025,12,valida
50066257,2025-02-01,2025-07-31,semestral,3.6366987264754407,0.14062499999999978,10,valida
50066257,2025-03-01,2025-08-31,semestral,-1.212232908825179,0.01562500000000011,9,valida
50066257,2025-04-01,2025-09-30,semestral,-1.3854090386572258,0.020408163265305923,8,valida
50066257,2025-05-01,2025-10-31,semestral,-3.5812304130890773,0.04457548414456047,8,valida
50066257,2025-06-01,2025-11-30,semestral,-5.013722578324919,0.09286657276777521,6,valida
50066257,2025-07-01,2025-12-31,semestral,,,4,precio constante
50066257,2025-08-01,2026-01-31,semestral,,,3,precio constante
50066257,2025-09-01,2026-02-28,semestral,,,2,n<3
50066257,2025-10-01,2026-03-31,semestral,,,3,precio constante
50066257,2025-11-01,2026-04-30,semestral,,,4,precio constante
50068774,2024-03-01,2024-03-31,mensual,,,1,n<3
50068774,2024-04-01,2024-04-30,mensual,,,0,n<3
50068774,2024-05-01,2024-05-31,mensual,,,0,n<3
50068774,2024-06-01,2024-06-30,mensual,,,0,n<3
50068774,2024-07-01,2024-07-31,mensual,,,0,n<3
50068774,2024-08-01,2024-08-31,mensual,,,1,n<3
50068774,2024-09-01,2024-09-30,mensual,,,0,n<3
50068774,2024-10-01,2024-10-31,mensual,,,1,n<3
50068774,2024-11-01,2024-11-30,mensual,,,1,n<3
50068774,2024-12-01,2024-12-31,mensual,,,0,n<3
50068774,2025-01-01,2025-01-31,mensual,,,1,n<3
50068774,2025-02-01,2025-02-28,mensual,,,0,n<3
50068774,2025-03-01,2025-03-31,mensual,,,2,n<3
50068774,2025-04-01,2025-04-30,mensual,,,1,n<3
50068774,2025-05-01,2025-05-31,mensual,,,3,precio constante
50068774,2025-06-01,2025-06-30,mensual,,,0,n<3
50068774,2025-07-01,2025-07-31,mensual,,,1,n<3
50068774,2025-08-01,2025-08-31,mensual,,,0,n<3
50068774,2025-09-01,2025-09-30,mensual,,,3,precio constante
50068774,2025-10-01,2025-10-31,mensual,,,2,n<3
50068774,2025-11-01,2025-11-30,mensual,,,1,n<3
50068774,2025-12-01,2025-12-31,mensual,,,1,n<3
50068774,2026-01-01,2026-01-31,mensual,,,2,n<3
50068774,2024-03-01,2024-05-31,trimestral,,,1,n<3
50068774,2024-04-01,2024-06-30,trimestral,,,0,n<3
50068774,2024-05-01,2024-07-31,trimestral,,,0,n<3
50068774,2024-06-01,2024-08-31,trimestral,,,1,n<3
50068774,2024-07-01,2024-09-30,trimestral,,,1,n<3
50068774,2024-08-01,2024-10-31,trimestral,,,2,n<3
50068774,2024-09-01,2024-11-30,trimestral,,,2,n<3
50068774,2024-10-01,2024-12-31,trimestral,,,2,n<3
50068774,2024-11-01,2025-01-31,trimestral,,,2,n<3
50068774,2024-12-01,2025-02-28,trimestral,,,1,n<3
50068774,2025-01-01,2025-03-31,trimestral,,,3,precio constante
50068774,2025-02-01,2025-04-30,trimestral,,,3,precio constante
50068774,2025-03-01,2025-05-31,trimestral,,,6,precio constante
50068774,2025-04-01,2025-06-30,trimestral,,,4,precio constante
50068774,2025-05-01,2025-07-31,trimestral,,,4,precio constante
50068774,2025-06-01,2025-08-31,trimestral,,,1,n<3
50068774,2025-07-01,2025-09-30,trimestral,,,4,precio constante
50068774,2025-08-01,2025-10-31,trimestral,,,5,precio constante
50068774,2025-09-01,2025-11-30,trimestral,,,6,precio constante
50068774,2025-10-01,2025-12-31,trimestral,,,4,precio constante
50068774,2025-11-01,2026-01-31,trimestral,,,4,precio constante
50068774,2024-03-01,2024-08-31,semestral,,,2,n<3
50068774,2024-04-01,2024-09-30,semestral,,,1,n<3
50068774,2024-05-01,2024-10-31,semestral,,,2,n<3
50068774,2024-06-01,2024-11-30,semestral,-14.51958211119027,0.24963737014716558,3,valida
50068774,2024-07-01,2024-12-31,semestral,-14.51958211119027,0.24963737014716558,3,valida
50068774,2024-08-01,2025-01-31,semestral,-12.904214446823886,0.22186410970033676,4,valida
50068774,2024-09-01,2025-02-28,semestral,-4.842204205897143,0.2500000000000001,3,valida
50068774,2024-10-01,2025-03-31,semestral,-15.632463223452788,0.2416980840899121,5,valida
50068774,2024-11-01,2025-04-30,semestral,,,5,precio constante
50068774,2024-12-01,2025-05-31,semestral,,,7,precio constante
50068774,2025-01-01,2025-06-30,semestral,,,7,precio constante
50068774,2025-02-01,2025-07-31,semestral,,,7,precio constante
50068774,2025-03-01,2025-08-31,semestral,,,7,precio constante
50068774,2025-04-01,2025-09-30,semestral,,,8,precio constante
50068774,2025-05-01,2025-10-31,semestral,,,9,precio constante
50068774,2025-06-01,2025-11-30,semestral,,,7,precio constante
50068774,2025-07-01,2025-12-31,semestral,,,8,precio constante
50068774,2025-08-01,2026-01-31,semestral,,,9,precio constante
50069412,2024-01-01,2024-01-31,mensual,,,3,precio constante
50069412,2024-02-01,2024-02-29,mensual,,,1,n<3
50069412,2024-03-01,2024-03-31,mensual,,,2,n<3
50069412,2024-04-01,2024-04-30,mensual,-4.4999656013024865,0.039940385760137254,6,valida
50069412,2024-05-01,2024-05-31,mensual,,,1,n<3
50069412,2024-06-01,2024-06-30,mensual,,,3,precio constante
50069412,2024-07-01,2024-07-31,mensual,,,1,n<3
50069412,2024-08-01,2024-08-31,mensual,,,1,n<3
50069412,2024-09-01,2024-09-30,mensual,,,0,n<3
50069412,2024-10-01,2024-10-31,mensual,,,2,n<3
50069412,2024-11-01,2024-11-30,mensual,,,1,n<3
50069412,2024-12-01,2024-12-31,mensual,,,2,n<3
50069412,2025-01-01,2025-01-31,mensual,,,2,n<3
50069412,2025-02-01,2025-02-28,mensual,,,4,qty constante
50069412,2025-03-01,2025-03-31,mensual,,,1,n<3
50069412,2025-04-01,2025-04-30,mensual,,,0,n<3
50069412,2025-05-01,2025-05-31,mensual,,,1,n<3
50069412,2025-06-01,2025-06-30,mensual,,,2,n<3
50069412,2025-07-01,2025-07-31,mensual,,,2,n<3
50069412,2025-08-01,2025-08-31,mensual,,,1,n<3
50069412,2025-09-01,2025-09-30,mensual,,,1,n<3
50069412,2025-10-01,2025-10-31,mensual,,,0,n<3
50069412,2025-11-01,2025-11-30,mensual,,,2,n<3
50069412,2025-12-01,2025-12-31,mensual,,,0,n<3
50069412,2026-01-01,2026-01-31,mensual,,,3,precio constante
50069412,2026-02-01,2026-02-28,mensual,,,1,n<3
50069412,2026-03-01,2026-03-31,mensual,,,0,n<3
50069412,2026-04-01,2026-04-30,mensual,,,1,n<3
50069412,2024-01-01,2024-03-31,trimestral,,,6,precio constante
50069412,2024-02-01,2024-04-30,trimestral,-4.023471520721233,0.029625273359354276,9,valida
50069412,2024-03-01,2024-05-31,trimestral,-4.023471520721233,0.029625273359354276,9,valida
50069412,2024-04-01,2024-06-30,trimestral,-2.498357754607362,0.012311617471668534,10,valida
50069412,2024-05-01,2024-07-31,trimestral,,,5,precio constante
50069412,2024-06-01,2024-08-31,trimestral,,,5,precio constante
50069412,2024-07-01,2024-09-30,trimestral,,,2,n<3
50069412,2024-08-01,2024-10-31,trimestral,-5.4878155333270175,0.987201895883029,3,valida
50069412,2024-09-01,2024-11-30,trimestral,-3.6068056464566554,0.7929252540412995,3,valida
50069412,2024-10-01,2024-12-31,trimestral,-4.620126292685901,0.8423536801506403,5,valida
50069412,2024-11-01,2025-01-31,trimestral,-4.848538184592202,0.16666666666666674,5,valida
50069412,2024-12-01,2025-02-28,trimestral,-1.6161793948640917,0.04761904761904745,8,valida
50069412,2025-01-01,2025-03-31,trimestral,-3.878830547673784,0.15999999999999992,7,valida
50069412,2025-02-01,2025-04-30,trimestral,-2.424269092296225,0.06249999999999978,5,valida
50069412,2025-03-01,2025-05-31,trimestral,,,2,n<3
50069412,2025-04-01,2025-06-30,trimestral,22.519169982824867,1.0,3,valida
50069412,2025-05-01,2025-07-31,trimestral,22.519169982824494,1.0,5,valida
50069412,2025-06-01,2025-08-31,trimestral,3.257932135784544,0.25758521256867584,5,valida
50069412,2025-07-01,2025-09-30,trimestral,,,4,qty constante
50069412,2025-08-01,2025-10-31,trimestral,,,2,n<3
50069412,2025-09-01,2025-11-30,trimestral,,,3,precio constante
50069412,2025-10-01,2025-12-31,trimestral,,,2,n<3
50069412,2025-11-01,2026-01-31,trimestral,,,5,precio constante
50069412,2025-12-01,2026-02-28,trimestral,,,4,precio constante
50069412,2026-01-01,2026-03-31,trimestral,,,4,precio constante
50069412,2026-02-01,2026-04-30,trimestral,,,2,n<3
50069412,2024-01-01,2024-06-30,semestral,-3.6424180503756034,0.013507816366535863,16,valida
50069412,2024-02-01,2024-07-31,semestral,-2.4746006103386073,0.01079203996123057,14,valida
50069412,2024-03-01,2024-08-31,semestral,-2.4746006103384457,0.010792039961232791,14,valida
50069412,2024-04-01,2024-09-30,semestral,-2.0434622944375724,0.008236483641766545,12,valida
50069412,2024-05-01,2024-10-31,semestral,-5.298308384832787,0.9912291845616412,8,valida
50069412,2024-06-01,2024-11-30,semestral,-4.923221454476645,0.8652562325291607,8,valida
50069412,2024-07-01,2024-12-31,semestral,-4.860711964865626,0.8603500732363466,7,valida
50069412,2024-08-01,2025-01-31,semestral,-4.349420496014321,0.7896461090219412,8,valida
50069412,2024-09-01,2025-02-28,semestral,-4.431321810127941,0.7895359994729001,11,valida
50069412,2024-10-01,2025-03-31,semestral,-4.332600290104766,0.7407487033568048,12,valida
50069412,2024-11-01,2025-04-30,semestral,-3.636403638444109,0.10714285714285698,10,valida
50069412,2024-12-01,2025-05-31,semestral,-2.4242690922960723,0.06249999999999967,10,valida
50069412,2025-01-01,2025-06-30,semestral,4.733906029986184,0.09059935936906416,10,valida
50069412,2025-02-01,2025-07-31,semestral,10.045531229859858,0.3246713270188295,10,valida
50069412,2025-03-01,2025-08-31,semestral,3.1956953214369994,0.2278091667736848,7,valida
50069412,2025-04-01,2025-09-30,semestral,2.904703500918295,0.19610103629257558,7,valida
50069412,2025-05-01,2025-10-31,semestral,2.904703500918295,0.19610103629257558,7,valida
50069412,2025-06-01,2025-11-30,semestral,2.797979791726421,0.1796606452806716,8,valida
50069412,2025-07-01,2025-12-31,semestral,,,6,qty constante
50069412,2025-08-01,2026-01-31,semestral,0.5177783466044632,0.02777777777777779,7,valida
50069412,2025-09-01,2026-02-28,semestral,,,7,precio constante
50069412,2025-10-01,2026-03-31,semestral,,,6,precio constante
50069412,2025-11-01,2026-04-30,semestral,,,7,precio constante
50069833,2024-03-01,2024-03-31,mensual,,,1,n<3
50069833,2024-04-01,2024-04-30,mensual,,,2,n<3
50069833,2024-05-01,2024-05-31,mensual,,,3,precio constante
50069833,2024-06-01,2024-06-30,mensual,,,0,n<3
50069833,2024-07-01,2024-07-31,mensual,,,2,n<3
50069833,2024-08-01,2024-08-31,mensual,,,1,n<3
50069833,2024-09-01,2024-09-30,mensual,,,1,n<3
50069833,2024-10-01,2024-10-31,mensual,,,0,n<3
50069833,2024-11-01,2024-11-30,mensual,,,1,n<3
50069833,2024-12-01,2024-12-31,mensual,,,0,n<3
50069833,2025-01-01,2025-01-31,mensual,,,2,n<3
50069833,2025-02-01,2025-02-28,mensual,,,1,n<3
50069833,2025-03-01,2025-03-31,mensual,,,0,n<3
50069833,2025-04-01,2025-04-30,mensual,,,1,n<3
50069833,2025-05-01,2025-05-31,mensual,,,0,n<3
50069833,2025-06-01,2025-06-30,mensual,,,1,n<3
50069833,2025-07-01,2025-07-31,mensual,,,0,n<3
50069833,2025-08-01,2025-08-31,mensual,,,1,n<3
50069833,2025-09-01,2025-09-30,mensual,,,0,n<3
50069833,2025-10-01,2025-10-31,mensual,,,0,n<3
50069833,2025-11-01,2025-11-30,mensual,,,0,n<3
50069833,2025-12-01,2025-12-31,mensual,,,0,n<3
50069833,2026-01-01,2026-01-31,mensual,,,0,n<3
50069833,2026-02-01,2026-02-28,mensual,,,1,n<3
50069833,2024-03-01,2024-05-31,trimestral,,,6,precio constante
50069833,2024-04-01,2024-06-30,trimestral,,,5,precio constante
50069833,2024-05-01,2024-07-31,trimestral,,,5,precio constante
50069833,2024-06-01,2024-08-31,trimestral,,,3,precio constante
50069833,2024-07-01,2024-09-30,trimestral,,,4,precio constante
50069833,2024-08-01,2024-10-31,trimestral,,,2,n<3
50069833,2024-09-01,2024-11-30,trimestral,,,2,n<3
50069833,2024-10-01,2024-12-31,trimestral,,,1,n<3
50069833,2024-11-01,2025-01-31,trimestral,,,3,qty constante
50069833,2024-12-01,2025-02-28,trimestral,,,3,precio constante
50069833,2025-01-01,2025-03-31,trimestral,,,3,precio constante
50069833,2025-02-01,2025-04-30,trimestral,,,2,n<3
50069833,2025-03-01,2025-05-31,trimestral,,,1,n<3
50069833,2025-04-01,2025-06-30,trimestral,,,2,n<3
50069833,2025-05-01,2025-07-31,trimestral,,,1,n<3
50069833,2025-06-01,2025-08-31,trimestral,,,2,n<3
50069833,2025-07-01,2025-09-30,trimestral,,,1,n<3
50069833,2025-08-01,2025-10-31,trimestral,,,1,n<3
50069833,2025-09-01,2025-11-30,trimestral,,,0,n<3
50069833,2025-10-01,2025-12-31,trimestral,,,0,n<3
50069833,2025-11-01,2026-01-31,trimestral,,,0,n<3
50069833,2025-12-01,2026-02-28,trimestral,,,1,n<3
50069833,2024-03-01,2024-08-31,semestral,,,9,precio constante
50069833,2024-04-01,2024-09-30,semestral,,,9,precio constante
50069833,2024-05-01,2024-10-31,semestral,,,7,precio constante
50069833,2024-06-01,2024-11-30,semestral,,,5,qty constante
50069833,2024-07-01,2024-12-31,semestral,,,5,qty constante
50069833,2024-08-01,2025-01-31,semestral,,,5,qty constante
50069833,2024-09-01,2025-02-28,semestral,,,5,qty constante
50069833,2024-10-01,2025-03-31,semestral,,,4,qty constante
50069833,2024-11-01,2025-04-30,semestral,,,5,qty constante
50069833,2024-12-01,2025-05-31,semestral,,,4,precio constante
50069833,2025-01-01,2025-06-30,semestral,,,5,precio constante
50069833,2025-02-01,2025-07-31,semestral,,,3,precio constante
50069833,2025-03-01,2025-08-31,semestral,2.009235605492644,0.25005075052472026,3,valida
50069833,2025-04-01,2025-09-30,semestral,2.009235605492644,0.25005075052472026,3,valida
50069833,2025-05-01,2025-10-31,semestral,,,2,n<3
50069833,2025-06-01,2025-11-30,semestral,,,2,n<3
50069833,2025-07-01,2025-12-31,semestral,,,1,n<3
50069833,2025-08-01,2026-01-31,semestral,,,1,n<3
50069833,2025-09-01,2026-02-28,semestral,,,1,n<3
50069839,2024-01-01,2024-01-31,mensual,,,3,precio constante
50069839,2024-02-01,2024-02-29,mensual,,,0,n<3
50069839,2024-03-01,2024-03-31,mensual,,,0,n<3
50069839,2024-04-01,2024-04-30,mensual,,,1,n<3
50069839,2024-05-01,2024-05-31,mensual,,,0,n<3
50069839,2024-06-01,2024-06-30,mensual,,,0,n<3
50069839,2024-07-01,2024-07-31,mensual,,,0,n<3
50069839,2024-08-01,2024-08-31,mensual,,,0,n<3
50069839,2024-09-01,2024-09-30,mensual,,,0,n<3
50069839,2024-10-01,2024-10-31,mensual,,,0,n<3
50069839,2024-11-01,2024-11-30,mensual,,,0,n<3
50069839,2024-12-01,2024-12-31,mensual,,,0,n<3
50069839,2025-01-01,2025-01-31,mensual,,,0,n<3
50069839,2025-02-01,2025-02-28,mensual,,,0,n<3
50069839,2025-03-01,2025-03-31,mensual,,,0,n<3
50069839,2025-04-01,2025-04-30,mensual,,,0,n<3
50069839,2025-05-01,2025-05-31,mensual,,,0,n<3
50069839,2025-06-01,2025-06-30,mensual,,,0,n<3
50069839,2025-07-01,2025-07-31,mensual,,,0,n<3
50069839,2025-08-01,2025-08-31,mensual,,,1,n<3
50069839,2025-09-01,2025-09-30,mensual,,,0,n<3
50069839,2025-10-01,2025-10-31,mensual,,,0,n<3
50069839,2025-11-01,2025-11-30,mensual,,,0,n<3
50069839,2025-12-01,2025-12-31,mensual,,,1,n<3
50069839,2026-01-01,2026-01-31,mensual,,,3,precio constante
50069839,2024-01-01,2024-03-31,trimestral,,,3,precio constante
50069839,2024-02-01,2024-04-30,trimestral,,,1,n<3
50069839,2024-03-01,2024-05-31,trimestral,,,1,n<3
50069839,2024-04-01,2024-06-30,trimestral,,,1,n<3
50069839,2024-05-01,2024-07-31,trimestral,,,0,n<3
50069839,2024-06-01,2024-08-31,trimestral,,,0,n<3
50069839,2024-07-01,2024-09-30,trimestral,,,0,n<3
50069839,2024-08-01,2024-10-31,trimestral,,,0,n<3
50069839,2024-09-01,2024-11-30,trimestral,,,0,n<3
50069839,2024-10-01,2024-12-31,trimestral,,,0,n<3
50069839,2024-11-01,2025-01-31,trimestral,,,0,n<3
50069839,2024-12-01,2025-02-28,trimestral,,,0,n<3
50069839,2025-01-01,2025-03-31,trimestral,,,0,n<3
50069839,2025-02-01,2025-04-30,trimestral,,,0,n<3
50069839,2025-03-01,2025-05-31,trimestral,,,0,n<3
50069839,2025-04-01,2025-06-30,trimestral,,,0,n<3
50069839,2025-05-01,2025-07-31,trimestral,,,0,n<3
50069839,2025-06-01,2025-08-31,trimestral,,,1,n<3
50069839,2025-07-01,2025-09-30,trimestral,,,1,n<3
50069839,2025-08-01,2025-10-31,trimestral,,,1,n<3
50069839,2025-09-01,2025-11-30,trimestral,,,0,n<3
50069839,2025-10-01,2025-12-31,trimestral,,,1,n<3
50069839,2025-11-01,2026-01-31,trimestral,,,4,precio constante
50069839,2024-01-01,2024-06-30,semestral,,,4,precio constante
50069839,2024-02-01,2024-07-31,semestral,,,1,n<3
50069839,2024-03-01,2024-08-31,semestral,,,1,n<3
50069839,2024-04-01,2024-09-30,semestral,,,1,n<3
50069839,2024-05-01,2024-10-31,semestral,,,0,n<3
50069839,2024-06-01,2024-11-30,semestral,,,0,n<3
50069839,2024-07-01,2024-12-31,semestral,,,0,n<3
50069839,2024-08-01,2025-01-31,semestral,,,0,n<3
50069839,2024-09-01,2025-02-28,semestral,,,0,n<3
50069839,2024-10-01,2025-03-31,semestral,,,0,n<3
50069839,2024-11-01,2025-04-30,semestral,,,0,n<3
50069839,2024-12-01,2025-05-31,semestral,,,0,n<3
50069839,2025-01-01,2025-06-30,semestral,,,0,n<3
50069839,2025-02-01,2025-07-31,semestral,,,0,n<3
50069839,2025-03-01,2025-08-31,semestral,,,1,n<3
50069839,2025-04-01,2025-09-30,semestral,,,1,n<3
50069839,2025-05-01,2025-10-31,semestral,,,1,n<3
50069839,2025-06-01,2025-11-30,semestral,,,1,n<3
50069839,2025-07-01,2025-12-31,semestral,,,2,n<3
50069839,2025-08-01,2026-01-31,semestral,0.6068420338889773,0.06261329173527241,5,valida
50069869,2024-08-01,2024-08-31,mensual,,,2,n<3
50069869,2024-09-01,2024-09-30,mensual,,,0,n<3
50069869,2024-10-01,2024-10-31,mensual,,,0,n<3
50069869,2024-11-01,2024-11-30,mensual,,,0,n<3
50069869,2024-12-01,2024-12-31,mensual,,,0,n<3
50069869,2025-01-01,2025-01-31,mensual,,,1,n<3
50069869,2025-02-01,2025-02-28,mensual,,,0,n<3
50069869,2025-03-01,2025-03-31,mensual,,,1,n<3
50069869,2025-04-01,2025-04-30,mensual,,,0,n<3
50069869,2025-05-01,2025-05-31,mensual,,,0,n<3
50069869,2025-06-01,2025-06-30,mensual,,,0,n<3
50069869,2025-07-01,2025-07-31,mensual,,,0,n<3
50069869,2025-08-01,2025-08-31,mensual,,,1,n<3
50069869,2025-09-01,2025-09-30,mensual,,,0,n<3
50069869,2025-10-01,2025-10-31,mensual,,,0,n<3
50069869,2025-11-01,2025-11-30,mensual,,,0,n<3
50069869,2025-12-01,2025-12-31,mensual,,,0,n<3
50069869,2026-01-01,2026-01-31,mensual,,,0,n<3
50069869,2026-02-01,2026-02-28,mensual,,,1,n<3
50069869,2024-08-01,2024-10-31,trimestral,,,2,n<3
50069869,2024-09-01,2024-11-30,trimestral,,,0,n<3
50069869,2024-10-01,2024-12-31,trimestral,,,0,n<3
50069869,2024-11-01,2025-01-31,trimestral,,,1,n<3
50069869,2024-12-01,2025-02-28,trimestral,,,1,n<3
50069869,2025-01-01,2025-03-31,trimestral,,,2,n<3
50069869,2025-02-01,2025-04-30,trimestral,,,1,n<3
50069869,2025-03-01,2025-05-31,trimestral,,,1,n<3
50069869,2025-04-01,2025-06-30,trimestral,,,0,n<3
50069869,2025-05-01,2025-07-31,trimestral,,,0,n<3
50069869,2025-06-01,2025-08-31,trimestral,,,1,n<3
50069869,2025-07-01,2025-09-30,trimestral,,,1,n<3
50069869,2025-08-01,2025-10-31,trimestral,,,1,n<3
50069869,2025-09-01,2025-11-30,trimestral,,,0,n<3
50069869,2025-10-01,2025-12-31,trimestral,,,0,n<3
50069869,2025-11-01,2026-01-31,trimestral,,,0,n<3
50069869,2025-12-01,2026-02-28,trimestral,,,1,n<3
50069869,2024-08-01,2025-01-31,semestral,,,3,qty constante
50069869,2024-09-01,2025-02-28,semestral,,,1,n<3
50069869,2024-10-01,2025-03-31,semestral,,,2,n<3
50069869,2024-11-01,2025-04-30,semestral,,,2,n<3
50069869,2024-12-01,2025-05-31,semestral,,,2,n<3
50069869,2025-01-01,2025-06-30,semestral,,,2,n<3
50069869,2025-02-01,2025-07-31,semestral,,,1,n<3
50069869,2025-03-01,2025-08-31,semestral,,,2,n<3
50069869,2025-04-01,2025-09-30,semestral,,,1,n<3
50069869,2025-05-01,2025-10-31,semestral,,,1,n<3
50069869,2025-06-01,2025-11-30,semestral,,,1,n<3
50069869,2025-07-01,2025-12-31,semestral,,,1,n<3
50069869,2025-08-01,2026-01-31,semestral,,,1,n<3
50069869,2025-09-01,2026-02-28,semestral,,,1,n<3
50070986,2024-02-01,2024-02-29,mensual,,,1,n<3
50070986,2024-03-01,2024-03-31,mensual,,,0,n<3
50070986,2024-04-01,2024-04-30,mensual,,,0,n<3
50070986,2024-05-01,2024-05-31,mensual,,,0,n<3
50070986,2024-06-01,2024-06-30,mensual,,,0,n<3
50070986,2024-07-01,2024-07-31,mensual,,,0,n<3
50070986,2024-08-01,2024-08-31,mensual,,,0,n<3
50070986,2024-09-01,2024-09-30,mensual,,,0,n<3
50070986,2024-10-01,2024-10-31,mensual,,,0,n<3
50070986,2024-11-01,2024-11-30,mensual,,,0,n<3
50070986,2024-12-01,2024-12-31,mensual,,,1,n<3
50070986,2025-01-01,2025-01-31,mensual,,,0,n<3
50070986,2025-02-01,2025-02-28,mensual,,,0,n<3
50070986,2025-03-01,2025-03-31,mensual,,,1,n<3
50070986,2025-04-01,2025-04-30,mensual,,,0,n<3
50070986,2025-05-01,2025-05-31,mensual,,,0,n<3
50070986,2025-06-01,2025-06-30,mensual,,,0,n<3
50070986,2025-07-01,2025-07-31,mensual,,,0,n<3
50070986,2025-08-01,2025-08-31,mensual,,,0,n<3
50070986,2025-09-01,2025-09-30,mensual,,,1,n<3
50070986,2024-02-01,2024-04-30,trimestral,,,1,n<3
50070986,2024-03-01,2024-05-31,trimestral,,,0,n<3
50070986,2024-04-01,2024-06-30,trimestral,,,0,n<3
50070986,2024-05-01,2024-07-31,trimestral,,,0,n<3
50070986,2024-06-01,2024-08-31,trimestral,,,0,n<3
50070986,2024-07-01,2024-09-30,trimestral,,,0,n<3
50070986,2024-08-01,2024-10-31,trimestral,,,0,n<3
50070986,2024-09-01,2024-11-30,trimestral,,,0,n<3
50070986,2024-10-01,2024-12-31,trimestral,,,1,n<3
50070986,2024-11-01,2025-01-31,trimestral,,,1,n<3
50070986,2024-12-01,2025-02-28,trimestral,,,1,n<3
50070986,2025-01-01,2025-03-31,trimestral,,,1,n<3
50070986,2025-02-01,2025-04-30,trimestral,,,1,n<3
50070986,2025-03-01,2025-05-31,trimestral,,,1,n<3
50070986,2025-04-01,2025-06-30,trimestral,,,0,n<3
50070986,2025-05-01,2025-07-31,trimestral,,,0,n<3
50070986,2025-06-01,2025-08-31,trimestral,,,0,n<3
50070986,2025-07-01,2025-09-30,trimestral,,,1,n<3
50070986,2024-02-01,2024-07-31,semestral,,,1,n<3
50070986,2024-03-01,2024-08-31,semestral,,,0,n<3
50070986,2024-04-01,2024-09-30,semestral,,,0,n<3
50070986,2024-05-01,2024-10-31,semestral,,,0,n<3
50070986,2024-06-01,2024-11-30,semestral,,,0,n<3
50070986,2024-07-01,2024-12-31,semestral,,,1,n<3
50070986,2024-08-01,2025-01-31,semestral,,,1,n<3
50070986,2024-09-01,2025-02-28,semestral,,,1,n<3
50070986,2024-10-01,2025-03-31,semestral,,,2,n<3
50070986,2024-11-01,2025-04-30,semestral,,,2,n<3
50070986,2024-12-01,2025-05-31,semestral,,,2,n<3
50070986,2025-01-01,2025-06-30,semestral,,,1,n<3
50070986,2025-02-01,2025-07-31,semestral,,,1,n<3
50070986,2025-03-01,2025-08-31,semestral,,,1,n<3
50070986,2025-04-01,2025-09-30,semestral,,,1,n<3
50070987,2024-01-01,2024-01-31,mensual,,,1,n<3
50070987,2024-02-01,2024-02-29,mensual,,,1,n<3
50070987,2024-03-01,2024-03-31,mensual,,,0,n<3
50070987,2024-04-01,2024-04-30,mensual,,,0,n<3
50070987,2024-05-01,2024-05-31,mensual,,,0,n<3
50070987,2024-06-01,2024-06-30,mensual,,,0,n<3
50070987,2024-07-01,2024-07-31,mensual,,,0,n<3
50070987,2024-08-01,2024-08-31,mensual,,,1,n<3
50070987,2024-09-01,2024-09-30,mensual,,,0,n<3
50070987,2024-10-01,2024-10-31,mensual,,,0,n<3
50070987,2024-11-01,2024-11-30,mensual,,,0,n<3
50070987,2024-12-01,2024-12-31,mensual,,,0,n<3
50070987,2025-01-01,2025-01-31,mensual,,,0,n<3
50070987,2025-02-01,2025-02-28,mensual,,,1,n<3
50070987,2024-01-01,2024-03-31,trimestral,,,2,n<3
50070987,2024-02-01,2024-04-30,trimestral,,,1,n<3
50070987,2024-03-01,2024-05-31,trimestral,,,0,n<3
50070987,2024-04-01,2024-06-30,trimestral,,,0,n<3
50070987,2024-05-01,2024-07-31,trimestral,,,0,n<3
50070987,2024-06-01,2024-08-31,trimestral,,,1,n<3
50070987,2024-07-01,2024-09-30,trimestral,,,1,n<3
50070987,2024-08-01,2024-10-31,trimestral,,,1,n<3
50070987,2024-09-01,2024-11-30,trimestral,,,0,n<3
50070987,2024-10-01,2024-12-31,trimestral,,,0,n<3
50070987,2024-11-01,2025-01-31,trimestral,,,0,n<3
50070987,2024-12-01,2025-02-28,trimestral,,,1,n<3
50070987,2024-01-01,2024-06-30,semestral,,,2,n<3
50070987,2024-02-01,2024-07-31,semestral,,,1,n<3
50070987,2024-03-01,2024-08-31,semestral,,,1,n<3
50070987,2024-04-01,2024-09-30,semestral,,,1,n<3
50070987,2024-05-01,2024-10-31,semestral,,,1,n<3
50070987,2024-06-01,2024-11-30,semestral,,,1,n<3
50070987,2024-07-01,2024-12-31,semestral,,,1,n<3
50070987,2024-08-01,2025-01-31,semestral,,,1,n<3
50070987,2024-09-01,2025-02-28,semestral,,,1,n<3
50071909,2024-01-01,2024-01-31,mensual,3.5107312213051536,0.44856099002390726,9,valida
50071909,2024-02-01,2024-02-29,mensual,,,1,n<3
50071909,2024-03-01,2024-03-31,mensual,,,0,n<3
50071909,2024-04-01,2024-04-30,mensual,,,0,n<3
50071909,2024-05-01,2024-05-31,mensual,,,0,n<3
50071909,2024-06-01,2024-06-30,mensual,,,0,n<3
50071909,2024-07-01,2024-07-31,mensual,,,0,n<3
50071909,2024-08-01,2024-08-31,mensual,,,0,n<3
50071909,2024-09-01,2024-09-30,mensual,,,0,n<3
50071909,2024-10-01,2024-10-31,mensual,,,0,n<3
50071909,2024-11-01,2024-11-30,mensual,,,1,n<3
50071909,2024-12-01,2024-12-31,mensual,,,3,precio constante
50071909,2025-01-01,2025-01-31,mensual,,,4,precio constante
50071909,2025-02-01,2025-02-28,mensual,,,3,precio constante
50071909,2025-03-01,2025-03-31,mensual,,,0,n<3
50071909,2025-04-01,2025-04-30,mensual,,,1,n<3
50071909,2024-01-01,2024-03-31,trimestral,3.605405567823403,0.46065739271812456,10,valida
50071909,2024-02-01,2024-04-30,trimestral,,,1,n<3
50071909,2024-03-01,2024-05-31,trimestral,,,0,n<3
50071909,2024-04-01,2024-06-30,trimestral,,,0,n<3
50071909,2024-05-01,2024-07-31,trimestral,,,0,n<3
50071909,2024-06-01,2024-08-31,trimestral,,,0,n<3
50071909,2024-07-01,2024-09-30,trimestral,,,0,n<3
50071909,2024-08-01,2024-10-31,trimestral,,,0,n<3
50071909,2024-09-01,2024-11-30,trimestral,,,1,n<3
50071909,2024-10-01,2024-12-31,trimestral,,,4,precio constante
50071909,2024-11-01,2025-01-31,trimestral,,,8,precio constante
50071909,2024-12-01,2025-02-28,trimestral,0.2102504575681974,0.0012945607394849734,10,valida
50071909,2025-01-01,2025-03-31,trimestral,-1.035427906501812,0.22222222222222243,7,valida
50071909,2025-02-01,2025-04-30,trimestral,-1.0354279065018097,0.11111111111111105,4,valida
50071909,2024-01-01,2024-06-30,semestral,3.605405567823403,0.46065739271812456,10,valida
50071909,2024-02-01,2024-07-31,semestral,,,1,n<3
50071909,2024-03-01,2024-08-31,semestral,,,0,n<3
50071909,2024-04-01,2024-09-30,semestral,,,0,n<3
50071909,2024-05-01,2024-10-31,semestral,,,0,n<3
50071909,2024-06-01,2024-11-30,semestral,,,1,n<3
50071909,2024-07-01,2024-12-31,semestral,,,4,precio constante
50071909,2024-08-01,2025-01-31,semestral,,,8,precio constante
50071909,2024-09-01,2025-02-28,semestral,0.05452938861350219,8.889469811579342e-05,11,valida
50071909,2024-10-01,2025-03-31,semestral,0.05452938861350219,8.889469811579342e-05,11,valida
50071909,2024-11-01,2025-04-30,semestral,-0.06658678285047508,0.0001347393763403426,12,valida
50072615,2024-04-01,2024-04-30,mensual,,,1,n<3
50072616,2024-04-01,2024-04-30,mensual,,,1,n<3
50072616,2024-05-01,2024-05-31,mensual,,,1,n<3
50072616,2024-06-01,2024-06-30,mensual,,,0,n<3
50072616,2024-07-01,2024-07-31,mensual,,,1,n<3
50072616,2024-08-01,2024-08-31,mensual,,,0,n<3
50072616,2024-09-01,2024-09-30,mensual,,,0,n<3
50072616,2024-10-01,2024-10-31,mensual,,,0,n<3
50072616,2024-11-01,2024-11-30,mensual,,,0,n<3
50072616,2024-12-01,2024-12-31,mensual,,,0,n<3
50072616,2025-01-01,2025-01-31,mensual,,,0,n<3
50072616,2025-02-01,2025-02-28,mensual,,,0,n<3
50072616,2025-03-01,2025-03-31,mensual,,,0,n<3
50072616,2025-04-01,2025-04-30,mensual,,,0,n<3
50072616,2025-05-01,2025-05-31,mensual,,,0,n<3
50072616,2025-06-01,2025-06-30,mensual,,,1,n<3
50072616,2025-07-01,2025-07-31,mensual,,,0,n<3
50072616,2025-08-01,2025-08-31,mensual,,,1,n<3
50072616,2024-04-01,2024-06-30,trimestral,,,2,n<3
50072616,2024-05-01,2024-07-31,trimestral,,,2,n<3
50072616,2024-06-01,2024-08-31,trimestral,,,1,n<3
50072616,2024-07-01,2024-09-30,trimestral,,,1,n<3
50072616,2024-08-01,2024-10-31,trimestral,,,0,n<3
50072616,2024-09-01,2024-11-30,trimestral,,,0,n<3
50072616,2024-10-01,2024-12-31,trimestral,,,0,n<3
50072616,2024-11-01,2025-01-31,trimestral,,,0,n<3
50072616,2024-12-01,2025-02-28,trimestral,,,0,n<3
50072616,2025-01-01,2025-03-31,trimestral,,,0,n<3
50072616,2025-02-01,2025-04-30,trimestral,,,0,n<3
50072616,2025-03-01,2025-05-31,trimestral,,,0,n<3
50072616,2025-04-01,2025-06-30,trimestral,,,1,n<3
50072616,2025-05-01,2025-07-31,trimestral,,,1,n<3
50072616,2025-06-01,2025-08-31,trimestral,,,2,n<3
50072616,2024-04-01,2024-09-30,semestral,,,3,precio constante
50072616,2024-05-01,2024-10-31,semestral,,,2,n<3
50072616,2024-06-01,2024-11-30,semestral,,,1,n<3
50072616,2024-07-01,2024-12-31,semestral,,,1,n<3
50072616,2024-08-01,2025-01-31,semestral,,,0,n<3
50072616,2024-09-01,2025-02-28,semestral,,,0,n<3
50072616,2024-10-01,2025-03-31,semestral,,,0,n<3
50072616,2024-11-01,2025-04-30,semestral,,,0,n<3
50072616,2024-12-01,2025-05-31,semestral,,,0,n<3
50072616,2025-01-01,2025-06-30,semestral,,,1,n<3
50072616,2025-02-01,2025-07-31,semestral,,,1,n<3
50072616,2025-03-01,2025-08-31,semestral,,,2,n<3
50072617,2024-06-01,2024-06-30,mensual,,,1,n<3
50072617,2024-07-01,2024-07-31,mensual,,,0,n<3
50072617,2024-08-01,2024-08-31,mensual,,,1,n<3
50072617,2024-06-01,2024-08-31,trimestral,,,2,n<3
50072618,2024-05-01,2024-05-31,mensual,,,1,n<3
50072618,2024-06-01,2024-06-30,mensual,,,0,n<3
50072618,2024-07-01,2024-07-31,mensual,,,0,n<3
50072618,2024-08-01,2024-08-31,mensual,,,0,n<3
50072618,2024-09-01,2024-09-30,mensual,,,0,n<3
50072618,2024-10-01,2024-10-31,mensual,,,1,n<3
50072618,2024-05-01,2024-07-31,trimestral,,,1,n<3
50072618,2024-06-01,2024-08-31,trimestral,,,0,n<3
50072618,2024-07-01,2024-09-30,trimestral,,,0,n<3
50072618,2024-08-01,2024-10-31,trimestral,,,1,n<3
50072618,2024-05-01,2024-10-31,semestral,,,2,n<3
50072619,2024-05-01,2024-05-31,mensual,,,1,n<3
50072619,2024-06-01,2024-06-30,mensual,,,0,n<3
50072619,2024-07-01,2024-07-31,mensual,,,0,n<3
50072619,2024-08-01,2024-08-31,mensual,,,0,n<3
50072619,2024-09-01,2024-09-30,mensual,,,0,n<3
50072619,2024-10-01,2024-10-31,mensual,,,0,n<3
50072619,2024-11-01,2024-11-30,mensual,,,0,n<3
50072619,2024-12-01,2024-12-31,mensual,,,0,n<3
50072619,2025-01-01,2025-01-31,mensual,,,0,n<3
50072619,2025-02-01,2025-02-28,mensual,,,0,n<3
50072619,2025-03-01,2025-03-31,mensual,,,1,n<3
50072619,2024-05-01,2024-07-31,trimestral,,,1,n<3
50072619,2024-06-01,2024-08-31,trimestral,,,0,n<3
50072619,2024-07-01,2024-09-30,trimestral,,,0,n<3
50072619,2024-08-01,2024-10-31,trimestral,,,0,n<3
50072619,2024-09-01,2024-11-30,trimestral,,,0,n<3
50072619,2024-10-01,2024-12-31,trimestral,,,0,n<3
50072619,2024-11-01,2025-01-31,trimestral,,,0,n<3
50072619,2024-12-01,2025-02-28,trimestral,,,0,n<3
50072619,2025-01-01,2025-03-31,trimestral,,,1,n<3
50072619,2024-05-01,2024-10-31,semestral,,,1,n<3
50072619,2024-06-01,2024-11-30,semestral,,,0,n<3
50072619,2024-07-01,2024-12-31,semestral,,,0,n<3
50072619,2024-08-01,2025-01-31,semestral,,,0,n<3
50072619,2024-09-01,2025-02-28,semestral,,,0,n<3
50072619,2024-10-01,2025-03-31,semestral,,,1,n<3
50074131,2024-01-01,2024-01-31,mensual,,,2,n<3
50074131,2024-02-01,2024-02-29,mensual,,,0,n<3
50074131,2024-03-01,2024-03-31,mensual,,,3,precio constante
50074131,2024-04-01,2024-04-30,mensual,,,1,n<3
50074131,2024-05-01,2024-05-31,mensual,,,0,n<3
50074131,2024-06-01,2024-06-30,mensual,,,1,n<3
50074131,2024-07-01,2024-07-31,mensual,,,1,n<3
50074131,2024-08-01,2024-08-31,mensual,,,1,n<3
50074131,2024-09-01,2024-09-30,mensual,,,1,n<3
50074131,2024-10-01,2024-10-31,mensual,,,1,n<3
50074131,2024-11-01,2024-11-30,mensual,,,2,n<3
50074131,2024-12-01,2024-12-31,mensual,,,0,n<3
50074131,2025-01-01,2025-01-31,mensual,,,0,n<3
50074131,2025-02-01,2025-02-28,mensual,,,1,n<3
50074131,2025-03-01,2025-03-31,mensual,,,1,n<3
50074131,2025-04-01,2025-04-30,mensual,,,0,n<3
50074131,2025-05-01,2025-05-31,mensual,,,1,n<3
50074131,2025-06-01,2025-06-30,mensual,,,1,n<3
50074131,2025-07-01,2025-07-31,mensual,,,2,n<3
50074131,2025-08-01,2025-08-31,mensual,,,1,n<3
50074131,2025-09-01,2025-09-30,mensual,,,1,n<3
50074131,2025-10-01,2025-10-31,mensual,,,1,n<3
50074131,2025-11-01,2025-11-30,mensual,,,0,n<3
50074131,2025-12-01,2025-12-31,mensual,,,0,n<3
50074131,2026-01-01,2026-01-31,mensual,,,0,n<3
50074131,2026-02-01,2026-02-28,mensual,,,0,n<3
50074131,2026-03-01,2026-03-31,mensual,,,1,n<3
50074131,2026-04-01,2026-04-30,mensual,,,2,n<3
50074131,2024-01-01,2024-03-31,trimestral,0.9547863540295206,0.0625,5,valida
50074131,2024-02-01,2024-04-30,trimestral,,,4,precio constante
50074131,2024-03-01,2024-05-31,trimestral,,,4,precio constante
50074131,2024-04-01,2024-06-30,trimestral,,,2,n<3
50074131,2024-05-01,2024-07-31,trimestral,,,2,n<3
50074131,2024-06-01,2024-08-31,trimestral,1.539947935411309,0.25,3,valida
50074131,2024-07-01,2024-09-30,trimestral,0.9715989714019312,0.2500000000000001,3,valida
50074131,2024-08-01,2024-10-31,trimestral,0.9715989714019312,0.2500000000000001,3,valida
50074131,2024-09-01,2024-11-30,trimestral,,,4,precio constante
50074131,2024-10-01,2024-12-31,trimestral,,,3,precio constante
50074131,2024-11-01,2025-01-31,trimestral,,,2,n<3
50074131,2024-12-01,2025-02-28,trimestral,,,1,n<3
50074131,2025-01-01,2025-03-31,trimestral,,,2,n<3
50074131,2025-02-01,2025-04-30,trimestral,,,2,n<3
50074131,2025-03-01,2025-05-31,trimestral,,,2,n<3
50074131,2025-04-01,2025-06-30,trimestral,,,2,n<3
50074131,2025-05-01,2025-07-31,trimestral,,,4,precio constante
50074131,2025-06-01,2025-08-31,trimestral,-0.6478365147035776,0.030303030303030165,4,valida
50074131,2025-07-01,2025-09-30,trimestral,-1.7664505670017614,0.9695985828440427,4,valida
50074131,2025-08-01,2025-10-31,trimestral,-1.6191097071183151,1.0,3,valida
50074131,2025-09-01,2025-11-30,trimestral,,,2,n<3
50074131,2025-10-01,2025-12-31,trimestral,,,1,n<3
50074131,2025-11-01,2026-01-31,trimestral,,,0,n<3
50074131,2025-12-01,2026-02-28,trimestral,,,0,n<3
50074131,2026-01-01,2026-03-31,trimestral,,,1,n<3
50074131,2026-02-01,2026-04-30,trimestral,,,3,precio constante
50074131,2024-01-01,2024-06-30,semestral,1.2730484720393438,0.06666666666666665,7,valida
50074131,2024-02-01,2024-07-31,semestral,,,6,precio constante
50074131,2024-03-01,2024-08-31,semestral,1.0266319569408666,0.06666666666666665,7,valida
50074131,2024-04-01,2024-09-30,semestral,1.2557734534066032,0.15356049614077605,5,valida
50074131,2024-05-01,2024-10-31,semestral,1.2557734534066032,0.15356049614077605,5,valida
50074131,2024-06-01,2024-11-30,semestral,1.1610486260717174,0.11434458284178406,7,valida
50074131,2024-07-01,2024-12-31,semestral,0.7772791771215503,0.1000000000000002,6,valida
50074131,2024-08-01,2025-01-31,semestral,0.9715989714019244,0.16666666666666663,5,valida
50074131,2024-09-01,2025-02-28,semestral,-6.029202871931023,0.16666666666666663,5,valida
50074131,2024-10-01,2025-03-31,semestral,-4.019468581287244,0.16666666666666663,5,valida
50074131,2024-11-01,2025-04-30,semestral,-6.029202871930626,0.33333333333333326,4,valida
50074131,2024-12-01,2025-05-31,semestral,,,3,precio constante
50074131,2025-01-01,2025-06-30,semestral,,,4,precio constante
50074131,2025-02-01,2025-07-31,semestral,,,6,precio constante
50074131,2025-03-01,2025-08-31,semestral,-0.7774038176442942,0.04000000000000015,6,valida
50074131,2025-04-01,2025-09-30,semestral,-0.9720023415746479,0.07005353485410493,6,valida
50074131,2025-05-01,2025-10-31,semestral,-1.2419646519608443,0.11312967486148395,7,valida
50074131,2025-06-01,2025-11-30,semestral,-1.3339008012773612,0.1373372151153196,6,valida
50074131,2025-07-01,2025-12-31,semestral,-1.6962209092718183,0.9601937458826316,5,valida
50074131,2025-08-01,2026-01-31,semestral,-1.6191097071183151,1.0,3,valida
50074131,2025-09-01,2026-02-28,semestral,,,2,n<3
50074131,2025-10-01,2026-03-31,semestral,,,2,n<3
50074131,2025-11-01,2026-04-30,semestral,,,3,precio constante
50074151,2024-01-01,2024-01-31,mensual,-6.397795581488394,0.5640744003674352,9,valida
50074151,2024-02-01,2024-02-29,mensual,-1.079950994764445,0.02222222222222192,11,valida
50074151,2024-03-01,2024-03-31,mensual,,,10,precio constante
50074151,2024-04-01,2024-04-30,mensual,-1.943911790576052,0.039999999999999925,6,valida
50074151,2024-05-01,2024-05-31,mensual,,,1,n<3
50074151,2024-06-01,2024-06-30,mensual,,,0,n<3
50074151,2024-07-01,2024-07-31,mensual,,,8,precio constante
50074151,2024-08-01,2024-08-31,mensual,0.741114356118483,0.06883920360722884,14,valida
50074151,2024-09-01,2024-09-30,mensual,1.3271888195844601,0.0700562913485957,13,valida
50074151,2024-10-01,2024-10-31,mensual,-2.3491553469391184,0.09335076326478364,12,valida
50074151,2024-11-01,2024-11-30,mensual,,,9,precio constante
50074151,2024-12-01,2024-12-31,mensual,,,6,precio constante
50074151,2025-01-01,2025-01-31,mensual,-6.823167869669249,0.05243511275237056,11,valida
50074151,2025-02-01,2025-02-28,mensual,-8.4246809261714,0.04645459790663575,17,valida
50074151,2025-03-01,2025-03-31,mensual,,,11,precio constante
50074151,2025-04-01,2025-04-30,mensual,1.822809466110076,0.030756275532022426,16,valida
50074151,2025-05-01,2025-05-31,mensual,,,7,precio constante
50074151,2025-06-01,2025-06-30,mensual,,,14,precio constante
50074151,2025-07-01,2025-07-31,mensual,1.8263624130026646,0.10010926857082747,9,valida
50074151,2025-08-01,2025-08-31,mensual,-1.2008820041412913,0.0057261255802549815,16,valida
50074151,2025-09-01,2025-09-30,mensual,-1.7671925368869938,0.018181818181818077,12,valida
50074151,2025-10-01,2025-10-31,mensual,,,5,precio constante
50074151,2025-11-01,2025-11-30,mensual,,,3,precio constante
50074151,2025-12-01,2025-12-31,mensual,,,1,n<3
50074151,2026-01-01,2026-01-31,mensual,,,11,precio constante
50074151,2026-02-01,2026-02-28,mensual,-2.4298897382199396,0.06249999999999989,5,valida
50074151,2026-03-01,2026-03-31,mensual,12.390199170313402,0.2099445071267393,15,valida
50074151,2026-04-01,2026-04-30,mensual,6.672071982524383,0.11458333333333315,17,valida
50074151,2024-01-01,2024-03-31,trimestral,-6.541957114998665,0.3623528051741427,30,valida
50074151,2024-02-01,2024-04-30,trimestral,-4.028276158398323,0.041983274462906395,27,valida
50074151,2024-03-01,2024-05-31,trimestral,-5.443874169504194,0.03327665299897087,17,valida
50074151,2024-04-01,2024-06-30,trimestral,-1.6199264921465888,0.027777777777778345,7,valida
50074151,2024-05-01,2024-07-31,trimestral,,,9,precio constante
50074151,2024-06-01,2024-08-31,trimestral,0.8150819354168964,0.042348593465931894,22,valida
50074151,2024-07-01,2024-09-30,trimestral,0.1213662423245109,0.0009441318564090695,35,valida
50074151,2024-08-01,2024-10-31,trimestral,-0.27240838398332484,0.0027201529266687174,39,valida
50074151,2024-09-01,2024-11-30,trimestral,-0.3606312074367206,0.0037418890323598353,34,valida
50074151,2024-10-01,2024-12-31,trimestral,-2.7845896585713468,0.09906462018669238,27,valida
50074151,2024-11-01,2025-01-31,trimestral,-5.336489433677105,0.01664986155810977,26,valida
50074151,2024-12-01,2025-02-28,trimestral,-6.3510007482127095,0.03009670886765603,34,valida
50074151,2025-01-01,2025-03-31,trimestral,-7.435678261771035,0.030695015925032543,39,valida
50074151,2025-02-01,2025-04-30,trimestral,1.9587599284732653,0.01670981811213701,44,valida
50074151,2025-03-01,2025-05-31,trimestral,2.7512320175081184,0.042146396018357124,34,valida
50074151,2025-04-01,2025-06-30,trimestral,1.7924306102723107,0.01878101492179307,37,valida
50074151,2025-05-01,2025-07-31,trimestral,1.6359602111301326,0.04196166890649544,30,valida
50074151,2025-06-01,2025-08-31,trimestral,1.0969272202963567,0.015805761959278408,39,valida
50074151,2025-07-01,2025-09-30,trimestral,0.9343617720329975,0.015097510423282112,37,valida
50074151,2025-08-01,2025-10-31,trimestral,-1.0611781992755323,0.004496448070689274,33,valida
50074151,2025-09-01,2025-11-30,trimestral,-1.0231114687247864,0.005847953216374213,20,valida
50074151,2025-10-01,2025-12-31,trimestral,-6.573978711717707,1.0,9,valida
50074151,2025-11-01,2026-01-31,trimestral,-4.438308280277573,0.04077002011304054,15,valida
50074151,2025-12-01,2026-02-28,trimestral,-3.9724872275000167,0.04834454325673443,17,valida
50074151,2026-01-01,2026-03-31,trimestral,7.904805850457312,0.06632296910426794,31,valida
50074151,2026-02-01,2026-04-30,trimestral,7.691251581776251,0.10128746740976802,37,valida
50074151,2024-01-01,2024-06-30,semestral,-6.504600919141138,0.3497638409383649,37,valida
50074151,2024-02-01,2024-07-31,semestral,-4.114403667839254,0.03248034888319851,36,valida
50074151,2024-03-01,2024-08-31,semestral,0.7768747397768486,0.019229650241039065,39,valida
50074151,2024-04-01,2024-09-30,semestral,-0.11733368215857787,0.0008794420735726005,42,valida
50074151,2024-05-01,2024-10-31,semestral,-0.40485618992507283,0.005833213654717451,48,valida
50074151,2024-06-01,2024-11-30,semestral,-0.34609926335521135,0.003980208295937038,56,valida
50074151,2024-07-01,2024-12-31,semestral,-0.5055659111606077,0.0083004015013175,62,valida
50074151,2024-08-01,2025-01-31,semestral,-0.48838954181762034,0.007411647926981346,65,valida
50074151,2024-09-01,2025-02-28,semestral,-0.7698335968201856,0.013171530289835531,68,valida
50074151,2024-10-01,2025-03-31,semestral,-2.8831919270606683,0.060906041326214466,66,valida
50074151,2024-11-01,2025-04-30,semestral,1.1129848497710442,0.004227980322321967,70,valida
50074151,2024-12-01,2025-05-31,semestral,1.2553724247992957,0.005775208523422393,68,valida
50074151,2025-01-01,2025-06-30,semestral,1.2643038829144002,0.00499478564351763,76,valida
50074151,2025-02-01,2025-07-31,semestral,1.7188017657132277,0.02712370917385387,74,valida
50074151,2025-03-01,2025-08-31,semestral,1.3117256267087427,0.017542205546177025,73,valida
50074151,2025-04-01,2025-09-30,semestral,1.012745224534863,0.012529458283107142,74,valida
50074151,2025-05-01,2025-10-31,semestral,0.957547199281354,0.010351325291132585,63,valida
50074151,2025-06-01,2025-11-30,semestral,0.8918394298254735,0.00985668950492491,59,valida
50074151,2025-07-01,2025-12-31,semestral,0.67426842393098,0.007802448407292717,46,valida
50074151,2025-08-01,2026-01-31,semestral,-2.0884593501462456,0.014568517564079841,48,valida
50074151,2025-09-01,2026-02-28,semestral,-3.7291075333335058,0.04549556382400066,37,valida
50074151,2025-10-01,2026-03-31,semestral,3.5600172411082167,0.022946204239919665,40,valida
50074151,2025-11-01,2026-04-30,semestral,3.7904251437506,0.027965143878850407,52,valida
50074504,2024-08-01,2024-08-31,mensual,2.1509412179328553,0.9433417876098914,4,valida
50075219,2024-08-01,2024-08-31,mensual,,,1,n<3
50075219,2024-09-01,2024-09-30,mensual,,,0,n<3
50075219,2024-10-01,2024-10-31,mensual,,,0,n<3
50075219,2024-11-01,2024-11-30,mensual,,,0,n<3
50075219,2024-12-01,2024-12-31,mensual,,,0,n<3
50075219,2025-01-01,2025-01-31,mensual,,,1,n<3
50075219,2024-08-01,2024-10-31,trimestral,,,1,n<3
50075219,2024-09-01,2024-11-30,trimestral,,,0,n<3
50075219,2024-10-01,2024-12-31,trimestral,,,0,n<3
50075219,2024-11-01,2025-01-31,trimestral,,,1,n<3
50075219,2024-08-01,2025-01-31,semestral,,,2,n<3
50075220,2024-05-01,2024-05-31,mensual,,,1,n<3
50075220,2024-06-01,2024-06-30,mensual,,,0,n<3
50075220,2024-07-01,2024-07-31,mensual,,,0,n<3
50075220,2024-08-01,2024-08-31,mensual,,,0,n<3
50075220,2024-09-01,2024-09-30,mensual,,,0,n<3
50075220,2024-10-01,2024-10-31,mensual,,,0,n<3
50075220,2024-11-01,2024-11-30,mensual,,,0,n<3
50075220,2024-12-01,2024-12-31,mensual,,,0,n<3
50075220,2025-01-01,2025-01-31,mensual,,,0,n<3
50075220,2025-02-01,2025-02-28,mensual,,,0,n<3
50075220,2025-03-01,2025-03-31,mensual,,,0,n<3
50075220,2025-04-01,2025-04-30,mensual,,,0,n<3
50075220,2025-05-01,2025-05-31,mensual,,,0,n<3
50075220,2025-06-01,2025-06-30,mensual,,,0,n<3
50075220,2025-07-01,2025-07-31,mensual,,,0,n<3
50075220,2025-08-01,2025-08-31,mensual,,,1,n<3
50075220,2025-09-01,2025-09-30,mensual,,,1,n<3
50075220,2025-10-01,2025-10-31,mensual,,,1,n<3
50075220,2025-11-01,2025-11-30,mensual,,,0,n<3
50075220,2025-12-01,2025-12-31,mensual,,,1,n<3
50075220,2026-01-01,2026-01-31,mensual,,,1,n<3
50075220,2024-05-01,2024-07-31,trimestral,,,1,n<3
50075220,2024-06-01,2024-08-31,trimestral,,,0,n<3
50075220,2024-07-01,2024-09-30,trimestral,,,0,n<3
50075220,2024-08-01,2024-10-31,trimestral,,,0,n<3
50075220,2024-09-01,2024-11-30,trimestral,,,0,n<3
50075220,2024-10-01,2024-12-31,trimestral,,,0,n<3
50075220,2024-11-01,2025-01-31,trimestral,,,0,n<3
50075220,2024-12-01,2025-02-28,trimestral,,,0,n<3
50075220,2025-01-01,2025-03-31,trimestral,,,0,n<3
50075220,2025-02-01,2025-04-30,trimestral,,,0,n<3
50075220,2025-03-01,2025-05-31,trimestral,,,0,n<3
50075220,2025-04-01,2025-06-30,trimestral,,,0,n<3
50075220,2025-05-01,2025-07-31,trimestral,,,0,n<3
50075220,2025-06-01,2025-08-31,trimestral,,,1,n<3
50075220,2025-07-01,2025-09-30,trimestral,,,2,n<3
50075220,2025-08-01,2025-10-31,trimestral,,,3,precio constante
50075220,2025-09-01,2025-11-30,trimestral,,,2,n<3
50075220,2025-10-01,2025-12-31,trimestral,,,2,n<3
50075220,2025-11-01,2026-01-31,trimestral,,,2,n<3
50075220,2024-05-01,2024-10-31,semestral,,,1,n<3
50075220,2024-06-01,2024-11-30,semestral,,,0,n<3
50075220,2024-07-01,2024-12-31,semestral,,,0,n<3
50075220,2024-08-01,2025-01-31,semestral,,,0,n<3
50075220,2024-09-01,2025-02-28,semestral,,,0,n<3
50075220,2024-10-01,2025-03-31,semestral,,,0,n<3
50075220,2024-11-01,2025-04-30,semestral,,,0,n<3
50075220,2024-12-01,2025-05-31,semestral,,,0,n<3
50075220,2025-01-01,2025-06-30,semestral,,,0,n<3
50075220,2025-02-01,2025-07-31,semestral,,,0,n<3
50075220,2025-03-01,2025-08-31,semestral,,,1,n<3
50075220,2025-04-01,2025-09-30,semestral,,,2,n<3
50075220,2025-05-01,2025-10-31,semestral,,,3,precio constante
50075220,2025-06-01,2025-11-30,semestral,,,3,precio constante
50075220,2025-07-01,2025-12-31,semestral,,,4,precio constante
50075220,2025-08-01,2026-01-31,semestral,,,5,precio constante
50075221,2025-08-01,2025-08-31,mensual,,,2,n<3
50075221,2025-09-01,2025-09-30,mensual,,,0,n<3
50075221,2025-10-01,2025-10-31,mensual,,,0,n<3
50075221,2025-11-01,2025-11-30,mensual,,,0,n<3
50075221,2025-12-01,2025-12-31,mensual,,,1,n<3
50075221,2025-08-01,2025-10-31,trimestral,,,2,n<3
50075221,2025-09-01,2025-11-30,trimestral,,,0,n<3
50075221,2025-10-01,2025-12-31,trimestral,,,1,n<3
50076332,2024-01-01,2024-01-31,mensual,,,1,n<3
50076332,2024-02-01,2024-02-29,mensual,,,1,n<3
50076332,2024-03-01,2024-03-31,mensual,,,0,n<3
50076332,2024-04-01,2024-04-30,mensual,,,1,n<3
50076332,2024-05-01,2024-05-31,mensual,,,0,n<3
50076332,2024-06-01,2024-06-30,mensual,,,2,n<3
50076332,2024-07-01,2024-07-31,mensual,,,0,n<3
50076332,2024-08-01,2024-08-31,mensual,,,0,n<3
50076332,2024-09-01,2024-09-30,mensual,,,1,n<3
50076332,2024-10-01,2024-10-31,mensual,,,0,n<3
50076332,2024-11-01,2024-11-30,mensual,,,1,n<3
50076332,2024-12-01,2024-12-31,mensual,,,0,n<3
50076332,2025-01-01,2025-01-31,mensual,,,1,n<3
50076332,2025-02-01,2025-02-28,mensual,,,3,precio constante
50076332,2025-03-01,2025-03-31,mensual,,,0,n<3
50076332,2025-04-01,2025-04-30,mensual,,,0,n<3
50076332,2025-05-01,2025-05-31,mensual,,,1,n<3
50076332,2025-06-01,2025-06-30,mensual,,,0,n<3
50076332,2025-07-01,2025-07-31,mensual,,,0,n<3
50076332,2025-08-01,2025-08-31,mensual,,,0,n<3
50076332,2025-09-01,2025-09-30,mensual,,,0,n<3
50076332,2025-10-01,2025-10-31,mensual,,,0,n<3
50076332,2025-11-01,2025-11-30,mensual,,,0,n<3
50076332,2025-12-01,2025-12-31,mensual,,,0,n<3
50076332,2026-01-01,2026-01-31,mensual,,,0,n<3
50076332,2026-02-01,2026-02-28,mensual,,,1,n<3
50076332,2026-03-01,2026-03-31,mensual,,,1,n<3
50076332,2026-04-01,2026-04-30,mensual,,,1,n<3
50076332,2024-01-01,2024-03-31,trimestral,,,2,n<3
50076332,2024-02-01,2024-04-30,trimestral,,,2,n<3
50076332,2024-03-01,2024-05-31,trimestral,,,1,n<3
50076332,2024-04-01,2024-06-30,trimestral,,,3,precio constante
50076332,2024-05-01,2024-07-31,trimestral,,,2,n<3
50076332,2024-06-01,2024-08-31,trimestral,,,2,n<3
50076332,2024-07-01,2024-09-30,trimestral,,,1,n<3
50076332,2024-08-01,2024-10-31,trimestral,,,1,n<3
50076332,2024-09-01,2024-11-30,trimestral,,,2,n<3
50076332,2024-10-01,2024-12-31,trimestral,,,1,n<3
50076332,2024-11-01,2025-01-31,trimestral,,,2,n<3
50076332,2024-12-01,2025-02-28,trimestral,,,4,precio constante
50076332,2025-01-01,2025-03-31,trimestral,,,4,precio constante
50076332,2025-02-01,2025-04-30,trimestral,,,3,precio constante
50076332,2025-03-01,2025-05-31,trimestral,,,1,n<3
50076332,2025-04-01,2025-06-30,trimestral,,,1,n<3
50076332,2025-05-01,2025-07-31,trimestral,,,1,n<3
50076332,2025-06-01,2025-08-31,trimestral,,,0,n<3
50076332,2025-07-01,2025-09-30,trimestral,,,0,n<3
50076332,2025-08-01,2025-10-31,trimestral,,,0,n<3
50076332,2025-09-01,2025-11-30,trimestral,,,0,n<3
50076332,2025-10-01,2025-12-31,trimestral,,,0,n<3
50076332,2025-11-01,2026-01-31,trimestral,,,0,n<3
50076332,2025-12-01,2026-02-28,trimestral,,,1,n<3
50076332,2026-01-01,2026-03-31,trimestral,,,2,n<3
50076332,2026-02-01,2026-04-30,trimestral,-3.105415853016528,1.0,3,valida
50076332,2024-01-01,2024-06-30,semestral,9.67648944829218,1.0,5,valida
50076332,2024-02-01,2024-07-31,semestral,9.676489448292358,1.0,4,valida
50076332,2024-03-01,2024-08-31,semestral,,,3,precio constante
50076332,2024-04-01,2024-09-30,semestral,,,4,precio constante
50076332,2024-05-01,2024-10-31,semestral,,,3,precio constante
50076332,2024-06-01,2024-11-30,semestral,,,4,precio constante
50076332,2024-07-01,2024-12-31,semestral,,,2,n<3
50076332,2024-08-01,2025-01-31,semestral,-5.986427955944574,0.24828438191961666,3,valida
50076332,2024-09-01,2025-02-28,semestral,2.9878343172766035,0.024685854900985515,6,valida
50076332,2024-10-01,2025-03-31,semestral,8.961307020237802,0.13910832756136648,5,valida
50076332,2024-11-01,2025-04-30,semestral,8.961307020237802,0.13910832756136648,5,valida
50076332,2024-12-01,2025-05-31,semestral,,,5,precio constante
50076332,2025-01-01,2025-06-30,semestral,,,5,precio constante
50076332,2025-02-01,2025-07-31,semestral,,,4,precio constante
50076332,2025-03-01,2025-08-31,semestral,,,1,n<3
50076332,2025-04-01,2025-09-30,semestral,,,1,n<3
50076332,2025-05-01,2025-10-31,semestral,,,1,n<3
50076332,2025-06-01,2025-11-30,semestral,,,0,n<3
50076332,2025-07-01,2025-12-31,semestral,,,0,n<3
50076332,2025-08-01,2026-01-31,semestral,,,0,n<3
50076332,2025-09-01,2026-02-28,semestral,,,1,n<3
50076332,2025-10-01,2026-03-31,semestral,,,2,n<3
50076332,2025-11-01,2026-04-30,semestral,-3.105415853016528,1.0,3,valida
50076333,2024-08-01,2024-08-31,mensual,,,1,n<3
50076333,2024-09-01,2024-09-30,mensual,,,1,n<3
50076333,2024-10-01,2024-10-31,mensual,,,0,n<3
50076333,2024-11-01,2024-11-30,mensual,,,1,n<3
50076333,2024-12-01,2024-12-31,mensual,,,0,n<3
50076333,2025-01-01,2025-01-31,mensual,,,3,precio constante
50076333,2025-02-01,2025-02-28,mensual,,,0,n<3
50076333,2025-03-01,2025-03-31,mensual,,,1,n<3
50076333,2025-04-01,2025-04-30,mensual,,,0,n<3
50076333,2025-05-01,2025-05-31,mensual,,,0,n<3
50076333,2025-06-01,2025-06-30,mensual,,,0,n<3
50076333,2025-07-01,2025-07-31,mensual,,,0,n<3
50076333,2025-08-01,2025-08-31,mensual,,,0,n<3
50076333,2025-09-01,2025-09-30,mensual,,,0,n<3
50076333,2025-10-01,2025-10-31,mensual,,,0,n<3
50076333,2025-11-01,2025-11-30,mensual,,,0,n<3
50076333,2025-12-01,2025-12-31,mensual,,,1,n<3
50076333,2024-08-01,2024-10-31,trimestral,,,2,n<3
50076333,2024-09-01,2024-11-30,trimestral,,,2,n<3
50076333,2024-10-01,2024-12-31,trimestral,,,1,n<3
50076333,2024-11-01,2025-01-31,trimestral,-30.73479104460286,0.7323262116414453,4,valida
50076333,2024-12-01,2025-02-28,trimestral,,,3,precio constante
50076333,2025-01-01,2025-03-31,trimestral,,,4,precio constante
50076333,2025-02-01,2025-04-30,trimestral,,,1,n<3
50076333,2025-03-01,2025-05-31,trimestral,,,1,n<3
50076333,2025-04-01,2025-06-30,trimestral,,,0,n<3
50076333,2025-05-01,2025-07-31,trimestral,,,0,n<3
50076333,2025-06-01,2025-08-31,trimestral,,,0,n<3
50076333,2025-07-01,2025-09-30,trimestral,,,0,n<3
50076333,2025-08-01,2025-10-31,trimestral,,,0,n<3
50076333,2025-09-01,2025-11-30,trimestral,,,0,n<3
50076333,2025-10-01,2025-12-31,trimestral,,,1,n<3
50076333,2024-08-01,2025-01-31,semestral,-2.8594042893084577,0.009390062631961515,6,valida
50076333,2024-09-01,2025-02-28,semestral,-17.21493359233612,0.2543537026674304,5,valida
50076333,2024-10-01,2025-03-31,semestral,-29.2684841693903,0.7064594791493264,5,valida
50076333,2024-11-01,2025-04-30,semestral,-29.2684841693903,0.7064594791493264,5,valida
50076333,2024-12-01,2025-05-31,semestral,,,4,precio constante
50076333,2025-01-01,2025-06-30,semestral,,,4,precio constante
50076333,2025-02-01,2025-07-31,semestral,,,1,n<3
50076333,2025-03-01,2025-08-31,semestral,,,1,n<3
50076333,2025-04-01,2025-09-30,semestral,,,0,n<3
50076333,2025-05-01,2025-10-31,semestral,,,0,n<3
50076333,2025-06-01,2025-11-30,semestral,,,0,n<3
50076333,2025-07-01,2025-12-31,semestral,,,1,n<3
50076334,2024-01-01,2024-01-31,mensual,,,2,n<3
50076334,2024-02-01,2024-02-29,mensual,,,3,precio constante
50076334,2024-03-01,2024-03-31,mensual,17.67478195041195,0.8156986414423963,3,valida
50076334,2024-04-01,2024-04-30,mensual,-16.146440125370365,0.19482618494144488,6,valida
50076334,2024-05-01,2024-05-31,mensual,,,0,n<3
50076334,2024-06-01,2024-06-30,mensual,,,2,n<3
50076334,2024-07-01,2024-07-31,mensual,,,4,precio constante
50076334,2024-08-01,2024-08-31,mensual,,,2,n<3
50076334,2024-09-01,2024-09-30,mensual,,,3,precio constante
50076334,2024-10-01,2024-10-31,mensual,,,7,precio constante
50076334,2024-11-01,2024-11-30,mensual,,,2,n<3
50076334,2024-12-01,2024-12-31,mensual,,,1,n<3
50076334,2025-01-01,2025-01-31,mensual,-4.850570667418395,0.2500000000000001,3,valida
50076334,2025-02-01,2025-02-28,mensual,,,3,qty constante
50076334,2025-03-01,2025-03-31,mensual,,,1,n<3
50076334,2025-04-01,2025-04-30,mensual,,,2,n<3
50076334,2025-05-01,2025-05-31,mensual,,,3,precio constante
50076334,2025-06-01,2025-06-30,mensual,,,5,precio constante
50076334,2025-07-01,2025-07-31,mensual,,,5,precio constante
50076334,2025-08-01,2025-08-31,mensual,,,0,n<3
50076334,2025-09-01,2025-09-30,mensual,,,0,n<3
50076334,2025-10-01,2025-10-31,mensual,16.168568891394493,0.7575757575757576,4,valida
50076334,2025-11-01,2025-11-30,mensual,,,1,n<3
50076334,2025-12-01,2025-12-31,mensual,,,1,n<3
50076334,2026-01-01,2026-01-31,mensual,,,5,precio constante
50076334,2026-02-01,2026-02-28,mensual,,,1,n<3
50076334,2026-03-01,2026-03-31,mensual,,,1,n<3
50076334,2024-01-01,2024-03-31,trimestral,-1.2089258375924432,0.03964153482982391,8,valida
50076334,2024-02-01,2024-04-30,trimestral,-1.2584806772120107,0.001873789987035468,12,valida
50076334,2024-03-01,2024-05-31,trimestral,-1.656372542754519,0.003081041543242624,9,valida
50076334,2024-04-01,2024-06-30,trimestral,-8.604796103723437,0.08722866619862779,8,valida
50076334,2024-05-01,2024-07-31,trimestral,2.745495754919906,0.012889033967439234,6,valida
50076334,2024-06-01,2024-08-31,trimestral,6.742171965776691,0.11257798576654487,8,valida
50076334,2024-07-01,2024-09-30,trimestral,9.816024075609612,0.13067475276714735,9,valida
50076334,2024-08-01,2024-10-31,trimestral,7.138926600443388,0.046659458074860605,12,valida
50076334,2024-09-01,2024-11-30,trimestral,,,12,precio constante
50076334,2024-10-01,2024-12-31,trimestral,,,10,precio constante
50076334,2024-11-01,2025-01-31,trimestral,-9.701141334836759,0.1724137931034483,6,valida
50076334,2024-12-01,2025-02-28,trimestral,-5.820684800901871,0.1384615384615383,7,valida
50076334,2025-01-01,2025-03-31,trimestral,-5.820684800901564,0.1384615384615382,7,valida
50076334,2025-02-01,2025-04-30,trimestral,-10.030834625899683,0.19497376986474269,6,valida
50076334,2025-03-01,2025-05-31,trimestral,,,6,precio constante
50076334,2025-04-01,2025-06-30,trimestral,,,10,precio constante
50076334,2025-05-01,2025-07-31,trimestral,,,13,precio constante
50076334,2025-06-01,2025-08-31,trimestral,,,10,precio constante
50076334,2025-07-01,2025-09-30,trimestral,,,5,precio constante
50076334,2025-08-01,2025-10-31,trimestral,16.168568891394493,0.7575757575757576,4,valida
50076334,2025-09-01,2025-11-30,trimestral,2.5556187899005693,0.0423447753544296,5,valida
50076334,2025-10-01,2025-12-31,trimestral,4.647394320176742,0.15768872533646827,6,valida
50076334,2025-11-01,2026-01-31,trimestral,,,7,precio constante
50076334,2025-12-01,2026-02-28,trimestral,-8.357051369458821,0.1985034403341136,7,valida
50076334,2026-01-01,2026-03-31,trimestral,-7.411474467207858,0.19949179705562137,7,valida
50076334,2024-01-01,2024-06-30,semestral,-2.228810483203306,0.039101245766096415,16,valida
50076334,2024-02-01,2024-07-31,semestral,0.07617813349847186,7.28292403273656e-06,18,valida
50076334,2024-03-01,2024-08-31,semestral,2.268950575546802,0.007499857912201535,17,valida
50076334,2024-04-01,2024-09-30,semestral,-0.5846547066035556,0.00041798653345559433,17,valida
50076334,2024-05-01,2024-10-31,semestral,4.70195373089059,0.026261366718761336,18,valida
50076334,2024-06-01,2024-11-30,semestral,4.494781310517783,0.021542208234446636,20,valida
50076334,2024-07-01,2024-12-31,semestral,6.254278665295791,0.021593947285418635,19,valida
50076334,2024-08-01,2025-01-31,semestral,-1.0065843599400799,0.001235139781746164,18,valida
50076334,2024-09-01,2025-02-28,semestral,-8.183112446961246,0.0783546928111799,19,valida
50076334,2024-10-01,2025-03-31,semestral,-9.920936862212436,0.1137081929004925,17,valida
50076334,2024-11-01,2025-04-30,semestral,-9.865987980367931,0.18327922597744473,12,valida
50076334,2024-12-01,2025-05-31,semestral,-8.087158042622297,0.13745411229175253,13,valida
50076334,2025-01-01,2025-06-30,semestral,-6.308902824260748,0.06163621576690248,17,valida
50076334,2025-02-01,2025-07-31,semestral,-4.718466723837555,0.01768582141041064,19,valida
50076334,2025-03-01,2025-08-31,semestral,,,16,precio constante
50076334,2025-04-01,2025-09-30,semestral,,,15,precio constante
50076334,2025-05-01,2025-10-31,semestral,16.622322092522097,0.27273561187281214,17,valida
50076334,2025-06-01,2025-11-30,semestral,3.775712345012413,0.04369619740887942,15,valida
50076334,2025-07-01,2025-12-31,semestral,6.632930423583545,0.32864008875471584,11,valida
50076334,2025-08-01,2026-01-31,semestral,2.5741454556388925,0.054095833779363556,11,valida
50076334,2025-09-01,2026-02-28,semestral,0.3432949801040737,0.0012583047446352857,12,valida
50076334,2025-10-01,2026-03-31,semestral,0.47928686871455195,0.002453880502061412,13,valida
50076335,2024-01-01,2024-01-31,mensual,,,1,n<3
50076335,2024-02-01,2024-02-29,mensual,,,0,n<3
50076335,2024-03-01,2024-03-31,mensual,,,0,n<3
50076335,2024-04-01,2024-04-30,mensual,,,0,n<3
50076335,2024-05-01,2024-05-31,mensual,,,0,n<3
50076335,2024-06-01,2024-06-30,mensual,,,0,n<3
50076335,2024-07-01,2024-07-31,mensual,,,0,n<3
50076335,2024-08-01,2024-08-31,mensual,,,0,n<3
50076335,2024-09-01,2024-09-30,mensual,,,0,n<3
50076335,2024-10-01,2024-10-31,mensual,,,0,n<3
50076335,2024-11-01,2024-11-30,mensual,,,0,n<3
50076335,2024-12-01,2024-12-31,mensual,,,0,n<3
50076335,2025-01-01,2025-01-31,mensual,,,1,n<3
50076335,2025-02-01,2025-02-28,mensual,,,0,n<3
50076335,2025-03-01,2025-03-31,mensual,,,0,n<3
50076335,2025-04-01,2025-04-30,mensual,,,0,n<3
50076335,2025-05-01,2025-05-31,mensual,,,1,n<3
50076335,2025-06-01,2025-06-30,mensual,,,0,n<3
50076335,2025-07-01,2025-07-31,mensual,,,0,n<3
50076335,2025-08-01,2025-08-31,mensual,,,0,n<3
50076335,2025-09-01,2025-09-30,mensual,,,0,n<3
50076335,2025-10-01,2025-10-31,mensual,,,0,n<3
50076335,2025-11-01,2025-11-30,mensual,,,0,n<3
50076335,2025-12-01,2025-12-31,mensual,,,1,n<3
50076335,2024-01-01,2024-03-31,trimestral,,,1,n<3
50076335,2024-02-01,2024-04-30,trimestral,,,0,n<3
50076335,2024-03-01,2024-05-31,trimestral,,,0,n<3
50076335,2024-04-01,2024-06-30,trimestral,,,0,n<3
50076335,2024-05-01,2024-07-31,trimestral,,,0,n<3
50076335,2024-06-01,2024-08-31,trimestral,,,0,n<3
50076335,2024-07-01,2024-09-30,trimestral,,,0,n<3
50076335,2024-08-01,2024-10-31,trimestral,,,0,n<3
50076335,2024-09-01,2024-11-30,trimestral,,,0,n<3
50076335,2024-10-01,2024-12-31,trimestral,,,0,n<3
50076335,2024-11-01,2025-01-31,trimestral,,,1,n<3
50076335,2024-12-01,2025-02-28,trimestral,,,1,n<3
50076335,2025-01-01,2025-03-31,trimestral,,,1,n<3
50076335,2025-02-01,2025-04-30,trimestral,,,0,n<3
50076335,2025-03-01,2025-05-31,trimestral,,,1,n<3
50076335,2025-04-01,2025-06-30,trimestral,,,1,n<3
50076335,2025-05-01,2025-07-31,trimestral,,,1,n<3
50076335,2025-06-01,2025-08-31,trimestral,,,0,n<3
50076335,2025-07-01,2025-09-30,trimestral,,,0,n<3
50076335,2025-08-01,2025-10-31,trimestral,,,0,n<3
50076335,2025-09-01,2025-11-30,trimestral,,,0,n<3
50076335,2025-10-01,2025-12-31,trimestral,,,1,n<3
50076335,2024-01-01,2024-06-30,semestral,,,1,n<3
50076335,2024-02-01,2024-07-31,semestral,,,0,n<3
50076335,2024-03-01,2024-08-31,semestral,,,0,n<3
50076335,2024-04-01,2024-09-30,semestral,,,0,n<3
50076335,2024-05-01,2024-10-31,semestral,,,0,n<3
50076335,2024-06-01,2024-11-30,semestral,,,0,n<3
50076335,2024-07-01,2024-12-31,semestral,,,0,n<3
50076335,2024-08-01,2025-01-31,semestral,,,1,n<3
50076335,2024-09-01,2025-02-28,semestral,,,1,n<3
50076335,2024-10-01,2025-03-31,semestral,,,1,n<3
50076335,2024-11-01,2025-04-30,semestral,,,1,n<3
50076335,2024-12-01,2025-05-31,semestral,,,2,n<3
50076335,2025-01-01,2025-06-30,semestral,,,2,n<3
50076335,2025-02-01,2025-07-31,semestral,,,1,n<3
50076335,2025-03-01,2025-08-31,semestral,,,1,n<3
50076335,2025-04-01,2025-09-30,semestral,,,1,n<3
50076335,2025-05-01,2025-10-31,semestral,,,1,n<3
50076335,2025-06-01,2025-11-30,semestral,,,0,n<3
50076335,2025-07-01,2025-12-31,semestral,,,1,n<3
50076348,2024-01-01,2024-01-31,mensual,,,1,n<3
50076348,2024-02-01,2024-02-29,mensual,,,0,n<3
50076348,2024-03-01,2024-03-31,mensual,,,0,n<3
50076348,2024-04-01,2024-04-30,mensual,,,0,n<3
50076348,2024-05-01,2024-05-31,mensual,,,0,n<3
50076348,2024-06-01,2024-06-30,mensual,,,1,n<3
50076348,2024-07-01,2024-07-31,mensual,,,1,n<3
50076348,2024-08-01,2024-08-31,mensual,,,2,n<3
50076348,2024-09-01,2024-09-30,mensual,,,0,n<3
50076348,2024-10-01,2024-10-31,mensual,,,0,n<3
50076348,2024-11-01,2024-11-30,mensual,,,0,n<3
50076348,2024-12-01,2024-12-31,mensual,,,1,n<3
50076348,2025-01-01,2025-01-31,mensual,,,0,n<3
50076348,2025-02-01,2025-02-28,mensual,,,1,n<3
50076348,2025-03-01,2025-03-31,mensual,,,0,n<3
50076348,2025-04-01,2025-04-30,mensual,,,0,n<3
50076348,2025-05-01,2025-05-31,mensual,,,0,n<3
50076348,2025-06-01,2025-06-30,mensual,,,0,n<3
50076348,2025-07-01,2025-07-31,mensual,,,0,n<3
50076348,2025-08-01,2025-08-31,mensual,,,1,n<3
50076348,2025-09-01,2025-09-30,mensual,,,0,n<3
50076348,2025-10-01,2025-10-31,mensual,,,0,n<3
50076348,2025-11-01,2025-11-30,mensual,,,0,n<3
50076348,2025-12-01,2025-12-31,mensual,,,0,n<3
50076348,2026-01-01,2026-01-31,mensual,,,1,n<3
50076348,2026-02-01,2026-02-28,mensual,9.710231889161621,1.0,3,valida
50076348,2026-03-01,2026-03-31,mensual,,,1,n<3
50076348,2024-01-01,2024-03-31,trimestral,,,1,n<3
50076348,2024-02-01,2024-04-30,trimestral,,,0,n<3
50076348,2024-03-01,2024-05-31,trimestral,,,0,n<3
50076348,2024-04-01,2024-06-30,trimestral,,,1,n<3
50076348,2024-05-01,2024-07-31,trimestral,,,2,n<3
50076348,2024-06-01,2024-08-31,trimestral,,,4,precio constante
50076348,2024-07-01,2024-09-30,trimestral,,,3,precio constante
50076348,2024-08-01,2024-10-31,trimestral,,,2,n<3
50076348,2024-09-01,2024-11-30,trimestral,,,0,n<3
50076348,2024-10-01,2024-12-31,trimestral,,,1,n<3
50076348,2024-11-01,2025-01-31,trimestral,,,1,n<3
50076348,2024-12-01,2025-02-28,trimestral,,,2,n<3
50076348,2025-01-01,2025-03-31,trimestral,,,1,n<3
50076348,2025-02-01,2025-04-30,trimestral,,,1,n<3
50076348,2025-03-01,2025-05-31,trimestral,,,0,n<3
50076348,2025-04-01,2025-06-30,trimestral,,,0,n<3
50076348,2025-05-01,2025-07-31,trimestral,,,0,n<3
50076348,2025-06-01,2025-08-31,trimestral,,,1,n<3
50076348,2025-07-01,2025-09-30,trimestral,,,1,n<3
50076348,2025-08-01,2025-10-31,trimestral,,,1,n<3
50076348,2025-09-01,2025-11-30,trimestral,,,0,n<3
50076348,2025-10-01,2025-12-31,trimestral,,,0,n<3
50076348,2025-11-01,2026-01-31,trimestral,,,1,n<3
50076348,2025-12-01,2026-02-28,trimestral,9.710231889161827,1.0,4,valida
50076348,2026-01-01,2026-03-31,trimestral,5.844521056591274,0.13328392385236243,5,valida
50076348,2024-01-01,2024-06-30,semestral,,,2,n<3
50076348,2024-02-01,2024-07-31,semestral,,,2,n<3
50076348,2024-03-01,2024-08-31,semestral,,,4,precio constante
50076348,2024-04-01,2024-09-30,semestral,,,4,precio constante
50076348,2024-05-01,2024-10-31,semestral,,,4,precio constante
50076348,2024-06-01,2024-11-30,semestral,,,4,precio constante
50076348,2024-07-01,2024-12-31,semestral,,,4,precio constante
50076348,2024-08-01,2025-01-31,semestral,,,3,precio constante
50076348,2024-09-01,2025-02-28,semestral,,,2,n<3
50076348,2024-10-01,2025-03-31,semestral,,,2,n<3
50076348,2024-11-01,2025-04-30,semestral,,,2,n<3
50076348,2024-12-01,2025-05-31,semestral,,,2,n<3
50076348,2025-01-01,2025-06-30,semestral,,,1,n<3
50076348,2025-02-01,2025-07-31,semestral,,,1,n<3
50076348,2025-03-01,2025-08-31,semestral,,,1,n<3
50076348,2025-04-01,2025-09-30,semestral,,,1,n<3
50076348,2025-05-01,2025-10-31,semestral,,,1,n<3
50076348,2025-06-01,2025-11-30,semestral,,,1,n<3
50076348,2025-07-01,2025-12-31,semestral,,,1,n<3
50076348,2025-08-01,2026-01-31,semestral,,,2,n<3
50076348,2025-09-01,2026-02-28,semestral,9.710231889161827,1.0,4,valida
50076348,2025-10-01,2026-03-31,semestral,5.844521056591274,0.13328392385236243,5,valida
50076356,2024-01-01,2024-01-31,mensual,,,1,n<3
50076356,2024-02-01,2024-02-29,mensual,,,1,n<3
50076356,2024-03-01,2024-03-31,mensual,,,0,n<3
50076356,2024-04-01,2024-04-30,mensual,,,0,n<3
50076356,2024-05-01,2024-05-31,mensual,,,0,n<3
50076356,2024-06-01,2024-06-30,mensual,,,0,n<3
50076356,2024-07-01,2024-07-31,mensual,,,1,n<3
50076356,2024-08-01,2024-08-31,mensual,,,2,n<3
50076356,2024-09-01,2024-09-30,mensual,,,2,n<3
50076356,2024-10-01,2024-10-31,mensual,,,1,n<3
50076356,2024-11-01,2024-11-30,mensual,,,2,n<3
50076356,2024-12-01,2024-12-31,mensual,,,0,n<3
50076356,2025-01-01,2025-01-31,mensual,,,1,n<3
50076356,2025-02-01,2025-02-28,mensual,,,0,n<3
50076356,2025-03-01,2025-03-31,mensual,,,1,n<3
50076356,2025-04-01,2025-04-30,mensual,,,0,n<3
50076356,2025-05-01,2025-05-31,mensual,,,0,n<3
50076356,2025-06-01,2025-06-30,mensual,,,2,n<3
50076356,2025-07-01,2025-07-31,mensual,,,1,n<3
50076356,2025-08-01,2025-08-31,mensual,,,0,n<3
50076356,2025-09-01,2025-09-30,mensual,,,0,n<3
50076356,2025-10-01,2025-10-31,mensual,,,1,n<3
50076356,2025-11-01,2025-11-30,mensual,,,0,n<3
50076356,2025-12-01,2025-12-31,mensual,,,0,n<3
50076356,2026-01-01,2026-01-31,mensual,,,1,n<3
50076356,2026-02-01,2026-02-28,mensual,,,1,n<3
50076356,2026-03-01,2026-03-31,mensual,,,0,n<3
50076356,2026-04-01,2026-04-30,mensual,,,1,n<3
50076356,2024-01-01,2024-03-31,trimestral,,,2,n<3
50076356,2024-02-01,2024-04-30,trimestral,,,1,n<3
50076356,2024-03-01,2024-05-31,trimestral,,,0,n<3
50076356,2024-04-01,2024-06-30,trimestral,,,0,n<3
50076356,2024-05-01,2024-07-31,trimestral,,,1,n<3
50076356,2024-06-01,2024-08-31,trimestral,,,3,precio constante
50076356,2024-07-01,2024-09-30,trimestral,,,5,precio constante
50076356,2024-08-01,2024-10-31,trimestral,,,5,precio constante
50076356,2024-09-01,2024-11-30,trimestral,,,5,precio constante
50076356,2024-10-01,2024-12-31,trimestral,,,3,precio constante
50076356,2024-11-01,2025-01-31,trimestral,,,3,precio constante
50076356,2024-12-01,2025-02-28,trimestral,,,1,n<3
50076356,2025-01-01,2025-03-31,trimestral,,,2,n<3
50076356,2025-02-01,2025-04-30,trimestral,,,1,n<3
50076356,2025-03-01,2025-05-31,trimestral,,,1,n<3
50076356,2025-04-01,2025-06-30,trimestral,,,2,n<3
50076356,2025-05-01,2025-07-31,trimestral,,,3,precio constante
50076356,2025-06-01,2025-08-31,trimestral,,,3,precio constante
50076356,2025-07-01,2025-09-30,trimestral,,,1,n<3
50076356,2025-08-01,2025-10-31,trimestral,,,1,n<3
50076356,2025-09-01,2025-11-30,trimestral,,,1,n<3
50076356,2025-10-01,2025-12-31,trimestral,,,1,n<3
50076356,2025-11-01,2026-01-31,trimestral,,,1,n<3
50076356,2025-12-01,2026-02-28,trimestral,,,2,n<3
50076356,2026-01-01,2026-03-31,trimestral,,,2,n<3
50076356,2026-02-01,2026-04-30,trimestral,,,2,n<3
50076356,2024-01-01,2024-06-30,semestral,,,2,n<3
50076356,2024-02-01,2024-07-31,semestral,,,2,n<3
50076356,2024-03-01,2024-08-31,semestral,,,3,precio constante
50076356,2024-04-01,2024-09-30,semestral,,,5,precio constante
50076356,2024-05-01,2024-10-31,semestral,,,6,precio constante
50076356,2024-06-01,2024-11-30,semestral,,,8,precio constante
50076356,2024-07-01,2024-12-31,semestral,,,8,precio constante
50076356,2024-08-01,2025-01-31,semestral,,,8,precio constante
50076356,2024-09-01,2025-02-28,semestral,,,6,precio constante
50076356,2024-10-01,2025-03-31,semestral,,,5,precio constante
50076356,2024-11-01,2025-04-30,semestral,,,4,precio constante
50076356,2024-12-01,2025-05-31,semestral,,,2,n<3
50076356,2025-01-01,2025-06-30,semestral,,,4,precio constante
50076356,2025-02-01,2025-07-31,semestral,,,4,precio constante
50076356,2025-03-01,2025-08-31,semestral,,,4,precio constante
50076356,2025-04-01,2025-09-30,semestral,,,3,precio constante
50076356,2025-05-01,2025-10-31,semestral,,,4,qty constante
50076356,2025-06-01,2025-11-30,semestral,,,4,qty constante
50076356,2025-07-01,2025-12-31,semestral,,,2,n<3
50076356,2025-08-01,2026-01-31,semestral,,,2,n<3
50076356,2025-09-01,2026-02-28,semestral,3.2896315575567217,0.2500000000000001,3,valida
50076356,2025-10-01,2026-03-31,semestral,3.2896315575567217,0.2500000000000001,3,valida
50076356,2025-11-01,2026-04-30,semestral,,,3,precio constante
50076357,2024-02-01,2024-02-29,mensual,,,2,n<3
50076357,2024-03-01,2024-03-31,mensual,,,0,n<3
50076357,2024-04-01,2024-04-30,mensual,,,1,n<3
50076357,2024-05-01,2024-05-31,mensual,,,0,n<3
50076357,2024-06-01,2024-06-30,mensual,,,0,n<3
50076357,2024-07-01,2024-07-31,mensual,,,0,n<3
50076357,2024-08-01,2024-08-31,mensual,,,1,n<3
50076357,2024-09-01,2024-09-30,mensual,,,1,n<3
50076357,2024-10-01,2024-10-31,mensual,,,0,n<3
50076357,2024-11-01,2024-11-30,mensual,,,0,n<3
50076357,2024-12-01,2024-12-31,mensual,,,0,n<3
50076357,2025-01-01,2025-01-31,mensual,,,1,n<3
50076357,2025-02-01,2025-02-28,mensual,,,1,n<3
50076357,2025-03-01,2025-03-31,mensual,,,0,n<3
50076357,2025-04-01,2025-04-30,mensual,,,1,n<3
50076357,2025-05-01,2025-05-31,mensual,,,1,n<3
50076357,2025-06-01,2025-06-30,mensual,,,0,n<3
50076357,2025-07-01,2025-07-31,mensual,,,1,n<3
50076357,2025-08-01,2025-08-31,mensual,,,0,n<3
50076357,2025-09-01,2025-09-30,mensual,,,1,n<3
50076357,2025-10-01,2025-10-31,mensual,,,0,n<3
50076357,2025-11-01,2025-11-30,mensual,,,1,n<3
50076357,2025-12-01,2025-12-31,mensual,,,0,n<3
50076357,2026-01-01,2026-01-31,mensual,,,1,n<3
50076357,2024-02-01,2024-04-30,trimestral,24.239206528000395,0.8917647841050862,3,valida
50076357,2024-03-01,2024-05-31,trimestral,,,1,n<3
50076357,2024-04-01,2024-06-30,trimestral,,,1,n<3
50076357,2024-05-01,2024-07-31,trimestral,,,0,n<3
50076357,2024-06-01,2024-08-31,trimestral,,,1,n<3
50076357,2024-07-01,2024-09-30,trimestral,,,2,n<3
50076357,2024-08-01,2024-10-31,trimestral,,,2,n<3
50076357,2024-09-01,2024-11-30,trimestral,,,1,n<3
50076357,2024-10-01,2024-12-31,trimestral,,,0,n<3
50076357,2024-11-01,2025-01-31,trimestral,,,1,n<3
50076357,2024-12-01,2025-02-28,trimestral,,,2,n<3
50076357,2025-01-01,2025-03-31,trimestral,,,2,n<3
50076357,2025-02-01,2025-04-30,trimestral,,,2,n<3
50076357,2025-03-01,2025-05-31,trimestral,,,2,n<3
50076357,2025-04-01,2025-06-30,trimestral,,,2,n<3
50076357,2025-05-01,2025-07-31,trimestral,,,2,n<3
50076357,2025-06-01,2025-08-31,trimestral,,,1,n<3
50076357,2025-07-01,2025-09-30,trimestral,,,2,n<3
50076357,2025-08-01,2025-10-31,trimestral,,,1,n<3
50076357,2025-09-01,2025-11-30,trimestral,,,2,n<3
50076357,2025-10-01,2025-12-31,trimestral,,,1,n<3
50076357,2025-11-01,2026-01-31,trimestral,,,2,n<3
50076357,2024-02-01,2024-07-31,semestral,24.239206528000395,0.8917647841050862,3,valida
50076357,2024-03-01,2024-08-31,semestral,,,2,n<3
50076357,2024-04-01,2024-09-30,semestral,24.278783293516874,0.8928571428571429,3,valida
50076357,2024-05-01,2024-10-31,semestral,,,2,n<3
50076357,2024-06-01,2024-11-30,semestral,,,2,n<3
50076357,2024-07-01,2024-12-31,semestral,,,2,n<3
50076357,2024-08-01,2025-01-31,semestral,14.53760247643934,0.7484725604186826,3,valida
50076357,2024-09-01,2025-02-28,semestral,14.53760247643933,0.7484725604186775,3,valida
50076357,2024-10-01,2025-03-31,semestral,,,2,n<3
50076357,2024-11-01,2025-04-30,semestral,,,3,precio constante
50076357,2024-12-01,2025-05-31,semestral,,,4,precio constante
50076357,2025-01-01,2025-06-30,semestral,,,4,precio constante
50076357,2025-02-01,2025-07-31,semestral,,,4,precio constante
50076357,2025-03-01,2025-08-31,semestral,,,3,precio constante
50076357,2025-04-01,2025-09-30,semestral,,,4,precio constante
50076357,2025-05-01,2025-10-31,semestral,,,3,precio constante
50076357,2025-06-01,2025-11-30,semestral,,,3,precio constante
50076357,2025-07-01,2025-12-31,semestral,,,3,precio constante
50076357,2025-08-01,2026-01-31,semestral,,,3,precio constante
50076358,2024-09-01,2024-09-30,mensual,,,1,n<3
50076358,2024-10-01,2024-10-31,mensual,,,1,n<3
50076358,2024-11-01,2024-11-30,mensual,,,0,n<3
50076358,2024-12-01,2024-12-31,mensual,,,0,n<3
50076358,2025-01-01,2025-01-31,mensual,,,0,n<3
50076358,2025-02-01,2025-02-28,mensual,,,0,n<3
50076358,2025-03-01,2025-03-31,mensual,,,0,n<3
50076358,2025-04-01,2025-04-30,mensual,,,0,n<3
50076358,2025-05-01,2025-05-31,mensual,,,0,n<3
50076358,2025-06-01,2025-06-30,mensual,,,0,n<3
50076358,2025-07-01,2025-07-31,mensual,,,0,n<3
50076358,2025-08-01,2025-08-31,mensual,,,0,n<3
50076358,2025-09-01,2025-09-30,mensual,,,0,n<3
50076358,2025-10-01,2025-10-31,mensual,,,0,n<3
50076358,2025-11-01,2025-11-30,mensual,,,0,n<3
50076358,2025-12-01,2025-12-31,mensual,,,0,n<3
50076358,2026-01-01,2026-01-31,mensual,,,0,n<3
50076358,2026-02-01,2026-02-28,mensual,,,0,n<3
50076358,2026-03-01,2026-03-31,mensual,,,0,n<3
50076358,2026-04-01,2026-04-30,mensual,,,2,n<3
50076358,2024-09-01,2024-11-30,trimestral,,,2,n<3
50076358,2024-10-01,2024-12-31,trimestral,,,1,n<3
50076358,2024-11-01,2025-01-31,trimestral,,,0,n<3
50076358,2024-12-01,2025-02-28,trimestral,,,0,n<3
50076358,2025-01-01,2025-03-31,trimestral,,,0,n<3
50076358,2025-02-01,2025-04-30,trimestral,,,0,n<3
50076358,2025-03-01,2025-05-31,trimestral,,,0,n<3
50076358,2025-04-01,2025-06-30,trimestral,,,0,n<3
50076358,2025-05-01,2025-07-31,trimestral,,,0,n<3
50076358,2025-06-01,2025-08-31,trimestral,,,0,n<3
50076358,2025-07-01,2025-09-30,trimestral,,,0,n<3
50076358,2025-08-01,2025-10-31,trimestral,,,0,n<3
50076358,2025-09-01,2025-11-30,trimestral,,,0,n<3
50076358,2025-10-01,2025-12-31,trimestral,,,0,n<3
50076358,2025-11-01,2026-01-31,trimestral,,,0,n<3
50076358,2025-12-01,2026-02-28,trimestral,,,0,n<3
50076358,2026-01-01,2026-03-31,trimestral,,,0,n<3
50076358,2026-02-01,2026-04-30,trimestral,,,2,n<3
50076358,2024-09-01,2025-02-28,semestral,,,2,n<3
50076358,2024-10-01,2025-03-31,semestral,,,1,n<3
50076358,2024-11-01,2025-04-30,semestral,,,0,n<3
50076358,2024-12-01,2025-05-31,semestral,,,0,n<3
50076358,2025-01-01,2025-06-30,semestral,,,0,n<3
50076358,2025-02-01,2025-07-31,semestral,,,0,n<3
50076358,2025-03-01,2025-08-31,semestral,,,0,n<3
50076358,2025-04-01,2025-09-30,semestral,,,0,n<3
50076358,2025-05-01,2025-10-31,semestral,,,0,n<3
50076358,2025-06-01,2025-11-30,semestral,,,0,n<3
50076358,2025-07-01,2025-12-31,semestral,,,0,n<3
50076358,2025-08-01,2026-01-31,semestral,,,0,n<3
50076358,2025-09-01,2026-02-28,semestral,,,0,n<3
50076358,2025-10-01,2026-03-31,semestral,,,0,n<3
50076358,2025-11-01,2026-04-30,semestral,,,2,n<3
50076359,2024-01-01,2024-01-31,mensual,,,1,n<3
50076359,2024-02-01,2024-02-29,mensual,,,1,n<3
50076359,2024-03-01,2024-03-31,mensual,,,0,n<3
50076359,2024-04-01,2024-04-30,mensual,,,0,n<3
50076359,2024-05-01,2024-05-31,mensual,,,0,n<3
50076359,2024-06-01,2024-06-30,mensual,,,1,n<3
50076359,2024-07-01,2024-07-31,mensual,,,0,n<3
50076359,2024-08-01,2024-08-31,mensual,,,1,n<3
50076359,2024-09-01,2024-09-30,mensual,,,0,n<3
50076359,2024-10-01,2024-10-31,mensual,,,0,n<3
50076359,2024-11-01,2024-11-30,mensual,,,0,n<3
50076359,2024-12-01,2024-12-31,mensual,,,0,n<3
50076359,2025-01-01,2025-01-31,mensual,,,0,n<3
50076359,2025-02-01,2025-02-28,mensual,,,0,n<3
50076359,2025-03-01,2025-03-31,mensual,,,0,n<3
50076359,2025-04-01,2025-04-30,mensual,,,0,n<3
50076359,2025-05-01,2025-05-31,mensual,,,1,n<3
50076359,2025-06-01,2025-06-30,mensual,,,0,n<3
50076359,2025-07-01,2025-07-31,mensual,,,0,n<3
50076359,2025-08-01,2025-08-31,mensual,,,0,n<3
50076359,2025-09-01,2025-09-30,mensual,,,1,n<3
50076359,2025-10-01,2025-10-31,mensual,,,0,n<3
50076359,2025-11-01,2025-11-30,mensual,,,0,n<3
50076359,2025-12-01,2025-12-31,mensual,,,0,n<3
50076359,2026-01-01,2026-01-31,mensual,,,0,n<3
50076359,2026-02-01,2026-02-28,mensual,,,0,n<3
50076359,2026-03-01,2026-03-31,mensual,,,1,n<3
50076359,2026-04-01,2026-04-30,mensual,,,1,n<3
50076359,2024-01-01,2024-03-31,trimestral,,,2,n<3
50076359,2024-02-01,2024-04-30,trimestral,,,1,n<3
50076359,2024-03-01,2024-05-31,trimestral,,,0,n<3
50076359,2024-04-01,2024-06-30,trimestral,,,1,n<3
50076359,2024-05-01,2024-07-31,trimestral,,,1,n<3
50076359,2024-06-01,2024-08-31,trimestral,,,2,n<3
50076359,2024-07-01,2024-09-30,trimestral,,,1,n<3
50076359,2024-08-01,2024-10-31,trimestral,,,1,n<3
50076359,2024-09-01,2024-11-30,trimestral,,,0,n<3
50076359,2024-10-01,2024-12-31,trimestral,,,0,n<3
50076359,2024-11-01,2025-01-31,trimestral,,,0,n<3
50076359,2024-12-01,2025-02-28,trimestral,,,0,n<3
50076359,2025-01-01,2025-03-31,trimestral,,,0,n<3
50076359,2025-02-01,2025-04-30,trimestral,,,0,n<3
50076359,2025-03-01,2025-05-31,trimestral,,,1,n<3
50076359,2025-04-01,2025-06-30,trimestral,,,1,n<3
50076359,2025-05-01,2025-07-31,trimestral,,,1,n<3
50076359,2025-06-01,2025-08-31,trimestral,,,0,n<3
50076359,2025-07-01,2025-09-30,trimestral,,,1,n<3
50076359,2025-08-01,2025-10-31,trimestral,,,1,n<3
50076359,2025-09-01,2025-11-30,trimestral,,,1,n<3
50076359,2025-10-01,2025-12-31,trimestral,,,0,n<3
50076359,2025-11-01,2026-01-31,trimestral,,,0,n<3
50076359,2025-12-01,2026-02-28,trimestral,,,0,n<3
50076359,2026-01-01,2026-03-31,trimestral,,,1,n<3
50076359,2026-02-01,2026-04-30,trimestral,,,2,n<3
50076359,2024-01-01,2024-06-30,semestral,-4.8443519827962325,0.24971708211980181,3,valida
50076359,2024-02-01,2024-07-31,semestral,,,2,n<3
50076359,2024-03-01,2024-08-31,semestral,,,2,n<3
50076359,2024-04-01,2024-09-30,semestral,,,2,n<3
50076359,2024-05-01,2024-10-31,semestral,,,2,n<3
50076359,2024-06-01,2024-11-30,semestral,,,2,n<3
50076359,2024-07-01,2024-12-31,semestral,,,1,n<3
50076359,2024-08-01,2025-01-31,semestral,,,1,n<3
50076359,2024-09-01,2025-02-28,semestral,,,0,n<3
50076359,2024-10-01,2025-03-31,semestral,,,0,n<3
50076359,2024-11-01,2025-04-30,semestral,,,0,n<3
50076359,2024-12-01,2025-05-31,semestral,,,1,n<3
50076359,2025-01-01,2025-06-30,semestral,,,1,n<3
50076359,2025-02-01,2025-07-31,semestral,,,1,n<3
50076359,2025-03-01,2025-08-31,semestral,,,1,n<3
50076359,2025-04-01,2025-09-30,semestral,,,2,n<3
50076359,2025-05-01,2025-10-31,semestral,,,2,n<3
50076359,2025-06-01,2025-11-30,semestral,,,1,n<3
50076359,2025-07-01,2025-12-31,semestral,,,1,n<3
50076359,2025-08-01,2026-01-31,semestral,,,1,n<3
50076359,2025-09-01,2026-02-28,semestral,,,1,n<3
50076359,2025-10-01,2026-03-31,semestral,,,1,n<3
50076359,2025-11-01,2026-04-30,semestral,,,2,n<3
50076753,2024-03-01,2024-03-31,mensual,,,1,n<3
50076753,2024-04-01,2024-04-30,mensual,,,0,n<3
50076753,2024-05-01,2024-05-31,mensual,,,2,n<3
50076753,2024-06-01,2024-06-30,mensual,,,1,n<3
50076753,2024-07-01,2024-07-31,mensual,,,1,n<3
50076753,2024-08-01,2024-08-31,mensual,,,0,n<3
50076753,2024-09-01,2024-09-30,mensual,,,0,n<3
50076753,2024-10-01,2024-10-31,mensual,,,0,n<3
50076753,2024-11-01,2024-11-30,mensual,,,2,n<3
50076753,2024-12-01,2024-12-31,mensual,,,0,n<3
50076753,2025-01-01,2025-01-31,mensual,,,0,n<3
50076753,2025-02-01,2025-02-28,mensual,,,0,n<3
50076753,2025-03-01,2025-03-31,mensual,,,0,n<3
50076753,2025-04-01,2025-04-30,mensual,,,0,n<3
50076753,2025-05-01,2025-05-31,mensual,,,0,n<3
50076753,2025-06-01,2025-06-30,mensual,,,0,n<3
50076753,2025-07-01,2025-07-31,mensual,,,0,n<3
50076753,2025-08-01,2025-08-31,mensual,3.293562913618387,0.25065666290048916,3,valida
50076753,2025-09-01,2025-09-30,mensual,,,0,n<3
50076753,2025-10-01,2025-10-31,mensual,,,0,n<3
50076753,2025-11-01,2025-11-30,mensual,,,0,n<3
50076753,2025-12-01,2025-12-31,mensual,,,0,n<3
50076753,2026-01-01,2026-01-31,mensual,,,0,n<3
50076753,2026-02-01,2026-02-28,mensual,,,1,n<3
50076753,2024-03-01,2024-05-31,trimestral,,,3,precio constante
50076753,2024-04-01,2024-06-30,trimestral,,,3,precio constante
50076753,2024-05-01,2024-07-31,trimestral,,,4,precio constante
50076753,2024-06-01,2024-08-31,trimestral,,,2,n<3
50076753,2024-07-01,2024-09-30,trimestral,,,1,n<3
50076753,2024-08-01,2024-10-31,trimestral,,,0,n<3
50076753,2024-09-01,2024-11-30,trimestral,,,2,n<3
50076753,2024-10-01,2024-12-31,trimestral,,,2,n<3
50076753,2024-11-01,2025-01-31,trimestral,,,2,n<3
50076753,2024-12-01,2025-02-28,trimestral,,,0,n<3
50076753,2025-01-01,2025-03-31,trimestral,,,0,n<3
50076753,2025-02-01,2025-04-30,trimestral,,,0,n<3
50076753,2025-03-01,2025-05-31,trimestral,,,0,n<3
50076753,2025-04-01,2025-06-30,trimestral,,,0,n<3
50076753,2025-05-01,2025-07-31,trimestral,,,0,n<3
50076753,2025-06-01,2025-08-31,trimestral,3.293562913618387,0.25065666290048916,3,valida
50076753,2025-07-01,2025-09-30,trimestral,3.293562913618387,0.25065666290048916,3,valida
50076753,2025-08-01,2025-10-31,trimestral,3.293562913618387,0.25065666290048916,3,valida
50076753,2025-09-01,2025-11-30,trimestral,,,0,n<3
50076753,2025-10-01,2025-12-31,trimestral,,,0,n<3
50076753,2025-11-01,2026-01-31,trimestral,,,0,n<3
50076753,2025-12-01,2026-02-28,trimestral,,,1,n<3
50076753,2024-03-01,2024-08-31,semestral,,,5,precio constante
50076753,2024-04-01,2024-09-30,semestral,,,4,precio constante
50076753,2024-05-01,2024-10-31,semestral,,,4,precio constante
50076753,2024-06-01,2024-11-30,semestral,,,4,precio constante
50076753,2024-07-01,2024-12-31,semestral,,,3,precio constante
50076753,2024-08-01,2025-01-31,semestral,,,2,n<3
50076753,2024-09-01,2025-02-28,semestral,,,2,n<3
50076753,2024-10-01,2025-03-31,semestral,,,2,n<3
50076753,2024-11-01,2025-04-30,semestral,,,2,n<3
50076753,2024-12-01,2025-05-31,semestral,,,0,n<3
50076753,2025-01-01,2025-06-30,semestral,,,0,n<3
50076753,2025-02-01,2025-07-31,semestral,,,0,n<3
50076753,2025-03-01,2025-08-31,semestral,3.293562913618387,0.25065666290048916,3,valida
50076753,2025-04-01,2025-09-30,semestral,3.293562913618387,0.25065666290048916,3,valida
50076753,2025-05-01,2025-10-31,semestral,3.293562913618387,0.25065666290048916,3,valida
50076753,2025-06-01,2025-11-30,semestral,3.293562913618387,0.25065666290048916,3,valida
50076753,2025-07-01,2025-12-31,semestral,3.293562913618387,0.25065666290048916,3,valida
50076753,2025-08-01,2026-01-31,semestral,3.293562913618387,0.25065666290048916,3,valida
50076753,2025-09-01,2026-02-28,semestral,,,1,n<3
50076754,2024-06-01,2024-06-30,mensual,,,1,n<3
50076754,2024-07-01,2024-07-31,mensual,,,0,n<3
50076754,2024-08-01,2024-08-31,mensual,,,0,n<3
50076754,2024-09-01,2024-09-30,mensual,,,0,n<3
50076754,2024-10-01,2024-10-31,mensual,,,3,precio constante
50076754,2024-11-01,2024-11-30,mensual,,,1,n<3
50076754,2024-12-01,2024-12-31,mensual,,,1,n<3
50076754,2025-01-01,2025-01-31,mensual,,,2,n<3
50076754,2025-02-01,2025-02-28,mensual,,,1,n<3
50076754,2025-03-01,2025-03-31,mensual,,,0,n<3
50076754,2025-04-01,2025-04-30,mensual,,,0,n<3
50076754,2025-05-01,2025-05-31,mensual,,,1,n<3
50076754,2025-06-01,2025-06-30,mensual,,,1,n<3
50076754,2025-07-01,2025-07-31,mensual,,,1,n<3
50076754,2025-08-01,2025-08-31,mensual,,,1,n<3
50076754,2025-09-01,2025-09-30,mensual,,,1,n<3
50076754,2025-10-01,2025-10-31,mensual,,,0,n<3
50076754,2025-11-01,2025-11-30,mensual,,,0,n<3
50076754,2025-12-01,2025-12-31,mensual,,,0,n<3
50076754,2026-01-01,2026-01-31,mensual,,,2,n<3
50076754,2026-02-01,2026-02-28,mensual,,,1,n<3
50076754,2024-06-01,2024-08-31,trimestral,,,1,n<3
50076754,2024-07-01,2024-09-30,trimestral,,,0,n<3
50076754,2024-08-01,2024-10-31,trimestral,,,3,precio constante
50076754,2024-09-01,2024-11-30,trimestral,,,4,precio constante
50076754,2024-10-01,2024-12-31,trimestral,13.461067631015196,1.0,5,valida
50076754,2024-11-01,2025-01-31,trimestral,8.95711518884882,0.33232786138332837,4,valida
50076754,2024-12-01,2025-02-28,trimestral,,,4,precio constante
50076754,2025-01-01,2025-03-31,trimestral,,,3,precio constante
50076754,2025-02-01,2025-04-30,trimestral,,,1,n<3
50076754,2025-03-01,2025-05-31,trimestral,,,1,n<3
50076754,2025-04-01,2025-06-30,trimestral,,,2,n<3
50076754,2025-05-01,2025-07-31,trimestral,,,3,qty constante
50076754,2025-06-01,2025-08-31,trimestral,-3.1054724970445284,1.0,3,valida
50076754,2025-07-01,2025-09-30,trimestral,-3.1054724970445284,1.0,3,valida
50076754,2025-08-01,2025-10-31,trimestral,,,2,n<3
50076754,2025-09-01,2025-11-30,trimestral,,,1,n<3
50076754,2025-10-01,2025-12-31,trimestral,,,0,n<3
50076754,2025-11-01,2026-01-31,trimestral,,,2,n<3
50076754,2025-12-01,2026-02-28,trimestral,,,3,precio constante
50076754,2024-06-01,2024-11-30,semestral,,,5,precio constante
50076754,2024-07-01,2024-12-31,semestral,13.461067631015196,1.0,5,valida
50076754,2024-08-01,2025-01-31,semestral,8.964734211765045,0.5326292037386076,7,valida
50076754,2024-09-01,2025-02-28,semestral,6.719111729835527,0.3325793000257026,8,valida
50076754,2024-10-01,2025-03-31,semestral,6.719111729835527,0.3325793000257026,8,valida
50076754,2024-11-01,2025-04-30,semestral,6.70768966609349,0.16572492593544308,5,valida
50076754,2024-12-01,2025-05-31,semestral,-4.860880613674925,0.1673471290410381,5,valida
50076754,2025-01-01,2025-06-30,semestral,-2.4334123442970244,0.06288307243940083,5,valida
50076754,2025-02-01,2025-07-31,semestral,,,4,qty constante
50076754,2025-03-01,2025-08-31,semestral,-2.612100564878683,0.9308362002314916,4,valida
50076754,2025-04-01,2025-09-30,semestral,-2.656851747096765,0.9239723074550833,5,valida
50076754,2025-05-01,2025-10-31,semestral,-2.656851747096765,0.9239723074550833,5,valida
50076754,2025-06-01,2025-11-30,semestral,-3.1054724970445293,1.0,4,valida
50076754,2025-07-01,2025-12-31,semestral,-3.1054724970445284,1.0,3,valida
50076754,2025-08-01,2026-01-31,semestral,-3.1054724970445293,1.0,4,valida
50076754,2025-09-01,2026-02-28,semestral,,,4,precio constante
50077033,2024-02-01,2024-02-29,mensual,,,1,n<3
50077033,2024-03-01,2024-03-31,mensual,,,0,n<3
50077033,2024-04-01,2024-04-30,mensual,,,0,n<3
50077033,2024-05-01,2024-05-31,mensual,,,0,n<3
50077033,2024-06-01,2024-06-30,mensual,,,1,n<3
50077033,2024-07-01,2024-07-31,mensual,,,0,n<3
50077033,2024-08-01,2024-08-31,mensual,,,0,n<3
50077033,2024-09-01,2024-09-30,mensual,,,0,n<3
50077033,2024-10-01,2024-10-31,mensual,,,0,n<3
50077033,2024-11-01,2024-11-30,mensual,,,1,n<3
50077033,2024-12-01,2024-12-31,mensual,,,0,n<3
50077033,2025-01-01,2025-01-31,mensual,,,0,n<3
50077033,2025-02-01,2025-02-28,mensual,,,0,n<3
50077033,2025-03-01,2025-03-31,mensual,,,0,n<3
50077033,2025-04-01,2025-04-30,mensual,,,0,n<3
50077033,2025-05-01,2025-05-31,mensual,,,0,n<3
50077033,2025-06-01,2025-06-30,mensual,,,0,n<3
50077033,2025-07-01,2025-07-31,mensual,,,0,n<3
50077033,2025-08-01,2025-08-31,mensual,,,1,n<3
50077033,2024-02-01,2024-04-30,trimestral,,,1,n<3
50077033,2024-03-01,2024-05-31,trimestral,,,0,n<3
50077033,2024-04-01,2024-06-30,trimestral,,,1,n<3
50077033,2024-05-01,2024-07-31,trimestral,,,1,n<3
50077033,2024-06-01,2024-08-31,trimestral,,,1,n<3
50077033,2024-07-01,2024-09-30,trimestral,,,0,n<3
50077033,2024-08-01,2024-10-31,trimestral,,,0,n<3
50077033,2024-09-01,2024-11-30,trimestral,,,1,n<3
50077033,2024-10-01,2024-12-31,trimestral,,,1,n<3
50077033,2024-11-01,2025-01-31,trimestral,,,1,n<3
50077033,2024-12-01,2025-02-28,trimestral,,,0,n<3
50077033,2025-01-01,2025-03-31,trimestral,,,0,n<3
50077033,2025-02-01,2025-04-30,trimestral,,,0,n<3
50077033,2025-03-01,2025-05-31,trimestral,,,0,n<3
50077033,2025-04-01,2025-06-30,trimestral,,,0,n<3
50077033,2025-05-01,2025-07-31,trimestral,,,0,n<3
50077033,2025-06-01,2025-08-31,trimestral,,,1,n<3
50077033,2024-02-01,2024-07-31,semestral,,,2,n<3
50077033,2024-03-01,2024-08-31,semestral,,,1,n<3
50077033,2024-04-01,2024-09-30,semestral,,,1,n<3
50077033,2024-05-01,2024-10-31,semestral,,,1,n<3
50077033,2024-06-01,2024-11-30,semestral,,,2,n<3
50077033,2024-07-01,2024-12-31,semestral,,,1,n<3
50077033,2024-08-01,2025-01-31,semestral,,,1,n<3
50077033,2024-09-01,2025-02-28,semestral,,,1,n<3
50077033,2024-10-01,2025-03-31,semestral,,,1,n<3
50077033,2024-11-01,2025-04-30,semestral,,,1,n<3
50077033,2024-12-01,2025-05-31,semestral,,,0,n<3
50077033,2025-01-01,2025-06-30,semestral,,,0,n<3
50077033,2025-02-01,2025-07-31,semestral,,,0,n<3
50077033,2025-03-01,2025-08-31,semestral,,,1,n<3
50077039,2024-02-01,2024-02-29,mensual,,,1,n<3
50077039,2024-03-01,2024-03-31,mensual,,,1,n<3
50077039,2024-04-01,2024-04-30,mensual,,,0,n<3
50077039,2024-05-01,2024-05-31,mensual,,,0,n<3
50077039,2024-06-01,2024-06-30,mensual,,,1,n<3
50077039,2024-07-01,2024-07-31,mensual,,,0,n<3
50077039,2024-08-01,2024-08-31,mensual,,,0,n<3
50077039,2024-09-01,2024-09-30,mensual,,,1,n<3
50077039,2024-10-01,2024-10-31,mensual,,,1,n<3
50077039,2024-11-01,2024-11-30,mensual,,,0,n<3
50077039,2024-12-01,2024-12-31,mensual,,,2,n<3
50077039,2024-02-01,2024-04-30,trimestral,,,2,n<3
50077039,2024-03-01,2024-05-31,trimestral,,,1,n<3
50077039,2024-04-01,2024-06-30,trimestral,,,1,n<3
50077039,2024-05-01,2024-07-31,trimestral,,,1,n<3
50077039,2024-06-01,2024-08-31,trimestral,,,1,n<3
50077039,2024-07-01,2024-09-30,trimestral,,,1,n<3
50077039,2024-08-01,2024-10-31,trimestral,,,2,n<3
50077039,2024-09-01,2024-11-30,trimestral,,,2,n<3
50077039,2024-10-01,2024-12-31,trimestral,,,3,precio constante
50077039,2024-02-01,2024-07-31,semestral,,,3,precio constante
50077039,2024-03-01,2024-08-31,semestral,,,2,n<3
50077039,2024-04-01,2024-09-30,semestral,,,2,n<3
50077039,2024-05-01,2024-10-31,semestral,,,3,precio constante
50077039,2024-06-01,2024-11-30,semestral,,,3,precio constante
50077039,2024-07-01,2024-12-31,semestral,,,4,precio constante
50079336,2024-01-01,2024-01-31,mensual,,,1,n<3
50079336,2024-02-01,2024-02-29,mensual,,,0,n<3
50079336,2024-03-01,2024-03-31,mensual,,,0,n<3
50079336,2024-04-01,2024-04-30,mensual,,,0,n<3
50079336,2024-05-01,2024-05-31,mensual,,,0,n<3
50079336,2024-06-01,2024-06-30,mensual,,,0,n<3
50079336,2024-07-01,2024-07-31,mensual,,,0,n<3
50079336,2024-08-01,2024-08-31,mensual,,,0,n<3
50079336,2024-09-01,2024-09-30,mensual,,,0,n<3
50079336,2024-10-01,2024-10-31,mensual,,,1,n<3
50079336,2024-11-01,2024-11-30,mensual,,,0,n<3
50079336,2024-12-01,2024-12-31,mensual,,,0,n<3
50079336,2025-01-01,2025-01-31,mensual,,,0,n<3
50079336,2025-02-01,2025-02-28,mensual,,,0,n<3
50079336,2025-03-01,2025-03-31,mensual,,,0,n<3
50079336,2025-04-01,2025-04-30,mensual,,,0,n<3
50079336,2025-05-01,2025-05-31,mensual,,,0,n<3
50079336,2025-06-01,2025-06-30,mensual,,,0,n<3
50079336,2025-07-01,2025-07-31,mensual,,,2,n<3
50079336,2025-08-01,2025-08-31,mensual,,,1,n<3
50079336,2025-09-01,2025-09-30,mensual,,,0,n<3
50079336,2025-10-01,2025-10-31,mensual,,,1,n<3
50079336,2024-01-01,2024-03-31,trimestral,,,1,n<3
50079336,2024-02-01,2024-04-30,trimestral,,,0,n<3
50079336,2024-03-01,2024-05-31,trimestral,,,0,n<3
50079336,2024-04-01,2024-06-30,trimestral,,,0,n<3
50079336,2024-05-01,2024-07-31,trimestral,,,0,n<3
50079336,2024-06-01,2024-08-31,trimestral,,,0,n<3
50079336,2024-07-01,2024-09-30,trimestral,,,0,n<3
50079336,2024-08-01,2024-10-31,trimestral,,,1,n<3
50079336,2024-09-01,2024-11-30,trimestral,,,1,n<3
50079336,2024-10-01,2024-12-31,trimestral,,,1,n<3
50079336,2024-11-01,2025-01-31,trimestral,,,0,n<3
50079336,2024-12-01,2025-02-28,trimestral,,,0,n<3
50079336,2025-01-01,2025-03-31,trimestral,,,0,n<3
50079336,2025-02-01,2025-04-30,trimestral,,,0,n<3
50079336,2025-03-01,2025-05-31,trimestral,,,0,n<3
50079336,2025-04-01,2025-06-30,trimestral,,,0,n<3
50079336,2025-05-01,2025-07-31,trimestral,,,2,n<3
50079336,2025-06-01,2025-08-31,trimestral,,,3,precio constante
50079336,2025-07-01,2025-09-30,trimestral,,,3,precio constante
50079336,2025-08-01,2025-10-31,trimestral,,,2,n<3
50079336,2024-01-01,2024-06-30,semestral,,,1,n<3
50079336,2024-02-01,2024-07-31,semestral,,,0,n<3
50079336,2024-03-01,2024-08-31,semestral,,,0,n<3
50079336,2024-04-01,2024-09-30,semestral,,,0,n<3
50079336,2024-05-01,2024-10-31,semestral,,,1,n<3
50079336,2024-06-01,2024-11-30,semestral,,,1,n<3
50079336,2024-07-01,2024-12-31,semestral,,,1,n<3
50079336,2024-08-01,2025-01-31,semestral,,,1,n<3
50079336,2024-09-01,2025-02-28,semestral,,,1,n<3
50079336,2024-10-01,2025-03-31,semestral,,,1,n<3
50079336,2024-11-01,2025-04-30,semestral,,,0,n<3
50079336,2024-12-01,2025-05-31,semestral,,,0,n<3
50079336,2025-01-01,2025-06-30,semestral,,,0,n<3
50079336,2025-02-01,2025-07-31,semestral,,,2,n<3
50079336,2025-03-01,2025-08-31,semestral,,,3,precio constante
50079336,2025-04-01,2025-09-30,semestral,,,3,precio constante
50079336,2025-05-01,2025-10-31,semestral,,,4,precio constante
50079337,2024-01-01,2024-01-31,mensual,,,1,n<3
50079337,2024-02-01,2024-02-29,mensual,,,0,n<3
50079337,2024-03-01,2024-03-31,mensual,,,0,n<3
50079337,2024-04-01,2024-04-30,mensual,,,0,n<3
50079337,2024-05-01,2024-05-31,mensual,,,0,n<3
50079337,2024-06-01,2024-06-30,mensual,,,0,n<3
50079337,2024-07-01,2024-07-31,mensual,,,0,n<3
50079337,2024-08-01,2024-08-31,mensual,,,1,n<3
50079337,2024-09-01,2024-09-30,mensual,,,0,n<3
50079337,2024-10-01,2024-10-31,mensual,,,0,n<3
50079337,2024-11-01,2024-11-30,mensual,,,0,n<3
50079337,2024-12-01,2024-12-31,mensual,,,0,n<3
50079337,2025-01-01,2025-01-31,mensual,,,1,n<3
50079337,2025-02-01,2025-02-28,mensual,,,0,n<3
50079337,2025-03-01,2025-03-31,mensual,,,0,n<3
50079337,2025-04-01,2025-04-30,mensual,,,1,n<3
50079337,2024-01-01,2024-03-31,trimestral,,,1,n<3
50079337,2024-02-01,2024-04-30,trimestral,,,0,n<3
50079337,2024-03-01,2024-05-31,trimestral,,,0,n<3
50079337,2024-04-01,2024-06-30,trimestral,,,0,n<3
50079337,2024-05-01,2024-07-31,trimestral,,,0,n<3
50079337,2024-06-01,2024-08-31,trimestral,,,1,n<3
50079337,2024-07-01,2024-09-30,trimestral,,,1,n<3
50079337,2024-08-01,2024-10-31,trimestral,,,1,n<3
50079337,2024-09-01,2024-11-30,trimestral,,,0,n<3
50079337,2024-10-01,2024-12-31,trimestral,,,0,n<3
50079337,2024-11-01,2025-01-31,trimestral,,,1,n<3
50079337,2024-12-01,2025-02-28,trimestral,,,1,n<3
50079337,2025-01-01,2025-03-31,trimestral,,,1,n<3
50079337,2025-02-01,2025-04-30,trimestral,,,1,n<3
50079337,2024-01-01,2024-06-30,semestral,,,1,n<3
50079337,2024-02-01,2024-07-31,semestral,,,0,n<3
50079337,2024-03-01,2024-08-31,semestral,,,1,n<3
50079337,2024-04-01,2024-09-30,semestral,,,1,n<3
50079337,2024-05-01,2024-10-31,semestral,,,1,n<3
50079337,2024-06-01,2024-11-30,semestral,,,1,n<3
50079337,2024-07-01,2024-12-31,semestral,,,1,n<3
50079337,2024-08-01,2025-01-31,semestral,,,2,n<3
50079337,2024-09-01,2025-02-28,semestral,,,1,n<3
50079337,2024-10-01,2025-03-31,semestral,,,1,n<3
50079337,2024-11-01,2025-04-30,semestral,,,2,n<3
50079353,2024-01-01,2024-01-31,mensual,,,2,n<3
50079353,2024-02-01,2024-02-29,mensual,,,3,precio constante
50079353,2024-03-01,2024-03-31,mensual,,,0,n<3
50079353,2024-04-01,2024-04-30,mensual,,,2,n<3
50079353,2024-05-01,2024-05-31,mensual,,,0,n<3
50079353,2024-06-01,2024-06-30,mensual,,,1,n<3
50079353,2024-07-01,2024-07-31,mensual,,,2,n<3
50079353,2024-08-01,2024-08-31,mensual,,,6,qty constante
50079353,2024-09-01,2024-09-30,mensual,,,2,n<3
50079353,2024-10-01,2024-10-31,mensual,,,1,n<3
50079353,2024-11-01,2024-11-30,mensual,,,0,n<3
50079353,2024-12-01,2024-12-31,mensual,,,0,n<3
50079353,2025-01-01,2025-01-31,mensual,,,2,n<3
50079353,2025-02-01,2025-02-28,mensual,,,1,n<3
50079353,2025-03-01,2025-03-31,mensual,,,1,n<3
50079353,2025-04-01,2025-04-30,mensual,,,1,n<3
50079353,2025-05-01,2025-05-31,mensual,,,0,n<3
50079353,2025-06-01,2025-06-30,mensual,,,0,n<3
50079353,2025-07-01,2025-07-31,mensual,,,1,n<3
50079353,2025-08-01,2025-08-31,mensual,,,1,n<3
50079353,2025-09-01,2025-09-30,mensual,,,1,n<3
50079353,2025-10-01,2025-10-31,mensual,,,0,n<3
50079353,2025-11-01,2025-11-30,mensual,,,0,n<3
50079353,2025-12-01,2025-12-31,mensual,,,0,n<3
50079353,2026-01-01,2026-01-31,mensual,,,1,n<3
50079353,2026-02-01,2026-02-28,mensual,,,0,n<3
50079353,2026-03-01,2026-03-31,mensual,,,2,n<3
50079353,2026-04-01,2026-04-30,mensual,,,1,n<3
50079353,2024-01-01,2024-03-31,trimestral,,,5,precio constante
50079353,2024-02-01,2024-04-30,trimestral,,,5,precio constante
50079353,2024-03-01,2024-05-31,trimestral,,,2,n<3
50079353,2024-04-01,2024-06-30,trimestral,,,3,precio constante
50079353,2024-05-01,2024-07-31,trimestral,,,3,precio constante
50079353,2024-06-01,2024-08-31,trimestral,,,9,qty constante
50079353,2024-07-01,2024-09-30,trimestral,,,10,qty constante
50079353,2024-08-01,2024-10-31,trimestral,,,9,qty constante
50079353,2024-09-01,2024-11-30,trimestral,,,3,precio constante
50079353,2024-10-01,2024-12-31,trimestral,,,1,n<3
50079353,2024-11-01,2025-01-31,trimestral,,,2,n<3
50079353,2024-12-01,2025-02-28,trimestral,,,3,qty constante
50079353,2025-01-01,2025-03-31,trimestral,,,4,qty constante
50079353,2025-02-01,2025-04-30,trimestral,,,3,precio constante
50079353,2025-03-01,2025-05-31,trimestral,,,2,n<3
50079353,2025-04-01,2025-06-30,trimestral,,,1,n<3
50079353,2025-05-01,2025-07-31,trimestral,,,1,n<3
50079353,2025-06-01,2025-08-31,trimestral,,,2,n<3
50079353,2025-07-01,2025-09-30,trimestral,0.9717945910371188,0.25005672864595363,3,valida
50079353,2025-08-01,2025-10-31,trimestral,,,2,n<3
50079353,2025-09-01,2025-11-30,trimestral,,,1,n<3
50079353,2025-10-01,2025-12-31,trimestral,,,0,n<3
50079353,2025-11-01,2026-01-31,trimestral,,,1,n<3
50079353,2025-12-01,2026-02-28,trimestral,,,1,n<3
50079353,2026-01-01,2026-03-31,trimestral,,,3,qty constante
50079353,2026-02-01,2026-04-30,trimestral,,,3,precio constante
50079353,2024-01-01,2024-06-30,semestral,,,8,precio constante
50079353,2024-02-01,2024-07-31,semestral,,,8,precio constante
50079353,2024-03-01,2024-08-31,semestral,,,11,qty constante
50079353,2024-04-01,2024-09-30,semestral,,,13,qty constante
50079353,2024-05-01,2024-10-31,semestral,,,12,qty constante
50079353,2024-06-01,2024-11-30,semestral,,,12,qty constante
50079353,2024-07-01,2024-12-31,semestral,,,11,qty constante
50079353,2024-08-01,2025-01-31,semestral,,,11,qty constante
50079353,2024-09-01,2025-02-28,semestral,,,6,qty constante
50079353,2024-10-01,2025-03-31,semestral,,,5,qty constante
50079353,2024-11-01,2025-04-30,semestral,4.855042972885806,0.16698141653728338,5,valida
50079353,2024-12-01,2025-05-31,semestral,4.855042972885806,0.16698141653728338,5,valida
50079353,2025-01-01,2025-06-30,semestral,4.855042972885806,0.16698141653728338,5,valida
50079353,2025-02-01,2025-07-31,semestral,0.6479283912810835,0.11115593657006073,4,valida
50079353,2025-03-01,2025-08-31,semestral,1.295693453411637,0.3334005655889841,4,valida
50079353,2025-04-01,2025-09-30,semestral,1.2956934534116573,0.3334005655889857,4,valida
50079353,2025-05-01,2025-10-31,semestral,0.9717945910371188,0.25005672864595363,3,valida
50079353,2025-06-01,2025-11-30,semestral,0.9717945910371188,0.25005672864595363,3,valida
50079353,2025-07-01,2025-12-31,semestral,0.9717945910371188,0.25005672864595363,3,valida
50079353,2025-08-01,2026-01-31,semestral,,,3,precio constante
50079353,2025-09-01,2026-02-28,semestral,,,2,n<3
50079353,2025-10-01,2026-03-31,semestral,,,3,qty constante
50079353,2025-11-01,2026-04-30,semestral,,,4,qty constante
50079355,2024-01-01,2024-01-31,mensual,,,1,n<3
50079355,2024-02-01,2024-02-29,mensual,,,0,n<3
50079355,2024-03-01,2024-03-31,mensual,,,0,n<3
50079355,2024-04-01,2024-04-30,mensual,,,0,n<3
50079355,2024-05-01,2024-05-31,mensual,,,0,n<3
50079355,2024-06-01,2024-06-30,mensual,,,1,n<3
50079355,2024-07-01,2024-07-31,mensual,,,1,n<3
50079355,2024-08-01,2024-08-31,mensual,,,0,n<3
50079355,2024-09-01,2024-09-30,mensual,,,0,n<3
50079355,2024-10-01,2024-10-31,mensual,,,0,n<3
50079355,2024-11-01,2024-11-30,mensual,,,0,n<3
50079355,2024-12-01,2024-12-31,mensual,,,0,n<3
50079355,2025-01-01,2025-01-31,mensual,,,0,n<3
50079355,2025-02-01,2025-02-28,mensual,,,0,n<3
50079355,2025-03-01,2025-03-31,mensual,,,0,n<3
50079355,2025-04-01,2025-04-30,mensual,,,0,n<3
50079355,2025-05-01,2025-05-31,mensual,,,0,n<3
50079355,2025-06-01,2025-06-30,mensual,,,0,n<3
50079355,2025-07-01,2025-07-31,mensual,,,0,n<3
50079355,2025-08-01,2025-08-31,mensual,,,1,n<3
50079355,2024-01-01,2024-03-31,trimestral,,,1,n<3
50079355,2024-02-01,2024-04-30,trimestral,,,0,n<3
50079355,2024-03-01,2024-05-31,trimestral,,,0,n<3
50079355,2024-04-01,2024-06-30,trimestral,,,1,n<3
50079355,2024-05-01,2024-07-31,trimestral,,,2,n<3
50079355,2024-06-01,2024-08-31,trimestral,,,2,n<3
50079355,2024-07-01,2024-09-30,trimestral,,,1,n<3
50079355,2024-08-01,2024-10-31,trimestral,,,0,n<3
50079355,2024-09-01,2024-11-30,trimestral,,,0,n<3
50079355,2024-10-01,2024-12-31,trimestral,,,0,n<3
50079355,2024-11-01,2025-01-31,trimestral,,,0,n<3
50079355,2024-12-01,2025-02-28,trimestral,,,0,n<3
50079355,2025-01-01,2025-03-31,trimestral,,,0,n<3
50079355,2025-02-01,2025-04-30,trimestral,,,0,n<3
50079355,2025-03-01,2025-05-31,trimestral,,,0,n<3
50079355,2025-04-01,2025-06-30,trimestral,,,0,n<3
50079355,2025-05-01,2025-07-31,trimestral,,,0,n<3
50079355,2025-06-01,2025-08-31,trimestral,,,1,n<3
50079355,2024-01-01,2024-06-30,semestral,,,2,n<3
50079355,2024-02-01,2024-07-31,semestral,,,2,n<3
50079355,2024-03-01,2024-08-31,semestral,,,2,n<3
50079355,2024-04-01,2024-09-30,semestral,,,2,n<3
50079355,2024-05-01,2024-10-31,semestral,,,2,n<3
50079355,2024-06-01,2024-11-30,semestral,,,2,n<3
50079355,2024-07-01,2024-12-31,semestral,,,1,n<3
50079355,2024-08-01,2025-01-31,semestral,,,0,n<3
50079355,2024-09-01,2025-02-28,semestral,,,0,n<3
50079355,2024-10-01,2025-03-31,semestral,,,0,n<3
50079355,2024-11-01,2025-04-30,semestral,,,0,n<3
50079355,2024-12-01,2025-05-31,semestral,,,0,n<3
50079355,2025-01-01,2025-06-30,semestral,,,0,n<3
50079355,2025-02-01,2025-07-31,semestral,,,0,n<3
50079355,2025-03-01,2025-08-31,semestral,,,1,n<3
50079876,2024-02-01,2024-02-29,mensual,,,2,n<3
50079876,2024-03-01,2024-03-31,mensual,,,0,n<3
50079876,2024-04-01,2024-04-30,mensual,,,2,n<3
50079876,2024-05-01,2024-05-31,mensual,,,0,n<3
50079876,2024-06-01,2024-06-30,mensual,,,2,n<3
50079876,2024-07-01,2024-07-31,mensual,,,0,n<3
50079876,2024-08-01,2024-08-31,mensual,,,1,n<3
50079876,2024-09-01,2024-09-30,mensual,,,1,n<3
50079876,2024-10-01,2024-10-31,mensual,,,0,n<3
50079876,2024-11-01,2024-11-30,mensual,,,0,n<3
50079876,2024-12-01,2024-12-31,mensual,,,0,n<3
50079876,2025-01-01,2025-01-31,mensual,,,1,n<3
50079876,2025-02-01,2025-02-28,mensual,,,0,n<3
50079876,2025-03-01,2025-03-31,mensual,,,1,n<3
50079876,2025-04-01,2025-04-30,mensual,,,0,n<3
50079876,2025-05-01,2025-05-31,mensual,,,1,n<3
50079876,2025-06-01,2025-06-30,mensual,,,1,n<3
50079876,2025-07-01,2025-07-31,mensual,,,1,n<3
50079876,2025-08-01,2025-08-31,mensual,,,0,n<3
50079876,2025-09-01,2025-09-30,mensual,,,2,n<3
50079876,2025-10-01,2025-10-31,mensual,,,0,n<3
50079876,2025-11-01,2025-11-30,mensual,,,0,n<3
50079876,2025-12-01,2025-12-31,mensual,,,0,n<3
50079876,2026-01-01,2026-01-31,mensual,,,1,n<3
50079876,2026-02-01,2026-02-28,mensual,,,0,n<3
50079876,2026-03-01,2026-03-31,mensual,,,0,n<3
50079876,2026-04-01,2026-04-30,mensual,,,1,n<3
50079876,2024-02-01,2024-04-30,trimestral,,,4,precio constante
50079876,2024-03-01,2024-05-31,trimestral,,,2,n<3
50079876,2024-04-01,2024-06-30,trimestral,,,4,precio constante
50079876,2024-05-01,2024-07-31,trimestral,,,2,n<3
50079876,2024-06-01,2024-08-31,trimestral,,,3,precio constante
50079876,2024-07-01,2024-09-30,trimestral,,,2,n<3
50079876,2024-08-01,2024-10-31,trimestral,,,2,n<3
50079876,2024-09-01,2024-11-30,trimestral,,,1,n<3
50079876,2024-10-01,2024-12-31,trimestral,,,0,n<3
50079876,2024-11-01,2025-01-31,trimestral,,,1,n<3
50079876,2024-12-01,2025-02-28,trimestral,,,1,n<3
50079876,2025-01-01,2025-03-31,trimestral,,,2,n<3
50079876,2025-02-01,2025-04-30,trimestral,,,1,n<3
50079876,2025-03-01,2025-05-31,trimestral,,,2,n<3
50079876,2025-04-01,2025-06-30,trimestral,,,2,n<3
50079876,2025-05-01,2025-07-31,trimestral,,,3,qty constante
50079876,2025-06-01,2025-08-31,trimestral,,,2,n<3
50079876,2025-07-01,2025-09-30,trimestral,,,3,qty constante
50079876,2025-08-01,2025-10-31,trimestral,,,2,n<3
50079876,2025-09-01,2025-11-30,trimestral,,,2,n<3
50079876,2025-10-01,2025-12-31,trimestral,,,0,n<3
50079876,2025-11-01,2026-01-31,trimestral,,,1,n<3
50079876,2025-12-01,2026-02-28,trimestral,,,1,n<3
50079876,2026-01-01,2026-03-31,trimestral,,,1,n<3
50079876,2026-02-01,2026-04-30,trimestral,,,1,n<3
50079876,2024-02-01,2024-07-31,semestral,,,6,precio constante
50079876,2024-03-01,2024-08-31,semestral,,,5,precio constante
50079876,2024-04-01,2024-09-30,semestral,,,6,precio constante
50079876,2024-05-01,2024-10-31,semestral,,,4,precio constante
50079876,2024-06-01,2024-11-30,semestral,,,4,precio constante
50079876,2024-07-01,2024-12-31,semestral,,,2,n<3
50079876,2024-08-01,2025-01-31,semestral,,,3,qty constante
50079876,2024-09-01,2025-02-28,semestral,,,2,n<3
50079876,2024-10-01,2025-03-31,semestral,,,2,n<3
50079876,2024-11-01,2025-04-30,semestral,,,2,n<3
50079876,2024-12-01,2025-05-31,semestral,,,3,qty constante
50079876,2025-01-01,2025-06-30,semestral,,,4,qty constante
50079876,2025-02-01,2025-07-31,semestral,,,4,qty constante
50079876,2025-03-01,2025-08-31,semestral,,,4,qty constante
50079876,2025-04-01,2025-09-30,semestral,,,5,qty constante
50079876,2025-05-01,2025-10-31,semestral,,,5,qty constante
50079876,2025-06-01,2025-11-30,semestral,,,4,qty constante
50079876,2025-07-01,2025-12-31,semestral,,,3,qty constante
50079876,2025-08-01,2026-01-31,semestral,,,3,precio constante
50079876,2025-09-01,2026-02-28,semestral,,,3,precio constante
50079876,2025-10-01,2026-03-31,semestral,,,1,n<3
50079876,2025-11-01,2026-04-30,semestral,,,2,n<3
50080136,2024-01-01,2024-01-31,mensual,,,1,n<3
50080136,2024-02-01,2024-02-29,mensual,,,0,n<3
50080136,2024-03-01,2024-03-31,mensual,,,1,n<3
50080136,2024-04-01,2024-04-30,mensual,,,0,n<3
50080136,2024-05-01,2024-05-31,mensual,,,0,n<3
50080136,2024-06-01,2024-06-30,mensual,,,1,n<3
50080136,2024-07-01,2024-07-31,mensual,,,0,n<3
50080136,2024-08-01,2024-08-31,mensual,,,4,qty constante
50080136,2024-09-01,2024-09-30,mensual,,,1,n<3
50080136,2024-10-01,2024-10-31,mensual,,,0,n<3
50080136,2024-11-01,2024-11-30,mensual,,,0,n<3
50080136,2024-12-01,2024-12-31,mensual,,,0,n<3
50080136,2025-01-01,2025-01-31,mensual,,,3,qty constante
50080136,2025-02-01,2025-02-28,mensual,,,0,n<3
50080136,2025-03-01,2025-03-31,mensual,,,0,n<3
50080136,2025-04-01,2025-04-30,mensual,,,0,n<3
50080136,2025-05-01,2025-05-31,mensual,,,0,n<3
50080136,2025-06-01,2025-06-30,mensual,,,0,n<3
50080136,2025-07-01,2025-07-31,mensual,,,1,n<3
50080136,2025-08-01,2025-08-31,mensual,,,2,n<3
50080136,2025-09-01,2025-09-30,mensual,,,1,n<3
50080136,2025-10-01,2025-10-31,mensual,,,0,n<3
50080136,2025-11-01,2025-11-30,mensual,,,0,n<3
50080136,2025-12-01,2025-12-31,mensual,,,0,n<3
50080136,2026-01-01,2026-01-31,mensual,,,3,precio constante
50080136,2024-01-01,2024-03-31,trimestral,,,2,n<3
50080136,2024-02-01,2024-04-30,trimestral,,,1,n<3
50080136,2024-03-01,2024-05-31,trimestral,,,1,n<3
50080136,2024-04-01,2024-06-30,trimestral,,,1,n<3
50080136,2024-05-01,2024-07-31,trimestral,,,1,n<3
50080136,2024-06-01,2024-08-31,trimestral,,,5,qty constante
50080136,2024-07-01,2024-09-30,trimestral,,,5,qty constante
50080136,2024-08-01,2024-10-31,trimestral,,,5,qty constante
50080136,2024-09-01,2024-11-30,trimestral,,,1,n<3
50080136,2024-10-01,2024-12-31,trimestral,,,0,n<3
50080136,2024-11-01,2025-01-31,trimestral,,,3,qty constante
50080136,2024-12-01,2025-02-28,trimestral,,,3,qty constante
50080136,2025-01-01,2025-03-31,trimestral,,,3,qty constante
50080136,2025-02-01,2025-04-30,trimestral,,,0,n<3
50080136,2025-03-01,2025-05-31,trimestral,,,0,n<3
50080136,2025-04-01,2025-06-30,trimestral,,,0,n<3
50080136,2025-05-01,2025-07-31,trimestral,,,1,n<3
50080136,2025-06-01,2025-08-31,trimestral,,,3,qty constante
50080136,2025-07-01,2025-09-30,trimestral,,,4,qty constante
50080136,2025-08-01,2025-10-31,trimestral,,,3,qty constante
50080136,2025-09-01,2025-11-30,trimestral,,,1,n<3
50080136,2025-10-01,2025-12-31,trimestral,,,0,n<3
50080136,2025-11-01,2026-01-31,trimestral,,,3,precio constante
50080136,2024-01-01,2024-06-30,semestral,,,3,precio constante
50080136,2024-02-01,2024-07-31,semestral,,,2,n<3
50080136,2024-03-01,2024-08-31,semestral,,,6,qty constante
50080136,2024-04-01,2024-09-30,semestral,,,6,qty constante
50080136,2024-05-01,2024-10-31,semestral,,,6,qty constante
50080136,2024-06-01,2024-11-30,semestral,,,6,qty constante
50080136,2024-07-01,2024-12-31,semestral,,,5,qty constante
50080136,2024-08-01,2025-01-31,semestral,,,8,qty constante
50080136,2024-09-01,2025-02-28,semestral,,,4,qty constante
50080136,2024-10-01,2025-03-31,semestral,,,3,qty constante
50080136,2024-11-01,2025-04-30,semestral,,,3,qty constante
50080136,2024-12-01,2025-05-31,semestral,,,3,qty constante
50080136,2025-01-01,2025-06-30,semestral,,,3,qty constante
50080136,2025-02-01,2025-07-31,semestral,,,1,n<3
50080136,2025-03-01,2025-08-31,semestral,,,3,qty constante
50080136,2025-04-01,2025-09-30,semestral,,,4,qty constante
50080136,2025-05-01,2025-10-31,semestral,,,4,qty constante
50080136,2025-06-01,2025-11-30,semestral,,,4,qty constante
50080136,2025-07-01,2025-12-31,semestral,,,4,qty constante
50080136,2025-08-01,2026-01-31,semestral,0.2774793662324577,0.022837506506045102,6,valida
50082332,2024-01-01,2024-01-31,mensual,,,1,n<3
50082332,2024-02-01,2024-02-29,mensual,,,0,n<3
50082332,2024-03-01,2024-03-31,mensual,,,0,n<3
50082332,2024-04-01,2024-04-30,mensual,,,0,n<3
50082332,2024-05-01,2024-05-31,mensual,,,0,n<3
50082332,2024-06-01,2024-06-30,mensual,,,0,n<3
50082332,2024-07-01,2024-07-31,mensual,,,2,n<3
50082332,2024-08-01,2024-08-31,mensual,,,0,n<3
50082332,2024-09-01,2024-09-30,mensual,,,0,n<3
50082332,2024-10-01,2024-10-31,mensual,,,1,n<3
50082332,2024-11-01,2024-11-30,mensual,,,0,n<3
50082332,2024-12-01,2024-12-31,mensual,,,0,n<3
50082332,2025-01-01,2025-01-31,mensual,,,0,n<3
50082332,2025-02-01,2025-02-28,mensual,,,1,n<3
50082332,2024-01-01,2024-03-31,trimestral,,,1,n<3
50082332,2024-02-01,2024-04-30,trimestral,,,0,n<3
50082332,2024-03-01,2024-05-31,trimestral,,,0,n<3
50082332,2024-04-01,2024-06-30,trimestral,,,0,n<3
50082332,2024-05-01,2024-07-31,trimestral,,,2,n<3
50082332,2024-06-01,2024-08-31,trimestral,,,2,n<3
50082332,2024-07-01,2024-09-30,trimestral,,,2,n<3
50082332,2024-08-01,2024-10-31,trimestral,,,1,n<3
50082332,2024-09-01,2024-11-30,trimestral,,,1,n<3
50082332,2024-10-01,2024-12-31,trimestral,,,1,n<3
50082332,2024-11-01,2025-01-31,trimestral,,,0,n<3
50082332,2024-12-01,2025-02-28,trimestral,,,1,n<3
50082332,2024-01-01,2024-06-30,semestral,,,1,n<3
50082332,2024-02-01,2024-07-31,semestral,,,2,n<3
50082332,2024-03-01,2024-08-31,semestral,,,2,n<3
50082332,2024-04-01,2024-09-30,semestral,,,2,n<3
50082332,2024-05-01,2024-10-31,semestral,,,3,precio constante
50082332,2024-06-01,2024-11-30,semestral,,,3,precio constante
50082332,2024-07-01,2024-12-31,semestral,,,3,precio constante
50082332,2024-08-01,2025-01-31,semestral,,,1,n<3
50082332,2024-09-01,2025-02-28,semestral,,,2,n<3
50082702,2024-07-01,2024-07-31,mensual,,,1,n<3
50082702,2024-08-01,2024-08-31,mensual,,,0,n<3
50082702,2024-09-01,2024-09-30,mensual,,,2,n<3
50082702,2024-10-01,2024-10-31,mensual,,,0,n<3
50082702,2024-11-01,2024-11-30,mensual,,,1,n<3
50082702,2024-12-01,2024-12-31,mensual,,,0,n<3
50082702,2025-01-01,2025-01-31,mensual,,,1,n<3
50082702,2024-07-01,2024-09-30,trimestral,,,3,qty constante
50082702,2024-08-01,2024-10-31,trimestral,,,2,n<3
50082702,2024-09-01,2024-11-30,trimestral,,,3,precio constante
50082702,2024-10-01,2024-12-31,trimestral,,,1,n<3
50082702,2024-11-01,2025-01-31,trimestral,,,2,n<3
50082702,2024-07-01,2024-12-31,semestral,,,4,qty constante
50082702,2024-08-01,2025-01-31,semestral,-2.7093390446537486,1.0,4,valida
50083950,2024-01-01,2024-01-31,mensual,,,2,n<3
50083950,2024-02-01,2024-02-29,mensual,,,0,n<3
50083950,2024-03-01,2024-03-31,mensual,,,2,n<3
50083950,2024-04-01,2024-04-30,mensual,,,0,n<3
50083950,2024-05-01,2024-05-31,mensual,,,0,n<3
50083950,2024-06-01,2024-06-30,mensual,,,0,n<3
50083950,2024-07-01,2024-07-31,mensual,,,0,n<3
50083950,2024-08-01,2024-08-31,mensual,,,0,n<3
50083950,2024-09-01,2024-09-30,mensual,,,1,n<3
50083950,2024-10-01,2024-10-31,mensual,,,1,n<3
50083950,2024-11-01,2024-11-30,mensual,,,1,n<3
50083950,2024-12-01,2024-12-31,mensual,,,0,n<3
50083950,2025-01-01,2025-01-31,mensual,,,3,qty constante
50083950,2025-02-01,2025-02-28,mensual,,,1,n<3
50083950,2025-03-01,2025-03-31,mensual,,,1,n<3
50083950,2025-04-01,2025-04-30,mensual,,,1,n<3
50083950,2025-05-01,2025-05-31,mensual,,,0,n<3
50083950,2025-06-01,2025-06-30,mensual,,,0,n<3
50083950,2025-07-01,2025-07-31,mensual,,,0,n<3
50083950,2025-08-01,2025-08-31,mensual,,,2,n<3
50083950,2025-09-01,2025-09-30,mensual,,,2,n<3
50083950,2025-10-01,2025-10-31,mensual,,,0,n<3
50083950,2025-11-01,2025-11-30,mensual,,,0,n<3
50083950,2025-12-01,2025-12-31,mensual,,,1,n<3
50083950,2026-01-01,2026-01-31,mensual,,,0,n<3
50083950,2026-02-01,2026-02-28,mensual,,,0,n<3
50083950,2026-03-01,2026-03-31,mensual,,,1,n<3
50083950,2026-04-01,2026-04-30,mensual,,,1,n<3
50083950,2024-01-01,2024-03-31,trimestral,,,4,precio constante
50083950,2024-02-01,2024-04-30,trimestral,,,2,n<3
50083950,2024-03-01,2024-05-31,trimestral,,,2,n<3
50083950,2024-04-01,2024-06-30,trimestral,,,0,n<3
50083950,2024-05-01,2024-07-31,trimestral,,,0,n<3
50083950,2024-06-01,2024-08-31,trimestral,,,0,n<3
50083950,2024-07-01,2024-09-30,trimestral,,,1,n<3
50083950,2024-08-01,2024-10-31,trimestral,,,2,n<3
50083950,2024-09-01,2024-11-30,trimestral,,,3,precio constante
50083950,2024-10-01,2024-12-31,trimestral,,,2,n<3
50083950,2024-11-01,2025-01-31,trimestral,-6.4853353265640195,0.11151334391465251,4,valida
50083950,2024-12-01,2025-02-28,trimestral,,,4,qty constante
50083950,2025-01-01,2025-03-31,trimestral,,,5,qty constante
50083950,2025-02-01,2025-04-30,trimestral,,,3,qty constante
50083950,2025-03-01,2025-05-31,trimestral,,,2,n<3
50083950,2025-04-01,2025-06-30,trimestral,,,1,n<3
50083950,2025-05-01,2025-07-31,trimestral,,,0,n<3
50083950,2025-06-01,2025-08-31,trimestral,,,2,n<3
50083950,2025-07-01,2025-09-30,trimestral,,,4,precio constante
50083950,2025-08-01,2025-10-31,trimestral,,,4,precio constante
50083950,2025-09-01,2025-11-30,trimestral,,,2,n<3
50083950,2025-10-01,2025-12-31,trimestral,,,1,n<3
50083950,2025-11-01,2026-01-31,trimestral,,,1,n<3
50083950,2025-12-01,2026-02-28,trimestral,,,1,n<3
50083950,2026-01-01,2026-03-31,trimestral,,,1,n<3
50083950,2026-02-01,2026-04-30,trimestral,,,2,n<3
50083950,2024-01-01,2024-06-30,semestral,,,4,precio constante
50083950,2024-02-01,2024-07-31,semestral,,,2,n<3
50083950,2024-03-01,2024-08-31,semestral,,,2,n<3
50083950,2024-04-01,2024-09-30,semestral,,,1,n<3
50083950,2024-05-01,2024-10-31,semestral,,,2,n<3
50083950,2024-06-01,2024-11-30,semestral,,,3,precio constante
50083950,2024-07-01,2024-12-31,semestral,,,3,precio constante
50083950,2024-08-01,2025-01-31,semestral,-3.8971746270987313,0.040260870666660065,6,valida
50083950,2024-09-01,2025-02-28,semestral,-3.249988171296727,0.027998022233191255,7,valida
50083950,2024-10-01,2025-03-31,semestral,0.5936092753665636,0.0064910700033317115,7,valida
50083950,2024-11-01,2025-04-30,semestral,0.5936092753665636,0.0064910700033317115,7,valida
50083950,2024-12-01,2025-05-31,semestral,,,6,qty constante
50083950,2025-01-01,2025-06-30,semestral,,,6,qty constante
50083950,2025-02-01,2025-07-31,semestral,,,3,qty constante
50083950,2025-03-01,2025-08-31,semestral,,,4,qty constante
50083950,2025-04-01,2025-09-30,semestral,,,5,precio constante
50083950,2025-05-01,2025-10-31,semestral,,,4,precio constante
50083950,2025-06-01,2025-11-30,semestral,,,4,precio constante
50083950,2025-07-01,2025-12-31,semestral,-1.1225276045591375,0.0625,5,valida
50083950,2025-08-01,2026-01-31,semestral,-1.1225276045591375,0.0625,5,valida
50083950,2025-09-01,2026-02-28,semestral,-2.2450552091183087,0.2500000000000001,3,valida
50083950,2025-10-01,2026-03-31,semestral,,,2,n<3
50083950,2025-11-01,2026-04-30,semestral,,,3,precio constante
50083953,2024-01-01,2024-01-31,mensual,-2.6271598095857036,0.8399876574406522,4,valida
50083953,2024-02-01,2024-02-29,mensual,,,0,n<3
50083953,2024-03-01,2024-03-31,mensual,,,1,n<3
50083953,2024-04-01,2024-04-30,mensual,,,0,n<3
50083953,2024-05-01,2024-05-31,mensual,,,0,n<3
50083953,2024-06-01,2024-06-30,mensual,,,0,n<3
50083953,2024-07-01,2024-07-31,mensual,,,1,n<3
50083953,2024-08-01,2024-08-31,mensual,,,0,n<3
50083953,2024-09-01,2024-09-30,mensual,,,1,n<3
50083953,2024-10-01,2024-10-31,mensual,,,1,n<3
50083953,2024-11-01,2024-11-30,mensual,,,1,n<3
50083953,2024-12-01,2024-12-31,mensual,,,0,n<3
50083953,2025-01-01,2025-01-31,mensual,,,1,n<3
50083953,2025-02-01,2025-02-28,mensual,,,0,n<3
50083953,2025-03-01,2025-03-31,mensual,,,1,n<3
50083953,2025-04-01,2025-04-30,mensual,,,1,n<3
50083953,2025-05-01,2025-05-31,mensual,,,1,n<3
50083953,2025-06-01,2025-06-30,mensual,,,0,n<3
50083953,2025-07-01,2025-07-31,mensual,,,1,n<3
50083953,2025-08-01,2025-08-31,mensual,,,1,n<3
50083953,2025-09-01,2025-09-30,mensual,,,1,n<3
50083953,2025-10-01,2025-10-31,mensual,,,1,n<3
50083953,2024-01-01,2024-03-31,trimestral,-2.538596440742449,0.8429834241880301,5,valida
50083953,2024-02-01,2024-04-30,trimestral,,,1,n<3
50083953,2024-03-01,2024-05-31,trimestral,,,1,n<3
50083953,2024-04-01,2024-06-30,trimestral,,,0,n<3
50083953,2024-05-01,2024-07-31,trimestral,,,1,n<3
50083953,2024-06-01,2024-08-31,trimestral,,,1,n<3
50083953,2024-07-01,2024-09-30,trimestral,,,2,n<3
50083953,2024-08-01,2024-10-31,trimestral,,,2,n<3
50083953,2024-09-01,2024-11-30,trimestral,,,3,precio constante
50083953,2024-10-01,2024-12-31,trimestral,,,2,n<3
50083953,2024-11-01,2025-01-31,trimestral,,,2,n<3
50083953,2024-12-01,2025-02-28,trimestral,,,1,n<3
50083953,2025-01-01,2025-03-31,trimestral,,,2,n<3
50083953,2025-02-01,2025-04-30,trimestral,,,2,n<3
50083953,2025-03-01,2025-05-31,trimestral,,,3,qty constante
50083953,2025-04-01,2025-06-30,trimestral,,,2,n<3
50083953,2025-05-01,2025-07-31,trimestral,,,2,n<3
50083953,2025-06-01,2025-08-31,trimestral,,,2,n<3
50083953,2025-07-01,2025-09-30,trimestral,,,3,precio constante
50083953,2025-08-01,2025-10-31,trimestral,,,3,precio constante
50083953,2024-01-01,2024-06-30,semestral,-2.538596440742449,0.8429834241880301,5,valida
50083953,2024-02-01,2024-07-31,semestral,,,2,n<3
50083953,2024-03-01,2024-08-31,semestral,,,2,n<3
50083953,2024-04-01,2024-09-30,semestral,,,2,n<3
50083953,2024-05-01,2024-10-31,semestral,,,3,precio constante
50083953,2024-06-01,2024-11-30,semestral,,,4,precio constante
50083953,2024-07-01,2024-12-31,semestral,,,4,precio constante
50083953,2024-08-01,2025-01-31,semestral,23.651012274862268,0.7575757575757576,4,valida
50083953,2024-09-01,2025-02-28,semestral,23.651012274862268,0.7575757575757576,4,valida
50083953,2024-10-01,2025-03-31,semestral,7.111815518610125,0.545962074671079,4,valida
50083953,2024-11-01,2025-04-30,semestral,4.316687199389408,0.24857961007955087,4,valida
50083953,2024-12-01,2025-05-31,semestral,2.8482538527896946,0.11144763963078641,4,valida
50083953,2025-01-01,2025-06-30,semestral,2.8482538527896946,0.11144763963078641,4,valida
50083953,2025-02-01,2025-07-31,semestral,,,4,qty constante
50083953,2025-03-01,2025-08-31,semestral,,,5,qty constante
50083953,2025-04-01,2025-09-30,semestral,,,5,precio constante
50083953,2025-05-01,2025-10-31,semestral,,,5,precio constante
50083954,2024-04-01,2024-04-30,mensual,,,1,n<3
50083954,2024-05-01,2024-05-31,mensual,,,0,n<3
50083954,2024-06-01,2024-06-30,mensual,,,0,n<3
50083954,2024-07-01,2024-07-31,mensual,,,0,n<3
50083954,2024-08-01,2024-08-31,mensual,,,0,n<3
50083954,2024-09-01,2024-09-30,mensual,,,0,n<3
50083954,2024-10-01,2024-10-31,mensual,,,0,n<3
50083954,2024-11-01,2024-11-30,mensual,,,0,n<3
50083954,2024-12-01,2024-12-31,mensual,,,1,n<3
50083954,2025-01-01,2025-01-31,mensual,,,2,n<3
50083954,2025-02-01,2025-02-28,mensual,,,0,n<3
50083954,2025-03-01,2025-03-31,mensual,,,1,n<3
50083954,2025-04-01,2025-04-30,mensual,,,0,n<3
50083954,2025-05-01,2025-05-31,mensual,,,2,n<3
50083954,2025-06-01,2025-06-30,mensual,,,0,n<3
50083954,2025-07-01,2025-07-31,mensual,,,0,n<3
50083954,2025-08-01,2025-08-31,mensual,,,0,n<3
50083954,2025-09-01,2025-09-30,mensual,,,0,n<3
50083954,2025-10-01,2025-10-31,mensual,,,0,n<3
50083954,2025-11-01,2025-11-30,mensual,,,0,n<3
50083954,2025-12-01,2025-12-31,mensual,,,1,n<3
50083954,2026-01-01,2026-01-31,mensual,,,0,n<3
50083954,2026-02-01,2026-02-28,mensual,,,0,n<3
50083954,2026-03-01,2026-03-31,mensual,,,1,n<3
50083954,2026-04-01,2026-04-30,mensual,,,1,n<3
50083954,2024-04-01,2024-06-30,trimestral,,,1,n<3
50083954,2024-05-01,2024-07-31,trimestral,,,0,n<3
50083954,2024-06-01,2024-08-31,trimestral,,,0,n<3
50083954,2024-07-01,2024-09-30,trimestral,,,0,n<3
50083954,2024-08-01,2024-10-31,trimestral,,,0,n<3
50083954,2024-09-01,2024-11-30,trimestral,,,0,n<3
50083954,2024-10-01,2024-12-31,trimestral,,,1,n<3
50083954,2024-11-01,2025-01-31,trimestral,,,3,qty constante
50083954,2024-12-01,2025-02-28,trimestral,,,3,qty constante
50083954,2025-01-01,2025-03-31,trimestral,-9.901757695668575,1.0,3,valida
50083954,2025-02-01,2025-04-30,trimestral,,,1,n<3
50083954,2025-03-01,2025-05-31,trimestral,-3.503087936935431,0.4738931001319955,3,valida
50083954,2025-04-01,2025-06-30,trimestral,,,2,n<3
50083954,2025-05-01,2025-07-31,trimestral,,,2,n<3
50083954,2025-06-01,2025-08-31,trimestral,,,0,n<3
50083954,2025-07-01,2025-09-30,trimestral,,,0,n<3
50083954,2025-08-01,2025-10-31,trimestral,,,0,n<3
50083954,2025-09-01,2025-11-30,trimestral,,,0,n<3
50083954,2025-10-01,2025-12-31,trimestral,,,1,n<3
50083954,2025-11-01,2026-01-31,trimestral,,,1,n<3
50083954,2025-12-01,2026-02-28,trimestral,,,1,n<3
50083954,2026-01-01,2026-03-31,trimestral,,,1,n<3
50083954,2026-02-01,2026-04-30,trimestral,,,2,n<3
50083954,2024-04-01,2024-09-30,semestral,,,1,n<3
50083954,2024-05-01,2024-10-31,semestral,,,0,n<3
50083954,2024-06-01,2024-11-30,semestral,,,0,n<3
50083954,2024-07-01,2024-12-31,semestral,,,1,n<3
50083954,2024-08-01,2025-01-31,semestral,,,3,qty constante
50083954,2024-09-01,2025-02-28,semestral,,,3,qty constante
50083954,2024-10-01,2025-03-31,semestral,-10.013175545756093,0.9101455759383362,4,valida
50083954,2024-11-01,2025-04-30,semestral,-10.013175545756093,0.9101455759383362,4,valida
50083954,2024-12-01,2025-05-31,semestral,-6.159275557195131,0.29753146128820884,6,valida
50083954,2025-01-01,2025-06-30,semestral,-6.696979217115449,0.4176410914055336,5,valida
50083954,2025-02-01,2025-07-31,semestral,-3.503087936935431,0.4738931001319955,3,valida
50083954,2025-03-01,2025-08-31,semestral,-3.503087936935431,0.4738931001319955,3,valida
50083954,2025-04-01,2025-09-30,semestral,,,2,n<3
50083954,2025-05-01,2025-10-31,semestral,,,2,n<3
50083954,2025-06-01,2025-11-30,semestral,,,0,n<3
50083954,2025-07-01,2025-12-31,semestral,,,1,n<3
50083954,2025-08-01,2026-01-31,semestral,,,1,n<3
50083954,2025-09-01,2026-02-28,semestral,,,1,n<3
50083954,2025-10-01,2026-03-31,semestral,,,2,n<3
50083954,2025-11-01,2026-04-30,semestral,,,3,precio constante
50083960,2024-01-01,2024-01-31,mensual,,,2,n<3
50083960,2024-02-01,2024-02-29,mensual,,,0,n<3
50083960,2024-03-01,2024-03-31,mensual,,,1,n<3
50083960,2024-04-01,2024-04-30,mensual,,,2,n<3
50083960,2024-05-01,2024-05-31,mensual,,,0,n<3
50083960,2024-06-01,2024-06-30,mensual,,,0,n<3
50083960,2024-07-01,2024-07-31,mensual,,,0,n<3
50083960,2024-08-01,2024-08-31,mensual,,,0,n<3
50083960,2024-09-01,2024-09-30,mensual,,,1,n<3
50083960,2024-10-01,2024-10-31,mensual,,,1,n<3
50083960,2024-11-01,2024-11-30,mensual,,,0,n<3
50083960,2024-12-01,2024-12-31,mensual,,,1,n<3
50083960,2025-01-01,2025-01-31,mensual,,,1,n<3
50083960,2025-02-01,2025-02-28,mensual,,,0,n<3
50083960,2025-03-01,2025-03-31,mensual,,,0,n<3
50083960,2025-04-01,2025-04-30,mensual,,,0,n<3
50083960,2025-05-01,2025-05-31,mensual,,,0,n<3
50083960,2025-06-01,2025-06-30,mensual,,,1,n<3
50083960,2025-07-01,2025-07-31,mensual,,,0,n<3
50083960,2025-08-01,2025-08-31,mensual,,,3,precio constante
50083960,2025-09-01,2025-09-30,mensual,,,1,n<3
50083960,2025-10-01,2025-10-31,mensual,,,1,n<3
50083960,2025-11-01,2025-11-30,mensual,,,1,n<3
50083960,2025-12-01,2025-12-31,mensual,,,1,n<3
50083960,2026-01-01,2026-01-31,mensual,,,0,n<3
50083960,2026-02-01,2026-02-28,mensual,,,1,n<3
50083960,2026-03-01,2026-03-31,mensual,,,2,n<3
50083960,2026-04-01,2026-04-30,mensual,,,1,n<3
50083960,2024-01-01,2024-03-31,trimestral,-3.689299447974709,0.6729797162852595,3,valida
50083960,2024-02-01,2024-04-30,trimestral,-2.7095112913514487,1.0,3,valida
50083960,2024-03-01,2024-05-31,trimestral,-2.7095112913514487,1.0,3,valida
50083960,2024-04-01,2024-06-30,trimestral,,,2,n<3
50083960,2024-05-01,2024-07-31,trimestral,,,0,n<3
50083960,2024-06-01,2024-08-31,trimestral,,,0,n<3
50083960,2024-07-01,2024-09-30,trimestral,,,1,n<3
50083960,2024-08-01,2024-10-31,trimestral,,,2,n<3
50083960,2024-09-01,2024-11-30,trimestral,,,2,n<3
50083960,2024-10-01,2024-12-31,trimestral,,,2,n<3
50083960,2024-11-01,2025-01-31,trimestral,,,2,n<3
50083960,2024-12-01,2025-02-28,trimestral,,,2,n<3
50083960,2025-01-01,2025-03-31,trimestral,,,1,n<3
50083960,2025-02-01,2025-04-30,trimestral,,,0,n<3
50083960,2025-03-01,2025-05-31,trimestral,,,0,n<3
50083960,2025-04-01,2025-06-30,trimestral,,,1,n<3
50083960,2025-05-01,2025-07-31,trimestral,,,1,n<3
50083960,2025-06-01,2025-08-31,trimestral,,,4,precio constante
50083960,2025-07-01,2025-09-30,trimestral,,,4,precio constante
50083960,2025-08-01,2025-10-31,trimestral,,,5,precio constante
50083960,2025-09-01,2025-11-30,trimestral,,,3,precio constante
50083960,2025-10-01,2025-12-31,trimestral,12.672130984833457,0.9139244742181417,3,valida
50083960,2025-11-01,2026-01-31,trimestral,,,2,n<3
50083960,2025-12-01,2026-02-28,trimestral,,,2,n<3
50083960,2026-01-01,2026-03-31,trimestral,,,3,precio constante
50083960,2026-02-01,2026-04-30,trimestral,,,4,precio constante
50083960,2024-01-01,2024-06-30,semestral,-3.870672198046877,0.799454221412132,5,valida
50083960,2024-02-01,2024-07-31,semestral,-2.7095112913514487,1.0,3,valida
50083960,2024-03-01,2024-08-31,semestral,-2.7095112913514487,1.0,3,valida
50083960,2024-04-01,2024-09-30,semestral,,,3,precio constante
50083960,2024-05-01,2024-10-31,semestral,,,2,n<3
50083960,2024-06-01,2024-11-30,semestral,,,2,n<3
50083960,2024-07-01,2024-12-31,semestral,,,3,precio constante
50083960,2024-08-01,2025-01-31,semestral,,,4,precio constante
50083960,2024-09-01,2025-02-28,semestral,,,4,precio constante
50083960,2024-10-01,2025-03-31,semestral,,,3,precio constante
50083960,2024-11-01,2025-04-30,semestral,,,2,n<3
50083960,2024-12-01,2025-05-31,semestral,,,2,n<3
50083960,2025-01-01,2025-06-30,semestral,,,2,n<3
50083960,2025-02-01,2025-07-31,semestral,,,1,n<3
50083960,2025-03-01,2025-08-31,semestral,,,4,precio constante
50083960,2025-04-01,2025-09-30,semestral,,,5,precio constante
50083960,2025-05-01,2025-10-31,semestral,,,6,precio constante
50083960,2025-06-01,2025-11-30,semestral,,,7,precio constante
50083960,2025-07-01,2025-12-31,semestral,13.42056317721707,0.8516717984283001,7,valida
50083960,2025-08-01,2026-01-31,semestral,13.42056317721707,0.8516717984283001,7,valida
50083960,2025-09-01,2026-02-28,semestral,5.9608607299762655,0.2547957019120016,5,valida
50083960,2025-10-01,2026-03-31,semestral,1.4830386641273345,0.016302066529930048,6,valida
50083960,2025-11-01,2026-04-30,semestral,-0.08497185213937607,3.417576081354845e-05,6,valida
50083961,2024-01-01,2024-01-31,mensual,,,2,n<3
50083961,2024-02-01,2024-02-29,mensual,,,1,n<3
50083961,2024-03-01,2024-03-31,mensual,,,0,n<3
50083961,2024-04-01,2024-04-30,mensual,,,1,n<3
50083961,2024-05-01,2024-05-31,mensual,,,0,n<3
50083961,2024-06-01,2024-06-30,mensual,,,0,n<3
50083961,2024-07-01,2024-07-31,mensual,,,3,precio constante
50083961,2024-08-01,2024-08-31,mensual,,,1,n<3
50083961,2024-09-01,2024-09-30,mensual,,,0,n<3
50083961,2024-10-01,2024-10-31,mensual,,,0,n<3
50083961,2024-11-01,2024-11-30,mensual,,,1,n<3
50083961,2024-12-01,2024-12-31,mensual,,,1,n<3
50083961,2025-01-01,2025-01-31,mensual,,,0,n<3
50083961,2025-02-01,2025-02-28,mensual,,,0,n<3
50083961,2025-03-01,2025-03-31,mensual,,,2,n<3
50083961,2025-04-01,2025-04-30,mensual,,,0,n<3
50083961,2025-05-01,2025-05-31,mensual,,,0,n<3
50083961,2025-06-01,2025-06-30,mensual,,,0,n<3
50083961,2025-07-01,2025-07-31,mensual,,,0,n<3
50083961,2025-08-01,2025-08-31,mensual,,,0,n<3
50083961,2025-09-01,2025-09-30,mensual,,,0,n<3
50083961,2025-10-01,2025-10-31,mensual,,,0,n<3
50083961,2025-11-01,2025-11-30,mensual,,,0,n<3
50083961,2025-12-01,2025-12-31,mensual,,,2,n<3
50083961,2026-01-01,2026-01-31,mensual,,,0,n<3
50083961,2026-02-01,2026-02-28,mensual,,,1,n<3
50083961,2024-01-01,2024-03-31,trimestral,,,3,precio constante
50083961,2024-02-01,2024-04-30,trimestral,,,2,n<3
50083961,2024-03-01,2024-05-31,trimestral,,,1,n<3
50083961,2024-04-01,2024-06-30,trimestral,,,1,n<3
50083961,2024-05-01,2024-07-31,trimestral,,,3,precio constante
50083961,2024-06-01,2024-08-31,trimestral,,,4,precio constante
50083961,2024-07-01,2024-09-30,trimestral,,,4,precio constante
50083961,2024-08-01,2024-10-31,trimestral,,,1,n<3
50083961,2024-09-01,2024-11-30,trimestral,,,1,n<3
50083961,2024-10-01,2024-12-31,trimestral,,,2,n<3
50083961,2024-11-01,2025-01-31,trimestral,,,2,n<3
50083961,2024-12-01,2025-02-28,trimestral,,,1,n<3
50083961,2025-01-01,2025-03-31,trimestral,,,2,n<3
50083961,2025-02-01,2025-04-30,trimestral,,,2,n<3
50083961,2025-03-01,2025-05-31,trimestral,,,2,n<3
50083961,2025-04-01,2025-06-30,trimestral,,,0,n<3
50083961,2025-05-01,2025-07-31,trimestral,,,0,n<3
50083961,2025-06-01,2025-08-31,trimestral,,,0,n<3
50083961,2025-07-01,2025-09-30,trimestral,,,0,n<3
50083961,2025-08-01,2025-10-31,trimestral,,,0,n<3
50083961,2025-09-01,2025-11-30,trimestral,,,0,n<3
50083961,2025-10-01,2025-12-31,trimestral,,,2,n<3
50083961,2025-11-01,2026-01-31,trimestral,,,2,n<3
50083961,2025-12-01,2026-02-28,trimestral,,,3,precio constante
50083961,2024-01-01,2024-06-30,semestral,,,4,precio constante
50083961,2024-02-01,2024-07-31,semestral,,,5,precio constante
50083961,2024-03-01,2024-08-31,semestral,,,5,precio constante
50083961,2024-04-01,2024-09-30,semestral,,,5,precio constante
50083961,2024-05-01,2024-10-31,semestral,,,4,precio constante
50083961,2024-06-01,2024-11-30,semestral,,,5,precio constante
50083961,2024-07-01,2024-12-31,semestral,,,6,precio constante
50083961,2024-08-01,2025-01-31,semestral,,,3,precio constante
50083961,2024-09-01,2025-02-28,semestral,,,2,n<3
50083961,2024-10-01,2025-03-31,semestral,-7.568132477173761,0.1892051770914306,4,valida
50083961,2024-11-01,2025-04-30,semestral,-7.568132477173761,0.1892051770914306,4,valida
50083961,2024-12-01,2025-05-31,semestral,-6.167172263352853,0.18108200205516878,3,valida
50083961,2025-01-01,2025-06-30,semestral,,,2,n<3
50083961,2025-02-01,2025-07-31,semestral,,,2,n<3
50083961,2025-03-01,2025-08-31,semestral,,,2,n<3
50083961,2025-04-01,2025-09-30,semestral,,,0,n<3
50083961,2025-05-01,2025-10-31,semestral,,,0,n<3
50083961,2025-06-01,2025-11-30,semestral,,,0,n<3
50083961,2025-07-01,2025-12-31,semestral,,,2,n<3
50083961,2025-08-01,2026-01-31,semestral,,,2,n<3
50083961,2025-09-01,2026-02-28,semestral,,,3,precio constante
50084460,2024-06-01,2024-06-30,mensual,,,1,n<3
50084460,2024-07-01,2024-07-31,mensual,,,0,n<3
50084460,2024-08-01,2024-08-31,mensual,,,0,n<3
50084460,2024-09-01,2024-09-30,mensual,,,1,n<3
50084460,2024-10-01,2024-10-31,mensual,,,0,n<3
50084460,2024-11-01,2024-11-30,mensual,,,0,n<3
50084460,2024-12-01,2024-12-31,mensual,,,0,n<3
50084460,2025-01-01,2025-01-31,mensual,,,2,n<3
50084460,2025-02-01,2025-02-28,mensual,,,0,n<3
50084460,2025-03-01,2025-03-31,mensual,,,0,n<3
50084460,2025-04-01,2025-04-30,mensual,,,0,n<3
50084460,2025-05-01,2025-05-31,mensual,,,0,n<3
50084460,2025-06-01,2025-06-30,mensual,,,0,n<3
50084460,2025-07-01,2025-07-31,mensual,,,1,n<3
50084460,2025-08-01,2025-08-31,mensual,,,0,n<3
50084460,2025-09-01,2025-09-30,mensual,,,1,n<3
50084460,2024-06-01,2024-08-31,trimestral,,,1,n<3
50084460,2024-07-01,2024-09-30,trimestral,,,1,n<3
50084460,2024-08-01,2024-10-31,trimestral,,,1,n<3
50084460,2024-09-01,2024-11-30,trimestral,,,1,n<3
50084460,2024-10-01,2024-12-31,trimestral,,,0,n<3
50084460,2024-11-01,2025-01-31,trimestral,,,2,n<3
50084460,2024-12-01,2025-02-28,trimestral,,,2,n<3
50084460,2025-01-01,2025-03-31,trimestral,,,2,n<3
50084460,2025-02-01,2025-04-30,trimestral,,,0,n<3
50084460,2025-03-01,2025-05-31,trimestral,,,0,n<3
50084460,2025-04-01,2025-06-30,trimestral,,,0,n<3
50084460,2025-05-01,2025-07-31,trimestral,,,1,n<3
50084460,2025-06-01,2025-08-31,trimestral,,,1,n<3
50084460,2025-07-01,2025-09-30,trimestral,,,2,n<3
50084460,2024-06-01,2024-11-30,semestral,,,2,n<3
50084460,2024-07-01,2024-12-31,semestral,,,1,n<3
50084460,2024-08-01,2025-01-31,semestral,,,3,precio constante
50084460,2024-09-01,2025-02-28,semestral,,,3,precio constante
50084460,2024-10-01,2025-03-31,semestral,,,2,n<3
50084460,2024-11-01,2025-04-30,semestral,,,2,n<3
50084460,2024-12-01,2025-05-31,semestral,,,2,n<3
50084460,2025-01-01,2025-06-30,semestral,,,2,n<3
50084460,2025-02-01,2025-07-31,semestral,,,1,n<3
50084460,2025-03-01,2025-08-31,semestral,,,1,n<3
50084460,2025-04-01,2025-09-30,semestral,,,2,n<3
50084468,2024-08-01,2024-08-31,mensual,,,2,n<3
50084468,2024-09-01,2024-09-30,mensual,,,1,n<3
50084471,2024-08-01,2024-08-31,mensual,,,2,n<3
50084471,2024-09-01,2024-09-30,mensual,,,0,n<3
50084471,2024-10-01,2024-10-31,mensual,,,0,n<3
50084471,2024-11-01,2024-11-30,mensual,,,1,n<3
50084471,2024-08-01,2024-10-31,trimestral,,,2,n<3
50084471,2024-09-01,2024-11-30,trimestral,,,1,n<3
50087310,2024-02-01,2024-02-29,mensual,,,1,n<3
50087310,2024-03-01,2024-03-31,mensual,,,1,n<3
50087310,2024-04-01,2024-04-30,mensual,,,0,n<3
50087310,2024-05-01,2024-05-31,mensual,,,2,n<3
50087310,2024-06-01,2024-06-30,mensual,,,0,n<3
50087310,2024-07-01,2024-07-31,mensual,,,0,n<3
50087310,2024-08-01,2024-08-31,mensual,,,0,n<3
50087310,2024-09-01,2024-09-30,mensual,,,0,n<3
50087310,2024-10-01,2024-10-31,mensual,,,0,n<3
50087310,2024-11-01,2024-11-30,mensual,,,0,n<3
50087310,2024-12-01,2024-12-31,mensual,,,0,n<3
50087310,2025-01-01,2025-01-31,mensual,,,0,n<3
50087310,2025-02-01,2025-02-28,mensual,,,0,n<3
50087310,2025-03-01,2025-03-31,mensual,,,0,n<3
50087310,2025-04-01,2025-04-30,mensual,,,0,n<3
50087310,2025-05-01,2025-05-31,mensual,,,0,n<3
50087310,2025-06-01,2025-06-30,mensual,,,0,n<3
50087310,2025-07-01,2025-07-31,mensual,,,1,n<3
50087310,2024-02-01,2024-04-30,trimestral,,,2,n<3
50087310,2024-03-01,2024-05-31,trimestral,,,3,qty constante
50087310,2024-04-01,2024-06-30,trimestral,,,2,n<3
50087310,2024-05-01,2024-07-31,trimestral,,,2,n<3
50087310,2024-06-01,2024-08-31,trimestral,,,0,n<3
50087310,2024-07-01,2024-09-30,trimestral,,,0,n<3
50087310,2024-08-01,2024-10-31,trimestral,,,0,n<3
50087310,2024-09-01,2024-11-30,trimestral,,,0,n<3
50087310,2024-10-01,2024-12-31,trimestral,,,0,n<3
50087310,2024-11-01,2025-01-31,trimestral,,,0,n<3
50087310,2024-12-01,2025-02-28,trimestral,,,0,n<3
50087310,2025-01-01,2025-03-31,trimestral,,,0,n<3
50087310,2025-02-01,2025-04-30,trimestral,,,0,n<3
50087310,2025-03-01,2025-05-31,trimestral,,,0,n<3
50087310,2025-04-01,2025-06-30,trimestral,,,0,n<3
50087310,2025-05-01,2025-07-31,trimestral,,,1,n<3
50087310,2024-02-01,2024-07-31,semestral,,,4,qty constante
50087310,2024-03-01,2024-08-31,semestral,,,3,qty constante
50087310,2024-04-01,2024-09-30,semestral,,,2,n<3
50087310,2024-05-01,2024-10-31,semestral,,,2,n<3
50087310,2024-06-01,2024-11-30,semestral,,,0,n<3
50087310,2024-07-01,2024-12-31,semestral,,,0,n<3
50087310,2024-08-01,2025-01-31,semestral,,,0,n<3
50087310,2024-09-01,2025-02-28,semestral,,,0,n<3
50087310,2024-10-01,2025-03-31,semestral,,,0,n<3
50087310,2024-11-01,2025-04-30,semestral,,,0,n<3
50087310,2024-12-01,2025-05-31,semestral,,,0,n<3
50087310,2025-01-01,2025-06-30,semestral,,,0,n<3
50087310,2025-02-01,2025-07-31,semestral,,,1,n<3
50087312,2025-02-01,2025-02-28,mensual,,,3,precio constante
50088457,2024-08-01,2024-08-31,mensual,,,1,n<3
50088457,2024-09-01,2024-09-30,mensual,,,0,n<3
50088457,2024-10-01,2024-10-31,mensual,,,2,n<3
50088457,2024-08-01,2024-10-31,trimestral,,,3,precio constante
50090479,2024-08-01,2024-08-31,mensual,,,2,n<3
50090479,2024-09-01,2024-09-30,mensual,,,0,n<3
50090479,2024-10-01,2024-10-31,mensual,,,1,n<3
50090479,2024-11-01,2024-11-30,mensual,,,0,n<3
50090479,2024-12-01,2024-12-31,mensual,,,1,n<3
50090479,2025-01-01,2025-01-31,mensual,,,2,n<3
50090479,2025-02-01,2025-02-28,mensual,,,1,n<3
50090479,2025-03-01,2025-03-31,mensual,,,0,n<3
50090479,2025-04-01,2025-04-30,mensual,,,1,n<3
50090479,2025-05-01,2025-05-31,mensual,,,0,n<3
50090479,2025-06-01,2025-06-30,mensual,,,0,n<3
50090479,2025-07-01,2025-07-31,mensual,,,1,n<3
50090479,2025-08-01,2025-08-31,mensual,,,4,qty constante
50090479,2025-09-01,2025-09-30,mensual,,,0,n<3
50090479,2025-10-01,2025-10-31,mensual,,,0,n<3
50090479,2025-11-01,2025-11-30,mensual,,,0,n<3
50090479,2025-12-01,2025-12-31,mensual,,,0,n<3
50090479,2026-01-01,2026-01-31,mensual,,,1,n<3
50090479,2026-02-01,2026-02-28,mensual,,,0,n<3
50090479,2026-03-01,2026-03-31,mensual,,,1,n<3
50090479,2024-08-01,2024-10-31,trimestral,,,3,precio constante
50090479,2024-09-01,2024-11-30,trimestral,,,1,n<3
50090479,2024-10-01,2024-12-31,trimestral,,,2,n<3
50090479,2024-11-01,2025-01-31,trimestral,-5.682528017825712,0.2500000000000001,3,valida
50090479,2024-12-01,2025-02-28,trimestral,-5.682528017825669,0.33333333333333326,4,valida
50090479,2025-01-01,2025-03-31,trimestral,-11.3650560356508,1.0,3,valida
50090479,2025-02-01,2025-04-30,trimestral,,,2,n<3
50090479,2025-03-01,2025-05-31,trimestral,,,1,n<3
50090479,2025-04-01,2025-06-30,trimestral,,,1,n<3
50090479,2025-05-01,2025-07-31,trimestral,,,1,n<3
50090479,2025-06-01,2025-08-31,trimestral,,,5,qty constante
50090479,2025-07-01,2025-09-30,trimestral,,,5,qty constante
50090479,2025-08-01,2025-10-31,trimestral,,,4,qty constante
50090479,2025-09-01,2025-11-30,trimestral,,,0,n<3
50090479,2025-10-01,2025-12-31,trimestral,,,0,n<3
50090479,2025-11-01,2026-01-31,trimestral,,,1,n<3
50090479,2025-12-01,2026-02-28,trimestral,,,1,n<3
50090479,2026-01-01,2026-03-31,trimestral,,,2,n<3
50090479,2024-08-01,2025-01-31,semestral,-2.2730112071301667,0.04000000000000015,6,valida
50090479,2024-09-01,2025-02-28,semestral,-3.7883520118834086,0.16666666666666663,5,valida
50090479,2024-10-01,2025-03-31,semestral,-3.7883520118834086,0.16666666666666663,5,valida
50090479,2024-11-01,2025-04-30,semestral,-5.682528017825339,0.375,5,valida
50090479,2024-12-01,2025-05-31,semestral,-5.682528017825339,0.375,5,valida
50090479,2025-01-01,2025-06-30,semestral,-11.365056035650882,1.0,4,valida
50090479,2025-02-01,2025-07-31,semestral,,,3,qty constante
50090479,2025-03-01,2025-08-31,semestral,,,6,qty constante
50090479,2025-04-01,2025-09-30,semestral,,,6,qty constante
50090479,2025-05-01,2025-10-31,semestral,,,5,qty constante
50090479,2025-06-01,2025-11-30,semestral,,,5,qty constante
50090479,2025-07-01,2025-12-31,semestral,,,5,qty constante
50090479,2025-08-01,2026-01-31,semestral,,,5,qty constante
50090479,2025-09-01,2026-02-28,semestral,,,1,n<3
50090479,2025-10-01,2026-03-31,semestral,,,2,n<3
50093757,2024-02-01,2024-02-29,mensual,,,1,n<3
50093757,2024-03-01,2024-03-31,mensual,,,0,n<3
50093757,2024-04-01,2024-04-30,mensual,,,0,n<3
50093757,2024-05-01,2024-05-31,mensual,,,0,n<3
50093757,2024-06-01,2024-06-30,mensual,,,1,n<3
50093757,2024-07-01,2024-07-31,mensual,,,0,n<3
50093757,2024-08-01,2024-08-31,mensual,,,0,n<3
50093757,2024-09-01,2024-09-30,mensual,,,0,n<3
50093757,2024-10-01,2024-10-31,mensual,,,0,n<3
50093757,2024-11-01,2024-11-30,mensual,,,0,n<3
50093757,2024-12-01,2024-12-31,mensual,,,0,n<3
50093757,2025-01-01,2025-01-31,mensual,,,0,n<3
50093757,2025-02-01,2025-02-28,mensual,,,0,n<3
50093757,2025-03-01,2025-03-31,mensual,,,0,n<3
50093757,2025-04-01,2025-04-30,mensual,,,0,n<3
50093757,2025-05-01,2025-05-31,mensual,,,0,n<3
50093757,2025-06-01,2025-06-30,mensual,,,2,n<3
50093757,2025-07-01,2025-07-31,mensual,,,0,n<3
50093757,2025-08-01,2025-08-31,mensual,,,0,n<3
50093757,2025-09-01,2025-09-30,mensual,,,1,n<3
50093757,2025-10-01,2025-10-31,mensual,,,0,n<3
50093757,2025-11-01,2025-11-30,mensual,,,0,n<3
50093757,2025-12-01,2025-12-31,mensual,,,1,n<3
50093757,2026-01-01,2026-01-31,mensual,,,0,n<3
50093757,2026-02-01,2026-02-28,mensual,,,0,n<3
50093757,2026-03-01,2026-03-31,mensual,,,0,n<3
50093757,2026-04-01,2026-04-30,mensual,,,1,n<3
50093757,2024-02-01,2024-04-30,trimestral,,,1,n<3
50093757,2024-03-01,2024-05-31,trimestral,,,0,n<3
50093757,2024-04-01,2024-06-30,trimestral,,,1,n<3
50093757,2024-05-01,2024-07-31,trimestral,,,1,n<3
50093757,2024-06-01,2024-08-31,trimestral,,,1,n<3
50093757,2024-07-01,2024-09-30,trimestral,,,0,n<3
50093757,2024-08-01,2024-10-31,trimestral,,,0,n<3
50093757,2024-09-01,2024-11-30,trimestral,,,0,n<3
50093757,2024-10-01,2024-12-31,trimestral,,,0,n<3
50093757,2024-11-01,2025-01-31,trimestral,,,0,n<3
50093757,2024-12-01,2025-02-28,trimestral,,,0,n<3
50093757,2025-01-01,2025-03-31,trimestral,,,0,n<3
50093757,2025-02-01,2025-04-30,trimestral,,,0,n<3
50093757,2025-03-01,2025-05-31,trimestral,,,0,n<3
50093757,2025-04-01,2025-06-30,trimestral,,,2,n<3
50093757,2025-05-01,2025-07-31,trimestral,,,2,n<3
50093757,2025-06-01,2025-08-31,trimestral,,,2,n<3
50093757,2025-07-01,2025-09-30,trimestral,,,1,n<3
50093757,2025-08-01,2025-10-31,trimestral,,,1,n<3
50093757,2025-09-01,2025-11-30,trimestral,,,1,n<3
50093757,2025-10-01,2025-12-31,trimestral,,,1,n<3
50093757,2025-11-01,2026-01-31,trimestral,,,1,n<3
50093757,2025-12-01,2026-02-28,trimestral,,,1,n<3
50093757,2026-01-01,2026-03-31,trimestral,,,0,n<3
50093757,2026-02-01,2026-04-30,trimestral,,,1,n<3
50093757,2024-02-01,2024-07-31,semestral,,,2,n<3
50093757,2024-03-01,2024-08-31,semestral,,,1,n<3
50093757,2024-04-01,2024-09-30,semestral,,,1,n<3
50093757,2024-05-01,2024-10-31,semestral,,,1,n<3
50093757,2024-06-01,2024-11-30,semestral,,,1,n<3
50093757,2024-07-01,2024-12-31,semestral,,,0,n<3
50093757,2024-08-01,2025-01-31,semestral,,,0,n<3
50093757,2024-09-01,2025-02-28,semestral,,,0,n<3
50093757,2024-10-01,2025-03-31,semestral,,,0,n<3
50093757,2024-11-01,2025-04-30,semestral,,,0,n<3
50093757,2024-12-01,2025-05-31,semestral,,,0,n<3
50093757,2025-01-01,2025-06-30,semestral,,,2,n<3
50093757,2025-02-01,2025-07-31,semestral,,,2,n<3
50093757,2025-03-01,2025-08-31,semestral,,,2,n<3
50093757,2025-04-01,2025-09-30,semestral,,,3,precio constante
50093757,2025-05-01,2025-10-31,semestral,,,3,precio constante
50093757,2025-06-01,2025-11-30,semestral,,,3,precio constante
50093757,2025-07-01,2025-12-31,semestral,,,2,n<3
50093757,2025-08-01,2026-01-31,semestral,,,2,n<3
50093757,2025-09-01,2026-02-28,semestral,,,2,n<3
50093757,2025-10-01,2026-03-31,semestral,,,1,n<3
50093757,2025-11-01,2026-04-30,semestral,,,2,n<3
50093758,2024-03-01,2024-03-31,mensual,,,1,n<3
50093758,2024-04-01,2024-04-30,mensual,,,0,n<3
50093758,2024-05-01,2024-05-31,mensual,,,0,n<3
50093758,2024-06-01,2024-06-30,mensual,,,0,n<3
50093758,2024-07-01,2024-07-31,mensual,,,0,n<3
50093758,2024-08-01,2024-08-31,mensual,,,0,n<3
50093758,2024-09-01,2024-09-30,mensual,,,1,n<3
50093758,2024-10-01,2024-10-31,mensual,,,0,n<3
50093758,2024-11-01,2024-11-30,mensual,,,0,n<3
50093758,2024-12-01,2024-12-31,mensual,,,0,n<3
50093758,2025-01-01,2025-01-31,mensual,,,0,n<3
50093758,2025-02-01,2025-02-28,mensual,,,1,n<3
50093758,2025-03-01,2025-03-31,mensual,,,0,n<3
50093758,2025-04-01,2025-04-30,mensual,,,1,n<3
50093758,2025-05-01,2025-05-31,mensual,,,0,n<3
50093758,2025-06-01,2025-06-30,mensual,,,0,n<3
50093758,2025-07-01,2025-07-31,mensual,,,0,n<3
50093758,2025-08-01,2025-08-31,mensual,,,0,n<3
50093758,2025-09-01,2025-09-30,mensual,,,2,n<3
50093758,2025-10-01,2025-10-31,mensual,,,1,n<3
50093758,2025-11-01,2025-11-30,mensual,,,0,n<3
50093758,2025-12-01,2025-12-31,mensual,,,0,n<3
50093758,2026-01-01,2026-01-31,mensual,,,0,n<3
50093758,2026-02-01,2026-02-28,mensual,,,2,n<3
50093758,2026-03-01,2026-03-31,mensual,,,0,n<3
50093758,2026-04-01,2026-04-30,mensual,,,1,n<3
50093758,2024-03-01,2024-05-31,trimestral,,,1,n<3
50093758,2024-04-01,2024-06-30,trimestral,,,0,n<3
50093758,2024-05-01,2024-07-31,trimestral,,,0,n<3
50093758,2024-06-01,2024-08-31,trimestral,,,0,n<3
50093758,2024-07-01,2024-09-30,trimestral,,,1,n<3
50093758,2024-08-01,2024-10-31,trimestral,,,1,n<3
50093758,2024-09-01,2024-11-30,trimestral,,,1,n<3
50093758,2024-10-01,2024-12-31,trimestral,,,0,n<3
50093758,2024-11-01,2025-01-31,trimestral,,,0,n<3
50093758,2024-12-01,2025-02-28,trimestral,,,1,n<3
50093758,2025-01-01,2025-03-31,trimestral,,,1,n<3
50093758,2025-02-01,2025-04-30,trimestral,,,2,n<3
50093758,2025-03-01,2025-05-31,trimestral,,,1,n<3
50093758,2025-04-01,2025-06-30,trimestral,,,1,n<3
50093758,2025-05-01,2025-07-31,trimestral,,,0,n<3
50093758,2025-06-01,2025-08-31,trimestral,,,0,n<3
50093758,2025-07-01,2025-09-30,trimestral,,,2,n<3
50093758,2025-08-01,2025-10-31,trimestral,,,3,precio constante
50093758,2025-09-01,2025-11-30,trimestral,,,3,precio constante
50093758,2025-10-01,2025-12-31,trimestral,,,1,n<3
50093758,2025-11-01,2026-01-31,trimestral,,,0,n<3
50093758,2025-12-01,2026-02-28,trimestral,,,2,n<3
50093758,2026-01-01,2026-03-31,trimestral,,,2,n<3
50093758,2026-02-01,2026-04-30,trimestral,8.154339169712902,1.0,3,valida
50093758,2024-03-01,2024-08-31,semestral,,,1,n<3
50093758,2024-04-01,2024-09-30,semestral,,,1,n<3
50093758,2024-05-01,2024-10-31,semestral,,,1,n<3
50093758,2024-06-01,2024-11-30,semestral,,,1,n<3
50093758,2024-07-01,2024-12-31,semestral,,,1,n<3
50093758,2024-08-01,2025-01-31,semestral,,,1,n<3
50093758,2024-09-01,2025-02-28,semestral,,,2,n<3
50093758,2024-10-01,2025-03-31,semestral,,,1,n<3
50093758,2024-11-01,2025-04-30,semestral,,,2,n<3
50093758,2024-12-01,2025-05-31,semestral,,,2,n<3
50093758,2025-01-01,2025-06-30,semestral,,,2,n<3
50093758,2025-02-01,2025-07-31,semestral,,,2,n<3
50093758,2025-03-01,2025-08-31,semestral,,,1,n<3
50093758,2025-04-01,2025-09-30,semestral,,,3,precio constante
50093758,2025-05-01,2025-10-31,semestral,,,3,precio constante
50093758,2025-06-01,2025-11-30,semestral,,,3,precio constante
50093758,2025-07-01,2025-12-31,semestral,,,3,precio constante
50093758,2025-08-01,2026-01-31,semestral,,,3,precio constante
50093758,2025-09-01,2026-02-28,semestral,,,5,precio constante
50093758,2025-10-01,2026-03-31,semestral,,,3,precio constante
50093758,2025-11-01,2026-04-30,semestral,8.154339169712902,1.0,3,valida
50095268,2024-01-01,2024-01-31,mensual,,,2,n<3
50095268,2024-02-01,2024-02-29,mensual,,,0,n<3
50095268,2024-03-01,2024-03-31,mensual,,,1,n<3
50095268,2024-04-01,2024-04-30,mensual,,,1,n<3
50095268,2024-05-01,2024-05-31,mensual,,,0,n<3
50095268,2024-06-01,2024-06-30,mensual,,,1,n<3
50095268,2024-07-01,2024-07-31,mensual,,,2,n<3
50095268,2024-08-01,2024-08-31,mensual,,,5,qty constante
50095268,2024-09-01,2024-09-30,mensual,,,3,precio constante
50095268,2024-10-01,2024-10-31,mensual,,,1,n<3
50095268,2024-11-01,2024-11-30,mensual,,,2,n<3
50095268,2024-12-01,2024-12-31,mensual,,,4,qty constante
50095268,2025-01-01,2025-01-31,mensual,-1.406489264366231,0.029765916013109406,8,valida
50095268,2024-01-01,2024-03-31,trimestral,,,3,precio constante
50095268,2024-02-01,2024-04-30,trimestral,,,2,n<3
50095268,2024-03-01,2024-05-31,trimestral,,,2,n<3
50095268,2024-04-01,2024-06-30,trimestral,,,2,n<3
50095268,2024-05-01,2024-07-31,trimestral,20.97314888085561,1.0,3,valida
50095268,2024-06-01,2024-08-31,trimestral,1.1038459489469223,0.04640933541088077,8,valida
50095268,2024-07-01,2024-09-30,trimestral,0.6887251785474154,0.018868705675019415,10,valida
50095268,2024-08-01,2024-10-31,trimestral,,,9,qty constante
50095268,2024-09-01,2024-11-30,trimestral,,,6,precio constante
50095268,2024-10-01,2024-12-31,trimestral,,,7,qty constante
50095268,2024-11-01,2025-01-31,trimestral,0.005904269588365471,2.8191352638984313e-06,14,valida
50095268,2024-01-01,2024-06-30,semestral,,,5,precio constante
50095268,2024-02-01,2024-07-31,semestral,20.97314888085568,1.0,5,valida
50095268,2024-03-01,2024-08-31,semestral,1.1625892623815361,0.05033535905808417,10,valida
50095268,2024-04-01,2024-09-30,semestral,0.7767394736589166,0.024144532058356316,12,valida
50095268,2024-05-01,2024-10-31,semestral,0.6637682874248978,0.017754661492194068,12,valida
50095268,2024-06-01,2024-11-30,semestral,0.553411604049398,0.012523920783390263,14,valida
50095268,2024-07-01,2024-12-31,semestral,0.27680524540669316,0.024505691672592866,17,valida
50095268,2024-08-01,2025-01-31,semestral,-0.5129336953571708,0.03723766827538022,23,valida
50097477,2024-01-01,2024-01-31,mensual,,,1,n<3
50097477,2024-02-01,2024-02-29,mensual,,,0,n<3
50097477,2024-03-01,2024-03-31,mensual,,,0,n<3
50097477,2024-04-01,2024-04-30,mensual,,,0,n<3
50097477,2024-05-01,2024-05-31,mensual,,,1,n<3
50097477,2024-06-01,2024-06-30,mensual,,,0,n<3
50097477,2024-07-01,2024-07-31,mensual,,,1,n<3
50097477,2024-08-01,2024-08-31,mensual,,,1,n<3
50097477,2024-09-01,2024-09-30,mensual,,,0,n<3
50097477,2024-10-01,2024-10-31,mensual,,,0,n<3
50097477,2024-11-01,2024-11-30,mensual,,,0,n<3
50097477,2024-12-01,2024-12-31,mensual,,,0,n<3
50097477,2025-01-01,2025-01-31,mensual,,,0,n<3
50097477,2025-02-01,2025-02-28,mensual,,,0,n<3
50097477,2025-03-01,2025-03-31,mensual,,,0,n<3
50097477,2025-04-01,2025-04-30,mensual,,,0,n<3
50097477,2025-05-01,2025-05-31,mensual,,,0,n<3
50097477,2025-06-01,2025-06-30,mensual,,,0,n<3
50097477,2025-07-01,2025-07-31,mensual,,,0,n<3
50097477,2025-08-01,2025-08-31,mensual,,,0,n<3
50097477,2025-09-01,2025-09-30,mensual,,,0,n<3
50097477,2025-10-01,2025-10-31,mensual,,,0,n<3
50097477,2025-11-01,2025-11-30,mensual,,,0,n<3
50097477,2025-12-01,2025-12-31,mensual,,,0,n<3
50097477,2026-01-01,2026-01-31,mensual,,,1,n<3
50097477,2024-01-01,2024-03-31,trimestral,,,1,n<3
50097477,2024-02-01,2024-04-30,trimestral,,,0,n<3
50097477,2024-03-01,2024-05-31,trimestral,,,1,n<3
50097477,2024-04-01,2024-06-30,trimestral,,,1,n<3
50097477,2024-05-01,2024-07-31,trimestral,,,2,n<3
50097477,2024-06-01,2024-08-31,trimestral,,,2,n<3
50097477,2024-07-01,2024-09-30,trimestral,,,2,n<3
50097477,2024-08-01,2024-10-31,trimestral,,,1,n<3
50097477,2024-09-01,2024-11-30,trimestral,,,0,n<3
50097477,2024-10-01,2024-12-31,trimestral,,,0,n<3
50097477,2024-11-01,2025-01-31,trimestral,,,0,n<3
50097477,2024-12-01,2025-02-28,trimestral,,,0,n<3
50097477,2025-01-01,2025-03-31,trimestral,,,0,n<3
50097477,2025-02-01,2025-04-30,trimestral,,,0,n<3
50097477,2025-03-01,2025-05-31,trimestral,,,0,n<3
50097477,2025-04-01,2025-06-30,trimestral,,,0,n<3
50097477,2025-05-01,2025-07-31,trimestral,,,0,n<3
50097477,2025-06-01,2025-08-31,trimestral,,,0,n<3
50097477,2025-07-01,2025-09-30,trimestral,,,0,n<3
50097477,2025-08-01,2025-10-31,trimestral,,,0,n<3
50097477,2025-09-01,2025-11-30,trimestral,,,0,n<3
50097477,2025-10-01,2025-12-31,trimestral,,,0,n<3
50097477,2025-11-01,2026-01-31,trimestral,,,1,n<3
50097477,2024-01-01,2024-06-30,semestral,,,2,n<3
50097477,2024-02-01,2024-07-31,semestral,,,2,n<3
50097477,2024-03-01,2024-08-31,semestral,,,3,precio constante
50097477,2024-04-01,2024-09-30,semestral,,,3,precio constante
50097477,2024-05-01,2024-10-31,semestral,,,3,precio constante
50097477,2024-06-01,2024-11-30,semestral,,,2,n<3
50097477,2024-07-01,2024-12-31,semestral,,,2,n<3
50097477,2024-08-01,2025-01-31,semestral,,,1,n<3
50097477,2024-09-01,2025-02-28,semestral,,,0,n<3
50097477,2024-10-01,2025-03-31,semestral,,,0,n<3
50097477,2024-11-01,2025-04-30,semestral,,,0,n<3
50097477,2024-12-01,2025-05-31,semestral,,,0,n<3
50097477,2025-01-01,2025-06-30,semestral,,,0,n<3
50097477,2025-02-01,2025-07-31,semestral,,,0,n<3
50097477,2025-03-01,2025-08-31,semestral,,,0,n<3
50097477,2025-04-01,2025-09-30,semestral,,,0,n<3
50097477,2025-05-01,2025-10-31,semestral,,,0,n<3
50097477,2025-06-01,2025-11-30,semestral,,,0,n<3
50097477,2025-07-01,2025-12-31,semestral,,,0,n<3
50097477,2025-08-01,2026-01-31,semestral,,,1,n<3
50100598,2024-06-01,2024-06-30,mensual,,,1,n<3
50100598,2024-07-01,2024-07-31,mensual,,,0,n<3
50100598,2024-08-01,2024-08-31,mensual,,,0,n<3
50100598,2024-09-01,2024-09-30,mensual,,,0,n<3
50100598,2024-10-01,2024-10-31,mensual,,,1,n<3
50100598,2024-11-01,2024-11-30,mensual,,,0,n<3
50100598,2024-12-01,2024-12-31,mensual,,,0,n<3
50100598,2025-01-01,2025-01-31,mensual,,,0,n<3
50100598,2025-02-01,2025-02-28,mensual,,,0,n<3
50100598,2025-03-01,2025-03-31,mensual,,,2,n<3
50100598,2024-06-01,2024-08-31,trimestral,,,1,n<3
50100598,2024-07-01,2024-09-30,trimestral,,,0,n<3
50100598,2024-08-01,2024-10-31,trimestral,,,1,n<3
50100598,2024-09-01,2024-11-30,trimestral,,,1,n<3
50100598,2024-10-01,2024-12-31,trimestral,,,1,n<3
50100598,2024-11-01,2025-01-31,trimestral,,,0,n<3
50100598,2024-12-01,2025-02-28,trimestral,,,0,n<3
50100598,2025-01-01,2025-03-31,trimestral,,,2,n<3
50100598,2024-06-01,2024-11-30,semestral,,,2,n<3
50100598,2024-07-01,2024-12-31,semestral,,,1,n<3
50100598,2024-08-01,2025-01-31,semestral,,,1,n<3
50100598,2024-09-01,2025-02-28,semestral,,,1,n<3
50100598,2024-10-01,2025-03-31,semestral,,,3,precio constante
50100599,2025-05-01,2025-05-31,mensual,,,1,n<3
50100599,2025-06-01,2025-06-30,mensual,,,0,n<3
50100599,2025-07-01,2025-07-31,mensual,,,0,n<3
50100599,2025-08-01,2025-08-31,mensual,,,1,n<3
50100599,2025-09-01,2025-09-30,mensual,,,1,n<3
50100599,2025-05-01,2025-07-31,trimestral,,,1,n<3
50100599,2025-06-01,2025-08-31,trimestral,,,1,n<3
50100599,2025-07-01,2025-09-30,trimestral,,,2,n<3
50101950,2024-02-01,2024-02-29,mensual,,,1,n<3
50101950,2024-03-01,2024-03-31,mensual,,,0,n<3
50101950,2024-04-01,2024-04-30,mensual,,,1,n<3
50101950,2024-05-01,2024-05-31,mensual,,,0,n<3
50101950,2024-06-01,2024-06-30,mensual,,,0,n<3
50101950,2024-07-01,2024-07-31,mensual,,,0,n<3
50101950,2024-08-01,2024-08-31,mensual,,,0,n<3
50101950,2024-09-01,2024-09-30,mensual,,,1,n<3
50101950,2024-10-01,2024-10-31,mensual,,,1,n<3
50101950,2024-11-01,2024-11-30,mensual,,,0,n<3
50101950,2024-12-01,2024-12-31,mensual,,,0,n<3
50101950,2025-01-01,2025-01-31,mensual,,,0,n<3
50101950,2025-02-01,2025-02-28,mensual,,,1,n<3
50101950,2025-03-01,2025-03-31,mensual,,,0,n<3
50101950,2025-04-01,2025-04-30,mensual,,,1,n<3
50101950,2025-05-01,2025-05-31,mensual,,,0,n<3
50101950,2025-06-01,2025-06-30,mensual,,,0,n<3
50101950,2025-07-01,2025-07-31,mensual,,,0,n<3
50101950,2025-08-01,2025-08-31,mensual,,,0,n<3
50101950,2025-09-01,2025-09-30,mensual,,,0,n<3
50101950,2025-10-01,2025-10-31,mensual,,,0,n<3
50101950,2025-11-01,2025-11-30,mensual,,,1,n<3
50101950,2025-12-01,2025-12-31,mensual,,,0,n<3
50101950,2026-01-01,2026-01-31,mensual,,,0,n<3
50101950,2026-02-01,2026-02-28,mensual,,,1,n<3
50101950,2026-03-01,2026-03-31,mensual,,,0,n<3
50101950,2026-04-01,2026-04-30,mensual,,,1,n<3
50101950,2024-02-01,2024-04-30,trimestral,,,2,n<3
50101950,2024-03-01,2024-05-31,trimestral,,,1,n<3
50101950,2024-04-01,2024-06-30,trimestral,,,1,n<3
50101950,2024-05-01,2024-07-31,trimestral,,,0,n<3
50101950,2024-06-01,2024-08-31,trimestral,,,0,n<3
50101950,2024-07-01,2024-09-30,trimestral,,,1,n<3
50101950,2024-08-01,2024-10-31,trimestral,,,2,n<3
50101950,2024-09-01,2024-11-30,trimestral,,,2,n<3
50101950,2024-10-01,2024-12-31,trimestral,,,1,n<3
50101950,2024-11-01,2025-01-31,trimestral,,,0,n<3
50101950,2024-12-01,2025-02-28,trimestral,,,1,n<3
50101950,2025-01-01,2025-03-31,trimestral,,,1,n<3
50101950,2025-02-01,2025-04-30,trimestral,,,2,n<3
50101950,2025-03-01,2025-05-31,trimestral,,,1,n<3
50101950,2025-04-01,2025-06-30,trimestral,,,1,n<3
50101950,2025-05-01,2025-07-31,trimestral,,,0,n<3
50101950,2025-06-01,2025-08-31,trimestral,,,0,n<3
50101950,2025-07-01,2025-09-30,trimestral,,,0,n<3
50101950,2025-08-01,2025-10-31,trimestral,,,0,n<3
50101950,2025-09-01,2025-11-30,trimestral,,,1,n<3
50101950,2025-10-01,2025-12-31,trimestral,,,1,n<3
50101950,2025-11-01,2026-01-31,trimestral,,,1,n<3
50101950,2025-12-01,2026-02-28,trimestral,,,1,n<3
50101950,2026-01-01,2026-03-31,trimestral,,,1,n<3
50101950,2026-02-01,2026-04-30,trimestral,,,2,n<3
50101950,2024-02-01,2024-07-31,semestral,,,2,n<3
50101950,2024-03-01,2024-08-31,semestral,,,1,n<3
50101950,2024-04-01,2024-09-30,semestral,,,2,n<3
50101950,2024-05-01,2024-10-31,semestral,,,2,n<3
50101950,2024-06-01,2024-11-30,semestral,,,2,n<3
50101950,2024-07-01,2024-12-31,semestral,,,2,n<3
50101950,2024-08-01,2025-01-31,semestral,,,2,n<3
50101950,2024-09-01,2025-02-28,semestral,,,3,qty constante
50101950,2024-10-01,2025-03-31,semestral,,,2,n<3
50101950,2024-11-01,2025-04-30,semestral,,,2,n<3
50101950,2024-12-01,2025-05-31,semestral,,,2,n<3
50101950,2025-01-01,2025-06-30,semestral,,,2,n<3
50101950,2025-02-01,2025-07-31,semestral,,,2,n<3
50101950,2025-03-01,2025-08-31,semestral,,,1,n<3
50101950,2025-04-01,2025-09-30,semestral,,,1,n<3
50101950,2025-05-01,2025-10-31,semestral,,,0,n<3
50101950,2025-06-01,2025-11-30,semestral,,,1,n<3
50101950,2025-07-01,2025-12-31,semestral,,,1,n<3
50101950,2025-08-01,2026-01-31,semestral,,,1,n<3
50101950,2025-09-01,2026-02-28,semestral,,,2,n<3
50101950,2025-10-01,2026-03-31,semestral,,,2,n<3
50101950,2025-11-01,2026-04-30,semestral,8.023946170720972,0.2500000000000001,3,valida
50101951,2025-01-01,2025-01-31,mensual,,,1,n<3
50101953,2024-01-01,2024-01-31,mensual,,,1,n<3
50101953,2024-02-01,2024-02-29,mensual,,,0,n<3
50101953,2024-03-01,2024-03-31,mensual,,,1,n<3
50101953,2024-04-01,2024-04-30,mensual,,,0,n<3
50101953,2024-05-01,2024-05-31,mensual,,,0,n<3
50101953,2024-06-01,2024-06-30,mensual,,,0,n<3
50101953,2024-07-01,2024-07-31,mensual,,,0,n<3
50101953,2024-08-01,2024-08-31,mensual,,,0,n<3
50101953,2024-09-01,2024-09-30,mensual,,,0,n<3
50101953,2024-10-01,2024-10-31,mensual,,,0,n<3
50101953,2024-11-01,2024-11-30,mensual,,,0,n<3
50101953,2024-12-01,2024-12-31,mensual,,,0,n<3
50101953,2025-01-01,2025-01-31,mensual,,,1,n<3
50101953,2025-02-01,2025-02-28,mensual,,,0,n<3
50101953,2025-03-01,2025-03-31,mensual,,,1,n<3
50101953,2025-04-01,2025-04-30,mensual,,,1,n<3
50101953,2025-05-01,2025-05-31,mensual,,,0,n<3
50101953,2025-06-01,2025-06-30,mensual,,,0,n<3
50101953,2025-07-01,2025-07-31,mensual,,,0,n<3
50101953,2025-08-01,2025-08-31,mensual,,,1,n<3
50101953,2025-09-01,2025-09-30,mensual,,,0,n<3
50101953,2025-10-01,2025-10-31,mensual,,,0,n<3
50101953,2025-11-01,2025-11-30,mensual,,,0,n<3
50101953,2025-12-01,2025-12-31,mensual,,,0,n<3
50101953,2026-01-01,2026-01-31,mensual,,,0,n<3
50101953,2026-02-01,2026-02-28,mensual,,,1,n<3
50101953,2024-01-01,2024-03-31,trimestral,,,2,n<3
50101953,2024-02-01,2024-04-30,trimestral,,,1,n<3
50101953,2024-03-01,2024-05-31,trimestral,,,1,n<3
50101953,2024-04-01,2024-06-30,trimestral,,,0,n<3
50101953,2024-05-01,2024-07-31,trimestral,,,0,n<3
50101953,2024-06-01,2024-08-31,trimestral,,,0,n<3
50101953,2024-07-01,2024-09-30,trimestral,,,0,n<3
50101953,2024-08-01,2024-10-31,trimestral,,,0,n<3
50101953,2024-09-01,2024-11-30,trimestral,,,0,n<3
50101953,2024-10-01,2024-12-31,trimestral,,,0,n<3
50101953,2024-11-01,2025-01-31,trimestral,,,1,n<3
50101953,2024-12-01,2025-02-28,trimestral,,,1,n<3
50101953,2025-01-01,2025-03-31,trimestral,,,2,n<3
50101953,2025-02-01,2025-04-30,trimestral,,,2,n<3
50101953,2025-03-01,2025-05-31,trimestral,,,2,n<3
50101953,2025-04-01,2025-06-30,trimestral,,,1,n<3
50101953,2025-05-01,2025-07-31,trimestral,,,0,n<3
50101953,2025-06-01,2025-08-31,trimestral,,,1,n<3
50101953,2025-07-01,2025-09-30,trimestral,,,1,n<3
50101953,2025-08-01,2025-10-31,trimestral,,,1,n<3
50101953,2025-09-01,2025-11-30,trimestral,,,0,n<3
50101953,2025-10-01,2025-12-31,trimestral,,,0,n<3
50101953,2025-11-01,2026-01-31,trimestral,,,0,n<3
50101953,2025-12-01,2026-02-28,trimestral,,,1,n<3
50101953,2024-01-01,2024-06-30,semestral,,,2,n<3
50101953,2024-02-01,2024-07-31,semestral,,,1,n<3
50101953,2024-03-01,2024-08-31,semestral,,,1,n<3
50101953,2024-04-01,2024-09-30,semestral,,,0,n<3
50101953,2024-05-01,2024-10-31,semestral,,,0,n<3
50101953,2024-06-01,2024-11-30,semestral,,,0,n<3
50101953,2024-07-01,2024-12-31,semestral,,,0,n<3
50101953,2024-08-01,2025-01-31,semestral,,,1,n<3
50101953,2024-09-01,2025-02-28,semestral,,,1,n<3
50101953,2024-10-01,2025-03-31,semestral,,,2,n<3
50101953,2024-11-01,2025-04-30,semestral,,,3,precio constante
50101953,2024-12-01,2025-05-31,semestral,,,3,precio constante
50101953,2025-01-01,2025-06-30,semestral,,,3,precio constante
50101953,2025-02-01,2025-07-31,semestral,,,2,n<3
50101953,2025-03-01,2025-08-31,semestral,,,3,precio constante
50101953,2025-04-01,2025-09-30,semestral,,,2,n<3
50101953,2025-05-01,2025-10-31,semestral,,,1,n<3
50101953,2025-06-01,2025-11-30,semestral,,,1,n<3
50101953,2025-07-01,2025-12-31,semestral,,,1,n<3
50101953,2025-08-01,2026-01-31,semestral,,,1,n<3
50101953,2025-09-01,2026-02-28,semestral,,,1,n<3
50101956,2024-02-01,2024-02-29,mensual,,,1,n<3
50101956,2024-03-01,2024-03-31,mensual,,,1,n<3
50101956,2024-04-01,2024-04-30,mensual,,,0,n<3
50101956,2024-05-01,2024-05-31,mensual,,,0,n<3
50101956,2024-06-01,2024-06-30,mensual,,,0,n<3
50101956,2024-07-01,2024-07-31,mensual,,,1,n<3
50101956,2024-08-01,2024-08-31,mensual,,,1,n<3
50101956,2024-09-01,2024-09-30,mensual,,,0,n<3
50101956,2024-10-01,2024-10-31,mensual,,,0,n<3
50101956,2024-11-01,2024-11-30,mensual,,,0,n<3
50101956,2024-12-01,2024-12-31,mensual,,,0,n<3
50101956,2025-01-01,2025-01-31,mensual,,,0,n<3
50101956,2025-02-01,2025-02-28,mensual,,,0,n<3
50101956,2025-03-01,2025-03-31,mensual,,,0,n<3
50101956,2025-04-01,2025-04-30,mensual,,,0,n<3
50101956,2025-05-01,2025-05-31,mensual,,,1,n<3
50101956,2025-06-01,2025-06-30,mensual,,,0,n<3
50101956,2025-07-01,2025-07-31,mensual,,,0,n<3
50101956,2025-08-01,2025-08-31,mensual,,,1,n<3
50101956,2025-09-01,2025-09-30,mensual,,,0,n<3
50101956,2025-10-01,2025-10-31,mensual,,,0,n<3
50101956,2025-11-01,2025-11-30,mensual,,,2,n<3
50101956,2025-12-01,2025-12-31,mensual,,,0,n<3
50101956,2026-01-01,2026-01-31,mensual,,,0,n<3
50101956,2026-02-01,2026-02-28,mensual,,,0,n<3
50101956,2026-03-01,2026-03-31,mensual,,,1,n<3
50101956,2024-02-01,2024-04-30,trimestral,,,2,n<3
50101956,2024-03-01,2024-05-31,trimestral,,,1,n<3
50101956,2024-04-01,2024-06-30,trimestral,,,0,n<3
50101956,2024-05-01,2024-07-31,trimestral,,,1,n<3
50101956,2024-06-01,2024-08-31,trimestral,,,2,n<3
50101956,2024-07-01,2024-09-30,trimestral,,,2,n<3
50101956,2024-08-01,2024-10-31,trimestral,,,1,n<3
50101956,2024-09-01,2024-11-30,trimestral,,,0,n<3
50101956,2024-10-01,2024-12-31,trimestral,,,0,n<3
50101956,2024-11-01,2025-01-31,trimestral,,,0,n<3
50101956,2024-12-01,2025-02-28,trimestral,,,0,n<3
50101956,2025-01-01,2025-03-31,trimestral,,,0,n<3
50101956,2025-02-01,2025-04-30,trimestral,,,0,n<3
50101956,2025-03-01,2025-05-31,trimestral,,,1,n<3
50101956,2025-04-01,2025-06-30,trimestral,,,1,n<3
50101956,2025-05-01,2025-07-31,trimestral,,,1,n<3
50101956,2025-06-01,2025-08-31,trimestral,,,1,n<3
50101956,2025-07-01,2025-09-30,trimestral,,,1,n<3
50101956,2025-08-01,2025-10-31,trimestral,,,1,n<3
50101956,2025-09-01,2025-11-30,trimestral,,,2,n<3
50101956,2025-10-01,2025-12-31,trimestral,,,2,n<3
50101956,2025-11-01,2026-01-31,trimestral,,,2,n<3
50101956,2025-12-01,2026-02-28,trimestral,,,0,n<3
50101956,2026-01-01,2026-03-31,trimestral,,,1,n<3
50101956,2024-02-01,2024-07-31,semestral,,,3,precio constante
50101956,2024-03-01,2024-08-31,semestral,,,3,precio constante
50101956,2024-04-01,2024-09-30,semestral,,,2,n<3
50101956,2024-05-01,2024-10-31,semestral,,,2,n<3
50101956,2024-06-01,2024-11-30,semestral,,,2,n<3
50101956,2024-07-01,2024-12-31,semestral,,,2,n<3
50101956,2024-08-01,2025-01-31,semestral,,,1,n<3
50101956,2024-09-01,2025-02-28,semestral,,,0,n<3
50101956,2024-10-01,2025-03-31,semestral,,,0,n<3
50101956,2024-11-01,2025-04-30,semestral,,,0,n<3
50101956,2024-12-01,2025-05-31,semestral,,,1,n<3
50101956,2025-01-01,2025-06-30,semestral,,,1,n<3
50101956,2025-02-01,2025-07-31,semestral,,,1,n<3
50101956,2025-03-01,2025-08-31,semestral,,,2,n<3
50101956,2025-04-01,2025-09-30,semestral,,,2,n<3
50101956,2025-05-01,2025-10-31,semestral,,,2,n<3
50101956,2025-06-01,2025-11-30,semestral,,,3,qty constante
50101956,2025-07-01,2025-12-31,semestral,,,3,qty constante
50101956,2025-08-01,2026-01-31,semestral,,,3,qty constante
50101956,2025-09-01,2026-02-28,semestral,,,2,n<3
50101956,2025-10-01,2026-03-31,semestral,,,3,qty constante
50102183,2024-05-01,2024-05-31,mensual,,,1,n<3
50102183,2024-06-01,2024-06-30,mensual,,,1,n<3
50102183,2024-07-01,2024-07-31,mensual,,,0,n<3
50102183,2024-08-01,2024-08-31,mensual,,,0,n<3
50102183,2024-09-01,2024-09-30,mensual,,,0,n<3
50102183,2024-10-01,2024-10-31,mensual,,,0,n<3
50102183,2024-11-01,2024-11-30,mensual,,,0,n<3
50102183,2024-12-01,2024-12-31,mensual,,,0,n<3
50102183,2025-01-01,2025-01-31,mensual,,,0,n<3
50102183,2025-02-01,2025-02-28,mensual,,,0,n<3
50102183,2025-03-01,2025-03-31,mensual,,,0,n<3
50102183,2025-04-01,2025-04-30,mensual,,,0,n<3
50102183,2025-05-01,2025-05-31,mensual,,,0,n<3
50102183,2025-06-01,2025-06-30,mensual,,,0,n<3
50102183,2025-07-01,2025-07-31,mensual,,,0,n<3
50102183,2025-08-01,2025-08-31,mensual,,,0,n<3
50102183,2025-09-01,2025-09-30,mensual,,,1,n<3
50102183,2024-05-01,2024-07-31,trimestral,,,2,n<3
50102183,2024-06-01,2024-08-31,trimestral,,,1,n<3
50102183,2024-07-01,2024-09-30,trimestral,,,0,n<3
50102183,2024-08-01,2024-10-31,trimestral,,,0,n<3
50102183,2024-09-01,2024-11-30,trimestral,,,0,n<3
50102183,2024-10-01,2024-12-31,trimestral,,,0,n<3
50102183,2024-11-01,2025-01-31,trimestral,,,0,n<3
50102183,2024-12-01,2025-02-28,trimestral,,,0,n<3
50102183,2025-01-01,2025-03-31,trimestral,,,0,n<3
50102183,2025-02-01,2025-04-30,trimestral,,,0,n<3
50102183,2025-03-01,2025-05-31,trimestral,,,0,n<3
50102183,2025-04-01,2025-06-30,trimestral,,,0,n<3
50102183,2025-05-01,2025-07-31,trimestral,,,0,n<3
50102183,2025-06-01,2025-08-31,trimestral,,,0,n<3
50102183,2025-07-01,2025-09-30,trimestral,,,1,n<3
50102183,2024-05-01,2024-10-31,semestral,,,2,n<3
50102183,2024-06-01,2024-11-30,semestral,,,1,n<3
50102183,2024-07-01,2024-12-31,semestral,,,0,n<3
50102183,2024-08-01,2025-01-31,semestral,,,0,n<3
50102183,2024-09-01,2025-02-28,semestral,,,0,n<3
50102183,2024-10-01,2025-03-31,semestral,,,0,n<3
50102183,2024-11-01,2025-04-30,semestral,,,0,n<3
50102183,2024-12-01,2025-05-31,semestral,,,0,n<3
50102183,2025-01-01,2025-06-30,semestral,,,0,n<3
50102183,2025-02-01,2025-07-31,semestral,,,0,n<3
50102183,2025-03-01,2025-08-31,semestral,,,0,n<3
50102183,2025-04-01,2025-09-30,semestral,,,1,n<3
50102185,2025-01-01,2025-01-31,mensual,,,1,n<3
50102185,2025-02-01,2025-02-28,mensual,,,0,n<3
50102185,2025-03-01,2025-03-31,mensual,,,0,n<3
50102185,2025-04-01,2025-04-30,mensual,,,0,n<3
50102185,2025-05-01,2025-05-31,mensual,,,0,n<3
50102185,2025-06-01,2025-06-30,mensual,,,1,n<3
50102185,2025-01-01,2025-03-31,trimestral,,,1,n<3
50102185,2025-02-01,2025-04-30,trimestral,,,0,n<3
50102185,2025-03-01,2025-05-31,trimestral,,,0,n<3
50102185,2025-04-01,2025-06-30,trimestral,,,1,n<3
50102185,2025-01-01,2025-06-30,semestral,,,2,n<3
50102221,2024-08-01,2024-08-31,mensual,,,1,n<3
50102229,2025-07-01,2025-07-31,mensual,,,1,n<3
50102229,2025-08-01,2025-08-31,mensual,,,0,n<3
50102229,2025-09-01,2025-09-30,mensual,,,0,n<3
50102229,2025-10-01,2025-10-31,mensual,,,0,n<3
50102229,2025-11-01,2025-11-30,mensual,,,0,n<3
50102229,2025-12-01,2025-12-31,mensual,,,0,n<3
50102229,2026-01-01,2026-01-31,mensual,,,1,n<3
50102229,2025-07-01,2025-09-30,trimestral,,,1,n<3
50102229,2025-08-01,2025-10-31,trimestral,,,0,n<3
50102229,2025-09-01,2025-11-30,trimestral,,,0,n<3
50102229,2025-10-01,2025-12-31,trimestral,,,0,n<3
50102229,2025-11-01,2026-01-31,trimestral,,,1,n<3
50102229,2025-07-01,2025-12-31,semestral,,,1,n<3
50102229,2025-08-01,2026-01-31,semestral,,,1,n<3
50102231,2024-11-01,2024-11-30,mensual,,,1,n<3
50102232,2024-01-01,2024-01-31,mensual,,,2,n<3
50102232,2024-02-01,2024-02-29,mensual,,,1,n<3
50102232,2024-03-01,2024-03-31,mensual,,,0,n<3
50102232,2024-04-01,2024-04-30,mensual,,,1,n<3
50102232,2024-01-01,2024-03-31,trimestral,,,3,precio constante
50102232,2024-02-01,2024-04-30,trimestral,,,2,n<3
50102233,2026-03-01,2026-03-31,mensual,,,1,n<3
50102236,2025-09-01,2025-09-30,mensual,,,1,n<3
50102238,2024-07-01,2024-07-31,mensual,,,1,n<3
50104613,2026-01-01,2026-01-31,mensual,,,1,n<3
50104753,2025-01-01,2025-01-31,mensual,,,1,n<3
50108512,2025-04-01,2025-04-30,mensual,,,2,n<3
50110039,2024-01-01,2024-01-31,mensual,,,1,n<3
50110039,2024-02-01,2024-02-29,mensual,,,2,n<3
50110039,2024-03-01,2024-03-31,mensual,,,1,n<3
50110039,2024-04-01,2024-04-30,mensual,,,0,n<3
50110039,2024-05-01,2024-05-31,mensual,,,0,n<3
50110039,2024-06-01,2024-06-30,mensual,,,0,n<3
50110039,2024-07-01,2024-07-31,mensual,,,0,n<3
50110039,2024-08-01,2024-08-31,mensual,,,0,n<3
50110039,2024-09-01,2024-09-30,mensual,,,0,n<3
50110039,2024-10-01,2024-10-31,mensual,,,0,n<3
50110039,2024-11-01,2024-11-30,mensual,,,0,n<3
50110039,2024-12-01,2024-12-31,mensual,,,0,n<3
50110039,2025-01-01,2025-01-31,mensual,,,0,n<3
50110039,2025-02-01,2025-02-28,mensual,,,0,n<3
50110039,2025-03-01,2025-03-31,mensual,,,0,n<3
50110039,2025-04-01,2025-04-30,mensual,,,0,n<3
50110039,2025-05-01,2025-05-31,mensual,,,0,n<3
50110039,2025-06-01,2025-06-30,mensual,,,0,n<3
50110039,2025-07-01,2025-07-31,mensual,,,1,n<3
50110039,2024-01-01,2024-03-31,trimestral,,,4,precio constante
50110039,2024-02-01,2024-04-30,trimestral,,,3,precio constante
50110039,2024-03-01,2024-05-31,trimestral,,,1,n<3
50110039,2024-04-01,2024-06-30,trimestral,,,0,n<3
50110039,2024-05-01,2024-07-31,trimestral,,,0,n<3
50110039,2024-06-01,2024-08-31,trimestral,,,0,n<3
50110039,2024-07-01,2024-09-30,trimestral,,,0,n<3
50110039,2024-08-01,2024-10-31,trimestral,,,0,n<3
50110039,2024-09-01,2024-11-30,trimestral,,,0,n<3
50110039,2024-10-01,2024-12-31,trimestral,,,0,n<3
50110039,2024-11-01,2025-01-31,trimestral,,,0,n<3
50110039,2024-12-01,2025-02-28,trimestral,,,0,n<3
50110039,2025-01-01,2025-03-31,trimestral,,,0,n<3
50110039,2025-02-01,2025-04-30,trimestral,,,0,n<3
50110039,2025-03-01,2025-05-31,trimestral,,,0,n<3
50110039,2025-04-01,2025-06-30,trimestral,,,0,n<3
50110039,2025-05-01,2025-07-31,trimestral,,,1,n<3
50110039,2024-01-01,2024-06-30,semestral,,,4,precio constante
50110039,2024-02-01,2024-07-31,semestral,,,3,precio constante
50110039,2024-03-01,2024-08-31,semestral,,,1,n<3
50110039,2024-04-01,2024-09-30,semestral,,,0,n<3
50110039,2024-05-01,2024-10-31,semestral,,,0,n<3
50110039,2024-06-01,2024-11-30,semestral,,,0,n<3
50110039,2024-07-01,2024-12-31,semestral,,,0,n<3
50110039,2024-08-01,2025-01-31,semestral,,,0,n<3
50110039,2024-09-01,2025-02-28,semestral,,,0,n<3
50110039,2024-10-01,2025-03-31,semestral,,,0,n<3
50110039,2024-11-01,2025-04-30,semestral,,,0,n<3
50110039,2024-12-01,2025-05-31,semestral,,,0,n<3
50110039,2025-01-01,2025-06-30,semestral,,,0,n<3
50110039,2025-02-01,2025-07-31,semestral,,,1,n<3
50110040,2024-05-01,2024-05-31,mensual,,,1,n<3
50110040,2024-06-01,2024-06-30,mensual,,,0,n<3
50110040,2024-07-01,2024-07-31,mensual,,,1,n<3
50110040,2024-08-01,2024-08-31,mensual,,,0,n<3
50110040,2024-09-01,2024-09-30,mensual,,,1,n<3
50110040,2024-10-01,2024-10-31,mensual,,,2,n<3
50110040,2024-11-01,2024-11-30,mensual,,,1,n<3
50110040,2024-12-01,2024-12-31,mensual,,,1,n<3
50110040,2025-01-01,2025-01-31,mensual,,,1,n<3
50110040,2025-02-01,2025-02-28,mensual,,,0,n<3
50110040,2025-03-01,2025-03-31,mensual,,,1,n<3
50110040,2025-04-01,2025-04-30,mensual,,,1,n<3
50110040,2025-05-01,2025-05-31,mensual,,,0,n<3
50110040,2025-06-01,2025-06-30,mensual,,,0,n<3
50110040,2025-07-01,2025-07-31,mensual,,,0,n<3
50110040,2025-08-01,2025-08-31,mensual,,,0,n<3
50110040,2025-09-01,2025-09-30,mensual,,,1,n<3
50110040,2024-05-01,2024-07-31,trimestral,,,2,n<3
50110040,2024-06-01,2024-08-31,trimestral,,,1,n<3
50110040,2024-07-01,2024-09-30,trimestral,,,2,n<3
50110040,2024-08-01,2024-10-31,trimestral,,,3,precio constante
50110040,2024-09-01,2024-11-30,trimestral,,,4,precio constante
50110040,2024-10-01,2024-12-31,trimestral,,,4,precio constante
50110040,2024-11-01,2025-01-31,trimestral,31.48493083140067,1.0,3,valida
50110040,2024-12-01,2025-02-28,trimestral,,,2,n<3
50110040,2025-01-01,2025-03-31,trimestral,,,2,n<3
50110040,2025-02-01,2025-04-30,trimestral,,,2,n<3
50110040,2025-03-01,2025-05-31,trimestral,,,2,n<3
50110040,2025-04-01,2025-06-30,trimestral,,,1,n<3
50110040,2025-05-01,2025-07-31,trimestral,,,0,n<3
50110040,2025-06-01,2025-08-31,trimestral,,,0,n<3
50110040,2025-07-01,2025-09-30,trimestral,,,1,n<3
50110040,2024-05-01,2024-10-31,semestral,,,5,precio constante
50110040,2024-06-01,2024-11-30,semestral,,,5,precio constante
50110040,2024-07-01,2024-12-31,semestral,,,6,precio constante
50110040,2024-08-01,2025-01-31,semestral,23.539018971132066,0.2677535620380551,6,valida
50110040,2024-09-01,2025-02-28,semestral,23.539018971132066,0.2677535620380551,6,valida
50110040,2024-10-01,2025-03-31,semestral,21.5525410060643,0.34347659618455595,6,valida
50110040,2024-11-01,2025-04-30,semestral,2.008825105404885,0.25995491090567435,5,valida
50110040,2024-12-01,2025-05-31,semestral,2.3868499515990687,0.42540600202928336,4,valida
50110040,2025-01-01,2025-06-30,semestral,3.0797955657628213,1.0,3,valida
50110040,2025-02-01,2025-07-31,semestral,,,2,n<3
50110040,2025-03-01,2025-08-31,semestral,,,2,n<3
50110040,2025-04-01,2025-09-30,semestral,,,2,n<3
50110041,2024-01-01,2024-01-31,mensual,,,3,precio constante
50110041,2024-02-01,2024-02-29,mensual,,,1,n<3
50110041,2024-03-01,2024-03-31,mensual,,,0,n<3
50110041,2024-04-01,2024-04-30,mensual,,,0,n<3
50110041,2024-05-01,2024-05-31,mensual,,,1,n<3
50110041,2024-06-01,2024-06-30,mensual,,,1,n<3
50110041,2024-07-01,2024-07-31,mensual,,,3,precio constante
50110041,2024-08-01,2024-08-31,mensual,,,1,n<3
50110041,2024-09-01,2024-09-30,mensual,,,1,n<3
50110041,2024-10-01,2024-10-31,mensual,,,2,n<3
50110041,2024-11-01,2024-11-30,mensual,,,0,n<3
50110041,2024-12-01,2024-12-31,mensual,,,0,n<3
50110041,2025-01-01,2025-01-31,mensual,,,0,n<3
50110041,2025-02-01,2025-02-28,mensual,,,0,n<3
50110041,2025-03-01,2025-03-31,mensual,,,0,n<3
50110041,2025-04-01,2025-04-30,mensual,,,1,n<3
50110041,2025-05-01,2025-05-31,mensual,,,0,n<3
50110041,2025-06-01,2025-06-30,mensual,,,0,n<3
50110041,2025-07-01,2025-07-31,mensual,,,1,n<3
50110041,2024-01-01,2024-03-31,trimestral,,,4,precio constante
50110041,2024-02-01,2024-04-30,trimestral,,,1,n<3
50110041,2024-03-01,2024-05-31,trimestral,,,1,n<3
50110041,2024-04-01,2024-06-30,trimestral,,,2,n<3
50110041,2024-05-01,2024-07-31,trimestral,2.5122301043443898,0.27570846272658533,5,valida
50110041,2024-06-01,2024-08-31,trimestral,1.2564258764001328,0.1536694145682428,5,valida
50110041,2024-07-01,2024-09-30,trimestral,,,5,precio constante
50110041,2024-08-01,2024-10-31,trimestral,,,4,qty constante
50110041,2024-09-01,2024-11-30,trimestral,,,3,qty constante
50110041,2024-10-01,2024-12-31,trimestral,,,2,n<3
50110041,2024-11-01,2025-01-31,trimestral,,,0,n<3
50110041,2024-12-01,2025-02-28,trimestral,,,0,n<3
50110041,2025-01-01,2025-03-31,trimestral,,,0,n<3
50110041,2025-02-01,2025-04-30,trimestral,,,1,n<3
50110041,2025-03-01,2025-05-31,trimestral,,,1,n<3
50110041,2025-04-01,2025-06-30,trimestral,,,1,n<3
50110041,2025-05-01,2025-07-31,trimestral,,,1,n<3
50110041,2024-01-01,2024-06-30,semestral,2.010146790767665,0.15532267478315065,6,valida
50110041,2024-02-01,2024-07-31,semestral,2.625901518732239,0.2982159461210996,6,valida
50110041,2024-03-01,2024-08-31,semestral,2.0101467907676613,0.15532267478315098,6,valida
50110041,2024-04-01,2024-09-30,semestral,1.675400226026818,0.09990139452620261,7,valida
50110041,2024-05-01,2024-10-31,semestral,0.9220221320595535,0.03018952784283435,9,valida
50110041,2024-06-01,2024-11-30,semestral,0.5234965363069307,0.02602383299588784,8,valida
50110041,2024-07-01,2024-12-31,semestral,-4.1651155465158105,0.06178627000033976,7,valida
50110041,2024-08-01,2025-01-31,semestral,,,4,qty constante
50110041,2024-09-01,2025-02-28,semestral,,,3,qty constante
50110041,2024-10-01,2025-03-31,semestral,,,2,n<3
50110041,2024-11-01,2025-04-30,semestral,,,1,n<3
50110041,2024-12-01,2025-05-31,semestral,,,1,n<3
50110041,2025-01-01,2025-06-30,semestral,,,1,n<3
50110041,2025-02-01,2025-07-31,semestral,,,2,n<3
50110042,2024-01-01,2024-01-31,mensual,,,1,n<3
50110042,2024-02-01,2024-02-29,mensual,,,0,n<3
50110042,2024-03-01,2024-03-31,mensual,,,1,n<3
50110042,2024-04-01,2024-04-30,mensual,,,2,n<3
50110042,2024-05-01,2024-05-31,mensual,,,1,n<3
50110042,2024-06-01,2024-06-30,mensual,-1.540406763087254,0.25010100746006547,3,valida
50110042,2024-07-01,2024-07-31,mensual,,,1,n<3
50110042,2024-08-01,2024-08-31,mensual,,,3,precio constante
50110042,2024-09-01,2024-09-30,mensual,,,0,n<3
50110042,2024-10-01,2024-10-31,mensual,,,0,n<3
50110042,2024-11-01,2024-11-30,mensual,,,0,n<3
50110042,2024-12-01,2024-12-31,mensual,,,0,n<3
50110042,2025-01-01,2025-01-31,mensual,,,1,n<3
50110042,2025-02-01,2025-02-28,mensual,,,1,n<3
50110042,2025-03-01,2025-03-31,mensual,,,1,n<3
50110042,2024-01-01,2024-03-31,trimestral,,,2,n<3
50110042,2024-02-01,2024-04-30,trimestral,,,3,precio constante
50110042,2024-03-01,2024-05-31,trimestral,,,4,precio constante
50110042,2024-04-01,2024-06-30,trimestral,-0.00037336153326277205,1.3059010983695885e-08,6,valida
50110042,2024-05-01,2024-07-31,trimestral,-0.5137155235736719,0.027813951443658724,5,valida
50110042,2024-06-01,2024-08-31,trimestral,-1.5402408535357457,0.4167452237934839,7,valida
50110042,2024-07-01,2024-09-30,trimestral,,,4,precio constante
50110042,2024-08-01,2024-10-31,trimestral,,,3,precio constante
50110042,2024-09-01,2024-11-30,trimestral,,,0,n<3
50110042,2024-10-01,2024-12-31,trimestral,,,0,n<3
50110042,2024-11-01,2025-01-31,trimestral,,,1,n<3
50110042,2024-12-01,2025-02-28,trimestral,,,2,n<3
50110042,2025-01-01,2025-03-31,trimestral,,,3,precio constante
50110042,2024-01-01,2024-06-30,semestral,-0.18982946491320496,0.0032551348594656027,8,valida
50110042,2024-02-01,2024-07-31,semestral,-0.1898294649132051,0.0032551348594656027,8,valida
50110042,2024-03-01,2024-08-31,semestral,-0.6400684166987195,0.032123546311311535,11,valida
50110042,2024-04-01,2024-09-30,semestral,-0.7704678430373886,0.04766876055683422,10,valida
50110042,2024-05-01,2024-10-31,semestral,-1.0270461676127993,0.11117596105385508,8,valida
50110042,2024-06-01,2024-11-30,semestral,-1.5402408535357457,0.4167452237934839,7,valida
50110042,2024-07-01,2024-12-31,semestral,,,4,precio constante
50110042,2024-08-01,2025-01-31,semestral,32.146686822032315,1.0,4,valida
50110042,2024-09-01,2025-02-28,semestral,,,2,n<3
50110042,2024-10-01,2025-03-31,semestral,,,3,precio constante
50110043,2024-01-01,2024-01-31,mensual,,,4,precio constante
50110043,2024-02-01,2024-02-29,mensual,,,0,n<3
50110043,2024-03-01,2024-03-31,mensual,,,2,n<3
50110043,2024-04-01,2024-04-30,mensual,,,0,n<3
50110043,2024-05-01,2024-05-31,mensual,,,0,n<3
50110043,2024-06-01,2024-06-30,mensual,,,0,n<3
50110043,2024-07-01,2024-07-31,mensual,,,1,n<3
50110043,2024-08-01,2024-08-31,mensual,,,3,qty constante
50110043,2024-09-01,2024-09-30,mensual,,,1,n<3
50110043,2024-10-01,2024-10-31,mensual,,,1,n<3
50110043,2024-11-01,2024-11-30,mensual,,,1,n<3
50110043,2024-12-01,2024-12-31,mensual,,,1,n<3
50110043,2025-01-01,2025-01-31,mensual,,,0,n<3
50110043,2025-02-01,2025-02-28,mensual,,,0,n<3
50110043,2025-03-01,2025-03-31,mensual,,,1,n<3
50110043,2025-04-01,2025-04-30,mensual,,,1,n<3
50110043,2025-05-01,2025-05-31,mensual,,,0,n<3
50110043,2025-06-01,2025-06-30,mensual,,,0,n<3
50110043,2025-07-01,2025-07-31,mensual,,,0,n<3
50110043,2025-08-01,2025-08-31,mensual,,,0,n<3
50110043,2025-09-01,2025-09-30,mensual,,,0,n<3
50110043,2025-10-01,2025-10-31,mensual,,,1,n<3
50110043,2024-01-01,2024-03-31,trimestral,,,6,precio constante
50110043,2024-02-01,2024-04-30,trimestral,,,2,n<3
50110043,2024-03-01,2024-05-31,trimestral,,,2,n<3
50110043,2024-04-01,2024-06-30,trimestral,,,0,n<3
50110043,2024-05-01,2024-07-31,trimestral,,,1,n<3
50110043,2024-06-01,2024-08-31,trimestral,1.026548094071782,0.11111111111111105,4,valida
50110043,2024-07-01,2024-09-30,trimestral,0.7699110705538246,0.0625,5,valida
50110043,2024-08-01,2024-10-31,trimestral,0.48575980201646124,0.06250000000000022,5,valida
50110043,2024-09-01,2024-11-30,trimestral,,,3,precio constante
50110043,2024-10-01,2024-12-31,trimestral,,,3,precio constante
50110043,2024-11-01,2025-01-31,trimestral,,,2,n<3
50110043,2024-12-01,2025-02-28,trimestral,,,1,n<3
50110043,2025-01-01,2025-03-31,trimestral,,,1,n<3
50110043,2025-02-01,2025-04-30,trimestral,,,2,n<3
50110043,2025-03-01,2025-05-31,trimestral,,,2,n<3
50110043,2025-04-01,2025-06-30,trimestral,,,1,n<3
50110043,2025-05-01,2025-07-31,trimestral,,,0,n<3
50110043,2025-06-01,2025-08-31,trimestral,,,0,n<3
50110043,2025-07-01,2025-09-30,trimestral,,,0,n<3
50110043,2025-08-01,2025-10-31,trimestral,,,1,n<3
50110043,2024-01-01,2024-06-30,semestral,,,6,precio constante
50110043,2024-02-01,2024-07-31,semestral,,,3,precio constante
50110043,2024-03-01,2024-08-31,semestral,1.0045366980562371,0.09286657276777521,6,valida
50110043,2024-04-01,2024-09-30,semestral,0.7699110705538246,0.0625,5,valida
50110043,2024-05-01,2024-10-31,semestral,1.0045366980562322,0.09286657276777521,6,valida
50110043,2024-06-01,2024-11-30,semestral,1.589046802826177,0.10492245892373586,7,valida
50110043,2024-07-01,2024-12-31,semestral,1.362040116708165,0.07295118120753752,8,valida
50110043,2024-08-01,2025-01-31,semestral,1.0757727557902879,0.05456882609425873,7,valida
50110043,2024-09-01,2025-02-28,semestral,,,4,precio constante
50110043,2024-10-01,2025-03-31,semestral,-16.29446283981301,0.2531557443855167,4,valida
50110043,2024-11-01,2025-04-30,semestral,1.3068359082203027,0.07100951058772054,4,valida
50110043,2024-12-01,2025-05-31,semestral,,,3,qty constante
50110043,2025-01-01,2025-06-30,semestral,,,2,n<3
50110043,2025-02-01,2025-07-31,semestral,,,2,n<3
50110043,2025-03-01,2025-08-31,semestral,,,2,n<3
50110043,2025-04-01,2025-09-30,semestral,,,1,n<3
50110043,2025-05-01,2025-10-31,semestral,,,1,n<3
50110044,2024-08-01,2024-08-31,mensual,,,2,n<3
50110044,2024-09-01,2024-09-30,mensual,,,0,n<3
50110044,2024-10-01,2024-10-31,mensual,,,0,n<3
50110044,2024-11-01,2024-11-30,mensual,,,1,n<3
50110044,2024-12-01,2024-12-31,mensual,,,0,n<3
50110044,2025-01-01,2025-01-31,mensual,,,0,n<3
50110044,2025-02-01,2025-02-28,mensual,,,0,n<3
50110044,2025-03-01,2025-03-31,mensual,,,0,n<3
50110044,2025-04-01,2025-04-30,mensual,,,0,n<3
50110044,2025-05-01,2025-05-31,mensual,,,0,n<3
50110044,2025-06-01,2025-06-30,mensual,,,0,n<3
50110044,2025-07-01,2025-07-31,mensual,,,0,n<3
50110044,2025-08-01,2025-08-31,mensual,,,1,n<3
50110044,2024-08-01,2024-10-31,trimestral,,,2,n<3
50110044,2024-09-01,2024-11-30,trimestral,,,1,n<3
50110044,2024-10-01,2024-12-31,trimestral,,,1,n<3
50110044,2024-11-01,2025-01-31,trimestral,,,1,n<3
50110044,2024-12-01,2025-02-28,trimestral,,,0,n<3
50110044,2025-01-01,2025-03-31,trimestral,,,0,n<3
50110044,2025-02-01,2025-04-30,trimestral,,,0,n<3
50110044,2025-03-01,2025-05-31,trimestral,,,0,n<3
50110044,2025-04-01,2025-06-30,trimestral,,,0,n<3
50110044,2025-05-01,2025-07-31,trimestral,,,0,n<3
50110044,2025-06-01,2025-08-31,trimestral,,,1,n<3
50110044,2024-08-01,2025-01-31,semestral,,,3,precio constante
50110044,2024-09-01,2025-02-28,semestral,,,1,n<3
50110044,2024-10-01,2025-03-31,semestral,,,1,n<3
50110044,2024-11-01,2025-04-30,semestral,,,1,n<3
50110044,2024-12-01,2025-05-31,semestral,,,0,n<3
50110044,2025-01-01,2025-06-30,semestral,,,0,n<3
50110044,2025-02-01,2025-07-31,semestral,,,0,n<3
50110044,2025-03-01,2025-08-31,semestral,,,1,n<3
50110045,2024-01-01,2024-01-31,mensual,,,2,n<3
50110045,2024-02-01,2024-02-29,mensual,,,0,n<3
50110045,2024-03-01,2024-03-31,mensual,,,0,n<3
50110045,2024-04-01,2024-04-30,mensual,,,0,n<3
50110045,2024-05-01,2024-05-31,mensual,,,1,n<3
50110045,2024-06-01,2024-06-30,mensual,,,0,n<3
50110045,2024-07-01,2024-07-31,mensual,,,2,n<3
50110045,2024-08-01,2024-08-31,mensual,,,0,n<3
50110045,2024-09-01,2024-09-30,mensual,,,0,n<3
50110045,2024-10-01,2024-10-31,mensual,,,0,n<3
50110045,2024-11-01,2024-11-30,mensual,,,0,n<3
50110045,2024-12-01,2024-12-31,mensual,,,1,n<3
50110045,2024-01-01,2024-03-31,trimestral,,,2,n<3
50110045,2024-02-01,2024-04-30,trimestral,,,0,n<3
50110045,2024-03-01,2024-05-31,trimestral,,,1,n<3
50110045,2024-04-01,2024-06-30,trimestral,,,1,n<3
50110045,2024-05-01,2024-07-31,trimestral,,,3,precio constante
50110045,2024-06-01,2024-08-31,trimestral,,,2,n<3
50110045,2024-07-01,2024-09-30,trimestral,,,2,n<3
50110045,2024-08-01,2024-10-31,trimestral,,,0,n<3
50110045,2024-09-01,2024-11-30,trimestral,,,0,n<3
50110045,2024-10-01,2024-12-31,trimestral,,,1,n<3
50110045,2024-01-01,2024-06-30,semestral,,,3,precio constante
50110045,2024-02-01,2024-07-31,semestral,,,3,precio constante
50110045,2024-03-01,2024-08-31,semestral,,,3,precio constante
50110045,2024-04-01,2024-09-30,semestral,,,3,precio constante
50110045,2024-05-01,2024-10-31,semestral,,,3,precio constante
50110045,2024-06-01,2024-11-30,semestral,,,2,n<3
50110045,2024-07-01,2024-12-31,semestral,,,3,precio constante
50110049,2024-01-01,2024-01-31,mensual,,,1,n<3
50110049,2024-02-01,2024-02-29,mensual,,,0,n<3
50110049,2024-03-01,2024-03-31,mensual,,,1,n<3
50110049,2024-04-01,2024-04-30,mensual,,,0,n<3
50110049,2024-05-01,2024-05-31,mensual,,,1,n<3
50110049,2024-06-01,2024-06-30,mensual,,,1,n<3
50110049,2024-07-01,2024-07-31,mensual,,,2,n<3
50110049,2024-08-01,2024-08-31,mensual,,,1,n<3
50110049,2024-01-01,2024-03-31,trimestral,,,2,n<3
50110049,2024-02-01,2024-04-30,trimestral,,,1,n<3
50110049,2024-03-01,2024-05-31,trimestral,,,2,n<3
50110049,2024-04-01,2024-06-30,trimestral,,,2,n<3
50110049,2024-05-01,2024-07-31,trimestral,-2.4007775637351703,0.1108145216316373,4,valida
50110049,2024-06-01,2024-08-31,trimestral,,,4,precio constante
50110049,2024-01-01,2024-06-30,semestral,-7.214373973286694,1.0,4,valida
50110049,2024-02-01,2024-07-31,semestral,-2.401981651502207,0.1663885443430757,5,valida
50110049,2024-03-01,2024-08-31,semestral,-1.800884464668239,0.0997747679312253,6,valida
50110052,2024-04-01,2024-04-30,mensual,,,1,n<3
50110052,2024-05-01,2024-05-31,mensual,,,0,n<3
50110052,2024-06-01,2024-06-30,mensual,,,0,n<3
50110052,2024-07-01,2024-07-31,mensual,,,0,n<3
50110052,2024-08-01,2024-08-31,mensual,,,0,n<3
50110052,2024-09-01,2024-09-30,mensual,,,0,n<3
50110052,2024-10-01,2024-10-31,mensual,,,0,n<3
50110052,2024-11-01,2024-11-30,mensual,,,0,n<3
50110052,2024-12-01,2024-12-31,mensual,,,0,n<3
50110052,2025-01-01,2025-01-31,mensual,,,0,n<3
50110052,2025-02-01,2025-02-28,mensual,,,1,n<3
50110052,2024-04-01,2024-06-30,trimestral,,,1,n<3
50110052,2024-05-01,2024-07-31,trimestral,,,0,n<3
50110052,2024-06-01,2024-08-31,trimestral,,,0,n<3
50110052,2024-07-01,2024-09-30,trimestral,,,0,n<3
50110052,2024-08-01,2024-10-31,trimestral,,,0,n<3
50110052,2024-09-01,2024-11-30,trimestral,,,0,n<3
50110052,2024-10-01,2024-12-31,trimestral,,,0,n<3
50110052,2024-11-01,2025-01-31,trimestral,,,0,n<3
50110052,2024-12-01,2025-02-28,trimestral,,,1,n<3
50110052,2024-04-01,2024-09-30,semestral,,,1,n<3
50110052,2024-05-01,2024-10-31,semestral,,,0,n<3
50110052,2024-06-01,2024-11-30,semestral,,,0,n<3
50110052,2024-07-01,2024-12-31,semestral,,,0,n<3
50110052,2024-08-01,2025-01-31,semestral,,,0,n<3
50110052,2024-09-01,2025-02-28,semestral,,,1,n<3
50110053,2024-10-01,2024-10-31,mensual,,,1,n<3
50110054,2025-01-01,2025-01-31,mensual,,,1,n<3
50110054,2025-02-01,2025-02-28,mensual,,,0,n<3
50110054,2025-03-01,2025-03-31,mensual,,,1,n<3
50110054,2025-04-01,2025-04-30,mensual,,,0,n<3
50110054,2025-05-01,2025-05-31,mensual,,,0,n<3
50110054,2025-06-01,2025-06-30,mensual,,,1,n<3
50110054,2025-07-01,2025-07-31,mensual,,,0,n<3
50110054,2025-08-01,2025-08-31,mensual,,,0,n<3
50110054,2025-09-01,2025-09-30,mensual,,,0,n<3
50110054,2025-10-01,2025-10-31,mensual,,,0,n<3
50110054,2025-11-01,2025-11-30,mensual,,,0,n<3
50110054,2025-12-01,2025-12-31,mensual,,,0,n<3
50110054,2026-01-01,2026-01-31,mensual,,,0,n<3
50110054,2026-02-01,2026-02-28,mensual,,,1,n<3
50110054,2025-01-01,2025-03-31,trimestral,,,2,n<3
50110054,2025-02-01,2025-04-30,trimestral,,,1,n<3
50110054,2025-03-01,2025-05-31,trimestral,,,1,n<3
50110054,2025-04-01,2025-06-30,trimestral,,,1,n<3
50110054,2025-05-01,2025-07-31,trimestral,,,1,n<3
50110054,2025-06-01,2025-08-31,trimestral,,,1,n<3
50110054,2025-07-01,2025-09-30,trimestral,,,0,n<3
50110054,2025-08-01,2025-10-31,trimestral,,,0,n<3
50110054,2025-09-01,2025-11-30,trimestral,,,0,n<3
50110054,2025-10-01,2025-12-31,trimestral,,,0,n<3
50110054,2025-11-01,2026-01-31,trimestral,,,0,n<3
50110054,2025-12-01,2026-02-28,trimestral,,,1,n<3
50110054,2025-01-01,2025-06-30,semestral,,,3,precio constante
50110054,2025-02-01,2025-07-31,semestral,,,2,n<3
50110054,2025-03-01,2025-08-31,semestral,,,2,n<3
50110054,2025-04-01,2025-09-30,semestral,,,1,n<3
50110054,2025-05-01,2025-10-31,semestral,,,1,n<3
50110054,2025-06-01,2025-11-30,semestral,,,1,n<3
50110054,2025-07-01,2025-12-31,semestral,,,0,n<3
50110054,2025-08-01,2026-01-31,semestral,,,0,n<3
50110054,2025-09-01,2026-02-28,semestral,,,1,n<3
50110055,2024-05-01,2024-05-31,mensual,,,1,n<3
50110055,2024-06-01,2024-06-30,mensual,,,0,n<3
50110055,2024-07-01,2024-07-31,mensual,,,0,n<3
50110055,2024-08-01,2024-08-31,mensual,,,0,n<3
50110055,2024-09-01,2024-09-30,mensual,,,1,n<3
50110055,2024-05-01,2024-07-31,trimestral,,,1,n<3
50110055,2024-06-01,2024-08-31,trimestral,,,0,n<3
50110055,2024-07-01,2024-09-30,trimestral,,,1,n<3
50110064,2024-02-01,2024-02-29,mensual,,,1,n<3
50110064,2024-03-01,2024-03-31,mensual,,,0,n<3
50110064,2024-04-01,2024-04-30,mensual,,,0,n<3
50110064,2024-05-01,2024-05-31,mensual,,,0,n<3
50110064,2024-06-01,2024-06-30,mensual,,,2,n<3
50110064,2024-07-01,2024-07-31,mensual,,,0,n<3
50110064,2024-08-01,2024-08-31,mensual,,,0,n<3
50110064,2024-09-01,2024-09-30,mensual,,,0,n<3
50110064,2024-10-01,2024-10-31,mensual,,,1,n<3
50110064,2024-11-01,2024-11-30,mensual,,,0,n<3
50110064,2024-12-01,2024-12-31,mensual,,,0,n<3
50110064,2025-01-01,2025-01-31,mensual,,,0,n<3
50110064,2025-02-01,2025-02-28,mensual,,,0,n<3
50110064,2025-03-01,2025-03-31,mensual,,,0,n<3
50110064,2025-04-01,2025-04-30,mensual,,,0,n<3
50110064,2025-05-01,2025-05-31,mensual,,,0,n<3
50110064,2025-06-01,2025-06-30,mensual,,,0,n<3
50110064,2025-07-01,2025-07-31,mensual,,,0,n<3
50110064,2025-08-01,2025-08-31,mensual,,,2,n<3
50110064,2025-09-01,2025-09-30,mensual,,,1,n<3
50110064,2025-10-01,2025-10-31,mensual,,,0,n<3
50110064,2025-11-01,2025-11-30,mensual,,,0,n<3
50110064,2025-12-01,2025-12-31,mensual,,,0,n<3
50110064,2026-01-01,2026-01-31,mensual,,,0,n<3
50110064,2026-02-01,2026-02-28,mensual,,,0,n<3
50110064,2026-03-01,2026-03-31,mensual,,,0,n<3
50110064,2026-04-01,2026-04-30,mensual,,,1,n<3
50110064,2024-02-01,2024-04-30,trimestral,,,1,n<3
50110064,2024-03-01,2024-05-31,trimestral,,,0,n<3
50110064,2024-04-01,2024-06-30,trimestral,,,2,n<3
50110064,2024-05-01,2024-07-31,trimestral,,,2,n<3
50110064,2024-06-01,2024-08-31,trimestral,,,2,n<3
50110064,2024-07-01,2024-09-30,trimestral,,,0,n<3
50110064,2024-08-01,2024-10-31,trimestral,,,1,n<3
50110064,2024-09-01,2024-11-30,trimestral,,,1,n<3
50110064,2024-10-01,2024-12-31,trimestral,,,1,n<3
50110064,2024-11-01,2025-01-31,trimestral,,,0,n<3
50110064,2024-12-01,2025-02-28,trimestral,,,0,n<3
50110064,2025-01-01,2025-03-31,trimestral,,,0,n<3
50110064,2025-02-01,2025-04-30,trimestral,,,0,n<3
50110064,2025-03-01,2025-05-31,trimestral,,,0,n<3
50110064,2025-04-01,2025-06-30,trimestral,,,0,n<3
50110064,2025-05-01,2025-07-31,trimestral,,,0,n<3
50110064,2025-06-01,2025-08-31,trimestral,,,2,n<3
50110064,2025-07-01,2025-09-30,trimestral,,,3,precio constante
50110064,2025-08-01,2025-10-31,trimestral,,,3,precio constante
50110064,2025-09-01,2025-11-30,trimestral,,,1,n<3
50110064,2025-10-01,2025-12-31,trimestral,,,0,n<3
50110064,2025-11-01,2026-01-31,trimestral,,,0,n<3
50110064,2025-12-01,2026-02-28,trimestral,,,0,n<3
50110064,2026-01-01,2026-03-31,trimestral,,,0,n<3
50110064,2026-02-01,2026-04-30,trimestral,,,1,n<3
50110064,2024-02-01,2024-07-31,semestral,,,3,qty constante
50110064,2024-03-01,2024-08-31,semestral,,,2,n<3
50110064,2024-04-01,2024-09-30,semestral,,,2,n<3
50110064,2024-05-01,2024-10-31,semestral,,,3,qty constante
50110064,2024-06-01,2024-11-30,semestral,,,3,qty constante
50110064,2024-07-01,2024-12-31,semestral,,,1,n<3
50110064,2024-08-01,2025-01-31,semestral,,,1,n<3
50110064,2024-09-01,2025-02-28,semestral,,,1,n<3
50110064,2024-10-01,2025-03-31,semestral,,,1,n<3
50110064,2024-11-01,2025-04-30,semestral,,,0,n<3
50110064,2024-12-01,2025-05-31,semestral,,,0,n<3
50110064,2025-01-01,2025-06-30,semestral,,,0,n<3
50110064,2025-02-01,2025-07-31,semestral,,,0,n<3
50110064,2025-03-01,2025-08-31,semestral,,,2,n<3
50110064,2025-04-01,2025-09-30,semestral,,,3,precio constante
50110064,2025-05-01,2025-10-31,semestral,,,3,precio constante
50110064,2025-06-01,2025-11-30,semestral,,,3,precio constante
50110064,2025-07-01,2025-12-31,semestral,,,3,precio constante
50110064,2025-08-01,2026-01-31,semestral,,,3,precio constante
50110064,2025-09-01,2026-02-28,semestral,,,1,n<3
50110064,2025-10-01,2026-03-31,semestral,,,0,n<3
50110064,2025-11-01,2026-04-30,semestral,,,1,n<3
50110066,2024-03-01,2024-03-31,mensual,,,2,n<3
50110066,2024-04-01,2024-04-30,mensual,,,1,n<3
50110066,2024-05-01,2024-05-31,mensual,,,0,n<3
50110066,2024-06-01,2024-06-30,mensual,,,0,n<3
50110066,2024-07-01,2024-07-31,mensual,,,1,n<3
50110066,2024-08-01,2024-08-31,mensual,,,0,n<3
50110066,2024-09-01,2024-09-30,mensual,,,2,n<3
50110066,2024-10-01,2024-10-31,mensual,,,3,precio constante
50110066,2024-11-01,2024-11-30,mensual,,,2,n<3
50110066,2024-12-01,2024-12-31,mensual,,,0,n<3
50110066,2025-01-01,2025-01-31,mensual,,,0,n<3
50110066,2025-02-01,2025-02-28,mensual,,,0,n<3
50110066,2025-03-01,2025-03-31,mensual,,,0,n<3
50110066,2025-04-01,2025-04-30,mensual,,,1,n<3
50110066,2025-05-01,2025-05-31,mensual,,,1,n<3
50110066,2025-06-01,2025-06-30,mensual,,,1,n<3
50110066,2025-07-01,2025-07-31,mensual,,,2,n<3
50110066,2025-08-01,2025-08-31,mensual,2.1521157360206926,0.2531849378868215,4,valida
50110066,2025-09-01,2025-09-30,mensual,,,1,n<3
50110066,2025-10-01,2025-10-31,mensual,,,0,n<3
50110066,2025-11-01,2025-11-30,mensual,,,0,n<3
50110066,2025-12-01,2025-12-31,mensual,,,1,n<3
50110066,2026-01-01,2026-01-31,mensual,,,0,n<3
50110066,2026-02-01,2026-02-28,mensual,,,2,n<3
50110066,2026-03-01,2026-03-31,mensual,,,0,n<3
50110066,2026-04-01,2026-04-30,mensual,,,1,n<3
50110066,2024-03-01,2024-05-31,trimestral,-4.849592194894389,0.2500000000000001,3,valida
50110066,2024-04-01,2024-06-30,trimestral,,,1,n<3
50110066,2024-05-01,2024-07-31,trimestral,,,1,n<3
50110066,2024-06-01,2024-08-31,trimestral,,,1,n<3
50110066,2024-07-01,2024-09-30,trimestral,,,3,precio constante
50110066,2024-08-01,2024-10-31,trimestral,,,5,precio constante
50110066,2024-09-01,2024-11-30,trimestral,,,7,precio constante
50110066,2024-10-01,2024-12-31,trimestral,,,5,precio constante
50110066,2024-11-01,2025-01-31,trimestral,,,2,n<3
50110066,2024-12-01,2025-02-28,trimestral,,,0,n<3
50110066,2025-01-01,2025-03-31,trimestral,,,0,n<3
50110066,2025-02-01,2025-04-30,trimestral,,,1,n<3
50110066,2025-03-01,2025-05-31,trimestral,,,2,n<3
50110066,2025-04-01,2025-06-30,trimestral,,,3,precio constante
50110066,2025-05-01,2025-07-31,trimestral,,,4,precio constante
50110066,2025-06-01,2025-08-31,trimestral,1.4000552086312545,0.09418564111206673,7,valida
50110066,2025-07-01,2025-09-30,trimestral,1.4000552086312623,0.09418564111206673,7,valida
50110066,2025-08-01,2025-10-31,trimestral,1.6141418822039195,0.13188748749987145,5,valida
50110066,2025-09-01,2025-11-30,trimestral,,,1,n<3
50110066,2025-10-01,2025-12-31,trimestral,,,1,n<3
50110066,2025-11-01,2026-01-31,trimestral,,,1,n<3
50110066,2025-12-01,2026-02-28,trimestral,,,3,precio constante
50110066,2026-01-01,2026-03-31,trimestral,,,2,n<3
50110066,2026-02-01,2026-04-30,trimestral,,,3,precio constante
50110066,2024-03-01,2024-08-31,semestral,-3.2330614632628523,0.11111111111111105,4,valida
50110066,2024-04-01,2024-09-30,semestral,,,4,precio constante
50110066,2024-05-01,2024-10-31,semestral,,,6,precio constante
50110066,2024-06-01,2024-11-30,semestral,,,8,precio constante
50110066,2024-07-01,2024-12-31,semestral,,,8,precio constante
50110066,2024-08-01,2025-01-31,semestral,,,7,precio constante
50110066,2024-09-01,2025-02-28,semestral,,,7,precio constante
50110066,2024-10-01,2025-03-31,semestral,,,5,precio constante
50110066,2024-11-01,2025-04-30,semestral,5.36483178023704,1.0,3,valida
50110066,2024-12-01,2025-05-31,semestral,,,2,n<3
50110066,2025-01-01,2025-06-30,semestral,,,3,precio constante
50110066,2025-02-01,2025-07-31,semestral,,,5,precio constante
50110066,2025-03-01,2025-08-31,semestral,1.2930108168450147,0.07502552026695708,9,valida
50110066,2025-04-01,2025-09-30,semestral,1.1493639737641557,0.05662466135736299,10,valida
50110066,2025-05-01,2025-10-31,semestral,1.0500893314447222,0.048817205990193124,9,valida
50110066,2025-06-01,2025-11-30,semestral,1.2000749889488282,0.06598236508920485,8,valida
50110066,2025-07-01,2025-12-31,semestral,1.4776991528043186,0.10427985162896192,8,valida
50110066,2025-08-01,2026-01-31,semestral,1.6800262547738316,0.14556091007837624,6,valida
50110066,2025-09-01,2026-02-28,semestral,,,4,precio constante
50110066,2025-10-01,2026-03-31,semestral,,,3,precio constante
50110066,2025-11-01,2026-04-30,semestral,,,4,precio constante
50110184,2024-02-01,2024-02-29,mensual,,,1,n<3
50110184,2024-03-01,2024-03-31,mensual,,,0,n<3
50110184,2024-04-01,2024-04-30,mensual,,,0,n<3
50110184,2024-05-01,2024-05-31,mensual,,,0,n<3
50110184,2024-06-01,2024-06-30,mensual,,,0,n<3
50110184,2024-07-01,2024-07-31,mensual,,,0,n<3
50110184,2024-08-01,2024-08-31,mensual,,,0,n<3
50110184,2024-09-01,2024-09-30,mensual,,,0,n<3
50110184,2024-10-01,2024-10-31,mensual,,,1,n<3
50110184,2024-11-01,2024-11-30,mensual,,,1,n<3
50110184,2024-12-01,2024-12-31,mensual,,,0,n<3
50110184,2025-01-01,2025-01-31,mensual,,,0,n<3
50110184,2025-02-01,2025-02-28,mensual,,,0,n<3
50110184,2025-03-01,2025-03-31,mensual,,,1,n<3
50110184,2025-04-01,2025-04-30,mensual,,,0,n<3
50110184,2025-05-01,2025-05-31,mensual,,,0,n<3
50110184,2025-06-01,2025-06-30,mensual,,,0,n<3
50110184,2025-07-01,2025-07-31,mensual,,,1,n<3
50110184,2025-08-01,2025-08-31,mensual,,,1,n<3
50110184,2025-09-01,2025-09-30,mensual,,,1,n<3
50110184,2025-10-01,2025-10-31,mensual,,,1,n<3
50110184,2025-11-01,2025-11-30,mensual,,,0,n<3
50110184,2025-12-01,2025-12-31,mensual,,,1,n<3
50110184,2026-01-01,2026-01-31,mensual,,,0,n<3
50110184,2026-02-01,2026-02-28,mensual,,,0,n<3
50110184,2026-03-01,2026-03-31,mensual,,,0,n<3
50110184,2026-04-01,2026-04-30,mensual,,,1,n<3
50110184,2024-02-01,2024-04-30,trimestral,,,1,n<3
50110184,2024-03-01,2024-05-31,trimestral,,,0,n<3
50110184,2024-04-01,2024-06-30,trimestral,,,0,n<3
50110184,2024-05-01,2024-07-31,trimestral,,,0,n<3
50110184,2024-06-01,2024-08-31,trimestral,,,0,n<3
50110184,2024-07-01,2024-09-30,trimestral,,,0,n<3
50110184,2024-08-01,2024-10-31,trimestral,,,1,n<3
50110184,2024-09-01,2024-11-30,trimestral,,,2,n<3
50110184,2024-10-01,2024-12-31,trimestral,,,2,n<3
50110184,2024-11-01,2025-01-31,trimestral,,,1,n<3
50110184,2024-12-01,2025-02-28,trimestral,,,0,n<3
50110184,2025-01-01,2025-03-31,trimestral,,,1,n<3
50110184,2025-02-01,2025-04-30,trimestral,,,1,n<3
50110184,2025-03-01,2025-05-31,trimestral,,,1,n<3
50110184,2025-04-01,2025-06-30,trimestral,,,0,n<3
50110184,2025-05-01,2025-07-31,trimestral,,,1,n<3
50110184,2025-06-01,2025-08-31,trimestral,,,2,n<3
50110184,2025-07-01,2025-09-30,trimestral,,,3,qty constante
50110184,2025-08-01,2025-10-31,trimestral,,,3,precio constante
50110184,2025-09-01,2025-11-30,trimestral,,,2,n<3
50110184,2025-10-01,2025-12-31,trimestral,,,2,n<3
50110184,2025-11-01,2026-01-31,trimestral,,,1,n<3
50110184,2025-12-01,2026-02-28,trimestral,,,1,n<3
50110184,2026-01-01,2026-03-31,trimestral,,,0,n<3
50110184,2026-02-01,2026-04-30,trimestral,,,1,n<3
50110184,2024-02-01,2024-07-31,semestral,,,1,n<3
50110184,2024-03-01,2024-08-31,semestral,,,0,n<3
50110184,2024-04-01,2024-09-30,semestral,,,0,n<3
50110184,2024-05-01,2024-10-31,semestral,,,1,n<3
50110184,2024-06-01,2024-11-30,semestral,,,2,n<3
50110184,2024-07-01,2024-12-31,semestral,,,2,n<3
50110184,2024-08-01,2025-01-31,semestral,,,2,n<3
50110184,2024-09-01,2025-02-28,semestral,,,2,n<3
50110184,2024-10-01,2025-03-31,semestral,12.20971594264489,0.11640854976386139,3,valida
50110184,2024-11-01,2025-04-30,semestral,,,2,n<3
50110184,2024-12-01,2025-05-31,semestral,,,1,n<3
50110184,2025-01-01,2025-06-30,semestral,,,1,n<3
50110184,2025-02-01,2025-07-31,semestral,,,2,n<3
50110184,2025-03-01,2025-08-31,semestral,2.5131106197544684,0.25014924063523536,3,valida
50110184,2025-04-01,2025-09-30,semestral,,,3,qty constante
50110184,2025-05-01,2025-10-31,semestral,,,4,qty constante
50110184,2025-06-01,2025-11-30,semestral,,,4,qty constante
50110184,2025-07-01,2025-12-31,semestral,0.4865128726451923,0.0626399732376186,5,valida
50110184,2025-08-01,2026-01-31,semestral,,,4,precio constante
50110184,2025-09-01,2026-02-28,semestral,,,3,precio constante
50110184,2025-10-01,2026-03-31,semestral,,,2,n<3
50110184,2025-11-01,2026-04-30,semestral,,,2,n<3
50110185,2024-10-01,2024-10-31,mensual,,,1,n<3
50110185,2024-11-01,2024-11-30,mensual,,,0,n<3
50110185,2024-12-01,2024-12-31,mensual,,,0,n<3
50110185,2025-01-01,2025-01-31,mensual,,,0,n<3
50110185,2025-02-01,2025-02-28,mensual,,,0,n<3
50110185,2025-03-01,2025-03-31,mensual,,,0,n<3
50110185,2025-04-01,2025-04-30,mensual,,,0,n<3
50110185,2025-05-01,2025-05-31,mensual,,,0,n<3
50110185,2025-06-01,2025-06-30,mensual,,,0,n<3
50110185,2025-07-01,2025-07-31,mensual,,,0,n<3
50110185,2025-08-01,2025-08-31,mensual,,,0,n<3
50110185,2025-09-01,2025-09-30,mensual,,,0,n<3
50110185,2025-10-01,2025-10-31,mensual,,,0,n<3
50110185,2025-11-01,2025-11-30,mensual,,,0,n<3
50110185,2025-12-01,2025-12-31,mensual,,,1,n<3
50110185,2026-01-01,2026-01-31,mensual,,,0,n<3
50110185,2026-02-01,2026-02-28,mensual,,,1,n<3
50110185,2024-10-01,2024-12-31,trimestral,,,1,n<3
50110185,2024-11-01,2025-01-31,trimestral,,,0,n<3
50110185,2024-12-01,2025-02-28,trimestral,,,0,n<3
50110185,2025-01-01,2025-03-31,trimestral,,,0,n<3
50110185,2025-02-01,2025-04-30,trimestral,,,0,n<3
50110185,2025-03-01,2025-05-31,trimestral,,,0,n<3
50110185,2025-04-01,2025-06-30,trimestral,,,0,n<3
50110185,2025-05-01,2025-07-31,trimestral,,,0,n<3
50110185,2025-06-01,2025-08-31,trimestral,,,0,n<3
50110185,2025-07-01,2025-09-30,trimestral,,,0,n<3
50110185,2025-08-01,2025-10-31,trimestral,,,0,n<3
50110185,2025-09-01,2025-11-30,trimestral,,,0,n<3
50110185,2025-10-01,2025-12-31,trimestral,,,1,n<3
50110185,2025-11-01,2026-01-31,trimestral,,,1,n<3
50110185,2025-12-01,2026-02-28,trimestral,,,2,n<3
50110185,2024-10-01,2025-03-31,semestral,,,1,n<3
50110185,2024-11-01,2025-04-30,semestral,,,0,n<3
50110185,2024-12-01,2025-05-31,semestral,,,0,n<3
50110185,2025-01-01,2025-06-30,semestral,,,0,n<3
50110185,2025-02-01,2025-07-31,semestral,,,0,n<3
50110185,2025-03-01,2025-08-31,semestral,,,0,n<3
50110185,2025-04-01,2025-09-30,semestral,,,0,n<3
50110185,2025-05-01,2025-10-31,semestral,,,0,n<3
50110185,2025-06-01,2025-11-30,semestral,,,0,n<3
50110185,2025-07-01,2025-12-31,semestral,,,1,n<3
50110185,2025-08-01,2026-01-31,semestral,,,1,n<3
50110185,2025-09-01,2026-02-28,semestral,,,2,n<3
50110186,2024-04-01,2024-04-30,mensual,,,1,n<3
50110186,2024-05-01,2024-05-31,mensual,,,2,n<3
50110186,2024-06-01,2024-06-30,mensual,,,0,n<3
50110186,2024-07-01,2024-07-31,mensual,,,0,n<3
50110186,2024-08-01,2024-08-31,mensual,,,2,n<3
50110186,2024-09-01,2024-09-30,mensual,,,0,n<3
50110186,2024-10-01,2024-10-31,mensual,,,0,n<3
50110186,2024-11-01,2024-11-30,mensual,,,0,n<3
50110186,2024-12-01,2024-12-31,mensual,,,0,n<3
50110186,2025-01-01,2025-01-31,mensual,,,0,n<3
50110186,2025-02-01,2025-02-28,mensual,,,0,n<3
50110186,2025-03-01,2025-03-31,mensual,,,0,n<3
50110186,2025-04-01,2025-04-30,mensual,,,1,n<3
50110186,2025-05-01,2025-05-31,mensual,,,0,n<3
50110186,2025-06-01,2025-06-30,mensual,,,0,n<3
50110186,2025-07-01,2025-07-31,mensual,,,0,n<3
50110186,2025-08-01,2025-08-31,mensual,,,1,n<3
50110186,2025-09-01,2025-09-30,mensual,,,0,n<3
50110186,2025-10-01,2025-10-31,mensual,,,0,n<3
50110186,2025-11-01,2025-11-30,mensual,,,1,n<3
50110186,2025-12-01,2025-12-31,mensual,,,1,n<3
50110186,2026-01-01,2026-01-31,mensual,,,1,n<3
50110186,2026-02-01,2026-02-28,mensual,,,0,n<3
50110186,2026-03-01,2026-03-31,mensual,,,1,n<3
50110186,2024-04-01,2024-06-30,trimestral,,,3,precio constante
50110186,2024-05-01,2024-07-31,trimestral,,,2,n<3
50110186,2024-06-01,2024-08-31,trimestral,,,2,n<3
50110186,2024-07-01,2024-09-30,trimestral,,,2,n<3
50110186,2024-08-01,2024-10-31,trimestral,,,2,n<3
50110186,2024-09-01,2024-11-30,trimestral,,,0,n<3
50110186,2024-10-01,2024-12-31,trimestral,,,0,n<3
50110186,2024-11-01,2025-01-31,trimestral,,,0,n<3
50110186,2024-12-01,2025-02-28,trimestral,,,0,n<3
50110186,2025-01-01,2025-03-31,trimestral,,,0,n<3
50110186,2025-02-01,2025-04-30,trimestral,,,1,n<3
50110186,2025-03-01,2025-05-31,trimestral,,,1,n<3
50110186,2025-04-01,2025-06-30,trimestral,,,1,n<3
50110186,2025-05-01,2025-07-31,trimestral,,,0,n<3
50110186,2025-06-01,2025-08-31,trimestral,,,1,n<3
50110186,2025-07-01,2025-09-30,trimestral,,,1,n<3
50110186,2025-08-01,2025-10-31,trimestral,,,1,n<3
50110186,2025-09-01,2025-11-30,trimestral,,,1,n<3
50110186,2025-10-01,2025-12-31,trimestral,,,2,n<3
50110186,2025-11-01,2026-01-31,trimestral,,,3,qty constante
50110186,2025-12-01,2026-02-28,trimestral,,,2,n<3
50110186,2026-01-01,2026-03-31,trimestral,,,2,n<3
50110186,2024-04-01,2024-09-30,semestral,,,5,precio constante
50110186,2024-05-01,2024-10-31,semestral,,,4,precio constante
50110186,2024-06-01,2024-11-30,semestral,,,2,n<3
50110186,2024-07-01,2024-12-31,semestral,,,2,n<3
50110186,2024-08-01,2025-01-31,semestral,,,2,n<3
50110186,2024-09-01,2025-02-28,semestral,,,0,n<3
50110186,2024-10-01,2025-03-31,semestral,,,0,n<3
50110186,2024-11-01,2025-04-30,semestral,,,1,n<3
50110186,2024-12-01,2025-05-31,semestral,,,1,n<3
50110186,2025-01-01,2025-06-30,semestral,,,1,n<3
50110186,2025-02-01,2025-07-31,semestral,,,1,n<3
50110186,2025-03-01,2025-08-31,semestral,,,2,n<3
50110186,2025-04-01,2025-09-30,semestral,,,2,n<3
50110186,2025-05-01,2025-10-31,semestral,,,1,n<3
50110186,2025-06-01,2025-11-30,semestral,,,2,n<3
50110186,2025-07-01,2025-12-31,semestral,,,3,qty constante
50110186,2025-08-01,2026-01-31,semestral,,,4,qty constante
50110186,2025-09-01,2026-02-28,semestral,,,3,qty constante
50110186,2025-10-01,2026-03-31,semestral,,,4,qty constante
50110187,2024-01-01,2024-01-31,mensual,,,1,n<3
50110190,2024-02-01,2024-02-29,mensual,,,1,n<3
50110190,2024-03-01,2024-03-31,mensual,,,0,n<3
50110190,2024-04-01,2024-04-30,mensual,,,3,precio constante
50110190,2024-05-01,2024-05-31,mensual,,,0,n<3
50110190,2024-06-01,2024-06-30,mensual,,,0,n<3
50110190,2024-07-01,2024-07-31,mensual,,,0,n<3
50110190,2024-08-01,2024-08-31,mensual,,,0,n<3
50110190,2024-09-01,2024-09-30,mensual,,,0,n<3
50110190,2024-10-01,2024-10-31,mensual,,,2,n<3
50110190,2024-11-01,2024-11-30,mensual,,,2,n<3
50110190,2024-02-01,2024-04-30,trimestral,12.934268868981059,0.6666666666666667,4,valida
50110190,2024-03-01,2024-05-31,trimestral,,,3,precio constante
50110190,2024-04-01,2024-06-30,trimestral,,,3,precio constante
50110190,2024-05-01,2024-07-31,trimestral,,,0,n<3
50110190,2024-06-01,2024-08-31,trimestral,,,0,n<3
50110190,2024-07-01,2024-09-30,trimestral,,,0,n<3
50110190,2024-08-01,2024-10-31,trimestral,,,2,n<3
50110190,2024-09-01,2024-11-30,trimestral,,,4,precio constante
50110190,2024-02-01,2024-07-31,semestral,12.934268868981059,0.6666666666666667,4,valida
50110190,2024-03-01,2024-08-31,semestral,,,3,precio constante
50110190,2024-04-01,2024-09-30,semestral,,,3,precio constante
50110190,2024-05-01,2024-10-31,semestral,,,2,n<3
50110190,2024-06-01,2024-11-30,semestral,,,4,precio constante
50110191,2024-03-01,2024-03-31,mensual,,,1,n<3
50110193,2024-03-01,2024-03-31,mensual,,,1,n<3
50110193,2024-04-01,2024-04-30,mensual,,,0,n<3
50110193,2024-05-01,2024-05-31,mensual,,,0,n<3
50110193,2024-06-01,2024-06-30,mensual,,,1,n<3
50110193,2024-07-01,2024-07-31,mensual,,,0,n<3
50110193,2024-08-01,2024-08-31,mensual,,,0,n<3
50110193,2024-09-01,2024-09-30,mensual,,,0,n<3
50110193,2024-10-01,2024-10-31,mensual,,,0,n<3
50110193,2024-11-01,2024-11-30,mensual,,,1,n<3
50110193,2024-12-01,2024-12-31,mensual,,,0,n<3
50110193,2025-01-01,2025-01-31,mensual,,,1,n<3
50110193,2025-02-01,2025-02-28,mensual,,,0,n<3
50110193,2025-03-01,2025-03-31,mensual,,,0,n<3
50110193,2025-04-01,2025-04-30,mensual,,,0,n<3
50110193,2025-05-01,2025-05-31,mensual,,,0,n<3
50110193,2025-06-01,2025-06-30,mensual,,,0,n<3
50110193,2025-07-01,2025-07-31,mensual,,,0,n<3
50110193,2025-08-01,2025-08-31,mensual,,,1,n<3
50110193,2025-09-01,2025-09-30,mensual,,,0,n<3
50110193,2025-10-01,2025-10-31,mensual,,,0,n<3
50110193,2025-11-01,2025-11-30,mensual,,,0,n<3
50110193,2025-12-01,2025-12-31,mensual,,,0,n<3
50110193,2026-01-01,2026-01-31,mensual,,,0,n<3
50110193,2026-02-01,2026-02-28,mensual,,,1,n<3
50110193,2024-03-01,2024-05-31,trimestral,,,1,n<3
50110193,2024-04-01,2024-06-30,trimestral,,,1,n<3
50110193,2024-05-01,2024-07-31,trimestral,,,1,n<3
50110193,2024-06-01,2024-08-31,trimestral,,,1,n<3
50110193,2024-07-01,2024-09-30,trimestral,,,0,n<3
50110193,2024-08-01,2024-10-31,trimestral,,,0,n<3
50110193,2024-09-01,2024-11-30,trimestral,,,1,n<3
50110193,2024-10-01,2024-12-31,trimestral,,,1,n<3
50110193,2024-11-01,2025-01-31,trimestral,,,2,n<3
50110193,2024-12-01,2025-02-28,trimestral,,,1,n<3
50110193,2025-01-01,2025-03-31,trimestral,,,1,n<3
50110193,2025-02-01,2025-04-30,trimestral,,,0,n<3
50110193,2025-03-01,2025-05-31,trimestral,,,0,n<3
50110193,2025-04-01,2025-06-30,trimestral,,,0,n<3
50110193,2025-05-01,2025-07-31,trimestral,,,0,n<3
50110193,2025-06-01,2025-08-31,trimestral,,,1,n<3
50110193,2025-07-01,2025-09-30,trimestral,,,1,n<3
50110193,2025-08-01,2025-10-31,trimestral,,,1,n<3
50110193,2025-09-01,2025-11-30,trimestral,,,0,n<3
50110193,2025-10-01,2025-12-31,trimestral,,,0,n<3
50110193,2025-11-01,2026-01-31,trimestral,,,0,n<3
50110193,2025-12-01,2026-02-28,trimestral,,,1,n<3
50110193,2024-03-01,2024-08-31,semestral,,,2,n<3
50110193,2024-04-01,2024-09-30,semestral,,,1,n<3
50110193,2024-05-01,2024-10-31,semestral,,,1,n<3
50110193,2024-06-01,2024-11-30,semestral,,,2,n<3
50110193,2024-07-01,2024-12-31,semestral,,,1,n<3
50110193,2024-08-01,2025-01-31,semestral,,,2,n<3
50110193,2024-09-01,2025-02-28,semestral,,,2,n<3
50110193,2024-10-01,2025-03-31,semestral,,,2,n<3
50110193,2024-11-01,2025-04-30,semestral,,,2,n<3
50110193,2024-12-01,2025-05-31,semestral,,,1,n<3
50110193,2025-01-01,2025-06-30,semestral,,,1,n<3
50110193,2025-02-01,2025-07-31,semestral,,,0,n<3
50110193,2025-03-01,2025-08-31,semestral,,,1,n<3
50110193,2025-04-01,2025-09-30,semestral,,,1,n<3
50110193,2025-05-01,2025-10-31,semestral,,,1,n<3
50110193,2025-06-01,2025-11-30,semestral,,,1,n<3
50110193,2025-07-01,2025-12-31,semestral,,,1,n<3
50110193,2025-08-01,2026-01-31,semestral,,,1,n<3
50110193,2025-09-01,2026-02-28,semestral,,,1,n<3
50110194,2024-01-01,2024-01-31,mensual,,,2,n<3
50110194,2024-02-01,2024-02-29,mensual,,,1,n<3
50110194,2024-03-01,2024-03-31,mensual,,,0,n<3
50110194,2024-04-01,2024-04-30,mensual,,,0,n<3
50110194,2024-05-01,2024-05-31,mensual,,,0,n<3
50110194,2024-06-01,2024-06-30,mensual,,,0,n<3
50110194,2024-07-01,2024-07-31,mensual,,,0,n<3
50110194,2024-08-01,2024-08-31,mensual,,,0,n<3
50110194,2024-09-01,2024-09-30,mensual,,,2,n<3
50110194,2024-10-01,2024-10-31,mensual,,,0,n<3
50110194,2024-11-01,2024-11-30,mensual,,,0,n<3
50110194,2024-12-01,2024-12-31,mensual,,,0,n<3
50110194,2025-01-01,2025-01-31,mensual,,,0,n<3
50110194,2025-02-01,2025-02-28,mensual,,,0,n<3
50110194,2025-03-01,2025-03-31,mensual,,,0,n<3
50110194,2025-04-01,2025-04-30,mensual,,,0,n<3
50110194,2025-05-01,2025-05-31,mensual,,,1,n<3
50110194,2025-06-01,2025-06-30,mensual,,,0,n<3
50110194,2025-07-01,2025-07-31,mensual,,,0,n<3
50110194,2025-08-01,2025-08-31,mensual,,,1,n<3
50110194,2024-01-01,2024-03-31,trimestral,,,3,precio constante
50110194,2024-02-01,2024-04-30,trimestral,,,1,n<3
50110194,2024-03-01,2024-05-31,trimestral,,,0,n<3
50110194,2024-04-01,2024-06-30,trimestral,,,0,n<3
50110194,2024-05-01,2024-07-31,trimestral,,,0,n<3
50110194,2024-06-01,2024-08-31,trimestral,,,0,n<3
50110194,2024-07-01,2024-09-30,trimestral,,,2,n<3
50110194,2024-08-01,2024-10-31,trimestral,,,2,n<3
50110194,2024-09-01,2024-11-30,trimestral,,,2,n<3
50110194,2024-10-01,2024-12-31,trimestral,,,0,n<3
50110194,2024-11-01,2025-01-31,trimestral,,,0,n<3
50110194,2024-12-01,2025-02-28,trimestral,,,0,n<3
50110194,2025-01-01,2025-03-31,trimestral,,,0,n<3
50110194,2025-02-01,2025-04-30,trimestral,,,0,n<3
50110194,2025-03-01,2025-05-31,trimestral,,,1,n<3
50110194,2025-04-01,2025-06-30,trimestral,,,1,n<3
50110194,2025-05-01,2025-07-31,trimestral,,,1,n<3
50110194,2025-06-01,2025-08-31,trimestral,,,1,n<3
50110194,2024-01-01,2024-06-30,semestral,,,3,precio constante
50110194,2024-02-01,2024-07-31,semestral,,,1,n<3
50110194,2024-03-01,2024-08-31,semestral,,,0,n<3
50110194,2024-04-01,2024-09-30,semestral,,,2,n<3
50110194,2024-05-01,2024-10-31,semestral,,,2,n<3
50110194,2024-06-01,2024-11-30,semestral,,,2,n<3
50110194,2024-07-01,2024-12-31,semestral,,,2,n<3
50110194,2024-08-01,2025-01-31,semestral,,,2,n<3
50110194,2024-09-01,2025-02-28,semestral,,,2,n<3
50110194,2024-10-01,2025-03-31,semestral,,,0,n<3
50110194,2024-11-01,2025-04-30,semestral,,,0,n<3
50110194,2024-12-01,2025-05-31,semestral,,,1,n<3
50110194,2025-01-01,2025-06-30,semestral,,,1,n<3
50110194,2025-02-01,2025-07-31,semestral,,,1,n<3
50110194,2025-03-01,2025-08-31,semestral,,,2,n<3
50110195,2024-07-01,2024-07-31,mensual,,,1,n<3
50110195,2024-08-01,2024-08-31,mensual,,,0,n<3
50110195,2024-09-01,2024-09-30,mensual,,,1,n<3
50110195,2024-10-01,2024-10-31,mensual,,,0,n<3
50110195,2024-11-01,2024-11-30,mensual,,,0,n<3
50110195,2024-12-01,2024-12-31,mensual,,,0,n<3
50110195,2025-01-01,2025-01-31,mensual,,,0,n<3
50110195,2025-02-01,2025-02-28,mensual,,,0,n<3
50110195,2025-03-01,2025-03-31,mensual,,,0,n<3
50110195,2025-04-01,2025-04-30,mensual,,,0,n<3
50110195,2025-05-01,2025-05-31,mensual,,,0,n<3
50110195,2025-06-01,2025-06-30,mensual,,,1,n<3
50110195,2025-07-01,2025-07-31,mensual,,,0,n<3
50110195,2025-08-01,2025-08-31,mensual,,,1,n<3
50110195,2025-09-01,2025-09-30,mensual,,,0,n<3
50110195,2025-10-01,2025-10-31,mensual,,,1,n<3
50110195,2025-11-01,2025-11-30,mensual,,,0,n<3
50110195,2025-12-01,2025-12-31,mensual,,,0,n<3
50110195,2026-01-01,2026-01-31,mensual,,,3,qty constante
50110195,2026-02-01,2026-02-28,mensual,,,0,n<3
50110195,2026-03-01,2026-03-31,mensual,,,1,n<3
50110195,2024-07-01,2024-09-30,trimestral,,,2,n<3
50110195,2024-08-01,2024-10-31,trimestral,,,1,n<3
50110195,2024-09-01,2024-11-30,trimestral,,,1,n<3
50110195,2024-10-01,2024-12-31,trimestral,,,0,n<3
50110195,2024-11-01,2025-01-31,trimestral,,,0,n<3
50110195,2024-12-01,2025-02-28,trimestral,,,0,n<3
50110195,2025-01-01,2025-03-31,trimestral,,,0,n<3
50110195,2025-02-01,2025-04-30,trimestral,,,0,n<3
50110195,2025-03-01,2025-05-31,trimestral,,,0,n<3
50110195,2025-04-01,2025-06-30,trimestral,,,1,n<3
50110195,2025-05-01,2025-07-31,trimestral,,,1,n<3
50110195,2025-06-01,2025-08-31,trimestral,,,2,n<3
50110195,2025-07-01,2025-09-30,trimestral,,,1,n<3
50110195,2025-08-01,2025-10-31,trimestral,,,2,n<3
50110195,2025-09-01,2025-11-30,trimestral,,,1,n<3
50110195,2025-10-01,2025-12-31,trimestral,,,1,n<3
50110195,2025-11-01,2026-01-31,trimestral,,,3,qty constante
50110195,2025-12-01,2026-02-28,trimestral,,,3,qty constante
50110195,2026-01-01,2026-03-31,trimestral,,,4,qty constante
50110195,2024-07-01,2024-12-31,semestral,,,2,n<3
50110195,2024-08-01,2025-01-31,semestral,,,1,n<3
50110195,2024-09-01,2025-02-28,semestral,,,1,n<3
50110195,2024-10-01,2025-03-31,semestral,,,0,n<3
50110195,2024-11-01,2025-04-30,semestral,,,0,n<3
50110195,2024-12-01,2025-05-31,semestral,,,0,n<3
50110195,2025-01-01,2025-06-30,semestral,,,1,n<3
50110195,2025-02-01,2025-07-31,semestral,,,1,n<3
50110195,2025-03-01,2025-08-31,semestral,,,2,n<3
50110195,2025-04-01,2025-09-30,semestral,,,2,n<3
50110195,2025-05-01,2025-10-31,semestral,,,3,precio constante
50110195,2025-06-01,2025-11-30,semestral,,,3,precio constante
50110195,2025-07-01,2025-12-31,semestral,,,2,n<3
50110195,2025-08-01,2026-01-31,semestral,,,5,qty constante
50110195,2025-09-01,2026-02-28,semestral,,,4,qty constante
50110195,2025-10-01,2026-03-31,semestral,,,5,qty constante
50110196,2024-01-01,2024-01-31,mensual,,,2,n<3
50110196,2024-02-01,2024-02-29,mensual,,,1,n<3
50110196,2024-03-01,2024-03-31,mensual,,,0,n<3
50110196,2024-04-01,2024-04-30,mensual,,,0,n<3
50110196,2024-05-01,2024-05-31,mensual,,,0,n<3
50110196,2024-06-01,2024-06-30,mensual,,,0,n<3
50110196,2024-07-01,2024-07-31,mensual,,,0,n<3
50110196,2024-08-01,2024-08-31,mensual,,,1,n<3
50110196,2024-09-01,2024-09-30,mensual,,,0,n<3
50110196,2024-10-01,2024-10-31,mensual,,,0,n<3
50110196,2024-11-01,2024-11-30,mensual,,,0,n<3
50110196,2024-12-01,2024-12-31,mensual,,,0,n<3
50110196,2025-01-01,2025-01-31,mensual,,,1,n<3
50110196,2025-02-01,2025-02-28,mensual,,,3,precio constante
50110196,2025-03-01,2025-03-31,mensual,,,2,n<3
50110196,2024-01-01,2024-03-31,trimestral,1.2038760647345768,0.24977740655855496,3,valida
50110196,2024-02-01,2024-04-30,trimestral,,,1,n<3
50110196,2024-03-01,2024-05-31,trimestral,,,0,n<3
50110196,2024-04-01,2024-06-30,trimestral,,,0,n<3
50110196,2024-05-01,2024-07-31,trimestral,,,0,n<3
50110196,2024-06-01,2024-08-31,trimestral,,,1,n<3
50110196,2024-07-01,2024-09-30,trimestral,,,1,n<3
50110196,2024-08-01,2024-10-31,trimestral,,,1,n<3
50110196,2024-09-01,2024-11-30,trimestral,,,0,n<3
50110196,2024-10-01,2024-12-31,trimestral,,,0,n<3
50110196,2024-11-01,2025-01-31,trimestral,,,1,n<3
50110196,2024-12-01,2025-02-28,trimestral,,,4,precio constante
50110196,2025-01-01,2025-03-31,trimestral,,,6,precio constante
50110196,2024-01-01,2024-06-30,semestral,1.2038760647345768,0.24977740655855496,3,valida
50110196,2024-02-01,2024-07-31,semestral,,,1,n<3
50110196,2024-03-01,2024-08-31,semestral,,,1,n<3
50110196,2024-04-01,2024-09-30,semestral,,,1,n<3
50110196,2024-05-01,2024-10-31,semestral,,,1,n<3
50110196,2024-06-01,2024-11-30,semestral,,,1,n<3
50110196,2024-07-01,2024-12-31,semestral,,,1,n<3
50110196,2024-08-01,2025-01-31,semestral,,,2,n<3
50110196,2024-09-01,2025-02-28,semestral,,,4,precio constante
50110196,2024-10-01,2025-03-31,semestral,,,6,precio constante
50110197,2024-02-01,2024-02-29,mensual,,,1,n<3
50110197,2024-03-01,2024-03-31,mensual,,,0,n<3
50110197,2024-04-01,2024-04-30,mensual,,,0,n<3
50110197,2024-05-01,2024-05-31,mensual,,,0,n<3
50110197,2024-06-01,2024-06-30,mensual,,,0,n<3
50110197,2024-07-01,2024-07-31,mensual,,,0,n<3
50110197,2024-08-01,2024-08-31,mensual,,,0,n<3
50110197,2024-09-01,2024-09-30,mensual,,,0,n<3
50110197,2024-10-01,2024-10-31,mensual,,,0,n<3
50110197,2024-11-01,2024-11-30,mensual,,,0,n<3
50110197,2024-12-01,2024-12-31,mensual,,,0,n<3
50110197,2025-01-01,2025-01-31,mensual,,,1,n<3
50110197,2025-02-01,2025-02-28,mensual,,,1,n<3
50110197,2025-03-01,2025-03-31,mensual,,,0,n<3
50110197,2025-04-01,2025-04-30,mensual,,,0,n<3
50110197,2025-05-01,2025-05-31,mensual,,,0,n<3
50110197,2025-06-01,2025-06-30,mensual,,,1,n<3
50110197,2025-07-01,2025-07-31,mensual,,,0,n<3
50110197,2025-08-01,2025-08-31,mensual,,,0,n<3
50110197,2025-09-01,2025-09-30,mensual,,,0,n<3
50110197,2025-10-01,2025-10-31,mensual,,,0,n<3
50110197,2025-11-01,2025-11-30,mensual,,,0,n<3
50110197,2025-12-01,2025-12-31,mensual,,,0,n<3
50110197,2026-01-01,2026-01-31,mensual,,,0,n<3
50110197,2026-02-01,2026-02-28,mensual,,,0,n<3
50110197,2026-03-01,2026-03-31,mensual,,,0,n<3
50110197,2026-04-01,2026-04-30,mensual,,,1,n<3
50110197,2024-02-01,2024-04-30,trimestral,,,1,n<3
50110197,2024-03-01,2024-05-31,trimestral,,,0,n<3
50110197,2024-04-01,2024-06-30,trimestral,,,0,n<3
50110197,2024-05-01,2024-07-31,trimestral,,,0,n<3
50110197,2024-06-01,2024-08-31,trimestral,,,0,n<3
50110197,2024-07-01,2024-09-30,trimestral,,,0,n<3
50110197,2024-08-01,2024-10-31,trimestral,,,0,n<3
50110197,2024-09-01,2024-11-30,trimestral,,,0,n<3
50110197,2024-10-01,2024-12-31,trimestral,,,0,n<3
50110197,2024-11-01,2025-01-31,trimestral,,,1,n<3
50110197,2024-12-01,2025-02-28,trimestral,,,2,n<3
50110197,2025-01-01,2025-03-31,trimestral,,,2,n<3
50110197,2025-02-01,2025-04-30,trimestral,,,1,n<3
50110197,2025-03-01,2025-05-31,trimestral,,,0,n<3
50110197,2025-04-01,2025-06-30,trimestral,,,1,n<3
50110197,2025-05-01,2025-07-31,trimestral,,,1,n<3
50110197,2025-06-01,2025-08-31,trimestral,,,1,n<3
50110197,2025-07-01,2025-09-30,trimestral,,,0,n<3
50110197,2025-08-01,2025-10-31,trimestral,,,0,n<3
50110197,2025-09-01,2025-11-30,trimestral,,,0,n<3
50110197,2025-10-01,2025-12-31,trimestral,,,0,n<3
50110197,2025-11-01,2026-01-31,trimestral,,,0,n<3
50110197,2025-12-01,2026-02-28,trimestral,,,0,n<3
50110197,2026-01-01,2026-03-31,trimestral,,,0,n<3
50110197,2026-02-01,2026-04-30,trimestral,,,1,n<3
50110197,2024-02-01,2024-07-31,semestral,,,1,n<3
50110197,2024-03-01,2024-08-31,semestral,,,0,n<3
50110197,2024-04-01,2024-09-30,semestral,,,0,n<3
50110197,2024-05-01,2024-10-31,semestral,,,0,n<3
50110197,2024-06-01,2024-11-30,semestral,,,0,n<3
50110197,2024-07-01,2024-12-31,semestral,,,0,n<3
50110197,2024-08-01,2025-01-31,semestral,,,1,n<3
50110197,2024-09-01,2025-02-28,semestral,,,2,n<3
50110197,2024-10-01,2025-03-31,semestral,,,2,n<3
50110197,2024-11-01,2025-04-30,semestral,,,2,n<3
50110197,2024-12-01,2025-05-31,semestral,,,2,n<3
50110197,2025-01-01,2025-06-30,semestral,,,3,precio constante
50110197,2025-02-01,2025-07-31,semestral,,,2,n<3
50110197,2025-03-01,2025-08-31,semestral,,,1,n<3
50110197,2025-04-01,2025-09-30,semestral,,,1,n<3
50110197,2025-05-01,2025-10-31,semestral,,,1,n<3
50110197,2025-06-01,2025-11-30,semestral,,,1,n<3
50110197,2025-07-01,2025-12-31,semestral,,,0,n<3
50110197,2025-08-01,2026-01-31,semestral,,,0,n<3
50110197,2025-09-01,2026-02-28,semestral,,,0,n<3
50110197,2025-10-01,2026-03-31,semestral,,,0,n<3
50110197,2025-11-01,2026-04-30,semestral,,,1,n<3
50110198,2024-03-01,2024-03-31,mensual,,,1,n<3
50110198,2024-04-01,2024-04-30,mensual,,,0,n<3
50110198,2024-05-01,2024-05-31,mensual,,,0,n<3
50110198,2024-06-01,2024-06-30,mensual,,,0,n<3
50110198,2024-07-01,2024-07-31,mensual,,,1,n<3
50110198,2024-08-01,2024-08-31,mensual,,,1,n<3
50110198,2024-09-01,2024-09-30,mensual,,,0,n<3
50110198,2024-10-01,2024-10-31,mensual,,,0,n<3
50110198,2024-11-01,2024-11-30,mensual,,,0,n<3
50110198,2024-12-01,2024-12-31,mensual,,,0,n<3
50110198,2025-01-01,2025-01-31,mensual,9.345206950432825,0.2496912054005328,3,valida
50110198,2025-02-01,2025-02-28,mensual,,,0,n<3
50110198,2025-03-01,2025-03-31,mensual,,,1,n<3
50110198,2024-03-01,2024-05-31,trimestral,,,1,n<3
50110198,2024-04-01,2024-06-30,trimestral,,,0,n<3
50110198,2024-05-01,2024-07-31,trimestral,,,1,n<3
50110198,2024-06-01,2024-08-31,trimestral,,,2,n<3
50110198,2024-07-01,2024-09-30,trimestral,,,2,n<3
50110198,2024-08-01,2024-10-31,trimestral,,,1,n<3
50110198,2024-09-01,2024-11-30,trimestral,,,0,n<3
50110198,2024-10-01,2024-12-31,trimestral,,,0,n<3
50110198,2024-11-01,2025-01-31,trimestral,9.345206950432825,0.2496912054005328,3,valida
50110198,2024-12-01,2025-02-28,trimestral,9.345206950432825,0.2496912054005328,3,valida
50110198,2025-01-01,2025-03-31,trimestral,9.347132765499067,0.33305882096856954,4,valida
50110198,2024-03-01,2024-08-31,semestral,,,3,precio constante
50110198,2024-04-01,2024-09-30,semestral,,,2,n<3
50110198,2024-05-01,2024-10-31,semestral,,,2,n<3
50110198,2024-06-01,2024-11-30,semestral,,,2,n<3
50110198,2024-07-01,2024-12-31,semestral,,,2,n<3
50110198,2024-08-01,2025-01-31,semestral,9.474708235233747,0.24646494300587074,4,valida
50110198,2024-09-01,2025-02-28,semestral,9.345206950432825,0.2496912054005328,3,valida
50110198,2024-10-01,2025-03-31,semestral,9.347132765499067,0.33305882096856954,4,valida
50111545,2024-02-01,2024-02-29,mensual,,,1,n<3
50111545,2024-03-01,2024-03-31,mensual,,,0,n<3
50111545,2024-04-01,2024-04-30,mensual,,,0,n<3
50111545,2024-05-01,2024-05-31,mensual,,,0,n<3
50111545,2024-06-01,2024-06-30,mensual,,,0,n<3
50111545,2024-07-01,2024-07-31,mensual,,,0,n<3
50111545,2024-08-01,2024-08-31,mensual,,,1,n<3
50111545,2024-09-01,2024-09-30,mensual,,,0,n<3
50111545,2024-10-01,2024-10-31,mensual,,,0,n<3
50111545,2024-11-01,2024-11-30,mensual,,,0,n<3
50111545,2024-12-01,2024-12-31,mensual,,,2,n<3
50111545,2025-01-01,2025-01-31,mensual,,,0,n<3
50111545,2025-02-01,2025-02-28,mensual,,,0,n<3
50111545,2025-03-01,2025-03-31,mensual,,,0,n<3
50111545,2025-04-01,2025-04-30,mensual,,,0,n<3
50111545,2025-05-01,2025-05-31,mensual,,,0,n<3
50111545,2025-06-01,2025-06-30,mensual,,,0,n<3
50111545,2025-07-01,2025-07-31,mensual,,,1,n<3
50111545,2025-08-01,2025-08-31,mensual,,,2,n<3
50111545,2025-09-01,2025-09-30,mensual,,,1,n<3
50111545,2025-10-01,2025-10-31,mensual,,,0,n<3
50111545,2025-11-01,2025-11-30,mensual,,,0,n<3
50111545,2025-12-01,2025-12-31,mensual,,,2,n<3
50111545,2026-01-01,2026-01-31,mensual,,,0,n<3
50111545,2026-02-01,2026-02-28,mensual,,,0,n<3
50111545,2026-03-01,2026-03-31,mensual,,,0,n<3
50111545,2026-04-01,2026-04-30,mensual,,,1,n<3
50111545,2024-02-01,2024-04-30,trimestral,,,1,n<3
50111545,2024-03-01,2024-05-31,trimestral,,,0,n<3
50111545,2024-04-01,2024-06-30,trimestral,,,0,n<3
50111545,2024-05-01,2024-07-31,trimestral,,,0,n<3
50111545,2024-06-01,2024-08-31,trimestral,,,1,n<3
50111545,2024-07-01,2024-09-30,trimestral,,,1,n<3
50111545,2024-08-01,2024-10-31,trimestral,,,1,n<3
50111545,2024-09-01,2024-11-30,trimestral,,,0,n<3
50111545,2024-10-01,2024-12-31,trimestral,,,2,n<3
50111545,2024-11-01,2025-01-31,trimestral,,,2,n<3
50111545,2024-12-01,2025-02-28,trimestral,,,2,n<3
50111545,2025-01-01,2025-03-31,trimestral,,,0,n<3
50111545,2025-02-01,2025-04-30,trimestral,,,0,n<3
50111545,2025-03-01,2025-05-31,trimestral,,,0,n<3
50111545,2025-04-01,2025-06-30,trimestral,,,0,n<3
50111545,2025-05-01,2025-07-31,trimestral,,,1,n<3
50111545,2025-06-01,2025-08-31,trimestral,,,3,precio constante
50111545,2025-07-01,2025-09-30,trimestral,,,4,precio constante
50111545,2025-08-01,2025-10-31,trimestral,,,3,precio constante
50111545,2025-09-01,2025-11-30,trimestral,,,1,n<3
50111545,2025-10-01,2025-12-31,trimestral,,,2,n<3
50111545,2025-11-01,2026-01-31,trimestral,,,2,n<3
50111545,2025-12-01,2026-02-28,trimestral,,,2,n<3
50111545,2026-01-01,2026-03-31,trimestral,,,0,n<3
50111545,2026-02-01,2026-04-30,trimestral,,,1,n<3
50111545,2024-02-01,2024-07-31,semestral,,,1,n<3
50111545,2024-03-01,2024-08-31,semestral,,,1,n<3
50111545,2024-04-01,2024-09-30,semestral,,,1,n<3
50111545,2024-05-01,2024-10-31,semestral,,,1,n<3
50111545,2024-06-01,2024-11-30,semestral,,,1,n<3
50111545,2024-07-01,2024-12-31,semestral,,,3,precio constante
50111545,2024-08-01,2025-01-31,semestral,,,3,precio constante
50111545,2024-09-01,2025-02-28,semestral,,,2,n<3
50111545,2024-10-01,2025-03-31,semestral,,,2,n<3
50111545,2024-11-01,2025-04-30,semestral,,,2,n<3
50111545,2024-12-01,2025-05-31,semestral,,,2,n<3
50111545,2025-01-01,2025-06-30,semestral,,,0,n<3
50111545,2025-02-01,2025-07-31,semestral,,,1,n<3
50111545,2025-03-01,2025-08-31,semestral,,,3,precio constante
50111545,2025-04-01,2025-09-30,semestral,,,4,precio constante
50111545,2025-05-01,2025-10-31,semestral,,,4,precio constante
50111545,2025-06-01,2025-11-30,semestral,,,4,precio constante
50111545,2025-07-01,2025-12-31,semestral,,,6,precio constante
50111545,2025-08-01,2026-01-31,semestral,,,5,precio constante
50111545,2025-09-01,2026-02-28,semestral,,,3,precio constante
50111545,2025-10-01,2026-03-31,semestral,,,2,n<3
50111545,2025-11-01,2026-04-30,semestral,,,3,precio constante
50111548,2024-04-01,2024-04-30,mensual,,,1,n<3
50111548,2024-05-01,2024-05-31,mensual,,,1,n<3
50111548,2024-06-01,2024-06-30,mensual,,,0,n<3
50111548,2024-07-01,2024-07-31,mensual,,,0,n<3
50111548,2024-08-01,2024-08-31,mensual,,,2,n<3
50111548,2024-09-01,2024-09-30,mensual,,,0,n<3
50111548,2024-10-01,2024-10-31,mensual,,,0,n<3
50111548,2024-11-01,2024-11-30,mensual,,,0,n<3
50111548,2024-12-01,2024-12-31,mensual,,,0,n<3
50111548,2025-01-01,2025-01-31,mensual,,,0,n<3
50111548,2025-02-01,2025-02-28,mensual,,,1,n<3
50111548,2025-03-01,2025-03-31,mensual,,,0,n<3
50111548,2025-04-01,2025-04-30,mensual,,,0,n<3
50111548,2025-05-01,2025-05-31,mensual,,,2,n<3
50111548,2025-06-01,2025-06-30,mensual,,,0,n<3
50111548,2025-07-01,2025-07-31,mensual,,,0,n<3
50111548,2025-08-01,2025-08-31,mensual,,,1,n<3
50111548,2025-09-01,2025-09-30,mensual,,,1,n<3
50111548,2025-10-01,2025-10-31,mensual,,,1,n<3
50111548,2025-11-01,2025-11-30,mensual,,,0,n<3
50111548,2025-12-01,2025-12-31,mensual,,,0,n<3
50111548,2026-01-01,2026-01-31,mensual,,,2,n<3
50111548,2024-04-01,2024-06-30,trimestral,,,2,n<3
50111548,2024-05-01,2024-07-31,trimestral,,,1,n<3
50111548,2024-06-01,2024-08-31,trimestral,,,2,n<3
50111548,2024-07-01,2024-09-30,trimestral,,,2,n<3
50111548,2024-08-01,2024-10-31,trimestral,,,2,n<3
50111548,2024-09-01,2024-11-30,trimestral,,,0,n<3
50111548,2024-10-01,2024-12-31,trimestral,,,0,n<3
50111548,2024-11-01,2025-01-31,trimestral,,,0,n<3
50111548,2024-12-01,2025-02-28,trimestral,,,1,n<3
50111548,2025-01-01,2025-03-31,trimestral,,,1,n<3
50111548,2025-02-01,2025-04-30,trimestral,,,1,n<3
50111548,2025-03-01,2025-05-31,trimestral,,,2,n<3
50111548,2025-04-01,2025-06-30,trimestral,,,2,n<3
50111548,2025-05-01,2025-07-31,trimestral,,,2,n<3
50111548,2025-06-01,2025-08-31,trimestral,,,1,n<3
50111548,2025-07-01,2025-09-30,trimestral,,,2,n<3
50111548,2025-08-01,2025-10-31,trimestral,,,3,qty constante
50111548,2025-09-01,2025-11-30,trimestral,,,2,n<3
50111548,2025-10-01,2025-12-31,trimestral,,,1,n<3
50111548,2025-11-01,2026-01-31,trimestral,,,2,n<3
50111548,2024-04-01,2024-09-30,semestral,,,4,qty constante
50111548,2024-05-01,2024-10-31,semestral,,,3,qty constante
50111548,2024-06-01,2024-11-30,semestral,,,2,n<3
50111548,2024-07-01,2024-12-31,semestral,,,2,n<3
50111548,2024-08-01,2025-01-31,semestral,,,2,n<3
50111548,2024-09-01,2025-02-28,semestral,,,1,n<3
50111548,2024-10-01,2025-03-31,semestral,,,1,n<3
50111548,2024-11-01,2025-04-30,semestral,,,1,n<3
50111548,2024-12-01,2025-05-31,semestral,,,3,precio constante
50111548,2025-01-01,2025-06-30,semestral,,,3,precio constante
50111548,2025-02-01,2025-07-31,semestral,,,3,precio constante
50111548,2025-03-01,2025-08-31,semestral,-7.703932072157194,0.250855278106738,3,valida
50111548,2025-04-01,2025-09-30,semestral,-5.143751321614938,0.1117875281133166,4,valida
50111548,2025-05-01,2025-10-31,semestral,-3.862931473431389,0.06303546267223803,5,valida
50111548,2025-06-01,2025-11-30,semestral,,,3,qty constante
50111548,2025-07-01,2025-12-31,semestral,,,3,qty constante
50111548,2025-08-01,2026-01-31,semestral,-2.4275579722903684,0.06249999999999989,5,valida
50111549,2024-01-01,2024-01-31,mensual,,,1,n<3
50111549,2024-02-01,2024-02-29,mensual,,,0,n<3
50111549,2024-03-01,2024-03-31,mensual,,,0,n<3
50111549,2024-04-01,2024-04-30,mensual,,,0,n<3
50111549,2024-05-01,2024-05-31,mensual,,,0,n<3
50111549,2024-06-01,2024-06-30,mensual,,,1,n<3
50111549,2024-07-01,2024-07-31,mensual,,,1,n<3
50111549,2024-08-01,2024-08-31,mensual,,,0,n<3
50111549,2024-09-01,2024-09-30,mensual,,,0,n<3
50111549,2024-10-01,2024-10-31,mensual,,,0,n<3
50111549,2024-11-01,2024-11-30,mensual,,,0,n<3
50111549,2024-12-01,2024-12-31,mensual,,,0,n<3
50111549,2025-01-01,2025-01-31,mensual,,,0,n<3
50111549,2025-02-01,2025-02-28,mensual,,,0,n<3
50111549,2025-03-01,2025-03-31,mensual,,,0,n<3
50111549,2025-04-01,2025-04-30,mensual,,,0,n<3
50111549,2025-05-01,2025-05-31,mensual,,,1,n<3
50111549,2025-06-01,2025-06-30,mensual,,,0,n<3
50111549,2025-07-01,2025-07-31,mensual,,,1,n<3
50111549,2025-08-01,2025-08-31,mensual,,,2,n<3
50111549,2025-09-01,2025-09-30,mensual,,,2,n<3
50111549,2025-10-01,2025-10-31,mensual,,,1,n<3
50111549,2025-11-01,2025-11-30,mensual,,,0,n<3
50111549,2025-12-01,2025-12-31,mensual,,,1,n<3
50111549,2026-01-01,2026-01-31,mensual,,,0,n<3
50111549,2026-02-01,2026-02-28,mensual,,,0,n<3
50111549,2026-03-01,2026-03-31,mensual,,,0,n<3
50111549,2026-04-01,2026-04-30,mensual,,,1,n<3
50111549,2024-01-01,2024-03-31,trimestral,,,1,n<3
50111549,2024-02-01,2024-04-30,trimestral,,,0,n<3
50111549,2024-03-01,2024-05-31,trimestral,,,0,n<3
50111549,2024-04-01,2024-06-30,trimestral,,,1,n<3
50111549,2024-05-01,2024-07-31,trimestral,,,2,n<3
50111549,2024-06-01,2024-08-31,trimestral,,,2,n<3
50111549,2024-07-01,2024-09-30,trimestral,,,1,n<3
50111549,2024-08-01,2024-10-31,trimestral,,,0,n<3
50111549,2024-09-01,2024-11-30,trimestral,,,0,n<3
50111549,2024-10-01,2024-12-31,trimestral,,,0,n<3
50111549,2024-11-01,2025-01-31,trimestral,,,0,n<3
50111549,2024-12-01,2025-02-28,trimestral,,,0,n<3
50111549,2025-01-01,2025-03-31,trimestral,,,0,n<3
50111549,2025-02-01,2025-04-30,trimestral,,,0,n<3
50111549,2025-03-01,2025-05-31,trimestral,,,1,n<3
50111549,2025-04-01,2025-06-30,trimestral,,,1,n<3
50111549,2025-05-01,2025-07-31,trimestral,,,2,n<3
50111549,2025-06-01,2025-08-31,trimestral,,,3,qty constante
50111549,2025-07-01,2025-09-30,trimestral,,,5,qty constante
50111549,2025-08-01,2025-10-31,trimestral,,,5,qty constante
50111549,2025-09-01,2025-11-30,trimestral,,,3,precio constante
50111549,2025-10-01,2025-12-31,trimestral,,,2,n<3
50111549,2025-11-01,2026-01-31,trimestral,,,1,n<3
50111549,2025-12-01,2026-02-28,trimestral,,,1,n<3
50111549,2026-01-01,2026-03-31,trimestral,,,0,n<3
50111549,2026-02-01,2026-04-30,trimestral,,,1,n<3
50111549,2024-01-01,2024-06-30,semestral,,,2,n<3
50111549,2024-02-01,2024-07-31,semestral,,,2,n<3
50111549,2024-03-01,2024-08-31,semestral,,,2,n<3
50111549,2024-04-01,2024-09-30,semestral,,,2,n<3
50111549,2024-05-01,2024-10-31,semestral,,,2,n<3
50111549,2024-06-01,2024-11-30,semestral,,,2,n<3
50111549,2024-07-01,2024-12-31,semestral,,,1,n<3
50111549,2024-08-01,2025-01-31,semestral,,,0,n<3
50111549,2024-09-01,2025-02-28,semestral,,,0,n<3
50111549,2024-10-01,2025-03-31,semestral,,,0,n<3
50111549,2024-11-01,2025-04-30,semestral,,,0,n<3
50111549,2024-12-01,2025-05-31,semestral,,,1,n<3
50111549,2025-01-01,2025-06-30,semestral,,,1,n<3
50111549,2025-02-01,2025-07-31,semestral,,,2,n<3
50111549,2025-03-01,2025-08-31,semestral,,,4,qty constante
50111549,2025-04-01,2025-09-30,semestral,,,6,qty constante
50111549,2025-05-01,2025-10-31,semestral,,,7,qty constante
50111549,2025-06-01,2025-11-30,semestral,,,6,qty constante
50111549,2025-07-01,2025-12-31,semestral,1.3396800778057207,0.027825397949893027,7,valida
50111549,2025-08-01,2026-01-31,semestral,1.6073644280075283,0.04005642112754115,6,valida
50111549,2025-09-01,2026-02-28,semestral,,,4,precio constante
50111549,2025-10-01,2026-03-31,semestral,,,2,n<3
50111549,2025-11-01,2026-04-30,semestral,,,2,n<3
50111550,2024-05-01,2024-05-31,mensual,,,1,n<3
50111552,2024-04-01,2024-04-30,mensual,,,1,n<3
50111552,2024-05-01,2024-05-31,mensual,,,0,n<3
50111552,2024-06-01,2024-06-30,mensual,,,0,n<3
50111552,2024-07-01,2024-07-31,mensual,,,0,n<3
50111552,2024-08-01,2024-08-31,mensual,,,0,n<3
50111552,2024-09-01,2024-09-30,mensual,,,0,n<3
50111552,2024-10-01,2024-10-31,mensual,,,0,n<3
50111552,2024-11-01,2024-11-30,mensual,,,0,n<3
50111552,2024-12-01,2024-12-31,mensual,,,0,n<3
50111552,2025-01-01,2025-01-31,mensual,,,0,n<3
50111552,2025-02-01,2025-02-28,mensual,,,1,n<3
50111552,2025-03-01,2025-03-31,mensual,,,0,n<3
50111552,2025-04-01,2025-04-30,mensual,,,0,n<3
50111552,2025-05-01,2025-05-31,mensual,,,0,n<3
50111552,2025-06-01,2025-06-30,mensual,,,1,n<3
50111552,2024-04-01,2024-06-30,trimestral,,,1,n<3
50111552,2024-05-01,2024-07-31,trimestral,,,0,n<3
50111552,2024-06-01,2024-08-31,trimestral,,,0,n<3
50111552,2024-07-01,2024-09-30,trimestral,,,0,n<3
50111552,2024-08-01,2024-10-31,trimestral,,,0,n<3
50111552,2024-09-01,2024-11-30,trimestral,,,0,n<3
50111552,2024-10-01,2024-12-31,trimestral,,,0,n<3
50111552,2024-11-01,2025-01-31,trimestral,,,0,n<3
50111552,2024-12-01,2025-02-28,trimestral,,,1,n<3
50111552,2025-01-01,2025-03-31,trimestral,,,1,n<3
50111552,2025-02-01,2025-04-30,trimestral,,,1,n<3
50111552,2025-03-01,2025-05-31,trimestral,,,0,n<3
50111552,2025-04-01,2025-06-30,trimestral,,,1,n<3
50111552,2024-04-01,2024-09-30,semestral,,,1,n<3
50111552,2024-05-01,2024-10-31,semestral,,,0,n<3
50111552,2024-06-01,2024-11-30,semestral,,,0,n<3
50111552,2024-07-01,2024-12-31,semestral,,,0,n<3
50111552,2024-08-01,2025-01-31,semestral,,,0,n<3
50111552,2024-09-01,2025-02-28,semestral,,,1,n<3
50111552,2024-10-01,2025-03-31,semestral,,,1,n<3
50111552,2024-11-01,2025-04-30,semestral,,,1,n<3
50111552,2024-12-01,2025-05-31,semestral,,,1,n<3
50111552,2025-01-01,2025-06-30,semestral,,,2,n<3
50111553,2024-01-01,2024-01-31,mensual,,,2,n<3
50111553,2024-02-01,2024-02-29,mensual,,,0,n<3
50111553,2024-03-01,2024-03-31,mensual,,,0,n<3
50111553,2024-04-01,2024-04-30,mensual,,,0,n<3
50111553,2024-05-01,2024-05-31,mensual,,,0,n<3
50111553,2024-06-01,2024-06-30,mensual,,,0,n<3
50111553,2024-07-01,2024-07-31,mensual,,,0,n<3
50111553,2024-08-01,2024-08-31,mensual,,,0,n<3
50111553,2024-09-01,2024-09-30,mensual,,,0,n<3
50111553,2024-10-01,2024-10-31,mensual,,,0,n<3
50111553,2024-11-01,2024-11-30,mensual,,,0,n<3
50111553,2024-12-01,2024-12-31,mensual,,,0,n<3
50111553,2025-01-01,2025-01-31,mensual,,,0,n<3
50111553,2025-02-01,2025-02-28,mensual,,,0,n<3
50111553,2025-03-01,2025-03-31,mensual,,,0,n<3
50111553,2025-04-01,2025-04-30,mensual,,,0,n<3
50111553,2025-05-01,2025-05-31,mensual,,,0,n<3
50111553,2025-06-01,2025-06-30,mensual,,,0,n<3
50111553,2025-07-01,2025-07-31,mensual,,,0,n<3
50111553,2025-08-01,2025-08-31,mensual,,,1,n<3
50111553,2024-01-01,2024-03-31,trimestral,,,2,n<3
50111553,2024-02-01,2024-04-30,trimestral,,,0,n<3
50111553,2024-03-01,2024-05-31,trimestral,,,0,n<3
50111553,2024-04-01,2024-06-30,trimestral,,,0,n<3
50111553,2024-05-01,2024-07-31,trimestral,,,0,n<3
50111553,2024-06-01,2024-08-31,trimestral,,,0,n<3
50111553,2024-07-01,2024-09-30,trimestral,,,0,n<3
50111553,2024-08-01,2024-10-31,trimestral,,,0,n<3
50111553,2024-09-01,2024-11-30,trimestral,,,0,n<3
50111553,2024-10-01,2024-12-31,trimestral,,,0,n<3
50111553,2024-11-01,2025-01-31,trimestral,,,0,n<3
50111553,2024-12-01,2025-02-28,trimestral,,,0,n<3
50111553,2025-01-01,2025-03-31,trimestral,,,0,n<3
50111553,2025-02-01,2025-04-30,trimestral,,,0,n<3
50111553,2025-03-01,2025-05-31,trimestral,,,0,n<3
50111553,2025-04-01,2025-06-30,trimestral,,,0,n<3
50111553,2025-05-01,2025-07-31,trimestral,,,0,n<3
50111553,2025-06-01,2025-08-31,trimestral,,,1,n<3
50111553,2024-01-01,2024-06-30,semestral,,,2,n<3
50111553,2024-02-01,2024-07-31,semestral,,,0,n<3
50111553,2024-03-01,2024-08-31,semestral,,,0,n<3
50111553,2024-04-01,2024-09-30,semestral,,,0,n<3
50111553,2024-05-01,2024-10-31,semestral,,,0,n<3
50111553,2024-06-01,2024-11-30,semestral,,,0,n<3
50111553,2024-07-01,2024-12-31,semestral,,,0,n<3
50111553,2024-08-01,2025-01-31,semestral,,,0,n<3
50111553,2024-09-01,2025-02-28,semestral,,,0,n<3
50111553,2024-10-01,2025-03-31,semestral,,,0,n<3
50111553,2024-11-01,2025-04-30,semestral,,,0,n<3
50111553,2024-12-01,2025-05-31,semestral,,,0,n<3
50111553,2025-01-01,2025-06-30,semestral,,,0,n<3
50111553,2025-02-01,2025-07-31,semestral,,,0,n<3
50111553,2025-03-01,2025-08-31,semestral,,,1,n<3
50111554,2024-01-01,2024-01-31,mensual,,,2,n<3
50111554,2024-02-01,2024-02-29,mensual,,,1,n<3
50111554,2024-03-01,2024-03-31,mensual,,,1,n<3
50111554,2024-04-01,2024-04-30,mensual,,,0,n<3
50111554,2024-05-01,2024-05-31,mensual,,,1,n<3
50111554,2024-06-01,2024-06-30,mensual,,,0,n<3
50111554,2024-07-01,2024-07-31,mensual,,,2,n<3
50111554,2024-08-01,2024-08-31,mensual,,,0,n<3
50111554,2024-09-01,2024-09-30,mensual,,,2,n<3
50111554,2024-10-01,2024-10-31,mensual,,,0,n<3
50111554,2024-11-01,2024-11-30,mensual,,,1,n<3
50111554,2024-12-01,2024-12-31,mensual,,,0,n<3
50111554,2025-01-01,2025-01-31,mensual,,,0,n<3
50111554,2025-02-01,2025-02-28,mensual,,,0,n<3
50111554,2025-03-01,2025-03-31,mensual,,,0,n<3
50111554,2025-04-01,2025-04-30,mensual,,,1,n<3
50111554,2025-05-01,2025-05-31,mensual,,,0,n<3
50111554,2025-06-01,2025-06-30,mensual,,,1,n<3
50111554,2025-07-01,2025-07-31,mensual,,,0,n<3
50111554,2025-08-01,2025-08-31,mensual,,,0,n<3
50111554,2025-09-01,2025-09-30,mensual,,,1,n<3
50111554,2025-10-01,2025-10-31,mensual,,,0,n<3
50111554,2025-11-01,2025-11-30,mensual,,,0,n<3
50111554,2025-12-01,2025-12-31,mensual,,,0,n<3
50111554,2026-01-01,2026-01-31,mensual,,,1,n<3
50111554,2024-01-01,2024-03-31,trimestral,,,4,precio constante
50111554,2024-02-01,2024-04-30,trimestral,,,2,n<3
50111554,2024-03-01,2024-05-31,trimestral,,,2,n<3
50111554,2024-04-01,2024-06-30,trimestral,,,1,n<3
50111554,2024-05-01,2024-07-31,trimestral,,,3,qty constante
50111554,2024-06-01,2024-08-31,trimestral,,,2,n<3
50111554,2024-07-01,2024-09-30,trimestral,1.0354279065018008,0.11111111111111105,4,valida
50111554,2024-08-01,2024-10-31,trimestral,,,2,n<3
50111554,2024-09-01,2024-11-30,trimestral,,,3,precio constante
50111554,2024-10-01,2024-12-31,trimestral,,,1,n<3
50111554,2024-11-01,2025-01-31,trimestral,,,1,n<3
50111554,2024-12-01,2025-02-28,trimestral,,,0,n<3
50111554,2025-01-01,2025-03-31,trimestral,,,0,n<3
50111554,2025-02-01,2025-04-30,trimestral,,,1,n<3
50111554,2025-03-01,2025-05-31,trimestral,,,1,n<3
50111554,2025-04-01,2025-06-30,trimestral,,,2,n<3
50111554,2025-05-01,2025-07-31,trimestral,,,1,n<3
50111554,2025-06-01,2025-08-31,trimestral,,,1,n<3
50111554,2025-07-01,2025-09-30,trimestral,,,1,n<3
50111554,2025-08-01,2025-10-31,trimestral,,,1,n<3
50111554,2025-09-01,2025-11-30,trimestral,,,1,n<3
50111554,2025-10-01,2025-12-31,trimestral,,,0,n<3
50111554,2025-11-01,2026-01-31,trimestral,,,1,n<3
50111554,2024-01-01,2024-06-30,semestral,,,5,precio constante
50111554,2024-02-01,2024-07-31,semestral,0.7765709298763518,0.06249999999999989,5,valida
50111554,2024-03-01,2024-08-31,semestral,,,4,qty constante
50111554,2024-04-01,2024-09-30,semestral,0.7765709298763519,0.06249999999999989,5,valida
50111554,2024-05-01,2024-10-31,semestral,0.7765709298763519,0.06249999999999989,5,valida
50111554,2024-06-01,2024-11-30,semestral,1.5531418597527042,0.16666666666666674,5,valida
50111554,2024-07-01,2024-12-31,semestral,1.5531418597527042,0.16666666666666674,5,valida
50111554,2024-08-01,2025-01-31,semestral,,,3,precio constante
50111554,2024-09-01,2025-02-28,semestral,,,3,precio constante
50111554,2024-10-01,2025-03-31,semestral,,,1,n<3
50111554,2024-11-01,2025-04-30,semestral,,,2,n<3
50111554,2024-12-01,2025-05-31,semestral,,,1,n<3
50111554,2025-01-01,2025-06-30,semestral,,,2,n<3
50111554,2025-02-01,2025-07-31,semestral,,,2,n<3
50111554,2025-03-01,2025-08-31,semestral,,,2,n<3
50111554,2025-04-01,2025-09-30,semestral,,,3,precio constante
50111554,2025-05-01,2025-10-31,semestral,,,2,n<3
50111554,2025-06-01,2025-11-30,semestral,,,2,n<3
50111554,2025-07-01,2025-12-31,semestral,,,1,n<3
50111554,2025-08-01,2026-01-31,semestral,,,2,n<3
50111555,2024-03-01,2024-03-31,mensual,,,2,n<3
50111555,2024-04-01,2024-04-30,mensual,,,0,n<3
50111555,2024-05-01,2024-05-31,mensual,,,0,n<3
50111555,2024-06-01,2024-06-30,mensual,,,1,n<3
50111555,2024-07-01,2024-07-31,mensual,,,2,n<3
50111555,2024-08-01,2024-08-31,mensual,,,0,n<3
50111555,2024-09-01,2024-09-30,mensual,,,1,n<3
50111555,2024-10-01,2024-10-31,mensual,,,0,n<3
50111555,2024-11-01,2024-11-30,mensual,,,0,n<3
50111555,2024-12-01,2024-12-31,mensual,,,0,n<3
50111555,2025-01-01,2025-01-31,mensual,,,0,n<3
50111555,2025-02-01,2025-02-28,mensual,,,0,n<3
50111555,2025-03-01,2025-03-31,mensual,,,0,n<3
50111555,2025-04-01,2025-04-30,mensual,,,0,n<3
50111555,2025-05-01,2025-05-31,mensual,,,2,n<3
50111555,2025-06-01,2025-06-30,mensual,,,1,n<3
50111555,2025-07-01,2025-07-31,mensual,,,1,n<3
50111555,2025-08-01,2025-08-31,mensual,,,1,n<3
50111555,2025-09-01,2025-09-30,mensual,,,1,n<3
50111555,2025-10-01,2025-10-31,mensual,,,1,n<3
50111555,2025-11-01,2025-11-30,mensual,,,0,n<3
50111555,2025-12-01,2025-12-31,mensual,,,1,n<3
50111555,2026-01-01,2026-01-31,mensual,,,1,n<3
50111555,2026-02-01,2026-02-28,mensual,,,1,n<3
50111555,2026-03-01,2026-03-31,mensual,,,0,n<3
50111555,2026-04-01,2026-04-30,mensual,,,1,n<3
50111555,2024-03-01,2024-05-31,trimestral,,,2,n<3
50111555,2024-04-01,2024-06-30,trimestral,,,1,n<3
50111555,2024-05-01,2024-07-31,trimestral,,,3,precio constante
50111555,2024-06-01,2024-08-31,trimestral,,,3,precio constante
50111555,2024-07-01,2024-09-30,trimestral,,,3,precio constante
50111555,2024-08-01,2024-10-31,trimestral,,,1,n<3
50111555,2024-09-01,2024-11-30,trimestral,,,1,n<3
50111555,2024-10-01,2024-12-31,trimestral,,,0,n<3
50111555,2024-11-01,2025-01-31,trimestral,,,0,n<3
50111555,2024-12-01,2025-02-28,trimestral,,,0,n<3
50111555,2025-01-01,2025-03-31,trimestral,,,0,n<3
50111555,2025-02-01,2025-04-30,trimestral,,,0,n<3
50111555,2025-03-01,2025-05-31,trimestral,,,2,n<3
50111555,2025-04-01,2025-06-30,trimestral,,,3,precio constante
50111555,2025-05-01,2025-07-31,trimestral,,,4,precio constante
50111555,2025-06-01,2025-08-31,trimestral,,,3,precio constante
50111555,2025-07-01,2025-09-30,trimestral,,,3,precio constante
50111555,2025-08-01,2025-10-31,trimestral,,,3,precio constante
50111555,2025-09-01,2025-11-30,trimestral,,,2,n<3
50111555,2025-10-01,2025-12-31,trimestral,,,2,n<3
50111555,2025-11-01,2026-01-31,trimestral,,,2,n<3
50111555,2025-12-01,2026-02-28,trimestral,,,3,qty constante
50111555,2026-01-01,2026-03-31,trimestral,,,2,n<3
50111555,2026-02-01,2026-04-30,trimestral,,,2,n<3
50111555,2024-03-01,2024-08-31,semestral,,,5,precio constante
50111555,2024-04-01,2024-09-30,semestral,,,4,precio constante
50111555,2024-05-01,2024-10-31,semestral,,,4,precio constante
50111555,2024-06-01,2024-11-30,semestral,,,4,precio constante
50111555,2024-07-01,2024-12-31,semestral,,,3,precio constante
50111555,2024-08-01,2025-01-31,semestral,,,1,n<3
50111555,2024-09-01,2025-02-28,semestral,,,1,n<3
50111555,2024-10-01,2025-03-31,semestral,,,0,n<3
50111555,2024-11-01,2025-04-30,semestral,,,0,n<3
50111555,2024-12-01,2025-05-31,semestral,,,2,n<3
50111555,2025-01-01,2025-06-30,semestral,,,3,precio constante
50111555,2025-02-01,2025-07-31,semestral,,,4,precio constante
50111555,2025-03-01,2025-08-31,semestral,,,5,precio constante
50111555,2025-04-01,2025-09-30,semestral,,,6,precio constante
50111555,2025-05-01,2025-10-31,semestral,,,7,precio constante
50111555,2025-06-01,2025-11-30,semestral,,,5,precio constante
50111555,2025-07-01,2025-12-31,semestral,,,5,precio constante
50111555,2025-08-01,2026-01-31,semestral,,,5,precio constante
50111555,2025-09-01,2026-02-28,semestral,-4.4142857362753825,0.16666666666666674,5,valida
50111555,2025-10-01,2026-03-31,semestral,-2.942857157516971,0.11111111111111105,4,valida
50111555,2025-11-01,2026-04-30,semestral,,,4,qty constante
50111606,2024-01-01,2024-01-31,mensual,,,1,n<3
50111606,2024-02-01,2024-02-29,mensual,,,1,n<3
50111606,2024-03-01,2024-03-31,mensual,,,2,n<3
50111606,2024-04-01,2024-04-30,mensual,,,1,n<3
50111606,2024-05-01,2024-05-31,mensual,,,1,n<3
50111606,2024-06-01,2024-06-30,mensual,,,0,n<3
50111606,2024-07-01,2024-07-31,mensual,,,1,n<3
50111606,2024-08-01,2024-08-31,mensual,,,2,n<3
50111606,2024-09-01,2024-09-30,mensual,,,0,n<3
50111606,2024-10-01,2024-10-31,mensual,,,0,n<3
50111606,2024-11-01,2024-11-30,mensual,,,0,n<3
50111606,2024-12-01,2024-12-31,mensual,,,0,n<3
50111606,2025-01-01,2025-01-31,mensual,,,0,n<3
50111606,2025-02-01,2025-02-28,mensual,,,0,n<3
50111606,2025-03-01,2025-03-31,mensual,,,1,n<3
50111606,2025-04-01,2025-04-30,mensual,,,0,n<3
50111606,2025-05-01,2025-05-31,mensual,,,1,n<3
50111606,2025-06-01,2025-06-30,mensual,,,0,n<3
50111606,2025-07-01,2025-07-31,mensual,,,0,n<3
50111606,2025-08-01,2025-08-31,mensual,,,0,n<3
50111606,2025-09-01,2025-09-30,mensual,,,1,n<3
50111606,2024-01-01,2024-03-31,trimestral,,,4,precio constante
50111606,2024-02-01,2024-04-30,trimestral,,,4,precio constante
50111606,2024-03-01,2024-05-31,trimestral,-8.349502907312834,0.11097117871968842,4,valida
50111606,2024-04-01,2024-06-30,trimestral,,,2,n<3
50111606,2024-05-01,2024-07-31,trimestral,,,2,n<3
50111606,2024-06-01,2024-08-31,trimestral,8.330683986705367,0.8928408349523984,3,valida
50111606,2024-07-01,2024-09-30,trimestral,8.330683986705367,0.8928408349523984,3,valida
50111606,2024-08-01,2024-10-31,trimestral,,,2,n<3
50111606,2024-09-01,2024-11-30,trimestral,,,0,n<3
50111606,2024-10-01,2024-12-31,trimestral,,,0,n<3
50111606,2024-11-01,2025-01-31,trimestral,,,0,n<3
50111606,2024-12-01,2025-02-28,trimestral,,,0,n<3
50111606,2025-01-01,2025-03-31,trimestral,,,1,n<3
50111606,2025-02-01,2025-04-30,trimestral,,,1,n<3
50111606,2025-03-01,2025-05-31,trimestral,,,2,n<3
50111606,2025-04-01,2025-06-30,trimestral,,,1,n<3
50111606,2025-05-01,2025-07-31,trimestral,,,1,n<3
50111606,2025-06-01,2025-08-31,trimestral,,,0,n<3
50111606,2025-07-01,2025-09-30,trimestral,,,1,n<3
50111606,2024-01-01,2024-06-30,semestral,-5.00701825800728,0.03990935094423087,6,valida
50111606,2024-02-01,2024-07-31,semestral,-8.882636354814935,0.09741797823946419,6,valida
50111606,2024-03-01,2024-08-31,semestral,2.244038609360405,0.04179426872551073,7,valida
50111606,2024-04-01,2024-09-30,semestral,3.2155607323824555,0.11752387094430972,5,valida
50111606,2024-05-01,2024-10-31,semestral,2.706163728306027,0.09871464458620438,4,valida
50111606,2024-06-01,2024-11-30,semestral,8.330683986705367,0.8928408349523984,3,valida
50111606,2024-07-01,2024-12-31,semestral,8.330683986705367,0.8928408349523984,3,valida
50111606,2024-08-01,2025-01-31,semestral,,,2,n<3
50111606,2024-09-01,2025-02-28,semestral,,,0,n<3
50111606,2024-10-01,2025-03-31,semestral,,,1,n<3
50111606,2024-11-01,2025-04-30,semestral,,,1,n<3
50111606,2024-12-01,2025-05-31,semestral,,,2,n<3
50111606,2025-01-01,2025-06-30,semestral,,,2,n<3
50111606,2025-02-01,2025-07-31,semestral,,,2,n<3
50111606,2025-03-01,2025-08-31,semestral,,,2,n<3
50111606,2025-04-01,2025-09-30,semestral,,,2,n<3
50111695,2024-01-01,2024-01-31,mensual,,,1,n<3
50111695,2024-02-01,2024-02-29,mensual,,,0,n<3
50111695,2024-03-01,2024-03-31,mensual,,,0,n<3
50111695,2024-04-01,2024-04-30,mensual,,,1,n<3
50111695,2024-01-01,2024-03-31,trimestral,,,1,n<3
50111695,2024-02-01,2024-04-30,trimestral,,,1,n<3
50111730,2024-09-01,2024-09-30,mensual,,,1,n<3
50111732,2025-08-01,2025-08-31,mensual,,,2,n<3
50112417,2024-12-01,2024-12-31,mensual,,,1,n<3
50112417,2025-01-01,2025-01-31,mensual,,,1,n<3
50112445,2024-12-01,2024-12-31,mensual,,,4,qty constante
50112445,2025-01-01,2025-01-31,mensual,,,1,n<3
50112446,2024-01-01,2024-01-31,mensual,,,1,n<3
50112446,2024-02-01,2024-02-29,mensual,,,2,n<3
50112450,2024-01-01,2024-01-31,mensual,,,1,n<3
50113587,2024-08-01,2024-08-31,mensual,,,1,n<3
50113587,2024-09-01,2024-09-30,mensual,,,1,n<3
50113587,2024-10-01,2024-10-31,mensual,,,0,n<3
50113587,2024-11-01,2024-11-30,mensual,,,0,n<3
50113587,2024-12-01,2024-12-31,mensual,,,0,n<3
50113587,2025-01-01,2025-01-31,mensual,,,0,n<3
50113587,2025-02-01,2025-02-28,mensual,,,0,n<3
50113587,2025-03-01,2025-03-31,mensual,,,0,n<3
50113587,2025-04-01,2025-04-30,mensual,,,0,n<3
50113587,2025-05-01,2025-05-31,mensual,,,0,n<3
50113587,2025-06-01,2025-06-30,mensual,,,0,n<3
50113587,2025-07-01,2025-07-31,mensual,,,2,n<3
50113587,2025-08-01,2025-08-31,mensual,,,1,n<3
50113587,2024-08-01,2024-10-31,trimestral,,,2,n<3
50113587,2024-09-01,2024-11-30,trimestral,,,1,n<3
50113587,2024-10-01,2024-12-31,trimestral,,,0,n<3
50113587,2024-11-01,2025-01-31,trimestral,,,0,n<3
50113587,2024-12-01,2025-02-28,trimestral,,,0,n<3
50113587,2025-01-01,2025-03-31,trimestral,,,0,n<3
50113587,2025-02-01,2025-04-30,trimestral,,,0,n<3
50113587,2025-03-01,2025-05-31,trimestral,,,0,n<3
50113587,2025-04-01,2025-06-30,trimestral,,,0,n<3
50113587,2025-05-01,2025-07-31,trimestral,,,2,n<3
50113587,2025-06-01,2025-08-31,trimestral,,,3,qty constante
50113587,2024-08-01,2025-01-31,semestral,,,2,n<3
50113587,2024-09-01,2025-02-28,semestral,,,1,n<3
50113587,2024-10-01,2025-03-31,semestral,,,0,n<3
50113587,2024-11-01,2025-04-30,semestral,,,0,n<3
50113587,2024-12-01,2025-05-31,semestral,,,0,n<3
50113587,2025-01-01,2025-06-30,semestral,,,0,n<3
50113587,2025-02-01,2025-07-31,semestral,,,2,n<3
50113587,2025-03-01,2025-08-31,semestral,,,3,qty constante
50113588,2024-02-01,2024-02-29,mensual,,,1,n<3
50115604,2026-01-01,2026-01-31,mensual,,,1,n<3
50115607,2024-01-01,2024-01-31,mensual,,,2,n<3
50115607,2024-02-01,2024-02-29,mensual,,,1,n<3
50115608,2024-02-01,2024-02-29,mensual,,,2,n<3
50115647,2024-01-01,2024-01-31,mensual,,,1,n<3
50115649,2024-01-01,2024-01-31,mensual,,,6,qty constante
50115649,2024-02-01,2024-02-29,mensual,,,3,qty constante
50115649,2024-03-01,2024-03-31,mensual,,,1,n<3
50115649,2024-01-01,2024-03-31,trimestral,,,10,qty constante
50115656,2024-01-01,2024-01-31,mensual,,,1,n<3
50115656,2024-02-01,2024-02-29,mensual,,,0,n<3
50115656,2024-03-01,2024-03-31,mensual,,,1,n<3
50115656,2024-01-01,2024-03-31,trimestral,,,2,n<3
50115666,2024-01-01,2024-01-31,mensual,,,2,n<3
50115671,2024-01-01,2024-01-31,mensual,,,4,precio constante
50115671,2024-02-01,2024-02-29,mensual,,,1,n<3
50115773,2025-01-01,2025-01-31,mensual,,,1,n<3
50116148,2024-01-01,2024-01-31,mensual,,,2,n<3
50116149,2025-07-01,2025-07-31,mensual,,,2,n<3
50116149,2025-08-01,2025-08-31,mensual,,,0,n<3
50116149,2025-09-01,2025-09-30,mensual,,,0,n<3
50116149,2025-10-01,2025-10-31,mensual,,,1,n<3
50116149,2025-07-01,2025-09-30,trimestral,,,2,n<3
50116149,2025-08-01,2025-10-31,trimestral,,,1,n<3
50116436,2024-02-01,2024-02-29,mensual,,,1,n<3
50116436,2024-03-01,2024-03-31,mensual,,,0,n<3
50116436,2024-04-01,2024-04-30,mensual,,,0,n<3
50116436,2024-05-01,2024-05-31,mensual,,,0,n<3
50116436,2024-06-01,2024-06-30,mensual,,,0,n<3
50116436,2024-07-01,2024-07-31,mensual,,,3,precio constante
50116436,2024-08-01,2024-08-31,mensual,,,3,qty constante
50116436,2024-02-01,2024-04-30,trimestral,,,1,n<3
50116436,2024-03-01,2024-05-31,trimestral,,,0,n<3
50116436,2024-04-01,2024-06-30,trimestral,,,0,n<3
50116436,2024-05-01,2024-07-31,trimestral,,,3,precio constante
50116436,2024-06-01,2024-08-31,trimestral,1.3071319607719596,0.03954212853035066,6,valida
50116436,2024-02-01,2024-07-31,semestral,3.3998275576872348,0.8162470444898784,4,valida
50116436,2024-03-01,2024-08-31,semestral,1.3071319607719596,0.03954212853035066,6,valida
50116702,2024-01-01,2024-01-31,mensual,,,1,n<3
50116702,2024-02-01,2024-02-29,mensual,,,1,n<3
50116702,2024-03-01,2024-03-31,mensual,,,0,n<3
50116702,2024-04-01,2024-04-30,mensual,,,0,n<3
50116702,2024-05-01,2024-05-31,mensual,,,0,n<3
50116702,2024-06-01,2024-06-30,mensual,,,0,n<3
50116702,2024-07-01,2024-07-31,mensual,,,1,n<3
50116702,2024-08-01,2024-08-31,mensual,,,0,n<3
50116702,2024-09-01,2024-09-30,mensual,,,1,n<3
50116702,2024-10-01,2024-10-31,mensual,,,1,n<3
50116702,2024-11-01,2024-11-30,mensual,,,0,n<3
50116702,2024-12-01,2024-12-31,mensual,,,1,n<3
50116702,2025-01-01,2025-01-31,mensual,,,0,n<3
50116702,2025-02-01,2025-02-28,mensual,,,0,n<3
50116702,2025-03-01,2025-03-31,mensual,,,1,n<3
50116702,2025-04-01,2025-04-30,mensual,,,1,n<3
50116702,2025-05-01,2025-05-31,mensual,,,0,n<3
50116702,2025-06-01,2025-06-30,mensual,,,1,n<3
50116702,2025-07-01,2025-07-31,mensual,,,1,n<3
50116702,2025-08-01,2025-08-31,mensual,,,0,n<3
50116702,2025-09-01,2025-09-30,mensual,,,1,n<3
50116702,2025-10-01,2025-10-31,mensual,,,1,n<3
50116702,2025-11-01,2025-11-30,mensual,,,0,n<3
50116702,2025-12-01,2025-12-31,mensual,,,0,n<3
50116702,2026-01-01,2026-01-31,mensual,,,0,n<3
50116702,2026-02-01,2026-02-28,mensual,,,1,n<3
50116702,2024-01-01,2024-03-31,trimestral,,,2,n<3
50116702,2024-02-01,2024-04-30,trimestral,,,1,n<3
50116702,2024-03-01,2024-05-31,trimestral,,,0,n<3
50116702,2024-04-01,2024-06-30,trimestral,,,0,n<3
50116702,2024-05-01,2024-07-31,trimestral,,,1,n<3
50116702,2024-06-01,2024-08-31,trimestral,,,1,n<3
50116702,2024-07-01,2024-09-30,trimestral,,,2,n<3
50116702,2024-08-01,2024-10-31,trimestral,,,2,n<3
50116702,2024-09-01,2024-11-30,trimestral,,,2,n<3
50116702,2024-10-01,2024-12-31,trimestral,,,2,n<3
50116702,2024-11-01,2025-01-31,trimestral,,,1,n<3
50116702,2024-12-01,2025-02-28,trimestral,,,1,n<3
50116702,2025-01-01,2025-03-31,trimestral,,,1,n<3
50116702,2025-02-01,2025-04-30,trimestral,,,2,n<3
50116702,2025-03-01,2025-05-31,trimestral,,,2,n<3
50116702,2025-04-01,2025-06-30,trimestral,,,2,n<3
50116702,2025-05-01,2025-07-31,trimestral,,,2,n<3
50116702,2025-06-01,2025-08-31,trimestral,,,2,n<3
50116702,2025-07-01,2025-09-30,trimestral,,,2,n<3
50116702,2025-08-01,2025-10-31,trimestral,,,2,n<3
50116702,2025-09-01,2025-11-30,trimestral,,,2,n<3
50116702,2025-10-01,2025-12-31,trimestral,,,1,n<3
50116702,2025-11-01,2026-01-31,trimestral,,,0,n<3
50116702,2025-12-01,2026-02-28,trimestral,,,1,n<3
50116702,2024-01-01,2024-06-30,semestral,,,2,n<3
50116702,2024-02-01,2024-07-31,semestral,,,2,n<3
50116702,2024-03-01,2024-08-31,semestral,,,1,n<3
50116702,2024-04-01,2024-09-30,semestral,,,2,n<3
50116702,2024-05-01,2024-10-31,semestral,,,3,precio constante
50116702,2024-06-01,2024-11-30,semestral,,,3,precio constante
50116702,2024-07-01,2024-12-31,semestral,,,4,precio constante
50116702,2024-08-01,2025-01-31,semestral,,,3,precio constante
50116702,2024-09-01,2025-02-28,semestral,,,3,precio constante
50116702,2024-10-01,2025-03-31,semestral,,,3,precio constante
50116702,2024-11-01,2025-04-30,semestral,7.81524994940939,0.6113368707231761,3,valida
50116702,2024-12-01,2025-05-31,semestral,7.81524994940939,0.6113368707231761,3,valida
50116702,2025-01-01,2025-06-30,semestral,11.408602644174309,1.0,3,valida
50116702,2025-02-01,2025-07-31,semestral,7.601065659918426,0.33300597304068913,4,valida
50116702,2025-03-01,2025-08-31,semestral,7.601065659918426,0.33300597304068913,4,valida
50116702,2025-04-01,2025-09-30,semestral,,,4,precio constante
50116702,2025-05-01,2025-10-31,semestral,,,4,precio constante
50116702,2025-06-01,2025-11-30,semestral,,,4,precio constante
50116702,2025-07-01,2025-12-31,semestral,,,3,precio constante
50116702,2025-08-01,2026-01-31,semestral,,,2,n<3
50116702,2025-09-01,2026-02-28,semestral,,,3,precio constante
50116744,2024-01-01,2024-01-31,mensual,,,2,n<3
50116744,2024-02-01,2024-02-29,mensual,,,0,n<3
50116744,2024-03-01,2024-03-31,mensual,,,0,n<3
50116744,2024-04-01,2024-04-30,mensual,,,0,n<3
50116744,2024-05-01,2024-05-31,mensual,,,1,n<3
50116744,2024-01-01,2024-03-31,trimestral,,,2,n<3
50116744,2024-02-01,2024-04-30,trimestral,,,0,n<3
50116744,2024-03-01,2024-05-31,trimestral,,,1,n<3
50116747,2024-01-01,2024-01-31,mensual,,,3,qty constante
50116747,2024-02-01,2024-02-29,mensual,,,0,n<3
50116747,2024-03-01,2024-03-31,mensual,,,0,n<3
50116747,2024-04-01,2024-04-30,mensual,,,2,n<3
50116747,2024-01-01,2024-03-31,trimestral,,,3,qty constante
50116747,2024-02-01,2024-04-30,trimestral,,,2,n<3
50116748,2024-01-01,2024-01-31,mensual,,,2,n<3
50116748,2024-02-01,2024-02-29,mensual,,,0,n<3
50116748,2024-03-01,2024-03-31,mensual,,,1,n<3
50116748,2024-01-01,2024-03-31,trimestral,,,3,qty constante
50116781,2024-02-01,2024-02-29,mensual,,,1,n<3
50116842,2024-02-01,2024-02-29,mensual,,,1,n<3
50116842,2024-03-01,2024-03-31,mensual,,,13,precio constante
50116842,2024-04-01,2024-04-30,mensual,,,10,precio constante
50116842,2024-05-01,2024-05-31,mensual,,,7,precio constante
50116842,2024-06-01,2024-06-30,mensual,,,4,precio constante
50116842,2024-07-01,2024-07-31,mensual,,,8,precio constante
50116842,2024-08-01,2024-08-31,mensual,-1.312799962440168,0.30963752957564505,12,valida
50116842,2024-09-01,2024-09-30,mensual,,,3,precio constante
50116842,2024-10-01,2024-10-31,mensual,,,0,n<3
50116842,2024-11-01,2024-11-30,mensual,,,0,n<3
50116842,2024-12-01,2024-12-31,mensual,,,0,n<3
50116842,2025-01-01,2025-01-31,mensual,,,1,n<3
50116842,2025-02-01,2025-02-28,mensual,,,0,n<3
50116842,2025-03-01,2025-03-31,mensual,,,0,n<3
50116842,2025-04-01,2025-04-30,mensual,9.703090998336782,1.0,3,valida
50116842,2025-05-01,2025-05-31,mensual,,,7,precio constante
50116842,2025-06-01,2025-06-30,mensual,,,3,precio constante
50116842,2025-07-01,2025-07-31,mensual,,,5,qty constante
50116842,2025-08-01,2025-08-31,mensual,,,6,precio constante
50116842,2025-09-01,2025-09-30,mensual,,,3,precio constante
50116842,2025-10-01,2025-10-31,mensual,,,1,n<3
50116842,2025-11-01,2025-11-30,mensual,,,1,n<3
50116842,2024-02-01,2024-04-30,trimestral,,,24,precio constante
50116842,2024-03-01,2024-05-31,trimestral,,,30,precio constante
50116842,2024-04-01,2024-06-30,trimestral,,,21,precio constante
50116842,2024-05-01,2024-07-31,trimestral,-0.4899722885430686,0.005962809000688907,19,valida
50116842,2024-06-01,2024-08-31,trimestral,-1.2671302258614712,0.2592617645214965,24,valida
50116842,2024-07-01,2024-09-30,trimestral,-1.1844372495164237,0.24131245269627777,23,valida
50116842,2024-08-01,2024-10-31,trimestral,-1.144829828795378,0.2358917409057424,15,valida
50116842,2024-09-01,2024-11-30,trimestral,,,3,precio constante
50116842,2024-10-01,2024-12-31,trimestral,,,0,n<3
50116842,2024-11-01,2025-01-31,trimestral,,,1,n<3
50116842,2024-12-01,2025-02-28,trimestral,,,1,n<3
50116842,2025-01-01,2025-03-31,trimestral,,,1,n<3
50116842,2025-02-01,2025-04-30,trimestral,9.703090998336782,1.0,3,valida
50116842,2025-03-01,2025-05-31,trimestral,8.618332483104936,0.44382291082100433,10,valida
50116842,2025-04-01,2025-06-30,trimestral,8.887966107751925,0.45770837884868243,13,valida
50116842,2025-05-01,2025-07-31,trimestral,-0.6995352993330324,0.0051919339871759895,15,valida
50116842,2025-06-01,2025-08-31,trimestral,,,14,qty constante
50116842,2025-07-01,2025-09-30,trimestral,,,14,qty constante
50116842,2025-08-01,2025-10-31,trimestral,,,10,precio constante
50116842,2025-09-01,2025-11-30,trimestral,,,5,precio constante
50116842,2024-02-01,2024-07-31,semestral,-0.5458021360521008,0.003663217227009241,43,valida
50116842,2024-03-01,2024-08-31,semestral,-1.2828932355311145,0.13488687190013537,54,valida
50116842,2024-04-01,2024-09-30,semestral,-1.1860557249334804,0.15186322381919715,44,valida
50116842,2024-05-01,2024-10-31,semestral,-1.1855668848883036,0.18523340409474287,34,valida
50116842,2024-06-01,2024-11-30,semestral,-1.1846557164301827,0.21286083605953632,27,valida
50116842,2024-07-01,2024-12-31,semestral,-1.1844372495164237,0.24131245269627777,23,valida
50116842,2024-08-01,2025-01-31,semestral,-0.8828013967722429,0.1541516940767691,16,valida
50116842,2024-09-01,2025-02-28,semestral,0.6474323289747145,0.1110364379663773,4,valida
50116842,2024-10-01,2025-03-31,semestral,,,1,n<3
50116842,2024-11-01,2025-04-30,semestral,0.8833197252605588,0.24258395649695985,4,valida
50116842,2024-12-01,2025-05-31,semestral,0.683697893975907,0.0743089024057122,11,valida
50116842,2025-01-01,2025-06-30,semestral,0.6142375750041484,0.05797754536383659,14,valida
50116842,2025-02-01,2025-07-31,semestral,4.244555960350413,0.19125997544308404,18,valida
50116842,2025-03-01,2025-08-31,semestral,4.410031148917043,0.2064588761549605,24,valida
50116842,2025-04-01,2025-09-30,semestral,4.462984709802633,0.21144531133809685,27,valida
50116842,2025-05-01,2025-10-31,semestral,-1.057609344204768,0.0035110693093841627,25,valida
50116842,2025-06-01,2025-11-30,semestral,-0.8613119604340236,0.0031330978560060174,19,valida
50116863,2024-01-01,2024-01-31,mensual,,,1,n<3
50116863,2024-02-01,2024-02-29,mensual,,,1,n<3
50116863,2024-03-01,2024-03-31,mensual,,,1,n<3
50116863,2024-01-01,2024-03-31,trimestral,-1.753787775971923,0.866830971126087,3,valida
50116868,2024-01-01,2024-01-31,mensual,,,1,n<3
50116868,2024-02-01,2024-02-29,mensual,,,3,precio constante
50116868,2024-03-01,2024-03-31,mensual,,,1,n<3
50116868,2024-04-01,2024-04-30,mensual,,,2,n<3
50116868,2024-05-01,2024-05-31,mensual,,,0,n<3
50116868,2024-06-01,2024-06-30,mensual,,,0,n<3
50116868,2024-07-01,2024-07-31,mensual,,,0,n<3
50116868,2024-08-01,2024-08-31,mensual,,,0,n<3
50116868,2024-09-01,2024-09-30,mensual,,,1,n<3
50116868,2024-10-01,2024-10-31,mensual,,,1,n<3
50116868,2024-01-01,2024-03-31,trimestral,2.150953442397536,1.0,5,valida
50116868,2024-02-01,2024-04-30,trimestral,,,6,qty constante
50116868,2024-03-01,2024-05-31,trimestral,,,3,qty constante
50116868,2024-04-01,2024-06-30,trimestral,,,2,n<3
50116868,2024-05-01,2024-07-31,trimestral,,,0,n<3
50116868,2024-06-01,2024-08-31,trimestral,,,0,n<3
50116868,2024-07-01,2024-09-30,trimestral,,,1,n<3
50116868,2024-08-01,2024-10-31,trimestral,,,2,n<3
50116868,2024-01-01,2024-06-30,semestral,1.658859235766262,0.8630916364259491,7,valida
50116868,2024-02-01,2024-07-31,semestral,,,6,qty constante
50116868,2024-03-01,2024-08-31,semestral,,,3,qty constante
50116868,2024-04-01,2024-09-30,semestral,-3.1091959597341914,1.0,3,valida
50116868,2024-05-01,2024-10-31,semestral,,,2,n<3
50118397,2024-01-01,2024-01-31,mensual,,,1,n<3
50118399,2024-01-01,2024-01-31,mensual,,,1,n<3
50118400,2024-04-01,2024-04-30,mensual,,,1,n<3
50118817,2024-08-01,2024-08-31,mensual,,,1,n<3
50118817,2024-09-01,2024-09-30,mensual,,,0,n<3
50118817,2024-10-01,2024-10-31,mensual,,,0,n<3
50118817,2024-11-01,2024-11-30,mensual,,,0,n<3
50118817,2024-12-01,2024-12-31,mensual,,,0,n<3
50118817,2025-01-01,2025-01-31,mensual,,,0,n<3
50118817,2025-02-01,2025-02-28,mensual,,,0,n<3
50118817,2025-03-01,2025-03-31,mensual,,,0,n<3
50118817,2025-04-01,2025-04-30,mensual,,,0,n<3
50118817,2025-05-01,2025-05-31,mensual,,,0,n<3
50118817,2025-06-01,2025-06-30,mensual,,,0,n<3
50118817,2025-07-01,2025-07-31,mensual,,,1,n<3
50118817,2025-08-01,2025-08-31,mensual,,,2,n<3
50118817,2024-08-01,2024-10-31,trimestral,,,1,n<3
50118817,2024-09-01,2024-11-30,trimestral,,,0,n<3
50118817,2024-10-01,2024-12-31,trimestral,,,0,n<3
50118817,2024-11-01,2025-01-31,trimestral,,,0,n<3
50118817,2024-12-01,2025-02-28,trimestral,,,0,n<3
50118817,2025-01-01,2025-03-31,trimestral,,,0,n<3
50118817,2025-02-01,2025-04-30,trimestral,,,0,n<3
50118817,2025-03-01,2025-05-31,trimestral,,,0,n<3
50118817,2025-04-01,2025-06-30,trimestral,,,0,n<3
50118817,2025-05-01,2025-07-31,trimestral,,,1,n<3
50118817,2025-06-01,2025-08-31,trimestral,,,3,qty constante
50118817,2024-08-01,2025-01-31,semestral,,,1,n<3
50118817,2024-09-01,2025-02-28,semestral,,,0,n<3
50118817,2024-10-01,2025-03-31,semestral,,,0,n<3
50118817,2024-11-01,2025-04-30,semestral,,,0,n<3
50118817,2024-12-01,2025-05-31,semestral,,,0,n<3
50118817,2025-01-01,2025-06-30,semestral,,,0,n<3
50118817,2025-02-01,2025-07-31,semestral,,,1,n<3
50118817,2025-03-01,2025-08-31,semestral,,,3,qty constante
50120029,2024-06-01,2024-06-30,mensual,,,1,n<3
50120029,2024-07-01,2024-07-31,mensual,,,0,n<3
50120029,2024-08-01,2024-08-31,mensual,,,1,n<3
50120029,2024-09-01,2024-09-30,mensual,,,2,n<3
50120029,2024-06-01,2024-08-31,trimestral,,,2,n<3
50120029,2024-07-01,2024-09-30,trimestral,,,3,precio constante
50120030,2024-01-01,2024-01-31,mensual,,,1,n<3
50120030,2024-02-01,2024-02-29,mensual,,,0,n<3
50120030,2024-03-01,2024-03-31,mensual,,,0,n<3
50120030,2024-04-01,2024-04-30,mensual,,,0,n<3
50120030,2024-05-01,2024-05-31,mensual,,,0,n<3
50120030,2024-06-01,2024-06-30,mensual,,,0,n<3
50120030,2024-07-01,2024-07-31,mensual,,,0,n<3
50120030,2024-08-01,2024-08-31,mensual,,,1,n<3
50120030,2024-01-01,2024-03-31,trimestral,,,1,n<3
50120030,2024-02-01,2024-04-30,trimestral,,,0,n<3
50120030,2024-03-01,2024-05-31,trimestral,,,0,n<3
50120030,2024-04-01,2024-06-30,trimestral,,,0,n<3
50120030,2024-05-01,2024-07-31,trimestral,,,0,n<3
50120030,2024-06-01,2024-08-31,trimestral,,,1,n<3
50120030,2024-01-01,2024-06-30,semestral,,,1,n<3
50120030,2024-02-01,2024-07-31,semestral,,,0,n<3
50120030,2024-03-01,2024-08-31,semestral,,,1,n<3
50120031,2024-08-01,2024-08-31,mensual,,,2,n<3
50120031,2024-09-01,2024-09-30,mensual,,,0,n<3
50120031,2024-10-01,2024-10-31,mensual,,,1,n<3
50120031,2024-08-01,2024-10-31,trimestral,,,3,qty constante
50120032,2024-07-01,2024-07-31,mensual,,,2,n<3
50120032,2024-08-01,2024-08-31,mensual,,,1,n<3
50120032,2024-09-01,2024-09-30,mensual,,,1,n<3
50120032,2024-07-01,2024-09-30,trimestral,,,4,qty constante
50120230,2024-01-01,2024-01-31,mensual,,,1,n<3
50120231,2024-02-01,2024-02-29,mensual,,,1,n<3
50122196,2024-01-01,2024-01-31,mensual,,,1,n<3
50122197,2024-01-01,2024-01-31,mensual,,,2,n<3
50122198,2024-01-01,2024-01-31,mensual,,,1,n<3
50122201,2024-01-01,2024-01-31,mensual,,,1,n<3
50122202,2024-01-01,2024-01-31,mensual,,,1,n<3
50122202,2024-02-01,2024-02-29,mensual,,,1,n<3
50122205,2024-02-01,2024-02-29,mensual,,,1,n<3
50122210,2024-01-01,2024-01-31,mensual,,,1,n<3
50122213,2024-01-01,2024-01-31,mensual,,,1,n<3
50122217,2024-01-01,2024-01-31,mensual,,,1,n<3
50122225,2024-01-01,2024-01-31,mensual,,,1,n<3
50122225,2024-02-01,2024-02-29,mensual,,,1,n<3
50122226,2024-03-01,2024-03-31,mensual,,,1,n<3
50122227,2024-01-01,2024-01-31,mensual,,,2,n<3
50122227,2024-02-01,2024-02-29,mensual,,,0,n<3
50122227,2024-03-01,2024-03-31,mensual,,,1,n<3
50122227,2024-01-01,2024-03-31,trimestral,,,3,qty constante
50122230,2024-02-01,2024-02-29,mensual,,,1,n<3
50122233,2024-01-01,2024-01-31,mensual,,,1,n<3
50122236,2024-02-01,2024-02-29,mensual,,,1,n<3
50122237,2024-01-01,2024-01-31,mensual,,,1,n<3
50122237,2024-02-01,2024-02-29,mensual,,,0,n<3
50122237,2024-03-01,2024-03-31,mensual,,,2,n<3
50122237,2024-01-01,2024-03-31,trimestral,,,3,qty constante
50122245,2024-01-01,2024-01-31,mensual,,,2,n<3
50122246,2024-01-01,2024-01-31,mensual,,,1,n<3
50122248,2024-02-01,2024-02-29,mensual,,,1,n<3
50122249,2024-01-01,2024-01-31,mensual,,,2,n<3
50122250,2024-01-01,2024-01-31,mensual,,,1,n<3
50122252,2024-01-01,2024-01-31,mensual,,,1,n<3
50122260,2024-01-01,2024-01-31,mensual,,,1,n<3
50122261,2024-02-01,2024-02-29,mensual,,,1,n<3
50122264,2024-01-01,2024-01-31,mensual,,,1,n<3
50122265,2024-01-01,2024-01-31,mensual,,,2,n<3
50122265,2024-02-01,2024-02-29,mensual,,,0,n<3
50122265,2024-03-01,2024-03-31,mensual,,,1,n<3
50122265,2024-01-01,2024-03-31,trimestral,,,3,qty constante
50122270,2024-01-01,2024-01-31,mensual,,,1,n<3
50122272,2024-02-01,2024-02-29,mensual,,,1,n<3
50122277,2024-01-01,2024-01-31,mensual,,,1,n<3
50122287,2024-01-01,2024-01-31,mensual,,,1,n<3
50122288,2024-01-01,2024-01-31,mensual,,,1,n<3
50122290,2024-01-01,2024-01-31,mensual,,,1,n<3
50122290,2024-02-01,2024-02-29,mensual,,,1,n<3
50122293,2024-01-01,2024-01-31,mensual,,,1,n<3
50122294,2024-01-01,2024-01-31,mensual,,,5,qty constante
50122294,2024-02-01,2024-02-29,mensual,,,1,n<3
50122298,2024-02-01,2024-02-29,mensual,,,1,n<3
50122307,2024-02-01,2024-02-29,mensual,,,1,n<3
50122308,2024-01-01,2024-01-31,mensual,,,1,n<3
50122312,2024-02-01,2024-02-29,mensual,,,1,n<3
50122313,2024-02-01,2024-02-29,mensual,,,1,n<3
50122314,2024-01-01,2024-01-31,mensual,,,1,n<3
50122321,2024-01-01,2024-01-31,mensual,,,2,n<3
50122322,2024-02-01,2024-02-29,mensual,,,1,n<3
50122326,2024-01-01,2024-01-31,mensual,,,2,n<3
50122330,2024-01-01,2024-01-31,mensual,,,1,n<3
50122331,2024-02-01,2024-02-29,mensual,,,1,n<3
50122352,2024-01-01,2024-01-31,mensual,,,4,precio constante
50122353,2024-01-01,2024-01-31,mensual,,,2,n<3
50122353,2024-02-01,2024-02-29,mensual,,,0,n<3
50122353,2024-03-01,2024-03-31,mensual,,,2,n<3
50122353,2024-01-01,2024-03-31,trimestral,,,4,qty constante
50122354,2024-01-01,2024-01-31,mensual,,,2,n<3
50122355,2024-01-01,2024-01-31,mensual,,,4,qty constante
50122356,2024-02-01,2024-02-29,mensual,,,1,n<3
50122356,2024-03-01,2024-03-31,mensual,,,1,n<3
50122357,2024-01-01,2024-01-31,mensual,,,2,n<3
50122358,2024-01-01,2024-01-31,mensual,,,4,precio constante
50122358,2024-02-01,2024-02-29,mensual,,,1,n<3
50122358,2024-03-01,2024-03-31,mensual,,,2,n<3
50122358,2024-01-01,2024-03-31,trimestral,,,7,qty constante
50122359,2024-01-01,2024-01-31,mensual,,,2,n<3
50122359,2024-02-01,2024-02-29,mensual,,,1,n<3
50122360,2024-01-01,2024-01-31,mensual,,,1,n<3
50122361,2024-01-01,2024-01-31,mensual,,,1,n<3
50122362,2024-01-01,2024-01-31,mensual,,,2,n<3
50122362,2024-02-01,2024-02-29,mensual,,,2,n<3
50122363,2024-01-01,2024-01-31,mensual,,,1,n<3
50122363,2024-02-01,2024-02-29,mensual,,,1,n<3
50122364,2024-01-01,2024-01-31,mensual,,,2,n<3
50122364,2024-02-01,2024-02-29,mensual,,,1,n<3
50122366,2024-01-01,2024-01-31,mensual,,,1,n<3
50122366,2024-02-01,2024-02-29,mensual,,,1,n<3
50122367,2024-01-01,2024-01-31,mensual,,,1,n<3
50122367,2024-02-01,2024-02-29,mensual,,,0,n<3
50122367,2024-03-01,2024-03-31,mensual,,,0,n<3
50122367,2024-04-01,2024-04-30,mensual,,,1,n<3
50122367,2024-01-01,2024-03-31,trimestral,,,1,n<3
50122367,2024-02-01,2024-04-30,trimestral,,,1,n<3
50122368,2024-01-01,2024-01-31,mensual,,,2,n<3
50122371,2024-01-01,2024-01-31,mensual,,,1,n<3
50122379,2024-01-01,2024-01-31,mensual,,,1,n<3
50122381,2024-01-01,2024-01-31,mensual,,,1,n<3
50122382,2024-01-01,2024-01-31,mensual,,,2,n<3
50122383,2024-01-01,2024-01-31,mensual,,,1,n<3
50122384,2024-01-01,2024-01-31,mensual,,,1,n<3
50122385,2024-01-01,2024-01-31,mensual,,,1,n<3
50122386,2024-01-01,2024-01-31,mensual,,,1,n<3
50122386,2024-02-01,2024-02-29,mensual,,,0,n<3
50122386,2024-03-01,2024-03-31,mensual,,,1,n<3
50122386,2024-01-01,2024-03-31,trimestral,,,2,n<3
50122390,2024-01-01,2024-01-31,mensual,,,1,n<3
50122393,2024-01-01,2024-01-31,mensual,,,2,n<3
50122394,2024-01-01,2024-01-31,mensual,,,1,n<3
50122395,2024-01-01,2024-01-31,mensual,,,1,n<3
50122396,2024-01-01,2024-01-31,mensual,,,2,n<3
50122398,2024-01-01,2024-01-31,mensual,,,1,n<3
50122400,2024-01-01,2024-01-31,mensual,,,2,n<3
50122401,2024-01-01,2024-01-31,mensual,,,1,n<3
50122401,2024-02-01,2024-02-29,mensual,,,1,n<3
50122402,2024-01-01,2024-01-31,mensual,,,1,n<3
50122402,2024-02-01,2024-02-29,mensual,,,1,n<3
50122402,2024-03-01,2024-03-31,mensual,,,1,n<3
50122402,2024-01-01,2024-03-31,trimestral,,,3,qty constante
50122405,2024-01-01,2024-01-31,mensual,,,1,n<3
50122408,2024-02-01,2024-02-29,mensual,,,1,n<3
50122409,2024-03-01,2024-03-31,mensual,,,1,n<3
50122410,2024-01-01,2024-01-31,mensual,,,2,n<3
50122413,2024-01-01,2024-01-31,mensual,,,1,n<3
50122418,2024-01-01,2024-01-31,mensual,,,1,n<3
50122419,2024-01-01,2024-01-31,mensual,,,1,n<3
50122494,2024-01-01,2024-01-31,mensual,,,1,n<3
50122494,2024-02-01,2024-02-29,mensual,,,0,n<3
50122494,2024-03-01,2024-03-31,mensual,,,0,n<3
50122494,2024-04-01,2024-04-30,mensual,,,0,n<3
50122494,2024-05-01,2024-05-31,mensual,,,0,n<3
50122494,2024-06-01,2024-06-30,mensual,,,0,n<3
50122494,2024-07-01,2024-07-31,mensual,,,0,n<3
50122494,2024-08-01,2024-08-31,mensual,,,0,n<3
50122494,2024-09-01,2024-09-30,mensual,,,0,n<3
50122494,2024-10-01,2024-10-31,mensual,,,0,n<3
50122494,2024-11-01,2024-11-30,mensual,,,0,n<3
50122494,2024-12-01,2024-12-31,mensual,,,1,n<3
50122494,2025-01-01,2025-01-31,mensual,,,0,n<3
50122494,2025-02-01,2025-02-28,mensual,,,0,n<3
50122494,2025-03-01,2025-03-31,mensual,,,0,n<3
50122494,2025-04-01,2025-04-30,mensual,,,0,n<3
50122494,2025-05-01,2025-05-31,mensual,,,0,n<3
50122494,2025-06-01,2025-06-30,mensual,,,0,n<3
50122494,2025-07-01,2025-07-31,mensual,,,0,n<3
50122494,2025-08-01,2025-08-31,mensual,,,0,n<3
50122494,2025-09-01,2025-09-30,mensual,,,0,n<3
50122494,2025-10-01,2025-10-31,mensual,,,0,n<3
50122494,2025-11-01,2025-11-30,mensual,,,0,n<3
50122494,2025-12-01,2025-12-31,mensual,,,1,n<3
50122494,2024-01-01,2024-03-31,trimestral,,,1,n<3
50122494,2024-02-01,2024-04-30,trimestral,,,0,n<3
50122494,2024-03-01,2024-05-31,trimestral,,,0,n<3
50122494,2024-04-01,2024-06-30,trimestral,,,0,n<3
50122494,2024-05-01,2024-07-31,trimestral,,,0,n<3
50122494,2024-06-01,2024-08-31,trimestral,,,0,n<3
50122494,2024-07-01,2024-09-30,trimestral,,,0,n<3
50122494,2024-08-01,2024-10-31,trimestral,,,0,n<3
50122494,2024-09-01,2024-11-30,trimestral,,,0,n<3
50122494,2024-10-01,2024-12-31,trimestral,,,1,n<3
50122494,2024-11-01,2025-01-31,trimestral,,,1,n<3
50122494,2024-12-01,2025-02-28,trimestral,,,1,n<3
50122494,2025-01-01,2025-03-31,trimestral,,,0,n<3
50122494,2025-02-01,2025-04-30,trimestral,,,0,n<3
50122494,2025-03-01,2025-05-31,trimestral,,,0,n<3
50122494,2025-04-01,2025-06-30,trimestral,,,0,n<3
50122494,2025-05-01,2025-07-31,trimestral,,,0,n<3
50122494,2025-06-01,2025-08-31,trimestral,,,0,n<3
50122494,2025-07-01,2025-09-30,trimestral,,,0,n<3
50122494,2025-08-01,2025-10-31,trimestral,,,0,n<3
50122494,2025-09-01,2025-11-30,trimestral,,,0,n<3
50122494,2025-10-01,2025-12-31,trimestral,,,1,n<3
50122494,2024-01-01,2024-06-30,semestral,,,1,n<3
50122494,2024-02-01,2024-07-31,semestral,,,0,n<3
50122494,2024-03-01,2024-08-31,semestral,,,0,n<3
50122494,2024-04-01,2024-09-30,semestral,,,0,n<3
50122494,2024-05-01,2024-10-31,semestral,,,0,n<3
50122494,2024-06-01,2024-11-30,semestral,,,0,n<3
50122494,2024-07-01,2024-12-31,semestral,,,1,n<3
50122494,2024-08-01,2025-01-31,semestral,,,1,n<3
50122494,2024-09-01,2025-02-28,semestral,,,1,n<3
50122494,2024-10-01,2025-03-31,semestral,,,1,n<3
50122494,2024-11-01,2025-04-30,semestral,,,1,n<3
50122494,2024-12-01,2025-05-31,semestral,,,1,n<3
50122494,2025-01-01,2025-06-30,semestral,,,0,n<3
50122494,2025-02-01,2025-07-31,semestral,,,0,n<3
50122494,2025-03-01,2025-08-31,semestral,,,0,n<3
50122494,2025-04-01,2025-09-30,semestral,,,0,n<3
50122494,2025-05-01,2025-10-31,semestral,,,0,n<3
50122494,2025-06-01,2025-11-30,semestral,,,0,n<3
50122494,2025-07-01,2025-12-31,semestral,,,1,n<3
50122495,2025-01-01,2025-01-31,mensual,,,2,n<3
50122496,2024-01-01,2024-01-31,mensual,,,2,n<3
50122496,2024-02-01,2024-02-29,mensual,,,0,n<3
50122496,2024-03-01,2024-03-31,mensual,,,0,n<3
50122496,2024-04-01,2024-04-30,mensual,,,0,n<3
50122496,2024-05-01,2024-05-31,mensual,,,0,n<3
50122496,2024-06-01,2024-06-30,mensual,,,0,n<3
50122496,2024-07-01,2024-07-31,mensual,,,0,n<3
50122496,2024-08-01,2024-08-31,mensual,,,0,n<3
50122496,2024-09-01,2024-09-30,mensual,,,0,n<3
50122496,2024-10-01,2024-10-31,mensual,,,0,n<3
50122496,2024-11-01,2024-11-30,mensual,,,0,n<3
50122496,2024-12-01,2024-12-31,mensual,,,1,n<3
50122496,2025-01-01,2025-01-31,mensual,,,2,n<3
50122496,2024-01-01,2024-03-31,trimestral,,,2,n<3
50122496,2024-02-01,2024-04-30,trimestral,,,0,n<3
50122496,2024-03-01,2024-05-31,trimestral,,,0,n<3
50122496,2024-04-01,2024-06-30,trimestral,,,0,n<3
50122496,2024-05-01,2024-07-31,trimestral,,,0,n<3
50122496,2024-06-01,2024-08-31,trimestral,,,0,n<3
50122496,2024-07-01,2024-09-30,trimestral,,,0,n<3
50122496,2024-08-01,2024-10-31,trimestral,,,0,n<3
50122496,2024-09-01,2024-11-30,trimestral,,,0,n<3
50122496,2024-10-01,2024-12-31,trimestral,,,1,n<3
50122496,2024-11-01,2025-01-31,trimestral,,,3,precio constante
50122496,2024-01-01,2024-06-30,semestral,,,2,n<3
50122496,2024-02-01,2024-07-31,semestral,,,0,n<3
50122496,2024-03-01,2024-08-31,semestral,,,0,n<3
50122496,2024-04-01,2024-09-30,semestral,,,0,n<3
50122496,2024-05-01,2024-10-31,semestral,,,0,n<3
50122496,2024-06-01,2024-11-30,semestral,,,0,n<3
50122496,2024-07-01,2024-12-31,semestral,,,1,n<3
50122496,2024-08-01,2025-01-31,semestral,,,3,precio constante
50122498,2024-11-01,2024-11-30,mensual,,,1,n<3
50122498,2024-12-01,2024-12-31,mensual,,,2,n<3
50122498,2025-01-01,2025-01-31,mensual,,,1,n<3
50122498,2025-02-01,2025-02-28,mensual,,,0,n<3
50122498,2025-03-01,2025-03-31,mensual,,,0,n<3
50122498,2025-04-01,2025-04-30,mensual,,,0,n<3
50122498,2025-05-01,2025-05-31,mensual,,,0,n<3
50122498,2025-06-01,2025-06-30,mensual,,,0,n<3
50122498,2025-07-01,2025-07-31,mensual,,,0,n<3
50122498,2025-08-01,2025-08-31,mensual,,,0,n<3
50122498,2025-09-01,2025-09-30,mensual,,,0,n<3
50122498,2025-10-01,2025-10-31,mensual,,,0,n<3
50122498,2025-11-01,2025-11-30,mensual,,,1,n<3
50122498,2025-12-01,2025-12-31,mensual,,,0,n<3
50122498,2026-01-01,2026-01-31,mensual,,,1,n<3
50122498,2024-11-01,2025-01-31,trimestral,,,4,precio constante
50122498,2024-12-01,2025-02-28,trimestral,,,3,precio constante
50122498,2025-01-01,2025-03-31,trimestral,,,1,n<3
50122498,2025-02-01,2025-04-30,trimestral,,,0,n<3
50122498,2025-03-01,2025-05-31,trimestral,,,0,n<3
50122498,2025-04-01,2025-06-30,trimestral,,,0,n<3
50122498,2025-05-01,2025-07-31,trimestral,,,0,n<3
50122498,2025-06-01,2025-08-31,trimestral,,,0,n<3
50122498,2025-07-01,2025-09-30,trimestral,,,0,n<3
50122498,2025-08-01,2025-10-31,trimestral,,,0,n<3
50122498,2025-09-01,2025-11-30,trimestral,,,1,n<3
50122498,2025-10-01,2025-12-31,trimestral,,,1,n<3
50122498,2025-11-01,2026-01-31,trimestral,,,2,n<3
50122498,2024-11-01,2025-04-30,semestral,,,4,precio constante
50122498,2024-12-01,2025-05-31,semestral,,,3,precio constante
50122498,2025-01-01,2025-06-30,semestral,,,1,n<3
50122498,2025-02-01,2025-07-31,semestral,,,0,n<3
50122498,2025-03-01,2025-08-31,semestral,,,0,n<3
50122498,2025-04-01,2025-09-30,semestral,,,0,n<3
50122498,2025-05-01,2025-10-31,semestral,,,0,n<3
50122498,2025-06-01,2025-11-30,semestral,,,1,n<3
50122498,2025-07-01,2025-12-31,semestral,,,1,n<3
50122498,2025-08-01,2026-01-31,semestral,,,2,n<3
50122500,2025-01-01,2025-01-31,mensual,,,3,qty constante
50122503,2025-01-01,2025-01-31,mensual,,,1,n<3
50122504,2024-01-01,2024-01-31,mensual,,,1,n<3
50122504,2024-02-01,2024-02-29,mensual,,,1,n<3
50122507,2024-01-01,2024-01-31,mensual,,,1,n<3
50122511,2024-01-01,2024-01-31,mensual,,,2,n<3
50122511,2024-02-01,2024-02-29,mensual,,,0,n<3
50122511,2024-03-01,2024-03-31,mensual,,,0,n<3
50122511,2024-04-01,2024-04-30,mensual,,,0,n<3
50122511,2024-05-01,2024-05-31,mensual,,,0,n<3
50122511,2024-06-01,2024-06-30,mensual,,,0,n<3
50122511,2024-07-01,2024-07-31,mensual,,,0,n<3
50122511,2024-08-01,2024-08-31,mensual,,,0,n<3
50122511,2024-09-01,2024-09-30,mensual,,,0,n<3
50122511,2024-10-01,2024-10-31,mensual,,,0,n<3
50122511,2024-11-01,2024-11-30,mensual,,,0,n<3
50122511,2024-12-01,2024-12-31,mensual,,,1,n<3
50122511,2025-01-01,2025-01-31,mensual,,,0,n<3
50122511,2025-02-01,2025-02-28,mensual,,,0,n<3
50122511,2025-03-01,2025-03-31,mensual,,,0,n<3
50122511,2025-04-01,2025-04-30,mensual,,,0,n<3
50122511,2025-05-01,2025-05-31,mensual,,,0,n<3
50122511,2025-06-01,2025-06-30,mensual,,,0,n<3
50122511,2025-07-01,2025-07-31,mensual,,,0,n<3
50122511,2025-08-01,2025-08-31,mensual,,,0,n<3
50122511,2025-09-01,2025-09-30,mensual,,,0,n<3
50122511,2025-10-01,2025-10-31,mensual,,,0,n<3
50122511,2025-11-01,2025-11-30,mensual,,,0,n<3
50122511,2025-12-01,2025-12-31,mensual,,,0,n<3
50122511,2026-01-01,2026-01-31,mensual,,,0,n<3
50122511,2026-02-01,2026-02-28,mensual,,,1,n<3
50122511,2024-01-01,2024-03-31,trimestral,,,2,n<3
50122511,2024-02-01,2024-04-30,trimestral,,,0,n<3
50122511,2024-03-01,2024-05-31,trimestral,,,0,n<3
50122511,2024-04-01,2024-06-30,trimestral,,,0,n<3
50122511,2024-05-01,2024-07-31,trimestral,,,0,n<3
50122511,2024-06-01,2024-08-31,trimestral,,,0,n<3
50122511,2024-07-01,2024-09-30,trimestral,,,0,n<3
50122511,2024-08-01,2024-10-31,trimestral,,,0,n<3
50122511,2024-09-01,2024-11-30,trimestral,,,0,n<3
50122511,2024-10-01,2024-12-31,trimestral,,,1,n<3
50122511,2024-11-01,2025-01-31,trimestral,,,1,n<3
50122511,2024-12-01,2025-02-28,trimestral,,,1,n<3
50122511,2025-01-01,2025-03-31,trimestral,,,0,n<3
50122511,2025-02-01,2025-04-30,trimestral,,,0,n<3
50122511,2025-03-01,2025-05-31,trimestral,,,0,n<3
50122511,2025-04-01,2025-06-30,trimestral,,,0,n<3
50122511,2025-05-01,2025-07-31,trimestral,,,0,n<3
50122511,2025-06-01,2025-08-31,trimestral,,,0,n<3
50122511,2025-07-01,2025-09-30,trimestral,,,0,n<3
50122511,2025-08-01,2025-10-31,trimestral,,,0,n<3
50122511,2025-09-01,2025-11-30,trimestral,,,0,n<3
50122511,2025-10-01,2025-12-31,trimestral,,,0,n<3
50122511,2025-11-01,2026-01-31,trimestral,,,0,n<3
50122511,2025-12-01,2026-02-28,trimestral,,,1,n<3
50122511,2024-01-01,2024-06-30,semestral,,,2,n<3
50122511,2024-02-01,2024-07-31,semestral,,,0,n<3
50122511,2024-03-01,2024-08-31,semestral,,,0,n<3
50122511,2024-04-01,2024-09-30,semestral,,,0,n<3
50122511,2024-05-01,2024-10-31,semestral,,,0,n<3
50122511,2024-06-01,2024-11-30,semestral,,,0,n<3
50122511,2024-07-01,2024-12-31,semestral,,,1,n<3
50122511,2024-08-01,2025-01-31,semestral,,,1,n<3
50122511,2024-09-01,2025-02-28,semestral,,,1,n<3
50122511,2024-10-01,2025-03-31,semestral,,,1,n<3
50122511,2024-11-01,2025-04-30,semestral,,,1,n<3
50122511,2024-12-01,2025-05-31,semestral,,,1,n<3
50122511,2025-01-01,2025-06-30,semestral,,,0,n<3
50122511,2025-02-01,2025-07-31,semestral,,,0,n<3
50122511,2025-03-01,2025-08-31,semestral,,,0,n<3
50122511,2025-04-01,2025-09-30,semestral,,,0,n<3
50122511,2025-05-01,2025-10-31,semestral,,,0,n<3
50122511,2025-06-01,2025-11-30,semestral,,,0,n<3
50122511,2025-07-01,2025-12-31,semestral,,,0,n<3
50122511,2025-08-01,2026-01-31,semestral,,,0,n<3
50122511,2025-09-01,2026-02-28,semestral,,,1,n<3
50123110,2024-01-01,2024-01-31,mensual,,,1,n<3
50123110,2024-02-01,2024-02-29,mensual,,,2,n<3
50123110,2024-03-01,2024-03-31,mensual,,,1,n<3
50123110,2024-04-01,2024-04-30,mensual,,,1,n<3
50123110,2024-01-01,2024-03-31,trimestral,,,4,qty constante
50123110,2024-02-01,2024-04-30,trimestral,,,4,qty constante
50123146,2024-02-01,2024-02-29,mensual,,,3,qty constante
50123524,2024-05-01,2024-05-31,mensual,,,1,n<3
50125167,2024-07-01,2024-07-31,mensual,,,1,n<3
50125167,2024-08-01,2024-08-31,mensual,-4.602595569364698,0.8160542089767139,3,valida
50125167,2024-09-01,2024-09-30,mensual,,,3,precio constante
50125167,2024-10-01,2024-10-31,mensual,,,1,n<3
50125167,2024-11-01,2024-11-30,mensual,,,2,n<3
50125167,2024-12-01,2024-12-31,mensual,,,2,n<3
50125167,2024-07-01,2024-09-30,trimestral,-5.443821730283332,0.8273207500183223,7,valida
50125167,2024-08-01,2024-10-31,trimestral,-5.443821730283332,0.8273207500183223,7,valida
50125167,2024-09-01,2024-11-30,trimestral,,,6,precio constante
50125167,2024-10-01,2024-12-31,trimestral,0.7167053357955072,0.16656128412008797,5,valida
50125167,2024-07-01,2024-12-31,semestral,-0.16311643506812365,0.0036709547251976282,12,valida
50125172,2024-08-01,2024-08-31,mensual,,,4,precio constante
50125172,2024-09-01,2024-09-30,mensual,,,0,n<3
50125172,2024-10-01,2024-10-31,mensual,,,0,n<3
50125172,2024-11-01,2024-11-30,mensual,,,4,precio constante
50125172,2024-12-01,2024-12-31,mensual,,,1,n<3
50125172,2025-01-01,2025-01-31,mensual,,,0,n<3
50125172,2025-02-01,2025-02-28,mensual,,,0,n<3
50125172,2025-03-01,2025-03-31,mensual,,,0,n<3
50125172,2025-04-01,2025-04-30,mensual,,,0,n<3
50125172,2025-05-01,2025-05-31,mensual,,,4,precio constante
50125172,2025-06-01,2025-06-30,mensual,,,1,n<3
50125172,2025-07-01,2025-07-31,mensual,,,4,precio constante
50125172,2025-08-01,2025-08-31,mensual,,,2,n<3
50125172,2025-09-01,2025-09-30,mensual,,,0,n<3
50125172,2025-10-01,2025-10-31,mensual,,,2,n<3
50125172,2025-11-01,2025-11-30,mensual,,,1,n<3
50125172,2024-08-01,2024-10-31,trimestral,,,4,precio constante
50125172,2024-09-01,2024-11-30,trimestral,,,4,precio constante
50125172,2024-10-01,2024-12-31,trimestral,,,5,precio constante
50125172,2024-11-01,2025-01-31,trimestral,,,5,precio constante
50125172,2024-12-01,2025-02-28,trimestral,,,1,n<3
50125172,2025-01-01,2025-03-31,trimestral,,,0,n<3
50125172,2025-02-01,2025-04-30,trimestral,,,0,n<3
50125172,2025-03-01,2025-05-31,trimestral,,,4,precio constante
50125172,2025-04-01,2025-06-30,trimestral,,,5,precio constante
50125172,2025-05-01,2025-07-31,trimestral,,,9,precio constante
50125172,2025-06-01,2025-08-31,trimestral,,,7,precio constante
50125172,2025-07-01,2025-09-30,trimestral,,,6,precio constante
50125172,2025-08-01,2025-10-31,trimestral,,,4,precio constante
50125172,2025-09-01,2025-11-30,trimestral,,,3,precio constante
50125172,2024-08-01,2025-01-31,semestral,1.2835898983923648,0.24212784853404135,9,valida
50125172,2024-09-01,2025-02-28,semestral,,,5,precio constante
50125172,2024-10-01,2025-03-31,semestral,,,5,precio constante
50125172,2024-11-01,2025-04-30,semestral,,,5,precio constante
50125172,2024-12-01,2025-05-31,semestral,1.2985194031407872,0.06257160423381014,5,valida
50125172,2025-01-01,2025-06-30,semestral,,,5,precio constante
50125172,2025-02-01,2025-07-31,semestral,,,9,precio constante
50125172,2025-03-01,2025-08-31,semestral,,,11,precio constante
50125172,2025-04-01,2025-09-30,semestral,,,11,precio constante
50125172,2025-05-01,2025-10-31,semestral,,,13,precio constante
50125172,2025-06-01,2025-11-30,semestral,,,10,precio constante
50125179,2024-09-01,2024-09-30,mensual,,,2,n<3
50125179,2024-10-01,2024-10-31,mensual,,,4,qty constante
50125179,2024-11-01,2024-11-30,mensual,,,4,qty constante
50125179,2024-12-01,2024-12-31,mensual,,,4,precio constante
50125179,2025-01-01,2025-01-31,mensual,,,1,n<3
50125179,2024-09-01,2024-11-30,trimestral,,,10,qty constante
50125179,2024-10-01,2024-12-31,trimestral,,,12,qty constante
50125179,2024-11-01,2025-01-31,trimestral,,,9,qty constante
50125180,2024-07-01,2024-07-31,mensual,,,6,precio constante
50125180,2024-08-01,2024-08-31,mensual,,,3,qty constante
50125180,2024-09-01,2024-09-30,mensual,,,2,n<3
50125180,2024-10-01,2024-10-31,mensual,,,2,n<3
50125180,2024-11-01,2024-11-30,mensual,,,3,qty constante
50125180,2024-12-01,2024-12-31,mensual,,,1,n<3
50125180,2024-07-01,2024-09-30,trimestral,1.471584762095516,0.09879707136505533,11,valida
50125180,2024-08-01,2024-10-31,trimestral,0.6466533861299828,0.027719166870909362,7,valida
50125180,2024-09-01,2024-11-30,trimestral,0.3749355916038337,0.027743802398952244,7,valida
50125180,2024-10-01,2024-12-31,trimestral,,,6,qty constante
50125180,2024-07-01,2024-12-31,semestral,0.7184774871198851,0.09620867505047404,17,valida
50125461,2024-07-01,2024-07-31,mensual,,,3,precio constante
50125461,2024-08-01,2024-08-31,mensual,,,4,qty constante
50125461,2024-09-01,2024-09-30,mensual,,,4,precio constante
50125461,2024-10-01,2024-10-31,mensual,,,1,n<3
50125461,2024-11-01,2024-11-30,mensual,0.5631258543643151,0.234166519956451,11,valida
50125461,2024-12-01,2024-12-31,mensual,0.47787844227037707,0.12745842789626038,9,valida
50125461,2025-01-01,2025-01-31,mensual,,,5,qty constante
50125461,2024-07-01,2024-09-30,trimestral,,,11,qty constante
50125461,2024-08-01,2024-10-31,trimestral,,,9,qty constante
50125461,2024-09-01,2024-11-30,trimestral,0.09733507496949922,0.013066363721077057,16,valida
50125461,2024-10-01,2024-12-31,trimestral,0.26815024236393953,0.07228609988170165,21,valida
50125461,2024-11-01,2025-01-31,trimestral,0.053165041992091856,0.004526280396956239,25,valida
50125461,2024-07-01,2024-12-31,semestral,-0.018443471480275326,0.0006864926912086844,32,valida
50125461,2024-08-01,2025-01-31,semestral,-0.03041641847067565,0.0018560283433175506,34,valida
50125495,2024-07-01,2024-07-31,mensual,,,1,n<3
50125495,2024-08-01,2024-08-31,mensual,-0.6165023831700785,0.3321209359718501,8,valida
50125495,2024-09-01,2024-09-30,mensual,-1.6322618013742611,0.0283328435623027,7,valida
50125495,2024-10-01,2024-10-31,mensual,,,1,n<3
50125495,2024-11-01,2024-11-30,mensual,2.6625727692537793,0.03909602151020408,6,valida
50125495,2024-12-01,2024-12-31,mensual,,,7,qty constante
50125495,2024-07-01,2024-09-30,trimestral,-0.2534607679926401,0.09796571995277459,16,valida
50125495,2024-08-01,2024-10-31,trimestral,-0.25346076799264006,0.09796571995277459,16,valida
50125495,2024-09-01,2024-11-30,trimestral,-0.11833214442094829,0.013338928449880383,14,valida
50125495,2024-10-01,2024-12-31,trimestral,-0.05917499043632658,0.006158156612881105,14,valida
50125495,2024-07-01,2024-12-31,semestral,-0.14231780556000762,0.03646572351587141,30,valida
50125886,2025-12-01,2025-12-31,mensual,,,1,n<3
50125886,2026-01-01,2026-01-31,mensual,,,0,n<3
50125886,2026-02-01,2026-02-28,mensual,,,1,n<3
50125886,2026-03-01,2026-03-31,mensual,,,0,n<3
50125886,2026-04-01,2026-04-30,mensual,,,1,n<3
50125886,2025-12-01,2026-02-28,trimestral,,,2,n<3
50125886,2026-01-01,2026-03-31,trimestral,,,1,n<3
50125886,2026-02-01,2026-04-30,trimestral,,,2,n<3
50127307,2024-08-01,2024-08-31,mensual,,,3,qty constante
50127308,2024-09-01,2024-09-30,mensual,,,1,n<3
50127309,2024-07-01,2024-07-31,mensual,,,1,n<3
50127309,2024-08-01,2024-08-31,mensual,,,1,n<3
50127309,2024-09-01,2024-09-30,mensual,,,1,n<3
50127309,2024-10-01,2024-10-31,mensual,,,0,n<3
50127309,2024-11-01,2024-11-30,mensual,,,0,n<3
50127309,2024-12-01,2024-12-31,mensual,,,0,n<3
50127309,2025-01-01,2025-01-31,mensual,,,1,n<3
50127309,2024-07-01,2024-09-30,trimestral,,,3,precio constante
50127309,2024-08-01,2024-10-31,trimestral,,,2,n<3
50127309,2024-09-01,2024-11-30,trimestral,,,1,n<3
50127309,2024-10-01,2024-12-31,trimestral,,,0,n<3
50127309,2024-11-01,2025-01-31,trimestral,,,1,n<3
50127309,2024-07-01,2024-12-31,semestral,,,3,precio constante
50127309,2024-08-01,2025-01-31,semestral,,,3,qty constante
50127310,2024-08-01,2024-08-31,mensual,,,1,n<3
50127312,2024-07-01,2024-07-31,mensual,,,1,n<3
50127312,2024-08-01,2024-08-31,mensual,,,1,n<3
50127313,2024-08-01,2024-08-31,mensual,,,2,n<3
50127680,2024-07-01,2024-07-31,mensual,,,1,n<3
50127956,2024-08-01,2024-08-31,mensual,,,1,n<3
50127957,2024-08-01,2024-08-31,mensual,,,1,n<3
50127960,2024-08-01,2024-08-31,mensual,,,2,n<3
50127961,2024-08-01,2024-08-31,mensual,,,1,n<3
50127962,2024-07-01,2024-07-31,mensual,,,1,n<3
50128234,2024-08-01,2024-08-31,mensual,0.08963174398931259,0.0018944362171350315,4,valida
50128234,2024-09-01,2024-09-30,mensual,,,1,n<3
50128235,2024-06-01,2024-06-30,mensual,,,1,n<3
50128235,2024-07-01,2024-07-31,mensual,,,0,n<3
50128235,2024-08-01,2024-08-31,mensual,,,0,n<3
50128235,2024-09-01,2024-09-30,mensual,,,0,n<3
50128235,2024-10-01,2024-10-31,mensual,,,0,n<3
50128235,2024-11-01,2024-11-30,mensual,,,1,n<3
50128235,2024-12-01,2024-12-31,mensual,,,1,n<3
50128235,2024-06-01,2024-08-31,trimestral,,,1,n<3
50128235,2024-07-01,2024-09-30,trimestral,,,0,n<3
50128235,2024-08-01,2024-10-31,trimestral,,,0,n<3
50128235,2024-09-01,2024-11-30,trimestral,,,1,n<3
50128235,2024-10-01,2024-12-31,trimestral,,,2,n<3
50128235,2024-06-01,2024-11-30,semestral,,,2,n<3
50128235,2024-07-01,2024-12-31,semestral,,,2,n<3
50128236,2024-07-01,2024-07-31,mensual,,,1,n<3
50128236,2024-08-01,2024-08-31,mensual,,,3,qty constante
50128236,2024-09-01,2024-09-30,mensual,,,0,n<3
50128236,2024-10-01,2024-10-31,mensual,,,0,n<3
50128236,2024-11-01,2024-11-30,mensual,,,0,n<3
50128236,2024-12-01,2024-12-31,mensual,,,0,n<3
50128236,2025-01-01,2025-01-31,mensual,,,0,n<3
50128236,2025-02-01,2025-02-28,mensual,,,0,n<3
50128236,2025-03-01,2025-03-31,mensual,,,0,n<3
50128236,2025-04-01,2025-04-30,mensual,,,0,n<3
50128236,2025-05-01,2025-05-31,mensual,,,0,n<3
50128236,2025-06-01,2025-06-30,mensual,,,0,n<3
50128236,2025-07-01,2025-07-31,mensual,,,1,n<3
50128236,2025-08-01,2025-08-31,mensual,,,3,precio constante
50128236,2024-07-01,2024-09-30,trimestral,,,4,qty constante
50128236,2024-08-01,2024-10-31,trimestral,,,3,qty constante
50128236,2024-09-01,2024-11-30,trimestral,,,0,n<3
50128236,2024-10-01,2024-12-31,trimestral,,,0,n<3
50128236,2024-11-01,2025-01-31,trimestral,,,0,n<3
50128236,2024-12-01,2025-02-28,trimestral,,,0,n<3
50128236,2025-01-01,2025-03-31,trimestral,,,0,n<3
50128236,2025-02-01,2025-04-30,trimestral,,,0,n<3
50128236,2025-03-01,2025-05-31,trimestral,,,0,n<3
50128236,2025-04-01,2025-06-30,trimestral,,,0,n<3
50128236,2025-05-01,2025-07-31,trimestral,,,1,n<3
50128236,2025-06-01,2025-08-31,trimestral,,,4,precio constante
50128236,2024-07-01,2024-12-31,semestral,,,4,qty constante
50128236,2024-08-01,2025-01-31,semestral,,,3,qty constante
50128236,2024-09-01,2025-02-28,semestral,,,0,n<3
50128236,2024-10-01,2025-03-31,semestral,,,0,n<3
50128236,2024-11-01,2025-04-30,semestral,,,0,n<3
50128236,2024-12-01,2025-05-31,semestral,,,0,n<3
50128236,2025-01-01,2025-06-30,semestral,,,0,n<3
50128236,2025-02-01,2025-07-31,semestral,,,1,n<3
50128236,2025-03-01,2025-08-31,semestral,,,4,precio constante
50128237,2024-08-01,2024-08-31,mensual,,,1,n<3
50128238,2024-08-01,2024-08-31,mensual,,,2,n<3
50128238,2024-09-01,2024-09-30,mensual,,,1,n<3
50128238,2024-10-01,2024-10-31,mensual,,,0,n<3
50128238,2024-11-01,2024-11-30,mensual,,,0,n<3
50128238,2024-12-01,2024-12-31,mensual,,,0,n<3
50128238,2025-01-01,2025-01-31,mensual,,,0,n<3
50128238,2025-02-01,2025-02-28,mensual,,,0,n<3
50128238,2025-03-01,2025-03-31,mensual,,,0,n<3
50128238,2025-04-01,2025-04-30,mensual,,,0,n<3
50128238,2025-05-01,2025-05-31,mensual,,,1,n<3
50128238,2025-06-01,2025-06-30,mensual,,,0,n<3
50128238,2025-07-01,2025-07-31,mensual,,,1,n<3
50128238,2025-08-01,2025-08-31,mensual,,,3,qty constante
50128238,2024-08-01,2024-10-31,trimestral,,,3,precio constante
50128238,2024-09-01,2024-11-30,trimestral,,,1,n<3
50128238,2024-10-01,2024-12-31,trimestral,,,0,n<3
50128238,2024-11-01,2025-01-31,trimestral,,,0,n<3
50128238,2024-12-01,2025-02-28,trimestral,,,0,n<3
50128238,2025-01-01,2025-03-31,trimestral,,,0,n<3
50128238,2025-02-01,2025-04-30,trimestral,,,0,n<3
50128238,2025-03-01,2025-05-31,trimestral,,,1,n<3
50128238,2025-04-01,2025-06-30,trimestral,,,1,n<3
50128238,2025-05-01,2025-07-31,trimestral,,,2,n<3
50128238,2025-06-01,2025-08-31,trimestral,,,4,qty constante
50128238,2024-08-01,2025-01-31,semestral,,,3,precio constante
50128238,2024-09-01,2025-02-28,semestral,,,1,n<3
50128238,2024-10-01,2025-03-31,semestral,,,0,n<3
50128238,2024-11-01,2025-04-30,semestral,,,0,n<3
50128238,2024-12-01,2025-05-31,semestral,,,1,n<3
50128238,2025-01-01,2025-06-30,semestral,,,1,n<3
50128238,2025-02-01,2025-07-31,semestral,,,2,n<3
50128238,2025-03-01,2025-08-31,semestral,,,5,qty constante
50128239,2024-07-01,2024-07-31,mensual,,,1,n<3
50128239,2024-08-01,2024-08-31,mensual,,,2,n<3
50128239,2024-09-01,2024-09-30,mensual,,,0,n<3
50128239,2024-10-01,2024-10-31,mensual,,,0,n<3
50128239,2024-11-01,2024-11-30,mensual,,,0,n<3
50128239,2024-12-01,2024-12-31,mensual,,,0,n<3
50128239,2025-01-01,2025-01-31,mensual,,,0,n<3
50128239,2025-02-01,2025-02-28,mensual,,,0,n<3
50128239,2025-03-01,2025-03-31,mensual,,,0,n<3
50128239,2025-04-01,2025-04-30,mensual,,,0,n<3
50128239,2025-05-01,2025-05-31,mensual,,,0,n<3
50128239,2025-06-01,2025-06-30,mensual,,,0,n<3
50128239,2025-07-01,2025-07-31,mensual,,,6,qty constante
50128239,2025-08-01,2025-08-31,mensual,,,1,n<3
50128239,2024-07-01,2024-09-30,trimestral,,,3,qty constante
50128239,2024-08-01,2024-10-31,trimestral,,,2,n<3
50128239,2024-09-01,2024-11-30,trimestral,,,0,n<3
50128239,2024-10-01,2024-12-31,trimestral,,,0,n<3
50128239,2024-11-01,2025-01-31,trimestral,,,0,n<3
50128239,2024-12-01,2025-02-28,trimestral,,,0,n<3
50128239,2025-01-01,2025-03-31,trimestral,,,0,n<3
50128239,2025-02-01,2025-04-30,trimestral,,,0,n<3
50128239,2025-03-01,2025-05-31,trimestral,,,0,n<3
50128239,2025-04-01,2025-06-30,trimestral,,,0,n<3
50128239,2025-05-01,2025-07-31,trimestral,,,6,qty constante
50128239,2025-06-01,2025-08-31,trimestral,,,7,qty constante
50128239,2024-07-01,2024-12-31,semestral,,,3,qty constante
50128239,2024-08-01,2025-01-31,semestral,,,2,n<3
50128239,2024-09-01,2025-02-28,semestral,,,0,n<3
50128239,2024-10-01,2025-03-31,semestral,,,0,n<3
50128239,2024-11-01,2025-04-30,semestral,,,0,n<3
50128239,2024-12-01,2025-05-31,semestral,,,0,n<3
50128239,2025-01-01,2025-06-30,semestral,,,0,n<3
50128239,2025-02-01,2025-07-31,semestral,,,6,qty constante
50128239,2025-03-01,2025-08-31,semestral,,,7,qty constante
50128240,2024-08-01,2024-08-31,mensual,,,1,n<3
50128240,2024-09-01,2024-09-30,mensual,,,0,n<3
50128240,2024-10-01,2024-10-31,mensual,,,0,n<3
50128240,2024-11-01,2024-11-30,mensual,,,1,n<3
50128240,2024-12-01,2024-12-31,mensual,,,0,n<3
50128240,2025-01-01,2025-01-31,mensual,,,0,n<3
50128240,2025-02-01,2025-02-28,mensual,,,0,n<3
50128240,2025-03-01,2025-03-31,mensual,,,0,n<3
50128240,2025-04-01,2025-04-30,mensual,,,0,n<3
50128240,2025-05-01,2025-05-31,mensual,,,0,n<3
50128240,2025-06-01,2025-06-30,mensual,,,0,n<3
50128240,2025-07-01,2025-07-31,mensual,,,1,n<3
50128240,2025-08-01,2025-08-31,mensual,,,2,n<3
50128240,2025-09-01,2025-09-30,mensual,,,0,n<3
50128240,2025-10-01,2025-10-31,mensual,,,0,n<3
50128240,2025-11-01,2025-11-30,mensual,,,1,n<3
50128240,2025-12-01,2025-12-31,mensual,,,0,n<3
50128240,2026-01-01,2026-01-31,mensual,,,1,n<3
50128240,2024-08-01,2024-10-31,trimestral,,,1,n<3
50128240,2024-09-01,2024-11-30,trimestral,,,1,n<3
50128240,2024-10-01,2024-12-31,trimestral,,,1,n<3
50128240,2024-11-01,2025-01-31,trimestral,,,1,n<3
50128240,2024-12-01,2025-02-28,trimestral,,,0,n<3
50128240,2025-01-01,2025-03-31,trimestral,,,0,n<3
50128240,2025-02-01,2025-04-30,trimestral,,,0,n<3
50128240,2025-03-01,2025-05-31,trimestral,,,0,n<3
50128240,2025-04-01,2025-06-30,trimestral,,,0,n<3
50128240,2025-05-01,2025-07-31,trimestral,,,1,n<3
50128240,2025-06-01,2025-08-31,trimestral,,,3,qty constante
50128240,2025-07-01,2025-09-30,trimestral,,,3,qty constante
50128240,2025-08-01,2025-10-31,trimestral,,,2,n<3
50128240,2025-09-01,2025-11-30,trimestral,,,1,n<3
50128240,2025-10-01,2025-12-31,trimestral,,,1,n<3
50128240,2025-11-01,2026-01-31,trimestral,,,2,n<3
50128240,2024-08-01,2025-01-31,semestral,,,2,n<3
50128240,2024-09-01,2025-02-28,semestral,,,1,n<3
50128240,2024-10-01,2025-03-31,semestral,,,1,n<3
50128240,2024-11-01,2025-04-30,semestral,,,1,n<3
50128240,2024-12-01,2025-05-31,semestral,,,0,n<3
50128240,2025-01-01,2025-06-30,semestral,,,0,n<3
50128240,2025-02-01,2025-07-31,semestral,,,1,n<3
50128240,2025-03-01,2025-08-31,semestral,,,3,qty constante
50128240,2025-04-01,2025-09-30,semestral,,,3,qty constante
50128240,2025-05-01,2025-10-31,semestral,,,3,qty constante
50128240,2025-06-01,2025-11-30,semestral,,,4,qty constante
50128240,2025-07-01,2025-12-31,semestral,,,4,qty constante
50128240,2025-08-01,2026-01-31,semestral,,,4,qty constante
50128241,2024-05-01,2024-05-31,mensual,,,1,n<3
50128241,2024-06-01,2024-06-30,mensual,,,0,n<3
50128241,2024-07-01,2024-07-31,mensual,,,0,n<3
50128241,2024-08-01,2024-08-31,mensual,,,1,n<3
50128241,2024-05-01,2024-07-31,trimestral,,,1,n<3
50128241,2024-06-01,2024-08-31,trimestral,,,1,n<3
50128451,2024-09-01,2024-09-30,mensual,,,2,n<3
50128451,2024-10-01,2024-10-31,mensual,,,4,precio constante
50128451,2024-11-01,2024-11-30,mensual,,,1,n<3
50128451,2024-12-01,2024-12-31,mensual,,,0,n<3
50128451,2025-01-01,2025-01-31,mensual,,,1,n<3
50128451,2025-02-01,2025-02-28,mensual,,,0,n<3
50128451,2025-03-01,2025-03-31,mensual,,,0,n<3
50128451,2025-04-01,2025-04-30,mensual,,,0,n<3
50128451,2025-05-01,2025-05-31,mensual,,,2,n<3
50128451,2024-09-01,2024-11-30,trimestral,-0.4633920852655891,0.021122351990096933,7,valida
50128451,2024-10-01,2024-12-31,trimestral,,,5,precio constante
50128451,2024-11-01,2025-01-31,trimestral,,,2,n<3
50128451,2024-12-01,2025-02-28,trimestral,,,1,n<3
50128451,2025-01-01,2025-03-31,trimestral,,,1,n<3
50128451,2025-02-01,2025-04-30,trimestral,,,0,n<3
50128451,2025-03-01,2025-05-31,trimestral,,,2,n<3
50128451,2024-09-01,2025-02-28,semestral,0.984737902442483,0.036841046625348595,8,valida
50128451,2024-10-01,2025-03-31,semestral,34.06229336053061,0.7999999999999999,6,valida
50128451,2024-11-01,2025-04-30,semestral,,,2,n<3
50128451,2024-12-01,2025-05-31,semestral,-10.253646684994594,0.7009074505478745,3,valida
50129135,2025-05-01,2025-05-31,mensual,,,1,n<3
50129136,2024-11-01,2024-11-30,mensual,,,1,n<3
50129136,2024-12-01,2024-12-31,mensual,,,2,n<3
50129136,2025-01-01,2025-01-31,mensual,,,3,qty constante
50129136,2025-02-01,2025-02-28,mensual,,,1,n<3
50129136,2024-11-01,2025-01-31,trimestral,3.873419764020722,0.04000000000000015,6,valida
50129136,2024-12-01,2025-02-28,trimestral,4.841774705026012,0.1000000000000002,6,valida
50129137,2024-12-01,2024-12-31,mensual,,,2,n<3
50129138,2024-11-01,2024-11-30,mensual,,,1,n<3
50129138,2024-12-01,2024-12-31,mensual,,,2,n<3
50129138,2025-01-01,2025-01-31,mensual,,,2,n<3
50129138,2024-11-01,2025-01-31,trimestral,,,5,qty constante
50129139,2024-11-01,2024-11-30,mensual,,,1,n<3
50129139,2024-12-01,2024-12-31,mensual,,,4,precio constante
50129139,2025-01-01,2025-01-31,mensual,,,1,n<3
50129139,2024-11-01,2025-01-31,trimestral,,,6,qty constante
50129140,2024-12-01,2024-12-31,mensual,,,1,n<3
50129140,2025-01-01,2025-01-31,mensual,,,1,n<3
50129140,2025-02-01,2025-02-28,mensual,,,3,precio constante
50129140,2024-12-01,2025-02-28,trimestral,,,5,qty constante
50129141,2024-12-01,2024-12-31,mensual,-0.9716685817762417,0.33333333333333326,4,valida
50129141,2025-01-01,2025-01-31,mensual,,,8,qty constante
50129141,2025-02-01,2025-02-28,mensual,,,3,qty constante
50129141,2025-03-01,2025-03-31,mensual,,,1,n<3
50129141,2024-12-01,2025-02-28,trimestral,-0.9024073115739301,0.4485484897468337,15,valida
50129141,2025-01-01,2025-03-31,trimestral,,,12,qty constante
50129142,2024-11-01,2024-11-30,mensual,,,4,qty constante
50129142,2024-12-01,2024-12-31,mensual,,,2,n<3
50129142,2025-01-01,2025-01-31,mensual,,,2,n<3
50129142,2025-02-01,2025-02-28,mensual,,,1,n<3
50129142,2024-11-01,2025-01-31,trimestral,,,8,qty constante
50129142,2024-12-01,2025-02-28,trimestral,,,5,qty constante
50129143,2024-10-01,2024-10-31,mensual,,,1,n<3
50129143,2024-11-01,2024-11-30,mensual,,,2,n<3
50129143,2024-12-01,2024-12-31,mensual,,,2,n<3
50129143,2025-01-01,2025-01-31,mensual,,,5,qty constante
50129143,2025-02-01,2025-02-28,mensual,,,1,n<3
50129143,2024-10-01,2024-12-31,trimestral,,,5,qty constante
50129143,2024-11-01,2025-01-31,trimestral,,,9,qty constante
50129143,2024-12-01,2025-02-28,trimestral,,,8,qty constante
50129144,2024-12-01,2024-12-31,mensual,,,1,n<3
50129144,2025-01-01,2025-01-31,mensual,,,6,qty constante
50129145,2024-11-01,2024-11-30,mensual,,,3,precio constante
50129145,2024-12-01,2024-12-31,mensual,,,3,qty constante
50129145,2025-01-01,2025-01-31,mensual,,,0,n<3
50129145,2025-02-01,2025-02-28,mensual,,,1,n<3
50129145,2024-11-01,2025-01-31,trimestral,,,6,qty constante
50129145,2024-12-01,2025-02-28,trimestral,,,4,qty constante
50129146,2024-11-01,2024-11-30,mensual,,,1,n<3
50129146,2024-12-01,2024-12-31,mensual,,,4,precio constante
50129146,2025-01-01,2025-01-31,mensual,,,4,precio constante
50129146,2024-11-01,2025-01-31,trimestral,,,9,qty constante
50129147,2024-12-01,2024-12-31,mensual,,,1,n<3
50129147,2025-01-01,2025-01-31,mensual,,,4,qty constante
50129148,2024-12-01,2024-12-31,mensual,,,3,precio constante
50129148,2025-01-01,2025-01-31,mensual,,,2,n<3
50129149,2024-12-01,2024-12-31,mensual,,,3,precio constante
50129149,2025-01-01,2025-01-31,mensual,,,3,qty constante
50129150,2024-11-01,2024-11-30,mensual,,,1,n<3
50129150,2024-12-01,2024-12-31,mensual,,,3,precio constante
50129150,2025-01-01,2025-01-31,mensual,,,1,n<3
50129150,2025-02-01,2025-02-28,mensual,,,1,n<3
50129150,2024-11-01,2025-01-31,trimestral,,,5,qty constante
50129150,2024-12-01,2025-02-28,trimestral,,,5,qty constante
50129151,2024-11-01,2024-11-30,mensual,,,1,n<3
50129151,2024-12-01,2024-12-31,mensual,,,2,n<3
50129151,2025-01-01,2025-01-31,mensual,141.95223428016104,1.0,5,valida
50129151,2025-02-01,2025-02-28,mensual,,,1,n<3
50129151,2024-11-01,2025-01-31,trimestral,0.5034913701952676,0.026899055471356514,8,valida
50129151,2024-12-01,2025-02-28,trimestral,-0.5100477569161487,0.09031983045062386,8,valida
50129152,2024-11-01,2024-11-30,mensual,,,1,n<3
50129152,2024-12-01,2024-12-31,mensual,,,1,n<3
50129152,2025-01-01,2025-01-31,mensual,,,7,qty constante
50129152,2025-02-01,2025-02-28,mensual,,,1,n<3
50129152,2024-11-01,2025-01-31,trimestral,,,9,qty constante
50129152,2024-12-01,2025-02-28,trimestral,,,9,qty constante
50129153,2024-12-01,2024-12-31,mensual,,,5,qty constante
50129153,2025-01-01,2025-01-31,mensual,7.596596851822279,0.06385581318443856,5,valida
50129154,2024-10-01,2024-10-31,mensual,,,1,n<3
50129154,2024-11-01,2024-11-30,mensual,,,3,qty constante
50129154,2024-12-01,2024-12-31,mensual,,,2,n<3
50129154,2025-01-01,2025-01-31,mensual,,,2,n<3
50129154,2024-10-01,2024-12-31,trimestral,,,6,qty constante
50129154,2024-11-01,2025-01-31,trimestral,,,7,qty constante
50129155,2024-11-01,2024-11-30,mensual,,,2,n<3
50129155,2024-12-01,2024-12-31,mensual,,,6,qty constante
50129155,2025-01-01,2025-01-31,mensual,,,1,n<3
50129155,2024-11-01,2025-01-31,trimestral,,,9,qty constante
50129156,2024-11-01,2024-11-30,mensual,,,1,n<3
50129156,2024-12-01,2024-12-31,mensual,,,3,qty constante
50129156,2025-01-01,2025-01-31,mensual,,,2,n<3
50129156,2024-11-01,2025-01-31,trimestral,,,6,qty constante
50129157,2024-12-01,2024-12-31,mensual,,,3,precio constante
50129157,2025-01-01,2025-01-31,mensual,,,4,qty constante
50129157,2025-02-01,2025-02-28,mensual,,,1,n<3
50129157,2024-12-01,2025-02-28,trimestral,,,8,qty constante
50129158,2024-11-01,2024-11-30,mensual,,,3,precio constante
50129159,2024-10-01,2024-10-31,mensual,,,2,n<3
50129159,2024-11-01,2024-11-30,mensual,,,1,n<3
50129159,2024-12-01,2024-12-31,mensual,,,1,n<3
50129159,2024-10-01,2024-12-31,trimestral,,,4,qty constante
50129160,2024-11-01,2024-11-30,mensual,,,2,n<3
50129160,2024-12-01,2024-12-31,mensual,,,5,precio constante
50129161,2024-10-01,2024-10-31,mensual,,,1,n<3
50129161,2024-11-01,2024-11-30,mensual,,,2,n<3
50129162,2024-11-01,2024-11-30,mensual,,,3,qty constante
50129162,2024-12-01,2024-12-31,mensual,,,4,precio constante
50129162,2025-01-01,2025-01-31,mensual,,,1,n<3
50129162,2024-11-01,2025-01-31,trimestral,,,8,qty constante
50129163,2024-10-01,2024-10-31,mensual,,,1,n<3
50129163,2024-11-01,2024-11-30,mensual,,,2,n<3
50129163,2024-12-01,2024-12-31,mensual,,,1,n<3
50129163,2024-10-01,2024-12-31,trimestral,,,4,qty constante
50129164,2024-11-01,2024-11-30,mensual,,,1,n<3
50129164,2024-12-01,2024-12-31,mensual,,,1,n<3
50129165,2024-10-01,2024-10-31,mensual,,,1,n<3
50129165,2024-11-01,2024-11-30,mensual,,,2,n<3
50129166,2024-11-01,2024-11-30,mensual,,,2,n<3
50129167,2024-10-01,2024-10-31,mensual,,,1,n<3
50129167,2024-11-01,2024-11-30,mensual,,,3,precio constante
50129167,2024-12-01,2024-12-31,mensual,,,6,precio constante
50129167,2024-10-01,2024-12-31,trimestral,-1.0676274046710654,0.07407407407407429,10,valida
50129168,2024-11-01,2024-11-30,mensual,,,3,precio constante
50129168,2024-12-01,2024-12-31,mensual,,,2,n<3
50129169,2024-11-01,2024-11-30,mensual,,,2,n<3
50129169,2024-12-01,2024-12-31,mensual,,,1,n<3
50129170,2024-11-01,2024-11-30,mensual,,,2,n<3
50129170,2024-12-01,2024-12-31,mensual,,,1,n<3
50129171,2024-11-01,2024-11-30,mensual,,,2,n<3
50129171,2024-12-01,2024-12-31,mensual,,,2,n<3
50129172,2024-10-01,2024-10-31,mensual,,,1,n<3
50129172,2024-11-01,2024-11-30,mensual,,,2,n<3
50129174,2024-11-01,2024-11-30,mensual,,,1,n<3
50129174,2024-12-01,2024-12-31,mensual,,,1,n<3
50129174,2025-01-01,2025-01-31,mensual,,,2,n<3
50129174,2024-11-01,2025-01-31,trimestral,0.8836510596242881,0.2426553520472703,4,valida
50129175,2024-12-01,2024-12-31,mensual,,,2,n<3
50129176,2024-10-01,2024-10-31,mensual,,,1,n<3
50129177,2024-12-01,2024-12-31,mensual,,,1,n<3
50129177,2025-01-01,2025-01-31,mensual,,,2,n<3
50129178,2024-11-01,2024-11-30,mensual,,,1,n<3
50129178,2024-12-01,2024-12-31,mensual,,,0,n<3
50129178,2025-01-01,2025-01-31,mensual,,,1,n<3
50129178,2025-02-01,2025-02-28,mensual,,,0,n<3
50129178,2025-03-01,2025-03-31,mensual,,,0,n<3
50129178,2025-04-01,2025-04-30,mensual,,,0,n<3
50129178,2025-05-01,2025-05-31,mensual,,,0,n<3
50129178,2025-06-01,2025-06-30,mensual,,,0,n<3
50129178,2025-07-01,2025-07-31,mensual,,,0,n<3
50129178,2025-08-01,2025-08-31,mensual,,,1,n<3
50129178,2024-11-01,2025-01-31,trimestral,,,2,n<3
50129178,2024-12-01,2025-02-28,trimestral,,,1,n<3
50129178,2025-01-01,2025-03-31,trimestral,,,1,n<3
50129178,2025-02-01,2025-04-30,trimestral,,,0,n<3
50129178,2025-03-01,2025-05-31,trimestral,,,0,n<3
50129178,2025-04-01,2025-06-30,trimestral,,,0,n<3
50129178,2025-05-01,2025-07-31,trimestral,,,0,n<3
50129178,2025-06-01,2025-08-31,trimestral,,,1,n<3
50129178,2024-11-01,2025-04-30,semestral,,,2,n<3
50129178,2024-12-01,2025-05-31,semestral,,,1,n<3
50129178,2025-01-01,2025-06-30,semestral,,,1,n<3
50129178,2025-02-01,2025-07-31,semestral,,,0,n<3
50129178,2025-03-01,2025-08-31,semestral,,,1,n<3
50129381,2024-12-01,2024-12-31,mensual,,,1,n<3
50129426,2025-01-01,2025-01-31,mensual,,,1,n<3
50129426,2025-02-01,2025-02-28,mensual,,,0,n<3
50129426,2025-03-01,2025-03-31,mensual,,,0,n<3
50129426,2025-04-01,2025-04-30,mensual,,,0,n<3
50129426,2025-05-01,2025-05-31,mensual,,,0,n<3
50129426,2025-06-01,2025-06-30,mensual,,,0,n<3
50129426,2025-07-01,2025-07-31,mensual,,,0,n<3
50129426,2025-08-01,2025-08-31,mensual,,,0,n<3
50129426,2025-09-01,2025-09-30,mensual,,,0,n<3
50129426,2025-10-01,2025-10-31,mensual,,,0,n<3
50129426,2025-11-01,2025-11-30,mensual,,,0,n<3
50129426,2025-12-01,2025-12-31,mensual,,,0,n<3
50129426,2026-01-01,2026-01-31,mensual,,,2,n<3
50129426,2025-01-01,2025-03-31,trimestral,,,1,n<3
50129426,2025-02-01,2025-04-30,trimestral,,,0,n<3
50129426,2025-03-01,2025-05-31,trimestral,,,0,n<3
50129426,2025-04-01,2025-06-30,trimestral,,,0,n<3
50129426,2025-05-01,2025-07-31,trimestral,,,0,n<3
50129426,2025-06-01,2025-08-31,trimestral,,,0,n<3
50129426,2025-07-01,2025-09-30,trimestral,,,0,n<3
50129426,2025-08-01,2025-10-31,trimestral,,,0,n<3
50129426,2025-09-01,2025-11-30,trimestral,,,0,n<3
50129426,2025-10-01,2025-12-31,trimestral,,,0,n<3
50129426,2025-11-01,2026-01-31,trimestral,,,2,n<3
50129426,2025-01-01,2025-06-30,semestral,,,1,n<3
50129426,2025-02-01,2025-07-31,semestral,,,0,n<3
50129426,2025-03-01,2025-08-31,semestral,,,0,n<3
50129426,2025-04-01,2025-09-30,semestral,,,0,n<3
50129426,2025-05-01,2025-10-31,semestral,,,0,n<3
50129426,2025-06-01,2025-11-30,semestral,,,0,n<3
50129426,2025-07-01,2025-12-31,semestral,,,0,n<3
50129426,2025-08-01,2026-01-31,semestral,,,2,n<3
50129428,2024-12-01,2024-12-31,mensual,,,2,n<3
50129428,2025-01-01,2025-01-31,mensual,,,1,n<3
50129428,2025-02-01,2025-02-28,mensual,,,1,n<3
50129428,2024-12-01,2025-02-28,trimestral,,,4,qty constante
50129439,2025-01-01,2025-01-31,mensual,,,1,n<3
50129440,2025-01-01,2025-01-31,mensual,,,1,n<3
50129441,2024-12-01,2024-12-31,mensual,,,2,n<3
50129444,2024-12-01,2024-12-31,mensual,,,1,n<3
50129453,2024-11-01,2024-11-30,mensual,,,1,n<3
50129456,2024-12-01,2024-12-31,mensual,,,1,n<3
50129456,2025-01-01,2025-01-31,mensual,,,0,n<3
50129456,2025-02-01,2025-02-28,mensual,,,0,n<3
50129456,2025-03-01,2025-03-31,mensual,,,0,n<3
50129456,2025-04-01,2025-04-30,mensual,,,1,n<3
50129456,2024-12-01,2025-02-28,trimestral,,,1,n<3
50129456,2025-01-01,2025-03-31,trimestral,,,0,n<3
50129456,2025-02-01,2025-04-30,trimestral,,,1,n<3
50129459,2024-12-01,2024-12-31,mensual,,,1,n<3
50129465,2025-01-01,2025-01-31,mensual,,,1,n<3
50129466,2024-12-01,2024-12-31,mensual,,,1,n<3
50129468,2024-11-01,2024-11-30,mensual,,,1,n<3
50129468,2024-12-01,2024-12-31,mensual,,,2,n<3
50129468,2025-01-01,2025-01-31,mensual,,,1,n<3
50129468,2024-11-01,2025-01-31,trimestral,,,4,precio constante
50129469,2024-12-01,2024-12-31,mensual,,,2,n<3
50129470,2024-11-01,2024-11-30,mensual,,,1,n<3
50129470,2024-12-01,2024-12-31,mensual,,,1,n<3
50129471,2025-01-01,2025-01-31,mensual,,,2,n<3
50129473,2024-12-01,2024-12-31,mensual,,,1,n<3
50129475,2024-12-01,2024-12-31,mensual,,,1,n<3
50129475,2025-01-01,2025-01-31,mensual,,,1,n<3
50129478,2024-11-01,2024-11-30,mensual,,,1,n<3
50129480,2024-12-01,2024-12-31,mensual,,,1,n<3
50129480,2025-01-01,2025-01-31,mensual,,,1,n<3
50129481,2024-12-01,2024-12-31,mensual,,,1,n<3
50129482,2024-11-01,2024-11-30,mensual,,,1,n<3
50129484,2025-01-01,2025-01-31,mensual,,,2,n<3
50129486,2025-01-01,2025-01-31,mensual,,,1,n<3
50129487,2025-01-01,2025-01-31,mensual,,,1,n<3
50129488,2025-01-01,2025-01-31,mensual,,,1,n<3
50129489,2025-01-01,2025-01-31,mensual,,,1,n<3
50129490,2024-11-01,2024-11-30,mensual,,,1,n<3
50129490,2024-12-01,2024-12-31,mensual,,,1,n<3
50129490,2025-01-01,2025-01-31,mensual,,,2,n<3
50129490,2024-11-01,2025-01-31,trimestral,0.6478338457042898,0.11111111111111105,4,valida
50129492,2025-01-01,2025-01-31,mensual,,,1,n<3
50129494,2024-11-01,2024-11-30,mensual,,,1,n<3
50129495,2024-11-01,2024-11-30,mensual,,,1,n<3
50129498,2024-12-01,2024-12-31,mensual,,,1,n<3
50129502,2024-12-01,2024-12-31,mensual,,,1,n<3
50129503,2025-02-01,2025-02-28,mensual,,,1,n<3
50129507,2024-11-01,2024-11-30,mensual,,,3,precio constante
50129507,2024-12-01,2024-12-31,mensual,,,1,n<3
50129507,2025-01-01,2025-01-31,mensual,,,1,n<3
50129507,2024-11-01,2025-01-31,trimestral,,,5,qty constante
50129508,2025-01-01,2025-01-31,mensual,,,1,n<3
50129508,2025-02-01,2025-02-28,mensual,,,0,n<3
50129508,2025-03-01,2025-03-31,mensual,,,1,n<3
50129508,2025-01-01,2025-03-31,trimestral,,,2,n<3
50129509,2024-12-01,2024-12-31,mensual,,,1,n<3
50129510,2024-12-01,2024-12-31,mensual,,,1,n<3
50129514,2025-01-01,2025-01-31,mensual,,,1,n<3
50129515,2025-01-01,2025-01-31,mensual,,,1,n<3
50129516,2024-12-01,2024-12-31,mensual,,,1,n<3
50129517,2024-12-01,2024-12-31,mensual,,,1,n<3
50129521,2024-12-01,2024-12-31,mensual,,,1,n<3
50129524,2025-01-01,2025-01-31,mensual,,,2,n<3
50129526,2024-12-01,2024-12-31,mensual,,,1,n<3
50129528,2024-12-01,2024-12-31,mensual,,,1,n<3
50129528,2025-01-01,2025-01-31,mensual,,,0,n<3
50129528,2025-02-01,2025-02-28,mensual,,,0,n<3
50129528,2025-03-01,2025-03-31,mensual,,,1,n<3
50129528,2024-12-01,2025-02-28,trimestral,,,1,n<3
50129528,2025-01-01,2025-03-31,trimestral,,,1,n<3
50129530,2025-04-01,2025-04-30,mensual,,,1,n<3
50129532,2024-12-01,2024-12-31,mensual,,,1,n<3
50129533,2025-02-01,2025-02-28,mensual,,,1,n<3
50129534,2024-12-01,2024-12-31,mensual,,,1,n<3
50129536,2025-01-01,2025-01-31,mensual,,,1,n<3
50129537,2024-11-01,2024-11-30,mensual,,,1,n<3
50129537,2024-12-01,2024-12-31,mensual,,,0,n<3
50129537,2025-01-01,2025-01-31,mensual,,,2,n<3
50129537,2024-11-01,2025-01-31,trimestral,,,3,qty constante
50129540,2024-11-01,2024-11-30,mensual,,,1,n<3
50129541,2024-12-01,2024-12-31,mensual,,,1,n<3
50129545,2024-12-01,2024-12-31,mensual,,,1,n<3
50129546,2024-12-01,2024-12-31,mensual,,,1,n<3
50129546,2025-01-01,2025-01-31,mensual,,,2,n<3
50129547,2025-02-01,2025-02-28,mensual,,,1,n<3
50129548,2024-12-01,2024-12-31,mensual,,,1,n<3
50129548,2025-01-01,2025-01-31,mensual,,,1,n<3
50129551,2025-01-01,2025-01-31,mensual,,,1,n<3
50129552,2025-01-01,2025-01-31,mensual,,,1,n<3
50129555,2024-12-01,2024-12-31,mensual,,,2,n<3
50129555,2025-01-01,2025-01-31,mensual,,,1,n<3
50129567,2024-12-01,2024-12-31,mensual,,,3,qty constante
50129567,2025-01-01,2025-01-31,mensual,,,1,n<3
50129568,2024-11-01,2024-11-30,mensual,,,2,n<3
50129568,2024-12-01,2024-12-31,mensual,,,2,n<3
50129569,2024-12-01,2024-12-31,mensual,1.9432725723627142,1.0,4,valida
50129569,2025-01-01,2025-01-31,mensual,,,2,n<3
50129569,2025-02-01,2025-02-28,mensual,,,1,n<3
50129569,2025-03-01,2025-03-31,mensual,,,1,n<3
50129569,2024-12-01,2025-02-28,trimestral,0.7101679429729795,0.26660443054434724,7,valida
50129569,2025-01-01,2025-03-31,trimestral,,,4,qty constante
50129595,2025-01-01,2025-01-31,mensual,,,2,n<3
50129595,2025-02-01,2025-02-28,mensual,,,1,n<3
50129596,2025-01-01,2025-01-31,mensual,3.656596075950973,0.9979231335089902,3,valida
50129596,2025-02-01,2025-02-28,mensual,,,0,n<3
50129596,2025-03-01,2025-03-31,mensual,,,0,n<3
50129596,2025-04-01,2025-04-30,mensual,,,1,n<3
50129596,2025-01-01,2025-03-31,trimestral,3.656596075950973,0.9979231335089902,3,valida
50129596,2025-02-01,2025-04-30,trimestral,,,1,n<3
50129597,2024-12-01,2024-12-31,mensual,,,1,n<3
50129597,2025-01-01,2025-01-31,mensual,,,1,n<3
50129598,2024-12-01,2024-12-31,mensual,,,2,n<3
50129598,2025-01-01,2025-01-31,mensual,,,1,n<3
50129598,2025-02-01,2025-02-28,mensual,,,1,n<3
50129598,2025-03-01,2025-03-31,mensual,,,1,n<3
50129598,2024-12-01,2025-02-28,trimestral,0.6664254589053501,0.11111111111111105,4,valida
50129598,2025-01-01,2025-03-31,trimestral,1.9992763767160604,1.0,3,valida
50129599,2025-01-01,2025-01-31,mensual,,,1,n<3
50129599,2025-02-01,2025-02-28,mensual,,,1,n<3
50129600,2025-01-01,2025-01-31,mensual,,,2,n<3
50129600,2025-02-01,2025-02-28,mensual,,,1,n<3
50129600,2025-03-01,2025-03-31,mensual,,,1,n<3
50129600,2025-01-01,2025-03-31,trimestral,,,4,qty constante
50129602,2025-01-01,2025-01-31,mensual,,,1,n<3
50129602,2025-02-01,2025-02-28,mensual,,,2,n<3
50129603,2024-12-01,2024-12-31,mensual,,,2,n<3
50129603,2025-01-01,2025-01-31,mensual,,,1,n<3
50129603,2025-02-01,2025-02-28,mensual,,,1,n<3
50129603,2024-12-01,2025-02-28,trimestral,-34.78879608682125,0.33333333333333326,4,valida
50129605,2025-01-01,2025-01-31,mensual,,,2,n<3
50129606,2024-12-01,2024-12-31,mensual,,,1,n<3
50129606,2025-01-01,2025-01-31,mensual,,,1,n<3
50129606,2025-02-01,2025-02-28,mensual,,,3,precio constante
50129606,2024-12-01,2025-02-28,trimestral,,,5,qty constante
50129607,2024-11-01,2024-11-30,mensual,,,1,n<3
50129607,2024-12-01,2024-12-31,mensual,,,0,n<3
50129607,2025-01-01,2025-01-31,mensual,,,1,n<3
50129607,2025-02-01,2025-02-28,mensual,,,0,n<3
50129607,2025-03-01,2025-03-31,mensual,,,1,n<3
50129607,2024-11-01,2025-01-31,trimestral,,,2,n<3
50129607,2024-12-01,2025-02-28,trimestral,,,1,n<3
50129607,2025-01-01,2025-03-31,trimestral,,,2,n<3
50129608,2024-12-01,2024-12-31,mensual,,,1,n<3
50129608,2025-01-01,2025-01-31,mensual,,,1,n<3
50129608,2025-02-01,2025-02-28,mensual,,,0,n<3
50129608,2025-03-01,2025-03-31,mensual,,,1,n<3
50129608,2024-12-01,2025-02-28,trimestral,,,2,n<3
50129608,2025-01-01,2025-03-31,trimestral,,,2,n<3
50129609,2024-11-01,2024-11-30,mensual,,,1,n<3
50129609,2024-12-01,2024-12-31,mensual,,,0,n<3
50129609,2025-01-01,2025-01-31,mensual,,,1,n<3
50129609,2025-02-01,2025-02-28,mensual,,,0,n<3
50129609,2025-03-01,2025-03-31,mensual,,,1,n<3
50129609,2024-11-01,2025-01-31,trimestral,,,2,n<3
50129609,2024-12-01,2025-02-28,trimestral,,,1,n<3
50129609,2025-01-01,2025-03-31,trimestral,,,2,n<3
50129610,2024-11-01,2024-11-30,mensual,,,1,n<3
50129610,2024-12-01,2024-12-31,mensual,,,1,n<3
50129610,2025-01-01,2025-01-31,mensual,,,1,n<3
50129610,2025-02-01,2025-02-28,mensual,,,1,n<3
50129610,2024-11-01,2025-01-31,trimestral,,,3,qty constante
50129610,2024-12-01,2025-02-28,trimestral,,,3,qty constante
50129611,2024-11-01,2024-11-30,mensual,,,2,n<3
50129611,2024-12-01,2024-12-31,mensual,,,2,n<3
50129611,2025-01-01,2025-01-31,mensual,,,3,precio constante
50129611,2025-02-01,2025-02-28,mensual,,,1,n<3
50129611,2024-11-01,2025-01-31,trimestral,,,7,qty constante
50129611,2024-12-01,2025-02-28,trimestral,,,6,qty constante
50129612,2025-01-01,2025-01-31,mensual,,,1,n<3
50129612,2025-02-01,2025-02-28,mensual,,,1,n<3
50129613,2024-12-01,2024-12-31,mensual,,,1,n<3
50129613,2025-01-01,2025-01-31,mensual,-23.19253072455904,0.11111111111111105,4,valida
50129614,2025-01-01,2025-01-31,mensual,,,1,n<3
50129615,2024-12-01,2024-12-31,mensual,,,1,n<3
50129618,2025-01-01,2025-01-31,mensual,,,2,n<3
50129619,2024-12-01,2024-12-31,mensual,,,1,n<3
50129619,2025-01-01,2025-01-31,mensual,,,2,n<3
50129620,2025-01-01,2025-01-31,mensual,,,2,n<3
50129620,2025-02-01,2025-02-28,mensual,,,0,n<3
50129620,2025-03-01,2025-03-31,mensual,,,1,n<3
50129620,2025-04-01,2025-04-30,mensual,,,0,n<3
50129620,2025-05-01,2025-05-31,mensual,,,0,n<3
50129620,2025-06-01,2025-06-30,mensual,,,0,n<3
50129620,2025-07-01,2025-07-31,mensual,,,1,n<3
50129620,2025-01-01,2025-03-31,trimestral,,,3,qty constante
50129620,2025-02-01,2025-04-30,trimestral,,,1,n<3
50129620,2025-03-01,2025-05-31,trimestral,,,1,n<3
50129620,2025-04-01,2025-06-30,trimestral,,,0,n<3
50129620,2025-05-01,2025-07-31,trimestral,,,1,n<3
50129620,2025-01-01,2025-06-30,semestral,,,3,qty constante
50129620,2025-02-01,2025-07-31,semestral,,,2,n<3
50129621,2025-01-01,2025-01-31,mensual,,,1,n<3
50129621,2025-02-01,2025-02-28,mensual,,,0,n<3
50129621,2025-03-01,2025-03-31,mensual,,,0,n<3
50129621,2025-04-01,2025-04-30,mensual,,,0,n<3
50129621,2025-05-01,2025-05-31,mensual,,,0,n<3
50129621,2025-06-01,2025-06-30,mensual,,,0,n<3
50129621,2025-07-01,2025-07-31,mensual,,,0,n<3
50129621,2025-08-01,2025-08-31,mensual,,,1,n<3
50129621,2025-01-01,2025-03-31,trimestral,,,1,n<3
50129621,2025-02-01,2025-04-30,trimestral,,,0,n<3
50129621,2025-03-01,2025-05-31,trimestral,,,0,n<3
50129621,2025-04-01,2025-06-30,trimestral,,,0,n<3
50129621,2025-05-01,2025-07-31,trimestral,,,0,n<3
50129621,2025-06-01,2025-08-31,trimestral,,,1,n<3
50129621,2025-01-01,2025-06-30,semestral,,,1,n<3
50129621,2025-02-01,2025-07-31,semestral,,,0,n<3
50129621,2025-03-01,2025-08-31,semestral,,,1,n<3
50129622,2024-12-01,2024-12-31,mensual,,,1,n<3
50129622,2025-01-01,2025-01-31,mensual,,,2,n<3
50129622,2025-02-01,2025-02-28,mensual,,,0,n<3
50129622,2025-03-01,2025-03-31,mensual,,,0,n<3
50129622,2025-04-01,2025-04-30,mensual,,,0,n<3
50129622,2025-05-01,2025-05-31,mensual,,,1,n<3
50129622,2024-12-01,2025-02-28,trimestral,,,3,qty constante
50129622,2025-01-01,2025-03-31,trimestral,,,2,n<3
50129622,2025-02-01,2025-04-30,trimestral,,,0,n<3
50129622,2025-03-01,2025-05-31,trimestral,,,1,n<3
50129622,2024-12-01,2025-05-31,semestral,,,4,qty constante
50129624,2024-12-01,2024-12-31,mensual,,,1,n<3
50129624,2025-01-01,2025-01-31,mensual,,,1,n<3
50129624,2025-02-01,2025-02-28,mensual,,,1,n<3
50129624,2024-12-01,2025-02-28,trimestral,,,3,qty constante
50129625,2024-11-01,2024-11-30,mensual,,,1,n<3
50129625,2024-12-01,2024-12-31,mensual,,,0,n<3
50129625,2025-01-01,2025-01-31,mensual,,,1,n<3
50129625,2025-02-01,2025-02-28,mensual,,,0,n<3
50129625,2025-03-01,2025-03-31,mensual,,,1,n<3
50129625,2024-11-01,2025-01-31,trimestral,,,2,n<3
50129625,2024-12-01,2025-02-28,trimestral,,,1,n<3
50129625,2025-01-01,2025-03-31,trimestral,,,2,n<3
50129626,2024-11-01,2024-11-30,mensual,,,1,n<3
50129626,2024-12-01,2024-12-31,mensual,,,1,n<3
50129627,2025-01-01,2025-01-31,mensual,,,3,qty constante
50129627,2025-02-01,2025-02-28,mensual,,,1,n<3
50129628,2025-01-01,2025-01-31,mensual,,,2,n<3
50129629,2024-12-01,2024-12-31,mensual,,,2,n<3
50129630,2024-12-01,2024-12-31,mensual,,,1,n<3
50129630,2025-01-01,2025-01-31,mensual,,,2,n<3
50129630,2025-02-01,2025-02-28,mensual,,,1,n<3
50129630,2024-12-01,2025-02-28,trimestral,,,4,qty constante
50129631,2024-12-01,2024-12-31,mensual,,,2,n<3
50129631,2025-01-01,2025-01-31,mensual,,,2,n<3
50129632,2024-12-01,2024-12-31,mensual,,,2,n<3
50129633,2024-12-01,2024-12-31,mensual,,,1,n<3
50129634,2025-01-01,2025-01-31,mensual,,,1,n<3
50129634,2025-02-01,2025-02-28,mensual,,,1,n<3
50129635,2024-11-01,2024-11-30,mensual,,,1,n<3
50129635,2024-12-01,2024-12-31,mensual,,,3,precio constante
50129635,2025-01-01,2025-01-31,mensual,,,1,n<3
50129635,2024-11-01,2025-01-31,trimestral,,,5,precio constante
50129636,2025-04-01,2025-04-30,mensual,,,1,n<3
50129637,2024-11-01,2024-11-30,mensual,,,1,n<3
50129637,2024-12-01,2024-12-31,mensual,,,2,n<3
50129637,2025-01-01,2025-01-31,mensual,,,1,n<3
50129637,2024-11-01,2025-01-31,trimestral,,,4,precio constante
50129638,2025-01-01,2025-01-31,mensual,,,2,n<3
50129640,2025-01-01,2025-01-31,mensual,,,1,n<3
50129640,2025-02-01,2025-02-28,mensual,,,1,n<3
50129641,2025-01-01,2025-01-31,mensual,,,3,qty constante
50129642,2025-05-01,2025-05-31,mensual,,,1,n<3
50129643,2024-12-01,2024-12-31,mensual,,,1,n<3
50129643,2025-01-01,2025-01-31,mensual,,,1,n<3
50129643,2025-02-01,2025-02-28,mensual,,,0,n<3
50129643,2025-03-01,2025-03-31,mensual,,,0,n<3
50129643,2025-04-01,2025-04-30,mensual,,,0,n<3
50129643,2025-05-01,2025-05-31,mensual,,,0,n<3
50129643,2025-06-01,2025-06-30,mensual,,,0,n<3
50129643,2025-07-01,2025-07-31,mensual,,,0,n<3
50129643,2025-08-01,2025-08-31,mensual,,,0,n<3
50129643,2025-09-01,2025-09-30,mensual,,,0,n<3
50129643,2025-10-01,2025-10-31,mensual,,,1,n<3
50129643,2024-12-01,2025-02-28,trimestral,,,2,n<3
50129643,2025-01-01,2025-03-31,trimestral,,,1,n<3
50129643,2025-02-01,2025-04-30,trimestral,,,0,n<3
50129643,2025-03-01,2025-05-31,trimestral,,,0,n<3
50129643,2025-04-01,2025-06-30,trimestral,,,0,n<3
50129643,2025-05-01,2025-07-31,trimestral,,,0,n<3
50129643,2025-06-01,2025-08-31,trimestral,,,0,n<3
50129643,2025-07-01,2025-09-30,trimestral,,,0,n<3
50129643,2025-08-01,2025-10-31,trimestral,,,1,n<3
50129643,2024-12-01,2025-05-31,semestral,,,2,n<3
50129643,2025-01-01,2025-06-30,semestral,,,1,n<3
50129643,2025-02-01,2025-07-31,semestral,,,0,n<3
50129643,2025-03-01,2025-08-31,semestral,,,0,n<3
50129643,2025-04-01,2025-09-30,semestral,,,0,n<3
50129643,2025-05-01,2025-10-31,semestral,,,1,n<3
50129658,2024-12-01,2024-12-31,mensual,,,3,precio constante
50129775,2026-01-01,2026-01-31,mensual,,,1,n<3
50129776,2025-01-01,2025-01-31,mensual,,,1,n<3
50129777,2025-12-01,2025-12-31,mensual,,,1,n<3
50129777,2026-01-01,2026-01-31,mensual,,,1,n<3
50129779,2025-10-01,2025-10-31,mensual,,,1,n<3
50129780,2025-01-01,2025-01-31,mensual,,,1,n<3
50129782,2026-01-01,2026-01-31,mensual,,,1,n<3
50129783,2025-02-01,2025-02-28,mensual,,,1,n<3
50129786,2025-01-01,2025-01-31,mensual,,,1,n<3
50129792,2025-12-01,2025-12-31,mensual,,,1,n<3
50129794,2025-01-01,2025-01-31,mensual,,,1,n<3
50129905,2025-01-01,2025-01-31,mensual,,,1,n<3
50130707,2025-01-01,2025-01-31,mensual,,,4,precio constante
50130708,2026-01-01,2026-01-31,mensual,,,1,n<3
50130709,2025-01-01,2025-01-31,mensual,,,2,n<3
50130710,2025-03-01,2025-03-31,mensual,,,1,n<3
50130711,2025-04-01,2025-04-30,mensual,,,1,n<3
50130711,2025-05-01,2025-05-31,mensual,,,0,n<3
50130711,2025-06-01,2025-06-30,mensual,,,0,n<3
50130711,2025-07-01,2025-07-31,mensual,,,0,n<3
50130711,2025-08-01,2025-08-31,mensual,,,0,n<3
50130711,2025-09-01,2025-09-30,mensual,,,0,n<3
50130711,2025-10-01,2025-10-31,mensual,,,0,n<3
50130711,2025-11-01,2025-11-30,mensual,,,0,n<3
50130711,2025-12-01,2025-12-31,mensual,,,1,n<3
50130711,2026-01-01,2026-01-31,mensual,,,1,n<3
50130711,2025-04-01,2025-06-30,trimestral,,,1,n<3
50130711,2025-05-01,2025-07-31,trimestral,,,0,n<3
50130711,2025-06-01,2025-08-31,trimestral,,,0,n<3
50130711,2025-07-01,2025-09-30,trimestral,,,0,n<3
50130711,2025-08-01,2025-10-31,trimestral,,,0,n<3
50130711,2025-09-01,2025-11-30,trimestral,,,0,n<3
50130711,2025-10-01,2025-12-31,trimestral,,,1,n<3
50130711,2025-11-01,2026-01-31,trimestral,,,2,n<3
50130711,2025-04-01,2025-09-30,semestral,,,1,n<3
50130711,2025-05-01,2025-10-31,semestral,,,0,n<3
50130711,2025-06-01,2025-11-30,semestral,,,0,n<3
50130711,2025-07-01,2025-12-31,semestral,,,1,n<3
50130711,2025-08-01,2026-01-31,semestral,,,2,n<3
50130712,2026-01-01,2026-01-31,mensual,,,1,n<3
50130713,2025-01-01,2025-01-31,mensual,,,2,n<3
50130714,2025-01-01,2025-01-31,mensual,,,1,n<3
50130714,2025-02-01,2025-02-28,mensual,,,0,n<3
50130714,2025-03-01,2025-03-31,mensual,,,0,n<3
50130714,2025-04-01,2025-04-30,mensual,,,0,n<3
50130714,2025-05-01,2025-05-31,mensual,,,0,n<3
50130714,2025-06-01,2025-06-30,mensual,,,0,n<3
50130714,2025-07-01,2025-07-31,mensual,,,0,n<3
50130714,2025-08-01,2025-08-31,mensual,,,0,n<3
50130714,2025-09-01,2025-09-30,mensual,,,0,n<3
50130714,2025-10-01,2025-10-31,mensual,,,0,n<3
50130714,2025-11-01,2025-11-30,mensual,,,0,n<3
50130714,2025-12-01,2025-12-31,mensual,,,1,n<3
50130714,2025-01-01,2025-03-31,trimestral,,,1,n<3
50130714,2025-02-01,2025-04-30,trimestral,,,0,n<3
50130714,2025-03-01,2025-05-31,trimestral,,,0,n<3
50130714,2025-04-01,2025-06-30,trimestral,,,0,n<3
50130714,2025-05-01,2025-07-31,trimestral,,,0,n<3
50130714,2025-06-01,2025-08-31,trimestral,,,0,n<3
50130714,2025-07-01,2025-09-30,trimestral,,,0,n<3
50130714,2025-08-01,2025-10-31,trimestral,,,0,n<3
50130714,2025-09-01,2025-11-30,trimestral,,,0,n<3
50130714,2025-10-01,2025-12-31,trimestral,,,1,n<3
50130714,2025-01-01,2025-06-30,semestral,,,1,n<3
50130714,2025-02-01,2025-07-31,semestral,,,0,n<3
50130714,2025-03-01,2025-08-31,semestral,,,0,n<3
50130714,2025-04-01,2025-09-30,semestral,,,0,n<3
50130714,2025-05-01,2025-10-31,semestral,,,0,n<3
50130714,2025-06-01,2025-11-30,semestral,,,0,n<3
50130714,2025-07-01,2025-12-31,semestral,,,1,n<3
50130736,2025-08-01,2025-08-31,mensual,,,1,n<3
50130737,2026-01-01,2026-01-31,mensual,,,1,n<3
50130757,2025-07-01,2025-07-31,mensual,,,1,n<3
50130757,2025-08-01,2025-08-31,mensual,,,1,n<3
50130782,2025-06-01,2025-06-30,mensual,,,1,n<3
50131058,2025-07-01,2025-07-31,mensual,,,2,n<3
50131058,2025-08-01,2025-08-31,mensual,,,2,n<3
50131058,2025-09-01,2025-09-30,mensual,,,5,precio constante
50131058,2025-10-01,2025-10-31,mensual,,,3,qty constante
50131058,2025-11-01,2025-11-30,mensual,,,4,precio constante
50131058,2025-12-01,2025-12-31,mensual,,,2,n<3
50131058,2026-01-01,2026-01-31,mensual,,,3,precio constante
50131058,2026-02-01,2026-02-28,mensual,,,1,n<3
50131058,2025-07-01,2025-09-30,trimestral,,,9,precio constante
50131058,2025-08-01,2025-10-31,trimestral,,,10,qty constante
50131058,2025-09-01,2025-11-30,trimestral,,,12,qty constante
50131058,2025-10-01,2025-12-31,trimestral,,,9,qty constante
50131058,2025-11-01,2026-01-31,trimestral,,,9,precio constante
50131058,2025-12-01,2026-02-28,trimestral,,,6,qty constante
50131058,2025-07-01,2025-12-31,semestral,,,18,qty constante
50131058,2025-08-01,2026-01-31,semestral,,,19,qty constante
50131058,2025-09-01,2026-02-28,semestral,,,18,qty constante
50131101,2025-07-01,2025-07-31,mensual,,,1,n<3
50131101,2025-08-01,2025-08-31,mensual,-1.8682634193345709,0.9141759043500972,7,valida
50131101,2025-09-01,2025-09-30,mensual,,,4,precio constante
50131101,2025-10-01,2025-10-31,mensual,,,1,n<3
50131101,2025-11-01,2025-11-30,mensual,,,0,n<3
50131101,2025-12-01,2025-12-31,mensual,,,0,n<3
50131101,2026-01-01,2026-01-31,mensual,,,3,precio constante
50131101,2026-02-01,2026-02-28,mensual,,,1,n<3
50131101,2025-07-01,2025-09-30,trimestral,-0.9535948724009045,0.4329896733546511,12,valida
50131101,2025-08-01,2025-10-31,trimestral,-1.8294247197455633,0.9162450333529243,12,valida
50131101,2025-09-01,2025-11-30,trimestral,,,5,precio constante
50131101,2025-10-01,2025-12-31,trimestral,,,1,n<3
50131101,2025-11-01,2026-01-31,trimestral,,,3,precio constante
50131101,2025-12-01,2026-02-28,trimestral,,,4,precio constante
50131101,2025-07-01,2025-12-31,semestral,-0.9514452141272512,0.43681843670116105,13,valida
50131101,2025-08-01,2026-01-31,semestral,-1.8199754085999373,0.9169034034312216,15,valida
50131101,2025-09-01,2026-02-28,semestral,,,9,precio constante
50131128,2025-07-01,2025-07-31,mensual,,,2,n<3
50131128,2025-08-01,2025-08-31,mensual,,,3,qty constante
50131128,2025-09-01,2025-09-30,mensual,,,2,n<3
50131128,2025-10-01,2025-10-31,mensual,,,2,n<3
50131128,2025-11-01,2025-11-30,mensual,,,0,n<3
50131128,2025-12-01,2025-12-31,mensual,,,4,precio constante
50131128,2026-01-01,2026-01-31,mensual,,,2,n<3
50131128,2025-07-01,2025-09-30,trimestral,,,7,qty constante
50131128,2025-08-01,2025-10-31,trimestral,,,7,qty constante
50131128,2025-09-01,2025-11-30,trimestral,,,4,precio constante
50131128,2025-10-01,2025-12-31,trimestral,,,6,precio constante
50131128,2025-11-01,2026-01-31,trimestral,,,6,precio constante
50131128,2025-07-01,2025-12-31,semestral,0.5616760172173195,0.006908377290659629,13,valida
50131128,2025-08-01,2026-01-31,semestral,0.5616760172173195,0.006908377290659629,13,valida
50131168,2025-07-01,2025-07-31,mensual,,,1,n<3
50131168,2025-08-01,2025-08-31,mensual,,,3,precio constante
50131168,2025-09-01,2025-09-30,mensual,,,1,n<3
50131168,2025-10-01,2025-10-31,mensual,,,3,precio constante
50131168,2025-11-01,2025-11-30,mensual,,,0,n<3
50131168,2025-12-01,2025-12-31,mensual,,,2,n<3
50131168,2026-01-01,2026-01-31,mensual,,,1,n<3
50131168,2026-02-01,2026-02-28,mensual,,,1,n<3
50131168,2025-07-01,2025-09-30,trimestral,,,5,precio constante
50131168,2025-08-01,2025-10-31,trimestral,,,7,precio constante
50131168,2025-09-01,2025-11-30,trimestral,,,4,precio constante
50131168,2025-10-01,2025-12-31,trimestral,,,5,precio constante
50131168,2025-11-01,2026-01-31,trimestral,,,3,precio constante
50131168,2025-12-01,2026-02-28,trimestral,,,4,qty constante
50131168,2025-07-01,2025-12-31,semestral,,,10,precio constante
50131168,2025-08-01,2026-01-31,semestral,,,10,precio constante
50131168,2025-09-01,2026-02-28,semestral,,,8,qty constante
50131226,2025-12-01,2025-12-31,mensual,,,1,n<3
50131645,2025-07-01,2025-07-31,mensual,,,2,n<3
50131645,2025-08-01,2025-08-31,mensual,,,4,qty constante
50131646,2025-08-01,2025-08-31,mensual,,,1,n<3
50131646,2025-09-01,2025-09-30,mensual,,,0,n<3
50131646,2025-10-01,2025-10-31,mensual,,,0,n<3
50131646,2025-11-01,2025-11-30,mensual,,,0,n<3
50131646,2025-12-01,2025-12-31,mensual,,,0,n<3
50131646,2026-01-01,2026-01-31,mensual,,,1,n<3
50131646,2025-08-01,2025-10-31,trimestral,,,1,n<3
50131646,2025-09-01,2025-11-30,trimestral,,,0,n<3
50131646,2025-10-01,2025-12-31,trimestral,,,0,n<3
50131646,2025-11-01,2026-01-31,trimestral,,,1,n<3
50131646,2025-08-01,2026-01-31,semestral,,,2,n<3
50131659,2025-05-01,2025-05-31,mensual,,,1,n<3
50131659,2025-06-01,2025-06-30,mensual,,,0,n<3
50131659,2025-07-01,2025-07-31,mensual,,,0,n<3
50131659,2025-08-01,2025-08-31,mensual,,,1,n<3
50131659,2025-05-01,2025-07-31,trimestral,,,1,n<3
50131659,2025-06-01,2025-08-31,trimestral,,,1,n<3
50131756,2025-05-01,2025-05-31,mensual,,,1,n<3
50131757,2026-01-01,2026-01-31,mensual,,,1,n<3
50132140,2025-07-01,2025-07-31,mensual,,,1,n<3
50132140,2025-08-01,2025-08-31,mensual,,,1,n<3
50132140,2025-09-01,2025-09-30,mensual,,,0,n<3
50132140,2025-10-01,2025-10-31,mensual,,,0,n<3
50132140,2025-11-01,2025-11-30,mensual,,,0,n<3
50132140,2025-12-01,2025-12-31,mensual,,,0,n<3
50132140,2026-01-01,2026-01-31,mensual,,,0,n<3
50132140,2026-02-01,2026-02-28,mensual,,,1,n<3
50132140,2025-07-01,2025-09-30,trimestral,,,2,n<3
50132140,2025-08-01,2025-10-31,trimestral,,,1,n<3
50132140,2025-09-01,2025-11-30,trimestral,,,0,n<3
50132140,2025-10-01,2025-12-31,trimestral,,,0,n<3
50132140,2025-11-01,2026-01-31,trimestral,,,0,n<3
50132140,2025-12-01,2026-02-28,trimestral,,,1,n<3
50132140,2025-07-01,2025-12-31,semestral,,,2,n<3
50132140,2025-08-01,2026-01-31,semestral,,,1,n<3
50132140,2025-09-01,2026-02-28,semestral,,,1,n<3
50132141,2025-08-01,2025-08-31,mensual,,,2,n<3
50132142,2025-08-01,2025-08-31,mensual,,,1,n<3
50132143,2025-07-01,2025-07-31,mensual,,,1,n<3
50132143,2025-08-01,2025-08-31,mensual,,,0,n<3
50132143,2025-09-01,2025-09-30,mensual,,,1,n<3
50132143,2025-07-01,2025-09-30,trimestral,,,2,n<3
50133003,2025-08-01,2025-08-31,mensual,,,1,n<3
50133005,2025-07-01,2025-07-31,mensual,,,2,n<3
50133006,2025-07-01,2025-07-31,mensual,,,1,n<3
50133006,2025-08-01,2025-08-31,mensual,,,3,qty constante
50133007,2025-08-01,2025-08-31,mensual,,,1,n<3
50133149,2025-10-01,2025-10-31,mensual,,,1,n<3
50133152,2025-10-01,2025-10-31,mensual,,,1,n<3
50133152,2025-11-01,2025-11-30,mensual,,,1,n<3
50133152,2025-12-01,2025-12-31,mensual,,,1,n<3
50133152,2025-10-01,2025-12-31,trimestral,,,3,precio constante
50133334,2025-10-01,2025-10-31,mensual,,,5,precio constante
50133334,2025-11-01,2025-11-30,mensual,,,1,n<3
50133334,2025-12-01,2025-12-31,mensual,,,1,n<3
50133334,2026-01-01,2026-01-31,mensual,9.710231889161685,1.0,4,valida
50133334,2026-02-01,2026-02-28,mensual,,,1,n<3
50133334,2026-03-01,2026-03-31,mensual,,,4,precio constante
50133334,2026-04-01,2026-04-30,mensual,,,2,n<3
50133334,2025-10-01,2025-12-31,trimestral,-0.6212567439010787,0.06666666666666698,7,valida
50133334,2025-11-01,2026-01-31,trimestral,9.710231889161728,1.0,6,valida
50133334,2025-12-01,2026-02-28,trimestral,4.855115944580882,0.40000000000000013,6,valida
50133334,2026-01-01,2026-03-31,trimestral,3.4679399604148484,0.12755102040816324,9,valida
50133334,2026-02-01,2026-04-30,trimestral,-1.6183719815269277,0.0277777777777779,7,valida
50133334,2025-10-01,2026-03-31,semestral,0.10629165027367289,0.0019293663218782342,16,valida
50133334,2025-11-01,2026-04-30,semestral,3.9723675910206437,0.1673553719008264,13,valida
50133335,2025-10-01,2025-10-31,mensual,,,2,n<3
50133335,2025-11-01,2025-11-30,mensual,,,4,precio constante
50133335,2025-12-01,2025-12-31,mensual,,,1,n<3
50133335,2026-01-01,2026-01-31,mensual,,,4,precio constante
50133335,2026-02-01,2026-02-28,mensual,,,1,n<3
50133335,2025-10-01,2025-12-31,trimestral,-3.9771854481647826,0.18289741937934711,7,valida
50133335,2025-11-01,2026-01-31,trimestral,,,9,precio constante
50133335,2025-12-01,2026-02-28,trimestral,,,6,precio constante
50133336,2025-11-01,2025-11-30,mensual,,,1,n<3
50133336,2025-12-01,2025-12-31,mensual,,,0,n<3
50133336,2026-01-01,2026-01-31,mensual,-3.2355261358049563,0.06666666666666665,7,valida
50133336,2026-02-01,2026-02-28,mensual,,,1,n<3
50133336,2026-03-01,2026-03-31,mensual,,,2,n<3
50133336,2025-11-01,2026-01-31,trimestral,-4.159962174606215,0.08571428571428552,8,valida
50133336,2025-12-01,2026-02-28,trimestral,-2.773308116404027,0.04761904761904756,8,valida
50133336,2026-01-01,2026-03-31,trimestral,-2.1570174238699247,0.02777777777777768,10,valida
50133337,2025-10-01,2025-10-31,mensual,,,1,n<3
50133337,2025-11-01,2025-11-30,mensual,,,3,precio constante
50133337,2025-12-01,2025-12-31,mensual,,,2,n<3
50133337,2026-01-01,2026-01-31,mensual,,,3,precio constante
50133337,2026-02-01,2026-02-28,mensual,,,1,n<3
50133337,2026-03-01,2026-03-31,mensual,,,3,precio constante
50133337,2025-10-01,2025-12-31,trimestral,-4.969705465140417,0.6400000000000001,6,valida
50133337,2025-11-01,2026-01-31,trimestral,,,8,precio constante
50133337,2025-12-01,2026-02-28,trimestral,,,6,precio constante
50133337,2026-01-01,2026-03-31,trimestral,,,7,precio constante
50133337,2025-10-01,2026-03-31,semestral,-4.616109766832285,0.2959004954276607,13,valida
50133338,2025-10-01,2025-10-31,mensual,,,2,n<3
50133338,2025-11-01,2025-11-30,mensual,,,1,n<3
50133338,2025-12-01,2025-12-31,mensual,,,1,n<3
50133338,2026-01-01,2026-01-31,mensual,,,2,n<3
50133338,2025-10-01,2025-12-31,trimestral,1.5533957917650596,0.33333333333333326,4,valida
50133338,2025-11-01,2026-01-31,trimestral,,,4,precio constante
50133339,2025-10-01,2025-10-31,mensual,,,2,n<3
50133339,2025-11-01,2025-11-30,mensual,-16.92789494675391,0.26489499832618535,5,valida
50133339,2025-12-01,2025-12-31,mensual,,,0,n<3
50133339,2026-01-01,2026-01-31,mensual,,,4,precio constante
50133339,2026-02-01,2026-02-28,mensual,,,1,n<3
50133339,2025-10-01,2025-12-31,trimestral,3.060765595887382,0.13773600437827316,7,valida
50133339,2025-11-01,2026-01-31,trimestral,-10.893193604574948,0.0935612579112759,9,valida
50133339,2025-12-01,2026-02-28,trimestral,,,5,precio constante
50133340,2025-11-01,2025-11-30,mensual,,,2,n<3
50133340,2025-12-01,2025-12-31,mensual,,,1,n<3
50133340,2026-01-01,2026-01-31,mensual,,,2,n<3
50133340,2026-02-01,2026-02-28,mensual,,,1,n<3
50133340,2026-03-01,2026-03-31,mensual,,,1,n<3
50133340,2025-11-01,2026-01-31,trimestral,9.697076369184531,1.0,5,valida
50133340,2025-12-01,2026-02-28,trimestral,4.57783990689519,0.09074673360117602,4,valida
50133340,2026-01-01,2026-03-31,trimestral,4.57783990689519,0.09074673360117602,4,valida
50133341,2025-10-01,2025-10-31,mensual,,,1,n<3
50133341,2025-11-01,2025-11-30,mensual,,,1,n<3
50133341,2025-12-01,2025-12-31,mensual,,,0,n<3
50133341,2026-01-01,2026-01-31,mensual,,,1,n<3
50133341,2026-02-01,2026-02-28,mensual,,,2,n<3
50133341,2026-03-01,2026-03-31,mensual,,,2,n<3
50133341,2025-10-01,2025-12-31,trimestral,,,2,n<3
50133341,2025-11-01,2026-01-31,trimestral,,,2,n<3
50133341,2025-12-01,2026-02-28,trimestral,,,3,precio constante
50133341,2026-01-01,2026-03-31,trimestral,,,5,precio constante
50133341,2025-10-01,2026-03-31,semestral,-9.283528676927782,0.6966120591847123,7,valida
50133342,2025-10-01,2025-10-31,mensual,,,1,n<3
50133342,2025-11-01,2025-11-30,mensual,,,0,n<3
50133342,2025-12-01,2025-12-31,mensual,,,0,n<3
50133342,2026-01-01,2026-01-31,mensual,,,0,n<3
50133342,2026-02-01,2026-02-28,mensual,,,1,n<3
50133342,2026-03-01,2026-03-31,mensual,,,1,n<3
50133342,2025-10-01,2025-12-31,trimestral,,,1,n<3
50133342,2025-11-01,2026-01-31,trimestral,,,0,n<3
50133342,2025-12-01,2026-02-28,trimestral,,,1,n<3
50133342,2026-01-01,2026-03-31,trimestral,,,2,n<3
50133342,2025-10-01,2026-03-31,semestral,1.5528301430821752,0.249924741010904,3,valida
50133343,2025-10-01,2025-10-31,mensual,,,2,n<3
50133343,2025-11-01,2025-11-30,mensual,,,2,n<3
50133343,2025-12-01,2025-12-31,mensual,,,2,n<3
50133343,2026-01-01,2026-01-31,mensual,,,1,n<3
50133343,2026-02-01,2026-02-28,mensual,,,1,n<3
50133343,2026-03-01,2026-03-31,mensual,,,2,n<3
50133343,2025-10-01,2025-12-31,trimestral,,,6,qty constante
50133343,2025-11-01,2026-01-31,trimestral,,,5,precio constante
50133343,2025-12-01,2026-02-28,trimestral,,,4,precio constante
50133343,2026-01-01,2026-03-31,trimestral,,,4,precio constante
50133343,2025-10-01,2026-03-31,semestral,,,10,qty constante
50134098,2025-07-01,2025-07-31,mensual,,,2,n<3
50134098,2025-08-01,2025-08-31,mensual,,,1,n<3
50134137,2025-10-01,2025-10-31,mensual,,,1,n<3
50134137,2025-11-01,2025-11-30,mensual,,,1,n<3
50134139,2025-10-01,2025-10-31,mensual,,,1,n<3
50134139,2025-11-01,2025-11-30,mensual,,,0,n<3
50134139,2025-12-01,2025-12-31,mensual,,,0,n<3
50134139,2026-01-01,2026-01-31,mensual,,,1,n<3
50134139,2026-02-01,2026-02-28,mensual,,,0,n<3
50134139,2026-03-01,2026-03-31,mensual,,,0,n<3
50134139,2026-04-01,2026-04-30,mensual,,,1,n<3
50134139,2025-10-01,2025-12-31,trimestral,,,1,n<3
50134139,2025-11-01,2026-01-31,trimestral,,,1,n<3
50134139,2025-12-01,2026-02-28,trimestral,,,1,n<3
50134139,2026-01-01,2026-03-31,trimestral,,,1,n<3
50134139,2026-02-01,2026-04-30,trimestral,,,1,n<3
50134139,2025-10-01,2026-03-31,semestral,,,2,n<3
50134139,2025-11-01,2026-04-30,semestral,,,2,n<3
50134140,2025-12-01,2025-12-31,mensual,,,1,n<3
50134140,2026-01-01,2026-01-31,mensual,,,1,n<3
50134141,2025-12-01,2025-12-31,mensual,,,1,n<3
50134141,2026-01-01,2026-01-31,mensual,,,5,precio constante
50134439,2025-12-01,2025-12-31,mensual,,,1,n<3
50134441,2025-12-01,2025-12-31,mensual,,,1,n<3
50134442,2025-12-01,2025-12-31,mensual,,,2,n<3
50134443,2025-12-01,2025-12-31,mensual,,,1,n<3
50134447,2026-01-01,2026-01-31,mensual,,,1,n<3
50134450,2025-12-01,2025-12-31,mensual,,,2,n<3
50134451,2026-01-01,2026-01-31,mensual,,,1,n<3
50134452,2025-12-01,2025-12-31,mensual,,,1,n<3
50134454,2025-12-01,2025-12-31,mensual,,,2,n<3
50134454,2026-01-01,2026-01-31,mensual,,,1,n<3
50134455,2025-12-01,2025-12-31,mensual,,,2,n<3
50134457,2025-12-01,2025-12-31,mensual,,,1,n<3
50134457,2026-01-01,2026-01-31,mensual,,,1,n<3
50134458,2025-12-01,2025-12-31,mensual,,,1,n<3
50134462,2025-12-01,2025-12-31,mensual,,,2,n<3
50134462,2026-01-01,2026-01-31,mensual,,,2,n<3
50134463,2025-11-01,2025-11-30,mensual,,,1,n<3
50134463,2025-12-01,2025-12-31,mensual,,,2,n<3
50134463,2026-01-01,2026-01-31,mensual,,,3,qty constante
50134463,2025-11-01,2026-01-31,trimestral,,,6,qty constante
50134464,2025-11-01,2025-11-30,mensual,,,1,n<3
50134464,2025-12-01,2025-12-31,mensual,,,3,qty constante
50134464,2026-01-01,2026-01-31,mensual,,,4,qty constante
50134464,2025-11-01,2026-01-31,trimestral,,,8,qty constante
50134465,2025-12-01,2025-12-31,mensual,,,7,precio constante
50134465,2026-01-01,2026-01-31,mensual,-1.4216526125304465,0.22222222222222232,7,valida
50134465,2026-02-01,2026-02-28,mensual,,,0,n<3
50134465,2026-03-01,2026-03-31,mensual,,,3,qty constante
50134465,2026-04-01,2026-04-30,mensual,,,1,n<3
50134465,2025-12-01,2026-02-28,trimestral,-1.4216526125304472,0.28205128205128194,14,valida
50134465,2026-01-01,2026-03-31,trimestral,0.03705184988249778,0.003278724304645264,10,valida
50134465,2026-02-01,2026-04-30,trimestral,,,4,qty constante
50134466,2026-01-01,2026-01-31,mensual,,,1,n<3
50134467,2025-11-01,2025-11-30,mensual,,,1,n<3
50134467,2025-12-01,2025-12-31,mensual,,,1,n<3
50134467,2026-01-01,2026-01-31,mensual,,,3,precio constante
50134467,2026-02-01,2026-02-28,mensual,,,1,n<3
50134467,2025-11-01,2026-01-31,trimestral,,,5,qty constante
50134467,2025-12-01,2026-02-28,trimestral,,,5,qty constante
50134468,2025-10-01,2025-10-31,mensual,,,1,n<3
50134468,2025-11-01,2025-11-30,mensual,,,0,n<3
50134468,2025-12-01,2025-12-31,mensual,,,2,n<3
50134468,2025-10-01,2025-12-31,trimestral,,,3,qty constante
50134469,2025-11-01,2025-11-30,mensual,,,2,n<3
50134469,2025-12-01,2025-12-31,mensual,,,6,qty constante
50134469,2026-01-01,2026-01-31,mensual,,,3,qty constante
50134469,2026-02-01,2026-02-28,mensual,,,1,n<3
50134469,2026-03-01,2026-03-31,mensual,,,0,n<3
50134469,2026-04-01,2026-04-30,mensual,,,1,n<3
50134469,2025-11-01,2026-01-31,trimestral,,,11,qty constante
50134469,2025-12-01,2026-02-28,trimestral,,,10,qty constante
50134469,2026-01-01,2026-03-31,trimestral,,,4,qty constante
50134469,2026-02-01,2026-04-30,trimestral,,,2,n<3
50134469,2025-11-01,2026-04-30,semestral,,,13,qty constante
50134470,2025-11-01,2025-11-30,mensual,,,1,n<3
50134470,2025-12-01,2025-12-31,mensual,,,0,n<3
50134470,2026-01-01,2026-01-31,mensual,,,1,n<3
50134470,2025-11-01,2026-01-31,trimestral,,,2,n<3
50134471,2025-12-01,2025-12-31,mensual,,,2,n<3
50134471,2026-01-01,2026-01-31,mensual,,,2,n<3
50134471,2026-02-01,2026-02-28,mensual,,,1,n<3
50134471,2026-03-01,2026-03-31,mensual,,,0,n<3
50134471,2026-04-01,2026-04-30,mensual,,,1,n<3
50134471,2025-12-01,2026-02-28,trimestral,,,5,qty constante
50134471,2026-01-01,2026-03-31,trimestral,,,3,qty constante
50134471,2026-02-01,2026-04-30,trimestral,,,2,n<3
50134472,2025-12-01,2025-12-31,mensual,,,1,n<3
50134472,2026-01-01,2026-01-31,mensual,,,1,n<3
50134472,2026-02-01,2026-02-28,mensual,,,1,n<3
50134472,2026-03-01,2026-03-31,mensual,,,0,n<3
50134472,2026-04-01,2026-04-30,mensual,,,1,n<3
50134472,2025-12-01,2026-02-28,trimestral,,,3,qty constante
50134472,2026-01-01,2026-03-31,trimestral,,,2,n<3
50134472,2026-02-01,2026-04-30,trimestral,,,2,n<3
50134473,2025-12-01,2025-12-31,mensual,-0.8988138374023591,0.7446426835782669,4,valida
50134473,2026-01-01,2026-01-31,mensual,,,9,qty constante
50134473,2026-02-01,2026-02-28,mensual,,,0,n<3
50134473,2026-03-01,2026-03-31,mensual,,,1,n<3
50134473,2026-04-01,2026-04-30,mensual,,,1,n<3
50134473,2025-12-01,2026-02-28,trimestral,-0.5980854633764856,0.5006349905497601,13,valida
50134473,2026-01-01,2026-03-31,trimestral,,,10,qty constante
50134473,2026-02-01,2026-04-30,trimestral,,,2,n<3
50134474,2025-12-01,2025-12-31,mensual,,,3,qty constante
50134474,2026-01-01,2026-01-31,mensual,,,6,qty constante
50134474,2026-02-01,2026-02-28,mensual,,,1,n<3
50134474,2026-03-01,2026-03-31,mensual,,,2,n<3
50134474,2025-12-01,2026-02-28,trimestral,,,10,qty constante
50134474,2026-01-01,2026-03-31,trimestral,-0.7249542704344407,0.6025164508843692,9,valida
50134475,2025-12-01,2025-12-31,mensual,,,5,precio constante
50134475,2026-01-01,2026-01-31,mensual,,,1,n<3
50134476,2025-11-01,2025-11-30,mensual,,,1,n<3
50134476,2025-12-01,2025-12-31,mensual,,,2,n<3
50134477,2025-11-01,2025-11-30,mensual,,,1,n<3
50134477,2025-12-01,2025-12-31,mensual,,,3,qty constante
50134478,2025-12-01,2025-12-31,mensual,,,1,n<3
50134478,2026-01-01,2026-01-31,mensual,-3.2887604527978875,0.2500000000000001,3,valida
50134479,2025-12-01,2025-12-31,mensual,,,1,n<3
50134479,2026-01-01,2026-01-31,mensual,,,3,precio constante
50134479,2026-02-01,2026-02-28,mensual,,,1,n<3
50134479,2025-12-01,2026-02-28,trimestral,,,5,qty constante
50134480,2025-11-01,2025-11-30,mensual,,,1,n<3
50134480,2025-12-01,2025-12-31,mensual,,,1,n<3
50134480,2026-01-01,2026-01-31,mensual,,,1,n<3
50134480,2026-02-01,2026-02-28,mensual,,,0,n<3
50134480,2026-03-01,2026-03-31,mensual,,,0,n<3
50134480,2026-04-01,2026-04-30,mensual,,,1,n<3
50134480,2025-11-01,2026-01-31,trimestral,,,3,qty constante
50134480,2025-12-01,2026-02-28,trimestral,,,2,n<3
50134480,2026-01-01,2026-03-31,trimestral,,,1,n<3
50134480,2026-02-01,2026-04-30,trimestral,,,1,n<3
50134480,2025-11-01,2026-04-30,semestral,,,4,qty constante
50134481,2025-11-01,2025-11-30,mensual,,,1,n<3
50134481,2025-12-01,2025-12-31,mensual,0.6818352321704638,0.0035852203362203294,5,valida
50134481,2026-01-01,2026-01-31,mensual,,,2,n<3
50134481,2026-02-01,2026-02-28,mensual,,,1,n<3
50134481,2025-11-01,2026-01-31,trimestral,-0.08541666568258147,9.373395952760877e-05,8,valida
50134481,2025-12-01,2026-02-28,trimestral,-0.08541666568258101,9.373395952760877e-05,8,valida
50134482,2025-12-01,2025-12-31,mensual,,,1,n<3
50134482,2026-01-01,2026-01-31,mensual,,,2,n<3
50134482,2026-02-01,2026-02-28,mensual,,,1,n<3
50134482,2025-12-01,2026-02-28,trimestral,,,4,precio constante
50134484,2025-10-01,2025-10-31,mensual,,,1,n<3
50134485,2025-10-01,2025-10-31,mensual,,,1,n<3
50134485,2025-11-01,2025-11-30,mensual,,,1,n<3
50134485,2025-12-01,2025-12-31,mensual,,,1,n<3
50134485,2026-01-01,2026-01-31,mensual,,,1,n<3
50134485,2025-10-01,2025-12-31,trimestral,,,3,precio constante
50134485,2025-11-01,2026-01-31,trimestral,,,3,precio constante
50134486,2025-12-01,2025-12-31,mensual,,,2,n<3
50134486,2026-01-01,2026-01-31,mensual,,,2,n<3
50134487,2025-11-01,2025-11-30,mensual,,,3,precio constante
50134487,2025-12-01,2025-12-31,mensual,,,1,n<3
50134488,2025-11-01,2025-11-30,mensual,,,1,n<3
50134488,2025-12-01,2025-12-31,mensual,,,1,n<3
50134488,2026-01-01,2026-01-31,mensual,,,0,n<3
50134488,2026-02-01,2026-02-28,mensual,,,1,n<3
50134488,2025-11-01,2026-01-31,trimestral,,,2,n<3
50134488,2025-12-01,2026-02-28,trimestral,,,2,n<3
50134489,2025-12-01,2025-12-31,mensual,,,1,n<3
50134490,2025-11-01,2025-11-30,mensual,,,1,n<3
50134490,2025-12-01,2025-12-31,mensual,,,1,n<3
50134490,2026-01-01,2026-01-31,mensual,,,1,n<3
50134490,2025-11-01,2026-01-31,trimestral,,,3,precio constante
50134491,2025-12-01,2025-12-31,mensual,,,1,n<3
50134491,2026-01-01,2026-01-31,mensual,,,2,n<3
50134492,2025-11-01,2025-11-30,mensual,,,1,n<3
50134492,2025-12-01,2025-12-31,mensual,,,1,n<3
50134492,2026-01-01,2026-01-31,mensual,,,1,n<3
50134492,2025-11-01,2026-01-31,trimestral,,,3,precio constante
50134617,2026-01-01,2026-01-31,mensual,,,3,precio constante
50134617,2026-02-01,2026-02-28,mensual,,,5,precio constante
50134617,2026-03-01,2026-03-31,mensual,,,1,n<3
50134617,2026-01-01,2026-03-31,trimestral,,,9,precio constante
50135114,2026-01-01,2026-01-31,mensual,,,1,n<3
50135118,2026-01-01,2026-01-31,mensual,,,1,n<3
50135119,2025-12-01,2025-12-31,mensual,,,1,n<3
50135120,2025-12-01,2025-12-31,mensual,,,1,n<3
50135123,2026-01-01,2026-01-31,mensual,,,2,n<3
50135125,2025-12-01,2025-12-31,mensual,,,1,n<3
50135126,2025-11-01,2025-11-30,mensual,,,1,n<3
50135126,2025-12-01,2025-12-31,mensual,,,0,n<3
50135126,2026-01-01,2026-01-31,mensual,,,2,n<3
50135126,2025-11-01,2026-01-31,trimestral,,,3,qty constante
50135129,2025-12-01,2025-12-31,mensual,,,1,n<3
50135131,2025-11-01,2025-11-30,mensual,,,1,n<3
50135133,2026-01-01,2026-01-31,mensual,,,1,n<3
50135134,2025-12-01,2025-12-31,mensual,,,1,n<3
50135140,2025-12-01,2025-12-31,mensual,,,1,n<3
50135141,2025-11-01,2025-11-30,mensual,,,1,n<3
50135143,2026-01-01,2026-01-31,mensual,,,2,n<3
50135144,2025-12-01,2025-12-31,mensual,,,1,n<3
50135152,2025-12-01,2025-12-31,mensual,,,1,n<3
50135156,2025-11-01,2025-11-30,mensual,,,1,n<3
50135160,2026-01-01,2026-01-31,mensual,,,1,n<3
50135161,2026-02-01,2026-02-28,mensual,,,1,n<3
50135167,2026-01-01,2026-01-31,mensual,,,1,n<3
50135169,2025-11-01,2025-11-30,mensual,,,1,n<3
50135171,2025-11-01,2025-11-30,mensual,,,1,n<3
50135171,2025-12-01,2025-12-31,mensual,,,0,n<3
50135171,2026-01-01,2026-01-31,mensual,,,1,n<3
50135171,2025-11-01,2026-01-31,trimestral,,,2,n<3
50135172,2026-01-01,2026-01-31,mensual,,,1,n<3
50135181,2026-02-01,2026-02-28,mensual,,,1,n<3
50135182,2025-12-01,2025-12-31,mensual,,,1,n<3
50135182,2026-01-01,2026-01-31,mensual,,,1,n<3
50135189,2026-01-01,2026-01-31,mensual,,,1,n<3
50135189,2026-02-01,2026-02-28,mensual,,,1,n<3
50135190,2026-01-01,2026-01-31,mensual,,,2,n<3
50135192,2025-10-01,2025-10-31,mensual,,,1,n<3
50135192,2025-11-01,2025-11-30,mensual,,,0,n<3
50135192,2025-12-01,2025-12-31,mensual,,,1,n<3
50135192,2025-10-01,2025-12-31,trimestral,,,2,n<3
50135197,2025-11-01,2025-11-30,mensual,,,1,n<3
50135198,2025-11-01,2025-11-30,mensual,,,1,n<3
50135200,2025-12-01,2025-12-31,mensual,,,1,n<3
50135204,2025-12-01,2025-12-31,mensual,,,1,n<3
50135206,2025-12-01,2025-12-31,mensual,,,1,n<3
50135210,2026-01-01,2026-01-31,mensual,,,1,n<3
50135215,2025-12-01,2025-12-31,mensual,,,1,n<3
50135216,2025-12-01,2025-12-31,mensual,,,2,n<3
50135216,2026-01-01,2026-01-31,mensual,,,1,n<3
50135216,2026-02-01,2026-02-28,mensual,,,0,n<3
50135216,2026-03-01,2026-03-31,mensual,,,1,n<3
50135216,2025-12-01,2026-02-28,trimestral,,,3,qty constante
50135216,2026-01-01,2026-03-31,trimestral,,,2,n<3
50135225,2026-01-01,2026-01-31,mensual,,,1,n<3
50135228,2025-10-01,2025-10-31,mensual,,,1,n<3
50135228,2025-11-01,2025-11-30,mensual,,,1,n<3
50135228,2025-12-01,2025-12-31,mensual,,,1,n<3
50135228,2025-10-01,2025-12-31,trimestral,,,3,precio constante
50135229,2026-01-01,2026-01-31,mensual,,,1,n<3
50135231,2026-01-01,2026-01-31,mensual,,,1,n<3
50135289,2025-12-01,2025-12-31,mensual,,,2,n<3
50135291,2025-11-01,2025-11-30,mensual,,,1,n<3
50135292,2025-12-01,2025-12-31,mensual,,,1,n<3
50135295,2025-11-01,2025-11-30,mensual,,,1,n<3
50135297,2025-11-01,2025-11-30,mensual,,,1,n<3
50135298,2025-12-01,2025-12-31,mensual,,,1,n<3
50135371,2025-12-01,2025-12-31,mensual,,,2,n<3
50135371,2026-01-01,2026-01-31,mensual,,,1,n<3
50135372,2025-11-01,2025-11-30,mensual,,,1,n<3
50135372,2025-12-01,2025-12-31,mensual,,,0,n<3
50135372,2026-01-01,2026-01-31,mensual,,,1,n<3
50135372,2025-11-01,2026-01-31,trimestral,,,2,n<3
50135373,2025-11-01,2025-11-30,mensual,,,1,n<3
50135373,2025-12-01,2025-12-31,mensual,,,1,n<3
50135373,2026-01-01,2026-01-31,mensual,,,1,n<3
50135373,2026-02-01,2026-02-28,mensual,,,1,n<3
50135373,2025-11-01,2026-01-31,trimestral,,,3,precio constante
50135373,2025-12-01,2026-02-28,trimestral,,,3,qty constante
50135388,2026-02-01,2026-02-28,mensual,,,1,n<3
50135389,2026-01-01,2026-01-31,mensual,,,1,n<3
50135392,2026-01-01,2026-01-31,mensual,,,1,n<3
50135393,2025-12-01,2025-12-31,mensual,,,1,n<3
50135429,2026-04-01,2026-04-30,mensual,,,1,n<3
50135431,2026-03-01,2026-03-31,mensual,,,1,n<3
50135448,2026-04-01,2026-04-30,mensual,,,1,n<3
50135450,2025-10-01,2025-10-31,mensual,,,1,n<3
50135450,2025-11-01,2025-11-30,mensual,,,0,n<3
50135450,2025-12-01,2025-12-31,mensual,,,1,n<3
50135450,2025-10-01,2025-12-31,trimestral,,,2,n<3
50135453,2025-11-01,2025-11-30,mensual,,,1,n<3
50135453,2025-12-01,2025-12-31,mensual,,,0,n<3
50135453,2026-01-01,2026-01-31,mensual,,,1,n<3
50135453,2026-02-01,2026-02-28,mensual,,,1,n<3
50135453,2025-11-01,2026-01-31,trimestral,,,2,n<3
50135453,2025-12-01,2026-02-28,trimestral,,,2,n<3
50135456,2025-10-01,2025-10-31,mensual,,,1,n<3
50135457,2026-01-01,2026-01-31,mensual,,,1,n<3
50135458,2025-12-01,2025-12-31,mensual,,,1,n<3
50135459,2026-01-01,2026-01-31,mensual,,,2,n<3
50135460,2025-11-01,2025-11-30,mensual,,,1,n<3
50135460,2025-12-01,2025-12-31,mensual,,,0,n<3
50135460,2026-01-01,2026-01-31,mensual,,,2,n<3
50135460,2025-11-01,2026-01-31,trimestral,,,3,precio constante
50135522,2026-01-01,2026-01-31,mensual,,,2,n<3
50135523,2026-01-01,2026-01-31,mensual,,,6,qty constante
50135524,2026-01-01,2026-01-31,mensual,,,1,n<3
50135524,2026-02-01,2026-02-28,mensual,,,1,n<3
50135525,2025-11-01,2025-11-30,mensual,,,2,n<3
50135525,2025-12-01,2025-12-31,mensual,,,2,n<3
50135525,2026-01-01,2026-01-31,mensual,,,2,n<3
50135525,2025-11-01,2026-01-31,trimestral,,,6,qty constante
50135526,2025-11-01,2025-11-30,mensual,,,1,n<3
50135526,2025-12-01,2025-12-31,mensual,,,1,n<3
50135526,2026-01-01,2026-01-31,mensual,,,2,n<3
50135526,2026-02-01,2026-02-28,mensual,,,1,n<3
50135526,2026-03-01,2026-03-31,mensual,,,0,n<3
50135526,2026-04-01,2026-04-30,mensual,,,1,n<3
50135526,2025-11-01,2026-01-31,trimestral,,,4,precio constante
50135526,2025-12-01,2026-02-28,trimestral,,,4,qty constante
50135526,2026-01-01,2026-03-31,trimestral,,,3,qty constante
50135526,2026-02-01,2026-04-30,trimestral,,,2,n<3
50135526,2025-11-01,2026-04-30,semestral,,,6,qty constante
50135527,2025-11-01,2025-11-30,mensual,,,2,n<3
50135527,2025-12-01,2025-12-31,mensual,,,4,qty constante
50135527,2026-01-01,2026-01-31,mensual,,,3,precio constante
50135527,2025-11-01,2026-01-31,trimestral,,,9,qty constante
50135528,2025-11-01,2025-11-30,mensual,,,3,precio constante
50135528,2025-12-01,2025-12-31,mensual,,,0,n<3
50135528,2026-01-01,2026-01-31,mensual,,,3,qty constante
50135528,2025-11-01,2026-01-31,trimestral,,,6,qty constante
50135529,2026-01-01,2026-01-31,mensual,,,2,n<3
50135530,2026-01-01,2026-01-31,mensual,,,3,precio constante
50135531,2025-12-01,2025-12-31,mensual,,,2,n<3
50135532,2025-10-01,2025-10-31,mensual,,,1,n<3
50135532,2025-11-01,2025-11-30,mensual,,,2,n<3
50135532,2025-12-01,2025-12-31,mensual,,,3,qty constante
50135532,2025-10-01,2025-12-31,trimestral,,,6,qty constante
50135533,2025-11-01,2025-11-30,mensual,,,1,n<3
50135533,2025-12-01,2025-12-31,mensual,,,3,qty constante
50135533,2026-01-01,2026-01-31,mensual,,,4,qty constante
50135533,2025-11-01,2026-01-31,trimestral,,,8,qty constante
50135534,2025-12-01,2025-12-31,mensual,,,1,n<3
50135534,2026-01-01,2026-01-31,mensual,,,1,n<3
50135534,2026-02-01,2026-02-28,mensual,,,1,n<3
50135534,2025-12-01,2026-02-28,trimestral,-1.000000000000002,1.0,3,valida
50135535,2025-12-01,2025-12-31,mensual,,,2,n<3
50135535,2026-01-01,2026-01-31,mensual,1.5401477129736276,0.25000000000000233,3,valida
50135536,2025-11-01,2025-11-30,mensual,,,4,precio constante
50135536,2025-12-01,2025-12-31,mensual,,,2,n<3
50135536,2026-01-01,2026-01-31,mensual,,,3,qty constante
50135536,2026-02-01,2026-02-28,mensual,,,1,n<3
50135536,2025-11-01,2026-01-31,trimestral,,,9,qty constante
50135536,2025-12-01,2026-02-28,trimestral,,,6,qty constante
50135537,2025-12-01,2025-12-31,mensual,,,4,qty constante
50135537,2026-01-01,2026-01-31,mensual,,,1,n<3
50135538,2025-12-01,2025-12-31,mensual,,,3,qty constante
50135538,2026-01-01,2026-01-31,mensual,,,4,qty constante
50135539,2025-12-01,2025-12-31,mensual,,,3,qty constante
50135539,2026-01-01,2026-01-31,mensual,,,2,n<3
50135540,2025-12-01,2025-12-31,mensual,,,1,n<3
50135540,2026-01-01,2026-01-31,mensual,,,0,n<3
50135540,2026-02-01,2026-02-28,mensual,,,1,n<3
50135540,2025-12-01,2026-02-28,trimestral,,,2,n<3
50135541,2025-11-01,2025-11-30,mensual,,,2,n<3
50135541,2025-12-01,2025-12-31,mensual,,,2,n<3
50135541,2026-01-01,2026-01-31,mensual,,,3,qty constante
50135541,2025-11-01,2026-01-31,trimestral,,,7,qty constante
50135542,2025-12-01,2025-12-31,mensual,,,4,precio constante
50135542,2026-01-01,2026-01-31,mensual,,,1,n<3
50135543,2025-11-01,2025-11-30,mensual,,,1,n<3
50135543,2025-12-01,2025-12-31,mensual,,,1,n<3
50135543,2026-01-01,2026-01-31,mensual,,,1,n<3
50135543,2025-11-01,2026-01-31,trimestral,,,3,qty constante
50135544,2025-11-01,2025-11-30,mensual,,,2,n<3
50135544,2025-12-01,2025-12-31,mensual,,,5,qty constante
50135544,2026-01-01,2026-01-31,mensual,,,1,n<3
50135544,2025-11-01,2026-01-31,trimestral,,,8,qty constante
50135545,2025-11-01,2025-11-30,mensual,,,1,n<3
50135545,2025-12-01,2025-12-31,mensual,,,2,n<3
50135545,2026-01-01,2026-01-31,mensual,,,1,n<3
50135545,2025-11-01,2026-01-31,trimestral,-0.8191023171188051,0.1965611309361912,4,valida
50135546,2025-12-01,2025-12-31,mensual,,,2,n<3
50135546,2026-01-01,2026-01-31,mensual,,,3,qty constante
50135546,2026-02-01,2026-02-28,mensual,,,1,n<3
50135546,2026-03-01,2026-03-31,mensual,,,1,n<3
50135546,2025-12-01,2026-02-28,trimestral,0.6477639949910768,0.19999999999999996,6,valida
50135546,2026-01-01,2026-03-31,trimestral,,,5,qty constante
50135547,2025-12-01,2025-12-31,mensual,,,1,n<3
50135547,2026-01-01,2026-01-31,mensual,,,1,n<3
50135548,2025-12-01,2025-12-31,mensual,,,1,n<3
50135548,2026-01-01,2026-01-31,mensual,,,2,n<3
50135549,2025-12-01,2025-12-31,mensual,,,2,n<3
50135549,2026-01-01,2026-01-31,mensual,,,3,qty constante
50135551,2026-01-01,2026-01-31,mensual,,,1,n<3
50135551,2026-02-01,2026-02-28,mensual,,,1,n<3
50135552,2025-12-01,2025-12-31,mensual,,,1,n<3
50135552,2026-01-01,2026-01-31,mensual,,,1,n<3
