SKU,periodo_inicio,periodo_fin,tipo_ventana,beta,r2,n_observaciones,estatus_beta
50011877,2024-01-01,2024-01-31,mensual,,,1,n<3
50011877,2024-02-01,2024-02-29,mensual,,,1,n<3
50011877,2024-03-01,2024-03-31,mensual,,,0,n<3
50011877,2024-04-01,2024-04-30,mensual,,,0,n<3
50011877,2024-05-01,2024-05-31,mensual,,,0,n<3
50011877,2024-06-01,2024-06-30,mensual,,,0,n<3
50011877,2024-07-01,2024-07-31,mensual,,,0,n<3
50011877,2024-08-01,2024-08-31,mensual,,,0,n<3
50011877,2024-09-01,2024-09-30,mensual,,,0,n<3
50011877,2024-10-01,2024-10-31,mensual,,,0,n<3
50011877,2024-11-01,2024-11-30,mensual,,,0,n<3
50011877,2024-12-01,2024-12-31,mensual,,,1,n<3
50011877,2025-01-01,2025-01-31,mensual,,,1,n<3
50011877,2025-02-01,2025-02-28,mensual,,,0,n<3
50011877,2025-03-01,2025-03-31,mensual,,,0,n<3
50011877,2025-04-01,2025-04-30,mensual,,,0,n<3
50011877,2025-05-01,2025-05-31,mensual,,,1,n<3
50011877,2025-06-01,2025-06-30,mensual,,,0,n<3
50011877,2025-07-01,2025-07-31,mensual,,,1,n<3
50011877,2024-01-01,2024-03-31,trimestral,,,2,n<3
50011877,2024-02-01,2024-04-30,trimestral,,,1,n<3
50011877,2024-03-01,2024-05-31,trimestral,,,0,n<3
50011877,2024-04-01,2024-06-30,trimestral,,,0,n<3
50011877,2024-05-01,2024-07-31,trimestral,,,0,n<3
50011877,2024-06-01,2024-08-31,trimestral,,,0,n<3
50011877,2024-07-01,2024-09-30,trimestral,,,0,n<3
50011877,2024-08-01,2024-10-31,trimestral,,,0,n<3
50011877,2024-09-01,2024-11-30,trimestral,,,0,n<3
50011877,2024-10-01,2024-12-31,trimestral,,,1,n<3
50011877,2024-11-01,2025-01-31,trimestral,,,2,n<3
50011877,2024-12-01,2025-02-28,trimestral,,,2,n<3
50011877,2025-01-01,2025-03-31,trimestral,,,1,n<3
50011877,2025-02-01,2025-04-30,trimestral,,,0,n<3
50011877,2025-03-01,2025-05-31,trimestral,,,1,n<3
50011877,2025-04-01,2025-06-30,trimestral,,,1,n<3
50011877,2025-05-01,2025-07-31,trimestral,,,2,n<3
50011877,2024-01-01,2024-06-30,semestral,,,2,n<3
50011877,2024-02-01,2024-07-31,semestral,,,1,n<3
50011877,2024-03-01,2024-08-31,semestral,,,0,n<3
50011877,2024-04-01,2024-09-30,semestral,,,0,n<3
50011877,2024-05-01,2024-10-31,semestral,,,0,n<3
50011877,2024-06-01,2024-11-30,semestral,,,0,n<3
50011877,2024-07-01,2024-12-31,semestral,,,1,n<3
50011877,2024-08-01,2025-01-31,semestral,,,2,n<3
50011877,2024-09-01,2025-02-28,semestral,,,2,n<3
50011877,2024-10-01,2025-03-31,semestral,,,2,n<3
50011877,2024-11-01,2025-04-30,semestral,,,2,n<3
50011877,2024-12-01,2025-05-31,semestral,-4.1541355714674255,0.25007723631188594,3,valida
50011877,2025-01-01,2025-06-30,semestral,,,2,n<3
50011877,2025-02-01,2025-07-31,semestral,,,2,n<3
50011883,2025-06-01,2025-06-30,mensual,,,1,n<3
50011886,2024-02-01,2024-02-29,mensual,,,1,n<3
50011886,2024-03-01,2024-03-31,mensual,,,0,n<3
50011886,2024-04-01,2024-04-30,mensual,,,0,n<3
50011886,2024-05-01,2024-05-31,mensual,,,0,n<3
50011886,2024-06-01,2024-06-30,mensual,,,0,n<3
50011886,2024-07-01,2024-07-31,mensual,,,1,n<3
50011886,2024-08-01,2024-08-31,mensual,,,0,n<3
50011886,2024-09-01,2024-09-30,mensual,,,0,n<3
50011886,2024-10-01,2024-10-31,mensual,,,0,n<3
50011886,2024-11-01,2024-11-30,mensual,,,0,n<3
50011886,2024-12-01,2024-12-31,mensual,,,0,n<3
50011886,2025-01-01,2025-01-31,mensual,,,0,n<3
50011886,2025-02-01,2025-02-28,mensual,,,0,n<3
50011886,2025-03-01,2025-03-31,mensual,,,1,n<3
50011886,2025-04-01,2025-04-30,mensual,,,0,n<3
50011886,2025-05-01,2025-05-31,mensual,,,0,n<3
50011886,2025-06-01,2025-06-30,mensual,,,0,n<3
50011886,2025-07-01,2025-07-31,mensual,,,0,n<3
50011886,2025-08-01,2025-08-31,mensual,,,0,n<3
50011886,2025-09-01,2025-09-30,mensual,,,0,n<3
50011886,2025-10-01,2025-10-31,mensual,,,0,n<3
50011886,2025-11-01,2025-11-30,mensual,,,0,n<3
50011886,2025-12-01,2025-12-31,mensual,,,0,n<3
50011886,2026-01-01,2026-01-31,mensual,,,0,n<3
50011886,2026-02-01,2026-02-28,mensual,,,0,n<3
50011886,2026-03-01,2026-03-31,mensual,,,1,n<3
50011886,2024-02-01,2024-04-30,trimestral,,,1,n<3
50011886,2024-03-01,2024-05-31,trimestral,,,0,n<3
50011886,2024-04-01,2024-06-30,trimestral,,,0,n<3
50011886,2024-05-01,2024-07-31,trimestral,,,1,n<3
50011886,2024-06-01,2024-08-31,trimestral,,,1,n<3
50011886,2024-07-01,2024-09-30,trimestral,,,1,n<3
50011886,2024-08-01,2024-10-31,trimestral,,,0,n<3
50011886,2024-09-01,2024-11-30,trimestral,,,0,n<3
50011886,2024-10-01,2024-12-31,trimestral,,,0,n<3
50011886,2024-11-01,2025-01-31,trimestral,,,0,n<3
50011886,2024-12-01,2025-02-28,trimestral,,,0,n<3
50011886,2025-01-01,2025-03-31,trimestral,,,1,n<3
50011886,2025-02-01,2025-04-30,trimestral,,,1,n<3
50011886,2025-03-01,2025-05-31,trimestral,,,1,n<3
50011886,2025-04-01,2025-06-30,trimestral,,,0,n<3
50011886,2025-05-01,2025-07-31,trimestral,,,0,n<3
50011886,2025-06-01,2025-08-31,trimestral,,,0,n<3
50011886,2025-07-01,2025-09-30,trimestral,,,0,n<3
50011886,2025-08-01,2025-10-31,trimestral,,,0,n<3
50011886,2025-09-01,2025-11-30,trimestral,,,0,n<3
50011886,2025-10-01,2025-12-31,trimestral,,,0,n<3
50011886,2025-11-01,2026-01-31,trimestral,,,0,n<3
50011886,2025-12-01,2026-02-28,trimestral,,,0,n<3
50011886,2026-01-01,2026-03-31,trimestral,,,1,n<3
50011886,2024-02-01,2024-07-31,semestral,,,2,n<3
50011886,2024-03-01,2024-08-31,semestral,,,1,n<3
50011886,2024-04-01,2024-09-30,semestral,,,1,n<3
50011886,2024-05-01,2024-10-31,semestral,,,1,n<3
50011886,2024-06-01,2024-11-30,semestral,,,1,n<3
50011886,2024-07-01,2024-12-31,semestral,,,1,n<3
50011886,2024-08-01,2025-01-31,semestral,,,0,n<3
50011886,2024-09-01,2025-02-28,semestral,,,0,n<3
50011886,2024-10-01,2025-03-31,semestral,,,1,n<3
50011886,2024-11-01,2025-04-30,semestral,,,1,n<3
50011886,2024-12-01,2025-05-31,semestral,,,1,n<3
50011886,2025-01-01,2025-06-30,semestral,,,1,n<3
50011886,2025-02-01,2025-07-31,semestral,,,1,n<3
50011886,2025-03-01,2025-08-31,semestral,,,1,n<3
50011886,2025-04-01,2025-09-30,semestral,,,0,n<3
50011886,2025-05-01,2025-10-31,semestral,,,0,n<3
50011886,2025-06-01,2025-11-30,semestral,,,0,n<3
50011886,2025-07-01,2025-12-31,semestral,,,0,n<3
50011886,2025-08-01,2026-01-31,semestral,,,0,n<3
50011886,2025-09-01,2026-02-28,semestral,,,0,n<3
50011886,2025-10-01,2026-03-31,semestral,,,1,n<3
50011888,2024-05-01,2024-05-31,mensual,,,1,n<3
50011888,2024-06-01,2024-06-30,mensual,,,0,n<3
50011888,2024-07-01,2024-07-31,mensual,,,0,n<3
50011888,2024-08-01,2024-08-31,mensual,,,0,n<3
50011888,2024-09-01,2024-09-30,mensual,,,0,n<3
50011888,2024-10-01,2024-10-31,mensual,,,0,n<3
50011888,2024-11-01,2024-11-30,mensual,,,0,n<3
50011888,2024-12-01,2024-12-31,mensual,,,0,n<3
50011888,2025-01-01,2025-01-31,mensual,,,0,n<3
50011888,2025-02-01,2025-02-28,mensual,,,0,n<3
50011888,2025-03-01,2025-03-31,mensual,,,0,n<3
50011888,2025-04-01,2025-04-30,mensual,,,0,n<3
50011888,2025-05-01,2025-05-31,mensual,,,0,n<3
50011888,2025-06-01,2025-06-30,mensual,,,0,n<3
50011888,2025-07-01,2025-07-31,mensual,,,0,n<3
50011888,2025-08-01,2025-08-31,mensual,,,0,n<3
50011888,2025-09-01,2025-09-30,mensual,,,0,n<3
50011888,2025-10-01,2025-10-31,mensual,,,0,n<3
50011888,2025-11-01,2025-11-30,mensual,,,0,n<3
50011888,2025-12-01,2025-12-31,mensual,,,0,n<3
50011888,2026-01-01,2026-01-31,mensual,,,0,n<3
50011888,2026-02-01,2026-02-28,mensual,,,1,n<3
50011888,2024-05-01,2024-07-31,trimestral,,,1,n<3
50011888,2024-06-01,2024-08-31,trimestral,,,0,n<3
50011888,2024-07-01,2024-09-30,trimestral,,,0,n<3
50011888,2024-08-01,2024-10-31,trimestral,,,0,n<3
50011888,2024-09-01,2024-11-30,trimestral,,,0,n<3
50011888,2024-10-01,2024-12-31,trimestral,,,0,n<3
50011888,2024-11-01,2025-01-31,trimestral,,,0,n<3
50011888,2024-12-01,2025-02-28,trimestral,,,0,n<3
50011888,2025-01-01,2025-03-31,trimestral,,,0,n<3
50011888,2025-02-01,2025-04-30,trimestral,,,0,n<3
50011888,2025-03-01,2025-05-31,trimestral,,,0,n<3
50011888,2025-04-01,2025-06-30,trimestral,,,0,n<3
50011888,2025-05-01,2025-07-31,trimestral,,,0,n<3
50011888,2025-06-01,2025-08-31,trimestral,,,0,n<3
50011888,2025-07-01,2025-09-30,trimestral,,,0,n<3
50011888,2025-08-01,2025-10-31,trimestral,,,0,n<3
50011888,2025-09-01,2025-11-30,trimestral,,,0,n<3
50011888,2025-10-01,2025-12-31,trimestral,,,0,n<3
50011888,2025-11-01,2026-01-31,trimestral,,,0,n<3
50011888,2025-12-01,2026-02-28,trimestral,,,1,n<3
50011888,2024-05-01,2024-10-31,semestral,,,1,n<3
50011888,2024-06-01,2024-11-30,semestral,,,0,n<3
50011888,2024-07-01,2024-12-31,semestral,,,0,n<3
50011888,2024-08-01,2025-01-31,semestral,,,0,n<3
50011888,2024-09-01,2025-02-28,semestral,,,0,n<3
50011888,2024-10-01,2025-03-31,semestral,,,0,n<3
50011888,2024-11-01,2025-04-30,semestral,,,0,n<3
50011888,2024-12-01,2025-05-31,semestral,,,0,n<3
50011888,2025-01-01,2025-06-30,semestral,,,0,n<3
50011888,2025-02-01,2025-07-31,semestral,,,0,n<3
50011888,2025-03-01,2025-08-31,semestral,,,0,n<3
50011888,2025-04-01,2025-09-30,semestral,,,0,n<3
50011888,2025-05-01,2025-10-31,semestral,,,0,n<3
50011888,2025-06-01,2025-11-30,semestral,,,0,n<3
50011888,2025-07-01,2025-12-31,semestral,,,0,n<3
50011888,2025-08-01,2026-01-31,semestral,,,0,n<3
50011888,2025-09-01,2026-02-28,semestral,,,1,n<3
50011906,2024-04-01,2024-04-30,mensual,,,2,n<3
50011906,2024-05-01,2024-05-31,mensual,,,0,n<3
50011906,2024-06-01,2024-06-30,mensual,,,0,n<3
50011906,2024-07-01,2024-07-31,mensual,,,0,n<3
50011906,2024-08-01,2024-08-31,mensual,,,0,n<3
50011906,2024-09-01,2024-09-30,mensual,,,0,n<3
50011906,2024-10-01,2024-10-31,mensual,,,1,n<3
50011906,2024-04-01,2024-06-30,trimestral,,,2,n<3
50011906,2024-05-01,2024-07-31,trimestral,,,0,n<3
50011906,2024-06-01,2024-08-31,trimestral,,,0,n<3
50011906,2024-07-01,2024-09-30,trimestral,,,0,n<3
50011906,2024-08-01,2024-10-31,trimestral,,,1,n<3
50011906,2024-04-01,2024-09-30,semestral,,,2,n<3
50011906,2024-05-01,2024-10-31,semestral,,,1,n<3
50011910,2024-01-01,2024-01-31,mensual,,,2,n<3
50011910,2024-02-01,2024-02-29,mensual,,,4,precio constante
50011910,2024-03-01,2024-03-31,mensual,,,1,n<3
50011910,2024-04-01,2024-04-30,mensual,,,2,n<3
50011910,2024-05-01,2024-05-31,mensual,,,1,n<3
50011910,2024-06-01,2024-06-30,mensual,,,1,n<3
50011910,2024-07-01,2024-07-31,mensual,,,3,precio constante
50011910,2024-08-01,2024-08-31,mensual,,,4,precio constante
50011910,2024-09-01,2024-09-30,mensual,,,4,precio constante
50011910,2024-10-01,2024-10-31,mensual,,,2,n<3
50011910,2024-11-01,2024-11-30,mensual,,,2,n<3
50011910,2024-12-01,2024-12-31,mensual,,,0,n<3
50011910,2025-01-01,2025-01-31,mensual,,,3,precio constante
50011910,2025-02-01,2025-02-28,mensual,,,2,n<3
50011910,2025-03-01,2025-03-31,mensual,,,2,n<3
50011910,2025-04-01,2025-04-30,mensual,,,2,n<3
50011910,2025-05-01,2025-05-31,mensual,-2976.0274062807916,1.0,3,valida
50011910,2025-06-01,2025-06-30,mensual,,,3,precio constante
50011910,2025-07-01,2025-07-31,mensual,,,2,n<3
50011910,2025-08-01,2025-08-31,mensual,,,4,qty constante
50011910,2025-09-01,2025-09-30,mensual,,,4,precio constante
50011910,2025-10-01,2025-10-31,mensual,,,1,n<3
50011910,2025-11-01,2025-11-30,mensual,,,2,n<3
50011910,2025-12-01,2025-12-31,mensual,,,3,precio constante
50011910,2026-01-01,2026-01-31,mensual,,,0,n<3
50011910,2026-02-01,2026-02-28,mensual,3.9135590886475193,0.08435566106689918,6,valida
50011910,2026-03-01,2026-03-31,mensual,,,1,n<3
50011910,2024-01-01,2024-03-31,trimestral,,,7,precio constante
50011910,2024-02-01,2024-04-30,trimestral,,,7,precio constante
50011910,2024-03-01,2024-05-31,trimestral,-2976.027406269106,1.0,4,valida
50011910,2024-04-01,2024-06-30,trimestral,,,4,precio constante
50011910,2024-05-01,2024-07-31,trimestral,,,5,precio constante
50011910,2024-06-01,2024-08-31,trimestral,,,8,precio constante
50011910,2024-07-01,2024-09-30,trimestral,,,11,precio constante
50011910,2024-08-01,2024-10-31,trimestral,,,10,precio constante
50011910,2024-09-01,2024-11-30,trimestral,,,8,precio constante
50011910,2024-10-01,2024-12-31,trimestral,,,4,precio constante
50011910,2024-11-01,2025-01-31,trimestral,,,5,precio constante
50011910,2024-12-01,2025-02-28,trimestral,-1.9419089576661268,1.0,5,valida
50011910,2025-01-01,2025-03-31,trimestral,-1.9419089576661208,1.0,7,valida
50011910,2025-02-01,2025-04-30,trimestral,-1.5535271661328955,0.3999999999999999,6,valida
50011910,2025-03-01,2025-05-31,trimestral,,,7,precio constante
50011910,2025-04-01,2025-06-30,trimestral,,,8,precio constante
50011910,2025-05-01,2025-07-31,trimestral,0.2764563764324696,0.02022574806440669,8,valida
50011910,2025-06-01,2025-08-31,trimestral,,,9,qty constante
50011910,2025-07-01,2025-09-30,trimestral,,,10,qty constante
50011910,2025-08-01,2025-10-31,trimestral,,,9,qty constante
50011910,2025-09-01,2025-11-30,trimestral,,,7,precio constante
50011910,2025-10-01,2025-12-31,trimestral,,,6,precio constante
50011910,2025-11-01,2026-01-31,trimestral,,,5,precio constante
50011910,2025-12-01,2026-02-28,trimestral,2.428020325732231,0.03032495574815297,9,valida
50011910,2026-01-01,2026-03-31,trimestral,4.350314409176143,0.10098286010870394,7,valida
50011910,2024-01-01,2024-06-30,semestral,,,11,precio constante
50011910,2024-02-01,2024-07-31,semestral,,,12,precio constante
50011910,2024-03-01,2024-08-31,semestral,,,12,precio constante
50011910,2024-04-01,2024-09-30,semestral,,,15,precio constante
50011910,2024-05-01,2024-10-31,semestral,,,15,precio constante
50011910,2024-06-01,2024-11-30,semestral,,,16,precio constante
50011910,2024-07-01,2024-12-31,semestral,,,15,precio constante
50011910,2024-08-01,2025-01-31,semestral,,,15,precio constante
50011910,2024-09-01,2025-02-28,semestral,-1.9419089576661224,1.0,13,valida
50011910,2024-10-01,2025-03-31,semestral,-1.9419089576661261,1.0,11,valida
50011910,2024-11-01,2025-04-30,semestral,-1.7477180618995156,0.45000000000000007,11,valida
50011910,2024-12-01,2025-05-31,semestral,-1.5900593103751592,0.27311559330709334,12,valida
50011910,2025-01-01,2025-06-30,semestral,-1.665734067851296,0.28611382309110744,15,valida
50011910,2025-02-01,2025-07-31,semestral,-0.6487848579282376,0.0810940544895482,14,valida
50011910,2025-03-01,2025-08-31,semestral,0.2770654407395158,0.02031685719333609,16,valida
50011910,2025-04-01,2025-09-30,semestral,0.2423500835307705,0.015544731457321603,18,valida
50011910,2025-05-01,2025-10-31,semestral,0.128915520034707,0.008247193693823318,17,valida
50011910,2025-06-01,2025-11-30,semestral,,,16,qty constante
50011910,2025-07-01,2025-12-31,semestral,,,16,qty constante
50011910,2025-08-01,2026-01-31,semestral,,,14,qty constante
50011910,2025-09-01,2026-02-28,semestral,1.2739637993924278,0.007941074231542666,16,valida
50011910,2025-10-01,2026-03-31,semestral,2.1437161777576095,0.02058892964809622,13,valida
50011911,2024-01-01,2024-01-31,mensual,,,3,qty constante
50011911,2024-02-01,2024-02-29,mensual,,,2,n<3
50011911,2024-03-01,2024-03-31,mensual,,,1,n<3
50011911,2024-04-01,2024-04-30,mensual,,,0,n<3
50011911,2024-05-01,2024-05-31,mensual,,,3,precio constante
50011911,2024-06-01,2024-06-30,mensual,,,1,n<3
50011911,2024-07-01,2024-07-31,mensual,,,1,n<3
50011911,2024-08-01,2024-08-31,mensual,,,2,n<3
50011911,2024-09-01,2024-09-30,mensual,,,1,n<3
50011911,2024-10-01,2024-10-31,mensual,,,3,precio constante
50011911,2024-11-01,2024-11-30,mensual,,,1,n<3
50011911,2024-12-01,2024-12-31,mensual,,,0,n<3
50011911,2025-01-01,2025-01-31,mensual,,,4,precio constante
50011911,2025-02-01,2025-02-28,mensual,,,2,n<3
50011911,2025-03-01,2025-03-31,mensual,,,1,n<3
50011911,2025-04-01,2025-04-30,mensual,,,1,n<3
50011911,2025-05-01,2025-05-31,mensual,,,0,n<3
50011911,2025-06-01,2025-06-30,mensual,,,1,n<3
50011911,2025-07-01,2025-07-31,mensual,,,1,n<3
50011911,2025-08-01,2025-08-31,mensual,,,3,precio constante
50011911,2025-09-01,2025-09-30,mensual,,,0,n<3
50011911,2025-10-01,2025-10-31,mensual,,,2,n<3
50011911,2025-11-01,2025-11-30,mensual,,,1,n<3
50011911,2025-12-01,2025-12-31,mensual,,,1,n<3
50011911,2026-01-01,2026-01-31,mensual,,,1,n<3
50011911,2026-02-01,2026-02-28,mensual,,,0,n<3
50011911,2026-03-01,2026-03-31,mensual,,,1,n<3
50011911,2026-04-01,2026-04-30,mensual,,,3,precio constante
50011911,2024-01-01,2024-03-31,trimestral,-4.832874375049189,0.24849916810114037,6,valida
50011911,2024-02-01,2024-04-30,trimestral,,,3,precio constante
50011911,2024-03-01,2024-05-31,trimestral,,,4,precio constante
50011911,2024-04-01,2024-06-30,trimestral,,,4,precio constante
50011911,2024-05-01,2024-07-31,trimestral,,,5,precio constante
50011911,2024-06-01,2024-08-31,trimestral,,,4,precio constante
50011911,2024-07-01,2024-09-30,trimestral,,,4,precio constante
50011911,2024-08-01,2024-10-31,trimestral,,,6,precio constante
50011911,2024-09-01,2024-11-30,trimestral,,,5,precio constante
50011911,2024-10-01,2024-12-31,trimestral,,,4,precio constante
50011911,2024-11-01,2025-01-31,trimestral,,,5,precio constante
50011911,2024-12-01,2025-02-28,trimestral,,,6,precio constante
50011911,2025-01-01,2025-03-31,trimestral,,,7,precio constante
50011911,2025-02-01,2025-04-30,trimestral,,,4,precio constante
50011911,2025-03-01,2025-05-31,trimestral,,,2,n<3
50011911,2025-04-01,2025-06-30,trimestral,,,2,n<3
50011911,2025-05-01,2025-07-31,trimestral,,,2,n<3
50011911,2025-06-01,2025-08-31,trimestral,7.285702247389748,0.3768779188489976,5,valida
50011911,2025-07-01,2025-09-30,trimestral,,,4,precio constante
50011911,2025-08-01,2025-10-31,trimestral,3.354220045016047,0.375,5,valida
50011911,2025-09-01,2025-11-30,trimestral,,,3,precio constante
50011911,2025-10-01,2025-12-31,trimestral,,,4,precio constante
50011911,2025-11-01,2026-01-31,trimestral,,,3,precio constante
50011911,2025-12-01,2026-02-28,trimestral,,,2,n<3
50011911,2026-01-01,2026-03-31,trimestral,,,2,n<3
50011911,2026-02-01,2026-04-30,trimestral,,,4,precio constante
50011911,2024-01-01,2024-06-30,semestral,-4.823154688726399,0.16500075087830957,10,valida
50011911,2024-02-01,2024-07-31,semestral,,,8,precio constante
50011911,2024-03-01,2024-08-31,semestral,,,8,precio constante
50011911,2024-04-01,2024-09-30,semestral,,,8,precio constante
50011911,2024-05-01,2024-10-31,semestral,,,11,precio constante
50011911,2024-06-01,2024-11-30,semestral,,,9,precio constante
50011911,2024-07-01,2024-12-31,semestral,,,8,precio constante
50011911,2024-08-01,2025-01-31,semestral,,,11,precio constante
50011911,2024-09-01,2025-02-28,semestral,,,11,precio constante
50011911,2024-10-01,2025-03-31,semestral,,,11,precio constante
50011911,2024-11-01,2025-04-30,semestral,,,9,precio constante
50011911,2024-12-01,2025-05-31,semestral,,,8,precio constante
50011911,2025-01-01,2025-06-30,semestral,8.495731476814331,0.4394708278435112,9,valida
50011911,2025-02-01,2025-07-31,semestral,7.76985933958304,0.40192260378202505,6,valida
50011911,2025-03-01,2025-08-31,semestral,8.092523012388494,0.4186134881149275,7,valida
50011911,2025-04-01,2025-09-30,semestral,7.769859339582921,0.40192260378202505,6,valida
50011911,2025-05-01,2025-10-31,semestral,2.5079875126643634,0.1176441283546118,7,valida
50011911,2025-06-01,2025-11-30,semestral,1.1676111071867508,0.028662386843014476,8,valida
50011911,2025-07-01,2025-12-31,semestral,1.6796059126108194,0.06677722198782343,8,valida
50011911,2025-08-01,2026-01-31,semestral,2.6813602577652933,0.1995999107878742,8,valida
50011911,2025-09-01,2026-02-28,semestral,,,5,precio constante
50011911,2025-10-01,2026-03-31,semestral,,,6,precio constante
50011911,2025-11-01,2026-04-30,semestral,,,7,precio constante
50011912,2024-02-01,2024-02-29,mensual,,,1,n<3
50011912,2024-03-01,2024-03-31,mensual,,,1,n<3
50011912,2024-04-01,2024-04-30,mensual,,,1,n<3
50011912,2024-05-01,2024-05-31,mensual,,,2,n<3
50011912,2024-06-01,2024-06-30,mensual,,,1,n<3
50011912,2024-07-01,2024-07-31,mensual,,,1,n<3
50011912,2024-08-01,2024-08-31,mensual,,,1,n<3
50011912,2024-09-01,2024-09-30,mensual,,,1,n<3
50011912,2024-10-01,2024-10-31,mensual,,,1,n<3
50011912,2024-11-01,2024-11-30,mensual,,,0,n<3
50011912,2024-12-01,2024-12-31,mensual,,,0,n<3
50011912,2025-01-01,2025-01-31,mensual,,,2,n<3
50011912,2025-02-01,2025-02-28,mensual,,,1,n<3
50011912,2025-03-01,2025-03-31,mensual,,,1,n<3
50011912,2025-04-01,2025-04-30,mensual,,,1,n<3
50011912,2025-05-01,2025-05-31,mensual,,,1,n<3
50011912,2025-06-01,2025-06-30,mensual,,,0,n<3
50011912,2025-07-01,2025-07-31,mensual,,,1,n<3
50011912,2025-08-01,2025-08-31,mensual,,,1,n<3
50011912,2025-09-01,2025-09-30,mensual,,,0,n<3
50011912,2025-10-01,2025-10-31,mensual,,,2,n<3
50011912,2025-11-01,2025-11-30,mensual,,,0,n<3
50011912,2025-12-01,2025-12-31,mensual,,,0,n<3
50011912,2026-01-01,2026-01-31,mensual,,,0,n<3
50011912,2026-02-01,2026-02-28,mensual,,,1,n<3
50011912,2026-03-01,2026-03-31,mensual,,,2,n<3
50011912,2026-04-01,2026-04-30,mensual,,,1,n<3
50011912,2024-02-01,2024-04-30,trimestral,,,3,precio constante
50011912,2024-03-01,2024-05-31,trimestral,,,4,precio constante
50011912,2024-04-01,2024-06-30,trimestral,,,4,precio constante
50011912,2024-05-01,2024-07-31,trimestral,,,4,precio constante
50011912,2024-06-01,2024-08-31,trimestral,,,3,precio constante
50011912,2024-07-01,2024-09-30,trimestral,,,3,precio constante
50011912,2024-08-01,2024-10-31,trimestral,,,3,precio constante
50011912,2024-09-01,2024-11-30,trimestral,,,2,n<3
50011912,2024-10-01,2024-12-31,trimestral,,,1,n<3
50011912,2024-11-01,2025-01-31,trimestral,,,2,n<3
50011912,2024-12-01,2025-02-28,trimestral,,,3,precio constante
50011912,2025-01-01,2025-03-31,trimestral,-6.48706974727731,0.11179431348177027,4,valida
50011912,2025-02-01,2025-04-30,trimestral,,,3,qty constante
50011912,2025-03-01,2025-05-31,trimestral,,,3,qty constante
50011912,2025-04-01,2025-06-30,trimestral,,,2,n<3
50011912,2025-05-01,2025-07-31,trimestral,,,2,n<3
50011912,2025-06-01,2025-08-31,trimestral,,,2,n<3
50011912,2025-07-01,2025-09-30,trimestral,,,2,n<3
50011912,2025-08-01,2025-10-31,trimestral,,,3,qty constante
50011912,2025-09-01,2025-11-30,trimestral,,,2,n<3
50011912,2025-10-01,2025-12-31,trimestral,,,2,n<3
50011912,2025-11-01,2026-01-31,trimestral,,,0,n<3
50011912,2025-12-01,2026-02-28,trimestral,,,1,n<3
50011912,2026-01-01,2026-03-31,trimestral,,,3,precio constante
50011912,2026-02-01,2026-04-30,trimestral,,,4,precio constante
50011912,2024-02-01,2024-07-31,semestral,,,7,precio constante
50011912,2024-03-01,2024-08-31,semestral,,,7,precio constante
50011912,2024-04-01,2024-09-30,semestral,,,7,precio constante
50011912,2024-05-01,2024-10-31,semestral,,,7,precio constante
50011912,2024-06-01,2024-11-30,semestral,,,5,precio constante
50011912,2024-07-01,2024-12-31,semestral,,,4,precio constante
50011912,2024-08-01,2025-01-31,semestral,,,5,precio constante
50011912,2024-09-01,2025-02-28,semestral,,,5,precio constante
50011912,2024-10-01,2025-03-31,semestral,-4.87182138200652,0.06304083818688844,5,valida
50011912,2024-11-01,2025-04-30,semestral,-4.871821382006566,0.06304083818688833,5,valida
50011912,2024-12-01,2025-05-31,semestral,-3.902374829210771,0.040443360248436866,6,valida
50011912,2025-01-01,2025-06-30,semestral,-3.902374829210771,0.040443360248436866,6,valida
50011912,2025-02-01,2025-07-31,semestral,,,5,qty constante
50011912,2025-03-01,2025-08-31,semestral,,,5,qty constante
50011912,2025-04-01,2025-09-30,semestral,,,4,qty constante
50011912,2025-05-01,2025-10-31,semestral,,,5,qty constante
50011912,2025-06-01,2025-11-30,semestral,,,4,qty constante
50011912,2025-07-01,2025-12-31,semestral,,,4,qty constante
50011912,2025-08-01,2026-01-31,semestral,,,3,qty constante
50011912,2025-09-01,2026-02-28,semestral,,,3,qty constante
50011912,2025-10-01,2026-03-31,semestral,19.93967528414033,0.375,5,valida
50011912,2025-11-01,2026-04-30,semestral,,,4,precio constante
50011913,2024-02-01,2024-02-29,mensual,,,1,n<3
50011913,2024-03-01,2024-03-31,mensual,,,0,n<3
50011913,2024-04-01,2024-04-30,mensual,,,1,n<3
50011913,2024-05-01,2024-05-31,mensual,,,1,n<3
50011913,2024-06-01,2024-06-30,mensual,,,1,n<3
50011913,2024-07-01,2024-07-31,mensual,,,0,n<3
50011913,2024-08-01,2024-08-31,mensual,,,1,n<3
50011913,2024-09-01,2024-09-30,mensual,,,0,n<3
50011913,2024-10-01,2024-10-31,mensual,,,0,n<3
50011913,2024-11-01,2024-11-30,mensual,,,0,n<3
50011913,2024-12-01,2024-12-31,mensual,,,0,n<3
50011913,2025-01-01,2025-01-31,mensual,,,0,n<3
50011913,2025-02-01,2025-02-28,mensual,,,3,precio constante
50011913,2025-03-01,2025-03-31,mensual,,,0,n<3
50011913,2025-04-01,2025-04-30,mensual,,,0,n<3
50011913,2025-05-01,2025-05-31,mensual,,,0,n<3
50011913,2025-06-01,2025-06-30,mensual,,,1,n<3
50011913,2024-02-01,2024-04-30,trimestral,,,2,n<3
50011913,2024-03-01,2024-05-31,trimestral,,,2,n<3
50011913,2024-04-01,2024-06-30,trimestral,,,3,precio constante
50011913,2024-05-01,2024-07-31,trimestral,,,2,n<3
50011913,2024-06-01,2024-08-31,trimestral,,,2,n<3
50011913,2024-07-01,2024-09-30,trimestral,,,1,n<3
50011913,2024-08-01,2024-10-31,trimestral,,,1,n<3
50011913,2024-09-01,2024-11-30,trimestral,,,0,n<3
50011913,2024-10-01,2024-12-31,trimestral,,,0,n<3
50011913,2024-11-01,2025-01-31,trimestral,,,0,n<3
50011913,2024-12-01,2025-02-28,trimestral,,,3,precio constante
50011913,2025-01-01,2025-03-31,trimestral,,,3,precio constante
50011913,2025-02-01,2025-04-30,trimestral,,,3,precio constante
50011913,2025-03-01,2025-05-31,trimestral,,,0,n<3
50011913,2025-04-01,2025-06-30,trimestral,,,1,n<3
50011913,2024-02-01,2024-07-31,semestral,,,4,precio constante
50011913,2024-03-01,2024-08-31,semestral,,,4,precio constante
50011913,2024-04-01,2024-09-30,semestral,,,4,precio constante
50011913,2024-05-01,2024-10-31,semestral,,,3,precio constante
50011913,2024-06-01,2024-11-30,semestral,,,2,n<3
50011913,2024-07-01,2024-12-31,semestral,,,1,n<3
50011913,2024-08-01,2025-01-31,semestral,,,1,n<3
50011913,2024-09-01,2025-02-28,semestral,,,3,precio constante
50011913,2024-10-01,2025-03-31,semestral,,,3,precio constante
50011913,2024-11-01,2025-04-30,semestral,,,3,precio constante
50011913,2024-12-01,2025-05-31,semestral,,,3,precio constante
50011913,2025-01-01,2025-06-30,semestral,,,4,precio constante
50019485,2024-07-01,2024-07-31,mensual,,,1,n<3
50019485,2024-08-01,2024-08-31,mensual,,,1,n<3
50019489,2024-04-01,2024-04-30,mensual,,,1,n<3
50019489,2024-05-01,2024-05-31,mensual,,,0,n<3
50019489,2024-06-01,2024-06-30,mensual,,,0,n<3
50019489,2024-07-01,2024-07-31,mensual,,,0,n<3
50019489,2024-08-01,2024-08-31,mensual,,,0,n<3
50019489,2024-09-01,2024-09-30,mensual,,,0,n<3
50019489,2024-10-01,2024-10-31,mensual,,,0,n<3
50019489,2024-11-01,2024-11-30,mensual,,,0,n<3
50019489,2024-12-01,2024-12-31,mensual,,,0,n<3
50019489,2025-01-01,2025-01-31,mensual,,,0,n<3
50019489,2025-02-01,2025-02-28,mensual,,,0,n<3
50019489,2025-03-01,2025-03-31,mensual,,,0,n<3
50019489,2025-04-01,2025-04-30,mensual,,,0,n<3
50019489,2025-05-01,2025-05-31,mensual,,,0,n<3
50019489,2025-06-01,2025-06-30,mensual,,,0,n<3
50019489,2025-07-01,2025-07-31,mensual,,,0,n<3
50019489,2025-08-01,2025-08-31,mensual,,,1,n<3
50019489,2024-04-01,2024-06-30,trimestral,,,1,n<3
50019489,2024-05-01,2024-07-31,trimestral,,,0,n<3
50019489,2024-06-01,2024-08-31,trimestral,,,0,n<3
50019489,2024-07-01,2024-09-30,trimestral,,,0,n<3
50019489,2024-08-01,2024-10-31,trimestral,,,0,n<3
50019489,2024-09-01,2024-11-30,trimestral,,,0,n<3
50019489,2024-10-01,2024-12-31,trimestral,,,0,n<3
50019489,2024-11-01,2025-01-31,trimestral,,,0,n<3
50019489,2024-12-01,2025-02-28,trimestral,,,0,n<3
50019489,2025-01-01,2025-03-31,trimestral,,,0,n<3
50019489,2025-02-01,2025-04-30,trimestral,,,0,n<3
50019489,2025-03-01,2025-05-31,trimestral,,,0,n<3
50019489,2025-04-01,2025-06-30,trimestral,,,0,n<3
50019489,2025-05-01,2025-07-31,trimestral,,,0,n<3
50019489,2025-06-01,2025-08-31,trimestral,,,1,n<3
50019489,2024-04-01,2024-09-30,semestral,,,1,n<3
50019489,2024-05-01,2024-10-31,semestral,,,0,n<3
50019489,2024-06-01,2024-11-30,semestral,,,0,n<3
50019489,2024-07-01,2024-12-31,semestral,,,0,n<3
50019489,2024-08-01,2025-01-31,semestral,,,0,n<3
50019489,2024-09-01,2025-02-28,semestral,,,0,n<3
50019489,2024-10-01,2025-03-31,semestral,,,0,n<3
50019489,2024-11-01,2025-04-30,semestral,,,0,n<3
50019489,2024-12-01,2025-05-31,semestral,,,0,n<3
50019489,2025-01-01,2025-06-30,semestral,,,0,n<3
50019489,2025-02-01,2025-07-31,semestral,,,0,n<3
50019489,2025-03-01,2025-08-31,semestral,,,1,n<3
50019490,2024-01-01,2024-01-31,mensual,,,1,n<3
50019490,2024-02-01,2024-02-29,mensual,,,0,n<3
50019490,2024-03-01,2024-03-31,mensual,,,0,n<3
50019490,2024-04-01,2024-04-30,mensual,,,0,n<3
50019490,2024-05-01,2024-05-31,mensual,,,0,n<3
50019490,2024-06-01,2024-06-30,mensual,,,0,n<3
50019490,2024-07-01,2024-07-31,mensual,,,0,n<3
50019490,2024-08-01,2024-08-31,mensual,,,1,n<3
50019490,2024-01-01,2024-03-31,trimestral,,,1,n<3
50019490,2024-02-01,2024-04-30,trimestral,,,0,n<3
50019490,2024-03-01,2024-05-31,trimestral,,,0,n<3
50019490,2024-04-01,2024-06-30,trimestral,,,0,n<3
50019490,2024-05-01,2024-07-31,trimestral,,,0,n<3
50019490,2024-06-01,2024-08-31,trimestral,,,1,n<3
50019490,2024-01-01,2024-06-30,semestral,,,1,n<3
50019490,2024-02-01,2024-07-31,semestral,,,0,n<3
50019490,2024-03-01,2024-08-31,semestral,,,1,n<3
50020484,2024-01-01,2024-01-31,mensual,,,1,n<3
50020484,2024-02-01,2024-02-29,mensual,,,1,n<3
50020484,2024-03-01,2024-03-31,mensual,,,0,n<3
50020484,2024-04-01,2024-04-30,mensual,,,0,n<3
50020484,2024-05-01,2024-05-31,mensual,,,0,n<3
50020484,2024-06-01,2024-06-30,mensual,,,0,n<3
50020484,2024-07-01,2024-07-31,mensual,,,0,n<3
50020484,2024-08-01,2024-08-31,mensual,,,0,n<3
50020484,2024-09-01,2024-09-30,mensual,,,0,n<3
50020484,2024-10-01,2024-10-31,mensual,,,0,n<3
50020484,2024-11-01,2024-11-30,mensual,,,0,n<3
50020484,2024-12-01,2024-12-31,mensual,,,0,n<3
50020484,2025-01-01,2025-01-31,mensual,,,0,n<3
50020484,2025-02-01,2025-02-28,mensual,,,0,n<3
50020484,2025-03-01,2025-03-31,mensual,,,0,n<3
50020484,2025-04-01,2025-04-30,mensual,,,1,n<3
50020484,2024-01-01,2024-03-31,trimestral,,,2,n<3
50020484,2024-02-01,2024-04-30,trimestral,,,1,n<3
50020484,2024-03-01,2024-05-31,trimestral,,,0,n<3
50020484,2024-04-01,2024-06-30,trimestral,,,0,n<3
50020484,2024-05-01,2024-07-31,trimestral,,,0,n<3
50020484,2024-06-01,2024-08-31,trimestral,,,0,n<3
50020484,2024-07-01,2024-09-30,trimestral,,,0,n<3
50020484,2024-08-01,2024-10-31,trimestral,,,0,n<3
50020484,2024-09-01,2024-11-30,trimestral,,,0,n<3
50020484,2024-10-01,2024-12-31,trimestral,,,0,n<3
50020484,2024-11-01,2025-01-31,trimestral,,,0,n<3
50020484,2024-12-01,2025-02-28,trimestral,,,0,n<3
50020484,2025-01-01,2025-03-31,trimestral,,,0,n<3
50020484,2025-02-01,2025-04-30,trimestral,,,1,n<3
50020484,2024-01-01,2024-06-30,semestral,,,2,n<3
50020484,2024-02-01,2024-07-31,semestral,,,1,n<3
50020484,2024-03-01,2024-08-31,semestral,,,0,n<3
50020484,2024-04-01,2024-09-30,semestral,,,0,n<3
50020484,2024-05-01,2024-10-31,semestral,,,0,n<3
50020484,2024-06-01,2024-11-30,semestral,,,0,n<3
50020484,2024-07-01,2024-12-31,semestral,,,0,n<3
50020484,2024-08-01,2025-01-31,semestral,,,0,n<3
50020484,2024-09-01,2025-02-28,semestral,,,0,n<3
50020484,2024-10-01,2025-03-31,semestral,,,0,n<3
50020484,2024-11-01,2025-04-30,semestral,,,1,n<3
50020487,2024-05-01,2024-05-31,mensual,,,1,n<3
50020487,2024-06-01,2024-06-30,mensual,,,1,n<3
50020491,2024-03-01,2024-03-31,mensual,,,1,n<3
50020491,2024-04-01,2024-04-30,mensual,,,1,n<3
50020491,2024-05-01,2024-05-31,mensual,,,0,n<3
50020491,2024-06-01,2024-06-30,mensual,,,0,n<3
50020491,2024-07-01,2024-07-31,mensual,,,2,n<3
50020491,2024-08-01,2024-08-31,mensual,,,1,n<3
50020491,2024-09-01,2024-09-30,mensual,,,0,n<3
50020491,2024-10-01,2024-10-31,mensual,,,1,n<3
50020491,2024-11-01,2024-11-30,mensual,,,0,n<3
50020491,2024-12-01,2024-12-31,mensual,,,0,n<3
50020491,2025-01-01,2025-01-31,mensual,,,1,n<3
50020491,2025-02-01,2025-02-28,mensual,,,1,n<3
50020491,2025-03-01,2025-03-31,mensual,,,1,n<3
50020491,2025-04-01,2025-04-30,mensual,,,0,n<3
50020491,2025-05-01,2025-05-31,mensual,,,2,n<3
50020491,2025-06-01,2025-06-30,mensual,,,1,n<3
50020491,2025-07-01,2025-07-31,mensual,,,0,n<3
50020491,2025-08-01,2025-08-31,mensual,,,0,n<3
50020491,2025-09-01,2025-09-30,mensual,,,0,n<3
50020491,2025-10-01,2025-10-31,mensual,,,0,n<3
50020491,2025-11-01,2025-11-30,mensual,,,0,n<3
50020491,2025-12-01,2025-12-31,mensual,,,1,n<3
50020491,2026-01-01,2026-01-31,mensual,,,0,n<3
50020491,2026-02-01,2026-02-28,mensual,,,0,n<3
50020491,2026-03-01,2026-03-31,mensual,,,1,n<3
50020491,2024-03-01,2024-05-31,trimestral,,,2,n<3
50020491,2024-04-01,2024-06-30,trimestral,,,1,n<3
50020491,2024-05-01,2024-07-31,trimestral,,,2,n<3
50020491,2024-06-01,2024-08-31,trimestral,,,3,precio constante
50020491,2024-07-01,2024-09-30,trimestral,,,3,precio constante
50020491,2024-08-01,2024-10-31,trimestral,,,2,n<3
50020491,2024-09-01,2024-11-30,trimestral,,,1,n<3
50020491,2024-10-01,2024-12-31,trimestral,,,1,n<3
50020491,2024-11-01,2025-01-31,trimestral,,,1,n<3
50020491,2024-12-01,2025-02-28,trimestral,,,2,n<3
50020491,2025-01-01,2025-03-31,trimestral,,,3,precio constante
50020491,2025-02-01,2025-04-30,trimestral,,,2,n<3
50020491,2025-03-01,2025-05-31,trimestral,,,3,precio constante
50020491,2025-04-01,2025-06-30,trimestral,,,3,precio constante
50020491,2025-05-01,2025-07-31,trimestral,,,3,precio constante
50020491,2025-06-01,2025-08-31,trimestral,,,1,n<3
50020491,2025-07-01,2025-09-30,trimestral,,,0,n<3
50020491,2025-08-01,2025-10-31,trimestral,,,0,n<3
50020491,2025-09-01,2025-11-30,trimestral,,,0,n<3
50020491,2025-10-01,2025-12-31,trimestral,,,1,n<3
50020491,2025-11-01,2026-01-31,trimestral,,,1,n<3
50020491,2025-12-01,2026-02-28,trimestral,,,1,n<3
50020491,2026-01-01,2026-03-31,trimestral,,,1,n<3
50020491,2024-03-01,2024-08-31,semestral,,,5,precio constante
50020491,2024-04-01,2024-09-30,semestral,,,4,precio constante
50020491,2024-05-01,2024-10-31,semestral,,,4,precio constante
50020491,2024-06-01,2024-11-30,semestral,,,4,precio constante
50020491,2024-07-01,2024-12-31,semestral,,,4,precio constante
50020491,2024-08-01,2025-01-31,semestral,,,3,qty constante
50020491,2024-09-01,2025-02-28,semestral,5.3074845252787535,0.25023169793851363,3,valida
50020491,2024-10-01,2025-03-31,semestral,7.075917377941078,0.3336079100224498,4,valida
50020491,2024-11-01,2025-04-30,semestral,,,3,precio constante
50020491,2024-12-01,2025-05-31,semestral,,,5,precio constante
50020491,2025-01-01,2025-06-30,semestral,,,6,precio constante
50020491,2025-02-01,2025-07-31,semestral,,,5,precio constante
50020491,2025-03-01,2025-08-31,semestral,,,4,precio constante
50020491,2025-04-01,2025-09-30,semestral,,,3,precio constante
50020491,2025-05-01,2025-10-31,semestral,,,3,precio constante
50020491,2025-06-01,2025-11-30,semestral,,,1,n<3
50020491,2025-07-01,2025-12-31,semestral,,,1,n<3
50020491,2025-08-01,2026-01-31,semestral,,,1,n<3
50020491,2025-09-01,2026-02-28,semestral,,,1,n<3
50020491,2025-10-01,2026-03-31,semestral,,,2,n<3
50020492,2024-01-01,2024-01-31,mensual,,,2,n<3
50020492,2024-02-01,2024-02-29,mensual,,,0,n<3
50020492,2024-03-01,2024-03-31,mensual,,,1,n<3
50020492,2024-04-01,2024-04-30,mensual,,,2,n<3
50020492,2024-05-01,2024-05-31,mensual,,,3,precio constante
50020492,2024-06-01,2024-06-30,mensual,,,1,n<3
50020492,2024-07-01,2024-07-31,mensual,,,2,n<3
50020492,2024-08-01,2024-08-31,mensual,,,2,n<3
50020492,2024-09-01,2024-09-30,mensual,,,2,n<3
50020492,2024-10-01,2024-10-31,mensual,,,0,n<3
50020492,2024-11-01,2024-11-30,mensual,,,2,n<3
50020492,2024-12-01,2024-12-31,mensual,,,1,n<3
50020492,2025-01-01,2025-01-31,mensual,,,4,qty constante
50020492,2025-02-01,2025-02-28,mensual,,,0,n<3
50020492,2025-03-01,2025-03-31,mensual,,,3,precio constante
50020492,2025-04-01,2025-04-30,mensual,,,1,n<3
50020492,2025-05-01,2025-05-31,mensual,,,2,n<3
50020492,2025-06-01,2025-06-30,mensual,,,4,precio constante
50020492,2025-07-01,2025-07-31,mensual,,,1,n<3
50020492,2025-08-01,2025-08-31,mensual,,,2,n<3
50020492,2025-09-01,2025-09-30,mensual,,,3,precio constante
50020492,2025-10-01,2025-10-31,mensual,,,0,n<3
50020492,2025-11-01,2025-11-30,mensual,,,0,n<3
50020492,2025-12-01,2025-12-31,mensual,,,0,n<3
50020492,2026-01-01,2026-01-31,mensual,,,3,precio constante
50020492,2026-02-01,2026-02-28,mensual,,,1,n<3
50020492,2026-03-01,2026-03-31,mensual,,,4,precio constante
50020492,2026-04-01,2026-04-30,mensual,,,4,precio constante
50020492,2024-01-01,2024-03-31,trimestral,-9.708143080055722,0.2505585232354336,3,valida
50020492,2024-02-01,2024-04-30,trimestral,-16.100672314335668,0.6778140330598934,3,valida
50020492,2024-03-01,2024-05-31,trimestral,-6.457823654912714,0.0811672921340546,6,valida
50020492,2024-04-01,2024-06-30,trimestral,,,6,precio constante
50020492,2024-05-01,2024-07-31,trimestral,,,6,precio constante
50020492,2024-06-01,2024-08-31,trimestral,-1.4575962356654844,0.3751398457744215,5,valida
50020492,2024-07-01,2024-09-30,trimestral,-1.554746126077726,0.40014319993691205,6,valida
50020492,2024-08-01,2024-10-31,trimestral,-1.2956733107137621,0.33346593114195366,4,valida
50020492,2024-09-01,2024-11-30,trimestral,,,4,precio constante
50020492,2024-10-01,2024-12-31,trimestral,2.674662445714052,0.022176848748215128,3,valida
50020492,2024-11-01,2025-01-31,trimestral,-4.182468613999783,0.3434598689216888,7,valida
50020492,2024-12-01,2025-02-28,trimestral,-5.008045843181122,0.4901192634705448,5,valida
50020492,2025-01-01,2025-03-31,trimestral,-1.6105031291443606,0.027560598934114333,7,valida
50020492,2025-02-01,2025-04-30,trimestral,,,4,precio constante
50020492,2025-03-01,2025-05-31,trimestral,,,6,precio constante
50020492,2025-04-01,2025-06-30,trimestral,,,7,precio constante
50020492,2025-05-01,2025-07-31,trimestral,,,7,precio constante
50020492,2025-06-01,2025-08-31,trimestral,,,7,precio constante
50020492,2025-07-01,2025-09-30,trimestral,,,6,precio constante
50020492,2025-08-01,2025-10-31,trimestral,,,5,precio constante
50020492,2025-09-01,2025-11-30,trimestral,,,3,precio constante
50020492,2025-10-01,2025-12-31,trimestral,,,0,n<3
50020492,2025-11-01,2026-01-31,trimestral,,,3,precio constante
50020492,2025-12-01,2026-02-28,trimestral,,,4,precio constante
50020492,2026-01-01,2026-03-31,trimestral,,,8,precio constante
50020492,2026-02-01,2026-04-30,trimestral,,,9,precio constante
50020492,2024-01-01,2024-06-30,semestral,-6.476095321635479,0.05471092792744625,9,valida
50020492,2024-02-01,2024-07-31,semestral,-4.044689520397384,0.02992598971222571,9,valida
50020492,2024-03-01,2024-08-31,semestral,-1.2139315021774386,0.0658932573343497,11,valida
50020492,2024-04-01,2024-09-30,semestral,-1.180523281306817,0.056101300564828205,12,valida
50020492,2024-05-01,2024-10-31,semestral,-1.7274498862503032,0.4445917655756826,10,valida
50020492,2024-06-01,2024-11-30,semestral,-1.3157312957778184,0.13215003011036353,9,valida
50020492,2024-07-01,2024-12-31,semestral,-0.860098902074052,0.0581263949700046,9,valida
50020492,2024-08-01,2025-01-31,semestral,-1.3845081095557468,0.21037716945084317,11,valida
50020492,2024-09-01,2025-02-28,semestral,-2.106057404599741,0.11116926649269443,9,valida
50020492,2024-10-01,2025-03-31,semestral,-3.994359640729052,0.2634901330310033,10,valida
50020492,2024-11-01,2025-04-30,semestral,-4.107854740280386,0.27222678791591404,11,valida
50020492,2024-12-01,2025-05-31,semestral,-4.935394301123435,0.23426700109714138,11,valida
50020492,2025-01-01,2025-06-30,semestral,-2.2208695659527877,0.011169475280551455,14,valida
50020492,2025-02-01,2025-07-31,semestral,,,11,precio constante
50020492,2025-03-01,2025-08-31,semestral,,,13,precio constante
50020492,2025-04-01,2025-09-30,semestral,,,13,precio constante
50020492,2025-05-01,2025-10-31,semestral,,,12,precio constante
50020492,2025-06-01,2025-11-30,semestral,,,10,precio constante
50020492,2025-07-01,2025-12-31,semestral,,,6,precio constante
50020492,2025-08-01,2026-01-31,semestral,-0.7113162939813246,0.0021460825847677834,8,valida
50020492,2025-09-01,2026-02-28,semestral,-4.450467422773167,0.08013419098271923,7,valida
50020492,2025-10-01,2026-03-31,semestral,,,8,precio constante
50020492,2025-11-01,2026-04-30,semestral,,,12,precio constante
50020493,2024-01-01,2024-01-31,mensual,,,1,n<3
50020493,2024-02-01,2024-02-29,mensual,,,1,n<3
50020493,2024-03-01,2024-03-31,mensual,,,0,n<3
50020493,2024-04-01,2024-04-30,mensual,,,0,n<3
50020493,2024-05-01,2024-05-31,mensual,,,2,n<3
50020493,2024-06-01,2024-06-30,mensual,,,1,n<3
50020493,2024-07-01,2024-07-31,mensual,,,2,n<3
50020493,2024-08-01,2024-08-31,mensual,,,2,n<3
50020493,2024-09-01,2024-09-30,mensual,,,2,n<3
50020493,2024-10-01,2024-10-31,mensual,,,0,n<3
50020493,2024-11-01,2024-11-30,mensual,,,0,n<3
50020493,2024-12-01,2024-12-31,mensual,,,1,n<3
50020493,2025-01-01,2025-01-31,mensual,,,1,n<3
50020493,2025-02-01,2025-02-28,mensual,,,1,n<3
50020493,2025-03-01,2025-03-31,mensual,,,2,n<3
50020493,2025-04-01,2025-04-30,mensual,,,4,precio constante
50020493,2025-05-01,2025-05-31,mensual,,,2,n<3
50020493,2025-06-01,2025-06-30,mensual,,,8,precio constante
50020493,2025-07-01,2025-07-31,mensual,,,3,precio constante
50020493,2025-08-01,2025-08-31,mensual,,,0,n<3
50020493,2025-09-01,2025-09-30,mensual,,,0,n<3
50020493,2025-10-01,2025-10-31,mensual,,,2,n<3
50020493,2025-11-01,2025-11-30,mensual,,,2,n<3
50020493,2025-12-01,2025-12-31,mensual,,,3,precio constante
50020493,2026-01-01,2026-01-31,mensual,,,3,precio constante
50020493,2026-02-01,2026-02-28,mensual,,,3,qty constante
50020493,2026-03-01,2026-03-31,mensual,,,8,precio constante
50020493,2026-04-01,2026-04-30,mensual,,,4,precio constante
50020493,2024-01-01,2024-03-31,trimestral,,,2,n<3
50020493,2024-02-01,2024-04-30,trimestral,,,1,n<3
50020493,2024-03-01,2024-05-31,trimestral,,,2,n<3
50020493,2024-04-01,2024-06-30,trimestral,,,3,precio constante
50020493,2024-05-01,2024-07-31,trimestral,,,5,precio constante
50020493,2024-06-01,2024-08-31,trimestral,,,5,qty constante
50020493,2024-07-01,2024-09-30,trimestral,,,6,qty constante
50020493,2024-08-01,2024-10-31,trimestral,,,4,qty constante
50020493,2024-09-01,2024-11-30,trimestral,,,2,n<3
50020493,2024-10-01,2024-12-31,trimestral,,,1,n<3
50020493,2024-11-01,2025-01-31,trimestral,,,2,n<3
50020493,2024-12-01,2025-02-28,trimestral,,,3,qty constante
50020493,2025-01-01,2025-03-31,trimestral,,,4,precio constante
50020493,2025-02-01,2025-04-30,trimestral,,,7,precio constante
50020493,2025-03-01,2025-05-31,trimestral,,,8,precio constante
50020493,2025-04-01,2025-06-30,trimestral,,,14,precio constante
50020493,2025-05-01,2025-07-31,trimestral,,,13,precio constante
50020493,2025-06-01,2025-08-31,trimestral,,,11,precio constante
50020493,2025-07-01,2025-09-30,trimestral,,,3,precio constante
50020493,2025-08-01,2025-10-31,trimestral,,,2,n<3
50020493,2025-09-01,2025-11-30,trimestral,,,4,qty constante
50020493,2025-10-01,2025-12-31,trimestral,-1.6227484513738735,0.027999194799294913,7,valida
50020493,2025-11-01,2026-01-31,trimestral,-1.3919171698852821,0.020599459179524326,8,valida
50020493,2025-12-01,2026-02-28,trimestral,-1.334176913781534,0.04115108921807509,9,valida
50020493,2026-01-01,2026-03-31,trimestral,0.16171456384392652,0.0004881109403778172,14,valida
50020493,2026-02-01,2026-04-30,trimestral,-1.3981610879361324,0.011176347085575133,15,valida
50020493,2024-01-01,2024-06-30,semestral,,,5,precio constante
50020493,2024-02-01,2024-07-31,semestral,,,6,precio constante
50020493,2024-03-01,2024-08-31,semestral,,,7,qty constante
50020493,2024-04-01,2024-09-30,semestral,,,9,qty constante
50020493,2024-05-01,2024-10-31,semestral,,,9,qty constante
50020493,2024-06-01,2024-11-30,semestral,,,7,qty constante
50020493,2024-07-01,2024-12-31,semestral,,,7,qty constante
50020493,2024-08-01,2025-01-31,semestral,,,6,qty constante
50020493,2024-09-01,2025-02-28,semestral,,,5,qty constante
50020493,2024-10-01,2025-03-31,semestral,,,5,qty constante
50020493,2024-11-01,2025-04-30,semestral,,,9,qty constante
50020493,2024-12-01,2025-05-31,semestral,,,11,qty constante
50020493,2025-01-01,2025-06-30,semestral,,,18,precio constante
50020493,2025-02-01,2025-07-31,semestral,,,20,precio constante
50020493,2025-03-01,2025-08-31,semestral,,,19,precio constante
50020493,2025-04-01,2025-09-30,semestral,,,17,precio constante
50020493,2025-05-01,2025-10-31,semestral,-1.2200846733624506,0.011081446601326483,15,valida
50020493,2025-06-01,2025-11-30,semestral,-1.06987581054317,0.02333283508970385,15,valida
50020493,2025-07-01,2025-12-31,semestral,0.5407331239479245,0.016589562508595335,10,valida
50020493,2025-08-01,2026-01-31,semestral,-1.0841188092794487,0.012495797858070201,10,valida
50020493,2025-09-01,2026-02-28,semestral,-0.9440705831603041,0.02754600278548236,13,valida
50020493,2025-10-01,2026-03-31,semestral,-0.7180082906323646,0.008741153269900659,21,valida
50020493,2025-11-01,2026-04-30,semestral,-0.8835701662746637,0.008464838227085991,23,valida
50020503,2024-01-01,2024-01-31,mensual,,,2,n<3
50020503,2024-02-01,2024-02-29,mensual,,,1,n<3
50020503,2024-03-01,2024-03-31,mensual,,,0,n<3
50020503,2024-04-01,2024-04-30,mensual,,,1,n<3
50020503,2024-05-01,2024-05-31,mensual,,,0,n<3
50020503,2024-06-01,2024-06-30,mensual,,,0,n<3
50020503,2024-07-01,2024-07-31,mensual,,,0,n<3
50020503,2024-08-01,2024-08-31,mensual,,,0,n<3
50020503,2024-09-01,2024-09-30,mensual,,,0,n<3
50020503,2024-10-01,2024-10-31,mensual,,,0,n<3
50020503,2024-11-01,2024-11-30,mensual,,,0,n<3
50020503,2024-12-01,2024-12-31,mensual,,,0,n<3
50020503,2025-01-01,2025-01-31,mensual,,,0,n<3
50020503,2025-02-01,2025-02-28,mensual,,,0,n<3
50020503,2025-03-01,2025-03-31,mensual,,,1,n<3
50020503,2025-04-01,2025-04-30,mensual,,,0,n<3
50020503,2025-05-01,2025-05-31,mensual,,,0,n<3
50020503,2025-06-01,2025-06-30,mensual,,,0,n<3
50020503,2025-07-01,2025-07-31,mensual,,,0,n<3
50020503,2025-08-01,2025-08-31,mensual,,,2,n<3
50020503,2025-09-01,2025-09-30,mensual,,,1,n<3
50020503,2025-10-01,2025-10-31,mensual,,,0,n<3
50020503,2025-11-01,2025-11-30,mensual,,,0,n<3
50020503,2025-12-01,2025-12-31,mensual,,,0,n<3
50020503,2026-01-01,2026-01-31,mensual,,,0,n<3
50020503,2026-02-01,2026-02-28,mensual,,,1,n<3
50020503,2026-03-01,2026-03-31,mensual,,,2,n<3
50020503,2024-01-01,2024-03-31,trimestral,,,3,precio constante
50020503,2024-02-01,2024-04-30,trimestral,,,2,n<3
50020503,2024-03-01,2024-05-31,trimestral,,,1,n<3
50020503,2024-04-01,2024-06-30,trimestral,,,1,n<3
50020503,2024-05-01,2024-07-31,trimestral,,,0,n<3
50020503,2024-06-01,2024-08-31,trimestral,,,0,n<3
50020503,2024-07-01,2024-09-30,trimestral,,,0,n<3
50020503,2024-08-01,2024-10-31,trimestral,,,0,n<3
50020503,2024-09-01,2024-11-30,trimestral,,,0,n<3
50020503,2024-10-01,2024-12-31,trimestral,,,0,n<3
50020503,2024-11-01,2025-01-31,trimestral,,,0,n<3
50020503,2024-12-01,2025-02-28,trimestral,,,0,n<3
50020503,2025-01-01,2025-03-31,trimestral,,,1,n<3
50020503,2025-02-01,2025-04-30,trimestral,,,1,n<3
50020503,2025-03-01,2025-05-31,trimestral,,,1,n<3
50020503,2025-04-01,2025-06-30,trimestral,,,0,n<3
50020503,2025-05-01,2025-07-31,trimestral,,,0,n<3
50020503,2025-06-01,2025-08-31,trimestral,,,2,n<3
50020503,2025-07-01,2025-09-30,trimestral,,,3,precio constante
50020503,2025-08-01,2025-10-31,trimestral,,,3,precio constante
50020503,2025-09-01,2025-11-30,trimestral,,,1,n<3
50020503,2025-10-01,2025-12-31,trimestral,,,0,n<3
50020503,2025-11-01,2026-01-31,trimestral,,,0,n<3
50020503,2025-12-01,2026-02-28,trimestral,,,1,n<3
50020503,2026-01-01,2026-03-31,trimestral,7.683111818214541,0.24964403180496975,3,valida
50020503,2024-01-01,2024-06-30,semestral,,,4,precio constante
50020503,2024-02-01,2024-07-31,semestral,,,2,n<3
50020503,2024-03-01,2024-08-31,semestral,,,1,n<3
50020503,2024-04-01,2024-09-30,semestral,,,1,n<3
50020503,2024-05-01,2024-10-31,semestral,,,0,n<3
50020503,2024-06-01,2024-11-30,semestral,,,0,n<3
50020503,2024-07-01,2024-12-31,semestral,,,0,n<3
50020503,2024-08-01,2025-01-31,semestral,,,0,n<3
50020503,2024-09-01,2025-02-28,semestral,,,0,n<3
50020503,2024-10-01,2025-03-31,semestral,,,1,n<3
50020503,2024-11-01,2025-04-30,semestral,,,1,n<3
50020503,2024-12-01,2025-05-31,semestral,,,1,n<3
50020503,2025-01-01,2025-06-30,semestral,,,1,n<3
50020503,2025-02-01,2025-07-31,semestral,,,1,n<3
50020503,2025-03-01,2025-08-31,semestral,-5.568316237411885,1.0,3,valida
50020503,2025-04-01,2025-09-30,semestral,,,3,precio constante
50020503,2025-05-01,2025-10-31,semestral,,,3,precio constante
50020503,2025-06-01,2025-11-30,semestral,,,3,precio constante
50020503,2025-07-01,2025-12-31,semestral,,,3,precio constante
50020503,2025-08-01,2026-01-31,semestral,,,3,precio constante
50020503,2025-09-01,2026-02-28,semestral,,,2,n<3
50020503,2025-10-01,2026-03-31,semestral,7.683111818214541,0.24964403180496975,3,valida
50024465,2024-01-01,2024-01-31,mensual,,,1,n<3
50024465,2024-02-01,2024-02-29,mensual,,,0,n<3
50024465,2024-03-01,2024-03-31,mensual,,,0,n<3
50024465,2024-04-01,2024-04-30,mensual,,,0,n<3
50024465,2024-05-01,2024-05-31,mensual,,,0,n<3
50024465,2024-06-01,2024-06-30,mensual,,,1,n<3
50024465,2024-07-01,2024-07-31,mensual,,,0,n<3
50024465,2024-08-01,2024-08-31,mensual,,,0,n<3
50024465,2024-09-01,2024-09-30,mensual,,,0,n<3
50024465,2024-10-01,2024-10-31,mensual,,,0,n<3
50024465,2024-11-01,2024-11-30,mensual,,,0,n<3
50024465,2024-12-01,2024-12-31,mensual,,,0,n<3
50024465,2025-01-01,2025-01-31,mensual,,,0,n<3
50024465,2025-02-01,2025-02-28,mensual,,,1,n<3
50024465,2025-03-01,2025-03-31,mensual,,,0,n<3
50024465,2025-04-01,2025-04-30,mensual,,,0,n<3
50024465,2025-05-01,2025-05-31,mensual,,,0,n<3
50024465,2025-06-01,2025-06-30,mensual,,,0,n<3
50024465,2025-07-01,2025-07-31,mensual,,,1,n<3
50024465,2025-08-01,2025-08-31,mensual,,,0,n<3
50024465,2025-09-01,2025-09-30,mensual,,,0,n<3
50024465,2025-10-01,2025-10-31,mensual,,,0,n<3
50024465,2025-11-01,2025-11-30,mensual,,,0,n<3
50024465,2025-12-01,2025-12-31,mensual,,,0,n<3
50024465,2026-01-01,2026-01-31,mensual,,,0,n<3
50024465,2026-02-01,2026-02-28,mensual,,,1,n<3
50024465,2024-01-01,2024-03-31,trimestral,,,1,n<3
50024465,2024-02-01,2024-04-30,trimestral,,,0,n<3
50024465,2024-03-01,2024-05-31,trimestral,,,0,n<3
50024465,2024-04-01,2024-06-30,trimestral,,,1,n<3
50024465,2024-05-01,2024-07-31,trimestral,,,1,n<3
50024465,2024-06-01,2024-08-31,trimestral,,,1,n<3
50024465,2024-07-01,2024-09-30,trimestral,,,0,n<3
50024465,2024-08-01,2024-10-31,trimestral,,,0,n<3
50024465,2024-09-01,2024-11-30,trimestral,,,0,n<3
50024465,2024-10-01,2024-12-31,trimestral,,,0,n<3
50024465,2024-11-01,2025-01-31,trimestral,,,0,n<3
50024465,2024-12-01,2025-02-28,trimestral,,,1,n<3
50024465,2025-01-01,2025-03-31,trimestral,,,1,n<3
50024465,2025-02-01,2025-04-30,trimestral,,,1,n<3
50024465,2025-03-01,2025-05-31,trimestral,,,0,n<3
50024465,2025-04-01,2025-06-30,trimestral,,,0,n<3
50024465,2025-05-01,2025-07-31,trimestral,,,1,n<3
50024465,2025-06-01,2025-08-31,trimestral,,,1,n<3
50024465,2025-07-01,2025-09-30,trimestral,,,1,n<3
50024465,2025-08-01,2025-10-31,trimestral,,,0,n<3
50024465,2025-09-01,2025-11-30,trimestral,,,0,n<3
50024465,2025-10-01,2025-12-31,trimestral,,,0,n<3
50024465,2025-11-01,2026-01-31,trimestral,,,0,n<3
50024465,2025-12-01,2026-02-28,trimestral,,,1,n<3
50024465,2024-01-01,2024-06-30,semestral,,,2,n<3
50024465,2024-02-01,2024-07-31,semestral,,,1,n<3
50024465,2024-03-01,2024-08-31,semestral,,,1,n<3
50024465,2024-04-01,2024-09-30,semestral,,,1,n<3
50024465,2024-05-01,2024-10-31,semestral,,,1,n<3
50024465,2024-06-01,2024-11-30,semestral,,,1,n<3
50024465,2024-07-01,2024-12-31,semestral,,,0,n<3
50024465,2024-08-01,2025-01-31,semestral,,,0,n<3
50024465,2024-09-01,2025-02-28,semestral,,,1,n<3
50024465,2024-10-01,2025-03-31,semestral,,,1,n<3
50024465,2024-11-01,2025-04-30,semestral,,,1,n<3
50024465,2024-12-01,2025-05-31,semestral,,,1,n<3
50024465,2025-01-01,2025-06-30,semestral,,,1,n<3
50024465,2025-02-01,2025-07-31,semestral,,,2,n<3
50024465,2025-03-01,2025-08-31,semestral,,,1,n<3
50024465,2025-04-01,2025-09-30,semestral,,,1,n<3
50024465,2025-05-01,2025-10-31,semestral,,,1,n<3
50024465,2025-06-01,2025-11-30,semestral,,,1,n<3
50024465,2025-07-01,2025-12-31,semestral,,,1,n<3
50024465,2025-08-01,2026-01-31,semestral,,,0,n<3
50024465,2025-09-01,2026-02-28,semestral,,,1,n<3
50026417,2024-02-01,2024-02-29,mensual,,,1,n<3
50026417,2024-03-01,2024-03-31,mensual,,,0,n<3
50026417,2024-04-01,2024-04-30,mensual,,,0,n<3
50026417,2024-05-01,2024-05-31,mensual,,,0,n<3
50026417,2024-06-01,2024-06-30,mensual,,,0,n<3
50026417,2024-07-01,2024-07-31,mensual,,,0,n<3
50026417,2024-08-01,2024-08-31,mensual,,,0,n<3
50026417,2024-09-01,2024-09-30,mensual,,,0,n<3
50026417,2024-10-01,2024-10-31,mensual,,,1,n<3
50026417,2024-11-01,2024-11-30,mensual,,,0,n<3
50026417,2024-12-01,2024-12-31,mensual,,,0,n<3
50026417,2025-01-01,2025-01-31,mensual,,,0,n<3
50026417,2025-02-01,2025-02-28,mensual,,,0,n<3
50026417,2025-03-01,2025-03-31,mensual,,,1,n<3
50026417,2025-04-01,2025-04-30,mensual,,,0,n<3
50026417,2025-05-01,2025-05-31,mensual,,,0,n<3
50026417,2025-06-01,2025-06-30,mensual,,,0,n<3
50026417,2025-07-01,2025-07-31,mensual,,,0,n<3
50026417,2025-08-01,2025-08-31,mensual,,,0,n<3
50026417,2025-09-01,2025-09-30,mensual,,,0,n<3
50026417,2025-10-01,2025-10-31,mensual,-4.850051729548579,0.2500000000000001,3,valida
50026417,2025-11-01,2025-11-30,mensual,,,0,n<3
50026417,2025-12-01,2025-12-31,mensual,,,0,n<3
50026417,2026-01-01,2026-01-31,mensual,,,0,n<3
50026417,2026-02-01,2026-02-28,mensual,,,1,n<3
50026417,2024-02-01,2024-04-30,trimestral,,,1,n<3
50026417,2024-03-01,2024-05-31,trimestral,,,0,n<3
50026417,2024-04-01,2024-06-30,trimestral,,,0,n<3
50026417,2024-05-01,2024-07-31,trimestral,,,0,n<3
50026417,2024-06-01,2024-08-31,trimestral,,,0,n<3
50026417,2024-07-01,2024-09-30,trimestral,,,0,n<3
50026417,2024-08-01,2024-10-31,trimestral,,,1,n<3
50026417,2024-09-01,2024-11-30,trimestral,,,1,n<3
50026417,2024-10-01,2024-12-31,trimestral,,,1,n<3
50026417,2024-11-01,2025-01-31,trimestral,,,0,n<3
50026417,2024-12-01,2025-02-28,trimestral,,,0,n<3
50026417,2025-01-01,2025-03-31,trimestral,,,1,n<3
50026417,2025-02-01,2025-04-30,trimestral,,,1,n<3
50026417,2025-03-01,2025-05-31,trimestral,,,1,n<3
50026417,2025-04-01,2025-06-30,trimestral,,,0,n<3
50026417,2025-05-01,2025-07-31,trimestral,,,0,n<3
50026417,2025-06-01,2025-08-31,trimestral,,,0,n<3
50026417,2025-07-01,2025-09-30,trimestral,,,0,n<3
50026417,2025-08-01,2025-10-31,trimestral,-4.850051729548579,0.2500000000000001,3,valida
50026417,2025-09-01,2025-11-30,trimestral,-4.850051729548579,0.2500000000000001,3,valida
50026417,2025-10-01,2025-12-31,trimestral,-4.850051729548579,0.2500000000000001,3,valida
50026417,2025-11-01,2026-01-31,trimestral,,,0,n<3
50026417,2025-12-01,2026-02-28,trimestral,,,1,n<3
50026417,2024-02-01,2024-07-31,semestral,,,1,n<3
50026417,2024-03-01,2024-08-31,semestral,,,0,n<3
50026417,2024-04-01,2024-09-30,semestral,,,0,n<3
50026417,2024-05-01,2024-10-31,semestral,,,1,n<3
50026417,2024-06-01,2024-11-30,semestral,,,1,n<3
50026417,2024-07-01,2024-12-31,semestral,,,1,n<3
50026417,2024-08-01,2025-01-31,semestral,,,1,n<3
50026417,2024-09-01,2025-02-28,semestral,,,1,n<3
50026417,2024-10-01,2025-03-31,semestral,,,2,n<3
50026417,2024-11-01,2025-04-30,semestral,,,1,n<3
50026417,2024-12-01,2025-05-31,semestral,,,1,n<3
50026417,2025-01-01,2025-06-30,semestral,,,1,n<3
50026417,2025-02-01,2025-07-31,semestral,,,1,n<3
50026417,2025-03-01,2025-08-31,semestral,,,1,n<3
50026417,2025-04-01,2025-09-30,semestral,,,0,n<3
50026417,2025-05-01,2025-10-31,semestral,-4.850051729548579,0.2500000000000001,3,valida
50026417,2025-06-01,2025-11-30,semestral,-4.850051729548579,0.2500000000000001,3,valida
50026417,2025-07-01,2025-12-31,semestral,-4.850051729548579,0.2500000000000001,3,valida
50026417,2025-08-01,2026-01-31,semestral,-4.850051729548579,0.2500000000000001,3,valida
50026417,2025-09-01,2026-02-28,semestral,-3.2333678196989584,0.11111111111111105,4,valida
50026534,2024-04-01,2024-04-30,mensual,,,1,n<3
50026534,2024-05-01,2024-05-31,mensual,,,0,n<3
50026534,2024-06-01,2024-06-30,mensual,,,0,n<3
50026534,2024-07-01,2024-07-31,mensual,,,0,n<3
50026534,2024-08-01,2024-08-31,mensual,,,0,n<3
50026534,2024-09-01,2024-09-30,mensual,,,0,n<3
50026534,2024-10-01,2024-10-31,mensual,,,0,n<3
50026534,2024-11-01,2024-11-30,mensual,,,0,n<3
50026534,2024-12-01,2024-12-31,mensual,,,0,n<3
50026534,2025-01-01,2025-01-31,mensual,,,0,n<3
50026534,2025-02-01,2025-02-28,mensual,,,0,n<3
50026534,2025-03-01,2025-03-31,mensual,,,0,n<3
50026534,2025-04-01,2025-04-30,mensual,,,0,n<3
50026534,2025-05-01,2025-05-31,mensual,,,0,n<3
50026534,2025-06-01,2025-06-30,mensual,,,0,n<3
50026534,2025-07-01,2025-07-31,mensual,,,0,n<3
50026534,2025-08-01,2025-08-31,mensual,,,1,n<3
50026534,2024-04-01,2024-06-30,trimestral,,,1,n<3
50026534,2024-05-01,2024-07-31,trimestral,,,0,n<3
50026534,2024-06-01,2024-08-31,trimestral,,,0,n<3
50026534,2024-07-01,2024-09-30,trimestral,,,0,n<3
50026534,2024-08-01,2024-10-31,trimestral,,,0,n<3
50026534,2024-09-01,2024-11-30,trimestral,,,0,n<3
50026534,2024-10-01,2024-12-31,trimestral,,,0,n<3
50026534,2024-11-01,2025-01-31,trimestral,,,0,n<3
50026534,2024-12-01,2025-02-28,trimestral,,,0,n<3
50026534,2025-01-01,2025-03-31,trimestral,,,0,n<3
50026534,2025-02-01,2025-04-30,trimestral,,,0,n<3
50026534,2025-03-01,2025-05-31,trimestral,,,0,n<3
50026534,2025-04-01,2025-06-30,trimestral,,,0,n<3
50026534,2025-05-01,2025-07-31,trimestral,,,0,n<3
50026534,2025-06-01,2025-08-31,trimestral,,,1,n<3
50026534,2024-04-01,2024-09-30,semestral,,,1,n<3
50026534,2024-05-01,2024-10-31,semestral,,,0,n<3
50026534,2024-06-01,2024-11-30,semestral,,,0,n<3
50026534,2024-07-01,2024-12-31,semestral,,,0,n<3
50026534,2024-08-01,2025-01-31,semestral,,,0,n<3
50026534,2024-09-01,2025-02-28,semestral,,,0,n<3
50026534,2024-10-01,2025-03-31,semestral,,,0,n<3
50026534,2024-11-01,2025-04-30,semestral,,,0,n<3
50026534,2024-12-01,2025-05-31,semestral,,,0,n<3
50026534,2025-01-01,2025-06-30,semestral,,,0,n<3
50026534,2025-02-01,2025-07-31,semestral,,,0,n<3
50026534,2025-03-01,2025-08-31,semestral,,,1,n<3
50026535,2025-03-01,2025-03-31,mensual,,,1,n<3
50026536,2026-01-01,2026-01-31,mensual,,,1,n<3
50027481,2024-01-01,2024-01-31,mensual,,,1,n<3
50027481,2024-02-01,2024-02-29,mensual,,,1,n<3
50027481,2024-03-01,2024-03-31,mensual,,,0,n<3
50027481,2024-04-01,2024-04-30,mensual,,,1,n<3
50027481,2024-05-01,2024-05-31,mensual,,,0,n<3
50027481,2024-06-01,2024-06-30,mensual,,,0,n<3
50027481,2024-07-01,2024-07-31,mensual,,,0,n<3
50027481,2024-08-01,2024-08-31,mensual,,,0,n<3
50027481,2024-09-01,2024-09-30,mensual,,,0,n<3
50027481,2024-10-01,2024-10-31,mensual,,,1,n<3
50027481,2024-11-01,2024-11-30,mensual,,,0,n<3
50027481,2024-12-01,2024-12-31,mensual,,,1,n<3
50027481,2025-01-01,2025-01-31,mensual,,,0,n<3
50027481,2025-02-01,2025-02-28,mensual,,,1,n<3
50027481,2025-03-01,2025-03-31,mensual,,,0,n<3
50027481,2025-04-01,2025-04-30,mensual,,,0,n<3
50027481,2025-05-01,2025-05-31,mensual,,,0,n<3
50027481,2025-06-01,2025-06-30,mensual,,,1,n<3
50027481,2025-07-01,2025-07-31,mensual,,,0,n<3
50027481,2025-08-01,2025-08-31,mensual,,,0,n<3
50027481,2025-09-01,2025-09-30,mensual,,,1,n<3
50027481,2025-10-01,2025-10-31,mensual,,,2,n<3
50027481,2025-11-01,2025-11-30,mensual,,,1,n<3
50027481,2025-12-01,2025-12-31,mensual,,,0,n<3
50027481,2026-01-01,2026-01-31,mensual,,,2,n<3
50027481,2026-02-01,2026-02-28,mensual,,,1,n<3
50027481,2026-03-01,2026-03-31,mensual,,,1,n<3
50027481,2024-01-01,2024-03-31,trimestral,,,2,n<3
50027481,2024-02-01,2024-04-30,trimestral,,,2,n<3
50027481,2024-03-01,2024-05-31,trimestral,,,1,n<3
50027481,2024-04-01,2024-06-30,trimestral,,,1,n<3
50027481,2024-05-01,2024-07-31,trimestral,,,0,n<3
50027481,2024-06-01,2024-08-31,trimestral,,,0,n<3
50027481,2024-07-01,2024-09-30,trimestral,,,0,n<3
50027481,2024-08-01,2024-10-31,trimestral,,,1,n<3
50027481,2024-09-01,2024-11-30,trimestral,,,1,n<3
50027481,2024-10-01,2024-12-31,trimestral,,,2,n<3
50027481,2024-11-01,2025-01-31,trimestral,,,1,n<3
50027481,2024-12-01,2025-02-28,trimestral,,,2,n<3
50027481,2025-01-01,2025-03-31,trimestral,,,1,n<3
50027481,2025-02-01,2025-04-30,trimestral,,,1,n<3
50027481,2025-03-01,2025-05-31,trimestral,,,0,n<3
50027481,2025-04-01,2025-06-30,trimestral,,,1,n<3
50027481,2025-05-01,2025-07-31,trimestral,,,1,n<3
50027481,2025-06-01,2025-08-31,trimestral,,,1,n<3
50027481,2025-07-01,2025-09-30,trimestral,,,1,n<3
50027481,2025-08-01,2025-10-31,trimestral,-4.851621384467708,0.2500000000000001,3,valida
50027481,2025-09-01,2025-11-30,trimestral,-11.597992037216116,0.23979207166638905,4,valida
50027481,2025-10-01,2025-12-31,trimestral,,,3,precio constante
50027481,2025-11-01,2026-01-31,trimestral,,,3,precio constante
50027481,2025-12-01,2026-02-28,trimestral,,,3,precio constante
50027481,2026-01-01,2026-03-31,trimestral,,,4,precio constante
50027481,2024-01-01,2024-06-30,semestral,,,3,qty constante
50027481,2024-02-01,2024-07-31,semestral,,,2,n<3
50027481,2024-03-01,2024-08-31,semestral,,,1,n<3
50027481,2024-04-01,2024-09-30,semestral,,,1,n<3
50027481,2024-05-01,2024-10-31,semestral,,,1,n<3
50027481,2024-06-01,2024-11-30,semestral,,,1,n<3
50027481,2024-07-01,2024-12-31,semestral,,,2,n<3
50027481,2024-08-01,2025-01-31,semestral,,,2,n<3
50027481,2024-09-01,2025-02-28,semestral,,,3,precio constante
50027481,2024-10-01,2025-03-31,semestral,,,3,precio constante
50027481,2024-11-01,2025-04-30,semestral,,,2,n<3
50027481,2024-12-01,2025-05-31,semestral,,,2,n<3
50027481,2025-01-01,2025-06-30,semestral,,,2,n<3
50027481,2025-02-01,2025-07-31,semestral,,,2,n<3
50027481,2025-03-01,2025-08-31,semestral,,,1,n<3
50027481,2025-04-01,2025-09-30,semestral,,,2,n<3
50027481,2025-05-01,2025-10-31,semestral,-3.2344142563114433,0.11111111111111105,4,valida
50027481,2025-06-01,2025-11-30,semestral,-8.69999170593097,0.12582755583645322,5,valida
50027481,2025-07-01,2025-12-31,semestral,-11.597992037216116,0.23979207166638905,4,valida
50027481,2025-08-01,2026-01-31,semestral,-6.961101556014663,0.07742154585598526,6,valida
50027481,2025-09-01,2026-02-28,semestral,-5.80180397400381,0.052421812177141924,7,valida
50027481,2025-10-01,2026-03-31,semestral,,,7,precio constante
50027482,2024-04-01,2024-04-30,mensual,,,1,n<3
50027482,2024-05-01,2024-05-31,mensual,,,2,n<3
50027482,2024-06-01,2024-06-30,mensual,,,0,n<3
50027482,2024-07-01,2024-07-31,mensual,,,1,n<3
50027482,2024-08-01,2024-08-31,mensual,,,0,n<3
50027482,2024-09-01,2024-09-30,mensual,,,0,n<3
50027482,2024-10-01,2024-10-31,mensual,,,1,n<3
50027482,2024-11-01,2024-11-30,mensual,,,1,n<3
50027482,2024-12-01,2024-12-31,mensual,,,0,n<3
50027482,2025-01-01,2025-01-31,mensual,,,0,n<3
50027482,2025-02-01,2025-02-28,mensual,,,0,n<3
50027482,2025-03-01,2025-03-31,mensual,,,1,n<3
50027482,2025-04-01,2025-04-30,mensual,,,0,n<3
50027482,2025-05-01,2025-05-31,mensual,,,0,n<3
50027482,2025-06-01,2025-06-30,mensual,,,2,n<3
50027482,2025-07-01,2025-07-31,mensual,,,2,n<3
50027482,2025-08-01,2025-08-31,mensual,,,0,n<3
50027482,2025-09-01,2025-09-30,mensual,,,2,n<3
50027482,2025-10-01,2025-10-31,mensual,,,2,n<3
50027482,2025-11-01,2025-11-30,mensual,,,0,n<3
50027482,2025-12-01,2025-12-31,mensual,,,1,n<3
50027482,2026-01-01,2026-01-31,mensual,,,1,n<3
50027482,2026-02-01,2026-02-28,mensual,,,1,n<3
50027482,2026-03-01,2026-03-31,mensual,,,3,precio constante
50027482,2026-04-01,2026-04-30,mensual,,,1,n<3
50027482,2024-04-01,2024-06-30,trimestral,,,3,precio constante
50027482,2024-05-01,2024-07-31,trimestral,,,3,precio constante
50027482,2024-06-01,2024-08-31,trimestral,,,1,n<3
50027482,2024-07-01,2024-09-30,trimestral,,,1,n<3
50027482,2024-08-01,2024-10-31,trimestral,,,1,n<3
50027482,2024-09-01,2024-11-30,trimestral,,,2,n<3
50027482,2024-10-01,2024-12-31,trimestral,,,2,n<3
50027482,2024-11-01,2025-01-31,trimestral,,,1,n<3
50027482,2024-12-01,2025-02-28,trimestral,,,0,n<3
50027482,2025-01-01,2025-03-31,trimestral,,,1,n<3
50027482,2025-02-01,2025-04-30,trimestral,,,1,n<3
50027482,2025-03-01,2025-05-31,trimestral,,,1,n<3
50027482,2025-04-01,2025-06-30,trimestral,,,2,n<3
50027482,2025-05-01,2025-07-31,trimestral,,,4,precio constante
50027482,2025-06-01,2025-08-31,trimestral,,,4,precio constante
50027482,2025-07-01,2025-09-30,trimestral,,,4,precio constante
50027482,2025-08-01,2025-10-31,trimestral,,,4,qty constante
50027482,2025-09-01,2025-11-30,trimestral,,,4,qty constante
50027482,2025-10-01,2025-12-31,trimestral,,,3,qty constante
50027482,2025-11-01,2026-01-31,trimestral,,,2,n<3
50027482,2025-12-01,2026-02-28,trimestral,,,3,qty constante
50027482,2026-01-01,2026-03-31,trimestral,,,5,qty constante
50027482,2026-02-01,2026-04-30,trimestral,-2.4249414170993138,0.06249999999999989,5,valida
50027482,2024-04-01,2024-09-30,semestral,,,4,precio constante
50027482,2024-05-01,2024-10-31,semestral,,,4,precio constante
50027482,2024-06-01,2024-11-30,semestral,-0.40164692006911085,0.02234604148173791,3,valida
50027482,2024-07-01,2024-12-31,semestral,-0.40164692006911085,0.02234604148173791,3,valida
50027482,2024-08-01,2025-01-31,semestral,,,2,n<3
50027482,2024-09-01,2025-02-28,semestral,,,2,n<3
50027482,2024-10-01,2025-03-31,semestral,-1.7391745125978033,0.9798008322502624,3,valida
50027482,2024-11-01,2025-04-30,semestral,,,2,n<3
50027482,2024-12-01,2025-05-31,semestral,,,1,n<3
50027482,2025-01-01,2025-06-30,semestral,22.286001774296736,0.2500000000000001,3,valida
50027482,2025-02-01,2025-07-31,semestral,11.143000887146238,0.0625,5,valida
50027482,2025-03-01,2025-08-31,semestral,11.143000887146238,0.0625,5,valida
50027482,2025-04-01,2025-09-30,semestral,,,6,precio constante
50027482,2025-05-01,2025-10-31,semestral,-1.3856808097709472,0.020408163265305923,8,valida
50027482,2025-06-01,2025-11-30,semestral,-1.3856808097709472,0.020408163265305923,8,valida
50027482,2025-07-01,2025-12-31,semestral,,,7,qty constante
50027482,2025-08-01,2026-01-31,semestral,,,6,qty constante
50027482,2025-09-01,2026-02-28,semestral,,,7,qty constante
50027482,2025-10-01,2026-03-31,semestral,,,8,qty constante
50027482,2025-11-01,2026-04-30,semestral,-1.6166276113994706,0.027777777777778234,7,valida
50027483,2025-08-01,2025-08-31,mensual,,,1,n<3
50027505,2024-03-01,2024-03-31,mensual,,,1,n<3
50027505,2024-04-01,2024-04-30,mensual,,,1,n<3
50027505,2024-05-01,2024-05-31,mensual,,,0,n<3
50027505,2024-06-01,2024-06-30,mensual,,,1,n<3
50027505,2024-07-01,2024-07-31,mensual,,,0,n<3
50027505,2024-08-01,2024-08-31,mensual,,,0,n<3
50027505,2024-09-01,2024-09-30,mensual,,,1,n<3
50027505,2024-10-01,2024-10-31,mensual,,,0,n<3
50027505,2024-11-01,2024-11-30,mensual,,,0,n<3
50027505,2024-12-01,2024-12-31,mensual,,,0,n<3
50027505,2025-01-01,2025-01-31,mensual,,,1,n<3
50027505,2025-02-01,2025-02-28,mensual,,,1,n<3
50027505,2025-03-01,2025-03-31,mensual,,,0,n<3
50027505,2025-04-01,2025-04-30,mensual,,,0,n<3
50027505,2025-05-01,2025-05-31,mensual,,,0,n<3
50027505,2025-06-01,2025-06-30,mensual,,,0,n<3
50027505,2025-07-01,2025-07-31,mensual,,,0,n<3
50027505,2025-08-01,2025-08-31,mensual,,,0,n<3
50027505,2025-09-01,2025-09-30,mensual,,,0,n<3
50027505,2025-10-01,2025-10-31,mensual,,,1,n<3
50027505,2024-03-01,2024-05-31,trimestral,,,2,n<3
50027505,2024-04-01,2024-06-30,trimestral,,,2,n<3
50027505,2024-05-01,2024-07-31,trimestral,,,1,n<3
50027505,2024-06-01,2024-08-31,trimestral,,,1,n<3
50027505,2024-07-01,2024-09-30,trimestral,,,1,n<3
50027505,2024-08-01,2024-10-31,trimestral,,,1,n<3
50027505,2024-09-01,2024-11-30,trimestral,,,1,n<3
50027505,2024-10-01,2024-12-31,trimestral,,,0,n<3
50027505,2024-11-01,2025-01-31,trimestral,,,1,n<3
50027505,2024-12-01,2025-02-28,trimestral,,,2,n<3
50027505,2025-01-01,2025-03-31,trimestral,,,2,n<3
50027505,2025-02-01,2025-04-30,trimestral,,,1,n<3
50027505,2025-03-01,2025-05-31,trimestral,,,0,n<3
50027505,2025-04-01,2025-06-30,trimestral,,,0,n<3
50027505,2025-05-01,2025-07-31,trimestral,,,0,n<3
50027505,2025-06-01,2025-08-31,trimestral,,,0,n<3
50027505,2025-07-01,2025-09-30,trimestral,,,0,n<3
50027505,2025-08-01,2025-10-31,trimestral,,,1,n<3
50027505,2024-03-01,2024-08-31,semestral,15.373426566688451,1.0,3,valida
50027505,2024-04-01,2024-09-30,semestral,15.373426566688451,1.0,3,valida
50027505,2024-05-01,2024-10-31,semestral,,,2,n<3
50027505,2024-06-01,2024-11-30,semestral,,,2,n<3
50027505,2024-07-01,2024-12-31,semestral,,,1,n<3
50027505,2024-08-01,2025-01-31,semestral,,,2,n<3
50027505,2024-09-01,2025-02-28,semestral,,,3,precio constante
50027505,2024-10-01,2025-03-31,semestral,,,2,n<3
50027505,2024-11-01,2025-04-30,semestral,,,2,n<3
50027505,2024-12-01,2025-05-31,semestral,,,2,n<3
50027505,2025-01-01,2025-06-30,semestral,,,2,n<3
50027505,2025-02-01,2025-07-31,semestral,,,1,n<3
50027505,2025-03-01,2025-08-31,semestral,,,0,n<3
50027505,2025-04-01,2025-09-30,semestral,,,0,n<3
50027505,2025-05-01,2025-10-31,semestral,,,1,n<3
50027536,2024-03-01,2024-03-31,mensual,,,1,n<3
50027536,2024-04-01,2024-04-30,mensual,,,0,n<3
50027536,2024-05-01,2024-05-31,mensual,,,0,n<3
50027536,2024-06-01,2024-06-30,mensual,,,0,n<3
50027536,2024-07-01,2024-07-31,mensual,,,1,n<3
50027536,2024-03-01,2024-05-31,trimestral,,,1,n<3
50027536,2024-04-01,2024-06-30,trimestral,,,0,n<3
50027536,2024-05-01,2024-07-31,trimestral,,,1,n<3
50027540,2024-06-01,2024-06-30,mensual,,,1,n<3
50027540,2024-07-01,2024-07-31,mensual,,,1,n<3
50027540,2024-08-01,2024-08-31,mensual,,,0,n<3
50027540,2024-09-01,2024-09-30,mensual,,,1,n<3
50027540,2024-10-01,2024-10-31,mensual,,,0,n<3
50027540,2024-11-01,2024-11-30,mensual,,,0,n<3
50027540,2024-12-01,2024-12-31,mensual,,,0,n<3
50027540,2025-01-01,2025-01-31,mensual,,,0,n<3
50027540,2025-02-01,2025-02-28,mensual,,,1,n<3
50027540,2025-03-01,2025-03-31,mensual,,,1,n<3
50027540,2025-04-01,2025-04-30,mensual,,,0,n<3
50027540,2025-05-01,2025-05-31,mensual,,,0,n<3
50027540,2025-06-01,2025-06-30,mensual,,,1,n<3
50027540,2025-07-01,2025-07-31,mensual,,,0,n<3
50027540,2025-08-01,2025-08-31,mensual,,,0,n<3
50027540,2025-09-01,2025-09-30,mensual,,,1,n<3
50027540,2025-10-01,2025-10-31,mensual,,,0,n<3
50027540,2025-11-01,2025-11-30,mensual,,,0,n<3
50027540,2025-12-01,2025-12-31,mensual,,,0,n<3
50027540,2026-01-01,2026-01-31,mensual,,,0,n<3
50027540,2026-02-01,2026-02-28,mensual,,,1,n<3
50027540,2026-03-01,2026-03-31,mensual,,,0,n<3
50027540,2026-04-01,2026-04-30,mensual,,,1,n<3
50027540,2024-06-01,2024-08-31,trimestral,,,2,n<3
50027540,2024-07-01,2024-09-30,trimestral,,,2,n<3
50027540,2024-08-01,2024-10-31,trimestral,,,1,n<3
50027540,2024-09-01,2024-11-30,trimestral,,,1,n<3
50027540,2024-10-01,2024-12-31,trimestral,,,0,n<3
50027540,2024-11-01,2025-01-31,trimestral,,,0,n<3
50027540,2024-12-01,2025-02-28,trimestral,,,1,n<3
50027540,2025-01-01,2025-03-31,trimestral,,,2,n<3
50027540,2025-02-01,2025-04-30,trimestral,,,2,n<3
50027540,2025-03-01,2025-05-31,trimestral,,,1,n<3
50027540,2025-04-01,2025-06-30,trimestral,,,1,n<3
50027540,2025-05-01,2025-07-31,trimestral,,,1,n<3
50027540,2025-06-01,2025-08-31,trimestral,,,1,n<3
50027540,2025-07-01,2025-09-30,trimestral,,,1,n<3
50027540,2025-08-01,2025-10-31,trimestral,,,1,n<3
50027540,2025-09-01,2025-11-30,trimestral,,,1,n<3
50027540,2025-10-01,2025-12-31,trimestral,,,0,n<3
50027540,2025-11-01,2026-01-31,trimestral,,,0,n<3
50027540,2025-12-01,2026-02-28,trimestral,,,1,n<3
50027540,2026-01-01,2026-03-31,trimestral,,,1,n<3
50027540,2026-02-01,2026-04-30,trimestral,,,2,n<3
50027540,2024-06-01,2024-11-30,semestral,,,3,precio constante
50027540,2024-07-01,2024-12-31,semestral,,,2,n<3
50027540,2024-08-01,2025-01-31,semestral,,,1,n<3
50027540,2024-09-01,2025-02-28,semestral,,,2,n<3
50027540,2024-10-01,2025-03-31,semestral,,,2,n<3
50027540,2024-11-01,2025-04-30,semestral,,,2,n<3
50027540,2024-12-01,2025-05-31,semestral,,,2,n<3
50027540,2025-01-01,2025-06-30,semestral,,,3,qty constante
50027540,2025-02-01,2025-07-31,semestral,,,3,qty constante
50027540,2025-03-01,2025-08-31,semestral,,,2,n<3
50027540,2025-04-01,2025-09-30,semestral,,,2,n<3
50027540,2025-05-01,2025-10-31,semestral,,,2,n<3
50027540,2025-06-01,2025-11-30,semestral,,,2,n<3
50027540,2025-07-01,2025-12-31,semestral,,,1,n<3
50027540,2025-08-01,2026-01-31,semestral,,,1,n<3
50027540,2025-09-01,2026-02-28,semestral,,,2,n<3
50027540,2025-10-01,2026-03-31,semestral,,,1,n<3
50027540,2025-11-01,2026-04-30,semestral,,,2,n<3
50027542,2024-02-01,2024-02-29,mensual,,,1,n<3
50027542,2024-03-01,2024-03-31,mensual,,,0,n<3
50027542,2024-04-01,2024-04-30,mensual,,,0,n<3
50027542,2024-05-01,2024-05-31,mensual,,,1,n<3
50027542,2024-06-01,2024-06-30,mensual,,,0,n<3
50027542,2024-07-01,2024-07-31,mensual,,,0,n<3
50027542,2024-08-01,2024-08-31,mensual,,,1,n<3
50027542,2024-09-01,2024-09-30,mensual,,,1,n<3
50027542,2024-10-01,2024-10-31,mensual,,,0,n<3
50027542,2024-11-01,2024-11-30,mensual,,,1,n<3
50027542,2024-12-01,2024-12-31,mensual,,,0,n<3
50027542,2025-01-01,2025-01-31,mensual,,,0,n<3
50027542,2025-02-01,2025-02-28,mensual,,,1,n<3
50027542,2025-03-01,2025-03-31,mensual,,,0,n<3
50027542,2025-04-01,2025-04-30,mensual,,,0,n<3
50027542,2025-05-01,2025-05-31,mensual,,,0,n<3
50027542,2025-06-01,2025-06-30,mensual,,,0,n<3
50027542,2025-07-01,2025-07-31,mensual,,,0,n<3
50027542,2025-08-01,2025-08-31,mensual,,,0,n<3
50027542,2025-09-01,2025-09-30,mensual,,,0,n<3
50027542,2025-10-01,2025-10-31,mensual,,,0,n<3
50027542,2025-11-01,2025-11-30,mensual,,,0,n<3
50027542,2025-12-01,2025-12-31,mensual,,,0,n<3
50027542,2026-01-01,2026-01-31,mensual,,,0,n<3
50027542,2026-02-01,2026-02-28,mensual,,,0,n<3
50027542,2026-03-01,2026-03-31,mensual,,,1,n<3
50027542,2026-04-01,2026-04-30,mensual,,,1,n<3
50027542,2024-02-01,2024-04-30,trimestral,,,1,n<3
50027542,2024-03-01,2024-05-31,trimestral,,,1,n<3
50027542,2024-04-01,2024-06-30,trimestral,,,1,n<3
50027542,2024-05-01,2024-07-31,trimestral,,,1,n<3
50027542,2024-06-01,2024-08-31,trimestral,,,1,n<3
50027542,2024-07-01,2024-09-30,trimestral,,,2,n<3
50027542,2024-08-01,2024-10-31,trimestral,,,2,n<3
50027542,2024-09-01,2024-11-30,trimestral,,,2,n<3
50027542,2024-10-01,2024-12-31,trimestral,,,1,n<3
50027542,2024-11-01,2025-01-31,trimestral,,,1,n<3
50027542,2024-12-01,2025-02-28,trimestral,,,1,n<3
50027542,2025-01-01,2025-03-31,trimestral,,,1,n<3
50027542,2025-02-01,2025-04-30,trimestral,,,1,n<3
50027542,2025-03-01,2025-05-31,trimestral,,,0,n<3
50027542,2025-04-01,2025-06-30,trimestral,,,0,n<3
50027542,2025-05-01,2025-07-31,trimestral,,,0,n<3
50027542,2025-06-01,2025-08-31,trimestral,,,0,n<3
50027542,2025-07-01,2025-09-30,trimestral,,,0,n<3
50027542,2025-08-01,2025-10-31,trimestral,,,0,n<3
50027542,2025-09-01,2025-11-30,trimestral,,,0,n<3
50027542,2025-10-01,2025-12-31,trimestral,,,0,n<3
50027542,2025-11-01,2026-01-31,trimestral,,,0,n<3
50027542,2025-12-01,2026-02-28,trimestral,,,0,n<3
50027542,2026-01-01,2026-03-31,trimestral,,,1,n<3
50027542,2026-02-01,2026-04-30,trimestral,,,2,n<3
50027542,2024-02-01,2024-07-31,semestral,,,2,n<3
50027542,2024-03-01,2024-08-31,semestral,,,2,n<3
50027542,2024-04-01,2024-09-30,semestral,,,3,precio constante
50027542,2024-05-01,2024-10-31,semestral,,,3,precio constante
50027542,2024-06-01,2024-11-30,semestral,,,3,precio constante
50027542,2024-07-01,2024-12-31,semestral,,,3,precio constante
50027542,2024-08-01,2025-01-31,semestral,,,3,precio constante
50027542,2024-09-01,2025-02-28,semestral,-6.749712413295749,0.2500000000000001,3,valida
50027542,2024-10-01,2025-03-31,semestral,,,2,n<3
50027542,2024-11-01,2025-04-30,semestral,,,2,n<3
50027542,2024-12-01,2025-05-31,semestral,,,1,n<3
50027542,2025-01-01,2025-06-30,semestral,,,1,n<3
50027542,2025-02-01,2025-07-31,semestral,,,1,n<3
50027542,2025-03-01,2025-08-31,semestral,,,0,n<3
50027542,2025-04-01,2025-09-30,semestral,,,0,n<3
50027542,2025-05-01,2025-10-31,semestral,,,0,n<3
50027542,2025-06-01,2025-11-30,semestral,,,0,n<3
50027542,2025-07-01,2025-12-31,semestral,,,0,n<3
50027542,2025-08-01,2026-01-31,semestral,,,0,n<3
50027542,2025-09-01,2026-02-28,semestral,,,0,n<3
50027542,2025-10-01,2026-03-31,semestral,,,1,n<3
50027542,2025-11-01,2026-04-30,semestral,,,2,n<3
50027544,2024-02-01,2024-02-29,mensual,,,1,n<3
50027544,2024-03-01,2024-03-31,mensual,,,1,n<3
50027544,2024-04-01,2024-04-30,mensual,,,0,n<3
50027544,2024-05-01,2024-05-31,mensual,,,0,n<3
50027544,2024-06-01,2024-06-30,mensual,,,2,n<3
50027544,2024-07-01,2024-07-31,mensual,,,0,n<3
50027544,2024-08-01,2024-08-31,mensual,,,2,n<3
50027544,2024-09-01,2024-09-30,mensual,,,1,n<3
50027544,2024-10-01,2024-10-31,mensual,,,3,precio constante
50027544,2024-11-01,2024-11-30,mensual,,,0,n<3
50027544,2024-12-01,2024-12-31,mensual,,,0,n<3
50027544,2025-01-01,2025-01-31,mensual,,,3,precio constante
50027544,2025-02-01,2025-02-28,mensual,,,2,n<3
50027544,2025-03-01,2025-03-31,mensual,,,0,n<3
50027544,2025-04-01,2025-04-30,mensual,,,1,n<3
50027544,2025-05-01,2025-05-31,mensual,,,0,n<3
50027544,2025-06-01,2025-06-30,mensual,,,0,n<3
50027544,2025-07-01,2025-07-31,mensual,,,0,n<3
50027544,2025-08-01,2025-08-31,mensual,,,0,n<3
50027544,2025-09-01,2025-09-30,mensual,,,0,n<3
50027544,2025-10-01,2025-10-31,mensual,,,2,n<3
50027544,2025-11-01,2025-11-30,mensual,,,1,n<3
50027544,2025-12-01,2025-12-31,mensual,,,0,n<3
50027544,2026-01-01,2026-01-31,mensual,,,3,precio constante
50027544,2026-02-01,2026-02-28,mensual,,,0,n<3
50027544,2026-03-01,2026-03-31,mensual,,,1,n<3
50027544,2026-04-01,2026-04-30,mensual,,,2,n<3
50027544,2024-02-01,2024-04-30,trimestral,,,2,n<3
50027544,2024-03-01,2024-05-31,trimestral,,,1,n<3
50027544,2024-04-01,2024-06-30,trimestral,,,2,n<3
50027544,2024-05-01,2024-07-31,trimestral,,,2,n<3
50027544,2024-06-01,2024-08-31,trimestral,,,4,precio constante
50027544,2024-07-01,2024-09-30,trimestral,,,3,precio constante
50027544,2024-08-01,2024-10-31,trimestral,,,6,precio constante
50027544,2024-09-01,2024-11-30,trimestral,,,4,precio constante
50027544,2024-10-01,2024-12-31,trimestral,,,3,precio constante
50027544,2024-11-01,2025-01-31,trimestral,,,3,precio constante
50027544,2024-12-01,2025-02-28,trimestral,,,5,precio constante
50027544,2025-01-01,2025-03-31,trimestral,,,5,precio constante
50027544,2025-02-01,2025-04-30,trimestral,,,3,qty constante
50027544,2025-03-01,2025-05-31,trimestral,,,1,n<3
50027544,2025-04-01,2025-06-30,trimestral,,,1,n<3
50027544,2025-05-01,2025-07-31,trimestral,,,0,n<3
50027544,2025-06-01,2025-08-31,trimestral,,,0,n<3
50027544,2025-07-01,2025-09-30,trimestral,,,0,n<3
50027544,2025-08-01,2025-10-31,trimestral,,,2,n<3
50027544,2025-09-01,2025-11-30,trimestral,,,3,precio constante
50027544,2025-10-01,2025-12-31,trimestral,,,3,precio constante
50027544,2025-11-01,2026-01-31,trimestral,,,4,precio constante
50027544,2025-12-01,2026-02-28,trimestral,,,3,precio constante
50027544,2026-01-01,2026-03-31,trimestral,,,4,precio constante
50027544,2026-02-01,2026-04-30,trimestral,,,3,precio constante
50027544,2024-02-01,2024-07-31,semestral,,,4,precio constante
50027544,2024-03-01,2024-08-31,semestral,,,5,precio constante
50027544,2024-04-01,2024-09-30,semestral,,,5,precio constante
50027544,2024-05-01,2024-10-31,semestral,,,8,precio constante
50027544,2024-06-01,2024-11-30,semestral,,,8,precio constante
50027544,2024-07-01,2024-12-31,semestral,,,6,precio constante
50027544,2024-08-01,2025-01-31,semestral,,,9,precio constante
50027544,2024-09-01,2025-02-28,semestral,,,9,precio constante
50027544,2024-10-01,2025-03-31,semestral,,,8,precio constante
50027544,2024-11-01,2025-04-30,semestral,,,6,qty constante
50027544,2024-12-01,2025-05-31,semestral,,,6,qty constante
50027544,2025-01-01,2025-06-30,semestral,,,6,qty constante
50027544,2025-02-01,2025-07-31,semestral,,,3,qty constante
50027544,2025-03-01,2025-08-31,semestral,,,1,n<3
50027544,2025-04-01,2025-09-30,semestral,,,1,n<3
50027544,2025-05-01,2025-10-31,semestral,,,2,n<3
50027544,2025-06-01,2025-11-30,semestral,,,3,precio constante
50027544,2025-07-01,2025-12-31,semestral,,,3,precio constante
50027544,2025-08-01,2026-01-31,semestral,,,6,precio constante
50027544,2025-09-01,2026-02-28,semestral,,,6,precio constante
50027544,2025-10-01,2026-03-31,semestral,,,7,precio constante
50027544,2025-11-01,2026-04-30,semestral,,,7,precio constante
50028190,2024-02-01,2024-02-29,mensual,,,2,n<3
50028190,2024-03-01,2024-03-31,mensual,,,0,n<3
50028190,2024-04-01,2024-04-30,mensual,,,0,n<3
50028190,2024-05-01,2024-05-31,mensual,,,2,n<3
50028190,2024-06-01,2024-06-30,mensual,,,0,n<3
50028190,2024-07-01,2024-07-31,mensual,,,0,n<3
50028190,2024-08-01,2024-08-31,mensual,,,1,n<3
50028190,2024-09-01,2024-09-30,mensual,,,0,n<3
50028190,2024-10-01,2024-10-31,mensual,,,0,n<3
50028190,2024-11-01,2024-11-30,mensual,,,0,n<3
50028190,2024-12-01,2024-12-31,mensual,,,0,n<3
50028190,2025-01-01,2025-01-31,mensual,,,0,n<3
50028190,2025-02-01,2025-02-28,mensual,,,0,n<3
50028190,2025-03-01,2025-03-31,mensual,,,1,n<3
50028190,2025-04-01,2025-04-30,mensual,,,1,n<3
50028190,2025-05-01,2025-05-31,mensual,,,0,n<3
50028190,2025-06-01,2025-06-30,mensual,,,0,n<3
50028190,2025-07-01,2025-07-31,mensual,,,0,n<3
50028190,2025-08-01,2025-08-31,mensual,,,1,n<3
50028190,2025-09-01,2025-09-30,mensual,,,0,n<3
50028190,2025-10-01,2025-10-31,mensual,,,0,n<3
50028190,2025-11-01,2025-11-30,mensual,,,0,n<3
50028190,2025-12-01,2025-12-31,mensual,,,0,n<3
50028190,2026-01-01,2026-01-31,mensual,,,0,n<3
50028190,2026-02-01,2026-02-28,mensual,,,0,n<3
50028190,2026-03-01,2026-03-31,mensual,,,0,n<3
50028190,2026-04-01,2026-04-30,mensual,,,1,n<3
50028190,2024-02-01,2024-04-30,trimestral,,,2,n<3
50028190,2024-03-01,2024-05-31,trimestral,,,2,n<3
50028190,2024-04-01,2024-06-30,trimestral,,,2,n<3
50028190,2024-05-01,2024-07-31,trimestral,,,2,n<3
50028190,2024-06-01,2024-08-31,trimestral,,,1,n<3
50028190,2024-07-01,2024-09-30,trimestral,,,1,n<3
50028190,2024-08-01,2024-10-31,trimestral,,,1,n<3
50028190,2024-09-01,2024-11-30,trimestral,,,0,n<3
50028190,2024-10-01,2024-12-31,trimestral,,,0,n<3
50028190,2024-11-01,2025-01-31,trimestral,,,0,n<3
50028190,2024-12-01,2025-02-28,trimestral,,,0,n<3
50028190,2025-01-01,2025-03-31,trimestral,,,1,n<3
50028190,2025-02-01,2025-04-30,trimestral,,,2,n<3
50028190,2025-03-01,2025-05-31,trimestral,,,2,n<3
50028190,2025-04-01,2025-06-30,trimestral,,,1,n<3
50028190,2025-05-01,2025-07-31,trimestral,,,0,n<3
50028190,2025-06-01,2025-08-31,trimestral,,,1,n<3
50028190,2025-07-01,2025-09-30,trimestral,,,1,n<3
50028190,2025-08-01,2025-10-31,trimestral,,,1,n<3
50028190,2025-09-01,2025-11-30,trimestral,,,0,n<3
50028190,2025-10-01,2025-12-31,trimestral,,,0,n<3
50028190,2025-11-01,2026-01-31,trimestral,,,0,n<3
50028190,2025-12-01,2026-02-28,trimestral,,,0,n<3
50028190,2026-01-01,2026-03-31,trimestral,,,0,n<3
50028190,2026-02-01,2026-04-30,trimestral,,,1,n<3
50028190,2024-02-01,2024-07-31,semestral,-7.6839261589176004,0.3330700466661578,4,valida
50028190,2024-03-01,2024-08-31,semestral,,,3,precio constante
50028190,2024-04-01,2024-09-30,semestral,,,3,precio constante
50028190,2024-05-01,2024-10-31,semestral,,,3,precio constante
50028190,2024-06-01,2024-11-30,semestral,,,1,n<3
50028190,2024-07-01,2024-12-31,semestral,,,1,n<3
50028190,2024-08-01,2025-01-31,semestral,,,1,n<3
50028190,2024-09-01,2025-02-28,semestral,,,0,n<3
50028190,2024-10-01,2025-03-31,semestral,,,1,n<3
50028190,2024-11-01,2025-04-30,semestral,,,2,n<3
50028190,2024-12-01,2025-05-31,semestral,,,2,n<3
50028190,2025-01-01,2025-06-30,semestral,,,2,n<3
50028190,2025-02-01,2025-07-31,semestral,,,2,n<3
50028190,2025-03-01,2025-08-31,semestral,,,3,qty constante
50028190,2025-04-01,2025-09-30,semestral,,,2,n<3
50028190,2025-05-01,2025-10-31,semestral,,,1,n<3
50028190,2025-06-01,2025-11-30,semestral,,,1,n<3
50028190,2025-07-01,2025-12-31,semestral,,,1,n<3
50028190,2025-08-01,2026-01-31,semestral,,,1,n<3
50028190,2025-09-01,2026-02-28,semestral,,,0,n<3
50028190,2025-10-01,2026-03-31,semestral,,,0,n<3
50028190,2025-11-01,2026-04-30,semestral,,,1,n<3
50029456,2024-01-01,2024-01-31,mensual,,,1,n<3
50029456,2024-02-01,2024-02-29,mensual,,,1,n<3
50029456,2024-03-01,2024-03-31,mensual,,,0,n<3
50029456,2024-04-01,2024-04-30,mensual,,,1,n<3
50029456,2024-05-01,2024-05-31,mensual,,,2,n<3
50029456,2024-06-01,2024-06-30,mensual,,,0,n<3
50029456,2024-07-01,2024-07-31,mensual,,,0,n<3
50029456,2024-08-01,2024-08-31,mensual,,,6,qty constante
50029456,2024-09-01,2024-09-30,mensual,,,1,n<3
50029456,2024-10-01,2024-10-31,mensual,,,0,n<3
50029456,2024-11-01,2024-11-30,mensual,,,0,n<3
50029456,2024-12-01,2024-12-31,mensual,,,1,n<3
50029456,2025-01-01,2025-01-31,mensual,,,0,n<3
50029456,2025-02-01,2025-02-28,mensual,,,0,n<3
50029456,2025-03-01,2025-03-31,mensual,,,2,n<3
50029456,2025-04-01,2025-04-30,mensual,,,1,n<3
50029456,2025-05-01,2025-05-31,mensual,,,1,n<3
50029456,2025-06-01,2025-06-30,mensual,,,1,n<3
50029456,2025-07-01,2025-07-31,mensual,,,1,n<3
50029456,2025-08-01,2025-08-31,mensual,,,1,n<3
50029456,2025-09-01,2025-09-30,mensual,,,0,n<3
50029456,2025-10-01,2025-10-31,mensual,,,4,precio constante
50029456,2025-11-01,2025-11-30,mensual,,,2,n<3
50029456,2025-12-01,2025-12-31,mensual,,,0,n<3
50029456,2026-01-01,2026-01-31,mensual,,,0,n<3
50029456,2026-02-01,2026-02-28,mensual,,,1,n<3
50029456,2026-03-01,2026-03-31,mensual,,,2,n<3
50029456,2026-04-01,2026-04-30,mensual,,,1,n<3
50029456,2024-01-01,2024-03-31,trimestral,,,2,n<3
50029456,2024-02-01,2024-04-30,trimestral,,,2,n<3
50029456,2024-03-01,2024-05-31,trimestral,,,3,precio constante
50029456,2024-04-01,2024-06-30,trimestral,,,3,precio constante
50029456,2024-05-01,2024-07-31,trimestral,,,2,n<3
50029456,2024-06-01,2024-08-31,trimestral,,,6,qty constante
50029456,2024-07-01,2024-09-30,trimestral,,,7,qty constante
50029456,2024-08-01,2024-10-31,trimestral,,,7,qty constante
50029456,2024-09-01,2024-11-30,trimestral,,,1,n<3
50029456,2024-10-01,2024-12-31,trimestral,,,1,n<3
50029456,2024-11-01,2025-01-31,trimestral,,,1,n<3
50029456,2024-12-01,2025-02-28,trimestral,,,1,n<3
50029456,2025-01-01,2025-03-31,trimestral,,,2,n<3
50029456,2025-02-01,2025-04-30,trimestral,,,3,precio constante
50029456,2025-03-01,2025-05-31,trimestral,,,4,precio constante
50029456,2025-04-01,2025-06-30,trimestral,,,3,precio constante
50029456,2025-05-01,2025-07-31,trimestral,,,3,precio constante
50029456,2025-06-01,2025-08-31,trimestral,,,3,precio constante
50029456,2025-07-01,2025-09-30,trimestral,,,2,n<3
50029456,2025-08-01,2025-10-31,trimestral,,,5,qty constante
50029456,2025-09-01,2025-11-30,trimestral,,,6,precio constante
50029456,2025-10-01,2025-12-31,trimestral,,,6,precio constante
50029456,2025-11-01,2026-01-31,trimestral,,,2,n<3
50029456,2025-12-01,2026-02-28,trimestral,,,1,n<3
50029456,2026-01-01,2026-03-31,trimestral,,,3,precio constante
50029456,2026-02-01,2026-04-30,trimestral,,,4,precio constante
50029456,2024-01-01,2024-06-30,semestral,,,5,precio constante
50029456,2024-02-01,2024-07-31,semestral,,,4,precio constante
50029456,2024-03-01,2024-08-31,semestral,0.56416157315979,0.015625,9,valida
50029456,2024-04-01,2024-09-30,semestral,0.5014769539198041,0.012345679012345734,10,valida
50029456,2024-05-01,2024-10-31,semestral,,,9,qty constante
50029456,2024-06-01,2024-11-30,semestral,,,7,qty constante
50029456,2024-07-01,2024-12-31,semestral,,,8,qty constante
50029456,2024-08-01,2025-01-31,semestral,,,8,qty constante
50029456,2024-09-01,2025-02-28,semestral,,,2,n<3
50029456,2024-10-01,2025-03-31,semestral,,,3,precio constante
50029456,2024-11-01,2025-04-30,semestral,,,4,precio constante
50029456,2024-12-01,2025-05-31,semestral,,,5,precio constante
50029456,2025-01-01,2025-06-30,semestral,,,5,precio constante
50029456,2025-02-01,2025-07-31,semestral,,,6,precio constante
50029456,2025-03-01,2025-08-31,semestral,,,7,precio constante
50029456,2025-04-01,2025-09-30,semestral,,,5,precio constante
50029456,2025-05-01,2025-10-31,semestral,,,8,qty constante
50029456,2025-06-01,2025-11-30,semestral,,,9,qty constante
50029456,2025-07-01,2025-12-31,semestral,,,8,qty constante
50029456,2025-08-01,2026-01-31,semestral,,,7,qty constante
50029456,2025-09-01,2026-02-28,semestral,,,7,precio constante
50029456,2025-10-01,2026-03-31,semestral,,,9,precio constante
50029456,2025-11-01,2026-04-30,semestral,,,6,precio constante
50029457,2024-02-01,2024-02-29,mensual,,,1,n<3
50029457,2024-03-01,2024-03-31,mensual,,,0,n<3
50029457,2024-04-01,2024-04-30,mensual,,,2,n<3
50029457,2024-05-01,2024-05-31,mensual,,,0,n<3
50029457,2024-06-01,2024-06-30,mensual,,,0,n<3
50029457,2024-07-01,2024-07-31,mensual,,,1,n<3
50029457,2024-08-01,2024-08-31,mensual,-0.07494149246082,0.0021460234168987347,6,valida
50029457,2024-09-01,2024-09-30,mensual,,,1,n<3
50029457,2024-10-01,2024-10-31,mensual,,,0,n<3
50029457,2024-11-01,2024-11-30,mensual,,,1,n<3
50029457,2024-12-01,2024-12-31,mensual,,,1,n<3
50029457,2025-01-01,2025-01-31,mensual,,,0,n<3
50029457,2025-02-01,2025-02-28,mensual,,,3,qty constante
50029457,2025-03-01,2025-03-31,mensual,,,3,precio constante
50029457,2025-04-01,2025-04-30,mensual,,,0,n<3
50029457,2025-05-01,2025-05-31,mensual,,,1,n<3
50029457,2025-06-01,2025-06-30,mensual,,,1,n<3
50029457,2025-07-01,2025-07-31,mensual,,,1,n<3
50029457,2025-08-01,2025-08-31,mensual,,,2,n<3
50029457,2025-09-01,2025-09-30,mensual,,,2,n<3
50029457,2025-10-01,2025-10-31,mensual,,,0,n<3
50029457,2025-11-01,2025-11-30,mensual,,,1,n<3
50029457,2025-12-01,2025-12-31,mensual,,,0,n<3
50029457,2026-01-01,2026-01-31,mensual,,,0,n<3
50029457,2026-02-01,2026-02-28,mensual,,,1,n<3
50029457,2024-02-01,2024-04-30,trimestral,,,3,precio constante
50029457,2024-03-01,2024-05-31,trimestral,,,2,n<3
50029457,2024-04-01,2024-06-30,trimestral,,,2,n<3
50029457,2024-05-01,2024-07-31,trimestral,,,1,n<3
50029457,2024-06-01,2024-08-31,trimestral,-0.15135465809012813,0.009526392752913226,7,valida
50029457,2024-07-01,2024-09-30,trimestral,-0.20946275871001688,0.021405557000141018,8,valida
50029457,2024-08-01,2024-10-31,trimestral,-0.17052869098751997,0.013667402321289601,7,valida
50029457,2024-09-01,2024-11-30,trimestral,,,2,n<3
50029457,2024-10-01,2024-12-31,trimestral,,,2,n<3
50029457,2024-11-01,2025-01-31,trimestral,,,2,n<3
50029457,2024-12-01,2025-02-28,trimestral,,,4,qty constante
50029457,2025-01-01,2025-03-31,trimestral,,,6,qty constante
50029457,2025-02-01,2025-04-30,trimestral,,,6,qty constante
50029457,2025-03-01,2025-05-31,trimestral,,,4,precio constante
50029457,2025-04-01,2025-06-30,trimestral,,,2,n<3
50029457,2025-05-01,2025-07-31,trimestral,,,3,precio constante
50029457,2025-06-01,2025-08-31,trimestral,,,4,precio constante
50029457,2025-07-01,2025-09-30,trimestral,,,5,qty constante
50029457,2025-08-01,2025-10-31,trimestral,,,4,qty constante
50029457,2025-09-01,2025-11-30,trimestral,,,3,precio constante
50029457,2025-10-01,2025-12-31,trimestral,,,1,n<3
50029457,2025-11-01,2026-01-31,trimestral,,,1,n<3
50029457,2025-12-01,2026-02-28,trimestral,,,1,n<3
50029457,2024-02-01,2024-07-31,semestral,,,4,precio constante
50029457,2024-03-01,2024-08-31,semestral,-0.23104025723379334,0.02444913295863549,9,valida
50029457,2024-04-01,2024-09-30,semestral,-0.257140879795221,0.03383628679443518,10,valida
50029457,2024-05-01,2024-10-31,semestral,-0.20946275871001688,0.021405557000141018,8,valida
50029457,2024-06-01,2024-11-30,semestral,-0.23683992475792176,0.02811923130690941,9,valida
50029457,2024-07-01,2024-12-31,semestral,-0.2571408797952198,0.033836286794435066,10,valida
50029457,2024-08-01,2025-01-31,semestral,-0.23683992475792176,0.02811923130690941,9,valida
50029457,2024-09-01,2025-02-28,semestral,,,6,qty constante
50029457,2024-10-01,2025-03-31,semestral,,,8,qty constante
50029457,2024-11-01,2025-04-30,semestral,,,8,qty constante
50029457,2024-12-01,2025-05-31,semestral,,,8,qty constante
50029457,2025-01-01,2025-06-30,semestral,,,8,qty constante
50029457,2025-02-01,2025-07-31,semestral,,,9,qty constante
50029457,2025-03-01,2025-08-31,semestral,,,8,precio constante
50029457,2025-04-01,2025-09-30,semestral,,,7,qty constante
50029457,2025-05-01,2025-10-31,semestral,,,7,qty constante
50029457,2025-06-01,2025-11-30,semestral,5.610268277051876,0.22012351214195935,7,valida
50029457,2025-07-01,2025-12-31,semestral,5.606454106399881,0.19784205932089338,6,valida
50029457,2025-08-01,2026-01-31,semestral,5.598825785995382,0.16442033792656052,5,valida
50029457,2025-09-01,2026-02-28,semestral,,,4,precio constante
50030080,2025-10-01,2025-10-31,mensual,,,1,n<3
50031938,2024-01-01,2024-01-31,mensual,,,1,n<3
50031938,2024-02-01,2024-02-29,mensual,,,3,precio constante
50031938,2024-03-01,2024-03-31,mensual,,,5,qty constante
50031938,2024-04-01,2024-04-30,mensual,,,1,n<3
50031938,2024-05-01,2024-05-31,mensual,,,3,precio constante
50031938,2024-06-01,2024-06-30,mensual,,,4,precio constante
50031938,2024-07-01,2024-07-31,mensual,-3.881604927370273,0.1000000000000002,6,valida
50031938,2024-08-01,2024-08-31,mensual,,,7,qty constante
50031938,2024-09-01,2024-09-30,mensual,,,6,precio constante
50031938,2024-10-01,2024-10-31,mensual,,,5,precio constante
50031938,2024-11-01,2024-11-30,mensual,,,3,precio constante
50031938,2024-12-01,2024-12-31,mensual,,,1,n<3
50031938,2025-01-01,2025-01-31,mensual,,,2,n<3
50031938,2025-02-01,2025-02-28,mensual,,,1,n<3
50031938,2025-03-01,2025-03-31,mensual,-1.3862874740607627,0.020408163265305812,8,valida
50031938,2025-04-01,2025-04-30,mensual,,,3,precio constante
50031938,2025-05-01,2025-05-31,mensual,-3.0055477166212796,0.16609965580409936,5,valida
50031938,2025-06-01,2025-06-30,mensual,,,6,precio constante
50031938,2025-07-01,2025-07-31,mensual,0.9725335908943731,0.16684989183752852,5,valida
50031938,2025-08-01,2025-08-31,mensual,,,7,precio constante
50031938,2025-09-01,2025-09-30,mensual,,,6,precio constante
50031938,2025-10-01,2025-10-31,mensual,,,8,precio constante
50031938,2025-11-01,2025-11-30,mensual,,,3,precio constante
50031938,2025-12-01,2025-12-31,mensual,,,4,precio constante
50031938,2026-01-01,2026-01-31,mensual,,,3,qty constante
50031938,2026-02-01,2026-02-28,mensual,,,10,precio constante
50031938,2026-03-01,2026-03-31,mensual,,,3,precio constante
50031938,2026-04-01,2026-04-30,mensual,,,7,precio constante
50031938,2024-01-01,2024-03-31,trimestral,-0.6670457254725359,0.023526225422673686,9,valida
50031938,2024-02-01,2024-04-30,trimestral,-2.4260030796065886,0.015625000000000222,9,valida
50031938,2024-03-01,2024-05-31,trimestral,,,9,qty constante
50031938,2024-04-01,2024-06-30,trimestral,,,8,precio constante
50031938,2024-05-01,2024-07-31,trimestral,-1.6173353864042126,0.015151515151515027,13,valida
50031938,2024-06-01,2024-08-31,trimestral,0.1895307164312866,0.010396475819729356,17,valida
50031938,2024-07-01,2024-09-30,trimestral,0.1681995756325033,0.008140925435752178,19,valida
50031938,2024-08-01,2024-10-31,trimestral,,,18,qty constante
50031938,2024-09-01,2024-11-30,trimestral,,,14,precio constante
50031938,2024-10-01,2024-12-31,trimestral,,,9,precio constante
50031938,2024-11-01,2025-01-31,trimestral,,,6,precio constante
50031938,2024-12-01,2025-02-28,trimestral,,,4,precio constante
50031938,2025-01-01,2025-03-31,trimestral,-0.9704012318425957,0.009999999999999676,11,valida
50031938,2025-02-01,2025-04-30,trimestral,-1.764365876077484,0.018181818181817966,12,valida
50031938,2025-03-01,2025-05-31,trimestral,-1.5343350798399065,0.04260590903924366,16,valida
50031938,2025-04-01,2025-06-30,trimestral,-0.19622552937406462,0.000643781274745514,14,valida
50031938,2025-05-01,2025-07-31,trimestral,0.25920823227814604,0.006354797082592234,16,valida
50031938,2025-06-01,2025-08-31,trimestral,0.4588222563723462,0.016908586867592224,18,valida
50031938,2025-07-01,2025-09-30,trimestral,0.6760287996504533,0.04546612846075393,18,valida
50031938,2025-08-01,2025-10-31,trimestral,0.36396717096521136,0.0013061059722243584,21,valida
50031938,2025-09-01,2025-11-30,trimestral,,,17,precio constante
50031938,2025-10-01,2025-12-31,trimestral,-3.2700653580633934,0.08523563079006202,15,valida
50031938,2025-11-01,2026-01-31,trimestral,-4.312441957199639,0.4588573121491206,10,valida
50031938,2025-12-01,2026-02-28,trimestral,2.1749394713724315,0.026153731298101612,17,valida
50031938,2026-01-01,2026-03-31,trimestral,1.7541203114347823,0.004536458714802349,16,valida
50031938,2026-02-01,2026-04-30,trimestral,,,20,precio constante
50031938,2024-01-01,2024-06-30,semestral,-0.3244091565147493,0.005720839407177825,17,valida
50031938,2024-02-01,2024-07-31,semestral,-1.940802463685158,0.013793103448275779,22,valida
50031938,2024-03-01,2024-08-31,semestral,0.10229115156301108,0.003067696762271921,26,valida
50031938,2024-04-01,2024-09-30,semestral,0.11598462331303055,0.00381731685852027,27,valida
50031938,2024-05-01,2024-10-31,semestral,0.10040070209086725,0.0028486333505421957,31,valida
50031938,2024-06-01,2024-11-30,semestral,0.10040070209086645,0.0028486333505425288,31,valida
50031938,2024-07-01,2024-12-31,semestral,0.11165204246970346,0.003533386348265055,28,valida
50031938,2024-08-01,2025-01-31,semestral,,,24,qty constante
50031938,2024-09-01,2025-02-28,semestral,,,18,precio constante
50031938,2024-10-01,2025-03-31,semestral,-0.51073749044347,0.0027700831024927153,20,valida
50031938,2024-11-01,2025-04-30,semestral,-1.141648508050076,0.007352941176470451,18,valida
50031938,2024-12-01,2025-05-31,semestral,-1.703748978766571,0.05096319648947978,20,valida
50031938,2025-01-01,2025-06-30,semestral,-0.8796718521458591,0.020504936075637636,25,valida
50031938,2025-02-01,2025-07-31,semestral,-0.05259232042495524,0.00024838085524314657,28,valida
50031938,2025-03-01,2025-08-31,semestral,0.023938340035552088,4.394795871764945e-05,34,valida
50031938,2025-04-01,2025-09-30,semestral,0.545122509895761,0.02194103330003294,32,valida
50031938,2025-05-01,2025-10-31,semestral,0.3881406901929964,0.007777545165650879,37,valida
50031938,2025-06-01,2025-11-30,semestral,0.43626464268422366,0.0076199079547421,35,valida
50031938,2025-07-01,2025-12-31,semestral,0.26303562860835344,0.003101556644661274,33,valida
50031938,2025-08-01,2026-01-31,semestral,-1.3757115080427182,0.03662750381008173,31,valida
50031938,2025-09-01,2026-02-28,semestral,-0.34525798674800645,0.003485434919619168,34,valida
50031938,2025-10-01,2026-03-31,semestral,-1.0809663849820463,0.030764814492718173,31,valida
50031938,2025-11-01,2026-04-30,semestral,-2.109479996016791,0.06861800320583555,30,valida
50031939,2024-03-01,2024-03-31,mensual,,,1,n<3
50031939,2024-04-01,2024-04-30,mensual,,,2,n<3
50031939,2024-05-01,2024-05-31,mensual,,,0,n<3
50031939,2024-06-01,2024-06-30,mensual,,,3,precio constante
50031939,2024-07-01,2024-07-31,mensual,,,0,n<3
50031939,2024-08-01,2024-08-31,mensual,,,3,qty constante
50031939,2024-09-01,2024-09-30,mensual,,,0,n<3
50031939,2024-10-01,2024-10-31,mensual,,,1,n<3
50031939,2024-11-01,2024-11-30,mensual,,,2,n<3
50031939,2024-12-01,2024-12-31,mensual,,,2,n<3
50031939,2025-01-01,2025-01-31,mensual,,,3,precio constante
50031939,2025-02-01,2025-02-28,mensual,,,2,n<3
50031939,2025-03-01,2025-03-31,mensual,,,0,n<3
50031939,2025-04-01,2025-04-30,mensual,,,2,n<3
50031939,2025-05-01,2025-05-31,mensual,,,0,n<3
50031939,2025-06-01,2025-06-30,mensual,,,2,n<3
50031939,2025-07-01,2025-07-31,mensual,,,3,qty constante
50031939,2025-08-01,2025-08-31,mensual,,,1,n<3
50031939,2025-09-01,2025-09-30,mensual,,,3,precio constante
50031939,2025-10-01,2025-10-31,mensual,,,2,n<3
50031939,2025-11-01,2025-11-30,mensual,,,0,n<3
50031939,2025-12-01,2025-12-31,mensual,,,1,n<3
50031939,2026-01-01,2026-01-31,mensual,,,1,n<3
50031939,2026-02-01,2026-02-28,mensual,,,0,n<3
50031939,2026-03-01,2026-03-31,mensual,,,2,n<3
50031939,2026-04-01,2026-04-30,mensual,,,2,n<3
50031939,2024-03-01,2024-05-31,trimestral,,,3,qty constante
50031939,2024-04-01,2024-06-30,trimestral,,,5,precio constante
50031939,2024-05-01,2024-07-31,trimestral,,,3,precio constante
50031939,2024-06-01,2024-08-31,trimestral,,,6,qty constante
50031939,2024-07-01,2024-09-30,trimestral,,,3,qty constante
50031939,2024-08-01,2024-10-31,trimestral,,,4,qty constante
50031939,2024-09-01,2024-11-30,trimestral,,,3,precio constante
50031939,2024-10-01,2024-12-31,trimestral,,,5,precio constante
50031939,2024-11-01,2025-01-31,trimestral,,,7,precio constante
50031939,2024-12-01,2025-02-28,trimestral,-1.616887616928877,0.0277777777777779,7,valida
50031939,2025-01-01,2025-03-31,trimestral,,,5,qty constante
50031939,2025-02-01,2025-04-30,trimestral,,,4,qty constante
50031939,2025-03-01,2025-05-31,trimestral,,,2,n<3
50031939,2025-04-01,2025-06-30,trimestral,,,4,qty constante
50031939,2025-05-01,2025-07-31,trimestral,,,5,qty constante
50031939,2025-06-01,2025-08-31,trimestral,,,6,qty constante
50031939,2025-07-01,2025-09-30,trimestral,-1.6070613151611115,0.027513002196806968,7,valida
50031939,2025-08-01,2025-10-31,trimestral,-18.7992988928677,0.09711642147611155,6,valida
50031939,2025-09-01,2025-11-30,trimestral,-25.174816444136628,0.16309707868718637,5,valida
50031939,2025-10-01,2025-12-31,trimestral,,,3,precio constante
50031939,2025-11-01,2026-01-31,trimestral,,,2,n<3
50031939,2025-12-01,2026-02-28,trimestral,,,2,n<3
50031939,2026-01-01,2026-03-31,trimestral,,,3,precio constante
50031939,2026-02-01,2026-04-30,trimestral,,,4,precio constante
50031939,2024-03-01,2024-08-31,semestral,,,9,qty constante
50031939,2024-04-01,2024-09-30,semestral,,,8,qty constante
50031939,2024-05-01,2024-10-31,semestral,,,7,qty constante
50031939,2024-06-01,2024-11-30,semestral,,,9,qty constante
50031939,2024-07-01,2024-12-31,semestral,0.3238673124505105,0.04761904761904734,8,valida
50031939,2024-08-01,2025-01-31,semestral,0.2159115416336759,0.02222222222222192,11,valida
50031939,2024-09-01,2025-02-28,semestral,-1.077925077952462,0.012345679012345512,10,valida
50031939,2024-10-01,2025-03-31,semestral,-1.077925077952462,0.012345679012345512,10,valida
50031939,2024-11-01,2025-04-30,semestral,-0.9701325701572276,0.009999999999999343,11,valida
50031939,2024-12-01,2025-05-31,semestral,-1.2126657126966003,0.015625000000000222,9,valida
50031939,2025-01-01,2025-06-30,semestral,,,9,qty constante
50031939,2025-02-01,2025-07-31,semestral,,,9,qty constante
50031939,2025-03-01,2025-08-31,semestral,,,8,qty constante
50031939,2025-04-01,2025-09-30,semestral,-0.5551338393842146,0.03244771470053143,11,valida
50031939,2025-05-01,2025-10-31,semestral,-1.2342747685010722,0.015877061708466145,11,valida
50031939,2025-06-01,2025-11-30,semestral,-1.2342747685010722,0.015877061708466145,11,valida
50031939,2025-07-01,2025-12-31,semestral,-1.5524693397893798,0.024467861274488745,10,valida
50031939,2025-08-01,2026-01-31,semestral,-1.401786102460717,0.035598377745614584,8,valida
50031939,2025-09-01,2026-02-28,semestral,-1.6624340328620866,0.0492772107450381,7,valida
50031939,2025-10-01,2026-03-31,semestral,2.6469984305323764,0.19967471692980654,6,valida
50031939,2025-11-01,2026-04-30,semestral,1.5847084712696489,0.03976607250960418,6,valida
50032997,2024-05-01,2024-05-31,mensual,,,1,n<3
50032997,2024-06-01,2024-06-30,mensual,,,0,n<3
50032997,2024-07-01,2024-07-31,mensual,,,0,n<3
50032997,2024-08-01,2024-08-31,mensual,,,0,n<3
50032997,2024-09-01,2024-09-30,mensual,,,1,n<3
50032997,2024-10-01,2024-10-31,mensual,,,2,n<3
50032997,2024-11-01,2024-11-30,mensual,,,0,n<3
50032997,2024-12-01,2024-12-31,mensual,,,1,n<3
50032997,2025-01-01,2025-01-31,mensual,,,1,n<3
50032997,2025-02-01,2025-02-28,mensual,,,0,n<3
50032997,2025-03-01,2025-03-31,mensual,,,0,n<3
50032997,2025-04-01,2025-04-30,mensual,,,0,n<3
50032997,2025-05-01,2025-05-31,mensual,,,1,n<3
50032997,2025-06-01,2025-06-30,mensual,,,0,n<3
50032997,2025-07-01,2025-07-31,mensual,,,0,n<3
50032997,2025-08-01,2025-08-31,mensual,,,0,n<3
50032997,2025-09-01,2025-09-30,mensual,,,0,n<3
50032997,2025-10-01,2025-10-31,mensual,,,1,n<3
50032997,2025-11-01,2025-11-30,mensual,,,0,n<3
50032997,2025-12-01,2025-12-31,mensual,,,0,n<3
50032997,2026-01-01,2026-01-31,mensual,,,0,n<3
50032997,2026-02-01,2026-02-28,mensual,,,1,n<3
50032997,2026-03-01,2026-03-31,mensual,,,1,n<3
50032997,2024-05-01,2024-07-31,trimestral,,,1,n<3
50032997,2024-06-01,2024-08-31,trimestral,,,0,n<3
50032997,2024-07-01,2024-09-30,trimestral,,,1,n<3
50032997,2024-08-01,2024-10-31,trimestral,,,3,precio constante
50032997,2024-09-01,2024-11-30,trimestral,,,3,precio constante
50032997,2024-10-01,2024-12-31,trimestral,,,3,precio constante
50032997,2024-11-01,2025-01-31,trimestral,,,2,n<3
50032997,2024-12-01,2025-02-28,trimestral,,,2,n<3
50032997,2025-01-01,2025-03-31,trimestral,,,1,n<3
50032997,2025-02-01,2025-04-30,trimestral,,,0,n<3
50032997,2025-03-01,2025-05-31,trimestral,,,1,n<3
50032997,2025-04-01,2025-06-30,trimestral,,,1,n<3
50032997,2025-05-01,2025-07-31,trimestral,,,1,n<3
50032997,2025-06-01,2025-08-31,trimestral,,,0,n<3
50032997,2025-07-01,2025-09-30,trimestral,,,0,n<3
50032997,2025-08-01,2025-10-31,trimestral,,,1,n<3
50032997,2025-09-01,2025-11-30,trimestral,,,1,n<3
50032997,2025-10-01,2025-12-31,trimestral,,,1,n<3
50032997,2025-11-01,2026-01-31,trimestral,,,0,n<3
50032997,2025-12-01,2026-02-28,trimestral,,,1,n<3
50032997,2026-01-01,2026-03-31,trimestral,,,2,n<3
50032997,2024-05-01,2024-10-31,semestral,,,4,precio constante
50032997,2024-06-01,2024-11-30,semestral,,,3,precio constante
50032997,2024-07-01,2024-12-31,semestral,,,4,precio constante
50032997,2024-08-01,2025-01-31,semestral,,,5,precio constante
50032997,2024-09-01,2025-02-28,semestral,,,5,precio constante
50032997,2024-10-01,2025-03-31,semestral,,,4,precio constante
50032997,2024-11-01,2025-04-30,semestral,,,2,n<3
50032997,2024-12-01,2025-05-31,semestral,,,3,qty constante
50032997,2025-01-01,2025-06-30,semestral,,,2,n<3
50032997,2025-02-01,2025-07-31,semestral,,,1,n<3
50032997,2025-03-01,2025-08-31,semestral,,,1,n<3
50032997,2025-04-01,2025-09-30,semestral,,,1,n<3
50032997,2025-05-01,2025-10-31,semestral,,,2,n<3
50032997,2025-06-01,2025-11-30,semestral,,,1,n<3
50032997,2025-07-01,2025-12-31,semestral,,,1,n<3
50032997,2025-08-01,2026-01-31,semestral,,,1,n<3
50032997,2025-09-01,2026-02-28,semestral,,,2,n<3
50032997,2025-10-01,2026-03-31,semestral,,,3,precio constante
50033933,2024-01-01,2024-01-31,mensual,,,2,n<3
50033933,2024-02-01,2024-02-29,mensual,,,0,n<3
50033933,2024-03-01,2024-03-31,mensual,,,1,n<3
50033933,2024-04-01,2024-04-30,mensual,,,1,n<3
50033933,2024-05-01,2024-05-31,mensual,,,0,n<3
50033933,2024-06-01,2024-06-30,mensual,,,1,n<3
50033933,2024-07-01,2024-07-31,mensual,,,0,n<3
50033933,2024-08-01,2024-08-31,mensual,,,0,n<3
50033933,2024-09-01,2024-09-30,mensual,,,2,n<3
50033933,2024-10-01,2024-10-31,mensual,,,3,precio constante
50033933,2024-11-01,2024-11-30,mensual,,,1,n<3
50033933,2024-12-01,2024-12-31,mensual,,,0,n<3
50033933,2025-01-01,2025-01-31,mensual,,,0,n<3
50033933,2025-02-01,2025-02-28,mensual,,,1,n<3
50033933,2025-03-01,2025-03-31,mensual,,,1,n<3
50033933,2025-04-01,2025-04-30,mensual,,,0,n<3
50033933,2025-05-01,2025-05-31,mensual,,,0,n<3
50033933,2025-06-01,2025-06-30,mensual,,,1,n<3
50033933,2025-07-01,2025-07-31,mensual,,,0,n<3
50033933,2025-08-01,2025-08-31,mensual,,,0,n<3
50033933,2025-09-01,2025-09-30,mensual,,,1,n<3
50033933,2025-10-01,2025-10-31,mensual,,,2,n<3
50033933,2025-11-01,2025-11-30,mensual,,,3,precio constante
50033933,2025-12-01,2025-12-31,mensual,,,0,n<3
50033933,2026-01-01,2026-01-31,mensual,,,1,n<3
50033933,2024-01-01,2024-03-31,trimestral,,,3,precio constante
50033933,2024-02-01,2024-04-30,trimestral,,,2,n<3
50033933,2024-03-01,2024-05-31,trimestral,,,2,n<3
50033933,2024-04-01,2024-06-30,trimestral,,,2,n<3
50033933,2024-05-01,2024-07-31,trimestral,,,1,n<3
50033933,2024-06-01,2024-08-31,trimestral,,,1,n<3
50033933,2024-07-01,2024-09-30,trimestral,,,2,n<3
50033933,2024-08-01,2024-10-31,trimestral,,,5,precio constante
50033933,2024-09-01,2024-11-30,trimestral,,,6,precio constante
50033933,2024-10-01,2024-12-31,trimestral,,,4,precio constante
50033933,2024-11-01,2025-01-31,trimestral,,,1,n<3
50033933,2024-12-01,2025-02-28,trimestral,,,1,n<3
50033933,2025-01-01,2025-03-31,trimestral,,,2,n<3
50033933,2025-02-01,2025-04-30,trimestral,,,2,n<3
50033933,2025-03-01,2025-05-31,trimestral,,,1,n<3
50033933,2025-04-01,2025-06-30,trimestral,,,1,n<3
50033933,2025-05-01,2025-07-31,trimestral,,,1,n<3
50033933,2025-06-01,2025-08-31,trimestral,,,1,n<3
50033933,2025-07-01,2025-09-30,trimestral,,,1,n<3
50033933,2025-08-01,2025-10-31,trimestral,,,3,precio constante
50033933,2025-09-01,2025-11-30,trimestral,,,6,precio constante
50033933,2025-10-01,2025-12-31,trimestral,,,5,precio constante
50033933,2025-11-01,2026-01-31,trimestral,-1.9953192910542816,0.11111111111111105,4,valida
50033933,2024-01-01,2024-06-30,semestral,0.7756454781990757,0.062388303747589524,5,valida
50033933,2024-02-01,2024-07-31,semestral,1.5522162499185295,0.2498212220654218,3,valida
50033933,2024-03-01,2024-08-31,semestral,1.5522162499185295,0.2498212220654218,3,valida
50033933,2024-04-01,2024-09-30,semestral,1.034481830878193,0.11096988253542794,4,valida
50033933,2024-05-01,2024-10-31,semestral,0.6203535393683597,0.039908511521945855,6,valida
50033933,2024-06-01,2024-11-30,semestral,1.0339882586779157,0.06651841202843589,7,valida
50033933,2024-07-01,2024-12-31,semestral,,,6,precio constante
50033933,2024-08-01,2025-01-31,semestral,,,6,precio constante
50033933,2024-09-01,2025-02-28,semestral,-4.71707412606815,0.06734078651342823,7,valida
50033933,2024-10-01,2025-03-31,semestral,-7.050248989040347,0.2508109493999112,6,valida
50033933,2024-11-01,2025-04-30,semestral,-14.070087399686702,1.0,3,valida
50033933,2024-12-01,2025-05-31,semestral,,,2,n<3
50033933,2025-01-01,2025-06-30,semestral,,,3,precio constante
50033933,2025-02-01,2025-07-31,semestral,,,3,precio constante
50033933,2025-03-01,2025-08-31,semestral,,,2,n<3
50033933,2025-04-01,2025-09-30,semestral,,,2,n<3
50033933,2025-05-01,2025-10-31,semestral,,,4,qty constante
50033933,2025-06-01,2025-11-30,semestral,33.597218472657396,0.027777777777778234,7,valida
50033933,2025-07-01,2025-12-31,semestral,,,6,precio constante
50033933,2025-08-01,2026-01-31,semestral,-0.9976596455270138,0.0277777777777779,7,valida
50034108,2024-03-01,2024-03-31,mensual,,,1,n<3
50034108,2024-04-01,2024-04-30,mensual,,,1,n<3
50034108,2024-05-01,2024-05-31,mensual,,,0,n<3
50034108,2024-06-01,2024-06-30,mensual,,,1,n<3
50034108,2024-07-01,2024-07-31,mensual,,,0,n<3
50034108,2024-08-01,2024-08-31,mensual,,,0,n<3
50034108,2024-09-01,2024-09-30,mensual,,,0,n<3
50034108,2024-10-01,2024-10-31,mensual,,,0,n<3
50034108,2024-11-01,2024-11-30,mensual,,,1,n<3
50034108,2024-12-01,2024-12-31,mensual,,,1,n<3
50034108,2025-01-01,2025-01-31,mensual,,,0,n<3
50034108,2025-02-01,2025-02-28,mensual,,,0,n<3
50034108,2025-03-01,2025-03-31,mensual,,,1,n<3
50034108,2025-04-01,2025-04-30,mensual,,,0,n<3
50034108,2025-05-01,2025-05-31,mensual,,,0,n<3
50034108,2025-06-01,2025-06-30,mensual,,,1,n<3
50034108,2025-07-01,2025-07-31,mensual,,,0,n<3
50034108,2025-08-01,2025-08-31,mensual,,,0,n<3
50034108,2025-09-01,2025-09-30,mensual,,,0,n<3
50034108,2025-10-01,2025-10-31,mensual,,,1,n<3
50034108,2024-03-01,2024-05-31,trimestral,,,2,n<3
50034108,2024-04-01,2024-06-30,trimestral,,,2,n<3
50034108,2024-05-01,2024-07-31,trimestral,,,1,n<3
50034108,2024-06-01,2024-08-31,trimestral,,,1,n<3
50034108,2024-07-01,2024-09-30,trimestral,,,0,n<3
50034108,2024-08-01,2024-10-31,trimestral,,,0,n<3
50034108,2024-09-01,2024-11-30,trimestral,,,1,n<3
50034108,2024-10-01,2024-12-31,trimestral,,,2,n<3
50034108,2024-11-01,2025-01-31,trimestral,,,2,n<3
50034108,2024-12-01,2025-02-28,trimestral,,,1,n<3
50034108,2025-01-01,2025-03-31,trimestral,,,1,n<3
50034108,2025-02-01,2025-04-30,trimestral,,,1,n<3
50034108,2025-03-01,2025-05-31,trimestral,,,1,n<3
50034108,2025-04-01,2025-06-30,trimestral,,,1,n<3
50034108,2025-05-01,2025-07-31,trimestral,,,1,n<3
50034108,2025-06-01,2025-08-31,trimestral,,,1,n<3
50034108,2025-07-01,2025-09-30,trimestral,,,0,n<3
50034108,2025-08-01,2025-10-31,trimestral,,,1,n<3
50034108,2024-03-01,2024-08-31,semestral,,,3,precio constante
50034108,2024-04-01,2024-09-30,semestral,,,2,n<3
50034108,2024-05-01,2024-10-31,semestral,,,1,n<3
50034108,2024-06-01,2024-11-30,semestral,,,2,n<3
50034108,2024-07-01,2024-12-31,semestral,,,2,n<3
50034108,2024-08-01,2025-01-31,semestral,,,2,n<3
50034108,2024-09-01,2025-02-28,semestral,,,2,n<3
50034108,2024-10-01,2025-03-31,semestral,,,3,precio constante
50034108,2024-11-01,2025-04-30,semestral,,,3,precio constante
50034108,2024-12-01,2025-05-31,semestral,,,2,n<3
50034108,2025-01-01,2025-06-30,semestral,,,2,n<3
50034108,2025-02-01,2025-07-31,semestral,,,2,n<3
50034108,2025-03-01,2025-08-31,semestral,,,2,n<3
50034108,2025-04-01,2025-09-30,semestral,,,1,n<3
50034108,2025-05-01,2025-10-31,semestral,,,2,n<3
50040822,2024-08-01,2024-08-31,mensual,,,1,n<3
50040822,2024-09-01,2024-09-30,mensual,,,1,n<3
50040822,2024-10-01,2024-10-31,mensual,,,0,n<3
50040822,2024-11-01,2024-11-30,mensual,,,0,n<3
50040822,2024-12-01,2024-12-31,mensual,,,0,n<3
50040822,2025-01-01,2025-01-31,mensual,,,1,n<3
50040822,2025-02-01,2025-02-28,mensual,,,0,n<3
50040822,2025-03-01,2025-03-31,mensual,,,0,n<3
50040822,2025-04-01,2025-04-30,mensual,,,0,n<3
50040822,2025-05-01,2025-05-31,mensual,,,0,n<3
50040822,2025-06-01,2025-06-30,mensual,,,0,n<3
50040822,2025-07-01,2025-07-31,mensual,,,0,n<3
50040822,2025-08-01,2025-08-31,mensual,,,0,n<3
50040822,2025-09-01,2025-09-30,mensual,,,0,n<3
50040822,2025-10-01,2025-10-31,mensual,,,0,n<3
50040822,2025-11-01,2025-11-30,mensual,,,0,n<3
50040822,2025-12-01,2025-12-31,mensual,,,1,n<3
50040822,2024-08-01,2024-10-31,trimestral,,,2,n<3
50040822,2024-09-01,2024-11-30,trimestral,,,1,n<3
50040822,2024-10-01,2024-12-31,trimestral,,,0,n<3
50040822,2024-11-01,2025-01-31,trimestral,,,1,n<3
50040822,2024-12-01,2025-02-28,trimestral,,,1,n<3
50040822,2025-01-01,2025-03-31,trimestral,,,1,n<3
50040822,2025-02-01,2025-04-30,trimestral,,,0,n<3
50040822,2025-03-01,2025-05-31,trimestral,,,0,n<3
50040822,2025-04-01,2025-06-30,trimestral,,,0,n<3
50040822,2025-05-01,2025-07-31,trimestral,,,0,n<3
50040822,2025-06-01,2025-08-31,trimestral,,,0,n<3
50040822,2025-07-01,2025-09-30,trimestral,,,0,n<3
50040822,2025-08-01,2025-10-31,trimestral,,,0,n<3
50040822,2025-09-01,2025-11-30,trimestral,,,0,n<3
50040822,2025-10-01,2025-12-31,trimestral,,,1,n<3
50040822,2024-08-01,2025-01-31,semestral,0.8238590658404416,0.09551410275022243,3,valida
50040822,2024-09-01,2025-02-28,semestral,,,2,n<3
50040822,2024-10-01,2025-03-31,semestral,,,1,n<3
50040822,2024-11-01,2025-04-30,semestral,,,1,n<3
50040822,2024-12-01,2025-05-31,semestral,,,1,n<3
50040822,2025-01-01,2025-06-30,semestral,,,1,n<3
50040822,2025-02-01,2025-07-31,semestral,,,0,n<3
50040822,2025-03-01,2025-08-31,semestral,,,0,n<3
50040822,2025-04-01,2025-09-30,semestral,,,0,n<3
50040822,2025-05-01,2025-10-31,semestral,,,0,n<3
50040822,2025-06-01,2025-11-30,semestral,,,0,n<3
50040822,2025-07-01,2025-12-31,semestral,,,1,n<3
50040888,2024-01-01,2024-01-31,mensual,,,2,n<3
50040888,2024-02-01,2024-02-29,mensual,,,1,n<3
50040888,2024-03-01,2024-03-31,mensual,,,2,n<3
50040888,2024-04-01,2024-04-30,mensual,,,0,n<3
50040888,2024-05-01,2024-05-31,mensual,,,1,n<3
50040888,2024-06-01,2024-06-30,mensual,,,2,n<3
50040888,2024-07-01,2024-07-31,mensual,,,0,n<3
50040888,2024-08-01,2024-08-31,mensual,,,1,n<3
50040888,2024-09-01,2024-09-30,mensual,,,0,n<3
50040888,2024-10-01,2024-10-31,mensual,,,0,n<3
50040888,2024-11-01,2024-11-30,mensual,,,0,n<3
50040888,2024-12-01,2024-12-31,mensual,,,1,n<3
50040888,2025-01-01,2025-01-31,mensual,,,0,n<3
50040888,2025-02-01,2025-02-28,mensual,,,0,n<3
50040888,2025-03-01,2025-03-31,mensual,,,1,n<3
50040888,2024-01-01,2024-03-31,trimestral,,,5,precio constante
50040888,2024-02-01,2024-04-30,trimestral,,,3,precio constante
50040888,2024-03-01,2024-05-31,trimestral,-4.853722323666222,0.25025914814232797,3,valida
50040888,2024-04-01,2024-06-30,trimestral,,,3,qty constante
50040888,2024-05-01,2024-07-31,trimestral,,,3,qty constante
50040888,2024-06-01,2024-08-31,trimestral,,,3,precio constante
50040888,2024-07-01,2024-09-30,trimestral,,,1,n<3
50040888,2024-08-01,2024-10-31,trimestral,,,1,n<3
50040888,2024-09-01,2024-11-30,trimestral,,,0,n<3
50040888,2024-10-01,2024-12-31,trimestral,,,1,n<3
50040888,2024-11-01,2025-01-31,trimestral,,,1,n<3
50040888,2024-12-01,2025-02-28,trimestral,,,1,n<3
50040888,2025-01-01,2025-03-31,trimestral,,,1,n<3
50040888,2024-01-01,2024-06-30,semestral,-1.3895148496947005,0.020504979007032076,8,valida
50040888,2024-02-01,2024-07-31,semestral,-1.9439029407455324,0.04013278011293797,6,valida
50040888,2024-03-01,2024-08-31,semestral,-5.0211724834306874,0.09304463209670522,6,valida
50040888,2024-04-01,2024-09-30,semestral,-5.129629928523133,0.11124764277568433,4,valida
50040888,2024-05-01,2024-10-31,semestral,-5.129629928523133,0.11124764277568433,4,valida
50040888,2024-06-01,2024-11-30,semestral,,,3,precio constante
50040888,2024-07-01,2024-12-31,semestral,,,2,n<3
50040888,2024-08-01,2025-01-31,semestral,,,2,n<3
50040888,2024-09-01,2025-02-28,semestral,,,1,n<3
50040888,2024-10-01,2025-03-31,semestral,,,2,n<3
50040889,2024-01-01,2024-01-31,mensual,-4.85372232366621,0.2502591481423203,3,valida
50040889,2024-02-01,2024-02-29,mensual,,,3,precio constante
50040889,2024-03-01,2024-03-31,mensual,,,0,n<3
50040889,2024-04-01,2024-04-30,mensual,,,0,n<3
50040889,2024-05-01,2024-05-31,mensual,,,1,n<3
50040889,2024-06-01,2024-06-30,mensual,,,0,n<3
50040889,2024-07-01,2024-07-31,mensual,,,3,precio constante
50040889,2024-08-01,2024-08-31,mensual,-4.2647956953404735,1.0,3,valida
50040889,2024-09-01,2024-09-30,mensual,,,1,n<3
50040889,2024-10-01,2024-10-31,mensual,,,2,n<3
50040889,2024-11-01,2024-11-30,mensual,,,0,n<3
50040889,2024-12-01,2024-12-31,mensual,,,0,n<3
50040889,2025-01-01,2025-01-31,mensual,,,2,n<3
50040889,2025-02-01,2025-02-28,mensual,,,0,n<3
50040889,2025-03-01,2025-03-31,mensual,,,0,n<3
50040889,2025-04-01,2025-04-30,mensual,,,0,n<3
50040889,2025-05-01,2025-05-31,mensual,,,0,n<3
50040889,2025-06-01,2025-06-30,mensual,,,1,n<3
50040889,2025-07-01,2025-07-31,mensual,,,1,n<3
50040889,2025-08-01,2025-08-31,mensual,,,5,precio constante
50040889,2025-09-01,2025-09-30,mensual,,,2,n<3
50040889,2025-10-01,2025-10-31,mensual,,,3,qty constante
50040889,2025-11-01,2025-11-30,mensual,,,1,n<3
50040889,2025-12-01,2025-12-31,mensual,,,1,n<3
50040889,2026-01-01,2026-01-31,mensual,,,2,n<3
50040889,2026-02-01,2026-02-28,mensual,,,2,n<3
50040889,2026-03-01,2026-03-31,mensual,,,0,n<3
50040889,2026-04-01,2026-04-30,mensual,,,1,n<3
50040889,2024-01-01,2024-03-31,trimestral,-1.9439029407455322,0.04013278011293797,6,valida
50040889,2024-02-01,2024-04-30,trimestral,,,3,precio constante
50040889,2024-03-01,2024-05-31,trimestral,,,1,n<3
50040889,2024-04-01,2024-06-30,trimestral,,,1,n<3
50040889,2024-05-01,2024-07-31,trimestral,,,4,precio constante
50040889,2024-06-01,2024-08-31,trimestral,-4.264795695340514,1.0,6,valida
50040889,2024-07-01,2024-09-30,trimestral,-4.2647956953404895,1.0,7,valida
50040889,2024-08-01,2024-10-31,trimestral,-4.264795695340514,1.0,6,valida
50040889,2024-09-01,2024-11-30,trimestral,,,3,precio constante
50040889,2024-10-01,2024-12-31,trimestral,,,2,n<3
50040889,2024-11-01,2025-01-31,trimestral,,,2,n<3
50040889,2024-12-01,2025-02-28,trimestral,,,2,n<3
50040889,2025-01-01,2025-03-31,trimestral,,,2,n<3
50040889,2025-02-01,2025-04-30,trimestral,,,0,n<3
50040889,2025-03-01,2025-05-31,trimestral,,,0,n<3
50040889,2025-04-01,2025-06-30,trimestral,,,1,n<3
50040889,2025-05-01,2025-07-31,trimestral,,,2,n<3
50040889,2025-06-01,2025-08-31,trimestral,,,7,precio constante
50040889,2025-07-01,2025-09-30,trimestral,,,8,qty constante
50040889,2025-08-01,2025-10-31,trimestral,,,10,qty constante
50040889,2025-09-01,2025-11-30,trimestral,,,6,qty constante
50040889,2025-10-01,2025-12-31,trimestral,,,5,qty constante
50040889,2025-11-01,2026-01-31,trimestral,,,4,qty constante
50040889,2025-12-01,2026-02-28,trimestral,,,5,qty constante
50040889,2026-01-01,2026-03-31,trimestral,,,4,precio constante
50040889,2026-02-01,2026-04-30,trimestral,,,3,qty constante
50040889,2024-01-01,2024-06-30,semestral,-1.6205152080806862,0.02788985853616932,7,valida
50040889,2024-02-01,2024-07-31,semestral,,,7,precio constante
50040889,2024-03-01,2024-08-31,semestral,-4.2647956953404895,1.0,7,valida
50040889,2024-04-01,2024-09-30,semestral,-4.2647956953404975,1.0,8,valida
50040889,2024-05-01,2024-10-31,semestral,-4.264795695340494,1.0,10,valida
50040889,2024-06-01,2024-11-30,semestral,-4.264795695340454,1.0,9,valida
50040889,2024-07-01,2024-12-31,semestral,-4.264795695340454,1.0,9,valida
50040889,2024-08-01,2025-01-31,semestral,-4.2647956953404975,1.0,8,valida
50040889,2024-09-01,2025-02-28,semestral,,,5,precio constante
50040889,2024-10-01,2025-03-31,semestral,,,4,precio constante
50040889,2024-11-01,2025-04-30,semestral,,,2,n<3
50040889,2024-12-01,2025-05-31,semestral,,,2,n<3
50040889,2025-01-01,2025-06-30,semestral,,,3,precio constante
50040889,2025-02-01,2025-07-31,semestral,,,2,n<3
50040889,2025-03-01,2025-08-31,semestral,,,7,precio constante
50040889,2025-04-01,2025-09-30,semestral,,,9,qty constante
50040889,2025-05-01,2025-10-31,semestral,,,12,qty constante
50040889,2025-06-01,2025-11-30,semestral,,,13,qty constante
50040889,2025-07-01,2025-12-31,semestral,,,13,qty constante
50040889,2025-08-01,2026-01-31,semestral,,,14,qty constante
50040889,2025-09-01,2026-02-28,semestral,,,11,qty constante
50040889,2025-10-01,2026-03-31,semestral,,,9,qty constante
50040889,2025-11-01,2026-04-30,semestral,,,7,qty constante
50043752,2024-01-01,2024-01-31,mensual,,,1,n<3
50043752,2024-02-01,2024-02-29,mensual,,,0,n<3
50043752,2024-03-01,2024-03-31,mensual,,,0,n<3
50043752,2024-04-01,2024-04-30,mensual,,,0,n<3
50043752,2024-05-01,2024-05-31,mensual,,,0,n<3
50043752,2024-06-01,2024-06-30,mensual,,,0,n<3
50043752,2024-07-01,2024-07-31,mensual,,,0,n<3
50043752,2024-08-01,2024-08-31,mensual,,,1,n<3
50043752,2024-01-01,2024-03-31,trimestral,,,1,n<3
50043752,2024-02-01,2024-04-30,trimestral,,,0,n<3
50043752,2024-03-01,2024-05-31,trimestral,,,0,n<3
50043752,2024-04-01,2024-06-30,trimestral,,,0,n<3
50043752,2024-05-01,2024-07-31,trimestral,,,0,n<3
50043752,2024-06-01,2024-08-31,trimestral,,,1,n<3
50043752,2024-01-01,2024-06-30,semestral,,,1,n<3
50043752,2024-02-01,2024-07-31,semestral,,,0,n<3
50043752,2024-03-01,2024-08-31,semestral,,,1,n<3
50048334,2024-04-01,2024-04-30,mensual,,,1,n<3
50048334,2024-05-01,2024-05-31,mensual,,,0,n<3
50048334,2024-06-01,2024-06-30,mensual,,,0,n<3
50048334,2024-07-01,2024-07-31,mensual,,,0,n<3
50048334,2024-08-01,2024-08-31,mensual,,,0,n<3
50048334,2024-09-01,2024-09-30,mensual,,,0,n<3
50048334,2024-10-01,2024-10-31,mensual,,,1,n<3
50048334,2024-04-01,2024-06-30,trimestral,,,1,n<3
50048334,2024-05-01,2024-07-31,trimestral,,,0,n<3
50048334,2024-06-01,2024-08-31,trimestral,,,0,n<3
50048334,2024-07-01,2024-09-30,trimestral,,,0,n<3
50048334,2024-08-01,2024-10-31,trimestral,,,1,n<3
50048334,2024-04-01,2024-09-30,semestral,,,1,n<3
50048334,2024-05-01,2024-10-31,semestral,,,1,n<3
50049770,2024-03-01,2024-03-31,mensual,,,2,n<3
50049770,2024-04-01,2024-04-30,mensual,,,1,n<3
50049770,2024-05-01,2024-05-31,mensual,,,1,n<3
50049770,2024-06-01,2024-06-30,mensual,,,3,precio constante
50049770,2024-07-01,2024-07-31,mensual,9.701567867486721,1.0,3,valida
50049770,2024-08-01,2024-08-31,mensual,,,4,precio constante
50049770,2024-09-01,2024-09-30,mensual,,,4,precio constante
50049770,2024-10-01,2024-10-31,mensual,,,0,n<3
50049770,2024-11-01,2024-11-30,mensual,,,3,precio constante
50049770,2024-12-01,2024-12-31,mensual,,,3,precio constante
50049770,2025-01-01,2025-01-31,mensual,,,3,precio constante
50049770,2025-02-01,2025-02-28,mensual,,,2,n<3
50049770,2025-03-01,2025-03-31,mensual,-2.2428127462390517,0.2120842328069672,8,valida
50049770,2025-04-01,2025-04-30,mensual,,,4,qty constante
50049770,2025-05-01,2025-05-31,mensual,,,1,n<3
50049770,2025-06-01,2025-06-30,mensual,,,2,n<3
50049770,2025-07-01,2025-07-31,mensual,,,1,n<3
50049770,2025-08-01,2025-08-31,mensual,,,3,precio constante
50049770,2025-09-01,2025-09-30,mensual,,,2,n<3
50049770,2025-10-01,2025-10-31,mensual,,,2,n<3
50049770,2025-11-01,2025-11-30,mensual,,,2,n<3
50049770,2025-12-01,2025-12-31,mensual,,,5,precio constante
50049770,2026-01-01,2026-01-31,mensual,,,1,n<3
50049770,2026-02-01,2026-02-28,mensual,,,3,precio constante
50049770,2026-03-01,2026-03-31,mensual,,,3,precio constante
50049770,2026-04-01,2026-04-30,mensual,,,2,n<3
50049770,2024-03-01,2024-05-31,trimestral,,,4,precio constante
50049770,2024-04-01,2024-06-30,trimestral,,,5,precio constante
50049770,2024-05-01,2024-07-31,trimestral,5.022292039211927,0.7493375049920159,7,valida
50049770,2024-06-01,2024-08-31,trimestral,4.7511456557340015,0.5993057572850127,10,valida
50049770,2024-07-01,2024-09-30,trimestral,7.761254293989254,0.26666666666666683,11,valida
50049770,2024-08-01,2024-10-31,trimestral,,,8,precio constante
50049770,2024-09-01,2024-11-30,trimestral,,,7,precio constante
50049770,2024-10-01,2024-12-31,trimestral,,,6,precio constante
50049770,2024-11-01,2025-01-31,trimestral,,,9,precio constante
50049770,2024-12-01,2025-02-28,trimestral,,,8,precio constante
50049770,2025-01-01,2025-03-31,trimestral,-2.623377028507891,0.28003441762292314,13,valida
50049770,2025-02-01,2025-04-30,trimestral,-2.6108665226802055,0.2916400207193217,14,valida
50049770,2025-03-01,2025-05-31,trimestral,-2.5750624065980987,0.28554634257052813,13,valida
50049770,2025-04-01,2025-06-30,trimestral,,,7,qty constante
50049770,2025-05-01,2025-07-31,trimestral,,,4,precio constante
50049770,2025-06-01,2025-08-31,trimestral,,,6,precio constante
50049770,2025-07-01,2025-09-30,trimestral,,,6,precio constante
50049770,2025-08-01,2025-10-31,trimestral,,,7,precio constante
50049770,2025-09-01,2025-11-30,trimestral,,,6,precio constante
50049770,2025-10-01,2025-12-31,trimestral,,,9,precio constante
50049770,2025-11-01,2026-01-31,trimestral,,,8,precio constante
50049770,2025-12-01,2026-02-28,trimestral,,,9,precio constante
50049770,2026-01-01,2026-03-31,trimestral,,,7,precio constante
50049770,2026-02-01,2026-04-30,trimestral,,,8,precio constante
50049770,2024-03-01,2024-08-31,semestral,3.860687802675801,0.5417775709202288,14,valida
50049770,2024-04-01,2024-09-30,semestral,4.813599556191809,0.2934849799541843,16,valida
50049770,2024-05-01,2024-10-31,semestral,4.964009339536471,0.2850423235457109,15,valida
50049770,2024-06-01,2024-11-30,semestral,5.496615397730558,0.13301530797640493,17,valida
50049770,2024-07-01,2024-12-31,semestral,5.866082634070801,0.03724960576337988,17,valida
50049770,2024-08-01,2025-01-31,semestral,,,17,precio constante
50049770,2024-09-01,2025-02-28,semestral,,,15,precio constante
50049770,2024-10-01,2025-03-31,semestral,-2.2905544432544827,0.14119528554834404,19,valida
50049770,2024-11-01,2025-04-30,semestral,-2.436642802893375,0.16108363506206191,23,valida
50049770,2024-12-01,2025-05-31,semestral,-2.553210583894892,0.20544619798095698,21,valida
50049770,2025-01-01,2025-06-30,semestral,-2.7440195027667573,0.31456519410619577,20,valida
50049770,2025-02-01,2025-07-31,semestral,-2.7104524381439785,0.3087477267287314,18,valida
50049770,2025-03-01,2025-08-31,semestral,-2.7281998539896115,0.3118203707869124,19,valida
50049770,2025-04-01,2025-09-30,semestral,-0.8084639889571897,0.006944444444444642,13,valida
50049770,2025-05-01,2025-10-31,semestral,,,11,precio constante
50049770,2025-06-01,2025-11-30,semestral,,,12,precio constante
50049770,2025-07-01,2025-12-31,semestral,,,15,precio constante
50049770,2025-08-01,2026-01-31,semestral,,,15,precio constante
50049770,2025-09-01,2026-02-28,semestral,,,15,precio constante
50049770,2025-10-01,2026-03-31,semestral,,,16,precio constante
50049770,2025-11-01,2026-04-30,semestral,,,16,precio constante
50052012,2024-01-01,2024-01-31,mensual,,,1,n<3
50052012,2024-02-01,2024-02-29,mensual,,,1,n<3
50052012,2024-03-01,2024-03-31,mensual,,,0,n<3
50052012,2024-04-01,2024-04-30,mensual,,,0,n<3
50052012,2024-05-01,2024-05-31,mensual,,,0,n<3
50052012,2024-06-01,2024-06-30,mensual,,,0,n<3
50052012,2024-07-01,2024-07-31,mensual,,,1,n<3
50052012,2024-08-01,2024-08-31,mensual,,,2,n<3
50052012,2024-09-01,2024-09-30,mensual,,,0,n<3
50052012,2024-10-01,2024-10-31,mensual,,,0,n<3
50052012,2024-11-01,2024-11-30,mensual,,,0,n<3
50052012,2024-12-01,2024-12-31,mensual,,,0,n<3
50052012,2025-01-01,2025-01-31,mensual,,,0,n<3
50052012,2025-02-01,2025-02-28,mensual,,,0,n<3
50052012,2025-03-01,2025-03-31,mensual,,,0,n<3
50052012,2025-04-01,2025-04-30,mensual,,,1,n<3
50052012,2025-05-01,2025-05-31,mensual,,,0,n<3
50052012,2025-06-01,2025-06-30,mensual,,,0,n<3
50052012,2025-07-01,2025-07-31,mensual,,,0,n<3
50052012,2025-08-01,2025-08-31,mensual,,,1,n<3
50052012,2025-09-01,2025-09-30,mensual,,,0,n<3
50052012,2025-10-01,2025-10-31,mensual,,,0,n<3
50052012,2025-11-01,2025-11-30,mensual,,,1,n<3
50052012,2025-12-01,2025-12-31,mensual,,,0,n<3
50052012,2026-01-01,2026-01-31,mensual,,,0,n<3
50052012,2026-02-01,2026-02-28,mensual,,,0,n<3
50052012,2026-03-01,2026-03-31,mensual,,,0,n<3
50052012,2026-04-01,2026-04-30,mensual,,,1,n<3
50052012,2024-01-01,2024-03-31,trimestral,,,2,n<3
50052012,2024-02-01,2024-04-30,trimestral,,,1,n<3
50052012,2024-03-01,2024-05-31,trimestral,,,0,n<3
50052012,2024-04-01,2024-06-30,trimestral,,,0,n<3
50052012,2024-05-01,2024-07-31,trimestral,,,1,n<3
50052012,2024-06-01,2024-08-31,trimestral,1.552877918198094,0.2498725879947813,3,valida
50052012,2024-07-01,2024-09-30,trimestral,1.552877918198094,0.2498725879947813,3,valida
50052012,2024-08-01,2024-10-31,trimestral,,,2,n<3
50052012,2024-09-01,2024-11-30,trimestral,,,0,n<3
50052012,2024-10-01,2024-12-31,trimestral,,,0,n<3
50052012,2024-11-01,2025-01-31,trimestral,,,0,n<3
50052012,2024-12-01,2025-02-28,trimestral,,,0,n<3
50052012,2025-01-01,2025-03-31,trimestral,,,0,n<3
50052012,2025-02-01,2025-04-30,trimestral,,,1,n<3
50052012,2025-03-01,2025-05-31,trimestral,,,1,n<3
50052012,2025-04-01,2025-06-30,trimestral,,,1,n<3
50052012,2025-05-01,2025-07-31,trimestral,,,0,n<3
50052012,2025-06-01,2025-08-31,trimestral,,,1,n<3
50052012,2025-07-01,2025-09-30,trimestral,,,1,n<3
50052012,2025-08-01,2025-10-31,trimestral,,,1,n<3
50052012,2025-09-01,2025-11-30,trimestral,,,1,n<3
50052012,2025-10-01,2025-12-31,trimestral,,,1,n<3
50052012,2025-11-01,2026-01-31,trimestral,,,1,n<3
50052012,2025-12-01,2026-02-28,trimestral,,,0,n<3
50052012,2026-01-01,2026-03-31,trimestral,,,0,n<3
50052012,2026-02-01,2026-04-30,trimestral,,,1,n<3
50052012,2024-01-01,2024-06-30,semestral,,,2,n<3
50052012,2024-02-01,2024-07-31,semestral,,,2,n<3
50052012,2024-03-01,2024-08-31,semestral,1.552877918198094,0.2498725879947813,3,valida
50052012,2024-04-01,2024-09-30,semestral,1.552877918198094,0.2498725879947813,3,valida
50052012,2024-05-01,2024-10-31,semestral,1.552877918198094,0.2498725879947813,3,valida
50052012,2024-06-01,2024-11-30,semestral,1.552877918198094,0.2498725879947813,3,valida
50052012,2024-07-01,2024-12-31,semestral,1.552877918198094,0.2498725879947813,3,valida
50052012,2024-08-01,2025-01-31,semestral,,,2,n<3
50052012,2024-09-01,2025-02-28,semestral,,,0,n<3
50052012,2024-10-01,2025-03-31,semestral,,,0,n<3
50052012,2024-11-01,2025-04-30,semestral,,,1,n<3
50052012,2024-12-01,2025-05-31,semestral,,,1,n<3
50052012,2025-01-01,2025-06-30,semestral,,,1,n<3
50052012,2025-02-01,2025-07-31,semestral,,,1,n<3
50052012,2025-03-01,2025-08-31,semestral,,,2,n<3
50052012,2025-04-01,2025-09-30,semestral,,,2,n<3
50052012,2025-05-01,2025-10-31,semestral,,,1,n<3
50052012,2025-06-01,2025-11-30,semestral,,,2,n<3
50052012,2025-07-01,2025-12-31,semestral,,,2,n<3
50052012,2025-08-01,2026-01-31,semestral,,,2,n<3
50052012,2025-09-01,2026-02-28,semestral,,,1,n<3
50052012,2025-10-01,2026-03-31,semestral,,,1,n<3
50052012,2025-11-01,2026-04-30,semestral,,,2,n<3
50053644,2024-01-01,2024-01-31,mensual,,,1,n<3
50053644,2024-02-01,2024-02-29,mensual,,,0,n<3
50053644,2024-03-01,2024-03-31,mensual,,,0,n<3
50053644,2024-04-01,2024-04-30,mensual,,,1,n<3
50053644,2024-05-01,2024-05-31,mensual,,,0,n<3
50053644,2024-06-01,2024-06-30,mensual,,,1,n<3
50053644,2024-07-01,2024-07-31,mensual,,,0,n<3
50053644,2024-08-01,2024-08-31,mensual,,,0,n<3
50053644,2024-09-01,2024-09-30,mensual,,,1,n<3
50053644,2024-10-01,2024-10-31,mensual,,,1,n<3
50053644,2024-11-01,2024-11-30,mensual,,,1,n<3
50053644,2024-12-01,2024-12-31,mensual,,,0,n<3
50053644,2025-01-01,2025-01-31,mensual,,,0,n<3
50053644,2025-02-01,2025-02-28,mensual,,,0,n<3
50053644,2025-03-01,2025-03-31,mensual,,,0,n<3
50053644,2025-04-01,2025-04-30,mensual,,,0,n<3
50053644,2025-05-01,2025-05-31,mensual,,,0,n<3
50053644,2025-06-01,2025-06-30,mensual,,,0,n<3
50053644,2025-07-01,2025-07-31,mensual,,,0,n<3
50053644,2025-08-01,2025-08-31,mensual,,,0,n<3
50053644,2025-09-01,2025-09-30,mensual,,,0,n<3
50053644,2025-10-01,2025-10-31,mensual,,,0,n<3
50053644,2025-11-01,2025-11-30,mensual,,,0,n<3
50053644,2025-12-01,2025-12-31,mensual,,,1,n<3
50053644,2026-01-01,2026-01-31,mensual,,,0,n<3
50053644,2026-02-01,2026-02-28,mensual,,,1,n<3
50053644,2026-03-01,2026-03-31,mensual,,,1,n<3
50053644,2026-04-01,2026-04-30,mensual,,,1,n<3
50053644,2024-01-01,2024-03-31,trimestral,,,1,n<3
50053644,2024-02-01,2024-04-30,trimestral,,,1,n<3
50053644,2024-03-01,2024-05-31,trimestral,,,1,n<3
50053644,2024-04-01,2024-06-30,trimestral,,,2,n<3
50053644,2024-05-01,2024-07-31,trimestral,,,1,n<3
50053644,2024-06-01,2024-08-31,trimestral,,,1,n<3
50053644,2024-07-01,2024-09-30,trimestral,,,1,n<3
50053644,2024-08-01,2024-10-31,trimestral,,,2,n<3
50053644,2024-09-01,2024-11-30,trimestral,,,3,precio constante
50053644,2024-10-01,2024-12-31,trimestral,,,2,n<3
50053644,2024-11-01,2025-01-31,trimestral,,,1,n<3
50053644,2024-12-01,2025-02-28,trimestral,,,0,n<3
50053644,2025-01-01,2025-03-31,trimestral,,,0,n<3
50053644,2025-02-01,2025-04-30,trimestral,,,0,n<3
50053644,2025-03-01,2025-05-31,trimestral,,,0,n<3
50053644,2025-04-01,2025-06-30,trimestral,,,0,n<3
50053644,2025-05-01,2025-07-31,trimestral,,,0,n<3
50053644,2025-06-01,2025-08-31,trimestral,,,0,n<3
50053644,2025-07-01,2025-09-30,trimestral,,,0,n<3
50053644,2025-08-01,2025-10-31,trimestral,,,0,n<3
50053644,2025-09-01,2025-11-30,trimestral,,,0,n<3
50053644,2025-10-01,2025-12-31,trimestral,,,1,n<3
50053644,2025-11-01,2026-01-31,trimestral,,,1,n<3
50053644,2025-12-01,2026-02-28,trimestral,,,2,n<3
50053644,2026-01-01,2026-03-31,trimestral,,,2,n<3
50053644,2026-02-01,2026-04-30,trimestral,,,3,precio constante
50053644,2024-01-01,2024-06-30,semestral,,,3,precio constante
50053644,2024-02-01,2024-07-31,semestral,,,2,n<3
50053644,2024-03-01,2024-08-31,semestral,,,2,n<3
50053644,2024-04-01,2024-09-30,semestral,,,3,precio constante
50053644,2024-05-01,2024-10-31,semestral,,,3,precio constante
50053644,2024-06-01,2024-11-30,semestral,,,4,precio constante
50053644,2024-07-01,2024-12-31,semestral,,,3,precio constante
50053644,2024-08-01,2025-01-31,semestral,,,3,precio constante
50053644,2024-09-01,2025-02-28,semestral,,,3,precio constante
50053644,2024-10-01,2025-03-31,semestral,,,2,n<3
50053644,2024-11-01,2025-04-30,semestral,,,1,n<3
50053644,2024-12-01,2025-05-31,semestral,,,0,n<3
50053644,2025-01-01,2025-06-30,semestral,,,0,n<3
50053644,2025-02-01,2025-07-31,semestral,,,0,n<3
50053644,2025-03-01,2025-08-31,semestral,,,0,n<3
50053644,2025-04-01,2025-09-30,semestral,,,0,n<3
50053644,2025-05-01,2025-10-31,semestral,,,0,n<3
50053644,2025-06-01,2025-11-30,semestral,,,0,n<3
50053644,2025-07-01,2025-12-31,semestral,,,1,n<3
50053644,2025-08-01,2026-01-31,semestral,,,1,n<3
50053644,2025-09-01,2026-02-28,semestral,,,2,n<3
50053644,2025-10-01,2026-03-31,semestral,,,3,precio constante
50053644,2025-11-01,2026-04-30,semestral,,,4,precio constante
50055438,2024-01-01,2024-01-31,mensual,,,1,n<3
50055438,2024-02-01,2024-02-29,mensual,,,0,n<3
50055438,2024-03-01,2024-03-31,mensual,,,0,n<3
50055438,2024-04-01,2024-04-30,mensual,,,0,n<3
50055438,2024-05-01,2024-05-31,mensual,,,0,n<3
50055438,2024-06-01,2024-06-30,mensual,,,1,n<3
50055438,2024-07-01,2024-07-31,mensual,,,0,n<3
50055438,2024-08-01,2024-08-31,mensual,,,0,n<3
50055438,2024-09-01,2024-09-30,mensual,,,0,n<3
50055438,2024-10-01,2024-10-31,mensual,,,1,n<3
50055438,2024-11-01,2024-11-30,mensual,,,0,n<3
50055438,2024-12-01,2024-12-31,mensual,,,0,n<3
50055438,2025-01-01,2025-01-31,mensual,,,1,n<3
50055438,2025-02-01,2025-02-28,mensual,,,0,n<3
50055438,2025-03-01,2025-03-31,mensual,,,1,n<3
50055438,2025-04-01,2025-04-30,mensual,,,0,n<3
50055438,2025-05-01,2025-05-31,mensual,,,1,n<3
50055438,2025-06-01,2025-06-30,mensual,,,1,n<3
50055438,2025-07-01,2025-07-31,mensual,,,2,n<3
50055438,2025-08-01,2025-08-31,mensual,,,0,n<3
50055438,2025-09-01,2025-09-30,mensual,,,0,n<3
50055438,2025-10-01,2025-10-31,mensual,,,0,n<3
50055438,2025-11-01,2025-11-30,mensual,,,0,n<3
50055438,2025-12-01,2025-12-31,mensual,,,1,n<3
50055438,2026-01-01,2026-01-31,mensual,,,3,precio constante
50055438,2026-02-01,2026-02-28,mensual,,,1,n<3
50055438,2026-03-01,2026-03-31,mensual,,,0,n<3
50055438,2026-04-01,2026-04-30,mensual,,,2,n<3
50055438,2024-01-01,2024-03-31,trimestral,,,1,n<3
50055438,2024-02-01,2024-04-30,trimestral,,,0,n<3
50055438,2024-03-01,2024-05-31,trimestral,,,0,n<3
50055438,2024-04-01,2024-06-30,trimestral,,,1,n<3
50055438,2024-05-01,2024-07-31,trimestral,,,1,n<3
50055438,2024-06-01,2024-08-31,trimestral,,,1,n<3
50055438,2024-07-01,2024-09-30,trimestral,,,0,n<3
50055438,2024-08-01,2024-10-31,trimestral,,,1,n<3
50055438,2024-09-01,2024-11-30,trimestral,,,1,n<3
50055438,2024-10-01,2024-12-31,trimestral,,,1,n<3
50055438,2024-11-01,2025-01-31,trimestral,,,1,n<3
50055438,2024-12-01,2025-02-28,trimestral,,,1,n<3
50055438,2025-01-01,2025-03-31,trimestral,,,2,n<3
50055438,2025-02-01,2025-04-30,trimestral,,,1,n<3
50055438,2025-03-01,2025-05-31,trimestral,,,2,n<3
50055438,2025-04-01,2025-06-30,trimestral,,,2,n<3
50055438,2025-05-01,2025-07-31,trimestral,,,4,qty constante
50055438,2025-06-01,2025-08-31,trimestral,,,3,precio constante
50055438,2025-07-01,2025-09-30,trimestral,,,2,n<3
50055438,2025-08-01,2025-10-31,trimestral,,,0,n<3
50055438,2025-09-01,2025-11-30,trimestral,,,0,n<3
50055438,2025-10-01,2025-12-31,trimestral,,,1,n<3
50055438,2025-11-01,2026-01-31,trimestral,,,4,precio constante
50055438,2025-12-01,2026-02-28,trimestral,,,5,precio constante
50055438,2026-01-01,2026-03-31,trimestral,,,4,precio constante
50055438,2026-02-01,2026-04-30,trimestral,-4.8574434116189,0.2504723198863772,3,valida
50055438,2024-01-01,2024-06-30,semestral,,,2,n<3
50055438,2024-02-01,2024-07-31,semestral,,,1,n<3
50055438,2024-03-01,2024-08-31,semestral,,,1,n<3
50055438,2024-04-01,2024-09-30,semestral,,,1,n<3
50055438,2024-05-01,2024-10-31,semestral,,,2,n<3
50055438,2024-06-01,2024-11-30,semestral,,,2,n<3
50055438,2024-07-01,2024-12-31,semestral,,,1,n<3
50055438,2024-08-01,2025-01-31,semestral,,,2,n<3
50055438,2024-09-01,2025-02-28,semestral,,,2,n<3
50055438,2024-10-01,2025-03-31,semestral,4.995203605766284,0.24999999999999012,3,valida
50055438,2024-11-01,2025-04-30,semestral,,,2,n<3
50055438,2024-12-01,2025-05-31,semestral,,,3,precio constante
50055438,2025-01-01,2025-06-30,semestral,-4.0737299018833495,0.11111111111111671,4,valida
50055438,2025-02-01,2025-07-31,semestral,,,5,qty constante
50055438,2025-03-01,2025-08-31,semestral,,,5,qty constante
50055438,2025-04-01,2025-09-30,semestral,,,4,qty constante
50055438,2025-05-01,2025-10-31,semestral,,,4,qty constante
50055438,2025-06-01,2025-11-30,semestral,,,3,precio constante
50055438,2025-07-01,2025-12-31,semestral,21.36251647452235,1.0,3,valida
50055438,2025-08-01,2026-01-31,semestral,,,4,precio constante
50055438,2025-09-01,2026-02-28,semestral,,,5,precio constante
50055438,2025-10-01,2026-03-31,semestral,,,5,precio constante
50055438,2025-11-01,2026-04-30,semestral,-6.480324590243101,0.10286560929670407,7,valida
50055439,2025-01-01,2025-01-31,mensual,,,1,n<3
50055439,2025-02-01,2025-02-28,mensual,,,0,n<3
50055439,2025-03-01,2025-03-31,mensual,,,0,n<3
50055439,2025-04-01,2025-04-30,mensual,,,2,n<3
50055439,2025-05-01,2025-05-31,mensual,,,0,n<3
50055439,2025-06-01,2025-06-30,mensual,,,0,n<3
50055439,2025-07-01,2025-07-31,mensual,,,0,n<3
50055439,2025-08-01,2025-08-31,mensual,,,0,n<3
50055439,2025-09-01,2025-09-30,mensual,,,0,n<3
50055439,2025-10-01,2025-10-31,mensual,,,0,n<3
50055439,2025-11-01,2025-11-30,mensual,,,0,n<3
50055439,2025-12-01,2025-12-31,mensual,,,0,n<3
50055439,2026-01-01,2026-01-31,mensual,,,0,n<3
50055439,2026-02-01,2026-02-28,mensual,,,3,precio constante
50055439,2026-03-01,2026-03-31,mensual,,,1,n<3
50055439,2025-01-01,2025-03-31,trimestral,,,1,n<3
50055439,2025-02-01,2025-04-30,trimestral,,,2,n<3
50055439,2025-03-01,2025-05-31,trimestral,,,2,n<3
50055439,2025-04-01,2025-06-30,trimestral,,,2,n<3
50055439,2025-05-01,2025-07-31,trimestral,,,0,n<3
50055439,2025-06-01,2025-08-31,trimestral,,,0,n<3
50055439,2025-07-01,2025-09-30,trimestral,,,0,n<3
50055439,2025-08-01,2025-10-31,trimestral,,,0,n<3
50055439,2025-09-01,2025-11-30,trimestral,,,0,n<3
50055439,2025-10-01,2025-12-31,trimestral,,,0,n<3
50055439,2025-11-01,2026-01-31,trimestral,,,0,n<3
50055439,2025-12-01,2026-02-28,trimestral,,,3,precio constante
50055439,2026-01-01,2026-03-31,trimestral,-3.2410123166874145,0.11148449790090054,4,valida
50055439,2025-01-01,2025-06-30,semestral,,,3,precio constante
50055439,2025-02-01,2025-07-31,semestral,,,2,n<3
50055439,2025-03-01,2025-08-31,semestral,,,2,n<3
50055439,2025-04-01,2025-09-30,semestral,,,2,n<3
50055439,2025-05-01,2025-10-31,semestral,,,0,n<3
50055439,2025-06-01,2025-11-30,semestral,,,0,n<3
50055439,2025-07-01,2025-12-31,semestral,,,0,n<3
50055439,2025-08-01,2026-01-31,semestral,,,0,n<3
50055439,2025-09-01,2026-02-28,semestral,,,3,precio constante
50055439,2025-10-01,2026-03-31,semestral,-3.2410123166874145,0.11148449790090054,4,valida
50055440,2024-05-01,2024-05-31,mensual,,,1,n<3
50055440,2024-06-01,2024-06-30,mensual,,,1,n<3
50055440,2024-07-01,2024-07-31,mensual,,,0,n<3
50055440,2024-08-01,2024-08-31,mensual,,,0,n<3
50055440,2024-09-01,2024-09-30,mensual,,,0,n<3
50055440,2024-10-01,2024-10-31,mensual,,,1,n<3
50055440,2024-05-01,2024-07-31,trimestral,,,2,n<3
50055440,2024-06-01,2024-08-31,trimestral,,,1,n<3
50055440,2024-07-01,2024-09-30,trimestral,,,0,n<3
50055440,2024-08-01,2024-10-31,trimestral,,,1,n<3
50055440,2024-05-01,2024-10-31,semestral,,,3,qty constante
50056533,2024-01-01,2024-01-31,mensual,,,2,n<3
50056533,2024-02-01,2024-02-29,mensual,,,4,precio constante
50056533,2024-03-01,2024-03-31,mensual,,,1,n<3
50056533,2024-04-01,2024-04-30,mensual,,,2,n<3
50056533,2024-05-01,2024-05-31,mensual,,,2,n<3
50056533,2024-06-01,2024-06-30,mensual,,,1,n<3
50056533,2024-07-01,2024-07-31,mensual,,,0,n<3
50056533,2024-08-01,2024-08-31,mensual,,,3,qty constante
50056533,2024-09-01,2024-09-30,mensual,,,2,n<3
50056533,2024-10-01,2024-10-31,mensual,,,0,n<3
50056533,2024-11-01,2024-11-30,mensual,,,0,n<3
50056533,2024-12-01,2024-12-31,mensual,,,0,n<3
50056533,2025-01-01,2025-01-31,mensual,,,1,n<3
50056533,2025-02-01,2025-02-28,mensual,,,1,n<3
50056533,2025-03-01,2025-03-31,mensual,,,1,n<3
50056533,2025-04-01,2025-04-30,mensual,,,1,n<3
50056533,2025-05-01,2025-05-31,mensual,,,1,n<3
50056533,2025-06-01,2025-06-30,mensual,,,3,precio constante
50056533,2025-07-01,2025-07-31,mensual,,,1,n<3
50056533,2025-08-01,2025-08-31,mensual,,,1,n<3
50056533,2025-09-01,2025-09-30,mensual,,,1,n<3
50056533,2025-10-01,2025-10-31,mensual,,,0,n<3
50056533,2025-11-01,2025-11-30,mensual,,,2,n<3
50056533,2025-12-01,2025-12-31,mensual,-2.432542358480187,0.06279547869887181,5,valida
50056533,2026-01-01,2026-01-31,mensual,,,3,precio constante
50056533,2026-02-01,2026-02-28,mensual,,,0,n<3
50056533,2026-03-01,2026-03-31,mensual,,,1,n<3
50056533,2026-04-01,2026-04-30,mensual,,,1,n<3
50056533,2024-01-01,2024-03-31,trimestral,,,7,precio constante
50056533,2024-02-01,2024-04-30,trimestral,,,7,precio constante
50056533,2024-03-01,2024-05-31,trimestral,,,5,precio constante
50056533,2024-04-01,2024-06-30,trimestral,,,5,precio constante
50056533,2024-05-01,2024-07-31,trimestral,,,3,precio constante
50056533,2024-06-01,2024-08-31,trimestral,,,4,qty constante
50056533,2024-07-01,2024-09-30,trimestral,,,5,qty constante
50056533,2024-08-01,2024-10-31,trimestral,,,5,qty constante
50056533,2024-09-01,2024-11-30,trimestral,,,2,n<3
50056533,2024-10-01,2024-12-31,trimestral,,,0,n<3
50056533,2024-11-01,2025-01-31,trimestral,,,1,n<3
50056533,2024-12-01,2025-02-28,trimestral,,,2,n<3
50056533,2025-01-01,2025-03-31,trimestral,,,3,precio constante
50056533,2025-02-01,2025-04-30,trimestral,,,3,precio constante
50056533,2025-03-01,2025-05-31,trimestral,,,3,precio constante
50056533,2025-04-01,2025-06-30,trimestral,,,5,precio constante
50056533,2025-05-01,2025-07-31,trimestral,,,5,precio constante
50056533,2025-06-01,2025-08-31,trimestral,,,5,precio constante
50056533,2025-07-01,2025-09-30,trimestral,,,3,precio constante
50056533,2025-08-01,2025-10-31,trimestral,,,2,n<3
50056533,2025-09-01,2025-11-30,trimestral,5.335076917353716,0.2494805502817602,3,valida
50056533,2025-10-01,2025-12-31,trimestral,-3.245085881794293,0.06705896936056233,7,valida
50056533,2025-11-01,2026-01-31,trimestral,-2.1677681585036477,0.028050505289418437,10,valida
50056533,2025-12-01,2026-02-28,trimestral,-1.392831652870908,0.020584779306487833,8,valida
50056533,2026-01-01,2026-03-31,trimestral,,,4,precio constante
50056533,2026-02-01,2026-04-30,trimestral,,,2,n<3
50056533,2024-01-01,2024-06-30,semestral,,,12,precio constante
50056533,2024-02-01,2024-07-31,semestral,,,10,precio constante
50056533,2024-03-01,2024-08-31,semestral,,,9,qty constante
50056533,2024-04-01,2024-09-30,semestral,,,10,qty constante
50056533,2024-05-01,2024-10-31,semestral,,,8,qty constante
50056533,2024-06-01,2024-11-30,semestral,,,6,qty constante
50056533,2024-07-01,2024-12-31,semestral,,,5,qty constante
50056533,2024-08-01,2025-01-31,semestral,,,6,qty constante
50056533,2024-09-01,2025-02-28,semestral,,,4,qty constante
50056533,2024-10-01,2025-03-31,semestral,,,3,precio constante
50056533,2024-11-01,2025-04-30,semestral,,,4,precio constante
50056533,2024-12-01,2025-05-31,semestral,,,5,precio constante
50056533,2025-01-01,2025-06-30,semestral,,,8,precio constante
50056533,2025-02-01,2025-07-31,semestral,,,8,precio constante
50056533,2025-03-01,2025-08-31,semestral,,,8,precio constante
50056533,2025-04-01,2025-09-30,semestral,,,8,precio constante
50056533,2025-05-01,2025-10-31,semestral,,,7,precio constante
50056533,2025-06-01,2025-11-30,semestral,-0.5658932654281543,0.0008322922689295575,8,valida
50056533,2025-07-01,2025-12-31,semestral,-4.16431328081909,0.10593767836741075,10,valida
50056533,2025-08-01,2026-01-31,semestral,-6.790765206907329,0.2177186502190206,12,valida
50056533,2025-09-01,2026-02-28,semestral,-0.09318793825846061,0.00010280673039442245,11,valida
50056533,2025-10-01,2026-03-31,semestral,-1.9522684502828698,0.022469164024094046,11,valida
50056533,2025-11-01,2026-04-30,semestral,-1.7759415393107816,0.01840731432488496,12,valida
50057053,2024-10-01,2024-10-31,mensual,,,1,n<3
50057053,2024-11-01,2024-11-30,mensual,,,0,n<3
50057053,2024-12-01,2024-12-31,mensual,,,0,n<3
50057053,2025-01-01,2025-01-31,mensual,,,0,n<3
50057053,2025-02-01,2025-02-28,mensual,,,0,n<3
50057053,2025-03-01,2025-03-31,mensual,,,0,n<3
50057053,2025-04-01,2025-04-30,mensual,,,1,n<3
50057053,2025-05-01,2025-05-31,mensual,,,0,n<3
50057053,2025-06-01,2025-06-30,mensual,,,0,n<3
50057053,2025-07-01,2025-07-31,mensual,,,0,n<3
50057053,2025-08-01,2025-08-31,mensual,,,0,n<3
50057053,2025-09-01,2025-09-30,mensual,,,1,n<3
50057053,2024-10-01,2024-12-31,trimestral,,,1,n<3
50057053,2024-11-01,2025-01-31,trimestral,,,0,n<3
50057053,2024-12-01,2025-02-28,trimestral,,,0,n<3
50057053,2025-01-01,2025-03-31,trimestral,,,0,n<3
50057053,2025-02-01,2025-04-30,trimestral,,,1,n<3
50057053,2025-03-01,2025-05-31,trimestral,,,1,n<3
50057053,2025-04-01,2025-06-30,trimestral,,,1,n<3
50057053,2025-05-01,2025-07-31,trimestral,,,0,n<3
50057053,2025-06-01,2025-08-31,trimestral,,,0,n<3
50057053,2025-07-01,2025-09-30,trimestral,,,1,n<3
50057053,2024-10-01,2025-03-31,semestral,,,1,n<3
50057053,2024-11-01,2025-04-30,semestral,,,1,n<3
50057053,2024-12-01,2025-05-31,semestral,,,1,n<3
50057053,2025-01-01,2025-06-30,semestral,,,1,n<3
50057053,2025-02-01,2025-07-31,semestral,,,1,n<3
50057053,2025-03-01,2025-08-31,semestral,,,1,n<3
50057053,2025-04-01,2025-09-30,semestral,,,2,n<3
50057064,2024-09-01,2024-09-30,mensual,,,1,n<3
50057064,2024-10-01,2024-10-31,mensual,,,0,n<3
50057064,2024-11-01,2024-11-30,mensual,,,0,n<3
50057064,2024-12-01,2024-12-31,mensual,,,0,n<3
50057064,2025-01-01,2025-01-31,mensual,,,0,n<3
50057064,2025-02-01,2025-02-28,mensual,,,0,n<3
50057064,2025-03-01,2025-03-31,mensual,,,0,n<3
50057064,2025-04-01,2025-04-30,mensual,,,0,n<3
50057064,2025-05-01,2025-05-31,mensual,,,0,n<3
50057064,2025-06-01,2025-06-30,mensual,,,0,n<3
50057064,2025-07-01,2025-07-31,mensual,,,0,n<3
50057064,2025-08-01,2025-08-31,mensual,,,0,n<3
50057064,2025-09-01,2025-09-30,mensual,,,0,n<3
50057064,2025-10-01,2025-10-31,mensual,,,0,n<3
50057064,2025-11-01,2025-11-30,mensual,,,0,n<3
50057064,2025-12-01,2025-12-31,mensual,,,0,n<3
50057064,2026-01-01,2026-01-31,mensual,,,1,n<3
50057064,2024-09-01,2024-11-30,trimestral,,,1,n<3
50057064,2024-10-01,2024-12-31,trimestral,,,0,n<3
50057064,2024-11-01,2025-01-31,trimestral,,,0,n<3
50057064,2024-12-01,2025-02-28,trimestral,,,0,n<3
50057064,2025-01-01,2025-03-31,trimestral,,,0,n<3
50057064,2025-02-01,2025-04-30,trimestral,,,0,n<3
50057064,2025-03-01,2025-05-31,trimestral,,,0,n<3
50057064,2025-04-01,2025-06-30,trimestral,,,0,n<3
50057064,2025-05-01,2025-07-31,trimestral,,,0,n<3
50057064,2025-06-01,2025-08-31,trimestral,,,0,n<3
50057064,2025-07-01,2025-09-30,trimestral,,,0,n<3
50057064,2025-08-01,2025-10-31,trimestral,,,0,n<3
50057064,2025-09-01,2025-11-30,trimestral,,,0,n<3
50057064,2025-10-01,2025-12-31,trimestral,,,0,n<3
50057064,2025-11-01,2026-01-31,trimestral,,,1,n<3
50057064,2024-09-01,2025-02-28,semestral,,,1,n<3
50057064,2024-10-01,2025-03-31,semestral,,,0,n<3
50057064,2024-11-01,2025-04-30,semestral,,,0,n<3
50057064,2024-12-01,2025-05-31,semestral,,,0,n<3
50057064,2025-01-01,2025-06-30,semestral,,,0,n<3
50057064,2025-02-01,2025-07-31,semestral,,,0,n<3
50057064,2025-03-01,2025-08-31,semestral,,,0,n<3
50057064,2025-04-01,2025-09-30,semestral,,,0,n<3
50057064,2025-05-01,2025-10-31,semestral,,,0,n<3
50057064,2025-06-01,2025-11-30,semestral,,,0,n<3
50057064,2025-07-01,2025-12-31,semestral,,,0,n<3
50057064,2025-08-01,2026-01-31,semestral,,,1,n<3
50058266,2025-07-01,2025-07-31,mensual,,,1,n<3
50058266,2025-08-01,2025-08-31,mensual,,,2,n<3
50058266,2025-09-01,2025-09-30,mensual,,,0,n<3
50058266,2025-10-01,2025-10-31,mensual,,,0,n<3
50058266,2025-11-01,2025-11-30,mensual,,,1,n<3
50058266,2025-12-01,2025-12-31,mensual,,,0,n<3
50058266,2026-01-01,2026-01-31,mensual,,,1,n<3
50058266,2025-07-01,2025-09-30,trimestral,,,3,precio constante
50058266,2025-08-01,2025-10-31,trimestral,,,2,n<3
50058266,2025-09-01,2025-11-30,trimestral,,,1,n<3
50058266,2025-10-01,2025-12-31,trimestral,,,1,n<3
50058266,2025-11-01,2026-01-31,trimestral,,,2,n<3
50058266,2025-07-01,2025-12-31,semestral,,,4,precio constante
50058266,2025-08-01,2026-01-31,semestral,,,4,precio constante
50061121,2024-05-01,2024-05-31,mensual,,,1,n<3
50061121,2024-06-01,2024-06-30,mensual,,,0,n<3
50061121,2024-07-01,2024-07-31,mensual,,,0,n<3
50061121,2024-08-01,2024-08-31,mensual,,,1,n<3
50061121,2024-09-01,2024-09-30,mensual,,,0,n<3
50061121,2024-10-01,2024-10-31,mensual,,,0,n<3
50061121,2024-11-01,2024-11-30,mensual,,,0,n<3
50061121,2024-12-01,2024-12-31,mensual,,,0,n<3
50061121,2025-01-01,2025-01-31,mensual,,,0,n<3
50061121,2025-02-01,2025-02-28,mensual,,,1,n<3
50061121,2025-03-01,2025-03-31,mensual,,,0,n<3
50061121,2025-04-01,2025-04-30,mensual,,,0,n<3
50061121,2025-05-01,2025-05-31,mensual,,,1,n<3
50061121,2024-05-01,2024-07-31,trimestral,,,1,n<3
50061121,2024-06-01,2024-08-31,trimestral,,,1,n<3
50061121,2024-07-01,2024-09-30,trimestral,,,1,n<3
50061121,2024-08-01,2024-10-31,trimestral,,,1,n<3
50061121,2024-09-01,2024-11-30,trimestral,,,0,n<3
50061121,2024-10-01,2024-12-31,trimestral,,,0,n<3
50061121,2024-11-01,2025-01-31,trimestral,,,0,n<3
50061121,2024-12-01,2025-02-28,trimestral,,,1,n<3
50061121,2025-01-01,2025-03-31,trimestral,,,1,n<3
50061121,2025-02-01,2025-04-30,trimestral,,,1,n<3
50061121,2025-03-01,2025-05-31,trimestral,,,1,n<3
50061121,2024-05-01,2024-10-31,semestral,,,2,n<3
50061121,2024-06-01,2024-11-30,semestral,,,1,n<3
50061121,2024-07-01,2024-12-31,semestral,,,1,n<3
50061121,2024-08-01,2025-01-31,semestral,,,1,n<3
50061121,2024-09-01,2025-02-28,semestral,,,1,n<3
50061121,2024-10-01,2025-03-31,semestral,,,1,n<3
50061121,2024-11-01,2025-04-30,semestral,,,1,n<3
50061121,2024-12-01,2025-05-31,semestral,,,2,n<3
50061122,2024-01-01,2024-01-31,mensual,,,1,n<3
50061122,2024-02-01,2024-02-29,mensual,,,0,n<3
50061122,2024-03-01,2024-03-31,mensual,,,0,n<3
50061122,2024-04-01,2024-04-30,mensual,,,0,n<3
50061122,2024-05-01,2024-05-31,mensual,,,1,n<3
50061122,2024-06-01,2024-06-30,mensual,,,0,n<3
50061122,2024-07-01,2024-07-31,mensual,,,0,n<3
50061122,2024-08-01,2024-08-31,mensual,,,0,n<3
50061122,2024-09-01,2024-09-30,mensual,,,0,n<3
50061122,2024-10-01,2024-10-31,mensual,,,0,n<3
50061122,2024-11-01,2024-11-30,mensual,,,0,n<3
50061122,2024-12-01,2024-12-31,mensual,,,0,n<3
50061122,2025-01-01,2025-01-31,mensual,,,0,n<3
50061122,2025-02-01,2025-02-28,mensual,,,0,n<3
50061122,2025-03-01,2025-03-31,mensual,,,0,n<3
50061122,2025-04-01,2025-04-30,mensual,,,0,n<3
50061122,2025-05-01,2025-05-31,mensual,,,0,n<3
50061122,2025-06-01,2025-06-30,mensual,,,0,n<3
50061122,2025-07-01,2025-07-31,mensual,,,0,n<3
50061122,2025-08-01,2025-08-31,mensual,,,0,n<3
50061122,2025-09-01,2025-09-30,mensual,,,0,n<3
50061122,2025-10-01,2025-10-31,mensual,,,0,n<3
50061122,2025-11-01,2025-11-30,mensual,,,0,n<3
50061122,2025-12-01,2025-12-31,mensual,,,0,n<3
50061122,2026-01-01,2026-01-31,mensual,,,1,n<3
50061122,2024-01-01,2024-03-31,trimestral,,,1,n<3
50061122,2024-02-01,2024-04-30,trimestral,,,0,n<3
50061122,2024-03-01,2024-05-31,trimestral,,,1,n<3
50061122,2024-04-01,2024-06-30,trimestral,,,1,n<3
50061122,2024-05-01,2024-07-31,trimestral,,,1,n<3
50061122,2024-06-01,2024-08-31,trimestral,,,0,n<3
50061122,2024-07-01,2024-09-30,trimestral,,,0,n<3
50061122,2024-08-01,2024-10-31,trimestral,,,0,n<3
50061122,2024-09-01,2024-11-30,trimestral,,,0,n<3
50061122,2024-10-01,2024-12-31,trimestral,,,0,n<3
50061122,2024-11-01,2025-01-31,trimestral,,,0,n<3
50061122,2024-12-01,2025-02-28,trimestral,,,0,n<3
50061122,2025-01-01,2025-03-31,trimestral,,,0,n<3
50061122,2025-02-01,2025-04-30,trimestral,,,0,n<3
50061122,2025-03-01,2025-05-31,trimestral,,,0,n<3
50061122,2025-04-01,2025-06-30,trimestral,,,0,n<3
50061122,2025-05-01,2025-07-31,trimestral,,,0,n<3
50061122,2025-06-01,2025-08-31,trimestral,,,0,n<3
50061122,2025-07-01,2025-09-30,trimestral,,,0,n<3
50061122,2025-08-01,2025-10-31,trimestral,,,0,n<3
50061122,2025-09-01,2025-11-30,trimestral,,,0,n<3
50061122,2025-10-01,2025-12-31,trimestral,,,0,n<3
50061122,2025-11-01,2026-01-31,trimestral,,,1,n<3
50061122,2024-01-01,2024-06-30,semestral,,,2,n<3
50061122,2024-02-01,2024-07-31,semestral,,,1,n<3
50061122,2024-03-01,2024-08-31,semestral,,,1,n<3
50061122,2024-04-01,2024-09-30,semestral,,,1,n<3
50061122,2024-05-01,2024-10-31,semestral,,,1,n<3
50061122,2024-06-01,2024-11-30,semestral,,,0,n<3
50061122,2024-07-01,2024-12-31,semestral,,,0,n<3
50061122,2024-08-01,2025-01-31,semestral,,,0,n<3
50061122,2024-09-01,2025-02-28,semestral,,,0,n<3
50061122,2024-10-01,2025-03-31,semestral,,,0,n<3
50061122,2024-11-01,2025-04-30,semestral,,,0,n<3
50061122,2024-12-01,2025-05-31,semestral,,,0,n<3
50061122,2025-01-01,2025-06-30,semestral,,,0,n<3
50061122,2025-02-01,2025-07-31,semestral,,,0,n<3
50061122,2025-03-01,2025-08-31,semestral,,,0,n<3
50061122,2025-04-01,2025-09-30,semestral,,,0,n<3
50061122,2025-05-01,2025-10-31,semestral,,,0,n<3
50061122,2025-06-01,2025-11-30,semestral,,,0,n<3
50061122,2025-07-01,2025-12-31,semestral,,,0,n<3
50061122,2025-08-01,2026-01-31,semestral,,,1,n<3
50061382,2024-06-01,2024-06-30,mensual,,,2,n<3
50061382,2024-07-01,2024-07-31,mensual,,,0,n<3
50061382,2024-08-01,2024-08-31,mensual,,,0,n<3
50061382,2024-09-01,2024-09-30,mensual,,,0,n<3
50061382,2024-10-01,2024-10-31,mensual,,,0,n<3
50061382,2024-11-01,2024-11-30,mensual,,,1,n<3
50061382,2024-06-01,2024-08-31,trimestral,,,2,n<3
50061382,2024-07-01,2024-09-30,trimestral,,,0,n<3
50061382,2024-08-01,2024-10-31,trimestral,,,0,n<3
50061382,2024-09-01,2024-11-30,trimestral,,,1,n<3
50061382,2024-06-01,2024-11-30,semestral,,,3,precio constante
50061413,2024-09-01,2024-09-30,mensual,,,1,n<3
50061413,2024-10-01,2024-10-31,mensual,,,0,n<3
50061413,2024-11-01,2024-11-30,mensual,,,1,n<3
50061413,2024-09-01,2024-11-30,trimestral,,,2,n<3
50061414,2024-04-01,2024-04-30,mensual,,,2,n<3
50061414,2024-05-01,2024-05-31,mensual,,,1,n<3
50061414,2024-06-01,2024-06-30,mensual,,,1,n<3
50061414,2024-07-01,2024-07-31,mensual,,,1,n<3
50061414,2024-08-01,2024-08-31,mensual,,,1,n<3
50061414,2024-09-01,2024-09-30,mensual,,,0,n<3
50061414,2024-10-01,2024-10-31,mensual,,,0,n<3
50061414,2024-11-01,2024-11-30,mensual,,,1,n<3
50061414,2024-12-01,2024-12-31,mensual,,,0,n<3
50061414,2025-01-01,2025-01-31,mensual,,,0,n<3
50061414,2025-02-01,2025-02-28,mensual,,,1,n<3
50061414,2025-03-01,2025-03-31,mensual,,,1,n<3
50061414,2025-04-01,2025-04-30,mensual,,,1,n<3
50061414,2025-05-01,2025-05-31,mensual,,,2,n<3
50061414,2025-06-01,2025-06-30,mensual,,,1,n<3
50061414,2025-07-01,2025-07-31,mensual,,,1,n<3
50061414,2025-08-01,2025-08-31,mensual,,,4,precio constante
50061414,2025-09-01,2025-09-30,mensual,,,1,n<3
50061414,2025-10-01,2025-10-31,mensual,,,2,n<3
50061414,2025-11-01,2025-11-30,mensual,,,0,n<3
50061414,2025-12-01,2025-12-31,mensual,,,1,n<3
50061414,2026-01-01,2026-01-31,mensual,,,0,n<3
50061414,2026-02-01,2026-02-28,mensual,,,0,n<3
50061414,2026-03-01,2026-03-31,mensual,,,1,n<3
50061414,2026-04-01,2026-04-30,mensual,,,1,n<3
50061414,2024-04-01,2024-06-30,trimestral,-3.234180057561526,0.11111111111111105,4,valida
50061414,2024-05-01,2024-07-31,trimestral,,,3,qty constante
50061414,2024-06-01,2024-08-31,trimestral,,,3,qty constante
50061414,2024-07-01,2024-09-30,trimestral,,,2,n<3
50061414,2024-08-01,2024-10-31,trimestral,,,1,n<3
50061414,2024-09-01,2024-11-30,trimestral,,,1,n<3
50061414,2024-10-01,2024-12-31,trimestral,,,1,n<3
50061414,2024-11-01,2025-01-31,trimestral,,,1,n<3
50061414,2024-12-01,2025-02-28,trimestral,,,1,n<3
50061414,2025-01-01,2025-03-31,trimestral,,,2,n<3
50061414,2025-02-01,2025-04-30,trimestral,,,3,precio constante
50061414,2025-03-01,2025-05-31,trimestral,-11.641731280676824,0.9070967000041896,4,valida
50061414,2025-04-01,2025-06-30,trimestral,-11.273765422686859,0.637995620458031,4,valida
50061414,2025-05-01,2025-07-31,trimestral,,,4,precio constante
50061414,2025-06-01,2025-08-31,trimestral,,,6,precio constante
50061414,2025-07-01,2025-09-30,trimestral,,,6,precio constante
50061414,2025-08-01,2025-10-31,trimestral,11.86352553730284,0.41666666666666696,7,valida
50061414,2025-09-01,2025-11-30,trimestral,11.863525537303975,0.2500000000000001,3,valida
50061414,2025-10-01,2025-12-31,trimestral,,,3,precio constante
50061414,2025-11-01,2026-01-31,trimestral,,,1,n<3
50061414,2025-12-01,2026-02-28,trimestral,,,1,n<3
50061414,2026-01-01,2026-03-31,trimestral,,,1,n<3
50061414,2026-02-01,2026-04-30,trimestral,,,2,n<3
50061414,2024-04-01,2024-09-30,semestral,-1.9405080345368555,0.040000000000000036,6,valida
50061414,2024-05-01,2024-10-31,semestral,,,4,qty constante
50061414,2024-06-01,2024-11-30,semestral,,,4,qty constante
50061414,2024-07-01,2024-12-31,semestral,,,3,precio constante
50061414,2024-08-01,2025-01-31,semestral,,,2,n<3
50061414,2024-09-01,2025-02-28,semestral,,,2,n<3
50061414,2024-10-01,2025-03-31,semestral,,,3,precio constante
50061414,2024-11-01,2025-04-30,semestral,,,4,precio constante
50061414,2024-12-01,2025-05-31,semestral,-7.761154187118154,0.4094946563754094,5,valida
50061414,2025-01-01,2025-06-30,semestral,-4.758729902451349,0.17665160987613837,6,valida
50061414,2025-02-01,2025-07-31,semestral,-5.509335973618001,0.23965733951032553,7,valida
50061414,2025-03-01,2025-08-31,semestral,-10.515822173926905,0.6758228780782705,10,valida
50061414,2025-04-01,2025-09-30,semestral,-13.275381612464864,0.6874405055347073,10,valida
50061414,2025-05-01,2025-10-31,semestral,9.227186529013881,0.15123456790123468,11,valida
50061414,2025-06-01,2025-11-30,semestral,8.473946812359493,0.12755102040816335,9,valida
50061414,2025-07-01,2025-12-31,semestral,7.909017024869064,0.2500000000000001,9,valida
50061414,2025-08-01,2026-01-31,semestral,7.909017024868927,0.23809523809523792,8,valida
50061414,2025-09-01,2026-02-28,semestral,7.9090170248688905,0.11111111111111105,4,valida
50061414,2025-10-01,2026-03-31,semestral,,,4,precio constante
50061414,2025-11-01,2026-04-30,semestral,,,3,precio constante
50061415,2024-10-01,2024-10-31,mensual,,,1,n<3
50061416,2024-03-01,2024-03-31,mensual,,,1,n<3
50061416,2024-04-01,2024-04-30,mensual,,,0,n<3
50061416,2024-05-01,2024-05-31,mensual,,,1,n<3
50061416,2024-06-01,2024-06-30,mensual,,,0,n<3
50061416,2024-07-01,2024-07-31,mensual,,,0,n<3
50061416,2024-08-01,2024-08-31,mensual,,,0,n<3
50061416,2024-09-01,2024-09-30,mensual,,,0,n<3
50061416,2024-10-01,2024-10-31,mensual,,,0,n<3
50061416,2024-11-01,2024-11-30,mensual,,,1,n<3
50061416,2024-12-01,2024-12-31,mensual,,,0,n<3
50061416,2025-01-01,2025-01-31,mensual,,,2,n<3
50061416,2025-02-01,2025-02-28,mensual,,,0,n<3
50061416,2025-03-01,2025-03-31,mensual,,,0,n<3
50061416,2025-04-01,2025-04-30,mensual,,,0,n<3
50061416,2025-05-01,2025-05-31,mensual,,,0,n<3
50061416,2025-06-01,2025-06-30,mensual,,,0,n<3
50061416,2025-07-01,2025-07-31,mensual,,,0,n<3
50061416,2025-08-01,2025-08-31,mensual,,,0,n<3
50061416,2025-09-01,2025-09-30,mensual,,,0,n<3
50061416,2025-10-01,2025-10-31,mensual,,,0,n<3
50061416,2025-11-01,2025-11-30,mensual,,,0,n<3
50061416,2025-12-01,2025-12-31,mensual,,,0,n<3
50061416,2026-01-01,2026-01-31,mensual,,,0,n<3
50061416,2026-02-01,2026-02-28,mensual,,,1,n<3
50061416,2024-03-01,2024-05-31,trimestral,,,2,n<3
50061416,2024-04-01,2024-06-30,trimestral,,,1,n<3
50061416,2024-05-01,2024-07-31,trimestral,,,1,n<3
50061416,2024-06-01,2024-08-31,trimestral,,,0,n<3
50061416,2024-07-01,2024-09-30,trimestral,,,0,n<3
50061416,2024-08-01,2024-10-31,trimestral,,,0,n<3
50061416,2024-09-01,2024-11-30,trimestral,,,1,n<3
50061416,2024-10-01,2024-12-31,trimestral,,,1,n<3
50061416,2024-11-01,2025-01-31,trimestral,6.840889767208415,0.2500000000000001,3,valida
50061416,2024-12-01,2025-02-28,trimestral,,,2,n<3
50061416,2025-01-01,2025-03-31,trimestral,,,2,n<3
50061416,2025-02-01,2025-04-30,trimestral,,,0,n<3
50061416,2025-03-01,2025-05-31,trimestral,,,0,n<3
50061416,2025-04-01,2025-06-30,trimestral,,,0,n<3
50061416,2025-05-01,2025-07-31,trimestral,,,0,n<3
50061416,2025-06-01,2025-08-31,trimestral,,,0,n<3
50061416,2025-07-01,2025-09-30,trimestral,,,0,n<3
50061416,2025-08-01,2025-10-31,trimestral,,,0,n<3
50061416,2025-09-01,2025-11-30,trimestral,,,0,n<3
50061416,2025-10-01,2025-12-31,trimestral,,,0,n<3
50061416,2025-11-01,2026-01-31,trimestral,,,0,n<3
50061416,2025-12-01,2026-02-28,trimestral,,,1,n<3
50061416,2024-03-01,2024-08-31,semestral,,,2,n<3
50061416,2024-04-01,2024-09-30,semestral,,,1,n<3
50061416,2024-05-01,2024-10-31,semestral,,,1,n<3
50061416,2024-06-01,2024-11-30,semestral,,,1,n<3
50061416,2024-07-01,2024-12-31,semestral,,,1,n<3
50061416,2024-08-01,2025-01-31,semestral,6.840889767208415,0.2500000000000001,3,valida
50061416,2024-09-01,2025-02-28,semestral,6.840889767208415,0.2500000000000001,3,valida
50061416,2024-10-01,2025-03-31,semestral,6.840889767208415,0.2500000000000001,3,valida
50061416,2024-11-01,2025-04-30,semestral,6.840889767208415,0.2500000000000001,3,valida
50061416,2024-12-01,2025-05-31,semestral,,,2,n<3
50061416,2025-01-01,2025-06-30,semestral,,,2,n<3
50061416,2025-02-01,2025-07-31,semestral,,,0,n<3
50061416,2025-03-01,2025-08-31,semestral,,,0,n<3
50061416,2025-04-01,2025-09-30,semestral,,,0,n<3
50061416,2025-05-01,2025-10-31,semestral,,,0,n<3
50061416,2025-06-01,2025-11-30,semestral,,,0,n<3
50061416,2025-07-01,2025-12-31,semestral,,,0,n<3
50061416,2025-08-01,2026-01-31,semestral,,,0,n<3
50061416,2025-09-01,2026-02-28,semestral,,,1,n<3
50061417,2024-05-01,2024-05-31,mensual,,,2,n<3
50061417,2024-06-01,2024-06-30,mensual,,,0,n<3
50061417,2024-07-01,2024-07-31,mensual,,,0,n<3
50061417,2024-08-01,2024-08-31,mensual,,,1,n<3
50061417,2024-09-01,2024-09-30,mensual,,,0,n<3
50061417,2024-10-01,2024-10-31,mensual,,,1,n<3
50061417,2024-11-01,2024-11-30,mensual,,,1,n<3
50061417,2024-12-01,2024-12-31,mensual,,,1,n<3
50061417,2025-01-01,2025-01-31,mensual,,,0,n<3
50061417,2025-02-01,2025-02-28,mensual,,,0,n<3
50061417,2025-03-01,2025-03-31,mensual,,,0,n<3
50061417,2025-04-01,2025-04-30,mensual,,,0,n<3
50061417,2025-05-01,2025-05-31,mensual,,,0,n<3
50061417,2025-06-01,2025-06-30,mensual,,,0,n<3
50061417,2025-07-01,2025-07-31,mensual,,,0,n<3
50061417,2025-08-01,2025-08-31,mensual,,,1,n<3
50061417,2025-09-01,2025-09-30,mensual,,,1,n<3
50061417,2025-10-01,2025-10-31,mensual,,,0,n<3
50061417,2025-11-01,2025-11-30,mensual,,,0,n<3
50061417,2025-12-01,2025-12-31,mensual,,,0,n<3
50061417,2026-01-01,2026-01-31,mensual,,,1,n<3
50061417,2026-02-01,2026-02-28,mensual,,,1,n<3
50061417,2024-05-01,2024-07-31,trimestral,,,2,n<3
50061417,2024-06-01,2024-08-31,trimestral,,,1,n<3
50061417,2024-07-01,2024-09-30,trimestral,,,1,n<3
50061417,2024-08-01,2024-10-31,trimestral,,,2,n<3
50061417,2024-09-01,2024-11-30,trimestral,,,2,n<3
50061417,2024-10-01,2024-12-31,trimestral,,,3,precio constante
50061417,2024-11-01,2025-01-31,trimestral,,,2,n<3
50061417,2024-12-01,2025-02-28,trimestral,,,1,n<3
50061417,2025-01-01,2025-03-31,trimestral,,,0,n<3
50061417,2025-02-01,2025-04-30,trimestral,,,0,n<3
50061417,2025-03-01,2025-05-31,trimestral,,,0,n<3
50061417,2025-04-01,2025-06-30,trimestral,,,0,n<3
50061417,2025-05-01,2025-07-31,trimestral,,,0,n<3
50061417,2025-06-01,2025-08-31,trimestral,,,1,n<3
50061417,2025-07-01,2025-09-30,trimestral,,,2,n<3
50061417,2025-08-01,2025-10-31,trimestral,,,2,n<3
50061417,2025-09-01,2025-11-30,trimestral,,,1,n<3
50061417,2025-10-01,2025-12-31,trimestral,,,0,n<3
50061417,2025-11-01,2026-01-31,trimestral,,,1,n<3
50061417,2025-12-01,2026-02-28,trimestral,,,2,n<3
50061417,2024-05-01,2024-10-31,semestral,,,4,precio constante
50061417,2024-06-01,2024-11-30,semestral,,,3,precio constante
50061417,2024-07-01,2024-12-31,semestral,,,4,precio constante
50061417,2024-08-01,2025-01-31,semestral,,,4,precio constante
50061417,2024-09-01,2025-02-28,semestral,,,3,precio constante
50061417,2024-10-01,2025-03-31,semestral,,,3,precio constante
50061417,2024-11-01,2025-04-30,semestral,,,2,n<3
50061417,2024-12-01,2025-05-31,semestral,,,1,n<3
50061417,2025-01-01,2025-06-30,semestral,,,0,n<3
50061417,2025-02-01,2025-07-31,semestral,,,0,n<3
50061417,2025-03-01,2025-08-31,semestral,,,1,n<3
50061417,2025-04-01,2025-09-30,semestral,,,2,n<3
50061417,2025-05-01,2025-10-31,semestral,,,2,n<3
50061417,2025-06-01,2025-11-30,semestral,,,2,n<3
50061417,2025-07-01,2025-12-31,semestral,,,2,n<3
50061417,2025-08-01,2026-01-31,semestral,18.785304154359185,0.24928583526734582,3,valida
50061417,2025-09-01,2026-02-28,semestral,-7.695275564536959,0.250292160251667,3,valida
50061418,2024-08-01,2024-08-31,mensual,,,2,n<3
50061418,2024-09-01,2024-09-30,mensual,,,2,n<3
50061418,2024-10-01,2024-10-31,mensual,,,1,n<3
50061418,2024-11-01,2024-11-30,mensual,,,1,n<3
50061418,2024-12-01,2024-12-31,mensual,,,0,n<3
50061418,2025-01-01,2025-01-31,mensual,,,0,n<3
50061418,2025-02-01,2025-02-28,mensual,,,1,n<3
50061418,2025-03-01,2025-03-31,mensual,,,0,n<3
50061418,2025-04-01,2025-04-30,mensual,,,1,n<3
50061418,2025-05-01,2025-05-31,mensual,,,1,n<3
50061418,2025-06-01,2025-06-30,mensual,,,0,n<3
50061418,2025-07-01,2025-07-31,mensual,,,0,n<3
50061418,2025-08-01,2025-08-31,mensual,,,1,n<3
50061418,2025-09-01,2025-09-30,mensual,,,0,n<3
50061418,2025-10-01,2025-10-31,mensual,,,0,n<3
50061418,2025-11-01,2025-11-30,mensual,,,0,n<3
50061418,2025-12-01,2025-12-31,mensual,,,1,n<3
50061418,2026-01-01,2026-01-31,mensual,,,2,n<3
50061418,2026-02-01,2026-02-28,mensual,,,1,n<3
50061418,2024-08-01,2024-10-31,trimestral,1.1277952224732852,0.06247561184537431,5,valida
50061418,2024-09-01,2024-11-30,trimestral,,,4,precio constante
50061418,2024-10-01,2024-12-31,trimestral,,,2,n<3
50061418,2024-11-01,2025-01-31,trimestral,,,1,n<3
50061418,2024-12-01,2025-02-28,trimestral,,,1,n<3
50061418,2025-01-01,2025-03-31,trimestral,,,1,n<3
50061418,2025-02-01,2025-04-30,trimestral,,,2,n<3
50061418,2025-03-01,2025-05-31,trimestral,,,2,n<3
50061418,2025-04-01,2025-06-30,trimestral,,,2,n<3
50061418,2025-05-01,2025-07-31,trimestral,,,1,n<3
50061418,2025-06-01,2025-08-31,trimestral,,,1,n<3
50061418,2025-07-01,2025-09-30,trimestral,,,1,n<3
50061418,2025-08-01,2025-10-31,trimestral,,,1,n<3
50061418,2025-09-01,2025-11-30,trimestral,,,0,n<3
50061418,2025-10-01,2025-12-31,trimestral,,,1,n<3
50061418,2025-11-01,2026-01-31,trimestral,,,3,precio constante
50061418,2025-12-01,2026-02-28,trimestral,,,4,precio constante
50061418,2024-08-01,2025-01-31,semestral,0.9021845285609467,0.03998002184750704,6,valida
50061418,2024-09-01,2025-02-28,semestral,19.400402618914452,0.2847147648384907,5,valida
50061418,2024-10-01,2025-03-31,semestral,27.351652789034556,1.0,3,valida
50061418,2024-11-01,2025-04-30,semestral,-1.2747561828904568,0.00955272342411917,3,valida
50061418,2024-12-01,2025-05-31,semestral,-17.283218232099774,0.6092181288100331,3,valida
50061418,2025-01-01,2025-06-30,semestral,-17.283218232099774,0.6092181288100331,3,valida
50061418,2025-02-01,2025-07-31,semestral,-17.283218232099774,0.6092181288100331,3,valida
50061418,2025-03-01,2025-08-31,semestral,,,3,qty constante
50061418,2025-04-01,2025-09-30,semestral,,,3,qty constante
50061418,2025-05-01,2025-10-31,semestral,,,2,n<3
50061418,2025-06-01,2025-11-30,semestral,,,1,n<3
50061418,2025-07-01,2025-12-31,semestral,,,2,n<3
50061418,2025-08-01,2026-01-31,semestral,,,4,qty constante
50061418,2025-09-01,2026-02-28,semestral,,,4,precio constante
50061419,2024-05-01,2024-05-31,mensual,,,1,n<3
50061419,2024-06-01,2024-06-30,mensual,,,0,n<3
50061419,2024-07-01,2024-07-31,mensual,,,0,n<3
50061419,2024-08-01,2024-08-31,mensual,,,2,n<3
50061419,2024-09-01,2024-09-30,mensual,,,0,n<3
50061419,2024-10-01,2024-10-31,mensual,,,0,n<3
50061419,2024-11-01,2024-11-30,mensual,,,0,n<3
50061419,2024-12-01,2024-12-31,mensual,,,0,n<3
50061419,2025-01-01,2025-01-31,mensual,,,0,n<3
50061419,2025-02-01,2025-02-28,mensual,,,0,n<3
50061419,2025-03-01,2025-03-31,mensual,,,0,n<3
50061419,2025-04-01,2025-04-30,mensual,,,0,n<3
50061419,2025-05-01,2025-05-31,mensual,,,0,n<3
50061419,2025-06-01,2025-06-30,mensual,,,0,n<3
50061419,2025-07-01,2025-07-31,mensual,,,0,n<3
50061419,2025-08-01,2025-08-31,mensual,,,0,n<3
50061419,2025-09-01,2025-09-30,mensual,,,0,n<3
50061419,2025-10-01,2025-10-31,mensual,,,0,n<3
50061419,2025-11-01,2025-11-30,mensual,,,1,n<3
50061419,2025-12-01,2025-12-31,mensual,,,1,n<3
50061419,2026-01-01,2026-01-31,mensual,,,1,n<3
50061419,2026-02-01,2026-02-28,mensual,,,1,n<3
50061419,2026-03-01,2026-03-31,mensual,,,1,n<3
50061419,2026-04-01,2026-04-30,mensual,,,2,n<3
50061419,2024-05-01,2024-07-31,trimestral,,,1,n<3
50061419,2024-06-01,2024-08-31,trimestral,,,2,n<3
50061419,2024-07-01,2024-09-30,trimestral,,,2,n<3
50061419,2024-08-01,2024-10-31,trimestral,,,2,n<3
50061419,2024-09-01,2024-11-30,trimestral,,,0,n<3
50061419,2024-10-01,2024-12-31,trimestral,,,0,n<3
50061419,2024-11-01,2025-01-31,trimestral,,,0,n<3
50061419,2024-12-01,2025-02-28,trimestral,,,0,n<3
50061419,2025-01-01,2025-03-31,trimestral,,,0,n<3
50061419,2025-02-01,2025-04-30,trimestral,,,0,n<3
50061419,2025-03-01,2025-05-31,trimestral,,,0,n<3
50061419,2025-04-01,2025-06-30,trimestral,,,0,n<3
50061419,2025-05-01,2025-07-31,trimestral,,,0,n<3
50061419,2025-06-01,2025-08-31,trimestral,,,0,n<3
50061419,2025-07-01,2025-09-30,trimestral,,,0,n<3
50061419,2025-08-01,2025-10-31,trimestral,,,0,n<3
50061419,2025-09-01,2025-11-30,trimestral,,,1,n<3
50061419,2025-10-01,2025-12-31,trimestral,,,2,n<3
50061419,2025-11-01,2026-01-31,trimestral,,,3,precio constante
50061419,2025-12-01,2026-02-28,trimestral,,,3,precio constante
50061419,2026-01-01,2026-03-31,trimestral,,,3,precio constante
50061419,2026-02-01,2026-04-30,trimestral,,,4,precio constante
50061419,2024-05-01,2024-10-31,semestral,,,3,precio constante
50061419,2024-06-01,2024-11-30,semestral,,,2,n<3
50061419,2024-07-01,2024-12-31,semestral,,,2,n<3
50061419,2024-08-01,2025-01-31,semestral,,,2,n<3
50061419,2024-09-01,2025-02-28,semestral,,,0,n<3
50061419,2024-10-01,2025-03-31,semestral,,,0,n<3
50061419,2024-11-01,2025-04-30,semestral,,,0,n<3
50061419,2024-12-01,2025-05-31,semestral,,,0,n<3
50061419,2025-01-01,2025-06-30,semestral,,,0,n<3
50061419,2025-02-01,2025-07-31,semestral,,,0,n<3
50061419,2025-03-01,2025-08-31,semestral,,,0,n<3
50061419,2025-04-01,2025-09-30,semestral,,,0,n<3
50061419,2025-05-01,2025-10-31,semestral,,,0,n<3
50061419,2025-06-01,2025-11-30,semestral,,,1,n<3
50061419,2025-07-01,2025-12-31,semestral,,,2,n<3
50061419,2025-08-01,2026-01-31,semestral,,,3,precio constante
50061419,2025-09-01,2026-02-28,semestral,,,4,precio constante
50061419,2025-10-01,2026-03-31,semestral,,,5,precio constante
50061419,2025-11-01,2026-04-30,semestral,,,7,precio constante
50061420,2024-01-01,2024-01-31,mensual,,,2,n<3
50061420,2024-02-01,2024-02-29,mensual,,,1,n<3
50061420,2024-03-01,2024-03-31,mensual,,,2,n<3
50061420,2024-04-01,2024-04-30,mensual,,,0,n<3
50061420,2024-05-01,2024-05-31,mensual,,,0,n<3
50061420,2024-06-01,2024-06-30,mensual,,,1,n<3
50061420,2024-07-01,2024-07-31,mensual,,,0,n<3
50061420,2024-08-01,2024-08-31,mensual,,,0,n<3
50061420,2024-09-01,2024-09-30,mensual,,,0,n<3
50061420,2024-10-01,2024-10-31,mensual,,,0,n<3
50061420,2024-11-01,2024-11-30,mensual,,,1,n<3
50061420,2024-12-01,2024-12-31,mensual,,,0,n<3
50061420,2025-01-01,2025-01-31,mensual,,,2,n<3
50061420,2025-02-01,2025-02-28,mensual,,,0,n<3
50061420,2025-03-01,2025-03-31,mensual,,,1,n<3
50061420,2025-04-01,2025-04-30,mensual,,,0,n<3
50061420,2025-05-01,2025-05-31,mensual,,,0,n<3
50061420,2025-06-01,2025-06-30,mensual,,,0,n<3
50061420,2025-07-01,2025-07-31,mensual,,,1,n<3
50061420,2025-08-01,2025-08-31,mensual,,,2,n<3
50061420,2025-09-01,2025-09-30,mensual,,,2,n<3
50061420,2025-10-01,2025-10-31,mensual,,,0,n<3
50061420,2025-11-01,2025-11-30,mensual,,,3,precio constante
50061420,2025-12-01,2025-12-31,mensual,,,0,n<3
50061420,2026-01-01,2026-01-31,mensual,,,1,n<3
50061420,2026-02-01,2026-02-28,mensual,,,0,n<3
50061420,2026-03-01,2026-03-31,mensual,,,0,n<3
50061420,2026-04-01,2026-04-30,mensual,,,1,n<3
50061420,2024-01-01,2024-03-31,trimestral,,,5,qty constante
50061420,2024-02-01,2024-04-30,trimestral,,,3,precio constante
50061420,2024-03-01,2024-05-31,trimestral,,,2,n<3
50061420,2024-04-01,2024-06-30,trimestral,,,1,n<3
50061420,2024-05-01,2024-07-31,trimestral,,,1,n<3
50061420,2024-06-01,2024-08-31,trimestral,,,1,n<3
50061420,2024-07-01,2024-09-30,trimestral,,,0,n<3
50061420,2024-08-01,2024-10-31,trimestral,,,0,n<3
50061420,2024-09-01,2024-11-30,trimestral,,,1,n<3
50061420,2024-10-01,2024-12-31,trimestral,,,1,n<3
50061420,2024-11-01,2025-01-31,trimestral,,,3,precio constante
50061420,2024-12-01,2025-02-28,trimestral,,,2,n<3
50061420,2025-01-01,2025-03-31,trimestral,,,3,precio constante
50061420,2025-02-01,2025-04-30,trimestral,,,1,n<3
50061420,2025-03-01,2025-05-31,trimestral,,,1,n<3
50061420,2025-04-01,2025-06-30,trimestral,,,0,n<3
50061420,2025-05-01,2025-07-31,trimestral,,,1,n<3
50061420,2025-06-01,2025-08-31,trimestral,,,3,precio constante
50061420,2025-07-01,2025-09-30,trimestral,-3.954508512435297,0.02777777777777779,5,valida
50061420,2025-08-01,2025-10-31,trimestral,4.359533650061761e-13,1.1102230246251565e-16,4,valida
50061420,2025-09-01,2025-11-30,trimestral,,,5,precio constante
50061420,2025-10-01,2025-12-31,trimestral,,,3,precio constante
50061420,2025-11-01,2026-01-31,trimestral,,,4,precio constante
50061420,2025-12-01,2026-02-28,trimestral,,,1,n<3
50061420,2026-01-01,2026-03-31,trimestral,,,1,n<3
50061420,2026-02-01,2026-04-30,trimestral,,,1,n<3
50061420,2024-01-01,2024-06-30,semestral,,,6,qty constante
50061420,2024-02-01,2024-07-31,semestral,,,4,precio constante
50061420,2024-03-01,2024-08-31,semestral,,,3,precio constante
50061420,2024-04-01,2024-09-30,semestral,,,1,n<3
50061420,2024-05-01,2024-10-31,semestral,,,1,n<3
50061420,2024-06-01,2024-11-30,semestral,,,2,n<3
50061420,2024-07-01,2024-12-31,semestral,,,1,n<3
50061420,2024-08-01,2025-01-31,semestral,,,3,precio constante
50061420,2024-09-01,2025-02-28,semestral,,,3,precio constante
50061420,2024-10-01,2025-03-31,semestral,,,4,precio constante
50061420,2024-11-01,2025-04-30,semestral,,,4,precio constante
50061420,2024-12-01,2025-05-31,semestral,,,3,precio constante
50061420,2025-01-01,2025-06-30,semestral,,,3,precio constante
50061420,2025-02-01,2025-07-31,semestral,,,2,n<3
50061420,2025-03-01,2025-08-31,semestral,6.004848569333647,0.33333333333333337,4,valida
50061420,2025-04-01,2025-09-30,semestral,-3.954508512435297,0.02777777777777779,5,valida
50061420,2025-05-01,2025-10-31,semestral,-3.954508512435297,0.02777777777777779,5,valida
50061420,2025-06-01,2025-11-30,semestral,-11.07262383481551,0.21777777777777763,8,valida
50061420,2025-07-01,2025-12-31,semestral,-11.07262383481551,0.21777777777777763,8,valida
50061420,2025-08-01,2026-01-31,semestral,-3.9545085124350545,0.022222222222222032,8,valida
50061420,2025-09-01,2026-02-28,semestral,,,6,precio constante
50061420,2025-10-01,2026-03-31,semestral,,,4,precio constante
50061420,2025-11-01,2026-04-30,semestral,,,5,precio constante
50061421,2024-01-01,2024-01-31,mensual,-1.7439882919558556,0.6167860711121367,3,valida
50061421,2024-02-01,2024-02-29,mensual,,,0,n<3
50061421,2024-03-01,2024-03-31,mensual,,,0,n<3
50061421,2024-04-01,2024-04-30,mensual,,,0,n<3
50061421,2024-05-01,2024-05-31,mensual,,,0,n<3
50061421,2024-06-01,2024-06-30,mensual,,,0,n<3
50061421,2024-07-01,2024-07-31,mensual,,,1,n<3
50061421,2024-08-01,2024-08-31,mensual,,,1,n<3
50061421,2024-09-01,2024-09-30,mensual,,,0,n<3
50061421,2024-10-01,2024-10-31,mensual,,,0,n<3
50061421,2024-11-01,2024-11-30,mensual,,,1,n<3
50061421,2024-12-01,2024-12-31,mensual,,,0,n<3
50061421,2025-01-01,2025-01-31,mensual,,,1,n<3
50061421,2025-02-01,2025-02-28,mensual,,,0,n<3
50061421,2025-03-01,2025-03-31,mensual,,,0,n<3
50061421,2025-04-01,2025-04-30,mensual,,,1,n<3
50061421,2025-05-01,2025-05-31,mensual,,,0,n<3
50061421,2025-06-01,2025-06-30,mensual,,,0,n<3
50061421,2025-07-01,2025-07-31,mensual,,,0,n<3
50061421,2025-08-01,2025-08-31,mensual,,,2,n<3
50061421,2025-09-01,2025-09-30,mensual,,,0,n<3
50061421,2025-10-01,2025-10-31,mensual,,,0,n<3
50061421,2025-11-01,2025-11-30,mensual,,,0,n<3
50061421,2025-12-01,2025-12-31,mensual,,,0,n<3
50061421,2026-01-01,2026-01-31,mensual,,,1,n<3
50061421,2026-02-01,2026-02-28,mensual,,,1,n<3
50061421,2026-03-01,2026-03-31,mensual,,,1,n<3
50061421,2024-01-01,2024-03-31,trimestral,-1.7439882919558556,0.6167860711121367,3,valida
50061421,2024-02-01,2024-04-30,trimestral,,,0,n<3
50061421,2024-03-01,2024-05-31,trimestral,,,0,n<3
50061421,2024-04-01,2024-06-30,trimestral,,,0,n<3
50061421,2024-05-01,2024-07-31,trimestral,,,1,n<3
50061421,2024-06-01,2024-08-31,trimestral,,,2,n<3
50061421,2024-07-01,2024-09-30,trimestral,,,2,n<3
50061421,2024-08-01,2024-10-31,trimestral,,,1,n<3
50061421,2024-09-01,2024-11-30,trimestral,,,1,n<3
50061421,2024-10-01,2024-12-31,trimestral,,,1,n<3
50061421,2024-11-01,2025-01-31,trimestral,,,2,n<3
50061421,2024-12-01,2025-02-28,trimestral,,,1,n<3
50061421,2025-01-01,2025-03-31,trimestral,,,1,n<3
50061421,2025-02-01,2025-04-30,trimestral,,,1,n<3
50061421,2025-03-01,2025-05-31,trimestral,,,1,n<3
50061421,2025-04-01,2025-06-30,trimestral,,,1,n<3
50061421,2025-05-01,2025-07-31,trimestral,,,0,n<3
50061421,2025-06-01,2025-08-31,trimestral,,,2,n<3
50061421,2025-07-01,2025-09-30,trimestral,,,2,n<3
50061421,2025-08-01,2025-10-31,trimestral,,,2,n<3
50061421,2025-09-01,2025-11-30,trimestral,,,0,n<3
50061421,2025-10-01,2025-12-31,trimestral,,,0,n<3
50061421,2025-11-01,2026-01-31,trimestral,,,1,n<3
50061421,2025-12-01,2026-02-28,trimestral,,,2,n<3
50061421,2026-01-01,2026-03-31,trimestral,12.539113659652534,0.8667242862041297,3,valida
50061421,2024-01-01,2024-06-30,semestral,-1.7439882919558556,0.6167860711121367,3,valida
50061421,2024-02-01,2024-07-31,semestral,,,1,n<3
50061421,2024-03-01,2024-08-31,semestral,,,2,n<3
50061421,2024-04-01,2024-09-30,semestral,,,2,n<3
50061421,2024-05-01,2024-10-31,semestral,,,2,n<3
50061421,2024-06-01,2024-11-30,semestral,-3.8864275127254397,1.0,3,valida
50061421,2024-07-01,2024-12-31,semestral,-3.8864275127254397,1.0,3,valida
50061421,2024-08-01,2025-01-31,semestral,-3.8864275127254393,1.0,3,valida
50061421,2024-09-01,2025-02-28,semestral,,,2,n<3
50061421,2024-10-01,2025-03-31,semestral,,,2,n<3
50061421,2024-11-01,2025-04-30,semestral,,,3,precio constante
50061421,2024-12-01,2025-05-31,semestral,,,2,n<3
50061421,2025-01-01,2025-06-30,semestral,,,2,n<3
50061421,2025-02-01,2025-07-31,semestral,,,1,n<3
50061421,2025-03-01,2025-08-31,semestral,0.23073166145691956,0.0004577976661388483,3,valida
50061421,2025-04-01,2025-09-30,semestral,0.23073166145691956,0.0004577976661388483,3,valida
50061421,2025-05-01,2025-10-31,semestral,,,2,n<3
50061421,2025-06-01,2025-11-30,semestral,,,2,n<3
50061421,2025-07-01,2025-12-31,semestral,,,2,n<3
50061421,2025-08-01,2026-01-31,semestral,-5.96302240614421,0.1781273564950615,3,valida
50061421,2025-09-01,2026-02-28,semestral,,,2,n<3
50061421,2025-10-01,2026-03-31,semestral,12.539113659652534,0.8667242862041297,3,valida
50061430,2024-04-01,2024-04-30,mensual,,,1,n<3
50061430,2024-05-01,2024-05-31,mensual,,,1,n<3
50061430,2024-06-01,2024-06-30,mensual,,,0,n<3
50061430,2024-07-01,2024-07-31,mensual,,,0,n<3
50061430,2024-08-01,2024-08-31,mensual,,,2,n<3
50061430,2024-09-01,2024-09-30,mensual,,,0,n<3
50061430,2024-10-01,2024-10-31,mensual,,,0,n<3
50061430,2024-11-01,2024-11-30,mensual,,,0,n<3
50061430,2024-12-01,2024-12-31,mensual,,,0,n<3
50061430,2025-01-01,2025-01-31,mensual,,,1,n<3
50061430,2025-02-01,2025-02-28,mensual,,,1,n<3
50061430,2025-03-01,2025-03-31,mensual,,,0,n<3
50061430,2025-04-01,2025-04-30,mensual,,,0,n<3
50061430,2025-05-01,2025-05-31,mensual,,,1,n<3
50061430,2025-06-01,2025-06-30,mensual,,,0,n<3
50061430,2025-07-01,2025-07-31,mensual,,,0,n<3
50061430,2025-08-01,2025-08-31,mensual,,,0,n<3
50061430,2025-09-01,2025-09-30,mensual,,,0,n<3
50061430,2025-10-01,2025-10-31,mensual,,,1,n<3
50061430,2025-11-01,2025-11-30,mensual,,,1,n<3
50061430,2025-12-01,2025-12-31,mensual,,,0,n<3
50061430,2026-01-01,2026-01-31,mensual,,,1,n<3
50061430,2024-04-01,2024-06-30,trimestral,,,2,n<3
50061430,2024-05-01,2024-07-31,trimestral,,,1,n<3
50061430,2024-06-01,2024-08-31,trimestral,,,2,n<3
50061430,2024-07-01,2024-09-30,trimestral,,,2,n<3
50061430,2024-08-01,2024-10-31,trimestral,,,2,n<3
50061430,2024-09-01,2024-11-30,trimestral,,,0,n<3
50061430,2024-10-01,2024-12-31,trimestral,,,0,n<3
50061430,2024-11-01,2025-01-31,trimestral,,,1,n<3
50061430,2024-12-01,2025-02-28,trimestral,,,2,n<3
50061430,2025-01-01,2025-03-31,trimestral,,,2,n<3
50061430,2025-02-01,2025-04-30,trimestral,,,1,n<3
50061430,2025-03-01,2025-05-31,trimestral,,,1,n<3
50061430,2025-04-01,2025-06-30,trimestral,,,1,n<3
50061430,2025-05-01,2025-07-31,trimestral,,,1,n<3
50061430,2025-06-01,2025-08-31,trimestral,,,0,n<3
50061430,2025-07-01,2025-09-30,trimestral,,,0,n<3
50061430,2025-08-01,2025-10-31,trimestral,,,1,n<3
50061430,2025-09-01,2025-11-30,trimestral,,,2,n<3
50061430,2025-10-01,2025-12-31,trimestral,,,2,n<3
50061430,2025-11-01,2026-01-31,trimestral,,,2,n<3
50061430,2024-04-01,2024-09-30,semestral,,,4,precio constante
50061430,2024-05-01,2024-10-31,semestral,,,3,precio constante
50061430,2024-06-01,2024-11-30,semestral,,,2,n<3
50061430,2024-07-01,2024-12-31,semestral,,,2,n<3
50061430,2024-08-01,2025-01-31,semestral,,,3,qty constante
50061430,2024-09-01,2025-02-28,semestral,,,2,n<3
50061430,2024-10-01,2025-03-31,semestral,,,2,n<3
50061430,2024-11-01,2025-04-30,semestral,,,2,n<3
50061430,2024-12-01,2025-05-31,semestral,,,3,precio constante
50061430,2025-01-01,2025-06-30,semestral,,,3,precio constante
50061430,2025-02-01,2025-07-31,semestral,,,2,n<3
50061430,2025-03-01,2025-08-31,semestral,,,1,n<3
50061430,2025-04-01,2025-09-30,semestral,,,1,n<3
50061430,2025-05-01,2025-10-31,semestral,,,2,n<3
50061430,2025-06-01,2025-11-30,semestral,,,2,n<3
50061430,2025-07-01,2025-12-31,semestral,,,2,n<3
50061430,2025-08-01,2026-01-31,semestral,,,3,precio constante
50061431,2024-01-01,2024-01-31,mensual,,,1,n<3
50061431,2024-02-01,2024-02-29,mensual,,,1,n<3
50061431,2024-03-01,2024-03-31,mensual,,,0,n<3
50061431,2024-04-01,2024-04-30,mensual,,,1,n<3
50061431,2024-05-01,2024-05-31,mensual,,,0,n<3
50061431,2024-06-01,2024-06-30,mensual,,,0,n<3
50061431,2024-07-01,2024-07-31,mensual,,,0,n<3
50061431,2024-08-01,2024-08-31,mensual,,,2,n<3
50061431,2024-09-01,2024-09-30,mensual,,,0,n<3
50061431,2024-10-01,2024-10-31,mensual,,,1,n<3
50061431,2024-11-01,2024-11-30,mensual,,,0,n<3
50061431,2024-12-01,2024-12-31,mensual,,,0,n<3
50061431,2025-01-01,2025-01-31,mensual,,,0,n<3
50061431,2025-02-01,2025-02-28,mensual,,,0,n<3
50061431,2025-03-01,2025-03-31,mensual,,,0,n<3
50061431,2025-04-01,2025-04-30,mensual,,,0,n<3
50061431,2025-05-01,2025-05-31,mensual,,,1,n<3
50061431,2025-06-01,2025-06-30,mensual,,,0,n<3
50061431,2025-07-01,2025-07-31,mensual,,,0,n<3
50061431,2025-08-01,2025-08-31,mensual,,,0,n<3
50061431,2025-09-01,2025-09-30,mensual,,,1,n<3
50061431,2024-01-01,2024-03-31,trimestral,,,2,n<3
50061431,2024-02-01,2024-04-30,trimestral,,,2,n<3
50061431,2024-03-01,2024-05-31,trimestral,,,1,n<3
50061431,2024-04-01,2024-06-30,trimestral,,,1,n<3
50061431,2024-05-01,2024-07-31,trimestral,,,0,n<3
50061431,2024-06-01,2024-08-31,trimestral,,,2,n<3
50061431,2024-07-01,2024-09-30,trimestral,,,2,n<3
50061431,2024-08-01,2024-10-31,trimestral,,,3,qty constante
50061431,2024-09-01,2024-11-30,trimestral,,,1,n<3
50061431,2024-10-01,2024-12-31,trimestral,,,1,n<3
50061431,2024-11-01,2025-01-31,trimestral,,,0,n<3
50061431,2024-12-01,2025-02-28,trimestral,,,0,n<3
50061431,2025-01-01,2025-03-31,trimestral,,,0,n<3
50061431,2025-02-01,2025-04-30,trimestral,,,0,n<3
50061431,2025-03-01,2025-05-31,trimestral,,,1,n<3
50061431,2025-04-01,2025-06-30,trimestral,,,1,n<3
50061431,2025-05-01,2025-07-31,trimestral,,,1,n<3
50061431,2025-06-01,2025-08-31,trimestral,,,0,n<3
50061431,2025-07-01,2025-09-30,trimestral,,,1,n<3
50061431,2024-01-01,2024-06-30,semestral,,,3,precio constante
50061431,2024-02-01,2024-07-31,semestral,,,2,n<3
50061431,2024-03-01,2024-08-31,semestral,,,3,precio constante
50061431,2024-04-01,2024-09-30,semestral,,,3,precio constante
50061431,2024-05-01,2024-10-31,semestral,,,3,qty constante
50061431,2024-06-01,2024-11-30,semestral,,,3,qty constante
50061431,2024-07-01,2024-12-31,semestral,,,3,qty constante
50061431,2024-08-01,2025-01-31,semestral,,,3,qty constante
50061431,2024-09-01,2025-02-28,semestral,,,1,n<3
50061431,2024-10-01,2025-03-31,semestral,,,1,n<3
50061431,2024-11-01,2025-04-30,semestral,,,0,n<3
50061431,2024-12-01,2025-05-31,semestral,,,1,n<3
50061431,2025-01-01,2025-06-30,semestral,,,1,n<3
50061431,2025-02-01,2025-07-31,semestral,,,1,n<3
50061431,2025-03-01,2025-08-31,semestral,,,1,n<3
50061431,2025-04-01,2025-09-30,semestral,,,2,n<3
50061432,2024-06-01,2024-06-30,mensual,,,1,n<3
50061432,2024-07-01,2024-07-31,mensual,,,0,n<3
50061432,2024-08-01,2024-08-31,mensual,,,0,n<3
50061432,2024-09-01,2024-09-30,mensual,,,0,n<3
50061432,2024-10-01,2024-10-31,mensual,,,1,n<3
50061432,2024-06-01,2024-08-31,trimestral,,,1,n<3
50061432,2024-07-01,2024-09-30,trimestral,,,0,n<3
50061432,2024-08-01,2024-10-31,trimestral,,,1,n<3
50061433,2024-09-01,2024-09-30,mensual,,,2,n<3
50061433,2024-10-01,2024-10-31,mensual,,,0,n<3
50061433,2024-11-01,2024-11-30,mensual,,,1,n<3
50061433,2024-12-01,2024-12-31,mensual,,,0,n<3
50061433,2025-01-01,2025-01-31,mensual,,,0,n<3
50061433,2025-02-01,2025-02-28,mensual,,,0,n<3
50061433,2025-03-01,2025-03-31,mensual,,,0,n<3
50061433,2025-04-01,2025-04-30,mensual,,,0,n<3
50061433,2025-05-01,2025-05-31,mensual,,,1,n<3
50061433,2025-06-01,2025-06-30,mensual,,,0,n<3
50061433,2025-07-01,2025-07-31,mensual,,,0,n<3
50061433,2025-08-01,2025-08-31,mensual,,,0,n<3
50061433,2025-09-01,2025-09-30,mensual,,,0,n<3
50061433,2025-10-01,2025-10-31,mensual,,,0,n<3
50061433,2025-11-01,2025-11-30,mensual,,,0,n<3
50061433,2025-12-01,2025-12-31,mensual,,,0,n<3
50061433,2026-01-01,2026-01-31,mensual,,,2,n<3
50061433,2026-02-01,2026-02-28,mensual,,,0,n<3
50061433,2026-03-01,2026-03-31,mensual,,,0,n<3
50061433,2026-04-01,2026-04-30,mensual,,,1,n<3
50061433,2024-09-01,2024-11-30,trimestral,,,3,precio constante
50061433,2024-10-01,2024-12-31,trimestral,,,1,n<3
50061433,2024-11-01,2025-01-31,trimestral,,,1,n<3
50061433,2024-12-01,2025-02-28,trimestral,,,0,n<3
50061433,2025-01-01,2025-03-31,trimestral,,,0,n<3
50061433,2025-02-01,2025-04-30,trimestral,,,0,n<3
50061433,2025-03-01,2025-05-31,trimestral,,,1,n<3
50061433,2025-04-01,2025-06-30,trimestral,,,1,n<3
50061433,2025-05-01,2025-07-31,trimestral,,,1,n<3
50061433,2025-06-01,2025-08-31,trimestral,,,0,n<3
50061433,2025-07-01,2025-09-30,trimestral,,,0,n<3
50061433,2025-08-01,2025-10-31,trimestral,,,0,n<3
50061433,2025-09-01,2025-11-30,trimestral,,,0,n<3
50061433,2025-10-01,2025-12-31,trimestral,,,0,n<3
50061433,2025-11-01,2026-01-31,trimestral,,,2,n<3
50061433,2025-12-01,2026-02-28,trimestral,,,2,n<3
50061433,2026-01-01,2026-03-31,trimestral,,,2,n<3
50061433,2026-02-01,2026-04-30,trimestral,,,1,n<3
50061433,2024-09-01,2025-02-28,semestral,,,3,precio constante
50061433,2024-10-01,2025-03-31,semestral,,,1,n<3
50061433,2024-11-01,2025-04-30,semestral,,,1,n<3
50061433,2024-12-01,2025-05-31,semestral,,,1,n<3
50061433,2025-01-01,2025-06-30,semestral,,,1,n<3
50061433,2025-02-01,2025-07-31,semestral,,,1,n<3
50061433,2025-03-01,2025-08-31,semestral,,,1,n<3
50061433,2025-04-01,2025-09-30,semestral,,,1,n<3
50061433,2025-05-01,2025-10-31,semestral,,,1,n<3
50061433,2025-06-01,2025-11-30,semestral,,,0,n<3
50061433,2025-07-01,2025-12-31,semestral,,,0,n<3
50061433,2025-08-01,2026-01-31,semestral,,,2,n<3
50061433,2025-09-01,2026-02-28,semestral,,,2,n<3
50061433,2025-10-01,2026-03-31,semestral,,,2,n<3
50061433,2025-11-01,2026-04-30,semestral,,,3,qty constante
50061434,2024-01-01,2024-01-31,mensual,,,1,n<3
50061434,2024-02-01,2024-02-29,mensual,,,0,n<3
50061434,2024-03-01,2024-03-31,mensual,,,0,n<3
50061434,2024-04-01,2024-04-30,mensual,,,0,n<3
50061434,2024-05-01,2024-05-31,mensual,,,1,n<3
50061434,2024-06-01,2024-06-30,mensual,,,1,n<3
50061434,2024-07-01,2024-07-31,mensual,,,0,n<3
50061434,2024-08-01,2024-08-31,mensual,,,0,n<3
50061434,2024-09-01,2024-09-30,mensual,,,0,n<3
50061434,2024-10-01,2024-10-31,mensual,,,1,n<3
50061434,2024-11-01,2024-11-30,mensual,,,0,n<3
50061434,2024-12-01,2024-12-31,mensual,,,0,n<3
50061434,2025-01-01,2025-01-31,mensual,,,0,n<3
50061434,2025-02-01,2025-02-28,mensual,,,0,n<3
50061434,2025-03-01,2025-03-31,mensual,,,1,n<3
50061434,2024-01-01,2024-03-31,trimestral,,,1,n<3
50061434,2024-02-01,2024-04-30,trimestral,,,0,n<3
50061434,2024-03-01,2024-05-31,trimestral,,,1,n<3
50061434,2024-04-01,2024-06-30,trimestral,,,2,n<3
50061434,2024-05-01,2024-07-31,trimestral,,,2,n<3
50061434,2024-06-01,2024-08-31,trimestral,,,1,n<3
50061434,2024-07-01,2024-09-30,trimestral,,,0,n<3
50061434,2024-08-01,2024-10-31,trimestral,,,1,n<3
50061434,2024-09-01,2024-11-30,trimestral,,,1,n<3
50061434,2024-10-01,2024-12-31,trimestral,,,1,n<3
50061434,2024-11-01,2025-01-31,trimestral,,,0,n<3
50061434,2024-12-01,2025-02-28,trimestral,,,0,n<3
50061434,2025-01-01,2025-03-31,trimestral,,,1,n<3
50061434,2024-01-01,2024-06-30,semestral,,,3,precio constante
50061434,2024-02-01,2024-07-31,semestral,,,2,n<3
50061434,2024-03-01,2024-08-31,semestral,,,2,n<3
50061434,2024-04-01,2024-09-30,semestral,,,2,n<3
50061434,2024-05-01,2024-10-31,semestral,,,3,precio constante
50061434,2024-06-01,2024-11-30,semestral,,,2,n<3
50061434,2024-07-01,2024-12-31,semestral,,,1,n<3
50061434,2024-08-01,2025-01-31,semestral,,,1,n<3
50061434,2024-09-01,2025-02-28,semestral,,,1,n<3
50061434,2024-10-01,2025-03-31,semestral,,,2,n<3
50061435,2024-05-01,2024-05-31,mensual,,,1,n<3
50061435,2024-06-01,2024-06-30,mensual,,,0,n<3
50061435,2024-07-01,2024-07-31,mensual,,,1,n<3
50061435,2024-08-01,2024-08-31,mensual,,,0,n<3
50061435,2024-09-01,2024-09-30,mensual,,,0,n<3
50061435,2024-10-01,2024-10-31,mensual,,,0,n<3
50061435,2024-11-01,2024-11-30,mensual,,,0,n<3
50061435,2024-12-01,2024-12-31,mensual,,,0,n<3
50061435,2025-01-01,2025-01-31,mensual,,,0,n<3
50061435,2025-02-01,2025-02-28,mensual,,,1,n<3
50061435,2025-03-01,2025-03-31,mensual,,,0,n<3
50061435,2025-04-01,2025-04-30,mensual,,,0,n<3
50061435,2025-05-01,2025-05-31,mensual,,,0,n<3
50061435,2025-06-01,2025-06-30,mensual,,,1,n<3
50061435,2025-07-01,2025-07-31,mensual,,,0,n<3
50061435,2025-08-01,2025-08-31,mensual,,,0,n<3
50061435,2025-09-01,2025-09-30,mensual,,,1,n<3
50061435,2025-10-01,2025-10-31,mensual,,,0,n<3
50061435,2025-11-01,2025-11-30,mensual,,,0,n<3
50061435,2025-12-01,2025-12-31,mensual,,,0,n<3
50061435,2026-01-01,2026-01-31,mensual,,,1,n<3
50061435,2024-05-01,2024-07-31,trimestral,,,2,n<3
50061435,2024-06-01,2024-08-31,trimestral,,,1,n<3
50061435,2024-07-01,2024-09-30,trimestral,,,1,n<3
50061435,2024-08-01,2024-10-31,trimestral,,,0,n<3
50061435,2024-09-01,2024-11-30,trimestral,,,0,n<3
50061435,2024-10-01,2024-12-31,trimestral,,,0,n<3
50061435,2024-11-01,2025-01-31,trimestral,,,0,n<3
50061435,2024-12-01,2025-02-28,trimestral,,,1,n<3
50061435,2025-01-01,2025-03-31,trimestral,,,1,n<3
50061435,2025-02-01,2025-04-30,trimestral,,,1,n<3
50061435,2025-03-01,2025-05-31,trimestral,,,0,n<3
50061435,2025-04-01,2025-06-30,trimestral,,,1,n<3
50061435,2025-05-01,2025-07-31,trimestral,,,1,n<3
50061435,2025-06-01,2025-08-31,trimestral,,,1,n<3
50061435,2025-07-01,2025-09-30,trimestral,,,1,n<3
50061435,2025-08-01,2025-10-31,trimestral,,,1,n<3
50061435,2025-09-01,2025-11-30,trimestral,,,1,n<3
50061435,2025-10-01,2025-12-31,trimestral,,,0,n<3
50061435,2025-11-01,2026-01-31,trimestral,,,1,n<3
50061435,2024-05-01,2024-10-31,semestral,,,2,n<3
50061435,2024-06-01,2024-11-30,semestral,,,1,n<3
50061435,2024-07-01,2024-12-31,semestral,,,1,n<3
50061435,2024-08-01,2025-01-31,semestral,,,0,n<3
50061435,2024-09-01,2025-02-28,semestral,,,1,n<3
50061435,2024-10-01,2025-03-31,semestral,,,1,n<3
50061435,2024-11-01,2025-04-30,semestral,,,1,n<3
50061435,2024-12-01,2025-05-31,semestral,,,1,n<3
50061435,2025-01-01,2025-06-30,semestral,,,2,n<3
50061435,2025-02-01,2025-07-31,semestral,,,2,n<3
50061435,2025-03-01,2025-08-31,semestral,,,1,n<3
50061435,2025-04-01,2025-09-30,semestral,,,2,n<3
50061435,2025-05-01,2025-10-31,semestral,,,2,n<3
50061435,2025-06-01,2025-11-30,semestral,,,2,n<3
50061435,2025-07-01,2025-12-31,semestral,,,1,n<3
50061435,2025-08-01,2026-01-31,semestral,,,2,n<3
50061436,2024-04-01,2024-04-30,mensual,,,1,n<3
50061436,2024-05-01,2024-05-31,mensual,,,1,n<3
50061437,2024-11-01,2024-11-30,mensual,,,1,n<3
50061437,2024-12-01,2024-12-31,mensual,,,0,n<3
50061437,2025-01-01,2025-01-31,mensual,,,0,n<3
50061437,2025-02-01,2025-02-28,mensual,,,0,n<3
50061437,2025-03-01,2025-03-31,mensual,,,0,n<3
50061437,2025-04-01,2025-04-30,mensual,,,1,n<3
50061437,2025-05-01,2025-05-31,mensual,,,0,n<3
50061437,2025-06-01,2025-06-30,mensual,,,0,n<3
50061437,2025-07-01,2025-07-31,mensual,,,0,n<3
50061437,2025-08-01,2025-08-31,mensual,,,0,n<3
50061437,2025-09-01,2025-09-30,mensual,,,0,n<3
50061437,2025-10-01,2025-10-31,mensual,,,0,n<3
50061437,2025-11-01,2025-11-30,mensual,,,0,n<3
50061437,2025-12-01,2025-12-31,mensual,,,0,n<3
50061437,2026-01-01,2026-01-31,mensual,,,0,n<3
50061437,2026-02-01,2026-02-28,mensual,,,1,n<3
50061437,2024-11-01,2025-01-31,trimestral,,,1,n<3
50061437,2024-12-01,2025-02-28,trimestral,,,0,n<3
50061437,2025-01-01,2025-03-31,trimestral,,,0,n<3
50061437,2025-02-01,2025-04-30,trimestral,,,1,n<3
50061437,2025-03-01,2025-05-31,trimestral,,,1,n<3
50061437,2025-04-01,2025-06-30,trimestral,,,1,n<3
50061437,2025-05-01,2025-07-31,trimestral,,,0,n<3
50061437,2025-06-01,2025-08-31,trimestral,,,0,n<3
50061437,2025-07-01,2025-09-30,trimestral,,,0,n<3
50061437,2025-08-01,2025-10-31,trimestral,,,0,n<3
50061437,2025-09-01,2025-11-30,trimestral,,,0,n<3
50061437,2025-10-01,2025-12-31,trimestral,,,0,n<3
50061437,2025-11-01,2026-01-31,trimestral,,,0,n<3
50061437,2025-12-01,2026-02-28,trimestral,,,1,n<3
50061437,2024-11-01,2025-04-30,semestral,,,2,n<3
50061437,2024-12-01,2025-05-31,semestral,,,1,n<3
50061437,2025-01-01,2025-06-30,semestral,,,1,n<3
50061437,2025-02-01,2025-07-31,semestral,,,1,n<3
50061437,2025-03-01,2025-08-31,semestral,,,1,n<3
50061437,2025-04-01,2025-09-30,semestral,,,1,n<3
50061437,2025-05-01,2025-10-31,semestral,,,0,n<3
50061437,2025-06-01,2025-11-30,semestral,,,0,n<3
50061437,2025-07-01,2025-12-31,semestral,,,0,n<3
50061437,2025-08-01,2026-01-31,semestral,,,0,n<3
50061437,2025-09-01,2026-02-28,semestral,,,1,n<3
50061438,2024-04-01,2024-04-30,mensual,,,2,n<3
50061438,2024-05-01,2024-05-31,mensual,,,0,n<3
50061438,2024-06-01,2024-06-30,mensual,,,0,n<3
50061438,2024-07-01,2024-07-31,mensual,,,1,n<3
50061438,2024-08-01,2024-08-31,mensual,,,0,n<3
50061438,2024-09-01,2024-09-30,mensual,,,0,n<3
50061438,2024-10-01,2024-10-31,mensual,,,0,n<3
50061438,2024-11-01,2024-11-30,mensual,,,0,n<3
50061438,2024-12-01,2024-12-31,mensual,,,0,n<3
50061438,2025-01-01,2025-01-31,mensual,,,0,n<3
50061438,2025-02-01,2025-02-28,mensual,,,0,n<3
50061438,2025-03-01,2025-03-31,mensual,,,0,n<3
50061438,2025-04-01,2025-04-30,mensual,,,0,n<3
50061438,2025-05-01,2025-05-31,mensual,,,0,n<3
50061438,2025-06-01,2025-06-30,mensual,,,0,n<3
50061438,2025-07-01,2025-07-31,mensual,,,0,n<3
50061438,2025-08-01,2025-08-31,mensual,,,0,n<3
50061438,2025-09-01,2025-09-30,mensual,,,1,n<3
50061438,2024-04-01,2024-06-30,trimestral,,,2,n<3
50061438,2024-05-01,2024-07-31,trimestral,,,1,n<3
50061438,2024-06-01,2024-08-31,trimestral,,,1,n<3
50061438,2024-07-01,2024-09-30,trimestral,,,1,n<3
50061438,2024-08-01,2024-10-31,trimestral,,,0,n<3
50061438,2024-09-01,2024-11-30,trimestral,,,0,n<3
50061438,2024-10-01,2024-12-31,trimestral,,,0,n<3
50061438,2024-11-01,2025-01-31,trimestral,,,0,n<3
50061438,2024-12-01,2025-02-28,trimestral,,,0,n<3
50061438,2025-01-01,2025-03-31,trimestral,,,0,n<3
50061438,2025-02-01,2025-04-30,trimestral,,,0,n<3
50061438,2025-03-01,2025-05-31,trimestral,,,0,n<3
50061438,2025-04-01,2025-06-30,trimestral,,,0,n<3
50061438,2025-05-01,2025-07-31,trimestral,,,0,n<3
50061438,2025-06-01,2025-08-31,trimestral,,,0,n<3
50061438,2025-07-01,2025-09-30,trimestral,,,1,n<3
50061438,2024-04-01,2024-09-30,semestral,,,3,precio constante
50061438,2024-05-01,2024-10-31,semestral,,,1,n<3
50061438,2024-06-01,2024-11-30,semestral,,,1,n<3
50061438,2024-07-01,2024-12-31,semestral,,,1,n<3
50061438,2024-08-01,2025-01-31,semestral,,,0,n<3
50061438,2024-09-01,2025-02-28,semestral,,,0,n<3
50061438,2024-10-01,2025-03-31,semestral,,,0,n<3
50061438,2024-11-01,2025-04-30,semestral,,,0,n<3
50061438,2024-12-01,2025-05-31,semestral,,,0,n<3
50061438,2025-01-01,2025-06-30,semestral,,,0,n<3
50061438,2025-02-01,2025-07-31,semestral,,,0,n<3
50061438,2025-03-01,2025-08-31,semestral,,,0,n<3
50061438,2025-04-01,2025-09-30,semestral,,,1,n<3
50061439,2024-06-01,2024-06-30,mensual,,,1,n<3
50061439,2024-07-01,2024-07-31,mensual,,,0,n<3
50061439,2024-08-01,2024-08-31,mensual,,,0,n<3
50061439,2024-09-01,2024-09-30,mensual,,,0,n<3
50061439,2024-10-01,2024-10-31,mensual,,,0,n<3
50061439,2024-11-01,2024-11-30,mensual,,,1,n<3
50061439,2024-06-01,2024-08-31,trimestral,,,1,n<3
50061439,2024-07-01,2024-09-30,trimestral,,,0,n<3
50061439,2024-08-01,2024-10-31,trimestral,,,0,n<3
50061439,2024-09-01,2024-11-30,trimestral,,,1,n<3
50061439,2024-06-01,2024-11-30,semestral,,,2,n<3
50061599,2024-01-01,2024-01-31,mensual,,,1,n<3
50061599,2024-02-01,2024-02-29,mensual,,,2,n<3
50061599,2024-03-01,2024-03-31,mensual,,,0,n<3
50061599,2024-04-01,2024-04-30,mensual,,,0,n<3
50061599,2024-05-01,2024-05-31,mensual,,,2,n<3
50061599,2024-06-01,2024-06-30,mensual,,,1,n<3
50061599,2024-07-01,2024-07-31,mensual,,,1,n<3
50061599,2024-08-01,2024-08-31,mensual,,,1,n<3
50061599,2024-09-01,2024-09-30,mensual,,,1,n<3
50061599,2024-10-01,2024-10-31,mensual,,,1,n<3
50061599,2024-11-01,2024-11-30,mensual,,,1,n<3
50061599,2024-12-01,2024-12-31,mensual,,,0,n<3
50061599,2025-01-01,2025-01-31,mensual,,,0,n<3
50061599,2025-02-01,2025-02-28,mensual,,,3,precio constante
50061599,2025-03-01,2025-03-31,mensual,,,0,n<3
50061599,2025-04-01,2025-04-30,mensual,,,0,n<3
50061599,2025-05-01,2025-05-31,mensual,,,0,n<3
50061599,2025-06-01,2025-06-30,mensual,,,1,n<3
50061599,2025-07-01,2025-07-31,mensual,,,1,n<3
50061599,2025-08-01,2025-08-31,mensual,,,2,n<3
50061599,2025-09-01,2025-09-30,mensual,,,1,n<3
50061599,2025-10-01,2025-10-31,mensual,,,1,n<3
50061599,2025-11-01,2025-11-30,mensual,,,1,n<3
50061599,2025-12-01,2025-12-31,mensual,,,1,n<3
50061599,2026-01-01,2026-01-31,mensual,,,1,n<3
50061599,2026-02-01,2026-02-28,mensual,,,0,n<3
50061599,2026-03-01,2026-03-31,mensual,,,1,n<3
50061599,2024-01-01,2024-03-31,trimestral,,,3,precio constante
50061599,2024-02-01,2024-04-30,trimestral,,,2,n<3
50061599,2024-03-01,2024-05-31,trimestral,,,2,n<3
50061599,2024-04-01,2024-06-30,trimestral,,,3,precio constante
50061599,2024-05-01,2024-07-31,trimestral,,,4,precio constante
50061599,2024-06-01,2024-08-31,trimestral,,,3,qty constante
50061599,2024-07-01,2024-09-30,trimestral,,,3,qty constante
50061599,2024-08-01,2024-10-31,trimestral,,,3,qty constante
50061599,2024-09-01,2024-11-30,trimestral,,,3,precio constante
50061599,2024-10-01,2024-12-31,trimestral,,,2,n<3
50061599,2024-11-01,2025-01-31,trimestral,,,1,n<3
50061599,2024-12-01,2025-02-28,trimestral,,,3,precio constante
50061599,2025-01-01,2025-03-31,trimestral,,,3,precio constante
50061599,2025-02-01,2025-04-30,trimestral,,,3,precio constante
50061599,2025-03-01,2025-05-31,trimestral,,,0,n<3
50061599,2025-04-01,2025-06-30,trimestral,,,1,n<3
50061599,2025-05-01,2025-07-31,trimestral,,,2,n<3
50061599,2025-06-01,2025-08-31,trimestral,,,4,precio constante
50061599,2025-07-01,2025-09-30,trimestral,,,4,precio constante
50061599,2025-08-01,2025-10-31,trimestral,,,4,precio constante
50061599,2025-09-01,2025-11-30,trimestral,,,3,precio constante
50061599,2025-10-01,2025-12-31,trimestral,,,3,precio constante
50061599,2025-11-01,2026-01-31,trimestral,,,3,precio constante
50061599,2025-12-01,2026-02-28,trimestral,,,2,n<3
50061599,2026-01-01,2026-03-31,trimestral,,,2,n<3
50061599,2024-01-01,2024-06-30,semestral,,,6,precio constante
50061599,2024-02-01,2024-07-31,semestral,,,6,precio constante
50061599,2024-03-01,2024-08-31,semestral,,,5,qty constante
50061599,2024-04-01,2024-09-30,semestral,,,6,qty constante
50061599,2024-05-01,2024-10-31,semestral,,,7,qty constante
50061599,2024-06-01,2024-11-30,semestral,,,6,qty constante
50061599,2024-07-01,2024-12-31,semestral,,,5,qty constante
50061599,2024-08-01,2025-01-31,semestral,,,4,qty constante
50061599,2024-09-01,2025-02-28,semestral,7.633566112974568,0.19904119659596775,6,valida
50061599,2024-10-01,2025-03-31,semestral,7.628973800698251,0.16566821327221015,5,valida
50061599,2024-11-01,2025-04-30,semestral,7.615196883692347,0.11004705464017583,4,valida
50061599,2024-12-01,2025-05-31,semestral,,,3,precio constante
50061599,2025-01-01,2025-06-30,semestral,,,4,precio constante
50061599,2025-02-01,2025-07-31,semestral,,,5,precio constante
50061599,2025-03-01,2025-08-31,semestral,,,4,precio constante
50061599,2025-04-01,2025-09-30,semestral,,,5,precio constante
50061599,2025-05-01,2025-10-31,semestral,,,6,precio constante
50061599,2025-06-01,2025-11-30,semestral,,,7,precio constante
50061599,2025-07-01,2025-12-31,semestral,,,7,precio constante
50061599,2025-08-01,2026-01-31,semestral,,,7,precio constante
50061599,2025-09-01,2026-02-28,semestral,,,5,precio constante
50061599,2025-10-01,2026-03-31,semestral,,,5,precio constante
50061600,2024-01-01,2024-01-31,mensual,,,2,n<3
50061600,2024-02-01,2024-02-29,mensual,,,1,n<3
50061600,2024-03-01,2024-03-31,mensual,,,0,n<3
50061600,2024-04-01,2024-04-30,mensual,,,1,n<3
50061600,2024-05-01,2024-05-31,mensual,,,1,n<3
50061600,2024-06-01,2024-06-30,mensual,,,2,n<3
50061600,2024-07-01,2024-07-31,mensual,,,1,n<3
50061600,2024-08-01,2024-08-31,mensual,,,3,qty constante
50061600,2024-09-01,2024-09-30,mensual,,,1,n<3
50061600,2024-10-01,2024-10-31,mensual,,,0,n<3
50061600,2024-11-01,2024-11-30,mensual,,,0,n<3
50061600,2024-12-01,2024-12-31,mensual,,,0,n<3
50061600,2025-01-01,2025-01-31,mensual,,,0,n<3
50061600,2025-02-01,2025-02-28,mensual,,,4,precio constante
50061600,2025-03-01,2025-03-31,mensual,,,2,n<3
50061600,2025-04-01,2025-04-30,mensual,,,0,n<3
50061600,2025-05-01,2025-05-31,mensual,,,1,n<3
50061600,2025-06-01,2025-06-30,mensual,,,3,precio constante
50061600,2025-07-01,2025-07-31,mensual,,,1,n<3
50061600,2025-08-01,2025-08-31,mensual,,,2,n<3
50061600,2025-09-01,2025-09-30,mensual,,,1,n<3
50061600,2025-10-01,2025-10-31,mensual,,,1,n<3
50061600,2025-11-01,2025-11-30,mensual,,,2,n<3
50061600,2025-12-01,2025-12-31,mensual,,,0,n<3
50061600,2026-01-01,2026-01-31,mensual,,,4,precio constante
50061600,2026-02-01,2026-02-28,mensual,,,1,n<3
50061600,2024-01-01,2024-03-31,trimestral,-4.849697847685762,0.2500000000000001,3,valida
50061600,2024-02-01,2024-04-30,trimestral,,,2,n<3
50061600,2024-03-01,2024-05-31,trimestral,,,2,n<3
50061600,2024-04-01,2024-06-30,trimestral,,,4,precio constante
50061600,2024-05-01,2024-07-31,trimestral,,,4,precio constante
50061600,2024-06-01,2024-08-31,trimestral,,,6,qty constante
50061600,2024-07-01,2024-09-30,trimestral,,,5,qty constante
50061600,2024-08-01,2024-10-31,trimestral,,,4,qty constante
50061600,2024-09-01,2024-11-30,trimestral,,,1,n<3
50061600,2024-10-01,2024-12-31,trimestral,,,0,n<3
50061600,2024-11-01,2025-01-31,trimestral,,,0,n<3
50061600,2024-12-01,2025-02-28,trimestral,,,4,precio constante
50061600,2025-01-01,2025-03-31,trimestral,,,6,precio constante
50061600,2025-02-01,2025-04-30,trimestral,,,6,precio constante
50061600,2025-03-01,2025-05-31,trimestral,,,3,qty constante
50061600,2025-04-01,2025-06-30,trimestral,,,4,precio constante
50061600,2025-05-01,2025-07-31,trimestral,,,5,precio constante
50061600,2025-06-01,2025-08-31,trimestral,,,6,precio constante
50061600,2025-07-01,2025-09-30,trimestral,,,4,precio constante
50061600,2025-08-01,2025-10-31,trimestral,47.99913764706556,0.11456440924805744,4,valida
50061600,2025-09-01,2025-11-30,trimestral,,,4,qty constante
50061600,2025-10-01,2025-12-31,trimestral,,,3,precio constante
50061600,2025-11-01,2026-01-31,trimestral,,,6,precio constante
50061600,2025-12-01,2026-02-28,trimestral,,,5,precio constante
50061600,2024-01-01,2024-06-30,semestral,-3.2331318984571595,0.06666666666666643,7,valida
50061600,2024-02-01,2024-07-31,semestral,,,6,precio constante
50061600,2024-03-01,2024-08-31,semestral,0.2776353726207485,0.020408163265306034,8,valida
50061600,2024-04-01,2024-09-30,semestral,0.2429309510431503,0.015625,9,valida
50061600,2024-05-01,2024-10-31,semestral,0.2776353726207485,0.020408163265306034,8,valida
50061600,2024-06-01,2024-11-30,semestral,,,7,qty constante
50061600,2024-07-01,2024-12-31,semestral,,,5,qty constante
50061600,2024-08-01,2025-01-31,semestral,,,4,qty constante
50061600,2024-09-01,2025-02-28,semestral,,,5,precio constante
50061600,2024-10-01,2025-03-31,semestral,,,6,precio constante
50061600,2024-11-01,2025-04-30,semestral,,,6,precio constante
50061600,2024-12-01,2025-05-31,semestral,-7.8550786925660345,0.027777777777778345,7,valida
50061600,2025-01-01,2025-06-30,semestral,-7.855078692562221,0.07407407407407429,10,valida
50061600,2025-02-01,2025-07-31,semestral,-7.855078692559155,0.08333333333333293,11,valida
50061600,2025-03-01,2025-08-31,semestral,6.780993631328789,0.03624605148341953,9,valida
50061600,2025-04-01,2025-09-30,semestral,,,8,precio constante
50061600,2025-05-01,2025-10-31,semestral,18.557385585270858,0.017083220922312403,9,valida
50061600,2025-06-01,2025-11-30,semestral,20.616827883006987,0.04920827378929238,10,valida
50061600,2025-07-01,2025-12-31,semestral,35.829236794520234,0.12754466862802005,7,valida
50061600,2025-08-01,2026-01-31,semestral,47.53098401813364,0.26212288010192075,10,valida
50061600,2025-09-01,2026-02-28,semestral,,,9,qty constante
50061735,2024-01-01,2024-01-31,mensual,,,10,qty constante
50061735,2024-02-01,2024-02-29,mensual,-1.2119287969040717,0.015625000000000222,9,valida
50061735,2024-03-01,2024-03-31,mensual,-1.9323531067732687,0.009929973419262828,11,valida
50061735,2024-04-01,2024-04-30,mensual,,,6,precio constante
50061735,2024-05-01,2024-05-31,mensual,,,9,precio constante
50061735,2024-06-01,2024-06-30,mensual,-1.0917420048606983,0.036754651653421844,12,valida
50061735,2024-07-01,2024-07-31,mensual,,,9,precio constante
50061735,2024-08-01,2024-08-31,mensual,0.23407168144037635,0.016058086679298533,7,valida
50061735,2024-09-01,2024-09-30,mensual,,,6,precio constante
50061735,2024-10-01,2024-10-31,mensual,-1.234165978154188,0.1000000000000002,6,valida
50061735,2024-11-01,2024-11-30,mensual,,,2,n<3
50061735,2024-12-01,2024-12-31,mensual,-2.5577207590118403,0.027701285394802877,7,valida
50061735,2025-01-01,2025-01-31,mensual,-0.23474592678029493,0.003352110202822778,12,valida
50061735,2025-02-01,2025-02-28,mensual,,,7,qty constante
50061735,2025-03-01,2025-03-31,mensual,,,3,qty constante
50061735,2025-04-01,2025-04-30,mensual,,,7,qty constante
50061735,2025-05-01,2025-05-31,mensual,-7.6813789740715865,0.24982665448541985,3,valida
50061735,2025-06-01,2025-06-30,mensual,-8.55443338213798,0.032978750530285095,10,valida
50061735,2025-07-01,2025-07-31,mensual,-4.125961449892197,0.1993422700834494,6,valida
50061735,2025-08-01,2025-08-31,mensual,,,8,precio constante
50061735,2025-09-01,2025-09-30,mensual,-1.0811351261086617,0.012420332645854959,10,valida
50061735,2025-10-01,2025-10-31,mensual,1.976426659165245,0.06245529014142637,5,valida
50061735,2025-11-01,2025-11-30,mensual,-0.14335010941013857,0.004873085391549958,10,valida
50061735,2025-12-01,2025-12-31,mensual,,,6,precio constante
50061735,2026-01-01,2026-01-31,mensual,,,11,precio constante
50061735,2026-02-01,2026-02-28,mensual,,,6,precio constante
50061735,2026-03-01,2026-03-31,mensual,,,6,precio constante
50061735,2026-04-01,2026-04-30,mensual,-2.4207724736434195,0.06234423789260346,5,valida
50061735,2024-01-01,2024-03-31,trimestral,-0.26527377266863994,0.0018925533594922328,30,valida
50061735,2024-02-01,2024-04-30,trimestral,-1.2084580153007451,0.006162714135937053,26,valida
50061735,2024-03-01,2024-05-31,trimestral,-0.7687864807834461,0.0015718280895560266,26,valida
50061735,2024-04-01,2024-06-30,trimestral,-2.2943049173364796,0.18521309381131124,27,valida
50061735,2024-05-01,2024-07-31,trimestral,-1.8509552669540674,0.1036508962600553,30,valida
50061735,2024-06-01,2024-08-31,trimestral,-0.5694073535352987,0.01731515064619027,28,valida
50061735,2024-07-01,2024-09-30,trimestral,0.48934620987546373,0.013431368614462147,22,valida
50061735,2024-08-01,2024-10-31,trimestral,0.3296670581937067,0.010648731204511264,19,valida
50061735,2024-09-01,2024-11-30,trimestral,0.24726060300936567,0.002508846374297047,14,valida
50061735,2024-10-01,2024-12-31,trimestral,-0.5703759535378685,0.015004603113346393,15,valida
50061735,2024-11-01,2025-01-31,trimestral,0.03591721534926322,3.722094755709282e-05,21,valida
50061735,2024-12-01,2025-02-28,trimestral,0.2855033342086055,0.011382392967760113,26,valida
50061735,2025-01-01,2025-03-31,trimestral,0.051225567977492524,0.0011286217725516856,22,valida
50061735,2025-02-01,2025-04-30,trimestral,,,17,qty constante
50061735,2025-03-01,2025-05-31,trimestral,-1.8651191410395114,0.03806645396364272,13,valida
50061735,2025-04-01,2025-06-30,trimestral,-5.974765263879476,0.11712311377324902,20,valida
50061735,2025-05-01,2025-07-31,trimestral,-4.686534952684061,0.10107542029127314,19,valida
50061735,2025-06-01,2025-08-31,trimestral,-5.329943029280953,0.10889328103582108,24,valida
50061735,2025-07-01,2025-09-30,trimestral,-3.8076741271314027,0.11971153305370241,24,valida
50061735,2025-08-01,2025-10-31,trimestral,0.28794841607125465,0.0013359526022386214,23,valida
50061735,2025-09-01,2025-11-30,trimestral,0.2712957833354203,0.0048499343011875196,25,valida
50061735,2025-10-01,2025-12-31,trimestral,0.19142257193845738,0.002628361663182366,21,valida
50061735,2025-11-01,2026-01-31,trimestral,0.029908565600431418,6.578665933176797e-05,27,valida
50061735,2025-12-01,2026-02-28,trimestral,,,23,precio constante
50061735,2026-01-01,2026-03-31,trimestral,,,23,precio constante
50061735,2026-02-01,2026-04-30,trimestral,-0.6027003330043235,0.0038649634246756825,17,valida
50061735,2024-01-01,2024-06-30,semestral,-1.7328304158694785,0.1079821677097893,57,valida
50061735,2024-02-01,2024-07-31,semestral,-2.039206422611465,0.09889637673238849,56,valida
50061735,2024-03-01,2024-08-31,semestral,-0.9955324060323752,0.039734937184809804,54,valida
50061735,2024-04-01,2024-09-30,semestral,-0.8491861551561946,0.03171150822880864,49,valida
50061735,2024-05-01,2024-10-31,semestral,-0.6147261966812655,0.018647545063138038,49,valida
50061735,2024-06-01,2024-11-30,semestral,-0.4272776412175837,0.00917875568891735,42,valida
50061735,2024-07-01,2024-12-31,semestral,0.209750540425648,0.0022814296632808206,37,valida
50061735,2024-08-01,2025-01-31,semestral,0.1597014046589541,0.0016763473235331672,40,valida
50061735,2024-09-01,2025-02-28,semestral,0.3374005165808455,0.010196918593961657,40,valida
50061735,2024-10-01,2025-03-31,semestral,-0.009523759975147147,1.2466993027038242e-05,37,valida
50061735,2024-11-01,2025-04-30,semestral,0.04041816286637291,0.0003008372248622937,38,valida
50061735,2024-12-01,2025-05-31,semestral,0.16894100666338352,0.0033227889371737485,39,valida
50061735,2025-01-01,2025-06-30,semestral,0.5084932087569902,0.019190553498348972,42,valida
50061735,2025-02-01,2025-07-31,semestral,0.46159015657589414,0.012386389900892358,36,valida
50061735,2025-03-01,2025-08-31,semestral,-4.079857511595603,0.0866652475726214,37,valida
50061735,2025-04-01,2025-09-30,semestral,-4.791862456201939,0.11891215004871802,44,valida
50061735,2025-05-01,2025-10-31,semestral,-1.2691053519519282,0.0135086064116412,42,valida
50061735,2025-06-01,2025-11-30,semestral,0.17985109047885495,0.0010813401876687,49,valida
50061735,2025-07-01,2025-12-31,semestral,-0.06311357648325737,0.00020436225112041573,45,valida
50061735,2025-08-01,2026-01-31,semestral,0.08964870314522846,0.0003701660881106905,50,valida
50061735,2025-09-01,2026-02-28,semestral,0.05613991195129004,0.0001490250228689538,48,valida
50061735,2025-10-01,2026-03-31,semestral,0.01904746033246236,1.8273594954654193e-05,44,valida
50061735,2025-11-01,2026-04-30,semestral,-0.08614624904126789,0.0005440808480622339,44,valida
50061736,2024-01-01,2024-01-31,mensual,,,2,n<3
50061736,2024-02-01,2024-02-29,mensual,,,1,n<3
50061736,2024-03-01,2024-03-31,mensual,,,1,n<3
50061736,2024-04-01,2024-04-30,mensual,,,0,n<3
50061736,2024-05-01,2024-05-31,mensual,,,0,n<3
50061736,2024-06-01,2024-06-30,mensual,,,0,n<3
50061736,2024-07-01,2024-07-31,mensual,,,1,n<3
50061736,2024-08-01,2024-08-31,mensual,,,1,n<3
50061736,2024-09-01,2024-09-30,mensual,,,3,qty constante
50061736,2024-10-01,2024-10-31,mensual,,,0,n<3
50061736,2024-11-01,2024-11-30,mensual,,,0,n<3
50061736,2024-12-01,2024-12-31,mensual,,,1,n<3
50061736,2025-01-01,2025-01-31,mensual,,,0,n<3
50061736,2025-02-01,2025-02-28,mensual,,,3,qty constante
50061736,2025-03-01,2025-03-31,mensual,3.722197187198196,0.5997536658082441,3,valida
50061736,2025-04-01,2025-04-30,mensual,,,0,n<3
50061736,2025-05-01,2025-05-31,mensual,,,0,n<3
50061736,2025-06-01,2025-06-30,mensual,,,0,n<3
50061736,2025-07-01,2025-07-31,mensual,,,1,n<3
50061736,2025-08-01,2025-08-31,mensual,,,2,n<3
50061736,2025-09-01,2025-09-30,mensual,,,0,n<3
50061736,2025-10-01,2025-10-31,mensual,,,0,n<3
50061736,2025-11-01,2025-11-30,mensual,,,0,n<3
50061736,2025-12-01,2025-12-31,mensual,,,2,n<3
50061736,2026-01-01,2026-01-31,mensual,,,3,precio constante
50061736,2024-01-01,2024-03-31,trimestral,,,4,qty constante
50061736,2024-02-01,2024-04-30,trimestral,,,2,n<3
50061736,2024-03-01,2024-05-31,trimestral,,,1,n<3
50061736,2024-04-01,2024-06-30,trimestral,,,0,n<3
50061736,2024-05-01,2024-07-31,trimestral,,,1,n<3
50061736,2024-06-01,2024-08-31,trimestral,,,2,n<3
50061736,2024-07-01,2024-09-30,trimestral,,,5,qty constante
50061736,2024-08-01,2024-10-31,trimestral,,,4,qty constante
50061736,2024-09-01,2024-11-30,trimestral,,,3,qty constante
50061736,2024-10-01,2024-12-31,trimestral,,,1,n<3
50061736,2024-11-01,2025-01-31,trimestral,,,1,n<3
50061736,2024-12-01,2025-02-28,trimestral,,,4,qty constante
50061736,2025-01-01,2025-03-31,trimestral,2.6745842562578797,0.39030142597526285,6,valida
50061736,2025-02-01,2025-04-30,trimestral,2.6745842562578797,0.39030142597526285,6,valida
50061736,2025-03-01,2025-05-31,trimestral,3.722197187198196,0.5997536658082441,3,valida
50061736,2025-04-01,2025-06-30,trimestral,,,0,n<3
50061736,2025-05-01,2025-07-31,trimestral,,,1,n<3
50061736,2025-06-01,2025-08-31,trimestral,,,3,qty constante
50061736,2025-07-01,2025-09-30,trimestral,,,3,qty constante
50061736,2025-08-01,2025-10-31,trimestral,,,2,n<3
50061736,2025-09-01,2025-11-30,trimestral,,,0,n<3
50061736,2025-10-01,2025-12-31,trimestral,,,2,n<3
50061736,2025-11-01,2026-01-31,trimestral,,,5,precio constante
50061736,2024-01-01,2024-06-30,semestral,,,4,qty constante
50061736,2024-02-01,2024-07-31,semestral,,,3,precio constante
50061736,2024-03-01,2024-08-31,semestral,,,3,precio constante
50061736,2024-04-01,2024-09-30,semestral,,,5,qty constante
50061736,2024-05-01,2024-10-31,semestral,,,5,qty constante
50061736,2024-06-01,2024-11-30,semestral,,,5,qty constante
50061736,2024-07-01,2024-12-31,semestral,,,6,qty constante
50061736,2024-08-01,2025-01-31,semestral,,,5,qty constante
50061736,2024-09-01,2025-02-28,semestral,,,7,qty constante
50061736,2024-10-01,2025-03-31,semestral,1.6354458455102143,0.1939865174898764,7,valida
50061736,2024-11-01,2025-04-30,semestral,1.6354458455102143,0.1939865174898764,7,valida
50061736,2024-12-01,2025-05-31,semestral,1.6354458455102143,0.1939865174898764,7,valida
50061736,2025-01-01,2025-06-30,semestral,2.6745842562578797,0.39030142597526285,6,valida
50061736,2025-02-01,2025-07-31,semestral,0.5653591636490919,0.1382587579432476,7,valida
50061736,2025-03-01,2025-08-31,semestral,0.762711691205381,0.2297346747408796,6,valida
50061736,2025-04-01,2025-09-30,semestral,,,3,qty constante
50061736,2025-05-01,2025-10-31,semestral,,,3,qty constante
50061736,2025-06-01,2025-11-30,semestral,,,3,qty constante
50061736,2025-07-01,2025-12-31,semestral,,,5,qty constante
50061736,2025-08-01,2026-01-31,semestral,,,7,qty constante
50061745,2024-02-01,2024-02-29,mensual,,,1,n<3
50061745,2024-03-01,2024-03-31,mensual,,,2,n<3
50061745,2024-04-01,2024-04-30,mensual,,,3,precio constante
50061745,2024-05-01,2024-05-31,mensual,,,1,n<3
50061745,2024-06-01,2024-06-30,mensual,,,1,n<3
50061745,2024-07-01,2024-07-31,mensual,,,1,n<3
50061745,2024-08-01,2024-08-31,mensual,,,1,n<3
50061745,2024-09-01,2024-09-30,mensual,,,1,n<3
50061745,2024-10-01,2024-10-31,mensual,,,1,n<3
50061745,2024-11-01,2024-11-30,mensual,,,0,n<3
50061745,2024-12-01,2024-12-31,mensual,,,1,n<3
50061745,2025-01-01,2025-01-31,mensual,,,4,precio constante
50061745,2025-02-01,2025-02-28,mensual,,,1,n<3
50061745,2025-03-01,2025-03-31,mensual,,,1,n<3
50061745,2025-04-01,2025-04-30,mensual,,,0,n<3
50061745,2025-05-01,2025-05-31,mensual,,,0,n<3
50061745,2025-06-01,2025-06-30,mensual,,,1,n<3
50061745,2025-07-01,2025-07-31,mensual,,,1,n<3
50061745,2025-08-01,2025-08-31,mensual,,,2,n<3
50061745,2025-09-01,2025-09-30,mensual,,,2,n<3
50061745,2025-10-01,2025-10-31,mensual,,,2,n<3
50061745,2025-11-01,2025-11-30,mensual,,,0,n<3
50061745,2025-12-01,2025-12-31,mensual,,,1,n<3
50061745,2026-01-01,2026-01-31,mensual,,,1,n<3
50061745,2026-02-01,2026-02-28,mensual,,,1,n<3
50061745,2026-03-01,2026-03-31,mensual,,,1,n<3
50061745,2026-04-01,2026-04-30,mensual,,,1,n<3
50061745,2024-02-01,2024-04-30,trimestral,,,6,precio constante
50061745,2024-03-01,2024-05-31,trimestral,,,6,precio constante
50061745,2024-04-01,2024-06-30,trimestral,,,5,precio constante
50061745,2024-05-01,2024-07-31,trimestral,,,3,precio constante
50061745,2024-06-01,2024-08-31,trimestral,,,3,qty constante
50061745,2024-07-01,2024-09-30,trimestral,0.971679104937368,0.2500000000000001,3,valida
50061745,2024-08-01,2024-10-31,trimestral,1.9433582098747357,1.0,3,valida
50061745,2024-09-01,2024-11-30,trimestral,,,2,n<3
50061745,2024-10-01,2024-12-31,trimestral,,,2,n<3
50061745,2024-11-01,2025-01-31,trimestral,,,5,precio constante
50061745,2024-12-01,2025-02-28,trimestral,2.6315253915842387,0.040000000000000036,6,valida
50061745,2025-01-01,2025-03-31,trimestral,0.4892489339138415,0.0023935251007156655,6,valida
50061745,2025-02-01,2025-04-30,trimestral,,,2,n<3
50061745,2025-03-01,2025-05-31,trimestral,,,1,n<3
50061745,2025-04-01,2025-06-30,trimestral,,,1,n<3
50061745,2025-05-01,2025-07-31,trimestral,,,2,n<3
50061745,2025-06-01,2025-08-31,trimestral,,,4,precio constante
50061745,2025-07-01,2025-09-30,trimestral,,,5,precio constante
50061745,2025-08-01,2025-10-31,trimestral,,,6,precio constante
50061745,2025-09-01,2025-11-30,trimestral,,,4,precio constante
50061745,2025-10-01,2025-12-31,trimestral,,,3,qty constante
50061745,2025-11-01,2026-01-31,trimestral,,,2,n<3
50061745,2025-12-01,2026-02-28,trimestral,,,3,precio constante
50061745,2026-01-01,2026-03-31,trimestral,,,3,precio constante
50061745,2026-02-01,2026-04-30,trimestral,,,3,precio constante
50061745,2024-02-01,2024-07-31,semestral,,,9,precio constante
50061745,2024-03-01,2024-08-31,semestral,,,9,qty constante
50061745,2024-04-01,2024-09-30,semestral,0.2776226014106722,0.020408163265306034,8,valida
50061745,2024-05-01,2024-10-31,semestral,0.7773432839498977,0.1000000000000002,6,valida
50061745,2024-06-01,2024-11-30,semestral,0.9716791049373662,0.16666666666666663,5,valida
50061745,2024-07-01,2024-12-31,semestral,0.9716791049373662,0.16666666666666663,5,valida
50061745,2024-08-01,2025-01-31,semestral,1.1104904056426887,0.0714285714285714,8,valida
50061745,2024-09-01,2025-02-28,semestral,3.759321987977399,0.0714285714285714,8,valida
50061745,2024-10-01,2025-03-31,semestral,0.5487632025286734,0.002598080726005203,8,valida
50061745,2024-11-01,2025-04-30,semestral,0.4186404958299,0.001706742834928332,7,valida
50061745,2024-12-01,2025-05-31,semestral,0.4186404958299,0.001706742834928332,7,valida
50061745,2025-01-01,2025-06-30,semestral,0.4186404958295647,0.001706742834928665,7,valida
50061745,2025-02-01,2025-07-31,semestral,,,4,qty constante
50061745,2025-03-01,2025-08-31,semestral,,,5,qty constante
50061745,2025-04-01,2025-09-30,semestral,,,6,precio constante
50061745,2025-05-01,2025-10-31,semestral,,,8,precio constante
50061745,2025-06-01,2025-11-30,semestral,,,8,precio constante
50061745,2025-07-01,2025-12-31,semestral,,,8,qty constante
50061745,2025-08-01,2026-01-31,semestral,,,8,qty constante
50061745,2025-09-01,2026-02-28,semestral,,,7,qty constante
50061745,2025-10-01,2026-03-31,semestral,,,6,qty constante
50061745,2025-11-01,2026-04-30,semestral,,,5,precio constante
50061746,2024-02-01,2024-02-29,mensual,,,1,n<3
50061746,2024-03-01,2024-03-31,mensual,,,0,n<3
50061746,2024-04-01,2024-04-30,mensual,,,1,n<3
50061746,2024-05-01,2024-05-31,mensual,,,0,n<3
50061746,2024-06-01,2024-06-30,mensual,,,1,n<3
50061746,2024-07-01,2024-07-31,mensual,,,0,n<3
50061746,2024-08-01,2024-08-31,mensual,,,1,n<3
50061746,2024-09-01,2024-09-30,mensual,,,1,n<3
50061746,2024-10-01,2024-10-31,mensual,,,0,n<3
50061746,2024-11-01,2024-11-30,mensual,,,0,n<3
50061746,2024-12-01,2024-12-31,mensual,,,1,n<3
50061746,2025-01-01,2025-01-31,mensual,,,1,n<3
50061746,2025-02-01,2025-02-28,mensual,,,0,n<3
50061746,2025-03-01,2025-03-31,mensual,,,1,n<3
50061746,2025-04-01,2025-04-30,mensual,,,0,n<3
50061746,2025-05-01,2025-05-31,mensual,,,1,n<3
50061746,2025-06-01,2025-06-30,mensual,,,0,n<3
50061746,2025-07-01,2025-07-31,mensual,,,0,n<3
50061746,2025-08-01,2025-08-31,mensual,,,0,n<3
50061746,2025-09-01,2025-09-30,mensual,,,0,n<3
50061746,2025-10-01,2025-10-31,mensual,,,0,n<3
50061746,2025-11-01,2025-11-30,mensual,,,0,n<3
50061746,2025-12-01,2025-12-31,mensual,,,0,n<3
50061746,2026-01-01,2026-01-31,mensual,,,1,n<3
50061746,2026-02-01,2026-02-28,mensual,,,2,n<3
50061746,2026-03-01,2026-03-31,mensual,,,1,n<3
50061746,2024-02-01,2024-04-30,trimestral,,,2,n<3
50061746,2024-03-01,2024-05-31,trimestral,,,1,n<3
50061746,2024-04-01,2024-06-30,trimestral,,,2,n<3
50061746,2024-05-01,2024-07-31,trimestral,,,1,n<3
50061746,2024-06-01,2024-08-31,trimestral,,,2,n<3
50061746,2024-07-01,2024-09-30,trimestral,,,2,n<3
50061746,2024-08-01,2024-10-31,trimestral,,,2,n<3
50061746,2024-09-01,2024-11-30,trimestral,,,1,n<3
50061746,2024-10-01,2024-12-31,trimestral,,,1,n<3
50061746,2024-11-01,2025-01-31,trimestral,,,2,n<3
50061746,2024-12-01,2025-02-28,trimestral,,,2,n<3
50061746,2025-01-01,2025-03-31,trimestral,,,2,n<3
50061746,2025-02-01,2025-04-30,trimestral,,,1,n<3
50061746,2025-03-01,2025-05-31,trimestral,,,2,n<3
50061746,2025-04-01,2025-06-30,trimestral,,,1,n<3
50061746,2025-05-01,2025-07-31,trimestral,,,1,n<3
50061746,2025-06-01,2025-08-31,trimestral,,,0,n<3
50061746,2025-07-01,2025-09-30,trimestral,,,0,n<3
50061746,2025-08-01,2025-10-31,trimestral,,,0,n<3
50061746,2025-09-01,2025-11-30,trimestral,,,0,n<3
50061746,2025-10-01,2025-12-31,trimestral,,,0,n<3
50061746,2025-11-01,2026-01-31,trimestral,,,1,n<3
50061746,2025-12-01,2026-02-28,trimestral,,,3,precio constante
50061746,2026-01-01,2026-03-31,trimestral,,,4,precio constante
50061746,2024-02-01,2024-07-31,semestral,,,3,qty constante
50061746,2024-03-01,2024-08-31,semestral,-1.6190024162107985,1.0,3,valida
50061746,2024-04-01,2024-09-30,semestral,-1.6680678036790837,0.9729735129189254,4,valida
50061746,2024-05-01,2024-10-31,semestral,-1.7235610497318465,0.9757224964053833,3,valida
50061746,2024-06-01,2024-11-30,semestral,-1.7235610497318465,0.9757224964053833,3,valida
50061746,2024-07-01,2024-12-31,semestral,-1.943435826235,1.0,3,valida
50061746,2024-08-01,2025-01-31,semestral,-1.9434358262350044,1.0,4,valida
50061746,2024-09-01,2025-02-28,semestral,,,3,precio constante
50061746,2024-10-01,2025-03-31,semestral,,,3,precio constante
50061746,2024-11-01,2025-04-30,semestral,,,3,precio constante
50061746,2024-12-01,2025-05-31,semestral,,,4,precio constante
50061746,2025-01-01,2025-06-30,semestral,,,3,precio constante
50061746,2025-02-01,2025-07-31,semestral,,,2,n<3
50061746,2025-03-01,2025-08-31,semestral,,,2,n<3
50061746,2025-04-01,2025-09-30,semestral,,,1,n<3
50061746,2025-05-01,2025-10-31,semestral,,,1,n<3
50061746,2025-06-01,2025-11-30,semestral,,,0,n<3
50061746,2025-07-01,2025-12-31,semestral,,,0,n<3
50061746,2025-08-01,2026-01-31,semestral,,,1,n<3
50061746,2025-09-01,2026-02-28,semestral,,,3,precio constante
50061746,2025-10-01,2026-03-31,semestral,,,4,precio constante
50061747,2024-01-01,2024-01-31,mensual,2.132686349455841,0.2500000000000001,3,valida
50061747,2024-02-01,2024-02-29,mensual,,,1,n<3
50061747,2024-03-01,2024-03-31,mensual,,,2,n<3
50061747,2024-04-01,2024-04-30,mensual,,,1,n<3
50061747,2024-05-01,2024-05-31,mensual,,,0,n<3
50061747,2024-06-01,2024-06-30,mensual,,,1,n<3
50061747,2024-07-01,2024-07-31,mensual,-8.358685339690213,0.3025475094527138,4,valida
50061747,2024-08-01,2024-08-31,mensual,,,3,precio constante
50061747,2024-09-01,2024-09-30,mensual,,,0,n<3
50061747,2024-10-01,2024-10-31,mensual,,,2,n<3
50061747,2024-11-01,2024-11-30,mensual,,,0,n<3
50061747,2024-12-01,2024-12-31,mensual,,,0,n<3
50061747,2025-01-01,2025-01-31,mensual,,,0,n<3
50061747,2025-02-01,2025-02-28,mensual,,,1,n<3
50061747,2025-03-01,2025-03-31,mensual,,,1,n<3
50061747,2025-04-01,2025-04-30,mensual,,,0,n<3
50061747,2025-05-01,2025-05-31,mensual,,,2,n<3
50061747,2025-06-01,2025-06-30,mensual,,,3,precio constante
50061747,2025-07-01,2025-07-31,mensual,,,1,n<3
50061747,2025-08-01,2025-08-31,mensual,,,4,precio constante
50061747,2025-09-01,2025-09-30,mensual,,,2,n<3
50061747,2025-10-01,2025-10-31,mensual,,,3,precio constante
50061747,2025-11-01,2025-11-30,mensual,,,0,n<3
50061747,2025-12-01,2025-12-31,mensual,,,1,n<3
50061747,2026-01-01,2026-01-31,mensual,,,5,precio constante
50061747,2026-02-01,2026-02-28,mensual,,,1,n<3
50061747,2026-03-01,2026-03-31,mensual,,,1,n<3
50061747,2026-04-01,2026-04-30,mensual,,,2,n<3
50061747,2024-01-01,2024-03-31,trimestral,1.6072069238823674,0.09420084933565165,6,valida
50061747,2024-02-01,2024-04-30,trimestral,,,4,precio constante
50061747,2024-03-01,2024-05-31,trimestral,,,3,precio constante
50061747,2024-04-01,2024-06-30,trimestral,,,2,n<3
50061747,2024-05-01,2024-07-31,trimestral,-6.271121853437055,0.15374286450780528,5,valida
50061747,2024-06-01,2024-08-31,trimestral,-3.5865777896538886,0.04470015922399051,8,valida
50061747,2024-07-01,2024-09-30,trimestral,-4.183195049947781,0.062348263869978715,7,valida
50061747,2024-08-01,2024-10-31,trimestral,,,5,precio constante
50061747,2024-09-01,2024-11-30,trimestral,,,2,n<3
50061747,2024-10-01,2024-12-31,trimestral,,,2,n<3
50061747,2024-11-01,2025-01-31,trimestral,,,0,n<3
50061747,2024-12-01,2025-02-28,trimestral,,,1,n<3
50061747,2025-01-01,2025-03-31,trimestral,,,2,n<3
50061747,2025-02-01,2025-04-30,trimestral,,,2,n<3
50061747,2025-03-01,2025-05-31,trimestral,,,3,qty constante
50061747,2025-04-01,2025-06-30,trimestral,,,5,qty constante
50061747,2025-05-01,2025-07-31,trimestral,,,6,qty constante
50061747,2025-06-01,2025-08-31,trimestral,,,8,precio constante
50061747,2025-07-01,2025-09-30,trimestral,,,7,precio constante
50061747,2025-08-01,2025-10-31,trimestral,,,9,precio constante
50061747,2025-09-01,2025-11-30,trimestral,,,5,precio constante
50061747,2025-10-01,2025-12-31,trimestral,35.60176447389991,1.0,4,valida
50061747,2025-11-01,2026-01-31,trimestral,,,6,precio constante
50061747,2025-12-01,2026-02-28,trimestral,,,7,precio constante
50061747,2026-01-01,2026-03-31,trimestral,-1.0577154368419022,0.027844182259001538,7,valida
50061747,2026-02-01,2026-04-30,trimestral,-5.123819435379092,0.4562755355877407,4,valida
50061747,2024-01-01,2024-06-30,semestral,1.7300496237072331,0.08239632034921351,8,valida
50061747,2024-02-01,2024-07-31,semestral,-5.563631801562036,0.09209326968557796,9,valida
50061747,2024-03-01,2024-08-31,semestral,-4.452949134338122,0.05321685877435378,11,valida
50061747,2024-04-01,2024-09-30,semestral,-4.352458958387244,0.05804672155081014,9,valida
50061747,2024-05-01,2024-10-31,semestral,-2.791041957871282,0.026206617325295056,10,valida
50061747,2024-06-01,2024-11-30,semestral,-2.791041957871282,0.026206617325295056,10,valida
50061747,2024-07-01,2024-12-31,semestral,-3.1390953745978534,0.03361918079672066,9,valida
50061747,2024-08-01,2025-01-31,semestral,,,5,precio constante
50061747,2024-09-01,2025-02-28,semestral,,,3,precio constante
50061747,2024-10-01,2025-03-31,semestral,,,4,qty constante
50061747,2024-11-01,2025-04-30,semestral,,,2,n<3
50061747,2024-12-01,2025-05-31,semestral,,,4,qty constante
50061747,2025-01-01,2025-06-30,semestral,,,7,qty constante
50061747,2025-02-01,2025-07-31,semestral,,,8,qty constante
50061747,2025-03-01,2025-08-31,semestral,,,11,qty constante
50061747,2025-04-01,2025-09-30,semestral,,,12,qty constante
50061747,2025-05-01,2025-10-31,semestral,,,15,qty constante
50061747,2025-06-01,2025-11-30,semestral,,,13,precio constante
50061747,2025-07-01,2025-12-31,semestral,35.60176447389699,1.0,11,valida
50061747,2025-08-01,2026-01-31,semestral,5.918482921494045,0.10680110555065636,15,valida
50061747,2025-09-01,2026-02-28,semestral,10.143552372311918,0.14229470742189576,12,valida
50061747,2025-10-01,2026-03-31,semestral,-0.5004444160534105,0.004097166888990533,11,valida
50061747,2025-11-01,2026-04-30,semestral,-2.252805375555958,0.07527501170841933,10,valida
50061989,2024-01-01,2024-01-31,mensual,,,5,precio constante
50061989,2024-02-01,2024-02-29,mensual,,,3,precio constante
50061989,2024-03-01,2024-03-31,mensual,,,3,precio constante
50061989,2024-04-01,2024-04-30,mensual,,,1,n<3
50061989,2024-05-01,2024-05-31,mensual,,,1,n<3
50061989,2024-06-01,2024-06-30,mensual,,,0,n<3
50061989,2024-07-01,2024-07-31,mensual,,,1,n<3
50061989,2024-08-01,2024-08-31,mensual,,,5,precio constante
50061989,2024-09-01,2024-09-30,mensual,9.695591479815539,1.0,4,valida
50061989,2024-10-01,2024-10-31,mensual,,,3,qty constante
50061989,2024-11-01,2024-11-30,mensual,,,6,precio constante
50061989,2024-12-01,2024-12-31,mensual,,,3,precio constante
50061989,2025-01-01,2025-01-31,mensual,,,6,precio constante
50061989,2025-02-01,2025-02-28,mensual,,,4,precio constante
50061989,2025-03-01,2025-03-31,mensual,,,2,n<3
50061989,2025-04-01,2025-04-30,mensual,,,3,precio constante
50061989,2025-05-01,2025-05-31,mensual,,,2,n<3
50061989,2025-06-01,2025-06-30,mensual,,,3,precio constante
50061989,2025-07-01,2025-07-31,mensual,,,3,precio constante
50061989,2025-08-01,2025-08-31,mensual,,,7,qty constante
50061989,2025-09-01,2025-09-30,mensual,40.41466913901837,0.16666666666666663,5,valida
50061989,2025-10-01,2025-10-31,mensual,,,4,precio constante
50061989,2025-11-01,2025-11-30,mensual,,,1,n<3
50061989,2025-12-01,2025-12-31,mensual,,,2,n<3
50061989,2026-01-01,2026-01-31,mensual,,,5,precio constante
50061989,2026-02-01,2026-02-28,mensual,,,2,n<3
50061989,2026-03-01,2026-03-31,mensual,,,3,precio constante
50061989,2026-04-01,2026-04-30,mensual,,,5,precio constante
50061989,2024-01-01,2024-03-31,trimestral,,,11,precio constante
50061989,2024-02-01,2024-04-30,trimestral,,,7,precio constante
50061989,2024-03-01,2024-05-31,trimestral,,,5,precio constante
50061989,2024-04-01,2024-06-30,trimestral,,,2,n<3
50061989,2024-05-01,2024-07-31,trimestral,,,2,n<3
50061989,2024-06-01,2024-08-31,trimestral,,,6,precio constante
50061989,2024-07-01,2024-09-30,trimestral,8.618303537613686,0.4444444444444443,10,valida
50061989,2024-08-01,2024-10-31,trimestral,0.3846239207025987,0.07565682742621593,12,valida
50061989,2024-09-01,2024-11-30,trimestral,0.6681179572435502,0.049149017141355444,13,valida
50061989,2024-10-01,2024-12-31,trimestral,0.38874670137937195,0.018190942053267545,12,valida
50061989,2024-11-01,2025-01-31,trimestral,,,15,precio constante
50061989,2024-12-01,2025-02-28,trimestral,,,13,precio constante
50061989,2025-01-01,2025-03-31,trimestral,,,12,precio constante
50061989,2025-02-01,2025-04-30,trimestral,,,9,precio constante
50061989,2025-03-01,2025-05-31,trimestral,-1.615931913302502,0.0277777777777779,7,valida
50061989,2025-04-01,2025-06-30,trimestral,-3.5763855976613517,0.044471871067985114,8,valida
50061989,2025-05-01,2025-07-31,trimestral,-4.962020399613383,0.07886796851592814,8,valida
50061989,2025-06-01,2025-08-31,trimestral,0.45675175597284234,0.031184473655396228,13,valida
50061989,2025-07-01,2025-09-30,trimestral,0.3051805974526907,0.024548179185571395,15,valida
50061989,2025-08-01,2025-10-31,trimestral,0.27680888144351906,0.020023273585466406,16,valida
50061989,2025-09-01,2025-11-30,trimestral,23.094096650867176,0.04761904761904745,10,valida
50061989,2025-10-01,2025-12-31,trimestral,-1.2742307092592942,0.06666666666666687,7,valida
50061989,2025-11-01,2026-01-31,trimestral,1.820329584656159,0.04761904761904745,8,valida
50061989,2025-12-01,2026-02-28,trimestral,,,9,precio constante
50061989,2026-01-01,2026-03-31,trimestral,,,10,precio constante
50061989,2026-02-01,2026-04-30,trimestral,,,10,precio constante
50061989,2024-01-01,2024-06-30,semestral,,,13,precio constante
50061989,2024-02-01,2024-07-31,semestral,19.877366498455316,1.0,9,valida
50061989,2024-03-01,2024-08-31,semestral,3.312894416409264,0.08333333333333293,11,valida
50061989,2024-04-01,2024-09-30,semestral,6.542981305038582,0.4032539132240761,12,valida
50061989,2024-05-01,2024-10-31,semestral,0.5111003655504305,0.07233549903947412,14,valida
50061989,2024-06-01,2024-11-30,semestral,0.6021489687226849,0.03480612570050057,19,valida
50061989,2024-07-01,2024-12-31,semestral,0.5417227377804267,0.02790000123796177,22,valida
50061989,2024-08-01,2025-01-31,semestral,0.40526808661748,0.017896684012937314,27,valida
50061989,2024-09-01,2025-02-28,semestral,0.4842562336692764,0.022092544321436147,26,valida
50061989,2024-10-01,2025-03-31,semestral,0.2650805344779163,0.007376113810954155,24,valida
50061989,2024-11-01,2025-04-30,semestral,,,24,precio constante
50061989,2024-12-01,2025-05-31,semestral,-1.0205885768226792,0.005847953216374102,20,valida
50061989,2025-01-01,2025-06-30,semestral,-1.8250110790952487,0.008698334933915253,20,valida
50061989,2025-02-01,2025-07-31,semestral,-2.7742895435813946,0.0180226993936331,17,valida
50061989,2025-03-01,2025-08-31,semestral,0.3338226206745349,0.014324239385438253,20,valida
50061989,2025-04-01,2025-09-30,semestral,0.37454741163233113,0.015308934756599002,23,valida
50061989,2025-05-01,2025-10-31,semestral,0.4367313159544175,0.018333429819133107,24,valida
50061989,2025-06-01,2025-11-30,semestral,0.43546149638073123,0.01974330243621447,23,valida
50061989,2025-07-01,2025-12-31,semestral,0.18207632569717386,0.006986292392281213,22,valida
50061989,2025-08-01,2026-01-31,semestral,0.4334481667127124,0.038598492284210084,24,valida
50061989,2025-09-01,2026-02-28,semestral,0.17281477316690144,0.001070442665730753,19,valida
50061989,2025-10-01,2026-03-31,semestral,-0.21237178487652703,0.0015873015873013596,17,valida
50061989,2025-11-01,2026-04-30,semestral,1.1243212140522805,0.011764705882353232,18,valida
50062034,2024-01-01,2024-01-31,mensual,,,4,qty constante
50062034,2024-02-01,2024-02-29,mensual,,,2,n<3
50062034,2024-03-01,2024-03-31,mensual,,,2,n<3
50062034,2024-04-01,2024-04-30,mensual,,,4,precio constante
50062034,2024-05-01,2024-05-31,mensual,,,3,precio constante
50062034,2024-06-01,2024-06-30,mensual,,,3,precio constante
50062034,2024-07-01,2024-07-31,mensual,,,4,precio constante
50062034,2024-08-01,2024-08-31,mensual,,,9,precio constante
50062034,2024-09-01,2024-09-30,mensual,0.6477659390047301,0.16666666666666663,5,valida
50062034,2024-10-01,2024-10-31,mensual,,,2,n<3
50062034,2024-11-01,2024-11-30,mensual,,,3,precio constante
50062034,2024-12-01,2024-12-31,mensual,,,2,n<3
50062034,2025-01-01,2025-01-31,mensual,,,9,precio constante
50062034,2025-02-01,2025-02-28,mensual,,,2,n<3
50062034,2025-03-01,2025-03-31,mensual,-2.1559039705528593,0.04938271604938271,11,valida
50062034,2025-04-01,2025-04-30,mensual,,,6,precio constante
50062034,2025-05-01,2025-05-31,mensual,,,3,precio constante
50062034,2025-06-01,2025-06-30,mensual,,,4,precio constante
50062034,2025-07-01,2025-07-31,mensual,,,2,n<3
50062034,2025-08-01,2025-08-31,mensual,-5.807819919809123,0.9094871986550059,4,valida
50062034,2025-09-01,2025-09-30,mensual,,,5,precio constante
50062034,2025-10-01,2025-10-31,mensual,,,2,n<3
50062034,2025-11-01,2025-11-30,mensual,,,4,precio constante
50062034,2025-12-01,2025-12-31,mensual,,,3,precio constante
50062034,2026-01-01,2026-01-31,mensual,,,7,precio constante
50062034,2026-02-01,2026-02-28,mensual,,,6,precio constante
50062034,2026-03-01,2026-03-31,mensual,0.294069104986131,0.0035944827307814453,5,valida
50062034,2026-04-01,2026-04-30,mensual,,,9,qty constante
50062034,2024-01-01,2024-03-31,trimestral,-2.771876533567945,0.04761904761904745,8,valida
50062034,2024-02-01,2024-04-30,trimestral,,,8,precio constante
50062034,2024-03-01,2024-05-31,trimestral,,,9,precio constante
50062034,2024-04-01,2024-06-30,trimestral,,,10,precio constante
50062034,2024-05-01,2024-07-31,trimestral,,,10,precio constante
50062034,2024-06-01,2024-08-31,trimestral,,,16,precio constante
50062034,2024-07-01,2024-09-30,trimestral,0.12145611356338766,0.007352941176470451,18,valida
50062034,2024-08-01,2024-10-31,trimestral,0.14948444746262982,0.01538461538461533,16,valida
50062034,2024-09-01,2024-11-30,trimestral,0.27761397385917114,0.04761904761904767,10,valida
50062034,2024-10-01,2024-12-31,trimestral,,,7,qty constante
50062034,2024-11-01,2025-01-31,trimestral,,,14,precio constante
50062034,2024-12-01,2025-02-28,trimestral,,,13,precio constante
50062034,2025-01-01,2025-03-31,trimestral,-3.3955487536208175,0.04666666666666652,22,valida
50062034,2025-02-01,2025-04-30,trimestral,-2.282721851173513,0.03137254901960773,19,valida
50062034,2025-03-01,2025-05-31,trimestral,-1.6169279779145016,0.019607843137254832,20,valida
50062034,2025-04-01,2025-06-30,trimestral,,,13,precio constante
50062034,2025-05-01,2025-07-31,trimestral,,,9,precio constante
50062034,2025-06-01,2025-08-31,trimestral,-5.8974370307889625,0.7495375332570327,10,valida
50062034,2025-07-01,2025-09-30,trimestral,-6.261263122856227,0.912935043952192,11,valida
50062034,2025-08-01,2025-10-31,trimestral,-6.261263122856224,0.912935043952192,11,valida
50062034,2025-09-01,2025-11-30,trimestral,,,11,precio constante
50062034,2025-10-01,2025-12-31,trimestral,5.0386653351864314,0.31322324327923046,9,valida
50062034,2025-11-01,2026-01-31,trimestral,0.7865987432104783,0.008386064801285453,14,valida
50062034,2025-12-01,2026-02-28,trimestral,,,16,precio constante
50062034,2026-01-01,2026-03-31,trimestral,0.28983112969287517,0.0007430820323341969,18,valida
50062034,2026-02-01,2026-04-30,trimestral,-0.1584588370539295,0.0003493263286004078,20,valida
50062034,2024-01-01,2024-06-30,semestral,-1.1413609255866264,0.007352941176470784,18,valida
50062034,2024-02-01,2024-07-31,semestral,,,18,precio constante
50062034,2024-03-01,2024-08-31,semestral,,,25,precio constante
50062034,2024-04-01,2024-09-30,semestral,0.07474222373131492,0.00284900284900258,28,valida
50062034,2024-05-01,2024-10-31,semestral,0.0844912094353997,0.005217391304347729,26,valida
50062034,2024-06-01,2024-11-30,semestral,0.0844912094353997,0.005217391304347729,26,valida
50062034,2024-07-01,2024-12-31,semestral,0.08833171895519054,0.005681818181818565,25,valida
50062034,2024-08-01,2025-01-31,semestral,0.3598699661137184,0.022222222222222476,30,valida
50062034,2024-09-01,2025-02-28,semestral,0.582989345104254,0.05294117647058827,23,valida
50062034,2024-10-01,2025-03-31,semestral,0.2632883541415546,0.003691265853459358,29,valida
50062034,2024-11-01,2025-04-30,semestral,-2.5036304174156787,0.02064516129032279,33,valida
50062034,2024-12-01,2025-05-31,semestral,-2.5036304174163044,0.020645161290322567,33,valida
50062034,2025-01-01,2025-06-30,semestral,-2.8178534608509724,0.0201699892281354,35,valida
50062034,2025-02-01,2025-07-31,semestral,-2.083957413004469,0.01587439430443205,28,valida
50062034,2025-03-01,2025-08-31,semestral,-5.7192971988390875,0.6208763817829612,30,valida
50062034,2025-04-01,2025-09-30,semestral,-6.152693400100479,0.7084481905417066,24,valida
50062034,2025-05-01,2025-10-31,semestral,-6.1912048694064055,0.7531450961750235,20,valida
50062034,2025-06-01,2025-11-30,semestral,-6.1072580214912415,0.7085256482317382,21,valida
50062034,2025-07-01,2025-12-31,semestral,-4.085781364532495,0.3997110859408103,20,valida
50062034,2025-08-01,2026-01-31,semestral,-3.5824233946701347,0.37957775177949604,25,valida
50062034,2025-09-01,2026-02-28,semestral,1.6835333480399646,0.053141310087994165,27,valida
50062034,2025-10-01,2026-03-31,semestral,0.7939540104295959,0.010573131592736318,27,valida
50062034,2025-11-01,2026-04-30,semestral,-0.2916973962413928,0.0012819345850186847,34,valida
50062186,2024-03-01,2024-03-31,mensual,,,2,n<3
50062186,2024-04-01,2024-04-30,mensual,,,1,n<3
50062186,2024-05-01,2024-05-31,mensual,,,1,n<3
50062186,2024-06-01,2024-06-30,mensual,,,1,n<3
50062186,2024-07-01,2024-07-31,mensual,,,2,n<3
50062186,2024-08-01,2024-08-31,mensual,,,0,n<3
50062186,2024-09-01,2024-09-30,mensual,,,0,n<3
50062186,2024-10-01,2024-10-31,mensual,,,3,precio constante
50062186,2024-11-01,2024-11-30,mensual,,,2,n<3
50062186,2024-12-01,2024-12-31,mensual,,,1,n<3
50062186,2025-01-01,2025-01-31,mensual,,,3,precio constante
50062186,2025-02-01,2025-02-28,mensual,,,3,precio constante
50062186,2025-03-01,2025-03-31,mensual,,,6,precio constante
50062186,2025-04-01,2025-04-30,mensual,,,3,precio constante
50062186,2025-05-01,2025-05-31,mensual,,,0,n<3
50062186,2025-06-01,2025-06-30,mensual,,,2,n<3
50062186,2025-07-01,2025-07-31,mensual,,,1,n<3
50062186,2025-08-01,2025-08-31,mensual,-0.45228541726017285,0.16666666666666663,5,valida
50062186,2025-09-01,2025-09-30,mensual,,,1,n<3
50062186,2025-10-01,2025-10-31,mensual,,,0,n<3
50062186,2025-11-01,2025-11-30,mensual,,,0,n<3
50062186,2025-12-01,2025-12-31,mensual,,,1,n<3
50062186,2026-01-01,2026-01-31,mensual,,,2,n<3
50062186,2026-02-01,2026-02-28,mensual,,,3,precio constante
50062186,2026-03-01,2026-03-31,mensual,,,3,precio constante
50062186,2026-04-01,2026-04-30,mensual,,,1,n<3
50062186,2024-03-01,2024-05-31,trimestral,,,4,qty constante
50062186,2024-04-01,2024-06-30,trimestral,,,3,qty constante
50062186,2024-05-01,2024-07-31,trimestral,-6.714142753143365,0.11111111111111105,4,valida
50062186,2024-06-01,2024-08-31,trimestral,,,3,precio constante
50062186,2024-07-01,2024-09-30,trimestral,,,2,n<3
50062186,2024-08-01,2024-10-31,trimestral,,,3,precio constante
50062186,2024-09-01,2024-11-30,trimestral,-1.6745970062511062,0.4094946563754027,5,valida
50062186,2024-10-01,2024-12-31,trimestral,-1.5867101514709636,0.4606255708452841,6,valida
50062186,2024-11-01,2025-01-31,trimestral,,,6,qty constante
50062186,2024-12-01,2025-02-28,trimestral,,,7,precio constante
50062186,2025-01-01,2025-03-31,trimestral,,,12,precio constante
50062186,2025-02-01,2025-04-30,trimestral,,,12,precio constante
50062186,2025-03-01,2025-05-31,trimestral,,,9,precio constante
50062186,2025-04-01,2025-06-30,trimestral,,,5,precio constante
50062186,2025-05-01,2025-07-31,trimestral,,,3,precio constante
50062186,2025-06-01,2025-08-31,trimestral,-0.45228541726017396,0.23809523809523792,8,valida
50062186,2025-07-01,2025-09-30,trimestral,-0.4516446653346649,0.22221916055669488,7,valida
50062186,2025-08-01,2025-10-31,trimestral,-0.451433461117678,0.19999720337979343,6,valida
50062186,2025-09-01,2025-11-30,trimestral,,,1,n<3
50062186,2025-10-01,2025-12-31,trimestral,,,1,n<3
50062186,2025-11-01,2026-01-31,trimestral,,,3,qty constante
50062186,2025-12-01,2026-02-28,trimestral,,,6,qty constante
50062186,2026-01-01,2026-03-31,trimestral,35.314491275444055,0.021226995473109134,8,valida
50062186,2026-02-01,2026-04-30,trimestral,,,7,precio constante
50062186,2024-03-01,2024-08-31,semestral,1.7031442130789556,0.0313936870028515,7,valida
50062186,2024-04-01,2024-09-30,semestral,0.1417841987765376,0.0001335583670485363,5,valida
50062186,2024-05-01,2024-10-31,semestral,-1.1822138223590097,0.249575849919498,7,valida
50062186,2024-06-01,2024-11-30,semestral,-1.2859034745382223,0.28250478836828496,8,valida
50062186,2024-07-01,2024-12-31,semestral,-1.2681309254509527,0.2927784651876145,8,valida
50062186,2024-08-01,2025-01-31,semestral,-1.5140708161742715,0.5302657995221087,9,valida
50062186,2024-09-01,2025-02-28,semestral,-1.4925794974547963,0.5590327024482458,12,valida
50062186,2024-10-01,2025-03-31,semestral,-1.4762370209730757,0.5845654680926794,18,valida
50062186,2024-11-01,2025-04-30,semestral,,,18,qty constante
50062186,2024-12-01,2025-05-31,semestral,,,16,precio constante
50062186,2025-01-01,2025-06-30,semestral,,,17,precio constante
50062186,2025-02-01,2025-07-31,semestral,,,15,precio constante
50062186,2025-03-01,2025-08-31,semestral,-0.4522854172601726,0.29166666666666674,17,valida
50062186,2025-04-01,2025-09-30,semestral,-0.4519975520796014,0.2727238744128896,12,valida
50062186,2025-05-01,2025-10-31,semestral,-0.451856265176952,0.24999671657171507,9,valida
50062186,2025-06-01,2025-11-30,semestral,-0.451856265176952,0.24999671657171507,9,valida
50062186,2025-07-01,2025-12-31,semestral,-0.45126194445265,0.23809044750207609,8,valida
50062186,2025-08-01,2026-01-31,semestral,-0.4497196357863456,0.2499767140724768,9,valida
50062186,2025-09-01,2026-02-28,semestral,,,7,qty constante
50062186,2025-10-01,2026-03-31,semestral,35.01363045488852,0.036516857111230316,9,valida
50062186,2025-11-01,2026-04-30,semestral,30.68399688597036,0.028486391062357286,10,valida
50062187,2024-01-01,2024-01-31,mensual,,,2,n<3
50062187,2024-02-01,2024-02-29,mensual,,,1,n<3
50062187,2024-03-01,2024-03-31,mensual,,,7,precio constante
50062187,2024-04-01,2024-04-30,mensual,,,4,qty constante
50062187,2024-05-01,2024-05-31,mensual,,,3,precio constante
50062187,2024-06-01,2024-06-30,mensual,,,6,qty constante
50062187,2024-07-01,2024-07-31,mensual,,,4,precio constante
50062187,2024-08-01,2024-08-31,mensual,,,3,precio constante
50062187,2024-09-01,2024-09-30,mensual,1.5401616800944626,0.2500000000000001,3,valida
50062187,2024-10-01,2024-10-31,mensual,,,5,qty constante
50062187,2024-11-01,2024-11-30,mensual,,,5,qty constante
50062187,2024-12-01,2024-12-31,mensual,,,3,precio constante
50062187,2025-01-01,2025-01-31,mensual,,,4,precio constante
50062187,2025-02-01,2025-02-28,mensual,,,2,n<3
50062187,2025-03-01,2025-03-31,mensual,,,0,n<3
50062187,2025-04-01,2025-04-30,mensual,,,0,n<3
50062187,2025-05-01,2025-05-31,mensual,,,3,precio constante
50062187,2025-06-01,2025-06-30,mensual,,,7,precio constante
50062187,2025-07-01,2025-07-31,mensual,,,3,precio constante
50062187,2025-08-01,2025-08-31,mensual,-2.879140791113161,0.17627009804545435,8,valida
50062187,2025-09-01,2025-09-30,mensual,,,3,qty constante
50062187,2025-10-01,2025-10-31,mensual,-4.2009228134471215,0.01647990673446964,11,valida
50062187,2025-11-01,2025-11-30,mensual,,,8,precio constante
50062187,2025-12-01,2025-12-31,mensual,,,6,qty constante
50062187,2026-01-01,2026-01-31,mensual,,,3,precio constante
50062187,2026-02-01,2026-02-28,mensual,,,2,n<3
50062187,2026-03-01,2026-03-31,mensual,2.819287415483461,0.041474654377880005,8,valida
50062187,2026-04-01,2026-04-30,mensual,,,2,n<3
50062187,2024-01-01,2024-03-31,trimestral,1.1966709403107139,0.029632341705552623,10,valida
50062187,2024-02-01,2024-04-30,trimestral,-7.1652852414844475,0.1347813213898058,12,valida
50062187,2024-03-01,2024-05-31,trimestral,-6.9927483110401125,0.09426618646628082,14,valida
50062187,2024-04-01,2024-06-30,trimestral,-3.981451990469794,0.17127249488286012,13,valida
50062187,2024-05-01,2024-07-31,trimestral,-9.360774974337453,0.4090909090909093,13,valida
50062187,2024-06-01,2024-08-31,trimestral,1.56012916238876,0.006944444444444642,13,valida
50062187,2024-07-01,2024-09-30,trimestral,-0.9121878027502904,0.0822515409550626,10,valida
50062187,2024-08-01,2024-10-31,trimestral,0.15468543958947012,0.004200059088957375,11,valida
50062187,2024-09-01,2024-11-30,trimestral,-0.23189816116830736,0.010653675254809425,13,valida
50062187,2024-10-01,2024-12-31,trimestral,,,13,qty constante
50062187,2024-11-01,2025-01-31,trimestral,,,12,qty constante
50062187,2024-12-01,2025-02-28,trimestral,,,9,precio constante
50062187,2025-01-01,2025-03-31,trimestral,,,6,precio constante
50062187,2025-02-01,2025-04-30,trimestral,,,2,n<3
50062187,2025-03-01,2025-05-31,trimestral,,,3,precio constante
50062187,2025-04-01,2025-06-30,trimestral,,,10,precio constante
50062187,2025-05-01,2025-07-31,trimestral,,,13,precio constante
50062187,2025-06-01,2025-08-31,trimestral,-2.129325719486991,0.07350854656440486,18,valida
50062187,2025-07-01,2025-09-30,trimestral,-2.8839455878802065,0.1852641154563196,14,valida
50062187,2025-08-01,2025-10-31,trimestral,-1.9293617234610794,0.046654452897004206,22,valida
50062187,2025-09-01,2025-11-30,trimestral,-0.7130558865947736,0.00033634840175988945,22,valida
50062187,2025-10-01,2025-12-31,trimestral,-2.365016136725055,0.05029516217605057,25,valida
50062187,2025-11-01,2026-01-31,trimestral,-2.6396153431114584,0.10668259844010275,17,valida
50062187,2025-12-01,2026-02-28,trimestral,,,11,qty constante
50062187,2026-01-01,2026-03-31,trimestral,1.644584325698692,0.013392857142857206,13,valida
50062187,2026-02-01,2026-04-30,trimestral,2.392122655561746,0.02597402597402587,12,valida
50062187,2024-01-01,2024-06-30,semestral,-0.27915810264235885,0.001468069848092446,23,valida
50062187,2024-02-01,2024-07-31,semestral,-8.383746552401698,0.194201972629499,25,valida
50062187,2024-03-01,2024-08-31,semestral,-8.6221266596443,0.17416942737977814,27,valida
50062187,2024-04-01,2024-09-30,semestral,-1.213754148029784,0.11185762534023769,23,valida
50062187,2024-05-01,2024-10-31,semestral,-0.22235998906467175,0.00803196377931159,24,valida
50062187,2024-06-01,2024-11-30,semestral,-0.3683268212401866,0.02744340226226205,26,valida
50062187,2024-07-01,2024-12-31,semestral,-0.33476590818216734,0.02251900981817556,23,valida
50062187,2024-08-01,2025-01-31,semestral,-0.33476590818216684,0.022519009818175784,23,valida
50062187,2024-09-01,2025-02-28,semestral,-0.4293682157031982,0.042212017349165465,22,valida
50062187,2024-10-01,2025-03-31,semestral,,,19,qty constante
50062187,2024-11-01,2025-04-30,semestral,,,14,qty constante
50062187,2024-12-01,2025-05-31,semestral,,,12,qty constante
50062187,2025-01-01,2025-06-30,semestral,-1.9232720754826504,0.1299451857744125,16,valida
50062187,2025-02-01,2025-07-31,semestral,-1.8921194257741458,0.05245135789810218,15,valida
50062187,2025-03-01,2025-08-31,semestral,-2.3719051052004168,0.08830919847319485,21,valida
50062187,2025-04-01,2025-09-30,semestral,-2.5713752612176255,0.10405141635003456,24,valida
50062187,2025-05-01,2025-10-31,semestral,-1.9273731635003886,0.03735896463353727,35,valida
50062187,2025-06-01,2025-11-30,semestral,-1.608213985274518,0.018558754887948115,40,valida
50062187,2025-07-01,2025-12-31,semestral,-1.6208913382765382,0.047307790857450294,39,valida
50062187,2025-08-01,2026-01-31,semestral,-1.6791961338309842,0.059751423473954235,39,valida
50062187,2025-09-01,2026-02-28,semestral,-1.93464397369704,0.04942260580984792,33,valida
50062187,2025-10-01,2026-03-31,semestral,-1.6029582577680628,0.03327815824681535,38,valida
50062187,2025-11-01,2026-04-30,semestral,-1.609917362239096,0.03644119567895632,29,valida
50062188,2024-01-01,2024-01-31,mensual,,,4,precio constante
50062188,2024-02-01,2024-02-29,mensual,,,4,precio constante
50062188,2024-03-01,2024-03-31,mensual,,,1,n<3
50062188,2024-04-01,2024-04-30,mensual,,,2,n<3
50062188,2024-05-01,2024-05-31,mensual,,,0,n<3
50062188,2024-06-01,2024-06-30,mensual,,,0,n<3
50062188,2024-07-01,2024-07-31,mensual,,,3,precio constante
50062188,2024-08-01,2024-08-31,mensual,,,4,precio constante
50062188,2024-09-01,2024-09-30,mensual,-1.6170820124062633,0.0277777777777779,7,valida
50062188,2024-10-01,2024-10-31,mensual,,,0,n<3
50062188,2024-11-01,2024-11-30,mensual,,,2,n<3
50062188,2024-12-01,2024-12-31,mensual,,,0,n<3
50062188,2025-01-01,2025-01-31,mensual,,,6,precio constante
50062188,2025-02-01,2025-02-28,mensual,,,3,precio constante
50062188,2025-03-01,2025-03-31,mensual,-3.2431948340412524,0.11164941411040674,4,valida
50062188,2025-04-01,2025-04-30,mensual,,,0,n<3
50062188,2025-05-01,2025-05-31,mensual,,,1,n<3
50062188,2025-06-01,2025-06-30,mensual,,,1,n<3
50062188,2025-07-01,2025-07-31,mensual,,,5,precio constante
50062188,2025-08-01,2025-08-31,mensual,-0.6244778231397136,0.15978454840065137,7,valida
50062188,2025-09-01,2025-09-30,mensual,,,3,precio constante
50062188,2025-10-01,2025-10-31,mensual,,,3,precio constante
50062188,2025-11-01,2025-11-30,mensual,,,1,n<3
50062188,2025-12-01,2025-12-31,mensual,,,1,n<3
50062188,2026-01-01,2026-01-31,mensual,,,5,qty constante
50062188,2026-02-01,2026-02-28,mensual,,,1,n<3
50062188,2026-03-01,2026-03-31,mensual,,,4,precio constante
50062188,2026-04-01,2026-04-30,mensual,,,4,precio constante
50062188,2024-01-01,2024-03-31,trimestral,,,9,precio constante
50062188,2024-02-01,2024-04-30,trimestral,,,7,precio constante
50062188,2024-03-01,2024-05-31,trimestral,,,3,precio constante
50062188,2024-04-01,2024-06-30,trimestral,,,2,n<3
50062188,2024-05-01,2024-07-31,trimestral,,,3,precio constante
50062188,2024-06-01,2024-08-31,trimestral,,,7,precio constante
50062188,2024-07-01,2024-09-30,trimestral,-1.9292752443051504,0.012097745054372888,14,valida
50062188,2024-08-01,2024-10-31,trimestral,-2.5080578175967054,0.020913281676217532,11,valida
50062188,2024-09-01,2024-11-30,trimestral,-2.42562301860951,0.0357142857142857,9,valida
50062188,2024-10-01,2024-12-31,trimestral,,,2,n<3
50062188,2024-11-01,2025-01-31,trimestral,-4.383912513422206,0.11156594584790869,8,valida
50062188,2024-12-01,2025-02-28,trimestral,,,9,precio constante
50062188,2025-01-01,2025-03-31,trimestral,-1.633833765239065,0.015450894362040835,13,valida
50062188,2025-02-01,2025-04-30,trimestral,-1.6264930262631851,0.02807265167012918,7,valida
50062188,2025-03-01,2025-05-31,trimestral,-2.4349661647124563,0.06292606349027186,5,valida
50062188,2025-04-01,2025-06-30,trimestral,,,2,n<3
50062188,2025-05-01,2025-07-31,trimestral,7.13452256127815,0.18100780342608624,7,valida
50062188,2025-06-01,2025-08-31,trimestral,-0.26455798071562064,0.024229180907871517,13,valida
50062188,2025-07-01,2025-09-30,trimestral,-0.5645435795063846,0.11371230856332037,15,valida
50062188,2025-08-01,2025-10-31,trimestral,-0.7809944117350076,0.36046482008065517,13,valida
50062188,2025-09-01,2025-11-30,trimestral,314.95371971428347,1.0,7,valida
50062188,2025-10-01,2025-12-31,trimestral,39.488269222104414,0.06275783400896973,5,valida
50062188,2025-11-01,2026-01-31,trimestral,-5.586544173590078,0.15419520719480773,7,valida
50062188,2025-12-01,2026-02-28,trimestral,5.116014442652887,0.12500000000000022,7,valida
50062188,2026-01-01,2026-03-31,trimestral,5.116014442653011,0.06249999999999989,10,valida
50062188,2026-02-01,2026-04-30,trimestral,,,9,precio constante
50062188,2024-01-01,2024-06-30,semestral,,,11,precio constante
50062188,2024-02-01,2024-07-31,semestral,,,10,qty constante
50062188,2024-03-01,2024-08-31,semestral,2.1773190682899526,0.047619047619048005,10,valida
50062188,2024-04-01,2024-09-30,semestral,0.5370307402242681,0.0029416601489345995,16,valida
50062188,2024-05-01,2024-10-31,semestral,-1.9292752443051504,0.012097745054372888,14,valida
50062188,2024-06-01,2024-11-30,semestral,-2.3188713500270692,0.014438353974934759,16,valida
50062188,2024-07-01,2024-12-31,semestral,-2.3188713500270692,0.014438353974934759,16,valida
50062188,2024-08-01,2025-01-31,semestral,-2.041584647019942,0.02737466760807139,19,valida
50062188,2024-09-01,2025-02-28,semestral,-1.9557558453099035,0.04330741633976409,18,valida
50062188,2024-10-01,2025-03-31,semestral,-3.013385029744643,0.08346184932025869,15,valida
50062188,2024-11-01,2025-04-30,semestral,-3.013385029744643,0.08346184932025869,15,valida
50062188,2024-12-01,2025-05-31,semestral,-1.5095447713920966,0.01309764848313777,14,valida
50062188,2025-01-01,2025-06-30,semestral,3.3517481893684233,0.08609591281631923,15,valida
50062188,2025-02-01,2025-07-31,semestral,2.7539868631482447,0.038385985253528654,14,valida
50062188,2025-03-01,2025-08-31,semestral,-0.3653003688700357,0.04365453588077994,18,valida
50062188,2025-04-01,2025-09-30,semestral,-0.43070739419990206,0.06320775721766891,17,valida
50062188,2025-05-01,2025-10-31,semestral,-0.4994919513713558,0.0844581336996898,20,valida
50062188,2025-06-01,2025-11-30,semestral,-0.40659689774259716,0.05189492386926642,20,valida
50062188,2025-07-01,2025-12-31,semestral,-0.556623158668837,0.10240365332862122,20,valida
50062188,2025-08-01,2026-01-31,semestral,-0.7037368453678046,0.26323033430331344,20,valida
50062188,2025-09-01,2026-02-28,semestral,2.920117114714865,0.04030951797361726,14,valida
50062188,2025-10-01,2026-03-31,semestral,2.0470393025661777,0.017756264442200576,15,valida
50062188,2025-11-01,2026-04-30,semestral,-0.32085964180280924,0.0002541286443573654,16,valida
50062262,2024-01-01,2024-01-31,mensual,,,5,precio constante
50062262,2024-02-01,2024-02-29,mensual,,,0,n<3
50062262,2024-03-01,2024-03-31,mensual,,,2,n<3
50062262,2024-04-01,2024-04-30,mensual,,,3,qty constante
50062262,2024-05-01,2024-05-31,mensual,,,2,n<3
50062262,2024-06-01,2024-06-30,mensual,,,2,n<3
50062262,2024-07-01,2024-07-31,mensual,,,1,n<3
50062262,2024-08-01,2024-08-31,mensual,,,0,n<3
50062262,2024-09-01,2024-09-30,mensual,,,3,qty constante
50062262,2024-10-01,2024-10-31,mensual,1.2145818020494836,0.16651122624523818,5,valida
50062262,2024-11-01,2024-11-30,mensual,,,5,qty constante
50062262,2024-12-01,2024-12-31,mensual,,,1,n<3
50062262,2025-01-01,2025-01-31,mensual,,,2,n<3
50062262,2025-02-01,2025-02-28,mensual,,,1,n<3
50062262,2025-03-01,2025-03-31,mensual,,,3,precio constante
50062262,2025-04-01,2025-04-30,mensual,,,1,n<3
50062262,2025-05-01,2025-05-31,mensual,,,0,n<3
50062262,2025-06-01,2025-06-30,mensual,,,3,precio constante
50062262,2025-07-01,2025-07-31,mensual,,,2,n<3
50062262,2025-08-01,2025-08-31,mensual,,,2,n<3
50062262,2025-09-01,2025-09-30,mensual,,,3,precio constante
50062262,2025-10-01,2025-10-31,mensual,,,1,n<3
50062262,2025-11-01,2025-11-30,mensual,-1.4554934307146183,0.06269926791462233,5,valida
50062262,2025-12-01,2025-12-31,mensual,,,1,n<3
50062262,2026-01-01,2026-01-31,mensual,,,3,precio constante
50062262,2026-02-01,2026-02-28,mensual,,,3,precio constante
50062262,2026-03-01,2026-03-31,mensual,,,5,precio constante
50062262,2026-04-01,2026-04-30,mensual,,,3,precio constante
50062262,2024-01-01,2024-03-31,trimestral,,,7,precio constante
50062262,2024-02-01,2024-04-30,trimestral,,,5,qty constante
50062262,2024-03-01,2024-05-31,trimestral,3.2357260545127358,0.22222222222222243,7,valida
50062262,2024-04-01,2024-06-30,trimestral,1.0345228711303358,0.09947625084491374,7,valida
50062262,2024-05-01,2024-07-31,trimestral,1.6263243820704185,0.21263224433610162,5,valida
50062262,2024-06-01,2024-08-31,trimestral,,,3,qty constante
50062262,2024-07-01,2024-09-30,trimestral,,,4,qty constante
50062262,2024-08-01,2024-10-31,trimestral,0.7079284720068005,0.10920992311236621,8,valida
50062262,2024-09-01,2024-11-30,trimestral,0.2662582863355858,0.017404861147615747,13,valida
50062262,2024-10-01,2024-12-31,trimestral,0.19924489523793432,0.0045306958158165545,11,valida
50062262,2024-11-01,2025-01-31,trimestral,,,8,qty constante
50062262,2024-12-01,2025-02-28,trimestral,,,4,qty constante
50062262,2025-01-01,2025-03-31,trimestral,,,6,precio constante
50062262,2025-02-01,2025-04-30,trimestral,,,5,precio constante
50062262,2025-03-01,2025-05-31,trimestral,,,4,precio constante
50062262,2025-04-01,2025-06-30,trimestral,,,4,precio constante
50062262,2025-05-01,2025-07-31,trimestral,,,5,precio constante
50062262,2025-06-01,2025-08-31,trimestral,,,7,precio constante
50062262,2025-07-01,2025-09-30,trimestral,,,7,precio constante
50062262,2025-08-01,2025-10-31,trimestral,,,6,precio constante
50062262,2025-09-01,2025-11-30,trimestral,-0.7290587202458493,0.015729715587679216,9,valida
50062262,2025-10-01,2025-12-31,trimestral,-1.1639504310548279,0.0668253455582476,7,valida
50062262,2025-11-01,2026-01-31,trimestral,-1.4540120812641617,0.15642924979187356,9,valida
50062262,2025-12-01,2026-02-28,trimestral,,,7,precio constante
50062262,2026-01-01,2026-03-31,trimestral,,,11,precio constante
50062262,2026-02-01,2026-04-30,trimestral,,,11,precio constante
50062262,2024-01-01,2024-06-30,semestral,1.1424932066612503,0.11407845030162733,14,valida
50062262,2024-02-01,2024-07-31,semestral,1.0193242906870563,0.09423379755606986,10,valida
50062262,2024-03-01,2024-08-31,semestral,1.0193242906870563,0.09423379755606986,10,valida
50062262,2024-04-01,2024-09-30,semestral,0.3884704632023665,0.05002344511290413,11,valida
50062262,2024-05-01,2024-10-31,semestral,0.8120565614861622,0.11497295376691863,13,valida
50062262,2024-06-01,2024-11-30,semestral,0.264761895384958,0.01875313070264162,16,valida
50062262,2024-07-01,2024-12-31,semestral,0.2277923915324962,0.012596887110213006,15,valida
50062262,2024-08-01,2025-01-31,semestral,0.16219377952287747,0.006682724363952008,16,valida
50062262,2024-09-01,2025-02-28,semestral,0.13066948597040062,0.004405797341485829,17,valida
50062262,2024-10-01,2025-03-31,semestral,0.14650512985533284,0.0018937155388232263,17,valida
50062262,2024-11-01,2025-04-30,semestral,0.9137636393287769,0.01673787916678049,13,valida
50062262,2024-12-01,2025-05-31,semestral,2.0121858460998476,0.020408163265305923,8,valida
50062262,2025-01-01,2025-06-30,semestral,,,10,precio constante
50062262,2025-02-01,2025-07-31,semestral,,,10,precio constante
50062262,2025-03-01,2025-08-31,semestral,,,11,precio constante
50062262,2025-04-01,2025-09-30,semestral,,,11,precio constante
50062262,2025-05-01,2025-10-31,semestral,,,11,precio constante
50062262,2025-06-01,2025-11-30,semestral,-0.7796325456081639,0.009636340632954155,16,valida
50062262,2025-07-01,2025-12-31,semestral,-0.9712207665478249,0.027915611484766734,14,valida
50062262,2025-08-01,2026-01-31,semestral,-1.1637529052006266,0.07707999876704386,15,valida
50062262,2025-09-01,2026-02-28,semestral,-0.7271681554564075,0.0667658236136428,16,valida
50062262,2025-10-01,2026-03-31,semestral,-1.16311474470964,0.15308513583881644,18,valida
50062262,2025-11-01,2026-04-30,semestral,-1.091130561125515,0.06264009074915389,20,valida
50062265,2024-01-01,2024-01-31,mensual,,,1,n<3
50062265,2024-02-01,2024-02-29,mensual,,,0,n<3
50062265,2024-03-01,2024-03-31,mensual,,,1,n<3
50062265,2024-04-01,2024-04-30,mensual,,,2,n<3
50062265,2024-05-01,2024-05-31,mensual,,,1,n<3
50062265,2024-06-01,2024-06-30,mensual,,,0,n<3
50062265,2024-07-01,2024-07-31,mensual,,,2,n<3
50062265,2024-08-01,2024-08-31,mensual,,,4,precio constante
50062265,2024-09-01,2024-09-30,mensual,,,7,precio constante
50062265,2024-10-01,2024-10-31,mensual,,,4,qty constante
50062265,2024-11-01,2024-11-30,mensual,,,1,n<3
50062265,2024-12-01,2024-12-31,mensual,,,2,n<3
50062265,2025-01-01,2025-01-31,mensual,,,3,precio constante
50062265,2025-02-01,2025-02-28,mensual,,,4,precio constante
50062265,2025-03-01,2025-03-31,mensual,,,2,n<3
50062265,2025-04-01,2025-04-30,mensual,,,0,n<3
50062265,2025-05-01,2025-05-31,mensual,,,3,precio constante
50062265,2025-06-01,2025-06-30,mensual,,,2,n<3
50062265,2025-07-01,2025-07-31,mensual,,,5,precio constante
50062265,2025-08-01,2025-08-31,mensual,,,2,n<3
50062265,2025-09-01,2025-09-30,mensual,,,2,n<3
50062265,2025-10-01,2025-10-31,mensual,,,3,precio constante
50062265,2025-11-01,2025-11-30,mensual,,,7,precio constante
50062265,2025-12-01,2025-12-31,mensual,,,1,n<3
50062265,2026-01-01,2026-01-31,mensual,,,2,n<3
50062265,2026-02-01,2026-02-28,mensual,,,3,precio constante
50062265,2026-03-01,2026-03-31,mensual,,,1,n<3
50062265,2026-04-01,2026-04-30,mensual,,,1,n<3
50062265,2024-01-01,2024-03-31,trimestral,,,2,n<3
50062265,2024-02-01,2024-04-30,trimestral,,,3,precio constante
50062265,2024-03-01,2024-05-31,trimestral,,,4,precio constante
50062265,2024-04-01,2024-06-30,trimestral,,,3,precio constante
50062265,2024-05-01,2024-07-31,trimestral,,,3,qty constante
50062265,2024-06-01,2024-08-31,trimestral,,,6,precio constante
50062265,2024-07-01,2024-09-30,trimestral,,,13,precio constante
50062265,2024-08-01,2024-10-31,trimestral,-2.7617314180797177,0.015346074740604232,15,valida
50062265,2024-09-01,2024-11-30,trimestral,-2.6383205550672955,0.015967218883349732,12,valida
50062265,2024-10-01,2024-12-31,trimestral,,,7,qty constante
50062265,2024-11-01,2025-01-31,trimestral,,,6,precio constante
50062265,2024-12-01,2025-02-28,trimestral,,,9,precio constante
50062265,2025-01-01,2025-03-31,trimestral,,,9,precio constante
50062265,2025-02-01,2025-04-30,trimestral,,,6,precio constante
50062265,2025-03-01,2025-05-31,trimestral,,,5,precio constante
50062265,2025-04-01,2025-06-30,trimestral,,,5,precio constante
50062265,2025-05-01,2025-07-31,trimestral,,,10,precio constante
50062265,2025-06-01,2025-08-31,trimestral,,,9,precio constante
50062265,2025-07-01,2025-09-30,trimestral,,,9,precio constante
50062265,2025-08-01,2025-10-31,trimestral,,,7,precio constante
50062265,2025-09-01,2025-11-30,trimestral,,,12,precio constante
50062265,2025-10-01,2025-12-31,trimestral,,,11,precio constante
50062265,2025-11-01,2026-01-31,trimestral,,,10,precio constante
50062265,2025-12-01,2026-02-28,trimestral,-5.18948105556066,0.1998665292843308,6,valida
50062265,2026-01-01,2026-03-31,trimestral,,,6,qty constante
50062265,2026-02-01,2026-04-30,trimestral,,,5,precio constante
50062265,2024-01-01,2024-06-30,semestral,,,5,precio constante
50062265,2024-02-01,2024-07-31,semestral,,,6,qty constante
50062265,2024-03-01,2024-08-31,semestral,2.4746199881587025,0.0742490579174413,10,valida
50062265,2024-04-01,2024-09-30,semestral,4.570766039018193,0.046309539126884736,16,valida
50062265,2024-05-01,2024-10-31,semestral,-0.5189577957365186,0.000796243370625338,18,valida
50062265,2024-06-01,2024-11-30,semestral,-2.2724119427572185,0.010148070526924902,18,valida
50062265,2024-07-01,2024-12-31,semestral,-2.0320528539353795,0.008023123941223176,20,valida
50062265,2024-08-01,2025-01-31,semestral,-1.9299019114814695,0.0072021662297888644,21,valida
50062265,2024-09-01,2025-02-28,semestral,-1.9299019114814695,0.0072021662297888644,21,valida
50062265,2024-10-01,2025-03-31,semestral,-1.2862500081011077,0.009426200514208616,16,valida
50062265,2024-11-01,2025-04-30,semestral,,,12,precio constante
50062265,2024-12-01,2025-05-31,semestral,,,14,precio constante
50062265,2025-01-01,2025-06-30,semestral,,,14,precio constante
50062265,2025-02-01,2025-07-31,semestral,,,16,precio constante
50062265,2025-03-01,2025-08-31,semestral,,,14,precio constante
50062265,2025-04-01,2025-09-30,semestral,,,14,precio constante
50062265,2025-05-01,2025-10-31,semestral,,,17,precio constante
50062265,2025-06-01,2025-11-30,semestral,,,21,precio constante
50062265,2025-07-01,2025-12-31,semestral,,,20,precio constante
50062265,2025-08-01,2026-01-31,semestral,,,17,precio constante
50062265,2025-09-01,2026-02-28,semestral,-1.6906194813280133,0.02356535790005365,18,valida
50062265,2025-10-01,2026-03-31,semestral,-1.951659215355461,0.038692700951723946,17,valida
50062265,2025-11-01,2026-04-30,semestral,-2.5380991247956235,0.07252859939663592,15,valida
50062278,2024-01-01,2024-01-31,mensual,,,2,n<3
50062278,2024-02-01,2024-02-29,mensual,,,0,n<3
50062278,2024-03-01,2024-03-31,mensual,,,1,n<3
50062278,2024-04-01,2024-04-30,mensual,,,0,n<3
50062278,2024-05-01,2024-05-31,mensual,,,0,n<3
50062278,2024-06-01,2024-06-30,mensual,,,0,n<3
50062278,2024-07-01,2024-07-31,mensual,,,0,n<3
50062278,2024-08-01,2024-08-31,mensual,,,0,n<3
50062278,2024-09-01,2024-09-30,mensual,,,0,n<3
50062278,2024-10-01,2024-10-31,mensual,,,0,n<3
50062278,2024-11-01,2024-11-30,mensual,,,0,n<3
50062278,2024-12-01,2024-12-31,mensual,,,0,n<3
50062278,2025-01-01,2025-01-31,mensual,,,0,n<3
50062278,2025-02-01,2025-02-28,mensual,,,0,n<3
50062278,2025-03-01,2025-03-31,mensual,,,0,n<3
50062278,2025-04-01,2025-04-30,mensual,,,0,n<3
50062278,2025-05-01,2025-05-31,mensual,,,1,n<3
50062278,2025-06-01,2025-06-30,mensual,,,0,n<3
50062278,2025-07-01,2025-07-31,mensual,,,1,n<3
50062278,2025-08-01,2025-08-31,mensual,,,0,n<3
50062278,2025-09-01,2025-09-30,mensual,,,2,n<3
50062278,2025-10-01,2025-10-31,mensual,,,0,n<3
50062278,2025-11-01,2025-11-30,mensual,,,1,n<3
50062278,2025-12-01,2025-12-31,mensual,,,0,n<3
50062278,2026-01-01,2026-01-31,mensual,,,1,n<3
50062278,2026-02-01,2026-02-28,mensual,,,1,n<3
50062278,2026-03-01,2026-03-31,mensual,,,1,n<3
50062278,2026-04-01,2026-04-30,mensual,,,1,n<3
50062278,2024-01-01,2024-03-31,trimestral,,,3,precio constante
50062278,2024-02-01,2024-04-30,trimestral,,,1,n<3
50062278,2024-03-01,2024-05-31,trimestral,,,1,n<3
50062278,2024-04-01,2024-06-30,trimestral,,,0,n<3
50062278,2024-05-01,2024-07-31,trimestral,,,0,n<3
50062278,2024-06-01,2024-08-31,trimestral,,,0,n<3
50062278,2024-07-01,2024-09-30,trimestral,,,0,n<3
50062278,2024-08-01,2024-10-31,trimestral,,,0,n<3
50062278,2024-09-01,2024-11-30,trimestral,,,0,n<3
50062278,2024-10-01,2024-12-31,trimestral,,,0,n<3
50062278,2024-11-01,2025-01-31,trimestral,,,0,n<3
50062278,2024-12-01,2025-02-28,trimestral,,,0,n<3
50062278,2025-01-01,2025-03-31,trimestral,,,0,n<3
50062278,2025-02-01,2025-04-30,trimestral,,,0,n<3
50062278,2025-03-01,2025-05-31,trimestral,,,1,n<3
50062278,2025-04-01,2025-06-30,trimestral,,,1,n<3
50062278,2025-05-01,2025-07-31,trimestral,,,2,n<3
50062278,2025-06-01,2025-08-31,trimestral,,,1,n<3
50062278,2025-07-01,2025-09-30,trimestral,,,3,precio constante
50062278,2025-08-01,2025-10-31,trimestral,,,2,n<3
50062278,2025-09-01,2025-11-30,trimestral,,,3,qty constante
50062278,2025-10-01,2025-12-31,trimestral,,,1,n<3
50062278,2025-11-01,2026-01-31,trimestral,,,2,n<3
50062278,2025-12-01,2026-02-28,trimestral,,,2,n<3
50062278,2026-01-01,2026-03-31,trimestral,,,3,precio constante
50062278,2026-02-01,2026-04-30,trimestral,,,3,precio constante
50062278,2024-01-01,2024-06-30,semestral,,,3,precio constante
50062278,2024-02-01,2024-07-31,semestral,,,1,n<3
50062278,2024-03-01,2024-08-31,semestral,,,1,n<3
50062278,2024-04-01,2024-09-30,semestral,,,0,n<3
50062278,2024-05-01,2024-10-31,semestral,,,0,n<3
50062278,2024-06-01,2024-11-30,semestral,,,0,n<3
50062278,2024-07-01,2024-12-31,semestral,,,0,n<3
50062278,2024-08-01,2025-01-31,semestral,,,0,n<3
50062278,2024-09-01,2025-02-28,semestral,,,0,n<3
50062278,2024-10-01,2025-03-31,semestral,,,0,n<3
50062278,2024-11-01,2025-04-30,semestral,,,0,n<3
50062278,2024-12-01,2025-05-31,semestral,,,1,n<3
50062278,2025-01-01,2025-06-30,semestral,,,1,n<3
50062278,2025-02-01,2025-07-31,semestral,,,2,n<3
50062278,2025-03-01,2025-08-31,semestral,,,2,n<3
50062278,2025-04-01,2025-09-30,semestral,,,4,precio constante
50062278,2025-05-01,2025-10-31,semestral,,,4,precio constante
50062278,2025-06-01,2025-11-30,semestral,,,4,qty constante
50062278,2025-07-01,2025-12-31,semestral,,,4,qty constante
50062278,2025-08-01,2026-01-31,semestral,,,4,qty constante
50062278,2025-09-01,2026-02-28,semestral,0.8239190488773208,0.041976793015944036,5,valida
50062278,2025-10-01,2026-03-31,semestral,-3.2392574786480908,0.11155268714878053,4,valida
50062278,2025-11-01,2026-04-30,semestral,-2.4315499228010635,0.062849466812405,5,valida
50063371,2024-01-01,2024-01-31,mensual,,,1,n<3
50063371,2024-02-01,2024-02-29,mensual,,,0,n<3
50063371,2024-03-01,2024-03-31,mensual,,,1,n<3
50063371,2024-04-01,2024-04-30,mensual,,,3,precio constante
50063371,2024-05-01,2024-05-31,mensual,,,1,n<3
50063371,2024-06-01,2024-06-30,mensual,,,0,n<3
50063371,2024-07-01,2024-07-31,mensual,,,2,n<3
50063371,2024-08-01,2024-08-31,mensual,,,2,n<3
50063371,2024-09-01,2024-09-30,mensual,,,0,n<3
50063371,2024-10-01,2024-10-31,mensual,,,2,n<3
50063371,2024-11-01,2024-11-30,mensual,,,0,n<3
50063371,2024-12-01,2024-12-31,mensual,,,3,precio constante
50063371,2025-01-01,2025-01-31,mensual,,,0,n<3
50063371,2025-02-01,2025-02-28,mensual,,,2,n<3
50063371,2025-03-01,2025-03-31,mensual,,,0,n<3
50063371,2025-04-01,2025-04-30,mensual,,,0,n<3
50063371,2025-05-01,2025-05-31,mensual,,,0,n<3
50063371,2025-06-01,2025-06-30,mensual,,,2,n<3
50063371,2025-07-01,2025-07-31,mensual,,,2,n<3
50063371,2025-08-01,2025-08-31,mensual,,,0,n<3
50063371,2025-09-01,2025-09-30,mensual,,,2,n<3
50063371,2025-10-01,2025-10-31,mensual,,,0,n<3
50063371,2025-11-01,2025-11-30,mensual,,,0,n<3
50063371,2025-12-01,2025-12-31,mensual,,,1,n<3
50063371,2026-01-01,2026-01-31,mensual,,,1,n<3
50063371,2026-02-01,2026-02-28,mensual,,,1,n<3
50063371,2026-03-01,2026-03-31,mensual,,,0,n<3
50063371,2026-04-01,2026-04-30,mensual,,,1,n<3
50063371,2024-01-01,2024-03-31,trimestral,,,2,n<3
50063371,2024-02-01,2024-04-30,trimestral,,,4,precio constante
50063371,2024-03-01,2024-05-31,trimestral,,,5,precio constante
50063371,2024-04-01,2024-06-30,trimestral,,,4,precio constante
50063371,2024-05-01,2024-07-31,trimestral,42.21770340087964,0.7907155255930869,3,valida
50063371,2024-06-01,2024-08-31,trimestral,44.00044891130949,0.6769386248923355,4,valida
50063371,2024-07-01,2024-09-30,trimestral,44.00044891130949,0.6769386248923355,4,valida
50063371,2024-08-01,2024-10-31,trimestral,,,4,precio constante
50063371,2024-09-01,2024-11-30,trimestral,,,2,n<3
50063371,2024-10-01,2024-12-31,trimestral,,,5,precio constante
50063371,2024-11-01,2025-01-31,trimestral,,,3,precio constante
50063371,2024-12-01,2025-02-28,trimestral,,,5,precio constante
50063371,2025-01-01,2025-03-31,trimestral,,,2,n<3
50063371,2025-02-01,2025-04-30,trimestral,,,2,n<3
50063371,2025-03-01,2025-05-31,trimestral,,,0,n<3
50063371,2025-04-01,2025-06-30,trimestral,,,2,n<3
50063371,2025-05-01,2025-07-31,trimestral,,,4,precio constante
50063371,2025-06-01,2025-08-31,trimestral,,,4,precio constante
50063371,2025-07-01,2025-09-30,trimestral,-6.740957328854846,0.005499512398638662,4,valida
50063371,2025-08-01,2025-10-31,trimestral,,,2,n<3
50063371,2025-09-01,2025-11-30,trimestral,,,2,n<3
50063371,2025-10-01,2025-12-31,trimestral,,,1,n<3
50063371,2025-11-01,2026-01-31,trimestral,,,2,n<3
50063371,2025-12-01,2026-02-28,trimestral,,,3,precio constante
50063371,2026-01-01,2026-03-31,trimestral,,,2,n<3
50063371,2026-02-01,2026-04-30,trimestral,,,2,n<3
50063371,2024-01-01,2024-06-30,semestral,,,6,precio constante
50063371,2024-02-01,2024-07-31,semestral,44.42101385927277,0.6724273442690343,7,valida
50063371,2024-03-01,2024-08-31,semestral,42.967361503354276,0.5407279896456418,9,valida
50063371,2024-04-01,2024-09-30,semestral,45.174130219353124,0.6143431962998669,8,valida
50063371,2024-05-01,2024-10-31,semestral,43.57877706181932,0.6161868720337531,7,valida
50063371,2024-06-01,2024-11-30,semestral,46.359063858877626,0.6961136567056558,6,valida
50063371,2024-07-01,2024-12-31,semestral,44.25540813765682,0.5564593345328708,9,valida
50063371,2024-08-01,2025-01-31,semestral,,,7,precio constante
50063371,2024-09-01,2025-02-28,semestral,,,7,precio constante
50063371,2024-10-01,2025-03-31,semestral,,,7,precio constante
50063371,2024-11-01,2025-04-30,semestral,,,5,precio constante
50063371,2024-12-01,2025-05-31,semestral,,,5,precio constante
50063371,2025-01-01,2025-06-30,semestral,-19.49460363136081,0.33359052102020115,4,valida
50063371,2025-02-01,2025-07-31,semestral,-12.668830638170004,0.1398882708521586,6,valida
50063371,2025-03-01,2025-08-31,semestral,,,4,precio constante
50063371,2025-04-01,2025-09-30,semestral,17.579727246452954,0.037554415757817705,6,valida
50063371,2025-05-01,2025-10-31,semestral,17.579727246452954,0.037554415757817705,6,valida
50063371,2025-06-01,2025-11-30,semestral,17.579727246452954,0.037554415757817705,6,valida
50063371,2025-07-01,2025-12-31,semestral,-20.709901738773652,0.05205873321394572,5,valida
50063371,2025-08-01,2026-01-31,semestral,,,4,precio constante
50063371,2025-09-01,2026-02-28,semestral,,,5,precio constante
50063371,2025-10-01,2026-03-31,semestral,,,3,precio constante
50063371,2025-11-01,2026-04-30,semestral,,,4,precio constante
50063372,2024-01-01,2024-01-31,mensual,,,3,precio constante
50063372,2024-02-01,2024-02-29,mensual,,,0,n<3
50063372,2024-03-01,2024-03-31,mensual,,,1,n<3
50063372,2024-04-01,2024-04-30,mensual,,,1,n<3
50063372,2024-05-01,2024-05-31,mensual,,,2,n<3
50063372,2024-06-01,2024-06-30,mensual,,,3,precio constante
50063372,2024-07-01,2024-07-31,mensual,,,2,n<3
50063372,2024-08-01,2024-08-31,mensual,,,2,n<3
50063372,2024-09-01,2024-09-30,mensual,,,2,n<3
50063372,2024-10-01,2024-10-31,mensual,,,3,precio constante
50063372,2024-11-01,2024-11-30,mensual,,,1,n<3
50063372,2024-12-01,2024-12-31,mensual,,,1,n<3
50063372,2025-01-01,2025-01-31,mensual,,,3,precio constante
50063372,2025-02-01,2025-02-28,mensual,,,1,n<3
50063372,2025-03-01,2025-03-31,mensual,,,0,n<3
50063372,2025-04-01,2025-04-30,mensual,,,1,n<3
50063372,2025-05-01,2025-05-31,mensual,,,1,n<3
50063372,2025-06-01,2025-06-30,mensual,,,1,n<3
50063372,2025-07-01,2025-07-31,mensual,,,1,n<3
50063372,2025-08-01,2025-08-31,mensual,,,1,n<3
50063372,2025-09-01,2025-09-30,mensual,,,1,n<3
50063372,2025-10-01,2025-10-31,mensual,,,3,precio constante
50063372,2025-11-01,2025-11-30,mensual,,,2,n<3
50063372,2025-12-01,2025-12-31,mensual,,,2,n<3
50063372,2026-01-01,2026-01-31,mensual,,,1,n<3
50063372,2026-02-01,2026-02-28,mensual,,,0,n<3
50063372,2026-03-01,2026-03-31,mensual,,,3,precio constante
50063372,2026-04-01,2026-04-30,mensual,,,2,n<3
50063372,2024-01-01,2024-03-31,trimestral,-10.419847858283905,0.8241146940597516,4,valida
50063372,2024-02-01,2024-04-30,trimestral,,,2,n<3
50063372,2024-03-01,2024-05-31,trimestral,,,4,precio constante
50063372,2024-04-01,2024-06-30,trimestral,,,6,precio constante
50063372,2024-05-01,2024-07-31,trimestral,,,7,precio constante
50063372,2024-06-01,2024-08-31,trimestral,,,7,precio constante
50063372,2024-07-01,2024-09-30,trimestral,,,6,precio constante
50063372,2024-08-01,2024-10-31,trimestral,,,7,precio constante
50063372,2024-09-01,2024-11-30,trimestral,,,6,precio constante
50063372,2024-10-01,2024-12-31,trimestral,9.282615282555868,0.30359751920058264,5,valida
50063372,2024-11-01,2025-01-31,trimestral,9.266120888270558,0.1306249089366045,5,valida
50063372,2024-12-01,2025-02-28,trimestral,10.686272855189845,0.17813825154436613,5,valida
50063372,2025-01-01,2025-03-31,trimestral,,,4,precio constante
50063372,2025-02-01,2025-04-30,trimestral,,,2,n<3
50063372,2025-03-01,2025-05-31,trimestral,,,2,n<3
50063372,2025-04-01,2025-06-30,trimestral,2.142103669756923,0.2499999999999999,3,valida
50063372,2025-05-01,2025-07-31,trimestral,,,3,precio constante
50063372,2025-06-01,2025-08-31,trimestral,-6.856560746348023,0.7211752792602695,3,valida
50063372,2025-07-01,2025-09-30,trimestral,-3.5096644486066166,0.182351009031259,3,valida
50063372,2025-08-01,2025-10-31,trimestral,-2.8281906269366393,0.122995388074573,5,valida
50063372,2025-09-01,2025-11-30,trimestral,25.47739369708362,0.37617642406264173,6,valida
50063372,2025-10-01,2025-12-31,trimestral,27.139534050418433,0.4365519143187908,7,valida
50063372,2025-11-01,2026-01-31,trimestral,29.96545057913001,0.7369094182462534,5,valida
50063372,2025-12-01,2026-02-28,trimestral,,,3,precio constante
50063372,2026-01-01,2026-03-31,trimestral,,,4,precio constante
50063372,2026-02-01,2026-04-30,trimestral,,,5,precio constante
50063372,2024-01-01,2024-06-30,semestral,-5.049646530434822,0.06834401581947036,10,valida
50063372,2024-02-01,2024-07-31,semestral,,,9,precio constante
50063372,2024-03-01,2024-08-31,semestral,,,11,precio constante
50063372,2024-04-01,2024-09-30,semestral,,,12,precio constante
50063372,2024-05-01,2024-10-31,semestral,,,14,precio constante
50063372,2024-06-01,2024-11-30,semestral,,,13,precio constante
50063372,2024-07-01,2024-12-31,semestral,8.88330354674514,0.09665452204140157,11,valida
50063372,2024-08-01,2025-01-31,semestral,8.422585469734265,0.061570161535081325,12,valida
50063372,2024-09-01,2025-02-28,semestral,8.623183875586518,0.08392883087763037,11,valida
50063372,2024-10-01,2025-03-31,semestral,9.969185363593438,0.1314731443884467,9,valida
50063372,2024-11-01,2025-04-30,semestral,9.403684310893333,0.1422180131923776,7,valida
50063372,2024-12-01,2025-05-31,semestral,3.932980495152442,0.0596002294789264,7,valida
50063372,2025-01-01,2025-06-30,semestral,2.7422665174545684,0.041262477295094246,7,valida
50063372,2025-02-01,2025-07-31,semestral,-1.013231160625214,0.01756286478143476,5,valida
50063372,2025-03-01,2025-08-31,semestral,-6.21233253344857,0.6399717904385764,5,valida
50063372,2025-04-01,2025-09-30,semestral,-3.1821927014276734,0.14932958826579867,6,valida
50063372,2025-05-01,2025-10-31,semestral,-3.2034337198682716,0.100194335562792,8,valida
50063372,2025-06-01,2025-11-30,semestral,-0.5845597167761255,0.002433713449503716,9,valida
50063372,2025-07-01,2025-12-31,semestral,-0.6909682388949979,0.00331790612021321,10,valida
50063372,2025-08-01,2026-01-31,semestral,-1.2091848487062629,0.011699066201163566,10,valida
50063372,2025-09-01,2026-02-28,semestral,25.845319148807985,0.370537926324331,9,valida
50063372,2025-10-01,2026-03-31,semestral,28.581794342666022,0.4179086591202904,11,valida
50063372,2025-11-01,2026-04-30,semestral,26.814791779951776,0.3244831093059839,10,valida
50066250,2024-02-01,2024-02-29,mensual,,,2,n<3
50066250,2024-03-01,2024-03-31,mensual,,,3,precio constante
50066250,2024-04-01,2024-04-30,mensual,,,1,n<3
50066250,2024-05-01,2024-05-31,mensual,,,1,n<3
50066250,2024-06-01,2024-06-30,mensual,,,0,n<3
50066250,2024-07-01,2024-07-31,mensual,,,1,n<3
50066250,2024-08-01,2024-08-31,mensual,,,3,qty constante
50066250,2024-09-01,2024-09-30,mensual,,,1,n<3
50066250,2024-10-01,2024-10-31,mensual,,,3,qty constante
50066250,2024-11-01,2024-11-30,mensual,,,0,n<3
50066250,2024-12-01,2024-12-31,mensual,,,0,n<3
50066250,2025-01-01,2025-01-31,mensual,,,4,qty constante
50066250,2025-02-01,2025-02-28,mensual,,,3,qty constante
50066250,2025-03-01,2025-03-31,mensual,,,3,precio constante
50066250,2025-04-01,2025-04-30,mensual,,,0,n<3
50066250,2025-05-01,2025-05-31,mensual,,,2,n<3
50066250,2025-06-01,2025-06-30,mensual,,,1,n<3
50066250,2025-07-01,2025-07-31,mensual,,,2,n<3
50066250,2025-08-01,2025-08-31,mensual,,,6,qty constante
50066250,2025-09-01,2025-09-30,mensual,,,8,precio constante
50066250,2025-10-01,2025-10-31,mensual,,,0,n<3
50066250,2025-11-01,2025-11-30,mensual,,,1,n<3
50066250,2025-12-01,2025-12-31,mensual,,,0,n<3
50066250,2026-01-01,2026-01-31,mensual,,,4,qty constante
50066250,2026-02-01,2026-02-28,mensual,,,4,precio constante
50066250,2026-03-01,2026-03-31,mensual,,,1,n<3
50066250,2026-04-01,2026-04-30,mensual,,,5,precio constante
50066250,2024-02-01,2024-04-30,trimestral,,,6,precio constante
50066250,2024-03-01,2024-05-31,trimestral,,,5,precio constante
50066250,2024-04-01,2024-06-30,trimestral,,,2,n<3
50066250,2024-05-01,2024-07-31,trimestral,,,2,n<3
50066250,2024-06-01,2024-08-31,trimestral,,,4,qty constante
50066250,2024-07-01,2024-09-30,trimestral,,,5,qty constante
50066250,2024-08-01,2024-10-31,trimestral,,,7,qty constante
50066250,2024-09-01,2024-11-30,trimestral,,,4,qty constante
50066250,2024-10-01,2024-12-31,trimestral,,,3,qty constante
50066250,2024-11-01,2025-01-31,trimestral,,,4,qty constante
50066250,2024-12-01,2025-02-28,trimestral,,,7,qty constante
50066250,2025-01-01,2025-03-31,trimestral,,,10,qty constante
50066250,2025-02-01,2025-04-30,trimestral,,,6,qty constante
50066250,2025-03-01,2025-05-31,trimestral,,,5,precio constante
50066250,2025-04-01,2025-06-30,trimestral,,,3,precio constante
50066250,2025-05-01,2025-07-31,trimestral,,,5,precio constante
50066250,2025-06-01,2025-08-31,trimestral,,,9,qty constante
50066250,2025-07-01,2025-09-30,trimestral,0.25334220931459256,0.009124506157040524,16,valida
50066250,2025-08-01,2025-10-31,trimestral,0.29536396984518415,0.012276361281651549,14,valida
50066250,2025-09-01,2025-11-30,trimestral,,,9,precio constante
50066250,2025-10-01,2025-12-31,trimestral,,,1,n<3
50066250,2025-11-01,2026-01-31,trimestral,-21.563667002568852,0.375,5,valida
50066250,2025-12-01,2026-02-28,trimestral,,,8,qty constante
50066250,2026-01-01,2026-03-31,trimestral,5.459719270160409,0.01603302439606269,9,valida
50066250,2026-02-01,2026-04-30,trimestral,,,10,precio constante
50066250,2024-02-01,2024-07-31,semestral,-6.6479415307631315,0.020271011634264147,8,valida
50066250,2024-03-01,2024-08-31,semestral,,,9,qty constante
50066250,2024-04-01,2024-09-30,semestral,,,7,qty constante
50066250,2024-05-01,2024-10-31,semestral,,,9,qty constante
50066250,2024-06-01,2024-11-30,semestral,,,8,qty constante
50066250,2024-07-01,2024-12-31,semestral,,,8,qty constante
50066250,2024-08-01,2025-01-31,semestral,,,11,qty constante
50066250,2024-09-01,2025-02-28,semestral,,,11,qty constante
50066250,2024-10-01,2025-03-31,semestral,,,13,qty constante
50066250,2024-11-01,2025-04-30,semestral,,,10,qty constante
50066250,2024-12-01,2025-05-31,semestral,,,12,qty constante
50066250,2025-01-01,2025-06-30,semestral,,,13,qty constante
50066250,2025-02-01,2025-07-31,semestral,,,11,qty constante
50066250,2025-03-01,2025-08-31,semestral,,,14,qty constante
50066250,2025-04-01,2025-09-30,semestral,0.2087727072464224,0.006264705231148082,19,valida
50066250,2025-05-01,2025-10-31,semestral,0.2087727072464224,0.006264705231148082,19,valida
50066250,2025-06-01,2025-11-30,semestral,0.44384739365456494,0.014994265793522144,18,valida
50066250,2025-07-01,2025-12-31,semestral,0.47331704783182477,0.01705642466366164,17,valida
50066250,2025-08-01,2026-01-31,semestral,0.3503711121235973,0.00970607981679783,19,valida
50066250,2025-09-01,2026-02-28,semestral,-8.638043942345742,0.09363712789368916,17,valida
50066250,2025-10-01,2026-03-31,semestral,-16.130547255867565,0.13994987540837667,10,valida
50066250,2025-11-01,2026-04-30,semestral,-18.20600444746691,0.17825215306941855,15,valida
50066347,2024-02-01,2024-02-29,mensual,,,6,precio constante
50066347,2024-03-01,2024-03-31,mensual,,,6,precio constante
50066347,2024-04-01,2024-04-30,mensual,,,4,precio constante
50066347,2024-05-01,2024-05-31,mensual,,,6,precio constante
50066347,2024-06-01,2024-06-30,mensual,,,2,n<3
50066347,2024-07-01,2024-07-31,mensual,,,5,precio constante
50066347,2024-08-01,2024-08-31,mensual,,,4,qty constante
50066347,2024-09-01,2024-09-30,mensual,,,1,n<3
50066347,2024-10-01,2024-10-31,mensual,,,2,n<3
50066347,2024-11-01,2024-11-30,mensual,,,2,n<3
50066347,2024-12-01,2024-12-31,mensual,,,1,n<3
50066347,2025-01-01,2025-01-31,mensual,,,1,n<3
50066347,2025-02-01,2025-02-28,mensual,,,1,n<3
50066347,2025-03-01,2025-03-31,mensual,,,0,n<3
50066347,2025-04-01,2025-04-30,mensual,,,0,n<3
50066347,2025-05-01,2025-05-31,mensual,,,3,precio constante
50066347,2025-06-01,2025-06-30,mensual,,,5,precio constante
50066347,2025-07-01,2025-07-31,mensual,,,5,precio constante
50066347,2025-08-01,2025-08-31,mensual,0.3887019088221478,0.06666666666666721,7,valida
50066347,2025-09-01,2025-09-30,mensual,,,4,precio constante
50066347,2025-10-01,2025-10-31,mensual,-2.425059147625593,0.06249999999999989,5,valida
50066347,2025-11-01,2025-11-30,mensual,,,1,n<3
50066347,2025-12-01,2025-12-31,mensual,,,2,n<3
50066347,2026-01-01,2026-01-31,mensual,,,4,qty constante
50066347,2026-02-01,2026-02-28,mensual,9.69907147172533,1.0,6,valida
50066347,2026-03-01,2026-03-31,mensual,,,1,n<3
50066347,2024-02-01,2024-04-30,trimestral,,,16,precio constante
50066347,2024-03-01,2024-05-31,trimestral,,,16,precio constante
50066347,2024-04-01,2024-06-30,trimestral,,,12,precio constante
50066347,2024-05-01,2024-07-31,trimestral,,,13,precio constante
50066347,2024-06-01,2024-08-31,trimestral,0.2628807572596048,0.03551442614860545,11,valida
50066347,2024-07-01,2024-09-30,trimestral,0.25570367697748736,0.03545418597720451,10,valida
50066347,2024-08-01,2024-10-31,trimestral,,,7,qty constante
50066347,2024-09-01,2024-11-30,trimestral,-2.4250591476255927,0.06249999999999989,5,valida
50066347,2024-10-01,2024-12-31,trimestral,,,5,precio constante
50066347,2024-11-01,2025-01-31,trimestral,,,4,precio constante
50066347,2024-12-01,2025-02-28,trimestral,,,3,qty constante
50066347,2025-01-01,2025-03-31,trimestral,,,2,n<3
50066347,2025-02-01,2025-04-30,trimestral,,,1,n<3
50066347,2025-03-01,2025-05-31,trimestral,,,3,precio constante
50066347,2025-04-01,2025-06-30,trimestral,,,8,precio constante
50066347,2025-05-01,2025-07-31,trimestral,,,13,precio constante
50066347,2025-06-01,2025-08-31,trimestral,0.6478365147035818,0.05555555555555558,17,valida
50066347,2025-07-01,2025-09-30,trimestral,0.41646633088087603,0.03296703296703285,16,valida
50066347,2025-08-01,2025-10-31,trimestral,0.23790467376276614,0.015735286004469273,16,valida
50066347,2025-09-01,2025-11-30,trimestral,-1.0778040656113281,0.012345679012345734,10,valida
50066347,2025-10-01,2025-12-31,trimestral,-2.7714961687147235,0.04761904761904745,8,valida
50066347,2025-11-01,2026-01-31,trimestral,-1.6729058411842375,0.09434207103259906,7,valida
50066347,2025-12-01,2026-02-28,trimestral,0.744833721169717,0.013194616100657086,12,valida
50066347,2026-01-01,2026-03-31,trimestral,3.5287747400955936,0.3551163360264138,11,valida
50066347,2024-02-01,2024-07-31,semestral,,,29,precio constante
50066347,2024-03-01,2024-08-31,semestral,0.2654361173264084,0.014941519943984183,27,valida
50066347,2024-04-01,2024-09-30,semestral,0.29699542530327233,0.019506044633982533,22,valida
50066347,2024-05-01,2024-10-31,semestral,0.11026046141630702,0.00724167882233806,20,valida
50066347,2024-06-01,2024-11-30,semestral,0.28547076977310887,0.02544524666208614,16,valida
50066347,2024-07-01,2024-12-31,semestral,0.30816140109385176,0.02958066563931705,15,valida
50066347,2024-08-01,2025-01-31,semestral,0.22590484705713337,0.028190229017623802,11,valida
50066347,2024-09-01,2025-02-28,semestral,-1.6167060984170254,0.04761904761904734,8,valida
50066347,2024-10-01,2025-03-31,semestral,-1.61670609841698,0.0277777777777779,7,valida
50066347,2024-11-01,2025-04-30,semestral,-2.425059147625593,0.06249999999999989,5,valida
50066347,2024-12-01,2025-05-31,semestral,,,6,qty constante
50066347,2025-01-01,2025-06-30,semestral,-2.155608131222553,0.02777777777777768,10,valida
50066347,2025-02-01,2025-07-31,semestral,-2.984688181693667,0.03076923076923077,14,valida
50066347,2025-03-01,2025-08-31,semestral,0.5398637622530008,0.03703703703703698,20,valida
50066347,2025-04-01,2025-09-30,semestral,0.4417067145706229,0.02392344497607668,24,valida
50066347,2025-05-01,2025-10-31,semestral,0.3752450620240096,0.015107299968098564,29,valida
50066347,2025-06-01,2025-11-30,semestral,0.4047773770488758,0.01784829106903807,27,valida
50066347,2025-07-01,2025-12-31,semestral,0.38246532013984663,0.018639667608763677,24,valida
50066347,2025-08-01,2026-01-31,semestral,0.13438131133315487,0.003948197878543835,23,valida
50066347,2025-09-01,2026-02-28,semestral,0.5925496090488566,0.009857822518980375,22,valida
50066347,2025-10-01,2026-03-31,semestral,0.1411779384721078,0.0004954047446130705,19,valida
50066388,2024-01-01,2024-01-31,mensual,-10.46094249287906,0.16463735968582638,5,valida
50066388,2024-02-01,2024-02-29,mensual,,,9,precio constante
50066388,2024-03-01,2024-03-31,mensual,,,3,precio constante
50066388,2024-04-01,2024-04-30,mensual,-22.495208419784642,0.2495875596157182,3,valida
50066388,2024-05-01,2024-05-31,mensual,,,2,n<3
50066388,2024-06-01,2024-06-30,mensual,,,3,precio constante
50066388,2024-07-01,2024-07-31,mensual,-2.593752239314688,0.01307879281467128,4,valida
50066388,2024-08-01,2024-08-31,mensual,,,4,precio constante
50066388,2024-09-01,2024-09-30,mensual,,,3,precio constante
50066388,2024-10-01,2024-10-31,mensual,,,5,precio constante
50066388,2024-11-01,2024-11-30,mensual,,,3,precio constante
50066388,2024-12-01,2024-12-31,mensual,,,3,precio constante
50066388,2025-01-01,2025-01-31,mensual,,,4,precio constante
50066388,2025-02-01,2025-02-28,mensual,,,6,precio constante
50066388,2025-03-01,2025-03-31,mensual,,,4,precio constante
50066388,2025-04-01,2025-04-30,mensual,,,1,n<3
50066388,2025-05-01,2025-05-31,mensual,,,5,precio constante
50066388,2025-06-01,2025-06-30,mensual,,,7,precio constante
50066388,2025-07-01,2025-07-31,mensual,0.007998136477130867,2.8358700954189686e-07,6,valida
50066388,2025-08-01,2025-08-31,mensual,,,2,n<3
50066388,2025-09-01,2025-09-30,mensual,-112.00330820703249,0.9952719489362597,5,valida
50066388,2025-10-01,2025-10-31,mensual,,,2,n<3
50066388,2025-11-01,2025-11-30,mensual,,,2,n<3
50066388,2025-12-01,2025-12-31,mensual,1.180735849172954,0.01656355402230969,5,valida
50066388,2026-01-01,2026-01-31,mensual,,,1,n<3
50066388,2026-02-01,2026-02-28,mensual,,,1,n<3
50066388,2026-03-01,2026-03-31,mensual,,,1,n<3
50066388,2024-01-01,2024-03-31,trimestral,-11.102029740348717,0.05384420014431579,17,valida
50066388,2024-02-01,2024-04-30,trimestral,-12.91712416975913,0.05235597871437281,15,valida
50066388,2024-03-01,2024-05-31,trimestral,-16.337418461086603,0.11562849242886597,8,valida
50066388,2024-04-01,2024-06-30,trimestral,-14.583740965837602,0.0891708326476528,8,valida
50066388,2024-05-01,2024-07-31,trimestral,-2.0477019063270983,0.003396043667057258,9,valida
50066388,2024-06-01,2024-08-31,trimestral,0.874143834318764,0.0005438892013107655,11,valida
50066388,2024-07-01,2024-09-30,trimestral,2.5537807713016134,0.007893885336728745,11,valida
50066388,2024-08-01,2024-10-31,trimestral,,,12,precio constante
50066388,2024-09-01,2024-11-30,trimestral,,,11,precio constante
50066388,2024-10-01,2024-12-31,trimestral,,,11,precio constante
50066388,2024-11-01,2025-01-31,trimestral,,,10,precio constante
50066388,2024-12-01,2025-02-28,trimestral,,,13,precio constante
50066388,2025-01-01,2025-03-31,trimestral,,,14,precio constante
50066388,2025-02-01,2025-04-30,trimestral,,,11,precio constante
50066388,2025-03-01,2025-05-31,trimestral,,,10,precio constante
50066388,2025-04-01,2025-06-30,trimestral,,,13,precio constante
50066388,2025-05-01,2025-07-31,trimestral,-1.566634651366161,0.0015385410087462859,18,valida
50066388,2025-06-01,2025-08-31,trimestral,-7.238455286164117,0.06117143750984133,15,valida
50066388,2025-07-01,2025-09-30,trimestral,-7.339963188364472,0.08397266783120017,13,valida
50066388,2025-08-01,2025-10-31,trimestral,-14.470908016797924,0.17846718745363377,9,valida
50066388,2025-09-01,2025-11-30,trimestral,-105.4813080843818,0.9030643844103908,9,valida
50066388,2025-10-01,2025-12-31,trimestral,2.2351905077184537,0.15854095887414943,9,valida
50066388,2025-11-01,2026-01-31,trimestral,0.8435638442869077,0.01880102940835182,8,valida
50066388,2025-12-01,2026-02-28,trimestral,1.0498809966105835,0.010739094423946716,7,valida
50066388,2026-01-01,2026-03-31,trimestral,,,3,precio constante
50066388,2024-01-01,2024-06-30,semestral,-12.16497955605184,0.06376874802885346,25,valida
50066388,2024-02-01,2024-07-31,semestral,-7.645055120391424,0.026303520090886656,24,valida
50066388,2024-03-01,2024-08-31,semestral,-7.065760155302487,0.026036148229934386,19,valida
50066388,2024-04-01,2024-09-30,semestral,-5.355493136020501,0.01726693822241221,19,valida
50066388,2024-05-01,2024-10-31,semestral,0.33860710957230833,4.97660708640435e-05,21,valida
50066388,2024-06-01,2024-11-30,semestral,0.9126905212662788,0.00031790007808463194,22,valida
50066388,2024-07-01,2024-12-31,semestral,-0.4018156237974831,7.072681343955889e-05,22,valida
50066388,2024-08-01,2025-01-31,semestral,,,22,precio constante
50066388,2024-09-01,2025-02-28,semestral,,,24,precio constante
50066388,2024-10-01,2025-03-31,semestral,,,25,precio constante
50066388,2024-11-01,2025-04-30,semestral,,,21,precio constante
50066388,2024-12-01,2025-05-31,semestral,,,23,precio constante
50066388,2025-01-01,2025-06-30,semestral,,,27,precio constante
50066388,2025-02-01,2025-07-31,semestral,-1.0787752431126032,0.0004399769471931103,29,valida
50066388,2025-03-01,2025-08-31,semestral,-6.388305238072814,0.03207442119101056,25,valida
50066388,2025-04-01,2025-09-30,semestral,-8.856763895431286,0.06063675200847318,26,valida
50066388,2025-05-01,2025-10-31,semestral,-9.875939254668133,0.07044938037350312,27,valida
50066388,2025-06-01,2025-11-30,semestral,-11.502227105108993,0.09662756377453396,24,valida
50066388,2025-07-01,2025-12-31,semestral,-0.02327894090042004,7.888253675147894e-06,22,valida
50066388,2025-08-01,2026-01-31,semestral,0.11139846592242907,0.0002031314063701828,17,valida
50066388,2025-09-01,2026-02-28,semestral,0.029578558267188512,1.562454319947726e-05,16,valida
50066388,2025-10-01,2026-03-31,semestral,2.9465401121363692,0.146147676153203,12,valida
50066389,2024-01-01,2024-01-31,mensual,,,8,precio constante
50066389,2024-02-01,2024-02-29,mensual,,,14,precio constante
50066389,2024-03-01,2024-03-31,mensual,4.09150673323858,0.012552098851843718,18,valida
50066389,2024-04-01,2024-04-30,mensual,,,14,precio constante
50066389,2024-05-01,2024-05-31,mensual,,,7,precio constante
50066389,2024-06-01,2024-06-30,mensual,-0.7787952505039734,0.010058678542026689,9,valida
50066389,2024-07-01,2024-07-31,mensual,5.680513311503334,0.09882507088419412,6,valida
50066389,2024-08-01,2024-08-31,mensual,,,11,precio constante
50066389,2024-09-01,2024-09-30,mensual,,,7,precio constante
50066389,2024-10-01,2024-10-31,mensual,,,12,precio constante
50066389,2024-11-01,2024-11-30,mensual,,,7,precio constante
50066389,2024-12-01,2024-12-31,mensual,22.67186905296506,0.8532760495433898,5,valida
50066389,2025-01-01,2025-01-31,mensual,-3.001656699098584,0.7046764631135036,11,valida
50066389,2025-02-01,2025-02-28,mensual,,,9,precio constante
50066389,2025-03-01,2025-03-31,mensual,,,6,precio constante
50066389,2025-04-01,2025-04-30,mensual,-8.639487300802775,0.9433594812444965,7,valida
50066389,2025-05-01,2025-05-31,mensual,6.625777592932888,0.31951790250048695,7,valida
50066389,2025-06-01,2025-06-30,mensual,,,7,precio constante
50066389,2025-07-01,2025-07-31,mensual,,,7,precio constante
50066389,2025-08-01,2025-08-31,mensual,-1.0658059377778657,0.001392045266501607,7,valida
50066389,2025-09-01,2025-09-30,mensual,-2.143251065615763,0.008699630690569338,7,valida
50066389,2025-10-01,2025-10-31,mensual,8.370618405128683,0.1146976179836946,7,valida
50066389,2025-11-01,2025-11-30,mensual,0.34647465346524325,0.0015818201913490038,11,valida
50066389,2025-12-01,2025-12-31,mensual,,,7,precio constante
50066389,2026-01-01,2026-01-31,mensual,4.18244263595861,0.009063665032763124,7,valida
50066389,2026-02-01,2026-02-28,mensual,,,8,precio constante
50066389,2026-03-01,2026-03-31,mensual,,,5,precio constante
50066389,2026-04-01,2026-04-30,mensual,5.733947592572582,0.03090651441071146,6,valida
50066389,2024-01-01,2024-03-31,trimestral,4.749928439696304,0.009416540097221149,40,valida
50066389,2024-02-01,2024-04-30,trimestral,2.15913698014904,0.001196561784308492,46,valida
50066389,2024-03-01,2024-05-31,trimestral,0.38956385385233977,4.2236951690921565e-05,39,valida
50066389,2024-04-01,2024-06-30,trimestral,1.423784033860213,0.0037014849855535603,30,valida
50066389,2024-05-01,2024-07-31,trimestral,1.028704541569323,0.005108934431602985,22,valida
50066389,2024-06-01,2024-08-31,trimestral,1.245859767709567,0.007111126457008288,26,valida
50066389,2024-07-01,2024-09-30,trimestral,6.935678799178879,0.044108694012449656,24,valida
50066389,2024-08-01,2024-10-31,trimestral,,,30,precio constante
50066389,2024-09-01,2024-11-30,trimestral,,,26,precio constante
50066389,2024-10-01,2024-12-31,trimestral,13.053311626960559,0.04938247167761389,24,valida
50066389,2024-11-01,2025-01-31,trimestral,-1.9817107143710364,0.2692375037255148,23,valida
50066389,2024-12-01,2025-02-28,trimestral,-1.954781008669317,0.2596163625099963,25,valida
50066389,2025-01-01,2025-03-31,trimestral,-1.7482161997258268,0.19475129106762978,26,valida
50066389,2025-02-01,2025-04-30,trimestral,-2.2705467294410044,0.026568492296805468,22,valida
50066389,2025-03-01,2025-05-31,trimestral,-0.48385852396203377,0.00244216886698867,20,valida
50066389,2025-04-01,2025-06-30,trimestral,-0.5892034137309262,0.0045331118956813965,21,valida
50066389,2025-05-01,2025-07-31,trimestral,6.35213057544498,0.04187668776140374,21,valida
50066389,2025-06-01,2025-08-31,trimestral,-1.8060689608522846,0.000903120260092205,21,valida
50066389,2025-07-01,2025-09-30,trimestral,2.913899467540976,0.006206502044493134,21,valida
50066389,2025-08-01,2025-10-31,trimestral,2.1452849906437232,0.013259911273914682,21,valida
50066389,2025-09-01,2025-11-30,trimestral,0.8492512306638974,0.004748560107978639,25,valida
50066389,2025-10-01,2025-12-31,trimestral,0.4372775959531583,0.0029194654857217506,25,valida
50066389,2025-11-01,2026-01-31,trimestral,0.8230003174100786,0.008255494112830664,25,valida
50066389,2025-12-01,2026-02-28,trimestral,5.3996882515722735,0.00813766699882601,22,valida
50066389,2026-01-01,2026-03-31,trimestral,3.3013472153311305,0.002716654283867692,20,valida
50066389,2026-02-01,2026-04-30,trimestral,8.853036625438152,0.023516101912596343,19,valida
50066389,2024-01-01,2024-06-30,semestral,0.9964741234493028,0.0011662402092993407,70,valida
50066389,2024-02-01,2024-07-31,semestral,2.0188185286592475,0.005704933892219599,68,valida
50066389,2024-03-01,2024-08-31,semestral,2.2062148513005093,0.007047665201675435,65,valida
50066389,2024-04-01,2024-09-30,semestral,2.2079767483137767,0.007333246009920025,54,valida
50066389,2024-05-01,2024-10-31,semestral,1.8588619164207325,0.006507819349827915,52,valida
50066389,2024-06-01,2024-11-30,semestral,1.7178402844228284,0.005939702204657449,52,valida
50066389,2024-07-01,2024-12-31,semestral,9.52908487635546,0.05083628527189088,48,valida
50066389,2024-08-01,2025-01-31,semestral,-1.37404152052012,0.059907151866242625,53,valida
50066389,2024-09-01,2025-02-28,semestral,-1.4893066068403822,0.07476171935812514,51,valida
50066389,2024-10-01,2025-03-31,semestral,-1.346860573009887,0.05891651584478863,50,valida
50066389,2024-11-01,2025-04-30,semestral,-1.8868600005757485,0.15306711117893868,45,valida
50066389,2024-12-01,2025-05-31,semestral,-1.7438515481389885,0.1459428962480811,45,valida
50066389,2025-01-01,2025-06-30,semestral,-1.8064898776465972,0.15540484530270304,47,valida
50066389,2025-02-01,2025-07-31,semestral,0.326320942587596,0.00045748085783337,43,valida
50066389,2025-03-01,2025-08-31,semestral,0.3184446557035189,0.00048552315153294057,41,valida
50066389,2025-04-01,2025-09-30,semestral,0.5157907861868145,0.0013882369347368861,42,valida
50066389,2025-05-01,2025-10-31,semestral,3.561513369727209,0.025352004546082774,42,valida
50066389,2025-06-01,2025-11-30,semestral,1.2459322240776105,0.004805757242049125,46,valida
50066389,2025-07-01,2025-12-31,semestral,0.4135397943116922,0.0013383392778740788,46,valida
50066389,2025-08-01,2026-01-31,semestral,0.8033935887509722,0.008180387327717531,46,valida
50066389,2025-09-01,2026-02-28,semestral,0.6383630841060395,0.005884452141432517,47,valida
50066389,2025-10-01,2026-03-31,semestral,0.9052303262975615,0.009503266060227888,45,valida
50066389,2025-11-01,2026-04-30,semestral,1.6260458211747124,0.020179511975133235,44,valida
50066390,2024-01-01,2024-01-31,mensual,-14.161788333167086,0.09718095176184738,11,valida
50066390,2024-02-01,2024-02-29,mensual,,,9,precio constante
50066390,2024-03-01,2024-03-31,mensual,15.281882848185553,0.09392108404610966,11,valida
50066390,2024-04-01,2024-04-30,mensual,-2.5387760790012153,0.012798815949488507,10,valida
50066390,2024-05-01,2024-05-31,mensual,-20.8698073447739,0.5839580732908877,6,valida
50066390,2024-06-01,2024-06-30,mensual,,,2,n<3
50066390,2024-07-01,2024-07-31,mensual,,,10,precio constante
50066390,2024-08-01,2024-08-31,mensual,13.621850807275845,0.26831301167348187,6,valida
50066390,2024-09-01,2024-09-30,mensual,,,9,precio constante
50066390,2024-10-01,2024-10-31,mensual,-15.381773523179987,0.11897202157622044,10,valida
50066390,2024-11-01,2024-11-30,mensual,,,4,precio constante
50066390,2024-12-01,2024-12-31,mensual,,,4,precio constante
50066390,2025-01-01,2025-01-31,mensual,-3.5995891630093846,0.7928962355937758,16,valida
50066390,2025-02-01,2025-02-28,mensual,0.7361516930117852,0.0285975234679664,8,valida
50066390,2025-03-01,2025-03-31,mensual,-18.077908942678604,0.26385721183707267,8,valida
50066390,2025-04-01,2025-04-30,mensual,-10.386599026721514,0.962944046582293,3,valida
50066390,2025-05-01,2025-05-31,mensual,-9.155888255677807,0.21892261372853072,7,valida
50066390,2025-06-01,2025-06-30,mensual,10.530719068850022,0.4849913348371153,5,valida
50066390,2025-07-01,2025-07-31,mensual,-3.349766075138209,0.011588701977555904,6,valida
50066390,2025-08-01,2025-08-31,mensual,,,6,precio constante
50066390,2025-09-01,2025-09-30,mensual,5.511440725221308,0.01198521088085569,7,valida
50066390,2025-10-01,2025-10-31,mensual,-1.2830961609597171,0.1373520296309958,11,valida
50066390,2025-11-01,2025-11-30,mensual,,,8,precio constante
50066390,2025-12-01,2025-12-31,mensual,,,8,precio constante
50066390,2026-01-01,2026-01-31,mensual,,,10,precio constante
50066390,2026-02-01,2026-02-28,mensual,,,7,precio constante
50066390,2026-03-01,2026-03-31,mensual,,,5,precio constante
50066390,2026-04-01,2026-04-30,mensual,-11.428909330370095,0.28602194912913903,3,valida
50066390,2024-01-01,2024-03-31,trimestral,3.3700384161896193,0.0037801334994393976,31,valida
50066390,2024-02-01,2024-04-30,trimestral,7.127382389122337,0.020236847544499947,30,valida
50066390,2024-03-01,2024-05-31,trimestral,2.401030389387384,0.003664950079960483,27,valida
50066390,2024-04-01,2024-06-30,trimestral,-9.964994618300285,0.12158855001455282,18,valida
50066390,2024-05-01,2024-07-31,trimestral,-14.644392755259696,0.09689161889378517,18,valida
50066390,2024-06-01,2024-08-31,trimestral,11.41272107828599,0.06381652946814198,18,valida
50066390,2024-07-01,2024-09-30,trimestral,9.863597451184516,0.025615469058105522,25,valida
50066390,2024-08-01,2024-10-31,trimestral,-2.6411609753850307,0.0029638827631287556,25,valida
50066390,2024-09-01,2024-11-30,trimestral,-14.143855491165096,0.04513614575164926,23,valida
50066390,2024-10-01,2024-12-31,trimestral,-11.360820172986664,0.047697582684341544,18,valida
50066390,2024-11-01,2025-01-31,trimestral,-2.9661107333275503,0.5568581648397959,24,valida
50066390,2024-12-01,2025-02-28,trimestral,-2.6103562895228327,0.4561535926449809,28,valida
50066390,2025-01-01,2025-03-31,trimestral,-1.797430853404391,0.1589206368714482,32,valida
50066390,2025-02-01,2025-04-30,trimestral,-0.5779019806172356,0.0057496661991180975,19,valida
50066390,2025-03-01,2025-05-31,trimestral,-5.227252742894163,0.21091807442786603,18,valida
50066390,2025-04-01,2025-06-30,trimestral,-4.165798646581216,0.328040199300059,15,valida
50066390,2025-05-01,2025-07-31,trimestral,1.9207910146550635,0.005748291019874285,18,valida
50066390,2025-06-01,2025-08-31,trimestral,3.0900901418093176,0.007361355332792141,17,valida
50066390,2025-07-01,2025-09-30,trimestral,-4.103496676386043,0.012125144624023365,19,valida
50066390,2025-08-01,2025-10-31,trimestral,-1.1990240134682575,0.0632430881325613,24,valida
50066390,2025-09-01,2025-11-30,trimestral,-0.8669967731960821,0.02634849656207905,26,valida
50066390,2025-10-01,2025-12-31,trimestral,-0.5180673664270745,0.014984062859200398,27,valida
50066390,2025-11-01,2026-01-31,trimestral,-1.8866172995436594,0.022289046811280855,26,valida
50066390,2025-12-01,2026-02-28,trimestral,,,25,precio constante
50066390,2026-01-01,2026-03-31,trimestral,,,22,precio constante
50066390,2026-02-01,2026-04-30,trimestral,-13.686357939147962,0.15304747065684354,15,valida
50066390,2024-01-01,2024-06-30,semestral,-2.0460230371114694,0.0019297253113367274,49,valida
50066390,2024-02-01,2024-07-31,semestral,1.9467214423877912,0.0015441878664174125,48,valida
50066390,2024-03-01,2024-08-31,semestral,5.155164248216442,0.015838203887446833,45,valida
50066390,2024-04-01,2024-09-30,semestral,-2.7662412747899,0.004183488720541861,43,valida
50066390,2024-05-01,2024-10-31,semestral,-6.706105027495377,0.019545710000182237,43,valida
50066390,2024-06-01,2024-11-30,semestral,-1.5459083455407028,0.0007338378685634028,41,valida
50066390,2024-07-01,2024-12-31,semestral,-0.8473173257827921,0.00021874576286529113,43,valida
50066390,2024-08-01,2025-01-31,semestral,-1.7390738092754245,0.08766448227940993,49,valida
50066390,2024-09-01,2025-02-28,semestral,-1.5477874516393069,0.07626784098664463,51,valida
50066390,2024-10-01,2025-03-31,semestral,-1.6280745671634849,0.09322163163587627,50,valida
50066390,2024-11-01,2025-04-30,semestral,-2.1173993888589786,0.18604966680199997,43,valida
50066390,2024-12-01,2025-05-31,semestral,-1.9981286301376897,0.18794200664199778,46,valida
50066390,2025-01-01,2025-06-30,semestral,-1.886290124370877,0.17687798208587124,47,valida
50066390,2025-02-01,2025-07-31,semestral,-0.5363541879234986,0.004521759549970139,37,valida
50066390,2025-03-01,2025-08-31,semestral,-3.657916297483112,0.06834562803270416,35,valida
50066390,2025-04-01,2025-09-30,semestral,-2.966943859829284,0.04440650600578755,34,valida
50066390,2025-05-01,2025-10-31,semestral,-1.5470659881783384,0.0789862185819108,42,valida
50066390,2025-06-01,2025-11-30,semestral,-1.3369402934953696,0.04479856416209427,43,valida
50066390,2025-07-01,2025-12-31,semestral,-0.6162000468967579,0.012131077597988371,46,valida
50066390,2025-08-01,2026-01-31,semestral,-1.3114167500199352,0.056421570439451285,50,valida
50066390,2025-09-01,2026-02-28,semestral,-1.2887046280052152,0.06086819076483563,51,valida
50066390,2025-10-01,2026-03-31,semestral,-1.4026973274042696,0.0755826076361833,49,valida
50066390,2025-11-01,2026-04-30,semestral,-2.6545939823582896,0.032917478875390316,41,valida
50066411,2024-08-01,2024-08-31,mensual,,,1,n<3
50066411,2024-09-01,2024-09-30,mensual,,,1,n<3
50066412,2024-01-01,2024-01-31,mensual,,,1,n<3
50066412,2024-02-01,2024-02-29,mensual,,,0,n<3
50066412,2024-03-01,2024-03-31,mensual,,,0,n<3
50066412,2024-04-01,2024-04-30,mensual,,,0,n<3
50066412,2024-05-01,2024-05-31,mensual,,,0,n<3
50066412,2024-06-01,2024-06-30,mensual,,,0,n<3
50066412,2024-07-01,2024-07-31,mensual,,,1,n<3
50066412,2024-08-01,2024-08-31,mensual,,,0,n<3
50066412,2024-09-01,2024-09-30,mensual,,,0,n<3
50066412,2024-10-01,2024-10-31,mensual,,,1,n<3
50066412,2024-11-01,2024-11-30,mensual,,,0,n<3
50066412,2024-12-01,2024-12-31,mensual,,,0,n<3
50066412,2025-01-01,2025-01-31,mensual,,,0,n<3
50066412,2025-02-01,2025-02-28,mensual,,,2,n<3
50066412,2025-03-01,2025-03-31,mensual,,,1,n<3
50066412,2025-04-01,2025-04-30,mensual,,,0,n<3
50066412,2025-05-01,2025-05-31,mensual,,,1,n<3
50066412,2025-06-01,2025-06-30,mensual,,,0,n<3
50066412,2025-07-01,2025-07-31,mensual,,,0,n<3
50066412,2025-08-01,2025-08-31,mensual,,,0,n<3
50066412,2025-09-01,2025-09-30,mensual,,,0,n<3
50066412,2025-10-01,2025-10-31,mensual,,,0,n<3
50066412,2025-11-01,2025-11-30,mensual,,,0,n<3
50066412,2025-12-01,2025-12-31,mensual,,,1,n<3
50066412,2024-01-01,2024-03-31,trimestral,,,1,n<3
50066412,2024-02-01,2024-04-30,trimestral,,,0,n<3
50066412,2024-03-01,2024-05-31,trimestral,,,0,n<3
50066412,2024-04-01,2024-06-30,trimestral,,,0,n<3
50066412,2024-05-01,2024-07-31,trimestral,,,1,n<3
50066412,2024-06-01,2024-08-31,trimestral,,,1,n<3
50066412,2024-07-01,2024-09-30,trimestral,,,1,n<3
50066412,2024-08-01,2024-10-31,trimestral,,,1,n<3
50066412,2024-09-01,2024-11-30,trimestral,,,1,n<3
50066412,2024-10-01,2024-12-31,trimestral,,,1,n<3
50066412,2024-11-01,2025-01-31,trimestral,,,0,n<3
50066412,2024-12-01,2025-02-28,trimestral,,,2,n<3
50066412,2025-01-01,2025-03-31,trimestral,,,3,precio constante
50066412,2025-02-01,2025-04-30,trimestral,,,3,precio constante
50066412,2025-03-01,2025-05-31,trimestral,,,2,n<3
50066412,2025-04-01,2025-06-30,trimestral,,,1,n<3
50066412,2025-05-01,2025-07-31,trimestral,,,1,n<3
50066412,2025-06-01,2025-08-31,trimestral,,,0,n<3
50066412,2025-07-01,2025-09-30,trimestral,,,0,n<3
50066412,2025-08-01,2025-10-31,trimestral,,,0,n<3
50066412,2025-09-01,2025-11-30,trimestral,,,0,n<3
50066412,2025-10-01,2025-12-31,trimestral,,,1,n<3
50066412,2024-01-01,2024-06-30,semestral,,,1,n<3
50066412,2024-02-01,2024-07-31,semestral,,,1,n<3
50066412,2024-03-01,2024-08-31,semestral,,,1,n<3
50066412,2024-04-01,2024-09-30,semestral,,,1,n<3
50066412,2024-05-01,2024-10-31,semestral,,,2,n<3
50066412,2024-06-01,2024-11-30,semestral,,,2,n<3
50066412,2024-07-01,2024-12-31,semestral,,,2,n<3
50066412,2024-08-01,2025-01-31,semestral,,,1,n<3
50066412,2024-09-01,2025-02-28,semestral,23.091549780539314,0.677687336847311,3,valida
50066412,2024-10-01,2025-03-31,semestral,22.73844876015879,0.6954700401114363,4,valida
50066412,2024-11-01,2025-04-30,semestral,,,3,precio constante
50066412,2024-12-01,2025-05-31,semestral,,,4,precio constante
50066412,2025-01-01,2025-06-30,semestral,,,4,precio constante
50066412,2025-02-01,2025-07-31,semestral,,,4,precio constante
50066412,2025-03-01,2025-08-31,semestral,,,2,n<3
50066412,2025-04-01,2025-09-30,semestral,,,1,n<3
50066412,2025-05-01,2025-10-31,semestral,,,1,n<3
50066412,2025-06-01,2025-11-30,semestral,,,0,n<3
50066412,2025-07-01,2025-12-31,semestral,,,1,n<3
50066979,2024-03-01,2024-03-31,mensual,,,1,n<3
50066979,2024-04-01,2024-04-30,mensual,,,0,n<3
50066979,2024-05-01,2024-05-31,mensual,,,0,n<3
50066979,2024-06-01,2024-06-30,mensual,,,2,n<3
50066979,2024-07-01,2024-07-31,mensual,,,0,n<3
50066979,2024-08-01,2024-08-31,mensual,,,0,n<3
50066979,2024-09-01,2024-09-30,mensual,,,1,n<3
50066979,2024-10-01,2024-10-31,mensual,,,0,n<3
50066979,2024-11-01,2024-11-30,mensual,,,0,n<3
50066979,2024-12-01,2024-12-31,mensual,,,0,n<3
50066979,2025-01-01,2025-01-31,mensual,,,0,n<3
50066979,2025-02-01,2025-02-28,mensual,,,1,n<3
50066979,2025-03-01,2025-03-31,mensual,,,0,n<3
50066979,2025-04-01,2025-04-30,mensual,,,1,n<3
50066979,2025-05-01,2025-05-31,mensual,,,0,n<3
50066979,2025-06-01,2025-06-30,mensual,,,0,n<3
50066979,2025-07-01,2025-07-31,mensual,,,0,n<3
50066979,2025-08-01,2025-08-31,mensual,,,0,n<3
50066979,2025-09-01,2025-09-30,mensual,,,0,n<3
50066979,2025-10-01,2025-10-31,mensual,,,1,n<3
50066979,2024-03-01,2024-05-31,trimestral,,,1,n<3
50066979,2024-04-01,2024-06-30,trimestral,,,2,n<3
50066979,2024-05-01,2024-07-31,trimestral,,,2,n<3
50066979,2024-06-01,2024-08-31,trimestral,,,2,n<3
50066979,2024-07-01,2024-09-30,trimestral,,,1,n<3
50066979,2024-08-01,2024-10-31,trimestral,,,1,n<3
50066979,2024-09-01,2024-11-30,trimestral,,,1,n<3
50066979,2024-10-01,2024-12-31,trimestral,,,0,n<3
50066979,2024-11-01,2025-01-31,trimestral,,,0,n<3
50066979,2024-12-01,2025-02-28,trimestral,,,1,n<3
50066979,2025-01-01,2025-03-31,trimestral,,,1,n<3
50066979,2025-02-01,2025-04-30,trimestral,,,2,n<3
50066979,2025-03-01,2025-05-31,trimestral,,,1,n<3
50066979,2025-04-01,2025-06-30,trimestral,,,1,n<3
50066979,2025-05-01,2025-07-31,trimestral,,,0,n<3
50066979,2025-06-01,2025-08-31,trimestral,,,0,n<3
50066979,2025-07-01,2025-09-30,trimestral,,,0,n<3
50066979,2025-08-01,2025-10-31,trimestral,,,1,n<3
50066979,2024-03-01,2024-08-31,semestral,,,3,precio constante
50066979,2024-04-01,2024-09-30,semestral,,,3,qty constante
50066979,2024-05-01,2024-10-31,semestral,,,3,qty constante
50066979,2024-06-01,2024-11-30,semestral,,,3,qty constante
50066979,2024-07-01,2024-12-31,semestral,,,1,n<3
50066979,2024-08-01,2025-01-31,semestral,,,1,n<3
50066979,2024-09-01,2025-02-28,semestral,,,2,n<3
50066979,2024-10-01,2025-03-31,semestral,,,1,n<3
50066979,2024-11-01,2025-04-30,semestral,,,2,n<3
50066979,2024-12-01,2025-05-31,semestral,,,2,n<3
50066979,2025-01-01,2025-06-30,semestral,,,2,n<3
50066979,2025-02-01,2025-07-31,semestral,,,2,n<3
50066979,2025-03-01,2025-08-31,semestral,,,1,n<3
50066979,2025-04-01,2025-09-30,semestral,,,1,n<3
50066979,2025-05-01,2025-10-31,semestral,,,1,n<3
50068605,2024-01-01,2024-01-31,mensual,-2.395121602363427,0.061192293956995214,5,valida
50068605,2024-02-01,2024-02-29,mensual,,,3,precio constante
50068605,2024-03-01,2024-03-31,mensual,-17.381024919943314,0.9610318534813743,3,valida
50068605,2024-04-01,2024-04-30,mensual,,,4,precio constante
50068605,2024-05-01,2024-05-31,mensual,,,3,precio constante
50068605,2024-06-01,2024-06-30,mensual,,,2,n<3
50068605,2024-07-01,2024-07-31,mensual,,,2,n<3
50068605,2024-08-01,2024-08-31,mensual,,,2,n<3
50068605,2024-09-01,2024-09-30,mensual,,,3,precio constante
50068605,2024-10-01,2024-10-31,mensual,,,0,n<3
50068605,2024-11-01,2024-11-30,mensual,,,2,n<3
50068605,2024-12-01,2024-12-31,mensual,,,3,precio constante
50068605,2025-01-01,2025-01-31,mensual,,,2,n<3
50068605,2025-02-01,2025-02-28,mensual,,,1,n<3
50068605,2025-03-01,2025-03-31,mensual,,,0,n<3
50068605,2025-04-01,2025-04-30,mensual,,,3,precio constante
50068605,2025-05-01,2025-05-31,mensual,,,3,precio constante
50068605,2025-06-01,2025-06-30,mensual,,,5,precio constante
50068605,2025-07-01,2025-07-31,mensual,,,2,n<3
50068605,2025-08-01,2025-08-31,mensual,,,2,n<3
50068605,2025-09-01,2025-09-30,mensual,,,4,qty constante
50068605,2025-10-01,2025-10-31,mensual,,,2,n<3
50068605,2025-11-01,2025-11-30,mensual,,,8,precio constante
50068605,2025-12-01,2025-12-31,mensual,,,2,n<3
50068605,2026-01-01,2026-01-31,mensual,,,4,precio constante
50068605,2026-02-01,2026-02-28,mensual,,,3,precio constante
50068605,2026-03-01,2026-03-31,mensual,,,0,n<3
50068605,2026-04-01,2026-04-30,mensual,,,3,precio constante
50068605,2024-01-01,2024-03-31,trimestral,-8.302100293984646,0.17000174571245852,11,valida
50068605,2024-02-01,2024-04-30,trimestral,-8.890613536862462,0.10688797449631837,10,valida
50068605,2024-03-01,2024-05-31,trimestral,-7.63804723587058,0.09507316979024683,10,valida
50068605,2024-04-01,2024-06-30,trimestral,,,9,precio constante
50068605,2024-05-01,2024-07-31,trimestral,,,7,precio constante
50068605,2024-06-01,2024-08-31,trimestral,0.7791184479857558,0.10040561597938036,6,valida
50068605,2024-07-01,2024-09-30,trimestral,0.32404933198517166,0.0277777777777779,7,valida
50068605,2024-08-01,2024-10-31,trimestral,0.4860739979777591,0.06249999999999989,5,valida
50068605,2024-09-01,2024-11-30,trimestral,,,5,precio constante
50068605,2024-10-01,2024-12-31,trimestral,,,5,precio constante
50068605,2024-11-01,2025-01-31,trimestral,,,7,precio constante
50068605,2024-12-01,2025-02-28,trimestral,,,6,qty constante
50068605,2025-01-01,2025-03-31,trimestral,,,3,qty constante
50068605,2025-02-01,2025-04-30,trimestral,,,4,precio constante
50068605,2025-03-01,2025-05-31,trimestral,-0.36930133799379683,0.0012855932059613329,6,valida
50068605,2025-04-01,2025-06-30,trimestral,-2.0941987312990027,0.04975688985349358,11,valida
50068605,2025-05-01,2025-07-31,trimestral,1.2970096469893129,0.038492749024660156,10,valida
50068605,2025-06-01,2025-08-31,trimestral,0.7292805500266609,0.031249999999999667,9,valida
50068605,2025-07-01,2025-09-30,trimestral,0.4637856088978686,0.014842057895889993,8,valida
50068605,2025-08-01,2025-10-31,trimestral,,,8,qty constante
50068605,2025-09-01,2025-11-30,trimestral,-0.34359087643708247,0.000640590897125537,14,valida
50068605,2025-10-01,2025-12-31,trimestral,-3.2167885866566444,0.029145301729586626,12,valida
50068605,2025-11-01,2026-01-31,trimestral,,,14,precio constante
50068605,2025-12-01,2026-02-28,trimestral,,,9,precio constante
50068605,2026-01-01,2026-03-31,trimestral,,,7,precio constante
50068605,2026-02-01,2026-04-30,trimestral,,,6,precio constante
50068605,2024-01-01,2024-06-30,semestral,-7.107627527586071,0.09543353428368717,20,valida
50068605,2024-02-01,2024-07-31,semestral,-7.347455907509519,0.059540526715661124,17,valida
50068605,2024-03-01,2024-08-31,semestral,0.8945578361000799,0.027271109762273094,16,valida
50068605,2024-04-01,2024-09-30,semestral,0.856901559661272,0.037934902370109436,16,valida
50068605,2024-05-01,2024-10-31,semestral,0.8861934804939896,0.06531834322222607,12,valida
50068605,2024-06-01,2024-11-30,semestral,0.7797530561907514,0.05746168829040865,11,valida
50068605,2024-07-01,2024-12-31,semestral,0.35446704985971145,0.018282444284937638,12,valida
50068605,2024-08-01,2025-01-31,semestral,0.3544670498597337,0.018282444284937416,12,valida
50068605,2024-09-01,2025-02-28,semestral,-1.3892387221134457,0.021827041326681007,11,valida
50068605,2024-10-01,2025-03-31,semestral,-0.9874052613327922,0.019843986503582767,8,valida
50068605,2024-11-01,2025-04-30,semestral,4.824632806484754,0.1166626002511586,11,valida
50068605,2024-12-01,2025-05-31,semestral,2.2377854977149902,0.10550071720379228,12,valida
50068605,2025-01-01,2025-06-30,semestral,0.23006177281131265,0.0012846300280451306,14,valida
50068605,2025-02-01,2025-07-31,semestral,0.37860048082640607,0.0030486568950995885,14,valida
50068605,2025-03-01,2025-08-31,semestral,-0.26446636914296384,0.0014134241828216432,15,valida
50068605,2025-04-01,2025-09-30,semestral,-0.7403184996607554,0.011446048522784191,19,valida
50068605,2025-05-01,2025-10-31,semestral,0.33058710432660765,0.002566676914421473,18,valida
50068605,2025-06-01,2025-11-30,semestral,0.1868967953070953,0.001561155924844404,23,valida
50068605,2025-07-01,2025-12-31,semestral,0.34913305194415567,0.005205901905602994,20,valida
50068605,2025-08-01,2026-01-31,semestral,0.28657552720432533,0.00031155318670350596,22,valida
50068605,2025-09-01,2026-02-28,semestral,-0.6295283422339448,0.0010943264021776589,23,valida
50068605,2025-10-01,2026-03-31,semestral,-2.5427437307441028,0.014697844105041602,19,valida
50068605,2025-11-01,2026-04-30,semestral,,,20,precio constante
50068606,2024-01-01,2024-01-31,mensual,,,3,precio constante
50068606,2024-02-01,2024-02-29,mensual,,,2,n<3
50068606,2024-03-01,2024-03-31,mensual,,,1,n<3
50068606,2024-04-01,2024-04-30,mensual,,,0,n<3
50068606,2024-05-01,2024-05-31,mensual,,,1,n<3
50068606,2024-06-01,2024-06-30,mensual,,,2,n<3
50068606,2024-07-01,2024-07-31,mensual,,,2,n<3
50068606,2024-08-01,2024-08-31,mensual,,,2,n<3
50068606,2024-09-01,2024-09-30,mensual,,,5,precio constante
50068606,2024-10-01,2024-10-31,mensual,,,1,n<3
50068606,2024-11-01,2024-11-30,mensual,,,1,n<3
50068606,2024-12-01,2024-12-31,mensual,,,1,n<3
50068606,2025-01-01,2025-01-31,mensual,,,2,n<3
50068606,2025-02-01,2025-02-28,mensual,,,0,n<3
50068606,2025-03-01,2025-03-31,mensual,,,3,precio constante
50068606,2025-04-01,2025-04-30,mensual,,,0,n<3
50068606,2025-05-01,2025-05-31,mensual,,,1,n<3
50068606,2025-06-01,2025-06-30,mensual,,,1,n<3
50068606,2025-07-01,2025-07-31,mensual,,,1,n<3
50068606,2025-08-01,2025-08-31,mensual,,,2,n<3
50068606,2025-09-01,2025-09-30,mensual,,,3,qty constante
50068606,2025-10-01,2025-10-31,mensual,,,0,n<3
50068606,2025-11-01,2025-11-30,mensual,,,2,n<3
50068606,2025-12-01,2025-12-31,mensual,,,1,n<3
50068606,2026-01-01,2026-01-31,mensual,,,0,n<3
50068606,2026-02-01,2026-02-28,mensual,,,0,n<3
50068606,2026-03-01,2026-03-31,mensual,,,2,n<3
50068606,2026-04-01,2026-04-30,mensual,,,2,n<3
50068606,2024-01-01,2024-03-31,trimestral,,,6,precio constante
50068606,2024-02-01,2024-04-30,trimestral,,,3,precio constante
50068606,2024-03-01,2024-05-31,trimestral,,,2,n<3
50068606,2024-04-01,2024-06-30,trimestral,,,3,precio constante
50068606,2024-05-01,2024-07-31,trimestral,,,5,precio constante
50068606,2024-06-01,2024-08-31,trimestral,,,6,precio constante
50068606,2024-07-01,2024-09-30,trimestral,,,9,precio constante
50068606,2024-08-01,2024-10-31,trimestral,,,8,precio constante
50068606,2024-09-01,2024-11-30,trimestral,,,7,precio constante
50068606,2024-10-01,2024-12-31,trimestral,,,3,precio constante
50068606,2024-11-01,2025-01-31,trimestral,,,4,precio constante
50068606,2024-12-01,2025-02-28,trimestral,,,3,precio constante
50068606,2025-01-01,2025-03-31,trimestral,,,5,qty constante
50068606,2025-02-01,2025-04-30,trimestral,,,3,precio constante
50068606,2025-03-01,2025-05-31,trimestral,,,4,precio constante
50068606,2025-04-01,2025-06-30,trimestral,,,2,n<3
50068606,2025-05-01,2025-07-31,trimestral,-5.467497521498179,1.0,3,valida
50068606,2025-06-01,2025-08-31,trimestral,,,4,qty constante
50068606,2025-07-01,2025-09-30,trimestral,,,6,qty constante
50068606,2025-08-01,2025-10-31,trimestral,,,5,qty constante
50068606,2025-09-01,2025-11-30,trimestral,14.942829049150522,0.061021726565016254,5,valida
50068606,2025-10-01,2025-12-31,trimestral,,,3,precio constante
50068606,2025-11-01,2026-01-31,trimestral,,,3,precio constante
50068606,2025-12-01,2026-02-28,trimestral,,,1,n<3
50068606,2026-01-01,2026-03-31,trimestral,,,2,n<3
50068606,2026-02-01,2026-04-30,trimestral,,,4,precio constante
50068606,2024-01-01,2024-06-30,semestral,,,9,precio constante
50068606,2024-02-01,2024-07-31,semestral,,,8,precio constante
50068606,2024-03-01,2024-08-31,semestral,,,8,precio constante
50068606,2024-04-01,2024-09-30,semestral,,,12,precio constante
50068606,2024-05-01,2024-10-31,semestral,,,13,precio constante
50068606,2024-06-01,2024-11-30,semestral,,,13,precio constante
50068606,2024-07-01,2024-12-31,semestral,,,12,precio constante
50068606,2024-08-01,2025-01-31,semestral,,,12,precio constante
50068606,2024-09-01,2025-02-28,semestral,,,10,precio constante
50068606,2024-10-01,2025-03-31,semestral,-1.3959721210297447,0.08497340613988902,8,valida
50068606,2024-11-01,2025-04-30,semestral,,,7,qty constante
50068606,2024-12-01,2025-05-31,semestral,2.776610425499263,0.12500000000000022,7,valida
50068606,2025-01-01,2025-06-30,semestral,-0.00812121522601493,3.821512284951645e-06,7,valida
50068606,2025-02-01,2025-07-31,semestral,-1.366874380374552,0.09999999999999998,6,valida
50068606,2025-03-01,2025-08-31,semestral,-0.510680850023697,0.02970474644882748,8,valida
50068606,2025-04-01,2025-09-30,semestral,-1.1086417399880424,0.1580003261403392,8,valida
50068606,2025-05-01,2025-10-31,semestral,-1.1086417399880424,0.1580003261403392,8,valida
50068606,2025-06-01,2025-11-30,semestral,0.5972481289789194,0.02533865498819099,9,valida
50068606,2025-07-01,2025-12-31,semestral,0.5597538156473412,0.022590333147888164,9,valida
50068606,2025-08-01,2026-01-31,semestral,0.6015227313552732,0.026326844069507138,8,valida
50068606,2025-09-01,2026-02-28,semestral,11.91211603826555,0.03879131293920601,6,valida
50068606,2025-10-01,2026-03-31,semestral,,,5,precio constante
50068606,2025-11-01,2026-04-30,semestral,,,7,precio constante
50068607,2024-02-01,2024-02-29,mensual,,,1,n<3
50068607,2024-03-01,2024-03-31,mensual,,,0,n<3
50068607,2024-04-01,2024-04-30,mensual,,,1,n<3
50068607,2024-05-01,2024-05-31,mensual,,,1,n<3
50068607,2024-06-01,2024-06-30,mensual,,,0,n<3
50068607,2024-07-01,2024-07-31,mensual,,,3,qty constante
50068607,2024-08-01,2024-08-31,mensual,1.6767773254990925,0.11133359820333821,4,valida
50068607,2024-09-01,2024-09-30,mensual,,,2,n<3
50068607,2024-10-01,2024-10-31,mensual,,,2,n<3
50068607,2024-11-01,2024-11-30,mensual,,,1,n<3
50068607,2024-12-01,2024-12-31,mensual,,,0,n<3
50068607,2025-01-01,2025-01-31,mensual,,,2,n<3
50068607,2025-02-01,2025-02-28,mensual,,,2,n<3
50068607,2025-03-01,2025-03-31,mensual,,,0,n<3
50068607,2025-04-01,2025-04-30,mensual,,,0,n<3
50068607,2025-05-01,2025-05-31,mensual,,,1,n<3
50068607,2025-06-01,2025-06-30,mensual,,,1,n<3
50068607,2025-07-01,2025-07-31,mensual,,,1,n<3
50068607,2025-08-01,2025-08-31,mensual,,,2,n<3
50068607,2025-09-01,2025-09-30,mensual,,,2,n<3
50068607,2025-10-01,2025-10-31,mensual,,,0,n<3
50068607,2025-11-01,2025-11-30,mensual,,,1,n<3
50068607,2025-12-01,2025-12-31,mensual,,,2,n<3
50068607,2026-01-01,2026-01-31,mensual,,,1,n<3
50068607,2026-02-01,2026-02-28,mensual,,,1,n<3
50068607,2026-03-01,2026-03-31,mensual,,,2,n<3
50068607,2024-02-01,2024-04-30,trimestral,,,2,n<3
50068607,2024-03-01,2024-05-31,trimestral,,,2,n<3
50068607,2024-04-01,2024-06-30,trimestral,,,2,n<3
50068607,2024-05-01,2024-07-31,trimestral,-3.2040418680005005,0.1094548090662869,4,valida
50068607,2024-06-01,2024-08-31,trimestral,0.6060837828301259,0.016105029990337694,7,valida
50068607,2024-07-01,2024-09-30,trimestral,0.4619846806362841,0.009215615959988877,9,valida
50068607,2024-08-01,2024-10-31,trimestral,0.7197994093418264,0.02051333850288173,8,valida
50068607,2024-09-01,2024-11-30,trimestral,,,5,precio constante
50068607,2024-10-01,2024-12-31,trimestral,,,3,precio constante
50068607,2024-11-01,2025-01-31,trimestral,,,3,precio constante
50068607,2024-12-01,2025-02-28,trimestral,,,4,precio constante
50068607,2025-01-01,2025-03-31,trimestral,,,4,precio constante
50068607,2025-02-01,2025-04-30,trimestral,,,2,n<3
50068607,2025-03-01,2025-05-31,trimestral,,,1,n<3
50068607,2025-04-01,2025-06-30,trimestral,,,2,n<3
50068607,2025-05-01,2025-07-31,trimestral,,,3,qty constante
50068607,2025-06-01,2025-08-31,trimestral,,,4,precio constante
50068607,2025-07-01,2025-09-30,trimestral,,,5,qty constante
50068607,2025-08-01,2025-10-31,trimestral,,,4,qty constante
50068607,2025-09-01,2025-11-30,trimestral,,,3,qty constante
50068607,2025-10-01,2025-12-31,trimestral,,,3,precio constante
50068607,2025-11-01,2026-01-31,trimestral,,,4,precio constante
50068607,2025-12-01,2026-02-28,trimestral,,,4,precio constante
50068607,2026-01-01,2026-03-31,trimestral,,,4,precio constante
50068607,2024-02-01,2024-07-31,semestral,-5.775885311988411,0.19731278493155668,6,valida
50068607,2024-03-01,2024-08-31,semestral,0.81885791228774,0.02710277195466826,9,valida
50068607,2024-04-01,2024-09-30,semestral,0.6619666530901451,0.01682111582734247,11,valida
50068607,2024-05-01,2024-10-31,semestral,0.4725687123021118,0.008822352583048976,12,valida
50068607,2024-06-01,2024-11-30,semestral,0.34074733660871037,0.00495034920906956,12,valida
50068607,2024-07-01,2024-12-31,semestral,0.34074733660871037,0.00495034920906956,12,valida
50068607,2024-08-01,2025-01-31,semestral,0.5044416669123403,0.010074449136583064,11,valida
50068607,2024-09-01,2025-02-28,semestral,,,9,precio constante
50068607,2024-10-01,2025-03-31,semestral,,,7,precio constante
50068607,2024-11-01,2025-04-30,semestral,,,5,precio constante
50068607,2024-12-01,2025-05-31,semestral,-3.478771123184852,0.061551805278758476,5,valida
50068607,2025-01-01,2025-06-30,semestral,-1.2560876255071955,0.07208103277348499,6,valida
50068607,2025-02-01,2025-07-31,semestral,-2.1044511360302516,0.2648288115936751,5,valida
50068607,2025-03-01,2025-08-31,semestral,,,5,qty constante
50068607,2025-04-01,2025-09-30,semestral,,,7,qty constante
50068607,2025-05-01,2025-10-31,semestral,,,7,qty constante
50068607,2025-06-01,2025-11-30,semestral,,,7,qty constante
50068607,2025-07-01,2025-12-31,semestral,,,8,qty constante
50068607,2025-08-01,2026-01-31,semestral,,,8,qty constante
50068607,2025-09-01,2026-02-28,semestral,,,7,qty constante
50068607,2025-10-01,2026-03-31,semestral,,,7,precio constante
50068608,2024-01-01,2024-01-31,mensual,,,2,n<3
50068608,2024-02-01,2024-02-29,mensual,,,1,n<3
50068608,2024-03-01,2024-03-31,mensual,,,1,n<3
50068608,2024-04-01,2024-04-30,mensual,,,0,n<3
50068608,2024-05-01,2024-05-31,mensual,,,2,n<3
50068608,2024-06-01,2024-06-30,mensual,,,2,n<3
50068608,2024-07-01,2024-07-31,mensual,,,2,n<3
50068608,2024-08-01,2024-08-31,mensual,,,5,precio constante
50068608,2024-09-01,2024-09-30,mensual,,,0,n<3
50068608,2024-10-01,2024-10-31,mensual,,,5,precio constante
50068608,2024-11-01,2024-11-30,mensual,,,2,n<3
50068608,2024-12-01,2024-12-31,mensual,,,1,n<3
50068608,2025-01-01,2025-01-31,mensual,,,2,n<3
50068608,2025-02-01,2025-02-28,mensual,,,2,n<3
50068608,2025-03-01,2025-03-31,mensual,,,3,precio constante
50068608,2025-04-01,2025-04-30,mensual,,,1,n<3
50068608,2025-05-01,2025-05-31,mensual,,,1,n<3
50068608,2025-06-01,2025-06-30,mensual,,,0,n<3
50068608,2025-07-01,2025-07-31,mensual,,,1,n<3
50068608,2025-08-01,2025-08-31,mensual,0.6482493778014811,0.16666666666666663,5,valida
50068608,2025-09-01,2025-09-30,mensual,,,1,n<3
50068608,2025-10-01,2025-10-31,mensual,,,1,n<3
50068608,2025-11-01,2025-11-30,mensual,,,2,n<3
50068608,2025-12-01,2025-12-31,mensual,,,1,n<3
50068608,2026-01-01,2026-01-31,mensual,,,1,n<3
50068608,2026-02-01,2026-02-28,mensual,,,1,n<3
50068608,2026-03-01,2026-03-31,mensual,,,2,n<3
50068608,2026-04-01,2026-04-30,mensual,,,1,n<3
50068608,2024-01-01,2024-03-31,trimestral,,,4,qty constante
50068608,2024-02-01,2024-04-30,trimestral,,,2,n<3
50068608,2024-03-01,2024-05-31,trimestral,,,3,precio constante
50068608,2024-04-01,2024-06-30,trimestral,,,4,precio constante
50068608,2024-05-01,2024-07-31,trimestral,,,6,precio constante
50068608,2024-06-01,2024-08-31,trimestral,,,9,precio constante
50068608,2024-07-01,2024-09-30,trimestral,,,7,precio constante
50068608,2024-08-01,2024-10-31,trimestral,,,10,precio constante
50068608,2024-09-01,2024-11-30,trimestral,,,7,precio constante
50068608,2024-10-01,2024-12-31,trimestral,,,8,precio constante
50068608,2024-11-01,2025-01-31,trimestral,,,5,precio constante
50068608,2024-12-01,2025-02-28,trimestral,,,5,qty constante
50068608,2025-01-01,2025-03-31,trimestral,,,7,qty constante
50068608,2025-02-01,2025-04-30,trimestral,,,6,qty constante
50068608,2025-03-01,2025-05-31,trimestral,,,5,precio constante
50068608,2025-04-01,2025-06-30,trimestral,,,2,n<3
50068608,2025-05-01,2025-07-31,trimestral,,,2,n<3
50068608,2025-06-01,2025-08-31,trimestral,0.9723740667022224,0.25,6,valida
50068608,2025-07-01,2025-09-30,trimestral,1.4472916318654774,0.3039597376942078,7,valida
50068608,2025-08-01,2025-10-31,trimestral,2.3780358709625067,0.25532332817376036,7,valida
50068608,2025-09-01,2025-11-30,trimestral,,,4,precio constante
50068608,2025-10-01,2025-12-31,trimestral,,,4,precio constante
50068608,2025-11-01,2026-01-31,trimestral,,,4,precio constante
50068608,2025-12-01,2026-02-28,trimestral,,,3,precio constante
50068608,2026-01-01,2026-03-31,trimestral,-12.982079100813399,0.33423986397957195,4,valida
50068608,2026-02-01,2026-04-30,trimestral,-18.09209871206665,0.9575604019540042,4,valida
50068608,2024-01-01,2024-06-30,semestral,0.5322377051305125,0.010265851766595557,8,valida
50068608,2024-02-01,2024-07-31,semestral,,,8,precio constante
50068608,2024-03-01,2024-08-31,semestral,,,12,precio constante
50068608,2024-04-01,2024-09-30,semestral,,,11,precio constante
50068608,2024-05-01,2024-10-31,semestral,,,16,precio constante
50068608,2024-06-01,2024-11-30,semestral,,,16,precio constante
50068608,2024-07-01,2024-12-31,semestral,,,15,precio constante
50068608,2024-08-01,2025-01-31,semestral,,,15,precio constante
50068608,2024-09-01,2025-02-28,semestral,,,12,qty constante
50068608,2024-10-01,2025-03-31,semestral,,,15,qty constante
50068608,2024-11-01,2025-04-30,semestral,,,11,qty constante
50068608,2024-12-01,2025-05-31,semestral,,,10,qty constante
50068608,2025-01-01,2025-06-30,semestral,,,9,qty constante
50068608,2025-02-01,2025-07-31,semestral,0.7903408175986146,0.3336350764905244,8,valida
50068608,2025-03-01,2025-08-31,semestral,1.1527189045325972,0.31736289778060833,11,valida
50068608,2025-04-01,2025-09-30,semestral,1.609631657423361,0.35473575985123196,9,valida
50068608,2025-05-01,2025-10-31,semestral,2.4881889653508447,0.2875101594307379,9,valida
50068608,2025-06-01,2025-11-30,semestral,2.9412197522246273,0.3171352396334688,10,valida
50068608,2025-07-01,2025-12-31,semestral,2.582129613076234,0.2298383607041975,11,valida
50068608,2025-08-01,2026-01-31,semestral,2.316022890456772,0.17468830065409813,11,valida
50068608,2025-09-01,2026-02-28,semestral,,,7,precio constante
50068608,2025-10-01,2026-03-31,semestral,-16.45785163281061,0.22029767256294708,8,valida
50068608,2025-11-01,2026-04-30,semestral,-14.249686333709517,0.2288508401293894,8,valida
50068609,2024-01-01,2024-01-31,mensual,,,4,precio constante
50068609,2024-02-01,2024-02-29,mensual,,,1,n<3
50068609,2024-03-01,2024-03-31,mensual,,,0,n<3
50068609,2024-04-01,2024-04-30,mensual,,,1,n<3
50068609,2024-05-01,2024-05-31,mensual,,,0,n<3
50068609,2024-06-01,2024-06-30,mensual,,,0,n<3
50068609,2024-07-01,2024-07-31,mensual,,,2,n<3
50068609,2024-08-01,2024-08-31,mensual,,,0,n<3
50068609,2024-09-01,2024-09-30,mensual,,,1,n<3
50068609,2024-10-01,2024-10-31,mensual,,,0,n<3
50068609,2024-11-01,2024-11-30,mensual,,,2,n<3
50068609,2024-12-01,2024-12-31,mensual,,,1,n<3
50068609,2025-01-01,2025-01-31,mensual,,,4,precio constante
50068609,2025-02-01,2025-02-28,mensual,,,1,n<3
50068609,2025-03-01,2025-03-31,mensual,,,2,n<3
50068609,2025-04-01,2025-04-30,mensual,,,0,n<3
50068609,2025-05-01,2025-05-31,mensual,,,0,n<3
50068609,2025-06-01,2025-06-30,mensual,,,1,n<3
50068609,2025-07-01,2025-07-31,mensual,,,0,n<3
50068609,2025-08-01,2025-08-31,mensual,,,0,n<3
50068609,2025-09-01,2025-09-30,mensual,,,1,n<3
50068609,2025-10-01,2025-10-31,mensual,,,0,n<3
50068609,2025-11-01,2025-11-30,mensual,,,1,n<3
50068609,2025-12-01,2025-12-31,mensual,,,1,n<3
50068609,2026-01-01,2026-01-31,mensual,,,0,n<3
50068609,2026-02-01,2026-02-28,mensual,,,1,n<3
50068609,2026-03-01,2026-03-31,mensual,,,1,n<3
50068609,2024-01-01,2024-03-31,trimestral,,,5,precio constante
50068609,2024-02-01,2024-04-30,trimestral,,,2,n<3
50068609,2024-03-01,2024-05-31,trimestral,,,1,n<3
50068609,2024-04-01,2024-06-30,trimestral,,,1,n<3
50068609,2024-05-01,2024-07-31,trimestral,,,2,n<3
50068609,2024-06-01,2024-08-31,trimestral,,,2,n<3
50068609,2024-07-01,2024-09-30,trimestral,,,3,qty constante
50068609,2024-08-01,2024-10-31,trimestral,,,1,n<3
50068609,2024-09-01,2024-11-30,trimestral,,,3,precio constante
50068609,2024-10-01,2024-12-31,trimestral,-6.403530203510508,0.24720833310768187,3,valida
50068609,2024-11-01,2025-01-31,trimestral,1.3424604238902709,0.0020134396679980515,7,valida
50068609,2024-12-01,2025-02-28,trimestral,1.3362265521275665,0.04011722831411335,6,valida
50068609,2025-01-01,2025-03-31,trimestral,1.2652096784941442,0.04067502528026046,7,valida
50068609,2025-02-01,2025-04-30,trimestral,0.9716791049373661,0.2500000000000001,3,valida
50068609,2025-03-01,2025-05-31,trimestral,,,2,n<3
50068609,2025-04-01,2025-06-30,trimestral,,,1,n<3
50068609,2025-05-01,2025-07-31,trimestral,,,1,n<3
50068609,2025-06-01,2025-08-31,trimestral,,,1,n<3
50068609,2025-07-01,2025-09-30,trimestral,,,1,n<3
50068609,2025-08-01,2025-10-31,trimestral,,,1,n<3
50068609,2025-09-01,2025-11-30,trimestral,,,2,n<3
50068609,2025-10-01,2025-12-31,trimestral,,,2,n<3
50068609,2025-11-01,2026-01-31,trimestral,,,2,n<3
50068609,2025-12-01,2026-02-28,trimestral,,,2,n<3
50068609,2026-01-01,2026-03-31,trimestral,,,2,n<3
50068609,2024-01-01,2024-06-30,semestral,,,6,precio constante
50068609,2024-02-01,2024-07-31,semestral,0.5377082021358633,0.023698470080900758,4,valida
50068609,2024-03-01,2024-08-31,semestral,,,3,qty constante
50068609,2024-04-01,2024-09-30,semestral,,,4,qty constante
50068609,2024-05-01,2024-10-31,semestral,,,3,qty constante
50068609,2024-06-01,2024-11-30,semestral,0.42516854499516415,0.014084650609474059,5,valida
50068609,2024-07-01,2024-12-31,semestral,0.12850365391971383,0.00141377920140362,6,valida
50068609,2024-08-01,2025-01-31,semestral,3.477210762946909,0.017117568067238298,8,valida
50068609,2024-09-01,2025-02-28,semestral,1.342734058124822,0.03695409419038309,9,valida
50068609,2024-10-01,2025-03-31,semestral,1.1259232630616252,0.029845653853701637,10,valida
50068609,2024-11-01,2025-04-30,semestral,1.1259232630616252,0.029845653853701637,10,valida
50068609,2024-12-01,2025-05-31,semestral,1.1381222911261017,0.03203398948080882,8,valida
50068609,2025-01-01,2025-06-30,semestral,0.14201809244395033,0.0008479903255173005,8,valida
50068609,2025-02-01,2025-07-31,semestral,0.16707702827967505,0.012513237758432494,4,valida
50068609,2025-03-01,2025-08-31,semestral,-1.7248034319457326,0.2500000000000001,3,valida
50068609,2025-04-01,2025-09-30,semestral,,,2,n<3
50068609,2025-05-01,2025-10-31,semestral,,,2,n<3
50068609,2025-06-01,2025-11-30,semestral,,,3,qty constante
50068609,2025-07-01,2025-12-31,semestral,,,3,precio constante
50068609,2025-08-01,2026-01-31,semestral,,,3,precio constante
50068609,2025-09-01,2026-02-28,semestral,,,4,precio constante
50068609,2025-10-01,2026-03-31,semestral,,,4,precio constante
50068610,2024-01-01,2024-01-31,mensual,,,2,n<3
50068610,2024-02-01,2024-02-29,mensual,,,3,precio constante
50068610,2024-03-01,2024-03-31,mensual,,,1,n<3
50068610,2024-04-01,2024-04-30,mensual,,,2,n<3
50068610,2024-05-01,2024-05-31,mensual,,,0,n<3
50068610,2024-06-01,2024-06-30,mensual,,,0,n<3
50068610,2024-07-01,2024-07-31,mensual,,,0,n<3
50068610,2024-08-01,2024-08-31,mensual,,,0,n<3
50068610,2024-09-01,2024-09-30,mensual,,,1,n<3
50068610,2024-10-01,2024-10-31,mensual,,,0,n<3
50068610,2024-11-01,2024-11-30,mensual,,,0,n<3
50068610,2024-12-01,2024-12-31,mensual,-6.406051270598603,0.2473543371606406,3,valida
50068610,2025-01-01,2025-01-31,mensual,,,1,n<3
50068610,2025-02-01,2025-02-28,mensual,,,0,n<3
50068610,2025-03-01,2025-03-31,mensual,,,0,n<3
50068610,2025-04-01,2025-04-30,mensual,,,2,n<3
50068610,2025-05-01,2025-05-31,mensual,,,0,n<3
50068610,2025-06-01,2025-06-30,mensual,,,0,n<3
50068610,2025-07-01,2025-07-31,mensual,,,0,n<3
50068610,2025-08-01,2025-08-31,mensual,,,1,n<3
50068610,2025-09-01,2025-09-30,mensual,,,0,n<3
50068610,2025-10-01,2025-10-31,mensual,,,2,n<3
50068610,2025-11-01,2025-11-30,mensual,,,0,n<3
50068610,2025-12-01,2025-12-31,mensual,,,1,n<3
50068610,2026-01-01,2026-01-31,mensual,,,0,n<3
50068610,2026-02-01,2026-02-28,mensual,,,3,qty constante
50068610,2026-03-01,2026-03-31,mensual,,,1,n<3
50068610,2024-01-01,2024-03-31,trimestral,-1.9351138072823497,0.04000000000000015,6,valida
50068610,2024-02-01,2024-04-30,trimestral,,,6,precio constante
50068610,2024-03-01,2024-05-31,trimestral,,,3,precio constante
50068610,2024-04-01,2024-06-30,trimestral,,,2,n<3
50068610,2024-05-01,2024-07-31,trimestral,,,0,n<3
50068610,2024-06-01,2024-08-31,trimestral,,,0,n<3
50068610,2024-07-01,2024-09-30,trimestral,,,1,n<3
50068610,2024-08-01,2024-10-31,trimestral,,,1,n<3
50068610,2024-09-01,2024-11-30,trimestral,,,1,n<3
50068610,2024-10-01,2024-12-31,trimestral,-6.406051270598603,0.2473543371606406,3,valida
50068610,2024-11-01,2025-01-31,trimestral,-8.551456926047825,0.33019404159446275,4,valida
50068610,2024-12-01,2025-02-28,trimestral,-8.551456926047825,0.33019404159446275,4,valida
50068610,2025-01-01,2025-03-31,trimestral,,,1,n<3
50068610,2025-02-01,2025-04-30,trimestral,,,2,n<3
50068610,2025-03-01,2025-05-31,trimestral,,,2,n<3
50068610,2025-04-01,2025-06-30,trimestral,,,2,n<3
50068610,2025-05-01,2025-07-31,trimestral,,,0,n<3
50068610,2025-06-01,2025-08-31,trimestral,,,1,n<3
50068610,2025-07-01,2025-09-30,trimestral,,,1,n<3
50068610,2025-08-01,2025-10-31,trimestral,1.7826512663587837,0.24976406562122522,3,valida
50068610,2025-09-01,2025-11-30,trimestral,,,2,n<3
50068610,2025-10-01,2025-12-31,trimestral,,,3,precio constante
50068610,2025-11-01,2026-01-31,trimestral,,,1,n<3
50068610,2025-12-01,2026-02-28,trimestral,,,4,qty constante
50068610,2026-01-01,2026-03-31,trimestral,,,4,qty constante
50068610,2024-01-01,2024-06-30,semestral,-1.3822241480588295,0.020408163265305923,8,valida
50068610,2024-02-01,2024-07-31,semestral,,,6,precio constante
50068610,2024-03-01,2024-08-31,semestral,,,3,precio constante
50068610,2024-04-01,2024-09-30,semestral,,,3,precio constante
50068610,2024-05-01,2024-10-31,semestral,,,1,n<3
50068610,2024-06-01,2024-11-30,semestral,,,1,n<3
50068610,2024-07-01,2024-12-31,semestral,-6.417450564037703,0.33097954437999855,4,valida
50068610,2024-08-01,2025-01-31,semestral,-8.566682833760524,0.4418260418015728,5,valida
50068610,2024-09-01,2025-02-28,semestral,-8.566682833760524,0.4418260418015728,5,valida
50068610,2024-10-01,2025-03-31,semestral,-8.551456926047825,0.33019404159446275,4,valida
50068610,2024-11-01,2025-04-30,semestral,-6.781527063204118,0.4819722486989948,6,valida
50068610,2024-12-01,2025-05-31,semestral,-6.781527063204118,0.4819722486989948,6,valida
50068610,2025-01-01,2025-06-30,semestral,,,3,qty constante
50068610,2025-02-01,2025-07-31,semestral,,,2,n<3
50068610,2025-03-01,2025-08-31,semestral,,,3,qty constante
50068610,2025-04-01,2025-09-30,semestral,,,3,qty constante
50068610,2025-05-01,2025-10-31,semestral,1.7826512663587837,0.24976406562122522,3,valida
50068610,2025-06-01,2025-11-30,semestral,1.7826512663587837,0.24976406562122522,3,valida
50068610,2025-07-01,2025-12-31,semestral,1.1879354797483583,0.11092474270359476,4,valida
50068610,2025-08-01,2026-01-31,semestral,1.1879354797483583,0.11092474270359476,4,valida
50068610,2025-09-01,2026-02-28,semestral,-3.103608894439305,0.04052383643459734,6,valida
50068610,2025-10-01,2026-03-31,semestral,-2.5900698693212427,0.028220205579757573,7,valida
50068611,2024-01-01,2024-01-31,mensual,,,3,precio constante
50068611,2024-02-01,2024-02-29,mensual,,,0,n<3
50068611,2024-03-01,2024-03-31,mensual,30.670828191702373,1.0,3,valida
50068611,2024-04-01,2024-04-30,mensual,,,1,n<3
50068611,2024-05-01,2024-05-31,mensual,,,1,n<3
50068611,2024-06-01,2024-06-30,mensual,,,0,n<3
50068611,2024-07-01,2024-07-31,mensual,,,0,n<3
50068611,2024-08-01,2024-08-31,mensual,0.3805481486550604,0.0127398984423851,4,valida
50068611,2024-09-01,2024-09-30,mensual,,,0,n<3
50068611,2024-10-01,2024-10-31,mensual,,,1,n<3
50068611,2024-11-01,2024-11-30,mensual,,,1,n<3
50068611,2024-12-01,2024-12-31,mensual,,,2,n<3
50068611,2025-01-01,2025-01-31,mensual,,,1,n<3
50068611,2025-02-01,2025-02-28,mensual,,,1,n<3
50068611,2025-03-01,2025-03-31,mensual,,,2,n<3
50068611,2025-04-01,2025-04-30,mensual,,,0,n<3
50068611,2025-05-01,2025-05-31,mensual,,,0,n<3
50068611,2025-06-01,2025-06-30,mensual,,,0,n<3
50068611,2025-07-01,2025-07-31,mensual,,,1,n<3
50068611,2025-08-01,2025-08-31,mensual,,,1,n<3
50068611,2025-09-01,2025-09-30,mensual,,,0,n<3
50068611,2025-10-01,2025-10-31,mensual,,,2,n<3
50068611,2025-11-01,2025-11-30,mensual,,,2,n<3
50068611,2025-12-01,2025-12-31,mensual,,,1,n<3
50068611,2026-01-01,2026-01-31,mensual,,,5,precio constante
50068611,2026-02-01,2026-02-28,mensual,,,0,n<3
50068611,2026-03-01,2026-03-31,mensual,,,0,n<3
50068611,2026-04-01,2026-04-30,mensual,,,1,n<3
50068611,2024-01-01,2024-03-31,trimestral,30.67082819170197,1.0,6,valida
50068611,2024-02-01,2024-04-30,trimestral,27.49524082108755,0.9020946755602376,4,valida
50068611,2024-03-01,2024-05-31,trimestral,28.296977216934007,0.9025507794532437,5,valida
50068611,2024-04-01,2024-06-30,trimestral,,,2,n<3
50068611,2024-05-01,2024-07-31,trimestral,,,1,n<3
50068611,2024-06-01,2024-08-31,trimestral,0.3805481486550604,0.0127398984423851,4,valida
50068611,2024-07-01,2024-09-30,trimestral,0.3805481486550604,0.0127398984423851,4,valida
50068611,2024-08-01,2024-10-31,trimestral,-0.19955411621156674,0.0025489447515596453,5,valida
50068611,2024-09-01,2024-11-30,trimestral,,,2,n<3
50068611,2024-10-01,2024-12-31,trimestral,12.145599476543888,0.6405348159920267,4,valida
50068611,2024-11-01,2025-01-31,trimestral,12.14559947654389,0.6405348159920341,4,valida
50068611,2024-12-01,2025-02-28,trimestral,10.255439104162893,0.3349956512800314,4,valida
50068611,2025-01-01,2025-03-31,trimestral,-5.549452173273596,0.33243121888633265,4,valida
50068611,2025-02-01,2025-04-30,trimestral,-11.12148590781882,1.0,3,valida
50068611,2025-03-01,2025-05-31,trimestral,,,2,n<3
50068611,2025-04-01,2025-06-30,trimestral,,,0,n<3
50068611,2025-05-01,2025-07-31,trimestral,,,1,n<3
50068611,2025-06-01,2025-08-31,trimestral,,,2,n<3
50068611,2025-07-01,2025-09-30,trimestral,,,2,n<3
50068611,2025-08-01,2025-10-31,trimestral,-3.652296201478394,1.0,3,valida
50068611,2025-09-01,2025-11-30,trimestral,,,4,precio constante
50068611,2025-10-01,2025-12-31,trimestral,,,5,precio constante
50068611,2025-11-01,2026-01-31,trimestral,,,8,precio constante
50068611,2025-12-01,2026-02-28,trimestral,,,6,precio constante
50068611,2026-01-01,2026-03-31,trimestral,,,5,precio constante
50068611,2026-02-01,2026-04-30,trimestral,,,1,n<3
50068611,2024-01-01,2024-06-30,semestral,29.326680135306894,0.9050518846224433,8,valida
50068611,2024-02-01,2024-07-31,semestral,28.296977216934007,0.9025507794532437,5,valida
50068611,2024-03-01,2024-08-31,semestral,0.8323029947074587,0.017691622723517098,9,valida
50068611,2024-04-01,2024-09-30,semestral,-0.1592273989253085,0.0016877466208959913,6,valida
50068611,2024-05-01,2024-10-31,semestral,-0.5477025129053292,0.016503236203081362,6,valida
50068611,2024-06-01,2024-11-30,semestral,-0.15922739892531587,0.0016877466208958802,6,valida
50068611,2024-07-01,2024-12-31,semestral,0.0719889153984436,0.0002864707673638778,8,valida
50068611,2024-08-01,2025-01-31,semestral,-0.08791075765896758,0.0003731830875248754,9,valida
50068611,2024-09-01,2025-02-28,semestral,10.381733735809231,0.30632715672715916,6,valida
50068611,2024-10-01,2025-03-31,semestral,-1.1851706046184916,0.011845321583341173,8,valida
50068611,2024-11-01,2025-04-30,semestral,-2.2665975599574186,0.04319812040454507,7,valida
50068611,2024-12-01,2025-05-31,semestral,-1.5794945820634445,0.019512681319032277,6,valida
50068611,2025-01-01,2025-06-30,semestral,-5.549452173273596,0.33243121888633265,4,valida
50068611,2025-02-01,2025-07-31,semestral,-2.8739143566975733,0.4336230561251241,4,valida
50068611,2025-03-01,2025-08-31,semestral,-3.6115852298959283,0.5801165373678745,4,valida
50068611,2025-04-01,2025-09-30,semestral,,,2,n<3
50068611,2025-05-01,2025-10-31,semestral,-3.7148146250738523,0.9966310819553411,4,valida
50068611,2025-06-01,2025-11-30,semestral,-2.22222257252788,0.0984388630711267,6,valida
50068611,2025-07-01,2025-12-31,semestral,-2.4634798163510627,0.1175367285499519,7,valida
50068611,2025-08-01,2026-01-31,semestral,-2.7960357912256937,0.1458354556152296,11,valida
50068611,2025-09-01,2026-02-28,semestral,,,10,precio constante
50068611,2025-10-01,2026-03-31,semestral,,,10,precio constante
50068611,2025-11-01,2026-04-30,semestral,,,9,precio constante
50068612,2024-01-01,2024-01-31,mensual,,,2,n<3
50068612,2024-02-01,2024-02-29,mensual,,,2,n<3
50068612,2024-03-01,2024-03-31,mensual,,,2,n<3
50068612,2024-04-01,2024-04-30,mensual,,,2,n<3
50068612,2024-05-01,2024-05-31,mensual,,,2,n<3
50068612,2024-06-01,2024-06-30,mensual,,,1,n<3
50068612,2024-07-01,2024-07-31,mensual,,,2,n<3
50068612,2024-08-01,2024-08-31,mensual,0.294213082659145,0.0034678788308485364,5,valida
50068612,2024-09-01,2024-09-30,mensual,,,2,n<3
50068612,2024-10-01,2024-10-31,mensual,,,1,n<3
50068612,2024-11-01,2024-11-30,mensual,,,1,n<3
50068612,2024-12-01,2024-12-31,mensual,,,5,precio constante
50068612,2025-01-01,2025-01-31,mensual,,,1,n<3
50068612,2025-02-01,2025-02-28,mensual,,,2,n<3
50068612,2025-03-01,2025-03-31,mensual,,,3,precio constante
50068612,2025-04-01,2025-04-30,mensual,,,0,n<3
50068612,2025-05-01,2025-05-31,mensual,,,0,n<3
50068612,2025-06-01,2025-06-30,mensual,,,0,n<3
50068612,2025-07-01,2025-07-31,mensual,,,2,n<3
50068612,2025-08-01,2025-08-31,mensual,,,2,n<3
50068612,2025-09-01,2025-09-30,mensual,,,1,n<3
50068612,2025-10-01,2025-10-31,mensual,,,0,n<3
50068612,2025-11-01,2025-11-30,mensual,,,1,n<3
50068612,2025-12-01,2025-12-31,mensual,,,1,n<3
50068612,2026-01-01,2026-01-31,mensual,,,1,n<3
50068612,2026-02-01,2026-02-28,mensual,,,2,n<3
50068612,2026-03-01,2026-03-31,mensual,,,2,n<3
50068612,2026-04-01,2026-04-30,mensual,0.7916377849465607,0.0009836176945240416,3,valida
50068612,2024-01-01,2024-03-31,trimestral,-9.972820476064951,0.1538503106377963,6,valida
50068612,2024-02-01,2024-04-30,trimestral,-9.972820476064713,0.15385031063778876,6,valida
50068612,2024-03-01,2024-05-31,trimestral,,,6,precio constante
50068612,2024-04-01,2024-06-30,trimestral,,,5,precio constante
50068612,2024-05-01,2024-07-31,trimestral,,,5,precio constante
50068612,2024-06-01,2024-08-31,trimestral,0.3428975948469934,0.0043579443837363785,8,valida
50068612,2024-07-01,2024-09-30,trimestral,0.12197469094253859,0.0005160796622486474,9,valida
50068612,2024-08-01,2024-10-31,trimestral,-0.44647641727481857,0.007385014145889324,8,valida
50068612,2024-09-01,2024-11-30,trimestral,,,4,precio constante
50068612,2024-10-01,2024-12-31,trimestral,,,7,precio constante
50068612,2024-11-01,2025-01-31,trimestral,,,7,precio constante
50068612,2024-12-01,2025-02-28,trimestral,,,8,precio constante
50068612,2025-01-01,2025-03-31,trimestral,,,6,qty constante
50068612,2025-02-01,2025-04-30,trimestral,,,5,qty constante
50068612,2025-03-01,2025-05-31,trimestral,,,3,precio constante
50068612,2025-04-01,2025-06-30,trimestral,,,0,n<3
50068612,2025-05-01,2025-07-31,trimestral,,,2,n<3
50068612,2025-06-01,2025-08-31,trimestral,-0.9875938600695022,0.15221022006804286,4,valida
50068612,2025-07-01,2025-09-30,trimestral,-0.5424787756573365,0.02437197143495562,5,valida
50068612,2025-08-01,2025-10-31,trimestral,-0.504514986838108,0.02234604148173791,3,valida
50068612,2025-09-01,2025-11-30,trimestral,,,2,n<3
50068612,2025-10-01,2025-12-31,trimestral,,,2,n<3
50068612,2025-11-01,2026-01-31,trimestral,,,3,precio constante
50068612,2025-12-01,2026-02-28,trimestral,,,4,precio constante
50068612,2026-01-01,2026-03-31,trimestral,,,5,precio constante
50068612,2026-02-01,2026-04-30,trimestral,7.24997745450057,0.051247248396385614,7,valida
50068612,2024-01-01,2024-06-30,semestral,-5.89388670092805,0.04353933893732742,11,valida
50068612,2024-02-01,2024-07-31,semestral,-6.865725617356782,0.06071855179863106,11,valida
50068612,2024-03-01,2024-08-31,semestral,0.6189028648437799,0.0060389953369706095,14,valida
50068612,2024-04-01,2024-09-30,semestral,-0.2546034764867965,0.0018458876057263485,14,valida
50068612,2024-05-01,2024-10-31,semestral,-0.3870361789026398,0.0045273843831779015,13,valida
50068612,2024-06-01,2024-11-30,semestral,-0.0466482570466706,6.621962828434746e-05,12,valida
50068612,2024-07-01,2024-12-31,semestral,-0.22479161460884603,0.001331223632376588,16,valida
50068612,2024-08-01,2025-01-31,semestral,-0.5308276639184594,0.008217541186621657,15,valida
50068612,2024-09-01,2025-02-28,semestral,,,12,precio constante
50068612,2024-10-01,2025-03-31,semestral,-1.3921760469448963,0.05378035734292941,13,valida
50068612,2024-11-01,2025-04-30,semestral,-1.5480559796934292,0.0658270968851088,12,valida
50068612,2024-12-01,2025-05-31,semestral,-0.8704389287863062,0.03701317552426775,11,valida
50068612,2025-01-01,2025-06-30,semestral,,,6,qty constante
50068612,2025-02-01,2025-07-31,semestral,1.3100534767947438,0.5138304624675638,7,valida
50068612,2025-03-01,2025-08-31,semestral,0.12109509690465846,0.00239896421246355,7,valida
50068612,2025-04-01,2025-09-30,semestral,-0.5424787756573365,0.02437197143495562,5,valida
50068612,2025-05-01,2025-10-31,semestral,-0.5424787756573365,0.02437197143495562,5,valida
50068612,2025-06-01,2025-11-30,semestral,-0.8547272470553049,0.051872875399949225,6,valida
50068612,2025-07-01,2025-12-31,semestral,-1.0612918748871487,0.07307894705370088,7,valida
50068612,2025-08-01,2026-01-31,semestral,-1.7721328786235817,0.20457909315440492,6,valida
50068612,2025-09-01,2026-02-28,semestral,-47.90021299623574,1.0,6,valida
50068612,2025-10-01,2026-03-31,semestral,,,7,precio constante
50068612,2025-11-01,2026-04-30,semestral,9.944363453880515,0.0843794671813487,10,valida
50068613,2024-01-01,2024-01-31,mensual,,,3,precio constante
50068613,2024-02-01,2024-02-29,mensual,,,3,precio constante
50068613,2024-03-01,2024-03-31,mensual,,,2,n<3
50068613,2024-04-01,2024-04-30,mensual,,,0,n<3
50068613,2024-05-01,2024-05-31,mensual,-3.8087539392679695,0.061626933791758765,5,valida
50068613,2024-06-01,2024-06-30,mensual,,,3,precio constante
50068613,2024-07-01,2024-07-31,mensual,,,2,n<3
50068613,2024-08-01,2024-08-31,mensual,0.19550211594923936,0.010111770331399317,11,valida
50068613,2024-09-01,2024-09-30,mensual,,,1,n<3
50068613,2024-10-01,2024-10-31,mensual,,,2,n<3
50068613,2024-11-01,2024-11-30,mensual,,,2,n<3
50068613,2024-12-01,2024-12-31,mensual,,,3,precio constante
50068613,2025-01-01,2025-01-31,mensual,,,2,n<3
50068613,2025-02-01,2025-02-28,mensual,,,3,qty constante
50068613,2025-03-01,2025-03-31,mensual,,,1,n<3
50068613,2025-04-01,2025-04-30,mensual,,,2,n<3
50068613,2025-05-01,2025-05-31,mensual,,,0,n<3
50068613,2025-06-01,2025-06-30,mensual,,,1,n<3
50068613,2025-07-01,2025-07-31,mensual,-11.26289035206672,0.25,3,valida
50068613,2025-08-01,2025-08-31,mensual,,,3,qty constante
50068613,2025-09-01,2025-09-30,mensual,-1.059085357580012,0.0023051302939471885,3,valida
50068613,2025-10-01,2025-10-31,mensual,,,1,n<3
50068613,2025-11-01,2025-11-30,mensual,,,2,n<3
50068613,2025-12-01,2025-12-31,mensual,,,0,n<3
50068613,2026-01-01,2026-01-31,mensual,,,1,n<3
50068613,2026-02-01,2026-02-28,mensual,,,2,n<3
50068613,2024-01-01,2024-03-31,trimestral,,,8,precio constante
50068613,2024-02-01,2024-04-30,trimestral,,,5,precio constante
50068613,2024-03-01,2024-05-31,trimestral,-2.5288246960683147,0.027175495737296163,7,valida
50068613,2024-04-01,2024-06-30,trimestral,-3.548817480110719,0.043950886668029154,8,valida
50068613,2024-05-01,2024-07-31,trimestral,-3.814031511713536,0.04329369546256456,10,valida
50068613,2024-06-01,2024-08-31,trimestral,0.3906976046379681,0.01553276739437126,16,valida
50068613,2024-07-01,2024-09-30,trimestral,0.30109091211573163,0.012992063091816775,14,valida
50068613,2024-08-01,2024-10-31,trimestral,0.7373176069894725,0.018592974135291818,14,valida
50068613,2024-09-01,2024-11-30,trimestral,,,5,precio constante
50068613,2024-10-01,2024-12-31,trimestral,,,7,precio constante
50068613,2024-11-01,2025-01-31,trimestral,,,7,precio constante
50068613,2024-12-01,2025-02-28,trimestral,,,8,qty constante
50068613,2025-01-01,2025-03-31,trimestral,1.9127705478390966,0.26197721549828057,6,valida
50068613,2025-02-01,2025-04-30,trimestral,1.7332201567770569,0.24906430608122054,6,valida
50068613,2025-03-01,2025-05-31,trimestral,,,3,precio constante
50068613,2025-04-01,2025-06-30,trimestral,-1.7248034319457326,0.2500000000000001,3,valida
50068613,2025-05-01,2025-07-31,trimestral,-7.508593568044838,0.11111111111111094,4,valida
50068613,2025-06-01,2025-08-31,trimestral,0.37552456353960095,0.00830341500816012,7,valida
50068613,2025-07-01,2025-09-30,trimestral,1.1848242930892103,0.030512792071430206,9,valida
50068613,2025-08-01,2025-10-31,trimestral,1.3626865410376399,0.04901510909754303,7,valida
50068613,2025-09-01,2025-11-30,trimestral,1.4226820768018777,0.0024811862352893677,6,valida
50068613,2025-10-01,2025-12-31,trimestral,,,3,precio constante
50068613,2025-11-01,2026-01-31,trimestral,,,3,precio constante
50068613,2025-12-01,2026-02-28,trimestral,,,3,precio constante
50068613,2024-01-01,2024-06-30,semestral,-2.265153709263699,0.013845461849672391,16,valida
50068613,2024-02-01,2024-07-31,semestral,-2.431043294007831,0.016108675649333715,15,valida
50068613,2024-03-01,2024-08-31,semestral,0.30854022402854314,0.005546398073414172,23,valida
50068613,2024-04-01,2024-09-30,semestral,0.3228153157615422,0.0061192486991764605,22,valida
50068613,2024-05-01,2024-10-31,semestral,0.547016355608636,0.007708967900721397,24,valida
50068613,2024-06-01,2024-11-30,semestral,0.773335965128317,0.016883301314053245,21,valida
50068613,2024-07-01,2024-12-31,semestral,0.6763901059351669,0.013356404631944874,21,valida
50068613,2024-08-01,2025-01-31,semestral,0.578651104167085,0.010237029706988365,21,valida
50068613,2024-09-01,2025-02-28,semestral,1.106020008249059,0.022151659315857053,13,valida
50068613,2024-10-01,2025-03-31,semestral,2.2077550102038277,0.09221308421468188,13,valida
50068613,2024-11-01,2025-04-30,semestral,1.77562551309541,0.17818680558575306,13,valida
50068613,2024-12-01,2025-05-31,semestral,1.7864646866242073,0.21875115450712734,11,valida
50068613,2025-01-01,2025-06-30,semestral,0.634741261123994,0.05236350700241499,9,valida
50068613,2025-02-01,2025-07-31,semestral,0.6459002319254527,0.0443564539109661,10,valida
50068613,2025-03-01,2025-08-31,semestral,-0.4296554938886201,0.011341111349476463,10,valida
50068613,2025-04-01,2025-09-30,semestral,1.0583673048203195,0.03166594194752015,12,valida
50068613,2025-05-01,2025-10-31,semestral,1.017207469259941,0.021021807078246302,11,valida
50068613,2025-06-01,2025-11-30,semestral,0.8367365157796964,0.013694277438073832,13,valida
50068613,2025-07-01,2025-12-31,semestral,0.8480186143323378,0.014383229130224828,12,valida
50068613,2025-08-01,2026-01-31,semestral,0.9723343334291706,0.023436975958631034,10,valida
50068613,2025-09-01,2026-02-28,semestral,2.2302564793892197,0.005389833904528518,9,valida
50068614,2024-01-01,2024-01-31,mensual,,,2,n<3
50068614,2024-02-01,2024-02-29,mensual,,,0,n<3
50068614,2024-03-01,2024-03-31,mensual,,,1,n<3
50068614,2024-04-01,2024-04-30,mensual,,,2,n<3
50068614,2024-05-01,2024-05-31,mensual,,,1,n<3
50068614,2024-06-01,2024-06-30,mensual,,,1,n<3
50068614,2024-07-01,2024-07-31,mensual,,,1,n<3
50068614,2024-08-01,2024-08-31,mensual,,,1,n<3
50068614,2024-09-01,2024-09-30,mensual,,,2,n<3
50068614,2024-10-01,2024-10-31,mensual,,,0,n<3
50068614,2024-11-01,2024-11-30,mensual,,,0,n<3
50068614,2024-12-01,2024-12-31,mensual,,,0,n<3
50068614,2025-01-01,2025-01-31,mensual,,,0,n<3
50068614,2025-02-01,2025-02-28,mensual,,,0,n<3
50068614,2025-03-01,2025-03-31,mensual,,,2,n<3
50068614,2025-04-01,2025-04-30,mensual,,,2,n<3
50068614,2025-05-01,2025-05-31,mensual,,,1,n<3
50068614,2025-06-01,2025-06-30,mensual,,,1,n<3
50068614,2025-07-01,2025-07-31,mensual,,,1,n<3
50068614,2025-08-01,2025-08-31,mensual,,,2,n<3
50068614,2025-09-01,2025-09-30,mensual,,,2,n<3
50068614,2025-10-01,2025-10-31,mensual,,,1,n<3
50068614,2025-11-01,2025-11-30,mensual,,,1,n<3
50068614,2025-12-01,2025-12-31,mensual,,,1,n<3
50068614,2026-01-01,2026-01-31,mensual,,,1,n<3
50068614,2026-02-01,2026-02-28,mensual,,,2,n<3
50068614,2024-01-01,2024-03-31,trimestral,,,3,precio constante
50068614,2024-02-01,2024-04-30,trimestral,,,3,precio constante
50068614,2024-03-01,2024-05-31,trimestral,,,4,precio constante
50068614,2024-04-01,2024-06-30,trimestral,,,4,precio constante
50068614,2024-05-01,2024-07-31,trimestral,,,3,precio constante
50068614,2024-06-01,2024-08-31,trimestral,2.5139085975235194,0.2502814972029247,3,valida
50068614,2024-07-01,2024-09-30,trimestral,1.6767773254991007,0.11133359820333899,4,valida
50068614,2024-08-01,2024-10-31,trimestral,,,3,qty constante
50068614,2024-09-01,2024-11-30,trimestral,,,2,n<3
50068614,2024-10-01,2024-12-31,trimestral,,,0,n<3
50068614,2024-11-01,2025-01-31,trimestral,,,0,n<3
50068614,2024-12-01,2025-02-28,trimestral,,,0,n<3
50068614,2025-01-01,2025-03-31,trimestral,,,2,n<3
50068614,2025-02-01,2025-04-30,trimestral,,,4,precio constante
50068614,2025-03-01,2025-05-31,trimestral,-2.2292760963473666,0.15356049614077605,5,valida
50068614,2025-04-01,2025-06-30,trimestral,-1.7248034319456989,0.33333333333333326,4,valida
50068614,2025-05-01,2025-07-31,trimestral,,,3,precio constante
50068614,2025-06-01,2025-08-31,trimestral,0.6482493778014848,0.11111111111111105,4,valida
50068614,2025-07-01,2025-09-30,trimestral,0.30542990865957187,0.02886601788335097,5,valida
50068614,2025-08-01,2025-10-31,trimestral,,,5,qty constante
50068614,2025-09-01,2025-11-30,trimestral,,,4,qty constante
50068614,2025-10-01,2025-12-31,trimestral,,,3,precio constante
50068614,2025-11-01,2026-01-31,trimestral,,,3,precio constante
50068614,2025-12-01,2026-02-28,trimestral,,,4,precio constante
50068614,2024-01-01,2024-06-30,semestral,,,7,precio constante
50068614,2024-02-01,2024-07-31,semestral,,,6,precio constante
50068614,2024-03-01,2024-08-31,semestral,1.1637280431652082,0.05254190801974512,7,valida
50068614,2024-04-01,2024-09-30,semestral,0.9979514654626835,0.037951948240807054,8,valida
50068614,2024-05-01,2024-10-31,semestral,1.00692151444703,0.0401442401502885,6,valida
50068614,2024-06-01,2024-11-30,semestral,1.2581331541879932,0.06267603478409522,5,valida
50068614,2024-07-01,2024-12-31,semestral,1.6767773254991007,0.11133359820333899,4,valida
50068614,2024-08-01,2025-01-31,semestral,,,3,qty constante
50068614,2024-09-01,2025-02-28,semestral,,,2,n<3
50068614,2024-10-01,2025-03-31,semestral,,,2,n<3
50068614,2024-11-01,2025-04-30,semestral,,,4,precio constante
50068614,2024-12-01,2025-05-31,semestral,-2.2292760963473666,0.15356049614077605,5,valida
50068614,2025-01-01,2025-06-30,semestral,-2.2292760963473746,0.2321664319194382,6,valida
50068614,2025-02-01,2025-07-31,semestral,-1.0794071417169266,0.06272060286403425,7,valida
50068614,2025-03-01,2025-08-31,semestral,-0.28569245077343647,0.007655552367688778,9,valida
50068614,2025-04-01,2025-09-30,semestral,-0.22509141247438347,0.011147890050779652,9,valida
50068614,2025-05-01,2025-10-31,semestral,0.1643563433703067,0.008099222979263021,8,valida
50068614,2025-06-01,2025-11-30,semestral,0.1464627793630131,0.006525129974713106,8,valida
50068614,2025-07-01,2025-12-31,semestral,0.12920546264962687,0.0051455401245580346,8,valida
50068614,2025-08-01,2026-01-31,semestral,0.23307982808527763,0.01694574473792887,8,valida
50068614,2025-09-01,2026-02-28,semestral,-2.08212119712263,0.021254834642319254,8,valida
50068869,2024-01-01,2024-01-31,mensual,,,1,n<3
50068869,2024-02-01,2024-02-29,mensual,,,0,n<3
50068869,2024-03-01,2024-03-31,mensual,,,0,n<3
50068869,2024-04-01,2024-04-30,mensual,,,1,n<3
50068869,2024-05-01,2024-05-31,mensual,,,0,n<3
50068869,2024-06-01,2024-06-30,mensual,,,1,n<3
50068869,2024-07-01,2024-07-31,mensual,,,1,n<3
50068869,2024-08-01,2024-08-31,mensual,,,1,n<3
50068869,2024-09-01,2024-09-30,mensual,,,1,n<3
50068869,2024-10-01,2024-10-31,mensual,,,0,n<3
50068869,2024-11-01,2024-11-30,mensual,,,1,n<3
50068869,2024-12-01,2024-12-31,mensual,,,0,n<3
50068869,2025-01-01,2025-01-31,mensual,,,1,n<3
50068869,2025-02-01,2025-02-28,mensual,,,1,n<3
50068869,2025-03-01,2025-03-31,mensual,,,0,n<3
50068869,2025-04-01,2025-04-30,mensual,,,0,n<3
50068869,2025-05-01,2025-05-31,mensual,,,0,n<3
50068869,2025-06-01,2025-06-30,mensual,,,0,n<3
50068869,2025-07-01,2025-07-31,mensual,,,1,n<3
50068869,2025-08-01,2025-08-31,mensual,,,2,n<3
50068869,2025-09-01,2025-09-30,mensual,,,0,n<3
50068869,2025-10-01,2025-10-31,mensual,,,1,n<3
50068869,2025-11-01,2025-11-30,mensual,,,1,n<3
50068869,2025-12-01,2025-12-31,mensual,,,0,n<3
50068869,2026-01-01,2026-01-31,mensual,,,1,n<3
50068869,2026-02-01,2026-02-28,mensual,,,0,n<3
50068869,2026-03-01,2026-03-31,mensual,,,1,n<3
50068869,2024-01-01,2024-03-31,trimestral,,,1,n<3
50068869,2024-02-01,2024-04-30,trimestral,,,1,n<3
50068869,2024-03-01,2024-05-31,trimestral,,,1,n<3
50068869,2024-04-01,2024-06-30,trimestral,,,2,n<3
50068869,2024-05-01,2024-07-31,trimestral,,,2,n<3
50068869,2024-06-01,2024-08-31,trimestral,,,3,precio constante
50068869,2024-07-01,2024-09-30,trimestral,,,3,precio constante
50068869,2024-08-01,2024-10-31,trimestral,,,2,n<3
50068869,2024-09-01,2024-11-30,trimestral,,,2,n<3
50068869,2024-10-01,2024-12-31,trimestral,,,1,n<3
50068869,2024-11-01,2025-01-31,trimestral,,,2,n<3
50068869,2024-12-01,2025-02-28,trimestral,,,2,n<3
50068869,2025-01-01,2025-03-31,trimestral,,,2,n<3
50068869,2025-02-01,2025-04-30,trimestral,,,1,n<3
50068869,2025-03-01,2025-05-31,trimestral,,,0,n<3
50068869,2025-04-01,2025-06-30,trimestral,,,0,n<3
50068869,2025-05-01,2025-07-31,trimestral,,,1,n<3
50068869,2025-06-01,2025-08-31,trimestral,,,3,precio constante
50068869,2025-07-01,2025-09-30,trimestral,,,3,precio constante
50068869,2025-08-01,2025-10-31,trimestral,,,3,precio constante
50068869,2025-09-01,2025-11-30,trimestral,,,2,n<3
50068869,2025-10-01,2025-12-31,trimestral,,,2,n<3
50068869,2025-11-01,2026-01-31,trimestral,,,2,n<3
50068869,2025-12-01,2026-02-28,trimestral,,,1,n<3
50068869,2026-01-01,2026-03-31,trimestral,,,2,n<3
50068869,2024-01-01,2024-06-30,semestral,,,3,precio constante
50068869,2024-02-01,2024-07-31,semestral,,,3,precio constante
50068869,2024-03-01,2024-08-31,semestral,,,4,precio constante
50068869,2024-04-01,2024-09-30,semestral,,,5,precio constante
50068869,2024-05-01,2024-10-31,semestral,,,4,precio constante
50068869,2024-06-01,2024-11-30,semestral,,,5,precio constante
50068869,2024-07-01,2024-12-31,semestral,,,4,precio constante
50068869,2024-08-01,2025-01-31,semestral,,,4,qty constante
50068869,2024-09-01,2025-02-28,semestral,,,4,qty constante
50068869,2024-10-01,2025-03-31,semestral,,,3,qty constante
50068869,2024-11-01,2025-04-30,semestral,,,3,qty constante
50068869,2024-12-01,2025-05-31,semestral,,,2,n<3
50068869,2025-01-01,2025-06-30,semestral,,,2,n<3
50068869,2025-02-01,2025-07-31,semestral,,,2,n<3
50068869,2025-03-01,2025-08-31,semestral,,,3,precio constante
50068869,2025-04-01,2025-09-30,semestral,,,3,precio constante
50068869,2025-05-01,2025-10-31,semestral,,,4,precio constante
50068869,2025-06-01,2025-11-30,semestral,,,5,precio constante
50068869,2025-07-01,2025-12-31,semestral,,,5,precio constante
50068869,2025-08-01,2026-01-31,semestral,,,5,precio constante
50068869,2025-09-01,2026-02-28,semestral,,,3,precio constante
50068869,2025-10-01,2026-03-31,semestral,-28.44855562273304,0.11111111111111094,4,valida
50068871,2024-02-01,2024-02-29,mensual,,,1,n<3
50068871,2024-03-01,2024-03-31,mensual,,,1,n<3
50068871,2024-04-01,2024-04-30,mensual,,,1,n<3
50068871,2024-05-01,2024-05-31,mensual,,,0,n<3
50068871,2024-06-01,2024-06-30,mensual,,,0,n<3
50068871,2024-07-01,2024-07-31,mensual,,,1,n<3
50068871,2024-02-01,2024-04-30,trimestral,,,3,precio constante
50068871,2024-03-01,2024-05-31,trimestral,,,2,n<3
50068871,2024-04-01,2024-06-30,trimestral,,,1,n<3
50068871,2024-05-01,2024-07-31,trimestral,,,1,n<3
50068871,2024-02-01,2024-07-31,semestral,,,4,precio constante
50073243,2025-07-01,2025-07-31,mensual,,,1,n<3
50076719,2024-01-01,2024-01-31,mensual,,,1,n<3
50076719,2024-02-01,2024-02-29,mensual,,,1,n<3
50076719,2024-03-01,2024-03-31,mensual,,,0,n<3
50076719,2024-04-01,2024-04-30,mensual,,,1,n<3
50076719,2024-05-01,2024-05-31,mensual,,,0,n<3
50076719,2024-06-01,2024-06-30,mensual,,,0,n<3
50076719,2024-07-01,2024-07-31,mensual,,,1,n<3
50076719,2024-08-01,2024-08-31,mensual,,,0,n<3
50076719,2024-09-01,2024-09-30,mensual,,,0,n<3
50076719,2024-10-01,2024-10-31,mensual,,,0,n<3
50076719,2024-11-01,2024-11-30,mensual,,,0,n<3
50076719,2024-12-01,2024-12-31,mensual,,,0,n<3
50076719,2025-01-01,2025-01-31,mensual,,,0,n<3
50076719,2025-02-01,2025-02-28,mensual,,,0,n<3
50076719,2025-03-01,2025-03-31,mensual,,,0,n<3
50076719,2025-04-01,2025-04-30,mensual,,,0,n<3
50076719,2025-05-01,2025-05-31,mensual,,,0,n<3
50076719,2025-06-01,2025-06-30,mensual,,,1,n<3
50076719,2025-07-01,2025-07-31,mensual,,,0,n<3
50076719,2025-08-01,2025-08-31,mensual,,,4,precio constante
50076719,2025-09-01,2025-09-30,mensual,,,1,n<3
50076719,2025-10-01,2025-10-31,mensual,,,0,n<3
50076719,2025-11-01,2025-11-30,mensual,,,0,n<3
50076719,2025-12-01,2025-12-31,mensual,,,0,n<3
50076719,2026-01-01,2026-01-31,mensual,,,0,n<3
50076719,2026-02-01,2026-02-28,mensual,,,0,n<3
50076719,2026-03-01,2026-03-31,mensual,,,0,n<3
50076719,2026-04-01,2026-04-30,mensual,,,1,n<3
50076719,2024-01-01,2024-03-31,trimestral,,,2,n<3
50076719,2024-02-01,2024-04-30,trimestral,,,2,n<3
50076719,2024-03-01,2024-05-31,trimestral,,,1,n<3
50076719,2024-04-01,2024-06-30,trimestral,,,1,n<3
50076719,2024-05-01,2024-07-31,trimestral,,,1,n<3
50076719,2024-06-01,2024-08-31,trimestral,,,1,n<3
50076719,2024-07-01,2024-09-30,trimestral,,,1,n<3
50076719,2024-08-01,2024-10-31,trimestral,,,0,n<3
50076719,2024-09-01,2024-11-30,trimestral,,,0,n<3
50076719,2024-10-01,2024-12-31,trimestral,,,0,n<3
50076719,2024-11-01,2025-01-31,trimestral,,,0,n<3
50076719,2024-12-01,2025-02-28,trimestral,,,0,n<3
50076719,2025-01-01,2025-03-31,trimestral,,,0,n<3
50076719,2025-02-01,2025-04-30,trimestral,,,0,n<3
50076719,2025-03-01,2025-05-31,trimestral,,,0,n<3
50076719,2025-04-01,2025-06-30,trimestral,,,1,n<3
50076719,2025-05-01,2025-07-31,trimestral,,,1,n<3
50076719,2025-06-01,2025-08-31,trimestral,,,5,precio constante
50076719,2025-07-01,2025-09-30,trimestral,,,5,precio constante
50076719,2025-08-01,2025-10-31,trimestral,,,5,precio constante
50076719,2025-09-01,2025-11-30,trimestral,,,1,n<3
50076719,2025-10-01,2025-12-31,trimestral,,,0,n<3
50076719,2025-11-01,2026-01-31,trimestral,,,0,n<3
50076719,2025-12-01,2026-02-28,trimestral,,,0,n<3
50076719,2026-01-01,2026-03-31,trimestral,,,0,n<3
50076719,2026-02-01,2026-04-30,trimestral,,,1,n<3
50076719,2024-01-01,2024-06-30,semestral,,,3,precio constante
50076719,2024-02-01,2024-07-31,semestral,,,3,precio constante
50076719,2024-03-01,2024-08-31,semestral,,,2,n<3
50076719,2024-04-01,2024-09-30,semestral,,,2,n<3
50076719,2024-05-01,2024-10-31,semestral,,,1,n<3
50076719,2024-06-01,2024-11-30,semestral,,,1,n<3
50076719,2024-07-01,2024-12-31,semestral,,,1,n<3
50076719,2024-08-01,2025-01-31,semestral,,,0,n<3
50076719,2024-09-01,2025-02-28,semestral,,,0,n<3
50076719,2024-10-01,2025-03-31,semestral,,,0,n<3
50076719,2024-11-01,2025-04-30,semestral,,,0,n<3
50076719,2024-12-01,2025-05-31,semestral,,,0,n<3
50076719,2025-01-01,2025-06-30,semestral,,,1,n<3
50076719,2025-02-01,2025-07-31,semestral,,,1,n<3
50076719,2025-03-01,2025-08-31,semestral,,,5,precio constante
50076719,2025-04-01,2025-09-30,semestral,,,6,precio constante
50076719,2025-05-01,2025-10-31,semestral,,,6,precio constante
50076719,2025-06-01,2025-11-30,semestral,,,6,precio constante
50076719,2025-07-01,2025-12-31,semestral,,,5,precio constante
50076719,2025-08-01,2026-01-31,semestral,,,5,precio constante
50076719,2025-09-01,2026-02-28,semestral,,,1,n<3
50076719,2025-10-01,2026-03-31,semestral,,,0,n<3
50076719,2025-11-01,2026-04-30,semestral,,,1,n<3
50076720,2024-04-01,2024-04-30,mensual,,,1,n<3
50076720,2024-05-01,2024-05-31,mensual,,,0,n<3
50076720,2024-06-01,2024-06-30,mensual,,,1,n<3
50076720,2024-07-01,2024-07-31,mensual,,,1,n<3
50076720,2024-08-01,2024-08-31,mensual,,,1,n<3
50076720,2024-09-01,2024-09-30,mensual,,,0,n<3
50076720,2024-10-01,2024-10-31,mensual,,,1,n<3
50076720,2024-11-01,2024-11-30,mensual,,,0,n<3
50076720,2024-12-01,2024-12-31,mensual,,,0,n<3
50076720,2025-01-01,2025-01-31,mensual,,,0,n<3
50076720,2025-02-01,2025-02-28,mensual,,,0,n<3
50076720,2025-03-01,2025-03-31,mensual,,,2,n<3
50076720,2025-04-01,2025-04-30,mensual,,,0,n<3
50076720,2025-05-01,2025-05-31,mensual,,,0,n<3
50076720,2025-06-01,2025-06-30,mensual,,,0,n<3
50076720,2025-07-01,2025-07-31,mensual,,,0,n<3
50076720,2025-08-01,2025-08-31,mensual,,,1,n<3
50076720,2024-04-01,2024-06-30,trimestral,,,2,n<3
50076720,2024-05-01,2024-07-31,trimestral,,,2,n<3
50076720,2024-06-01,2024-08-31,trimestral,,,3,precio constante
50076720,2024-07-01,2024-09-30,trimestral,,,2,n<3
50076720,2024-08-01,2024-10-31,trimestral,,,2,n<3
50076720,2024-09-01,2024-11-30,trimestral,,,1,n<3
50076720,2024-10-01,2024-12-31,trimestral,,,1,n<3
50076720,2024-11-01,2025-01-31,trimestral,,,0,n<3
50076720,2024-12-01,2025-02-28,trimestral,,,0,n<3
50076720,2025-01-01,2025-03-31,trimestral,,,2,n<3
50076720,2025-02-01,2025-04-30,trimestral,,,2,n<3
50076720,2025-03-01,2025-05-31,trimestral,,,2,n<3
50076720,2025-04-01,2025-06-30,trimestral,,,0,n<3
50076720,2025-05-01,2025-07-31,trimestral,,,0,n<3
50076720,2025-06-01,2025-08-31,trimestral,,,1,n<3
50076720,2024-04-01,2024-09-30,semestral,,,4,precio constante
50076720,2024-05-01,2024-10-31,semestral,,,4,qty constante
50076720,2024-06-01,2024-11-30,semestral,,,4,qty constante
50076720,2024-07-01,2024-12-31,semestral,,,3,qty constante
50076720,2024-08-01,2025-01-31,semestral,,,2,n<3
50076720,2024-09-01,2025-02-28,semestral,,,1,n<3
50076720,2024-10-01,2025-03-31,semestral,-4.86095870782187,0.25100706844117404,3,valida
50076720,2024-11-01,2025-04-30,semestral,,,2,n<3
50076720,2024-12-01,2025-05-31,semestral,,,2,n<3
50076720,2025-01-01,2025-06-30,semestral,,,2,n<3
50076720,2025-02-01,2025-07-31,semestral,,,2,n<3
50076720,2025-03-01,2025-08-31,semestral,-4.86095870782187,0.25100706844117404,3,valida
50076721,2024-01-01,2024-01-31,mensual,,,2,n<3
50076721,2024-02-01,2024-02-29,mensual,,,0,n<3
50076721,2024-03-01,2024-03-31,mensual,,,0,n<3
50076721,2024-04-01,2024-04-30,mensual,,,0,n<3
50076721,2024-05-01,2024-05-31,mensual,,,0,n<3
50076721,2024-06-01,2024-06-30,mensual,,,0,n<3
50076721,2024-07-01,2024-07-31,mensual,,,0,n<3
50076721,2024-08-01,2024-08-31,mensual,,,0,n<3
50076721,2024-09-01,2024-09-30,mensual,,,1,n<3
50076721,2024-01-01,2024-03-31,trimestral,,,2,n<3
50076721,2024-02-01,2024-04-30,trimestral,,,0,n<3
50076721,2024-03-01,2024-05-31,trimestral,,,0,n<3
50076721,2024-04-01,2024-06-30,trimestral,,,0,n<3
50076721,2024-05-01,2024-07-31,trimestral,,,0,n<3
50076721,2024-06-01,2024-08-31,trimestral,,,0,n<3
50076721,2024-07-01,2024-09-30,trimestral,,,1,n<3
50076721,2024-01-01,2024-06-30,semestral,,,2,n<3
50076721,2024-02-01,2024-07-31,semestral,,,0,n<3
50076721,2024-03-01,2024-08-31,semestral,,,0,n<3
50076721,2024-04-01,2024-09-30,semestral,,,1,n<3
50076727,2024-01-01,2024-01-31,mensual,,,2,n<3
50076727,2024-02-01,2024-02-29,mensual,,,0,n<3
50076727,2024-03-01,2024-03-31,mensual,,,2,n<3
50076727,2024-04-01,2024-04-30,mensual,,,0,n<3
50076727,2024-05-01,2024-05-31,mensual,,,0,n<3
50076727,2024-06-01,2024-06-30,mensual,,,1,n<3
50076727,2024-07-01,2024-07-31,mensual,,,1,n<3
50076727,2024-08-01,2024-08-31,mensual,,,1,n<3
50076727,2024-09-01,2024-09-30,mensual,,,0,n<3
50076727,2024-10-01,2024-10-31,mensual,,,0,n<3
50076727,2024-11-01,2024-11-30,mensual,,,0,n<3
50076727,2024-12-01,2024-12-31,mensual,,,0,n<3
50076727,2025-01-01,2025-01-31,mensual,,,2,n<3
50076727,2025-02-01,2025-02-28,mensual,,,0,n<3
50076727,2025-03-01,2025-03-31,mensual,,,1,n<3
50076727,2025-04-01,2025-04-30,mensual,,,0,n<3
50076727,2025-05-01,2025-05-31,mensual,,,1,n<3
50076727,2025-06-01,2025-06-30,mensual,,,0,n<3
50076727,2025-07-01,2025-07-31,mensual,,,0,n<3
50076727,2025-08-01,2025-08-31,mensual,,,1,n<3
50076727,2025-09-01,2025-09-30,mensual,,,0,n<3
50076727,2025-10-01,2025-10-31,mensual,,,1,n<3
50076727,2025-11-01,2025-11-30,mensual,,,1,n<3
50076727,2025-12-01,2025-12-31,mensual,,,0,n<3
50076727,2026-01-01,2026-01-31,mensual,,,2,n<3
50076727,2026-02-01,2026-02-28,mensual,,,2,n<3
50076727,2024-01-01,2024-03-31,trimestral,,,4,precio constante
50076727,2024-02-01,2024-04-30,trimestral,,,2,n<3
50076727,2024-03-01,2024-05-31,trimestral,,,2,n<3
50076727,2024-04-01,2024-06-30,trimestral,,,1,n<3
50076727,2024-05-01,2024-07-31,trimestral,,,2,n<3
50076727,2024-06-01,2024-08-31,trimestral,,,3,precio constante
50076727,2024-07-01,2024-09-30,trimestral,,,2,n<3
50076727,2024-08-01,2024-10-31,trimestral,,,1,n<3
50076727,2024-09-01,2024-11-30,trimestral,,,0,n<3
50076727,2024-10-01,2024-12-31,trimestral,,,0,n<3
50076727,2024-11-01,2025-01-31,trimestral,,,2,n<3
50076727,2024-12-01,2025-02-28,trimestral,,,2,n<3
50076727,2025-01-01,2025-03-31,trimestral,,,3,precio constante
50076727,2025-02-01,2025-04-30,trimestral,,,1,n<3
50076727,2025-03-01,2025-05-31,trimestral,,,2,n<3
50076727,2025-04-01,2025-06-30,trimestral,,,1,n<3
50076727,2025-05-01,2025-07-31,trimestral,,,1,n<3
50076727,2025-06-01,2025-08-31,trimestral,,,1,n<3
50076727,2025-07-01,2025-09-30,trimestral,,,1,n<3
50076727,2025-08-01,2025-10-31,trimestral,,,2,n<3
50076727,2025-09-01,2025-11-30,trimestral,,,2,n<3
50076727,2025-10-01,2025-12-31,trimestral,,,2,n<3
50076727,2025-11-01,2026-01-31,trimestral,,,3,precio constante
50076727,2025-12-01,2026-02-28,trimestral,,,4,precio constante
50076727,2024-01-01,2024-06-30,semestral,,,5,precio constante
50076727,2024-02-01,2024-07-31,semestral,,,4,precio constante
50076727,2024-03-01,2024-08-31,semestral,,,5,precio constante
50076727,2024-04-01,2024-09-30,semestral,,,3,precio constante
50076727,2024-05-01,2024-10-31,semestral,,,3,precio constante
50076727,2024-06-01,2024-11-30,semestral,,,3,precio constante
50076727,2024-07-01,2024-12-31,semestral,,,2,n<3
50076727,2024-08-01,2025-01-31,semestral,14.348690896082774,0.25036031292702154,3,valida
50076727,2024-09-01,2025-02-28,semestral,,,2,n<3
50076727,2024-10-01,2025-03-31,semestral,,,3,precio constante
50076727,2024-11-01,2025-04-30,semestral,,,3,precio constante
50076727,2024-12-01,2025-05-31,semestral,-4.316362732580958,0.11098254644355099,4,valida
50076727,2025-01-01,2025-06-30,semestral,-4.316362732580958,0.11098254644355099,4,valida
50076727,2025-02-01,2025-07-31,semestral,,,2,n<3
50076727,2025-03-01,2025-08-31,semestral,,,3,qty constante
50076727,2025-04-01,2025-09-30,semestral,,,2,n<3
50076727,2025-05-01,2025-10-31,semestral,,,3,precio constante
50076727,2025-06-01,2025-11-30,semestral,,,3,precio constante
50076727,2025-07-01,2025-12-31,semestral,,,3,precio constante
50076727,2025-08-01,2026-01-31,semestral,,,5,precio constante
50076727,2025-09-01,2026-02-28,semestral,,,6,precio constante
50076728,2024-04-01,2024-04-30,mensual,,,1,n<3
50076728,2024-05-01,2024-05-31,mensual,,,1,n<3
50076728,2024-06-01,2024-06-30,mensual,,,0,n<3
50076728,2024-07-01,2024-07-31,mensual,,,2,n<3
50076728,2024-08-01,2024-08-31,mensual,,,1,n<3
50076728,2024-09-01,2024-09-30,mensual,,,1,n<3
50076728,2024-10-01,2024-10-31,mensual,,,0,n<3
50076728,2024-11-01,2024-11-30,mensual,,,0,n<3
50076728,2024-12-01,2024-12-31,mensual,,,0,n<3
50076728,2025-01-01,2025-01-31,mensual,,,1,n<3
50076728,2025-02-01,2025-02-28,mensual,,,0,n<3
50076728,2025-03-01,2025-03-31,mensual,,,0,n<3
50076728,2025-04-01,2025-04-30,mensual,,,0,n<3
50076728,2025-05-01,2025-05-31,mensual,,,0,n<3
50076728,2025-06-01,2025-06-30,mensual,,,0,n<3
50076728,2025-07-01,2025-07-31,mensual,,,0,n<3
50076728,2025-08-01,2025-08-31,mensual,,,0,n<3
50076728,2025-09-01,2025-09-30,mensual,,,0,n<3
50076728,2025-10-01,2025-10-31,mensual,,,1,n<3
50076728,2025-11-01,2025-11-30,mensual,,,1,n<3
50076728,2024-04-01,2024-06-30,trimestral,,,2,n<3
50076728,2024-05-01,2024-07-31,trimestral,,,3,precio constante
50076728,2024-06-01,2024-08-31,trimestral,,,3,precio constante
50076728,2024-07-01,2024-09-30,trimestral,,,4,precio constante
50076728,2024-08-01,2024-10-31,trimestral,,,2,n<3
50076728,2024-09-01,2024-11-30,trimestral,,,1,n<3
50076728,2024-10-01,2024-12-31,trimestral,,,0,n<3
50076728,2024-11-01,2025-01-31,trimestral,,,1,n<3
50076728,2024-12-01,2025-02-28,trimestral,,,1,n<3
50076728,2025-01-01,2025-03-31,trimestral,,,1,n<3
50076728,2025-02-01,2025-04-30,trimestral,,,0,n<3
50076728,2025-03-01,2025-05-31,trimestral,,,0,n<3
50076728,2025-04-01,2025-06-30,trimestral,,,0,n<3
50076728,2025-05-01,2025-07-31,trimestral,,,0,n<3
50076728,2025-06-01,2025-08-31,trimestral,,,0,n<3
50076728,2025-07-01,2025-09-30,trimestral,,,0,n<3
50076728,2025-08-01,2025-10-31,trimestral,,,1,n<3
50076728,2025-09-01,2025-11-30,trimestral,,,2,n<3
50076728,2024-04-01,2024-09-30,semestral,,,6,precio constante
50076728,2024-05-01,2024-10-31,semestral,,,5,precio constante
50076728,2024-06-01,2024-11-30,semestral,,,4,precio constante
50076728,2024-07-01,2024-12-31,semestral,,,4,precio constante
50076728,2024-08-01,2025-01-31,semestral,,,3,qty constante
50076728,2024-09-01,2025-02-28,semestral,,,2,n<3
50076728,2024-10-01,2025-03-31,semestral,,,1,n<3
50076728,2024-11-01,2025-04-30,semestral,,,1,n<3
50076728,2024-12-01,2025-05-31,semestral,,,1,n<3
50076728,2025-01-01,2025-06-30,semestral,,,1,n<3
50076728,2025-02-01,2025-07-31,semestral,,,0,n<3
50076728,2025-03-01,2025-08-31,semestral,,,0,n<3
50076728,2025-04-01,2025-09-30,semestral,,,0,n<3
50076728,2025-05-01,2025-10-31,semestral,,,1,n<3
50076728,2025-06-01,2025-11-30,semestral,,,2,n<3
50076729,2024-05-01,2024-05-31,mensual,,,1,n<3
50076729,2024-06-01,2024-06-30,mensual,,,2,n<3
50076729,2024-07-01,2024-07-31,mensual,,,1,n<3
50076729,2024-08-01,2024-08-31,mensual,,,3,qty constante
50076729,2024-09-01,2024-09-30,mensual,,,0,n<3
50076729,2024-10-01,2024-10-31,mensual,,,0,n<3
50076729,2024-11-01,2024-11-30,mensual,,,1,n<3
50076729,2024-12-01,2024-12-31,mensual,,,0,n<3
50076729,2025-01-01,2025-01-31,mensual,,,1,n<3
50076729,2025-02-01,2025-02-28,mensual,,,2,n<3
50076729,2025-03-01,2025-03-31,mensual,,,0,n<3
50076729,2025-04-01,2025-04-30,mensual,,,0,n<3
50076729,2025-05-01,2025-05-31,mensual,,,0,n<3
50076729,2025-06-01,2025-06-30,mensual,,,0,n<3
50076729,2025-07-01,2025-07-31,mensual,,,1,n<3
50076729,2025-08-01,2025-08-31,mensual,,,0,n<3
50076729,2025-09-01,2025-09-30,mensual,,,0,n<3
50076729,2025-10-01,2025-10-31,mensual,,,0,n<3
50076729,2025-11-01,2025-11-30,mensual,,,0,n<3
50076729,2025-12-01,2025-12-31,mensual,,,3,precio constante
50076729,2026-01-01,2026-01-31,mensual,,,0,n<3
50076729,2026-02-01,2026-02-28,mensual,,,0,n<3
50076729,2026-03-01,2026-03-31,mensual,,,1,n<3
50076729,2024-05-01,2024-07-31,trimestral,,,4,qty constante
50076729,2024-06-01,2024-08-31,trimestral,,,6,qty constante
50076729,2024-07-01,2024-09-30,trimestral,,,4,qty constante
50076729,2024-08-01,2024-10-31,trimestral,,,3,qty constante
50076729,2024-09-01,2024-11-30,trimestral,,,1,n<3
50076729,2024-10-01,2024-12-31,trimestral,,,1,n<3
50076729,2024-11-01,2025-01-31,trimestral,,,2,n<3
50076729,2024-12-01,2025-02-28,trimestral,,,3,qty constante
50076729,2025-01-01,2025-03-31,trimestral,,,3,qty constante
50076729,2025-02-01,2025-04-30,trimestral,,,2,n<3
50076729,2025-03-01,2025-05-31,trimestral,,,0,n<3
50076729,2025-04-01,2025-06-30,trimestral,,,0,n<3
50076729,2025-05-01,2025-07-31,trimestral,,,1,n<3
50076729,2025-06-01,2025-08-31,trimestral,,,1,n<3
50076729,2025-07-01,2025-09-30,trimestral,,,1,n<3
50076729,2025-08-01,2025-10-31,trimestral,,,0,n<3
50076729,2025-09-01,2025-11-30,trimestral,,,0,n<3
50076729,2025-10-01,2025-12-31,trimestral,,,3,precio constante
50076729,2025-11-01,2026-01-31,trimestral,,,3,precio constante
50076729,2025-12-01,2026-02-28,trimestral,,,3,precio constante
50076729,2026-01-01,2026-03-31,trimestral,,,1,n<3
50076729,2024-05-01,2024-10-31,semestral,,,7,qty constante
50076729,2024-06-01,2024-11-30,semestral,,,7,qty constante
50076729,2024-07-01,2024-12-31,semestral,,,5,qty constante
50076729,2024-08-01,2025-01-31,semestral,,,5,qty constante
50076729,2024-09-01,2025-02-28,semestral,,,4,qty constante
50076729,2024-10-01,2025-03-31,semestral,,,4,qty constante
50076729,2024-11-01,2025-04-30,semestral,,,4,qty constante
50076729,2024-12-01,2025-05-31,semestral,,,3,qty constante
50076729,2025-01-01,2025-06-30,semestral,,,3,qty constante
50076729,2025-02-01,2025-07-31,semestral,,,3,qty constante
50076729,2025-03-01,2025-08-31,semestral,,,1,n<3
50076729,2025-04-01,2025-09-30,semestral,,,1,n<3
50076729,2025-05-01,2025-10-31,semestral,,,1,n<3
50076729,2025-06-01,2025-11-30,semestral,,,1,n<3
50076729,2025-07-01,2025-12-31,semestral,,,4,precio constante
50076729,2025-08-01,2026-01-31,semestral,,,3,precio constante
50076729,2025-09-01,2026-02-28,semestral,,,3,precio constante
50076729,2025-10-01,2026-03-31,semestral,,,4,precio constante
50076734,2024-02-01,2024-02-29,mensual,,,1,n<3
50076734,2024-03-01,2024-03-31,mensual,,,1,n<3
50076734,2024-04-01,2024-04-30,mensual,,,0,n<3
50076734,2024-05-01,2024-05-31,mensual,,,0,n<3
50076734,2024-06-01,2024-06-30,mensual,,,0,n<3
50076734,2024-07-01,2024-07-31,mensual,,,0,n<3
50076734,2024-08-01,2024-08-31,mensual,,,1,n<3
50076734,2024-09-01,2024-09-30,mensual,,,1,n<3
50076734,2024-10-01,2024-10-31,mensual,,,0,n<3
50076734,2024-11-01,2024-11-30,mensual,,,0,n<3
50076734,2024-12-01,2024-12-31,mensual,,,0,n<3
50076734,2025-01-01,2025-01-31,mensual,,,0,n<3
50076734,2025-02-01,2025-02-28,mensual,,,0,n<3
50076734,2025-03-01,2025-03-31,mensual,,,1,n<3
50076734,2024-02-01,2024-04-30,trimestral,,,2,n<3
50076734,2024-03-01,2024-05-31,trimestral,,,1,n<3
50076734,2024-04-01,2024-06-30,trimestral,,,0,n<3
50076734,2024-05-01,2024-07-31,trimestral,,,0,n<3
50076734,2024-06-01,2024-08-31,trimestral,,,1,n<3
50076734,2024-07-01,2024-09-30,trimestral,,,2,n<3
50076734,2024-08-01,2024-10-31,trimestral,,,2,n<3
50076734,2024-09-01,2024-11-30,trimestral,,,1,n<3
50076734,2024-10-01,2024-12-31,trimestral,,,0,n<3
50076734,2024-11-01,2025-01-31,trimestral,,,0,n<3
50076734,2024-12-01,2025-02-28,trimestral,,,0,n<3
50076734,2025-01-01,2025-03-31,trimestral,,,1,n<3
50076734,2024-02-01,2024-07-31,semestral,,,2,n<3
50076734,2024-03-01,2024-08-31,semestral,,,2,n<3
50076734,2024-04-01,2024-09-30,semestral,,,2,n<3
50076734,2024-05-01,2024-10-31,semestral,,,2,n<3
50076734,2024-06-01,2024-11-30,semestral,,,2,n<3
50076734,2024-07-01,2024-12-31,semestral,,,2,n<3
50076734,2024-08-01,2025-01-31,semestral,,,2,n<3
50076734,2024-09-01,2025-02-28,semestral,,,1,n<3
50076734,2024-10-01,2025-03-31,semestral,,,1,n<3
50076735,2024-02-01,2024-02-29,mensual,,,1,n<3
50076735,2024-03-01,2024-03-31,mensual,,,1,n<3
50076735,2024-04-01,2024-04-30,mensual,,,0,n<3
50076735,2024-05-01,2024-05-31,mensual,,,0,n<3
50076735,2024-06-01,2024-06-30,mensual,,,2,n<3
50076735,2024-07-01,2024-07-31,mensual,,,0,n<3
50076735,2024-08-01,2024-08-31,mensual,,,0,n<3
50076735,2024-09-01,2024-09-30,mensual,,,0,n<3
50076735,2024-10-01,2024-10-31,mensual,,,0,n<3
50076735,2024-11-01,2024-11-30,mensual,,,1,n<3
50076735,2024-12-01,2024-12-31,mensual,,,0,n<3
50076735,2025-01-01,2025-01-31,mensual,,,0,n<3
50076735,2025-02-01,2025-02-28,mensual,,,0,n<3
50076735,2025-03-01,2025-03-31,mensual,,,0,n<3
50076735,2025-04-01,2025-04-30,mensual,,,1,n<3
50076735,2025-05-01,2025-05-31,mensual,,,0,n<3
50076735,2025-06-01,2025-06-30,mensual,,,1,n<3
50076735,2024-02-01,2024-04-30,trimestral,,,2,n<3
50076735,2024-03-01,2024-05-31,trimestral,,,1,n<3
50076735,2024-04-01,2024-06-30,trimestral,,,2,n<3
50076735,2024-05-01,2024-07-31,trimestral,,,2,n<3
50076735,2024-06-01,2024-08-31,trimestral,,,2,n<3
50076735,2024-07-01,2024-09-30,trimestral,,,0,n<3
50076735,2024-08-01,2024-10-31,trimestral,,,0,n<3
50076735,2024-09-01,2024-11-30,trimestral,,,1,n<3
50076735,2024-10-01,2024-12-31,trimestral,,,1,n<3
50076735,2024-11-01,2025-01-31,trimestral,,,1,n<3
50076735,2024-12-01,2025-02-28,trimestral,,,0,n<3
50076735,2025-01-01,2025-03-31,trimestral,,,0,n<3
50076735,2025-02-01,2025-04-30,trimestral,,,1,n<3
50076735,2025-03-01,2025-05-31,trimestral,,,1,n<3
50076735,2025-04-01,2025-06-30,trimestral,,,2,n<3
50076735,2024-02-01,2024-07-31,semestral,,,4,qty constante
50076735,2024-03-01,2024-08-31,semestral,,,3,qty constante
50076735,2024-04-01,2024-09-30,semestral,,,2,n<3
50076735,2024-05-01,2024-10-31,semestral,,,2,n<3
50076735,2024-06-01,2024-11-30,semestral,,,3,qty constante
50076735,2024-07-01,2024-12-31,semestral,,,1,n<3
50076735,2024-08-01,2025-01-31,semestral,,,1,n<3
50076735,2024-09-01,2025-02-28,semestral,,,1,n<3
50076735,2024-10-01,2025-03-31,semestral,,,1,n<3
50076735,2024-11-01,2025-04-30,semestral,,,2,n<3
50076735,2024-12-01,2025-05-31,semestral,,,1,n<3
50076735,2025-01-01,2025-06-30,semestral,,,2,n<3
50076740,2024-07-01,2024-07-31,mensual,,,2,n<3
50076740,2024-08-01,2024-08-31,mensual,,,2,n<3
50076740,2024-09-01,2024-09-30,mensual,,,0,n<3
50076740,2024-10-01,2024-10-31,mensual,,,0,n<3
50076740,2024-11-01,2024-11-30,mensual,,,0,n<3
50076740,2024-12-01,2024-12-31,mensual,,,1,n<3
50076740,2025-01-01,2025-01-31,mensual,,,2,n<3
50076740,2025-02-01,2025-02-28,mensual,,,0,n<3
50076740,2025-03-01,2025-03-31,mensual,,,1,n<3
50076740,2025-04-01,2025-04-30,mensual,,,1,n<3
50076740,2025-05-01,2025-05-31,mensual,,,1,n<3
50076740,2024-07-01,2024-09-30,trimestral,,,4,qty constante
50076740,2024-08-01,2024-10-31,trimestral,,,2,n<3
50076740,2024-09-01,2024-11-30,trimestral,,,0,n<3
50076740,2024-10-01,2024-12-31,trimestral,,,1,n<3
50076740,2024-11-01,2025-01-31,trimestral,,,3,qty constante
50076740,2024-12-01,2025-02-28,trimestral,,,3,qty constante
50076740,2025-01-01,2025-03-31,trimestral,,,3,precio constante
50076740,2025-02-01,2025-04-30,trimestral,,,2,n<3
50076740,2025-03-01,2025-05-31,trimestral,,,3,precio constante
50076740,2024-07-01,2024-12-31,semestral,,,5,qty constante
50076740,2024-08-01,2025-01-31,semestral,,,5,qty constante
50076740,2024-09-01,2025-02-28,semestral,,,3,qty constante
50076740,2024-10-01,2025-03-31,semestral,,,4,qty constante
50076740,2024-11-01,2025-04-30,semestral,,,5,qty constante
50076740,2024-12-01,2025-05-31,semestral,,,6,qty constante
50076741,2024-07-01,2024-07-31,mensual,,,1,n<3
50076741,2024-08-01,2024-08-31,mensual,,,0,n<3
50076741,2024-09-01,2024-09-30,mensual,,,0,n<3
50076741,2024-10-01,2024-10-31,mensual,,,0,n<3
50076741,2024-11-01,2024-11-30,mensual,,,1,n<3
50076741,2024-12-01,2024-12-31,mensual,,,0,n<3
50076741,2025-01-01,2025-01-31,mensual,,,1,n<3
50076741,2025-02-01,2025-02-28,mensual,,,0,n<3
50076741,2025-03-01,2025-03-31,mensual,,,1,n<3
50076741,2024-07-01,2024-09-30,trimestral,,,1,n<3
50076741,2024-08-01,2024-10-31,trimestral,,,0,n<3
50076741,2024-09-01,2024-11-30,trimestral,,,1,n<3
50076741,2024-10-01,2024-12-31,trimestral,,,1,n<3
50076741,2024-11-01,2025-01-31,trimestral,,,2,n<3
50076741,2024-12-01,2025-02-28,trimestral,,,1,n<3
50076741,2025-01-01,2025-03-31,trimestral,,,2,n<3
50076741,2024-07-01,2024-12-31,semestral,,,2,n<3
50076741,2024-08-01,2025-01-31,semestral,,,2,n<3
50076741,2024-09-01,2025-02-28,semestral,,,2,n<3
50076741,2024-10-01,2025-03-31,semestral,,,3,precio constante
50076743,2024-01-01,2024-01-31,mensual,,,3,precio constante
50076743,2024-02-01,2024-02-29,mensual,,,1,n<3
50076743,2024-03-01,2024-03-31,mensual,,,0,n<3
50076743,2024-04-01,2024-04-30,mensual,,,0,n<3
50076743,2024-05-01,2024-05-31,mensual,,,1,n<3
50076743,2024-06-01,2024-06-30,mensual,,,0,n<3
50076743,2024-07-01,2024-07-31,mensual,,,0,n<3
50076743,2024-08-01,2024-08-31,mensual,,,1,n<3
50076743,2024-09-01,2024-09-30,mensual,,,3,precio constante
50076743,2024-10-01,2024-10-31,mensual,,,0,n<3
50076743,2024-11-01,2024-11-30,mensual,,,0,n<3
50076743,2024-12-01,2024-12-31,mensual,,,0,n<3
50076743,2025-01-01,2025-01-31,mensual,,,0,n<3
50076743,2025-02-01,2025-02-28,mensual,,,0,n<3
50076743,2025-03-01,2025-03-31,mensual,,,0,n<3
50076743,2025-04-01,2025-04-30,mensual,,,0,n<3
50076743,2025-05-01,2025-05-31,mensual,,,0,n<3
50076743,2025-06-01,2025-06-30,mensual,,,1,n<3
50076743,2025-07-01,2025-07-31,mensual,,,0,n<3
50076743,2025-08-01,2025-08-31,mensual,,,1,n<3
50076743,2024-01-01,2024-03-31,trimestral,,,4,precio constante
50076743,2024-02-01,2024-04-30,trimestral,,,1,n<3
50076743,2024-03-01,2024-05-31,trimestral,,,1,n<3
50076743,2024-04-01,2024-06-30,trimestral,,,1,n<3
50076743,2024-05-01,2024-07-31,trimestral,,,1,n<3
50076743,2024-06-01,2024-08-31,trimestral,,,1,n<3
50076743,2024-07-01,2024-09-30,trimestral,,,4,precio constante
50076743,2024-08-01,2024-10-31,trimestral,,,4,precio constante
50076743,2024-09-01,2024-11-30,trimestral,,,3,precio constante
50076743,2024-10-01,2024-12-31,trimestral,,,0,n<3
50076743,2024-11-01,2025-01-31,trimestral,,,0,n<3
50076743,2024-12-01,2025-02-28,trimestral,,,0,n<3
50076743,2025-01-01,2025-03-31,trimestral,,,0,n<3
50076743,2025-02-01,2025-04-30,trimestral,,,0,n<3
50076743,2025-03-01,2025-05-31,trimestral,,,0,n<3
50076743,2025-04-01,2025-06-30,trimestral,,,1,n<3
50076743,2025-05-01,2025-07-31,trimestral,,,1,n<3
50076743,2025-06-01,2025-08-31,trimestral,,,2,n<3
50076743,2024-01-01,2024-06-30,semestral,,,5,precio constante
50076743,2024-02-01,2024-07-31,semestral,,,2,n<3
50076743,2024-03-01,2024-08-31,semestral,,,2,n<3
50076743,2024-04-01,2024-09-30,semestral,,,5,precio constante
50076743,2024-05-01,2024-10-31,semestral,,,5,precio constante
50076743,2024-06-01,2024-11-30,semestral,,,4,precio constante
50076743,2024-07-01,2024-12-31,semestral,,,4,precio constante
50076743,2024-08-01,2025-01-31,semestral,,,4,precio constante
50076743,2024-09-01,2025-02-28,semestral,,,3,precio constante
50076743,2024-10-01,2025-03-31,semestral,,,0,n<3
50076743,2024-11-01,2025-04-30,semestral,,,0,n<3
50076743,2024-12-01,2025-05-31,semestral,,,0,n<3
50076743,2025-01-01,2025-06-30,semestral,,,1,n<3
50076743,2025-02-01,2025-07-31,semestral,,,1,n<3
50076743,2025-03-01,2025-08-31,semestral,,,2,n<3
50076744,2024-05-01,2024-05-31,mensual,,,1,n<3
50076744,2024-06-01,2024-06-30,mensual,,,0,n<3
50076744,2024-07-01,2024-07-31,mensual,,,1,n<3
50076744,2024-08-01,2024-08-31,mensual,,,0,n<3
50076744,2024-09-01,2024-09-30,mensual,,,0,n<3
50076744,2024-10-01,2024-10-31,mensual,,,0,n<3
50076744,2024-11-01,2024-11-30,mensual,,,0,n<3
50076744,2024-12-01,2024-12-31,mensual,,,1,n<3
50076744,2025-01-01,2025-01-31,mensual,,,0,n<3
50076744,2025-02-01,2025-02-28,mensual,,,0,n<3
50076744,2025-03-01,2025-03-31,mensual,,,0,n<3
50076744,2025-04-01,2025-04-30,mensual,,,0,n<3
50076744,2025-05-01,2025-05-31,mensual,,,0,n<3
50076744,2025-06-01,2025-06-30,mensual,,,1,n<3
50076744,2025-07-01,2025-07-31,mensual,,,0,n<3
50076744,2025-08-01,2025-08-31,mensual,,,0,n<3
50076744,2025-09-01,2025-09-30,mensual,,,0,n<3
50076744,2025-10-01,2025-10-31,mensual,,,0,n<3
50076744,2025-11-01,2025-11-30,mensual,,,0,n<3
50076744,2025-12-01,2025-12-31,mensual,,,1,n<3
50076744,2026-01-01,2026-01-31,mensual,,,1,n<3
50076744,2024-05-01,2024-07-31,trimestral,,,2,n<3
50076744,2024-06-01,2024-08-31,trimestral,,,1,n<3
50076744,2024-07-01,2024-09-30,trimestral,,,1,n<3
50076744,2024-08-01,2024-10-31,trimestral,,,0,n<3
50076744,2024-09-01,2024-11-30,trimestral,,,0,n<3
50076744,2024-10-01,2024-12-31,trimestral,,,1,n<3
50076744,2024-11-01,2025-01-31,trimestral,,,1,n<3
50076744,2024-12-01,2025-02-28,trimestral,,,1,n<3
50076744,2025-01-01,2025-03-31,trimestral,,,0,n<3
50076744,2025-02-01,2025-04-30,trimestral,,,0,n<3
50076744,2025-03-01,2025-05-31,trimestral,,,0,n<3
50076744,2025-04-01,2025-06-30,trimestral,,,1,n<3
50076744,2025-05-01,2025-07-31,trimestral,,,1,n<3
50076744,2025-06-01,2025-08-31,trimestral,,,1,n<3
50076744,2025-07-01,2025-09-30,trimestral,,,0,n<3
50076744,2025-08-01,2025-10-31,trimestral,,,0,n<3
50076744,2025-09-01,2025-11-30,trimestral,,,0,n<3
50076744,2025-10-01,2025-12-31,trimestral,,,1,n<3
50076744,2025-11-01,2026-01-31,trimestral,,,2,n<3
50076744,2024-05-01,2024-10-31,semestral,,,2,n<3
50076744,2024-06-01,2024-11-30,semestral,,,1,n<3
50076744,2024-07-01,2024-12-31,semestral,,,2,n<3
50076744,2024-08-01,2025-01-31,semestral,,,1,n<3
50076744,2024-09-01,2025-02-28,semestral,,,1,n<3
50076744,2024-10-01,2025-03-31,semestral,,,1,n<3
50076744,2024-11-01,2025-04-30,semestral,,,1,n<3
50076744,2024-12-01,2025-05-31,semestral,,,1,n<3
50076744,2025-01-01,2025-06-30,semestral,,,1,n<3
50076744,2025-02-01,2025-07-31,semestral,,,1,n<3
50076744,2025-03-01,2025-08-31,semestral,,,1,n<3
50076744,2025-04-01,2025-09-30,semestral,,,1,n<3
50076744,2025-05-01,2025-10-31,semestral,,,1,n<3
50076744,2025-06-01,2025-11-30,semestral,,,1,n<3
50076744,2025-07-01,2025-12-31,semestral,,,1,n<3
50076744,2025-08-01,2026-01-31,semestral,,,2,n<3
50076758,2024-01-01,2024-01-31,mensual,,,1,n<3
50076758,2024-02-01,2024-02-29,mensual,,,0,n<3
50076758,2024-03-01,2024-03-31,mensual,,,0,n<3
50076758,2024-04-01,2024-04-30,mensual,,,0,n<3
50076758,2024-05-01,2024-05-31,mensual,,,0,n<3
50076758,2024-06-01,2024-06-30,mensual,,,1,n<3
50076758,2024-07-01,2024-07-31,mensual,,,0,n<3
50076758,2024-08-01,2024-08-31,mensual,,,1,n<3
50076758,2024-09-01,2024-09-30,mensual,,,0,n<3
50076758,2024-10-01,2024-10-31,mensual,,,1,n<3
50076758,2024-01-01,2024-03-31,trimestral,,,1,n<3
50076758,2024-02-01,2024-04-30,trimestral,,,0,n<3
50076758,2024-03-01,2024-05-31,trimestral,,,0,n<3
50076758,2024-04-01,2024-06-30,trimestral,,,1,n<3
50076758,2024-05-01,2024-07-31,trimestral,,,1,n<3
50076758,2024-06-01,2024-08-31,trimestral,,,2,n<3
50076758,2024-07-01,2024-09-30,trimestral,,,1,n<3
50076758,2024-08-01,2024-10-31,trimestral,,,2,n<3
50076758,2024-01-01,2024-06-30,semestral,,,2,n<3
50076758,2024-02-01,2024-07-31,semestral,,,1,n<3
50076758,2024-03-01,2024-08-31,semestral,,,2,n<3
50076758,2024-04-01,2024-09-30,semestral,,,2,n<3
50076758,2024-05-01,2024-10-31,semestral,,,3,qty constante
50076759,2024-03-01,2024-03-31,mensual,,,1,n<3
50076759,2024-04-01,2024-04-30,mensual,,,0,n<3
50076759,2024-05-01,2024-05-31,mensual,,,0,n<3
50076759,2024-06-01,2024-06-30,mensual,,,0,n<3
50076759,2024-07-01,2024-07-31,mensual,,,0,n<3
50076759,2024-08-01,2024-08-31,mensual,,,0,n<3
50076759,2024-09-01,2024-09-30,mensual,,,1,n<3
50076759,2024-10-01,2024-10-31,mensual,,,0,n<3
50076759,2024-11-01,2024-11-30,mensual,,,1,n<3
50076759,2024-03-01,2024-05-31,trimestral,,,1,n<3
50076759,2024-04-01,2024-06-30,trimestral,,,0,n<3
50076759,2024-05-01,2024-07-31,trimestral,,,0,n<3
50076759,2024-06-01,2024-08-31,trimestral,,,0,n<3
50076759,2024-07-01,2024-09-30,trimestral,,,1,n<3
50076759,2024-08-01,2024-10-31,trimestral,,,1,n<3
50076759,2024-09-01,2024-11-30,trimestral,,,2,n<3
50076759,2024-03-01,2024-08-31,semestral,,,1,n<3
50076759,2024-04-01,2024-09-30,semestral,,,1,n<3
50076759,2024-05-01,2024-10-31,semestral,,,1,n<3
50076759,2024-06-01,2024-11-30,semestral,,,2,n<3
50076768,2024-02-01,2024-02-29,mensual,,,1,n<3
50076768,2024-03-01,2024-03-31,mensual,,,0,n<3
50076768,2024-04-01,2024-04-30,mensual,,,0,n<3
50076768,2024-05-01,2024-05-31,mensual,,,1,n<3
50076768,2024-06-01,2024-06-30,mensual,,,0,n<3
50076768,2024-07-01,2024-07-31,mensual,,,0,n<3
50076768,2024-08-01,2024-08-31,mensual,,,2,n<3
50076768,2024-09-01,2024-09-30,mensual,,,2,n<3
50076768,2024-10-01,2024-10-31,mensual,,,0,n<3
50076768,2024-11-01,2024-11-30,mensual,,,0,n<3
50076768,2024-12-01,2024-12-31,mensual,,,0,n<3
50076768,2025-01-01,2025-01-31,mensual,,,0,n<3
50076768,2025-02-01,2025-02-28,mensual,,,1,n<3
50076768,2024-02-01,2024-04-30,trimestral,,,1,n<3
50076768,2024-03-01,2024-05-31,trimestral,,,1,n<3
50076768,2024-04-01,2024-06-30,trimestral,,,1,n<3
50076768,2024-05-01,2024-07-31,trimestral,,,1,n<3
50076768,2024-06-01,2024-08-31,trimestral,,,2,n<3
50076768,2024-07-01,2024-09-30,trimestral,-3.231731814239833,0.11111111111111105,4,valida
50076768,2024-08-01,2024-10-31,trimestral,-3.231731814239833,0.11111111111111105,4,valida
50076768,2024-09-01,2024-11-30,trimestral,,,2,n<3
50076768,2024-10-01,2024-12-31,trimestral,,,0,n<3
50076768,2024-11-01,2025-01-31,trimestral,,,0,n<3
50076768,2024-12-01,2025-02-28,trimestral,,,1,n<3
50076768,2024-02-01,2024-07-31,semestral,,,2,n<3
50076768,2024-03-01,2024-08-31,semestral,,,3,precio constante
50076768,2024-04-01,2024-09-30,semestral,-6.265429164147993,0.15356049614077605,5,valida
50076768,2024-05-01,2024-10-31,semestral,-6.265429164147993,0.15356049614077605,5,valida
50076768,2024-06-01,2024-11-30,semestral,-3.231731814239833,0.11111111111111105,4,valida
50076768,2024-07-01,2024-12-31,semestral,-3.231731814239833,0.11111111111111105,4,valida
50076768,2024-08-01,2025-01-31,semestral,-3.231731814239833,0.11111111111111105,4,valida
50076768,2024-09-01,2025-02-28,semestral,-4.847597721359331,0.2500000000000001,3,valida
50076882,2024-01-01,2024-01-31,mensual,,,8,precio constante
50076882,2024-02-01,2024-02-29,mensual,-2.4757543423871007,0.008920658789192903,15,valida
50076882,2024-03-01,2024-03-31,mensual,-4.402215527425855,0.052758341040342716,14,valida
50076882,2024-04-01,2024-04-30,mensual,,,10,precio constante
50076882,2024-05-01,2024-05-31,mensual,,,13,precio constante
50076882,2024-06-01,2024-06-30,mensual,,,13,precio constante
50076882,2024-07-01,2024-07-31,mensual,,,12,precio constante
50076882,2024-08-01,2024-08-31,mensual,0.5104185217471172,0.03852604097670487,20,valida
50076882,2024-09-01,2024-09-30,mensual,,,6,precio constante
50076882,2024-10-01,2024-10-31,mensual,4.821760285149989,0.10795064062215498,9,valida
50076882,2024-11-01,2024-11-30,mensual,,,3,precio constante
50076882,2024-12-01,2024-12-31,mensual,,,8,precio constante
50076882,2025-01-01,2025-01-31,mensual,,,4,precio constante
50076882,2025-02-01,2025-02-28,mensual,,,1,n<3
50076882,2025-03-01,2025-03-31,mensual,,,0,n<3
50076882,2025-04-01,2025-04-30,mensual,,,6,precio constante
50076882,2025-05-01,2025-05-31,mensual,,,14,precio constante
50076882,2025-06-01,2025-06-30,mensual,,,10,precio constante
50076882,2025-07-01,2025-07-31,mensual,,,5,precio constante
50076882,2025-08-01,2025-08-31,mensual,0.19848868824871216,0.02475814547169719,17,valida
50076882,2025-09-01,2025-09-30,mensual,9.696215722626777,1.0,12,valida
50076882,2025-10-01,2025-10-31,mensual,,,2,n<3
50076882,2025-11-01,2025-11-30,mensual,,,3,precio constante
50076882,2025-12-01,2025-12-31,mensual,,,2,n<3
50076882,2026-01-01,2026-01-31,mensual,,,12,precio constante
50076882,2026-02-01,2026-02-28,mensual,,,6,qty constante
50076882,2026-03-01,2026-03-31,mensual,,,9,precio constante
50076882,2026-04-01,2026-04-30,mensual,,,13,precio constante
50076882,2024-01-01,2024-03-31,trimestral,-2.981849389856492,0.018348514842905117,37,valida
50076882,2024-02-01,2024-04-30,trimestral,-2.925211823140254,0.01650278123422233,39,valida
50076882,2024-03-01,2024-05-31,trimestral,-2.27334929732904,0.010625263236521798,37,valida
50076882,2024-04-01,2024-06-30,trimestral,,,36,precio constante
50076882,2024-05-01,2024-07-31,trimestral,,,38,precio constante
50076882,2024-06-01,2024-08-31,trimestral,0.5884278155763076,0.014940599848066838,45,valida
50076882,2024-07-01,2024-09-30,trimestral,0.5735461734264486,0.018137710928927686,38,valida
50076882,2024-08-01,2024-10-31,trimestral,0.6055630171458389,0.02166724780211282,35,valida
50076882,2024-09-01,2024-11-30,trimestral,-0.4185523767287303,0.0012948220240189823,18,valida
50076882,2024-10-01,2024-12-31,trimestral,5.716761765173685,0.13636778203006528,20,valida
50076882,2024-11-01,2025-01-31,trimestral,,,15,precio constante
50076882,2024-12-01,2025-02-28,trimestral,,,13,precio constante
50076882,2025-01-01,2025-03-31,trimestral,,,5,precio constante
50076882,2025-02-01,2025-04-30,trimestral,,,7,qty constante
50076882,2025-03-01,2025-05-31,trimestral,1.2800712241776628,0.07569051920775804,20,valida
50076882,2025-04-01,2025-06-30,trimestral,1.888160498848528,0.07278118764590136,30,valida
50076882,2025-05-01,2025-07-31,trimestral,,,29,precio constante
50076882,2025-06-01,2025-08-31,trimestral,0.7266690247460856,0.03333340806528695,32,valida
50076882,2025-07-01,2025-09-30,trimestral,0.49027597810896745,0.021788711864281107,34,valida
50076882,2025-08-01,2025-10-31,trimestral,0.3124941407449877,0.03761894949444278,31,valida
50076882,2025-09-01,2025-11-30,trimestral,8.135985156441578,0.09567287729251128,17,valida
50076882,2025-10-01,2025-12-31,trimestral,,,7,precio constante
50076882,2025-11-01,2026-01-31,trimestral,,,17,precio constante
50076882,2025-12-01,2026-02-28,trimestral,0.806984809449347,0.002791230921037946,20,valida
50076882,2026-01-01,2026-03-31,trimestral,0.993121672338477,0.0029908510635617835,27,valida
50076882,2026-02-01,2026-04-30,trimestral,1.2643471427611777,0.0044142065826501264,28,valida
50076882,2024-01-01,2024-06-30,semestral,-2.2611071315437408,0.007450201701602377,73,valida
50076882,2024-02-01,2024-07-31,semestral,-2.4434548486662186,0.0074960888630191125,77,valida
50076882,2024-03-01,2024-08-31,semestral,0.4165226792464094,0.004245072218582724,82,valida
50076882,2024-04-01,2024-09-30,semestral,0.47746299217119925,0.007412030887079757,74,valida
50076882,2024-05-01,2024-10-31,semestral,0.44814565100685577,0.0061772349387270165,73,valida
50076882,2024-06-01,2024-11-30,semestral,0.4434940668556731,0.006092863726802178,63,valida
50076882,2024-07-01,2024-12-31,semestral,0.6720780036012959,0.016606881899338677,58,valida
50076882,2024-08-01,2025-01-31,semestral,0.6786843299888541,0.023830015760732293,50,valida
50076882,2024-09-01,2025-02-28,semestral,1.9767895323432656,0.03464934244476592,31,valida
50076882,2024-10-01,2025-03-31,semestral,6.2045362012719725,0.15703163050748792,25,valida
50076882,2024-11-01,2025-04-30,semestral,-3.3297383696553573,0.03735871189571449,22,valida
50076882,2024-12-01,2025-05-31,semestral,1.0889879992293472,0.13320849097062493,33,valida
50076882,2025-01-01,2025-06-30,semestral,1.688279819268323,0.10814562209189649,35,valida
50076882,2025-02-01,2025-07-31,semestral,2.015878309822484,0.05594556894708569,36,valida
50076882,2025-03-01,2025-08-31,semestral,0.7853696497339022,0.03670102966486566,52,valida
50076882,2025-04-01,2025-09-30,semestral,0.7490518659579193,0.03293312256608749,64,valida
50076882,2025-05-01,2025-10-31,semestral,0.6272856026827345,0.0207510934429167,60,valida
50076882,2025-06-01,2025-11-30,semestral,0.7301677263590354,0.022534537935607557,49,valida
50076882,2025-07-01,2025-12-31,semestral,0.5796990427473306,0.017836510168399267,41,valida
50076882,2025-08-01,2026-01-31,semestral,0.4930560930090952,0.014156629811429178,48,valida
50076882,2025-09-01,2026-02-28,semestral,3.2976759566076006,0.03019310299149569,37,valida
50076882,2025-10-01,2026-03-31,semestral,1.301294639742965,0.0028457990309038728,34,valida
50076882,2025-11-01,2026-04-30,semestral,1.516599457707342,0.0027583254388189316,45,valida
50076883,2024-03-01,2024-03-31,mensual,,,1,n<3
50076883,2024-04-01,2024-04-30,mensual,,,0,n<3
50076883,2024-05-01,2024-05-31,mensual,,,0,n<3
50076883,2024-06-01,2024-06-30,mensual,,,0,n<3
50076883,2024-07-01,2024-07-31,mensual,,,0,n<3
50076883,2024-08-01,2024-08-31,mensual,,,0,n<3
50076883,2024-09-01,2024-09-30,mensual,,,0,n<3
50076883,2024-10-01,2024-10-31,mensual,,,0,n<3
50076883,2024-11-01,2024-11-30,mensual,,,0,n<3
50076883,2024-12-01,2024-12-31,mensual,,,1,n<3
50076883,2024-03-01,2024-05-31,trimestral,,,1,n<3
50076883,2024-04-01,2024-06-30,trimestral,,,0,n<3
50076883,2024-05-01,2024-07-31,trimestral,,,0,n<3
50076883,2024-06-01,2024-08-31,trimestral,,,0,n<3
50076883,2024-07-01,2024-09-30,trimestral,,,0,n<3
50076883,2024-08-01,2024-10-31,trimestral,,,0,n<3
50076883,2024-09-01,2024-11-30,trimestral,,,0,n<3
50076883,2024-10-01,2024-12-31,trimestral,,,1,n<3
50076883,2024-03-01,2024-08-31,semestral,,,1,n<3
50076883,2024-04-01,2024-09-30,semestral,,,0,n<3
50076883,2024-05-01,2024-10-31,semestral,,,0,n<3
50076883,2024-06-01,2024-11-30,semestral,,,0,n<3
50076883,2024-07-01,2024-12-31,semestral,,,1,n<3
50076884,2024-01-01,2024-01-31,mensual,,,1,n<3
50076884,2024-02-01,2024-02-29,mensual,,,1,n<3
50076884,2024-03-01,2024-03-31,mensual,,,0,n<3
50076884,2024-04-01,2024-04-30,mensual,,,1,n<3
50076884,2024-05-01,2024-05-31,mensual,,,0,n<3
50076884,2024-06-01,2024-06-30,mensual,,,0,n<3
50076884,2024-07-01,2024-07-31,mensual,,,0,n<3
50076884,2024-08-01,2024-08-31,mensual,-1.9434022556848876,1.0,3,valida
50076884,2024-09-01,2024-09-30,mensual,,,0,n<3
50076884,2024-10-01,2024-10-31,mensual,,,0,n<3
50076884,2024-11-01,2024-11-30,mensual,,,0,n<3
50076884,2024-12-01,2024-12-31,mensual,,,0,n<3
50076884,2025-01-01,2025-01-31,mensual,,,0,n<3
50076884,2025-02-01,2025-02-28,mensual,,,0,n<3
50076884,2025-03-01,2025-03-31,mensual,,,0,n<3
50076884,2025-04-01,2025-04-30,mensual,,,1,n<3
50076884,2024-01-01,2024-03-31,trimestral,,,2,n<3
50076884,2024-02-01,2024-04-30,trimestral,,,2,n<3
50076884,2024-03-01,2024-05-31,trimestral,,,1,n<3
50076884,2024-04-01,2024-06-30,trimestral,,,1,n<3
50076884,2024-05-01,2024-07-31,trimestral,,,0,n<3
50076884,2024-06-01,2024-08-31,trimestral,-1.9434022556848876,1.0,3,valida
50076884,2024-07-01,2024-09-30,trimestral,-1.9434022556848876,1.0,3,valida
50076884,2024-08-01,2024-10-31,trimestral,-1.9434022556848876,1.0,3,valida
50076884,2024-09-01,2024-11-30,trimestral,,,0,n<3
50076884,2024-10-01,2024-12-31,trimestral,,,0,n<3
50076884,2024-11-01,2025-01-31,trimestral,,,0,n<3
50076884,2024-12-01,2025-02-28,trimestral,,,0,n<3
50076884,2025-01-01,2025-03-31,trimestral,,,0,n<3
50076884,2025-02-01,2025-04-30,trimestral,,,1,n<3
50076884,2024-01-01,2024-06-30,semestral,,,3,precio constante
50076884,2024-02-01,2024-07-31,semestral,,,2,n<3
50076884,2024-03-01,2024-08-31,semestral,-1.9434022556848756,1.0,4,valida
50076884,2024-04-01,2024-09-30,semestral,-1.9434022556848756,1.0,4,valida
50076884,2024-05-01,2024-10-31,semestral,-1.9434022556848876,1.0,3,valida
50076884,2024-06-01,2024-11-30,semestral,-1.9434022556848876,1.0,3,valida
50076884,2024-07-01,2024-12-31,semestral,-1.9434022556848876,1.0,3,valida
50076884,2024-08-01,2025-01-31,semestral,-1.9434022556848876,1.0,3,valida
50076884,2024-09-01,2025-02-28,semestral,,,0,n<3
50076884,2024-10-01,2025-03-31,semestral,,,0,n<3
50076884,2024-11-01,2025-04-30,semestral,,,1,n<3
50076885,2025-07-01,2025-07-31,mensual,,,1,n<3
50076886,2024-01-01,2024-01-31,mensual,,,1,n<3
50076886,2024-02-01,2024-02-29,mensual,,,0,n<3
50076886,2024-03-01,2024-03-31,mensual,,,0,n<3
50076886,2024-04-01,2024-04-30,mensual,,,0,n<3
50076886,2024-05-01,2024-05-31,mensual,,,1,n<3
50076886,2024-01-01,2024-03-31,trimestral,,,1,n<3
50076886,2024-02-01,2024-04-30,trimestral,,,0,n<3
50076886,2024-03-01,2024-05-31,trimestral,,,1,n<3
50076887,2024-02-01,2024-02-29,mensual,,,1,n<3
50076887,2024-03-01,2024-03-31,mensual,,,0,n<3
50076887,2024-04-01,2024-04-30,mensual,,,1,n<3
50076887,2024-05-01,2024-05-31,mensual,,,0,n<3
50076887,2024-06-01,2024-06-30,mensual,,,1,n<3
50076887,2024-07-01,2024-07-31,mensual,,,2,n<3
50076887,2024-08-01,2024-08-31,mensual,,,1,n<3
50076887,2024-09-01,2024-09-30,mensual,,,0,n<3
50076887,2024-10-01,2024-10-31,mensual,,,0,n<3
50076887,2024-11-01,2024-11-30,mensual,,,0,n<3
50076887,2024-12-01,2024-12-31,mensual,,,0,n<3
50076887,2025-01-01,2025-01-31,mensual,,,0,n<3
50076887,2025-02-01,2025-02-28,mensual,,,1,n<3
50076887,2024-02-01,2024-04-30,trimestral,,,2,n<3
50076887,2024-03-01,2024-05-31,trimestral,,,1,n<3
50076887,2024-04-01,2024-06-30,trimestral,,,2,n<3
50076887,2024-05-01,2024-07-31,trimestral,,,3,precio constante
50076887,2024-06-01,2024-08-31,trimestral,,,4,precio constante
50076887,2024-07-01,2024-09-30,trimestral,,,3,precio constante
50076887,2024-08-01,2024-10-31,trimestral,,,1,n<3
50076887,2024-09-01,2024-11-30,trimestral,,,0,n<3
50076887,2024-10-01,2024-12-31,trimestral,,,0,n<3
50076887,2024-11-01,2025-01-31,trimestral,,,0,n<3
50076887,2024-12-01,2025-02-28,trimestral,,,1,n<3
50076887,2024-02-01,2024-07-31,semestral,,,5,precio constante
50076887,2024-03-01,2024-08-31,semestral,,,5,precio constante
50076887,2024-04-01,2024-09-30,semestral,,,5,precio constante
50076887,2024-05-01,2024-10-31,semestral,,,4,precio constante
50076887,2024-06-01,2024-11-30,semestral,,,4,precio constante
50076887,2024-07-01,2024-12-31,semestral,,,3,precio constante
50076887,2024-08-01,2025-01-31,semestral,,,1,n<3
50076887,2024-09-01,2025-02-28,semestral,,,1,n<3
50076888,2024-03-01,2024-03-31,mensual,,,1,n<3
50076888,2024-04-01,2024-04-30,mensual,,,0,n<3
50076888,2024-05-01,2024-05-31,mensual,,,0,n<3
50076888,2024-06-01,2024-06-30,mensual,,,0,n<3
50076888,2024-07-01,2024-07-31,mensual,,,0,n<3
50076888,2024-08-01,2024-08-31,mensual,,,1,n<3
50076888,2024-09-01,2024-09-30,mensual,,,1,n<3
50076888,2024-03-01,2024-05-31,trimestral,,,1,n<3
50076888,2024-04-01,2024-06-30,trimestral,,,0,n<3
50076888,2024-05-01,2024-07-31,trimestral,,,0,n<3
50076888,2024-06-01,2024-08-31,trimestral,,,1,n<3
50076888,2024-07-01,2024-09-30,trimestral,,,2,n<3
50076888,2024-03-01,2024-08-31,semestral,,,2,n<3
50076888,2024-04-01,2024-09-30,semestral,,,2,n<3
50077035,2024-02-01,2024-02-29,mensual,,,1,n<3
50077035,2024-03-01,2024-03-31,mensual,,,0,n<3
50077035,2024-04-01,2024-04-30,mensual,,,1,n<3
50077035,2024-05-01,2024-05-31,mensual,,,1,n<3
50077035,2024-06-01,2024-06-30,mensual,,,0,n<3
50077035,2024-07-01,2024-07-31,mensual,,,0,n<3
50077035,2024-08-01,2024-08-31,mensual,,,1,n<3
50077035,2024-09-01,2024-09-30,mensual,,,0,n<3
50077035,2024-10-01,2024-10-31,mensual,,,0,n<3
50077035,2024-11-01,2024-11-30,mensual,,,0,n<3
50077035,2024-12-01,2024-12-31,mensual,,,0,n<3
50077035,2025-01-01,2025-01-31,mensual,,,0,n<3
50077035,2025-02-01,2025-02-28,mensual,,,0,n<3
50077035,2025-03-01,2025-03-31,mensual,,,0,n<3
50077035,2025-04-01,2025-04-30,mensual,,,0,n<3
50077035,2025-05-01,2025-05-31,mensual,,,0,n<3
50077035,2025-06-01,2025-06-30,mensual,,,0,n<3
50077035,2025-07-01,2025-07-31,mensual,,,0,n<3
50077035,2025-08-01,2025-08-31,mensual,,,1,n<3
50077035,2024-02-01,2024-04-30,trimestral,,,2,n<3
50077035,2024-03-01,2024-05-31,trimestral,,,2,n<3
50077035,2024-04-01,2024-06-30,trimestral,,,2,n<3
50077035,2024-05-01,2024-07-31,trimestral,,,1,n<3
50077035,2024-06-01,2024-08-31,trimestral,,,1,n<3
50077035,2024-07-01,2024-09-30,trimestral,,,1,n<3
50077035,2024-08-01,2024-10-31,trimestral,,,1,n<3
50077035,2024-09-01,2024-11-30,trimestral,,,0,n<3
50077035,2024-10-01,2024-12-31,trimestral,,,0,n<3
50077035,2024-11-01,2025-01-31,trimestral,,,0,n<3
50077035,2024-12-01,2025-02-28,trimestral,,,0,n<3
50077035,2025-01-01,2025-03-31,trimestral,,,0,n<3
50077035,2025-02-01,2025-04-30,trimestral,,,0,n<3
50077035,2025-03-01,2025-05-31,trimestral,,,0,n<3
50077035,2025-04-01,2025-06-30,trimestral,,,0,n<3
50077035,2025-05-01,2025-07-31,trimestral,,,0,n<3
50077035,2025-06-01,2025-08-31,trimestral,,,1,n<3
50077035,2024-02-01,2024-07-31,semestral,,,3,precio constante
50077035,2024-03-01,2024-08-31,semestral,,,3,precio constante
50077035,2024-04-01,2024-09-30,semestral,,,3,precio constante
50077035,2024-05-01,2024-10-31,semestral,,,2,n<3
50077035,2024-06-01,2024-11-30,semestral,,,1,n<3
50077035,2024-07-01,2024-12-31,semestral,,,1,n<3
50077035,2024-08-01,2025-01-31,semestral,,,1,n<3
50077035,2024-09-01,2025-02-28,semestral,,,0,n<3
50077035,2024-10-01,2025-03-31,semestral,,,0,n<3
50077035,2024-11-01,2025-04-30,semestral,,,0,n<3
50077035,2024-12-01,2025-05-31,semestral,,,0,n<3
50077035,2025-01-01,2025-06-30,semestral,,,0,n<3
50077035,2025-02-01,2025-07-31,semestral,,,0,n<3
50077035,2025-03-01,2025-08-31,semestral,,,1,n<3
50083762,2024-06-01,2024-06-30,mensual,,,1,n<3
50083762,2024-07-01,2024-07-31,mensual,,,0,n<3
50083762,2024-08-01,2024-08-31,mensual,,,1,n<3
50083762,2024-09-01,2024-09-30,mensual,,,0,n<3
50083762,2024-10-01,2024-10-31,mensual,,,0,n<3
50083762,2024-11-01,2024-11-30,mensual,,,0,n<3
50083762,2024-12-01,2024-12-31,mensual,,,0,n<3
50083762,2025-01-01,2025-01-31,mensual,,,0,n<3
50083762,2025-02-01,2025-02-28,mensual,,,0,n<3
50083762,2025-03-01,2025-03-31,mensual,,,0,n<3
50083762,2025-04-01,2025-04-30,mensual,,,0,n<3
50083762,2025-05-01,2025-05-31,mensual,,,0,n<3
50083762,2025-06-01,2025-06-30,mensual,,,0,n<3
50083762,2025-07-01,2025-07-31,mensual,,,0,n<3
50083762,2025-08-01,2025-08-31,mensual,,,0,n<3
50083762,2025-09-01,2025-09-30,mensual,,,0,n<3
50083762,2025-10-01,2025-10-31,mensual,,,0,n<3
50083762,2025-11-01,2025-11-30,mensual,,,0,n<3
50083762,2025-12-01,2025-12-31,mensual,,,0,n<3
50083762,2026-01-01,2026-01-31,mensual,,,1,n<3
50083762,2026-02-01,2026-02-28,mensual,,,1,n<3
50083762,2026-03-01,2026-03-31,mensual,,,1,n<3
50083762,2024-06-01,2024-08-31,trimestral,,,2,n<3
50083762,2024-07-01,2024-09-30,trimestral,,,1,n<3
50083762,2024-08-01,2024-10-31,trimestral,,,1,n<3
50083762,2024-09-01,2024-11-30,trimestral,,,0,n<3
50083762,2024-10-01,2024-12-31,trimestral,,,0,n<3
50083762,2024-11-01,2025-01-31,trimestral,,,0,n<3
50083762,2024-12-01,2025-02-28,trimestral,,,0,n<3
50083762,2025-01-01,2025-03-31,trimestral,,,0,n<3
50083762,2025-02-01,2025-04-30,trimestral,,,0,n<3
50083762,2025-03-01,2025-05-31,trimestral,,,0,n<3
50083762,2025-04-01,2025-06-30,trimestral,,,0,n<3
50083762,2025-05-01,2025-07-31,trimestral,,,0,n<3
50083762,2025-06-01,2025-08-31,trimestral,,,0,n<3
50083762,2025-07-01,2025-09-30,trimestral,,,0,n<3
50083762,2025-08-01,2025-10-31,trimestral,,,0,n<3
50083762,2025-09-01,2025-11-30,trimestral,,,0,n<3
50083762,2025-10-01,2025-12-31,trimestral,,,0,n<3
50083762,2025-11-01,2026-01-31,trimestral,,,1,n<3
50083762,2025-12-01,2026-02-28,trimestral,,,2,n<3
50083762,2026-01-01,2026-03-31,trimestral,,,3,precio constante
50083762,2024-06-01,2024-11-30,semestral,,,2,n<3
50083762,2024-07-01,2024-12-31,semestral,,,1,n<3
50083762,2024-08-01,2025-01-31,semestral,,,1,n<3
50083762,2024-09-01,2025-02-28,semestral,,,0,n<3
50083762,2024-10-01,2025-03-31,semestral,,,0,n<3
50083762,2024-11-01,2025-04-30,semestral,,,0,n<3
50083762,2024-12-01,2025-05-31,semestral,,,0,n<3
50083762,2025-01-01,2025-06-30,semestral,,,0,n<3
50083762,2025-02-01,2025-07-31,semestral,,,0,n<3
50083762,2025-03-01,2025-08-31,semestral,,,0,n<3
50083762,2025-04-01,2025-09-30,semestral,,,0,n<3
50083762,2025-05-01,2025-10-31,semestral,,,0,n<3
50083762,2025-06-01,2025-11-30,semestral,,,0,n<3
50083762,2025-07-01,2025-12-31,semestral,,,0,n<3
50083762,2025-08-01,2026-01-31,semestral,,,1,n<3
50083762,2025-09-01,2026-02-28,semestral,,,2,n<3
50083762,2025-10-01,2026-03-31,semestral,,,3,precio constante
50086322,2024-01-01,2024-01-31,mensual,,,2,n<3
50086322,2024-02-01,2024-02-29,mensual,,,3,precio constante
50086322,2024-03-01,2024-03-31,mensual,,,3,precio constante
50086322,2024-04-01,2024-04-30,mensual,,,2,n<3
50086322,2024-05-01,2024-05-31,mensual,,,4,precio constante
50086322,2024-06-01,2024-06-30,mensual,,,5,precio constante
50086322,2024-07-01,2024-07-31,mensual,,,4,precio constante
50086322,2024-08-01,2024-08-31,mensual,,,2,n<3
50086322,2024-09-01,2024-09-30,mensual,,,0,n<3
50086322,2024-10-01,2024-10-31,mensual,,,0,n<3
50086322,2024-11-01,2024-11-30,mensual,,,0,n<3
50086322,2024-12-01,2024-12-31,mensual,,,0,n<3
50086322,2025-01-01,2025-01-31,mensual,,,1,n<3
50086322,2025-02-01,2025-02-28,mensual,,,0,n<3
50086322,2025-03-01,2025-03-31,mensual,,,0,n<3
50086322,2025-04-01,2025-04-30,mensual,,,0,n<3
50086322,2025-05-01,2025-05-31,mensual,,,3,precio constante
50086322,2025-06-01,2025-06-30,mensual,,,3,precio constante
50086322,2025-07-01,2025-07-31,mensual,,,3,precio constante
50086322,2025-08-01,2025-08-31,mensual,,,3,precio constante
50086322,2025-09-01,2025-09-30,mensual,3.8755347915058413,0.039901950477059356,6,valida
50086322,2025-10-01,2025-10-31,mensual,,,0,n<3
50086322,2025-11-01,2025-11-30,mensual,,,1,n<3
50086322,2025-12-01,2025-12-31,mensual,,,0,n<3
50086322,2026-01-01,2026-01-31,mensual,,,1,n<3
50086322,2026-02-01,2026-02-28,mensual,,,2,n<3
50086322,2026-03-01,2026-03-31,mensual,,,4,precio constante
50086322,2024-01-01,2024-03-31,trimestral,,,8,precio constante
50086322,2024-02-01,2024-04-30,trimestral,,,8,precio constante
50086322,2024-03-01,2024-05-31,trimestral,,,9,precio constante
50086322,2024-04-01,2024-06-30,trimestral,,,11,precio constante
50086322,2024-05-01,2024-07-31,trimestral,,,13,precio constante
50086322,2024-06-01,2024-08-31,trimestral,-1.2468440939250713,0.10392544699604711,11,valida
50086322,2024-07-01,2024-09-30,trimestral,-0.9388340858574054,0.08206105313739731,6,valida
50086322,2024-08-01,2024-10-31,trimestral,,,2,n<3
50086322,2024-09-01,2024-11-30,trimestral,,,0,n<3
50086322,2024-10-01,2024-12-31,trimestral,,,0,n<3
50086322,2024-11-01,2025-01-31,trimestral,,,1,n<3
50086322,2024-12-01,2025-02-28,trimestral,,,1,n<3
50086322,2025-01-01,2025-03-31,trimestral,,,1,n<3
50086322,2025-02-01,2025-04-30,trimestral,,,0,n<3
50086322,2025-03-01,2025-05-31,trimestral,,,3,precio constante
50086322,2025-04-01,2025-06-30,trimestral,,,6,precio constante
50086322,2025-05-01,2025-07-31,trimestral,,,9,precio constante
50086322,2025-06-01,2025-08-31,trimestral,,,9,precio constante
50086322,2025-07-01,2025-09-30,trimestral,6.168333926912247,0.0753771298901108,12,valida
50086322,2025-08-01,2025-10-31,trimestral,4.845692876033106,0.052527892445629165,9,valida
50086322,2025-09-01,2025-11-30,trimestral,4.845456954325145,0.05757444566409475,7,valida
50086322,2025-10-01,2025-12-31,trimestral,,,1,n<3
50086322,2025-11-01,2026-01-31,trimestral,,,2,n<3
50086322,2025-12-01,2026-02-28,trimestral,-7.826820571541418,0.31049930979264684,3,valida
50086322,2026-01-01,2026-03-31,trimestral,-7.277798798624872,0.060046097778992724,7,valida
50086322,2024-01-01,2024-06-30,semestral,,,19,precio constante
50086322,2024-02-01,2024-07-31,semestral,,,21,precio constante
50086322,2024-03-01,2024-08-31,semestral,-1.372282736114422,0.0886466881878879,20,valida
50086322,2024-04-01,2024-09-30,semestral,-1.5081051506276542,0.13257570673369212,17,valida
50086322,2024-05-01,2024-10-31,semestral,-1.4459004143468466,0.12569609730086295,15,valida
50086322,2024-06-01,2024-11-30,semestral,-1.2468440939250713,0.10392544699604711,11,valida
50086322,2024-07-01,2024-12-31,semestral,-0.9388340858574054,0.08206105313739731,6,valida
50086322,2024-08-01,2025-01-31,semestral,-0.6265650020648788,0.12893688241862966,3,valida
50086322,2024-09-01,2025-02-28,semestral,,,1,n<3
50086322,2024-10-01,2025-03-31,semestral,,,1,n<3
50086322,2024-11-01,2025-04-30,semestral,,,1,n<3
50086322,2024-12-01,2025-05-31,semestral,6.471052271609293,0.33333333333333337,4,valida
50086322,2025-01-01,2025-06-30,semestral,8.08881533951154,0.4166666666666665,7,valida
50086322,2025-02-01,2025-07-31,semestral,,,9,precio constante
50086322,2025-03-01,2025-08-31,semestral,,,12,precio constante
50086322,2025-04-01,2025-09-30,semestral,6.842742210358485,0.07831420737084749,18,valida
50086322,2025-05-01,2025-10-31,semestral,6.842742210358485,0.07831420737084749,18,valida
50086322,2025-06-01,2025-11-30,semestral,7.108910714224617,0.0925838311100553,16,valida
50086322,2025-07-01,2025-12-31,semestral,6.462261312161431,0.08068031599064862,13,valida
50086322,2025-08-01,2026-01-31,semestral,4.845834434569059,0.047984312389989126,11,valida
50086322,2025-09-01,2026-02-28,semestral,0.14217896075681682,8.766458546705103e-05,10,valida
50086322,2025-10-01,2026-03-31,semestral,-2.4831068775999565,0.00836319647371675,8,valida
50086329,2024-01-01,2024-01-31,mensual,,,2,n<3
50086329,2024-02-01,2024-02-29,mensual,,,3,precio constante
50086329,2024-03-01,2024-03-31,mensual,,,1,n<3
50086329,2024-04-01,2024-04-30,mensual,,,1,n<3
50086329,2024-05-01,2024-05-31,mensual,,,1,n<3
50086329,2024-06-01,2024-06-30,mensual,,,2,n<3
50086329,2024-07-01,2024-07-31,mensual,,,2,n<3
50086329,2024-08-01,2024-08-31,mensual,-1.2485250403054131,0.17306447666326497,5,valida
50086329,2024-09-01,2024-09-30,mensual,1.9451192143046487,0.40017498274383567,6,valida
50086329,2024-10-01,2024-10-31,mensual,,,1,n<3
50086329,2024-11-01,2024-11-30,mensual,0.624972168306531,0.00027349342991522807,8,valida
50086329,2024-12-01,2024-12-31,mensual,,,3,precio constante
50086329,2025-01-01,2025-01-31,mensual,,,2,n<3
50086329,2025-02-01,2025-02-28,mensual,,,1,n<3
50086329,2025-03-01,2025-03-31,mensual,,,3,precio constante
50086329,2025-04-01,2025-04-30,mensual,,,0,n<3
50086329,2025-05-01,2025-05-31,mensual,,,2,n<3
50086329,2025-06-01,2025-06-30,mensual,,,2,n<3
50086329,2025-07-01,2025-07-31,mensual,,,2,n<3
50086329,2025-08-01,2025-08-31,mensual,0.18947063005395082,0.003264564882601295,10,valida
50086329,2025-09-01,2025-09-30,mensual,,,3,precio constante
50086329,2025-10-01,2025-10-31,mensual,,,2,n<3
50086329,2025-11-01,2025-11-30,mensual,,,4,precio constante
50086329,2025-12-01,2025-12-31,mensual,6.59494806169416,1.0,4,valida
50086329,2026-01-01,2026-01-31,mensual,,,0,n<3
50086329,2026-02-01,2026-02-28,mensual,,,3,precio constante
50086329,2024-01-01,2024-03-31,trimestral,,,6,precio constante
50086329,2024-02-01,2024-04-30,trimestral,,,5,precio constante
50086329,2024-03-01,2024-05-31,trimestral,,,3,precio constante
50086329,2024-04-01,2024-06-30,trimestral,,,4,precio constante
50086329,2024-05-01,2024-07-31,trimestral,,,5,precio constante
50086329,2024-06-01,2024-08-31,trimestral,-0.9043502643670185,0.05531012070313568,9,valida
50086329,2024-07-01,2024-09-30,trimestral,0.9802485897760393,0.11748372959424513,13,valida
50086329,2024-08-01,2024-10-31,trimestral,-0.20124866399199542,0.0029596749329005023,12,valida
50086329,2024-09-01,2024-11-30,trimestral,0.680784475535385,0.01871545472854652,15,valida
50086329,2024-10-01,2024-12-31,trimestral,-3.990741278961888,0.21529054386809077,12,valida
50086329,2024-11-01,2025-01-31,trimestral,-3.874208624032797,0.017282872816022365,13,valida
50086329,2024-12-01,2025-02-28,trimestral,6.035448587380677e-14,2.220446049250313e-16,6,valida
50086329,2025-01-01,2025-03-31,trimestral,,,6,precio constante
50086329,2025-02-01,2025-04-30,trimestral,,,4,precio constante
50086329,2025-03-01,2025-05-31,trimestral,,,5,qty constante
50086329,2025-04-01,2025-06-30,trimestral,4.733990503036478,0.540695447015521,4,valida
50086329,2025-05-01,2025-07-31,trimestral,5.464092405173614,0.16504291960765638,6,valida
50086329,2025-06-01,2025-08-31,trimestral,0.8745787390931627,0.030802325841754907,14,valida
50086329,2025-07-01,2025-09-30,trimestral,0.5607643885404481,0.012126737178384972,15,valida
50086329,2025-08-01,2025-10-31,trimestral,0.05199264859168805,0.0002234033853786288,15,valida
50086329,2025-09-01,2025-11-30,trimestral,-8.64733082997484,0.10942857924910909,9,valida
50086329,2025-10-01,2025-12-31,trimestral,1.1045444439055139,0.00688035813046084,10,valida
50086329,2025-11-01,2026-01-31,trimestral,6.216011210728375,0.14777610320322065,8,valida
50086329,2025-12-01,2026-02-28,trimestral,3.297474030847167,0.1250000000000001,7,valida
50086329,2024-01-01,2024-06-30,semestral,,,10,precio constante
50086329,2024-02-01,2024-07-31,semestral,,,10,precio constante
50086329,2024-03-01,2024-08-31,semestral,-1.0266480020063085,0.058102966106035714,12,valida
50086329,2024-04-01,2024-09-30,semestral,0.689765742952115,0.05726088439672561,17,valida
50086329,2024-05-01,2024-10-31,semestral,-0.09090442351021007,0.0006487442852476377,17,valida
50086329,2024-06-01,2024-11-30,semestral,0.2346984094194391,0.0025879326888053056,24,valida
50086329,2024-07-01,2024-12-31,semestral,0.16168505416167567,0.0012151379259706108,25,valida
50086329,2024-08-01,2025-01-31,semestral,-0.147489439391348,0.0010461266253514179,25,valida
50086329,2024-09-01,2025-02-28,semestral,0.1678182511793865,0.0012385212885517305,21,valida
50086329,2024-10-01,2025-03-31,semestral,-4.489064253132584,0.27852835289382327,18,valida
50086329,2024-11-01,2025-04-30,semestral,-4.987678985551418,0.04261453199186849,17,valida
50086329,2024-12-01,2025-05-31,semestral,-1.0147397241169986,0.050491154744490285,11,valida
50086329,2025-01-01,2025-06-30,semestral,3.5219292808105935,0.4876020965478818,10,valida
50086329,2025-02-01,2025-07-31,semestral,4.5617949715843125,0.2593964005995715,10,valida
50086329,2025-03-01,2025-08-31,semestral,1.2397276210463208,0.05714112970608265,19,valida
50086329,2025-04-01,2025-09-30,semestral,0.8601597586848343,0.027453179548269868,19,valida
50086329,2025-05-01,2025-10-31,semestral,0.642551735394831,0.01551772183326705,21,valida
50086329,2025-06-01,2025-11-30,semestral,0.529450689548283,0.009074309386936763,23,valida
50086329,2025-07-01,2025-12-31,semestral,0.4330000131145127,0.006089852862868339,25,valida
50086329,2025-08-01,2026-01-31,semestral,0.253271590420049,0.0035428062890989764,23,valida
50086329,2025-09-01,2026-02-28,semestral,0.9251996532101299,0.0032870345438257287,16,valida
50093135,2024-05-01,2024-05-31,mensual,,,2,n<3
50093135,2024-06-01,2024-06-30,mensual,,,1,n<3
50093135,2024-07-01,2024-07-31,mensual,,,0,n<3
50093135,2024-08-01,2024-08-31,mensual,,,2,n<3
50093135,2024-09-01,2024-09-30,mensual,,,0,n<3
50093135,2024-10-01,2024-10-31,mensual,,,1,n<3
50093135,2024-11-01,2024-11-30,mensual,,,1,n<3
50093135,2024-12-01,2024-12-31,mensual,,,0,n<3
50093135,2025-01-01,2025-01-31,mensual,,,2,n<3
50093135,2025-02-01,2025-02-28,mensual,,,0,n<3
50093135,2025-03-01,2025-03-31,mensual,,,0,n<3
50093135,2025-04-01,2025-04-30,mensual,,,0,n<3
50093135,2025-05-01,2025-05-31,mensual,,,0,n<3
50093135,2025-06-01,2025-06-30,mensual,,,0,n<3
50093135,2025-07-01,2025-07-31,mensual,,,0,n<3
50093135,2025-08-01,2025-08-31,mensual,,,2,n<3
50093135,2025-09-01,2025-09-30,mensual,,,2,n<3
50093135,2025-10-01,2025-10-31,mensual,,,0,n<3
50093135,2025-11-01,2025-11-30,mensual,,,1,n<3
50093135,2025-12-01,2025-12-31,mensual,,,0,n<3
50093135,2026-01-01,2026-01-31,mensual,,,1,n<3
50093135,2026-02-01,2026-02-28,mensual,,,1,n<3
50093135,2026-03-01,2026-03-31,mensual,,,1,n<3
50093135,2026-04-01,2026-04-30,mensual,,,1,n<3
50093135,2024-05-01,2024-07-31,trimestral,,,3,precio constante
50093135,2024-06-01,2024-08-31,trimestral,,,3,precio constante
50093135,2024-07-01,2024-09-30,trimestral,,,2,n<3
50093135,2024-08-01,2024-10-31,trimestral,,,3,qty constante
50093135,2024-09-01,2024-11-30,trimestral,,,2,n<3
50093135,2024-10-01,2024-12-31,trimestral,,,2,n<3
50093135,2024-11-01,2025-01-31,trimestral,,,3,qty constante
50093135,2024-12-01,2025-02-28,trimestral,,,2,n<3
50093135,2025-01-01,2025-03-31,trimestral,,,2,n<3
50093135,2025-02-01,2025-04-30,trimestral,,,0,n<3
50093135,2025-03-01,2025-05-31,trimestral,,,0,n<3
50093135,2025-04-01,2025-06-30,trimestral,,,0,n<3
50093135,2025-05-01,2025-07-31,trimestral,,,0,n<3
50093135,2025-06-01,2025-08-31,trimestral,,,2,n<3
50093135,2025-07-01,2025-09-30,trimestral,0.9763059579432577,0.17700276275172866,4,valida
50093135,2025-08-01,2025-10-31,trimestral,0.9763059579432577,0.17700276275172866,4,valida
50093135,2025-09-01,2025-11-30,trimestral,,,3,precio constante
50093135,2025-10-01,2025-12-31,trimestral,,,1,n<3
50093135,2025-11-01,2026-01-31,trimestral,,,2,n<3
50093135,2025-12-01,2026-02-28,trimestral,,,2,n<3
50093135,2026-01-01,2026-03-31,trimestral,,,3,precio constante
50093135,2026-02-01,2026-04-30,trimestral,,,3,precio constante
50093135,2024-05-01,2024-10-31,semestral,,,6,qty constante
50093135,2024-06-01,2024-11-30,semestral,,,5,qty constante
50093135,2024-07-01,2024-12-31,semestral,,,4,qty constante
50093135,2024-08-01,2025-01-31,semestral,,,6,qty constante
50093135,2024-09-01,2025-02-28,semestral,,,4,qty constante
50093135,2024-10-01,2025-03-31,semestral,,,4,qty constante
50093135,2024-11-01,2025-04-30,semestral,,,3,qty constante
50093135,2024-12-01,2025-05-31,semestral,,,2,n<3
50093135,2025-01-01,2025-06-30,semestral,,,2,n<3
50093135,2025-02-01,2025-07-31,semestral,,,0,n<3
50093135,2025-03-01,2025-08-31,semestral,,,2,n<3
50093135,2025-04-01,2025-09-30,semestral,0.9763059579432577,0.17700276275172866,4,valida
50093135,2025-05-01,2025-10-31,semestral,0.9763059579432577,0.17700276275172866,4,valida
50093135,2025-06-01,2025-11-30,semestral,1.1949471472750832,0.2495139076995141,5,valida
50093135,2025-07-01,2025-12-31,semestral,1.1949471472750832,0.2495139076995141,5,valida
50093135,2025-08-01,2026-01-31,semestral,0.44178158740907875,0.034863191434167384,6,valida
50093135,2025-09-01,2026-02-28,semestral,-5.297230410849706,0.4444444444444444,5,valida
50093135,2025-10-01,2026-03-31,semestral,-7.9458456162744575,1.0,4,valida
50093135,2025-11-01,2026-04-30,semestral,-7.945845616274351,1.0,5,valida
50094184,2024-02-01,2024-02-29,mensual,,,1,n<3
50094184,2024-03-01,2024-03-31,mensual,,,1,n<3
50094184,2024-04-01,2024-04-30,mensual,,,2,n<3
50094184,2024-05-01,2024-05-31,mensual,,,1,n<3
50094184,2024-06-01,2024-06-30,mensual,,,0,n<3
50094184,2024-07-01,2024-07-31,mensual,,,0,n<3
50094184,2024-08-01,2024-08-31,mensual,,,2,n<3
50094184,2024-09-01,2024-09-30,mensual,,,1,n<3
50094184,2024-10-01,2024-10-31,mensual,,,0,n<3
50094184,2024-11-01,2024-11-30,mensual,,,0,n<3
50094184,2024-12-01,2024-12-31,mensual,,,0,n<3
50094184,2025-01-01,2025-01-31,mensual,,,1,n<3
50094184,2025-02-01,2025-02-28,mensual,,,0,n<3
50094184,2025-03-01,2025-03-31,mensual,,,0,n<3
50094184,2025-04-01,2025-04-30,mensual,,,1,n<3
50094184,2024-02-01,2024-04-30,trimestral,,,4,precio constante
50094184,2024-03-01,2024-05-31,trimestral,,,4,precio constante
50094184,2024-04-01,2024-06-30,trimestral,,,3,precio constante
50094184,2024-05-01,2024-07-31,trimestral,,,1,n<3
50094184,2024-06-01,2024-08-31,trimestral,,,2,n<3
50094184,2024-07-01,2024-09-30,trimestral,,,3,precio constante
50094184,2024-08-01,2024-10-31,trimestral,,,3,precio constante
50094184,2024-09-01,2024-11-30,trimestral,,,1,n<3
50094184,2024-10-01,2024-12-31,trimestral,,,0,n<3
50094184,2024-11-01,2025-01-31,trimestral,,,1,n<3
50094184,2024-12-01,2025-02-28,trimestral,,,1,n<3
50094184,2025-01-01,2025-03-31,trimestral,,,1,n<3
50094184,2025-02-01,2025-04-30,trimestral,,,1,n<3
50094184,2024-02-01,2024-07-31,semestral,,,5,precio constante
50094184,2024-03-01,2024-08-31,semestral,,,6,precio constante
50094184,2024-04-01,2024-09-30,semestral,,,6,precio constante
50094184,2024-05-01,2024-10-31,semestral,,,4,precio constante
50094184,2024-06-01,2024-11-30,semestral,,,3,precio constante
50094184,2024-07-01,2024-12-31,semestral,,,3,precio constante
50094184,2024-08-01,2025-01-31,semestral,,,4,precio constante
50094184,2024-09-01,2025-02-28,semestral,,,2,n<3
50094184,2024-10-01,2025-03-31,semestral,,,1,n<3
50094184,2024-11-01,2025-04-30,semestral,,,2,n<3
50094185,2024-01-01,2024-01-31,mensual,,,5,precio constante
50094185,2024-02-01,2024-02-29,mensual,,,5,precio constante
50094185,2024-03-01,2024-03-31,mensual,,,1,n<3
50094185,2024-04-01,2024-04-30,mensual,,,1,n<3
50094185,2024-05-01,2024-05-31,mensual,,,5,precio constante
50094185,2024-06-01,2024-06-30,mensual,,,3,precio constante
50094185,2024-07-01,2024-07-31,mensual,,,3,precio constante
50094185,2024-08-01,2024-08-31,mensual,,,4,qty constante
50094185,2024-09-01,2024-09-30,mensual,,,8,precio constante
50094185,2024-10-01,2024-10-31,mensual,,,4,precio constante
50094185,2024-11-01,2024-11-30,mensual,,,4,precio constante
50094185,2024-12-01,2024-12-31,mensual,,,1,n<3
50094185,2025-01-01,2025-01-31,mensual,,,7,precio constante
50094185,2025-02-01,2025-02-28,mensual,,,1,n<3
50094185,2025-03-01,2025-03-31,mensual,,,1,n<3
50094185,2024-01-01,2024-03-31,trimestral,1.7136181871099005,0.02114300609295061,11,valida
50094185,2024-02-01,2024-04-30,trimestral,,,7,qty constante
50094185,2024-03-01,2024-05-31,trimestral,0.20839936015791968,0.0016868600557380375,7,valida
50094185,2024-04-01,2024-06-30,trimestral,-1.212491655933324,0.015625000000000222,9,valida
50094185,2024-05-01,2024-07-31,trimestral,,,11,precio constante
50094185,2024-06-01,2024-08-31,trimestral,0.33926401139328405,0.03317820501614388,10,valida
50094185,2024-07-01,2024-09-30,trimestral,0.6839513128364306,0.023594503713150083,15,valida
50094185,2024-08-01,2024-10-31,trimestral,0.8247380115329176,0.03152817601871949,16,valida
50094185,2024-09-01,2024-11-30,trimestral,,,16,precio constante
50094185,2024-10-01,2024-12-31,trimestral,,,9,precio constante
50094185,2024-11-01,2025-01-31,trimestral,,,12,precio constante
50094185,2024-12-01,2025-02-28,trimestral,,,9,precio constante
50094185,2025-01-01,2025-03-31,trimestral,-1.212491655933324,0.015625000000000222,9,valida
50094185,2024-01-01,2024-06-30,semestral,0.26594587234501066,0.0006125302144245337,20,valida
50094185,2024-02-01,2024-07-31,semestral,0.16109201240354112,0.0004889764551390119,18,valida
50094185,2024-03-01,2024-08-31,semestral,0.341665610024065,0.02115406728665903,17,valida
50094185,2024-04-01,2024-09-30,semestral,0.43466051109802006,0.009209893465087271,24,valida
50094185,2024-05-01,2024-10-31,semestral,0.6692429706742611,0.017449330822786657,27,valida
50094185,2024-06-01,2024-11-30,semestral,0.5872367594125547,0.01450356503178929,26,valida
50094185,2024-07-01,2024-12-31,semestral,0.7616764628517277,0.022874328478298844,24,valida
50094185,2024-08-01,2025-01-31,semestral,0.6432271246032973,0.01606528753826908,28,valida
50094185,2024-09-01,2025-02-28,semestral,,,25,precio constante
50094185,2024-10-01,2025-03-31,semestral,-2.282337234697897,0.016806722689075904,18,valida
50094186,2024-01-01,2024-01-31,mensual,,,2,n<3
50094186,2024-02-01,2024-02-29,mensual,,,2,n<3
50094186,2024-03-01,2024-03-31,mensual,,,0,n<3
50094186,2024-04-01,2024-04-30,mensual,,,1,n<3
50094186,2024-05-01,2024-05-31,mensual,,,0,n<3
50094186,2024-06-01,2024-06-30,mensual,,,2,n<3
50094186,2024-07-01,2024-07-31,mensual,,,0,n<3
50094186,2024-08-01,2024-08-31,mensual,,,2,n<3
50094186,2024-09-01,2024-09-30,mensual,,,1,n<3
50094186,2024-10-01,2024-10-31,mensual,,,1,n<3
50094186,2024-11-01,2024-11-30,mensual,,,0,n<3
50094186,2024-12-01,2024-12-31,mensual,,,0,n<3
50094186,2025-01-01,2025-01-31,mensual,,,3,precio constante
50094186,2025-02-01,2025-02-28,mensual,,,0,n<3
50094186,2025-03-01,2025-03-31,mensual,,,0,n<3
50094186,2025-04-01,2025-04-30,mensual,,,0,n<3
50094186,2025-05-01,2025-05-31,mensual,,,0,n<3
50094186,2025-06-01,2025-06-30,mensual,,,0,n<3
50094186,2025-07-01,2025-07-31,mensual,,,0,n<3
50094186,2025-08-01,2025-08-31,mensual,,,0,n<3
50094186,2025-09-01,2025-09-30,mensual,,,0,n<3
50094186,2025-10-01,2025-10-31,mensual,,,1,n<3
50094186,2024-01-01,2024-03-31,trimestral,-13.488270903607086,0.8630574803663856,4,valida
50094186,2024-02-01,2024-04-30,trimestral,-7.676008766831199,0.24892919320729723,3,valida
50094186,2024-03-01,2024-05-31,trimestral,,,1,n<3
50094186,2024-04-01,2024-06-30,trimestral,,,3,precio constante
50094186,2024-05-01,2024-07-31,trimestral,,,2,n<3
50094186,2024-06-01,2024-08-31,trimestral,,,4,precio constante
50094186,2024-07-01,2024-09-30,trimestral,,,3,precio constante
50094186,2024-08-01,2024-10-31,trimestral,,,4,precio constante
50094186,2024-09-01,2024-11-30,trimestral,,,2,n<3
50094186,2024-10-01,2024-12-31,trimestral,,,1,n<3
50094186,2024-11-01,2025-01-31,trimestral,,,3,precio constante
50094186,2024-12-01,2025-02-28,trimestral,,,3,precio constante
50094186,2025-01-01,2025-03-31,trimestral,,,3,precio constante
50094186,2025-02-01,2025-04-30,trimestral,,,0,n<3
50094186,2025-03-01,2025-05-31,trimestral,,,0,n<3
50094186,2025-04-01,2025-06-30,trimestral,,,0,n<3
50094186,2025-05-01,2025-07-31,trimestral,,,0,n<3
50094186,2025-06-01,2025-08-31,trimestral,,,0,n<3
50094186,2025-07-01,2025-09-30,trimestral,,,0,n<3
50094186,2025-08-01,2025-10-31,trimestral,,,1,n<3
50094186,2024-01-01,2024-06-30,semestral,-8.338545474327143,0.1973936011979016,7,valida
50094186,2024-02-01,2024-07-31,semestral,-6.254455119817251,0.15276476938549022,5,valida
50094186,2024-03-01,2024-08-31,semestral,,,5,precio constante
50094186,2024-04-01,2024-09-30,semestral,,,6,precio constante
50094186,2024-05-01,2024-10-31,semestral,,,6,precio constante
50094186,2024-06-01,2024-11-30,semestral,,,6,precio constante
50094186,2024-07-01,2024-12-31,semestral,,,4,precio constante
50094186,2024-08-01,2025-01-31,semestral,,,7,qty constante
50094186,2024-09-01,2025-02-28,semestral,,,5,qty constante
50094186,2024-10-01,2025-03-31,semestral,,,4,qty constante
50094186,2024-11-01,2025-04-30,semestral,,,3,precio constante
50094186,2024-12-01,2025-05-31,semestral,,,3,precio constante
50094186,2025-01-01,2025-06-30,semestral,,,3,precio constante
50094186,2025-02-01,2025-07-31,semestral,,,0,n<3
50094186,2025-03-01,2025-08-31,semestral,,,0,n<3
50094186,2025-04-01,2025-09-30,semestral,,,0,n<3
50094186,2025-05-01,2025-10-31,semestral,,,1,n<3
50094187,2024-01-01,2024-01-31,mensual,3.81090365853414,0.16666666666666663,5,valida
50094187,2024-02-01,2024-02-29,mensual,,,4,precio constante
50094187,2024-03-01,2024-03-31,mensual,,,0,n<3
50094187,2024-04-01,2024-04-30,mensual,,,0,n<3
50094187,2024-05-01,2024-05-31,mensual,,,3,precio constante
50094187,2024-06-01,2024-06-30,mensual,,,1,n<3
50094187,2024-07-01,2024-07-31,mensual,,,4,qty constante
50094187,2024-08-01,2024-08-31,mensual,-2.843664566094953,0.5555555555555556,8,valida
50094187,2024-09-01,2024-09-30,mensual,,,4,precio constante
50094187,2024-10-01,2024-10-31,mensual,,,3,precio constante
50094187,2024-11-01,2024-11-30,mensual,,,1,n<3
50094187,2024-12-01,2024-12-31,mensual,,,0,n<3
50094187,2025-01-01,2025-01-31,mensual,,,3,precio constante
50094187,2025-02-01,2025-02-28,mensual,,,2,n<3
50094187,2025-03-01,2025-03-31,mensual,,,0,n<3
50094187,2025-04-01,2025-04-30,mensual,,,0,n<3
50094187,2025-05-01,2025-05-31,mensual,,,0,n<3
50094187,2025-06-01,2025-06-30,mensual,,,0,n<3
50094187,2025-07-01,2025-07-31,mensual,,,2,n<3
50094187,2025-08-01,2025-08-31,mensual,,,5,qty constante
50094187,2025-09-01,2025-09-30,mensual,,,4,precio constante
50094187,2025-10-01,2025-10-31,mensual,,,0,n<3
50094187,2025-11-01,2025-11-30,mensual,,,0,n<3
50094187,2025-12-01,2025-12-31,mensual,,,0,n<3
50094187,2026-01-01,2026-01-31,mensual,,,3,qty constante
50094187,2026-02-01,2026-02-28,mensual,,,2,n<3
50094187,2026-03-01,2026-03-31,mensual,,,1,n<3
50094187,2026-04-01,2026-04-30,mensual,,,1,n<3
50094187,2024-01-01,2024-03-31,trimestral,1.9054518292669982,0.03571428571428581,9,valida
50094187,2024-02-01,2024-04-30,trimestral,,,4,precio constante
50094187,2024-03-01,2024-05-31,trimestral,,,3,precio constante
50094187,2024-04-01,2024-06-30,trimestral,,,4,precio constante
50094187,2024-05-01,2024-07-31,trimestral,,,8,qty constante
50094187,2024-06-01,2024-08-31,trimestral,-2.562305716447231,0.5107684155661287,13,valida
50094187,2024-07-01,2024-09-30,trimestral,-1.1971871655390838,0.044674078262237016,16,valida
50094187,2024-08-01,2024-10-31,trimestral,-1.2124968413896504,0.041967423627036315,15,valida
50094187,2024-09-01,2024-11-30,trimestral,,,8,precio constante
50094187,2024-10-01,2024-12-31,trimestral,,,4,precio constante
50094187,2024-11-01,2025-01-31,trimestral,,,4,qty constante
50094187,2024-12-01,2025-02-28,trimestral,,,5,precio constante
50094187,2025-01-01,2025-03-31,trimestral,,,5,precio constante
50094187,2025-02-01,2025-04-30,trimestral,,,2,n<3
50094187,2025-03-01,2025-05-31,trimestral,,,0,n<3
50094187,2025-04-01,2025-06-30,trimestral,,,0,n<3
50094187,2025-05-01,2025-07-31,trimestral,,,2,n<3
50094187,2025-06-01,2025-08-31,trimestral,0.4458013170988066,0.062200788267728124,7,valida
50094187,2025-07-01,2025-09-30,trimestral,0.25011494630757874,0.020957564347707347,11,valida
50094187,2025-08-01,2025-10-31,trimestral,,,9,qty constante
50094187,2025-09-01,2025-11-30,trimestral,,,4,precio constante
50094187,2025-10-01,2025-12-31,trimestral,,,0,n<3
50094187,2025-11-01,2026-01-31,trimestral,,,3,qty constante
50094187,2025-12-01,2026-02-28,trimestral,,,5,qty constante
50094187,2026-01-01,2026-03-31,trimestral,,,6,qty constante
50094187,2026-02-01,2026-04-30,trimestral,,,4,precio constante
50094187,2024-01-01,2024-06-30,semestral,1.2703012195113583,0.01515151515151536,13,valida
50094187,2024-02-01,2024-07-31,semestral,,,12,qty constante
50094187,2024-03-01,2024-08-31,semestral,-2.545767180018621,0.5266193879208892,16,valida
50094187,2024-04-01,2024-09-30,semestral,-1.5192377051198804,0.07053519766816407,20,valida
50094187,2024-05-01,2024-10-31,semestral,-1.4342320378285993,0.057071690164402944,23,valida
50094187,2024-06-01,2024-11-30,semestral,-1.310324653701201,0.048252948694391784,21,valida
50094187,2024-07-01,2024-12-31,semestral,-1.2368345012698754,0.04332468774046638,20,valida
50094187,2024-08-01,2025-01-31,semestral,-1.7848698165160766,0.10318373041567552,19,valida
50094187,2024-09-01,2025-02-28,semestral,-7.692028343935353,0.2588867251279455,13,valida
50094187,2024-10-01,2025-03-31,semestral,-3.3583142591143558,0.1562500000000001,9,valida
50094187,2024-11-01,2025-04-30,semestral,,,6,qty constante
50094187,2024-12-01,2025-05-31,semestral,,,5,precio constante
50094187,2025-01-01,2025-06-30,semestral,,,5,precio constante
50094187,2025-02-01,2025-07-31,semestral,3.638782166190014,0.33425719868822934,4,valida
50094187,2025-03-01,2025-08-31,semestral,0.4458013170988066,0.062200788267728124,7,valida
50094187,2025-04-01,2025-09-30,semestral,0.25011494630757874,0.020957564347707347,11,valida
50094187,2025-05-01,2025-10-31,semestral,0.25011494630757874,0.020957564347707347,11,valida
50094187,2025-06-01,2025-11-30,semestral,0.25011494630757874,0.020957564347707347,11,valida
50094187,2025-07-01,2025-12-31,semestral,0.25011494630757874,0.020957564347707347,11,valida
50094187,2025-08-01,2026-01-31,semestral,,,12,qty constante
50094187,2025-09-01,2026-02-28,semestral,,,9,qty constante
50094187,2025-10-01,2026-03-31,semestral,,,6,qty constante
50094187,2025-11-01,2026-04-30,semestral,-2.520478456407363,0.026986017899967685,7,valida
50094188,2024-02-01,2024-02-29,mensual,,,1,n<3
50094188,2024-03-01,2024-03-31,mensual,,,0,n<3
50094188,2024-04-01,2024-04-30,mensual,,,0,n<3
50094188,2024-05-01,2024-05-31,mensual,,,1,n<3
50094188,2024-06-01,2024-06-30,mensual,,,0,n<3
50094188,2024-07-01,2024-07-31,mensual,,,1,n<3
50094188,2024-08-01,2024-08-31,mensual,,,2,n<3
50094188,2024-09-01,2024-09-30,mensual,,,1,n<3
50094188,2024-10-01,2024-10-31,mensual,,,1,n<3
50094188,2024-11-01,2024-11-30,mensual,,,0,n<3
50094188,2024-12-01,2024-12-31,mensual,,,0,n<3
50094188,2025-01-01,2025-01-31,mensual,,,3,precio constante
50094188,2025-02-01,2025-02-28,mensual,,,1,n<3
50094188,2025-03-01,2025-03-31,mensual,,,1,n<3
50094188,2025-04-01,2025-04-30,mensual,,,0,n<3
50094188,2025-05-01,2025-05-31,mensual,,,1,n<3
50094188,2025-06-01,2025-06-30,mensual,,,0,n<3
50094188,2025-07-01,2025-07-31,mensual,,,0,n<3
50094188,2025-08-01,2025-08-31,mensual,,,1,n<3
50094188,2025-09-01,2025-09-30,mensual,,,4,precio constante
50094188,2025-10-01,2025-10-31,mensual,,,0,n<3
50094188,2025-11-01,2025-11-30,mensual,,,1,n<3
50094188,2025-12-01,2025-12-31,mensual,,,0,n<3
50094188,2026-01-01,2026-01-31,mensual,,,3,precio constante
50094188,2026-02-01,2026-02-28,mensual,,,1,n<3
50094188,2024-02-01,2024-04-30,trimestral,,,1,n<3
50094188,2024-03-01,2024-05-31,trimestral,,,1,n<3
50094188,2024-04-01,2024-06-30,trimestral,,,1,n<3
50094188,2024-05-01,2024-07-31,trimestral,,,2,n<3
50094188,2024-06-01,2024-08-31,trimestral,,,3,qty constante
50094188,2024-07-01,2024-09-30,trimestral,,,4,qty constante
50094188,2024-08-01,2024-10-31,trimestral,,,4,qty constante
50094188,2024-09-01,2024-11-30,trimestral,,,2,n<3
50094188,2024-10-01,2024-12-31,trimestral,,,1,n<3
50094188,2024-11-01,2025-01-31,trimestral,,,3,precio constante
50094188,2024-12-01,2025-02-28,trimestral,,,4,precio constante
50094188,2025-01-01,2025-03-31,trimestral,,,5,precio constante
50094188,2025-02-01,2025-04-30,trimestral,,,2,n<3
50094188,2025-03-01,2025-05-31,trimestral,,,2,n<3
50094188,2025-04-01,2025-06-30,trimestral,,,1,n<3
50094188,2025-05-01,2025-07-31,trimestral,,,1,n<3
50094188,2025-06-01,2025-08-31,trimestral,,,1,n<3
50094188,2025-07-01,2025-09-30,trimestral,,,5,precio constante
50094188,2025-08-01,2025-10-31,trimestral,,,5,precio constante
50094188,2025-09-01,2025-11-30,trimestral,,,5,precio constante
50094188,2025-10-01,2025-12-31,trimestral,,,1,n<3
50094188,2025-11-01,2026-01-31,trimestral,,,4,precio constante
50094188,2025-12-01,2026-02-28,trimestral,,,4,precio constante
50094188,2024-02-01,2024-07-31,semestral,,,3,precio constante
50094188,2024-03-01,2024-08-31,semestral,,,4,qty constante
50094188,2024-04-01,2024-09-30,semestral,,,5,qty constante
50094188,2024-05-01,2024-10-31,semestral,,,6,qty constante
50094188,2024-06-01,2024-11-30,semestral,,,5,qty constante
50094188,2024-07-01,2024-12-31,semestral,,,5,qty constante
50094188,2024-08-01,2025-01-31,semestral,,,7,qty constante
50094188,2024-09-01,2025-02-28,semestral,,,6,qty constante
50094188,2024-10-01,2025-03-31,semestral,,,6,qty constante
50094188,2024-11-01,2025-04-30,semestral,,,5,precio constante
50094188,2024-12-01,2025-05-31,semestral,,,6,precio constante
50094188,2025-01-01,2025-06-30,semestral,,,6,precio constante
50094188,2025-02-01,2025-07-31,semestral,,,3,precio constante
50094188,2025-03-01,2025-08-31,semestral,,,3,precio constante
50094188,2025-04-01,2025-09-30,semestral,,,6,precio constante
50094188,2025-05-01,2025-10-31,semestral,,,6,precio constante
50094188,2025-06-01,2025-11-30,semestral,,,6,precio constante
50094188,2025-07-01,2025-12-31,semestral,,,6,precio constante
50094188,2025-08-01,2026-01-31,semestral,,,9,precio constante
50094188,2025-09-01,2026-02-28,semestral,,,9,precio constante
50094189,2024-02-01,2024-02-29,mensual,,,1,n<3
50094189,2024-03-01,2024-03-31,mensual,,,2,n<3
50094189,2024-04-01,2024-04-30,mensual,,,1,n<3
50094189,2024-05-01,2024-05-31,mensual,,,0,n<3
50094189,2024-06-01,2024-06-30,mensual,,,0,n<3
50094189,2024-07-01,2024-07-31,mensual,,,1,n<3
50094189,2024-08-01,2024-08-31,mensual,,,0,n<3
50094189,2024-09-01,2024-09-30,mensual,,,1,n<3
50094189,2024-10-01,2024-10-31,mensual,,,0,n<3
50094189,2024-11-01,2024-11-30,mensual,,,1,n<3
50094189,2024-12-01,2024-12-31,mensual,,,1,n<3
50094189,2025-01-01,2025-01-31,mensual,,,1,n<3
50094189,2024-02-01,2024-04-30,trimestral,,,4,precio constante
50094189,2024-03-01,2024-05-31,trimestral,,,3,precio constante
50094189,2024-04-01,2024-06-30,trimestral,,,1,n<3
50094189,2024-05-01,2024-07-31,trimestral,,,1,n<3
50094189,2024-06-01,2024-08-31,trimestral,,,1,n<3
50094189,2024-07-01,2024-09-30,trimestral,,,2,n<3
50094189,2024-08-01,2024-10-31,trimestral,,,1,n<3
50094189,2024-09-01,2024-11-30,trimestral,,,2,n<3
50094189,2024-10-01,2024-12-31,trimestral,,,2,n<3
50094189,2024-11-01,2025-01-31,trimestral,-6.695461281142144,0.03523746026527341,3,valida
50094189,2024-02-01,2024-07-31,semestral,,,5,precio constante
50094189,2024-03-01,2024-08-31,semestral,,,4,precio constante
50094189,2024-04-01,2024-09-30,semestral,,,3,precio constante
50094189,2024-05-01,2024-10-31,semestral,,,2,n<3
50094189,2024-06-01,2024-11-30,semestral,,,3,precio constante
50094189,2024-07-01,2024-12-31,semestral,,,4,precio constante
50094189,2024-08-01,2025-01-31,semestral,0.05347617575552912,1.967831390947694e-06,4,valida
50094190,2024-03-01,2024-03-31,mensual,,,2,n<3
50094190,2024-04-01,2024-04-30,mensual,,,0,n<3
50094190,2024-05-01,2024-05-31,mensual,,,0,n<3
50094190,2024-06-01,2024-06-30,mensual,,,1,n<3
50094190,2024-07-01,2024-07-31,mensual,,,1,n<3
50094190,2024-08-01,2024-08-31,mensual,,,0,n<3
50094190,2024-09-01,2024-09-30,mensual,,,1,n<3
50094190,2024-10-01,2024-10-31,mensual,,,1,n<3
50094190,2024-11-01,2024-11-30,mensual,,,1,n<3
50094190,2024-12-01,2024-12-31,mensual,,,1,n<3
50094190,2025-01-01,2025-01-31,mensual,,,1,n<3
50094190,2024-03-01,2024-05-31,trimestral,,,2,n<3
50094190,2024-04-01,2024-06-30,trimestral,,,1,n<3
50094190,2024-05-01,2024-07-31,trimestral,,,2,n<3
50094190,2024-06-01,2024-08-31,trimestral,,,2,n<3
50094190,2024-07-01,2024-09-30,trimestral,,,2,n<3
50094190,2024-08-01,2024-10-31,trimestral,,,2,n<3
50094190,2024-09-01,2024-11-30,trimestral,,,3,precio constante
50094190,2024-10-01,2024-12-31,trimestral,,,3,precio constante
50094190,2024-11-01,2025-01-31,trimestral,,,3,qty constante
50094190,2024-03-01,2024-08-31,semestral,-3.2333110824890112,0.11111111111111105,4,valida
50094190,2024-04-01,2024-09-30,semestral,-4.84996662373321,0.2500000000000001,3,valida
50094190,2024-05-01,2024-10-31,semestral,-3.2333110824890112,0.11111111111111105,4,valida
50094190,2024-06-01,2024-11-30,semestral,-2.4249833118667405,0.06249999999999989,5,valida
50094190,2024-07-01,2024-12-31,semestral,-2.4249833118666717,0.06249999999999989,5,valida
50094190,2024-08-01,2025-01-31,semestral,-1.410696600415036,0.06250000000000022,5,valida
50094191,2024-01-01,2024-01-31,mensual,,,2,n<3
50094191,2024-02-01,2024-02-29,mensual,,,0,n<3
50094191,2024-03-01,2024-03-31,mensual,,,1,n<3
50094191,2024-04-01,2024-04-30,mensual,,,1,n<3
50094191,2024-05-01,2024-05-31,mensual,,,0,n<3
50094191,2024-06-01,2024-06-30,mensual,,,1,n<3
50094191,2024-07-01,2024-07-31,mensual,,,0,n<3
50094191,2024-08-01,2024-08-31,mensual,,,1,n<3
50094191,2024-09-01,2024-09-30,mensual,,,0,n<3
50094191,2024-10-01,2024-10-31,mensual,,,0,n<3
50094191,2024-11-01,2024-11-30,mensual,,,2,n<3
50094191,2024-12-01,2024-12-31,mensual,,,0,n<3
50094191,2025-01-01,2025-01-31,mensual,,,1,n<3
50094191,2024-01-01,2024-03-31,trimestral,,,3,precio constante
50094191,2024-02-01,2024-04-30,trimestral,,,2,n<3
50094191,2024-03-01,2024-05-31,trimestral,,,2,n<3
50094191,2024-04-01,2024-06-30,trimestral,,,2,n<3
50094191,2024-05-01,2024-07-31,trimestral,,,1,n<3
50094191,2024-06-01,2024-08-31,trimestral,,,2,n<3
50094191,2024-07-01,2024-09-30,trimestral,,,1,n<3
50094191,2024-08-01,2024-10-31,trimestral,,,1,n<3
50094191,2024-09-01,2024-11-30,trimestral,,,2,n<3
50094191,2024-10-01,2024-12-31,trimestral,,,2,n<3
50094191,2024-11-01,2025-01-31,trimestral,-6.7166285182284255,0.2500000000000001,3,valida
50094191,2024-01-01,2024-06-30,semestral,,,5,precio constante
50094191,2024-02-01,2024-07-31,semestral,,,3,precio constante
50094191,2024-03-01,2024-08-31,semestral,,,4,precio constante
50094191,2024-04-01,2024-09-30,semestral,,,3,precio constante
50094191,2024-05-01,2024-10-31,semestral,,,2,n<3
50094191,2024-06-01,2024-11-30,semestral,,,4,precio constante
50094191,2024-07-01,2024-12-31,semestral,,,3,precio constante
50094191,2024-08-01,2025-01-31,semestral,-14.854807261903371,0.2522773251497771,4,valida
50094192,2024-01-01,2024-01-31,mensual,,,1,n<3
50094192,2024-02-01,2024-02-29,mensual,,,0,n<3
50094192,2024-03-01,2024-03-31,mensual,,,0,n<3
50094192,2024-04-01,2024-04-30,mensual,,,0,n<3
50094192,2024-05-01,2024-05-31,mensual,,,1,n<3
50094192,2024-06-01,2024-06-30,mensual,,,1,n<3
50094192,2024-07-01,2024-07-31,mensual,,,0,n<3
50094192,2024-08-01,2024-08-31,mensual,,,0,n<3
50094192,2024-09-01,2024-09-30,mensual,,,0,n<3
50094192,2024-10-01,2024-10-31,mensual,,,0,n<3
50094192,2024-11-01,2024-11-30,mensual,,,0,n<3
50094192,2024-12-01,2024-12-31,mensual,,,0,n<3
50094192,2025-01-01,2025-01-31,mensual,,,0,n<3
50094192,2025-02-01,2025-02-28,mensual,,,1,n<3
50094192,2025-03-01,2025-03-31,mensual,,,1,n<3
50094192,2024-01-01,2024-03-31,trimestral,,,1,n<3
50094192,2024-02-01,2024-04-30,trimestral,,,0,n<3
50094192,2024-03-01,2024-05-31,trimestral,,,1,n<3
50094192,2024-04-01,2024-06-30,trimestral,,,2,n<3
50094192,2024-05-01,2024-07-31,trimestral,,,2,n<3
50094192,2024-06-01,2024-08-31,trimestral,,,1,n<3
50094192,2024-07-01,2024-09-30,trimestral,,,0,n<3
50094192,2024-08-01,2024-10-31,trimestral,,,0,n<3
50094192,2024-09-01,2024-11-30,trimestral,,,0,n<3
50094192,2024-10-01,2024-12-31,trimestral,,,0,n<3
50094192,2024-11-01,2025-01-31,trimestral,,,0,n<3
50094192,2024-12-01,2025-02-28,trimestral,,,1,n<3
50094192,2025-01-01,2025-03-31,trimestral,,,2,n<3
50094192,2024-01-01,2024-06-30,semestral,,,3,precio constante
50094192,2024-02-01,2024-07-31,semestral,,,2,n<3
50094192,2024-03-01,2024-08-31,semestral,,,2,n<3
50094192,2024-04-01,2024-09-30,semestral,,,2,n<3
50094192,2024-05-01,2024-10-31,semestral,,,2,n<3
50094192,2024-06-01,2024-11-30,semestral,,,1,n<3
50094192,2024-07-01,2024-12-31,semestral,,,0,n<3
50094192,2024-08-01,2025-01-31,semestral,,,0,n<3
50094192,2024-09-01,2025-02-28,semestral,,,1,n<3
50094192,2024-10-01,2025-03-31,semestral,,,2,n<3
50094193,2024-02-01,2024-02-29,mensual,,,1,n<3
50094193,2024-03-01,2024-03-31,mensual,,,1,n<3
50094193,2024-04-01,2024-04-30,mensual,,,1,n<3
50094193,2024-05-01,2024-05-31,mensual,,,3,precio constante
50094193,2024-06-01,2024-06-30,mensual,,,1,n<3
50094193,2024-07-01,2024-07-31,mensual,,,2,n<3
50094193,2024-08-01,2024-08-31,mensual,,,1,n<3
50094193,2024-09-01,2024-09-30,mensual,,,0,n<3
50094193,2024-10-01,2024-10-31,mensual,,,2,n<3
50094193,2024-02-01,2024-04-30,trimestral,,,3,precio constante
50094193,2024-03-01,2024-05-31,trimestral,,,5,precio constante
50094193,2024-04-01,2024-06-30,trimestral,,,5,precio constante
50094193,2024-05-01,2024-07-31,trimestral,,,6,precio constante
50094193,2024-06-01,2024-08-31,trimestral,,,4,qty constante
50094193,2024-07-01,2024-09-30,trimestral,,,3,qty constante
50094193,2024-08-01,2024-10-31,trimestral,,,3,qty constante
50094193,2024-02-01,2024-07-31,semestral,,,9,precio constante
50094193,2024-03-01,2024-08-31,semestral,0.5331871061428025,0.01562500000000011,9,valida
50094193,2024-04-01,2024-09-30,semestral,,,8,qty constante
50094193,2024-05-01,2024-10-31,semestral,,,9,qty constante
50094194,2024-05-01,2024-05-31,mensual,,,1,n<3
50094194,2024-06-01,2024-06-30,mensual,,,2,n<3
50094194,2024-07-01,2024-07-31,mensual,,,0,n<3
50094194,2024-08-01,2024-08-31,mensual,,,0,n<3
50094194,2024-09-01,2024-09-30,mensual,,,0,n<3
50094194,2024-10-01,2024-10-31,mensual,,,1,n<3
50094194,2024-05-01,2024-07-31,trimestral,9.694725577678193,1.0,3,valida
50094194,2024-06-01,2024-08-31,trimestral,,,2,n<3
50094194,2024-07-01,2024-09-30,trimestral,,,0,n<3
50094194,2024-08-01,2024-10-31,trimestral,,,1,n<3
50094194,2024-05-01,2024-10-31,semestral,9.69472557767816,1.0,4,valida
50094195,2024-01-01,2024-01-31,mensual,,,1,n<3
50094195,2024-02-01,2024-02-29,mensual,,,0,n<3
50094195,2024-03-01,2024-03-31,mensual,,,1,n<3
50094195,2024-04-01,2024-04-30,mensual,,,1,n<3
50094195,2024-05-01,2024-05-31,mensual,,,1,n<3
50094195,2024-06-01,2024-06-30,mensual,,,0,n<3
50094195,2024-07-01,2024-07-31,mensual,,,4,precio constante
50094195,2024-08-01,2024-08-31,mensual,-8.873000827532836,1.0,4,valida
50094195,2024-09-01,2024-09-30,mensual,,,2,n<3
50094195,2024-10-01,2024-10-31,mensual,,,0,n<3
50094195,2024-11-01,2024-11-30,mensual,,,0,n<3
50094195,2024-12-01,2024-12-31,mensual,,,1,n<3
50094195,2025-01-01,2025-01-31,mensual,,,2,n<3
50094195,2025-02-01,2025-02-28,mensual,,,1,n<3
50094195,2025-03-01,2025-03-31,mensual,,,0,n<3
50094195,2025-04-01,2025-04-30,mensual,,,0,n<3
50094195,2025-05-01,2025-05-31,mensual,,,2,n<3
50094195,2025-06-01,2025-06-30,mensual,,,0,n<3
50094195,2025-07-01,2025-07-31,mensual,,,3,precio constante
50094195,2025-08-01,2025-08-31,mensual,,,1,n<3
50094195,2025-09-01,2025-09-30,mensual,,,1,n<3
50094195,2025-10-01,2025-10-31,mensual,,,0,n<3
50094195,2025-11-01,2025-11-30,mensual,,,1,n<3
50094195,2025-12-01,2025-12-31,mensual,,,1,n<3
50094195,2026-01-01,2026-01-31,mensual,,,1,n<3
50094195,2026-02-01,2026-02-28,mensual,,,0,n<3
50094195,2026-03-01,2026-03-31,mensual,,,0,n<3
50094195,2026-04-01,2026-04-30,mensual,,,2,n<3
50094195,2024-01-01,2024-03-31,trimestral,,,2,n<3
50094195,2024-02-01,2024-04-30,trimestral,,,2,n<3
50094195,2024-03-01,2024-05-31,trimestral,,,3,precio constante
50094195,2024-04-01,2024-06-30,trimestral,,,2,n<3
50094195,2024-05-01,2024-07-31,trimestral,,,5,precio constante
50094195,2024-06-01,2024-08-31,trimestral,-6.368177476251075,0.2401245749756633,8,valida
50094195,2024-07-01,2024-09-30,trimestral,-6.932596362789956,0.26140709195070955,10,valida
50094195,2024-08-01,2024-10-31,trimestral,-8.873000827532902,1.0,6,valida
50094195,2024-09-01,2024-11-30,trimestral,,,2,n<3
50094195,2024-10-01,2024-12-31,trimestral,,,1,n<3
50094195,2024-11-01,2025-01-31,trimestral,,,3,precio constante
50094195,2024-12-01,2025-02-28,trimestral,,,4,precio constante
50094195,2025-01-01,2025-03-31,trimestral,,,3,precio constante
50094195,2025-02-01,2025-04-30,trimestral,,,1,n<3
50094195,2025-03-01,2025-05-31,trimestral,,,2,n<3
50094195,2025-04-01,2025-06-30,trimestral,,,2,n<3
50094195,2025-05-01,2025-07-31,trimestral,,,5,precio constante
50094195,2025-06-01,2025-08-31,trimestral,,,4,precio constante
50094195,2025-07-01,2025-09-30,trimestral,,,5,precio constante
50094195,2025-08-01,2025-10-31,trimestral,,,2,n<3
50094195,2025-09-01,2025-11-30,trimestral,,,2,n<3
50094195,2025-10-01,2025-12-31,trimestral,,,2,n<3
50094195,2025-11-01,2026-01-31,trimestral,,,3,precio constante
50094195,2025-12-01,2026-02-28,trimestral,,,2,n<3
50094195,2026-01-01,2026-03-31,trimestral,,,1,n<3
50094195,2026-02-01,2026-04-30,trimestral,,,2,n<3
50094195,2024-01-01,2024-06-30,semestral,,,4,precio constante
50094195,2024-02-01,2024-07-31,semestral,,,7,precio constante
50094195,2024-03-01,2024-08-31,semestral,-7.130079853294927,0.2688535928371981,11,valida
50094195,2024-04-01,2024-09-30,semestral,-7.2916329203269905,0.27494526689962995,12,valida
50094195,2024-05-01,2024-10-31,semestral,-7.130079853295185,0.26885359283720567,11,valida
50094195,2024-06-01,2024-11-30,semestral,-6.932596362789956,0.26140709195070955,10,valida
50094195,2024-07-01,2024-12-31,semestral,-5.801298217389153,0.2697929701571339,11,valida
50094195,2024-08-01,2025-01-31,semestral,-4.667804507730052,0.6492796634999562,9,valida
50094195,2024-09-01,2025-02-28,semestral,,,6,qty constante
50094195,2024-10-01,2025-03-31,semestral,,,4,precio constante
50094195,2024-11-01,2025-04-30,semestral,,,4,precio constante
50094195,2024-12-01,2025-05-31,semestral,,,6,precio constante
50094195,2025-01-01,2025-06-30,semestral,,,5,precio constante
50094195,2025-02-01,2025-07-31,semestral,,,6,precio constante
50094195,2025-03-01,2025-08-31,semestral,,,6,precio constante
50094195,2025-04-01,2025-09-30,semestral,,,7,precio constante
50094195,2025-05-01,2025-10-31,semestral,,,7,precio constante
50094195,2025-06-01,2025-11-30,semestral,,,6,precio constante
50094195,2025-07-01,2025-12-31,semestral,,,7,precio constante
50094195,2025-08-01,2026-01-31,semestral,,,5,precio constante
50094195,2025-09-01,2026-02-28,semestral,,,4,precio constante
50094195,2025-10-01,2026-03-31,semestral,,,3,precio constante
50094195,2025-11-01,2026-04-30,semestral,,,5,precio constante
50094199,2024-01-01,2024-01-31,mensual,2.1261305012674825,0.24933059803159752,3,valida
50094199,2024-02-01,2024-02-29,mensual,,,2,n<3
50094199,2024-03-01,2024-03-31,mensual,,,1,n<3
50094199,2024-04-01,2024-04-30,mensual,,,1,n<3
50094199,2024-05-01,2024-05-31,mensual,,,0,n<3
50094199,2024-06-01,2024-06-30,mensual,,,0,n<3
50094199,2024-07-01,2024-07-31,mensual,,,1,n<3
50094199,2024-08-01,2024-08-31,mensual,,,4,qty constante
50094199,2024-09-01,2024-09-30,mensual,,,2,n<3
50094199,2024-10-01,2024-10-31,mensual,,,1,n<3
50094199,2024-11-01,2024-11-30,mensual,,,2,n<3
50094199,2024-12-01,2024-12-31,mensual,,,1,n<3
50094199,2025-01-01,2025-01-31,mensual,,,1,n<3
50094199,2025-02-01,2025-02-28,mensual,,,0,n<3
50094199,2025-03-01,2025-03-31,mensual,,,3,precio constante
50094199,2025-04-01,2025-04-30,mensual,,,0,n<3
50094199,2025-05-01,2025-05-31,mensual,,,0,n<3
50094199,2025-06-01,2025-06-30,mensual,,,0,n<3
50094199,2025-07-01,2025-07-31,mensual,,,0,n<3
50094199,2025-08-01,2025-08-31,mensual,,,1,n<3
50094199,2024-01-01,2024-03-31,trimestral,1.6975586230761706,0.09935806318969742,6,valida
50094199,2024-02-01,2024-04-30,trimestral,,,4,precio constante
50094199,2024-03-01,2024-05-31,trimestral,,,2,n<3
50094199,2024-04-01,2024-06-30,trimestral,,,1,n<3
50094199,2024-05-01,2024-07-31,trimestral,,,1,n<3
50094199,2024-06-01,2024-08-31,trimestral,1.0852900213678145,0.26688687272626943,5,valida
50094199,2024-07-01,2024-09-30,trimestral,0.916332485283636,0.1613967188808273,7,valida
50094199,2024-08-01,2024-10-31,trimestral,0.45796907376384,0.06720368612496042,7,valida
50094199,2024-09-01,2024-11-30,trimestral,-4.8847648520766365,0.1683687738587879,5,valida
50094199,2024-10-01,2024-12-31,trimestral,,,4,precio constante
50094199,2024-11-01,2025-01-31,trimestral,,,4,precio constante
50094199,2024-12-01,2025-02-28,trimestral,,,2,n<3
50094199,2025-01-01,2025-03-31,trimestral,,,4,precio constante
50094199,2025-02-01,2025-04-30,trimestral,,,3,precio constante
50094199,2025-03-01,2025-05-31,trimestral,,,3,precio constante
50094199,2025-04-01,2025-06-30,trimestral,,,0,n<3
50094199,2025-05-01,2025-07-31,trimestral,,,0,n<3
50094199,2025-06-01,2025-08-31,trimestral,,,1,n<3
50094199,2024-01-01,2024-06-30,semestral,1.413196678564728,0.06611222053319987,7,valida
50094199,2024-02-01,2024-07-31,semestral,,,5,precio constante
50094199,2024-03-01,2024-08-31,semestral,0.593473134394029,0.0972536679237701,7,valida
50094199,2024-04-01,2024-09-30,semestral,0.762989118175739,0.11196319610237093,8,valida
50094199,2024-05-01,2024-10-31,semestral,0.762989118175739,0.11196319610237093,8,valida
50094199,2024-06-01,2024-11-30,semestral,0.8576442127310148,0.10784843850080905,10,valida
50094199,2024-07-01,2024-12-31,semestral,0.7619759708562502,0.08382094462505574,11,valida
50094199,2024-08-01,2025-01-31,semestral,0.5078087693236053,0.04964270592083753,11,valida
50094199,2024-09-01,2025-02-28,semestral,-3.2719372390073818,0.06794102280274661,7,valida
50094199,2024-10-01,2025-03-31,semestral,,,8,precio constante
50094199,2024-11-01,2025-04-30,semestral,,,7,precio constante
50094199,2024-12-01,2025-05-31,semestral,,,5,precio constante
50094199,2025-01-01,2025-06-30,semestral,,,4,precio constante
50094199,2025-02-01,2025-07-31,semestral,,,3,precio constante
50094199,2025-03-01,2025-08-31,semestral,17.53448524391682,0.2998785284730503,4,valida
50094200,2024-01-01,2024-01-31,mensual,,,7,precio constante
50094200,2024-02-01,2024-02-29,mensual,,,6,precio constante
50094200,2024-03-01,2024-03-31,mensual,,,0,n<3
50094200,2024-04-01,2024-04-30,mensual,,,0,n<3
50094200,2024-05-01,2024-05-31,mensual,,,1,n<3
50094200,2024-06-01,2024-06-30,mensual,,,0,n<3
50094200,2024-07-01,2024-07-31,mensual,,,1,n<3
50094200,2024-08-01,2024-08-31,mensual,,,6,qty constante
50094200,2024-09-01,2024-09-30,mensual,,,0,n<3
50094200,2024-10-01,2024-10-31,mensual,,,2,n<3
50094200,2024-11-01,2024-11-30,mensual,,,1,n<3
50094200,2024-12-01,2024-12-31,mensual,,,0,n<3
50094200,2025-01-01,2025-01-31,mensual,,,1,n<3
50094200,2025-02-01,2025-02-28,mensual,,,1,n<3
50094200,2025-03-01,2025-03-31,mensual,,,0,n<3
50094200,2025-04-01,2025-04-30,mensual,,,1,n<3
50094200,2025-05-01,2025-05-31,mensual,,,1,n<3
50094200,2025-06-01,2025-06-30,mensual,,,2,n<3
50094200,2025-07-01,2025-07-31,mensual,,,0,n<3
50094200,2025-08-01,2025-08-31,mensual,0.2394879999524148,0.00575532824030045,23,valida
50094200,2025-09-01,2025-09-30,mensual,,,0,n<3
50094200,2025-10-01,2025-10-31,mensual,,,1,n<3
50094200,2025-11-01,2025-11-30,mensual,,,1,n<3
50094200,2025-12-01,2025-12-31,mensual,,,2,n<3
50094200,2026-01-01,2026-01-31,mensual,,,6,precio constante
50094200,2026-02-01,2026-02-28,mensual,-1.5958755733761882,0.027182961833354446,7,valida
50094200,2026-03-01,2026-03-31,mensual,,,2,n<3
50094200,2026-04-01,2026-04-30,mensual,,,2,n<3
50094200,2024-01-01,2024-03-31,trimestral,,,13,precio constante
50094200,2024-02-01,2024-04-30,trimestral,,,6,precio constante
50094200,2024-03-01,2024-05-31,trimestral,,,1,n<3
50094200,2024-04-01,2024-06-30,trimestral,,,1,n<3
50094200,2024-05-01,2024-07-31,trimestral,,,2,n<3
50094200,2024-06-01,2024-08-31,trimestral,0.7057551268058068,0.02748921865635834,7,valida
50094200,2024-07-01,2024-09-30,trimestral,0.7057551268058068,0.02748921865635834,7,valida
50094200,2024-08-01,2024-10-31,trimestral,,,8,qty constante
50094200,2024-09-01,2024-11-30,trimestral,,,3,precio constante
50094200,2024-10-01,2024-12-31,trimestral,,,3,precio constante
50094200,2024-11-01,2025-01-31,trimestral,,,2,n<3
50094200,2024-12-01,2025-02-28,trimestral,,,2,n<3
50094200,2025-01-01,2025-03-31,trimestral,,,2,n<3
50094200,2025-02-01,2025-04-30,trimestral,,,2,n<3
50094200,2025-03-01,2025-05-31,trimestral,,,2,n<3
50094200,2025-04-01,2025-06-30,trimestral,,,4,precio constante
50094200,2025-05-01,2025-07-31,trimestral,,,3,precio constante
50094200,2025-06-01,2025-08-31,trimestral,0.2430085471860606,0.005617161437725504,25,valida
50094200,2025-07-01,2025-09-30,trimestral,0.2394879999524148,0.00575532824030045,23,valida
50094200,2025-08-01,2025-10-31,trimestral,0.38000741678474015,0.011562831073923752,24,valida
50094200,2025-09-01,2025-11-30,trimestral,,,2,n<3
50094200,2025-10-01,2025-12-31,trimestral,,,4,precio constante
50094200,2025-11-01,2026-01-31,trimestral,,,9,precio constante
50094200,2025-12-01,2026-02-28,trimestral,-1.3499114041434916,0.010473778266621658,15,valida
50094200,2026-01-01,2026-03-31,trimestral,-2.0292238153287734,0.01708874366298274,15,valida
50094200,2026-02-01,2026-04-30,trimestral,-1.9045642255818525,0.021506275411301123,11,valida
50094200,2024-01-01,2024-06-30,semestral,,,14,precio constante
50094200,2024-02-01,2024-07-31,semestral,,,8,precio constante
50094200,2024-03-01,2024-08-31,semestral,0.6043644398271377,0.020159074125960852,8,valida
50094200,2024-04-01,2024-09-30,semestral,0.6043644398271377,0.020159074125960852,8,valida
50094200,2024-05-01,2024-10-31,semestral,0.4691902664906025,0.012150534427563864,10,valida
50094200,2024-06-01,2024-11-30,semestral,0.4691902664906025,0.012150534427563864,10,valida
50094200,2024-07-01,2024-12-31,semestral,0.4691902664906025,0.012150534427563864,10,valida
50094200,2024-08-01,2025-01-31,semestral,,,10,qty constante
50094200,2024-09-01,2025-02-28,semestral,,,5,qty constante
50094200,2024-10-01,2025-03-31,semestral,,,5,qty constante
50094200,2024-11-01,2025-04-30,semestral,,,4,qty constante
50094200,2024-12-01,2025-05-31,semestral,,,4,precio constante
50094200,2025-01-01,2025-06-30,semestral,,,6,precio constante
50094200,2025-02-01,2025-07-31,semestral,,,5,precio constante
50094200,2025-03-01,2025-08-31,semestral,0.2277312058562225,0.004781400281758885,27,valida
50094200,2025-04-01,2025-09-30,semestral,0.2277312058562225,0.004781400281758885,27,valida
50094200,2025-05-01,2025-10-31,semestral,0.3732563318387031,0.010517837175702427,27,valida
50094200,2025-06-01,2025-11-30,semestral,0.3382441042463919,0.008695131619939067,27,valida
50094200,2025-07-01,2025-12-31,semestral,0.2625034910808938,0.005354338326451713,27,valida
50094200,2025-08-01,2026-01-31,semestral,0.1614503110927241,0.0019047058464416455,33,valida
50094200,2025-09-01,2026-02-28,semestral,-2.3582629397140304,0.011042660173906538,17,valida
50094200,2025-10-01,2026-03-31,semestral,-2.615659831205338,0.012168144988436436,19,valida
50094200,2025-11-01,2026-04-30,semestral,-1.4808067872295694,0.008719578464397748,20,valida
50094201,2024-01-01,2024-01-31,mensual,,,1,n<3
50094201,2024-02-01,2024-02-29,mensual,,,1,n<3
50094201,2024-03-01,2024-03-31,mensual,,,3,precio constante
50094201,2024-04-01,2024-04-30,mensual,,,1,n<3
50094201,2024-05-01,2024-05-31,mensual,,,1,n<3
50094201,2024-06-01,2024-06-30,mensual,,,1,n<3
50094201,2024-07-01,2024-07-31,mensual,,,1,n<3
50094201,2024-08-01,2024-08-31,mensual,,,6,qty constante
50094201,2024-09-01,2024-09-30,mensual,,,1,n<3
50094201,2024-10-01,2024-10-31,mensual,,,1,n<3
50094201,2024-11-01,2024-11-30,mensual,,,0,n<3
50094201,2024-12-01,2024-12-31,mensual,,,0,n<3
50094201,2025-01-01,2025-01-31,mensual,,,0,n<3
50094201,2025-02-01,2025-02-28,mensual,,,1,n<3
50094201,2024-01-01,2024-03-31,trimestral,7.261748614934331,0.3728186642080652,5,valida
50094201,2024-02-01,2024-04-30,trimestral,7.261748614934334,0.37281866420805887,5,valida
50094201,2024-03-01,2024-05-31,trimestral,,,5,precio constante
50094201,2024-04-01,2024-06-30,trimestral,,,3,precio constante
50094201,2024-05-01,2024-07-31,trimestral,,,3,precio constante
50094201,2024-06-01,2024-08-31,trimestral,,,8,qty constante
50094201,2024-07-01,2024-09-30,trimestral,,,8,qty constante
50094201,2024-08-01,2024-10-31,trimestral,,,8,qty constante
50094201,2024-09-01,2024-11-30,trimestral,,,2,n<3
50094201,2024-10-01,2024-12-31,trimestral,,,1,n<3
50094201,2024-11-01,2025-01-31,trimestral,,,0,n<3
50094201,2024-12-01,2025-02-28,trimestral,,,1,n<3
50094201,2024-01-01,2024-06-30,semestral,8.303281215812271,0.4262910182619972,8,valida
50094201,2024-02-01,2024-07-31,semestral,8.303281215812273,0.4262910182619971,8,valida
50094201,2024-03-01,2024-08-31,semestral,0.3505754427491989,0.006776475694167172,13,valida
50094201,2024-04-01,2024-09-30,semestral,,,11,qty constante
50094201,2024-05-01,2024-10-31,semestral,,,11,qty constante
50094201,2024-06-01,2024-11-30,semestral,,,10,qty constante
50094201,2024-07-01,2024-12-31,semestral,,,9,qty constante
50094201,2024-08-01,2025-01-31,semestral,,,8,qty constante
50094201,2024-09-01,2025-02-28,semestral,,,3,qty constante
50094202,2024-03-01,2024-03-31,mensual,,,1,n<3
50094202,2024-04-01,2024-04-30,mensual,,,1,n<3
50094202,2024-05-01,2024-05-31,mensual,,,0,n<3
50094202,2024-06-01,2024-06-30,mensual,,,0,n<3
50094202,2024-07-01,2024-07-31,mensual,,,1,n<3
50094202,2024-08-01,2024-08-31,mensual,,,1,n<3
50094202,2024-09-01,2024-09-30,mensual,,,0,n<3
50094202,2024-10-01,2024-10-31,mensual,,,0,n<3
50094202,2024-11-01,2024-11-30,mensual,,,1,n<3
50094202,2024-12-01,2024-12-31,mensual,,,0,n<3
50094202,2025-01-01,2025-01-31,mensual,,,1,n<3
50094202,2025-02-01,2025-02-28,mensual,,,0,n<3
50094202,2025-03-01,2025-03-31,mensual,,,1,n<3
50094202,2024-03-01,2024-05-31,trimestral,,,2,n<3
50094202,2024-04-01,2024-06-30,trimestral,,,1,n<3
50094202,2024-05-01,2024-07-31,trimestral,,,1,n<3
50094202,2024-06-01,2024-08-31,trimestral,,,2,n<3
50094202,2024-07-01,2024-09-30,trimestral,,,2,n<3
50094202,2024-08-01,2024-10-31,trimestral,,,1,n<3
50094202,2024-09-01,2024-11-30,trimestral,,,1,n<3
50094202,2024-10-01,2024-12-31,trimestral,,,1,n<3
50094202,2024-11-01,2025-01-31,trimestral,,,2,n<3
50094202,2024-12-01,2025-02-28,trimestral,,,1,n<3
50094202,2025-01-01,2025-03-31,trimestral,,,2,n<3
50094202,2024-03-01,2024-08-31,semestral,,,4,precio constante
50094202,2024-04-01,2024-09-30,semestral,,,3,precio constante
50094202,2024-05-01,2024-10-31,semestral,,,2,n<3
50094202,2024-06-01,2024-11-30,semestral,,,3,precio constante
50094202,2024-07-01,2024-12-31,semestral,,,3,precio constante
50094202,2024-08-01,2025-01-31,semestral,,,3,qty constante
50094202,2024-09-01,2025-02-28,semestral,,,2,n<3
50094202,2024-10-01,2025-03-31,semestral,,,3,qty constante
50094203,2024-01-01,2024-01-31,mensual,,,1,n<3
50094203,2024-02-01,2024-02-29,mensual,,,0,n<3
50094203,2024-03-01,2024-03-31,mensual,,,1,n<3
50094203,2024-04-01,2024-04-30,mensual,,,1,n<3
50094203,2024-05-01,2024-05-31,mensual,,,2,n<3
50094203,2024-06-01,2024-06-30,mensual,,,0,n<3
50094203,2024-07-01,2024-07-31,mensual,,,1,n<3
50094203,2024-08-01,2024-08-31,mensual,,,0,n<3
50094203,2024-09-01,2024-09-30,mensual,,,1,n<3
50094203,2024-10-01,2024-10-31,mensual,,,0,n<3
50094203,2024-11-01,2024-11-30,mensual,,,1,n<3
50094203,2024-12-01,2024-12-31,mensual,,,0,n<3
50094203,2025-01-01,2025-01-31,mensual,,,0,n<3
50094203,2025-02-01,2025-02-28,mensual,,,0,n<3
50094203,2025-03-01,2025-03-31,mensual,,,0,n<3
50094203,2025-04-01,2025-04-30,mensual,,,1,n<3
50094203,2025-05-01,2025-05-31,mensual,,,1,n<3
50094203,2024-01-01,2024-03-31,trimestral,,,2,n<3
50094203,2024-02-01,2024-04-30,trimestral,,,2,n<3
50094203,2024-03-01,2024-05-31,trimestral,,,4,precio constante
50094203,2024-04-01,2024-06-30,trimestral,,,3,precio constante
50094203,2024-05-01,2024-07-31,trimestral,,,3,precio constante
50094203,2024-06-01,2024-08-31,trimestral,,,1,n<3
50094203,2024-07-01,2024-09-30,trimestral,,,2,n<3
50094203,2024-08-01,2024-10-31,trimestral,,,1,n<3
50094203,2024-09-01,2024-11-30,trimestral,,,2,n<3
50094203,2024-10-01,2024-12-31,trimestral,,,1,n<3
50094203,2024-11-01,2025-01-31,trimestral,,,1,n<3
50094203,2024-12-01,2025-02-28,trimestral,,,0,n<3
50094203,2025-01-01,2025-03-31,trimestral,,,0,n<3
50094203,2025-02-01,2025-04-30,trimestral,,,1,n<3
50094203,2025-03-01,2025-05-31,trimestral,,,2,n<3
50094203,2024-01-01,2024-06-30,semestral,,,5,precio constante
50094203,2024-02-01,2024-07-31,semestral,,,5,precio constante
50094203,2024-03-01,2024-08-31,semestral,,,5,precio constante
50094203,2024-04-01,2024-09-30,semestral,,,5,precio constante
50094203,2024-05-01,2024-10-31,semestral,,,4,precio constante
50094203,2024-06-01,2024-11-30,semestral,,,3,qty constante
50094203,2024-07-01,2024-12-31,semestral,,,3,qty constante
50094203,2024-08-01,2025-01-31,semestral,,,2,n<3
50094203,2024-09-01,2025-02-28,semestral,,,2,n<3
50094203,2024-10-01,2025-03-31,semestral,,,1,n<3
50094203,2024-11-01,2025-04-30,semestral,,,2,n<3
50094203,2024-12-01,2025-05-31,semestral,,,2,n<3
50094204,2024-06-01,2024-06-30,mensual,,,1,n<3
50099645,2024-01-01,2024-01-31,mensual,,,3,precio constante
50099645,2024-02-01,2024-02-29,mensual,,,8,precio constante
50099645,2024-03-01,2024-03-31,mensual,,,4,precio constante
50099645,2024-04-01,2024-04-30,mensual,,,1,n<3
50099645,2024-05-01,2024-05-31,mensual,,,3,precio constante
50099645,2024-06-01,2024-06-30,mensual,-9.687838319174599,0.2727272727272728,4,valida
50099645,2024-07-01,2024-07-31,mensual,,,3,precio constante
50099645,2024-08-01,2024-08-31,mensual,,,5,precio constante
50099645,2024-09-01,2024-09-30,mensual,,,3,precio constante
50099645,2024-10-01,2024-10-31,mensual,,,10,precio constante
50099645,2024-11-01,2024-11-30,mensual,-5.008539753623104,0.09286657276777754,6,valida
50099645,2024-12-01,2024-12-31,mensual,-8.237325819085916,0.033559310312743174,7,valida
50099645,2025-01-01,2025-01-31,mensual,,,3,precio constante
50099645,2025-02-01,2025-02-28,mensual,-0.944173655452782,0.9928427355054392,3,valida
50099645,2025-03-01,2025-03-31,mensual,,,2,n<3
50099645,2025-04-01,2025-04-30,mensual,-2.4249833118666397,0.06249999999999989,5,valida
50099645,2025-05-01,2025-05-31,mensual,,,2,n<3
50099645,2025-06-01,2025-06-30,mensual,,,7,precio constante
50099645,2025-07-01,2025-07-31,mensual,,,3,precio constante
50099645,2025-08-01,2025-08-31,mensual,,,3,qty constante
50099645,2025-09-01,2025-09-30,mensual,,,7,qty constante
50099645,2025-10-01,2025-10-31,mensual,-2.9585027349384547,0.0388529405015966,11,valida
50099645,2025-11-01,2025-11-30,mensual,-5.040737492487578,0.09406641827818951,6,valida
50099645,2025-12-01,2025-12-31,mensual,0.5365922740153282,0.0012684269987124352,11,valida
50099645,2026-01-01,2026-01-31,mensual,164.41600070126506,0.11921410798950316,4,valida
50099645,2026-02-01,2026-02-28,mensual,,,5,precio constante
50099645,2026-03-01,2026-03-31,mensual,,,3,precio constante
50099645,2026-04-01,2026-04-30,mensual,,,5,precio constante
50099645,2024-01-01,2024-03-31,trimestral,,,15,precio constante
50099645,2024-02-01,2024-04-30,trimestral,,,13,precio constante
50099645,2024-03-01,2024-05-31,trimestral,,,8,precio constante
50099645,2024-04-01,2024-06-30,trimestral,-5.53590761095686,0.0714285714285714,8,valida
50099645,2024-05-01,2024-07-31,trimestral,-6.458558879449377,0.06250000000000022,10,valida
50099645,2024-06-01,2024-08-31,trimestral,-6.680171851271935,0.04003093591200957,12,valida
50099645,2024-07-01,2024-09-30,trimestral,,,11,precio constante
50099645,2024-08-01,2024-10-31,trimestral,,,18,precio constante
50099645,2024-09-01,2024-11-30,trimestral,-3.544114002489486,0.017536690202419547,19,valida
50099645,2024-10-01,2024-12-31,trimestral,2.6012259449310733,0.01054169766585722,23,valida
50099645,2024-11-01,2025-01-31,trimestral,-1.28790980799262,0.0023966613338376463,16,valida
50099645,2024-12-01,2025-02-28,trimestral,-0.4630814372242381,0.011726766225649832,13,valida
50099645,2025-01-01,2025-03-31,trimestral,-0.14271018870276522,0.002879615145493064,8,valida
50099645,2025-02-01,2025-04-30,trimestral,-0.3848080511045437,0.019250544478744414,10,valida
50099645,2025-03-01,2025-05-31,trimestral,-0.14170619933640335,0.00025950144296515987,9,valida
50099645,2025-04-01,2025-06-30,trimestral,-0.9275689473588817,0.1707832443921058,14,valida
50099645,2025-05-01,2025-07-31,trimestral,,,12,precio constante
50099645,2025-06-01,2025-08-31,trimestral,0.1620129304320784,0.006944444444444753,13,valida
50099645,2025-07-01,2025-09-30,trimestral,0.10725957881391505,0.003242793885033235,13,valida
50099645,2025-08-01,2025-10-31,trimestral,0.2986985929001424,0.01052498476124597,21,valida
50099645,2025-09-01,2025-11-30,trimestral,-0.891737106500726,0.003849876344263592,24,valida
50099645,2025-10-01,2025-12-31,trimestral,-1.0375879378206996,0.0047382524232275625,28,valida
50099645,2025-11-01,2026-01-31,trimestral,-0.4873758797180683,0.0007369936132511912,21,valida
50099645,2025-12-01,2026-02-28,trimestral,0.8809844332835183,0.0015278204419151287,20,valida
50099645,2026-01-01,2026-03-31,trimestral,66.31651491695034,0.009849484749585802,12,valida
50099645,2026-02-01,2026-04-30,trimestral,,,13,precio constante
50099645,2024-01-01,2024-06-30,semestral,-7.423171267942643,0.013705554132549147,23,valida
50099645,2024-02-01,2024-07-31,semestral,-7.605835482728879,0.014088025141618221,23,valida
50099645,2024-03-01,2024-08-31,semestral,-6.592134601689998,0.016272803967546268,20,valida
50099645,2024-04-01,2024-09-30,semestral,-5.696966962305993,0.022157862997703504,19,valida
50099645,2024-05-01,2024-10-31,semestral,-4.5155956281429805,0.012304974900405274,28,valida
50099645,2024-06-01,2024-11-30,semestral,-4.733653186510439,0.023865240387235254,31,valida
50099645,2024-07-01,2024-12-31,semestral,1.7555185310360664,0.003581898869440714,34,valida
50099645,2024-08-01,2025-01-31,semestral,2.118415078958279,0.007201161269607903,34,valida
50099645,2024-09-01,2025-02-28,semestral,-0.5018076660819543,0.009355909538660945,32,valida
50099645,2024-10-01,2025-03-31,semestral,-0.1073355523191913,0.00040121082304955813,31,valida
50099645,2024-11-01,2025-04-30,semestral,-0.3608728165785848,0.004957708631853408,26,valida
50099645,2024-12-01,2025-05-31,semestral,-0.6066153998098337,0.017228267994849666,22,valida
50099645,2025-01-01,2025-06-30,semestral,-0.8046729109274915,0.09925995392147524,22,valida
50099645,2025-02-01,2025-07-31,semestral,-0.6944924770240896,0.08024207836188701,22,valida
50099645,2025-03-01,2025-08-31,semestral,-0.5119911192807305,0.012935804715156207,22,valida
50099645,2025-04-01,2025-09-30,semestral,-0.3029933766108842,0.023069967182689832,27,valida
50099645,2025-05-01,2025-10-31,semestral,0.309428438613907,0.008273937055160885,33,valida
50099645,2025-06-01,2025-11-30,semestral,0.38081705131261107,0.0074372399429314395,37,valida
50099645,2025-07-01,2025-12-31,semestral,0.39965407033843076,0.004136267453003439,41,valida
50099645,2025-08-01,2026-01-31,semestral,0.5206138745104503,0.005401925229807425,42,valida
50099645,2025-09-01,2026-02-28,semestral,-0.12269696130150659,3.84981632394199e-05,44,valida
50099645,2025-10-01,2026-03-31,semestral,-1.1174564783205674,0.002711346946868254,40,valida
50099645,2025-11-01,2026-04-30,semestral,-0.4839141141090687,0.0004398053019905035,34,valida
50099646,2024-01-01,2024-01-31,mensual,,,3,precio constante
50099646,2024-02-01,2024-02-29,mensual,,,3,precio constante
50099646,2024-03-01,2024-03-31,mensual,,,5,precio constante
50099646,2024-04-01,2024-04-30,mensual,-16.012601384880796,0.36264839607157007,5,valida
50099646,2024-05-01,2024-05-31,mensual,10.516028136948785,0.6090591910234675,3,valida
50099646,2024-06-01,2024-06-30,mensual,,,4,precio constante
50099646,2024-07-01,2024-07-31,mensual,,,5,precio constante
50099646,2024-08-01,2024-08-31,mensual,,,4,precio constante
50099646,2024-09-01,2024-09-30,mensual,-7.564389025538021,0.1126004019477953,4,valida
50099646,2024-10-01,2024-10-31,mensual,,,5,precio constante
50099646,2024-11-01,2024-11-30,mensual,14.524276090989142,0.5597588891086419,7,valida
50099646,2024-12-01,2024-12-31,mensual,-28.979632660495405,0.6980731362167301,4,valida
50099646,2025-01-01,2025-01-31,mensual,,,0,n<3
50099646,2025-02-01,2025-02-28,mensual,-5.5624092823130455,0.4264257725752092,4,valida
50099646,2025-03-01,2025-03-31,mensual,,,3,precio constante
50099646,2025-04-01,2025-04-30,mensual,,,3,precio constante
50099646,2025-05-01,2025-05-31,mensual,,,2,n<3
50099646,2025-06-01,2025-06-30,mensual,,,5,precio constante
50099646,2025-07-01,2025-07-31,mensual,,,3,precio constante
50099646,2025-08-01,2025-08-31,mensual,-0.05892662351636727,3.4374267122050384e-05,6,valida
50099646,2025-09-01,2025-09-30,mensual,-4.607699045147566,0.05842090414888823,6,valida
50099646,2025-10-01,2025-10-31,mensual,,,4,precio constante
50099646,2025-11-01,2025-11-30,mensual,,,7,precio constante
50099646,2025-12-01,2025-12-31,mensual,,,4,precio constante
50099646,2026-01-01,2026-01-31,mensual,,,4,precio constante
50099646,2026-02-01,2026-02-28,mensual,,,7,precio constante
50099646,2026-03-01,2026-03-31,mensual,22.548408425645537,1.0,3,valida
50099646,2026-04-01,2026-04-30,mensual,,,4,precio constante
50099646,2024-01-01,2024-03-31,trimestral,,,11,precio constante
50099646,2024-02-01,2024-04-30,trimestral,-10.4350641516236,0.07988054186920202,13,valida
50099646,2024-03-01,2024-05-31,trimestral,-4.489038431493022,0.03210179898076637,13,valida
50099646,2024-04-01,2024-06-30,trimestral,-5.6715474083416275,0.04394415915569427,12,valida
50099646,2024-05-01,2024-07-31,trimestral,6.0379527171687934,0.02931730113999953,12,valida
50099646,2024-06-01,2024-08-31,trimestral,,,13,precio constante
50099646,2024-07-01,2024-09-30,trimestral,-8.606989050603122,0.04754902507519587,13,valida
50099646,2024-08-01,2024-10-31,trimestral,-8.336582943443574,0.04734001410381694,13,valida
50099646,2024-09-01,2024-11-30,trimestral,3.8781075641020397,0.02602240443958559,16,valida
50099646,2024-10-01,2024-12-31,trimestral,4.733479361989709,0.02256078169843523,16,valida
50099646,2024-11-01,2025-01-31,trimestral,2.676891160227462,0.008563323601613049,11,valida
50099646,2024-12-01,2025-02-28,trimestral,-5.7248671528068025,0.3365298456066601,8,valida
50099646,2025-01-01,2025-03-31,trimestral,-6.702851376810713,0.49674963084184276,7,valida
50099646,2025-02-01,2025-04-30,trimestral,-6.396290744102469,0.42809293696521344,10,valida
50099646,2025-03-01,2025-05-31,trimestral,,,8,precio constante
50099646,2025-04-01,2025-06-30,trimestral,,,10,precio constante
50099646,2025-05-01,2025-07-31,trimestral,,,10,precio constante
50099646,2025-06-01,2025-08-31,trimestral,-0.6000974953635333,0.0029835822031757386,14,valida
50099646,2025-07-01,2025-09-30,trimestral,-1.0074901436676122,0.009559996916887581,15,valida
50099646,2025-08-01,2025-10-31,trimestral,-1.5344829264609743,0.02412154786490417,16,valida
50099646,2025-09-01,2025-11-30,trimestral,-6.530683198223671,0.1017227641185734,17,valida
50099646,2025-10-01,2025-12-31,trimestral,,,15,precio constante
50099646,2025-11-01,2026-01-31,trimestral,,,15,precio constante
50099646,2025-12-01,2026-02-28,trimestral,,,15,precio constante
50099646,2026-01-01,2026-03-31,trimestral,13.353725274970213,0.1296202456829637,14,valida
50099646,2026-02-01,2026-04-30,trimestral,14.57689290051907,0.1904036758712696,14,valida
50099646,2024-01-01,2024-06-30,semestral,-2.7966364426929387,0.006890069797739429,23,valida
50099646,2024-02-01,2024-07-31,semestral,-2.2225846442049066,0.0037896270101508422,25,valida
50099646,2024-03-01,2024-08-31,semestral,-3.763133976083744,0.00983338621058838,26,valida
50099646,2024-04-01,2024-09-30,semestral,-5.626418892907146,0.02997076505083429,25,valida
50099646,2024-05-01,2024-10-31,semestral,-1.1268511534811778,0.0009255108673646983,25,valida
50099646,2024-06-01,2024-11-30,semestral,1.44550433921937,0.001419102742647782,29,valida
50099646,2024-07-01,2024-12-31,semestral,0.20778788741473106,3.638902896574425e-05,29,valida
50099646,2024-08-01,2025-01-31,semestral,-0.38695155076793997,0.00014170142965286292,24,valida
50099646,2024-09-01,2025-02-28,semestral,-5.407047035514926,0.17092735239599588,24,valida
50099646,2024-10-01,2025-03-31,semestral,-5.7998452514874845,0.20905564162495927,23,valida
50099646,2024-11-01,2025-04-30,semestral,-5.781422726740344,0.2284352341081305,21,valida
50099646,2024-12-01,2025-05-31,semestral,-6.77270712909506,0.33126413383729814,16,valida
50099646,2025-01-01,2025-06-30,semestral,-6.310246673323447,0.36024938000174833,17,valida
50099646,2025-02-01,2025-07-31,semestral,-6.335450201103979,0.35445155336903844,20,valida
50099646,2025-03-01,2025-08-31,semestral,-0.8154401666714622,0.0037206302585297557,22,valida
50099646,2025-04-01,2025-09-30,semestral,-1.0038837882870155,0.007082394041892148,25,valida
50099646,2025-05-01,2025-10-31,semestral,-1.3938965712574867,0.017098431744571374,26,valida
50099646,2025-06-01,2025-11-30,semestral,-2.3279687505639974,0.05809558056875508,31,valida
50099646,2025-07-01,2025-12-31,semestral,-2.7566850337416,0.08376636109004143,30,valida
50099646,2025-08-01,2026-01-31,semestral,-2.2716070601867195,0.04443266061739559,31,valida
50099646,2025-09-01,2026-02-28,semestral,-4.64429873507211,0.026819395236537757,32,valida
50099646,2025-10-01,2026-03-31,semestral,17.156738394861993,0.13076493681811918,29,valida
50099646,2025-11-01,2026-04-30,semestral,16.80517196184103,0.12682366604410678,29,valida
50099647,2024-01-01,2024-01-31,mensual,,,6,precio constante
50099647,2024-02-01,2024-02-29,mensual,-10.970685140125008,0.1041291442497927,8,valida
50099647,2024-03-01,2024-03-31,mensual,,,2,n<3
50099647,2024-04-01,2024-04-30,mensual,,,5,precio constante
50099647,2024-05-01,2024-05-31,mensual,,,4,precio constante
50099647,2024-06-01,2024-06-30,mensual,,,6,precio constante
50099647,2024-07-01,2024-07-31,mensual,,,3,precio constante
50099647,2024-08-01,2024-08-31,mensual,,,3,precio constante
50099647,2024-09-01,2024-09-30,mensual,,,6,precio constante
50099647,2024-10-01,2024-10-31,mensual,,,9,precio constante
50099647,2024-11-01,2024-11-30,mensual,,,4,precio constante
50099647,2024-12-01,2024-12-31,mensual,,,1,n<3
50099647,2025-01-01,2025-01-31,mensual,-2.7848349915863277,0.3312294565340971,5,valida
50099647,2025-02-01,2025-02-28,mensual,-1.793297652361523,0.35836558105325644,7,valida
50099647,2025-03-01,2025-03-31,mensual,,,9,precio constante
50099647,2025-04-01,2025-04-30,mensual,,,9,precio constante
50099647,2025-05-01,2025-05-31,mensual,,,6,precio constante
50099647,2025-06-01,2025-06-30,mensual,,,6,precio constante
50099647,2025-07-01,2025-07-31,mensual,-7.157160113042767,0.057191386288463764,13,valida
50099647,2025-08-01,2025-08-31,mensual,-0.2642398613059661,0.0014998540135812144,9,valida
50099647,2025-09-01,2025-09-30,mensual,4.494284604070036,0.015209758947978602,7,valida
50099647,2025-10-01,2025-10-31,mensual,,,7,precio constante
50099647,2025-11-01,2025-11-30,mensual,,,3,precio constante
50099647,2025-12-01,2025-12-31,mensual,,,4,precio constante
50099647,2026-01-01,2026-01-31,mensual,10.506408822789087,0.2280948911986529,6,valida
50099647,2026-02-01,2026-02-28,mensual,,,8,precio constante
50099647,2026-03-01,2026-03-31,mensual,-11.592742633195156,0.3246312007725223,4,valida
50099647,2026-04-01,2026-04-30,mensual,1.9750008594617858,0.005259539985416506,6,valida
50099647,2024-01-01,2024-03-31,trimestral,-12.678425635832841,0.08775961286269784,16,valida
50099647,2024-02-01,2024-04-30,trimestral,-9.36089903790677,0.05127999414342399,15,valida
50099647,2024-03-01,2024-05-31,trimestral,,,11,precio constante
50099647,2024-04-01,2024-06-30,trimestral,,,15,precio constante
50099647,2024-05-01,2024-07-31,trimestral,,,13,precio constante
50099647,2024-06-01,2024-08-31,trimestral,,,12,precio constante
50099647,2024-07-01,2024-09-30,trimestral,,,12,precio constante
50099647,2024-08-01,2024-10-31,trimestral,,,18,precio constante
50099647,2024-09-01,2024-11-30,trimestral,,,19,precio constante
50099647,2024-10-01,2024-12-31,trimestral,,,14,precio constante
50099647,2024-11-01,2025-01-31,trimestral,-0.7134343807728585,0.026609362893306066,10,valida
50099647,2024-12-01,2025-02-28,trimestral,-1.748499460996625,0.26364332552772307,13,valida
50099647,2025-01-01,2025-03-31,trimestral,-1.4708896237002844,0.09478663303219936,21,valida
50099647,2025-02-01,2025-04-30,trimestral,-2.1247189608913266,0.10294888746907005,25,valida
50099647,2025-03-01,2025-05-31,trimestral,1.502198439076813,0.046099116537391405,24,valida
50099647,2025-04-01,2025-06-30,trimestral,0.6252001881810625,0.013186339420217186,21,valida
50099647,2025-05-01,2025-07-31,trimestral,-6.511591915341495,0.020796135096964763,25,valida
50099647,2025-06-01,2025-08-31,trimestral,-0.9357638845709092,0.01049640290906384,28,valida
50099647,2025-07-01,2025-09-30,trimestral,-0.4697434161448765,0.002068103956147538,29,valida
50099647,2025-08-01,2025-10-31,trimestral,-0.432571481530297,0.0018767950727310856,23,valida
50099647,2025-09-01,2025-11-30,trimestral,6.0190576946235375,0.01354286660584969,17,valida
50099647,2025-10-01,2025-12-31,trimestral,,,14,precio constante
50099647,2025-11-01,2026-01-31,trimestral,13.426122993810809,0.1402372704637107,13,valida
50099647,2025-12-01,2026-02-28,trimestral,11.456013601521136,0.08420095290872198,18,valida
50099647,2026-01-01,2026-03-31,trimestral,-0.9154087937988393,0.001048550202929488,18,valida
50099647,2026-02-01,2026-04-30,trimestral,-4.336412052293874,0.01991783946335901,18,valida
50099647,2024-01-01,2024-06-30,semestral,-8.347733654778416,0.023226746002714904,31,valida
50099647,2024-02-01,2024-07-31,semestral,-6.3563858914275695,0.017267215780551015,28,valida
50099647,2024-03-01,2024-08-31,semestral,,,23,precio constante
50099647,2024-04-01,2024-09-30,semestral,,,27,precio constante
50099647,2024-05-01,2024-10-31,semestral,,,31,precio constante
50099647,2024-06-01,2024-11-30,semestral,,,31,precio constante
50099647,2024-07-01,2024-12-31,semestral,,,26,precio constante
50099647,2024-08-01,2025-01-31,semestral,-0.7302497444698434,0.00834518792175798,28,valida
50099647,2024-09-01,2025-02-28,semestral,-1.2532365275913397,0.04946502288172194,32,valida
50099647,2024-10-01,2025-03-31,semestral,-1.2265731092815673,0.03692763895331497,35,valida
50099647,2024-11-01,2025-04-30,semestral,-1.5918914396538526,0.07705339490654872,35,valida
50099647,2024-12-01,2025-05-31,semestral,-0.3073836353933526,0.004692304970779881,37,valida
50099647,2025-01-01,2025-06-30,semestral,-0.6773288370604693,0.02965289093126655,42,valida
50099647,2025-02-01,2025-07-31,semestral,-0.5170125043163526,0.015040798848636516,50,valida
50099647,2025-03-01,2025-08-31,semestral,0.2822013788350897,0.0025908977611261985,52,valida
50099647,2025-04-01,2025-09-30,semestral,0.6328734580619036,0.009249166062034075,50,valida
50099647,2025-05-01,2025-10-31,semestral,-0.6866258350855108,0.0028098941217079565,48,valida
50099647,2025-06-01,2025-11-30,semestral,-0.6597493850105197,0.002851695342299565,45,valida
50099647,2025-07-01,2025-12-31,semestral,-0.7872730481522416,0.004126529458202688,43,valida
50099647,2025-08-01,2026-01-31,semestral,0.04597324662052476,1.552943977478627e-05,36,valida
50099647,2025-09-01,2026-02-28,semestral,9.237422282721345,0.04116423389378798,35,valida
50099647,2025-10-01,2026-03-31,semestral,2.380317949772249,0.003695748638630425,32,valida
50099647,2025-11-01,2026-04-30,semestral,2.1604543908255622,0.004187843245047729,31,valida
50099648,2024-01-01,2024-01-31,mensual,,,6,precio constante
50099648,2024-02-01,2024-02-29,mensual,-9.713970482862253,0.25032447009660663,6,valida
50099648,2024-03-01,2024-03-31,mensual,,,6,precio constante
50099648,2024-04-01,2024-04-30,mensual,-8.838943742920998,0.11967771760787271,7,valida
50099648,2024-05-01,2024-05-31,mensual,-9.536656623986378,0.16443628580413594,6,valida
50099648,2024-06-01,2024-06-30,mensual,7.276468105391165,0.375,5,valida
50099648,2024-07-01,2024-07-31,mensual,,,1,n<3
50099648,2024-08-01,2024-08-31,mensual,,,4,precio constante
50099648,2024-09-01,2024-09-30,mensual,,,8,precio constante
50099648,2024-10-01,2024-10-31,mensual,,,9,precio constante
50099648,2024-11-01,2024-11-30,mensual,-6.0751694312944835,0.09638273363306404,10,valida
50099648,2024-12-01,2024-12-31,mensual,,,5,precio constante
50099648,2025-01-01,2025-01-31,mensual,1.4654865998804012,0.02857839437858478,9,valida
50099648,2025-02-01,2025-02-28,mensual,-1.1899595347333234,0.10138512399989696,9,valida
50099648,2025-03-01,2025-03-31,mensual,-14.686503669782873,0.7418471317273128,8,valida
50099648,2025-04-01,2025-04-30,mensual,-0.7115493970160468,0.0002634062250667091,11,valida
50099648,2025-05-01,2025-05-31,mensual,-1.0509400859562974,0.004907945064038022,8,valida
50099648,2025-06-01,2025-06-30,mensual,,,9,precio constante
50099648,2025-07-01,2025-07-31,mensual,-7.985776435918941,0.11671012148231763,12,valida
50099648,2025-08-01,2025-08-31,mensual,,,8,precio constante
50099648,2025-09-01,2025-09-30,mensual,-63.897673101189085,0.41666666666666674,5,valida
50099648,2025-10-01,2025-10-31,mensual,,,10,precio constante
50099648,2025-11-01,2025-11-30,mensual,,,12,precio constante
50099648,2025-12-01,2025-12-31,mensual,10.753537790449839,0.3756934286991458,6,valida
50099648,2026-01-01,2026-01-31,mensual,,,15,precio constante
50099648,2026-02-01,2026-02-28,mensual,,,10,precio constante
50099648,2026-03-01,2026-03-31,mensual,-12.839813472922772,0.05569969485368409,16,valida
50099648,2026-04-01,2026-04-30,mensual,-9.096664010836692,0.08344267854018939,13,valida
50099648,2024-01-01,2024-03-31,trimestral,-8.753276355339862,0.09147320779410406,18,valida
50099648,2024-02-01,2024-04-30,trimestral,-6.163977514643511,0.05674332192240983,19,valida
50099648,2024-03-01,2024-05-31,trimestral,-4.496764194678616,0.026998489122149638,19,valida
50099648,2024-04-01,2024-06-30,trimestral,-2.353658580967573,0.009717454769840872,18,valida
50099648,2024-05-01,2024-07-31,trimestral,-3.1374542062341915,0.0339337528579825,12,valida
50099648,2024-06-01,2024-08-31,trimestral,3.6421406911418415,0.14081377216245117,10,valida
50099648,2024-07-01,2024-09-30,trimestral,-3.2440579173772353,0.021606277990968814,13,valida
50099648,2024-08-01,2024-10-31,trimestral,,,21,precio constante
50099648,2024-09-01,2024-11-30,trimestral,-7.1344196717088675,0.042368346356842945,27,valida
50099648,2024-10-01,2024-12-31,trimestral,-8.987710956363578,0.0509654231693194,24,valida
50099648,2024-11-01,2025-01-31,trimestral,-2.642455318924717,0.06681529259526997,24,valida
50099648,2024-12-01,2025-02-28,trimestral,-0.15573526627592743,0.0005477437733236723,23,valida
50099648,2025-01-01,2025-03-31,trimestral,-0.4986162473541566,0.007565791825001167,26,valida
50099648,2025-02-01,2025-04-30,trimestral,-0.40557264593670045,0.004852521871767657,28,valida
50099648,2025-03-01,2025-05-31,trimestral,-6.268673813599132,0.09223225999970874,27,valida
50099648,2025-04-01,2025-06-30,trimestral,-4.735516213496164,0.046593908044683996,28,valida
50099648,2025-05-01,2025-07-31,trimestral,-2.257834229749198,0.009190271999937827,29,valida
50099648,2025-06-01,2025-08-31,trimestral,-4.010653921020958,0.012153441680646249,29,valida
50099648,2025-07-01,2025-09-30,trimestral,-7.093005695157904,0.0442464906232527,25,valida
50099648,2025-08-01,2025-10-31,trimestral,-16.971023800519166,0.01166853906905041,23,valida
50099648,2025-09-01,2025-11-30,trimestral,-59.10641489223814,0.04661919494543865,27,valida
50099648,2025-10-01,2025-12-31,trimestral,5.948315491711428,0.027092999774620874,28,valida
50099648,2025-11-01,2026-01-31,trimestral,5.762523499891664,0.02300457917097687,33,valida
50099648,2025-12-01,2026-02-28,trimestral,6.80447479233663,0.03440201756570349,31,valida
50099648,2026-01-01,2026-03-31,trimestral,-10.346650269911928,0.020662915277477323,41,valida
50099648,2026-02-01,2026-04-30,trimestral,-10.797727361868288,0.060335974924009106,39,valida
50099648,2024-01-01,2024-06-30,semestral,-3.8130346836859044,0.022944688289477155,36,valida
50099648,2024-02-01,2024-07-31,semestral,-4.9377510367705035,0.044019362080712,31,valida
50099648,2024-03-01,2024-08-31,semestral,-1.6326596206637591,0.004181755820879207,29,valida
50099648,2024-04-01,2024-09-30,semestral,-0.3459720051498255,0.00020502244078846044,31,valida
50099648,2024-05-01,2024-10-31,semestral,-2.9976054172871724,0.010185245884401395,33,valida
50099648,2024-06-01,2024-11-30,semestral,-3.266105767204108,0.015029009153754491,37,valida
50099648,2024-07-01,2024-12-31,semestral,-6.962029410977248,0.03725647687297695,37,valida
50099648,2024-08-01,2025-01-31,semestral,-3.2081862664281906,0.07035565276922562,45,valida
50099648,2024-09-01,2025-02-28,semestral,-1.2410465791402636,0.028033269773142577,50,valida
50099648,2024-10-01,2025-03-31,semestral,-1.1070798525549312,0.023651639184885442,50,valida
50099648,2024-11-01,2025-04-30,semestral,-1.0774991075071125,0.020738353593594994,52,valida
50099648,2024-12-01,2025-05-31,semestral,-0.9770907177144015,0.019391550712824834,50,valida
50099648,2025-01-01,2025-06-30,semestral,-1.3812585535734792,0.044408143277417045,54,valida
50099648,2025-02-01,2025-07-31,semestral,-0.6728556034746784,0.011065122479981704,57,valida
50099648,2025-03-01,2025-08-31,semestral,-4.568093633038384,0.04543371774256766,56,valida
50099648,2025-04-01,2025-09-30,semestral,-2.6105172734271003,0.012355265511428626,53,valida
50099648,2025-05-01,2025-10-31,semestral,-2.6839368128918837,0.006010648526125206,52,valida
50099648,2025-06-01,2025-11-30,semestral,-5.143858957570927,0.01083933337764531,56,valida
50099648,2025-07-01,2025-12-31,semestral,0.03227469385123064,8.396883067751659e-07,53,valida
50099648,2025-08-01,2026-01-31,semestral,4.743520063708727,0.009330950175617914,56,valida
50099648,2025-09-01,2026-02-28,semestral,5.299493261391747,0.011827938809629734,58,valida
50099648,2025-10-01,2026-03-31,semestral,1.4154124155610983,0.000810268329120456,69,valida
50099648,2025-11-01,2026-04-30,semestral,-2.719836574299848,0.004502025490127792,72,valida
50100411,2024-09-01,2024-09-30,mensual,,,1,n<3
50100411,2024-10-01,2024-10-31,mensual,,,1,n<3
50100411,2024-11-01,2024-11-30,mensual,,,0,n<3
50100411,2024-12-01,2024-12-31,mensual,,,0,n<3
50100411,2025-01-01,2025-01-31,mensual,,,0,n<3
50100411,2025-02-01,2025-02-28,mensual,,,0,n<3
50100411,2025-03-01,2025-03-31,mensual,,,0,n<3
50100411,2025-04-01,2025-04-30,mensual,,,0,n<3
50100411,2025-05-01,2025-05-31,mensual,,,0,n<3
50100411,2025-06-01,2025-06-30,mensual,,,0,n<3
50100411,2025-07-01,2025-07-31,mensual,,,0,n<3
50100411,2025-08-01,2025-08-31,mensual,,,0,n<3
50100411,2025-09-01,2025-09-30,mensual,,,0,n<3
50100411,2025-10-01,2025-10-31,mensual,,,0,n<3
50100411,2025-11-01,2025-11-30,mensual,,,1,n<3
50100411,2025-12-01,2025-12-31,mensual,,,1,n<3
50100411,2026-01-01,2026-01-31,mensual,,,0,n<3
50100411,2026-02-01,2026-02-28,mensual,,,0,n<3
50100411,2026-03-01,2026-03-31,mensual,,,1,n<3
50100411,2024-09-01,2024-11-30,trimestral,,,2,n<3
50100411,2024-10-01,2024-12-31,trimestral,,,1,n<3
50100411,2024-11-01,2025-01-31,trimestral,,,0,n<3
50100411,2024-12-01,2025-02-28,trimestral,,,0,n<3
50100411,2025-01-01,2025-03-31,trimestral,,,0,n<3
50100411,2025-02-01,2025-04-30,trimestral,,,0,n<3
50100411,2025-03-01,2025-05-31,trimestral,,,0,n<3
50100411,2025-04-01,2025-06-30,trimestral,,,0,n<3
50100411,2025-05-01,2025-07-31,trimestral,,,0,n<3
50100411,2025-06-01,2025-08-31,trimestral,,,0,n<3
50100411,2025-07-01,2025-09-30,trimestral,,,0,n<3
50100411,2025-08-01,2025-10-31,trimestral,,,0,n<3
50100411,2025-09-01,2025-11-30,trimestral,,,1,n<3
50100411,2025-10-01,2025-12-31,trimestral,,,2,n<3
50100411,2025-11-01,2026-01-31,trimestral,,,2,n<3
50100411,2025-12-01,2026-02-28,trimestral,,,1,n<3
50100411,2026-01-01,2026-03-31,trimestral,,,1,n<3
50100411,2024-09-01,2025-02-28,semestral,,,2,n<3
50100411,2024-10-01,2025-03-31,semestral,,,1,n<3
50100411,2024-11-01,2025-04-30,semestral,,,0,n<3
50100411,2024-12-01,2025-05-31,semestral,,,0,n<3
50100411,2025-01-01,2025-06-30,semestral,,,0,n<3
50100411,2025-02-01,2025-07-31,semestral,,,0,n<3
50100411,2025-03-01,2025-08-31,semestral,,,0,n<3
50100411,2025-04-01,2025-09-30,semestral,,,0,n<3
50100411,2025-05-01,2025-10-31,semestral,,,0,n<3
50100411,2025-06-01,2025-11-30,semestral,,,1,n<3
50100411,2025-07-01,2025-12-31,semestral,,,2,n<3
50100411,2025-08-01,2026-01-31,semestral,,,2,n<3
50100411,2025-09-01,2026-02-28,semestral,,,2,n<3
50100411,2025-10-01,2026-03-31,semestral,,,3,precio constante
50100412,2025-01-01,2025-01-31,mensual,,,1,n<3
50100412,2025-02-01,2025-02-28,mensual,,,0,n<3
50100412,2025-03-01,2025-03-31,mensual,,,0,n<3
50100412,2025-04-01,2025-04-30,mensual,,,0,n<3
50100412,2025-05-01,2025-05-31,mensual,,,1,n<3
50100412,2025-06-01,2025-06-30,mensual,,,0,n<3
50100412,2025-07-01,2025-07-31,mensual,,,0,n<3
50100412,2025-08-01,2025-08-31,mensual,,,0,n<3
50100412,2025-09-01,2025-09-30,mensual,,,0,n<3
50100412,2025-10-01,2025-10-31,mensual,,,0,n<3
50100412,2025-11-01,2025-11-30,mensual,,,0,n<3
50100412,2025-12-01,2025-12-31,mensual,,,1,n<3
50100412,2026-01-01,2026-01-31,mensual,,,0,n<3
50100412,2026-02-01,2026-02-28,mensual,,,0,n<3
50100412,2026-03-01,2026-03-31,mensual,,,0,n<3
50100412,2026-04-01,2026-04-30,mensual,,,1,n<3
50100412,2025-01-01,2025-03-31,trimestral,,,1,n<3
50100412,2025-02-01,2025-04-30,trimestral,,,0,n<3
50100412,2025-03-01,2025-05-31,trimestral,,,1,n<3
50100412,2025-04-01,2025-06-30,trimestral,,,1,n<3
50100412,2025-05-01,2025-07-31,trimestral,,,1,n<3
50100412,2025-06-01,2025-08-31,trimestral,,,0,n<3
50100412,2025-07-01,2025-09-30,trimestral,,,0,n<3
50100412,2025-08-01,2025-10-31,trimestral,,,0,n<3
50100412,2025-09-01,2025-11-30,trimestral,,,0,n<3
50100412,2025-10-01,2025-12-31,trimestral,,,1,n<3
50100412,2025-11-01,2026-01-31,trimestral,,,1,n<3
50100412,2025-12-01,2026-02-28,trimestral,,,1,n<3
50100412,2026-01-01,2026-03-31,trimestral,,,0,n<3
50100412,2026-02-01,2026-04-30,trimestral,,,1,n<3
50100412,2025-01-01,2025-06-30,semestral,,,2,n<3
50100412,2025-02-01,2025-07-31,semestral,,,1,n<3
50100412,2025-03-01,2025-08-31,semestral,,,1,n<3
50100412,2025-04-01,2025-09-30,semestral,,,1,n<3
50100412,2025-05-01,2025-10-31,semestral,,,1,n<3
50100412,2025-06-01,2025-11-30,semestral,,,0,n<3
50100412,2025-07-01,2025-12-31,semestral,,,1,n<3
50100412,2025-08-01,2026-01-31,semestral,,,1,n<3
50100412,2025-09-01,2026-02-28,semestral,,,1,n<3
50100412,2025-10-01,2026-03-31,semestral,,,1,n<3
50100412,2025-11-01,2026-04-30,semestral,,,2,n<3
50100414,2024-01-01,2024-01-31,mensual,,,1,n<3
50102977,2025-01-01,2025-01-31,mensual,,,1,n<3
50102977,2025-02-01,2025-02-28,mensual,,,0,n<3
50102977,2025-03-01,2025-03-31,mensual,,,0,n<3
50102977,2025-04-01,2025-04-30,mensual,,,1,n<3
50102977,2025-01-01,2025-03-31,trimestral,,,1,n<3
50102977,2025-02-01,2025-04-30,trimestral,,,1,n<3
50102978,2024-01-01,2024-01-31,mensual,,,1,n<3
50102978,2024-02-01,2024-02-29,mensual,,,0,n<3
50102978,2024-03-01,2024-03-31,mensual,,,0,n<3
50102978,2024-04-01,2024-04-30,mensual,,,0,n<3
50102978,2024-05-01,2024-05-31,mensual,,,0,n<3
50102978,2024-06-01,2024-06-30,mensual,,,0,n<3
50102978,2024-07-01,2024-07-31,mensual,,,1,n<3
50102978,2024-08-01,2024-08-31,mensual,,,0,n<3
50102978,2024-09-01,2024-09-30,mensual,,,0,n<3
50102978,2024-10-01,2024-10-31,mensual,,,0,n<3
50102978,2024-11-01,2024-11-30,mensual,,,0,n<3
50102978,2024-12-01,2024-12-31,mensual,,,0,n<3
50102978,2025-01-01,2025-01-31,mensual,,,0,n<3
50102978,2025-02-01,2025-02-28,mensual,,,0,n<3
50102978,2025-03-01,2025-03-31,mensual,,,1,n<3
50102978,2024-01-01,2024-03-31,trimestral,,,1,n<3
50102978,2024-02-01,2024-04-30,trimestral,,,0,n<3
50102978,2024-03-01,2024-05-31,trimestral,,,0,n<3
50102978,2024-04-01,2024-06-30,trimestral,,,0,n<3
50102978,2024-05-01,2024-07-31,trimestral,,,1,n<3
50102978,2024-06-01,2024-08-31,trimestral,,,1,n<3
50102978,2024-07-01,2024-09-30,trimestral,,,1,n<3
50102978,2024-08-01,2024-10-31,trimestral,,,0,n<3
50102978,2024-09-01,2024-11-30,trimestral,,,0,n<3
50102978,2024-10-01,2024-12-31,trimestral,,,0,n<3
50102978,2024-11-01,2025-01-31,trimestral,,,0,n<3
50102978,2024-12-01,2025-02-28,trimestral,,,0,n<3
50102978,2025-01-01,2025-03-31,trimestral,,,1,n<3
50102978,2024-01-01,2024-06-30,semestral,,,1,n<3
50102978,2024-02-01,2024-07-31,semestral,,,1,n<3
50102978,2024-03-01,2024-08-31,semestral,,,1,n<3
50102978,2024-04-01,2024-09-30,semestral,,,1,n<3
50102978,2024-05-01,2024-10-31,semestral,,,1,n<3
50102978,2024-06-01,2024-11-30,semestral,,,1,n<3
50102978,2024-07-01,2024-12-31,semestral,,,1,n<3
50102978,2024-08-01,2025-01-31,semestral,,,0,n<3
50102978,2024-09-01,2025-02-28,semestral,,,0,n<3
50102978,2024-10-01,2025-03-31,semestral,,,1,n<3
50102979,2024-08-01,2024-08-31,mensual,,,1,n<3
50102979,2024-09-01,2024-09-30,mensual,,,0,n<3
50102979,2024-10-01,2024-10-31,mensual,,,1,n<3
50102979,2024-11-01,2024-11-30,mensual,,,1,n<3
50102979,2024-08-01,2024-10-31,trimestral,,,2,n<3
50102979,2024-09-01,2024-11-30,trimestral,,,2,n<3
50102980,2024-02-01,2024-02-29,mensual,,,1,n<3
50104814,2024-01-01,2024-01-31,mensual,,,1,n<3
50104814,2024-02-01,2024-02-29,mensual,,,0,n<3
50104814,2024-03-01,2024-03-31,mensual,,,0,n<3
50104814,2024-04-01,2024-04-30,mensual,,,1,n<3
50104814,2024-05-01,2024-05-31,mensual,,,0,n<3
50104814,2024-06-01,2024-06-30,mensual,,,1,n<3
50104814,2024-07-01,2024-07-31,mensual,,,0,n<3
50104814,2024-08-01,2024-08-31,mensual,,,0,n<3
50104814,2024-09-01,2024-09-30,mensual,,,1,n<3
50104814,2024-10-01,2024-10-31,mensual,,,1,n<3
50104814,2024-11-01,2024-11-30,mensual,,,0,n<3
50104814,2024-12-01,2024-12-31,mensual,,,0,n<3
50104814,2025-01-01,2025-01-31,mensual,,,1,n<3
50104814,2025-02-01,2025-02-28,mensual,,,1,n<3
50104814,2025-03-01,2025-03-31,mensual,,,0,n<3
50104814,2025-04-01,2025-04-30,mensual,,,0,n<3
50104814,2025-05-01,2025-05-31,mensual,,,1,n<3
50104814,2025-06-01,2025-06-30,mensual,,,1,n<3
50104814,2025-07-01,2025-07-31,mensual,,,1,n<3
50104814,2025-08-01,2025-08-31,mensual,,,1,n<3
50104814,2025-09-01,2025-09-30,mensual,,,0,n<3
50104814,2025-10-01,2025-10-31,mensual,,,1,n<3
50104814,2025-11-01,2025-11-30,mensual,,,1,n<3
50104814,2025-12-01,2025-12-31,mensual,,,0,n<3
50104814,2026-01-01,2026-01-31,mensual,,,0,n<3
50104814,2026-02-01,2026-02-28,mensual,,,0,n<3
50104814,2026-03-01,2026-03-31,mensual,,,2,n<3
50104814,2024-01-01,2024-03-31,trimestral,,,1,n<3
50104814,2024-02-01,2024-04-30,trimestral,,,1,n<3
50104814,2024-03-01,2024-05-31,trimestral,,,1,n<3
50104814,2024-04-01,2024-06-30,trimestral,,,2,n<3
50104814,2024-05-01,2024-07-31,trimestral,,,1,n<3
50104814,2024-06-01,2024-08-31,trimestral,,,1,n<3
50104814,2024-07-01,2024-09-30,trimestral,,,1,n<3
50104814,2024-08-01,2024-10-31,trimestral,,,2,n<3
50104814,2024-09-01,2024-11-30,trimestral,,,2,n<3
50104814,2024-10-01,2024-12-31,trimestral,,,1,n<3
50104814,2024-11-01,2025-01-31,trimestral,,,1,n<3
50104814,2024-12-01,2025-02-28,trimestral,,,2,n<3
50104814,2025-01-01,2025-03-31,trimestral,,,2,n<3
50104814,2025-02-01,2025-04-30,trimestral,,,1,n<3
50104814,2025-03-01,2025-05-31,trimestral,,,1,n<3
50104814,2025-04-01,2025-06-30,trimestral,,,2,n<3
50104814,2025-05-01,2025-07-31,trimestral,,,3,precio constante
50104814,2025-06-01,2025-08-31,trimestral,,,3,precio constante
50104814,2025-07-01,2025-09-30,trimestral,,,2,n<3
50104814,2025-08-01,2025-10-31,trimestral,,,2,n<3
50104814,2025-09-01,2025-11-30,trimestral,,,2,n<3
50104814,2025-10-01,2025-12-31,trimestral,,,2,n<3
50104814,2025-11-01,2026-01-31,trimestral,,,1,n<3
50104814,2025-12-01,2026-02-28,trimestral,,,0,n<3
50104814,2026-01-01,2026-03-31,trimestral,,,2,n<3
50104814,2024-01-01,2024-06-30,semestral,-4.857443411619216,0.2504723198863772,3,valida
50104814,2024-02-01,2024-07-31,semestral,,,2,n<3
50104814,2024-03-01,2024-08-31,semestral,,,2,n<3
50104814,2024-04-01,2024-09-30,semestral,,,3,qty constante
50104814,2024-05-01,2024-10-31,semestral,,,3,qty constante
50104814,2024-06-01,2024-11-30,semestral,,,3,qty constante
50104814,2024-07-01,2024-12-31,semestral,,,2,n<3
50104814,2024-08-01,2025-01-31,semestral,22.68277191226758,1.0,3,valida
50104814,2024-09-01,2025-02-28,semestral,0.7251965318187107,0.0055963862878930515,4,valida
50104814,2024-10-01,2025-03-31,semestral,-1.158179398868995,0.01212332270509553,3,valida
50104814,2024-11-01,2025-04-30,semestral,,,2,n<3
50104814,2024-12-01,2025-05-31,semestral,-7.695475666124599,0.25027835183763014,3,valida
50104814,2025-01-01,2025-06-30,semestral,-10.259365015675476,0.3336631910002448,4,valida
50104814,2025-02-01,2025-07-31,semestral,-8.36596553089221,0.3026887621323079,4,valida
50104814,2025-03-01,2025-08-31,semestral,,,4,precio constante
50104814,2025-04-01,2025-09-30,semestral,,,4,precio constante
50104814,2025-05-01,2025-10-31,semestral,,,5,precio constante
50104814,2025-06-01,2025-11-30,semestral,,,5,precio constante
50104814,2025-07-01,2025-12-31,semestral,,,4,precio constante
50104814,2025-08-01,2026-01-31,semestral,,,3,precio constante
50104814,2025-09-01,2026-02-28,semestral,,,2,n<3
50104814,2025-10-01,2026-03-31,semestral,16.499281708172834,0.33333333333333326,4,valida
50109395,2024-03-01,2024-03-31,mensual,,,1,n<3
50109395,2024-04-01,2024-04-30,mensual,,,0,n<3
50109395,2024-05-01,2024-05-31,mensual,,,0,n<3
50109395,2024-06-01,2024-06-30,mensual,,,0,n<3
50109395,2024-07-01,2024-07-31,mensual,,,0,n<3
50109395,2024-08-01,2024-08-31,mensual,,,1,n<3
50109395,2024-09-01,2024-09-30,mensual,,,0,n<3
50109395,2024-10-01,2024-10-31,mensual,,,0,n<3
50109395,2024-11-01,2024-11-30,mensual,,,0,n<3
50109395,2024-12-01,2024-12-31,mensual,,,0,n<3
50109395,2025-01-01,2025-01-31,mensual,,,3,precio constante
50109395,2025-02-01,2025-02-28,mensual,,,1,n<3
50109395,2025-03-01,2025-03-31,mensual,,,1,n<3
50109395,2025-04-01,2025-04-30,mensual,,,0,n<3
50109395,2025-05-01,2025-05-31,mensual,,,0,n<3
50109395,2025-06-01,2025-06-30,mensual,,,0,n<3
50109395,2025-07-01,2025-07-31,mensual,,,1,n<3
50109395,2025-08-01,2025-08-31,mensual,,,0,n<3
50109395,2025-09-01,2025-09-30,mensual,,,2,n<3
50109395,2025-10-01,2025-10-31,mensual,,,0,n<3
50109395,2025-11-01,2025-11-30,mensual,,,1,n<3
50109395,2025-12-01,2025-12-31,mensual,,,0,n<3
50109395,2026-01-01,2026-01-31,mensual,,,2,n<3
50109395,2026-02-01,2026-02-28,mensual,,,0,n<3
50109395,2026-03-01,2026-03-31,mensual,,,0,n<3
50109395,2026-04-01,2026-04-30,mensual,,,1,n<3
50109395,2024-03-01,2024-05-31,trimestral,,,1,n<3
50109395,2024-04-01,2024-06-30,trimestral,,,0,n<3
50109395,2024-05-01,2024-07-31,trimestral,,,0,n<3
50109395,2024-06-01,2024-08-31,trimestral,,,1,n<3
50109395,2024-07-01,2024-09-30,trimestral,,,1,n<3
50109395,2024-08-01,2024-10-31,trimestral,,,1,n<3
50109395,2024-09-01,2024-11-30,trimestral,,,0,n<3
50109395,2024-10-01,2024-12-31,trimestral,,,0,n<3
50109395,2024-11-01,2025-01-31,trimestral,,,3,precio constante
50109395,2024-12-01,2025-02-28,trimestral,,,4,precio constante
50109395,2025-01-01,2025-03-31,trimestral,,,5,precio constante
50109395,2025-02-01,2025-04-30,trimestral,,,2,n<3
50109395,2025-03-01,2025-05-31,trimestral,,,1,n<3
50109395,2025-04-01,2025-06-30,trimestral,,,0,n<3
50109395,2025-05-01,2025-07-31,trimestral,,,1,n<3
50109395,2025-06-01,2025-08-31,trimestral,,,1,n<3
50109395,2025-07-01,2025-09-30,trimestral,,,3,precio constante
50109395,2025-08-01,2025-10-31,trimestral,,,2,n<3
50109395,2025-09-01,2025-11-30,trimestral,,,3,precio constante
50109395,2025-10-01,2025-12-31,trimestral,,,1,n<3
50109395,2025-11-01,2026-01-31,trimestral,-4.848346431477291,0.2500000000000001,3,valida
50109395,2025-12-01,2026-02-28,trimestral,,,2,n<3
50109395,2026-01-01,2026-03-31,trimestral,,,2,n<3
50109395,2026-02-01,2026-04-30,trimestral,,,1,n<3
50109395,2024-03-01,2024-08-31,semestral,,,2,n<3
50109395,2024-04-01,2024-09-30,semestral,,,1,n<3
50109395,2024-05-01,2024-10-31,semestral,,,1,n<3
50109395,2024-06-01,2024-11-30,semestral,,,1,n<3
50109395,2024-07-01,2024-12-31,semestral,,,1,n<3
50109395,2024-08-01,2025-01-31,semestral,,,4,precio constante
50109395,2024-09-01,2025-02-28,semestral,,,4,precio constante
50109395,2024-10-01,2025-03-31,semestral,,,5,precio constante
50109395,2024-11-01,2025-04-30,semestral,,,5,precio constante
50109395,2024-12-01,2025-05-31,semestral,,,5,precio constante
50109395,2025-01-01,2025-06-30,semestral,,,5,precio constante
50109395,2025-02-01,2025-07-31,semestral,,,3,qty constante
50109395,2025-03-01,2025-08-31,semestral,,,2,n<3
50109395,2025-04-01,2025-09-30,semestral,,,3,precio constante
50109395,2025-05-01,2025-10-31,semestral,,,3,precio constante
50109395,2025-06-01,2025-11-30,semestral,,,4,precio constante
50109395,2025-07-01,2025-12-31,semestral,,,4,precio constante
50109395,2025-08-01,2026-01-31,semestral,-2.424173215738421,0.06250000000000022,5,valida
50109395,2025-09-01,2026-02-28,semestral,-2.424173215738421,0.06250000000000022,5,valida
50109395,2025-10-01,2026-03-31,semestral,-4.848346431477291,0.2500000000000001,3,valida
50109395,2025-11-01,2026-04-30,semestral,-6.464461908636275,0.33333333333333337,4,valida
50109396,2024-05-01,2024-05-31,mensual,,,1,n<3
50109396,2024-06-01,2024-06-30,mensual,,,0,n<3
50109396,2024-07-01,2024-07-31,mensual,,,0,n<3
50109396,2024-08-01,2024-08-31,mensual,,,0,n<3
50109396,2024-09-01,2024-09-30,mensual,,,0,n<3
50109396,2024-10-01,2024-10-31,mensual,,,0,n<3
50109396,2024-11-01,2024-11-30,mensual,,,0,n<3
50109396,2024-12-01,2024-12-31,mensual,,,2,n<3
50109396,2025-01-01,2025-01-31,mensual,,,1,n<3
50109396,2025-02-01,2025-02-28,mensual,,,0,n<3
50109396,2025-03-01,2025-03-31,mensual,,,1,n<3
50109396,2025-04-01,2025-04-30,mensual,,,0,n<3
50109396,2025-05-01,2025-05-31,mensual,,,0,n<3
50109396,2025-06-01,2025-06-30,mensual,,,1,n<3
50109396,2025-07-01,2025-07-31,mensual,,,1,n<3
50109396,2025-08-01,2025-08-31,mensual,,,1,n<3
50109396,2025-09-01,2025-09-30,mensual,,,0,n<3
50109396,2025-10-01,2025-10-31,mensual,,,0,n<3
50109396,2025-11-01,2025-11-30,mensual,,,1,n<3
50109396,2025-12-01,2025-12-31,mensual,,,0,n<3
50109396,2026-01-01,2026-01-31,mensual,,,0,n<3
50109396,2026-02-01,2026-02-28,mensual,,,0,n<3
50109396,2026-03-01,2026-03-31,mensual,,,2,n<3
50109396,2026-04-01,2026-04-30,mensual,,,1,n<3
50109396,2024-05-01,2024-07-31,trimestral,,,1,n<3
50109396,2024-06-01,2024-08-31,trimestral,,,0,n<3
50109396,2024-07-01,2024-09-30,trimestral,,,0,n<3
50109396,2024-08-01,2024-10-31,trimestral,,,0,n<3
50109396,2024-09-01,2024-11-30,trimestral,,,0,n<3
50109396,2024-10-01,2024-12-31,trimestral,,,2,n<3
50109396,2024-11-01,2025-01-31,trimestral,,,3,precio constante
50109396,2024-12-01,2025-02-28,trimestral,,,3,precio constante
50109396,2025-01-01,2025-03-31,trimestral,,,2,n<3
50109396,2025-02-01,2025-04-30,trimestral,,,1,n<3
50109396,2025-03-01,2025-05-31,trimestral,,,1,n<3
50109396,2025-04-01,2025-06-30,trimestral,,,1,n<3
50109396,2025-05-01,2025-07-31,trimestral,,,2,n<3
50109396,2025-06-01,2025-08-31,trimestral,,,3,precio constante
50109396,2025-07-01,2025-09-30,trimestral,,,2,n<3
50109396,2025-08-01,2025-10-31,trimestral,,,1,n<3
50109396,2025-09-01,2025-11-30,trimestral,,,1,n<3
50109396,2025-10-01,2025-12-31,trimestral,,,1,n<3
50109396,2025-11-01,2026-01-31,trimestral,,,1,n<3
50109396,2025-12-01,2026-02-28,trimestral,,,0,n<3
50109396,2026-01-01,2026-03-31,trimestral,,,2,n<3
50109396,2026-02-01,2026-04-30,trimestral,19.399276331362547,1.0,3,valida
50109396,2024-05-01,2024-10-31,semestral,,,1,n<3
50109396,2024-06-01,2024-11-30,semestral,,,0,n<3
50109396,2024-07-01,2024-12-31,semestral,,,2,n<3
50109396,2024-08-01,2025-01-31,semestral,,,3,precio constante
50109396,2024-09-01,2025-02-28,semestral,,,3,precio constante
50109396,2024-10-01,2025-03-31,semestral,,,4,precio constante
50109396,2024-11-01,2025-04-30,semestral,,,4,precio constante
50109396,2024-12-01,2025-05-31,semestral,,,4,precio constante
50109396,2025-01-01,2025-06-30,semestral,-25.16158132503832,1.0,3,valida
50109396,2025-02-01,2025-07-31,semestral,26.270547550356206,0.0800474065424579,3,valida
50109396,2025-03-01,2025-08-31,semestral,34.29143921958653,0.13455624196834515,4,valida
50109396,2025-04-01,2025-09-30,semestral,,,3,precio constante
50109396,2025-05-01,2025-10-31,semestral,,,3,precio constante
50109396,2025-06-01,2025-11-30,semestral,-0.3913667807825387,0.00013618930544367913,4,valida
50109396,2025-07-01,2025-12-31,semestral,-11.852473090776378,0.6273470642498835,3,valida
50109396,2025-08-01,2026-01-31,semestral,,,2,n<3
50109396,2025-09-01,2026-02-28,semestral,,,1,n<3
50109396,2025-10-01,2026-03-31,semestral,22.521862367137068,1.0,3,valida
50109396,2025-11-01,2026-04-30,semestral,20.960569349249408,0.9890251144420539,4,valida
50116435,2024-01-01,2024-01-31,mensual,-1.0753300515435584,0.16666666666666663,5,valida
50116435,2024-02-01,2024-02-29,mensual,,,1,n<3
50116435,2024-03-01,2024-03-31,mensual,,,0,n<3
50116435,2024-04-01,2024-04-30,mensual,,,1,n<3
50116435,2024-05-01,2024-05-31,mensual,,,0,n<3
50116435,2024-06-01,2024-06-30,mensual,,,0,n<3
50116435,2024-07-01,2024-07-31,mensual,0.37822307367100994,0.374984725581304,5,valida
50116435,2024-08-01,2024-08-31,mensual,,,1,n<3
50116435,2024-09-01,2024-09-30,mensual,,,0,n<3
50116435,2024-10-01,2024-10-31,mensual,,,0,n<3
50116435,2024-11-01,2024-11-30,mensual,,,2,n<3
50116435,2024-12-01,2024-12-31,mensual,,,1,n<3
50116435,2025-01-01,2025-01-31,mensual,-0.8093592095104429,0.24994396344483583,3,valida
50116435,2025-02-01,2025-02-28,mensual,,,0,n<3
50116435,2025-03-01,2025-03-31,mensual,,,0,n<3
50116435,2025-04-01,2025-04-30,mensual,,,0,n<3
50116435,2025-05-01,2025-05-31,mensual,,,1,n<3
50116435,2025-06-01,2025-06-30,mensual,,,1,n<3
50116435,2025-07-01,2025-07-31,mensual,,,1,n<3
50116435,2025-08-01,2025-08-31,mensual,,,1,n<3
50116435,2025-09-01,2025-09-30,mensual,,,1,n<3
50116435,2025-10-01,2025-10-31,mensual,,,3,qty constante
50116435,2025-11-01,2025-11-30,mensual,,,1,n<3
50116435,2025-12-01,2025-12-31,mensual,,,1,n<3
50116435,2026-01-01,2026-01-31,mensual,,,2,n<3
50116435,2026-02-01,2026-02-28,mensual,,,3,precio constante
50116435,2026-03-01,2026-03-31,mensual,,,2,n<3
50116435,2024-01-01,2024-03-31,trimestral,-0.8602640412348391,0.09999999999999964,6,valida
50116435,2024-02-01,2024-04-30,trimestral,,,2,n<3
50116435,2024-03-01,2024-05-31,trimestral,,,1,n<3
50116435,2024-04-01,2024-06-30,trimestral,,,1,n<3
50116435,2024-05-01,2024-07-31,trimestral,0.37822307367100994,0.374984725581304,5,valida
50116435,2024-06-01,2024-08-31,trimestral,0.3454333317578239,0.30953232311834467,6,valida
50116435,2024-07-01,2024-09-30,trimestral,0.3454333317578239,0.30953232311834467,6,valida
50116435,2024-08-01,2024-10-31,trimestral,,,1,n<3
50116435,2024-09-01,2024-11-30,trimestral,,,2,n<3
50116435,2024-10-01,2024-12-31,trimestral,-0.9717836872197367,0.25004709048685436,3,valida
50116435,2024-11-01,2025-01-31,trimestral,-0.6726745407786053,0.13849617775875844,6,valida
50116435,2024-12-01,2025-02-28,trimestral,-1.0791724896178219,0.33326691798424,4,valida
50116435,2025-01-01,2025-03-31,trimestral,-0.8093592095104429,0.24994396344483583,3,valida
50116435,2025-02-01,2025-04-30,trimestral,,,0,n<3
50116435,2025-03-01,2025-05-31,trimestral,,,1,n<3
50116435,2025-04-01,2025-06-30,trimestral,,,2,n<3
50116435,2025-05-01,2025-07-31,trimestral,,,3,qty constante
50116435,2025-06-01,2025-08-31,trimestral,,,3,qty constante
50116435,2025-07-01,2025-09-30,trimestral,,,3,qty constante
50116435,2025-08-01,2025-10-31,trimestral,,,5,qty constante
50116435,2025-09-01,2025-11-30,trimestral,,,5,qty constante
50116435,2025-10-01,2025-12-31,trimestral,,,5,qty constante
50116435,2025-11-01,2026-01-31,trimestral,,,4,qty constante
50116435,2025-12-01,2026-02-28,trimestral,,,6,precio constante
50116435,2026-01-01,2026-03-31,trimestral,,,7,qty constante
50116435,2024-01-01,2024-06-30,semestral,-0.3698160838064068,0.022113333412910774,7,valida
50116435,2024-02-01,2024-07-31,semestral,0.37730015991274324,0.3544525779348604,7,valida
50116435,2024-03-01,2024-08-31,semestral,0.353195130954765,0.3206631904095344,7,valida
50116435,2024-04-01,2024-09-30,semestral,0.353195130954765,0.3206631904095344,7,valida
50116435,2024-05-01,2024-10-31,semestral,0.3454333317578239,0.30953232311834467,6,valida
50116435,2024-06-01,2024-11-30,semestral,0.3735916450205464,0.2789680991324772,8,valida
50116435,2024-07-01,2024-12-31,semestral,0.38347141958050796,0.22057376573250664,9,valida
50116435,2024-08-01,2025-01-31,semestral,-0.3650689802840872,0.04071465147896547,7,valida
50116435,2024-09-01,2025-02-28,semestral,-0.6726745407786053,0.13849617775875844,6,valida
50116435,2024-10-01,2025-03-31,semestral,-0.6726745407786053,0.13849617775875844,6,valida
50116435,2024-11-01,2025-04-30,semestral,-0.6726745407786053,0.13849617775875844,6,valida
50116435,2024-12-01,2025-05-31,semestral,-1.1956065078266411,0.42859143829127866,5,valida
50116435,2025-01-01,2025-06-30,semestral,-0.927753743661914,0.3556074792666266,5,valida
50116435,2025-02-01,2025-07-31,semestral,,,3,qty constante
50116435,2025-03-01,2025-08-31,semestral,,,4,qty constante
50116435,2025-04-01,2025-09-30,semestral,,,5,qty constante
50116435,2025-05-01,2025-10-31,semestral,,,8,qty constante
50116435,2025-06-01,2025-11-30,semestral,,,8,qty constante
50116435,2025-07-01,2025-12-31,semestral,,,8,qty constante
50116435,2025-08-01,2026-01-31,semestral,,,9,qty constante
50116435,2025-09-01,2026-02-28,semestral,,,11,qty constante
50116435,2025-10-01,2026-03-31,semestral,,,12,qty constante
50116756,2024-03-01,2024-03-31,mensual,,,2,n<3
50116756,2024-04-01,2024-04-30,mensual,,,1,n<3
50116756,2024-05-01,2024-05-31,mensual,,,1,n<3
50116756,2024-03-01,2024-05-31,trimestral,,,4,qty constante
50116757,2024-01-01,2024-01-31,mensual,,,5,qty constante
50116757,2024-02-01,2024-02-29,mensual,,,1,n<3
50116757,2024-03-01,2024-03-31,mensual,,,0,n<3
50116757,2024-04-01,2024-04-30,mensual,,,1,n<3
50116757,2024-01-01,2024-03-31,trimestral,,,6,qty constante
50116757,2024-02-01,2024-04-30,trimestral,,,2,n<3
50116761,2024-01-01,2024-01-31,mensual,,,2,n<3
50116761,2024-02-01,2024-02-29,mensual,,,1,n<3
50116761,2024-03-01,2024-03-31,mensual,,,0,n<3
50116761,2024-04-01,2024-04-30,mensual,,,0,n<3
50116761,2024-05-01,2024-05-31,mensual,,,1,n<3
50116761,2024-01-01,2024-03-31,trimestral,,,3,precio constante
50116761,2024-02-01,2024-04-30,trimestral,,,1,n<3
50116761,2024-03-01,2024-05-31,trimestral,,,1,n<3
50116769,2024-01-01,2024-01-31,mensual,,,1,n<3
50116769,2024-02-01,2024-02-29,mensual,,,0,n<3
50116769,2024-03-01,2024-03-31,mensual,,,0,n<3
50116769,2024-04-01,2024-04-30,mensual,,,0,n<3
50116769,2024-05-01,2024-05-31,mensual,,,0,n<3
50116769,2024-06-01,2024-06-30,mensual,,,0,n<3
50116769,2024-07-01,2024-07-31,mensual,,,0,n<3
50116769,2024-08-01,2024-08-31,mensual,,,0,n<3
50116769,2024-09-01,2024-09-30,mensual,,,0,n<3
50116769,2024-10-01,2024-10-31,mensual,,,0,n<3
50116769,2024-11-01,2024-11-30,mensual,,,0,n<3
50116769,2024-12-01,2024-12-31,mensual,,,0,n<3
50116769,2025-01-01,2025-01-31,mensual,,,0,n<3
50116769,2025-02-01,2025-02-28,mensual,,,0,n<3
50116769,2025-03-01,2025-03-31,mensual,,,0,n<3
50116769,2025-04-01,2025-04-30,mensual,,,0,n<3
50116769,2025-05-01,2025-05-31,mensual,,,2,n<3
50116769,2025-06-01,2025-06-30,mensual,,,0,n<3
50116769,2025-07-01,2025-07-31,mensual,,,1,n<3
50116769,2025-08-01,2025-08-31,mensual,,,0,n<3
50116769,2025-09-01,2025-09-30,mensual,,,0,n<3
50116769,2025-10-01,2025-10-31,mensual,,,3,precio constante
50116769,2024-01-01,2024-03-31,trimestral,,,1,n<3
50116769,2024-02-01,2024-04-30,trimestral,,,0,n<3
50116769,2024-03-01,2024-05-31,trimestral,,,0,n<3
50116769,2024-04-01,2024-06-30,trimestral,,,0,n<3
50116769,2024-05-01,2024-07-31,trimestral,,,0,n<3
50116769,2024-06-01,2024-08-31,trimestral,,,0,n<3
50116769,2024-07-01,2024-09-30,trimestral,,,0,n<3
50116769,2024-08-01,2024-10-31,trimestral,,,0,n<3
50116769,2024-09-01,2024-11-30,trimestral,,,0,n<3
50116769,2024-10-01,2024-12-31,trimestral,,,0,n<3
50116769,2024-11-01,2025-01-31,trimestral,,,0,n<3
50116769,2024-12-01,2025-02-28,trimestral,,,0,n<3
50116769,2025-01-01,2025-03-31,trimestral,,,0,n<3
50116769,2025-02-01,2025-04-30,trimestral,,,0,n<3
50116769,2025-03-01,2025-05-31,trimestral,,,2,n<3
50116769,2025-04-01,2025-06-30,trimestral,,,2,n<3
50116769,2025-05-01,2025-07-31,trimestral,,,3,precio constante
50116769,2025-06-01,2025-08-31,trimestral,,,1,n<3
50116769,2025-07-01,2025-09-30,trimestral,,,1,n<3
50116769,2025-08-01,2025-10-31,trimestral,,,3,precio constante
50116769,2024-01-01,2024-06-30,semestral,,,1,n<3
50116769,2024-02-01,2024-07-31,semestral,,,0,n<3
50116769,2024-03-01,2024-08-31,semestral,,,0,n<3
50116769,2024-04-01,2024-09-30,semestral,,,0,n<3
50116769,2024-05-01,2024-10-31,semestral,,,0,n<3
50116769,2024-06-01,2024-11-30,semestral,,,0,n<3
50116769,2024-07-01,2024-12-31,semestral,,,0,n<3
50116769,2024-08-01,2025-01-31,semestral,,,0,n<3
50116769,2024-09-01,2025-02-28,semestral,,,0,n<3
50116769,2024-10-01,2025-03-31,semestral,,,0,n<3
50116769,2024-11-01,2025-04-30,semestral,,,0,n<3
50116769,2024-12-01,2025-05-31,semestral,,,2,n<3
50116769,2025-01-01,2025-06-30,semestral,,,2,n<3
50116769,2025-02-01,2025-07-31,semestral,,,3,precio constante
50116769,2025-03-01,2025-08-31,semestral,,,3,precio constante
50116769,2025-04-01,2025-09-30,semestral,,,3,precio constante
50116769,2025-05-01,2025-10-31,semestral,,,6,precio constante
50116770,2024-03-01,2024-03-31,mensual,,,2,n<3
50116770,2024-04-01,2024-04-30,mensual,,,1,n<3
50116770,2024-05-01,2024-05-31,mensual,,,1,n<3
50116770,2024-06-01,2024-06-30,mensual,,,1,n<3
50116770,2024-07-01,2024-07-31,mensual,,,5,precio constante
50116770,2024-08-01,2024-08-31,mensual,,,8,qty constante
50116770,2024-09-01,2024-09-30,mensual,,,1,n<3
50116770,2024-10-01,2024-10-31,mensual,,,1,n<3
50116770,2024-11-01,2024-11-30,mensual,,,1,n<3
50116770,2024-12-01,2024-12-31,mensual,,,0,n<3
50116770,2025-01-01,2025-01-31,mensual,,,0,n<3
50116770,2025-02-01,2025-02-28,mensual,,,0,n<3
50116770,2025-03-01,2025-03-31,mensual,,,0,n<3
50116770,2025-04-01,2025-04-30,mensual,,,1,n<3
50116770,2025-05-01,2025-05-31,mensual,,,2,n<3
50116770,2025-06-01,2025-06-30,mensual,,,2,n<3
50116770,2025-07-01,2025-07-31,mensual,,,3,qty constante
50116770,2025-08-01,2025-08-31,mensual,-5.0881367999236,0.14145821043278706,15,valida
50116770,2025-09-01,2025-09-30,mensual,,,6,qty constante
50116770,2025-10-01,2025-10-31,mensual,,,1,n<3
50116770,2025-11-01,2025-11-30,mensual,,,0,n<3
50116770,2025-12-01,2025-12-31,mensual,,,1,n<3
50116770,2026-01-01,2026-01-31,mensual,,,1,n<3
50116770,2026-02-01,2026-02-28,mensual,,,0,n<3
50116770,2026-03-01,2026-03-31,mensual,,,2,n<3
50116770,2024-03-01,2024-05-31,trimestral,,,4,precio constante
50116770,2024-04-01,2024-06-30,trimestral,,,3,qty constante
50116770,2024-05-01,2024-07-31,trimestral,,,7,qty constante
50116770,2024-06-01,2024-08-31,trimestral,,,14,qty constante
50116770,2024-07-01,2024-09-30,trimestral,,,14,qty constante
50116770,2024-08-01,2024-10-31,trimestral,,,10,qty constante
50116770,2024-09-01,2024-11-30,trimestral,,,3,precio constante
50116770,2024-10-01,2024-12-31,trimestral,,,2,n<3
50116770,2024-11-01,2025-01-31,trimestral,,,1,n<3
50116770,2024-12-01,2025-02-28,trimestral,,,0,n<3
50116770,2025-01-01,2025-03-31,trimestral,,,0,n<3
50116770,2025-02-01,2025-04-30,trimestral,,,1,n<3
50116770,2025-03-01,2025-05-31,trimestral,,,3,precio constante
50116770,2025-04-01,2025-06-30,trimestral,,,5,precio constante
50116770,2025-05-01,2025-07-31,trimestral,,,7,qty constante
50116770,2025-06-01,2025-08-31,trimestral,-0.2930806562855187,0.09135440999832556,20,valida
50116770,2025-07-01,2025-09-30,trimestral,-0.2729282473545933,0.12647169577576023,24,valida
50116770,2025-08-01,2025-10-31,trimestral,-0.2739759042937912,0.11631896539507569,22,valida
50116770,2025-09-01,2025-11-30,trimestral,,,7,qty constante
50116770,2025-10-01,2025-12-31,trimestral,,,2,n<3
50116770,2025-11-01,2026-01-31,trimestral,,,2,n<3
50116770,2025-12-01,2026-02-28,trimestral,,,2,n<3
50116770,2026-01-01,2026-03-31,trimestral,,,3,precio constante
50116770,2024-03-01,2024-08-31,semestral,,,18,qty constante
50116770,2024-04-01,2024-09-30,semestral,,,17,qty constante
50116770,2024-05-01,2024-10-31,semestral,,,17,qty constante
50116770,2024-06-01,2024-11-30,semestral,,,17,qty constante
50116770,2024-07-01,2024-12-31,semestral,,,16,qty constante
50116770,2024-08-01,2025-01-31,semestral,,,11,qty constante
50116770,2024-09-01,2025-02-28,semestral,,,3,precio constante
50116770,2024-10-01,2025-03-31,semestral,,,2,n<3
50116770,2024-11-01,2025-04-30,semestral,,,2,n<3
50116770,2024-12-01,2025-05-31,semestral,,,3,precio constante
50116770,2025-01-01,2025-06-30,semestral,,,5,precio constante
50116770,2025-02-01,2025-07-31,semestral,,,8,qty constante
50116770,2025-03-01,2025-08-31,semestral,-0.28275978440769056,0.11969687129981765,23,valida
50116770,2025-04-01,2025-09-30,semestral,-0.2708029513857952,0.15555654225490068,29,valida
50116770,2025-05-01,2025-10-31,semestral,-0.27080295138579485,0.1555565422549008,29,valida
50116770,2025-06-01,2025-11-30,semestral,-0.27143878464081983,0.14543820449136113,27,valida
50116770,2025-07-01,2025-12-31,semestral,-0.26804930448286746,0.13928262758009213,26,valida
50116770,2025-08-01,2026-01-31,semestral,-0.2653548619667419,0.1317814044961888,24,valida
50116770,2025-09-01,2026-02-28,semestral,,,9,qty constante
50116770,2025-10-01,2026-03-31,semestral,,,5,qty constante
50116774,2024-05-01,2024-05-31,mensual,,,1,n<3
50116774,2024-06-01,2024-06-30,mensual,,,0,n<3
50116774,2024-07-01,2024-07-31,mensual,,,1,n<3
50116774,2024-08-01,2024-08-31,mensual,,,6,qty constante
50116774,2024-09-01,2024-09-30,mensual,,,2,n<3
50116774,2024-10-01,2024-10-31,mensual,,,1,n<3
50116774,2024-11-01,2024-11-30,mensual,,,2,n<3
50116774,2024-12-01,2024-12-31,mensual,,,1,n<3
50116774,2025-01-01,2025-01-31,mensual,,,0,n<3
50116774,2025-02-01,2025-02-28,mensual,,,0,n<3
50116774,2025-03-01,2025-03-31,mensual,,,0,n<3
50116774,2025-04-01,2025-04-30,mensual,,,0,n<3
50116774,2025-05-01,2025-05-31,mensual,,,2,n<3
50116774,2025-06-01,2025-06-30,mensual,,,1,n<3
50116774,2025-07-01,2025-07-31,mensual,,,1,n<3
50116774,2025-08-01,2025-08-31,mensual,,,4,qty constante
50116774,2025-09-01,2025-09-30,mensual,,,4,qty constante
50116774,2025-10-01,2025-10-31,mensual,,,1,n<3
50116774,2024-05-01,2024-07-31,trimestral,,,2,n<3
50116774,2024-06-01,2024-08-31,trimestral,,,7,qty constante
50116774,2024-07-01,2024-09-30,trimestral,,,9,qty constante
50116774,2024-08-01,2024-10-31,trimestral,,,9,qty constante
50116774,2024-09-01,2024-11-30,trimestral,,,5,qty constante
50116774,2024-10-01,2024-12-31,trimestral,,,4,qty constante
50116774,2024-11-01,2025-01-31,trimestral,,,3,qty constante
50116774,2024-12-01,2025-02-28,trimestral,,,1,n<3
50116774,2025-01-01,2025-03-31,trimestral,,,0,n<3
50116774,2025-02-01,2025-04-30,trimestral,,,0,n<3
50116774,2025-03-01,2025-05-31,trimestral,,,2,n<3
50116774,2025-04-01,2025-06-30,trimestral,,,3,precio constante
50116774,2025-05-01,2025-07-31,trimestral,-2.8434590437415777,0.33333333333333337,4,valida
50116774,2025-06-01,2025-08-31,trimestral,-3.039974515511426,0.434712821862276,6,valida
50116774,2025-07-01,2025-09-30,trimestral,-3.038274528479129,0.7906409103591931,9,valida
50116774,2025-08-01,2025-10-31,trimestral,,,9,qty constante
50116774,2024-05-01,2024-10-31,semestral,,,11,qty constante
50116774,2024-06-01,2024-11-30,semestral,,,12,qty constante
50116774,2024-07-01,2024-12-31,semestral,,,13,qty constante
50116774,2024-08-01,2025-01-31,semestral,,,12,qty constante
50116774,2024-09-01,2025-02-28,semestral,,,6,qty constante
50116774,2024-10-01,2025-03-31,semestral,,,4,qty constante
50116774,2024-11-01,2025-04-30,semestral,,,3,qty constante
50116774,2024-12-01,2025-05-31,semestral,,,3,qty constante
50116774,2025-01-01,2025-06-30,semestral,,,3,precio constante
50116774,2025-02-01,2025-07-31,semestral,-2.8434590437415777,0.33333333333333337,4,valida
50116774,2025-03-01,2025-08-31,semestral,-3.1780873336552893,0.4271622547894278,8,valida
50116774,2025-04-01,2025-09-30,semestral,-3.016749586676022,0.41584291850800736,12,valida
50116774,2025-05-01,2025-10-31,semestral,-3.021308658199821,0.41080872099364196,13,valida
50116778,2024-01-01,2024-01-31,mensual,,,3,precio constante
50116778,2024-02-01,2024-02-29,mensual,,,3,precio constante
50116778,2024-03-01,2024-03-31,mensual,,,2,n<3
50116778,2024-04-01,2024-04-30,mensual,,,2,n<3
50116778,2024-05-01,2024-05-31,mensual,,,2,n<3
50116778,2024-06-01,2024-06-30,mensual,,,2,n<3
50116778,2024-07-01,2024-07-31,mensual,,,0,n<3
50116778,2024-08-01,2024-08-31,mensual,,,0,n<3
50116778,2024-09-01,2024-09-30,mensual,,,1,n<3
50116778,2024-01-01,2024-03-31,trimestral,,,8,precio constante
50116778,2024-02-01,2024-04-30,trimestral,0.7600683925450837,0.06666666666666676,7,valida
50116778,2024-03-01,2024-05-31,trimestral,,,6,qty constante
50116778,2024-04-01,2024-06-30,trimestral,,,6,precio constante
50116778,2024-05-01,2024-07-31,trimestral,,,4,precio constante
50116778,2024-06-01,2024-08-31,trimestral,,,2,n<3
50116778,2024-07-01,2024-09-30,trimestral,,,1,n<3
50116778,2024-01-01,2024-06-30,semestral,0.5965784773418032,0.02350259525162579,14,valida
50116778,2024-02-01,2024-07-31,semestral,0.12802383426547534,0.0018906907126918782,11,valida
50116778,2024-03-01,2024-08-31,semestral,-0.6311067558223586,0.047258407881643594,8,valida
50116778,2024-04-01,2024-09-30,semestral,0.5214160001411953,0.028080492568201,7,valida
50116783,2024-02-01,2024-02-29,mensual,,,2,n<3
50116783,2024-03-01,2024-03-31,mensual,,,1,n<3
50116783,2024-04-01,2024-04-30,mensual,,,0,n<3
50116783,2024-05-01,2024-05-31,mensual,,,1,n<3
50116783,2024-06-01,2024-06-30,mensual,,,0,n<3
50116783,2024-07-01,2024-07-31,mensual,,,0,n<3
50116783,2024-08-01,2024-08-31,mensual,,,0,n<3
50116783,2024-09-01,2024-09-30,mensual,,,0,n<3
50116783,2024-10-01,2024-10-31,mensual,,,0,n<3
50116783,2024-11-01,2024-11-30,mensual,,,0,n<3
50116783,2024-12-01,2024-12-31,mensual,,,0,n<3
50116783,2025-01-01,2025-01-31,mensual,,,0,n<3
50116783,2025-02-01,2025-02-28,mensual,,,0,n<3
50116783,2025-03-01,2025-03-31,mensual,,,0,n<3
50116783,2025-04-01,2025-04-30,mensual,,,1,n<3
50116783,2025-05-01,2025-05-31,mensual,,,5,precio constante
50116783,2025-06-01,2025-06-30,mensual,,,3,precio constante
50116783,2025-07-01,2025-07-31,mensual,,,2,n<3
50116783,2025-08-01,2025-08-31,mensual,,,1,n<3
50116783,2025-09-01,2025-09-30,mensual,,,4,qty constante
50116783,2025-10-01,2025-10-31,mensual,,,0,n<3
50116783,2025-11-01,2025-11-30,mensual,,,2,n<3
50116783,2025-12-01,2025-12-31,mensual,,,0,n<3
50116783,2026-01-01,2026-01-31,mensual,,,1,n<3
50116783,2024-02-01,2024-04-30,trimestral,,,3,precio constante
50116783,2024-03-01,2024-05-31,trimestral,,,2,n<3
50116783,2024-04-01,2024-06-30,trimestral,,,1,n<3
50116783,2024-05-01,2024-07-31,trimestral,,,1,n<3
50116783,2024-06-01,2024-08-31,trimestral,,,0,n<3
50116783,2024-07-01,2024-09-30,trimestral,,,0,n<3
50116783,2024-08-01,2024-10-31,trimestral,,,0,n<3
50116783,2024-09-01,2024-11-30,trimestral,,,0,n<3
50116783,2024-10-01,2024-12-31,trimestral,,,0,n<3
50116783,2024-11-01,2025-01-31,trimestral,,,0,n<3
50116783,2024-12-01,2025-02-28,trimestral,,,0,n<3
50116783,2025-01-01,2025-03-31,trimestral,,,0,n<3
50116783,2025-02-01,2025-04-30,trimestral,,,1,n<3
50116783,2025-03-01,2025-05-31,trimestral,,,6,precio constante
50116783,2025-04-01,2025-06-30,trimestral,,,9,precio constante
50116783,2025-05-01,2025-07-31,trimestral,,,10,qty constante
50116783,2025-06-01,2025-08-31,trimestral,,,6,qty constante
50116783,2025-07-01,2025-09-30,trimestral,,,7,qty constante
50116783,2025-08-01,2025-10-31,trimestral,,,5,qty constante
50116783,2025-09-01,2025-11-30,trimestral,,,6,qty constante
50116783,2025-10-01,2025-12-31,trimestral,,,2,n<3
50116783,2025-11-01,2026-01-31,trimestral,,,3,qty constante
50116783,2024-02-01,2024-07-31,semestral,,,4,qty constante
50116783,2024-03-01,2024-08-31,semestral,,,2,n<3
50116783,2024-04-01,2024-09-30,semestral,,,1,n<3
50116783,2024-05-01,2024-10-31,semestral,,,1,n<3
50116783,2024-06-01,2024-11-30,semestral,,,0,n<3
50116783,2024-07-01,2024-12-31,semestral,,,0,n<3
50116783,2024-08-01,2025-01-31,semestral,,,0,n<3
50116783,2024-09-01,2025-02-28,semestral,,,0,n<3
50116783,2024-10-01,2025-03-31,semestral,,,0,n<3
50116783,2024-11-01,2025-04-30,semestral,,,1,n<3
50116783,2024-12-01,2025-05-31,semestral,,,6,precio constante
50116783,2025-01-01,2025-06-30,semestral,,,9,precio constante
50116783,2025-02-01,2025-07-31,semestral,,,11,qty constante
50116783,2025-03-01,2025-08-31,semestral,,,12,qty constante
50116783,2025-04-01,2025-09-30,semestral,,,16,qty constante
50116783,2025-05-01,2025-10-31,semestral,,,15,qty constante
50116783,2025-06-01,2025-11-30,semestral,,,12,qty constante
50116783,2025-07-01,2025-12-31,semestral,,,9,qty constante
50116783,2025-08-01,2026-01-31,semestral,,,8,qty constante
50116865,2024-02-01,2024-02-29,mensual,,,1,n<3
50125168,2024-08-01,2024-08-31,mensual,,,2,n<3
50125168,2024-09-01,2024-09-30,mensual,,,2,n<3
50125168,2024-10-01,2024-10-31,mensual,,,0,n<3
50125168,2024-11-01,2024-11-30,mensual,,,2,n<3
50125168,2024-12-01,2024-12-31,mensual,,,5,qty constante
50125168,2025-01-01,2025-01-31,mensual,,,2,n<3
50125168,2025-02-01,2025-02-28,mensual,,,0,n<3
50125168,2025-03-01,2025-03-31,mensual,,,2,n<3
50125168,2025-04-01,2025-04-30,mensual,,,0,n<3
50125168,2025-05-01,2025-05-31,mensual,,,3,qty constante
50125168,2025-06-01,2025-06-30,mensual,,,2,n<3
50125168,2025-07-01,2025-07-31,mensual,,,3,qty constante
50125168,2025-08-01,2025-08-31,mensual,,,3,precio constante
50125168,2025-09-01,2025-09-30,mensual,,,5,precio constante
50125168,2025-10-01,2025-10-31,mensual,,,0,n<3
50125168,2025-11-01,2025-11-30,mensual,,,0,n<3
50125168,2025-12-01,2025-12-31,mensual,,,0,n<3
50125168,2026-01-01,2026-01-31,mensual,,,0,n<3
50125168,2026-02-01,2026-02-28,mensual,,,0,n<3
50125168,2026-03-01,2026-03-31,mensual,,,1,n<3
50125168,2024-08-01,2024-10-31,trimestral,,,4,qty constante
50125168,2024-09-01,2024-11-30,trimestral,,,4,qty constante
50125168,2024-10-01,2024-12-31,trimestral,,,7,qty constante
50125168,2024-11-01,2025-01-31,trimestral,,,9,qty constante
50125168,2024-12-01,2025-02-28,trimestral,,,7,qty constante
50125168,2025-01-01,2025-03-31,trimestral,,,4,qty constante
50125168,2025-02-01,2025-04-30,trimestral,,,2,n<3
50125168,2025-03-01,2025-05-31,trimestral,,,5,qty constante
50125168,2025-04-01,2025-06-30,trimestral,,,5,qty constante
50125168,2025-05-01,2025-07-31,trimestral,,,8,qty constante
50125168,2025-06-01,2025-08-31,trimestral,,,8,qty constante
50125168,2025-07-01,2025-09-30,trimestral,,,11,qty constante
50125168,2025-08-01,2025-10-31,trimestral,,,8,precio constante
50125168,2025-09-01,2025-11-30,trimestral,,,5,precio constante
50125168,2025-10-01,2025-12-31,trimestral,,,0,n<3
50125168,2025-11-01,2026-01-31,trimestral,,,0,n<3
50125168,2025-12-01,2026-02-28,trimestral,,,0,n<3
50125168,2026-01-01,2026-03-31,trimestral,,,1,n<3
50125168,2024-08-01,2025-01-31,semestral,,,13,qty constante
50125168,2024-09-01,2025-02-28,semestral,,,11,qty constante
50125168,2024-10-01,2025-03-31,semestral,,,11,qty constante
50125168,2024-11-01,2025-04-30,semestral,,,11,qty constante
50125168,2024-12-01,2025-05-31,semestral,,,12,qty constante
50125168,2025-01-01,2025-06-30,semestral,,,9,qty constante
50125168,2025-02-01,2025-07-31,semestral,,,10,qty constante
50125168,2025-03-01,2025-08-31,semestral,,,13,qty constante
50125168,2025-04-01,2025-09-30,semestral,,,16,qty constante
50125168,2025-05-01,2025-10-31,semestral,,,16,qty constante
50125168,2025-06-01,2025-11-30,semestral,,,13,qty constante
50125168,2025-07-01,2025-12-31,semestral,,,11,qty constante
50125168,2025-08-01,2026-01-31,semestral,,,8,precio constante
50125168,2025-09-01,2026-02-28,semestral,,,5,precio constante
50125168,2025-10-01,2026-03-31,semestral,,,1,n<3
50125169,2024-07-01,2024-07-31,mensual,,,1,n<3
50125169,2024-08-01,2024-08-31,mensual,,,2,n<3
50125169,2024-09-01,2024-09-30,mensual,,,2,n<3
50125169,2024-10-01,2024-10-31,mensual,,,1,n<3
50125169,2024-11-01,2024-11-30,mensual,,,3,qty constante
50125169,2024-12-01,2024-12-31,mensual,,,2,n<3
50125169,2025-01-01,2025-01-31,mensual,,,2,n<3
50125169,2024-07-01,2024-09-30,trimestral,0.06884217071769913,0.0015707052333493454,5,valida
50125169,2024-08-01,2024-10-31,trimestral,0.06884217071770234,0.0015707052333492344,5,valida
50125169,2024-09-01,2024-11-30,trimestral,,,6,qty constante
50125169,2024-10-01,2024-12-31,trimestral,,,6,qty constante
50125169,2024-11-01,2025-01-31,trimestral,,,7,qty constante
50125169,2024-07-01,2024-12-31,semestral,0.16074886880759257,0.061667140262408604,11,valida
50125169,2024-08-01,2025-01-31,semestral,0.16467280267161186,0.06888886688592377,12,valida
50125170,2024-06-01,2024-06-30,mensual,,,3,precio constante
50125170,2024-07-01,2024-07-31,mensual,,,5,qty constante
50125170,2024-08-01,2024-08-31,mensual,2.1896159155550454,0.11081206266923216,4,valida
50125170,2024-09-01,2024-09-30,mensual,,,3,qty constante
50125170,2024-10-01,2024-10-31,mensual,,,0,n<3
50125170,2024-11-01,2024-11-30,mensual,,,0,n<3
50125170,2024-12-01,2024-12-31,mensual,,,0,n<3
50125170,2025-01-01,2025-01-31,mensual,,,0,n<3
50125170,2025-02-01,2025-02-28,mensual,,,0,n<3
50125170,2025-03-01,2025-03-31,mensual,,,0,n<3
50125170,2025-04-01,2025-04-30,mensual,,,0,n<3
50125170,2025-05-01,2025-05-31,mensual,,,6,precio constante
50125170,2025-06-01,2025-06-30,mensual,-3.2336431908014003,0.11111111111111105,4,valida
50125170,2025-07-01,2025-07-31,mensual,,,2,n<3
50125170,2025-08-01,2025-08-31,mensual,-0.9718240166897069,0.33347541045204565,4,valida
50125170,2025-09-01,2025-09-30,mensual,,,2,n<3
50125170,2025-10-01,2025-10-31,mensual,,,0,n<3
50125170,2025-11-01,2025-11-30,mensual,,,0,n<3
50125170,2025-12-01,2025-12-31,mensual,,,1,n<3
50125170,2026-01-01,2026-01-31,mensual,,,1,n<3
50125170,2024-06-01,2024-08-31,trimestral,0.1195541876230208,0.0005230706907436433,12,valida
50125170,2024-07-01,2024-09-30,trimestral,0.17236429788064575,0.008816875461340912,12,valida
50125170,2024-08-01,2024-10-31,trimestral,0.4241018636982225,0.04708555011719984,7,valida
50125170,2024-09-01,2024-11-30,trimestral,,,3,qty constante
50125170,2024-10-01,2024-12-31,trimestral,,,0,n<3
50125170,2024-11-01,2025-01-31,trimestral,,,0,n<3
50125170,2024-12-01,2025-02-28,trimestral,,,0,n<3
50125170,2025-01-01,2025-03-31,trimestral,,,0,n<3
50125170,2025-02-01,2025-04-30,trimestral,,,0,n<3
50125170,2025-03-01,2025-05-31,trimestral,,,6,precio constante
50125170,2025-04-01,2025-06-30,trimestral,-2.161824738759981,0.027938873658087338,10,valida
50125170,2025-05-01,2025-07-31,trimestral,-1.7701322320606443,0.018314979909863416,12,valida
50125170,2025-06-01,2025-08-31,trimestral,-0.7248401745865203,0.14924235269789887,10,valida
50125170,2025-07-01,2025-09-30,trimestral,-0.9717550054511537,0.4286932046347266,8,valida
50125170,2025-08-01,2025-10-31,trimestral,-0.97177225826089,0.4001278660015575,6,valida
50125170,2025-09-01,2025-11-30,trimestral,,,2,n<3
50125170,2025-10-01,2025-12-31,trimestral,,,1,n<3
50125170,2025-11-01,2026-01-31,trimestral,,,2,n<3
50125170,2024-06-01,2024-11-30,semestral,0.1352038410871417,0.005431793907929472,15,valida
50125170,2024-07-01,2024-12-31,semestral,0.17236429788064575,0.008816875461340912,12,valida
50125170,2024-08-01,2025-01-31,semestral,0.4241018636982225,0.04708555011719984,7,valida
50125170,2024-09-01,2025-02-28,semestral,,,3,qty constante
50125170,2024-10-01,2025-03-31,semestral,,,0,n<3
50125170,2024-11-01,2025-04-30,semestral,,,0,n<3
50125170,2024-12-01,2025-05-31,semestral,,,6,precio constante
50125170,2025-01-01,2025-06-30,semestral,-2.161824738759981,0.027938873658087338,10,valida
50125170,2025-02-01,2025-07-31,semestral,-1.7701322320606443,0.018314979909863416,12,valida
50125170,2025-03-01,2025-08-31,semestral,-0.7008627798967475,0.09807019615516799,16,valida
50125170,2025-04-01,2025-09-30,semestral,-0.7315580467219512,0.10545263025091511,18,valida
50125170,2025-05-01,2025-10-31,semestral,-0.7315580467219512,0.10545263025091511,18,valida
50125170,2025-06-01,2025-11-30,semestral,-0.768589526336453,0.1661564653991956,12,valida
50125170,2025-07-01,2025-12-31,semestral,-0.9717500760769328,0.43761987300826666,9,valida
50125170,2025-08-01,2026-01-31,semestral,-0.9717550054511521,0.4286932046347266,8,valida
50125171,2024-06-01,2024-06-30,mensual,,,3,precio constante
50125171,2024-07-01,2024-07-31,mensual,,,1,n<3
50125171,2024-08-01,2024-08-31,mensual,,,2,n<3
50125171,2024-09-01,2024-09-30,mensual,,,1,n<3
50125171,2024-10-01,2024-10-31,mensual,,,0,n<3
50125171,2024-11-01,2024-11-30,mensual,,,2,n<3
50125171,2024-06-01,2024-08-31,trimestral,,,6,qty constante
50125171,2024-07-01,2024-09-30,trimestral,,,4,qty constante
50125171,2024-08-01,2024-10-31,trimestral,,,3,qty constante
50125171,2024-09-01,2024-11-30,trimestral,-0.453212005856597,0.2500000000000001,3,valida
50125171,2024-06-01,2024-11-30,semestral,-0.48067984283887694,0.4075032109395712,9,valida
50125173,2024-07-01,2024-07-31,mensual,,,1,n<3
50125173,2024-08-01,2024-08-31,mensual,,,1,n<3
50125173,2024-09-01,2024-09-30,mensual,,,0,n<3
50125173,2024-10-01,2024-10-31,mensual,,,0,n<3
50125173,2024-11-01,2024-11-30,mensual,,,0,n<3
50125173,2024-12-01,2024-12-31,mensual,,,2,n<3
50125173,2025-01-01,2025-01-31,mensual,,,0,n<3
50125173,2025-02-01,2025-02-28,mensual,,,0,n<3
50125173,2025-03-01,2025-03-31,mensual,,,0,n<3
50125173,2025-04-01,2025-04-30,mensual,,,0,n<3
50125173,2025-05-01,2025-05-31,mensual,,,0,n<3
50125173,2025-06-01,2025-06-30,mensual,,,1,n<3
50125173,2025-07-01,2025-07-31,mensual,,,0,n<3
50125173,2025-08-01,2025-08-31,mensual,,,1,n<3
50125173,2025-09-01,2025-09-30,mensual,,,1,n<3
50125173,2025-10-01,2025-10-31,mensual,,,0,n<3
50125173,2025-11-01,2025-11-30,mensual,,,0,n<3
50125173,2025-12-01,2025-12-31,mensual,,,1,n<3
50125173,2026-01-01,2026-01-31,mensual,,,2,n<3
50125173,2026-02-01,2026-02-28,mensual,,,1,n<3
50125173,2026-03-01,2026-03-31,mensual,,,2,n<3
50125173,2026-04-01,2026-04-30,mensual,,,1,n<3
50125173,2024-07-01,2024-09-30,trimestral,,,2,n<3
50125173,2024-08-01,2024-10-31,trimestral,,,1,n<3
50125173,2024-09-01,2024-11-30,trimestral,,,0,n<3
50125173,2024-10-01,2024-12-31,trimestral,,,2,n<3
50125173,2024-11-01,2025-01-31,trimestral,,,2,n<3
50125173,2024-12-01,2025-02-28,trimestral,,,2,n<3
50125173,2025-01-01,2025-03-31,trimestral,,,0,n<3
50125173,2025-02-01,2025-04-30,trimestral,,,0,n<3
50125173,2025-03-01,2025-05-31,trimestral,,,0,n<3
50125173,2025-04-01,2025-06-30,trimestral,,,1,n<3
50125173,2025-05-01,2025-07-31,trimestral,,,1,n<3
50125173,2025-06-01,2025-08-31,trimestral,,,2,n<3
50125173,2025-07-01,2025-09-30,trimestral,,,2,n<3
50125173,2025-08-01,2025-10-31,trimestral,,,2,n<3
50125173,2025-09-01,2025-11-30,trimestral,,,1,n<3
50125173,2025-10-01,2025-12-31,trimestral,,,1,n<3
50125173,2025-11-01,2026-01-31,trimestral,,,3,precio constante
50125173,2025-12-01,2026-02-28,trimestral,,,4,precio constante
50125173,2026-01-01,2026-03-31,trimestral,,,5,precio constante
50125173,2026-02-01,2026-04-30,trimestral,,,4,precio constante
50125173,2024-07-01,2024-12-31,semestral,1.9439006215570391,1.0,4,valida
50125173,2024-08-01,2025-01-31,semestral,,,3,precio constante
50125173,2024-09-01,2025-02-28,semestral,,,2,n<3
50125173,2024-10-01,2025-03-31,semestral,,,2,n<3
50125173,2024-11-01,2025-04-30,semestral,,,2,n<3
50125173,2024-12-01,2025-05-31,semestral,,,2,n<3
50125173,2025-01-01,2025-06-30,semestral,,,1,n<3
50125173,2025-02-01,2025-07-31,semestral,,,1,n<3
50125173,2025-03-01,2025-08-31,semestral,,,2,n<3
50125173,2025-04-01,2025-09-30,semestral,,,3,precio constante
50125173,2025-05-01,2025-10-31,semestral,,,3,precio constante
50125173,2025-06-01,2025-11-30,semestral,,,3,precio constante
50125173,2025-07-01,2025-12-31,semestral,,,3,precio constante
50125173,2025-08-01,2026-01-31,semestral,,,5,precio constante
50125173,2025-09-01,2026-02-28,semestral,,,5,precio constante
50125173,2025-10-01,2026-03-31,semestral,,,6,precio constante
50125173,2025-11-01,2026-04-30,semestral,,,7,precio constante
50125174,2024-08-01,2024-08-31,mensual,,,3,qty constante
50125174,2024-09-01,2024-09-30,mensual,,,1,n<3
50125174,2024-10-01,2024-10-31,mensual,,,0,n<3
50125174,2024-11-01,2024-11-30,mensual,,,0,n<3
50125174,2024-12-01,2024-12-31,mensual,,,1,n<3
50125174,2025-01-01,2025-01-31,mensual,,,0,n<3
50125174,2025-02-01,2025-02-28,mensual,,,0,n<3
50125174,2025-03-01,2025-03-31,mensual,,,0,n<3
50125174,2025-04-01,2025-04-30,mensual,,,0,n<3
50125174,2025-05-01,2025-05-31,mensual,,,1,n<3
50125174,2025-06-01,2025-06-30,mensual,,,0,n<3
50125174,2025-07-01,2025-07-31,mensual,,,0,n<3
50125174,2025-08-01,2025-08-31,mensual,,,1,n<3
50125174,2025-09-01,2025-09-30,mensual,,,1,n<3
50125174,2025-10-01,2025-10-31,mensual,,,0,n<3
50125174,2025-11-01,2025-11-30,mensual,,,0,n<3
50125174,2025-12-01,2025-12-31,mensual,,,0,n<3
50125174,2026-01-01,2026-01-31,mensual,,,0,n<3
50125174,2026-02-01,2026-02-28,mensual,,,0,n<3
50125174,2026-03-01,2026-03-31,mensual,,,0,n<3
50125174,2026-04-01,2026-04-30,mensual,,,1,n<3
50125174,2024-08-01,2024-10-31,trimestral,,,4,qty constante
50125174,2024-09-01,2024-11-30,trimestral,,,1,n<3
50125174,2024-10-01,2024-12-31,trimestral,,,1,n<3
50125174,2024-11-01,2025-01-31,trimestral,,,1,n<3
50125174,2024-12-01,2025-02-28,trimestral,,,1,n<3
50125174,2025-01-01,2025-03-31,trimestral,,,0,n<3
50125174,2025-02-01,2025-04-30,trimestral,,,0,n<3
50125174,2025-03-01,2025-05-31,trimestral,,,1,n<3
50125174,2025-04-01,2025-06-30,trimestral,,,1,n<3
50125174,2025-05-01,2025-07-31,trimestral,,,1,n<3
50125174,2025-06-01,2025-08-31,trimestral,,,1,n<3
50125174,2025-07-01,2025-09-30,trimestral,,,2,n<3
50125174,2025-08-01,2025-10-31,trimestral,,,2,n<3
50125174,2025-09-01,2025-11-30,trimestral,,,1,n<3
50125174,2025-10-01,2025-12-31,trimestral,,,0,n<3
50125174,2025-11-01,2026-01-31,trimestral,,,0,n<3
50125174,2025-12-01,2026-02-28,trimestral,,,0,n<3
50125174,2026-01-01,2026-03-31,trimestral,,,0,n<3
50125174,2026-02-01,2026-04-30,trimestral,,,1,n<3
50125174,2024-08-01,2025-01-31,semestral,,,5,qty constante
50125174,2024-09-01,2025-02-28,semestral,,,2,n<3
50125174,2024-10-01,2025-03-31,semestral,,,1,n<3
50125174,2024-11-01,2025-04-30,semestral,,,1,n<3
50125174,2024-12-01,2025-05-31,semestral,,,2,n<3
50125174,2025-01-01,2025-06-30,semestral,,,1,n<3
50125174,2025-02-01,2025-07-31,semestral,,,1,n<3
50125174,2025-03-01,2025-08-31,semestral,,,2,n<3
50125174,2025-04-01,2025-09-30,semestral,,,3,qty constante
50125174,2025-05-01,2025-10-31,semestral,,,3,qty constante
50125174,2025-06-01,2025-11-30,semestral,,,2,n<3
50125174,2025-07-01,2025-12-31,semestral,,,2,n<3
50125174,2025-08-01,2026-01-31,semestral,,,2,n<3
50125174,2025-09-01,2026-02-28,semestral,,,1,n<3
50125174,2025-10-01,2026-03-31,semestral,,,0,n<3
50125174,2025-11-01,2026-04-30,semestral,,,1,n<3
50125175,2024-07-01,2024-07-31,mensual,,,3,qty constante
50125175,2024-08-01,2024-08-31,mensual,-0.7608667630108278,0.09673780284578659,10,valida
50125175,2024-09-01,2024-09-30,mensual,-3.2067323388571394,0.43838151055284247,7,valida
50125175,2024-10-01,2024-10-31,mensual,,,4,precio constante
50125175,2024-11-01,2024-11-30,mensual,,,3,qty constante
50125175,2024-12-01,2024-12-31,mensual,,,0,n<3
50125175,2025-01-01,2025-01-31,mensual,,,0,n<3
50125175,2025-02-01,2025-02-28,mensual,,,1,n<3
50125175,2024-07-01,2024-09-30,trimestral,-1.76073164172247,0.24320304838641105,20,valida
50125175,2024-08-01,2024-10-31,trimestral,-1.9230671871657958,0.2933759976051249,21,valida
50125175,2024-09-01,2024-11-30,trimestral,-0.16816754361652797,0.00951607277730826,14,valida
50125175,2024-10-01,2024-12-31,trimestral,,,7,qty constante
50125175,2024-11-01,2025-01-31,trimestral,,,3,qty constante
50125175,2024-12-01,2025-02-28,trimestral,,,1,n<3
50125175,2024-07-01,2024-12-31,semestral,-0.2949007568390225,0.02675061973656534,27,valida
50125175,2024-08-01,2025-01-31,semestral,-0.2711638597390297,0.022488425318278882,24,valida
50125175,2024-09-01,2025-02-28,semestral,0.007618988319113894,3.276876151392383e-05,15,valida
50125459,2024-08-01,2024-08-31,mensual,-0.7391090152322788,0.26448061938764356,6,valida
50125459,2024-09-01,2024-09-30,mensual,,,7,precio constante
50125459,2024-10-01,2024-10-31,mensual,,,1,n<3
50125459,2024-11-01,2024-11-30,mensual,,,4,precio constante
50125459,2024-12-01,2024-12-31,mensual,,,3,precio constante
50125459,2025-01-01,2025-01-31,mensual,,,1,n<3
50125459,2024-08-01,2024-10-31,trimestral,1.0521662969501389,0.15792026274792137,14,valida
50125459,2024-09-01,2024-11-30,trimestral,1.296892914823044,0.19813223378270706,12,valida
50125459,2024-10-01,2024-12-31,trimestral,2.013759045730558,0.6742025708625483,8,valida
50125459,2024-11-01,2025-01-31,trimestral,-1.0123225135587146,0.1428571428571428,8,valida
50125459,2024-08-01,2025-01-31,semestral,0.23280753955329628,0.011677612147674266,22,valida
50125468,2024-08-01,2024-08-31,mensual,,,4,qty constante
50125468,2024-09-01,2024-09-30,mensual,,,5,qty constante
50125468,2024-10-01,2024-10-31,mensual,,,3,precio constante
50125468,2024-11-01,2024-11-30,mensual,,,3,qty constante
50125468,2024-12-01,2024-12-31,mensual,,,3,qty constante
50125468,2025-01-01,2025-01-31,mensual,,,1,n<3
50125468,2025-02-01,2025-02-28,mensual,,,2,n<3
50125468,2025-03-01,2025-03-31,mensual,,,1,n<3
50125468,2025-04-01,2025-04-30,mensual,,,1,n<3
50125468,2024-08-01,2024-10-31,trimestral,0.6503366404336093,0.14668385624283198,12,valida
50125468,2024-09-01,2024-11-30,trimestral,0.7537404242408442,0.24417635821644246,11,valida
50125468,2024-10-01,2024-12-31,trimestral,0.38584580742186847,0.10979332684325116,9,valida
50125468,2024-11-01,2025-01-31,trimestral,,,7,qty constante
50125468,2024-12-01,2025-02-28,trimestral,,,6,qty constante
50125468,2025-01-01,2025-03-31,trimestral,,,4,qty constante
50125468,2025-02-01,2025-04-30,trimestral,,,4,precio constante
50125468,2024-08-01,2025-01-31,semestral,0.1677941321038783,0.0398083106101319,19,valida
50125468,2024-09-01,2025-02-28,semestral,0.1975412953877617,0.05362423485320078,17,valida
50125468,2024-10-01,2025-03-31,semestral,0.1815967533814719,0.04440463888360502,13,valida
50125468,2024-11-01,2025-04-30,semestral,,,11,qty constante
50125474,2024-07-01,2024-07-31,mensual,,,1,n<3
50125474,2024-08-01,2024-08-31,mensual,0.6515697151392745,0.1862547936034421,9,valida
50125474,2024-09-01,2024-09-30,mensual,,,0,n<3
50125474,2024-10-01,2024-10-31,mensual,,,4,precio constante
50125474,2024-11-01,2024-11-30,mensual,-0.37818838129127674,0.249813802106028,3,valida
50125474,2024-12-01,2024-12-31,mensual,,,1,n<3
50125474,2025-01-01,2025-01-31,mensual,,,0,n<3
50125474,2025-02-01,2025-02-28,mensual,,,0,n<3
50125474,2025-03-01,2025-03-31,mensual,,,0,n<3
50125474,2025-04-01,2025-04-30,mensual,,,1,n<3
50125474,2025-05-01,2025-05-31,mensual,,,0,n<3
50125474,2025-06-01,2025-06-30,mensual,,,1,n<3
50125474,2024-07-01,2024-09-30,trimestral,0.5506193617540587,0.13773417417398237,10,valida
50125474,2024-08-01,2024-10-31,trimestral,0.3759392501798635,0.06840880638968505,13,valida
50125474,2024-09-01,2024-11-30,trimestral,-0.6304183088734024,0.41642525907114525,7,valida
50125474,2024-10-01,2024-12-31,trimestral,-0.25190127124025197,0.11088135393427379,8,valida
50125474,2024-11-01,2025-01-31,trimestral,0.0003285893336464057,1.8870205109600136e-07,4,valida
50125474,2024-12-01,2025-02-28,trimestral,,,1,n<3
50125474,2025-01-01,2025-03-31,trimestral,,,0,n<3
50125474,2025-02-01,2025-04-30,trimestral,,,1,n<3
50125474,2025-03-01,2025-05-31,trimestral,,,1,n<3
50125474,2025-04-01,2025-06-30,trimestral,,,2,n<3
50125474,2024-07-01,2024-12-31,semestral,-0.08442115369009516,0.007842919710327134,18,valida
50125474,2024-08-01,2025-01-31,semestral,-0.06809529911174846,0.005083247856557116,17,valida
50125474,2024-09-01,2025-02-28,semestral,-0.25190127124025197,0.11088135393427379,8,valida
50125474,2024-10-01,2025-03-31,semestral,-0.25190127124025197,0.11088135393427379,8,valida
50125474,2024-11-01,2025-04-30,semestral,-0.030077976899682283,0.0013284253846636007,5,valida
50125474,2024-12-01,2025-05-31,semestral,,,2,n<3
50125474,2025-01-01,2025-06-30,semestral,,,2,n<3
50125485,2024-07-01,2024-07-31,mensual,,,5,qty constante
50125485,2024-08-01,2024-08-31,mensual,0.02347763819561256,0.00015784667877927205,16,valida
50125485,2024-09-01,2024-09-30,mensual,,,8,qty constante
50125485,2024-10-01,2024-10-31,mensual,,,4,precio constante
50125485,2024-11-01,2024-11-30,mensual,,,7,precio constante
50125485,2024-12-01,2024-12-31,mensual,,,3,precio constante
50125485,2024-07-01,2024-09-30,trimestral,-0.11336816506904407,0.0045643996707307455,29,valida
50125485,2024-08-01,2024-10-31,trimestral,-0.09536665554148659,0.003108418669674151,28,valida
50125485,2024-09-01,2024-11-30,trimestral,,,19,qty constante
50125485,2024-10-01,2024-12-31,trimestral,-0.0999378327082745,0.030739479608456022,14,valida
50125485,2024-07-01,2024-12-31,semestral,-0.027604723885986632,0.001567259121854181,43,valida
50125494,2024-07-01,2024-07-31,mensual,,,3,precio constante
50125494,2024-08-01,2024-08-31,mensual,-0.4809537401219591,0.10944272888354656,5,valida
50125494,2024-09-01,2024-09-30,mensual,,,1,n<3
50125494,2024-10-01,2024-10-31,mensual,,,1,n<3
50125494,2024-11-01,2024-11-30,mensual,,,3,qty constante
50125494,2024-12-01,2024-12-31,mensual,,,2,n<3
50125494,2024-07-01,2024-09-30,trimestral,-0.40720216086738964,0.12493515239829456,9,valida
50125494,2024-08-01,2024-10-31,trimestral,-0.39215354025795734,0.09313509324169744,7,valida
50125494,2024-09-01,2024-11-30,trimestral,,,5,qty constante
50125494,2024-10-01,2024-12-31,trimestral,-0.31503834737302144,0.09936562096187529,6,valida
50125494,2024-07-01,2024-12-31,semestral,-0.3427265759549333,0.11507750214914747,15,valida
50125508,2024-07-01,2024-07-31,mensual,,,2,n<3
50125508,2024-08-01,2024-08-31,mensual,0.15624404474011705,0.0106256341019213,11,valida
50125508,2024-09-01,2024-09-30,mensual,,,10,precio constante
50125508,2024-10-01,2024-10-31,mensual,,,2,n<3
50125508,2024-11-01,2024-11-30,mensual,0.3332608434205452,0.22218242418181855,7,valida
50125508,2024-12-01,2024-12-31,mensual,,,0,n<3
50125508,2025-01-01,2025-01-31,mensual,,,2,n<3
50125508,2024-07-01,2024-09-30,trimestral,0.029952483594760496,0.0002587387928363327,23,valida
50125508,2024-08-01,2024-10-31,trimestral,0.02995248359475927,0.0002587387928363327,23,valida
50125508,2024-09-01,2024-11-30,trimestral,0.2415238966736932,0.042373636421260796,19,valida
50125508,2024-10-01,2024-12-31,trimestral,0.19994473895296233,0.09997236988485936,9,valida
50125508,2024-11-01,2025-01-31,trimestral,0.19994473895296203,0.09997236988485925,9,valida
50125508,2024-07-01,2024-12-31,semestral,0.15727946821205652,0.015354651645286155,32,valida
50125508,2024-08-01,2025-01-31,semestral,0.1572794682120565,0.015354651645286155,32,valida
50131056,2025-07-01,2025-07-31,mensual,,,3,qty constante
50131056,2025-08-01,2025-08-31,mensual,,,6,qty constante
50131056,2025-09-01,2025-09-30,mensual,,,5,precio constante
50131056,2025-07-01,2025-09-30,trimestral,,,14,qty constante
50131057,2025-07-01,2025-07-31,mensual,,,1,n<3
50131057,2025-08-01,2025-08-31,mensual,,,3,precio constante
50131057,2025-09-01,2025-09-30,mensual,,,4,precio constante
50131057,2025-10-01,2025-10-31,mensual,,,1,n<3
50131057,2025-11-01,2025-11-30,mensual,,,0,n<3
50131057,2025-12-01,2025-12-31,mensual,,,0,n<3
50131057,2026-01-01,2026-01-31,mensual,,,0,n<3
50131057,2026-02-01,2026-02-28,mensual,,,2,n<3
50131057,2025-07-01,2025-09-30,trimestral,,,8,qty constante
50131057,2025-08-01,2025-10-31,trimestral,,,8,precio constante
50131057,2025-09-01,2025-11-30,trimestral,,,5,precio constante
50131057,2025-10-01,2025-12-31,trimestral,,,1,n<3
50131057,2025-11-01,2026-01-31,trimestral,,,0,n<3
50131057,2025-12-01,2026-02-28,trimestral,,,2,n<3
50131057,2025-07-01,2025-12-31,semestral,,,9,qty constante
50131057,2025-08-01,2026-01-31,semestral,,,8,precio constante
50131057,2025-09-01,2026-02-28,semestral,,,7,precio constante
50131071,2025-07-01,2025-07-31,mensual,,,6,precio constante
50131071,2025-08-01,2025-08-31,mensual,,,5,qty constante
50131071,2025-09-01,2025-09-30,mensual,,,2,n<3
50131071,2025-10-01,2025-10-31,mensual,,,1,n<3
50131071,2025-07-01,2025-09-30,trimestral,,,13,qty constante
50131071,2025-08-01,2025-10-31,trimestral,,,8,qty constante
50131072,2025-07-01,2025-07-31,mensual,,,3,qty constante
50131072,2025-08-01,2025-08-31,mensual,,,4,precio constante
50131072,2025-09-01,2025-09-30,mensual,,,6,precio constante
50131072,2025-10-01,2025-10-31,mensual,,,0,n<3
50131072,2025-11-01,2025-11-30,mensual,,,1,n<3
50131072,2025-12-01,2025-12-31,mensual,,,0,n<3
50131072,2026-01-01,2026-01-31,mensual,,,1,n<3
50131072,2025-07-01,2025-09-30,trimestral,,,13,qty constante
50131072,2025-08-01,2025-10-31,trimestral,,,10,precio constante
50131072,2025-09-01,2025-11-30,trimestral,,,7,precio constante
50131072,2025-10-01,2025-12-31,trimestral,,,1,n<3
50131072,2025-11-01,2026-01-31,trimestral,,,2,n<3
50131072,2025-07-01,2025-12-31,semestral,,,14,qty constante
50131072,2025-08-01,2026-01-31,semestral,,,12,qty constante
50131073,2025-07-01,2025-07-31,mensual,,,1,n<3
50131073,2025-08-01,2025-08-31,mensual,,,8,qty constante
50131073,2025-09-01,2025-09-30,mensual,,,4,precio constante
50131073,2025-10-01,2025-10-31,mensual,,,1,n<3
50131073,2025-11-01,2025-11-30,mensual,,,2,n<3
50131073,2025-12-01,2025-12-31,mensual,,,3,precio constante
50131073,2026-01-01,2026-01-31,mensual,,,2,n<3
50131073,2025-07-01,2025-09-30,trimestral,,,13,qty constante
50131073,2025-08-01,2025-10-31,trimestral,,,13,qty constante
50131073,2025-09-01,2025-11-30,trimestral,,,7,precio constante
50131073,2025-10-01,2025-12-31,trimestral,,,6,precio constante
50131073,2025-11-01,2026-01-31,trimestral,,,7,precio constante
50131073,2025-07-01,2025-12-31,semestral,,,19,qty constante
50131073,2025-08-01,2026-01-31,semestral,,,20,qty constante
50131089,2025-07-01,2025-07-31,mensual,,,4,qty constante
50131089,2025-08-01,2025-08-31,mensual,,,3,precio constante
50131089,2025-09-01,2025-09-30,mensual,,,5,precio constante
50131089,2025-10-01,2025-10-31,mensual,,,3,precio constante
50131089,2025-11-01,2025-11-30,mensual,,,3,precio constante
50131089,2025-12-01,2025-12-31,mensual,,,0,n<3
50131089,2026-01-01,2026-01-31,mensual,,,5,precio constante
50131089,2026-02-01,2026-02-28,mensual,,,0,n<3
50131089,2026-03-01,2026-03-31,mensual,,,0,n<3
50131089,2026-04-01,2026-04-30,mensual,,,1,n<3
50131089,2025-07-01,2025-09-30,trimestral,,,12,qty constante
50131089,2025-08-01,2025-10-31,trimestral,,,11,precio constante
50131089,2025-09-01,2025-11-30,trimestral,,,11,precio constante
50131089,2025-10-01,2025-12-31,trimestral,,,6,precio constante
50131089,2025-11-01,2026-01-31,trimestral,,,8,precio constante
50131089,2025-12-01,2026-02-28,trimestral,,,5,precio constante
50131089,2026-01-01,2026-03-31,trimestral,,,5,precio constante
50131089,2026-02-01,2026-04-30,trimestral,,,1,n<3
50131089,2025-07-01,2025-12-31,semestral,0.11491503941420486,0.0034949664755574705,18,valida
50131089,2025-08-01,2026-01-31,semestral,,,19,precio constante
50131089,2025-09-01,2026-02-28,semestral,,,16,precio constante
50131089,2025-10-01,2026-03-31,semestral,,,11,precio constante
50131089,2025-11-01,2026-04-30,semestral,,,9,precio constante
50131093,2025-08-01,2025-08-31,mensual,0.35381070236227374,0.0386367814037305,10,valida
50131093,2025-09-01,2025-09-30,mensual,,,3,precio constante
50131093,2025-10-01,2025-10-31,mensual,,,1,n<3
50131093,2025-11-01,2025-11-30,mensual,,,0,n<3
50131093,2025-12-01,2025-12-31,mensual,,,1,n<3
50131093,2026-01-01,2026-01-31,mensual,,,3,precio constante
50131093,2026-02-01,2026-02-28,mensual,,,1,n<3
50131093,2026-03-01,2026-03-31,mensual,,,0,n<3
50131093,2026-04-01,2026-04-30,mensual,,,1,n<3
50131093,2025-08-01,2025-10-31,trimestral,0.45976537777915577,0.03765542056738291,14,valida
50131093,2025-09-01,2025-11-30,trimestral,,,4,precio constante
50131093,2025-10-01,2025-12-31,trimestral,,,2,n<3
50131093,2025-11-01,2026-01-31,trimestral,,,4,precio constante
50131093,2025-12-01,2026-02-28,trimestral,,,5,precio constante
50131093,2026-01-01,2026-03-31,trimestral,,,4,precio constante
50131093,2026-02-01,2026-04-30,trimestral,,,2,n<3
50131093,2025-08-01,2026-01-31,semestral,0.34049974566033214,0.020915550211491052,18,valida
50131093,2025-09-01,2026-02-28,semestral,,,9,precio constante
50131093,2025-10-01,2026-03-31,semestral,,,6,precio constante
50131093,2025-11-01,2026-04-30,semestral,,,6,precio constante
50131126,2025-07-01,2025-07-31,mensual,,,1,n<3
50131126,2025-08-01,2025-08-31,mensual,-4.267811735031559,1.0,3,valida
50131126,2025-09-01,2025-09-30,mensual,,,3,precio constante
50131126,2025-10-01,2025-10-31,mensual,,,0,n<3
50131126,2025-11-01,2025-11-30,mensual,,,0,n<3
50131126,2025-12-01,2025-12-31,mensual,,,1,n<3
50131126,2026-01-01,2026-01-31,mensual,,,2,n<3
50131126,2026-02-01,2026-02-28,mensual,,,1,n<3
50131126,2026-03-01,2026-03-31,mensual,,,0,n<3
50131126,2026-04-01,2026-04-30,mensual,,,1,n<3
50131126,2025-07-01,2025-09-30,trimestral,-4.26781173503153,1.0,7,valida
50131126,2025-08-01,2025-10-31,trimestral,-4.2678117350315175,1.0,6,valida
50131126,2025-09-01,2025-11-30,trimestral,,,3,precio constante
50131126,2025-10-01,2025-12-31,trimestral,,,1,n<3
50131126,2025-11-01,2026-01-31,trimestral,,,3,qty constante
50131126,2025-12-01,2026-02-28,trimestral,,,4,qty constante
50131126,2026-01-01,2026-03-31,trimestral,,,3,qty constante
50131126,2026-02-01,2026-04-30,trimestral,,,2,n<3
50131126,2025-07-01,2025-12-31,semestral,-3.435710279856164,0.8557417530865765,8,valida
50131126,2025-08-01,2026-01-31,semestral,-3.451424264450525,0.8532875339158665,9,valida
50131126,2025-09-01,2026-02-28,semestral,,,7,qty constante
50131126,2025-10-01,2026-03-31,semestral,,,4,qty constante
50131126,2025-11-01,2026-04-30,semestral,,,5,qty constante
50131127,2025-09-01,2025-09-30,mensual,,,1,n<3
50131127,2025-10-01,2025-10-31,mensual,,,1,n<3
50131127,2025-11-01,2025-11-30,mensual,,,1,n<3
50131127,2025-12-01,2025-12-31,mensual,,,1,n<3
50131127,2026-01-01,2026-01-31,mensual,,,2,n<3
50131127,2026-02-01,2026-02-28,mensual,,,0,n<3
50131127,2026-03-01,2026-03-31,mensual,,,1,n<3
50131127,2025-09-01,2025-11-30,trimestral,,,3,precio constante
50131127,2025-10-01,2025-12-31,trimestral,,,3,precio constante
50131127,2025-11-01,2026-01-31,trimestral,,,4,precio constante
50131127,2025-12-01,2026-02-28,trimestral,,,3,precio constante
50131127,2026-01-01,2026-03-31,trimestral,,,3,qty constante
50131127,2025-09-01,2026-02-28,semestral,,,6,precio constante
50131127,2025-10-01,2026-03-31,semestral,-3.855271539567422,0.03965510467701494,6,valida
50131142,2025-07-01,2025-07-31,mensual,,,3,qty constante
50131142,2025-08-01,2025-08-31,mensual,,,4,qty constante
50131142,2025-09-01,2025-09-30,mensual,,,1,n<3
50131142,2025-10-01,2025-10-31,mensual,,,0,n<3
50131142,2025-11-01,2025-11-30,mensual,,,1,n<3
50131142,2025-12-01,2025-12-31,mensual,,,1,n<3
50131142,2026-01-01,2026-01-31,mensual,,,1,n<3
50131142,2025-07-01,2025-09-30,trimestral,,,8,qty constante
50131142,2025-08-01,2025-10-31,trimestral,,,5,qty constante
50131142,2025-09-01,2025-11-30,trimestral,,,2,n<3
50131142,2025-10-01,2025-12-31,trimestral,,,2,n<3
50131142,2025-11-01,2026-01-31,trimestral,,,3,precio constante
50131142,2025-07-01,2025-12-31,semestral,,,10,qty constante
50131142,2025-08-01,2026-01-31,semestral,,,8,qty constante
50131143,2025-07-01,2025-07-31,mensual,,,2,n<3
50131143,2025-08-01,2025-08-31,mensual,,,3,qty constante
50131143,2025-09-01,2025-09-30,mensual,,,1,n<3
50131143,2025-10-01,2025-10-31,mensual,,,1,n<3
50131143,2025-11-01,2025-11-30,mensual,,,2,n<3
50131143,2025-12-01,2025-12-31,mensual,,,1,n<3
50131143,2026-01-01,2026-01-31,mensual,,,1,n<3
50131143,2026-02-01,2026-02-28,mensual,,,1,n<3
50131143,2025-07-01,2025-09-30,trimestral,,,6,qty constante
50131143,2025-08-01,2025-10-31,trimestral,,,5,qty constante
50131143,2025-09-01,2025-11-30,trimestral,,,4,precio constante
50131143,2025-10-01,2025-12-31,trimestral,,,4,precio constante
50131143,2025-11-01,2026-01-31,trimestral,2.1934489043887515,0.11111111111111105,4,valida
50131143,2025-12-01,2026-02-28,trimestral,3.290173356583014,0.2500000000000001,3,valida
50131143,2025-07-01,2025-12-31,semestral,0.3537085777935981,0.03865915905774231,10,valida
50131143,2025-08-01,2026-01-31,semestral,0.4954925283358003,0.07033748302619203,9,valida
50131143,2025-09-01,2026-02-28,semestral,1.096724452194397,0.027777777777778123,7,valida
50131154,2025-08-01,2025-08-31,mensual,,,2,n<3
50131154,2025-09-01,2025-09-30,mensual,,,3,precio constante
50131154,2025-10-01,2025-10-31,mensual,,,3,qty constante
50131154,2025-11-01,2025-11-30,mensual,,,1,n<3
50131154,2025-12-01,2025-12-31,mensual,,,3,precio constante
50131154,2026-01-01,2026-01-31,mensual,,,3,precio constante
50131154,2026-02-01,2026-02-28,mensual,,,1,n<3
50131154,2026-03-01,2026-03-31,mensual,,,3,precio constante
50131154,2025-08-01,2025-10-31,trimestral,-1.3689309357056312,0.019997993131234515,8,valida
50131154,2025-09-01,2025-11-30,trimestral,,,7,qty constante
50131154,2025-10-01,2025-12-31,trimestral,,,7,qty constante
50131154,2025-11-01,2026-01-31,trimestral,,,7,precio constante
50131154,2025-12-01,2026-02-28,trimestral,,,7,precio constante
50131154,2026-01-01,2026-03-31,trimestral,,,7,precio constante
50131154,2025-08-01,2026-01-31,semestral,-1.3567081219452979,0.010576736477299509,15,valida
50131154,2025-09-01,2026-02-28,semestral,-0.7303946184798255,0.005694070286114461,14,valida
50131154,2025-10-01,2026-03-31,semestral,-1.8983274781329764,0.011767042262011418,14,valida
50131158,2025-09-01,2025-09-30,mensual,,,2,n<3
50131158,2025-10-01,2025-10-31,mensual,,,0,n<3
50131158,2025-11-01,2025-11-30,mensual,,,0,n<3
50131158,2025-12-01,2025-12-31,mensual,,,1,n<3
50131158,2025-09-01,2025-11-30,trimestral,,,2,n<3
50131158,2025-10-01,2025-12-31,trimestral,,,1,n<3
50131347,2025-08-01,2025-08-31,mensual,,,2,n<3
50131347,2025-09-01,2025-09-30,mensual,,,2,n<3
50131347,2025-10-01,2025-10-31,mensual,,,0,n<3
50131347,2025-11-01,2025-11-30,mensual,,,0,n<3
50131347,2025-12-01,2025-12-31,mensual,,,2,n<3
50131347,2026-01-01,2026-01-31,mensual,,,4,precio constante
50131347,2026-02-01,2026-02-28,mensual,,,0,n<3
50131347,2026-03-01,2026-03-31,mensual,,,1,n<3
50131347,2025-08-01,2025-10-31,trimestral,,,4,precio constante
50131347,2025-09-01,2025-11-30,trimestral,,,2,n<3
50131347,2025-10-01,2025-12-31,trimestral,,,2,n<3
50131347,2025-11-01,2026-01-31,trimestral,,,6,precio constante
50131347,2025-12-01,2026-02-28,trimestral,,,6,precio constante
50131347,2026-01-01,2026-03-31,trimestral,,,5,precio constante
50131347,2025-08-01,2026-01-31,semestral,,,10,precio constante
50131347,2025-09-01,2026-02-28,semestral,,,8,precio constante
50131347,2025-10-01,2026-03-31,semestral,,,7,precio constante
50131513,2025-05-01,2025-05-31,mensual,,,2,n<3
50131513,2025-06-01,2025-06-30,mensual,,,3,precio constante
50131513,2025-07-01,2025-07-31,mensual,,,2,n<3
50131513,2025-08-01,2025-08-31,mensual,,,5,qty constante
50131513,2025-09-01,2025-09-30,mensual,,,5,precio constante
50131513,2025-10-01,2025-10-31,mensual,,,3,precio constante
50131513,2025-11-01,2025-11-30,mensual,,,1,n<3
50131513,2025-12-01,2025-12-31,mensual,,,2,n<3
50131513,2025-05-01,2025-07-31,trimestral,,,7,precio constante
50131513,2025-06-01,2025-08-31,trimestral,,,10,qty constante
50131513,2025-07-01,2025-09-30,trimestral,,,12,qty constante
50131513,2025-08-01,2025-10-31,trimestral,,,13,qty constante
50131513,2025-09-01,2025-11-30,trimestral,,,9,precio constante
50131513,2025-10-01,2025-12-31,trimestral,,,6,precio constante
50131513,2025-05-01,2025-10-31,semestral,,,20,qty constante
50131513,2025-06-01,2025-11-30,semestral,,,19,qty constante
50131513,2025-07-01,2025-12-31,semestral,,,18,qty constante
50131515,2025-06-01,2025-06-30,mensual,,,1,n<3
50131515,2025-07-01,2025-07-31,mensual,,,0,n<3
50131515,2025-08-01,2025-08-31,mensual,,,0,n<3
50131515,2025-09-01,2025-09-30,mensual,,,1,n<3
50131515,2025-10-01,2025-10-31,mensual,,,0,n<3
50131515,2025-11-01,2025-11-30,mensual,,,0,n<3
50131515,2025-12-01,2025-12-31,mensual,,,0,n<3
50131515,2026-01-01,2026-01-31,mensual,,,0,n<3
50131515,2026-02-01,2026-02-28,mensual,,,2,n<3
50131515,2025-06-01,2025-08-31,trimestral,,,1,n<3
50131515,2025-07-01,2025-09-30,trimestral,,,1,n<3
50131515,2025-08-01,2025-10-31,trimestral,,,1,n<3
50131515,2025-09-01,2025-11-30,trimestral,,,1,n<3
50131515,2025-10-01,2025-12-31,trimestral,,,0,n<3
50131515,2025-11-01,2026-01-31,trimestral,,,0,n<3
50131515,2025-12-01,2026-02-28,trimestral,,,2,n<3
50131515,2025-06-01,2025-11-30,semestral,,,2,n<3
50131515,2025-07-01,2025-12-31,semestral,,,1,n<3
50131515,2025-08-01,2026-01-31,semestral,,,1,n<3
50131515,2025-09-01,2026-02-28,semestral,,,3,precio constante
50131516,2025-11-01,2025-11-30,mensual,,,1,n<3
50131516,2025-12-01,2025-12-31,mensual,,,0,n<3
50131516,2026-01-01,2026-01-31,mensual,,,0,n<3
50131516,2026-02-01,2026-02-28,mensual,,,1,n<3
50131516,2026-03-01,2026-03-31,mensual,,,0,n<3
50131516,2026-04-01,2026-04-30,mensual,,,1,n<3
50131516,2025-11-01,2026-01-31,trimestral,,,1,n<3
50131516,2025-12-01,2026-02-28,trimestral,,,1,n<3
50131516,2026-01-01,2026-03-31,trimestral,,,1,n<3
50131516,2026-02-01,2026-04-30,trimestral,,,2,n<3
50131516,2025-11-01,2026-04-30,semestral,12.539863572511063,1.0,3,valida
50131517,2025-10-01,2025-10-31,mensual,,,1,n<3
50131517,2025-11-01,2025-11-30,mensual,,,0,n<3
50131517,2025-12-01,2025-12-31,mensual,,,0,n<3
50131517,2026-01-01,2026-01-31,mensual,,,0,n<3
50131517,2026-02-01,2026-02-28,mensual,,,0,n<3
50131517,2026-03-01,2026-03-31,mensual,,,0,n<3
50131517,2026-04-01,2026-04-30,mensual,,,1,n<3
50131517,2025-10-01,2025-12-31,trimestral,,,1,n<3
50131517,2025-11-01,2026-01-31,trimestral,,,0,n<3
50131517,2025-12-01,2026-02-28,trimestral,,,0,n<3
50131517,2026-01-01,2026-03-31,trimestral,,,0,n<3
50131517,2026-02-01,2026-04-30,trimestral,,,1,n<3
50131517,2025-10-01,2026-03-31,semestral,,,1,n<3
50131517,2025-11-01,2026-04-30,semestral,,,1,n<3
50133020,2025-06-01,2025-06-30,mensual,,,3,qty constante
50133020,2025-07-01,2025-07-31,mensual,,,4,qty constante
50134599,2026-01-01,2026-01-31,mensual,,,2,n<3
50134599,2026-02-01,2026-02-28,mensual,,,2,n<3
50134599,2026-03-01,2026-03-31,mensual,,,1,n<3
50134599,2026-01-01,2026-03-31,trimestral,,,5,qty constante
50134619,2026-01-01,2026-01-31,mensual,,,1,n<3
50134619,2026-02-01,2026-02-28,mensual,,,3,precio constante
50134619,2026-03-01,2026-03-31,mensual,,,3,precio constante
50134619,2026-04-01,2026-04-30,mensual,,,1,n<3
50134619,2026-01-01,2026-03-31,trimestral,,,7,precio constante
50134619,2026-02-01,2026-04-30,trimestral,,,7,precio constante
50134620,2026-01-01,2026-01-31,mensual,,,1,n<3
50134620,2026-02-01,2026-02-28,mensual,,,3,precio constante
50134620,2026-03-01,2026-03-31,mensual,,,1,n<3
50134620,2026-04-01,2026-04-30,mensual,,,1,n<3
50134620,2026-01-01,2026-03-31,trimestral,,,5,precio constante
50134620,2026-02-01,2026-04-30,trimestral,,,5,precio constante
50134621,2026-01-01,2026-01-31,mensual,,,2,n<3
50134621,2026-02-01,2026-02-28,mensual,-3.239852984293518,0.11111111111111105,4,valida
50134621,2026-03-01,2026-03-31,mensual,,,4,precio constante
50134621,2026-04-01,2026-04-30,mensual,,,1,n<3
50134621,2026-01-01,2026-03-31,trimestral,-0.7150253265430643,0.006076733054521943,10,valida
50134621,2026-02-01,2026-04-30,trimestral,-1.2149448691100566,0.01562500000000011,9,valida
50134622,2026-02-01,2026-02-28,mensual,,,2,n<3
50134622,2026-03-01,2026-03-31,mensual,,,3,precio constante
50134622,2026-04-01,2026-04-30,mensual,,,2,n<3
50134622,2026-02-01,2026-04-30,trimestral,,,7,precio constante
50134623,2026-02-01,2026-02-28,mensual,,,3,precio constante
50134623,2026-03-01,2026-03-31,mensual,,,4,precio constante
50134623,2026-04-01,2026-04-30,mensual,,,4,precio constante
50134623,2026-02-01,2026-04-30,trimestral,,,11,precio constante
50136621,2025-12-01,2025-12-31,mensual,,,1,n<3
50136622,2025-12-01,2025-12-31,mensual,,,1,n<3
50136623,2025-12-01,2025-12-31,mensual,,,1,n<3
50136623,2026-01-01,2026-01-31,mensual,,,1,n<3
50136623,2026-02-01,2026-02-28,mensual,,,0,n<3
50136623,2026-03-01,2026-03-31,mensual,,,1,n<3
50136623,2025-12-01,2026-02-28,trimestral,,,2,n<3
50136623,2026-01-01,2026-03-31,trimestral,,,2,n<3
50137083,2026-01-01,2026-01-31,mensual,,,4,precio constante
50137083,2026-02-01,2026-02-28,mensual,,,3,precio constante
50137084,2026-04-01,2026-04-30,mensual,,,1,n<3
50137086,2026-02-01,2026-02-28,mensual,,,1,n<3
50137087,2026-02-01,2026-02-28,mensual,,,4,precio constante
50137088,2026-03-01,2026-03-31,mensual,,,1,n<3
50137404,2026-01-01,2026-01-31,mensual,,,2,n<3
50137590,2026-03-01,2026-03-31,mensual,,,1,n<3
50137592,2026-03-01,2026-03-31,mensual,,,1,n<3
50137593,2026-03-01,2026-03-31,mensual,,,1,n<3
50137609,2026-03-01,2026-03-31,mensual,,,1,n<3
50137611,2026-03-01,2026-03-31,mensual,,,1,n<3
50137623,2026-04-01,2026-04-30,mensual,,,1,n<3
50137639,2026-04-01,2026-04-30,mensual,,,1,n<3
