prod_nbr,store_nbr,mes,dept_nm,subdept_nm,class_nm,marca,tipo_marca,vendor_nm,qty,net_sale,venta_con_iva,utilidad,margen,precio_promedio,transacciones,fechas_venta,fecha_mes,precio
50012979,T001,2024-08,ARTICULOS ESCOLARES,BLOCKS,BLOCKS CARTA,SCRIBE,Marca Externa,BIO PAPPEL SCRIBE,1,75.78,87.9,19.31,0.2548,75.78,1,1,2024-08-01,75.78
50012979,T001,2024-11,ARTICULOS ESCOLARES,BLOCKS,BLOCKS CARTA,,Marca Externa,BIO PAPPEL SCRIBE,4,303.1,351.6,77.75,0.2565,75.78,1,1,2024-11-01,75.775
50012979,T001,2025-11,ARTICULOS ESCOLARES,BLOCKS,BLOCKS CARTA,SCRIBE,Marca Externa,BIO PAPPEL SCRIBE,1,75.78,87.9,24.28,0.3204,75.78,1,1,2025-11-01,75.78
50012979,T002,2025-03,ARTICULOS ESCOLARES,BLOCKS,BLOCKS CARTA,SCRIBE,Marca Externa,BIO PAPPEL SCRIBE,1,60.62,70.32,11.46,0.1891,75.78,1,1,2025-03-01,60.62
50012979,T004,2026-04,ARTICULOS ESCOLARES,BLOCKS,BLOCKS CARTA,SCRIBE,Marca Externa,BIO PAPPEL SCRIBE,1,75.78,87.9,22.05,0.291,75.78,1,1,2026-04-01,75.78
50012979,T006,2025-08,ARTICULOS ESCOLARES,BLOCKS,BLOCKS CARTA,SCRIBE,Marca Externa,BIO PAPPEL SCRIBE,1,75.78,87.9,21.45,0.2831,75.78,1,1,2025-08-01,75.78
50012979,T012,2025-06,ARTICULOS ESCOLARES,BLOCKS,BLOCKS CARTA,SCRIBE,Marca Externa,BIO PAPPEL SCRIBE,1,75.78,87.9,18.1,0.2388,75.78,1,1,2025-06-01,75.78
50012979,T014,2024-09,ARTICULOS ESCOLARES,BLOCKS,BLOCKS CARTA,,Marca Externa,BIO PAPPEL SCRIBE,1,75.78,87.9,19.04,0.2513,75.78,1,1,2024-09-01,75.78
50012979,T015,2025-12,ARTICULOS ESCOLARES,BLOCKS,BLOCKS CARTA,SCRIBE,Marca Externa,BIO PAPPEL SCRIBE,1,75.78,87.9,22.62,0.2984,75.78,1,1,2025-12-01,75.78
50012979,T018,2024-08,ARTICULOS ESCOLARES,BLOCKS,BLOCKS CARTA,SCRIBE,Marca Externa,BIO PAPPEL SCRIBE,1,60.62,70.32,11.09,0.183,75.78,1,1,2024-08-01,60.62
50012979,T019,2024-05,ARTICULOS ESCOLARES,BLOCKS,BLOCKS CARTA,,Marca Externa,BIO PAPPEL SCRIBE,1,75.78,87.9,16.21,0.214,75.78,1,1,2024-05-01,75.78
50012979,T019,2026-01,ARTICULOS ESCOLARES,BLOCKS,BLOCKS CARTA,SCRIBE,Marca Externa,BIO PAPPEL SCRIBE,4,303.1,351.6,83.87,0.2767,75.78,1,1,2026-01-01,75.775
50012979,T020,2025-01,ARTICULOS ESCOLARES,BLOCKS,BLOCKS CARTA,SCRIBE,Marca Externa,BIO PAPPEL SCRIBE,2,121.24,140.64,21.02,0.1734,75.78,1,1,2025-01-01,60.62
50012979,T030,2025-01,ARTICULOS ESCOLARES,BLOCKS,BLOCKS CARTA,SCRIBE,Marca Externa,BIO PAPPEL SCRIBE,1,60.62,70.32,11.53,0.1902,75.78,1,1,2025-01-01,60.62
50012979,T030,2025-07,ARTICULOS ESCOLARES,BLOCKS,BLOCKS CARTA,,Marca Externa,BIO PAPPEL SCRIBE,1,53.04,61.53,7.74,0.1459,75.78,1,1,2025-07-01,53.04
50012979,T032,2024-05,ARTICULOS ESCOLARES,BLOCKS,BLOCKS CARTA,SCRIBE,Marca Externa,BIO PAPPEL SCRIBE,1,75.78,87.9,16.22,0.214,75.78,1,1,2024-05-01,75.78
50012979,T036,2025-08,ARTICULOS ESCOLARES,BLOCKS,BLOCKS CARTA,,Marca Externa,BIO PAPPEL SCRIBE,2,151.55,175.8,45.07,0.2974,75.78,1,1,2025-08-01,75.775
50012979,T036,2026-03,ARTICULOS ESCOLARES,BLOCKS,BLOCKS CARTA,SCRIBE,Marca Externa,BIO PAPPEL SCRIBE,2,151.55,175.8,45.59,0.3008,75.78,1,1,2026-03-01,75.775
50012979,T037,2025-03,ARTICULOS ESCOLARES,BLOCKS,BLOCKS CARTA,SCRIBE,Marca Externa,BIO PAPPEL SCRIBE,1,75.78,87.9,18.59,0.2454,75.78,1,1,2025-03-01,75.78
50012979,T040,2024-09,ARTICULOS ESCOLARES,BLOCKS,BLOCKS CARTA,SCRIBE,Marca Externa,BIO PAPPEL SCRIBE,1,75.78,87.9,19.2,0.2533,75.78,1,1,2024-09-01,75.78
50012979,T045,2025-08,ARTICULOS ESCOLARES,BLOCKS,BLOCKS CARTA,SCRIBE,Marca Externa,BIO PAPPEL SCRIBE,1,75.78,87.9,18.28,0.2412,75.78,1,1,2025-08-01,75.78
50012979,T046,2024-08,ARTICULOS ESCOLARES,BLOCKS,BLOCKS CARTA,,Marca Externa,BIO PAPPEL SCRIBE,1,81.39,87.9,21.04,0.2584,75.78,1,1,2024-08-01,81.39
50012979,T047,2025-03,ARTICULOS ESCOLARES,BLOCKS,BLOCKS CARTA,SCRIBE,Marca Externa,BIO PAPPEL SCRIBE,3,227.33,263.7,57.45,0.2527,75.78,1,1,2025-03-01,75.77666666666667
50012979,T047,2025-07,ARTICULOS ESCOLARES,BLOCKS,BLOCKS CARTA,SCRIBE,Marca Externa,BIO PAPPEL SCRIBE,1,75.78,87.9,19.15,0.2527,75.78,1,1,2025-07-01,75.78
50012979,T048,2025-08,ARTICULOS ESCOLARES,BLOCKS,BLOCKS CARTA,SCRIBE,Marca Externa,BIO PAPPEL SCRIBE,1,75.78,87.9,18.44,0.2433,75.78,1,1,2025-08-01,75.78
50012979,T048,2026-02,ARTICULOS ESCOLARES,BLOCKS,BLOCKS CARTA,SCRIBE,Marca Externa,BIO PAPPEL SCRIBE,2,151.55,175.8,36.87,0.2433,75.78,1,1,2026-02-01,75.775
50012979,T049,2024-09,ARTICULOS ESCOLARES,BLOCKS,BLOCKS CARTA,,Marca Externa,BIO PAPPEL SCRIBE,1,75.78,87.9,19.41,0.2562,75.78,1,1,2024-09-01,75.78
50012979,T050,2026-04,ARTICULOS ESCOLARES,BLOCKS,BLOCKS CARTA,,Marca Externa,BIO PAPPEL SCRIBE,1,75.78,87.9,24.34,0.3213,75.78,1,1,2026-04-01,75.78
50012979,T051,2024-08,ARTICULOS ESCOLARES,BLOCKS,BLOCKS CARTA,SCRIBE,Marca Externa,BIO PAPPEL SCRIBE,1,75.78,87.9,19.18,0.253,75.78,1,1,2024-08-01,75.78
50012979,T051,2025-08,ARTICULOS ESCOLARES,BLOCKS,BLOCKS CARTA,SCRIBE,Marca Externa,BIO PAPPEL SCRIBE,1,75.78,87.9,22.4,0.2955,75.78,1,1,2025-08-01,75.78
50012979,T053,2024-10,ARTICULOS ESCOLARES,BLOCKS,BLOCKS CARTA,SCRIBE,Marca Externa,BIO PAPPEL SCRIBE,1,75.78,87.9,18.32,0.2418,75.78,1,1,2024-10-01,75.78
50012979,T054,2025-02,ARTICULOS ESCOLARES,BLOCKS,BLOCKS CARTA,SCRIBE,Marca Externa,BIO PAPPEL SCRIBE,1,75.78,87.9,18.94,0.2499,75.78,1,1,2025-02-01,75.78
50012979,T054,2025-06,ARTICULOS ESCOLARES,BLOCKS,BLOCKS CARTA,,Marca Externa,BIO PAPPEL SCRIBE,2,151.55,175.8,37.87,0.2499,75.78,1,1,2025-06-01,75.775
50012979,T057,2024-12,ARTICULOS ESCOLARES,BLOCKS,BLOCKS CARTA,SCRIBE,Marca Externa,BIO PAPPEL SCRIBE,1,81.39,87.9,22.07,0.2711,75.78,1,1,2024-12-01,81.39
50012979,T057,2026-01,ARTICULOS ESCOLARES,BLOCKS,BLOCKS CARTA,SCRIBE,Marca Externa,BIO PAPPEL SCRIBE,1,81.39,87.9,22.07,0.2711,75.78,1,1,2026-01-01,81.39
50012979,T059,2025-02,ARTICULOS ESCOLARES,BLOCKS,BLOCKS CARTA,SCRIBE,Marca Externa,BIO PAPPEL SCRIBE,2,151.55,175.8,37.5,0.2474,75.78,1,1,2025-02-01,75.775
50012979,T060,2025-05,ARTICULOS ESCOLARES,BLOCKS,BLOCKS CARTA,SCRIBE,Marca Externa,BIO PAPPEL SCRIBE,1,75.78,87.9,19.15,0.2527,75.78,1,1,2025-05-01,75.78
50012979,T062,2024-08,ARTICULOS ESCOLARES,BLOCKS,BLOCKS CARTA,SCRIBE,Marca Externa,BIO PAPPEL SCRIBE,1,53.04,61.53,8.07,0.1522,75.78,1,1,2024-08-01,53.04
50012979,T064,2025-08,ARTICULOS ESCOLARES,BLOCKS,BLOCKS CARTA,SCRIBE,Marca Externa,BIO PAPPEL SCRIBE,1,60.62,70.32,13.33,0.2199,75.78,1,1,2025-08-01,60.62
50012979,T066,2024-08,ARTICULOS ESCOLARES,BLOCKS,BLOCKS CARTA,SCRIBE,Marca Externa,BIO PAPPEL SCRIBE,1,75.78,87.9,19.26,0.2542,75.78,1,1,2024-08-01,75.78
50012979,T072,2025-01,ARTICULOS ESCOLARES,BLOCKS,BLOCKS CARTA,SCRIBE,Marca Externa,BIO PAPPEL SCRIBE,1,75.78,87.9,18.19,0.24,75.78,1,1,2025-01-01,75.78
50012979,T075,2024-10,ARTICULOS ESCOLARES,BLOCKS,BLOCKS CARTA,,Marca Externa,BIO PAPPEL SCRIBE,1,75.78,87.9,18.03,0.2379,75.78,1,1,2024-10-01,75.78
50012979,T078,2025-07,ARTICULOS ESCOLARES,BLOCKS,BLOCKS CARTA,SCRIBE,Marca Externa,BIO PAPPEL SCRIBE,1,53.04,61.53,10.68,0.2013,75.78,1,1,2025-07-01,53.04
50012979,T078,2025-08,ARTICULOS ESCOLARES,BLOCKS,BLOCKS CARTA,,Marca Externa,BIO PAPPEL SCRIBE,1,60.62,70.32,14.46,0.2386,75.78,1,1,2025-08-01,60.62
50012979,T085,2024-11,ARTICULOS ESCOLARES,BLOCKS,BLOCKS CARTA,SCRIBE,Marca Externa,BIO PAPPEL SCRIBE,1,75.78,87.9,18.41,0.2429,75.78,1,1,2024-11-01,75.78
50012980,T002,2025-08,ARTICULOS ESCOLARES,BLOCKS,BLOCKS CARTA,SCRIBE,Marca Externa,BIO PAPPEL SCRIBE,1,75.78,87.9,20.03,0.2643,75.78,1,1,2025-08-01,75.78
50012980,T004,2025-01,ARTICULOS ESCOLARES,BLOCKS,BLOCKS CARTA,SCRIBE,Marca Externa,BIO PAPPEL SCRIBE,1,60.62,70.32,11.71,0.1932,75.78,1,1,2025-01-01,60.62
50012980,T011,2024-04,ARTICULOS ESCOLARES,BLOCKS,BLOCKS CARTA,SCRIBE,Marca Externa,BIO PAPPEL SCRIBE,1,75.78,87.9,16.21,0.2138,75.78,1,1,2024-04-01,75.78
50012980,T012,2024-08,ARTICULOS ESCOLARES,BLOCKS,BLOCKS CARTA,SCRIBE,Marca Externa,BIO PAPPEL SCRIBE,1,75.78,87.9,18.21,0.2404,75.78,1,1,2024-08-01,75.78
50012980,T013,2024-02,ARTICULOS ESCOLARES,BLOCKS,BLOCKS CARTA,,Marca Externa,BIO PAPPEL SCRIBE,1,75.78,87.9,16.21,0.2138,75.78,1,1,2024-02-01,75.78
50012980,T014,2024-09,ARTICULOS ESCOLARES,BLOCKS,BLOCKS CARTA,,Marca Externa,BIO PAPPEL SCRIBE,1,75.78,87.9,17.63,0.2326,75.78,1,1,2024-09-01,75.78
50012980,T014,2026-03,ARTICULOS ESCOLARES,BLOCKS,BLOCKS CARTA,,Marca Externa,BIO PAPPEL SCRIBE,1,75.78,87.9,23.44,0.3093,75.78,1,1,2026-03-01,75.78
50012980,T015,2024-03,ARTICULOS ESCOLARES,BLOCKS,BLOCKS CARTA,SCRIBE,Marca Externa,BIO PAPPEL SCRIBE,1,75.78,87.9,16.21,0.2138,75.78,1,1,2024-03-01,75.78
50012980,T015,2024-08,ARTICULOS ESCOLARES,BLOCKS,BLOCKS CARTA,SCRIBE,Marca Externa,BIO PAPPEL SCRIBE,1,75.78,87.9,18.87,0.2489,75.78,1,1,2024-08-01,75.78
50012980,T016,2025-02,ARTICULOS ESCOLARES,BLOCKS,BLOCKS CARTA,SCRIBE,Marca Externa,BIO PAPPEL SCRIBE,1,75.78,87.9,18.07,0.2385,75.78,1,1,2025-02-01,75.78
50012980,T019,2024-08,ARTICULOS ESCOLARES,BLOCKS,BLOCKS CARTA,SCRIBE,Marca Externa,BIO PAPPEL SCRIBE,1,75.78,87.9,19.21,0.2535,75.78,1,1,2024-08-01,75.78
50012980,T023,2024-06,ARTICULOS ESCOLARES,BLOCKS,BLOCKS CARTA,SCRIBE,Marca Externa,BIO PAPPEL SCRIBE,1,75.78,87.9,18.22,0.2404,75.78,1,1,2024-06-01,75.78
50012980,T025,2025-08,ARTICULOS ESCOLARES,BLOCKS,BLOCKS CARTA,SCRIBE,Marca Externa,BIO PAPPEL SCRIBE,1,75.78,87.9,22.84,0.3014,75.78,1,1,2025-08-01,75.78
50012980,T025,2026-03,ARTICULOS ESCOLARES,BLOCKS,BLOCKS CARTA,,Marca Externa,BIO PAPPEL SCRIBE,1,75.78,87.9,23.4,0.3088,75.78,1,1,2026-03-01,75.78
50012980,T030,2024-02,ARTICULOS ESCOLARES,BLOCKS,BLOCKS CARTA,SCRIBE,Marca Externa,BIO PAPPEL SCRIBE,2,151.55,175.8,37.72,0.2489,75.78,1,1,2024-02-01,75.775
50012980,T032,2025-08,ARTICULOS ESCOLARES,BLOCKS,BLOCKS CARTA,,Marca Externa,BIO PAPPEL SCRIBE,1,75.78,87.9,22.84,0.3014,75.78,1,1,2025-08-01,75.78
50012980,T032,2025-11,ARTICULOS ESCOLARES,BLOCKS,BLOCKS CARTA,,Marca Externa,BIO PAPPEL SCRIBE,2,151.55,175.8,36.18,0.2387,75.78,1,1,2025-11-01,75.775
50012980,T032,2026-01,ARTICULOS ESCOLARES,BLOCKS,BLOCKS CARTA,,Marca Externa,BIO PAPPEL SCRIBE,1,75.78,87.9,18.09,0.2387,75.78,1,1,2026-01-01,75.78
50012980,T033,2024-03,ARTICULOS ESCOLARES,BLOCKS,BLOCKS CARTA,SCRIBE,Marca Externa,BIO PAPPEL SCRIBE,1,75.78,87.9,16.21,0.2138,75.78,1,1,2024-03-01,75.78
50012980,T037,2024-01,ARTICULOS ESCOLARES,BLOCKS,BLOCKS CARTA,SCRIBE,Marca Externa,BIO PAPPEL SCRIBE,1,75.78,87.9,16.21,0.2138,75.78,1,1,2024-01-01,75.78
50012980,T042,2025-04,ARTICULOS ESCOLARES,BLOCKS,BLOCKS CARTA,SCRIBE,Marca Externa,BIO PAPPEL SCRIBE,1,75.78,87.9,18.16,0.2396,75.78,1,1,2025-04-01,75.78
50012980,T044,2024-07,ARTICULOS ESCOLARES,BLOCKS,BLOCKS CARTA,SCRIBE,Marca Externa,BIO PAPPEL SCRIBE,1,75.78,87.9,18.34,0.2421,75.78,1,1,2024-07-01,75.78
50012980,T046,2024-01,ARTICULOS ESCOLARES,BLOCKS,BLOCKS CARTA,,Marca Externa,BIO PAPPEL SCRIBE,1,81.39,87.9,19.01,0.2336,75.78,1,1,2024-01-01,81.39
50012980,T046,2024-09,ARTICULOS ESCOLARES,BLOCKS,BLOCKS CARTA,SCRIBE,Marca Externa,BIO PAPPEL SCRIBE,1,81.39,87.9,21.99,0.2702,75.78,1,1,2024-09-01,81.39
50012980,T047,2025-09,ARTICULOS ESCOLARES,BLOCKS,BLOCKS CARTA,SCRIBE,Marca Externa,BIO PAPPEL SCRIBE,1,75.78,87.9,18.25,0.2409,75.78,1,1,2025-09-01,75.78
50012980,T052,2026-02,ARTICULOS ESCOLARES,BLOCKS,BLOCKS CARTA,SCRIBE,Marca Externa,BIO PAPPEL SCRIBE,1,75.78,87.9,22.59,0.2982,75.78,1,1,2026-02-01,75.78
50012980,T053,2024-01,ARTICULOS ESCOLARES,BLOCKS,BLOCKS CARTA,SCRIBE,Marca Externa,BIO PAPPEL SCRIBE,1,75.78,87.9,16.21,0.2138,75.78,1,1,2024-01-01,75.78
50012980,T056,2025-07,ARTICULOS ESCOLARES,BLOCKS,BLOCKS CARTA,SCRIBE,Marca Externa,BIO PAPPEL SCRIBE,1,75.78,87.9,19.05,0.2514,75.78,1,1,2025-07-01,75.78
50012980,T061,2026-03,ARTICULOS ESCOLARES,BLOCKS,BLOCKS CARTA,,Marca Externa,BIO PAPPEL SCRIBE,1,81.39,87.9,21.71,0.2667,75.78,1,1,2026-03-01,81.39
50012980,T065,2024-02,ARTICULOS ESCOLARES,BLOCKS,BLOCKS CARTA,SCRIBE,Marca Externa,BIO PAPPEL SCRIBE,1,75.78,87.9,16.21,0.2138,75.78,1,1,2024-02-01,75.78
50012980,T070,2025-04,ARTICULOS ESCOLARES,BLOCKS,BLOCKS CARTA,,Marca Externa,BIO PAPPEL SCRIBE,1,75.78,87.9,17.98,0.2372,75.78,1,1,2025-04-01,75.78
50012980,T070,2025-12,ARTICULOS ESCOLARES,BLOCKS,BLOCKS CARTA,,Marca Externa,BIO PAPPEL SCRIBE,1,75.78,87.9,17.98,0.2372,75.78,1,1,2025-12-01,75.78
50012980,T072,2024-03,ARTICULOS ESCOLARES,BLOCKS,BLOCKS CARTA,SCRIBE,Marca Externa,BIO PAPPEL SCRIBE,1,75.78,87.9,16.21,0.2138,75.78,1,1,2024-03-01,75.78
50012980,T072,2024-09,ARTICULOS ESCOLARES,BLOCKS,BLOCKS CARTA,SCRIBE,Marca Externa,BIO PAPPEL SCRIBE,1,75.78,87.9,18.37,0.2423,75.78,1,1,2024-09-01,75.78
50012980,T072,2025-04,ARTICULOS ESCOLARES,BLOCKS,BLOCKS CARTA,SCRIBE,Marca Externa,BIO PAPPEL SCRIBE,1,75.78,87.9,18.37,0.2424,75.78,1,1,2025-04-01,75.78
50012980,T074,2024-09,ARTICULOS ESCOLARES,BLOCKS,BLOCKS CARTA,,Marca Externa,BIO PAPPEL SCRIBE,1,75.78,87.9,18.39,0.2427,75.78,1,1,2024-09-01,75.78
50012980,T074,2025-09,ARTICULOS ESCOLARES,BLOCKS,BLOCKS CARTA,SCRIBE,Marca Externa,BIO PAPPEL SCRIBE,1,75.78,87.9,19.24,0.2539,75.78,1,1,2025-09-01,75.78
50012980,T078,2024-05,ARTICULOS ESCOLARES,BLOCKS,BLOCKS CARTA,SCRIBE,Marca Externa,BIO PAPPEL SCRIBE,1,75.78,87.9,16.21,0.2138,75.78,1,1,2024-05-01,75.78
50012980,T078,2024-09,ARTICULOS ESCOLARES,BLOCKS,BLOCKS CARTA,SCRIBE,Marca Externa,BIO PAPPEL SCRIBE,1,75.78,87.9,17.85,0.2356,75.78,1,1,2024-09-01,75.78
50012980,T078,2025-08,ARTICULOS ESCOLARES,BLOCKS,BLOCKS CARTA,,Marca Externa,BIO PAPPEL SCRIBE,1,60.62,70.32,10.27,0.1694,75.78,1,1,2025-08-01,60.62
50012980,T079,2026-02,ARTICULOS ESCOLARES,BLOCKS,BLOCKS CARTA,SCRIBE,Marca Externa,BIO PAPPEL SCRIBE,1,75.78,87.9,23.55,0.3108,75.78,1,1,2026-02-01,75.78
50012980,T082,2025-02,ARTICULOS ESCOLARES,BLOCKS,BLOCKS CARTA,SCRIBE,Marca Externa,BIO PAPPEL SCRIBE,1,75.78,87.9,17.89,0.2361,75.78,1,1,2025-02-01,75.78
50012980,T082,2025-03,ARTICULOS ESCOLARES,BLOCKS,BLOCKS CARTA,SCRIBE,Marca Externa,BIO PAPPEL SCRIBE,1,75.78,87.9,17.89,0.2361,75.78,1,1,2025-03-01,75.78
50012981,T001,2024-08,ARTICULOS ESCOLARES,BLOCKS,BLOCKS CARTA,SCRIBE,Marca Externa,BIO PAPPEL SCRIBE,1,53.04,61.53,7.79,0.1469,75.78,1,1,2024-08-01,53.04
50012981,T001,2025-09,ARTICULOS ESCOLARES,BLOCKS,BLOCKS CARTA,SCRIBE,Marca Externa,BIO PAPPEL SCRIBE,1,75.78,87.9,23.02,0.3038,75.78,1,1,2025-09-01,75.78
50012981,T001,2026-02,ARTICULOS ESCOLARES,BLOCKS,BLOCKS CARTA,,Marca Externa,BIO PAPPEL SCRIBE,1,75.78,87.9,23.51,0.3102,75.78,1,1,2026-02-01,75.78
50012981,T002,2025-07,ARTICULOS ESCOLARES,BLOCKS,BLOCKS CARTA,SCRIBE,Marca Externa,BIO PAPPEL SCRIBE,1,53.04,61.53,11.69,0.2204,75.78,1,1,2025-07-01,53.04
50012981,T002,2025-08,ARTICULOS ESCOLARES,BLOCKS,BLOCKS CARTA,,Marca Externa,BIO PAPPEL SCRIBE,1,75.78,87.9,23.06,0.3043,75.78,1,1,2025-08-01,75.78
50012981,T004,2026-02,ARTICULOS ESCOLARES,BLOCKS,BLOCKS CARTA,,Marca Externa,BIO PAPPEL SCRIBE,1,75.78,87.9,19.37,0.2555,75.78,1,1,2026-02-01,75.78
50012981,T004,2026-03,ARTICULOS ESCOLARES,BLOCKS,BLOCKS CARTA,SCRIBE,Marca Externa,BIO PAPPEL SCRIBE,1,75.78,87.9,19.36,0.2555,75.78,1,1,2026-03-01,75.78
50012981,T006,2024-09,ARTICULOS ESCOLARES,BLOCKS,BLOCKS CARTA,SCRIBE,Marca Externa,BIO PAPPEL SCRIBE,1,75.78,87.9,17.81,0.235,75.78,1,1,2024-09-01,75.78
50012981,T008,2024-08,ARTICULOS ESCOLARES,BLOCKS,BLOCKS CARTA,SCRIBE,Marca Externa,BIO PAPPEL SCRIBE,1,75.78,87.9,19.09,0.2518,75.78,1,1,2024-08-01,75.78
50012981,T009,2024-09,ARTICULOS ESCOLARES,BLOCKS,BLOCKS CARTA,SCRIBE,Marca Externa,BIO PAPPEL SCRIBE,1,75.78,87.9,19.05,0.2513,75.78,1,1,2024-09-01,75.78
50012981,T012,2025-02,ARTICULOS ESCOLARES,BLOCKS,BLOCKS CARTA,SCRIBE,Marca Externa,BIO PAPPEL SCRIBE,1,75.78,87.9,18.21,0.2404,75.78,1,1,2025-02-01,75.78
50012981,T014,2024-03,ARTICULOS ESCOLARES,BLOCKS,BLOCKS CARTA,,Marca Externa,BIO PAPPEL SCRIBE,1,75.78,87.9,16.87,0.2226,75.78,1,1,2024-03-01,75.78
50012981,T015,2025-09,ARTICULOS ESCOLARES,BLOCKS,BLOCKS CARTA,SCRIBE,Marca Externa,BIO PAPPEL SCRIBE,1,53.04,61.53,10.89,0.2054,75.78,1,1,2025-09-01,53.04
50012981,T016,2025-01,ARTICULOS ESCOLARES,BLOCKS,BLOCKS CARTA,SCRIBE,Marca Externa,BIO PAPPEL SCRIBE,1,75.78,87.9,19.07,0.2516,75.78,1,1,2025-01-01,75.78
50012981,T017,2025-01,ARTICULOS ESCOLARES,BLOCKS,BLOCKS CARTA,SCRIBE,Marca Externa,BIO PAPPEL SCRIBE,1,75.78,87.9,18.5,0.2441,75.78,1,1,2025-01-01,75.78
50012981,T018,2024-08,ARTICULOS ESCOLARES,BLOCKS,BLOCKS CARTA,SCRIBE,Marca Externa,BIO PAPPEL SCRIBE,1,75.78,87.9,18.76,0.2476,75.78,1,1,2024-08-01,75.78
50012981,T020,2025-07,ARTICULOS ESCOLARES,BLOCKS,BLOCKS CARTA,SCRIBE,Marca Externa,BIO PAPPEL SCRIBE,1,75.78,87.9,19.11,0.2522,75.78,1,1,2025-07-01,75.78
50012981,T023,2024-11,ARTICULOS ESCOLARES,BLOCKS,BLOCKS CARTA,,Marca Externa,BIO PAPPEL SCRIBE,1,75.78,87.9,19.16,0.2528,75.78,1,1,2024-11-01,75.78
50012981,T027,2024-02,ARTICULOS ESCOLARES,BLOCKS,BLOCKS CARTA,SCRIBE,Marca Externa,BIO PAPPEL SCRIBE,1,75.78,87.9,18.72,0.247,75.78,1,1,2024-02-01,75.78
50012981,T030,2025-11,ARTICULOS ESCOLARES,BLOCKS,BLOCKS CARTA,SCRIBE,Marca Externa,BIO PAPPEL SCRIBE,1,75.78,87.9,23.02,0.3037,75.78,1,1,2025-11-01,75.78
50012981,T031,2024-08,ARTICULOS ESCOLARES,BLOCKS,BLOCKS CARTA,SCRIBE,Marca Externa,BIO PAPPEL SCRIBE,1,75.78,87.9,18.79,0.248,75.78,1,1,2024-08-01,75.78
50012981,T031,2025-08,ARTICULOS ESCOLARES,BLOCKS,BLOCKS CARTA,,Marca Externa,BIO PAPPEL SCRIBE,3,227.33,263.7,68.17,0.2999,75.78,1,1,2025-08-01,75.77666666666667
50012981,T036,2024-08,ARTICULOS ESCOLARES,BLOCKS,BLOCKS CARTA,,Marca Externa,BIO PAPPEL SCRIBE,1,75.78,87.9,18.27,0.2411,75.78,1,1,2024-08-01,75.78
50012981,T041,2024-08,ARTICULOS ESCOLARES,BLOCKS,BLOCKS CARTA,SCRIBE,Marca Externa,BIO PAPPEL SCRIBE,1,53.04,61.53,7.79,0.147,75.78,1,1,2024-08-01,53.04
50012981,T043,2024-09,ARTICULOS ESCOLARES,BLOCKS,BLOCKS CARTA,SCRIBE,Marca Externa,BIO PAPPEL SCRIBE,1,81.39,87.9,22.18,0.2725,75.78,1,1,2024-09-01,81.39
50012981,T045,2026-02,ARTICULOS ESCOLARES,BLOCKS,BLOCKS CARTA,SCRIBE,Marca Externa,BIO PAPPEL SCRIBE,1,75.78,87.9,18.19,0.24,75.78,1,1,2026-02-01,75.78
50012981,T048,2024-07,ARTICULOS ESCOLARES,BLOCKS,BLOCKS CARTA,SCRIBE,Marca Externa,BIO PAPPEL SCRIBE,1,75.78,87.9,19.4,0.256,75.78,1,1,2024-07-01,75.78
50012981,T050,2024-09,ARTICULOS ESCOLARES,BLOCKS,BLOCKS CARTA,,Marca Externa,BIO PAPPEL SCRIBE,1,75.78,87.9,18.91,0.2495,75.78,1,1,2024-09-01,75.78
50012981,T051,2024-09,ARTICULOS ESCOLARES,BLOCKS,BLOCKS CARTA,SCRIBE,Marca Externa,BIO PAPPEL SCRIBE,1,75.78,87.9,19.44,0.2565,75.78,1,1,2024-09-01,75.78
50012981,T054,2024-02,ARTICULOS ESCOLARES,BLOCKS,BLOCKS CARTA,SCRIBE,Marca Externa,BIO PAPPEL SCRIBE,1,75.78,87.9,19.37,0.2556,75.78,1,1,2024-02-01,75.78
50012981,T059,2024-07,ARTICULOS ESCOLARES,BLOCKS,BLOCKS CARTA,SCRIBE,Marca Externa,BIO PAPPEL SCRIBE,1,75.78,87.9,19.41,0.2562,75.78,1,1,2024-07-01,75.78
50012981,T059,2024-08,ARTICULOS ESCOLARES,BLOCKS,BLOCKS CARTA,,Marca Externa,BIO PAPPEL SCRIBE,1,75.78,87.9,19.41,0.2562,75.78,1,1,2024-08-01,75.78
50012981,T072,2025-06,ARTICULOS ESCOLARES,BLOCKS,BLOCKS CARTA,SCRIBE,Marca Externa,BIO PAPPEL SCRIBE,1,75.78,87.9,19.23,0.2538,75.78,1,1,2025-06-01,75.78
50012981,T074,2024-08,ARTICULOS ESCOLARES,BLOCKS,BLOCKS CARTA,SCRIBE,Marca Externa,BIO PAPPEL SCRIBE,1,47.74,55.38,4.41,0.0923,75.78,1,1,2024-08-01,47.74
50012981,T074,2024-08,ARTICULOS ESCOLARES,BLOCKS,BLOCKS CARTA,,Marca Externa,BIO PAPPEL SCRIBE,1,75.78,87.9,18.43,0.2431,75.78,1,1,2024-08-01,75.78
50012981,T074,2025-08,ARTICULOS ESCOLARES,BLOCKS,BLOCKS CARTA,,Marca Externa,BIO PAPPEL SCRIBE,3,159.13,184.59,32.38,0.2035,75.78,1,1,2025-08-01,53.04333333333333
50012981,T075,2024-08,ARTICULOS ESCOLARES,BLOCKS,BLOCKS CARTA,,Marca Externa,BIO PAPPEL SCRIBE,2,121.24,140.64,21.52,0.1775,75.78,1,1,2024-08-01,60.62
50012981,T075,2025-02,ARTICULOS ESCOLARES,BLOCKS,BLOCKS CARTA,,Marca Externa,BIO PAPPEL SCRIBE,1,75.78,87.9,18.52,0.2444,75.78,1,1,2025-02-01,75.78
50012981,T075,2026-01,ARTICULOS ESCOLARES,BLOCKS,BLOCKS CARTA,SCRIBE,Marca Externa,BIO PAPPEL SCRIBE,1,75.78,87.9,24.07,0.3176,75.78,1,1,2026-01-01,75.78
50012981,T079,2026-01,ARTICULOS ESCOLARES,BLOCKS,BLOCKS CARTA,SCRIBE,Marca Externa,BIO PAPPEL SCRIBE,1,75.78,87.9,24.07,0.3176,75.78,1,1,2026-01-01,75.78
50012981,T081,2025-02,ARTICULOS ESCOLARES,BLOCKS,BLOCKS CARTA,SCRIBE,Marca Externa,BIO PAPPEL SCRIBE,2,151.55,175.8,38.33,0.2529,75.78,1,1,2025-02-01,75.775
50012981,T088,2025-09,ARTICULOS ESCOLARES,BLOCKS,BLOCKS CARTA,,Marca Externa,BIO PAPPEL SCRIBE,1,75.78,87.9,22.95,0.3029,75.78,1,1,2025-09-01,75.78
50012982,T001,2025-03,ARTICULOS ESCOLARES,BLOCKS,BLOCKS CARTA,SCRIBE,Marca Externa,BIO PAPPEL SCRIBE,1,75.78,87.9,19.45,0.2567,75.78,1,1,2025-03-01,75.78
50012982,T001,2025-06,ARTICULOS ESCOLARES,BLOCKS,BLOCKS CARTA,,Marca Externa,BIO PAPPEL SCRIBE,1,75.78,87.9,22.97,0.3031,75.78,1,1,2025-06-01,75.78
50012982,T002,2025-03,ARTICULOS ESCOLARES,BLOCKS,BLOCKS CARTA,SCRIBE,Marca Externa,BIO PAPPEL SCRIBE,1,75.78,87.9,19.31,0.2548,75.78,1,1,2025-03-01,75.78
50012982,T009,2025-08,ARTICULOS ESCOLARES,BLOCKS,BLOCKS CARTA,SCRIBE,Marca Externa,BIO PAPPEL SCRIBE,1,75.78,87.9,17.93,0.2365,75.78,1,1,2025-08-01,75.78
50012982,T012,2025-09,ARTICULOS ESCOLARES,BLOCKS,BLOCKS CARTA,,Marca Externa,BIO PAPPEL SCRIBE,1,75.78,87.9,18.26,0.241,75.78,1,1,2025-09-01,75.78
50012982,T015,2024-08,ARTICULOS ESCOLARES,BLOCKS,BLOCKS CARTA,,Marca Externa,BIO PAPPEL SCRIBE,1,53.04,61.53,7.6,0.1433,75.78,1,1,2024-08-01,53.04
50012982,T015,2025-08,ARTICULOS ESCOLARES,BLOCKS,BLOCKS CARTA,,Marca Externa,BIO PAPPEL SCRIBE,1,60.62,70.32,15.27,0.2519,75.78,1,1,2025-08-01,60.62
50012982,T016,2024-01,ARTICULOS ESCOLARES,BLOCKS,BLOCKS CARTA,SCRIBE,Marca Externa,BIO PAPPEL SCRIBE,2,151.55,175.8,35.84,0.2365,75.78,1,1,2024-01-01,75.775
50012982,T016,2025-08,ARTICULOS ESCOLARES,BLOCKS,BLOCKS CARTA,SCRIBE,Marca Externa,BIO PAPPEL SCRIBE,1,75.78,87.9,18.75,0.2475,75.78,1,1,2025-08-01,75.78
50012982,T017,2025-05,ARTICULOS ESCOLARES,BLOCKS,BLOCKS CARTA,,Marca Externa,BIO PAPPEL SCRIBE,1,75.78,87.9,19.23,0.2538,75.78,1,1,2025-05-01,75.78
50012982,T022,2024-03,ARTICULOS ESCOLARES,BLOCKS,BLOCKS CARTA,SCRIBE,Marca Externa,BIO PAPPEL SCRIBE,1,75.78,87.9,20.74,0.2737,75.78,1,1,2024-03-01,75.78
50012982,T023,2024-07,ARTICULOS ESCOLARES,BLOCKS,BLOCKS CARTA,SCRIBE,Marca Externa,BIO PAPPEL SCRIBE,1,75.78,87.9,18.79,0.248,75.78,1,1,2024-07-01,75.78
50012982,T023,2024-08,ARTICULOS ESCOLARES,BLOCKS,BLOCKS CARTA,SCRIBE,Marca Externa,BIO PAPPEL SCRIBE,1,75.78,87.9,18.79,0.248,75.78,1,1,2024-08-01,75.78
50012982,T026,2024-09,ARTICULOS ESCOLARES,BLOCKS,BLOCKS CARTA,SCRIBE,Marca Externa,BIO PAPPEL SCRIBE,2,151.55,175.8,36.45,0.2405,75.78,1,1,2024-09-01,75.775
50012982,T027,2024-09,ARTICULOS ESCOLARES,BLOCKS,BLOCKS CARTA,,Marca Externa,BIO PAPPEL SCRIBE,2,151.55,175.8,38.26,0.2524,75.78,1,1,2024-09-01,75.775
50012982,T028,2025-05,ARTICULOS ESCOLARES,BLOCKS,BLOCKS CARTA,SCRIBE,Marca Externa,BIO PAPPEL SCRIBE,1,75.78,87.9,19.16,0.2528,75.78,1,1,2025-05-01,75.78
50012982,T031,2024-09,ARTICULOS ESCOLARES,BLOCKS,BLOCKS CARTA,SCRIBE,Marca Externa,BIO PAPPEL SCRIBE,1,75.78,87.9,18.91,0.2496,75.78,1,1,2024-09-01,75.78
50012982,T031,2025-08,ARTICULOS ESCOLARES,BLOCKS,BLOCKS CARTA,SCRIBE,Marca Externa,BIO PAPPEL SCRIBE,1,60.62,70.32,14.78,0.2438,75.78,1,1,2025-08-01,60.62
50012982,T037,2025-02,ARTICULOS ESCOLARES,BLOCKS,BLOCKS CARTA,,Marca Externa,BIO PAPPEL SCRIBE,1,75.78,87.9,18.68,0.2464,75.78,1,1,2025-02-01,75.78
50012982,T040,2024-08,ARTICULOS ESCOLARES,BLOCKS,BLOCKS CARTA,SCRIBE,Marca Externa,BIO PAPPEL SCRIBE,1,75.78,87.9,19.41,0.2561,75.78,1,1,2024-08-01,75.78
50012982,T049,2024-12,ARTICULOS ESCOLARES,BLOCKS,BLOCKS CARTA,SCRIBE,Marca Externa,BIO PAPPEL SCRIBE,1,75.78,87.9,19.19,0.2532,75.78,1,1,2024-12-01,75.78
50012982,T051,2024-08,ARTICULOS ESCOLARES,BLOCKS,BLOCKS CARTA,SCRIBE,Marca Externa,BIO PAPPEL SCRIBE,1,53.04,61.53,7.25,0.1367,75.78,1,1,2024-08-01,53.04
50012982,T054,2024-08,ARTICULOS ESCOLARES,BLOCKS,BLOCKS CARTA,,Marca Externa,BIO PAPPEL SCRIBE,1,53.04,61.53,6.99,0.1317,75.78,1,1,2024-08-01,53.04
50012982,T056,2024-08,ARTICULOS ESCOLARES,BLOCKS,BLOCKS CARTA,,Marca Externa,BIO PAPPEL SCRIBE,1,75.78,87.9,18.96,0.2503,75.78,1,1,2024-08-01,75.78
50012982,T056,2024-09,ARTICULOS ESCOLARES,BLOCKS,BLOCKS CARTA,SCRIBE,Marca Externa,BIO PAPPEL SCRIBE,1,75.78,87.9,18.96,0.2503,75.78,1,1,2024-09-01,75.78
50012982,T060,2026-01,ARTICULOS ESCOLARES,BLOCKS,BLOCKS CARTA,SCRIBE,Marca Externa,BIO PAPPEL SCRIBE,1,75.78,87.9,18.23,0.2405,75.78,1,1,2026-01-01,75.78
50012982,T062,2026-01,ARTICULOS ESCOLARES,BLOCKS,BLOCKS CARTA,SCRIBE,Marca Externa,BIO PAPPEL SCRIBE,1,75.78,87.9,24.32,0.3209,75.78,1,1,2026-01-01,75.78
50012982,T072,2025-06,ARTICULOS ESCOLARES,BLOCKS,BLOCKS CARTA,,Marca Externa,BIO PAPPEL SCRIBE,1,75.78,87.9,19.33,0.2551,75.78,1,1,2025-06-01,75.78
50012982,T076,2024-08,ARTICULOS ESCOLARES,BLOCKS,BLOCKS CARTA,,Marca Externa,BIO PAPPEL SCRIBE,1,75.78,87.9,19.27,0.2543,75.78,1,1,2024-08-01,75.78
50012982,T079,2024-07,ARTICULOS ESCOLARES,BLOCKS,BLOCKS CARTA,,Marca Externa,BIO PAPPEL SCRIBE,1,75.78,87.9,18.44,0.2433,75.78,1,1,2024-07-01,75.78
50012982,T080,2024-06,ARTICULOS ESCOLARES,BLOCKS,BLOCKS CARTA,SCRIBE,Marca Externa,BIO PAPPEL SCRIBE,1,75.78,87.9,19.41,0.2561,75.78,1,1,2024-06-01,75.78
50012982,T086,2025-09,ARTICULOS ESCOLARES,BLOCKS,BLOCKS CARTA,SCRIBE,Marca Externa,BIO PAPPEL SCRIBE,1,75.78,87.9,19.39,0.2559,75.78,1,1,2025-09-01,75.78
50012982,T086,2026-02,ARTICULOS ESCOLARES,BLOCKS,BLOCKS CARTA,SCRIBE,Marca Externa,BIO PAPPEL SCRIBE,1,53.04,61.53,8.02,0.1512,75.78,1,1,2026-02-01,53.04
50012982,T087,2025-09,ARTICULOS ESCOLARES,BLOCKS,BLOCKS CARTA,,Marca Externa,BIO PAPPEL SCRIBE,1,75.78,87.9,20.79,0.2744,75.78,1,1,2025-09-01,75.78
50012983,T001,2024-11,ARTICULOS ESCOLARES,BLOCKS,BLOCKS ESQUELA,SCRIBE,Marca Externa,BIO PAPPEL SCRIBE,2,54.31,63.0,11.1,0.2043,27.16,1,1,2024-11-01,27.155
50012983,T001,2026-02,ARTICULOS ESCOLARES,BLOCKS,BLOCKS ESQUELA,SCRIBE,Marca Externa,BIO PAPPEL SCRIBE,4,137.59,159.6,36.68,0.2666,27.16,1,1,2026-02-01,34.3975
50012983,T002,2024-08,ARTICULOS ESCOLARES,BLOCKS,BLOCKS ESQUELA,,Marca Externa,BIO PAPPEL SCRIBE,4,108.63,126.0,22.19,0.2043,27.16,2,2,2024-08-01,27.1575
50012983,T002,2024-11,ARTICULOS ESCOLARES,BLOCKS,BLOCKS ESQUELA,SCRIBE,Marca Externa,BIO PAPPEL SCRIBE,2,54.31,63.0,11.1,0.2043,27.16,1,1,2024-11-01,27.155
50012983,T002,2025-08,ARTICULOS ESCOLARES,BLOCKS,BLOCKS ESQUELA,SCRIBE,Marca Externa,BIO PAPPEL SCRIBE,2,68.79,79.8,18.34,0.2665,27.16,1,1,2025-08-01,34.395
50012983,T002,2025-08,ARTICULOS ESCOLARES,BLOCKS,BLOCKS ESQUELA,,Marca Externa,BIO PAPPEL SCRIBE,3,92.87,107.72999999999999,22.339999999999996,0.21650000000000003,27.16,2,2,2025-08-01,30.956666666666667
50012983,T004,2025-07,ARTICULOS ESCOLARES,BLOCKS,BLOCKS ESQUELA,,Marca Externa,BIO PAPPEL SCRIBE,1,34.4,39.9,9.17,0.2666,27.16,1,1,2025-07-01,34.4
50012983,T006,2024-08,ARTICULOS ESCOLARES,BLOCKS,BLOCKS ESQUELA,SCRIBE,Marca Externa,BIO PAPPEL SCRIBE,2,38.02,44.1,2.96,0.0779,27.16,1,1,2024-08-01,19.01
50012983,T008,2024-12,ARTICULOS ESCOLARES,BLOCKS,BLOCKS ESQUELA,SCRIBE,Marca Externa,BIO PAPPEL SCRIBE,9,244.4,283.5,49.93,0.2043,27.16,1,1,2024-12-01,27.155555555555555
50012983,T009,2024-06,ARTICULOS ESCOLARES,BLOCKS,BLOCKS ESQUELA,SCRIBE,Marca Externa,BIO PAPPEL SCRIBE,1,27.16,31.5,5.55,0.2043,27.16,1,1,2024-06-01,27.16
50012983,T013,2024-10,ARTICULOS ESCOLARES,BLOCKS,BLOCKS ESQUELA,,Marca Externa,BIO PAPPEL SCRIBE,2,54.31,63.0,11.1,0.2043,27.16,1,1,2024-10-01,27.155
50012983,T014,2024-10,ARTICULOS ESCOLARES,BLOCKS,BLOCKS ESQUELA,SCRIBE,Marca Externa,BIO PAPPEL SCRIBE,1,27.16,31.5,5.55,0.2043,27.16,1,1,2024-10-01,27.16
50012983,T015,2024-02,ARTICULOS ESCOLARES,BLOCKS,BLOCKS ESQUELA,,Marca Externa,BIO PAPPEL SCRIBE,5,135.78,157.5,27.74,0.2043,27.16,1,1,2024-02-01,27.156
50012983,T018,2024-07,ARTICULOS ESCOLARES,BLOCKS,BLOCKS ESQUELA,,Marca Externa,BIO PAPPEL SCRIBE,1,27.16,31.5,5.55,0.2043,27.16,1,1,2024-07-01,27.16
50012983,T019,2026-02,ARTICULOS ESCOLARES,BLOCKS,BLOCKS ESQUELA,SCRIBE,Marca Externa,BIO PAPPEL SCRIBE,1,34.4,39.9,9.17,0.2666,27.16,1,1,2026-02-01,34.4
50012983,T019,2026-03,ARTICULOS ESCOLARES,BLOCKS,BLOCKS ESQUELA,,Marca Externa,BIO PAPPEL SCRIBE,1,34.4,39.9,9.17,0.2666,27.16,1,1,2026-03-01,34.4
50012983,T020,2024-11,ARTICULOS ESCOLARES,BLOCKS,BLOCKS ESQUELA,SCRIBE,Marca Externa,BIO PAPPEL SCRIBE,1,27.16,31.5,5.55,0.2043,27.16,1,1,2024-11-01,27.16
50012983,T030,2025-06,ARTICULOS ESCOLARES,BLOCKS,BLOCKS ESQUELA,,Marca Externa,BIO PAPPEL SCRIBE,2,68.79,79.8,18.33,0.2665,27.16,1,1,2025-06-01,34.395
50012983,T034,2025-02,ARTICULOS ESCOLARES,BLOCKS,BLOCKS ESQUELA,SCRIBE,Marca Externa,BIO PAPPEL SCRIBE,1,27.16,31.5,5.55,0.2043,27.16,1,1,2025-02-01,27.16
50012983,T038,2025-02,ARTICULOS ESCOLARES,BLOCKS,BLOCKS ESQUELA,SCRIBE,Marca Externa,BIO PAPPEL SCRIBE,1,27.16,31.5,5.55,0.2043,27.16,1,1,2025-02-01,27.16
50012983,T038,2026-01,ARTICULOS ESCOLARES,BLOCKS,BLOCKS ESQUELA,SCRIBE,Marca Externa,BIO PAPPEL SCRIBE,1,34.4,39.9,9.17,0.2666,27.16,1,1,2026-01-01,34.4
50012983,T039,2025-08,ARTICULOS ESCOLARES,BLOCKS,BLOCKS ESQUELA,,Marca Externa,BIO PAPPEL SCRIBE,2,68.79,79.8,18.33,0.2665,27.16,1,1,2025-08-01,34.395
50012983,T041,2024-08,ARTICULOS ESCOLARES,BLOCKS,BLOCKS ESQUELA,SCRIBE,Marca Externa,BIO PAPPEL SCRIBE,2,54.31,63.0,11.1,0.2043,27.16,1,1,2024-08-01,27.155
50012983,T042,2025-04,ARTICULOS ESCOLARES,BLOCKS,BLOCKS ESQUELA,,Marca Externa,BIO PAPPEL SCRIBE,1,27.16,31.5,5.55,0.2043,27.16,1,1,2025-04-01,27.16
50012983,T045,2025-12,ARTICULOS ESCOLARES,BLOCKS,BLOCKS ESQUELA,SCRIBE,Marca Externa,BIO PAPPEL SCRIBE,1,34.4,39.9,9.17,0.2666,27.16,1,1,2025-12-01,34.4
50012983,T051,2024-12,ARTICULOS ESCOLARES,BLOCKS,BLOCKS ESQUELA,,Marca Externa,BIO PAPPEL SCRIBE,1,27.16,31.5,5.55,0.2043,27.16,1,1,2024-12-01,27.16
50012983,T053,2026-03,ARTICULOS ESCOLARES,BLOCKS,BLOCKS ESQUELA,,Marca Externa,BIO PAPPEL SCRIBE,1,34.4,39.9,9.17,0.2666,27.16,1,1,2026-03-01,34.4
50012983,T054,2025-04,ARTICULOS ESCOLARES,BLOCKS,BLOCKS ESQUELA,SCRIBE,Marca Externa,BIO PAPPEL SCRIBE,1,27.16,31.5,5.55,0.2043,27.16,1,1,2025-04-01,27.16
50012983,T062,2024-09,ARTICULOS ESCOLARES,BLOCKS,BLOCKS ESQUELA,SCRIBE,Marca Externa,BIO PAPPEL SCRIBE,1,27.16,31.5,5.55,0.2043,27.16,1,1,2024-09-01,27.16
50012983,T062,2024-11,ARTICULOS ESCOLARES,BLOCKS,BLOCKS ESQUELA,SCRIBE,Marca Externa,BIO PAPPEL SCRIBE,1,27.16,31.5,5.55,0.2043,27.16,1,1,2024-11-01,27.16
50012983,T065,2025-07,ARTICULOS ESCOLARES,BLOCKS,BLOCKS ESQUELA,SCRIBE,Marca Externa,BIO PAPPEL SCRIBE,1,34.4,39.9,9.17,0.2666,27.16,1,1,2025-07-01,34.4
50012983,T066,2024-08,ARTICULOS ESCOLARES,BLOCKS,BLOCKS ESQUELA,,Marca Externa,BIO PAPPEL SCRIBE,2,54.31,63.0,11.1,0.2043,27.16,1,1,2024-08-01,27.155
50012983,T070,2025-03,ARTICULOS ESCOLARES,BLOCKS,BLOCKS ESQUELA,SCRIBE,Marca Externa,BIO PAPPEL SCRIBE,1,27.16,31.5,5.55,0.2043,27.16,1,1,2025-03-01,27.16
50012983,T070,2025-04,ARTICULOS ESCOLARES,BLOCKS,BLOCKS ESQUELA,,Marca Externa,BIO PAPPEL SCRIBE,1,27.16,31.5,5.55,0.2043,27.16,1,1,2025-04-01,27.16
50012983,T071,2025-09,ARTICULOS ESCOLARES,BLOCKS,BLOCKS ESQUELA,,Marca Externa,BIO PAPPEL SCRIBE,1,34.4,39.9,9.17,0.2666,27.16,1,1,2025-09-01,34.4
50012983,T072,2026-02,ARTICULOS ESCOLARES,BLOCKS,BLOCKS ESQUELA,SCRIBE,Marca Externa,BIO PAPPEL SCRIBE,10,343.97,399.0,91.69,0.2665,27.16,1,1,2026-02-01,34.397000000000006
50012983,T073,2025-01,ARTICULOS ESCOLARES,BLOCKS,BLOCKS ESQUELA,SCRIBE,Marca Externa,BIO PAPPEL SCRIBE,1,27.16,31.5,5.55,0.2043,27.16,1,1,2025-01-01,27.16
50012983,T074,2024-09,ARTICULOS ESCOLARES,BLOCKS,BLOCKS ESQUELA,SCRIBE,Marca Externa,BIO PAPPEL SCRIBE,1,27.16,31.5,5.55,0.2043,27.16,1,1,2024-09-01,27.16
50012983,T074,2025-08,ARTICULOS ESCOLARES,BLOCKS,BLOCKS ESQUELA,SCRIBE,Marca Externa,BIO PAPPEL SCRIBE,1,27.52,31.92,5.73,0.2082,27.16,1,1,2025-08-01,27.52
50012983,T074,2025-08,ARTICULOS ESCOLARES,BLOCKS,BLOCKS ESQUELA,,Marca Externa,BIO PAPPEL SCRIBE,4,137.59,159.6,36.68,0.2666,27.16,1,1,2025-08-01,34.3975
50012983,T075,2024-02,ARTICULOS ESCOLARES,BLOCKS,BLOCKS ESQUELA,,Marca Externa,BIO PAPPEL SCRIBE,50,1357.76,1575.0,277.38,0.2043,27.16,1,1,2024-02-01,27.1552
50012983,T075,2024-10,ARTICULOS ESCOLARES,BLOCKS,BLOCKS ESQUELA,,Marca Externa,BIO PAPPEL SCRIBE,1,27.16,31.5,5.55,0.2043,27.16,1,1,2024-10-01,27.16
50012983,T079,2024-06,ARTICULOS ESCOLARES,BLOCKS,BLOCKS ESQUELA,SCRIBE,Marca Externa,BIO PAPPEL SCRIBE,2,54.31,63.0,11.1,0.2043,27.16,1,1,2024-06-01,27.155
50012983,T079,2026-03,ARTICULOS ESCOLARES,BLOCKS,BLOCKS ESQUELA,SCRIBE,Marca Externa,BIO PAPPEL SCRIBE,1,34.4,39.9,9.17,0.2666,27.16,1,1,2026-03-01,34.4
50012983,T085,2024-10,ARTICULOS ESCOLARES,BLOCKS,BLOCKS ESQUELA,SCRIBE,Marca Externa,BIO PAPPEL SCRIBE,1,27.16,31.5,5.55,0.2045,27.16,1,1,2024-10-01,27.16
50012983,T086,2024-08,ARTICULOS ESCOLARES,BLOCKS,BLOCKS ESQUELA,SCRIBE,Marca Externa,BIO PAPPEL SCRIBE,1,19.01,22.05,1.48,0.0779,27.16,1,1,2024-08-01,19.01
50012984,T030,2024-08,ARTICULOS ESCOLARES,BLOCKS,BLOCKS ESQUELA,SCRIBE,Marca Externa,BIO PAPPEL SCRIBE,1,19.01,22.05,1.48,0.0779,27.16,1,1,2024-08-01,19.01
50012984,T032,2024-02,ARTICULOS ESCOLARES,BLOCKS,BLOCKS ESQUELA,SCRIBE,Marca Externa,BIO PAPPEL SCRIBE,1,27.16,31.5,5.56,0.2047,27.16,1,1,2024-02-01,27.16
50012984,T036,2024-08,ARTICULOS ESCOLARES,BLOCKS,BLOCKS ESQUELA,SCRIBE,Marca Externa,BIO PAPPEL SCRIBE,1,27.16,31.5,5.56,0.2047,27.16,1,1,2024-08-01,27.16
50012984,T037,2024-08,ARTICULOS ESCOLARES,BLOCKS,BLOCKS ESQUELA,,Marca Externa,BIO PAPPEL SCRIBE,2,54.31,63.0,11.1,0.2043,27.16,1,1,2024-08-01,27.155
50012984,T044,2024-04,ARTICULOS ESCOLARES,BLOCKS,BLOCKS ESQUELA,SCRIBE,Marca Externa,BIO PAPPEL SCRIBE,1,27.16,31.5,5.55,0.2045,27.16,1,1,2024-04-01,27.16
50012984,T046,2024-03,ARTICULOS ESCOLARES,BLOCKS,BLOCKS ESQUELA,,Marca Externa,BIO PAPPEL SCRIBE,1,29.17,31.5,6.56,0.2247,27.16,1,1,2024-03-01,29.17
50012984,T047,2024-03,ARTICULOS ESCOLARES,BLOCKS,BLOCKS ESQUELA,SCRIBE,Marca Externa,BIO PAPPEL SCRIBE,1,27.16,31.5,5.55,0.2043,27.16,1,1,2024-03-01,27.16
50012984,T049,2024-10,ARTICULOS ESCOLARES,BLOCKS,BLOCKS ESQUELA,,Marca Externa,BIO PAPPEL SCRIBE,1,16.29,18.9,0.12,0.0071,27.16,1,1,2024-10-01,16.29
50012984,T054,2024-08,ARTICULOS ESCOLARES,BLOCKS,BLOCKS ESQUELA,SCRIBE,Marca Externa,BIO PAPPEL SCRIBE,1,27.16,31.5,5.56,0.2049,27.16,1,1,2024-08-01,27.16
50012984,T060,2024-07,ARTICULOS ESCOLARES,BLOCKS,BLOCKS ESQUELA,,Marca Externa,BIO PAPPEL SCRIBE,3,81.47,94.5,16.68,0.2047,27.16,1,1,2024-07-01,27.156666666666666
50012984,T085,2024-01,ARTICULOS ESCOLARES,BLOCKS,BLOCKS ESQUELA,,Marca Externa,BIO PAPPEL SCRIBE,20,543.1,630.0,110.95,0.2043,27.16,1,1,2024-01-01,27.155
50012985,T001,2024-07,ARTICULOS ESCOLARES,BLOCKS,BLOCKS ESQUELA,SCRIBE,Marca Externa,BIO PAPPEL SCRIBE,1,27.16,31.5,5.55,0.2043,27.16,1,1,2024-07-01,27.16
50012985,T010,2024-04,ARTICULOS ESCOLARES,BLOCKS,BLOCKS ESQUELA,SCRIBE,Marca Externa,BIO PAPPEL SCRIBE,1,27.16,31.5,5.55,0.2043,27.16,1,1,2024-04-01,27.16
50012985,T012,2024-08,ARTICULOS ESCOLARES,BLOCKS,BLOCKS ESQUELA,,Marca Externa,BIO PAPPEL SCRIBE,1,27.16,31.5,5.55,0.2043,27.16,1,1,2024-08-01,27.16
50012985,T012,2024-09,ARTICULOS ESCOLARES,BLOCKS,BLOCKS ESQUELA,SCRIBE,Marca Externa,BIO PAPPEL SCRIBE,1,27.16,31.5,5.55,0.2043,27.16,1,1,2024-09-01,27.16
50012985,T014,2024-03,ARTICULOS ESCOLARES,BLOCKS,BLOCKS ESQUELA,SCRIBE,Marca Externa,BIO PAPPEL SCRIBE,2,54.31,63.0,11.11,0.2045,27.16,1,1,2024-03-01,27.155
50012985,T023,2024-08,ARTICULOS ESCOLARES,BLOCKS,BLOCKS ESQUELA,SCRIBE,Marca Externa,BIO PAPPEL SCRIBE,1,27.16,31.5,5.93,0.2184,27.16,1,1,2024-08-01,27.16
50012985,T025,2024-01,ARTICULOS ESCOLARES,BLOCKS,BLOCKS ESQUELA,SCRIBE,Marca Externa,BIO PAPPEL SCRIBE,1,27.16,31.5,5.55,0.2043,27.16,1,1,2024-01-01,27.16
50012985,T025,2024-06,ARTICULOS ESCOLARES,BLOCKS,BLOCKS ESQUELA,,Marca Externa,BIO PAPPEL SCRIBE,2,54.31,63.0,11.1,0.2043,27.16,1,1,2024-06-01,27.155
50012985,T026,2024-08,ARTICULOS ESCOLARES,BLOCKS,BLOCKS ESQUELA,,Marca Externa,BIO PAPPEL SCRIBE,1,27.16,31.5,5.55,0.2045,27.16,1,1,2024-08-01,27.16
50012985,T028,2024-04,ARTICULOS ESCOLARES,BLOCKS,BLOCKS ESQUELA,,Marca Externa,BIO PAPPEL SCRIBE,2,54.31,63.0,11.11,0.2045,27.16,1,1,2024-04-01,27.155
50012985,T028,2024-08,ARTICULOS ESCOLARES,BLOCKS,BLOCKS ESQUELA,SCRIBE,Marca Externa,BIO PAPPEL SCRIBE,1,27.16,31.5,5.55,0.2045,27.16,1,1,2024-08-01,27.16
50012985,T031,2024-05,ARTICULOS ESCOLARES,BLOCKS,BLOCKS ESQUELA,SCRIBE,Marca Externa,BIO PAPPEL SCRIBE,3,81.47,94.5,16.64,0.2043,27.16,1,1,2024-05-01,27.156666666666666
50012985,T035,2024-08,ARTICULOS ESCOLARES,BLOCKS,BLOCKS ESQUELA,SCRIBE,Marca Externa,BIO PAPPEL SCRIBE,1,21.72,25.2,2.83,0.1303,27.16,1,1,2024-08-01,21.72
50012985,T040,2024-02,ARTICULOS ESCOLARES,BLOCKS,BLOCKS ESQUELA,SCRIBE,Marca Externa,BIO PAPPEL SCRIBE,1,27.16,31.5,5.57,0.2051,27.16,1,1,2024-02-01,27.16
50012985,T040,2024-06,ARTICULOS ESCOLARES,BLOCKS,BLOCKS ESQUELA,SCRIBE,Marca Externa,BIO PAPPEL SCRIBE,1,27.16,31.5,5.55,0.2045,27.16,1,1,2024-06-01,27.16
50012985,T041,2024-08,ARTICULOS ESCOLARES,BLOCKS,BLOCKS ESQUELA,,Marca Externa,BIO PAPPEL SCRIBE,1,21.72,25.2,2.83,0.1303,27.16,1,1,2024-08-01,21.72
50012985,T043,2024-07,ARTICULOS ESCOLARES,BLOCKS,BLOCKS ESQUELA,SCRIBE,Marca Externa,BIO PAPPEL SCRIBE,1,29.17,31.5,6.56,0.2247,27.16,1,1,2024-07-01,29.17
50012985,T066,2024-05,ARTICULOS ESCOLARES,BLOCKS,BLOCKS ESQUELA,,Marca Externa,BIO PAPPEL SCRIBE,1,27.16,31.5,5.55,0.2045,27.16,1,1,2024-05-01,27.16
50012985,T069,2024-08,ARTICULOS ESCOLARES,BLOCKS,BLOCKS ESQUELA,,Marca Externa,BIO PAPPEL SCRIBE,1,19.01,22.05,1.49,0.0781,27.16,1,1,2024-08-01,19.01
50012985,T074,2024-07,ARTICULOS ESCOLARES,BLOCKS,BLOCKS ESQUELA,SCRIBE,Marca Externa,BIO PAPPEL SCRIBE,1,27.16,31.5,5.55,0.2043,27.16,1,1,2024-07-01,27.16
50012985,T075,2024-02,ARTICULOS ESCOLARES,BLOCKS,BLOCKS ESQUELA,SCRIBE,Marca Externa,BIO PAPPEL SCRIBE,19,515.95,598.5,105.5,0.2045,27.16,1,1,2024-02-01,27.15526315789474
50012985,T079,2024-01,ARTICULOS ESCOLARES,BLOCKS,BLOCKS ESQUELA,SCRIBE,Marca Externa,BIO PAPPEL SCRIBE,1,27.16,31.5,5.55,0.2045,27.16,1,1,2024-01-01,27.16
50012985,T085,2024-11,ARTICULOS ESCOLARES,BLOCKS,BLOCKS ESQUELA,,Marca Externa,BIO PAPPEL SCRIBE,5,135.78,157.5,27.74,0.2043,27.16,1,1,2024-11-01,27.156
50012985,T087,2024-02,ARTICULOS ESCOLARES,BLOCKS,BLOCKS ESQUELA,SCRIBE,Marca Externa,BIO PAPPEL SCRIBE,10,271.55,315.0,55.48,0.2043,27.16,1,1,2024-02-01,27.155
50015288,T068,2024-04,ARTICULOS ESCOLARES,PLUMAS Y LAPICEROS FINOS,REPUESTOS FINOS,PARKER,Marca Externa,NEWELL BRANDS DE MEXICO,2,123.97,143.8,19.99,0.1612,61.98,1,1,2024-04-01,61.985
50015290,T027,2025-09,ARTICULOS ESCOLARES,PLUMAS Y LAPICEROS FINOS,REPUESTOS FINOS,PARKER,Marca Externa,NEWELL BRANDS DE MEXICO,1,68.88,79.9,13.45,0.1952,61.98,1,1,2025-09-01,68.88
50015290,T042,2025-03,ARTICULOS ESCOLARES,PLUMAS Y LAPICEROS FINOS,REPUESTOS FINOS,PARKER,Marca Externa,NEWELL BRANDS DE MEXICO,1,61.98,71.9,9.99,0.1612,61.98,1,1,2025-03-01,61.98
50015293,T007,2024-01,ARTICULOS ESCOLARES,PLUMAS Y LAPICEROS FINOS,REPUESTOS FINOS,PARKER,Marca Externa,NEWELL BRANDS DE MEXICO,1,68.54,79.5,14.77,0.2155,68.54,1,1,2024-01-01,68.54
50015293,T068,2024-08,ARTICULOS ESCOLARES,PLUMAS Y LAPICEROS FINOS,REPUESTOS FINOS,PARKER,Marca Externa,NEWELL BRANDS DE MEXICO,1,68.54,79.5,14.77,0.2155,68.54,1,1,2024-08-01,68.54
50015293,T085,2024-09,ARTICULOS ESCOLARES,PLUMAS Y LAPICEROS FINOS,REPUESTOS FINOS,PARKER,Marca Externa,NEWELL BRANDS DE MEXICO,1,68.54,79.5,14.77,0.2155,68.54,1,1,2024-09-01,68.54
50015294,T011,2024-06,ARTICULOS ESCOLARES,PLUMAS Y LAPICEROS FINOS,REPUESTOS FINOS,PARKER,Marca Externa,NEWELL BRANDS DE MEXICO,1,58.54,67.9,9.77,0.1669,58.54,1,1,2024-06-01,58.54
50015294,T017,2024-04,ARTICULOS ESCOLARES,PLUMAS Y LAPICEROS FINOS,REPUESTOS FINOS,PARKER,Marca Externa,NEWELL BRANDS DE MEXICO,1,58.54,67.9,9.77,0.1669,58.54,1,1,2024-04-01,58.54
50015294,T025,2024-07,ARTICULOS ESCOLARES,PLUMAS Y LAPICEROS FINOS,REPUESTOS FINOS,PARKER,Marca Externa,NEWELL BRANDS DE MEXICO,1,58.54,67.9,9.77,0.1669,58.54,1,1,2024-07-01,58.54
50015294,T035,2024-01,ARTICULOS ESCOLARES,PLUMAS Y LAPICEROS FINOS,REPUESTOS FINOS,PARKER,Marca Externa,NEWELL BRANDS DE MEXICO,1,58.54,67.9,9.77,0.1669,58.54,1,1,2024-01-01,58.54
50015294,T052,2024-10,ARTICULOS ESCOLARES,PLUMAS Y LAPICEROS FINOS,REPUESTOS FINOS,PARKER,Marca Externa,NEWELL BRANDS DE MEXICO,1,58.54,67.9,9.77,0.1669,58.54,1,1,2024-10-01,58.54
50015294,T060,2024-05,ARTICULOS ESCOLARES,PLUMAS Y LAPICEROS FINOS,REPUESTOS FINOS,PARKER,Marca Externa,NEWELL BRANDS DE MEXICO,2,117.07,135.8,19.54,0.1669,58.54,1,1,2024-05-01,58.535
50015294,T062,2025-02,ARTICULOS ESCOLARES,PLUMAS Y LAPICEROS FINOS,REPUESTOS FINOS,PARKER,Marca Externa,NEWELL BRANDS DE MEXICO,1,58.54,67.9,9.77,0.1669,58.54,1,1,2025-02-01,58.54
50015294,T067,2024-11,ARTICULOS ESCOLARES,PLUMAS Y LAPICEROS FINOS,REPUESTOS FINOS,PARKER,Marca Externa,NEWELL BRANDS DE MEXICO,1,58.54,67.9,9.77,0.1669,58.54,1,1,2024-11-01,58.54
50015294,T085,2024-01,ARTICULOS ESCOLARES,PLUMAS Y LAPICEROS FINOS,REPUESTOS FINOS,PARKER,Marca Externa,NEWELL BRANDS DE MEXICO,1,58.54,67.9,9.77,0.1669,58.54,1,1,2024-01-01,58.54
50015295,T010,2024-10,ARTICULOS ESCOLARES,PLUMAS Y LAPICEROS FINOS,REPUESTOS FINOS,PARKER,Marca Externa,NEWELL BRANDS DE MEXICO,1,68.54,79.5,14.77,0.2155,68.54,1,1,2024-10-01,68.54
50015295,T019,2025-01,ARTICULOS ESCOLARES,PLUMAS Y LAPICEROS FINOS,REPUESTOS FINOS,PARKER,Marca Externa,NEWELL BRANDS DE MEXICO,1,68.54,79.5,14.77,0.2155,68.54,1,1,2025-01-01,68.54
50015295,T038,2025-01,ARTICULOS ESCOLARES,PLUMAS Y LAPICEROS FINOS,REPUESTOS FINOS,PARKER,Marca Externa,NEWELL BRANDS DE MEXICO,1,68.54,79.5,14.77,0.2155,68.54,1,1,2025-01-01,68.54
50015295,T040,2024-11,ARTICULOS ESCOLARES,PLUMAS Y LAPICEROS FINOS,REPUESTOS FINOS,PARKER,Marca Externa,NEWELL BRANDS DE MEXICO,1,68.54,79.5,14.77,0.2155,68.54,1,1,2024-11-01,68.54
50015295,T065,2024-04,ARTICULOS ESCOLARES,PLUMAS Y LAPICEROS FINOS,REPUESTOS FINOS,PARKER,Marca Externa,NEWELL BRANDS DE MEXICO,1,68.54,79.5,14.77,0.2155,68.54,1,1,2024-04-01,68.54
50015297,T028,2024-08,ARTICULOS ESCOLARES,PLUMAS Y LAPICEROS FINOS,REPUESTOS FINOS,PARKER,Marca Externa,NEWELL BRANDS DE MEXICO,1,102.59,119.0,16.3,0.1588,102.59,1,1,2024-08-01,102.59
50015297,T066,2024-04,ARTICULOS ESCOLARES,PLUMAS Y LAPICEROS FINOS,REPUESTOS FINOS,PARKER,Marca Externa,NEWELL BRANDS DE MEXICO,1,102.59,119.0,16.3,0.1588,102.59,1,1,2024-04-01,102.59
50015357,T014,2024-03,ARTICULOS ESCOLARES,MARCADORES,MARCADORES DE CERA,MIRADO,Marca Externa,NEWELL BRANDS DE MEXICO,1,18.54,21.5,3.77,0.2033,18.54,1,1,2024-03-01,18.54
50015357,T015,2024-03,ARTICULOS ESCOLARES,MARCADORES,MARCADORES DE CERA,MIRADO,Marca Externa,NEWELL BRANDS DE MEXICO,1,18.54,21.5,3.77,0.2033,18.54,1,1,2024-03-01,18.54
50015357,T031,2024-03,ARTICULOS ESCOLARES,MARCADORES,MARCADORES DE CERA,MIRADO,Marca Externa,NEWELL BRANDS DE MEXICO,4,74.14,86.0,16.29,0.2197,18.54,1,1,2024-03-01,18.535
50015357,T036,2024-04,ARTICULOS ESCOLARES,MARCADORES,MARCADORES DE CERA,MIRADO,Marca Externa,NEWELL BRANDS DE MEXICO,1,18.54,21.5,3.77,0.2033,18.54,1,1,2024-04-01,18.54
50015357,T073,2024-03,ARTICULOS ESCOLARES,MARCADORES,MARCADORES DE CERA,MIRADO,Marca Externa,NEWELL BRANDS DE MEXICO,1,18.54,21.5,3.77,0.2033,18.54,1,1,2024-03-01,18.54
50015508,T004,2024-11,ARTICULOS ESCOLARES,CRAYONES,CRAYONES,CRAYOLA,Marca Externa,BINNEY Y SMITH MEXICO,1,27.5,31.9,5.97,0.2173,30.95,1,1,2024-11-01,27.5
50015508,T004,2025-08,ARTICULOS ESCOLARES,CRAYONES,CRAYONES,CRAYOLA,Marca Externa,BINNEY Y SMITH MEXICO,1,30.95,35.9,6.91,0.2234,30.95,1,1,2025-08-01,30.95
50015508,T012,2025-01,ARTICULOS ESCOLARES,CRAYONES,CRAYONES,CRAYOLA,Marca Externa,BINNEY Y SMITH MEXICO,1,27.5,31.9,5.9,0.2145,30.95,1,1,2025-01-01,27.5
50015508,T018,2024-11,ARTICULOS ESCOLARES,CRAYONES,CRAYONES,CRAYOLA,Marca Externa,BINNEY Y SMITH MEXICO,1,27.5,31.9,5.92,0.2151,30.95,1,1,2024-11-01,27.5
50015508,T034,2024-03,ARTICULOS ESCOLARES,CRAYONES,CRAYONES,CRAYOLA,Marca Externa,BINNEY Y SMITH MEXICO,1,25.78,29.9,5.7,0.2211,30.95,1,1,2024-03-01,25.78
50015508,T034,2025-09,ARTICULOS ESCOLARES,CRAYONES,CRAYONES,CRAYOLA,Marca Externa,BINNEY Y SMITH MEXICO,1,30.95,35.9,7.42,0.2399,30.95,1,1,2025-09-01,30.95
50015508,T045,2026-03,ARTICULOS ESCOLARES,CRAYONES,CRAYONES,CRAYOLA,Marca Externa,BINNEY Y SMITH MEXICO,1,30.95,35.9,6.88,0.2223,30.95,1,1,2026-03-01,30.95
50015508,T046,2026-03,ARTICULOS ESCOLARES,CRAYONES,CRAYONES,CRAYOLA,Marca Externa,BINNEY Y SMITH MEXICO,1,33.24,35.9,8.04,0.2419,30.95,1,1,2026-03-01,33.24
50015508,T047,2025-03,ARTICULOS ESCOLARES,CRAYONES,CRAYONES,CRAYOLA,Marca Externa,BINNEY Y SMITH MEXICO,58,1795.0,2082.2,440.17,0.2452,30.95,1,1,2025-03-01,30.948275862068964
50015508,T053,2025-11,ARTICULOS ESCOLARES,CRAYONES,CRAYONES,CRAYOLA,Marca Externa,BINNEY Y SMITH MEXICO,1,30.95,35.9,6.92,0.2237,30.95,1,1,2025-11-01,30.95
50015508,T054,2024-02,ARTICULOS ESCOLARES,CRAYONES,CRAYONES,CRAYOLA,Marca Externa,BINNEY Y SMITH MEXICO,1,25.78,29.9,5.54,0.2149,30.95,1,1,2024-02-01,25.78
50015508,T055,2025-07,ARTICULOS ESCOLARES,CRAYONES,CRAYONES,CRAYOLA,Marca Externa,BINNEY Y SMITH MEXICO,1,21.66,25.13,2.51,0.1159,30.95,1,1,2025-07-01,21.66
50015508,T057,2024-12,ARTICULOS ESCOLARES,CRAYONES,CRAYONES,CRAYOLA,Marca Externa,BINNEY Y SMITH MEXICO,1,29.54,31.9,6.88,0.2327,30.95,1,1,2024-12-01,29.54
50015508,T057,2025-06,ARTICULOS ESCOLARES,CRAYONES,CRAYONES,CRAYOLA,Marca Externa,BINNEY Y SMITH MEXICO,1,33.24,35.9,8.08,0.2431,30.95,1,1,2025-06-01,33.24
50015508,T059,2024-08,ARTICULOS ESCOLARES,CRAYONES,CRAYONES,CRAYOLA,Marca Externa,BINNEY Y SMITH MEXICO,1,27.5,31.9,6.29,0.2287,30.95,1,1,2024-08-01,27.5
50015508,T064,2024-08,ARTICULOS ESCOLARES,CRAYONES,CRAYONES,CRAYOLA,Marca Externa,BINNEY Y SMITH MEXICO,1,27.5,31.9,5.86,0.2131,30.95,1,1,2024-08-01,27.5
50015508,T070,2025-04,ARTICULOS ESCOLARES,CRAYONES,CRAYONES,CRAYOLA,Marca Externa,BINNEY Y SMITH MEXICO,1,30.95,35.9,7.7,0.2488,30.95,1,1,2025-04-01,30.95
50015508,T075,2026-03,ARTICULOS ESCOLARES,CRAYONES,CRAYONES,CRAYOLA,Marca Externa,BINNEY Y SMITH MEXICO,1,30.95,35.9,8.38,0.2709,30.95,1,1,2026-03-01,30.95
50015508,T078,2024-02,ARTICULOS ESCOLARES,CRAYONES,CRAYONES,CRAYOLA,Marca Externa,BINNEY Y SMITH MEXICO,1,25.78,29.9,5.55,0.2153,30.95,1,1,2024-02-01,25.78
50015508,T081,2024-04,ARTICULOS ESCOLARES,CRAYONES,CRAYONES,CRAYOLA,Marca Externa,BINNEY Y SMITH MEXICO,1,25.78,29.9,5.51,0.2137,30.95,1,1,2024-04-01,25.78
50015508,T082,2024-02,ARTICULOS ESCOLARES,CRAYONES,CRAYONES,CRAYOLA,Marca Externa,BINNEY Y SMITH MEXICO,2,51.55,59.8,11.85,0.23,30.95,1,1,2024-02-01,25.775
50015510,T004,2025-02,ARTICULOS ESCOLARES,CRAYONES,CRAYONES,CRAYOLA,Marca Externa,BINNEY Y SMITH MEXICO,1,51.64,59.9,10.46,0.2025,57.67,1,1,2025-02-01,51.64
50015510,T005,2024-08,ARTICULOS ESCOLARES,CRAYONES,CRAYONES,CRAYOLA,Marca Externa,BINNEY Y SMITH MEXICO,1,51.64,59.9,10.42,0.2017,57.67,1,1,2024-08-01,51.64
50015510,T011,2024-05,ARTICULOS ESCOLARES,CRAYONES,CRAYONES,CRAYOLA,Marca Externa,BINNEY Y SMITH MEXICO,1,49.57,57.5,9.6,0.1937,57.67,1,1,2024-05-01,49.57
50015510,T033,2024-04,ARTICULOS ESCOLARES,CRAYONES,CRAYONES,CRAYOLA,Marca Externa,BINNEY Y SMITH MEXICO,2,99.14,115.0,20.08,0.20255,57.67,2,2,2024-04-01,49.57
50015510,T033,2025-09,ARTICULOS ESCOLARES,CRAYONES,CRAYONES,CRAYOLA,Marca Externa,BINNEY Y SMITH MEXICO,1,57.67,66.9,12.19,0.2113,57.67,1,1,2025-09-01,57.67
50015510,T038,2026-01,ARTICULOS ESCOLARES,CRAYONES,CRAYONES,CRAYOLA,Marca Externa,BINNEY Y SMITH MEXICO,1,57.67,66.9,12.19,0.2113,57.67,1,1,2026-01-01,57.67
50015510,T039,2026-04,ARTICULOS ESCOLARES,CRAYONES,CRAYONES,CRAYOLA,Marca Externa,BINNEY Y SMITH MEXICO,1,57.67,66.9,12.06,0.2091,57.67,1,1,2026-04-01,57.67
50015510,T041,2024-07,ARTICULOS ESCOLARES,CRAYONES,CRAYONES,CRAYOLA,Marca Externa,BINNEY Y SMITH MEXICO,1,43.89,50.91,6.76,0.154,57.67,1,1,2024-07-01,43.89
50015510,T043,2024-07,ARTICULOS ESCOLARES,CRAYONES,CRAYONES,CRAYOLA,Marca Externa,BINNEY Y SMITH MEXICO,1,55.46,59.9,12.44,0.2243,57.67,1,1,2024-07-01,55.46
50015510,T046,2024-02,ARTICULOS ESCOLARES,CRAYONES,CRAYONES,CRAYOLA,Marca Externa,BINNEY Y SMITH MEXICO,1,53.24,57.5,12.21,0.2293,57.67,1,1,2024-02-01,53.24
50015510,T047,2025-07,ARTICULOS ESCOLARES,CRAYONES,CRAYONES,CRAYOLA,Marca Externa,BINNEY Y SMITH MEXICO,2,115.34,133.8,24.57,0.213,57.67,1,1,2025-07-01,57.67
50015510,T052,2024-01,ARTICULOS ESCOLARES,CRAYONES,CRAYONES,CRAYOLA,Marca Externa,BINNEY Y SMITH MEXICO,1,37.17,43.12,4.14,0.1114,57.67,1,1,2024-01-01,37.17
50015510,T052,2024-07,ARTICULOS ESCOLARES,CRAYONES,CRAYONES,CRAYOLA,Marca Externa,BINNEY Y SMITH MEXICO,1,51.64,59.9,10.58,0.2048,57.67,1,1,2024-07-01,51.64
50015510,T053,2024-06,ARTICULOS ESCOLARES,CRAYONES,CRAYONES,CRAYOLA,Marca Externa,BINNEY Y SMITH MEXICO,1,49.57,57.5,9.65,0.1947,57.67,1,1,2024-06-01,49.57
50015510,T070,2025-08,ARTICULOS ESCOLARES,CRAYONES,CRAYONES,CRAYOLA,Marca Externa,BINNEY Y SMITH MEXICO,1,57.67,66.9,12.04,0.2088,57.67,1,1,2025-08-01,57.67
50015510,T076,2024-10,ARTICULOS ESCOLARES,CRAYONES,CRAYONES,CRAYOLA,Marca Externa,BINNEY Y SMITH MEXICO,1,51.64,59.9,10.45,0.2024,57.67,1,1,2024-10-01,51.64
50015510,T077,2024-07,ARTICULOS ESCOLARES,CRAYONES,CRAYONES,CRAYOLA,Marca Externa,BINNEY Y SMITH MEXICO,1,51.64,59.9,10.48,0.203,57.67,1,1,2024-07-01,51.64
50015528,T001,2024-11,ARTICULOS ESCOLARES,CRAYONES,CRAYONES JUMBO,CRAYOLA,Marca Externa,BINNEY Y SMITH MEXICO,2,97.41,113.0,18.14,0.1863,48.71,1,1,2024-11-01,48.705
50015528,T002,2026-02,ARTICULOS ESCOLARES,CRAYONES,CRAYONES JUMBO,CRAYOLA,Marca Externa,BINNEY Y SMITH MEXICO,1,57.67,66.9,12.39,0.2148,48.71,1,1,2026-02-01,57.67
50015528,T005,2024-08,ARTICULOS ESCOLARES,CRAYONES,CRAYONES JUMBO,CRAYOLA,Marca Externa,BINNEY Y SMITH MEXICO,1,34.09,39.55,2.01,0.059,48.71,1,1,2024-08-01,34.09
50015528,T005,2025-08,ARTICULOS ESCOLARES,CRAYONES,CRAYONES JUMBO,CRAYOLA,Marca Externa,BINNEY Y SMITH MEXICO,1,40.37,46.83,3.78,0.0936,48.71,1,1,2025-08-01,40.37
50015528,T010,2025-07,ARTICULOS ESCOLARES,CRAYONES,CRAYONES JUMBO,CRAYOLA,Marca Externa,BINNEY Y SMITH MEXICO,1,57.67,66.9,12.66,0.2194,48.71,1,1,2025-07-01,57.67
50015528,T018,2024-11,ARTICULOS ESCOLARES,CRAYONES,CRAYONES JUMBO,CRAYOLA,Marca Externa,BINNEY Y SMITH MEXICO,1,48.71,56.5,9.23,0.1895,48.71,1,1,2024-11-01,48.71
50015528,T022,2025-05,ARTICULOS ESCOLARES,CRAYONES,CRAYONES JUMBO,CRAYOLA,Marca Externa,BINNEY Y SMITH MEXICO,1,51.64,59.9,9.43,0.1826,48.71,1,1,2025-05-01,51.64
50015528,T038,2024-07,ARTICULOS ESCOLARES,CRAYONES,CRAYONES JUMBO,CRAYOLA,Marca Externa,BINNEY Y SMITH MEXICO,1,48.71,56.5,9.37,0.1924,48.71,1,1,2024-07-01,48.71
50015528,T043,2025-09,ARTICULOS ESCOLARES,CRAYONES,CRAYONES JUMBO,CRAYOLA,Marca Externa,BINNEY Y SMITH MEXICO,1,61.94,66.9,14.56,0.235,48.71,1,1,2025-09-01,61.94
50015528,T052,2024-08,ARTICULOS ESCOLARES,CRAYONES,CRAYONES JUMBO,CRAYOLA,Marca Externa,BINNEY Y SMITH MEXICO,1,48.71,56.5,9.23,0.1895,48.71,1,1,2024-08-01,48.71
50015528,T053,2024-07,ARTICULOS ESCOLARES,CRAYONES,CRAYONES JUMBO,CRAYOLA,Marca Externa,BINNEY Y SMITH MEXICO,1,48.71,56.5,9.42,0.1934,48.71,1,1,2024-07-01,48.71
50015528,T058,2024-09,ARTICULOS ESCOLARES,CRAYONES,CRAYONES JUMBO,CRAYOLA,Marca Externa,BINNEY Y SMITH MEXICO,1,48.71,56.5,9.31,0.1911,48.71,1,1,2024-09-01,48.71
50015528,T065,2024-07,ARTICULOS ESCOLARES,CRAYONES,CRAYONES JUMBO,CRAYOLA,Marca Externa,BINNEY Y SMITH MEXICO,1,48.71,56.5,9.39,0.1929,48.71,1,1,2024-07-01,48.71
50015528,T069,2024-02,ARTICULOS ESCOLARES,CRAYONES,CRAYONES JUMBO,CRAYOLA,Marca Externa,BINNEY Y SMITH MEXICO,1,48.71,56.5,10.04,0.206,48.71,1,1,2024-02-01,48.71
50015528,T069,2026-04,ARTICULOS ESCOLARES,CRAYONES,CRAYONES JUMBO,CRAYOLA,Marca Externa,BINNEY Y SMITH MEXICO,1,57.67,66.9,12.23,0.2121,48.71,1,1,2026-04-01,57.67
50015528,T071,2024-08,ARTICULOS ESCOLARES,CRAYONES,CRAYONES JUMBO,CRAYOLA,Marca Externa,BINNEY Y SMITH MEXICO,1,34.09,39.55,2.02,0.0593,48.71,1,1,2024-08-01,34.09
50015528,T072,2025-02,ARTICULOS ESCOLARES,CRAYONES,CRAYONES JUMBO,CRAYOLA,Marca Externa,BINNEY Y SMITH MEXICO,1,48.71,56.5,9.1,0.1868,48.71,1,1,2025-02-01,48.71
50015528,T079,2024-10,ARTICULOS ESCOLARES,CRAYONES,CRAYONES JUMBO,CRAYOLA,Marca Externa,BINNEY Y SMITH MEXICO,1,48.71,56.5,9.16,0.1879,48.71,1,1,2024-10-01,48.71
50015529,T015,2025-01,ARTICULOS ESCOLARES,CRAYONES,CRAYONES JUMBO,CRAYOLA,Marca Externa,BINNEY Y SMITH MEXICO,1,93.97,109.0,17.93,0.1909,93.97,1,1,2025-01-01,93.97
50015529,T028,2025-02,ARTICULOS ESCOLARES,CRAYONES,CRAYONES JUMBO,CRAYOLA,Marca Externa,BINNEY Y SMITH MEXICO,1,93.97,109.0,18.22,0.1939,93.97,1,1,2025-02-01,93.97
50015529,T036,2024-12,ARTICULOS ESCOLARES,CRAYONES,CRAYONES JUMBO,CRAYOLA,Marca Externa,BINNEY Y SMITH MEXICO,1,93.97,109.0,19.36,0.2061,93.97,1,1,2024-12-01,93.97
50015529,T046,2024-01,ARTICULOS ESCOLARES,CRAYONES,CRAYONES JUMBO,CRAYOLA,Marca Externa,BINNEY Y SMITH MEXICO,1,100.93,109.0,23.15,0.2293,93.97,1,1,2024-01-01,100.93
50015529,T057,2024-12,ARTICULOS ESCOLARES,CRAYONES,CRAYONES JUMBO,CRAYOLA,Marca Externa,BINNEY Y SMITH MEXICO,1,100.93,109.0,21.3,0.211,93.97,1,1,2024-12-01,100.93
50015529,T061,2025-08,ARTICULOS ESCOLARES,CRAYONES,CRAYONES JUMBO,CRAYOLA,Marca Externa,BINNEY Y SMITH MEXICO,1,119.44,129.0,29.05,0.2432,93.97,1,1,2025-08-01,119.44
50015529,T064,2025-08,ARTICULOS ESCOLARES,CRAYONES,CRAYONES JUMBO,CRAYOLA,Marca Externa,BINNEY Y SMITH MEXICO,1,77.84,90.3,7.31,0.0939,93.97,1,1,2025-08-01,77.84
50015529,T066,2025-04,ARTICULOS ESCOLARES,CRAYONES,CRAYONES JUMBO,CRAYOLA,Marca Externa,BINNEY Y SMITH MEXICO,1,102.59,119.0,20.19,0.1968,93.97,1,1,2025-04-01,102.59
50015529,T073,2024-08,ARTICULOS ESCOLARES,CRAYONES,CRAYONES JUMBO,CRAYOLA,Marca Externa,BINNEY Y SMITH MEXICO,1,65.78,76.3,4.18,0.0635,93.97,1,1,2024-08-01,65.78
50015529,T086,2024-01,ARTICULOS ESCOLARES,CRAYONES,CRAYONES JUMBO,CRAYOLA,Marca Externa,BINNEY Y SMITH MEXICO,1,93.97,109.0,20.07,0.2136,93.97,1,1,2024-01-01,93.97
50015530,T007,2025-10,ARTICULOS ESCOLARES,CRAYONES,CRAYONES JUMBO,CRAYOLA,Marca Externa,BINNEY Y SMITH MEXICO,1,145.69,169.0,31.57,0.2167,145.69,1,1,2025-10-01,145.69
50015530,T010,2024-12,ARTICULOS ESCOLARES,CRAYONES,CRAYONES JUMBO,CRAYOLA,Marca Externa,BINNEY Y SMITH MEXICO,1,128.45,149.0,26.05,0.2028,145.69,1,1,2024-12-01,128.45
50015530,T017,2025-06,ARTICULOS ESCOLARES,CRAYONES,CRAYONES JUMBO,CRAYOLA,Marca Externa,BINNEY Y SMITH MEXICO,1,116.55,135.2,16.34,0.1402,145.69,1,1,2025-06-01,116.55
50015530,T032,2024-08,ARTICULOS ESCOLARES,CRAYONES,CRAYONES JUMBO,CRAYOLA,Marca Externa,BINNEY Y SMITH MEXICO,1,128.45,149.0,25.52,0.1987,145.69,1,1,2024-08-01,128.45
50015530,T036,2024-09,ARTICULOS ESCOLARES,CRAYONES,CRAYONES JUMBO,CRAYOLA,Marca Externa,BINNEY Y SMITH MEXICO,1,128.45,149.0,26.63,0.2073,145.69,1,1,2024-09-01,128.45
50015530,T048,2025-03,ARTICULOS ESCOLARES,CRAYONES,CRAYONES JUMBO,CRAYOLA,Marca Externa,BINNEY Y SMITH MEXICO,1,128.45,149.0,25.34,0.1973,145.69,1,1,2025-03-01,128.45
50015530,T053,2024-11,ARTICULOS ESCOLARES,CRAYONES,CRAYONES JUMBO,CRAYOLA,Marca Externa,BINNEY Y SMITH MEXICO,1,122.03,141.55,22.15,0.1815,145.69,1,1,2024-11-01,122.03
50015530,T056,2025-08,ARTICULOS ESCOLARES,CRAYONES,CRAYONES JUMBO,CRAYOLA,Marca Externa,BINNEY Y SMITH MEXICO,1,145.69,169.0,32.02,0.2197,145.69,1,1,2025-08-01,145.69
50015530,T062,2024-06,ARTICULOS ESCOLARES,CRAYONES,CRAYONES JUMBO,CRAYOLA,Marca Externa,BINNEY Y SMITH MEXICO,1,128.45,149.0,25.53,0.1988,145.69,1,1,2024-06-01,128.45
50015530,T065,2024-02,ARTICULOS ESCOLARES,CRAYONES,CRAYONES JUMBO,CRAYOLA,Marca Externa,BINNEY Y SMITH MEXICO,1,119.83,139.0,23.24,0.1939,145.69,1,1,2024-02-01,119.83
50015530,T073,2024-08,ARTICULOS ESCOLARES,CRAYONES,CRAYONES JUMBO,CRAYOLA,Marca Externa,BINNEY Y SMITH MEXICO,1,89.91,104.3,6.11,0.068,145.69,1,1,2024-08-01,89.91
50015531,T019,2025-11,ARTICULOS ESCOLARES,CRAYONES,CRAYONES,CRAYOLA,Marca Externa,BINNEY Y SMITH MEXICO,1,18.02,20.9,4.96,0.2752,16.81,1,1,2025-11-01,18.02
50015531,T023,2025-08,ARTICULOS ESCOLARES,CRAYONES,CRAYONES,CRAYOLA,Marca Externa,BINNEY Y SMITH MEXICO,1,18.02,20.9,4.98,0.2766,16.81,1,1,2025-08-01,18.02
50015531,T035,2024-04,ARTICULOS ESCOLARES,CRAYONES,CRAYONES,CRAYOLA,Marca Externa,BINNEY Y SMITH MEXICO,1,16.81,19.5,4.65,0.2769,16.81,1,1,2024-04-01,16.81
50015531,T051,2025-12,ARTICULOS ESCOLARES,CRAYONES,CRAYONES,CRAYOLA,Marca Externa,BINNEY Y SMITH MEXICO,1,18.02,20.9,4.71,0.2611,16.81,1,1,2025-12-01,18.02
50015531,T056,2025-10,ARTICULOS ESCOLARES,CRAYONES,CRAYONES,CRAYOLA,Marca Externa,BINNEY Y SMITH MEXICO,1,18.02,20.9,5.04,0.2797,16.81,1,1,2025-10-01,18.02
50015531,T070,2024-03,ARTICULOS ESCOLARES,CRAYONES,CRAYONES,CRAYOLA,Marca Externa,BINNEY Y SMITH MEXICO,1,16.81,19.5,4.77,0.2841,16.81,1,1,2024-03-01,16.81
50015531,T077,2024-08,ARTICULOS ESCOLARES,CRAYONES,CRAYONES,CRAYOLA,Marca Externa,BINNEY Y SMITH MEXICO,1,11.77,13.65,2.04,0.1737,16.81,1,1,2024-08-01,11.77
50015531,T079,2025-10,ARTICULOS ESCOLARES,CRAYONES,CRAYONES,CRAYOLA,Marca Externa,BINNEY Y SMITH MEXICO,1,18.02,20.9,4.89,0.2716,16.81,1,1,2025-10-01,18.02
50015531,T079,2026-02,ARTICULOS ESCOLARES,CRAYONES,CRAYONES,CRAYOLA,Marca Externa,BINNEY Y SMITH MEXICO,2,36.04,41.8,9.54,0.2647,16.81,1,1,2026-02-01,18.02
50015531,T080,2024-01,ARTICULOS ESCOLARES,CRAYONES,CRAYONES,CRAYOLA,Marca Externa,BINNEY Y SMITH MEXICO,2,33.62,39.0,9.34,0.2778,16.81,1,1,2024-01-01,16.81
50019370,T005,2024-11,ARTICULOS ESCOLARES,PLUMAS Y LAPICEROS FINOS,REPUESTOS FINOS,ZEBRA,Marca Externa,ZEBRA MEXICO,1,48.71,56.5,9.44,0.1937,48.71,1,1,2024-11-01,48.71
50019370,T014,2024-04,ARTICULOS ESCOLARES,PLUMAS Y LAPICEROS FINOS,REPUESTOS FINOS,ZEBRA,Marca Externa,ZEBRA MEXICO,1,48.71,56.5,9.42,0.1933,48.71,1,1,2024-04-01,48.71
50019370,T020,2024-10,ARTICULOS ESCOLARES,PLUMAS Y LAPICEROS FINOS,REPUESTOS FINOS,ZEBRA,Marca Externa,ZEBRA MEXICO,1,48.71,56.5,9.42,0.1934,48.71,1,1,2024-10-01,48.71
50019370,T027,2024-11,ARTICULOS ESCOLARES,PLUMAS Y LAPICEROS FINOS,REPUESTOS FINOS,ZEBRA,Marca Externa,ZEBRA MEXICO,1,34.09,39.55,2.34,0.0688,48.71,1,1,2024-11-01,34.09
50019370,T037,2024-09,ARTICULOS ESCOLARES,PLUMAS Y LAPICEROS FINOS,REPUESTOS FINOS,ZEBRA,Marca Externa,ZEBRA MEXICO,1,48.71,56.5,9.55,0.1961,48.71,1,1,2024-09-01,48.71
50019370,T040,2024-09,ARTICULOS ESCOLARES,PLUMAS Y LAPICEROS FINOS,REPUESTOS FINOS,ZEBRA,Marca Externa,ZEBRA MEXICO,1,48.71,56.5,9.42,0.1933,48.71,1,1,2024-09-01,48.71
50023228,T001,2024-01,ARTICULOS ESCOLARES,MARCADORES,MARCADORES ESPECIALES,AZOR,Marca Externa,GRUPO AZOR MEXICO,1,55.95,64.9,9.33,0.1667,55.95,1,1,2024-01-01,55.95
50023228,T004,2025-12,ARTICULOS ESCOLARES,MARCADORES,MARCADORES ESPECIALES,AZOR,Marca Externa,GRUPO AZOR MEXICO,1,56.04,65.0,8.4,0.1499,55.95,1,1,2025-12-01,56.04
50023228,T006,2024-08,ARTICULOS ESCOLARES,MARCADORES,MARCADORES ESPECIALES,AZOR,Marca Externa,GRUPO AZOR MEXICO,1,55.95,64.9,9.33,0.1667,55.95,1,1,2024-08-01,55.95
50023228,T006,2025-03,ARTICULOS ESCOLARES,MARCADORES,MARCADORES ESPECIALES,AZOR,Marca Externa,GRUPO AZOR MEXICO,1,55.95,64.9,9.33,0.1667,55.95,1,1,2025-03-01,55.95
50023228,T006,2025-11,ARTICULOS ESCOLARES,MARCADORES,MARCADORES ESPECIALES,AZOR,Marca Externa,GRUPO AZOR MEXICO,1,56.04,65.0,8.43,0.1505,55.95,1,1,2025-11-01,56.04
50023228,T007,2024-02,ARTICULOS ESCOLARES,MARCADORES,MARCADORES ESPECIALES,AZOR,Marca Externa,GRUPO AZOR MEXICO,1,55.95,64.9,9.33,0.1667,55.95,1,1,2024-02-01,55.95
50023228,T007,2025-04,ARTICULOS ESCOLARES,MARCADORES,MARCADORES ESPECIALES,AZOR,Marca Externa,GRUPO AZOR MEXICO,1,55.17,64.0,8.18,0.1483,55.95,1,1,2025-04-01,55.17
50023228,T010,2024-04,ARTICULOS ESCOLARES,MARCADORES,MARCADORES ESPECIALES,AZOR,Marca Externa,GRUPO AZOR MEXICO,3,167.84,194.7,27.97,0.1666,55.95,1,1,2024-04-01,55.946666666666665
50023228,T012,2024-01,ARTICULOS ESCOLARES,MARCADORES,MARCADORES ESPECIALES,AZOR,Marca Externa,GRUPO AZOR MEXICO,1,55.95,64.9,9.33,0.1667,55.95,1,1,2024-01-01,55.95
50023228,T014,2024-11,ARTICULOS ESCOLARES,MARCADORES,MARCADORES ESPECIALES,AZOR,Marca Externa,GRUPO AZOR MEXICO,1,55.95,64.9,9.33,0.1667,55.95,1,1,2024-11-01,55.95
50023228,T017,2024-01,ARTICULOS ESCOLARES,MARCADORES,MARCADORES ESPECIALES,AZOR,Marca Externa,GRUPO AZOR MEXICO,1,55.95,64.9,9.33,0.1667,55.95,1,1,2024-01-01,55.95
50023228,T023,2024-01,ARTICULOS ESCOLARES,MARCADORES,MARCADORES ESPECIALES,AZOR,Marca Externa,GRUPO AZOR MEXICO,1,55.95,64.9,9.33,0.1667,55.95,1,1,2024-01-01,55.95
50023228,T028,2025-03,ARTICULOS ESCOLARES,MARCADORES,MARCADORES ESPECIALES,AZOR,Marca Externa,GRUPO AZOR MEXICO,1,55.95,64.9,9.33,0.1667,55.95,1,1,2025-03-01,55.95
50023228,T028,2026-04,ARTICULOS ESCOLARES,MARCADORES,MARCADORES ESPECIALES,AZOR,Marca Externa,GRUPO AZOR MEXICO,1,56.81,65.9,8.66,0.1523,55.95,1,1,2026-04-01,56.81
50023228,T031,2025-04,ARTICULOS ESCOLARES,MARCADORES,MARCADORES ESPECIALES,AZOR,Marca Externa,GRUPO AZOR MEXICO,1,55.17,64.0,8.94,0.162,55.95,1,1,2025-04-01,55.17
50023228,T033,2025-12,ARTICULOS ESCOLARES,MARCADORES,MARCADORES ESPECIALES,AZOR,Marca Externa,GRUPO AZOR MEXICO,1,56.81,65.9,8.66,0.1523,55.95,1,1,2025-12-01,56.81
50023228,T036,2024-04,ARTICULOS ESCOLARES,MARCADORES,MARCADORES ESPECIALES,AZOR,Marca Externa,GRUPO AZOR MEXICO,1,55.95,64.9,9.33,0.1667,55.95,1,1,2024-04-01,55.95
50023228,T037,2025-04,ARTICULOS ESCOLARES,MARCADORES,MARCADORES ESPECIALES,AZOR,Marca Externa,GRUPO AZOR MEXICO,1,55.17,64.0,8.13,0.1473,55.95,1,1,2025-04-01,55.17
50023228,T044,2024-01,ARTICULOS ESCOLARES,MARCADORES,MARCADORES ESPECIALES,AZOR,Marca Externa,GRUPO AZOR MEXICO,1,55.95,64.9,9.33,0.1667,55.95,1,1,2024-01-01,55.95
50023228,T047,2026-04,ARTICULOS ESCOLARES,MARCADORES,MARCADORES ESPECIALES,AZOR,Marca Externa,GRUPO AZOR MEXICO,1,56.81,65.9,8.67,0.1526,55.95,1,1,2026-04-01,56.81
50023228,T050,2024-04,ARTICULOS ESCOLARES,MARCADORES,MARCADORES ESPECIALES,AZOR,Marca Externa,GRUPO AZOR MEXICO,1,55.95,64.9,9.33,0.1667,55.95,1,1,2024-04-01,55.95
50023228,T054,2024-06,ARTICULOS ESCOLARES,MARCADORES,MARCADORES ESPECIALES,AZOR,Marca Externa,GRUPO AZOR MEXICO,1,55.95,64.9,9.33,0.1667,55.95,1,1,2024-06-01,55.95
50023228,T056,2024-03,ARTICULOS ESCOLARES,MARCADORES,MARCADORES ESPECIALES,AZOR,Marca Externa,GRUPO AZOR MEXICO,1,55.95,64.9,9.33,0.1667,55.95,1,1,2024-03-01,55.95
50023228,T057,2024-12,ARTICULOS ESCOLARES,MARCADORES,MARCADORES ESPECIALES,AZOR,Marca Externa,GRUPO AZOR MEXICO,1,60.09,64.9,11.4,0.1896,55.95,1,1,2024-12-01,60.09
50023228,T062,2024-09,ARTICULOS ESCOLARES,MARCADORES,MARCADORES ESPECIALES,AZOR,Marca Externa,GRUPO AZOR MEXICO,1,55.95,64.9,9.33,0.1667,55.95,1,1,2024-09-01,55.95
50023228,T079,2024-09,ARTICULOS ESCOLARES,MARCADORES,MARCADORES ESPECIALES,AZOR,Marca Externa,GRUPO AZOR MEXICO,1,55.95,64.9,9.33,0.1667,55.95,1,1,2024-09-01,55.95
50023228,T081,2025-12,ARTICULOS ESCOLARES,MARCADORES,MARCADORES ESPECIALES,AZOR,Marca Externa,GRUPO AZOR MEXICO,1,56.04,65.0,8.27,0.1477,55.95,1,1,2025-12-01,56.04
50023228,T085,2024-05,ARTICULOS ESCOLARES,MARCADORES,MARCADORES ESPECIALES,AZOR,Marca Externa,GRUPO AZOR MEXICO,1,55.95,64.9,9.33,0.1667,55.95,1,1,2024-05-01,55.95
50023228,T085,2025-01,ARTICULOS ESCOLARES,MARCADORES,MARCADORES ESPECIALES,AZOR,Marca Externa,GRUPO AZOR MEXICO,1,55.95,64.9,9.33,0.1667,55.95,1,1,2025-01-01,55.95
50024572,T001,2024-09,ARTICULOS ESCOLARES,BLOCKS,BLOCKS CARTA,,Marca Externa,BIO PAPPEL SCRIBE,1,75.78,87.9,18.12,0.2391,75.78,1,1,2024-09-01,75.78
50024572,T011,2025-10,ARTICULOS ESCOLARES,BLOCKS,BLOCKS CARTA,SCRIBE,Marca Externa,BIO PAPPEL SCRIBE,1,75.78,87.9,7.03,0.0928,75.78,1,1,2025-10-01,75.78
50024572,T017,2024-08,ARTICULOS ESCOLARES,BLOCKS,BLOCKS CARTA,SCRIBE,Marca Externa,BIO PAPPEL SCRIBE,1,60.62,70.32,11.36,0.1874,75.78,1,1,2024-08-01,60.62
50024572,T017,2024-08,ARTICULOS ESCOLARES,BLOCKS,BLOCKS CARTA,,Marca Externa,BIO PAPPEL SCRIBE,1,75.78,87.9,18.94,0.2499,75.78,1,1,2024-08-01,75.78
50024572,T023,2024-08,ARTICULOS ESCOLARES,BLOCKS,BLOCKS CARTA,SCRIBE,Marca Externa,BIO PAPPEL SCRIBE,1,75.78,87.9,19.39,0.2559,75.78,1,1,2024-08-01,75.78
50024572,T033,2024-08,ARTICULOS ESCOLARES,BLOCKS,BLOCKS CARTA,SCRIBE,Marca Externa,BIO PAPPEL SCRIBE,1,75.78,87.9,18.44,0.2433,75.78,1,1,2024-08-01,75.78
50024572,T033,2025-12,ARTICULOS ESCOLARES,BLOCKS,BLOCKS CARTA,SCRIBE,Marca Externa,BIO PAPPEL SCRIBE,1,75.78,87.9,15.61,0.2059,75.78,1,1,2025-12-01,75.78
50024572,T044,2024-09,ARTICULOS ESCOLARES,BLOCKS,BLOCKS CARTA,,Marca Externa,BIO PAPPEL SCRIBE,1,75.78,87.9,18.14,0.2394,75.78,1,1,2024-09-01,75.78
50024572,T044,2026-04,ARTICULOS ESCOLARES,BLOCKS,BLOCKS CARTA,,Marca Externa,BIO PAPPEL SCRIBE,1,75.78,87.9,24.34,0.3213,75.78,1,1,2026-04-01,75.78
50024572,T050,2024-01,ARTICULOS ESCOLARES,BLOCKS,BLOCKS CARTA,,Marca Externa,BIO PAPPEL SCRIBE,1,75.78,87.9,16.21,0.2138,75.78,1,1,2024-01-01,75.78
50024572,T051,2024-09,ARTICULOS ESCOLARES,BLOCKS,BLOCKS CARTA,SCRIBE,Marca Externa,BIO PAPPEL SCRIBE,1,75.78,87.9,18.06,0.2383,75.78,1,1,2024-09-01,75.78
50024572,T051,2025-09,ARTICULOS ESCOLARES,BLOCKS,BLOCKS CARTA,SCRIBE,Marca Externa,BIO PAPPEL SCRIBE,1,75.78,87.9,19.0,0.2507,75.78,1,1,2025-09-01,75.78
50024572,T054,2025-08,ARTICULOS ESCOLARES,BLOCKS,BLOCKS CARTA,SCRIBE,Marca Externa,BIO PAPPEL SCRIBE,1,75.78,87.9,19.33,0.2551,75.78,1,1,2025-08-01,75.78
50024572,T055,2025-08,ARTICULOS ESCOLARES,BLOCKS,BLOCKS CARTA,,Marca Externa,BIO PAPPEL SCRIBE,1,53.04,61.53,6.5,0.1226,75.78,1,1,2025-08-01,53.04
50024572,T058,2025-07,ARTICULOS ESCOLARES,BLOCKS,BLOCKS CARTA,SCRIBE,Marca Externa,BIO PAPPEL SCRIBE,1,75.78,87.9,19.33,0.2551,75.78,1,1,2025-07-01,75.78
50024572,T059,2026-02,ARTICULOS ESCOLARES,BLOCKS,BLOCKS CARTA,SCRIBE,Marca Externa,BIO PAPPEL SCRIBE,1,75.78,87.9,12.84,0.1694,75.78,1,1,2026-02-01,75.78
50024572,T064,2024-08,ARTICULOS ESCOLARES,BLOCKS,BLOCKS CARTA,SCRIBE,Marca Externa,BIO PAPPEL SCRIBE,1,53.04,61.53,6.86,0.1294,75.78,1,1,2024-08-01,53.04
50024572,T071,2024-01,ARTICULOS ESCOLARES,BLOCKS,BLOCKS CARTA,SCRIBE,Marca Externa,BIO PAPPEL SCRIBE,1,75.78,87.9,16.34,0.2156,75.78,1,1,2024-01-01,75.78
50024572,T072,2024-01,ARTICULOS ESCOLARES,BLOCKS,BLOCKS CARTA,SCRIBE,Marca Externa,BIO PAPPEL SCRIBE,1,75.78,87.9,16.21,0.2139,75.78,1,1,2024-01-01,75.78
50024572,T073,2024-09,ARTICULOS ESCOLARES,BLOCKS,BLOCKS CARTA,SCRIBE,Marca Externa,BIO PAPPEL SCRIBE,1,75.78,87.9,17.58,0.232,75.78,1,1,2024-09-01,75.78
50024572,T075,2025-04,ARTICULOS ESCOLARES,BLOCKS,BLOCKS CARTA,SCRIBE,Marca Externa,BIO PAPPEL SCRIBE,1,75.78,87.9,17.57,0.2319,75.78,1,1,2025-04-01,75.78
50024572,T075,2026-03,ARTICULOS ESCOLARES,BLOCKS,BLOCKS CARTA,SCRIBE,Marca Externa,BIO PAPPEL SCRIBE,1,75.78,87.9,8.54,0.1127,75.78,1,1,2026-03-01,75.78
50024572,T079,2024-05,ARTICULOS ESCOLARES,BLOCKS,BLOCKS CARTA,SCRIBE,Marca Externa,BIO PAPPEL SCRIBE,1,75.78,87.9,18.09,0.2388,75.78,1,1,2024-05-01,75.78
50024572,T086,2025-09,ARTICULOS ESCOLARES,BLOCKS,BLOCKS CARTA,SCRIBE,Marca Externa,BIO PAPPEL SCRIBE,1,75.78,87.9,19.04,0.2512,75.78,1,1,2025-09-01,75.78
50024572,T086,2025-09,ARTICULOS ESCOLARES,BLOCKS,BLOCKS CARTA,,Marca Externa,BIO PAPPEL SCRIBE,1,53.04,61.53,7.67,0.1445,75.78,1,1,2025-09-01,53.04
50024572,T086,2026-03,ARTICULOS ESCOLARES,BLOCKS,BLOCKS CARTA,,Marca Externa,BIO PAPPEL SCRIBE,1,68.2,79.11,20.55,0.3014,75.78,1,1,2026-03-01,68.2
50024572,T087,2025-09,ARTICULOS ESCOLARES,BLOCKS,BLOCKS CARTA,,Marca Externa,BIO PAPPEL SCRIBE,1,75.78,87.9,19.29,0.2546,75.78,1,1,2025-09-01,75.78
50025024,T007,2025-08,ARTICULOS ESCOLARES,FLAUTAS,FLAUTAS,YAMAHA,Marca Externa,YAMAHA DE MEXICO,2,198.28,230.0,41.14,0.2075,99.14,1,1,2025-08-01,99.14
50025024,T010,2026-02,ARTICULOS ESCOLARES,FLAUTAS,FLAUTAS,YAMAHA,Marca Externa,YAMAHA DE MEXICO,1,99.14,115.0,20.57,0.2075,99.14,1,1,2026-02-01,99.14
50025024,T018,2024-07,ARTICULOS ESCOLARES,FLAUTAS,FLAUTAS,YAMAHA,Marca Externa,YAMAHA DE MEXICO,1,99.14,115.0,20.57,0.2075,99.14,1,1,2024-07-01,99.14
50025024,T018,2024-08,ARTICULOS ESCOLARES,FLAUTAS,FLAUTAS,YAMAHA,Marca Externa,YAMAHA DE MEXICO,1,99.14,115.0,20.57,0.2075,99.14,1,1,2024-08-01,99.14
50025024,T023,2024-06,ARTICULOS ESCOLARES,FLAUTAS,FLAUTAS,YAMAHA,Marca Externa,YAMAHA DE MEXICO,2,187.93,218.0,35.97,0.1914,99.14,1,1,2024-06-01,93.965
50025024,T035,2025-07,ARTICULOS ESCOLARES,FLAUTAS,FLAUTAS,YAMAHA,Marca Externa,YAMAHA DE MEXICO,1,69.4,80.5,5.7,0.0821,99.14,1,1,2025-07-01,69.4
50025024,T036,2025-12,ARTICULOS ESCOLARES,FLAUTAS,FLAUTAS,YAMAHA,Marca Externa,YAMAHA DE MEXICO,1,99.14,115.0,20.57,0.2075,99.14,1,1,2025-12-01,99.14
50025024,T042,2024-08,ARTICULOS ESCOLARES,FLAUTAS,FLAUTAS,YAMAHA,Marca Externa,YAMAHA DE MEXICO,2,198.28,230.0,41.14,0.2075,99.14,1,1,2024-08-01,99.14
50025024,T046,2025-04,ARTICULOS ESCOLARES,FLAUTAS,FLAUTAS,YAMAHA,Marca Externa,YAMAHA DE MEXICO,1,106.48,115.0,24.24,0.2276,99.14,1,1,2025-04-01,106.48
50025024,T048,2024-03,ARTICULOS ESCOLARES,FLAUTAS,FLAUTAS,YAMAHA,Marca Externa,YAMAHA DE MEXICO,1,93.97,109.0,17.98,0.1914,99.14,1,1,2024-03-01,93.97
50025024,T051,2024-02,ARTICULOS ESCOLARES,FLAUTAS,FLAUTAS,YAMAHA,Marca Externa,YAMAHA DE MEXICO,1,93.97,109.0,17.98,0.1914,99.14,1,1,2024-02-01,93.97
50025024,T054,2024-10,ARTICULOS ESCOLARES,FLAUTAS,FLAUTAS,YAMAHA,Marca Externa,YAMAHA DE MEXICO,1,99.14,115.0,20.57,0.2075,99.14,1,1,2024-10-01,99.14
50025024,T057,2024-11,ARTICULOS ESCOLARES,FLAUTAS,FLAUTAS,YAMAHA,Marca Externa,YAMAHA DE MEXICO,1,106.48,115.0,24.24,0.2276,99.14,1,1,2024-11-01,106.48
50025024,T059,2024-08,ARTICULOS ESCOLARES,FLAUTAS,FLAUTAS,YAMAHA,Marca Externa,YAMAHA DE MEXICO,1,99.14,115.0,20.57,0.2075,99.14,1,1,2024-08-01,99.14
50025024,T060,2024-07,ARTICULOS ESCOLARES,FLAUTAS,FLAUTAS,YAMAHA,Marca Externa,YAMAHA DE MEXICO,1,99.14,115.0,20.57,0.2075,99.14,1,1,2024-07-01,99.14
50025024,T061,2024-01,ARTICULOS ESCOLARES,FLAUTAS,FLAUTAS,YAMAHA,Marca Externa,YAMAHA DE MEXICO,1,100.93,109.0,21.47,0.2127,99.14,1,1,2024-01-01,100.93
50025024,T062,2025-08,ARTICULOS ESCOLARES,FLAUTAS,FLAUTAS,YAMAHA,Marca Externa,YAMAHA DE MEXICO,1,99.14,115.0,20.57,0.2075,99.14,1,1,2025-08-01,99.14
50025024,T063,2025-08,ARTICULOS ESCOLARES,FLAUTAS,FLAUTAS,YAMAHA,Marca Externa,YAMAHA DE MEXICO,1,99.14,115.0,20.57,0.2075,99.14,1,1,2025-08-01,99.14
50025024,T069,2025-05,ARTICULOS ESCOLARES,FLAUTAS,FLAUTAS,YAMAHA,Marca Externa,YAMAHA DE MEXICO,1,99.14,115.0,20.57,0.2075,99.14,1,1,2025-05-01,99.14
50025024,T073,2024-08,ARTICULOS ESCOLARES,FLAUTAS,FLAUTAS,YAMAHA,Marca Externa,YAMAHA DE MEXICO,1,69.4,80.5,5.7,0.0821,99.14,1,1,2024-08-01,69.4
50025024,T080,2025-07,ARTICULOS ESCOLARES,FLAUTAS,FLAUTAS,YAMAHA,Marca Externa,YAMAHA DE MEXICO,1,69.4,80.5,5.7,0.0821,99.14,1,1,2025-07-01,69.4
50027363,T001,2024-08,ARTICULOS ESCOLARES,BLOCKS,BLOCKS ESQUELA,SCRIBE,Marca Externa,BIO PAPPEL SCRIBE,3,117.67,136.5,24.11,0.2049,39.22,1,1,2024-08-01,39.223333333333336
50027363,T004,2024-03,ARTICULOS ESCOLARES,BLOCKS,BLOCKS ESQUELA,,Marca Externa,BIO PAPPEL SCRIBE,30,1176.72,1365.0,182.46,0.1551,39.22,1,1,2024-03-01,39.224000000000004
50027363,T005,2025-12,ARTICULOS ESCOLARES,BLOCKS,BLOCKS ESQUELA,SCRIBE,Marca Externa,BIO PAPPEL SCRIBE,10,394.91,458.1,82.91,0.2099,39.22,1,1,2025-12-01,39.491
50027363,T007,2024-04,ARTICULOS ESCOLARES,BLOCKS,BLOCKS ESQUELA,,Marca Externa,BIO PAPPEL SCRIBE,12,470.69,546.0,73.1,0.1553,39.22,1,1,2024-04-01,39.22416666666667
50027363,T007,2025-08,ARTICULOS ESCOLARES,BLOCKS,BLOCKS ESQUELA,SCRIBE,Marca Externa,BIO PAPPEL SCRIBE,1,43.88,50.9,10.38,0.2367,39.22,1,1,2025-08-01,43.88
50027363,T008,2024-12,ARTICULOS ESCOLARES,BLOCKS,BLOCKS ESQUELA,SCRIBE,Marca Externa,BIO PAPPEL SCRIBE,1,39.22,45.5,6.95,0.1772,39.22,1,1,2024-12-01,39.22
50027363,T010,2025-07,ARTICULOS ESCOLARES,BLOCKS,BLOCKS ESQUELA,SCRIBE,Marca Externa,BIO PAPPEL SCRIBE,1,43.88,50.9,9.38,0.2138,39.22,1,1,2025-07-01,43.88
50027363,T011,2024-04,ARTICULOS ESCOLARES,BLOCKS,BLOCKS ESQUELA,SCRIBE,Marca Externa,BIO PAPPEL SCRIBE,1,39.22,45.5,7.67,0.1957,39.22,1,1,2024-04-01,39.22
50027363,T012,2024-12,ARTICULOS ESCOLARES,BLOCKS,BLOCKS ESQUELA,SCRIBE,Marca Externa,BIO PAPPEL SCRIBE,1,39.22,45.5,7.98,0.2035,39.22,1,1,2024-12-01,39.22
50027363,T012,2025-07,ARTICULOS ESCOLARES,BLOCKS,BLOCKS ESQUELA,SCRIBE,Marca Externa,BIO PAPPEL SCRIBE,1,43.88,50.9,10.44,0.238,39.22,1,1,2025-07-01,43.88
50027363,T015,2024-08,ARTICULOS ESCOLARES,BLOCKS,BLOCKS ESQUELA,,Marca Externa,BIO PAPPEL SCRIBE,1,39.22,45.5,7.23,0.1845,39.22,1,1,2024-08-01,39.22
50027363,T016,2024-10,ARTICULOS ESCOLARES,BLOCKS,BLOCKS ESQUELA,,Marca Externa,BIO PAPPEL SCRIBE,1,39.22,45.5,7.41,0.1891,39.22,1,1,2024-10-01,39.22
50027363,T017,2024-11,ARTICULOS ESCOLARES,BLOCKS,BLOCKS ESQUELA,SCRIBE,Marca Externa,BIO PAPPEL SCRIBE,1,39.22,45.5,7.08,0.1805,39.22,1,1,2024-11-01,39.22
50027363,T018,2024-05,ARTICULOS ESCOLARES,BLOCKS,BLOCKS ESQUELA,,Marca Externa,BIO PAPPEL SCRIBE,1,39.22,45.5,7.37,0.1878,39.22,1,1,2024-05-01,39.22
50027363,T018,2025-05,ARTICULOS ESCOLARES,BLOCKS,BLOCKS ESQUELA,SCRIBE,Marca Externa,BIO PAPPEL SCRIBE,1,39.22,45.5,7.37,0.1878,39.22,1,1,2025-05-01,39.22
50027363,T019,2024-08,ARTICULOS ESCOLARES,BLOCKS,BLOCKS ESQUELA,SCRIBE,Marca Externa,BIO PAPPEL SCRIBE,12,470.69,546.0,95.54,0.203,39.22,1,1,2024-08-01,39.22416666666667
50027363,T020,2025-01,ARTICULOS ESCOLARES,BLOCKS,BLOCKS ESQUELA,SCRIBE,Marca Externa,BIO PAPPEL SCRIBE,1,39.22,45.5,7.85,0.2002,39.22,1,1,2025-01-01,39.22
50027363,T023,2025-01,ARTICULOS ESCOLARES,BLOCKS,BLOCKS ESQUELA,,Marca Externa,BIO PAPPEL SCRIBE,1,39.22,45.5,7.97,0.2032,39.22,1,1,2025-01-01,39.22
50027363,T023,2025-10,ARTICULOS ESCOLARES,BLOCKS,BLOCKS ESQUELA,SCRIBE,Marca Externa,BIO PAPPEL SCRIBE,1,43.88,50.9,10.45,0.2381,39.22,1,1,2025-10-01,43.88
50027363,T025,2025-10,ARTICULOS ESCOLARES,BLOCKS,BLOCKS ESQUELA,SCRIBE,Marca Externa,BIO PAPPEL SCRIBE,2,87.76,101.8,20.85,0.2376,39.22,1,1,2025-10-01,43.88
50027363,T030,2025-03,ARTICULOS ESCOLARES,BLOCKS,BLOCKS ESQUELA,SCRIBE,Marca Externa,BIO PAPPEL SCRIBE,1,39.22,45.5,7.07,0.1803,39.22,1,1,2025-03-01,39.22
50027363,T036,2025-06,ARTICULOS ESCOLARES,BLOCKS,BLOCKS ESQUELA,,Marca Externa,BIO PAPPEL SCRIBE,1,43.88,50.9,9.37,0.2137,39.22,1,1,2025-06-01,43.88
50027363,T036,2026-03,ARTICULOS ESCOLARES,BLOCKS,BLOCKS ESQUELA,SCRIBE,Marca Externa,BIO PAPPEL SCRIBE,1,43.88,50.9,10.49,0.2391,39.22,1,1,2026-03-01,43.88
50027363,T038,2024-08,ARTICULOS ESCOLARES,BLOCKS,BLOCKS ESQUELA,,Marca Externa,BIO PAPPEL SCRIBE,1,31.38,36.4,3.24,0.1033,39.22,1,1,2024-08-01,31.38
50027363,T041,2025-04,ARTICULOS ESCOLARES,BLOCKS,BLOCKS ESQUELA,SCRIBE,Marca Externa,BIO PAPPEL SCRIBE,1,39.22,45.5,7.93,0.2023,39.22,1,1,2025-04-01,39.22
50027363,T041,2025-08,ARTICULOS ESCOLARES,BLOCKS,BLOCKS ESQUELA,,Marca Externa,BIO PAPPEL SCRIBE,1,43.88,50.9,10.44,0.2379,39.22,1,1,2025-08-01,43.88
50027363,T043,2025-08,ARTICULOS ESCOLARES,BLOCKS,BLOCKS ESQUELA,,Marca Externa,BIO PAPPEL SCRIBE,1,47.13,50.9,12.07,0.2561,39.22,1,1,2025-08-01,47.13
50027363,T047,2025-03,ARTICULOS ESCOLARES,BLOCKS,BLOCKS ESQUELA,,Marca Externa,BIO PAPPEL SCRIBE,1,39.22,45.5,7.82,0.1993,39.22,1,1,2025-03-01,39.22
50027363,T047,2026-01,ARTICULOS ESCOLARES,BLOCKS,BLOCKS ESQUELA,,Marca Externa,BIO PAPPEL SCRIBE,1,43.88,50.9,10.39,0.2368,39.22,1,1,2026-01-01,43.88
50027363,T048,2024-01,ARTICULOS ESCOLARES,BLOCKS,BLOCKS ESQUELA,,Marca Externa,BIO PAPPEL SCRIBE,1,39.22,45.5,6.21,0.1585,39.22,1,1,2024-01-01,39.22
50027363,T048,2024-05,ARTICULOS ESCOLARES,BLOCKS,BLOCKS ESQUELA,,Marca Externa,BIO PAPPEL SCRIBE,1,39.22,45.5,7.85,0.2003,39.22,1,1,2024-05-01,39.22
50027363,T049,2026-04,ARTICULOS ESCOLARES,BLOCKS,BLOCKS ESQUELA,SCRIBE,Marca Externa,BIO PAPPEL SCRIBE,1,43.88,50.9,10.02,0.2284,39.22,1,1,2026-04-01,43.88
50027363,T056,2024-08,ARTICULOS ESCOLARES,BLOCKS,BLOCKS ESQUELA,,Marca Externa,BIO PAPPEL SCRIBE,1,39.22,45.5,7.95,0.2027,39.22,1,1,2024-08-01,39.22
50027363,T064,2025-11,ARTICULOS ESCOLARES,BLOCKS,BLOCKS ESQUELA,,Marca Externa,BIO PAPPEL SCRIBE,1,43.88,50.9,10.42,0.2375,39.22,1,1,2025-11-01,43.88
50027363,T065,2025-09,ARTICULOS ESCOLARES,BLOCKS,BLOCKS ESQUELA,,Marca Externa,BIO PAPPEL SCRIBE,1,43.88,50.9,10.24,0.2335,39.22,1,1,2025-09-01,43.88
50027363,T066,2025-03,ARTICULOS ESCOLARES,BLOCKS,BLOCKS ESQUELA,SCRIBE,Marca Externa,BIO PAPPEL SCRIBE,1,39.22,45.5,7.05,0.1798,39.22,1,1,2025-03-01,39.22
50027363,T069,2024-06,ARTICULOS ESCOLARES,BLOCKS,BLOCKS ESQUELA,,Marca Externa,BIO PAPPEL SCRIBE,1,39.22,45.5,7.22,0.184,39.22,1,1,2024-06-01,39.22
50027363,T072,2024-08,ARTICULOS ESCOLARES,BLOCKS,BLOCKS ESQUELA,SCRIBE,Marca Externa,BIO PAPPEL SCRIBE,1,39.22,45.5,7.16,0.1827,39.22,1,1,2024-08-01,39.22
50027363,T072,2025-04,ARTICULOS ESCOLARES,BLOCKS,BLOCKS ESQUELA,SCRIBE,Marca Externa,BIO PAPPEL SCRIBE,1,39.22,45.5,7.89,0.2013,39.22,1,1,2025-04-01,39.22
50027363,T076,2024-12,ARTICULOS ESCOLARES,BLOCKS,BLOCKS ESQUELA,SCRIBE,Marca Externa,BIO PAPPEL SCRIBE,1,39.22,45.5,7.99,0.2037,39.22,1,1,2024-12-01,39.22
50027363,T081,2026-01,ARTICULOS ESCOLARES,BLOCKS,BLOCKS ESQUELA,,Marca Externa,BIO PAPPEL SCRIBE,1,43.88,50.9,9.49,0.2163,39.22,1,1,2026-01-01,43.88
50027363,T086,2025-03,ARTICULOS ESCOLARES,BLOCKS,BLOCKS ESQUELA,,Marca Externa,BIO PAPPEL SCRIBE,1,39.22,45.5,7.93,0.2022,39.22,1,1,2025-03-01,39.22
50027363,T087,2025-01,ARTICULOS ESCOLARES,BLOCKS,BLOCKS ESQUELA,SCRIBE,Marca Externa,BIO PAPPEL SCRIBE,1,39.22,45.5,7.99,0.2039,39.22,1,1,2025-01-01,39.22
50031706,T008,2024-05,ARTICULOS ESCOLARES,PLUMAS Y LAPICEROS FINOS,PLUMAS FUENTE,PILOT,Marca Externa,"PILOT PEN DE MEXICO,",1,71.12,82.5,15.7,0.2207,71.12,1,1,2024-05-01,71.12
50031706,T018,2025-08,ARTICULOS ESCOLARES,PLUMAS Y LAPICEROS FINOS,PLUMAS FUENTE,PILOT,Marca Externa,"PILOT PEN DE MEXICO,",2,142.24,165.0,31.29,0.22,71.12,1,1,2025-08-01,71.12
50031706,T022,2024-11,ARTICULOS ESCOLARES,PLUMAS Y LAPICEROS FINOS,PLUMAS FUENTE,PILOT,Marca Externa,"PILOT PEN DE MEXICO,",1,71.12,82.5,15.65,0.22,71.12,1,1,2024-11-01,71.12
50031706,T027,2025-10,ARTICULOS ESCOLARES,PLUMAS Y LAPICEROS FINOS,PLUMAS FUENTE,PILOT,Marca Externa,"PILOT PEN DE MEXICO,",1,71.12,82.5,15.65,0.22,71.12,1,1,2025-10-01,71.12
50031706,T030,2025-03,ARTICULOS ESCOLARES,PLUMAS Y LAPICEROS FINOS,PLUMAS FUENTE,PILOT,Marca Externa,"PILOT PEN DE MEXICO,",1,71.12,82.5,15.65,0.22,71.12,1,1,2025-03-01,71.12
50031706,T034,2025-12,ARTICULOS ESCOLARES,PLUMAS Y LAPICEROS FINOS,PLUMAS FUENTE,PILOT,Marca Externa,"PILOT PEN DE MEXICO,",1,71.12,82.5,15.65,0.22,71.12,1,1,2025-12-01,71.12
50031706,T034,2026-04,ARTICULOS ESCOLARES,PLUMAS Y LAPICEROS FINOS,PLUMAS FUENTE,PILOT,Marca Externa,"PILOT PEN DE MEXICO,",1,79.22,91.9,18.19,0.2296,71.12,1,1,2026-04-01,79.22
50031706,T037,2024-01,ARTICULOS ESCOLARES,PLUMAS Y LAPICEROS FINOS,PLUMAS FUENTE,PILOT,Marca Externa,"PILOT PEN DE MEXICO,",1,71.12,82.5,15.7,0.2207,71.12,1,1,2024-01-01,71.12
50031706,T044,2025-06,ARTICULOS ESCOLARES,PLUMAS Y LAPICEROS FINOS,PLUMAS FUENTE,PILOT,Marca Externa,"PILOT PEN DE MEXICO,",1,71.12,82.5,15.65,0.22,71.12,1,1,2025-06-01,71.12
50031706,T049,2025-11,ARTICULOS ESCOLARES,PLUMAS Y LAPICEROS FINOS,PLUMAS FUENTE,PILOT,Marca Externa,"PILOT PEN DE MEXICO,",1,71.12,82.5,15.65,0.22,71.12,1,1,2025-11-01,71.12
50031706,T050,2025-09,ARTICULOS ESCOLARES,PLUMAS Y LAPICEROS FINOS,PLUMAS FUENTE,PILOT,Marca Externa,"PILOT PEN DE MEXICO,",1,71.12,82.5,15.65,0.22,71.12,1,1,2025-09-01,71.12
50031706,T064,2024-11,ARTICULOS ESCOLARES,PLUMAS Y LAPICEROS FINOS,PLUMAS FUENTE,PILOT,Marca Externa,"PILOT PEN DE MEXICO,",2,142.24,165.0,31.34,0.2203,71.12,1,1,2024-11-01,71.12
50032970,T037,2024-01,ARTICULOS ESCOLARES,CRAYONES,CRAYONES,CRAYOLA,Marca Externa,BINNEY Y SMITH MEXICO,1,67.89,78.75,6.6,0.0972,111.21,1,1,2024-01-01,67.89
50032970,T078,2024-09,ARTICULOS ESCOLARES,CRAYONES,CRAYONES,CRAYOLA,Marca Externa,BINNEY Y SMITH MEXICO,1,79.31,92.0,13.04,0.1644,111.21,1,1,2024-09-01,79.31
50033976,T013,2026-02,ARTICULOS ESCOLARES,MARCADORES,MARCADORES DE CERA,DIXON,Marca Externa,DIXON COMERCIALIZADORA,1,49.05,56.9,9.9,0.2018,48.71,1,1,2026-02-01,49.05
50033976,T041,2024-05,ARTICULOS ESCOLARES,MARCADORES,MARCADORES DE CERA,DIXON,Marca Externa,DIXON COMERCIALIZADORA,1,48.71,56.5,9.84,0.202,48.71,1,1,2024-05-01,48.71
50033976,T049,2025-05,ARTICULOS ESCOLARES,MARCADORES,MARCADORES DE CERA,DIXON,Marca Externa,DIXON COMERCIALIZADORA,1,48.71,56.5,9.7,0.199,48.71,1,1,2025-05-01,48.71
50033976,T051,2024-07,ARTICULOS ESCOLARES,MARCADORES,MARCADORES DE CERA,DIXON,Marca Externa,DIXON COMERCIALIZADORA,1,48.71,56.5,10.62,0.218,48.71,1,1,2024-07-01,48.71
50033976,T054,2024-08,ARTICULOS ESCOLARES,MARCADORES,MARCADORES DE CERA,DIXON,Marca Externa,DIXON COMERCIALIZADORA,2,97.41,113.0,19.75,0.2028,48.71,1,1,2024-08-01,48.705
50033976,T061,2025-01,ARTICULOS ESCOLARES,MARCADORES,MARCADORES DE CERA,DIXON,Marca Externa,DIXON COMERCIALIZADORA,1,52.32,56.5,11.48,0.2195,48.71,1,1,2025-01-01,52.32
50033976,T076,2024-09,ARTICULOS ESCOLARES,MARCADORES,MARCADORES DE CERA,DIXON,Marca Externa,DIXON COMERCIALIZADORA,1,48.71,56.5,9.7,0.1991,48.71,1,1,2024-09-01,48.71
50033976,T077,2025-08,ARTICULOS ESCOLARES,MARCADORES,MARCADORES DE CERA,DIXON,Marca Externa,DIXON COMERCIALIZADORA,1,34.09,39.55,2.37,0.0695,48.71,1,1,2025-08-01,34.09
50033978,T001,2025-01,ARTICULOS ESCOLARES,MARCADORES,MARCADORES DE CERA,DIXON,Marca Externa,DIXON COMERCIALIZADORA,1,43.84,50.85,8.4,0.1915,48.71,1,1,2025-01-01,43.84
50033978,T004,2024-02,ARTICULOS ESCOLARES,MARCADORES,MARCADORES DE CERA,DIXON,Marca Externa,DIXON COMERCIALIZADORA,1,48.71,56.5,10.25,0.2103,48.71,1,1,2024-02-01,48.71
50033978,T005,2026-01,ARTICULOS ESCOLARES,MARCADORES,MARCADORES DE CERA,DIXON,Marca Externa,DIXON COMERCIALIZADORA,1,49.05,56.9,9.85,0.2008,48.71,1,1,2026-01-01,49.05
50033978,T010,2024-02,ARTICULOS ESCOLARES,MARCADORES,MARCADORES DE CERA,DIXON,Marca Externa,DIXON COMERCIALIZADORA,1,48.71,56.5,9.71,0.1993,48.71,1,1,2024-02-01,48.71
50033978,T010,2025-03,ARTICULOS ESCOLARES,MARCADORES,MARCADORES DE CERA,DIXON,Marca Externa,DIXON COMERCIALIZADORA,1,48.71,56.5,9.7,0.1991,48.71,1,1,2025-03-01,48.71
50033978,T014,2025-11,ARTICULOS ESCOLARES,MARCADORES,MARCADORES DE CERA,DIXON,Marca Externa,DIXON COMERCIALIZADORA,4,194.83,226.0,38.71,0.1987,48.71,1,1,2025-11-01,48.7075
50033978,T015,2025-05,ARTICULOS ESCOLARES,MARCADORES,MARCADORES DE CERA,DIXON,Marca Externa,DIXON COMERCIALIZADORA,1,48.71,56.5,9.68,0.1987,48.71,1,1,2025-05-01,48.71
50033978,T017,2025-12,ARTICULOS ESCOLARES,MARCADORES,MARCADORES DE CERA,DIXON,Marca Externa,DIXON COMERCIALIZADORA,1,48.71,56.5,9.68,0.1987,48.71,1,1,2025-12-01,48.71
50033978,T020,2026-04,ARTICULOS ESCOLARES,MARCADORES,MARCADORES DE CERA,DIXON,Marca Externa,DIXON COMERCIALIZADORA,1,51.64,59.9,11.14,0.2158,48.71,1,1,2026-04-01,51.64
50033978,T023,2025-06,ARTICULOS ESCOLARES,MARCADORES,MARCADORES DE CERA,DIXON,Marca Externa,DIXON COMERCIALIZADORA,1,48.71,56.5,9.72,0.1997,48.71,1,1,2025-06-01,48.71
50033978,T025,2025-05,ARTICULOS ESCOLARES,MARCADORES,MARCADORES DE CERA,DIXON,Marca Externa,DIXON COMERCIALIZADORA,4,194.83,226.0,38.72,0.1987,48.71,1,1,2025-05-01,48.7075
50033978,T030,2025-05,ARTICULOS ESCOLARES,MARCADORES,MARCADORES DE CERA,DIXON,Marca Externa,DIXON COMERCIALIZADORA,1,48.71,56.5,9.75,0.2001,48.71,1,1,2025-05-01,48.71
50033978,T031,2024-02,ARTICULOS ESCOLARES,MARCADORES,MARCADORES DE CERA,DIXON,Marca Externa,DIXON COMERCIALIZADORA,1,48.71,56.5,10.0,0.2052,48.71,1,1,2024-02-01,48.71
50033978,T037,2025-02,ARTICULOS ESCOLARES,MARCADORES,MARCADORES DE CERA,DIXON,Marca Externa,DIXON COMERCIALIZADORA,1,48.71,56.5,9.74,0.2,48.71,1,1,2025-02-01,48.71
50033978,T043,2024-01,ARTICULOS ESCOLARES,MARCADORES,MARCADORES DE CERA,DIXON,Marca Externa,DIXON COMERCIALIZADORA,1,52.32,56.5,12.01,0.2295,48.71,1,1,2024-01-01,52.32
50033978,T043,2025-02,ARTICULOS ESCOLARES,MARCADORES,MARCADORES DE CERA,DIXON,Marca Externa,DIXON COMERCIALIZADORA,1,52.32,56.5,11.76,0.2248,48.71,1,1,2025-02-01,52.32
50033978,T045,2025-12,ARTICULOS ESCOLARES,MARCADORES,MARCADORES DE CERA,DIXON,Marca Externa,DIXON COMERCIALIZADORA,1,48.71,56.5,9.68,0.1987,48.71,1,1,2025-12-01,48.71
50033978,T051,2025-05,ARTICULOS ESCOLARES,MARCADORES,MARCADORES DE CERA,DIXON,Marca Externa,DIXON COMERCIALIZADORA,1,48.71,56.5,9.73,0.1998,48.71,1,1,2025-05-01,48.71
50033978,T053,2025-02,ARTICULOS ESCOLARES,MARCADORES,MARCADORES DE CERA,DIXON,Marca Externa,DIXON COMERCIALIZADORA,1,48.71,56.5,9.7,0.199,48.71,1,1,2025-02-01,48.71
50033978,T057,2025-03,ARTICULOS ESCOLARES,MARCADORES,MARCADORES DE CERA,DIXON,Marca Externa,DIXON COMERCIALIZADORA,1,52.32,56.5,11.88,0.2271,48.71,1,1,2025-03-01,52.32
50033978,T058,2025-06,ARTICULOS ESCOLARES,MARCADORES,MARCADORES DE CERA,DIXON,Marca Externa,DIXON COMERCIALIZADORA,1,48.71,56.5,10.53,0.2161,48.71,1,1,2025-06-01,48.71
50033978,T059,2024-07,ARTICULOS ESCOLARES,MARCADORES,MARCADORES DE CERA,DIXON,Marca Externa,DIXON COMERCIALIZADORA,5,243.54,282.5,48.39,0.1987,48.71,1,1,2024-07-01,48.708
50041324,T001,2024-08,ARTICULOS ESCOLARES,CRAYONES,CRAYONES,CRAYOLA,Marca Externa,BINNEY Y SMITH MEXICO,1,78.36,90.9,16.84,0.2148,78.36,1,1,2024-08-01,78.36
50041324,T059,2024-02,ARTICULOS ESCOLARES,CRAYONES,CRAYONES,CRAYOLA,Marca Externa,BINNEY Y SMITH MEXICO,1,73.71,85.5,15.17,0.2057,78.36,1,1,2024-02-01,73.71
50041324,T062,2024-02,ARTICULOS ESCOLARES,CRAYONES,CRAYONES,CRAYOLA,Marca Externa,BINNEY Y SMITH MEXICO,1,73.71,85.5,15.55,0.2109,78.36,1,1,2024-02-01,73.71
50041695,T001,2024-10,ARTICULOS ESCOLARES,BLOCKS,BLOCKS ESQUELA,SCRIBE,Marca Externa,BIO PAPPEL SCRIBE,3,81.47,94.5,16.64,0.2043,27.16,1,1,2024-10-01,27.156666666666666
50041695,T002,2024-03,ARTICULOS ESCOLARES,BLOCKS,BLOCKS ESQUELA,SCRIBE,Marca Externa,BIO PAPPEL SCRIBE,2,54.31,63.0,11.57,0.2129,27.16,1,1,2024-03-01,27.155
50041695,T002,2025-09,ARTICULOS ESCOLARES,BLOCKS,BLOCKS ESQUELA,SCRIBE,Marca Externa,BIO PAPPEL SCRIBE,1,34.4,39.9,9.17,0.2666,27.16,1,1,2025-09-01,34.4
50041695,T002,2025-11,ARTICULOS ESCOLARES,BLOCKS,BLOCKS ESQUELA,SCRIBE,Marca Externa,BIO PAPPEL SCRIBE,1,34.4,39.9,9.17,0.2666,27.16,1,1,2025-11-01,34.4
50041695,T007,2024-09,ARTICULOS ESCOLARES,BLOCKS,BLOCKS ESQUELA,SCRIBE,Marca Externa,BIO PAPPEL SCRIBE,1,27.16,31.5,5.55,0.2045,27.16,1,1,2024-09-01,27.16
50041695,T007,2025-08,ARTICULOS ESCOLARES,BLOCKS,BLOCKS ESQUELA,SCRIBE,Marca Externa,BIO PAPPEL SCRIBE,1,34.4,39.9,9.17,0.2666,27.16,1,1,2025-08-01,34.4
50041695,T008,2026-03,ARTICULOS ESCOLARES,BLOCKS,BLOCKS ESQUELA,SCRIBE,Marca Externa,BIO PAPPEL SCRIBE,1,34.4,39.9,9.17,0.2666,27.16,1,1,2026-03-01,34.4
50041695,T009,2026-01,ARTICULOS ESCOLARES,BLOCKS,BLOCKS ESQUELA,,Marca Externa,BIO PAPPEL SCRIBE,2,68.79,79.8,18.33,0.2665,27.16,1,1,2026-01-01,34.395
50041695,T013,2024-01,ARTICULOS ESCOLARES,BLOCKS,BLOCKS ESQUELA,SCRIBE,Marca Externa,BIO PAPPEL SCRIBE,1,27.16,31.5,5.58,0.2054,27.16,1,1,2024-01-01,27.16
50041695,T014,2024-01,ARTICULOS ESCOLARES,BLOCKS,BLOCKS ESQUELA,SCRIBE,Marca Externa,BIO PAPPEL SCRIBE,1,27.16,31.5,5.55,0.2043,27.16,1,1,2024-01-01,27.16
50041695,T015,2024-08,ARTICULOS ESCOLARES,BLOCKS,BLOCKS ESQUELA,SCRIBE,Marca Externa,BIO PAPPEL SCRIBE,1,27.16,31.5,5.55,0.2043,27.16,1,1,2024-08-01,27.16
50041695,T018,2024-12,ARTICULOS ESCOLARES,BLOCKS,BLOCKS ESQUELA,SCRIBE,Marca Externa,BIO PAPPEL SCRIBE,1,27.16,31.5,5.55,0.2043,27.16,1,1,2024-12-01,27.16
50041695,T018,2025-08,ARTICULOS ESCOLARES,BLOCKS,BLOCKS ESQUELA,SCRIBE,Marca Externa,BIO PAPPEL SCRIBE,1,34.4,39.9,9.17,0.2666,27.16,1,1,2025-08-01,34.4
50041695,T019,2024-11,ARTICULOS ESCOLARES,BLOCKS,BLOCKS ESQUELA,SCRIBE,Marca Externa,BIO PAPPEL SCRIBE,1,27.16,31.5,5.55,0.2043,27.16,1,1,2024-11-01,27.16
50041695,T019,2026-03,ARTICULOS ESCOLARES,BLOCKS,BLOCKS ESQUELA,,Marca Externa,BIO PAPPEL SCRIBE,2,68.79,79.8,18.33,0.2665,27.16,1,1,2026-03-01,34.395
50041695,T022,2026-04,ARTICULOS ESCOLARES,BLOCKS,BLOCKS ESQUELA,,Marca Externa,BIO PAPPEL SCRIBE,1,34.4,39.9,9.17,0.2666,27.16,1,1,2026-04-01,34.4
50041695,T023,2024-09,ARTICULOS ESCOLARES,BLOCKS,BLOCKS ESQUELA,SCRIBE,Marca Externa,BIO PAPPEL SCRIBE,1,27.16,31.5,5.55,0.2043,27.16,1,1,2024-09-01,27.16
50041695,T025,2025-01,ARTICULOS ESCOLARES,BLOCKS,BLOCKS ESQUELA,,Marca Externa,BIO PAPPEL SCRIBE,1,27.16,31.5,5.55,0.2043,27.16,1,1,2025-01-01,27.16
50041695,T025,2025-08,ARTICULOS ESCOLARES,BLOCKS,BLOCKS ESQUELA,SCRIBE,Marca Externa,BIO PAPPEL SCRIBE,1,34.4,39.9,9.17,0.2666,27.16,1,1,2025-08-01,34.4
50041695,T025,2025-11,ARTICULOS ESCOLARES,BLOCKS,BLOCKS ESQUELA,,Marca Externa,BIO PAPPEL SCRIBE,2,68.79,79.8,18.33,0.2665,27.16,1,1,2025-11-01,34.395
50041695,T026,2026-02,ARTICULOS ESCOLARES,BLOCKS,BLOCKS ESQUELA,,Marca Externa,BIO PAPPEL SCRIBE,1,34.4,39.9,9.17,0.2667,27.16,1,1,2026-02-01,34.4
50041695,T027,2025-03,ARTICULOS ESCOLARES,BLOCKS,BLOCKS ESQUELA,SCRIBE,Marca Externa,BIO PAPPEL SCRIBE,1,27.16,31.5,5.55,0.2043,27.16,1,1,2025-03-01,27.16
50041695,T028,2024-08,ARTICULOS ESCOLARES,BLOCKS,BLOCKS ESQUELA,SCRIBE,Marca Externa,BIO PAPPEL SCRIBE,1,27.16,31.5,5.55,0.2043,27.16,1,1,2024-08-01,27.16
50041695,T033,2024-06,ARTICULOS ESCOLARES,BLOCKS,BLOCKS ESQUELA,SCRIBE,Marca Externa,BIO PAPPEL SCRIBE,1,27.16,31.5,5.55,0.2043,27.16,1,1,2024-06-01,27.16
50041695,T037,2025-05,ARTICULOS ESCOLARES,BLOCKS,BLOCKS ESQUELA,SCRIBE,Marca Externa,BIO PAPPEL SCRIBE,1,27.16,31.5,5.55,0.2045,27.16,1,1,2025-05-01,27.16
50041695,T039,2024-05,ARTICULOS ESCOLARES,BLOCKS,BLOCKS ESQUELA,,Marca Externa,BIO PAPPEL SCRIBE,2,54.31,63.0,11.11,0.2045,27.16,1,1,2024-05-01,27.155
50041695,T040,2024-08,ARTICULOS ESCOLARES,BLOCKS,BLOCKS ESQUELA,SCRIBE,Marca Externa,BIO PAPPEL SCRIBE,1,27.16,31.5,5.55,0.2043,27.16,1,1,2024-08-01,27.16
50041695,T043,2024-02,ARTICULOS ESCOLARES,BLOCKS,BLOCKS ESQUELA,,Marca Externa,BIO PAPPEL SCRIBE,1,29.17,31.5,6.37,0.2184,27.16,1,1,2024-02-01,29.17
50041695,T044,2025-03,ARTICULOS ESCOLARES,BLOCKS,BLOCKS ESQUELA,SCRIBE,Marca Externa,BIO PAPPEL SCRIBE,1,27.16,31.5,5.55,0.2043,27.16,1,1,2025-03-01,27.16
50041695,T050,2025-11,ARTICULOS ESCOLARES,BLOCKS,BLOCKS ESQUELA,,Marca Externa,BIO PAPPEL SCRIBE,1,34.4,39.9,9.17,0.2666,27.16,1,1,2025-11-01,34.4
50041695,T052,2026-01,ARTICULOS ESCOLARES,BLOCKS,BLOCKS ESQUELA,,Marca Externa,BIO PAPPEL SCRIBE,1,34.4,39.9,9.17,0.2665,27.16,1,1,2026-01-01,34.4
50041695,T053,2026-04,ARTICULOS ESCOLARES,BLOCKS,BLOCKS ESQUELA,SCRIBE,Marca Externa,BIO PAPPEL SCRIBE,2,68.79,79.8,18.3,0.2661,27.16,1,1,2026-04-01,34.395
50041695,T054,2025-04,ARTICULOS ESCOLARES,BLOCKS,BLOCKS ESQUELA,,Marca Externa,BIO PAPPEL SCRIBE,1,27.16,31.5,5.55,0.2043,27.16,1,1,2025-04-01,27.16
50041695,T055,2025-09,ARTICULOS ESCOLARES,BLOCKS,BLOCKS ESQUELA,SCRIBE,Marca Externa,BIO PAPPEL SCRIBE,2,68.79,79.8,18.33,0.2665,27.16,1,1,2025-09-01,34.395
50041695,T056,2024-09,ARTICULOS ESCOLARES,BLOCKS,BLOCKS ESQUELA,SCRIBE,Marca Externa,BIO PAPPEL SCRIBE,3,81.47,94.5,16.64,0.2043,27.16,1,1,2024-09-01,27.156666666666666
50041695,T061,2025-12,ARTICULOS ESCOLARES,BLOCKS,BLOCKS ESQUELA,,Marca Externa,BIO PAPPEL SCRIBE,1,36.94,39.9,10.39,0.2813,27.16,1,1,2025-12-01,36.94
50041695,T066,2024-04,ARTICULOS ESCOLARES,BLOCKS,BLOCKS ESQUELA,SCRIBE,Marca Externa,BIO PAPPEL SCRIBE,2,54.31,63.0,11.1,0.2043,27.16,1,1,2024-04-01,27.155
50041695,T069,2025-01,ARTICULOS ESCOLARES,BLOCKS,BLOCKS ESQUELA,SCRIBE,Marca Externa,BIO PAPPEL SCRIBE,1,27.16,31.5,5.55,0.2043,27.16,1,1,2025-01-01,27.16
50041695,T073,2024-10,ARTICULOS ESCOLARES,BLOCKS,BLOCKS ESQUELA,SCRIBE,Marca Externa,BIO PAPPEL SCRIBE,1,27.16,31.5,5.54,0.204,27.16,1,1,2024-10-01,27.16
50041695,T074,2024-08,ARTICULOS ESCOLARES,BLOCKS,BLOCKS ESQUELA,SCRIBE,Marca Externa,BIO PAPPEL SCRIBE,1,27.16,31.5,5.53,0.2034,27.16,1,1,2024-08-01,27.16
50041695,T082,2025-11,ARTICULOS ESCOLARES,BLOCKS,BLOCKS ESQUELA,,Marca Externa,BIO PAPPEL SCRIBE,1,34.4,39.9,9.08,0.264,27.16,1,1,2025-11-01,34.4
50041695,T086,2024-06,ARTICULOS ESCOLARES,BLOCKS,BLOCKS ESQUELA,SCRIBE,Marca Externa,BIO PAPPEL SCRIBE,1,27.16,31.5,5.55,0.2043,27.16,1,1,2024-06-01,27.16
50042818,T005,2024-02,ARTICULOS ESCOLARES,MARCADORES,MARCADORES ESPECIALES,AZOR,Marca Externa,GRUPO AZOR MEXICO,1,24.57,28.5,4.13,0.1683,29.22,1,1,2024-02-01,24.57
50042818,T006,2024-04,ARTICULOS ESCOLARES,MARCADORES,MARCADORES ESPECIALES,AZOR,Marca Externa,GRUPO AZOR MEXICO,1,24.57,28.5,4.13,0.1683,29.22,1,1,2024-04-01,24.57
50042818,T007,2024-01,ARTICULOS ESCOLARES,MARCADORES,MARCADORES ESPECIALES,AZOR,Marca Externa,GRUPO AZOR MEXICO,1,24.57,28.5,4.13,0.1683,29.22,1,1,2024-01-01,24.57
50042818,T012,2024-09,ARTICULOS ESCOLARES,MARCADORES,MARCADORES ESPECIALES,AZOR,Marca Externa,GRUPO AZOR MEXICO,1,25.78,29.9,4.74,0.1839,29.22,1,1,2024-09-01,25.78
50042818,T015,2025-04,ARTICULOS ESCOLARES,MARCADORES,MARCADORES ESPECIALES,AZOR,Marca Externa,GRUPO AZOR MEXICO,1,27.5,31.9,5.54,0.2013,29.22,1,1,2025-04-01,27.5
50042818,T021,2025-09,ARTICULOS ESCOLARES,MARCADORES,MARCADORES ESPECIALES,AZOR,Marca Externa,GRUPO AZOR MEXICO,1,29.22,33.9,6.46,0.2211,29.22,1,1,2025-09-01,29.22
50042818,T022,2025-07,ARTICULOS ESCOLARES,MARCADORES,MARCADORES ESPECIALES,AZOR,Marca Externa,GRUPO AZOR MEXICO,1,29.22,33.9,6.16,0.2108,29.22,1,1,2025-07-01,29.22
50042818,T023,2025-01,ARTICULOS ESCOLARES,MARCADORES,MARCADORES ESPECIALES,AZOR,Marca Externa,GRUPO AZOR MEXICO,1,25.78,29.9,4.74,0.1839,29.22,1,1,2025-01-01,25.78
50042818,T025,2025-02,ARTICULOS ESCOLARES,MARCADORES,MARCADORES ESPECIALES,AZOR,Marca Externa,GRUPO AZOR MEXICO,1,25.78,29.9,4.74,0.1838,29.22,1,1,2025-02-01,25.78
50042818,T031,2024-04,ARTICULOS ESCOLARES,MARCADORES,MARCADORES ESPECIALES,AZOR,Marca Externa,GRUPO AZOR MEXICO,1,24.57,28.5,4.13,0.1683,29.22,1,1,2024-04-01,24.57
50042818,T033,2025-06,ARTICULOS ESCOLARES,MARCADORES,MARCADORES ESPECIALES,AZOR,Marca Externa,GRUPO AZOR MEXICO,1,23.38,27.12,3.19,0.1362,29.22,1,1,2025-06-01,23.38
50042818,T035,2024-12,ARTICULOS ESCOLARES,MARCADORES,MARCADORES ESPECIALES,AZOR,Marca Externa,GRUPO AZOR MEXICO,1,25.78,29.9,4.74,0.1839,29.22,1,1,2024-12-01,25.78
50042818,T036,2024-05,ARTICULOS ESCOLARES,MARCADORES,MARCADORES ESPECIALES,AZOR,Marca Externa,GRUPO AZOR MEXICO,1,24.57,28.5,4.13,0.1683,29.22,1,1,2024-05-01,24.57
50042818,T041,2025-09,ARTICULOS ESCOLARES,MARCADORES,MARCADORES ESPECIALES,AZOR,Marca Externa,GRUPO AZOR MEXICO,1,29.22,33.9,6.19,0.2118,29.22,1,1,2025-09-01,29.22
50042818,T047,2025-11,ARTICULOS ESCOLARES,MARCADORES,MARCADORES ESPECIALES,AZOR,Marca Externa,GRUPO AZOR MEXICO,1,29.22,33.9,6.19,0.2118,29.22,1,1,2025-11-01,29.22
50042818,T050,2026-03,ARTICULOS ESCOLARES,MARCADORES,MARCADORES ESPECIALES,AZOR,Marca Externa,GRUPO AZOR MEXICO,1,29.22,33.9,5.97,0.2045,29.22,1,1,2026-03-01,29.22
50042818,T056,2024-01,ARTICULOS ESCOLARES,MARCADORES,MARCADORES ESPECIALES,AZOR,Marca Externa,GRUPO AZOR MEXICO,1,24.57,28.5,3.71,0.1508,29.22,1,1,2024-01-01,24.57
50042818,T061,2024-02,ARTICULOS ESCOLARES,MARCADORES,MARCADORES ESPECIALES,AZOR,Marca Externa,GRUPO AZOR MEXICO,1,26.39,28.5,5.04,0.1912,29.22,1,1,2024-02-01,26.39
50042818,T062,2026-01,ARTICULOS ESCOLARES,MARCADORES,MARCADORES ESPECIALES,AZOR,Marca Externa,GRUPO AZOR MEXICO,1,29.22,33.9,5.99,0.205,29.22,1,1,2026-01-01,29.22
50042818,T063,2024-12,ARTICULOS ESCOLARES,MARCADORES,MARCADORES ESPECIALES,AZOR,Marca Externa,GRUPO AZOR MEXICO,1,25.78,29.9,4.74,0.1838,29.22,1,1,2024-12-01,25.78
50042818,T063,2025-10,ARTICULOS ESCOLARES,MARCADORES,MARCADORES ESPECIALES,AZOR,Marca Externa,GRUPO AZOR MEXICO,1,29.22,33.9,6.1,0.2089,29.22,1,1,2025-10-01,29.22
50042818,T065,2024-11,ARTICULOS ESCOLARES,MARCADORES,MARCADORES ESPECIALES,AZOR,Marca Externa,GRUPO AZOR MEXICO,2,51.55,59.8,9.48,0.1838,29.22,1,1,2024-11-01,25.775
50042818,T068,2026-02,ARTICULOS ESCOLARES,MARCADORES,MARCADORES ESPECIALES,AZOR,Marca Externa,GRUPO AZOR MEXICO,3,87.67,101.7,19.39,0.2211,29.22,1,1,2026-02-01,29.223333333333333
50042818,T074,2024-03,ARTICULOS ESCOLARES,MARCADORES,MARCADORES ESPECIALES,AZOR,Marca Externa,GRUPO AZOR MEXICO,1,24.57,28.5,4.13,0.1683,29.22,1,1,2024-03-01,24.57
50042818,T077,2025-03,ARTICULOS ESCOLARES,MARCADORES,MARCADORES ESPECIALES,AZOR,Marca Externa,GRUPO AZOR MEXICO,1,27.5,31.9,5.6,0.2036,29.22,1,1,2025-03-01,27.5
50042818,T085,2024-08,ARTICULOS ESCOLARES,MARCADORES,MARCADORES ESPECIALES,AZOR,Marca Externa,GRUPO AZOR MEXICO,1,20.62,23.92,2.16,0.1048,29.22,1,1,2024-08-01,20.62
50042818,T085,2026-02,ARTICULOS ESCOLARES,MARCADORES,MARCADORES ESPECIALES,AZOR,Marca Externa,GRUPO AZOR MEXICO,1,29.22,33.9,5.97,0.2045,29.22,1,1,2026-02-01,29.22
50042818,T086,2025-01,ARTICULOS ESCOLARES,MARCADORES,MARCADORES ESPECIALES,AZOR,Marca Externa,GRUPO AZOR MEXICO,1,25.78,29.9,4.74,0.1839,29.22,1,1,2025-01-01,25.78
50048120,T001,2025-08,ARTICULOS ESCOLARES,PLUMAS Y LAPICEROS FINOS,REPUESTOS FINOS,JISS,Marca Externa,JISS,1,46.12,53.5,9.71,0.2105,46.12,1,1,2025-08-01,46.12
50048120,T001,2025-09,ARTICULOS ESCOLARES,PLUMAS Y LAPICEROS FINOS,REPUESTOS FINOS,JISS,Marca Externa,JISS,1,46.12,53.5,9.71,0.2105,46.12,1,1,2025-09-01,46.12
50048120,T030,2024-01,ARTICULOS ESCOLARES,PLUMAS Y LAPICEROS FINOS,REPUESTOS FINOS,JISS,Marca Externa,JISS,1,46.12,53.5,9.72,0.2108,46.12,1,1,2024-01-01,46.12
50048120,T032,2025-12,ARTICULOS ESCOLARES,PLUMAS Y LAPICEROS FINOS,REPUESTOS FINOS,JISS,Marca Externa,JISS,1,46.12,53.5,9.71,0.2105,46.12,1,1,2025-12-01,46.12
50048120,T040,2024-09,ARTICULOS ESCOLARES,PLUMAS Y LAPICEROS FINOS,REPUESTOS FINOS,JISS,Marca Externa,JISS,1,46.12,53.5,9.71,0.2105,46.12,1,1,2024-09-01,46.12
50048120,T048,2024-11,ARTICULOS ESCOLARES,PLUMAS Y LAPICEROS FINOS,REPUESTOS FINOS,JISS,Marca Externa,JISS,1,46.12,53.5,9.71,0.2105,46.12,1,1,2024-11-01,46.12
50048120,T050,2024-02,ARTICULOS ESCOLARES,PLUMAS Y LAPICEROS FINOS,REPUESTOS FINOS,JISS,Marca Externa,JISS,1,46.12,53.5,9.94,0.2156,46.12,1,1,2024-02-01,46.12
50048120,T079,2025-08,ARTICULOS ESCOLARES,PLUMAS Y LAPICEROS FINOS,REPUESTOS FINOS,JISS,Marca Externa,JISS,1,46.12,53.5,10.16,0.2203,46.12,1,1,2025-08-01,46.12
50048120,T087,2025-10,ARTICULOS ESCOLARES,PLUMAS Y LAPICEROS FINOS,REPUESTOS FINOS,JISS,Marca Externa,JISS,2,92.24,107.0,19.42,0.2105,46.12,1,1,2025-10-01,46.12
50048121,T015,2024-04,ARTICULOS ESCOLARES,PLUMAS Y LAPICEROS FINOS,REPUESTOS FINOS,JISS,Marca Externa,JISS,1,46.12,53.5,9.71,0.2105,46.12,1,1,2024-04-01,46.12
50048121,T022,2025-03,ARTICULOS ESCOLARES,PLUMAS Y LAPICEROS FINOS,REPUESTOS FINOS,JISS,Marca Externa,JISS,1,46.12,53.5,9.71,0.2105,46.12,1,1,2025-03-01,46.12
50048121,T037,2025-04,ARTICULOS ESCOLARES,PLUMAS Y LAPICEROS FINOS,REPUESTOS FINOS,JISS,Marca Externa,JISS,1,46.12,53.5,9.71,0.2105,46.12,1,1,2025-04-01,46.12
50048121,T048,2025-02,ARTICULOS ESCOLARES,PLUMAS Y LAPICEROS FINOS,REPUESTOS FINOS,JISS,Marca Externa,JISS,1,46.12,53.5,9.71,0.2105,46.12,1,1,2025-02-01,46.12
50048121,T049,2025-08,ARTICULOS ESCOLARES,PLUMAS Y LAPICEROS FINOS,REPUESTOS FINOS,JISS,Marca Externa,JISS,1,46.12,53.5,9.71,0.2105,46.12,1,1,2025-08-01,46.12
50048121,T050,2024-04,ARTICULOS ESCOLARES,PLUMAS Y LAPICEROS FINOS,REPUESTOS FINOS,JISS,Marca Externa,JISS,1,46.12,53.5,9.71,0.2105,46.12,1,1,2024-04-01,46.12
50048121,T058,2025-04,ARTICULOS ESCOLARES,PLUMAS Y LAPICEROS FINOS,REPUESTOS FINOS,JISS,Marca Externa,JISS,1,46.12,53.5,9.71,0.2105,46.12,1,1,2025-04-01,46.12
50048121,T064,2025-06,ARTICULOS ESCOLARES,PLUMAS Y LAPICEROS FINOS,REPUESTOS FINOS,JISS,Marca Externa,JISS,1,46.12,53.5,9.71,0.2106,46.12,1,1,2025-06-01,46.12
50048121,T080,2024-11,ARTICULOS ESCOLARES,PLUMAS Y LAPICEROS FINOS,REPUESTOS FINOS,JISS,Marca Externa,JISS,1,46.12,53.5,9.71,0.2105,46.12,1,1,2024-11-01,46.12
50051850,T043,2025-08,ARTICULOS ESCOLARES,LAPICES DE COLORES,LAPICES DE COLORES GRUESOS,NORMA,Marca Externa,"CARVAJAL EDUCACION,",4,1092.59,1180.0,232.69,0.213,231.9,1,1,2025-08-01,273.1475
50051850,T053,2025-09,ARTICULOS ESCOLARES,LAPICES DE COLORES,LAPICES DE COLORES GRUESOS,NORMA,Marca Externa,"CARVAJAL EDUCACION,",1,254.31,295.0,48.75,0.1917,231.9,1,1,2025-09-01,254.31
50051850,T087,2024-08,ARTICULOS ESCOLARES,LAPICES DE COLORES,LAPICES DE COLORES GRUESOS,NORMA,Marca Externa,"CARVAJAL EDUCACION,",1,231.9,269.0,45.23,0.195,231.9,1,1,2024-08-01,231.9
50054727,T001,2026-01,ARTICULOS ESCOLARES,LIBRETAS EJECUTIVAS,LIBRETAS FORMA FRANCESA,DANPEX,Marca Externa,INDUSTRIAS DANPEX,1,249.14,289.0,48.69,0.1954,237.07,1,1,2026-01-01,249.14
50054727,T010,2024-06,ARTICULOS ESCOLARES,LIBRETAS EJECUTIVAS,LIBRETAS FORMA FRANCESA,DANPEX,Marca Externa,INDUSTRIAS DANPEX,1,228.45,265.0,38.35,0.1678,237.07,1,1,2024-06-01,228.45
50054727,T010,2024-08,ARTICULOS ESCOLARES,LIBRETAS EJECUTIVAS,LIBRETAS FORMA FRANCESA,DANPEX,Marca Externa,INDUSTRIAS DANPEX,1,189.66,220.0,18.95,0.0999,237.07,1,1,2024-08-01,189.66
50054727,T011,2024-12,ARTICULOS ESCOLARES,LIBRETAS EJECUTIVAS,LIBRETAS FORMA FRANCESA,DANPEX,Marca Externa,INDUSTRIAS DANPEX,3,711.21,825.0,127.97,0.1799,237.07,1,1,2024-12-01,237.07000000000002
50054727,T016,2024-11,ARTICULOS ESCOLARES,LIBRETAS EJECUTIVAS,LIBRETAS FORMA FRANCESA,DANPEX,Marca Externa,INDUSTRIAS DANPEX,1,237.07,275.0,42.66,0.1799,237.07,1,1,2024-11-01,237.07
50054727,T018,2025-01,ARTICULOS ESCOLARES,LIBRETAS EJECUTIVAS,LIBRETAS FORMA FRANCESA,DANPEX,Marca Externa,INDUSTRIAS DANPEX,1,237.07,275.0,42.66,0.1799,237.07,1,1,2025-01-01,237.07
50054727,T018,2025-10,ARTICULOS ESCOLARES,LIBRETAS EJECUTIVAS,LIBRETAS FORMA FRANCESA,DANPEX,Marca Externa,INDUSTRIAS DANPEX,1,249.14,289.0,48.69,0.1954,237.07,1,1,2025-10-01,249.14
50054727,T025,2025-12,ARTICULOS ESCOLARES,LIBRETAS EJECUTIVAS,LIBRETAS FORMA FRANCESA,DANPEX,Marca Externa,INDUSTRIAS DANPEX,1,249.14,289.0,48.69,0.1954,237.07,1,1,2025-12-01,249.14
50054727,T035,2026-01,ARTICULOS ESCOLARES,LIBRETAS EJECUTIVAS,LIBRETAS FORMA FRANCESA,DANPEX,Marca Externa,INDUSTRIAS DANPEX,2,498.28,578.0,97.38,0.1954,237.07,1,1,2026-01-01,249.14
50054727,T037,2024-03,ARTICULOS ESCOLARES,LIBRETAS EJECUTIVAS,LIBRETAS FORMA FRANCESA,DANPEX,Marca Externa,INDUSTRIAS DANPEX,1,228.45,265.0,38.34,0.1678,237.07,1,1,2024-03-01,228.45
50054727,T038,2024-05,ARTICULOS ESCOLARES,LIBRETAS EJECUTIVAS,LIBRETAS FORMA FRANCESA,DANPEX,Marca Externa,INDUSTRIAS DANPEX,1,228.45,265.0,38.34,0.1678,237.07,1,1,2024-05-01,228.45
50054727,T040,2025-11,ARTICULOS ESCOLARES,LIBRETAS EJECUTIVAS,LIBRETAS FORMA FRANCESA,DANPEX,Marca Externa,INDUSTRIAS DANPEX,1,249.14,289.0,48.69,0.1954,237.07,1,1,2025-11-01,249.14
50054727,T041,2025-04,ARTICULOS ESCOLARES,LIBRETAS EJECUTIVAS,LIBRETAS FORMA FRANCESA,DANPEX,Marca Externa,INDUSTRIAS DANPEX,1,237.07,275.0,42.66,0.1799,237.07,1,1,2025-04-01,237.07
50054727,T045,2025-03,ARTICULOS ESCOLARES,LIBRETAS EJECUTIVAS,LIBRETAS FORMA FRANCESA,DANPEX,Marca Externa,INDUSTRIAS DANPEX,2,474.14,550.0,85.3,0.1799,237.07,2,1,2025-03-01,237.07
50054727,T045,2025-08,ARTICULOS ESCOLARES,LIBRETAS EJECUTIVAS,LIBRETAS FORMA FRANCESA,DANPEX,Marca Externa,INDUSTRIAS DANPEX,1,249.14,289.0,48.69,0.1954,237.07,1,1,2025-08-01,249.14
50054727,T046,2025-12,ARTICULOS ESCOLARES,LIBRETAS EJECUTIVAS,LIBRETAS FORMA FRANCESA,DANPEX,Marca Externa,INDUSTRIAS DANPEX,1,267.59,289.0,57.91,0.2164,237.07,1,1,2025-12-01,267.59
50054727,T047,2025-03,ARTICULOS ESCOLARES,LIBRETAS EJECUTIVAS,LIBRETAS FORMA FRANCESA,DANPEX,Marca Externa,INDUSTRIAS DANPEX,1,237.07,275.0,42.66,0.1799,237.07,1,1,2025-03-01,237.07
50054727,T048,2024-01,ARTICULOS ESCOLARES,LIBRETAS EJECUTIVAS,LIBRETAS FORMA FRANCESA,DANPEX,Marca Externa,INDUSTRIAS DANPEX,1,228.45,265.0,38.34,0.1678,237.07,1,1,2024-01-01,228.45
50054727,T049,2025-06,ARTICULOS ESCOLARES,LIBRETAS EJECUTIVAS,LIBRETAS FORMA FRANCESA,DANPEX,Marca Externa,INDUSTRIAS DANPEX,1,249.14,289.0,48.69,0.1954,237.07,1,1,2025-06-01,249.14
50054727,T052,2025-09,ARTICULOS ESCOLARES,LIBRETAS EJECUTIVAS,LIBRETAS FORMA FRANCESA,DANPEX,Marca Externa,INDUSTRIAS DANPEX,2,498.28,578.0,97.38,0.1954,237.07,1,1,2025-09-01,249.14
50054727,T062,2024-08,ARTICULOS ESCOLARES,LIBRETAS EJECUTIVAS,LIBRETAS FORMA FRANCESA,DANPEX,Marca Externa,INDUSTRIAS DANPEX,1,165.95,192.5,7.09,0.0428,237.07,1,1,2024-08-01,165.95
50054727,T063,2025-10,ARTICULOS ESCOLARES,LIBRETAS EJECUTIVAS,LIBRETAS FORMA FRANCESA,DANPEX,Marca Externa,INDUSTRIAS DANPEX,1,249.14,289.0,48.69,0.1954,237.07,1,1,2025-10-01,249.14
50054727,T068,2026-02,ARTICULOS ESCOLARES,LIBRETAS EJECUTIVAS,LIBRETAS FORMA FRANCESA,DANPEX,Marca Externa,INDUSTRIAS DANPEX,1,249.14,289.0,48.69,0.1954,237.07,1,1,2026-02-01,249.14
50054727,T070,2025-01,ARTICULOS ESCOLARES,LIBRETAS EJECUTIVAS,LIBRETAS FORMA FRANCESA,DANPEX,Marca Externa,INDUSTRIAS DANPEX,4,948.28,1100.0,170.62,0.1799,237.07,1,1,2025-01-01,237.07
50054727,T072,2025-11,ARTICULOS ESCOLARES,LIBRETAS EJECUTIVAS,LIBRETAS FORMA FRANCESA,DANPEX,Marca Externa,INDUSTRIAS DANPEX,1,249.14,289.0,48.69,0.1954,237.07,1,1,2025-11-01,249.14
50054727,T076,2025-06,ARTICULOS ESCOLARES,LIBRETAS EJECUTIVAS,LIBRETAS FORMA FRANCESA,DANPEX,Marca Externa,INDUSTRIAS DANPEX,1,249.14,289.0,48.69,0.1954,237.07,1,1,2025-06-01,249.14
50054727,T079,2026-03,ARTICULOS ESCOLARES,LIBRETAS EJECUTIVAS,LIBRETAS FORMA FRANCESA,DANPEX,Marca Externa,INDUSTRIAS DANPEX,1,257.76,299.0,53.0,0.2056,237.07,1,1,2026-03-01,257.76
50054727,T085,2025-07,ARTICULOS ESCOLARES,LIBRETAS EJECUTIVAS,LIBRETAS FORMA FRANCESA,DANPEX,Marca Externa,INDUSTRIAS DANPEX,1,249.14,289.0,48.69,0.1954,237.07,1,1,2025-07-01,249.14
50054802,T020,2025-08,ARTICULOS ESCOLARES,LONCHERAS,LONCHERAS,SABLON,Marca Externa,GRUPO AZOR MEXICO,2,198.28,230.0,36.37,0.1834,93.97,1,1,2025-08-01,99.14
50054802,T025,2026-01,ARTICULOS ESCOLARES,LONCHERAS,LONCHERAS,SABLON,Marca Externa,GRUPO AZOR MEXICO,1,99.14,115.0,17.63,0.1778,93.97,1,1,2026-01-01,99.14
50054802,T034,2025-08,ARTICULOS ESCOLARES,LONCHERAS,LONCHERAS,SABLON,Marca Externa,GRUPO AZOR MEXICO,1,99.14,115.0,19.13,0.1929,93.97,1,1,2025-08-01,99.14
50054802,T043,2024-03,ARTICULOS ESCOLARES,LONCHERAS,LONCHERAS,SABLON,Marca Externa,GRUPO AZOR MEXICO,2,201.86,218.0,39.94,0.1978,93.97,2,2,2024-03-01,100.93
50054802,T044,2025-01,ARTICULOS ESCOLARES,LONCHERAS,LONCHERAS,SABLON,Marca Externa,GRUPO AZOR MEXICO,1,93.97,109.0,16.48,0.1754,93.97,1,1,2025-01-01,93.97
50054802,T045,2024-10,ARTICULOS ESCOLARES,LONCHERAS,LONCHERAS,SABLON,Marca Externa,GRUPO AZOR MEXICO,1,93.97,109.0,16.48,0.1754,93.97,1,1,2024-10-01,93.97
50054802,T048,2025-11,ARTICULOS ESCOLARES,LONCHERAS,LONCHERAS,SABLON,Marca Externa,GRUPO AZOR MEXICO,1,99.14,115.0,18.04,0.182,93.97,1,1,2025-11-01,99.14
50054802,T052,2024-02,ARTICULOS ESCOLARES,LONCHERAS,LONCHERAS,SABLON,Marca Externa,GRUPO AZOR MEXICO,1,93.97,109.0,16.48,0.1754,93.97,1,1,2024-02-01,93.97
50054802,T062,2024-05,ARTICULOS ESCOLARES,LONCHERAS,LONCHERAS,SABLON,Marca Externa,GRUPO AZOR MEXICO,1,93.97,109.0,16.7,0.1777,93.97,1,1,2024-05-01,93.97
50054802,T065,2024-02,ARTICULOS ESCOLARES,LONCHERAS,LONCHERAS,SABLON,Marca Externa,GRUPO AZOR MEXICO,1,93.97,109.0,16.48,0.1754,93.97,1,1,2024-02-01,93.97
50054802,T070,2024-08,ARTICULOS ESCOLARES,LONCHERAS,LONCHERAS,SABLON,Marca Externa,GRUPO AZOR MEXICO,1,93.97,109.0,16.53,0.1759,93.97,1,1,2024-08-01,93.97
50054802,T085,2024-11,ARTICULOS ESCOLARES,LONCHERAS,LONCHERAS,SABLON,Marca Externa,GRUPO AZOR MEXICO,1,93.97,109.0,16.48,0.1754,93.97,1,1,2024-11-01,93.97
50056274,T031,2024-02,ARTICULOS ESCOLARES,PLUMAS Y LAPICEROS FINOS,REPUESTOS FINOS,PENTEL,Marca Externa,PENTEL DE MEXICO,1,44.4,51.5,9.23,0.208,46.98,1,1,2024-02-01,44.4
50056274,T068,2024-11,ARTICULOS ESCOLARES,PLUMAS Y LAPICEROS FINOS,REPUESTOS FINOS,PENTEL,Marca Externa,PENTEL DE MEXICO,1,46.98,54.5,10.02,0.2132,46.98,1,1,2024-11-01,46.98
50060450,T005,2025-02,ARTICULOS ESCOLARES,LIBRETAS EJECUTIVAS,LIBRETAS FORMA FRANCESA,DANPEX,Marca Externa,INDUSTRIAS DANPEX,1,240.52,279.0,50.34,0.2093,240.52,1,1,2025-02-01,240.52
50060450,T005,2025-08,ARTICULOS ESCOLARES,LIBRETAS EJECUTIVAS,LIBRETAS FORMA FRANCESA,DANPEX,Marca Externa,INDUSTRIAS DANPEX,1,240.52,279.0,50.34,0.2093,240.52,1,1,2025-08-01,240.52
50060450,T011,2024-01,ARTICULOS ESCOLARES,LIBRETAS EJECUTIVAS,LIBRETAS FORMA FRANCESA,DANPEX,Marca Externa,INDUSTRIAS DANPEX,1,231.9,269.0,46.03,0.1985,240.52,1,1,2024-01-01,231.9
50060450,T011,2024-08,ARTICULOS ESCOLARES,LIBRETAS EJECUTIVAS,LIBRETAS FORMA FRANCESA,DANPEX,Marca Externa,INDUSTRIAS DANPEX,1,240.52,279.0,50.34,0.2093,240.52,1,1,2024-08-01,240.52
50060450,T011,2026-03,ARTICULOS ESCOLARES,LIBRETAS EJECUTIVAS,LIBRETAS FORMA FRANCESA,DANPEX,Marca Externa,INDUSTRIAS DANPEX,1,266.38,309.0,63.27,0.2375,240.52,1,1,2026-03-01,266.38
50060450,T017,2024-01,ARTICULOS ESCOLARES,LIBRETAS EJECUTIVAS,LIBRETAS FORMA FRANCESA,DANPEX,Marca Externa,INDUSTRIAS DANPEX,1,231.9,269.0,46.04,0.1985,240.52,1,1,2024-01-01,231.9
50060450,T017,2026-03,ARTICULOS ESCOLARES,LIBRETAS EJECUTIVAS,LIBRETAS FORMA FRANCESA,DANPEX,Marca Externa,INDUSTRIAS DANPEX,1,266.38,309.0,63.27,0.2375,240.52,1,1,2026-03-01,266.38
50060450,T018,2025-02,ARTICULOS ESCOLARES,LIBRETAS EJECUTIVAS,LIBRETAS FORMA FRANCESA,DANPEX,Marca Externa,INDUSTRIAS DANPEX,1,240.52,279.0,50.34,0.2093,240.52,1,1,2025-02-01,240.52
50060450,T037,2024-05,ARTICULOS ESCOLARES,LIBRETAS EJECUTIVAS,LIBRETAS FORMA FRANCESA,DANPEX,Marca Externa,INDUSTRIAS DANPEX,2,481.04,558.0,100.67,0.2093,240.52,1,1,2024-05-01,240.52
50060450,T039,2025-07,ARTICULOS ESCOLARES,LIBRETAS EJECUTIVAS,LIBRETAS FORMA FRANCESA,DANPEX,Marca Externa,INDUSTRIAS DANPEX,1,240.52,279.0,50.34,0.2093,240.52,1,1,2025-07-01,240.52
50060450,T045,2025-08,ARTICULOS ESCOLARES,LIBRETAS EJECUTIVAS,LIBRETAS FORMA FRANCESA,DANPEX,Marca Externa,INDUSTRIAS DANPEX,14,3367.24,3906.0,704.67,0.2093,240.52,1,1,2025-08-01,240.51714285714283
50060450,T047,2024-12,ARTICULOS ESCOLARES,LIBRETAS EJECUTIVAS,LIBRETAS FORMA FRANCESA,DANPEX,Marca Externa,INDUSTRIAS DANPEX,1,240.52,279.0,50.34,0.2093,240.52,1,1,2024-12-01,240.52
50060450,T053,2025-03,ARTICULOS ESCOLARES,LIBRETAS EJECUTIVAS,LIBRETAS FORMA FRANCESA,DANPEX,Marca Externa,INDUSTRIAS DANPEX,1,240.52,279.0,50.34,0.2093,240.52,1,1,2025-03-01,240.52
50060450,T076,2025-03,ARTICULOS ESCOLARES,LIBRETAS EJECUTIVAS,LIBRETAS FORMA FRANCESA,DANPEX,Marca Externa,INDUSTRIAS DANPEX,1,240.52,279.0,50.34,0.2093,240.52,1,1,2025-03-01,240.52
50060450,T076,2025-07,ARTICULOS ESCOLARES,LIBRETAS EJECUTIVAS,LIBRETAS FORMA FRANCESA,DANPEX,Marca Externa,INDUSTRIAS DANPEX,1,240.52,279.0,50.34,0.2093,240.52,1,1,2025-07-01,240.52
50060450,T079,2025-05,ARTICULOS ESCOLARES,LIBRETAS EJECUTIVAS,LIBRETAS FORMA FRANCESA,DANPEX,Marca Externa,INDUSTRIAS DANPEX,1,240.52,279.0,50.34,0.2093,240.52,1,1,2025-05-01,240.52
50060451,T001,2024-11,ARTICULOS ESCOLARES,LIBRETAS EJECUTIVAS,LIBRETAS FORMA FRANCESA,DANPEX,Marca Externa,INDUSTRIAS DANPEX,1,257.76,299.0,50.67,0.1966,257.76,1,1,2024-11-01,257.76
50060451,T072,2024-04,ARTICULOS ESCOLARES,LIBRETAS EJECUTIVAS,LIBRETAS FORMA FRANCESA,DANPEX,Marca Externa,INDUSTRIAS DANPEX,1,257.76,299.0,50.85,0.1973,257.76,1,1,2024-04-01,257.76
50061329,T021,2024-08,ARTICULOS ESCOLARES,CRAYONES,CRAYONES,CRAYOLA,Marca Externa,BINNEY Y SMITH MEXICO,2,181.04,210.0,30.9,0.1707,90.52,1,1,2024-08-01,90.52
50061329,T025,2024-09,ARTICULOS ESCOLARES,CRAYONES,CRAYONES,CRAYOLA,Marca Externa,BINNEY Y SMITH MEXICO,1,90.52,105.0,16.0,0.1768,90.52,1,1,2024-09-01,90.52
50061329,T050,2025-01,ARTICULOS ESCOLARES,CRAYONES,CRAYONES,CRAYOLA,Marca Externa,BINNEY Y SMITH MEXICO,1,90.52,105.0,15.54,0.1717,90.52,1,1,2025-01-01,90.52
50061329,T053,2025-04,ARTICULOS ESCOLARES,CRAYONES,CRAYONES,CRAYOLA,Marca Externa,BINNEY Y SMITH MEXICO,1,102.59,119.0,20.25,0.1973,90.52,1,1,2025-04-01,102.59
50061329,T053,2025-09,ARTICULOS ESCOLARES,CRAYONES,CRAYONES,CRAYOLA,Marca Externa,BINNEY Y SMITH MEXICO,1,111.21,129.0,23.52,0.2114,90.52,1,1,2025-09-01,111.21
50061329,T056,2024-09,ARTICULOS ESCOLARES,CRAYONES,CRAYONES,CRAYOLA,Marca Externa,BINNEY Y SMITH MEXICO,1,90.52,105.0,16.06,0.1775,90.52,1,1,2024-09-01,90.52
50061329,T056,2025-08,ARTICULOS ESCOLARES,CRAYONES,CRAYONES,CRAYOLA,Marca Externa,BINNEY Y SMITH MEXICO,1,111.21,129.0,24.1,0.2167,90.52,1,1,2025-08-01,111.21
50061329,T061,2024-08,ARTICULOS ESCOLARES,CRAYONES,CRAYONES,CRAYOLA,Marca Externa,BINNEY Y SMITH MEXICO,2,194.44,210.0,39.41,0.2027,90.52,1,1,2024-08-01,97.22
50061329,T061,2024-09,ARTICULOS ESCOLARES,CRAYONES,CRAYONES,CRAYOLA,Marca Externa,BINNEY Y SMITH MEXICO,1,97.22,105.0,19.7,0.2027,90.52,1,1,2024-09-01,97.22
50061329,T064,2025-08,ARTICULOS ESCOLARES,CRAYONES,CRAYONES,CRAYOLA,Marca Externa,BINNEY Y SMITH MEXICO,1,111.21,129.0,23.77,0.2137,90.52,1,1,2025-08-01,111.21
50061329,T065,2025-08,ARTICULOS ESCOLARES,CRAYONES,CRAYONES,CRAYOLA,Marca Externa,BINNEY Y SMITH MEXICO,1,111.21,129.0,23.76,0.2136,90.52,1,1,2025-08-01,111.21
50061329,T077,2026-02,ARTICULOS ESCOLARES,CRAYONES,CRAYONES,CRAYOLA,Marca Externa,BINNEY Y SMITH MEXICO,1,111.21,129.0,23.45,0.2108,90.52,1,1,2026-02-01,111.21
50061330,T012,2025-07,ARTICULOS ESCOLARES,CRAYONES,CRAYONES,CRAYOLA,Marca Externa,BINNEY Y SMITH MEXICO,1,36.34,42.15,2.83,0.0779,49.57,1,1,2025-07-01,36.34
50061330,T016,2025-10,ARTICULOS ESCOLARES,CRAYONES,CRAYONES,CRAYOLA,Marca Externa,BINNEY Y SMITH MEXICO,1,57.67,66.9,12.27,0.2128,49.57,1,1,2025-10-01,57.67
50061330,T016,2026-04,ARTICULOS ESCOLARES,CRAYONES,CRAYONES,CRAYOLA,Marca Externa,BINNEY Y SMITH MEXICO,1,57.67,66.9,12.27,0.2128,49.57,1,1,2026-04-01,57.67
50061330,T017,2024-08,ARTICULOS ESCOLARES,CRAYONES,CRAYONES,CRAYOLA,Marca Externa,BINNEY Y SMITH MEXICO,3,148.71,172.5,28.5,0.19155,49.57,2,2,2024-08-01,49.57
50061330,T018,2024-07,ARTICULOS ESCOLARES,CRAYONES,CRAYONES,CRAYOLA,Marca Externa,BINNEY Y SMITH MEXICO,1,49.57,57.5,9.47,0.191,49.57,1,1,2024-07-01,49.57
50061330,T018,2025-08,ARTICULOS ESCOLARES,CRAYONES,CRAYONES,CRAYOLA,Marca Externa,BINNEY Y SMITH MEXICO,2,115.34,133.8,24.57,0.213,49.57,1,1,2025-08-01,57.67
50061330,T019,2025-09,ARTICULOS ESCOLARES,CRAYONES,CRAYONES,CRAYOLA,Marca Externa,BINNEY Y SMITH MEXICO,1,57.67,66.9,12.35,0.2141,49.57,1,1,2025-09-01,57.67
50061330,T036,2024-01,ARTICULOS ESCOLARES,CRAYONES,CRAYONES,CRAYOLA,Marca Externa,BINNEY Y SMITH MEXICO,1,49.57,57.5,10.28,0.2074,49.57,1,1,2024-01-01,49.57
50061330,T041,2025-08,ARTICULOS ESCOLARES,CRAYONES,CRAYONES,CRAYOLA,Marca Externa,BINNEY Y SMITH MEXICO,1,40.37,46.83,3.82,0.0947,49.57,1,1,2025-08-01,40.37
50061330,T043,2025-06,ARTICULOS ESCOLARES,CRAYONES,CRAYONES,CRAYOLA,Marca Externa,BINNEY Y SMITH MEXICO,1,61.94,66.9,14.65,0.2364,49.57,1,1,2025-06-01,61.94
50061330,T050,2025-12,ARTICULOS ESCOLARES,CRAYONES,CRAYONES,CRAYOLA,Marca Externa,BINNEY Y SMITH MEXICO,1,57.67,66.9,12.34,0.214,49.57,1,1,2025-12-01,57.67
50061330,T051,2024-08,ARTICULOS ESCOLARES,CRAYONES,CRAYONES,CRAYOLA,Marca Externa,BINNEY Y SMITH MEXICO,17,842.67,977.5,164.46,0.1952,49.57,1,1,2024-08-01,49.56882352941176
50061330,T051,2024-09,ARTICULOS ESCOLARES,CRAYONES,CRAYONES,CRAYOLA,Marca Externa,BINNEY Y SMITH MEXICO,4,198.28,230.0,37.28,0.188,49.57,1,1,2024-09-01,49.57
50061330,T053,2025-01,ARTICULOS ESCOLARES,CRAYONES,CRAYONES,CRAYOLA,Marca Externa,BINNEY Y SMITH MEXICO,1,49.57,57.5,9.31,0.1878,49.57,1,1,2025-01-01,49.57
50061330,T053,2025-08,ARTICULOS ESCOLARES,CRAYONES,CRAYONES,CRAYOLA,Marca Externa,BINNEY Y SMITH MEXICO,1,57.67,66.9,12.29,0.2131,49.57,1,1,2025-08-01,57.67
50061330,T054,2025-09,ARTICULOS ESCOLARES,CRAYONES,CRAYONES,CRAYOLA,Marca Externa,BINNEY Y SMITH MEXICO,1,57.67,66.9,12.46,0.216,49.57,1,1,2025-09-01,57.67
50061330,T056,2024-12,ARTICULOS ESCOLARES,CRAYONES,CRAYONES,CRAYOLA,Marca Externa,BINNEY Y SMITH MEXICO,1,49.57,57.5,9.51,0.1917,49.57,1,1,2024-12-01,49.57
50061330,T061,2025-01,ARTICULOS ESCOLARES,CRAYONES,CRAYONES,CRAYOLA,Marca Externa,BINNEY Y SMITH MEXICO,1,53.24,57.5,11.77,0.2211,49.57,1,1,2025-01-01,53.24
50061330,T065,2024-08,ARTICULOS ESCOLARES,CRAYONES,CRAYONES,CRAYOLA,Marca Externa,BINNEY Y SMITH MEXICO,1,49.57,57.5,9.45,0.1906,49.57,1,1,2024-08-01,49.57
50061330,T066,2024-09,ARTICULOS ESCOLARES,CRAYONES,CRAYONES,CRAYOLA,Marca Externa,BINNEY Y SMITH MEXICO,1,49.57,57.5,9.54,0.1924,49.57,1,1,2024-09-01,49.57
50061330,T074,2024-01,ARTICULOS ESCOLARES,CRAYONES,CRAYONES,CRAYOLA,Marca Externa,BINNEY Y SMITH MEXICO,1,49.57,57.5,10.21,0.2061,49.57,1,1,2024-01-01,49.57
50061330,T074,2024-08,ARTICULOS ESCOLARES,CRAYONES,CRAYONES,CRAYOLA,Marca Externa,BINNEY Y SMITH MEXICO,4,198.28,230.0,37.96,0.1914,49.57,1,1,2024-08-01,49.57
50061330,T075,2025-07,ARTICULOS ESCOLARES,CRAYONES,CRAYONES,CRAYOLA,Marca Externa,BINNEY Y SMITH MEXICO,1,57.67,66.9,12.29,0.2131,49.57,1,1,2025-07-01,57.67
50061330,T078,2025-12,ARTICULOS ESCOLARES,CRAYONES,CRAYONES,CRAYOLA,Marca Externa,BINNEY Y SMITH MEXICO,1,57.67,66.9,13.08,0.2267,49.57,1,1,2025-12-01,57.67
50061330,T087,2025-09,ARTICULOS ESCOLARES,CRAYONES,CRAYONES,CRAYOLA,Marca Externa,BINNEY Y SMITH MEXICO,1,57.67,66.9,12.34,0.214,49.57,1,1,2025-09-01,57.67
50061463,T005,2024-12,ARTICULOS ESCOLARES,BLOCKS,BLOCKS ESQUELA,SCRIBE,Marca Externa,BIO PAPPEL SCRIBE,1,42.16,48.9,8.87,0.2105,42.16,1,1,2024-12-01,42.16
50061463,T006,2024-02,ARTICULOS ESCOLARES,BLOCKS,BLOCKS ESQUELA,,Marca Externa,BIO PAPPEL SCRIBE,1,42.16,48.9,6.94,0.1646,42.16,1,1,2024-02-01,42.16
50061463,T006,2025-07,ARTICULOS ESCOLARES,BLOCKS,BLOCKS ESQUELA,,Marca Externa,BIO PAPPEL SCRIBE,1,42.24,49.0,9.12,0.2159,42.16,1,1,2025-07-01,42.24
50061463,T007,2024-02,ARTICULOS ESCOLARES,BLOCKS,BLOCKS ESQUELA,,Marca Externa,BIO PAPPEL SCRIBE,1,42.16,48.9,6.95,0.165,42.16,1,1,2024-02-01,42.16
50061463,T008,2025-04,ARTICULOS ESCOLARES,BLOCKS,BLOCKS ESQUELA,SCRIBE,Marca Externa,BIO PAPPEL SCRIBE,1,42.16,48.9,8.73,0.2071,42.16,1,1,2025-04-01,42.16
50061463,T009,2025-09,ARTICULOS ESCOLARES,BLOCKS,BLOCKS ESQUELA,SCRIBE,Marca Externa,BIO PAPPEL SCRIBE,1,42.24,49.0,8.61,0.2037,42.16,1,1,2025-09-01,42.24
50061463,T010,2024-12,ARTICULOS ESCOLARES,BLOCKS,BLOCKS ESQUELA,SCRIBE,Marca Externa,BIO PAPPEL SCRIBE,1,42.16,48.9,8.0,0.1898,42.16,1,1,2024-12-01,42.16
50061463,T012,2025-07,ARTICULOS ESCOLARES,BLOCKS,BLOCKS ESQUELA,SCRIBE,Marca Externa,BIO PAPPEL SCRIBE,1,42.16,48.9,9.09,0.2156,42.16,1,1,2025-07-01,42.16
50061463,T023,2025-09,ARTICULOS ESCOLARES,BLOCKS,BLOCKS ESQUELA,,Marca Externa,BIO PAPPEL SCRIBE,2,84.48,98.0,18.33,0.217,42.16,1,1,2025-09-01,42.24
50061463,T025,2024-05,ARTICULOS ESCOLARES,BLOCKS,BLOCKS ESQUELA,,Marca Externa,BIO PAPPEL SCRIBE,1,42.16,48.9,6.88,0.1632,42.16,1,1,2024-05-01,42.16
50061463,T025,2025-01,ARTICULOS ESCOLARES,BLOCKS,BLOCKS ESQUELA,SCRIBE,Marca Externa,BIO PAPPEL SCRIBE,1,42.16,48.9,8.86,0.2102,42.16,1,1,2025-01-01,42.16
50061463,T025,2025-03,ARTICULOS ESCOLARES,BLOCKS,BLOCKS ESQUELA,SCRIBE,Marca Externa,BIO PAPPEL SCRIBE,1,42.16,48.9,8.85,0.21,42.16,1,1,2025-03-01,42.16
50061463,T031,2024-10,ARTICULOS ESCOLARES,BLOCKS,BLOCKS ESQUELA,SCRIBE,Marca Externa,BIO PAPPEL SCRIBE,1,42.16,48.9,8.02,0.1902,42.16,1,1,2024-10-01,42.16
50061463,T031,2024-11,ARTICULOS ESCOLARES,BLOCKS,BLOCKS ESQUELA,SCRIBE,Marca Externa,BIO PAPPEL SCRIBE,1,42.16,48.9,8.02,0.1902,42.16,1,1,2024-11-01,42.16
50061463,T033,2024-09,ARTICULOS ESCOLARES,BLOCKS,BLOCKS ESQUELA,,Marca Externa,BIO PAPPEL SCRIBE,1,42.16,48.9,8.46,0.2007,42.16,1,1,2024-09-01,42.16
50061463,T034,2026-03,ARTICULOS ESCOLARES,BLOCKS,BLOCKS ESQUELA,SCRIBE,Marca Externa,BIO PAPPEL SCRIBE,1,43.02,49.9,9.56,0.2223,42.16,1,1,2026-03-01,43.02
50061463,T035,2024-08,ARTICULOS ESCOLARES,BLOCKS,BLOCKS ESQUELA,SCRIBE,Marca Externa,BIO PAPPEL SCRIBE,1,29.51,34.23,2.25,0.0764,42.16,1,1,2024-08-01,29.51
50061463,T038,2026-01,ARTICULOS ESCOLARES,BLOCKS,BLOCKS ESQUELA,,Marca Externa,BIO PAPPEL SCRIBE,1,43.02,49.9,9.54,0.2219,42.16,1,1,2026-01-01,43.02
50061463,T039,2025-11,ARTICULOS ESCOLARES,BLOCKS,BLOCKS ESQUELA,,Marca Externa,BIO PAPPEL SCRIBE,1,42.24,49.0,8.17,0.1933,42.16,1,1,2025-11-01,42.24
50061463,T040,2025-07,ARTICULOS ESCOLARES,BLOCKS,BLOCKS ESQUELA,SCRIBE,Marca Externa,BIO PAPPEL SCRIBE,1,42.16,48.9,9.07,0.2151,42.16,1,1,2025-07-01,42.16
50061463,T041,2025-08,ARTICULOS ESCOLARES,BLOCKS,BLOCKS ESQUELA,SCRIBE,Marca Externa,BIO PAPPEL SCRIBE,1,42.24,49.0,9.12,0.2159,42.16,1,1,2025-08-01,42.24
50061463,T045,2024-01,ARTICULOS ESCOLARES,BLOCKS,BLOCKS ESQUELA,SCRIBE,Marca Externa,BIO PAPPEL SCRIBE,1,42.16,48.9,6.95,0.165,42.16,1,1,2024-01-01,42.16
50061463,T045,2024-01,ARTICULOS ESCOLARES,BLOCKS,BLOCKS ESQUELA,,Marca Externa,BIO PAPPEL SCRIBE,1,42.16,48.9,6.95,0.1648,42.16,1,1,2024-01-01,42.16
50061463,T046,2024-08,ARTICULOS ESCOLARES,BLOCKS,BLOCKS ESQUELA,SCRIBE,Marca Externa,BIO PAPPEL SCRIBE,1,36.22,39.12,5.9,0.163,42.16,1,1,2024-08-01,36.22
50061463,T048,2025-01,ARTICULOS ESCOLARES,BLOCKS,BLOCKS ESQUELA,SCRIBE,Marca Externa,BIO PAPPEL SCRIBE,1,42.16,48.9,8.32,0.1975,42.16,1,1,2025-01-01,42.16
50061463,T050,2024-08,ARTICULOS ESCOLARES,BLOCKS,BLOCKS ESQUELA,,Marca Externa,BIO PAPPEL SCRIBE,1,42.16,48.9,8.45,0.2004,42.16,1,1,2024-08-01,42.16
50061463,T050,2025-07,ARTICULOS ESCOLARES,BLOCKS,BLOCKS ESQUELA,,Marca Externa,BIO PAPPEL SCRIBE,1,42.24,49.0,9.17,0.217,42.16,1,1,2025-07-01,42.24
50061463,T052,2024-07,ARTICULOS ESCOLARES,BLOCKS,BLOCKS ESQUELA,SCRIBE,Marca Externa,BIO PAPPEL SCRIBE,2,84.31,97.8,17.68,0.2096,42.16,1,1,2024-07-01,42.155
50061463,T053,2025-02,ARTICULOS ESCOLARES,BLOCKS,BLOCKS ESQUELA,SCRIBE,Marca Externa,BIO PAPPEL SCRIBE,1,42.16,48.9,8.92,0.2116,42.16,1,1,2025-02-01,42.16
50061463,T054,2025-10,ARTICULOS ESCOLARES,BLOCKS,BLOCKS ESQUELA,SCRIBE,Marca Externa,BIO PAPPEL SCRIBE,1,42.24,49.0,9.06,0.2145,42.16,1,1,2025-10-01,42.24
50061463,T055,2025-01,ARTICULOS ESCOLARES,BLOCKS,BLOCKS ESQUELA,SCRIBE,Marca Externa,BIO PAPPEL SCRIBE,1,42.16,48.9,7.87,0.1867,42.16,1,1,2025-01-01,42.16
50061463,T056,2024-04,ARTICULOS ESCOLARES,BLOCKS,BLOCKS ESQUELA,SCRIBE,Marca Externa,BIO PAPPEL SCRIBE,1,42.16,48.9,7.52,0.1785,42.16,1,1,2024-04-01,42.16
50061463,T056,2024-07,ARTICULOS ESCOLARES,BLOCKS,BLOCKS ESQUELA,SCRIBE,Marca Externa,BIO PAPPEL SCRIBE,1,42.16,48.9,8.78,0.2084,42.16,1,1,2024-07-01,42.16
50061463,T057,2025-08,ARTICULOS ESCOLARES,BLOCKS,BLOCKS ESQUELA,SCRIBE,Marca Externa,BIO PAPPEL SCRIBE,1,45.37,49.0,10.16,0.224,42.16,1,1,2025-08-01,45.37
50061463,T057,2025-09,ARTICULOS ESCOLARES,BLOCKS,BLOCKS ESQUELA,SCRIBE,Marca Externa,BIO PAPPEL SCRIBE,2,90.74,98.0,20.33,0.224,42.16,1,1,2025-09-01,45.37
50061463,T058,2025-02,ARTICULOS ESCOLARES,BLOCKS,BLOCKS ESQUELA,SCRIBE,Marca Externa,BIO PAPPEL SCRIBE,1,42.16,48.9,8.96,0.2126,42.16,1,1,2025-02-01,42.16
50061463,T060,2024-10,ARTICULOS ESCOLARES,BLOCKS,BLOCKS ESQUELA,,Marca Externa,BIO PAPPEL SCRIBE,1,42.16,48.9,7.99,0.1895,42.16,1,1,2024-10-01,42.16
50061463,T061,2024-11,ARTICULOS ESCOLARES,BLOCKS,BLOCKS ESQUELA,SCRIBE,Marca Externa,BIO PAPPEL SCRIBE,1,45.28,48.9,10.46,0.2309,42.16,1,1,2024-11-01,45.28
50061463,T061,2026-04,ARTICULOS ESCOLARES,BLOCKS,BLOCKS ESQUELA,,Marca Externa,BIO PAPPEL SCRIBE,2,92.41,99.8,22.31,0.2415,42.16,1,1,2026-04-01,46.205
50061463,T064,2024-07,ARTICULOS ESCOLARES,BLOCKS,BLOCKS ESQUELA,SCRIBE,Marca Externa,BIO PAPPEL SCRIBE,2,84.31,97.8,16.12,0.1911,42.16,1,1,2024-07-01,42.155
50061463,T064,2025-05,ARTICULOS ESCOLARES,BLOCKS,BLOCKS ESQUELA,SCRIBE,Marca Externa,BIO PAPPEL SCRIBE,1,42.16,48.9,8.99,0.2132,42.16,1,1,2025-05-01,42.16
50061463,T065,2025-10,ARTICULOS ESCOLARES,BLOCKS,BLOCKS ESQUELA,SCRIBE,Marca Externa,BIO PAPPEL SCRIBE,1,42.24,49.0,9.07,0.2147,42.16,1,1,2025-10-01,42.24
50061463,T066,2024-05,ARTICULOS ESCOLARES,BLOCKS,BLOCKS ESQUELA,SCRIBE,Marca Externa,BIO PAPPEL SCRIBE,1,42.16,48.9,7.55,0.1791,42.16,1,1,2024-05-01,42.16
50061463,T068,2024-04,ARTICULOS ESCOLARES,BLOCKS,BLOCKS ESQUELA,SCRIBE,Marca Externa,BIO PAPPEL SCRIBE,1,42.16,48.9,8.49,0.2014,42.16,1,1,2024-04-01,42.16
50061463,T071,2024-04,ARTICULOS ESCOLARES,BLOCKS,BLOCKS ESQUELA,,Marca Externa,BIO PAPPEL SCRIBE,1,42.16,48.9,8.78,0.2083,42.16,1,1,2024-04-01,42.16
50061463,T075,2024-04,ARTICULOS ESCOLARES,BLOCKS,BLOCKS ESQUELA,SCRIBE,Marca Externa,BIO PAPPEL SCRIBE,1,42.16,48.9,8.65,0.2053,42.16,1,1,2024-04-01,42.16
50061463,T078,2025-03,ARTICULOS ESCOLARES,BLOCKS,BLOCKS ESQUELA,,Marca Externa,BIO PAPPEL SCRIBE,1,42.16,48.9,8.61,0.2042,42.16,1,1,2025-03-01,42.16
50061463,T078,2025-04,ARTICULOS ESCOLARES,BLOCKS,BLOCKS ESQUELA,,Marca Externa,BIO PAPPEL SCRIBE,2,84.31,97.8,17.21,0.2042,42.16,1,1,2025-04-01,42.155
50061463,T079,2024-09,ARTICULOS ESCOLARES,BLOCKS,BLOCKS ESQUELA,,Marca Externa,BIO PAPPEL SCRIBE,3,126.47,146.7,25.57,0.2022,42.16,1,1,2024-09-01,42.156666666666666
50061463,T082,2024-05,ARTICULOS ESCOLARES,BLOCKS,BLOCKS ESQUELA,,Marca Externa,BIO PAPPEL SCRIBE,1,42.16,48.9,6.88,0.1632,42.16,1,1,2024-05-01,42.16
50061463,T083,2024-05,ARTICULOS ESCOLARES,BLOCKS,BLOCKS ESQUELA,SCRIBE,Marca Externa,BIO PAPPEL SCRIBE,5,210.78,244.5,34.39,0.1632,42.16,1,1,2024-05-01,42.156
50061463,T083,2026-03,ARTICULOS ESCOLARES,BLOCKS,BLOCKS ESQUELA,SCRIBE,Marca Externa,BIO PAPPEL SCRIBE,1,43.02,49.9,9.56,0.2222,42.16,1,1,2026-03-01,43.02
50061463,T085,2026-02,ARTICULOS ESCOLARES,BLOCKS,BLOCKS ESQUELA,SCRIBE,Marca Externa,BIO PAPPEL SCRIBE,2,86.04,99.8,19.04,0.2213,42.16,1,1,2026-02-01,43.02
50061463,T087,2024-04,ARTICULOS ESCOLARES,BLOCKS,BLOCKS ESQUELA,,Marca Externa,BIO PAPPEL SCRIBE,1,42.16,48.9,7.15,0.1696,42.16,1,1,2024-04-01,42.16
50062170,T002,2025-01,ARTICULOS ESCOLARES,LAPICES,LAPICES CHECADORES,OFFICEMAX,Marca Propia,PIANO EXPORTS FZCO,1,16.81,19.5,4.8,0.2855,16.81,1,1,2025-01-01,16.81
50062170,T004,2024-01,ARTICULOS ESCOLARES,LAPICES,LAPICES CHECADORES,OFFICEMAX,Marca Propia,PIANO EXPORTS FZCO,2,33.62,39.0,10.629999999999999,0.31635,16.81,2,2,2024-01-01,16.81
50062170,T004,2024-02,ARTICULOS ESCOLARES,LAPICES,LAPICES CHECADORES,OFFICEMAX,Marca Propia,PIANO EXPORTS FZCO,2,33.62,39.0,10.6,0.3156,16.81,2,2,2024-02-01,16.81
50062170,T004,2024-03,ARTICULOS ESCOLARES,LAPICES,LAPICES CHECADORES,OFFICEMAX,Marca Propia,PIANO EXPORTS FZCO,1,16.81,19.5,5.3,0.3156,16.81,1,1,2024-03-01,16.81
50062170,T004,2024-04,ARTICULOS ESCOLARES,LAPICES,LAPICES CHECADORES,OFFICEMAX,Marca Propia,PIANO EXPORTS FZCO,1,16.81,19.5,5.3,0.3156,16.81,1,1,2024-04-01,16.81
50062170,T004,2024-10,ARTICULOS ESCOLARES,LAPICES,LAPICES CHECADORES,OFFICEMAX,Marca Propia,PIANO EXPORTS FZCO,1,16.81,19.5,4.8,0.2855,16.81,1,1,2024-10-01,16.81
50062170,T004,2025-07,ARTICULOS ESCOLARES,LAPICES,LAPICES CHECADORES,OFFICEMAX,Marca Propia,PIANO EXPORTS FZCO,1,22.33,25.9,7.67,0.3433,16.81,1,1,2025-07-01,22.33
50062170,T004,2025-08,ARTICULOS ESCOLARES,LAPICES,LAPICES CHECADORES,OFFICEMAX,Marca Propia,PIANO EXPORTS FZCO,1,22.33,25.9,7.67,0.3433,16.81,1,1,2025-08-01,22.33
50062170,T004,2025-09,ARTICULOS ESCOLARES,LAPICES,LAPICES CHECADORES,OFFICEMAX,Marca Propia,PIANO EXPORTS FZCO,1,22.33,25.9,7.67,0.3433,16.81,1,1,2025-09-01,22.33
50062170,T006,2024-07,ARTICULOS ESCOLARES,LAPICES,LAPICES CHECADORES,OFFICEMAX,Marca Propia,PIANO EXPORTS FZCO,1,16.81,19.5,5.33,0.3174,16.81,1,1,2024-07-01,16.81
50062170,T006,2024-08,ARTICULOS ESCOLARES,LAPICES,LAPICES CHECADORES,OFFICEMAX,Marca Propia,PIANO EXPORTS FZCO,1,11.77,13.65,2.82,0.2396,16.81,1,1,2024-08-01,11.77
50062170,T007,2024-01,ARTICULOS ESCOLARES,LAPICES,LAPICES CHECADORES,OFFICEMAX,Marca Propia,PIANO EXPORTS FZCO,1,16.81,19.5,5.34,0.3177,16.81,1,1,2024-01-01,16.81
50062170,T007,2024-02,ARTICULOS ESCOLARES,LAPICES,LAPICES CHECADORES,OFFICEMAX,Marca Propia,PIANO EXPORTS FZCO,1,16.81,19.5,5.34,0.3177,16.81,1,1,2024-02-01,16.81
50062170,T007,2024-07,ARTICULOS ESCOLARES,LAPICES,LAPICES CHECADORES,OFFICEMAX,Marca Propia,PIANO EXPORTS FZCO,3,50.42999999999999,58.5,16.009999999999998,0.31755,16.81,2,2,2024-07-01,16.81
50062170,T007,2025-01,ARTICULOS ESCOLARES,LAPICES,LAPICES CHECADORES,OFFICEMAX,Marca Propia,PIANO EXPORTS FZCO,1,16.81,19.5,4.8,0.2855,16.81,1,1,2025-01-01,16.81
50062170,T007,2025-07,ARTICULOS ESCOLARES,LAPICES,LAPICES CHECADORES,OFFICEMAX,Marca Propia,PIANO EXPORTS FZCO,1,22.33,25.9,7.67,0.3433,16.81,1,1,2025-07-01,22.33
50062170,T009,2024-03,ARTICULOS ESCOLARES,LAPICES,LAPICES CHECADORES,OFFICEMAX,Marca Propia,PIANO EXPORTS FZCO,1,16.81,19.5,5.34,0.3177,16.81,1,1,2024-03-01,16.81
50062170,T010,2024-06,ARTICULOS ESCOLARES,LAPICES,LAPICES CHECADORES,OFFICEMAX,Marca Propia,PIANO EXPORTS FZCO,2,33.62,39.0,10.68,0.3177,16.81,1,1,2024-06-01,16.81
50062170,T012,2024-03,ARTICULOS ESCOLARES,LAPICES,LAPICES CHECADORES,OFFICEMAX,Marca Propia,PIANO EXPORTS FZCO,1,16.81,19.5,5.33,0.3174,16.81,1,1,2024-03-01,16.81
50062170,T012,2024-04,ARTICULOS ESCOLARES,LAPICES,LAPICES CHECADORES,OFFICEMAX,Marca Propia,PIANO EXPORTS FZCO,1,16.81,19.5,5.33,0.3174,16.81,1,1,2024-04-01,16.81
50062170,T013,2024-03,ARTICULOS ESCOLARES,LAPICES,LAPICES CHECADORES,OFFICEMAX,Marca Propia,PIANO EXPORTS FZCO,1,16.81,19.5,5.34,0.3177,16.81,1,1,2024-03-01,16.81
50062170,T013,2024-10,ARTICULOS ESCOLARES,LAPICES,LAPICES CHECADORES,OFFICEMAX,Marca Propia,PIANO EXPORTS FZCO,1,16.81,19.5,4.8,0.2855,16.81,1,1,2024-10-01,16.81
50062170,T013,2025-07,ARTICULOS ESCOLARES,LAPICES,LAPICES CHECADORES,OFFICEMAX,Marca Propia,PIANO EXPORTS FZCO,1,22.33,25.9,7.67,0.3433,16.81,1,1,2025-07-01,22.33
50062170,T015,2024-05,ARTICULOS ESCOLARES,LAPICES,LAPICES CHECADORES,OFFICEMAX,Marca Propia,PIANO EXPORTS FZCO,2,33.62,39.0,10.68,0.3177,16.81,1,1,2024-05-01,16.81
50062170,T015,2025-01,ARTICULOS ESCOLARES,LAPICES,LAPICES CHECADORES,OFFICEMAX,Marca Propia,PIANO EXPORTS FZCO,2,33.62,39.0,9.6,0.2855,16.81,2,2,2025-01-01,16.81
50062170,T016,2025-07,ARTICULOS ESCOLARES,LAPICES,LAPICES CHECADORES,OFFICEMAX,Marca Propia,PIANO EXPORTS FZCO,1,22.33,25.9,7.67,0.3433,16.81,1,1,2025-07-01,22.33
50062170,T017,2024-01,ARTICULOS ESCOLARES,LAPICES,LAPICES CHECADORES,OFFICEMAX,Marca Propia,PIANO EXPORTS FZCO,1,16.81,19.5,5.31,0.3162,16.81,1,1,2024-01-01,16.81
50062170,T017,2024-03,ARTICULOS ESCOLARES,LAPICES,LAPICES CHECADORES,OFFICEMAX,Marca Propia,PIANO EXPORTS FZCO,1,16.81,19.5,5.32,0.3168,16.81,1,1,2024-03-01,16.81
50062170,T017,2024-07,ARTICULOS ESCOLARES,LAPICES,LAPICES CHECADORES,OFFICEMAX,Marca Propia,PIANO EXPORTS FZCO,1,16.81,19.5,5.32,0.3168,16.81,1,1,2024-07-01,16.81
50062170,T017,2024-11,ARTICULOS ESCOLARES,LAPICES,LAPICES CHECADORES,OFFICEMAX,Marca Propia,PIANO EXPORTS FZCO,1,16.81,19.5,4.8,0.2855,16.81,1,1,2024-11-01,16.81
50062170,T017,2025-01,ARTICULOS ESCOLARES,LAPICES,LAPICES CHECADORES,OFFICEMAX,Marca Propia,PIANO EXPORTS FZCO,1,16.81,19.5,4.8,0.2858,16.81,1,1,2025-01-01,16.81
50062170,T017,2025-06,ARTICULOS ESCOLARES,LAPICES,LAPICES CHECADORES,OFFICEMAX,Marca Propia,PIANO EXPORTS FZCO,1,21.98,25.5,7.49,0.3408,16.81,1,1,2025-06-01,21.98
50062170,T020,2024-02,ARTICULOS ESCOLARES,LAPICES,LAPICES CHECADORES,OFFICEMAX,Marca Propia,PIANO EXPORTS FZCO,1,16.81,19.5,5.33,0.3174,16.81,1,1,2024-02-01,16.81
50062170,T020,2024-03,ARTICULOS ESCOLARES,LAPICES,LAPICES CHECADORES,OFFICEMAX,Marca Propia,PIANO EXPORTS FZCO,3,50.43,58.5,16.02,0.3177,16.81,1,1,2024-03-01,16.81
50062170,T020,2024-10,ARTICULOS ESCOLARES,LAPICES,LAPICES CHECADORES,OFFICEMAX,Marca Propia,PIANO EXPORTS FZCO,1,16.81,19.5,4.8,0.2855,16.81,1,1,2024-10-01,16.81
50062170,T021,2025-09,ARTICULOS ESCOLARES,LAPICES,LAPICES CHECADORES,OFFICEMAX,Marca Propia,PIANO EXPORTS FZCO,1,22.33,25.9,7.67,0.3433,16.81,1,1,2025-09-01,22.33
50062170,T022,2024-02,ARTICULOS ESCOLARES,LAPICES,LAPICES CHECADORES,OFFICEMAX,Marca Propia,PIANO EXPORTS FZCO,1,16.81,19.5,5.34,0.3177,16.81,1,1,2024-02-01,16.81
50062170,T022,2024-03,ARTICULOS ESCOLARES,LAPICES,LAPICES CHECADORES,OFFICEMAX,Marca Propia,PIANO EXPORTS FZCO,1,16.81,19.5,5.34,0.3177,16.81,1,1,2024-03-01,16.81
50062170,T022,2024-05,ARTICULOS ESCOLARES,LAPICES,LAPICES CHECADORES,OFFICEMAX,Marca Propia,PIANO EXPORTS FZCO,2,33.62,39.0,10.66,0.3174,16.81,2,2,2024-05-01,16.81
50062170,T025,2024-03,ARTICULOS ESCOLARES,LAPICES,LAPICES CHECADORES,OFFICEMAX,Marca Propia,PIANO EXPORTS FZCO,1,16.81,19.5,5.34,0.3177,16.81,1,1,2024-03-01,16.81
50062170,T025,2024-05,ARTICULOS ESCOLARES,LAPICES,LAPICES CHECADORES,OFFICEMAX,Marca Propia,PIANO EXPORTS FZCO,2,33.62,39.0,10.68,0.3177,16.81,1,1,2024-05-01,16.81
50062170,T025,2024-11,ARTICULOS ESCOLARES,LAPICES,LAPICES CHECADORES,OFFICEMAX,Marca Propia,PIANO EXPORTS FZCO,2,33.62,39.0,9.6,0.2855,16.81,1,1,2024-11-01,16.81
50062170,T025,2025-06,ARTICULOS ESCOLARES,LAPICES,LAPICES CHECADORES,OFFICEMAX,Marca Propia,PIANO EXPORTS FZCO,1,22.33,25.9,7.66,0.343,16.81,1,1,2025-06-01,22.33
50062170,T026,2024-11,ARTICULOS ESCOLARES,LAPICES,LAPICES CHECADORES,OFFICEMAX,Marca Propia,PIANO EXPORTS FZCO,2,33.62,39.0,9.6,0.2855,16.81,1,1,2024-11-01,16.81
50062170,T026,2025-01,ARTICULOS ESCOLARES,LAPICES,LAPICES CHECADORES,OFFICEMAX,Marca Propia,PIANO EXPORTS FZCO,2,33.62,39.0,9.61,0.2858,16.81,1,1,2025-01-01,16.81
50062170,T028,2025-08,ARTICULOS ESCOLARES,LAPICES,LAPICES CHECADORES,OFFICEMAX,Marca Propia,PIANO EXPORTS FZCO,1,22.33,25.9,7.67,0.3433,16.81,1,1,2025-08-01,22.33
50062170,T031,2024-02,ARTICULOS ESCOLARES,LAPICES,LAPICES CHECADORES,OFFICEMAX,Marca Propia,PIANO EXPORTS FZCO,1,16.81,19.5,5.34,0.3177,16.81,1,1,2024-02-01,16.81
50062170,T033,2025-08,ARTICULOS ESCOLARES,LAPICES,LAPICES CHECADORES,OFFICEMAX,Marca Propia,PIANO EXPORTS FZCO,1,22.33,25.9,7.67,0.3433,16.81,1,1,2025-08-01,22.33
50062170,T034,2024-03,ARTICULOS ESCOLARES,LAPICES,LAPICES CHECADORES,OFFICEMAX,Marca Propia,PIANO EXPORTS FZCO,2,33.62,39.0,10.68,0.3177,16.81,1,1,2024-03-01,16.81
50062170,T034,2025-07,ARTICULOS ESCOLARES,LAPICES,LAPICES CHECADORES,OFFICEMAX,Marca Propia,PIANO EXPORTS FZCO,1,22.33,25.9,7.67,0.3433,16.81,1,1,2025-07-01,22.33
50062170,T035,2025-08,ARTICULOS ESCOLARES,LAPICES,LAPICES CHECADORES,OFFICEMAX,Marca Propia,PIANO EXPORTS FZCO,1,22.33,25.9,7.67,0.3433,16.81,1,1,2025-08-01,22.33
50062170,T037,2024-02,ARTICULOS ESCOLARES,LAPICES,LAPICES CHECADORES,OFFICEMAX,Marca Propia,PIANO EXPORTS FZCO,40,672.41,780.0,213.6,0.3177,16.81,1,1,2024-02-01,16.81025
50062170,T037,2024-04,ARTICULOS ESCOLARES,LAPICES,LAPICES CHECADORES,OFFICEMAX,Marca Propia,PIANO EXPORTS FZCO,1,16.81,19.5,5.34,0.3177,16.81,1,1,2024-04-01,16.81
50062170,T037,2025-07,ARTICULOS ESCOLARES,LAPICES,LAPICES CHECADORES,OFFICEMAX,Marca Propia,PIANO EXPORTS FZCO,1,22.33,25.9,7.67,0.3433,16.81,1,1,2025-07-01,22.33
50062170,T038,2024-01,ARTICULOS ESCOLARES,LAPICES,LAPICES CHECADORES,OFFICEMAX,Marca Propia,PIANO EXPORTS FZCO,1,16.81,19.5,5.34,0.3177,16.81,1,1,2024-01-01,16.81
50062170,T038,2024-04,ARTICULOS ESCOLARES,LAPICES,LAPICES CHECADORES,OFFICEMAX,Marca Propia,PIANO EXPORTS FZCO,1,16.81,19.5,5.33,0.3174,16.81,1,1,2024-04-01,16.81
50062170,T038,2024-11,ARTICULOS ESCOLARES,LAPICES,LAPICES CHECADORES,OFFICEMAX,Marca Propia,PIANO EXPORTS FZCO,2,33.62,39.0,9.6,0.2855,16.81,1,1,2024-11-01,16.81
50062170,T040,2024-05,ARTICULOS ESCOLARES,LAPICES,LAPICES CHECADORES,OFFICEMAX,Marca Propia,PIANO EXPORTS FZCO,1,16.81,19.5,5.33,0.3174,16.81,1,1,2024-05-01,16.81
50062170,T041,2024-10,ARTICULOS ESCOLARES,LAPICES,LAPICES CHECADORES,OFFICEMAX,Marca Propia,PIANO EXPORTS FZCO,1,16.81,19.5,4.88,0.29,16.81,1,1,2024-10-01,16.81
50062170,T041,2025-07,ARTICULOS ESCOLARES,LAPICES,LAPICES CHECADORES,OFFICEMAX,Marca Propia,PIANO EXPORTS FZCO,1,22.33,25.9,7.67,0.3433,16.81,1,1,2025-07-01,22.33
50062170,T042,2025-12,ARTICULOS ESCOLARES,LAPICES,LAPICES CHECADORES,OFFICEMAX,Marca Propia,PIANO EXPORTS FZCO,1,22.33,25.9,7.65,0.3426,16.81,1,1,2025-12-01,22.33
50062170,T042,2026-02,ARTICULOS ESCOLARES,LAPICES,LAPICES CHECADORES,OFFICEMAX,Marca Propia,PIANO EXPORTS FZCO,1,22.33,25.9,7.65,0.3426,16.81,1,1,2026-02-01,22.33
50062170,T043,2024-01,ARTICULOS ESCOLARES,LAPICES,LAPICES CHECADORES,OFFICEMAX,Marca Propia,PIANO EXPORTS FZCO,1,18.06,19.5,5.96,0.3303,16.81,1,1,2024-01-01,18.06
50062170,T043,2024-03,ARTICULOS ESCOLARES,LAPICES,LAPICES CHECADORES,OFFICEMAX,Marca Propia,PIANO EXPORTS FZCO,2,36.11,39.0,11.93,0.3302,16.81,1,1,2024-03-01,18.055
50062170,T043,2025-07,ARTICULOS ESCOLARES,LAPICES,LAPICES CHECADORES,OFFICEMAX,Marca Propia,PIANO EXPORTS FZCO,1,23.98,25.9,8.49,0.354,16.81,1,1,2025-07-01,23.98
50062170,T043,2025-08,ARTICULOS ESCOLARES,LAPICES,LAPICES CHECADORES,OFFICEMAX,Marca Propia,PIANO EXPORTS FZCO,3,57.56,62.16,18.28,0.3176,16.81,1,1,2025-08-01,19.186666666666667
50062170,T044,2024-01,ARTICULOS ESCOLARES,LAPICES,LAPICES CHECADORES,OFFICEMAX,Marca Propia,PIANO EXPORTS FZCO,1,16.81,19.5,5.34,0.3177,16.81,1,1,2024-01-01,16.81
50062170,T044,2024-03,ARTICULOS ESCOLARES,LAPICES,LAPICES CHECADORES,OFFICEMAX,Marca Propia,PIANO EXPORTS FZCO,1,16.81,19.5,5.34,0.3177,16.81,1,1,2024-03-01,16.81
50062170,T044,2024-10,ARTICULOS ESCOLARES,LAPICES,LAPICES CHECADORES,OFFICEMAX,Marca Propia,PIANO EXPORTS FZCO,1,16.81,19.5,4.8,0.2855,16.81,1,1,2024-10-01,16.81
50062170,T045,2024-02,ARTICULOS ESCOLARES,LAPICES,LAPICES CHECADORES,OFFICEMAX,Marca Propia,PIANO EXPORTS FZCO,1,16.81,19.5,5.33,0.3174,16.81,1,1,2024-02-01,16.81
50062170,T045,2025-01,ARTICULOS ESCOLARES,LAPICES,LAPICES CHECADORES,OFFICEMAX,Marca Propia,PIANO EXPORTS FZCO,1,16.81,19.5,4.8,0.2855,16.81,1,1,2025-01-01,16.81
50062170,T046,2024-05,ARTICULOS ESCOLARES,LAPICES,LAPICES CHECADORES,OFFICEMAX,Marca Propia,PIANO EXPORTS FZCO,1,18.06,19.5,5.96,0.3303,16.81,1,1,2024-05-01,18.06
50062170,T046,2024-07,ARTICULOS ESCOLARES,LAPICES,LAPICES CHECADORES,OFFICEMAX,Marca Propia,PIANO EXPORTS FZCO,1,18.06,19.5,5.97,0.3303,16.81,1,1,2024-07-01,18.06
50062170,T046,2025-01,ARTICULOS ESCOLARES,LAPICES,LAPICES CHECADORES,OFFICEMAX,Marca Propia,PIANO EXPORTS FZCO,1,18.06,19.5,5.43,0.3009,16.81,1,1,2025-01-01,18.06
50062170,T049,2024-02,ARTICULOS ESCOLARES,LAPICES,LAPICES CHECADORES,OFFICEMAX,Marca Propia,PIANO EXPORTS FZCO,1,16.81,19.5,5.34,0.3177,16.81,1,1,2024-02-01,16.81
50062170,T050,2024-02,ARTICULOS ESCOLARES,LAPICES,LAPICES CHECADORES,OFFICEMAX,Marca Propia,PIANO EXPORTS FZCO,2,33.62,39.0,10.67,0.3174,16.81,1,1,2024-02-01,16.81
50062170,T051,2024-05,ARTICULOS ESCOLARES,LAPICES,LAPICES CHECADORES,OFFICEMAX,Marca Propia,PIANO EXPORTS FZCO,1,16.81,19.5,5.33,0.3174,16.81,1,1,2024-05-01,16.81
50062170,T051,2024-06,ARTICULOS ESCOLARES,LAPICES,LAPICES CHECADORES,OFFICEMAX,Marca Propia,PIANO EXPORTS FZCO,1,16.81,19.5,5.34,0.3177,16.81,1,1,2024-06-01,16.81
50062170,T051,2024-07,ARTICULOS ESCOLARES,LAPICES,LAPICES CHECADORES,OFFICEMAX,Marca Propia,PIANO EXPORTS FZCO,1,16.81,19.5,5.34,0.3177,16.81,1,1,2024-07-01,16.81
50062170,T052,2024-01,ARTICULOS ESCOLARES,LAPICES,LAPICES CHECADORES,OFFICEMAX,Marca Propia,PIANO EXPORTS FZCO,1,16.81,19.5,5.24,0.3117,16.81,1,1,2024-01-01,16.81
50062170,T052,2024-02,ARTICULOS ESCOLARES,LAPICES,LAPICES CHECADORES,OFFICEMAX,Marca Propia,PIANO EXPORTS FZCO,4,67.24,78.0,21.36,0.3177,16.81,1,1,2024-02-01,16.81
50062170,T052,2024-03,ARTICULOS ESCOLARES,LAPICES,LAPICES CHECADORES,OFFICEMAX,Marca Propia,PIANO EXPORTS FZCO,2,33.62,39.0,10.68,0.3177,16.81,1,1,2024-03-01,16.81
50062170,T052,2024-05,ARTICULOS ESCOLARES,LAPICES,LAPICES CHECADORES,OFFICEMAX,Marca Propia,PIANO EXPORTS FZCO,1,16.81,19.5,5.33,0.3174,16.81,1,1,2024-05-01,16.81
50062170,T052,2024-06,ARTICULOS ESCOLARES,LAPICES,LAPICES CHECADORES,OFFICEMAX,Marca Propia,PIANO EXPORTS FZCO,1,16.81,19.5,5.34,0.3177,16.81,1,1,2024-06-01,16.81
50062170,T052,2025-08,ARTICULOS ESCOLARES,LAPICES,LAPICES CHECADORES,OFFICEMAX,Marca Propia,PIANO EXPORTS FZCO,5,111.64,129.5,38.32,0.34325,16.81,2,2,2025-08-01,22.328
50062170,T053,2024-02,ARTICULOS ESCOLARES,LAPICES,LAPICES CHECADORES,OFFICEMAX,Marca Propia,PIANO EXPORTS FZCO,3,50.42999999999999,58.5,16.02,0.3177,16.81,2,2,2024-02-01,16.81
50062170,T054,2024-01,ARTICULOS ESCOLARES,LAPICES,LAPICES CHECADORES,OFFICEMAX,Marca Propia,PIANO EXPORTS FZCO,1,16.81,19.5,5.34,0.3177,16.81,1,1,2024-01-01,16.81
50062170,T054,2024-02,ARTICULOS ESCOLARES,LAPICES,LAPICES CHECADORES,OFFICEMAX,Marca Propia,PIANO EXPORTS FZCO,1,16.81,19.5,5.34,0.3177,16.81,1,1,2024-02-01,16.81
50062170,T054,2024-05,ARTICULOS ESCOLARES,LAPICES,LAPICES CHECADORES,OFFICEMAX,Marca Propia,PIANO EXPORTS FZCO,1,16.81,19.5,5.34,0.3177,16.81,1,1,2024-05-01,16.81
50062170,T054,2024-06,ARTICULOS ESCOLARES,LAPICES,LAPICES CHECADORES,OFFICEMAX,Marca Propia,PIANO EXPORTS FZCO,2,33.62,39.0,10.67,0.3174,16.81,1,1,2024-06-01,16.81
50062170,T054,2025-08,ARTICULOS ESCOLARES,LAPICES,LAPICES CHECADORES,OFFICEMAX,Marca Propia,PIANO EXPORTS FZCO,1,17.86,20.72,5.43,0.304,16.81,1,1,2025-08-01,17.86
50062170,T055,2024-02,ARTICULOS ESCOLARES,LAPICES,LAPICES CHECADORES,OFFICEMAX,Marca Propia,PIANO EXPORTS FZCO,2,33.62,39.0,10.68,0.3177,16.81,1,1,2024-02-01,16.81
50062170,T055,2024-03,ARTICULOS ESCOLARES,LAPICES,LAPICES CHECADORES,OFFICEMAX,Marca Propia,PIANO EXPORTS FZCO,2,33.62,39.0,10.68,0.3177,16.81,1,1,2024-03-01,16.81
50062170,T055,2024-10,ARTICULOS ESCOLARES,LAPICES,LAPICES CHECADORES,OFFICEMAX,Marca Propia,PIANO EXPORTS FZCO,1,16.81,19.5,4.8,0.2855,16.81,1,1,2024-10-01,16.81
50062170,T055,2025-08,ARTICULOS ESCOLARES,LAPICES,LAPICES CHECADORES,OFFICEMAX,Marca Propia,PIANO EXPORTS FZCO,1,22.33,25.9,7.66,0.3428,16.81,1,1,2025-08-01,22.33
50062170,T056,2024-09,ARTICULOS ESCOLARES,LAPICES,LAPICES CHECADORES,OFFICEMAX,Marca Propia,PIANO EXPORTS FZCO,1,16.81,19.5,5.34,0.3177,16.81,1,1,2024-09-01,16.81
50062170,T056,2025-07,ARTICULOS ESCOLARES,LAPICES,LAPICES CHECADORES,OFFICEMAX,Marca Propia,PIANO EXPORTS FZCO,1,14.07,16.32,3.54,0.2512,16.81,1,1,2025-07-01,14.07
50062170,T056,2025-08,ARTICULOS ESCOLARES,LAPICES,LAPICES CHECADORES,OFFICEMAX,Marca Propia,PIANO EXPORTS FZCO,2,40.19,46.62,13.1,0.32365,16.81,2,2,2025-08-01,20.095
50062170,T058,2024-04,ARTICULOS ESCOLARES,LAPICES,LAPICES CHECADORES,OFFICEMAX,Marca Propia,PIANO EXPORTS FZCO,1,16.81,19.5,5.33,0.3174,16.81,1,1,2024-04-01,16.81
50062170,T058,2024-07,ARTICULOS ESCOLARES,LAPICES,LAPICES CHECADORES,OFFICEMAX,Marca Propia,PIANO EXPORTS FZCO,5,75.65,87.75,23.09,0.3052,16.81,1,1,2024-07-01,15.13
50062170,T058,2025-01,ARTICULOS ESCOLARES,LAPICES,LAPICES CHECADORES,OFFICEMAX,Marca Propia,PIANO EXPORTS FZCO,1,16.81,19.5,4.8,0.2855,16.81,1,1,2025-01-01,16.81
50062170,T059,2025-07,ARTICULOS ESCOLARES,LAPICES,LAPICES CHECADORES,OFFICEMAX,Marca Propia,PIANO EXPORTS FZCO,1,15.63,18.13,4.31,0.2761,16.81,1,1,2025-07-01,15.63
50062170,T060,2025-07,ARTICULOS ESCOLARES,LAPICES,LAPICES CHECADORES,OFFICEMAX,Marca Propia,PIANO EXPORTS FZCO,2,44.66,51.8,15.33,0.3433,16.81,1,1,2025-07-01,22.33
50062170,T060,2025-08,ARTICULOS ESCOLARES,LAPICES,LAPICES CHECADORES,OFFICEMAX,Marca Propia,PIANO EXPORTS FZCO,1,22.33,25.9,7.67,0.3433,16.81,1,1,2025-08-01,22.33
50062170,T061,2024-01,ARTICULOS ESCOLARES,LAPICES,LAPICES CHECADORES,OFFICEMAX,Marca Propia,PIANO EXPORTS FZCO,19,343.06,370.5,113.28999999999999,0.3301,16.81,2,2,2024-01-01,18.05578947368421
50062170,T061,2024-02,ARTICULOS ESCOLARES,LAPICES,LAPICES CHECADORES,OFFICEMAX,Marca Propia,PIANO EXPORTS FZCO,2,36.12,39.0,11.92,0.33015,16.81,2,2,2024-02-01,18.06
50062170,T062,2024-01,ARTICULOS ESCOLARES,LAPICES,LAPICES CHECADORES,OFFICEMAX,Marca Propia,PIANO EXPORTS FZCO,1,16.81,19.5,5.33,0.3174,16.81,1,1,2024-01-01,16.81
50062170,T062,2024-04,ARTICULOS ESCOLARES,LAPICES,LAPICES CHECADORES,OFFICEMAX,Marca Propia,PIANO EXPORTS FZCO,1,16.81,19.5,5.34,0.3177,16.81,1,1,2024-04-01,16.81
50062170,T062,2024-09,ARTICULOS ESCOLARES,LAPICES,LAPICES CHECADORES,OFFICEMAX,Marca Propia,PIANO EXPORTS FZCO,1,16.81,19.5,5.34,0.3177,16.81,1,1,2024-09-01,16.81
50062170,T063,2024-10,ARTICULOS ESCOLARES,LAPICES,LAPICES CHECADORES,OFFICEMAX,Marca Propia,PIANO EXPORTS FZCO,1,16.81,19.5,4.8,0.2855,16.81,1,1,2024-10-01,16.81
50062170,T063,2025-07,ARTICULOS ESCOLARES,LAPICES,LAPICES CHECADORES,OFFICEMAX,Marca Propia,PIANO EXPORTS FZCO,1,22.33,25.9,7.67,0.3433,16.81,1,1,2025-07-01,22.33
50062170,T064,2024-03,ARTICULOS ESCOLARES,LAPICES,LAPICES CHECADORES,OFFICEMAX,Marca Propia,PIANO EXPORTS FZCO,1,16.81,19.5,5.34,0.3177,16.81,1,1,2024-03-01,16.81
50062170,T064,2025-06,ARTICULOS ESCOLARES,LAPICES,LAPICES CHECADORES,OFFICEMAX,Marca Propia,PIANO EXPORTS FZCO,1,21.98,25.5,7.49,0.3408,16.81,1,1,2025-06-01,21.98
50062170,T065,2025-07,ARTICULOS ESCOLARES,LAPICES,LAPICES CHECADORES,OFFICEMAX,Marca Propia,PIANO EXPORTS FZCO,1,22.33,25.9,7.67,0.3433,16.81,1,1,2025-07-01,22.33
50062170,T066,2024-01,ARTICULOS ESCOLARES,LAPICES,LAPICES CHECADORES,OFFICEMAX,Marca Propia,PIANO EXPORTS FZCO,1,16.81,19.5,5.33,0.3174,16.81,1,1,2024-01-01,16.81
50062170,T066,2025-02,ARTICULOS ESCOLARES,LAPICES,LAPICES CHECADORES,OFFICEMAX,Marca Propia,PIANO EXPORTS FZCO,1,16.81,19.5,4.8,0.2855,16.81,1,1,2025-02-01,16.81
50062170,T067,2025-09,ARTICULOS ESCOLARES,LAPICES,LAPICES CHECADORES,OFFICEMAX,Marca Propia,PIANO EXPORTS FZCO,1,22.33,25.9,7.67,0.3433,16.81,1,1,2025-09-01,22.33
50062170,T068,2024-07,ARTICULOS ESCOLARES,LAPICES,LAPICES CHECADORES,OFFICEMAX,Marca Propia,PIANO EXPORTS FZCO,1,16.81,19.5,5.33,0.3174,16.81,1,1,2024-07-01,16.81
50062170,T068,2024-08,ARTICULOS ESCOLARES,LAPICES,LAPICES CHECADORES,OFFICEMAX,Marca Propia,PIANO EXPORTS FZCO,1,16.81,19.5,5.33,0.3174,16.81,1,1,2024-08-01,16.81
50062170,T068,2024-10,ARTICULOS ESCOLARES,LAPICES,LAPICES CHECADORES,OFFICEMAX,Marca Propia,PIANO EXPORTS FZCO,1,16.81,19.5,4.8,0.2858,16.81,1,1,2024-10-01,16.81
50062170,T069,2024-03,ARTICULOS ESCOLARES,LAPICES,LAPICES CHECADORES,OFFICEMAX,Marca Propia,PIANO EXPORTS FZCO,1,16.81,19.5,5.33,0.3174,16.81,1,1,2024-03-01,16.81
50062170,T070,2024-04,ARTICULOS ESCOLARES,LAPICES,LAPICES CHECADORES,OFFICEMAX,Marca Propia,PIANO EXPORTS FZCO,3,50.43,58.5,16.0,0.3174,16.81,1,1,2024-04-01,16.81
50062170,T071,2025-06,ARTICULOS ESCOLARES,LAPICES,LAPICES CHECADORES,OFFICEMAX,Marca Propia,PIANO EXPORTS FZCO,1,22.33,25.9,7.67,0.3433,16.81,1,1,2025-06-01,22.33
50062170,T073,2024-06,ARTICULOS ESCOLARES,LAPICES,LAPICES CHECADORES,OFFICEMAX,Marca Propia,PIANO EXPORTS FZCO,1,16.81,19.5,5.34,0.3177,16.81,1,1,2024-06-01,16.81
50062170,T074,2024-09,ARTICULOS ESCOLARES,LAPICES,LAPICES CHECADORES,OFFICEMAX,Marca Propia,PIANO EXPORTS FZCO,1,16.81,19.5,4.84,0.2879,16.81,1,1,2024-09-01,16.81
50062170,T075,2024-06,ARTICULOS ESCOLARES,LAPICES,LAPICES CHECADORES,OFFICEMAX,Marca Propia,PIANO EXPORTS FZCO,2,33.62,39.0,10.67,0.31755,16.81,2,2,2024-06-01,16.81
50062170,T075,2024-10,ARTICULOS ESCOLARES,LAPICES,LAPICES CHECADORES,OFFICEMAX,Marca Propia,PIANO EXPORTS FZCO,1,16.81,19.5,4.8,0.2855,16.81,1,1,2024-10-01,16.81
50062170,T076,2024-01,ARTICULOS ESCOLARES,LAPICES,LAPICES CHECADORES,OFFICEMAX,Marca Propia,PIANO EXPORTS FZCO,1,16.81,19.5,5.34,0.3177,16.81,1,1,2024-01-01,16.81
50062170,T077,2024-01,ARTICULOS ESCOLARES,LAPICES,LAPICES CHECADORES,OFFICEMAX,Marca Propia,PIANO EXPORTS FZCO,1,16.81,19.5,5.34,0.3177,16.81,1,1,2024-01-01,16.81
50062170,T077,2024-02,ARTICULOS ESCOLARES,LAPICES,LAPICES CHECADORES,OFFICEMAX,Marca Propia,PIANO EXPORTS FZCO,1,16.81,19.5,5.34,0.3177,16.81,1,1,2024-02-01,16.81
50062170,T077,2024-04,ARTICULOS ESCOLARES,LAPICES,LAPICES CHECADORES,OFFICEMAX,Marca Propia,PIANO EXPORTS FZCO,1,16.81,19.5,5.33,0.3174,16.81,1,1,2024-04-01,16.81
50062170,T077,2025-08,ARTICULOS ESCOLARES,LAPICES,LAPICES CHECADORES,OFFICEMAX,Marca Propia,PIANO EXPORTS FZCO,1,22.33,25.9,7.67,0.3433,16.81,1,1,2025-08-01,22.33
50062170,T078,2024-02,ARTICULOS ESCOLARES,LAPICES,LAPICES CHECADORES,OFFICEMAX,Marca Propia,PIANO EXPORTS FZCO,1,16.81,19.5,5.34,0.3177,16.81,1,1,2024-02-01,16.81
50062170,T078,2025-07,ARTICULOS ESCOLARES,LAPICES,LAPICES CHECADORES,OFFICEMAX,Marca Propia,PIANO EXPORTS FZCO,1,14.07,16.32,3.66,0.2601,16.81,1,1,2025-07-01,14.07
50062170,T079,2024-04,ARTICULOS ESCOLARES,LAPICES,LAPICES CHECADORES,OFFICEMAX,Marca Propia,PIANO EXPORTS FZCO,1,16.81,19.5,5.33,0.3174,16.81,1,1,2024-04-01,16.81
50062170,T080,2025-08,ARTICULOS ESCOLARES,LAPICES,LAPICES CHECADORES,OFFICEMAX,Marca Propia,PIANO EXPORTS FZCO,1,22.33,25.9,7.67,0.3433,16.81,1,1,2025-08-01,22.33
50062170,T081,2024-11,ARTICULOS ESCOLARES,LAPICES,LAPICES CHECADORES,OFFICEMAX,Marca Propia,PIANO EXPORTS FZCO,2,33.62,39.0,9.6,0.2855,16.81,1,1,2024-11-01,16.81
50062170,T082,2024-01,ARTICULOS ESCOLARES,LAPICES,LAPICES CHECADORES,OFFICEMAX,Marca Propia,PIANO EXPORTS FZCO,1,16.81,19.5,5.34,0.3177,16.81,1,1,2024-01-01,16.81
50062170,T082,2024-02,ARTICULOS ESCOLARES,LAPICES,LAPICES CHECADORES,OFFICEMAX,Marca Propia,PIANO EXPORTS FZCO,2,33.62,39.0,10.68,0.3177,16.81,1,1,2024-02-01,16.81
50062170,T082,2024-03,ARTICULOS ESCOLARES,LAPICES,LAPICES CHECADORES,OFFICEMAX,Marca Propia,PIANO EXPORTS FZCO,2,33.62,39.0,10.68,0.3177,16.81,1,1,2024-03-01,16.81
50062170,T082,2024-11,ARTICULOS ESCOLARES,LAPICES,LAPICES CHECADORES,OFFICEMAX,Marca Propia,PIANO EXPORTS FZCO,2,33.62,39.0,9.6,0.2855,16.81,1,1,2024-11-01,16.81
50062170,T082,2025-08,ARTICULOS ESCOLARES,LAPICES,LAPICES CHECADORES,OFFICEMAX,Marca Propia,PIANO EXPORTS FZCO,2,40.19,46.62,13.1,0.32365,16.81,2,2,2025-08-01,20.095
50062170,T085,2024-02,ARTICULOS ESCOLARES,LAPICES,LAPICES CHECADORES,OFFICEMAX,Marca Propia,PIANO EXPORTS FZCO,1,16.81,19.5,5.34,0.3177,16.81,1,1,2024-02-01,16.81
50062170,T085,2025-08,ARTICULOS ESCOLARES,LAPICES,LAPICES CHECADORES,OFFICEMAX,Marca Propia,PIANO EXPORTS FZCO,5,111.64,129.5,38.33,0.34325,16.81,2,2,2025-08-01,22.328
50062170,T086,2025-07,ARTICULOS ESCOLARES,LAPICES,LAPICES CHECADORES,OFFICEMAX,Marca Propia,PIANO EXPORTS FZCO,3,53.59,62.16,16.3,0.3097,16.81,2,2,2025-07-01,17.863333333333333
50062170,T087,2024-06,ARTICULOS ESCOLARES,LAPICES,LAPICES CHECADORES,OFFICEMAX,Marca Propia,PIANO EXPORTS FZCO,5,84.05,97.5,26.67,0.3174,16.81,1,1,2024-06-01,16.81
50062170,T087,2024-08,ARTICULOS ESCOLARES,LAPICES,LAPICES CHECADORES,OFFICEMAX,Marca Propia,PIANO EXPORTS FZCO,1,11.77,13.65,2.82,0.2396,16.81,1,1,2024-08-01,11.77
50062170,T087,2025-06,ARTICULOS ESCOLARES,LAPICES,LAPICES CHECADORES,OFFICEMAX,Marca Propia,PIANO EXPORTS FZCO,1,21.98,25.5,7.49,0.3408,16.81,1,1,2025-06-01,21.98
50062171,T006,2024-07,ARTICULOS ESCOLARES,LAPICES,LAPICES CHECADORES,DIXON,Marca Externa,DIXON COMERCIALIZADORA,1,40.34,46.8,10.66,0.2643,40.34,1,1,2024-07-01,40.34
50062171,T025,2024-01,ARTICULOS ESCOLARES,LAPICES,LAPICES CHECADORES,OFFICEMAX,Marca Propia,DIXON COMERCIALIZADORA,1,40.34,46.8,10.66,0.2643,40.34,1,1,2024-01-01,40.34
50062171,T031,2024-02,ARTICULOS ESCOLARES,LAPICES,LAPICES CHECADORES,OFFICEMAX,Marca Propia,DIXON COMERCIALIZADORA,1,40.34,46.8,10.66,0.2643,40.34,1,1,2024-02-01,40.34
50062171,T062,2024-03,ARTICULOS ESCOLARES,LAPICES,LAPICES CHECADORES,OFFICEMAX,Marca Propia,DIXON COMERCIALIZADORA,1,40.34,46.8,10.66,0.2643,40.34,1,1,2024-03-01,40.34
50063001,T011,2025-01,ARTICULOS ESCOLARES,PLUMAS Y LAPICEROS FINOS,ROLLERBALL FINO,PENTEL,Marca Externa,PENTEL DE MEXICO,1,335.34,389.0,65.69,0.1959,335.34,1,1,2025-01-01,335.34
50063001,T014,2025-07,ARTICULOS ESCOLARES,PLUMAS Y LAPICEROS FINOS,ROLLERBALL FINO,PENTEL,Marca Externa,PENTEL DE MEXICO,1,343.97,399.0,64.93,0.1888,335.34,1,1,2025-07-01,343.97
50063001,T045,2024-09,ARTICULOS ESCOLARES,PLUMAS Y LAPICEROS FINOS,ROLLERBALL FINO,PENTEL,Marca Externa,PENTEL DE MEXICO,2,670.69,778.0,141.1,0.2104,335.34,1,1,2024-09-01,335.345
50063001,T048,2024-07,ARTICULOS ESCOLARES,PLUMAS Y LAPICEROS FINOS,ROLLERBALL FINO,PENTEL,Marca Externa,PENTEL DE MEXICO,1,335.34,389.0,65.69,0.1959,335.34,1,1,2024-07-01,335.34
50063001,T069,2024-11,ARTICULOS ESCOLARES,PLUMAS Y LAPICEROS FINOS,ROLLERBALL FINO,PENTEL,Marca Externa,PENTEL DE MEXICO,4,1341.38,1556.0,262.77,0.1959,335.34,1,1,2024-11-01,335.345
50063006,T045,2024-11,ARTICULOS ESCOLARES,PLUMAS Y LAPICEROS FINOS,REPUESTOS FINOS,PENTEL,Marca Externa,PENTEL DE MEXICO,1,68.88,79.9,13.0,0.1887,68.88,1,1,2024-11-01,68.88
50063006,T052,2024-01,ARTICULOS ESCOLARES,PLUMAS Y LAPICEROS FINOS,REPUESTOS FINOS,PENTEL,Marca Externa,PENTEL DE MEXICO,1,65.09,75.5,12.0,0.1843,68.88,1,1,2024-01-01,65.09
50063593,T041,2024-05,ARTICULOS ESCOLARES,BLOCKS,BLOCKS CARTA,VIRTUO,Marca Externa,OFFICE DEPOT ASIA HOLDING,1,116.38,135.0,33.9,0.2913,116.38,1,1,2024-05-01,116.38
50063593,T050,2024-03,ARTICULOS ESCOLARES,BLOCKS,BLOCKS CARTA,VIRTUO,Marca Externa,OFFICE DEPOT ASIA HOLDING,2,232.76,270.0,67.62,0.2905,116.38,1,1,2024-03-01,116.38
50063593,T051,2024-04,ARTICULOS ESCOLARES,BLOCKS,BLOCKS CARTA,VIRTUO,Marca Externa,OFFICE DEPOT ASIA HOLDING,1,116.38,135.0,35.38,0.304,116.38,1,1,2024-04-01,116.38
50063593,T059,2024-01,ARTICULOS ESCOLARES,BLOCKS,BLOCKS CARTA,VIRTUO,Marca Externa,OFFICE DEPOT ASIA HOLDING,1,116.38,135.0,34.12,0.2932,116.38,1,1,2024-01-01,116.38
50063593,T077,2024-05,ARTICULOS ESCOLARES,BLOCKS,BLOCKS CARTA,VIRTUO,Marca Externa,OFFICE DEPOT ASIA HOLDING,1,116.38,135.0,33.6,0.2887,116.38,1,1,2024-05-01,116.38
50063594,T001,2024-10,ARTICULOS ESCOLARES,BLOCKS,BLOCKS CARTA,VIRTUO,Marca Externa,OFFICE DEPOT ASIA HOLDING,1,116.38,135.0,22.22,0.1909,116.38,1,1,2024-10-01,116.38
50063594,T002,2026-03,ARTICULOS ESCOLARES,BLOCKS,BLOCKS CARTA,VIRTUO,Marca Externa,OFFICE DEPOT ASIA HOLDING,5,581.9,675.0,121.17,0.2082,116.38,1,1,2026-03-01,116.38
50063594,T005,2024-12,ARTICULOS ESCOLARES,BLOCKS,BLOCKS CARTA,VIRTUO,Marca Externa,OFFICE DEPOT ASIA HOLDING,1,116.38,135.0,22.59,0.1941,116.38,1,1,2024-12-01,116.38
50063594,T008,2025-01,ARTICULOS ESCOLARES,BLOCKS,BLOCKS CARTA,VIRTUO,Marca Externa,OFFICE DEPOT ASIA HOLDING,1,116.38,135.0,22.65,0.1946,116.38,1,1,2025-01-01,116.38
50063594,T009,2024-10,ARTICULOS ESCOLARES,BLOCKS,BLOCKS CARTA,VIRTUO,Marca Externa,OFFICE DEPOT ASIA HOLDING,1,116.38,135.0,22.22,0.1909,116.38,1,1,2024-10-01,116.38
50063594,T011,2024-12,ARTICULOS ESCOLARES,BLOCKS,BLOCKS CARTA,VIRTUO,Marca Externa,OFFICE DEPOT ASIA HOLDING,1,116.38,135.0,22.22,0.1909,116.38,1,1,2024-12-01,116.38
50063594,T015,2025-03,ARTICULOS ESCOLARES,BLOCKS,BLOCKS CARTA,VIRTUO,Marca Externa,OFFICE DEPOT ASIA HOLDING,1,116.38,135.0,22.22,0.1909,116.38,1,1,2025-03-01,116.38
50063594,T016,2024-01,ARTICULOS ESCOLARES,BLOCKS,BLOCKS CARTA,VIRTUO,Marca Externa,OFFICE DEPOT ASIA HOLDING,1,116.38,135.0,28.87,0.2481,116.38,1,1,2024-01-01,116.38
50063594,T017,2024-03,ARTICULOS ESCOLARES,BLOCKS,BLOCKS CARTA,VIRTUO,Marca Externa,OFFICE DEPOT ASIA HOLDING,1,116.38,135.0,28.87,0.2481,116.38,1,1,2024-03-01,116.38
50063594,T017,2026-04,ARTICULOS ESCOLARES,BLOCKS,BLOCKS CARTA,VIRTUO,Marca Externa,OFFICE DEPOT ASIA HOLDING,1,116.38,135.0,24.23,0.2082,116.38,1,1,2026-04-01,116.38
50063594,T018,2024-12,ARTICULOS ESCOLARES,BLOCKS,BLOCKS CARTA,VIRTUO,Marca Externa,OFFICE DEPOT ASIA HOLDING,1,116.38,135.0,22.22,0.1909,116.38,1,1,2024-12-01,116.38
50063594,T022,2025-01,ARTICULOS ESCOLARES,BLOCKS,BLOCKS CARTA,VIRTUO,Marca Externa,OFFICE DEPOT ASIA HOLDING,1,116.38,135.0,22.22,0.1909,116.38,1,1,2025-01-01,116.38
50063594,T022,2025-03,ARTICULOS ESCOLARES,BLOCKS,BLOCKS CARTA,VIRTUO,Marca Externa,OFFICE DEPOT ASIA HOLDING,1,116.38,135.0,22.22,0.1909,116.38,1,1,2025-03-01,116.38
50063594,T023,2024-02,ARTICULOS ESCOLARES,BLOCKS,BLOCKS CARTA,VIRTUO,Marca Externa,OFFICE DEPOT ASIA HOLDING,1,116.38,135.0,29.3,0.2518,116.38,1,1,2024-02-01,116.38
50063594,T025,2025-01,ARTICULOS ESCOLARES,BLOCKS,BLOCKS CARTA,VIRTUO,Marca Externa,OFFICE DEPOT ASIA HOLDING,1,116.38,135.0,22.22,0.1909,116.38,1,1,2025-01-01,116.38
50063594,T027,2025-03,ARTICULOS ESCOLARES,BLOCKS,BLOCKS CARTA,VIRTUO,Marca Externa,OFFICE DEPOT ASIA HOLDING,1,116.38,135.0,22.22,0.1909,116.38,1,1,2025-03-01,116.38
50063594,T031,2024-02,ARTICULOS ESCOLARES,BLOCKS,BLOCKS CARTA,VIRTUO,Marca Externa,OFFICE DEPOT ASIA HOLDING,1,116.38,135.0,29.25,0.2513,116.38,1,1,2024-02-01,116.38
50063594,T032,2024-05,ARTICULOS ESCOLARES,BLOCKS,BLOCKS CARTA,VIRTUO,Marca Externa,OFFICE DEPOT ASIA HOLDING,3,349.14,405.0,86.74,0.2485,116.38,2,2,2024-05-01,116.38
50063594,T032,2025-03,ARTICULOS ESCOLARES,BLOCKS,BLOCKS CARTA,VIRTUO,Marca Externa,OFFICE DEPOT ASIA HOLDING,1,116.38,135.0,22.22,0.1909,116.38,1,1,2025-03-01,116.38
50063594,T033,2025-04,ARTICULOS ESCOLARES,BLOCKS,BLOCKS CARTA,VIRTUO,Marca Externa,OFFICE DEPOT ASIA HOLDING,1,116.38,135.0,22.22,0.1909,116.38,1,1,2025-04-01,116.38
50063594,T033,2026-04,ARTICULOS ESCOLARES,BLOCKS,BLOCKS CARTA,VIRTUO,Marca Externa,OFFICE DEPOT ASIA HOLDING,1,116.38,135.0,24.23,0.2082,116.38,1,1,2026-04-01,116.38
50063594,T036,2024-01,ARTICULOS ESCOLARES,BLOCKS,BLOCKS CARTA,VIRTUO,Marca Externa,OFFICE DEPOT ASIA HOLDING,1,116.38,135.0,28.96,0.2489,116.38,1,1,2024-01-01,116.38
50063594,T036,2025-01,ARTICULOS ESCOLARES,BLOCKS,BLOCKS CARTA,VIRTUO,Marca Externa,OFFICE DEPOT ASIA HOLDING,1,116.38,135.0,22.22,0.1909,116.38,1,1,2025-01-01,116.38
50063594,T038,2024-01,ARTICULOS ESCOLARES,BLOCKS,BLOCKS CARTA,VIRTUO,Marca Externa,OFFICE DEPOT ASIA HOLDING,1,116.38,135.0,28.61,0.2458,116.38,1,1,2024-01-01,116.38
50063594,T039,2026-04,ARTICULOS ESCOLARES,BLOCKS,BLOCKS CARTA,VIRTUO,Marca Externa,OFFICE DEPOT ASIA HOLDING,1,116.38,135.0,24.23,0.2082,116.38,1,1,2026-04-01,116.38
50063594,T040,2025-03,ARTICULOS ESCOLARES,BLOCKS,BLOCKS CARTA,VIRTUO,Marca Externa,OFFICE DEPOT ASIA HOLDING,2,232.76,270.0,44.44,0.1909,116.38,1,1,2025-03-01,116.38
50063594,T044,2024-05,ARTICULOS ESCOLARES,BLOCKS,BLOCKS CARTA,VIRTUO,Marca Externa,OFFICE DEPOT ASIA HOLDING,1,116.38,135.0,29.24,0.2512,116.38,1,1,2024-05-01,116.38
50063594,T044,2026-04,ARTICULOS ESCOLARES,BLOCKS,BLOCKS CARTA,VIRTUO,Marca Externa,OFFICE DEPOT ASIA HOLDING,2,221.12,256.5,42.64,0.192,116.38,2,2,2026-04-01,110.56
50063594,T047,2024-07,ARTICULOS ESCOLARES,BLOCKS,BLOCKS CARTA,VIRTUO,Marca Externa,OFFICE DEPOT ASIA HOLDING,2,197.84,229.5,41.38,0.2091,116.38,1,1,2024-07-01,98.92
50063594,T047,2024-12,ARTICULOS ESCOLARES,BLOCKS,BLOCKS CARTA,VIRTUO,Marca Externa,OFFICE DEPOT ASIA HOLDING,1,116.38,135.0,22.22,0.1909,116.38,1,1,2024-12-01,116.38
50063594,T047,2026-03,ARTICULOS ESCOLARES,BLOCKS,BLOCKS CARTA,VIRTUO,Marca Externa,OFFICE DEPOT ASIA HOLDING,1,116.38,135.0,24.23,0.2082,116.38,1,1,2026-03-01,116.38
50063594,T048,2025-03,ARTICULOS ESCOLARES,BLOCKS,BLOCKS CARTA,VIRTUO,Marca Externa,OFFICE DEPOT ASIA HOLDING,1,116.38,135.0,22.22,0.1909,116.38,1,1,2025-03-01,116.38
50063594,T051,2024-02,ARTICULOS ESCOLARES,BLOCKS,BLOCKS CARTA,VIRTUO,Marca Externa,OFFICE DEPOT ASIA HOLDING,2,232.76,270.0,58.62,0.2518,116.38,1,1,2024-02-01,116.38
50063594,T051,2025-01,ARTICULOS ESCOLARES,BLOCKS,BLOCKS CARTA,VIRTUO,Marca Externa,OFFICE DEPOT ASIA HOLDING,1,116.38,135.0,22.22,0.1909,116.38,1,1,2025-01-01,116.38
50063594,T052,2024-11,ARTICULOS ESCOLARES,BLOCKS,BLOCKS CARTA,VIRTUO,Marca Externa,OFFICE DEPOT ASIA HOLDING,1,110.56,128.25,19.31,0.1747,116.38,1,1,2024-11-01,110.56
50063594,T053,2025-01,ARTICULOS ESCOLARES,BLOCKS,BLOCKS CARTA,VIRTUO,Marca Externa,OFFICE DEPOT ASIA HOLDING,1,116.38,135.0,22.22,0.1909,116.38,1,1,2025-01-01,116.38
50063594,T054,2024-12,ARTICULOS ESCOLARES,BLOCKS,BLOCKS CARTA,VIRTUO,Marca Externa,OFFICE DEPOT ASIA HOLDING,1,116.38,135.0,22.22,0.1909,116.38,1,1,2024-12-01,116.38
50063594,T057,2024-04,ARTICULOS ESCOLARES,BLOCKS,BLOCKS CARTA,VIRTUO,Marca Externa,OFFICE DEPOT ASIA HOLDING,1,125.0,135.0,33.55,0.2684,116.38,1,1,2024-04-01,125.0
50063594,T057,2025-03,ARTICULOS ESCOLARES,BLOCKS,BLOCKS CARTA,VIRTUO,Marca Externa,OFFICE DEPOT ASIA HOLDING,1,125.0,135.0,26.53,0.2122,116.38,1,1,2025-03-01,125.0
50063594,T057,2026-04,ARTICULOS ESCOLARES,BLOCKS,BLOCKS CARTA,VIRTUO,Marca Externa,OFFICE DEPOT ASIA HOLDING,1,125.0,135.0,28.55,0.2284,116.38,1,1,2026-04-01,125.0
50063594,T058,2024-02,ARTICULOS ESCOLARES,BLOCKS,BLOCKS CARTA,VIRTUO,Marca Externa,OFFICE DEPOT ASIA HOLDING,2,232.76,270.0,58.57,0.2516,116.38,1,1,2024-02-01,116.38
50063594,T058,2024-03,ARTICULOS ESCOLARES,BLOCKS,BLOCKS CARTA,VIRTUO,Marca Externa,OFFICE DEPOT ASIA HOLDING,1,116.38,135.0,29.28,0.2516,116.38,1,1,2024-03-01,116.38
50063594,T059,2024-03,ARTICULOS ESCOLARES,BLOCKS,BLOCKS CARTA,VIRTUO,Marca Externa,OFFICE DEPOT ASIA HOLDING,1,116.38,135.0,28.15,0.2419,116.38,1,1,2024-03-01,116.38
50063594,T061,2024-02,ARTICULOS ESCOLARES,BLOCKS,BLOCKS CARTA,VIRTUO,Marca Externa,OFFICE DEPOT ASIA HOLDING,1,125.0,135.0,33.76,0.2701,116.38,1,1,2024-02-01,125.0
50063594,T064,2024-02,ARTICULOS ESCOLARES,BLOCKS,BLOCKS CARTA,VIRTUO,Marca Externa,OFFICE DEPOT ASIA HOLDING,1,116.38,135.0,29.44,0.253,116.38,1,1,2024-02-01,116.38
50063594,T064,2024-11,ARTICULOS ESCOLARES,BLOCKS,BLOCKS CARTA,VIRTUO,Marca Externa,OFFICE DEPOT ASIA HOLDING,1,116.38,135.0,22.22,0.1909,116.38,1,1,2024-11-01,116.38
50063594,T068,2024-01,ARTICULOS ESCOLARES,BLOCKS,BLOCKS CARTA,VIRTUO,Marca Externa,OFFICE DEPOT ASIA HOLDING,1,116.38,135.0,27.85,0.2393,116.38,1,1,2024-01-01,116.38
50063594,T070,2024-01,ARTICULOS ESCOLARES,BLOCKS,BLOCKS CARTA,VIRTUO,Marca Externa,OFFICE DEPOT ASIA HOLDING,1,116.38,135.0,28.68,0.2464,116.38,1,1,2024-01-01,116.38
50063594,T070,2026-03,ARTICULOS ESCOLARES,BLOCKS,BLOCKS CARTA,VIRTUO,Marca Externa,OFFICE DEPOT ASIA HOLDING,1,116.38,135.0,24.23,0.2082,116.38,1,1,2026-03-01,116.38
50063594,T071,2024-03,ARTICULOS ESCOLARES,BLOCKS,BLOCKS CARTA,VIRTUO,Marca Externa,OFFICE DEPOT ASIA HOLDING,1,116.38,135.0,27.68,0.2378,116.38,1,1,2024-03-01,116.38
50063594,T074,2024-11,ARTICULOS ESCOLARES,BLOCKS,BLOCKS CARTA,VIRTUO,Marca Externa,OFFICE DEPOT ASIA HOLDING,1,116.38,135.0,22.22,0.1909,116.38,1,1,2024-11-01,116.38
50063594,T074,2025-01,ARTICULOS ESCOLARES,BLOCKS,BLOCKS CARTA,VIRTUO,Marca Externa,OFFICE DEPOT ASIA HOLDING,1,116.38,135.0,22.22,0.1909,116.38,1,1,2025-01-01,116.38
50063594,T076,2024-02,ARTICULOS ESCOLARES,BLOCKS,BLOCKS CARTA,VIRTUO,Marca Externa,OFFICE DEPOT ASIA HOLDING,1,116.38,135.0,29.36,0.2523,116.38,1,1,2024-02-01,116.38
50063594,T076,2024-03,ARTICULOS ESCOLARES,BLOCKS,BLOCKS CARTA,VIRTUO,Marca Externa,OFFICE DEPOT ASIA HOLDING,1,116.38,135.0,29.36,0.2523,116.38,1,1,2024-03-01,116.38
50063594,T077,2026-03,ARTICULOS ESCOLARES,BLOCKS,BLOCKS CARTA,VIRTUO,Marca Externa,OFFICE DEPOT ASIA HOLDING,1,116.38,135.0,24.23,0.2082,116.38,1,1,2026-03-01,116.38
50063594,T077,2026-04,ARTICULOS ESCOLARES,BLOCKS,BLOCKS CARTA,VIRTUO,Marca Externa,OFFICE DEPOT ASIA HOLDING,2,232.76,270.0,48.47,0.2082,116.38,1,1,2026-04-01,116.38
50063594,T078,2024-02,ARTICULOS ESCOLARES,BLOCKS,BLOCKS CARTA,VIRTUO,Marca Externa,OFFICE DEPOT ASIA HOLDING,1,116.38,135.0,28.91,0.2485,116.38,1,1,2024-02-01,116.38
50063594,T085,2025-02,ARTICULOS ESCOLARES,BLOCKS,BLOCKS CARTA,VIRTUO,Marca Externa,OFFICE DEPOT ASIA HOLDING,2,232.76,270.0,44.44,0.1909,116.38,1,1,2025-02-01,116.38
50063594,T085,2025-05,ARTICULOS ESCOLARES,BLOCKS,BLOCKS CARTA,VIRTUO,Marca Externa,OFFICE DEPOT ASIA HOLDING,1,116.38,135.0,22.22,0.1909,116.38,1,1,2025-05-01,116.38
50063594,T085,2026-03,ARTICULOS ESCOLARES,BLOCKS,BLOCKS CARTA,VIRTUO,Marca Externa,OFFICE DEPOT ASIA HOLDING,1,116.38,135.0,24.23,0.2082,116.38,1,1,2026-03-01,116.38
50063594,T087,2025-03,ARTICULOS ESCOLARES,BLOCKS,BLOCKS CARTA,VIRTUO,Marca Externa,OFFICE DEPOT ASIA HOLDING,1,116.38,135.0,22.22,0.1909,116.38,1,1,2025-03-01,116.38
50063594,T087,2026-03,ARTICULOS ESCOLARES,BLOCKS,BLOCKS CARTA,VIRTUO,Marca Externa,OFFICE DEPOT ASIA HOLDING,1,116.38,135.0,24.23,0.2082,116.38,1,1,2026-03-01,116.38
50064511,T001,2025-08,ARTICULOS ESCOLARES,LAPICES,LAPICES CHECADORES,VERITHIN,Marca Externa,NEWELL BRANDS DE MEXICO,1,34.4,39.9,6.56,0.1908,28.36,1,1,2025-08-01,34.4
50064511,T004,2024-01,ARTICULOS ESCOLARES,LAPICES,LAPICES CHECADORES,VERITHIN,Marca Externa,NEWELL BRANDS DE MEXICO,1,28.36,32.9,4.68,0.165,28.36,1,1,2024-01-01,28.36
50064511,T004,2024-10,ARTICULOS ESCOLARES,LAPICES,LAPICES CHECADORES,VERITHIN,Marca Externa,NEWELL BRANDS DE MEXICO,1,28.36,32.9,4.68,0.165,28.36,1,1,2024-10-01,28.36
50064511,T017,2025-08,ARTICULOS ESCOLARES,LAPICES,LAPICES CHECADORES,VERITHIN,Marca Externa,NEWELL BRANDS DE MEXICO,1,34.4,39.9,6.59,0.1916,28.36,1,1,2025-08-01,34.4
50064511,T021,2025-02,ARTICULOS ESCOLARES,LAPICES,LAPICES CHECADORES,VERITHIN,Marca Externa,NEWELL BRANDS DE MEXICO,1,28.36,32.9,4.68,0.165,28.36,1,1,2025-02-01,28.36
50064511,T023,2025-07,ARTICULOS ESCOLARES,LAPICES,LAPICES CHECADORES,VERITHIN,Marca Externa,NEWELL BRANDS DE MEXICO,2,48.16,55.86,2.91,0.0604,28.36,1,1,2025-07-01,24.08
50064511,T025,2025-08,ARTICULOS ESCOLARES,LAPICES,LAPICES CHECADORES,VERITHIN,Marca Externa,NEWELL BRANDS DE MEXICO,1,27.52,31.92,3.15,0.1145,28.36,1,1,2025-08-01,27.52
50064511,T025,2026-02,ARTICULOS ESCOLARES,LAPICES,LAPICES CHECADORES,VERITHIN,Marca Externa,NEWELL BRANDS DE MEXICO,1,38.71,44.9,8.72,0.2253,28.36,1,1,2026-02-01,38.71
50064511,T028,2024-01,ARTICULOS ESCOLARES,LAPICES,LAPICES CHECADORES,VERITHIN,Marca Externa,NEWELL BRANDS DE MEXICO,1,28.36,32.9,4.68,0.165,28.36,1,1,2024-01-01,28.36
50064511,T033,2025-04,ARTICULOS ESCOLARES,LAPICES,LAPICES CHECADORES,VERITHIN,Marca Externa,NEWELL BRANDS DE MEXICO,1,34.05,39.5,6.47,0.1902,28.36,1,1,2025-04-01,34.05
50064511,T034,2025-08,ARTICULOS ESCOLARES,LAPICES,LAPICES CHECADORES,VERITHIN,Marca Externa,NEWELL BRANDS DE MEXICO,1,34.4,39.9,6.56,0.1908,28.36,1,1,2025-08-01,34.4
50064511,T037,2025-08,ARTICULOS ESCOLARES,LAPICES,LAPICES CHECADORES,VERITHIN,Marca Externa,NEWELL BRANDS DE MEXICO,1,34.4,39.9,6.56,0.1907,28.36,1,1,2025-08-01,34.4
50064511,T037,2025-09,ARTICULOS ESCOLARES,LAPICES,LAPICES CHECADORES,VERITHIN,Marca Externa,NEWELL BRANDS DE MEXICO,1,34.4,39.9,6.56,0.1907,28.36,1,1,2025-09-01,34.4
50064511,T038,2025-08,ARTICULOS ESCOLARES,LAPICES,LAPICES CHECADORES,VERITHIN,Marca Externa,NEWELL BRANDS DE MEXICO,1,30.96,35.91,5.13,0.1658,28.36,1,1,2025-08-01,30.96
50064511,T040,2025-02,ARTICULOS ESCOLARES,LAPICES,LAPICES CHECADORES,VERITHIN,Marca Externa,NEWELL BRANDS DE MEXICO,1,34.05,39.5,7.53,0.221,28.36,1,1,2025-02-01,34.05
50064511,T041,2024-05,ARTICULOS ESCOLARES,LAPICES,LAPICES CHECADORES,VERITHIN,Marca Externa,NEWELL BRANDS DE MEXICO,1,28.36,32.9,4.68,0.165,28.36,1,1,2024-05-01,28.36
50064511,T041,2025-08,ARTICULOS ESCOLARES,LAPICES,LAPICES CHECADORES,VERITHIN,Marca Externa,NEWELL BRANDS DE MEXICO,1,34.4,39.9,6.57,0.191,28.36,1,1,2025-08-01,34.4
50064511,T041,2026-01,ARTICULOS ESCOLARES,LAPICES,LAPICES CHECADORES,VERITHIN,Marca Externa,NEWELL BRANDS DE MEXICO,2,68.79,79.8,13.12,0.1908,28.36,1,1,2026-01-01,34.395
50064511,T046,2025-12,ARTICULOS ESCOLARES,LAPICES,LAPICES CHECADORES,VERITHIN,Marca Externa,NEWELL BRANDS DE MEXICO,2,73.89,79.8,15.68,0.2121,28.36,1,1,2025-12-01,36.945
50064511,T049,2025-08,ARTICULOS ESCOLARES,LAPICES,LAPICES CHECADORES,VERITHIN,Marca Externa,NEWELL BRANDS DE MEXICO,1,34.4,39.9,6.59,0.1916,28.36,1,1,2025-08-01,34.4
50064511,T049,2025-09,ARTICULOS ESCOLARES,LAPICES,LAPICES CHECADORES,VERITHIN,Marca Externa,NEWELL BRANDS DE MEXICO,2,68.79,79.8,13.17,0.1914,28.36,1,1,2025-09-01,34.395
50064511,T050,2024-07,ARTICULOS ESCOLARES,LAPICES,LAPICES CHECADORES,VERITHIN,Marca Externa,NEWELL BRANDS DE MEXICO,2,56.72,65.8,9.36,0.165,28.36,1,1,2024-07-01,28.36
50064511,T051,2025-08,ARTICULOS ESCOLARES,LAPICES,LAPICES CHECADORES,VERITHIN,Marca Externa,NEWELL BRANDS DE MEXICO,1,34.4,39.9,6.57,0.1911,28.36,1,1,2025-08-01,34.4
50064511,T052,2024-08,ARTICULOS ESCOLARES,LAPICES,LAPICES CHECADORES,VERITHIN,Marca Externa,NEWELL BRANDS DE MEXICO,1,19.85,23.03,0.43,0.0214,28.36,1,1,2024-08-01,19.85
50064511,T052,2024-10,ARTICULOS ESCOLARES,LAPICES,LAPICES CHECADORES,VERITHIN,Marca Externa,NEWELL BRANDS DE MEXICO,1,28.36,32.9,4.68,0.165,28.36,1,1,2024-10-01,28.36
50064511,T052,2025-08,ARTICULOS ESCOLARES,LAPICES,LAPICES CHECADORES,VERITHIN,Marca Externa,NEWELL BRANDS DE MEXICO,1,34.4,39.9,6.56,0.1907,28.36,1,1,2025-08-01,34.4
50064511,T053,2025-08,ARTICULOS ESCOLARES,LAPICES,LAPICES CHECADORES,VERITHIN,Marca Externa,NEWELL BRANDS DE MEXICO,1,34.4,39.9,6.56,0.1907,28.36,1,1,2025-08-01,34.4
50064511,T054,2024-04,ARTICULOS ESCOLARES,LAPICES,LAPICES CHECADORES,VERITHIN,Marca Externa,NEWELL BRANDS DE MEXICO,1,28.36,32.9,4.68,0.165,28.36,1,1,2024-04-01,28.36
50064511,T054,2024-07,ARTICULOS ESCOLARES,LAPICES,LAPICES CHECADORES,VERITHIN,Marca Externa,NEWELL BRANDS DE MEXICO,2,56.72,65.8,9.36,0.165,28.36,1,1,2024-07-01,28.36
50064511,T054,2025-05,ARTICULOS ESCOLARES,LAPICES,LAPICES CHECADORES,VERITHIN,Marca Externa,NEWELL BRANDS DE MEXICO,3,102.16,118.5,19.29,0.1889,28.36,1,1,2025-05-01,34.053333333333335
50064511,T056,2025-08,ARTICULOS ESCOLARES,LAPICES,LAPICES CHECADORES,VERITHIN,Marca Externa,NEWELL BRANDS DE MEXICO,1,34.4,39.9,6.57,0.1911,28.36,1,1,2025-08-01,34.4
50064511,T061,2024-08,ARTICULOS ESCOLARES,LAPICES,LAPICES CHECADORES,VERITHIN,Marca Externa,NEWELL BRANDS DE MEXICO,1,30.46,32.9,5.73,0.1881,28.36,1,1,2024-08-01,30.46
50064511,T062,2025-08,ARTICULOS ESCOLARES,LAPICES,LAPICES CHECADORES,VERITHIN,Marca Externa,NEWELL BRANDS DE MEXICO,1,34.4,39.9,6.56,0.1907,28.36,1,1,2025-08-01,34.4
50064511,T063,2025-09,ARTICULOS ESCOLARES,LAPICES,LAPICES CHECADORES,VERITHIN,Marca Externa,NEWELL BRANDS DE MEXICO,1,34.4,39.9,6.56,0.1907,28.36,1,1,2025-09-01,34.4
50064511,T065,2026-03,ARTICULOS ESCOLARES,LAPICES,LAPICES CHECADORES,VERITHIN,Marca Externa,NEWELL BRANDS DE MEXICO,1,38.71,44.9,7.84,0.2024,28.36,1,1,2026-03-01,38.71
50064511,T073,2025-01,ARTICULOS ESCOLARES,LAPICES,LAPICES CHECADORES,VERITHIN,Marca Externa,NEWELL BRANDS DE MEXICO,1,28.36,32.9,4.68,0.165,28.36,1,1,2025-01-01,28.36
50064511,T074,2025-02,ARTICULOS ESCOLARES,LAPICES,LAPICES CHECADORES,VERITHIN,Marca Externa,NEWELL BRANDS DE MEXICO,1,28.36,32.9,4.68,0.165,28.36,1,1,2025-02-01,28.36
50064511,T078,2026-01,ARTICULOS ESCOLARES,LAPICES,LAPICES CHECADORES,VERITHIN,Marca Externa,NEWELL BRANDS DE MEXICO,1,34.4,39.9,6.57,0.191,28.36,1,1,2026-01-01,34.4
50064511,T079,2024-10,ARTICULOS ESCOLARES,LAPICES,LAPICES CHECADORES,VERITHIN,Marca Externa,NEWELL BRANDS DE MEXICO,1,28.36,32.9,4.68,0.165,28.36,1,1,2024-10-01,28.36
50064511,T086,2024-06,ARTICULOS ESCOLARES,LAPICES,LAPICES CHECADORES,VERITHIN,Marca Externa,NEWELL BRANDS DE MEXICO,1,28.36,32.9,4.68,0.165,28.36,1,1,2024-06-01,28.36
50064511,T086,2024-08,ARTICULOS ESCOLARES,LAPICES,LAPICES CHECADORES,VERITHIN,Marca Externa,NEWELL BRANDS DE MEXICO,1,28.36,32.9,4.68,0.165,28.36,1,1,2024-08-01,28.36
50064511,T086,2025-12,ARTICULOS ESCOLARES,LAPICES,LAPICES CHECADORES,VERITHIN,Marca Externa,NEWELL BRANDS DE MEXICO,1,34.4,39.9,6.56,0.1907,28.36,1,1,2025-12-01,34.4
50064511,T087,2024-08,ARTICULOS ESCOLARES,LAPICES,LAPICES CHECADORES,VERITHIN,Marca Externa,NEWELL BRANDS DE MEXICO,1,28.36,32.9,4.68,0.165,28.36,1,1,2024-08-01,28.36
50064871,T048,2026-03,ARTICULOS ESCOLARES,LIBRETAS EJECUTIVAS,LIBRETAS PROFESIONAL,DANPEX,Marca Externa,INDUSTRIAS DANPEX,2,584.48,678.0,125.83,0.2153,275.0,1,1,2026-03-01,292.24
50064871,T050,2025-10,ARTICULOS ESCOLARES,LIBRETAS EJECUTIVAS,LIBRETAS PROFESIONAL,DANPEX,Marca Externa,INDUSTRIAS DANPEX,1,275.0,319.0,54.3,0.1974,275.0,1,1,2025-10-01,275.0
50064871,T070,2025-04,ARTICULOS ESCOLARES,LIBRETAS EJECUTIVAS,LIBRETAS PROFESIONAL,DANPEX,Marca Externa,INDUSTRIAS DANPEX,1,275.0,319.0,56.27,0.2046,275.0,1,1,2025-04-01,275.0
50064871,T078,2024-01,ARTICULOS ESCOLARES,LIBRETAS EJECUTIVAS,LIBRETAS PROFESIONAL,DANPEX,Marca Externa,INDUSTRIAS DANPEX,1,275.0,319.0,54.54,0.1983,275.0,1,1,2024-01-01,275.0
50065892,T001,2025-02,ARTICULOS ESCOLARES,MARCADORES,MARCADORES ESPECIALES,,Marca Externa,OFFICE DEPOT ASIA HOLDING,1,19.74,22.9,6.58,0.3333,19.74,1,1,2025-02-01,19.74
50065892,T002,2024-10,ARTICULOS ESCOLARES,MARCADORES,MARCADORES ESPECIALES,OFFICEMAX,Marca Propia,OFFICE DEPOT ASIA HOLDING,1,19.74,22.9,6.57,0.3331,19.74,1,1,2024-10-01,19.74
50065892,T002,2025-02,ARTICULOS ESCOLARES,MARCADORES,MARCADORES ESPECIALES,,Marca Externa,OFFICE DEPOT ASIA HOLDING,1,19.74,22.9,5.86,0.2969,19.74,1,1,2025-02-01,19.74
50065892,T005,2024-04,ARTICULOS ESCOLARES,MARCADORES,MARCADORES ESPECIALES,OFFICEMAX,Marca Propia,OFFICE DEPOT ASIA HOLDING,1,19.74,22.9,6.63,0.3359,19.74,1,1,2024-04-01,19.74
50065892,T005,2025-05,ARTICULOS ESCOLARES,MARCADORES,MARCADORES ESPECIALES,OFFICEMAX,Marca Propia,OFFICE DEPOT ASIA HOLDING,1,19.74,22.9,6.04,0.3062,19.74,1,1,2025-05-01,19.74
50065892,T006,2024-03,ARTICULOS ESCOLARES,MARCADORES,MARCADORES ESPECIALES,OFFICEMAX,Marca Propia,OFFICE DEPOT ASIA HOLDING,1,19.74,22.9,6.64,0.3364,19.74,1,1,2024-03-01,19.74
50065892,T006,2025-04,ARTICULOS ESCOLARES,MARCADORES,MARCADORES ESPECIALES,,Marca Externa,OFFICE DEPOT ASIA HOLDING,1,19.74,22.9,6.03,0.3057,19.74,1,1,2025-04-01,19.74
50065892,T006,2025-07,ARTICULOS ESCOLARES,MARCADORES,MARCADORES ESPECIALES,OFFICEMAX,Marca Propia,OFFICE DEPOT ASIA HOLDING,1,19.74,22.9,5.91,0.2994,19.74,1,1,2025-07-01,19.74
50065892,T007,2024-08,ARTICULOS ESCOLARES,MARCADORES,MARCADORES ESPECIALES,OFFICEMAX,Marca Propia,OFFICE DEPOT ASIA HOLDING,1,19.74,22.9,6.6,0.3343,19.74,1,1,2024-08-01,19.74
50065892,T007,2025-05,ARTICULOS ESCOLARES,MARCADORES,MARCADORES ESPECIALES,OFFICEMAX,Marca Propia,OFFICE DEPOT ASIA HOLDING,1,19.74,22.9,6.02,0.3052,19.74,1,1,2025-05-01,19.74
50065892,T008,2024-12,ARTICULOS ESCOLARES,MARCADORES,MARCADORES ESPECIALES,OFFICEMAX,Marca Propia,OFFICE DEPOT ASIA HOLDING,1,19.74,22.9,6.59,0.3341,19.74,1,1,2024-12-01,19.74
50065892,T008,2025-08,ARTICULOS ESCOLARES,MARCADORES,MARCADORES ESPECIALES,,Marca Externa,OFFICE DEPOT ASIA HOLDING,1,13.82,16.03,3.64,0.263,19.74,1,1,2025-08-01,13.82
50065892,T009,2024-04,ARTICULOS ESCOLARES,MARCADORES,MARCADORES ESPECIALES,OFFICEMAX,Marca Propia,OFFICE DEPOT ASIA HOLDING,2,39.48,45.8,13.27,0.3361,19.74,1,1,2024-04-01,19.74
50065892,T010,2024-01,ARTICULOS ESCOLARES,MARCADORES,MARCADORES ESPECIALES,OFFICEMAX,Marca Propia,OFFICE DEPOT ASIA HOLDING,2,39.48,45.8,13.31,0.3371,19.74,1,1,2024-01-01,19.74
50065892,T010,2024-02,ARTICULOS ESCOLARES,MARCADORES,MARCADORES ESPECIALES,OFFICEMAX,Marca Propia,OFFICE DEPOT ASIA HOLDING,1,19.74,22.9,6.65,0.3371,19.74,1,1,2024-02-01,19.74
50065892,T010,2024-09,ARTICULOS ESCOLARES,MARCADORES,MARCADORES ESPECIALES,,Marca Externa,OFFICE DEPOT ASIA HOLDING,1,19.74,22.9,6.6,0.3343,19.74,1,1,2024-09-01,19.74
50065892,T012,2024-02,ARTICULOS ESCOLARES,MARCADORES,MARCADORES ESPECIALES,OFFICEMAX,Marca Propia,OFFICE DEPOT ASIA HOLDING,1,19.74,22.9,6.63,0.3361,19.74,1,1,2024-02-01,19.74
50065892,T012,2025-05,ARTICULOS ESCOLARES,MARCADORES,MARCADORES ESPECIALES,OFFICEMAX,Marca Propia,OFFICE DEPOT ASIA HOLDING,1,19.74,22.9,5.83,0.2953,19.74,1,1,2025-05-01,19.74
50065892,T014,2025-06,ARTICULOS ESCOLARES,MARCADORES,MARCADORES ESPECIALES,OFFICEMAX,Marca Propia,OFFICE DEPOT ASIA HOLDING,2,39.48,45.8,12.3,0.3116,19.74,1,1,2025-06-01,19.74
50065892,T014,2025-12,ARTICULOS ESCOLARES,MARCADORES,MARCADORES ESPECIALES,OFFICEMAX,Marca Propia,OFFICE DEPOT ASIA HOLDING,1,19.74,22.9,5.99,0.3032,19.74,1,1,2025-12-01,19.74
50065892,T015,2024-03,ARTICULOS ESCOLARES,MARCADORES,MARCADORES ESPECIALES,OFFICEMAX,Marca Propia,OFFICE DEPOT ASIA HOLDING,2,39.48,45.8,13.3,0.3369,19.74,1,1,2024-03-01,19.74
50065892,T015,2024-08,ARTICULOS ESCOLARES,MARCADORES,MARCADORES ESPECIALES,OFFICEMAX,Marca Propia,OFFICE DEPOT ASIA HOLDING,2,27.64,32.06,7.31,0.2645,19.74,1,1,2024-08-01,13.82
50065892,T015,2025-06,ARTICULOS ESCOLARES,MARCADORES,MARCADORES ESPECIALES,OFFICEMAX,Marca Propia,OFFICE DEPOT ASIA HOLDING,1,19.74,22.9,5.85,0.2964,19.74,1,1,2025-06-01,19.74
50065892,T015,2025-09,ARTICULOS ESCOLARES,MARCADORES,MARCADORES ESPECIALES,OFFICEMAX,Marca Propia,OFFICE DEPOT ASIA HOLDING,1,19.74,22.9,5.85,0.2966,19.74,1,1,2025-09-01,19.74
50065892,T016,2024-04,ARTICULOS ESCOLARES,MARCADORES,MARCADORES ESPECIALES,OFFICEMAX,Marca Propia,OFFICE DEPOT ASIA HOLDING,1,19.74,22.9,6.63,0.3361,19.74,1,1,2024-04-01,19.74
50065892,T016,2024-07,ARTICULOS ESCOLARES,MARCADORES,MARCADORES ESPECIALES,OFFICEMAX,Marca Propia,OFFICE DEPOT ASIA HOLDING,1,19.74,22.9,6.57,0.3331,19.74,1,1,2024-07-01,19.74
50065892,T016,2025-04,ARTICULOS ESCOLARES,MARCADORES,MARCADORES ESPECIALES,OFFICEMAX,Marca Propia,OFFICE DEPOT ASIA HOLDING,1,19.74,22.9,5.81,0.2943,19.74,1,1,2025-04-01,19.74
50065892,T017,2024-01,ARTICULOS ESCOLARES,MARCADORES,MARCADORES ESPECIALES,OFFICEMAX,Marca Propia,OFFICE DEPOT ASIA HOLDING,1,19.74,22.9,6.65,0.3371,19.74,1,1,2024-01-01,19.74
50065892,T017,2025-05,ARTICULOS ESCOLARES,MARCADORES,MARCADORES ESPECIALES,OFFICEMAX,Marca Propia,OFFICE DEPOT ASIA HOLDING,1,19.74,22.9,5.83,0.2953,19.74,1,1,2025-05-01,19.74
50065892,T017,2025-10,ARTICULOS ESCOLARES,MARCADORES,MARCADORES ESPECIALES,,Marca Externa,OFFICE DEPOT ASIA HOLDING,1,19.74,22.9,5.84,0.2961,19.74,1,1,2025-10-01,19.74
50065892,T018,2024-10,ARTICULOS ESCOLARES,MARCADORES,MARCADORES ESPECIALES,,Marca Externa,OFFICE DEPOT ASIA HOLDING,1,19.74,22.9,6.61,0.3349,19.74,1,1,2024-10-01,19.74
50065892,T018,2025-07,ARTICULOS ESCOLARES,MARCADORES,MARCADORES ESPECIALES,OFFICEMAX,Marca Propia,OFFICE DEPOT ASIA HOLDING,1,19.74,22.9,5.93,0.3004,19.74,1,1,2025-07-01,19.74
50065892,T019,2024-03,ARTICULOS ESCOLARES,MARCADORES,MARCADORES ESPECIALES,,Marca Externa,OFFICE DEPOT ASIA HOLDING,1,19.74,22.9,6.65,0.3371,19.74,1,1,2024-03-01,19.74
50065892,T019,2025-08,ARTICULOS ESCOLARES,MARCADORES,MARCADORES ESPECIALES,,Marca Externa,OFFICE DEPOT ASIA HOLDING,1,19.74,22.9,5.91,0.2994,19.74,1,1,2025-08-01,19.74
50065892,T023,2026-04,ARTICULOS ESCOLARES,MARCADORES,MARCADORES ESPECIALES,OFFICEMAX,Marca Propia,OFFICE DEPOT ASIA HOLDING,1,19.74,22.9,6.29,0.3186,19.74,1,1,2026-04-01,19.74
50065892,T025,2025-03,ARTICULOS ESCOLARES,MARCADORES,MARCADORES ESPECIALES,OFFICEMAX,Marca Propia,OFFICE DEPOT ASIA HOLDING,2,39.48,45.8,11.61,0.2941,19.74,1,1,2025-03-01,19.74
50065892,T025,2025-05,ARTICULOS ESCOLARES,MARCADORES,MARCADORES ESPECIALES,OFFICEMAX,Marca Propia,OFFICE DEPOT ASIA HOLDING,1,19.74,22.9,5.8,0.2941,19.74,1,1,2025-05-01,19.74
50065892,T025,2025-06,ARTICULOS ESCOLARES,MARCADORES,MARCADORES ESPECIALES,,Marca Externa,OFFICE DEPOT ASIA HOLDING,1,19.74,22.9,5.84,0.2961,19.74,1,1,2025-06-01,19.74
50065892,T025,2025-08,ARTICULOS ESCOLARES,MARCADORES,MARCADORES ESPECIALES,OFFICEMAX,Marca Propia,OFFICE DEPOT ASIA HOLDING,1,19.74,22.9,5.84,0.2961,19.74,1,1,2025-08-01,19.74
50065892,T025,2026-04,ARTICULOS ESCOLARES,MARCADORES,MARCADORES ESPECIALES,OFFICEMAX,Marca Propia,OFFICE DEPOT ASIA HOLDING,1,19.74,22.9,6.15,0.3116,19.74,1,1,2026-04-01,19.74
50065892,T026,2026-01,ARTICULOS ESCOLARES,MARCADORES,MARCADORES ESPECIALES,OFFICEMAX,Marca Propia,OFFICE DEPOT ASIA HOLDING,1,19.74,22.9,5.87,0.2976,19.74,1,1,2026-01-01,19.74
50065892,T027,2024-08,ARTICULOS ESCOLARES,MARCADORES,MARCADORES ESPECIALES,OFFICEMAX,Marca Propia,OFFICE DEPOT ASIA HOLDING,1,13.82,16.03,3.62,0.2616,19.74,1,1,2024-08-01,13.82
50065892,T028,2024-08,ARTICULOS ESCOLARES,MARCADORES,MARCADORES ESPECIALES,,Marca Externa,OFFICE DEPOT ASIA HOLDING,1,19.74,22.9,6.57,0.3331,19.74,1,1,2024-08-01,19.74
50065892,T028,2025-06,ARTICULOS ESCOLARES,MARCADORES,MARCADORES ESPECIALES,,Marca Externa,OFFICE DEPOT ASIA HOLDING,1,19.74,22.9,6.08,0.308,19.74,1,1,2025-06-01,19.74
50065892,T028,2025-07,ARTICULOS ESCOLARES,MARCADORES,MARCADORES ESPECIALES,,Marca Externa,OFFICE DEPOT ASIA HOLDING,10,197.41,229.0,60.8,0.308,19.74,1,1,2025-07-01,19.741
50065892,T030,2025-06,ARTICULOS ESCOLARES,MARCADORES,MARCADORES ESPECIALES,OFFICEMAX,Marca Propia,OFFICE DEPOT ASIA HOLDING,1,19.74,22.9,5.85,0.2964,19.74,1,1,2025-06-01,19.74
50065892,T030,2026-04,ARTICULOS ESCOLARES,MARCADORES,MARCADORES ESPECIALES,,Marca Externa,OFFICE DEPOT ASIA HOLDING,1,19.74,22.9,6.25,0.3169,19.74,1,1,2026-04-01,19.74
50065892,T031,2025-08,ARTICULOS ESCOLARES,MARCADORES,MARCADORES ESPECIALES,OFFICEMAX,Marca Propia,OFFICE DEPOT ASIA HOLDING,2,30.6,35.49,7.3,0.23575,19.74,2,2,2025-08-01,15.3
50065892,T032,2025-09,ARTICULOS ESCOLARES,MARCADORES,MARCADORES ESPECIALES,OFFICEMAX,Marca Propia,OFFICE DEPOT ASIA HOLDING,1,19.74,22.9,5.85,0.2966,19.74,1,1,2025-09-01,19.74
50065892,T033,2024-07,ARTICULOS ESCOLARES,MARCADORES,MARCADORES ESPECIALES,OFFICEMAX,Marca Propia,OFFICE DEPOT ASIA HOLDING,1,19.74,22.9,6.58,0.3333,19.74,1,1,2024-07-01,19.74
50065892,T033,2025-02,ARTICULOS ESCOLARES,MARCADORES,MARCADORES ESPECIALES,,Marca Externa,OFFICE DEPOT ASIA HOLDING,1,19.74,22.9,5.8,0.2941,19.74,1,1,2025-02-01,19.74
50065892,T033,2025-07,ARTICULOS ESCOLARES,MARCADORES,MARCADORES ESPECIALES,OFFICEMAX,Marca Propia,OFFICE DEPOT ASIA HOLDING,1,19.74,22.9,5.84,0.2958,19.74,1,1,2025-07-01,19.74
50065892,T035,2025-10,ARTICULOS ESCOLARES,MARCADORES,MARCADORES ESPECIALES,OFFICEMAX,Marca Propia,OFFICE DEPOT ASIA HOLDING,1,19.74,22.9,5.89,0.2984,19.74,1,1,2025-10-01,19.74
50065892,T035,2026-02,ARTICULOS ESCOLARES,MARCADORES,MARCADORES ESPECIALES,,Marca Externa,OFFICE DEPOT ASIA HOLDING,1,19.74,22.9,5.87,0.2974,19.74,1,1,2026-02-01,19.74
50065892,T036,2024-01,ARTICULOS ESCOLARES,MARCADORES,MARCADORES ESPECIALES,OFFICEMAX,Marca Propia,OFFICE DEPOT ASIA HOLDING,1,19.74,22.9,6.63,0.3359,19.74,1,1,2024-01-01,19.74
50065892,T036,2024-06,ARTICULOS ESCOLARES,MARCADORES,MARCADORES ESPECIALES,,Marca Externa,OFFICE DEPOT ASIA HOLDING,1,19.74,22.9,6.63,0.3359,19.74,1,1,2024-06-01,19.74
50065892,T037,2024-02,ARTICULOS ESCOLARES,MARCADORES,MARCADORES ESPECIALES,OFFICEMAX,Marca Propia,OFFICE DEPOT ASIA HOLDING,2,39.48,45.8,13.3,0.3369,19.74,1,1,2024-02-01,19.74
50065892,T039,2025-12,ARTICULOS ESCOLARES,MARCADORES,MARCADORES ESPECIALES,OFFICEMAX,Marca Propia,OFFICE DEPOT ASIA HOLDING,1,19.74,22.9,5.88,0.2981,19.74,1,1,2025-12-01,19.74
50065892,T040,2024-02,ARTICULOS ESCOLARES,MARCADORES,MARCADORES ESPECIALES,,Marca Externa,OFFICE DEPOT ASIA HOLDING,3,59.22,68.7,19.96,0.3371,19.74,1,1,2024-02-01,19.74
50065892,T043,2025-03,ARTICULOS ESCOLARES,MARCADORES,MARCADORES ESPECIALES,OFFICEMAX,Marca Propia,OFFICE DEPOT ASIA HOLDING,1,21.2,22.9,6.73,0.3175,19.74,1,1,2025-03-01,21.2
50065892,T044,2025-05,ARTICULOS ESCOLARES,MARCADORES,MARCADORES ESPECIALES,OFFICEMAX,Marca Propia,OFFICE DEPOT ASIA HOLDING,1,19.74,22.9,6.0,0.3042,19.74,1,1,2025-05-01,19.74
50065892,T044,2026-01,ARTICULOS ESCOLARES,MARCADORES,MARCADORES ESPECIALES,OFFICEMAX,Marca Propia,OFFICE DEPOT ASIA HOLDING,1,19.74,22.9,5.92,0.3002,19.74,1,1,2026-01-01,19.74
50065892,T044,2026-04,ARTICULOS ESCOLARES,MARCADORES,MARCADORES ESPECIALES,OFFICEMAX,Marca Propia,OFFICE DEPOT ASIA HOLDING,1,19.74,22.9,6.21,0.3148,19.74,1,1,2026-04-01,19.74
50065892,T045,2025-02,ARTICULOS ESCOLARES,MARCADORES,MARCADORES ESPECIALES,,Marca Externa,OFFICE DEPOT ASIA HOLDING,1,19.74,22.9,6.59,0.3338,19.74,1,1,2025-02-01,19.74
50065892,T045,2025-04,ARTICULOS ESCOLARES,MARCADORES,MARCADORES ESPECIALES,OFFICEMAX,Marca Propia,OFFICE DEPOT ASIA HOLDING,1,19.74,22.9,6.59,0.3338,19.74,1,1,2025-04-01,19.74
50065892,T045,2025-12,ARTICULOS ESCOLARES,MARCADORES,MARCADORES ESPECIALES,,Marca Externa,OFFICE DEPOT ASIA HOLDING,1,19.74,22.9,6.06,0.307,19.74,1,1,2025-12-01,19.74
50065892,T047,2025-12,ARTICULOS ESCOLARES,MARCADORES,MARCADORES ESPECIALES,,Marca Externa,OFFICE DEPOT ASIA HOLDING,1,19.74,22.9,5.86,0.2971,19.74,1,1,2025-12-01,19.74
50065892,T049,2026-02,ARTICULOS ESCOLARES,MARCADORES,MARCADORES ESPECIALES,OFFICEMAX,Marca Propia,OFFICE DEPOT ASIA HOLDING,1,19.74,22.9,5.9,0.2991,19.74,1,1,2026-02-01,19.74
50065892,T050,2024-11,ARTICULOS ESCOLARES,MARCADORES,MARCADORES ESPECIALES,OFFICEMAX,Marca Propia,OFFICE DEPOT ASIA HOLDING,1,19.74,22.9,6.58,0.3333,19.74,1,1,2024-11-01,19.74
50065892,T050,2025-09,ARTICULOS ESCOLARES,MARCADORES,MARCADORES ESPECIALES,OFFICEMAX,Marca Propia,OFFICE DEPOT ASIA HOLDING,1,19.74,22.9,5.84,0.2961,19.74,1,1,2025-09-01,19.74
50065892,T050,2026-02,ARTICULOS ESCOLARES,MARCADORES,MARCADORES ESPECIALES,,Marca Externa,OFFICE DEPOT ASIA HOLDING,2,39.48,45.8,11.71,0.2966,19.74,1,1,2026-02-01,19.74
50065892,T052,2024-10,ARTICULOS ESCOLARES,MARCADORES,MARCADORES ESPECIALES,OFFICEMAX,Marca Propia,OFFICE DEPOT ASIA HOLDING,1,19.74,22.9,6.58,0.3336,19.74,1,1,2024-10-01,19.74
50065892,T054,2024-03,ARTICULOS ESCOLARES,MARCADORES,MARCADORES ESPECIALES,,Marca Externa,OFFICE DEPOT ASIA HOLDING,1,19.74,22.9,6.65,0.3369,19.74,1,1,2024-03-01,19.74
50065892,T054,2025-01,ARTICULOS ESCOLARES,MARCADORES,MARCADORES ESPECIALES,OFFICEMAX,Marca Propia,OFFICE DEPOT ASIA HOLDING,1,19.74,22.9,6.57,0.3331,19.74,1,1,2025-01-01,19.74
50065892,T056,2024-11,ARTICULOS ESCOLARES,MARCADORES,MARCADORES ESPECIALES,,Marca Externa,OFFICE DEPOT ASIA HOLDING,1,19.74,22.9,6.59,0.3341,19.74,1,1,2024-11-01,19.74
50065892,T056,2025-02,ARTICULOS ESCOLARES,MARCADORES,MARCADORES ESPECIALES,,Marca Externa,OFFICE DEPOT ASIA HOLDING,2,39.48,45.8,12.19,0.3088,19.74,1,1,2025-02-01,19.74
50065892,T056,2025-05,ARTICULOS ESCOLARES,MARCADORES,MARCADORES ESPECIALES,,Marca Externa,OFFICE DEPOT ASIA HOLDING,1,19.74,22.9,5.92,0.2999,19.74,1,1,2025-05-01,19.74
50065892,T056,2025-12,ARTICULOS ESCOLARES,MARCADORES,MARCADORES ESPECIALES,OFFICEMAX,Marca Propia,OFFICE DEPOT ASIA HOLDING,1,19.74,22.9,5.86,0.2969,19.74,1,1,2025-12-01,19.74
50065892,T057,2025-08,ARTICULOS ESCOLARES,MARCADORES,MARCADORES ESPECIALES,OFFICEMAX,Marca Propia,OFFICE DEPOT ASIA HOLDING,1,14.84,16.03,3.4,0.2288,19.74,1,1,2025-08-01,14.84
50065892,T058,2025-02,ARTICULOS ESCOLARES,MARCADORES,MARCADORES ESPECIALES,OFFICEMAX,Marca Propia,OFFICE DEPOT ASIA HOLDING,1,19.74,22.9,6.21,0.3148,19.74,1,1,2025-02-01,19.74
50065892,T060,2025-04,ARTICULOS ESCOLARES,MARCADORES,MARCADORES ESPECIALES,OFFICEMAX,Marca Propia,OFFICE DEPOT ASIA HOLDING,1,19.74,22.9,6.06,0.307,19.74,1,1,2025-04-01,19.74
50065892,T061,2024-01,ARTICULOS ESCOLARES,MARCADORES,MARCADORES ESPECIALES,OFFICEMAX,Marca Propia,OFFICE DEPOT ASIA HOLDING,2,42.41,45.8,14.74,0.3477,19.74,1,1,2024-01-01,21.205
50065892,T061,2024-02,ARTICULOS ESCOLARES,MARCADORES,MARCADORES ESPECIALES,OFFICEMAX,Marca Propia,OFFICE DEPOT ASIA HOLDING,1,21.2,22.9,7.37,0.3474,19.74,1,1,2024-02-01,21.2
50065892,T061,2025-02,ARTICULOS ESCOLARES,MARCADORES,MARCADORES ESPECIALES,OFFICEMAX,Marca Propia,OFFICE DEPOT ASIA HOLDING,2,42.41,45.8,13.07,0.3083,19.74,1,1,2025-02-01,21.205
50065892,T061,2025-08,ARTICULOS ESCOLARES,MARCADORES,MARCADORES ESPECIALES,,Marca Externa,OFFICE DEPOT ASIA HOLDING,1,14.84,16.03,3.38,0.2278,19.74,1,1,2025-08-01,14.84
50065892,T062,2024-01,ARTICULOS ESCOLARES,MARCADORES,MARCADORES ESPECIALES,,Marca Externa,OFFICE DEPOT ASIA HOLDING,1,14.8,17.17,4.19,0.2828,19.74,1,1,2024-01-01,14.8
50065892,T062,2024-09,ARTICULOS ESCOLARES,MARCADORES,MARCADORES ESPECIALES,,Marca Externa,OFFICE DEPOT ASIA HOLDING,1,19.74,22.9,6.57,0.3331,19.74,1,1,2024-09-01,19.74
50065892,T062,2025-04,ARTICULOS ESCOLARES,MARCADORES,MARCADORES ESPECIALES,OFFICEMAX,Marca Propia,OFFICE DEPOT ASIA HOLDING,1,19.74,22.9,5.8,0.2941,19.74,1,1,2025-04-01,19.74
50065892,T062,2025-10,ARTICULOS ESCOLARES,MARCADORES,MARCADORES ESPECIALES,OFFICEMAX,Marca Propia,OFFICE DEPOT ASIA HOLDING,1,19.74,22.9,5.85,0.2964,19.74,1,1,2025-10-01,19.74
50065892,T064,2025-02,ARTICULOS ESCOLARES,MARCADORES,MARCADORES ESPECIALES,,Marca Externa,OFFICE DEPOT ASIA HOLDING,2,39.48,45.8,11.61,0.2941,19.74,1,1,2025-02-01,19.74
50065892,T065,2024-04,ARTICULOS ESCOLARES,MARCADORES,MARCADORES ESPECIALES,,Marca Externa,OFFICE DEPOT ASIA HOLDING,1,19.74,22.9,6.65,0.3369,19.74,1,1,2024-04-01,19.74
50065892,T065,2025-02,ARTICULOS ESCOLARES,MARCADORES,MARCADORES ESPECIALES,OFFICEMAX,Marca Propia,OFFICE DEPOT ASIA HOLDING,1,19.74,22.9,5.96,0.3019,19.74,1,1,2025-02-01,19.74
50065892,T065,2025-04,ARTICULOS ESCOLARES,MARCADORES,MARCADORES ESPECIALES,OFFICEMAX,Marca Propia,OFFICE DEPOT ASIA HOLDING,1,19.74,22.9,5.83,0.2953,19.74,1,1,2025-04-01,19.74
50065892,T069,2025-12,ARTICULOS ESCOLARES,MARCADORES,MARCADORES ESPECIALES,,Marca Externa,OFFICE DEPOT ASIA HOLDING,1,19.74,22.9,5.83,0.2956,19.74,1,1,2025-12-01,19.74
50065892,T070,2025-03,ARTICULOS ESCOLARES,MARCADORES,MARCADORES ESPECIALES,OFFICEMAX,Marca Propia,OFFICE DEPOT ASIA HOLDING,1,19.74,22.9,5.89,0.2984,19.74,1,1,2025-03-01,19.74
50065892,T070,2026-03,ARTICULOS ESCOLARES,MARCADORES,MARCADORES ESPECIALES,,Marca Externa,OFFICE DEPOT ASIA HOLDING,1,19.74,22.9,5.86,0.2969,19.74,1,1,2026-03-01,19.74
50065892,T071,2024-10,ARTICULOS ESCOLARES,MARCADORES,MARCADORES ESPECIALES,OFFICEMAX,Marca Propia,OFFICE DEPOT ASIA HOLDING,6,118.45,137.4,39.48,0.3333,19.74,1,1,2024-10-01,19.741666666666667
50065892,T072,2024-04,ARTICULOS ESCOLARES,MARCADORES,MARCADORES ESPECIALES,,Marca Externa,OFFICE DEPOT ASIA HOLDING,1,19.74,22.9,6.66,0.3371,19.74,1,1,2024-04-01,19.74
50065892,T072,2025-02,ARTICULOS ESCOLARES,MARCADORES,MARCADORES ESPECIALES,OFFICEMAX,Marca Propia,OFFICE DEPOT ASIA HOLDING,1,19.74,22.9,6.24,0.3161,19.74,1,1,2025-02-01,19.74
50065892,T072,2025-12,ARTICULOS ESCOLARES,MARCADORES,MARCADORES ESPECIALES,,Marca Externa,OFFICE DEPOT ASIA HOLDING,1,19.74,22.9,6.02,0.305,19.74,1,1,2025-12-01,19.74
50065892,T072,2026-02,ARTICULOS ESCOLARES,MARCADORES,MARCADORES ESPECIALES,,Marca Externa,OFFICE DEPOT ASIA HOLDING,1,19.74,22.9,6.02,0.305,19.74,1,1,2026-02-01,19.74
50065892,T073,2024-03,ARTICULOS ESCOLARES,MARCADORES,MARCADORES ESPECIALES,OFFICEMAX,Marca Propia,OFFICE DEPOT ASIA HOLDING,1,19.74,22.9,6.65,0.3371,19.74,1,1,2024-03-01,19.74
50065892,T074,2024-07,ARTICULOS ESCOLARES,MARCADORES,MARCADORES ESPECIALES,OFFICEMAX,Marca Propia,OFFICE DEPOT ASIA HOLDING,3,59.22,68.7,19.77,0.3338,19.74,1,1,2024-07-01,19.74
50065892,T076,2024-10,ARTICULOS ESCOLARES,MARCADORES,MARCADORES ESPECIALES,,Marca Externa,OFFICE DEPOT ASIA HOLDING,1,19.74,22.9,6.62,0.3354,19.74,1,1,2024-10-01,19.74
50065892,T076,2025-08,ARTICULOS ESCOLARES,MARCADORES,MARCADORES ESPECIALES,OFFICEMAX,Marca Propia,OFFICE DEPOT ASIA HOLDING,1,19.74,22.9,5.85,0.2966,19.74,1,1,2025-08-01,19.74
50065892,T079,2024-01,ARTICULOS ESCOLARES,MARCADORES,MARCADORES ESPECIALES,OFFICEMAX,Marca Propia,OFFICE DEPOT ASIA HOLDING,1,19.74,22.9,6.64,0.3364,19.74,1,1,2024-01-01,19.74
50065892,T079,2024-11,ARTICULOS ESCOLARES,MARCADORES,MARCADORES ESPECIALES,OFFICEMAX,Marca Propia,OFFICE DEPOT ASIA HOLDING,1,19.74,22.9,6.57,0.3331,19.74,1,1,2024-11-01,19.74
50065892,T080,2026-01,ARTICULOS ESCOLARES,MARCADORES,MARCADORES ESPECIALES,OFFICEMAX,Marca Propia,OFFICE DEPOT ASIA HOLDING,1,19.74,22.9,5.85,0.2966,19.74,1,1,2026-01-01,19.74
50065892,T081,2024-08,ARTICULOS ESCOLARES,MARCADORES,MARCADORES ESPECIALES,OFFICEMAX,Marca Propia,OFFICE DEPOT ASIA HOLDING,1,13.82,16.03,3.66,0.2648,19.74,1,1,2024-08-01,13.82
50065892,T082,2024-08,ARTICULOS ESCOLARES,MARCADORES,MARCADORES ESPECIALES,OFFICEMAX,Marca Propia,OFFICE DEPOT ASIA HOLDING,1,13.82,16.03,3.62,0.2616,19.74,1,1,2024-08-01,13.82
50065892,T085,2026-03,ARTICULOS ESCOLARES,MARCADORES,MARCADORES ESPECIALES,OFFICEMAX,Marca Propia,OFFICE DEPOT ASIA HOLDING,1,19.74,22.9,6.02,0.3052,19.74,1,1,2026-03-01,19.74
50065892,T087,2026-03,ARTICULOS ESCOLARES,MARCADORES,MARCADORES ESPECIALES,,Marca Externa,OFFICE DEPOT ASIA HOLDING,1,19.74,22.9,6.02,0.305,19.74,1,1,2026-03-01,19.74
50066813,T018,2025-01,ARTICULOS ESCOLARES,LIBRETAS EJECUTIVAS,LIBRETAS PROFESIONAL,DANPEX,Marca Externa,INDUSTRIAS DANPEX,1,184.05,213.5,12.43,0.0675,262.93,1,1,2025-01-01,184.05
50066813,T023,2025-02,ARTICULOS ESCOLARES,LIBRETAS EJECUTIVAS,LIBRETAS PROFESIONAL,DANPEX,Marca Externa,INDUSTRIAS DANPEX,1,262.93,305.0,51.87,0.1973,262.93,1,1,2025-02-01,262.93
50066813,T033,2024-05,ARTICULOS ESCOLARES,LIBRETAS EJECUTIVAS,LIBRETAS PROFESIONAL,DANPEX,Marca Externa,INDUSTRIAS DANPEX,1,262.93,305.0,51.87,0.1973,262.93,1,1,2024-05-01,262.93
50066813,T050,2024-03,ARTICULOS ESCOLARES,LIBRETAS EJECUTIVAS,LIBRETAS PROFESIONAL,DANPEX,Marca Externa,INDUSTRIAS DANPEX,1,262.93,305.0,51.88,0.1973,262.93,1,1,2024-03-01,262.93
50066813,T051,2025-01,ARTICULOS ESCOLARES,LIBRETAS EJECUTIVAS,LIBRETAS PROFESIONAL,DANPEX,Marca Externa,INDUSTRIAS DANPEX,1,262.93,305.0,51.87,0.1973,262.93,1,1,2025-01-01,262.93
50066813,T062,2025-07,ARTICULOS ESCOLARES,LIBRETAS EJECUTIVAS,LIBRETAS PROFESIONAL,DANPEX,Marca Externa,INDUSTRIAS DANPEX,1,262.93,305.0,51.87,0.1973,262.93,1,1,2025-07-01,262.93
50066813,T063,2025-01,ARTICULOS ESCOLARES,LIBRETAS EJECUTIVAS,LIBRETAS PROFESIONAL,DANPEX,Marca Externa,INDUSTRIAS DANPEX,1,184.05,213.5,12.43,0.0675,262.93,1,1,2025-01-01,184.05
50066813,T066,2025-06,ARTICULOS ESCOLARES,LIBRETAS EJECUTIVAS,LIBRETAS PROFESIONAL,DANPEX,Marca Externa,INDUSTRIAS DANPEX,1,262.93,305.0,51.87,0.1973,262.93,1,1,2025-06-01,262.93
50066813,T072,2024-05,ARTICULOS ESCOLARES,LIBRETAS EJECUTIVAS,LIBRETAS PROFESIONAL,DANPEX,Marca Externa,INDUSTRIAS DANPEX,1,262.93,305.0,51.87,0.1973,262.93,1,1,2024-05-01,262.93
50066813,T079,2026-04,ARTICULOS ESCOLARES,LIBRETAS EJECUTIVAS,LIBRETAS PROFESIONAL,DANPEX,Marca Externa,INDUSTRIAS DANPEX,1,292.24,339.0,66.53,0.2276,262.93,1,1,2026-04-01,292.24
50066813,T081,2026-01,ARTICULOS ESCOLARES,LIBRETAS EJECUTIVAS,LIBRETAS PROFESIONAL,DANPEX,Marca Externa,INDUSTRIAS DANPEX,1,262.93,305.0,51.87,0.1973,262.93,1,1,2026-01-01,262.93
50067322,T009,2026-04,ARTICULOS ESCOLARES,CRAYONES,CRAYONES,AZOR,Marca Externa,GRUPO AZOR MEXICO,1,72.33,83.9,15.79,0.2183,71.98,1,1,2026-04-01,72.33
50067322,T015,2025-09,ARTICULOS ESCOLARES,CRAYONES,CRAYONES,AZOR,Marca Externa,GRUPO AZOR MEXICO,1,71.98,83.5,15.62,0.2169,71.98,1,1,2025-09-01,71.98
50067322,T019,2024-08,ARTICULOS ESCOLARES,CRAYONES,CRAYONES,AZOR,Marca Externa,GRUPO AZOR MEXICO,1,71.98,83.5,16.59,0.2305,71.98,1,1,2024-08-01,71.98
50067322,T027,2025-10,ARTICULOS ESCOLARES,CRAYONES,CRAYONES,AZOR,Marca Externa,GRUPO AZOR MEXICO,2,143.97,167.0,31.35,0.2178,71.98,1,1,2025-10-01,71.985
50067322,T039,2024-10,ARTICULOS ESCOLARES,CRAYONES,CRAYONES,AZOR,Marca Externa,GRUPO AZOR MEXICO,1,71.98,83.5,16.75,0.2326,71.98,1,1,2024-10-01,71.98
50067322,T041,2025-04,ARTICULOS ESCOLARES,CRAYONES,CRAYONES,AZOR,Marca Externa,GRUPO AZOR MEXICO,2,143.97,167.0,33.3,0.2313,71.98,1,1,2025-04-01,71.985
50067322,T059,2024-04,ARTICULOS ESCOLARES,CRAYONES,CRAYONES,AZOR,Marca Externa,GRUPO AZOR MEXICO,1,71.98,83.5,16.59,0.2305,71.98,1,1,2024-04-01,71.98
50067322,T079,2024-04,ARTICULOS ESCOLARES,CRAYONES,CRAYONES,AZOR,Marca Externa,GRUPO AZOR MEXICO,1,71.98,83.5,16.59,0.2305,71.98,1,1,2024-04-01,71.98
50067599,T031,2024-07,ARTICULOS ESCOLARES,PLUMAS Y LAPICEROS FINOS,REPUESTOS FINOS,PENTEL,Marca Externa,PENTEL DE MEXICO,2,92.24,107.0,18.9,0.2049,46.12,1,1,2024-07-01,46.12
50067599,T031,2024-10,ARTICULOS ESCOLARES,PLUMAS Y LAPICEROS FINOS,REPUESTOS FINOS,PENTEL,Marca Externa,PENTEL DE MEXICO,1,46.12,53.5,9.45,0.2049,46.12,1,1,2024-10-01,46.12
50067599,T033,2024-01,ARTICULOS ESCOLARES,PLUMAS Y LAPICEROS FINOS,REPUESTOS FINOS,PENTEL,Marca Externa,PENTEL DE MEXICO,1,43.88,50.9,8.97,0.2045,46.12,1,1,2024-01-01,43.88
50067599,T037,2024-01,ARTICULOS ESCOLARES,PLUMAS Y LAPICEROS FINOS,REPUESTOS FINOS,PENTEL,Marca Externa,PENTEL DE MEXICO,1,43.88,50.9,8.98,0.2046,46.12,1,1,2024-01-01,43.88
50067599,T042,2024-09,ARTICULOS ESCOLARES,PLUMAS Y LAPICEROS FINOS,REPUESTOS FINOS,PENTEL,Marca Externa,PENTEL DE MEXICO,1,46.12,53.5,9.45,0.2049,46.12,1,1,2024-09-01,46.12
50067599,T044,2024-02,ARTICULOS ESCOLARES,PLUMAS Y LAPICEROS FINOS,REPUESTOS FINOS,PENTEL,Marca Externa,PENTEL DE MEXICO,1,43.88,50.9,8.97,0.2045,46.12,1,1,2024-02-01,43.88
50067599,T082,2024-02,ARTICULOS ESCOLARES,PLUMAS Y LAPICEROS FINOS,REPUESTOS FINOS,PENTEL,Marca Externa,PENTEL DE MEXICO,1,43.88,50.9,8.97,0.2045,46.12,1,1,2024-02-01,43.88
50067604,T019,2025-04,ARTICULOS ESCOLARES,PLUMAS Y LAPICEROS FINOS,REPUESTOS FINOS,PENTEL,Marca Externa,PENTEL DE MEXICO,1,47.84,55.5,9.5,0.1986,47.84,1,1,2025-04-01,47.84
50067604,T023,2024-03,ARTICULOS ESCOLARES,PLUMAS Y LAPICEROS FINOS,REPUESTOS FINOS,PENTEL,Marca Externa,PENTEL DE MEXICO,1,45.6,52.9,9.06,0.1987,47.84,1,1,2024-03-01,45.6
50067604,T034,2024-06,ARTICULOS ESCOLARES,PLUMAS Y LAPICEROS FINOS,REPUESTOS FINOS,PENTEL,Marca Externa,PENTEL DE MEXICO,2,95.69,111.0,20.36,0.2128,47.84,1,1,2024-06-01,47.845
50067929,T020,2024-01,ARTICULOS ESCOLARES,MARCATEXTOS,MARCATEXTOS DE GEL,SHARPIE,Marca Externa,NEWELL BRANDS DE MEXICO,1,47.33,54.9,8.66,0.1831,47.33,1,1,2024-01-01,47.33
50067929,T032,2024-04,ARTICULOS ESCOLARES,MARCATEXTOS,MARCATEXTOS DE GEL,SHARPIE,Marca Externa,NEWELL BRANDS DE MEXICO,1,47.33,54.9,8.67,0.1832,47.33,1,1,2024-04-01,47.33
50067929,T057,2024-01,ARTICULOS ESCOLARES,MARCATEXTOS,MARCATEXTOS DE GEL,SHARPIE,Marca Externa,NEWELL BRANDS DE MEXICO,1,50.83,54.9,10.41,0.2049,47.33,1,1,2024-01-01,50.83
50067929,T064,2024-05,ARTICULOS ESCOLARES,MARCATEXTOS,MARCATEXTOS DE GEL,SHARPIE,Marca Externa,NEWELL BRANDS DE MEXICO,1,47.33,54.9,8.66,0.1831,47.33,1,1,2024-05-01,47.33
50067929,T076,2024-03,ARTICULOS ESCOLARES,MARCATEXTOS,MARCATEXTOS DE GEL,SHARPIE,Marca Externa,NEWELL BRANDS DE MEXICO,3,141.98,164.7,26.0,0.1832,47.33,1,1,2024-03-01,47.32666666666666
50067929,T082,2024-03,ARTICULOS ESCOLARES,MARCATEXTOS,MARCATEXTOS DE GEL,SHARPIE,Marca Externa,NEWELL BRANDS DE MEXICO,1,47.33,54.9,8.67,0.1832,47.33,1,1,2024-03-01,47.33
50069461,T001,2024-07,ARTICULOS ESCOLARES,LAPICES,LAPICES CHECADORES,OFFICEMAX,Marca Propia,PIANO EXPORTS FZCO,1,18.88,21.9,6.05,0.3207,18.88,1,1,2024-07-01,18.88
50069461,T001,2024-11,ARTICULOS ESCOLARES,LAPICES,LAPICES CHECADORES,OFFICEMAX,Marca Propia,PIANO EXPORTS FZCO,1,18.88,21.9,5.83,0.3091,18.88,1,1,2024-11-01,18.88
50069461,T001,2025-03,ARTICULOS ESCOLARES,LAPICES,LAPICES CHECADORES,OFFICEMAX,Marca Propia,PIANO EXPORTS FZCO,1,18.88,21.9,5.83,0.3091,18.88,1,1,2025-03-01,18.88
50069461,T002,2024-06,ARTICULOS ESCOLARES,LAPICES,LAPICES CHECADORES,OFFICEMAX,Marca Propia,PIANO EXPORTS FZCO,1,18.88,21.9,6.04,0.3202,18.88,1,1,2024-06-01,18.88
50069461,T002,2024-07,ARTICULOS ESCOLARES,LAPICES,LAPICES CHECADORES,OFFICEMAX,Marca Propia,PIANO EXPORTS FZCO,1,18.88,21.9,6.05,0.3204,18.88,1,1,2024-07-01,18.88
50069461,T006,2024-01,ARTICULOS ESCOLARES,LAPICES,LAPICES CHECADORES,OFFICEMAX,Marca Propia,PIANO EXPORTS FZCO,1,18.88,21.9,6.53,0.3459,18.88,1,1,2024-01-01,18.88
50069461,T006,2024-05,ARTICULOS ESCOLARES,LAPICES,LAPICES CHECADORES,OFFICEMAX,Marca Propia,PIANO EXPORTS FZCO,1,18.88,21.9,6.07,0.3218,18.88,1,1,2024-05-01,18.88
50069461,T006,2025-01,ARTICULOS ESCOLARES,LAPICES,LAPICES CHECADORES,OFFICEMAX,Marca Propia,PIANO EXPORTS FZCO,6,113.28,131.4,35.08,0.30974999999999997,18.88,2,2,2025-01-01,18.88
50069461,T007,2024-07,ARTICULOS ESCOLARES,LAPICES,LAPICES CHECADORES,OFFICEMAX,Marca Propia,PIANO EXPORTS FZCO,1,18.88,21.9,6.04,0.3202,18.88,1,1,2024-07-01,18.88
50069461,T007,2024-08,ARTICULOS ESCOLARES,LAPICES,LAPICES CHECADORES,OFFICEMAX,Marca Propia,PIANO EXPORTS FZCO,2,37.76,43.8,12.1,0.3204,18.88,1,1,2024-08-01,18.88
50069461,T007,2024-10,ARTICULOS ESCOLARES,LAPICES,LAPICES CHECADORES,OFFICEMAX,Marca Propia,PIANO EXPORTS FZCO,1,18.88,21.9,5.84,0.3093,18.88,1,1,2024-10-01,18.88
50069461,T007,2025-01,ARTICULOS ESCOLARES,LAPICES,LAPICES CHECADORES,OFFICEMAX,Marca Propia,PIANO EXPORTS FZCO,1,18.88,21.9,5.84,0.3093,18.88,1,1,2025-01-01,18.88
50069461,T007,2025-06,ARTICULOS ESCOLARES,LAPICES,LAPICES CHECADORES,OFFICEMAX,Marca Propia,PIANO EXPORTS FZCO,1,18.88,21.9,5.83,0.3091,18.88,1,1,2025-06-01,18.88
50069461,T008,2024-08,ARTICULOS ESCOLARES,LAPICES,LAPICES CHECADORES,OFFICEMAX,Marca Propia,PIANO EXPORTS FZCO,1,18.88,21.9,6.05,0.3204,18.88,1,1,2024-08-01,18.88
50069461,T010,2024-03,ARTICULOS ESCOLARES,LAPICES,LAPICES CHECADORES,OFFICEMAX,Marca Propia,PIANO EXPORTS FZCO,1,18.88,21.9,6.52,0.3456,18.88,1,1,2024-03-01,18.88
50069461,T010,2024-08,ARTICULOS ESCOLARES,LAPICES,LAPICES CHECADORES,OFFICEMAX,Marca Propia,PIANO EXPORTS FZCO,1,18.88,21.9,6.05,0.3207,18.88,1,1,2024-08-01,18.88
50069461,T010,2024-10,ARTICULOS ESCOLARES,LAPICES,LAPICES CHECADORES,OFFICEMAX,Marca Propia,PIANO EXPORTS FZCO,1,18.88,21.9,6.05,0.3204,18.88,1,1,2024-10-01,18.88
50069461,T010,2025-04,ARTICULOS ESCOLARES,LAPICES,LAPICES CHECADORES,SN,Marca Externa,PIANO EXPORTS FZCO,1,18.88,21.9,5.85,0.3099,18.88,1,1,2025-04-01,18.88
50069461,T010,2025-07,ARTICULOS ESCOLARES,LAPICES,LAPICES CHECADORES,OFFICEMAX,Marca Propia,PIANO EXPORTS FZCO,2,44.66,51.8,15.15,0.3392,18.88,1,1,2025-07-01,22.33
50069461,T012,2024-08,ARTICULOS ESCOLARES,LAPICES,LAPICES CHECADORES,OFFICEMAX,Marca Propia,PIANO EXPORTS FZCO,2,32.1,37.23,9.42,0.2868,18.88,2,2,2024-08-01,16.05
50069461,T013,2024-06,ARTICULOS ESCOLARES,LAPICES,LAPICES CHECADORES,OFFICEMAX,Marca Propia,PIANO EXPORTS FZCO,1,18.88,21.9,6.05,0.3204,18.88,1,1,2024-06-01,18.88
50069461,T013,2024-08,ARTICULOS ESCOLARES,LAPICES,LAPICES CHECADORES,OFFICEMAX,Marca Propia,PIANO EXPORTS FZCO,1,18.88,21.9,6.05,0.3204,18.88,1,1,2024-08-01,18.88
50069461,T013,2024-08,ARTICULOS ESCOLARES,LAPICES,LAPICES CHECADORES,SN,Marca Externa,PIANO EXPORTS FZCO,2,37.76,43.8,12.09,0.3202,18.88,1,1,2024-08-01,18.88
50069461,T014,2024-05,ARTICULOS ESCOLARES,LAPICES,LAPICES CHECADORES,OFFICEMAX,Marca Propia,PIANO EXPORTS FZCO,6,113.28,131.4,36.660000000000004,0.3236,18.88,2,2,2024-05-01,18.88
50069461,T014,2024-07,ARTICULOS ESCOLARES,LAPICES,LAPICES CHECADORES,OFFICEMAX,Marca Propia,PIANO EXPORTS FZCO,1,18.88,21.9,6.11,0.3236,18.88,1,1,2024-07-01,18.88
50069461,T014,2024-08,ARTICULOS ESCOLARES,LAPICES,LAPICES CHECADORES,OFFICEMAX,Marca Propia,PIANO EXPORTS FZCO,2,26.43,30.66,6.57,0.2484,18.88,1,1,2024-08-01,13.215
50069461,T015,2025-02,ARTICULOS ESCOLARES,LAPICES,LAPICES CHECADORES,SN,Marca Externa,PIANO EXPORTS FZCO,1,18.88,21.9,5.83,0.3091,18.88,1,1,2025-02-01,18.88
50069461,T015,2025-03,ARTICULOS ESCOLARES,LAPICES,LAPICES CHECADORES,OFFICEMAX,Marca Propia,PIANO EXPORTS FZCO,1,18.88,21.9,5.84,0.3093,18.88,1,1,2025-03-01,18.88
50069461,T016,2024-08,ARTICULOS ESCOLARES,LAPICES,LAPICES CHECADORES,OFFICEMAX,Marca Propia,PIANO EXPORTS FZCO,1,13.22,15.33,3.21,0.2431,18.88,1,1,2024-08-01,13.22
50069461,T017,2024-05,ARTICULOS ESCOLARES,LAPICES,LAPICES CHECADORES,OFFICEMAX,Marca Propia,PIANO EXPORTS FZCO,2,37.76,43.8,12.1,0.3207,18.88,2,2,2024-05-01,18.88
50069461,T018,2025-04,ARTICULOS ESCOLARES,LAPICES,LAPICES CHECADORES,SN,Marca Externa,PIANO EXPORTS FZCO,2,37.76,43.8,11.67,0.3091,18.88,1,1,2025-04-01,18.88
50069461,T018,2025-07,ARTICULOS ESCOLARES,LAPICES,LAPICES CHECADORES,SN,Marca Externa,PIANO EXPORTS FZCO,1,15.63,18.13,4.21,0.2697,18.88,1,1,2025-07-01,15.63
50069461,T020,2025-07,ARTICULOS ESCOLARES,LAPICES,LAPICES CHECADORES,OFFICEMAX,Marca Propia,PIANO EXPORTS FZCO,1,22.33,25.9,7.56,0.3388,18.88,1,1,2025-07-01,22.33
50069461,T022,2024-08,ARTICULOS ESCOLARES,LAPICES,LAPICES CHECADORES,SN,Marca Externa,PIANO EXPORTS FZCO,1,18.88,21.9,6.05,0.3204,18.88,1,1,2024-08-01,18.88
50069461,T022,2025-02,ARTICULOS ESCOLARES,LAPICES,LAPICES CHECADORES,SN,Marca Externa,PIANO EXPORTS FZCO,1,18.88,21.9,5.84,0.3093,18.88,1,1,2025-02-01,18.88
50069461,T023,2024-07,ARTICULOS ESCOLARES,LAPICES,LAPICES CHECADORES,OFFICEMAX,Marca Propia,PIANO EXPORTS FZCO,1,18.88,21.9,6.05,0.3204,18.88,1,1,2024-07-01,18.88
50069461,T023,2024-10,ARTICULOS ESCOLARES,LAPICES,LAPICES CHECADORES,OFFICEMAX,Marca Propia,PIANO EXPORTS FZCO,2,37.76,43.8,11.68,0.3093,18.88,2,2,2024-10-01,18.88
50069461,T025,2024-07,ARTICULOS ESCOLARES,LAPICES,LAPICES CHECADORES,OFFICEMAX,Marca Propia,PIANO EXPORTS FZCO,1,18.88,21.9,6.05,0.3204,18.88,1,1,2024-07-01,18.88
50069461,T025,2024-08,ARTICULOS ESCOLARES,LAPICES,LAPICES CHECADORES,OFFICEMAX,Marca Propia,PIANO EXPORTS FZCO,1,13.22,15.33,3.21,0.2431,18.88,1,1,2024-08-01,13.22
50069461,T025,2024-10,ARTICULOS ESCOLARES,LAPICES,LAPICES CHECADORES,OFFICEMAX,Marca Propia,PIANO EXPORTS FZCO,1,18.88,21.9,5.83,0.3091,18.88,1,1,2024-10-01,18.88
50069461,T025,2025-05,ARTICULOS ESCOLARES,LAPICES,LAPICES CHECADORES,SN,Marca Externa,PIANO EXPORTS FZCO,1,18.88,21.9,5.83,0.3091,18.88,1,1,2025-05-01,18.88
50069461,T026,2024-09,ARTICULOS ESCOLARES,LAPICES,LAPICES CHECADORES,OFFICEMAX,Marca Propia,PIANO EXPORTS FZCO,1,18.88,21.9,6.04,0.3202,18.88,1,1,2024-09-01,18.88
50069461,T026,2025-02,ARTICULOS ESCOLARES,LAPICES,LAPICES CHECADORES,OFFICEMAX,Marca Propia,PIANO EXPORTS FZCO,1,18.88,21.9,5.83,0.3091,18.88,1,1,2025-02-01,18.88
50069461,T027,2024-10,ARTICULOS ESCOLARES,LAPICES,LAPICES CHECADORES,OFFICEMAX,Marca Propia,PIANO EXPORTS FZCO,3,56.64,65.7,17.51,0.3091,18.88,1,1,2024-10-01,18.88
50069461,T027,2025-01,ARTICULOS ESCOLARES,LAPICES,LAPICES CHECADORES,SN,Marca Externa,PIANO EXPORTS FZCO,1,18.88,21.9,5.83,0.3091,18.88,1,1,2025-01-01,18.88
50069461,T027,2025-07,ARTICULOS ESCOLARES,LAPICES,LAPICES CHECADORES,OFFICEMAX,Marca Propia,PIANO EXPORTS FZCO,1,15.63,18.13,4.21,0.2694,18.88,1,1,2025-07-01,15.63
50069461,T028,2025-04,ARTICULOS ESCOLARES,LAPICES,LAPICES CHECADORES,OFFICEMAX,Marca Propia,PIANO EXPORTS FZCO,1,18.88,21.9,5.85,0.3099,18.88,1,1,2025-04-01,18.88
50069461,T031,2024-11,ARTICULOS ESCOLARES,LAPICES,LAPICES CHECADORES,OFFICEMAX,Marca Propia,PIANO EXPORTS FZCO,1,18.88,21.9,5.83,0.3091,18.88,1,1,2024-11-01,18.88
50069461,T031,2025-08,ARTICULOS ESCOLARES,LAPICES,LAPICES CHECADORES,SN,Marca Externa,PIANO EXPORTS FZCO,1,22.33,25.9,7.5,0.336,18.88,1,1,2025-08-01,22.33
50069461,T033,2025-01,ARTICULOS ESCOLARES,LAPICES,LAPICES CHECADORES,OFFICEMAX,Marca Propia,PIANO EXPORTS FZCO,1,18.88,21.9,6.04,0.3202,18.88,1,1,2025-01-01,18.88
50069461,T035,2025-06,ARTICULOS ESCOLARES,LAPICES,LAPICES CHECADORES,OFFICEMAX,Marca Propia,PIANO EXPORTS FZCO,1,18.88,21.9,5.84,0.3093,18.88,1,1,2025-06-01,18.88
50069461,T036,2024-08,ARTICULOS ESCOLARES,LAPICES,LAPICES CHECADORES,OFFICEMAX,Marca Propia,PIANO EXPORTS FZCO,3,56.64,65.69999999999999,18.15,0.32033333333333336,18.88,3,3,2024-08-01,18.88
50069461,T038,2025-03,ARTICULOS ESCOLARES,LAPICES,LAPICES CHECADORES,OFFICEMAX,Marca Propia,PIANO EXPORTS FZCO,1,18.88,21.9,5.83,0.3091,18.88,1,1,2025-03-01,18.88
50069461,T038,2025-03,ARTICULOS ESCOLARES,LAPICES,LAPICES CHECADORES,SN,Marca Externa,PIANO EXPORTS FZCO,1,18.88,21.9,5.84,0.3093,18.88,1,1,2025-03-01,18.88
50069461,T038,2025-04,ARTICULOS ESCOLARES,LAPICES,LAPICES CHECADORES,OFFICEMAX,Marca Propia,PIANO EXPORTS FZCO,1,18.88,21.9,5.84,0.3093,18.88,1,1,2025-04-01,18.88
50069461,T039,2025-07,ARTICULOS ESCOLARES,LAPICES,LAPICES CHECADORES,OFFICEMAX,Marca Propia,PIANO EXPORTS FZCO,1,22.33,25.9,7.56,0.3388,18.88,1,1,2025-07-01,22.33
50069461,T039,2025-07,ARTICULOS ESCOLARES,LAPICES,LAPICES CHECADORES,SN,Marca Externa,PIANO EXPORTS FZCO,1,22.33,25.9,7.56,0.3388,18.88,1,1,2025-07-01,22.33
50069461,T040,2024-08,ARTICULOS ESCOLARES,LAPICES,LAPICES CHECADORES,OFFICEMAX,Marca Propia,PIANO EXPORTS FZCO,1,18.88,21.9,6.04,0.3202,18.88,1,1,2024-08-01,18.88
50069461,T040,2025-01,ARTICULOS ESCOLARES,LAPICES,LAPICES CHECADORES,OFFICEMAX,Marca Propia,PIANO EXPORTS FZCO,2,37.76,43.8,11.67,0.3091,18.88,1,1,2025-01-01,18.88
50069461,T041,2024-10,ARTICULOS ESCOLARES,LAPICES,LAPICES CHECADORES,OFFICEMAX,Marca Propia,PIANO EXPORTS FZCO,1,18.88,21.9,5.84,0.3093,18.88,1,1,2024-10-01,18.88
50069461,T041,2025-05,ARTICULOS ESCOLARES,LAPICES,LAPICES CHECADORES,SN,Marca Externa,PIANO EXPORTS FZCO,1,18.88,21.9,5.84,0.3093,18.88,1,1,2025-05-01,18.88
50069461,T042,2024-05,ARTICULOS ESCOLARES,LAPICES,LAPICES CHECADORES,OFFICEMAX,Marca Propia,PIANO EXPORTS FZCO,1,18.88,21.9,6.09,0.3226,18.88,1,1,2024-05-01,18.88
50069461,T042,2024-08,ARTICULOS ESCOLARES,LAPICES,LAPICES CHECADORES,OFFICEMAX,Marca Propia,PIANO EXPORTS FZCO,1,18.88,21.9,6.09,0.3226,18.88,1,1,2024-08-01,18.88
50069461,T042,2025-05,ARTICULOS ESCOLARES,LAPICES,LAPICES CHECADORES,OFFICEMAX,Marca Propia,PIANO EXPORTS FZCO,1,18.88,21.9,5.85,0.3101,18.88,1,1,2025-05-01,18.88
50069461,T042,2025-07,ARTICULOS ESCOLARES,LAPICES,LAPICES CHECADORES,OFFICEMAX,Marca Propia,PIANO EXPORTS FZCO,1,15.63,18.13,4.23,0.2705,18.88,1,1,2025-07-01,15.63
50069461,T042,2025-08,ARTICULOS ESCOLARES,LAPICES,LAPICES CHECADORES,OFFICEMAX,Marca Propia,PIANO EXPORTS FZCO,1,22.33,25.9,7.57,0.3392,18.88,1,1,2025-08-01,22.33
50069461,T043,2024-01,ARTICULOS ESCOLARES,LAPICES,LAPICES CHECADORES,OFFICEMAX,Marca Propia,PIANO EXPORTS FZCO,1,20.28,21.9,7.23,0.3565,18.88,1,1,2024-01-01,20.28
50069461,T043,2024-12,ARTICULOS ESCOLARES,LAPICES,LAPICES CHECADORES,OFFICEMAX,Marca Propia,PIANO EXPORTS FZCO,1,20.28,21.9,6.53,0.3222,18.88,1,1,2024-12-01,20.28
50069461,T043,2025-02,ARTICULOS ESCOLARES,LAPICES,LAPICES CHECADORES,OFFICEMAX,Marca Propia,PIANO EXPORTS FZCO,1,20.28,21.9,6.53,0.3222,18.88,1,1,2025-02-01,20.28
50069461,T046,2024-02,ARTICULOS ESCOLARES,LAPICES,LAPICES CHECADORES,OFFICEMAX,Marca Propia,PIANO EXPORTS FZCO,1,20.28,21.9,7.23,0.3565,18.88,1,1,2024-02-01,20.28
50069461,T046,2024-08,ARTICULOS ESCOLARES,LAPICES,LAPICES CHECADORES,OFFICEMAX,Marca Propia,PIANO EXPORTS FZCO,1,20.28,21.9,6.82,0.3365,18.88,1,1,2024-08-01,20.28
50069461,T047,2024-07,ARTICULOS ESCOLARES,LAPICES,LAPICES CHECADORES,OFFICEMAX,Marca Propia,PIANO EXPORTS FZCO,1,18.88,21.9,6.04,0.3202,18.88,1,1,2024-07-01,18.88
50069461,T047,2024-08,ARTICULOS ESCOLARES,LAPICES,LAPICES CHECADORES,OFFICEMAX,Marca Propia,PIANO EXPORTS FZCO,2,30.21,35.04,8.31,0.2752,18.88,1,1,2024-08-01,15.105
50069461,T047,2024-10,ARTICULOS ESCOLARES,LAPICES,LAPICES CHECADORES,OFFICEMAX,Marca Propia,PIANO EXPORTS FZCO,1,18.88,21.9,5.83,0.3091,18.88,1,1,2024-10-01,18.88
50069461,T047,2025-07,ARTICULOS ESCOLARES,LAPICES,LAPICES CHECADORES,OFFICEMAX,Marca Propia,PIANO EXPORTS FZCO,1,15.63,18.13,4.21,0.2694,18.88,1,1,2025-07-01,15.63
50069461,T047,2025-08,ARTICULOS ESCOLARES,LAPICES,LAPICES CHECADORES,OFFICEMAX,Marca Propia,PIANO EXPORTS FZCO,1,22.33,25.9,7.56,0.3386,18.88,1,1,2025-08-01,22.33
50069461,T050,2024-03,ARTICULOS ESCOLARES,LAPICES,LAPICES CHECADORES,OFFICEMAX,Marca Propia,PIANO EXPORTS FZCO,1,18.88,21.9,6.53,0.3459,18.88,1,1,2024-03-01,18.88
50069461,T050,2024-06,ARTICULOS ESCOLARES,LAPICES,LAPICES CHECADORES,OFFICEMAX,Marca Propia,PIANO EXPORTS FZCO,1,18.88,21.9,6.27,0.3321,18.88,1,1,2024-06-01,18.88
50069461,T050,2024-12,ARTICULOS ESCOLARES,LAPICES,LAPICES CHECADORES,SN,Marca Externa,PIANO EXPORTS FZCO,1,18.88,21.9,5.99,0.3175,18.88,1,1,2024-12-01,18.88
50069461,T050,2025-03,ARTICULOS ESCOLARES,LAPICES,LAPICES CHECADORES,OFFICEMAX,Marca Propia,PIANO EXPORTS FZCO,1,18.88,21.9,5.87,0.3109,18.88,1,1,2025-03-01,18.88
50069461,T056,2025-02,ARTICULOS ESCOLARES,LAPICES,LAPICES CHECADORES,OFFICEMAX,Marca Propia,PIANO EXPORTS FZCO,1,18.88,21.9,5.84,0.3093,18.88,1,1,2025-02-01,18.88
50069461,T057,2024-04,ARTICULOS ESCOLARES,LAPICES,LAPICES CHECADORES,OFFICEMAX,Marca Propia,PIANO EXPORTS FZCO,1,20.28,21.9,7.23,0.3565,18.88,1,1,2024-04-01,20.28
50069461,T057,2024-08,ARTICULOS ESCOLARES,LAPICES,LAPICES CHECADORES,OFFICEMAX,Marca Propia,PIANO EXPORTS FZCO,1,20.28,21.9,6.76,0.3336,18.88,1,1,2024-08-01,20.28
50069461,T057,2025-01,ARTICULOS ESCOLARES,LAPICES,LAPICES CHECADORES,SN,Marca Externa,PIANO EXPORTS FZCO,1,20.28,21.9,6.55,0.323,18.88,1,1,2025-01-01,20.28
50069461,T057,2025-07,ARTICULOS ESCOLARES,LAPICES,LAPICES CHECADORES,OFFICEMAX,Marca Propia,PIANO EXPORTS FZCO,1,23.98,25.9,8.4,0.3503,18.88,1,1,2025-07-01,23.98
50069461,T058,2024-07,ARTICULOS ESCOLARES,LAPICES,LAPICES CHECADORES,OFFICEMAX,Marca Propia,PIANO EXPORTS FZCO,1,18.88,21.9,6.15,0.3257,18.88,1,1,2024-07-01,18.88
50069461,T058,2024-11,ARTICULOS ESCOLARES,LAPICES,LAPICES CHECADORES,OFFICEMAX,Marca Propia,PIANO EXPORTS FZCO,1,18.88,21.9,5.83,0.3091,18.88,1,1,2024-11-01,18.88
50069461,T059,2024-05,ARTICULOS ESCOLARES,LAPICES,LAPICES CHECADORES,OFFICEMAX,Marca Propia,PIANO EXPORTS FZCO,1,18.88,21.9,6.05,0.3204,18.88,1,1,2024-05-01,18.88
50069461,T059,2024-07,ARTICULOS ESCOLARES,LAPICES,LAPICES CHECADORES,OFFICEMAX,Marca Propia,PIANO EXPORTS FZCO,1,18.88,21.9,6.04,0.3202,18.88,1,1,2024-07-01,18.88
50069461,T059,2024-08,ARTICULOS ESCOLARES,LAPICES,LAPICES CHECADORES,SN,Marca Externa,PIANO EXPORTS FZCO,1,18.88,21.9,6.04,0.3202,18.88,1,1,2024-08-01,18.88
50069461,T059,2025-03,ARTICULOS ESCOLARES,LAPICES,LAPICES CHECADORES,OFFICEMAX,Marca Propia,PIANO EXPORTS FZCO,1,18.88,21.9,5.84,0.3093,18.88,1,1,2025-03-01,18.88
50069461,T061,2024-11,ARTICULOS ESCOLARES,LAPICES,LAPICES CHECADORES,OFFICEMAX,Marca Propia,PIANO EXPORTS FZCO,1,20.28,21.9,6.59,0.3252,18.88,1,1,2024-11-01,20.28
50069461,T062,2024-07,ARTICULOS ESCOLARES,LAPICES,LAPICES CHECADORES,OFFICEMAX,Marca Propia,PIANO EXPORTS FZCO,1,18.88,21.9,6.04,0.3202,18.88,1,1,2024-07-01,18.88
50069461,T062,2024-08,ARTICULOS ESCOLARES,LAPICES,LAPICES CHECADORES,OFFICEMAX,Marca Propia,PIANO EXPORTS FZCO,1,13.22,15.33,3.04,0.2297,18.88,1,1,2024-08-01,13.22
50069461,T062,2025-03,ARTICULOS ESCOLARES,LAPICES,LAPICES CHECADORES,OFFICEMAX,Marca Propia,PIANO EXPORTS FZCO,2,37.76,43.8,11.67,0.3091,18.88,1,1,2025-03-01,18.88
50069461,T063,2024-06,ARTICULOS ESCOLARES,LAPICES,LAPICES CHECADORES,OFFICEMAX,Marca Propia,PIANO EXPORTS FZCO,1,18.88,21.9,6.05,0.3204,18.88,1,1,2024-06-01,18.88
50069461,T063,2025-08,ARTICULOS ESCOLARES,LAPICES,LAPICES CHECADORES,SN,Marca Externa,PIANO EXPORTS FZCO,1,22.33,25.9,7.56,0.3386,18.88,1,1,2025-08-01,22.33
50069461,T064,2024-06,ARTICULOS ESCOLARES,LAPICES,LAPICES CHECADORES,OFFICEMAX,Marca Propia,PIANO EXPORTS FZCO,1,18.88,21.9,6.05,0.3204,18.88,1,1,2024-06-01,18.88
50069461,T064,2024-10,ARTICULOS ESCOLARES,LAPICES,LAPICES CHECADORES,OFFICEMAX,Marca Propia,PIANO EXPORTS FZCO,10,188.8,219.0,58.400000000000006,0.3093,18.88,2,2,2024-10-01,18.880000000000003
50069461,T064,2025-04,ARTICULOS ESCOLARES,LAPICES,LAPICES CHECADORES,OFFICEMAX,Marca Propia,PIANO EXPORTS FZCO,1,18.88,21.9,5.84,0.3093,18.88,1,1,2025-04-01,18.88
50069461,T064,2025-08,ARTICULOS ESCOLARES,LAPICES,LAPICES CHECADORES,OFFICEMAX,Marca Propia,PIANO EXPORTS FZCO,1,22.33,25.9,7.56,0.3386,18.88,1,1,2025-08-01,22.33
50069461,T065,2024-07,ARTICULOS ESCOLARES,LAPICES,LAPICES CHECADORES,OFFICEMAX,Marca Propia,PIANO EXPORTS FZCO,1,18.88,21.9,6.05,0.3204,18.88,1,1,2024-07-01,18.88
50069461,T065,2024-08,ARTICULOS ESCOLARES,LAPICES,LAPICES CHECADORES,SN,Marca Externa,PIANO EXPORTS FZCO,1,18.88,21.9,6.04,0.3202,18.88,1,1,2024-08-01,18.88
50069461,T066,2024-01,ARTICULOS ESCOLARES,LAPICES,LAPICES CHECADORES,OFFICEMAX,Marca Propia,PIANO EXPORTS FZCO,2,37.76,43.8,13.06,0.3459,18.88,1,1,2024-01-01,18.88
50069461,T069,2025-04,ARTICULOS ESCOLARES,LAPICES,LAPICES CHECADORES,OFFICEMAX,Marca Propia,PIANO EXPORTS FZCO,1,18.88,21.9,5.84,0.3093,18.88,1,1,2025-04-01,18.88
50069461,T069,2025-08,ARTICULOS ESCOLARES,LAPICES,LAPICES CHECADORES,OFFICEMAX,Marca Propia,PIANO EXPORTS FZCO,1,22.33,25.9,7.56,0.3388,18.88,1,1,2025-08-01,22.33
50069461,T071,2024-07,ARTICULOS ESCOLARES,LAPICES,LAPICES CHECADORES,OFFICEMAX,Marca Propia,PIANO EXPORTS FZCO,1,18.88,21.9,6.05,0.3204,18.88,1,1,2024-07-01,18.88
50069461,T071,2025-02,ARTICULOS ESCOLARES,LAPICES,LAPICES CHECADORES,OFFICEMAX,Marca Propia,PIANO EXPORTS FZCO,1,18.88,21.9,5.83,0.3091,18.88,1,1,2025-02-01,18.88
50069461,T071,2025-07,ARTICULOS ESCOLARES,LAPICES,LAPICES CHECADORES,OFFICEMAX,Marca Propia,PIANO EXPORTS FZCO,2,31.26,36.26,8.12,0.2598,18.88,1,1,2025-07-01,15.63
50069461,T072,2024-08,ARTICULOS ESCOLARES,LAPICES,LAPICES CHECADORES,OFFICEMAX,Marca Propia,PIANO EXPORTS FZCO,1,15.1,17.52,4.16,0.2755,18.88,1,1,2024-08-01,15.1
50069461,T072,2025-08,ARTICULOS ESCOLARES,LAPICES,LAPICES CHECADORES,OFFICEMAX,Marca Propia,PIANO EXPORTS FZCO,1,22.33,25.9,7.56,0.3388,18.88,1,1,2025-08-01,22.33
50069461,T073,2025-04,ARTICULOS ESCOLARES,LAPICES,LAPICES CHECADORES,OFFICEMAX,Marca Propia,PIANO EXPORTS FZCO,1,18.88,21.9,5.84,0.3093,18.88,1,1,2025-04-01,18.88
50069461,T074,2024-08,ARTICULOS ESCOLARES,LAPICES,LAPICES CHECADORES,OFFICEMAX,Marca Propia,PIANO EXPORTS FZCO,1,18.88,21.9,6.04,0.3202,18.88,1,1,2024-08-01,18.88
50069461,T074,2024-10,ARTICULOS ESCOLARES,LAPICES,LAPICES CHECADORES,OFFICEMAX,Marca Propia,PIANO EXPORTS FZCO,1,18.88,21.9,5.85,0.3099,18.88,1,1,2024-10-01,18.88
50069461,T074,2024-11,ARTICULOS ESCOLARES,LAPICES,LAPICES CHECADORES,OFFICEMAX,Marca Propia,PIANO EXPORTS FZCO,1,18.88,21.9,5.85,0.3099,18.88,1,1,2024-11-01,18.88
50069461,T074,2025-02,ARTICULOS ESCOLARES,LAPICES,LAPICES CHECADORES,OFFICEMAX,Marca Propia,PIANO EXPORTS FZCO,1,18.88,21.9,5.84,0.3093,18.88,1,1,2025-02-01,18.88
50069461,T075,2024-11,ARTICULOS ESCOLARES,LAPICES,LAPICES CHECADORES,OFFICEMAX,Marca Propia,PIANO EXPORTS FZCO,1,18.88,21.9,5.83,0.3091,18.88,1,1,2024-11-01,18.88
50069461,T075,2025-01,ARTICULOS ESCOLARES,LAPICES,LAPICES CHECADORES,OFFICEMAX,Marca Propia,PIANO EXPORTS FZCO,1,18.88,21.9,5.84,0.3093,18.88,1,1,2025-01-01,18.88
50069461,T076,2025-02,ARTICULOS ESCOLARES,LAPICES,LAPICES CHECADORES,OFFICEMAX,Marca Propia,PIANO EXPORTS FZCO,1,18.88,21.9,5.83,0.3091,18.88,1,1,2025-02-01,18.88
50069461,T077,2025-01,ARTICULOS ESCOLARES,LAPICES,LAPICES CHECADORES,OFFICEMAX,Marca Propia,PIANO EXPORTS FZCO,1,18.88,21.9,5.83,0.3091,18.88,1,1,2025-01-01,18.88
50069461,T077,2025-07,ARTICULOS ESCOLARES,LAPICES,LAPICES CHECADORES,OFFICEMAX,Marca Propia,PIANO EXPORTS FZCO,1,22.33,25.9,7.56,0.3388,18.88,1,1,2025-07-01,22.33
50069461,T079,2024-06,ARTICULOS ESCOLARES,LAPICES,LAPICES CHECADORES,OFFICEMAX,Marca Propia,PIANO EXPORTS FZCO,1,18.88,21.9,6.04,0.3202,18.88,1,1,2024-06-01,18.88
50069461,T079,2024-08,ARTICULOS ESCOLARES,LAPICES,LAPICES CHECADORES,OFFICEMAX,Marca Propia,PIANO EXPORTS FZCO,1,13.22,15.33,3.22,0.2432,18.88,1,1,2024-08-01,13.22
50069461,T085,2024-07,ARTICULOS ESCOLARES,LAPICES,LAPICES CHECADORES,SN,Marca Externa,PIANO EXPORTS FZCO,2,37.76,43.8,12.1,0.3204,18.88,1,1,2024-07-01,18.88
50069461,T085,2024-08,ARTICULOS ESCOLARES,LAPICES,LAPICES CHECADORES,OFFICEMAX,Marca Propia,PIANO EXPORTS FZCO,1,13.22,15.33,3.22,0.2436,18.88,1,1,2024-08-01,13.22
50069461,T087,2025-07,ARTICULOS ESCOLARES,LAPICES,LAPICES CHECADORES,OFFICEMAX,Marca Propia,PIANO EXPORTS FZCO,1,22.33,25.9,7.56,0.3388,18.88,1,1,2025-07-01,22.33
50069712,T020,2024-02,ARTICULOS ESCOLARES,PLUMAS Y LAPICEROS FINOS,BOLIGRAFOS FINOS,PENTEL,Marca Externa,PENTEL DE MEXICO,1,452.59,525.0,83.32,0.1841,452.59,1,1,2024-02-01,452.59
50069712,T046,2024-03,ARTICULOS ESCOLARES,PLUMAS Y LAPICEROS FINOS,BOLIGRAFOS FINOS,PENTEL,Marca Externa,PENTEL DE MEXICO,1,486.11,525.0,100.09,0.2059,452.59,1,1,2024-03-01,486.11
50069736,T037,2024-05,ARTICULOS ESCOLARES,PLUMAS Y LAPICEROS FINOS,BOLIGRAFOS FINOS,PENTEL,Marca Externa,PENTEL DE MEXICO,1,314.66,365.0,60.2,0.1913,314.66,1,1,2024-05-01,314.66
50070185,T001,2024-02,ARTICULOS ESCOLARES,BLOCKS,BLOCKS CARTA,OFFICEMAX,Marca Propia,OFFICE DEPOT ASIA HOLDING,1,145.69,169.0,38.56,0.2647,145.69,1,1,2024-02-01,145.69
50070185,T010,2024-03,ARTICULOS ESCOLARES,BLOCKS,BLOCKS CARTA,OFFICEMAX,Marca Propia,OFFICE DEPOT ASIA HOLDING,1,145.69,169.0,38.51,0.2643,145.69,1,1,2024-03-01,145.69
50070185,T015,2024-02,ARTICULOS ESCOLARES,BLOCKS,BLOCKS CARTA,OFFICEMAX,Marca Propia,OFFICE DEPOT ASIA HOLDING,1,145.69,169.0,37.59,0.258,145.69,1,1,2024-02-01,145.69
50070185,T015,2024-05,ARTICULOS ESCOLARES,BLOCKS,BLOCKS CARTA,OFFICEMAX,Marca Propia,OFFICE DEPOT ASIA HOLDING,1,145.69,169.0,37.59,0.258,145.69,1,1,2024-05-01,145.69
50070185,T018,2024-03,ARTICULOS ESCOLARES,BLOCKS,BLOCKS CARTA,OFFICEMAX,Marca Propia,OFFICE DEPOT ASIA HOLDING,1,145.69,169.0,38.46,0.264,145.69,1,1,2024-03-01,145.69
50070185,T033,2024-04,ARTICULOS ESCOLARES,BLOCKS,BLOCKS CARTA,OFFICEMAX,Marca Propia,OFFICE DEPOT ASIA HOLDING,1,145.69,169.0,38.46,0.264,145.69,1,1,2024-04-01,145.69
50070185,T035,2025-03,ARTICULOS ESCOLARES,BLOCKS,BLOCKS CARTA,OFFICEMAX,Marca Propia,OFFICE DEPOT ASIA HOLDING,2,291.38,338.0,76.54,0.2626,145.69,1,1,2025-03-01,145.69
50070185,T037,2024-02,ARTICULOS ESCOLARES,BLOCKS,BLOCKS CARTA,OFFICEMAX,Marca Propia,OFFICE DEPOT ASIA HOLDING,1,145.69,169.0,38.37,0.2633,145.69,1,1,2024-02-01,145.69
50070185,T038,2024-04,ARTICULOS ESCOLARES,BLOCKS,BLOCKS CARTA,OFFICEMAX,Marca Propia,OFFICE DEPOT ASIA HOLDING,1,145.69,169.0,38.44,0.2638,145.69,1,1,2024-04-01,145.69
50070185,T041,2024-07,ARTICULOS ESCOLARES,BLOCKS,BLOCKS CARTA,OFFICEMAX,Marca Propia,OFFICE DEPOT ASIA HOLDING,1,145.69,169.0,38.55,0.2646,145.69,1,1,2024-07-01,145.69
50070185,T047,2024-02,ARTICULOS ESCOLARES,BLOCKS,BLOCKS CARTA,OFFICEMAX,Marca Propia,OFFICE DEPOT ASIA HOLDING,1,145.69,169.0,38.41,0.2637,145.69,1,1,2024-02-01,145.69
50070185,T050,2024-06,ARTICULOS ESCOLARES,BLOCKS,BLOCKS CARTA,OFFICEMAX,Marca Propia,OFFICE DEPOT ASIA HOLDING,2,291.38,338.0,77.12,0.2647,145.69,1,1,2024-06-01,145.69
50070185,T059,2024-03,ARTICULOS ESCOLARES,BLOCKS,BLOCKS CARTA,OFFICEMAX,Marca Propia,OFFICE DEPOT ASIA HOLDING,1,145.69,169.0,37.45,0.257,145.69,1,1,2024-03-01,145.69
50070185,T062,2024-06,ARTICULOS ESCOLARES,BLOCKS,BLOCKS CARTA,OFFICEMAX,Marca Propia,OFFICE DEPOT ASIA HOLDING,1,145.69,169.0,38.16,0.262,145.69,1,1,2024-06-01,145.69
50070185,T064,2024-02,ARTICULOS ESCOLARES,BLOCKS,BLOCKS CARTA,OFFICEMAX,Marca Propia,OFFICE DEPOT ASIA HOLDING,1,145.69,169.0,38.55,0.2646,145.69,1,1,2024-02-01,145.69
50070185,T064,2024-03,ARTICULOS ESCOLARES,BLOCKS,BLOCKS CARTA,OFFICEMAX,Marca Propia,OFFICE DEPOT ASIA HOLDING,1,145.69,169.0,38.55,0.2646,145.69,1,1,2024-03-01,145.69
50070185,T075,2024-06,ARTICULOS ESCOLARES,BLOCKS,BLOCKS CARTA,OFFICEMAX,Marca Propia,OFFICE DEPOT ASIA HOLDING,1,145.69,169.0,38.23,0.2624,145.69,1,1,2024-06-01,145.69
50070185,T079,2024-03,ARTICULOS ESCOLARES,BLOCKS,BLOCKS CARTA,OFFICEMAX,Marca Propia,OFFICE DEPOT ASIA HOLDING,6,743.02,861.9,164.0,0.2207,145.69,1,1,2024-03-01,123.83666666666666
50070186,T004,2026-04,ARTICULOS ESCOLARES,BLOCKS,BLOCKS CARTA,OFFICEMAX,Marca Propia,OFFICE DEPOT ASIA HOLDING,1,171.55,199.0,4.63,0.027,125.0,1,1,2026-04-01,171.55
50070186,T005,2025-09,ARTICULOS ESCOLARES,BLOCKS,BLOCKS CARTA,OFFICEMAX,Marca Propia,OFFICE DEPOT ASIA HOLDING,1,125.0,145.0,26.33,0.2106,125.0,1,1,2025-09-01,125.0
50070186,T006,2024-03,ARTICULOS ESCOLARES,BLOCKS,BLOCKS CARTA,OFFICEMAX,Marca Propia,OFFICE DEPOT ASIA HOLDING,1,125.0,145.0,31.16,0.2493,125.0,1,1,2024-03-01,125.0
50070186,T006,2024-07,ARTICULOS ESCOLARES,BLOCKS,BLOCKS CARTA,OFFICEMAX,Marca Propia,OFFICE DEPOT ASIA HOLDING,1,125.0,145.0,28.76,0.2301,125.0,1,1,2024-07-01,125.0
50070186,T006,2025-08,ARTICULOS ESCOLARES,BLOCKS,BLOCKS CARTA,OFFICEMAX,Marca Propia,OFFICE DEPOT ASIA HOLDING,1,125.0,145.0,26.33,0.2106,125.0,1,1,2025-08-01,125.0
50070186,T007,2024-09,ARTICULOS ESCOLARES,BLOCKS,BLOCKS CARTA,OFFICEMAX,Marca Propia,OFFICE DEPOT ASIA HOLDING,1,125.0,145.0,28.76,0.2301,125.0,1,1,2024-09-01,125.0
50070186,T007,2026-03,ARTICULOS ESCOLARES,BLOCKS,BLOCKS CARTA,OFFICEMAX,Marca Propia,OFFICE DEPOT ASIA HOLDING,1,171.55,199.0,11.06,0.0644,125.0,1,1,2026-03-01,171.55
50070186,T010,2024-02,ARTICULOS ESCOLARES,BLOCKS,BLOCKS CARTA,OFFICEMAX,Marca Propia,OFFICE DEPOT ASIA HOLDING,1,125.0,145.0,30.05,0.2404,125.0,1,1,2024-02-01,125.0
50070186,T014,2025-07,ARTICULOS ESCOLARES,BLOCKS,BLOCKS CARTA,OFFICEMAX,Marca Propia,OFFICE DEPOT ASIA HOLDING,1,87.5,101.5,7.58,0.0866,125.0,1,1,2025-07-01,87.5
50070186,T016,2025-10,ARTICULOS ESCOLARES,BLOCKS,BLOCKS CARTA,OFFICEMAX,Marca Propia,OFFICE DEPOT ASIA HOLDING,1,125.0,145.0,26.33,0.2106,125.0,1,1,2025-10-01,125.0
50070186,T017,2024-07,ARTICULOS ESCOLARES,BLOCKS,BLOCKS CARTA,OFFICEMAX,Marca Propia,OFFICE DEPOT ASIA HOLDING,1,125.0,145.0,28.76,0.2301,125.0,1,1,2024-07-01,125.0
50070186,T020,2024-07,ARTICULOS ESCOLARES,BLOCKS,BLOCKS CARTA,OFFICEMAX,Marca Propia,OFFICE DEPOT ASIA HOLDING,3,375.0,435.0,86.28,0.2301,125.0,1,1,2024-07-01,125.0
50070186,T020,2024-08,ARTICULOS ESCOLARES,BLOCKS,BLOCKS CARTA,OFFICEMAX,Marca Propia,OFFICE DEPOT ASIA HOLDING,1,125.0,145.0,28.76,0.2301,125.0,1,1,2024-08-01,125.0
50070186,T020,2025-08,ARTICULOS ESCOLARES,BLOCKS,BLOCKS CARTA,OFFICEMAX,Marca Propia,OFFICE DEPOT ASIA HOLDING,1,125.0,145.0,26.33,0.2106,125.0,1,1,2025-08-01,125.0
50070186,T021,2024-09,ARTICULOS ESCOLARES,BLOCKS,BLOCKS CARTA,OFFICEMAX,Marca Propia,OFFICE DEPOT ASIA HOLDING,1,125.0,145.0,28.76,0.2301,125.0,1,1,2024-09-01,125.0
50070186,T023,2024-02,ARTICULOS ESCOLARES,BLOCKS,BLOCKS CARTA,OFFICEMAX,Marca Propia,OFFICE DEPOT ASIA HOLDING,1,125.0,145.0,31.25,0.25,125.0,1,1,2024-02-01,125.0
50070186,T025,2024-02,ARTICULOS ESCOLARES,BLOCKS,BLOCKS CARTA,OFFICEMAX,Marca Propia,OFFICE DEPOT ASIA HOLDING,1,125.0,145.0,31.15,0.2492,125.0,1,1,2024-02-01,125.0
50070186,T025,2024-09,ARTICULOS ESCOLARES,BLOCKS,BLOCKS CARTA,OFFICEMAX,Marca Propia,OFFICE DEPOT ASIA HOLDING,1,125.0,145.0,28.76,0.2301,125.0,1,1,2024-09-01,125.0
50070186,T027,2025-08,ARTICULOS ESCOLARES,BLOCKS,BLOCKS CARTA,OFFICEMAX,Marca Propia,OFFICE DEPOT ASIA HOLDING,2,250.0,290.0,52.65,0.2106,125.0,1,1,2025-08-01,125.0
50070186,T028,2024-12,ARTICULOS ESCOLARES,BLOCKS,BLOCKS CARTA,OFFICEMAX,Marca Propia,OFFICE DEPOT ASIA HOLDING,1,125.0,145.0,28.76,0.2301,125.0,1,1,2024-12-01,125.0
50070186,T030,2024-08,ARTICULOS ESCOLARES,BLOCKS,BLOCKS CARTA,OFFICEMAX,Marca Propia,OFFICE DEPOT ASIA HOLDING,1,125.0,145.0,29.06,0.2325,125.0,1,1,2024-08-01,125.0
50070186,T032,2025-07,ARTICULOS ESCOLARES,BLOCKS,BLOCKS CARTA,OFFICEMAX,Marca Propia,OFFICE DEPOT ASIA HOLDING,2,250.0,290.0,52.65,0.2106,125.0,1,1,2025-07-01,125.0
50070186,T033,2025-07,ARTICULOS ESCOLARES,BLOCKS,BLOCKS CARTA,OFFICEMAX,Marca Propia,OFFICE DEPOT ASIA HOLDING,1,125.0,145.0,26.33,0.2106,125.0,1,1,2025-07-01,125.0
50070186,T034,2025-09,ARTICULOS ESCOLARES,BLOCKS,BLOCKS CARTA,OFFICEMAX,Marca Propia,OFFICE DEPOT ASIA HOLDING,1,125.0,145.0,26.33,0.2106,125.0,1,1,2025-09-01,125.0
50070186,T034,2026-04,ARTICULOS ESCOLARES,BLOCKS,BLOCKS CARTA,OFFICEMAX,Marca Propia,OFFICE DEPOT ASIA HOLDING,1,171.55,199.0,4.63,0.027,125.0,1,1,2026-04-01,171.55
50070186,T036,2024-06,ARTICULOS ESCOLARES,BLOCKS,BLOCKS CARTA,OFFICEMAX,Marca Propia,OFFICE DEPOT ASIA HOLDING,1,125.0,145.0,30.69,0.2455,125.0,1,1,2024-06-01,125.0
50070186,T037,2024-08,ARTICULOS ESCOLARES,BLOCKS,BLOCKS CARTA,OFFICEMAX,Marca Propia,OFFICE DEPOT ASIA HOLDING,1,125.0,145.0,28.76,0.2301,125.0,1,1,2024-08-01,125.0
50070186,T037,2025-10,ARTICULOS ESCOLARES,BLOCKS,BLOCKS CARTA,OFFICEMAX,Marca Propia,OFFICE DEPOT ASIA HOLDING,1,125.0,145.0,26.33,0.2106,125.0,1,1,2025-10-01,125.0
50070186,T038,2025-01,ARTICULOS ESCOLARES,BLOCKS,BLOCKS CARTA,OFFICEMAX,Marca Propia,OFFICE DEPOT ASIA HOLDING,1,125.0,145.0,28.76,0.2301,125.0,1,1,2025-01-01,125.0
50070186,T038,2025-08,ARTICULOS ESCOLARES,BLOCKS,BLOCKS CARTA,OFFICEMAX,Marca Propia,OFFICE DEPOT ASIA HOLDING,1,125.0,145.0,26.33,0.2106,125.0,1,1,2025-08-01,125.0
50070186,T039,2024-10,ARTICULOS ESCOLARES,BLOCKS,BLOCKS CARTA,OFFICEMAX,Marca Propia,OFFICE DEPOT ASIA HOLDING,1,125.0,145.0,28.78,0.2303,125.0,1,1,2024-10-01,125.0
50070186,T040,2024-11,ARTICULOS ESCOLARES,BLOCKS,BLOCKS CARTA,OFFICEMAX,Marca Propia,OFFICE DEPOT ASIA HOLDING,1,125.0,145.0,28.76,0.2301,125.0,1,1,2024-11-01,125.0
50070186,T040,2025-10,ARTICULOS ESCOLARES,BLOCKS,BLOCKS CARTA,OFFICEMAX,Marca Propia,OFFICE DEPOT ASIA HOLDING,1,125.0,145.0,26.33,0.2106,125.0,1,1,2025-10-01,125.0
50070186,T041,2024-07,ARTICULOS ESCOLARES,BLOCKS,BLOCKS CARTA,OFFICEMAX,Marca Propia,OFFICE DEPOT ASIA HOLDING,1,125.0,145.0,28.76,0.2301,125.0,1,1,2024-07-01,125.0
50070186,T045,2026-03,ARTICULOS ESCOLARES,BLOCKS,BLOCKS CARTA,OFFICEMAX,Marca Propia,OFFICE DEPOT ASIA HOLDING,1,171.55,199.0,4.63,0.027,125.0,1,1,2026-03-01,171.55
50070186,T047,2024-08,ARTICULOS ESCOLARES,BLOCKS,BLOCKS CARTA,OFFICEMAX,Marca Propia,OFFICE DEPOT ASIA HOLDING,2,250.0,290.0,57.52,0.2301,125.0,1,1,2024-08-01,125.0
50070186,T047,2025-07,ARTICULOS ESCOLARES,BLOCKS,BLOCKS CARTA,OFFICEMAX,Marca Propia,OFFICE DEPOT ASIA HOLDING,1,87.5,101.5,7.58,0.0866,125.0,1,1,2025-07-01,87.5
50070186,T049,2024-12,ARTICULOS ESCOLARES,BLOCKS,BLOCKS CARTA,OFFICEMAX,Marca Propia,OFFICE DEPOT ASIA HOLDING,1,125.0,145.0,28.76,0.2301,125.0,1,1,2024-12-01,125.0
50070186,T050,2024-09,ARTICULOS ESCOLARES,BLOCKS,BLOCKS CARTA,OFFICEMAX,Marca Propia,OFFICE DEPOT ASIA HOLDING,1,125.0,145.0,28.76,0.2301,125.0,1,1,2024-09-01,125.0
50070186,T051,2024-02,ARTICULOS ESCOLARES,BLOCKS,BLOCKS CARTA,OFFICEMAX,Marca Propia,OFFICE DEPOT ASIA HOLDING,1,125.0,145.0,28.88,0.231,125.0,1,1,2024-02-01,125.0
50070186,T051,2024-09,ARTICULOS ESCOLARES,BLOCKS,BLOCKS CARTA,OFFICEMAX,Marca Propia,OFFICE DEPOT ASIA HOLDING,1,125.0,145.0,28.76,0.2301,125.0,1,1,2024-09-01,125.0
50070186,T051,2025-09,ARTICULOS ESCOLARES,BLOCKS,BLOCKS CARTA,OFFICEMAX,Marca Propia,OFFICE DEPOT ASIA HOLDING,1,125.0,145.0,26.33,0.2106,125.0,1,1,2025-09-01,125.0
50070186,T051,2025-10,ARTICULOS ESCOLARES,BLOCKS,BLOCKS CARTA,OFFICEMAX,Marca Propia,OFFICE DEPOT ASIA HOLDING,1,125.0,145.0,26.33,0.2106,125.0,1,1,2025-10-01,125.0
50070186,T052,2024-01,ARTICULOS ESCOLARES,BLOCKS,BLOCKS CARTA,OFFICEMAX,Marca Propia,OFFICE DEPOT ASIA HOLDING,1,125.0,145.0,31.21,0.2497,125.0,1,1,2024-01-01,125.0
50070186,T052,2024-09,ARTICULOS ESCOLARES,BLOCKS,BLOCKS CARTA,OFFICEMAX,Marca Propia,OFFICE DEPOT ASIA HOLDING,2,250.0,290.0,57.52,0.2301,125.0,1,1,2024-09-01,125.0
50070186,T052,2025-08,ARTICULOS ESCOLARES,BLOCKS,BLOCKS CARTA,OFFICEMAX,Marca Propia,OFFICE DEPOT ASIA HOLDING,1,125.0,145.0,26.33,0.2106,125.0,1,1,2025-08-01,125.0
50070186,T053,2024-09,ARTICULOS ESCOLARES,BLOCKS,BLOCKS CARTA,OFFICEMAX,Marca Propia,OFFICE DEPOT ASIA HOLDING,1,125.0,145.0,28.76,0.2301,125.0,1,1,2024-09-01,125.0
50070186,T053,2024-11,ARTICULOS ESCOLARES,BLOCKS,BLOCKS CARTA,OFFICEMAX,Marca Propia,OFFICE DEPOT ASIA HOLDING,1,125.0,145.0,28.76,0.2301,125.0,1,1,2024-11-01,125.0
50070186,T054,2024-07,ARTICULOS ESCOLARES,BLOCKS,BLOCKS CARTA,OFFICEMAX,Marca Propia,OFFICE DEPOT ASIA HOLDING,1,125.0,145.0,28.76,0.2301,125.0,1,1,2024-07-01,125.0
50070186,T055,2024-06,ARTICULOS ESCOLARES,BLOCKS,BLOCKS CARTA,OFFICEMAX,Marca Propia,OFFICE DEPOT ASIA HOLDING,3,375.0,435.0,90.73,0.242,125.0,1,1,2024-06-01,125.0
50070186,T056,2024-09,ARTICULOS ESCOLARES,BLOCKS,BLOCKS CARTA,OFFICEMAX,Marca Propia,OFFICE DEPOT ASIA HOLDING,1,125.0,145.0,28.76,0.2301,125.0,1,1,2024-09-01,125.0
50070186,T058,2024-02,ARTICULOS ESCOLARES,BLOCKS,BLOCKS CARTA,OFFICEMAX,Marca Propia,OFFICE DEPOT ASIA HOLDING,1,125.0,145.0,31.19,0.2495,125.0,1,1,2024-02-01,125.0
50070186,T060,2025-09,ARTICULOS ESCOLARES,BLOCKS,BLOCKS CARTA,OFFICEMAX,Marca Propia,OFFICE DEPOT ASIA HOLDING,1,125.0,145.0,26.33,0.2106,125.0,1,1,2025-09-01,125.0
50070186,T061,2025-10,ARTICULOS ESCOLARES,BLOCKS,BLOCKS CARTA,OFFICEMAX,Marca Propia,OFFICE DEPOT ASIA HOLDING,1,134.26,145.0,30.95,0.2306,125.0,1,1,2025-10-01,134.26
50070186,T063,2024-07,ARTICULOS ESCOLARES,BLOCKS,BLOCKS CARTA,OFFICEMAX,Marca Propia,OFFICE DEPOT ASIA HOLDING,1,125.0,145.0,28.76,0.2301,125.0,1,1,2024-07-01,125.0
50070186,T069,2024-07,ARTICULOS ESCOLARES,BLOCKS,BLOCKS CARTA,OFFICEMAX,Marca Propia,OFFICE DEPOT ASIA HOLDING,1,125.0,145.0,28.76,0.2301,125.0,1,1,2024-07-01,125.0
50070186,T073,2024-11,ARTICULOS ESCOLARES,BLOCKS,BLOCKS CARTA,OFFICEMAX,Marca Propia,OFFICE DEPOT ASIA HOLDING,1,125.0,145.0,28.76,0.2301,125.0,1,1,2024-11-01,125.0
50070186,T074,2024-07,ARTICULOS ESCOLARES,BLOCKS,BLOCKS CARTA,OFFICEMAX,Marca Propia,OFFICE DEPOT ASIA HOLDING,1,125.0,145.0,28.76,0.2301,125.0,1,1,2024-07-01,125.0
50070186,T074,2026-01,ARTICULOS ESCOLARES,BLOCKS,BLOCKS CARTA,OFFICEMAX,Marca Propia,OFFICE DEPOT ASIA HOLDING,1,125.0,145.0,26.33,0.2106,125.0,1,1,2026-01-01,125.0
50070186,T076,2024-02,ARTICULOS ESCOLARES,BLOCKS,BLOCKS CARTA,OFFICEMAX,Marca Propia,OFFICE DEPOT ASIA HOLDING,1,125.0,145.0,31.25,0.25,125.0,1,1,2024-02-01,125.0
50070186,T077,2024-11,ARTICULOS ESCOLARES,BLOCKS,BLOCKS CARTA,OFFICEMAX,Marca Propia,OFFICE DEPOT ASIA HOLDING,1,125.0,145.0,28.76,0.2301,125.0,1,1,2024-11-01,125.0
50070186,T078,2024-02,ARTICULOS ESCOLARES,BLOCKS,BLOCKS CARTA,OFFICEMAX,Marca Propia,OFFICE DEPOT ASIA HOLDING,1,125.0,145.0,30.86,0.2469,125.0,1,1,2024-02-01,125.0
50070186,T081,2024-07,ARTICULOS ESCOLARES,BLOCKS,BLOCKS CARTA,OFFICEMAX,Marca Propia,OFFICE DEPOT ASIA HOLDING,1,125.0,145.0,28.76,0.2301,125.0,1,1,2024-07-01,125.0
50070186,T083,2024-08,ARTICULOS ESCOLARES,BLOCKS,BLOCKS CARTA,OFFICEMAX,Marca Propia,OFFICE DEPOT ASIA HOLDING,2,250.0,290.0,57.52,0.2301,125.0,2,2,2024-08-01,125.0
50073554,T015,2024-07,ARTICULOS ESCOLARES,BLOCKS,BLOCKS CARTA,OFFICEMAX,Marca Propia,BIO PAPPEL SCRIBE,1,41.29,47.9,7.56,0.1831,41.29,1,1,2024-07-01,41.29
50073554,T028,2024-03,ARTICULOS ESCOLARES,BLOCKS,BLOCKS CARTA,OFFICEMAX,Marca Propia,BIO PAPPEL SCRIBE,1,41.29,47.9,7.16,0.1735,41.29,1,1,2024-03-01,41.29
50073554,T038,2024-05,ARTICULOS ESCOLARES,BLOCKS,BLOCKS CARTA,,Marca Externa,BIO PAPPEL SCRIBE,2,82.59,95.8,14.39,0.1742,41.29,1,1,2024-05-01,41.295
50073554,T047,2025-06,ARTICULOS ESCOLARES,BLOCKS,BLOCKS CARTA,,Marca Externa,BIO PAPPEL SCRIBE,1,41.29,47.9,7.16,0.1735,41.29,1,1,2025-06-01,41.29
50073554,T048,2024-08,ARTICULOS ESCOLARES,BLOCKS,BLOCKS CARTA,OFFICEMAX,Marca Propia,BIO PAPPEL SCRIBE,1,41.29,47.9,7.39,0.179,41.29,1,1,2024-08-01,41.29
50073554,T063,2024-03,ARTICULOS ESCOLARES,BLOCKS,BLOCKS CARTA,OFFICEMAX,Marca Propia,BIO PAPPEL SCRIBE,1,41.29,47.9,7.36,0.1781,41.29,1,1,2024-03-01,41.29
50073554,T069,2024-04,ARTICULOS ESCOLARES,BLOCKS,BLOCKS CARTA,,Marca Externa,BIO PAPPEL SCRIBE,1,41.29,47.9,7.21,0.1745,41.29,1,1,2024-04-01,41.29
50073554,T080,2024-01,ARTICULOS ESCOLARES,BLOCKS,BLOCKS CARTA,OFFICEMAX,Marca Propia,BIO PAPPEL SCRIBE,1,41.29,47.9,7.19,0.1741,41.29,1,1,2024-01-01,41.29
50073555,T002,2024-06,ARTICULOS ESCOLARES,BLOCKS,BLOCKS CARTA,OFFICEMAX,Marca Propia,BIO PAPPEL SCRIBE,1,41.29,47.9,7.16,0.1735,41.29,1,1,2024-06-01,41.29
50073555,T010,2024-06,ARTICULOS ESCOLARES,BLOCKS,BLOCKS CARTA,OFFICEMAX,Marca Propia,BIO PAPPEL SCRIBE,1,41.29,47.9,9.0,0.2181,41.29,1,1,2024-06-01,41.29
50073555,T010,2024-10,ARTICULOS ESCOLARES,BLOCKS,BLOCKS CARTA,,Marca Externa,BIO PAPPEL SCRIBE,2,49.55,57.48,1.49,0.0302,41.29,1,1,2024-10-01,24.775
50073555,T014,2024-08,ARTICULOS ESCOLARES,BLOCKS,BLOCKS CARTA,,Marca Externa,BIO PAPPEL SCRIBE,1,41.29,47.9,7.12,0.1724,41.29,1,1,2024-08-01,41.29
50073555,T037,2024-02,ARTICULOS ESCOLARES,BLOCKS,BLOCKS CARTA,OFFICEMAX,Marca Propia,BIO PAPPEL SCRIBE,1,41.29,47.9,7.34,0.1778,41.29,1,1,2024-02-01,41.29
50073555,T067,2024-06,ARTICULOS ESCOLARES,BLOCKS,BLOCKS CARTA,OFFICEMAX,Marca Propia,BIO PAPPEL SCRIBE,1,41.29,47.9,8.76,0.2123,41.29,1,1,2024-06-01,41.29
50073555,T072,2024-01,ARTICULOS ESCOLARES,BLOCKS,BLOCKS CARTA,OFFICEMAX,Marca Propia,BIO PAPPEL SCRIBE,4,165.17,191.6,33.56,0.2032,41.29,1,1,2024-01-01,41.2925
50073555,T075,2024-12,ARTICULOS ESCOLARES,BLOCKS,BLOCKS CARTA,,Marca Externa,BIO PAPPEL SCRIBE,1,24.78,28.74,0.21,0.0085,41.29,1,1,2024-12-01,24.78
50074525,T004,2025-01,ARTICULOS ESCOLARES,LIBRETAS EJECUTIVAS,LIBRETAS FORMA FRANCESA,DANPEX,Marca Externa,INDUSTRIAS DANPEX,1,262.93,305.0,52.01,0.1978,262.93,1,1,2025-01-01,262.93
50074525,T028,2024-06,ARTICULOS ESCOLARES,LIBRETAS EJECUTIVAS,LIBRETAS FORMA FRANCESA,DANPEX,Marca Externa,INDUSTRIAS DANPEX,1,262.93,305.0,52.03,0.1979,262.93,1,1,2024-06-01,262.93
50074525,T037,2025-04,ARTICULOS ESCOLARES,LIBRETAS EJECUTIVAS,LIBRETAS FORMA FRANCESA,DANPEX,Marca Externa,INDUSTRIAS DANPEX,1,262.93,305.0,52.14,0.1983,262.93,1,1,2025-04-01,262.93
50074525,T043,2025-06,ARTICULOS ESCOLARES,LIBRETAS EJECUTIVAS,LIBRETAS FORMA FRANCESA,DANPEX,Marca Externa,INDUSTRIAS DANPEX,1,282.41,305.0,62.2,0.2202,262.93,1,1,2025-06-01,282.41
50074526,T022,2024-10,ARTICULOS ESCOLARES,LIBRETAS EJECUTIVAS,LIBRETAS FORMA FRANCESA,DANPEX,Marca Externa,INDUSTRIAS DANPEX,1,185.34,215.0,38.26,0.2064,185.34,1,1,2024-10-01,185.34
50074529,T025,2024-06,ARTICULOS ESCOLARES,LIBRETAS EJECUTIVAS,LIBRETAS POCKET,DANPEX,Marca Externa,INDUSTRIAS DANPEX,1,214.66,249.0,44.14,0.2057,214.66,1,1,2024-06-01,214.66
50074529,T028,2024-06,ARTICULOS ESCOLARES,LIBRETAS EJECUTIVAS,LIBRETAS POCKET,DANPEX,Marca Externa,INDUSTRIAS DANPEX,1,214.66,249.0,44.13,0.2056,214.66,1,1,2024-06-01,214.66
50074529,T033,2024-07,ARTICULOS ESCOLARES,LIBRETAS EJECUTIVAS,LIBRETAS POCKET,DANPEX,Marca Externa,INDUSTRIAS DANPEX,1,214.66,249.0,44.11,0.2055,214.66,1,1,2024-07-01,214.66
50074529,T050,2024-07,ARTICULOS ESCOLARES,LIBRETAS EJECUTIVAS,LIBRETAS POCKET,DANPEX,Marca Externa,INDUSTRIAS DANPEX,1,214.66,249.0,44.25,0.2061,214.66,1,1,2024-07-01,214.66
50076828,T002,2025-01,ARTICULOS ESCOLARES,LIBRETAS EJECUTIVAS,LIBRETAS FORMA FRANCESA,MOLESKINE,Marca Externa,EDICIONES LAROUSSE,1,525.0,609.0,104.78,0.1996,525.0,1,1,2025-01-01,525.0
50076829,T004,2026-02,ARTICULOS ESCOLARES,LIBRETAS EJECUTIVAS,LIBRETAS FORMA FRANCESA,MOLESKINE,Marca Externa,EDICIONES LAROUSSE,1,447.41,519.0,53.53,0.1196,590.52,1,1,2026-02-01,447.41
50077621,T006,2024-08,ARTICULOS ESCOLARES,PLUMAS Y LAPICEROS FINOS,PLUMAS FUENTE,PARKER,Marca Externa,NEWELL BRANDS DE MEXICO,1,125.0,145.0,22.0,0.176,125.0,1,1,2024-08-01,125.0
50077621,T022,2024-02,ARTICULOS ESCOLARES,PLUMAS Y LAPICEROS FINOS,PLUMAS FUENTE,PARKER,Marca Externa,NEWELL BRANDS DE MEXICO,1,125.0,145.0,22.0,0.176,125.0,1,1,2024-02-01,125.0
50077621,T039,2024-09,ARTICULOS ESCOLARES,PLUMAS Y LAPICEROS FINOS,PLUMAS FUENTE,PARKER,Marca Externa,NEWELL BRANDS DE MEXICO,1,125.0,145.0,22.0,0.176,125.0,1,1,2024-09-01,125.0
50077621,T068,2024-10,ARTICULOS ESCOLARES,PLUMAS Y LAPICEROS FINOS,PLUMAS FUENTE,PARKER,Marca Externa,NEWELL BRANDS DE MEXICO,1,125.0,145.0,22.0,0.176,125.0,1,1,2024-10-01,125.0
50079721,T017,2024-12,ARTICULOS ESCOLARES,LAPICES DE COLORES,LAPICES DE COLORES PROFESIONALES,,Marca Externa,NEWELL BRANDS DE MEXICO,1,1300.86,1509.0,252.93,0.1944,1300.86,1,1,2024-12-01,1300.86
50079916,T001,2024-05,ARTICULOS ESCOLARES,CRAYONES,CRAYONES,CRAYOLA,Marca Externa,BINNEY Y SMITH MEXICO,1,68.54,79.5,13.47,0.1965,68.54,1,1,2024-05-01,68.54
50079916,T001,2025-05,ARTICULOS ESCOLARES,CRAYONES,CRAYONES,CRAYOLA,Marca Externa,BINNEY Y SMITH MEXICO,1,76.64,88.9,15.08,0.1968,68.54,1,1,2025-05-01,76.64
50079916,T001,2026-01,ARTICULOS ESCOLARES,CRAYONES,CRAYONES,CRAYOLA,Marca Externa,BINNEY Y SMITH MEXICO,1,77.5,89.9,15.41,0.1988,68.54,1,1,2026-01-01,77.5
50079916,T002,2026-04,ARTICULOS ESCOLARES,CRAYONES,CRAYONES,CRAYOLA,Marca Externa,BINNEY Y SMITH MEXICO,1,77.5,89.9,15.4,0.1987,68.54,1,1,2026-04-01,77.5
50079916,T007,2026-01,ARTICULOS ESCOLARES,CRAYONES,CRAYONES,CRAYOLA,Marca Externa,BINNEY Y SMITH MEXICO,1,77.5,89.9,15.43,0.199,68.54,1,1,2026-01-01,77.5
50079916,T008,2025-08,ARTICULOS ESCOLARES,CRAYONES,CRAYONES,CRAYOLA,Marca Externa,BINNEY Y SMITH MEXICO,1,77.5,89.9,16.43,0.2119,68.54,1,1,2025-08-01,77.5
50079916,T015,2025-01,ARTICULOS ESCOLARES,CRAYONES,CRAYONES,CRAYOLA,Marca Externa,BINNEY Y SMITH MEXICO,1,68.54,79.5,12.82,0.187,68.54,1,1,2025-01-01,68.54
50079916,T017,2024-05,ARTICULOS ESCOLARES,CRAYONES,CRAYONES,CRAYOLA,Marca Externa,BINNEY Y SMITH MEXICO,1,68.54,79.5,13.51,0.1972,68.54,1,1,2024-05-01,68.54
50079916,T022,2024-10,ARTICULOS ESCOLARES,CRAYONES,CRAYONES,CRAYOLA,Marca Externa,BINNEY Y SMITH MEXICO,1,68.54,79.5,13.72,0.2002,68.54,1,1,2024-10-01,68.54
50079916,T025,2025-03,ARTICULOS ESCOLARES,CRAYONES,CRAYONES,CRAYOLA,Marca Externa,BINNEY Y SMITH MEXICO,1,76.64,88.9,17.05,0.2224,68.54,1,1,2025-03-01,76.64
50079916,T027,2025-06,ARTICULOS ESCOLARES,CRAYONES,CRAYONES,CRAYOLA,Marca Externa,BINNEY Y SMITH MEXICO,1,77.5,89.9,15.66,0.2021,68.54,1,1,2025-06-01,77.5
50079916,T031,2024-10,ARTICULOS ESCOLARES,CRAYONES,CRAYONES,CRAYOLA,Marca Externa,BINNEY Y SMITH MEXICO,1,68.54,79.5,13.01,0.1899,68.54,1,1,2024-10-01,68.54
50079916,T041,2025-03,ARTICULOS ESCOLARES,CRAYONES,CRAYONES,CRAYOLA,Marca Externa,BINNEY Y SMITH MEXICO,2,109.66,127.2,12.23,0.1115,68.54,1,1,2025-03-01,54.83
50079916,T042,2024-08,ARTICULOS ESCOLARES,CRAYONES,CRAYONES,CRAYOLA,Marca Externa,BINNEY Y SMITH MEXICO,1,68.54,79.5,13.73,0.2003,68.54,1,1,2024-08-01,68.54
50079916,T042,2025-03,ARTICULOS ESCOLARES,CRAYONES,CRAYONES,CRAYOLA,Marca Externa,BINNEY Y SMITH MEXICO,1,54.83,63.6,6.15,0.1123,68.54,1,1,2025-03-01,54.83
50079916,T043,2025-03,ARTICULOS ESCOLARES,CRAYONES,CRAYONES,CRAYOLA,Marca Externa,BINNEY Y SMITH MEXICO,1,73.61,79.5,16.49,0.224,68.54,1,1,2025-03-01,73.61
50079916,T044,2024-09,ARTICULOS ESCOLARES,CRAYONES,CRAYONES,CRAYOLA,Marca Externa,BINNEY Y SMITH MEXICO,1,54.83,63.6,6.5,0.1185,68.54,1,1,2024-09-01,54.83
50079916,T052,2025-09,ARTICULOS ESCOLARES,CRAYONES,CRAYONES,CRAYOLA,Marca Externa,BINNEY Y SMITH MEXICO,1,77.5,89.9,15.57,0.201,68.54,1,1,2025-09-01,77.5
50079916,T053,2025-01,ARTICULOS ESCOLARES,CRAYONES,CRAYONES,CRAYOLA,Marca Externa,BINNEY Y SMITH MEXICO,1,68.54,79.5,12.9,0.1882,68.54,1,1,2025-01-01,68.54
50079916,T053,2025-07,ARTICULOS ESCOLARES,CRAYONES,CRAYONES,CRAYOLA,Marca Externa,BINNEY Y SMITH MEXICO,1,77.5,89.9,15.4,0.1987,68.54,1,1,2025-07-01,77.5
50079916,T055,2024-03,ARTICULOS ESCOLARES,CRAYONES,CRAYONES,CRAYOLA,Marca Externa,BINNEY Y SMITH MEXICO,1,68.54,79.5,14.2,0.2073,68.54,1,1,2024-03-01,68.54
50079916,T060,2024-03,ARTICULOS ESCOLARES,CRAYONES,CRAYONES,CRAYOLA,Marca Externa,BINNEY Y SMITH MEXICO,1,68.54,79.5,14.11,0.2059,68.54,1,1,2024-03-01,68.54
50079916,T062,2026-03,ARTICULOS ESCOLARES,CRAYONES,CRAYONES,CRAYOLA,Marca Externa,BINNEY Y SMITH MEXICO,1,77.5,89.9,15.42,0.199,68.54,1,1,2026-03-01,77.5
50079916,T064,2024-08,ARTICULOS ESCOLARES,CRAYONES,CRAYONES,CRAYOLA,Marca Externa,BINNEY Y SMITH MEXICO,1,68.54,79.5,13.14,0.1918,68.54,1,1,2024-08-01,68.54
50079916,T068,2025-07,ARTICULOS ESCOLARES,CRAYONES,CRAYONES,CRAYOLA,Marca Externa,BINNEY Y SMITH MEXICO,1,54.25,62.93,5.0,0.0922,68.54,1,1,2025-07-01,54.25
50079916,T072,2025-09,ARTICULOS ESCOLARES,CRAYONES,CRAYONES,CRAYOLA,Marca Externa,BINNEY Y SMITH MEXICO,1,77.5,89.9,16.5,0.2128,68.54,1,1,2025-09-01,77.5
50079917,T002,2025-08,ARTICULOS ESCOLARES,CRAYONES,CRAYONES,CRAYOLA,Marca Externa,BINNEY Y SMITH MEXICO,1,111.21,129.0,23.71,0.2132,111.21,1,1,2025-08-01,111.21
50079917,T015,2024-09,ARTICULOS ESCOLARES,CRAYONES,CRAYONES,CRAYOLA,Marca Externa,BINNEY Y SMITH MEXICO,1,82.07,95.2,11.79,0.1437,111.21,1,1,2024-09-01,82.07
50079917,T026,2026-03,ARTICULOS ESCOLARES,CRAYONES,CRAYONES,CRAYOLA,Marca Externa,BINNEY Y SMITH MEXICO,1,111.21,129.0,22.63,0.2034,111.21,1,1,2026-03-01,111.21
50079917,T035,2026-04,ARTICULOS ESCOLARES,CRAYONES,CRAYONES,CRAYOLA,Marca Externa,BINNEY Y SMITH MEXICO,2,222.41,258.0,44.66,0.2008,111.21,1,1,2026-04-01,111.205
50079917,T040,2025-08,ARTICULOS ESCOLARES,CRAYONES,CRAYONES,CRAYOLA,Marca Externa,BINNEY Y SMITH MEXICO,1,111.21,129.0,23.35,0.2099,111.21,1,1,2025-08-01,111.21
50079917,T045,2025-01,ARTICULOS ESCOLARES,CRAYONES,CRAYONES,CRAYOLA,Marca Externa,BINNEY Y SMITH MEXICO,1,102.59,119.0,22.59,0.2201,111.21,1,1,2025-01-01,102.59
50079917,T062,2025-09,ARTICULOS ESCOLARES,CRAYONES,CRAYONES,CRAYOLA,Marca Externa,BINNEY Y SMITH MEXICO,1,111.21,129.0,22.64,0.2036,111.21,1,1,2025-09-01,111.21
50079917,T070,2024-02,ARTICULOS ESCOLARES,CRAYONES,CRAYONES,CRAYOLA,Marca Externa,BINNEY Y SMITH MEXICO,1,93.97,109.0,19.22,0.2045,111.21,1,1,2024-02-01,93.97
50079917,T071,2024-10,ARTICULOS ESCOLARES,CRAYONES,CRAYONES,CRAYOLA,Marca Externa,BINNEY Y SMITH MEXICO,1,102.59,119.0,24.18,0.2356,111.21,1,1,2024-10-01,102.59
50079917,T085,2024-01,ARTICULOS ESCOLARES,CRAYONES,CRAYONES,CRAYOLA,Marca Externa,BINNEY Y SMITH MEXICO,1,93.97,109.0,19.06,0.2029,111.21,1,1,2024-01-01,93.97
50080371,T070,2024-07,ARTICULOS ESCOLARES,PLUMAS Y LAPICEROS FINOS,REPUESTOS FINOS,PENTEL,Marca Externa,PENTEL DE MEXICO,1,45.26,52.5,9.02,0.1993,45.26,1,1,2024-07-01,45.26
50080371,T080,2024-07,ARTICULOS ESCOLARES,PLUMAS Y LAPICEROS FINOS,REPUESTOS FINOS,PENTEL,Marca Externa,PENTEL DE MEXICO,1,45.26,52.5,9.02,0.1993,45.26,1,1,2024-07-01,45.26
50081582,T017,2025-10,ARTICULOS ESCOLARES,LIBRETAS EJECUTIVAS,LIBRETAS PROFESIONAL,DANPEX,Marca Externa,INDUSTRIAS DANPEX,1,249.14,289.0,55.98,0.2247,237.07,1,1,2025-10-01,249.14
50081582,T028,2025-05,ARTICULOS ESCOLARES,LIBRETAS EJECUTIVAS,LIBRETAS PROFESIONAL,DANPEX,Marca Externa,INDUSTRIAS DANPEX,1,237.07,275.0,49.94,0.2107,237.07,1,1,2025-05-01,237.07
50081582,T030,2024-08,ARTICULOS ESCOLARES,LIBRETAS EJECUTIVAS,LIBRETAS PROFESIONAL,DANPEX,Marca Externa,INDUSTRIAS DANPEX,4,663.79,770.0,57.53,0.0867,237.07,1,1,2024-08-01,165.9475
50081582,T031,2024-06,ARTICULOS ESCOLARES,LIBRETAS EJECUTIVAS,LIBRETAS PROFESIONAL,DANPEX,Marca Externa,INDUSTRIAS DANPEX,1,237.07,275.0,49.95,0.2107,237.07,1,1,2024-06-01,237.07
50081582,T038,2025-10,ARTICULOS ESCOLARES,LIBRETAS EJECUTIVAS,LIBRETAS PROFESIONAL,DANPEX,Marca Externa,INDUSTRIAS DANPEX,1,249.14,289.0,55.98,0.2247,237.07,1,1,2025-10-01,249.14
50081582,T048,2024-02,ARTICULOS ESCOLARES,LIBRETAS EJECUTIVAS,LIBRETAS PROFESIONAL,DANPEX,Marca Externa,INDUSTRIAS DANPEX,1,237.07,275.0,49.94,0.2107,237.07,1,1,2024-02-01,237.07
50081582,T055,2024-07,ARTICULOS ESCOLARES,LIBRETAS EJECUTIVAS,LIBRETAS PROFESIONAL,DANPEX,Marca Externa,INDUSTRIAS DANPEX,1,237.07,275.0,49.94,0.2107,237.07,1,1,2024-07-01,237.07
50081582,T064,2025-11,ARTICULOS ESCOLARES,LIBRETAS EJECUTIVAS,LIBRETAS PROFESIONAL,DANPEX,Marca Externa,INDUSTRIAS DANPEX,1,249.14,289.0,55.98,0.2247,237.07,1,1,2025-11-01,249.14
50081582,T070,2026-01,ARTICULOS ESCOLARES,LIBRETAS EJECUTIVAS,LIBRETAS PROFESIONAL,DANPEX,Marca Externa,INDUSTRIAS DANPEX,1,249.14,289.0,55.98,0.2247,237.07,1,1,2026-01-01,249.14
50081582,T075,2024-09,ARTICULOS ESCOLARES,LIBRETAS EJECUTIVAS,LIBRETAS PROFESIONAL,DANPEX,Marca Externa,INDUSTRIAS DANPEX,1,237.07,275.0,49.94,0.2107,237.07,1,1,2024-09-01,237.07
50081582,T081,2024-04,ARTICULOS ESCOLARES,LIBRETAS EJECUTIVAS,LIBRETAS PROFESIONAL,DANPEX,Marca Externa,INDUSTRIAS DANPEX,1,237.07,275.0,49.94,0.2107,237.07,1,1,2024-04-01,237.07
50081594,T033,2024-09,ARTICULOS ESCOLARES,LIBRETAS EJECUTIVAS,LIBRETAS FORMA FRANCESA,DANPEX,Marca Externa,INDUSTRIAS DANPEX,1,361.21,419.0,72.25,0.2,361.21,1,1,2024-09-01,361.21
50081594,T038,2024-08,ARTICULOS ESCOLARES,LIBRETAS EJECUTIVAS,LIBRETAS FORMA FRANCESA,DANPEX,Marca Externa,INDUSTRIAS DANPEX,1,361.21,419.0,72.46,0.2006,361.21,1,1,2024-08-01,361.21
50081594,T044,2024-11,ARTICULOS ESCOLARES,LIBRETAS EJECUTIVAS,LIBRETAS FORMA FRANCESA,DANPEX,Marca Externa,INDUSTRIAS DANPEX,1,361.21,419.0,72.48,0.2007,361.21,1,1,2024-11-01,361.21
50081594,T061,2024-02,ARTICULOS ESCOLARES,LIBRETAS EJECUTIVAS,LIBRETAS FORMA FRANCESA,DANPEX,Marca Externa,INDUSTRIAS DANPEX,1,384.26,415.0,83.77,0.218,361.21,1,1,2024-02-01,384.26
50081594,T065,2025-07,ARTICULOS ESCOLARES,LIBRETAS EJECUTIVAS,LIBRETAS FORMA FRANCESA,DANPEX,Marca Externa,INDUSTRIAS DANPEX,1,361.21,419.0,72.47,0.2006,361.21,1,1,2025-07-01,361.21
50081595,T015,2025-12,ARTICULOS ESCOLARES,LIBRETAS EJECUTIVAS,LIBRETAS POCKET,DANPEX,Marca Externa,INDUSTRIAS DANPEX,1,237.07,275.0,48.28,0.2037,237.07,1,1,2025-12-01,237.07
50081595,T069,2025-12,ARTICULOS ESCOLARES,LIBRETAS EJECUTIVAS,LIBRETAS POCKET,DANPEX,Marca Externa,INDUSTRIAS DANPEX,1,237.07,275.0,48.28,0.2037,237.07,1,1,2025-12-01,237.07
50081595,T077,2026-01,ARTICULOS ESCOLARES,LIBRETAS EJECUTIVAS,LIBRETAS POCKET,DANPEX,Marca Externa,INDUSTRIAS DANPEX,1,237.07,275.0,48.28,0.2037,237.07,1,1,2026-01-01,237.07
50081595,T083,2024-11,ARTICULOS ESCOLARES,LIBRETAS EJECUTIVAS,LIBRETAS POCKET,DANPEX,Marca Externa,INDUSTRIAS DANPEX,1,237.07,275.0,48.28,0.2037,237.07,1,1,2024-11-01,237.07
50081599,T009,2025-07,ARTICULOS ESCOLARES,LIBRETAS EJECUTIVAS,LIBRETAS PROFESIONAL,DANPEX,Marca Externa,INDUSTRIAS DANPEX,1,300.86,349.0,59.07,0.1963,300.86,1,1,2025-07-01,300.86
50081599,T016,2024-06,ARTICULOS ESCOLARES,LIBRETAS EJECUTIVAS,LIBRETAS PROFESIONAL,DANPEX,Marca Externa,INDUSTRIAS DANPEX,1,300.86,349.0,58.91,0.1958,300.86,1,1,2024-06-01,300.86
50081599,T028,2024-01,ARTICULOS ESCOLARES,LIBRETAS EJECUTIVAS,LIBRETAS PROFESIONAL,DANPEX,Marca Externa,INDUSTRIAS DANPEX,1,300.86,349.0,59.65,0.1983,300.86,1,1,2024-01-01,300.86
50081599,T032,2024-11,ARTICULOS ESCOLARES,LIBRETAS EJECUTIVAS,LIBRETAS PROFESIONAL,DANPEX,Marca Externa,INDUSTRIAS DANPEX,1,300.86,349.0,59.13,0.1965,300.86,1,1,2024-11-01,300.86
50081599,T037,2024-07,ARTICULOS ESCOLARES,LIBRETAS EJECUTIVAS,LIBRETAS PROFESIONAL,DANPEX,Marca Externa,INDUSTRIAS DANPEX,2,601.72,698.0,118.56,0.197,300.86,1,1,2024-07-01,300.86
50081599,T042,2025-01,ARTICULOS ESCOLARES,LIBRETAS EJECUTIVAS,LIBRETAS PROFESIONAL,DANPEX,Marca Externa,INDUSTRIAS DANPEX,1,300.86,349.0,58.91,0.1958,300.86,1,1,2025-01-01,300.86
50081599,T047,2024-11,ARTICULOS ESCOLARES,LIBRETAS EJECUTIVAS,LIBRETAS PROFESIONAL,DANPEX,Marca Externa,INDUSTRIAS DANPEX,2,601.72,698.0,117.96,0.196,300.86,1,1,2024-11-01,300.86
50081599,T067,2025-11,ARTICULOS ESCOLARES,LIBRETAS EJECUTIVAS,LIBRETAS PROFESIONAL,DANPEX,Marca Externa,INDUSTRIAS DANPEX,1,300.86,349.0,59.02,0.1962,300.86,1,1,2025-11-01,300.86
50081599,T069,2024-09,ARTICULOS ESCOLARES,LIBRETAS EJECUTIVAS,LIBRETAS PROFESIONAL,DANPEX,Marca Externa,INDUSTRIAS DANPEX,2,601.72,698.0,117.84,0.1958,300.86,1,1,2024-09-01,300.86
50081599,T082,2025-01,ARTICULOS ESCOLARES,LIBRETAS EJECUTIVAS,LIBRETAS PROFESIONAL,DANPEX,Marca Externa,INDUSTRIAS DANPEX,1,300.86,349.0,58.91,0.1958,300.86,1,1,2025-01-01,300.86
50082563,T001,2025-05,ARTICULOS ESCOLARES,MARCADORES,MARCADORES DE CERA,,Marca Externa,NEWELL BRANDS DE MEXICO,1,8.62,10.0,4.31,0.4994,8.62,1,1,2025-05-01,8.62
50083442,T041,2024-08,ARTICULOS ESCOLARES,MARCADORES,MARCADORES DE CERA,DIXON,Marca Externa,DIXON COMERCILIZADORA,2,28.45,33.0,4.32,0.152,14.22,1,1,2024-08-01,14.225
50083443,T008,2025-05,ARTICULOS ESCOLARES,MARCADORES,MARCADORES DE CERA,DIXON,Marca Externa,DIXON COMERCILIZADORA,1,12.93,15.0,1.5,0.116,12.93,1,1,2025-05-01,12.93
50083443,T027,2025-06,ARTICULOS ESCOLARES,MARCADORES,MARCADORES DE CERA,DIXON,Marca Externa,DIXON COMERCILIZADORA,1,12.93,15.0,1.51,0.1172,12.93,1,1,2025-06-01,12.93
50083443,T027,2025-09,ARTICULOS ESCOLARES,MARCADORES,MARCADORES DE CERA,DIXON,Marca Externa,DIXON COMERCILIZADORA,2,25.86,30.0,3.03,0.1172,12.93,1,1,2025-09-01,12.93
50083443,T031,2025-09,ARTICULOS ESCOLARES,MARCADORES,MARCADORES DE CERA,DIXON,Marca Externa,DIXON COMERCILIZADORA,1,12.93,15.0,1.51,0.1172,12.93,1,1,2025-09-01,12.93
50083443,T066,2025-07,ARTICULOS ESCOLARES,MARCADORES,MARCADORES DE CERA,DIXON,Marca Externa,DIXON COMERCILIZADORA,1,12.93,15.0,1.64,0.1268,12.93,1,1,2025-07-01,12.93
50083443,T071,2025-04,ARTICULOS ESCOLARES,MARCADORES,MARCADORES DE CERA,DIXON,Marca Externa,DIXON COMERCILIZADORA,1,12.93,15.0,1.51,0.1172,12.93,1,1,2025-04-01,12.93
50083443,T072,2024-08,ARTICULOS ESCOLARES,MARCADORES,MARCADORES DE CERA,DIXON,Marca Externa,DIXON COMERCILIZADORA,1,14.22,16.5,2.11,0.1484,12.93,1,1,2024-08-01,14.22
50083443,T077,2025-04,ARTICULOS ESCOLARES,MARCADORES,MARCADORES DE CERA,DIXON,Marca Externa,DIXON COMERCILIZADORA,1,12.93,15.0,1.47,0.1137,12.93,1,1,2025-04-01,12.93
50083444,T001,2025-09,ARTICULOS ESCOLARES,MARCADORES,MARCADORES DE CERA,DIXON,Marca Externa,DIXON COMERCILIZADORA,1,12.93,15.0,1.46,0.1133,12.93,1,1,2025-09-01,12.93
50083444,T005,2025-05,ARTICULOS ESCOLARES,MARCADORES,MARCADORES DE CERA,DIXON,Marca Externa,DIXON COMERCILIZADORA,2,25.86,30.0,2.93,0.1133,12.93,1,1,2025-05-01,12.93
50083444,T027,2026-04,ARTICULOS ESCOLARES,MARCADORES,MARCADORES DE CERA,DIXON,Marca Externa,DIXON COMERCILIZADORA,1,12.93,15.0,1.46,0.1133,12.93,1,1,2026-04-01,12.93
50083444,T052,2026-02,ARTICULOS ESCOLARES,MARCADORES,MARCADORES DE CERA,DIXON,Marca Externa,DIXON COMERCILIZADORA,1,12.93,15.0,1.46,0.1133,12.93,1,1,2026-02-01,12.93
50083444,T065,2026-04,ARTICULOS ESCOLARES,MARCADORES,MARCADORES DE CERA,DIXON,Marca Externa,DIXON COMERCILIZADORA,1,12.93,15.0,1.46,0.1133,12.93,1,1,2026-04-01,12.93
50083444,T066,2025-06,ARTICULOS ESCOLARES,MARCADORES,MARCADORES DE CERA,DIXON,Marca Externa,DIXON COMERCILIZADORA,1,12.93,15.0,1.46,0.1133,12.93,1,1,2025-06-01,12.93
50083444,T075,2025-09,ARTICULOS ESCOLARES,MARCADORES,MARCADORES DE CERA,DIXON,Marca Externa,DIXON COMERCILIZADORA,1,12.93,15.0,1.46,0.1133,12.93,1,1,2025-09-01,12.93
50083444,T081,2025-05,ARTICULOS ESCOLARES,MARCADORES,MARCADORES DE CERA,DIXON,Marca Externa,DIXON COMERCILIZADORA,1,12.93,15.0,1.46,0.1133,12.93,1,1,2025-05-01,12.93
50083444,T083,2025-08,ARTICULOS ESCOLARES,MARCADORES,MARCADORES DE CERA,DIXON,Marca Externa,DIXON COMERCILIZADORA,1,12.93,15.0,2.49,0.1926,12.93,1,1,2025-08-01,12.93
50083444,T086,2026-04,ARTICULOS ESCOLARES,MARCADORES,MARCADORES DE CERA,DIXON,Marca Externa,DIXON COMERCILIZADORA,1,12.93,15.0,1.46,0.1133,12.93,1,1,2026-04-01,12.93
50084684,T031,2025-08,ARTICULOS ESCOLARES,LAPICES DE COLORES,LAPICES DE COLORES PROFESIONALES,PRISMACOLO,Marca Externa,NEWELL BRANDS DE MEXICO,1,2878.45,3339.0,589.09,0.2047,2585.34,1,1,2025-08-01,2878.45
50084684,T065,2025-04,ARTICULOS ESCOLARES,LAPICES DE COLORES,LAPICES DE COLORES PROFESIONALES,PRISMACOLO,Marca Externa,NEWELL BRANDS DE MEXICO,1,2843.97,3299.0,559.86,0.1969,2585.34,1,1,2025-04-01,2843.97
50084685,T010,2024-10,ARTICULOS ESCOLARES,LAPICES DE COLORES,LAPICES DE COLORES PROFESIONALES,PRISMACOLO,Marca Externa,NEWELL BRANDS DE MEXICO,1,499.14,579.0,97.57,0.1955,499.14,1,1,2024-10-01,499.14
50084685,T017,2025-12,ARTICULOS ESCOLARES,LAPICES DE COLORES,LAPICES DE COLORES PROFESIONALES,PRISMACOLO,Marca Externa,NEWELL BRANDS DE MEXICO,1,542.24,629.0,103.92,0.1916,499.14,1,1,2025-12-01,542.24
50084685,T042,2024-08,ARTICULOS ESCOLARES,LAPICES DE COLORES,LAPICES DE COLORES PROFESIONALES,PRISMACOLO,Marca Externa,NEWELL BRANDS DE MEXICO,1,499.14,579.0,97.57,0.1955,499.14,1,1,2024-08-01,499.14
50084685,T058,2025-06,ARTICULOS ESCOLARES,LAPICES DE COLORES,LAPICES DE COLORES PROFESIONALES,PRISMACOLO,Marca Externa,NEWELL BRANDS DE MEXICO,1,542.24,629.0,111.47,0.2056,499.14,1,1,2025-06-01,542.24
50085009,T032,2025-12,ARTICULOS ESCOLARES,CRAYONES,CRAYONES,CRAYOLA,Marca Externa,BINNEY Y SMITH MEXICO,1,86.12,99.9,18.64,0.2164,77.5,1,1,2025-12-01,86.12
50085009,T034,2026-03,ARTICULOS ESCOLARES,CRAYONES,CRAYONES,CRAYOLA,Marca Externa,BINNEY Y SMITH MEXICO,1,86.12,99.9,18.18,0.211,77.5,1,1,2026-03-01,86.12
50085009,T050,2025-12,ARTICULOS ESCOLARES,CRAYONES,CRAYONES,CRAYOLA,Marca Externa,BINNEY Y SMITH MEXICO,1,85.34,99.0,17.77,0.2082,77.5,1,1,2025-12-01,85.34
50085009,T081,2025-06,ARTICULOS ESCOLARES,CRAYONES,CRAYONES,CRAYOLA,Marca Externa,BINNEY Y SMITH MEXICO,1,85.34,99.0,19.94,0.2337,77.5,1,1,2025-06-01,85.34
50085503,T006,2024-07,ARTICULOS ESCOLARES,PLUMAS Y LAPICEROS FINOS,REPUESTOS FINOS,PILOT,Marca Externa,"PILOT PEN DE MEXICO,",1,93.97,109.0,19.99,0.2127,93.97,1,1,2024-07-01,93.97
50085503,T023,2024-12,ARTICULOS ESCOLARES,PLUMAS Y LAPICEROS FINOS,REPUESTOS FINOS,PILOT,Marca Externa,"PILOT PEN DE MEXICO,",1,93.97,109.0,19.99,0.2127,93.97,1,1,2024-12-01,93.97
50085503,T037,2024-12,ARTICULOS ESCOLARES,PLUMAS Y LAPICEROS FINOS,REPUESTOS FINOS,PILOT,Marca Externa,"PILOT PEN DE MEXICO,",1,93.97,109.0,19.99,0.2127,93.97,1,1,2024-12-01,93.97
50085503,T060,2024-05,ARTICULOS ESCOLARES,PLUMAS Y LAPICEROS FINOS,REPUESTOS FINOS,PILOT,Marca Externa,"PILOT PEN DE MEXICO,",1,93.97,109.0,19.99,0.2127,93.97,1,1,2024-05-01,93.97
50085503,T063,2024-05,ARTICULOS ESCOLARES,PLUMAS Y LAPICEROS FINOS,REPUESTOS FINOS,PILOT,Marca Externa,"PILOT PEN DE MEXICO,",1,93.97,109.0,19.99,0.2127,93.97,1,1,2024-05-01,93.97
50085503,T069,2025-07,ARTICULOS ESCOLARES,PLUMAS Y LAPICEROS FINOS,REPUESTOS FINOS,PILOT,Marca Externa,"PILOT PEN DE MEXICO,",1,93.97,109.0,19.99,0.2127,93.97,1,1,2025-07-01,93.97
50085503,T079,2025-02,ARTICULOS ESCOLARES,PLUMAS Y LAPICEROS FINOS,REPUESTOS FINOS,PILOT,Marca Externa,"PILOT PEN DE MEXICO,",1,93.97,109.0,19.99,0.2127,93.97,1,1,2025-02-01,93.97
50088198,T001,2024-01,ARTICULOS ESCOLARES,BLOCKS,BLOCKS ESQUELA,SIGEL,Marca Propia,BIO PAPPEL SCRIBE,1,23.71,27.5,7.71,0.3252,14.22,1,1,2024-01-01,23.71
50088198,T001,2024-07,ARTICULOS ESCOLARES,BLOCKS,BLOCKS ESQUELA,SIGEL,Marca Propia,BIO PAPPEL SCRIBE,2,18.97,22.0,2.85,0.1504,14.22,1,1,2024-07-01,9.485
50088198,T083,2024-01,ARTICULOS ESCOLARES,BLOCKS,BLOCKS ESQUELA,SIGEL,Marca Propia,BIO PAPPEL SCRIBE,1,23.71,27.5,7.1,0.2992,14.22,1,1,2024-01-01,23.71
50088199,T019,2024-08,ARTICULOS ESCOLARES,BLOCKS,BLOCKS ESQUELA,SIGEL,Marca Propia,BIO PAPPEL SCRIBE,1,16.59,19.25,3.67,0.2215,16.59,1,1,2024-08-01,16.59
50088199,T038,2024-05,ARTICULOS ESCOLARES,BLOCKS,BLOCKS ESQUELA,SIGEL,Marca Propia,BIO PAPPEL SCRIBE,1,16.59,19.25,2.6,0.157,16.59,1,1,2024-05-01,16.59
50088199,T071,2024-06,ARTICULOS ESCOLARES,BLOCKS,BLOCKS ESQUELA,SIGEL,Marca Propia,BIO PAPPEL SCRIBE,1,16.59,19.25,3.67,0.2215,16.59,1,1,2024-06-01,16.59
50088200,T033,2024-02,ARTICULOS ESCOLARES,BLOCKS,BLOCKS ESQUELA,SIGEL,Marca Propia,BIO PAPPEL SCRIBE,2,47.41,55.0,12.32,0.26,23.71,1,1,2024-02-01,23.705
50088200,T033,2024-04,ARTICULOS ESCOLARES,BLOCKS,BLOCKS ESQUELA,,Marca Externa,BIO PAPPEL SCRIBE,1,23.71,27.5,6.17,0.26,23.71,1,1,2024-04-01,23.71
50088200,T041,2024-04,ARTICULOS ESCOLARES,BLOCKS,BLOCKS ESQUELA,SIGEL,Marca Propia,BIO PAPPEL SCRIBE,1,23.71,27.5,6.17,0.2602,23.71,1,1,2024-04-01,23.71
50088200,T043,2024-04,ARTICULOS ESCOLARES,BLOCKS,BLOCKS ESQUELA,SIGEL,Marca Propia,BIO PAPPEL SCRIBE,10,254.63,275.0,72.36,0.2842,23.71,1,1,2024-04-01,25.463
50088200,T047,2024-01,ARTICULOS ESCOLARES,BLOCKS,BLOCKS ESQUELA,SIGEL,Marca Propia,BIO PAPPEL SCRIBE,1,23.71,27.5,6.17,0.26,23.71,1,1,2024-01-01,23.71
50088200,T052,2024-03,ARTICULOS ESCOLARES,BLOCKS,BLOCKS ESQUELA,SIGEL,Marca Propia,BIO PAPPEL SCRIBE,1,23.71,27.5,6.18,0.2604,23.71,1,1,2024-03-01,23.71
50088200,T076,2024-04,ARTICULOS ESCOLARES,BLOCKS,BLOCKS ESQUELA,,Marca Externa,BIO PAPPEL SCRIBE,1,23.71,27.5,6.17,0.26,23.71,1,1,2024-04-01,23.71
50088200,T080,2024-01,ARTICULOS ESCOLARES,BLOCKS,BLOCKS ESQUELA,SIGEL,Marca Propia,BIO PAPPEL SCRIBE,1,23.71,27.5,6.36,0.2682,23.71,1,1,2024-01-01,23.71
50088200,T080,2024-07,ARTICULOS ESCOLARES,BLOCKS,BLOCKS ESQUELA,,Marca Externa,BIO PAPPEL SCRIBE,1,23.71,27.5,6.36,0.2685,23.71,1,1,2024-07-01,23.71
50088200,T082,2024-01,ARTICULOS ESCOLARES,BLOCKS,BLOCKS ESQUELA,SIGEL,Marca Propia,BIO PAPPEL SCRIBE,2,47.42,55.0,12.34,0.26,23.71,2,2,2024-01-01,23.71
50090235,T001,2025-03,ARTICULOS ESCOLARES,HOJAS PARA CARPETAS,HOJAS CARPETA ESQUELA,SIGEL,Marca Propia,PRODUCTOS DIETRIX,1,27.5,31.9,6.62,0.2407,27.5,1,1,2025-03-01,27.5
50090235,T005,2025-08,ARTICULOS ESCOLARES,HOJAS PARA CARPETAS,HOJAS CARPETA ESQUELA,SIGEL,Marca Propia,PRODUCTOS DIETRIX,1,24.14,28.0,4.66,0.1928,27.5,1,1,2025-08-01,24.14
50090235,T009,2024-02,ARTICULOS ESCOLARES,HOJAS PARA CARPETAS,HOJAS CARPETA ESQUELA,SIGEL,Marca Propia,PRODUCTOS DIETRIX,1,34.05,39.5,8.4,0.2467,27.5,1,1,2024-02-01,34.05
50090235,T011,2024-02,ARTICULOS ESCOLARES,HOJAS PARA CARPETAS,HOJAS CARPETA ESQUELA,SIGEL,Marca Propia,PRODUCTOS DIETRIX,1,34.05,39.5,10.0,0.2937,27.5,1,1,2024-02-01,34.05
50090235,T012,2024-03,ARTICULOS ESCOLARES,HOJAS PARA CARPETAS,HOJAS CARPETA ESQUELA,SIGEL,Marca Propia,PRODUCTOS DIETRIX,1,34.05,39.5,9.02,0.2649,27.5,1,1,2024-03-01,34.05
50090235,T014,2024-08,ARTICULOS ESCOLARES,HOJAS PARA CARPETAS,HOJAS CARPETA ESQUELA,SIGEL,Marca Propia,PRODUCTOS DIETRIX,2,55.0,63.8,13.12,0.2385,27.5,1,1,2024-08-01,27.5
50090235,T015,2026-02,ARTICULOS ESCOLARES,HOJAS PARA CARPETAS,HOJAS CARPETA ESQUELA,SIGEL,Marca Propia,PRODUCTOS DIETRIX,2,61.9,71.8,15.49,0.2502,27.5,1,1,2026-02-01,30.95
50090235,T017,2025-01,ARTICULOS ESCOLARES,HOJAS PARA CARPETAS,HOJAS CARPETA ESQUELA,SIGEL,Marca Propia,PRODUCTOS DIETRIX,1,27.5,31.9,6.69,0.2433,27.5,1,1,2025-01-01,27.5
50090235,T018,2025-04,ARTICULOS ESCOLARES,HOJAS PARA CARPETAS,HOJAS CARPETA ESQUELA,SIGEL,Marca Propia,PRODUCTOS DIETRIX,3,82.5,95.7,19.98,0.2422,27.5,1,1,2025-04-01,27.5
50090235,T023,2024-01,ARTICULOS ESCOLARES,HOJAS PARA CARPETAS,HOJAS CARPETA ESQUELA,SIGEL,Marca Propia,PRODUCTOS DIETRIX,1,34.05,39.5,9.59,0.2816,27.5,1,1,2024-01-01,34.05
50090235,T025,2024-09,ARTICULOS ESCOLARES,HOJAS PARA CARPETAS,HOJAS CARPETA ESQUELA,SIGEL,Marca Propia,PRODUCTOS DIETRIX,2,55.0,63.8,13.38,0.2433,27.5,1,1,2024-09-01,27.5
50090235,T027,2026-03,ARTICULOS ESCOLARES,HOJAS PARA CARPETAS,HOJAS CARPETA ESQUELA,SIGEL,Marca Propia,PRODUCTOS DIETRIX,1,30.95,35.9,7.98,0.258,27.5,1,1,2026-03-01,30.95
50090235,T035,2025-09,ARTICULOS ESCOLARES,HOJAS PARA CARPETAS,HOJAS CARPETA ESQUELA,SIGEL,Marca Propia,PRODUCTOS DIETRIX,2,60.34,70.0,14.81,0.2454,27.5,1,1,2025-09-01,30.17
50090235,T046,2026-01,ARTICULOS ESCOLARES,HOJAS PARA CARPETAS,HOJAS CARPETA ESQUELA,SIGEL,Marca Propia,PRODUCTOS DIETRIX,1,33.24,35.9,9.15,0.2754,27.5,1,1,2026-01-01,33.24
50090235,T061,2024-08,ARTICULOS ESCOLARES,HOJAS PARA CARPETAS,HOJAS CARPETA ESQUELA,SIGEL,Marca Propia,PRODUCTOS DIETRIX,2,59.08,63.8,15.32,0.2593,27.5,1,1,2024-08-01,29.54
50090235,T067,2025-08,ARTICULOS ESCOLARES,HOJAS PARA CARPETAS,HOJAS CARPETA ESQUELA,SIGEL,Marca Propia,PRODUCTOS DIETRIX,2,60.34,70.0,15.32,0.2539,27.5,1,1,2025-08-01,30.17
50090235,T069,2025-02,ARTICULOS ESCOLARES,HOJAS PARA CARPETAS,HOJAS CARPETA ESQUELA,SIGEL,Marca Propia,PRODUCTOS DIETRIX,1,27.5,31.9,6.36,0.2311,27.5,1,1,2025-02-01,27.5
50090235,T070,2024-08,ARTICULOS ESCOLARES,HOJAS PARA CARPETAS,HOJAS CARPETA ESQUELA,SIGEL,Marca Propia,PRODUCTOS DIETRIX,3,82.5,95.7,18.87,0.2287,27.5,1,1,2024-08-01,27.5
50090235,T072,2024-03,ARTICULOS ESCOLARES,HOJAS PARA CARPETAS,HOJAS CARPETA ESQUELA,SIGEL,Marca Propia,PRODUCTOS DIETRIX,1,34.05,39.5,7.83,0.23,27.5,1,1,2024-03-01,34.05
50092594,T001,2024-11,ARTICULOS ESCOLARES,BLOCKS,BLOCKS CARTA,KIUT,Marca Externa,"CARVAJAL EDUCACION,",1,162.93,189.0,31.9,0.1958,162.93,1,1,2024-11-01,162.93
50092594,T001,2025-10,ARTICULOS ESCOLARES,BLOCKS,BLOCKS CARTA,KIUT,Marca Externa,"CARVAJAL EDUCACION,",1,185.34,215.0,37.58,0.2027,162.93,1,1,2025-10-01,185.34
50092594,T006,2025-08,ARTICULOS ESCOLARES,BLOCKS,BLOCKS CARTA,KIUT,Marca Externa,"CARVAJAL EDUCACION,",1,185.34,215.0,39.2,0.2115,162.93,1,1,2025-08-01,185.34
50092594,T008,2026-02,ARTICULOS ESCOLARES,BLOCKS,BLOCKS CARTA,KIUT,Marca Externa,"CARVAJAL EDUCACION,",1,185.34,215.0,37.33,0.2014,162.93,1,1,2026-02-01,185.34
50092594,T027,2024-04,ARTICULOS ESCOLARES,BLOCKS,BLOCKS CARTA,KIUT,Marca Externa,"CARVAJAL EDUCACION,",1,162.93,189.0,31.9,0.1958,162.93,1,1,2024-04-01,162.93
50092594,T027,2026-04,ARTICULOS ESCOLARES,BLOCKS,BLOCKS CARTA,KIUT,Marca Externa,"CARVAJAL EDUCACION,",1,197.41,229.0,43.34,0.2195,162.93,1,1,2026-04-01,197.41
50092594,T032,2025-10,ARTICULOS ESCOLARES,BLOCKS,BLOCKS CARTA,KIUT,Marca Externa,"CARVAJAL EDUCACION,",1,185.34,215.0,39.2,0.2115,162.93,1,1,2025-10-01,185.34
50092594,T044,2025-01,ARTICULOS ESCOLARES,BLOCKS,BLOCKS CARTA,KIUT,Marca Externa,"CARVAJAL EDUCACION,",1,162.93,189.0,31.9,0.1958,162.93,1,1,2025-01-01,162.93
50092594,T053,2024-02,ARTICULOS ESCOLARES,BLOCKS,BLOCKS CARTA,KIUT,Marca Externa,"CARVAJAL EDUCACION,",1,162.93,189.0,31.9,0.1958,162.93,1,1,2024-02-01,162.93
50092594,T053,2025-08,ARTICULOS ESCOLARES,BLOCKS,BLOCKS CARTA,KIUT,Marca Externa,"CARVAJAL EDUCACION,",1,185.34,215.0,37.58,0.2027,162.93,1,1,2025-08-01,185.34
50092594,T056,2024-05,ARTICULOS ESCOLARES,BLOCKS,BLOCKS CARTA,KIUT,Marca Externa,"CARVAJAL EDUCACION,",1,162.93,189.0,31.9,0.1958,162.93,1,1,2024-05-01,162.93
50092594,T073,2024-11,ARTICULOS ESCOLARES,BLOCKS,BLOCKS CARTA,KIUT,Marca Externa,"CARVAJAL EDUCACION,",1,114.05,132.3,7.46,0.0654,162.93,1,1,2024-11-01,114.05
50092594,T082,2024-05,ARTICULOS ESCOLARES,BLOCKS,BLOCKS CARTA,KIUT,Marca Externa,"CARVAJAL EDUCACION,",1,162.93,189.0,31.9,0.1958,162.93,1,1,2024-05-01,162.93
50092594,T085,2024-12,ARTICULOS ESCOLARES,BLOCKS,BLOCKS CARTA,KIUT,Marca Externa,"CARVAJAL EDUCACION,",1,162.93,189.0,31.9,0.1958,162.93,1,1,2024-12-01,162.93
50092596,T010,2024-04,ARTICULOS ESCOLARES,LIBRETAS EJECUTIVAS,LIBRETAS FORMA FRANCESA,DANPEX,Marca Externa,INDUSTRIAS DANPEX,1,228.45,265.0,48.41,0.2119,228.45,1,1,2024-04-01,228.45
50092596,T046,2026-03,ARTICULOS ESCOLARES,LIBRETAS EJECUTIVAS,LIBRETAS FORMA FRANCESA,DANPEX,Marca Externa,INDUSTRIAS DANPEX,1,276.85,299.0,72.68,0.2625,228.45,1,1,2026-03-01,276.85
50092596,T049,2024-01,ARTICULOS ESCOLARES,LIBRETAS EJECUTIVAS,LIBRETAS FORMA FRANCESA,DANPEX,Marca Externa,INDUSTRIAS DANPEX,1,228.45,265.0,48.28,0.2114,228.45,1,1,2024-01-01,228.45
50092596,T074,2025-06,ARTICULOS ESCOLARES,LIBRETAS EJECUTIVAS,LIBRETAS FORMA FRANCESA,DANPEX,Marca Externa,INDUSTRIAS DANPEX,1,228.45,265.0,48.46,0.2121,228.45,1,1,2025-06-01,228.45
50092597,T051,2024-04,ARTICULOS ESCOLARES,LIBRETAS EJECUTIVAS,LIBRETAS FORMA FRANCESA,DANPEX,Marca Externa,INDUSTRIAS DANPEX,1,228.45,265.0,48.32,0.2115,228.45,1,1,2024-04-01,228.45
50092597,T085,2025-05,ARTICULOS ESCOLARES,LIBRETAS EJECUTIVAS,LIBRETAS FORMA FRANCESA,DANPEX,Marca Externa,INDUSTRIAS DANPEX,1,228.45,265.0,48.32,0.2115,228.45,1,1,2025-05-01,228.45
50092598,T001,2025-06,ARTICULOS ESCOLARES,LIBRETAS EJECUTIVAS,LIBRETAS FORMA FRANCESA,DANPEX,Marca Externa,INDUSTRIAS DANPEX,1,237.07,275.0,49.33,0.2081,237.07,1,1,2025-06-01,237.07
50092598,T004,2024-07,ARTICULOS ESCOLARES,LIBRETAS EJECUTIVAS,LIBRETAS FORMA FRANCESA,DANPEX,Marca Externa,INDUSTRIAS DANPEX,1,237.07,275.0,49.33,0.2081,237.07,1,1,2024-07-01,237.07
50092598,T011,2025-06,ARTICULOS ESCOLARES,LIBRETAS EJECUTIVAS,LIBRETAS FORMA FRANCESA,DANPEX,Marca Externa,INDUSTRIAS DANPEX,1,213.36,247.5,37.49,0.1757,237.07,1,1,2025-06-01,213.36
50092598,T018,2025-10,ARTICULOS ESCOLARES,LIBRETAS EJECUTIVAS,LIBRETAS FORMA FRANCESA,DANPEX,Marca Externa,INDUSTRIAS DANPEX,1,237.07,275.0,49.33,0.2081,237.07,1,1,2025-10-01,237.07
50092598,T028,2026-01,ARTICULOS ESCOLARES,LIBRETAS EJECUTIVAS,LIBRETAS FORMA FRANCESA,DANPEX,Marca Externa,INDUSTRIAS DANPEX,1,237.07,275.0,49.33,0.2081,237.07,1,1,2026-01-01,237.07
50092598,T040,2024-01,ARTICULOS ESCOLARES,LIBRETAS EJECUTIVAS,LIBRETAS FORMA FRANCESA,DANPEX,Marca Externa,INDUSTRIAS DANPEX,1,237.07,275.0,49.52,0.2089,237.07,1,1,2024-01-01,237.07
50092598,T043,2026-04,ARTICULOS ESCOLARES,LIBRETAS EJECUTIVAS,LIBRETAS FORMA FRANCESA,DANPEX,Marca Externa,INDUSTRIAS DANPEX,2,572.22,618.0,147.69,0.2581,237.07,1,1,2026-04-01,286.11
50092598,T044,2024-01,ARTICULOS ESCOLARES,LIBRETAS EJECUTIVAS,LIBRETAS FORMA FRANCESA,DANPEX,Marca Externa,INDUSTRIAS DANPEX,1,237.07,275.0,49.34,0.2081,237.07,1,1,2024-01-01,237.07
50092598,T047,2024-10,ARTICULOS ESCOLARES,LIBRETAS EJECUTIVAS,LIBRETAS FORMA FRANCESA,DANPEX,Marca Externa,INDUSTRIAS DANPEX,1,237.07,275.0,49.35,0.2082,237.07,1,1,2024-10-01,237.07
50092598,T050,2025-01,ARTICULOS ESCOLARES,LIBRETAS EJECUTIVAS,LIBRETAS FORMA FRANCESA,DANPEX,Marca Externa,INDUSTRIAS DANPEX,1,237.07,275.0,49.33,0.2081,237.07,1,1,2025-01-01,237.07
50092598,T052,2025-09,ARTICULOS ESCOLARES,LIBRETAS EJECUTIVAS,LIBRETAS FORMA FRANCESA,DANPEX,Marca Externa,INDUSTRIAS DANPEX,1,237.07,275.0,49.33,0.2081,237.07,1,1,2025-09-01,237.07
50092598,T057,2024-01,ARTICULOS ESCOLARES,LIBRETAS EJECUTIVAS,LIBRETAS FORMA FRANCESA,DANPEX,Marca Externa,INDUSTRIAS DANPEX,1,254.63,275.0,58.66,0.2304,237.07,1,1,2024-01-01,254.63
50092598,T061,2025-07,ARTICULOS ESCOLARES,LIBRETAS EJECUTIVAS,LIBRETAS FORMA FRANCESA,DANPEX,Marca Externa,INDUSTRIAS DANPEX,1,254.63,275.0,58.11,0.2282,237.07,1,1,2025-07-01,254.63
50092598,T065,2024-01,ARTICULOS ESCOLARES,LIBRETAS EJECUTIVAS,LIBRETAS FORMA FRANCESA,DANPEX,Marca Externa,INDUSTRIAS DANPEX,1,237.07,275.0,49.62,0.2093,237.07,1,1,2024-01-01,237.07
50092598,T066,2025-12,ARTICULOS ESCOLARES,LIBRETAS EJECUTIVAS,LIBRETAS FORMA FRANCESA,DANPEX,Marca Externa,INDUSTRIAS DANPEX,1,237.07,275.0,49.33,0.2081,237.07,1,1,2025-12-01,237.07
50092598,T073,2024-08,ARTICULOS ESCOLARES,LIBRETAS EJECUTIVAS,LIBRETAS FORMA FRANCESA,DANPEX,Marca Externa,INDUSTRIAS DANPEX,1,237.07,275.0,49.34,0.2081,237.07,1,1,2024-08-01,237.07
50092598,T079,2024-04,ARTICULOS ESCOLARES,LIBRETAS EJECUTIVAS,LIBRETAS FORMA FRANCESA,DANPEX,Marca Externa,INDUSTRIAS DANPEX,1,237.07,275.0,49.38,0.2083,237.07,1,1,2024-04-01,237.07
50092600,T018,2024-10,ARTICULOS ESCOLARES,LIBRETAS EJECUTIVAS,LIBRETAS FORMA FRANCESA,DANPEX,Marca Externa,INDUSTRIAS DANPEX,1,297.41,345.0,58.79,0.1977,297.41,1,1,2024-10-01,297.41
50092600,T032,2025-08,ARTICULOS ESCOLARES,LIBRETAS EJECUTIVAS,LIBRETAS FORMA FRANCESA,DANPEX,Marca Externa,INDUSTRIAS DANPEX,1,306.04,355.0,62.86,0.2054,297.41,1,1,2025-08-01,306.04
50092600,T033,2025-04,ARTICULOS ESCOLARES,LIBRETAS EJECUTIVAS,LIBRETAS FORMA FRANCESA,DANPEX,Marca Externa,INDUSTRIAS DANPEX,1,297.41,345.0,58.52,0.1968,297.41,1,1,2025-04-01,297.41
50092600,T051,2024-08,ARTICULOS ESCOLARES,LIBRETAS EJECUTIVAS,LIBRETAS FORMA FRANCESA,DANPEX,Marca Externa,INDUSTRIAS DANPEX,3,892.24,1035.0,175.79,0.197,297.41,1,1,2024-08-01,297.41333333333336
50092600,T085,2025-07,ARTICULOS ESCOLARES,LIBRETAS EJECUTIVAS,LIBRETAS FORMA FRANCESA,DANPEX,Marca Externa,INDUSTRIAS DANPEX,1,306.04,355.0,62.84,0.2053,297.41,1,1,2025-07-01,306.04
50092988,T017,2026-01,ARTICULOS ESCOLARES,HOJAS PARA CARPETAS,HOJAS CARPETA ESQUELA,SIGEL,Marca Propia,PRODUCTOS DIETRIX,2,61.9,71.8,15.61,0.2522,27.5,1,1,2026-01-01,30.95
50092988,T034,2025-02,ARTICULOS ESCOLARES,HOJAS PARA CARPETAS,HOJAS CARPETA ESQUELA,SIGEL,Marca Propia,PRODUCTOS DIETRIX,2,55.0,63.8,13.06,0.2375,27.5,1,1,2025-02-01,27.5
50092988,T049,2024-12,ARTICULOS ESCOLARES,HOJAS PARA CARPETAS,HOJAS CARPETA ESQUELA,SIGEL,Marca Propia,PRODUCTOS DIETRIX,1,27.5,31.9,6.54,0.2378,27.5,1,1,2024-12-01,27.5
50092988,T069,2024-09,ARTICULOS ESCOLARES,HOJAS PARA CARPETAS,HOJAS CARPETA ESQUELA,SIGEL,Marca Propia,PRODUCTOS DIETRIX,1,27.5,31.9,6.56,0.2385,27.5,1,1,2024-09-01,27.5
50092988,T081,2024-07,ARTICULOS ESCOLARES,HOJAS PARA CARPETAS,HOJAS CARPETA ESQUELA,SIGEL,Marca Propia,PRODUCTOS DIETRIX,1,27.5,31.9,5.59,0.2031,27.5,1,1,2024-07-01,27.5
50092989,T039,2025-08,ARTICULOS ESCOLARES,HOJAS PARA CARPETAS,HOJAS CARPETA ESQUELA,SIGEL,Marca Propia,PRODUCTOS DIETRIX,4,120.69,140.0,30.27,0.2508,27.5,1,1,2025-08-01,30.1725
50092989,T066,2025-11,ARTICULOS ESCOLARES,HOJAS PARA CARPETAS,HOJAS CARPETA ESQUELA,SIGEL,Marca Propia,PRODUCTOS DIETRIX,1,30.17,35.0,7.52,0.2491,27.5,1,1,2025-11-01,30.17
50092989,T072,2025-07,ARTICULOS ESCOLARES,HOJAS PARA CARPETAS,HOJAS CARPETA ESQUELA,SIGEL,Marca Propia,PRODUCTOS DIETRIX,1,30.17,35.0,7.5,0.2484,27.5,1,1,2025-07-01,30.17
50092989,T087,2024-05,ARTICULOS ESCOLARES,HOJAS PARA CARPETAS,HOJAS CARPETA ESQUELA,SIGEL,Marca Propia,PRODUCTOS DIETRIX,2,55.0,63.8,13.15,0.2391,27.5,1,1,2024-05-01,27.5
50093026,T006,2024-06,ARTICULOS ESCOLARES,PLUMAS Y LAPICEROS FINOS,REPUESTOS FINOS,PARKER,Marca Externa,NEWELL BRANDS DE MEXICO,1,196.55,228.0,9.28,0.0472,292.24,1,1,2024-06-01,196.55
50093399,T049,2025-06,ARTICULOS ESCOLARES,LAPICES DE COLORES,LAPICES DE COLORES GRUESOS,BIC,Marca Externa,NO SABE FALLAR,1,171.55,199.0,31.26,0.1822,162.93,1,1,2025-06-01,171.55
50093399,T055,2024-08,ARTICULOS ESCOLARES,LAPICES DE COLORES,LAPICES DE COLORES GRUESOS,BIC,Marca Externa,NO SABE FALLAR,1,130.34,151.2,13.22,0.1014,162.93,1,1,2024-08-01,130.34
50093665,T005,2024-09,ARTICULOS ESCOLARES,MARCATEXTOS,MARCATEXTOS DE GEL,DIXON,Marca Externa,DIXON COMERCIALIZADORA,1,102.59,119.0,19.61,0.1911,102.59,1,1,2024-09-01,102.59
50093665,T017,2024-09,ARTICULOS ESCOLARES,MARCATEXTOS,MARCATEXTOS DE GEL,DIXON,Marca Externa,DIXON COMERCIALIZADORA,1,102.59,119.0,19.61,0.1911,102.59,1,1,2024-09-01,102.59
50093665,T020,2025-07,ARTICULOS ESCOLARES,MARCATEXTOS,MARCATEXTOS DE GEL,DIXON,Marca Externa,DIXON COMERCIALIZADORA,2,143.62,166.6,8.43,0.0587,102.59,1,1,2025-07-01,71.81
50093665,T060,2024-08,ARTICULOS ESCOLARES,MARCATEXTOS,MARCATEXTOS DE GEL,DIXON,Marca Externa,DIXON COMERCIALIZADORA,2,174.4,202.3,23.82,0.1249,102.59,2,2,2024-08-01,87.2
50093665,T064,2024-08,ARTICULOS ESCOLARES,MARCATEXTOS,MARCATEXTOS DE GEL,DIXON,Marca Externa,DIXON COMERCIALIZADORA,1,82.07,95.2,9.35,0.1139,102.59,1,1,2024-08-01,82.07
50093665,T072,2024-09,ARTICULOS ESCOLARES,MARCATEXTOS,MARCATEXTOS DE GEL,DIXON,Marca Externa,DIXON COMERCIALIZADORA,1,102.59,119.0,19.61,0.1911,102.59,1,1,2024-09-01,102.59
50093665,T082,2024-08,ARTICULOS ESCOLARES,MARCATEXTOS,MARCATEXTOS DE GEL,DIXON,Marca Externa,DIXON COMERCIALIZADORA,1,82.07,95.2,9.35,0.1139,102.59,1,1,2024-08-01,82.07
50093665,T085,2025-08,ARTICULOS ESCOLARES,MARCATEXTOS,MARCATEXTOS DE GEL,DIXON,Marca Externa,DIXON COMERCIALIZADORA,1,102.59,119.0,19.61,0.1911,102.59,1,1,2025-08-01,102.59
50095646,T031,2024-10,ARTICULOS ESCOLARES,PLUMAS Y LAPICEROS FINOS,BOLIGRAFOS FINOS,PENTEL,Marca Externa,PENTEL DE MEXICO,1,400.86,465.0,78.73,0.1964,421.55,1,1,2024-10-01,400.86
50095651,T042,2024-10,ARTICULOS ESCOLARES,PLUMAS Y LAPICEROS FINOS,BOLIGRAFOS FINOS,PENTEL,Marca Externa,PENTEL DE MEXICO,1,400.86,465.0,78.73,0.1964,421.55,1,1,2024-10-01,400.86
50095651,T042,2025-04,ARTICULOS ESCOLARES,PLUMAS Y LAPICEROS FINOS,BOLIGRAFOS FINOS,PENTEL,Marca Externa,PENTEL DE MEXICO,1,421.55,489.0,87.19,0.2068,421.55,1,1,2025-04-01,421.55
50095651,T050,2024-09,ARTICULOS ESCOLARES,PLUMAS Y LAPICEROS FINOS,BOLIGRAFOS FINOS,PENTEL,Marca Externa,PENTEL DE MEXICO,1,400.86,465.0,78.73,0.1964,421.55,1,1,2024-09-01,400.86
50095652,T043,2024-04,ARTICULOS ESCOLARES,PLUMAS Y LAPICEROS FINOS,BOLIGRAFOS FINOS,PENTEL,Marca Externa,PENTEL DE MEXICO,1,430.56,465.0,99.37,0.2308,400.86,1,1,2024-04-01,430.56
50095652,T087,2025-01,ARTICULOS ESCOLARES,PLUMAS Y LAPICEROS FINOS,BOLIGRAFOS FINOS,PENTEL,Marca Externa,PENTEL DE MEXICO,1,240.52,279.0,10.23,0.0425,400.86,1,1,2025-01-01,240.52
50095653,T071,2024-11,ARTICULOS ESCOLARES,PLUMAS Y LAPICEROS FINOS,BOLIGRAFOS FINOS,PENTEL,Marca Externa,PENTEL DE MEXICO,1,240.52,279.0,19.74,0.0821,400.86,1,1,2024-11-01,240.52
50097631,T018,2024-05,ARTICULOS ESCOLARES,LIBRETAS EJECUTIVAS,LIBRETAS FORMA FRANCESA,DANPEX,Marca Externa,INDUSTRIAS DANPEX,1,254.31,295.0,51.64,0.2031,254.31,1,1,2024-05-01,254.31
50097631,T047,2025-06,ARTICULOS ESCOLARES,LIBRETAS EJECUTIVAS,LIBRETAS FORMA FRANCESA,DANPEX,Marca Externa,INDUSTRIAS DANPEX,1,254.31,295.0,51.64,0.2031,254.31,1,1,2025-06-01,254.31
50097631,T064,2024-08,ARTICULOS ESCOLARES,LIBRETAS EJECUTIVAS,LIBRETAS FORMA FRANCESA,DANPEX,Marca Externa,INDUSTRIAS DANPEX,1,254.31,295.0,51.61,0.203,254.31,1,1,2024-08-01,254.31
50098797,T009,2025-12,ARTICULOS ESCOLARES,PLUMAS Y LAPICEROS FINOS,REPUESTOS FINOS,,Marca Externa,IPEN,1,271.55,315.0,58.45,0.2152,271.55,1,1,2025-12-01,271.55
50098797,T078,2025-08,ARTICULOS ESCOLARES,PLUMAS Y LAPICEROS FINOS,REPUESTOS FINOS,,Marca Externa,IPEN,1,271.55,315.0,58.53,0.2155,271.55,1,1,2025-08-01,271.55
50098797,T086,2024-09,ARTICULOS ESCOLARES,PLUMAS Y LAPICEROS FINOS,REPUESTOS FINOS,,Marca Externa,IPEN,1,271.55,315.0,83.95,0.3091,271.55,1,1,2024-09-01,271.55
50098798,T036,2026-02,ARTICULOS ESCOLARES,PLUMAS Y LAPICEROS FINOS,REPUESTOS FINOS,,Marca Externa,IPEN,1,271.55,315.0,58.82,0.2166,271.55,1,1,2026-02-01,271.55
50098798,T042,2024-09,ARTICULOS ESCOLARES,PLUMAS Y LAPICEROS FINOS,REPUESTOS FINOS,,Marca Externa,IPEN,1,271.55,315.0,58.45,0.2152,271.55,1,1,2024-09-01,271.55
50105378,T004,2024-03,ARTICULOS ESCOLARES,LIBRETAS EJECUTIVAS,LIBRETAS FORMA FRANCESA,DANPEX,Marca Externa,INDUSTRIAS DANPEX,1,247.59,287.2,23.17,0.0936,309.48,1,1,2024-03-01,247.59
50105378,T043,2024-04,ARTICULOS ESCOLARES,LIBRETAS EJECUTIVAS,LIBRETAS FORMA FRANCESA,DANPEX,Marca Externa,INDUSTRIAS DANPEX,1,332.41,359.0,65.58,0.1973,309.48,1,1,2024-04-01,332.41
50107356,T018,2024-01,ARTICULOS ESCOLARES,LIBRETAS EJECUTIVAS,LIBRETAS POCKET,MIQUEL RIU,Marca Externa,APLI PAPER S.A.U.,1,206.04,239.0,50.36,0.2444,206.04,1,1,2024-01-01,206.04
50107356,T056,2024-02,ARTICULOS ESCOLARES,LIBRETAS EJECUTIVAS,LIBRETAS POCKET,MIQUEL RIU,Marca Externa,APLI PAPER S.A.U.,1,206.04,239.0,50.36,0.2444,206.04,1,1,2024-02-01,206.04
50107356,T075,2024-05,ARTICULOS ESCOLARES,LIBRETAS EJECUTIVAS,LIBRETAS POCKET,MIQUEL RIU,Marca Externa,APLI PAPER S.A.U.,1,206.04,239.0,43.67,0.212,206.04,1,1,2024-05-01,206.04
50107720,T020,2024-08,ARTICULOS ESCOLARES,CRAYONES,CRAYONES JUMBO,PELIKAN,Marca Externa,PELIKAN MEXICO,1,20.82,24.15,1.44,0.0692,29.74,1,1,2024-08-01,20.82
50107720,T053,2024-05,ARTICULOS ESCOLARES,CRAYONES,CRAYONES JUMBO,PELIKAN,Marca Externa,PELIKAN MEXICO,1,29.74,34.5,5.9,0.1984,29.74,1,1,2024-05-01,29.74
50111635,T011,2024-05,ARTICULOS ESCOLARES,MARCADORES,MARCADORES DE CERA,DIXON,Marca Externa,DIXON COMERCIALIZADORA,1,44.4,51.5,11.1,0.25,44.4,1,1,2024-05-01,44.4
50111635,T012,2024-10,ARTICULOS ESCOLARES,MARCADORES,MARCADORES DE CERA,DIXON,Marca Externa,DIXON COMERCIALIZADORA,1,44.4,51.5,11.1,0.25,44.4,1,1,2024-10-01,44.4
50111635,T013,2025-05,ARTICULOS ESCOLARES,MARCADORES,MARCADORES DE CERA,DIXON,Marca Externa,DIXON COMERCIALIZADORA,1,44.4,51.5,11.1,0.25,44.4,1,1,2025-05-01,44.4
50111635,T014,2024-08,ARTICULOS ESCOLARES,MARCADORES,MARCADORES DE CERA,DIXON,Marca Externa,DIXON COMERCIALIZADORA,1,44.4,51.5,11.1,0.25,44.4,1,1,2024-08-01,44.4
50111635,T017,2024-08,ARTICULOS ESCOLARES,MARCADORES,MARCADORES DE CERA,DIXON,Marca Externa,DIXON COMERCIALIZADORA,1,44.4,51.5,11.1,0.25,44.4,1,1,2024-08-01,44.4
50111635,T020,2024-08,ARTICULOS ESCOLARES,MARCADORES,MARCADORES DE CERA,DIXON,Marca Externa,DIXON COMERCIALIZADORA,1,44.4,51.5,11.1,0.25,44.4,1,1,2024-08-01,44.4
50111635,T021,2025-11,ARTICULOS ESCOLARES,MARCADORES,MARCADORES DE CERA,DIXON,Marca Externa,DIXON COMERCIALIZADORA,1,44.4,51.5,11.1,0.25,44.4,1,1,2025-11-01,44.4
50111635,T023,2025-12,ARTICULOS ESCOLARES,MARCADORES,MARCADORES DE CERA,DIXON,Marca Externa,DIXON COMERCIALIZADORA,1,44.4,51.5,11.1,0.25,44.4,1,1,2025-12-01,44.4
50111635,T031,2024-06,ARTICULOS ESCOLARES,MARCADORES,MARCADORES DE CERA,DIXON,Marca Externa,DIXON COMERCIALIZADORA,1,44.4,51.5,11.1,0.25,44.4,1,1,2024-06-01,44.4
50111635,T040,2025-08,ARTICULOS ESCOLARES,MARCADORES,MARCADORES DE CERA,DIXON,Marca Externa,DIXON COMERCIALIZADORA,1,44.4,51.5,11.1,0.25,44.4,1,1,2025-08-01,44.4
50111635,T044,2025-08,ARTICULOS ESCOLARES,MARCADORES,MARCADORES DE CERA,DIXON,Marca Externa,DIXON COMERCIALIZADORA,1,35.52,41.2,6.66,0.1875,44.4,1,1,2025-08-01,35.52
50111635,T057,2026-04,ARTICULOS ESCOLARES,MARCADORES,MARCADORES DE CERA,DIXON,Marca Externa,DIXON COMERCIALIZADORA,1,50.83,54.9,14.31,0.2816,44.4,1,1,2026-04-01,50.83
50111635,T060,2024-08,ARTICULOS ESCOLARES,MARCADORES,MARCADORES DE CERA,DIXON,Marca Externa,DIXON COMERCIALIZADORA,1,44.4,51.5,11.1,0.25,44.4,1,1,2024-08-01,44.4
50111635,T062,2025-10,ARTICULOS ESCOLARES,MARCADORES,MARCADORES DE CERA,DIXON,Marca Externa,DIXON COMERCIALIZADORA,2,88.79,103.0,22.2,0.25,44.4,1,1,2025-10-01,44.395
50111635,T063,2024-08,ARTICULOS ESCOLARES,MARCADORES,MARCADORES DE CERA,DIXON,Marca Externa,DIXON COMERCIALIZADORA,3,97.68,113.3,15.540000000000001,0.1652,44.4,2,2,2024-08-01,32.56
50111635,T075,2024-11,ARTICULOS ESCOLARES,MARCADORES,MARCADORES DE CERA,DIXON,Marca Externa,DIXON COMERCIALIZADORA,1,44.4,51.5,11.1,0.25,44.4,1,1,2024-11-01,44.4
50111635,T082,2025-08,ARTICULOS ESCOLARES,MARCADORES,MARCADORES DE CERA,DIXON,Marca Externa,DIXON COMERCIALIZADORA,1,44.4,51.5,11.1,0.25,44.4,1,1,2025-08-01,44.4
50113062,T001,2024-08,ARTICULOS ESCOLARES,PLUMAS Y LAPICEROS FINOS,BOLIGRAFOS FINOS,BIC,Marca Externa,NO SABE FALLAR,2,56.72,65.8,11.66,0.2056,28.36,1,1,2024-08-01,28.36
50113062,T005,2024-05,ARTICULOS ESCOLARES,PLUMAS Y LAPICEROS FINOS,BOLIGRAFOS FINOS,BIC,Marca Externa,NO SABE FALLAR,1,28.36,32.9,5.83,0.2056,28.36,1,1,2024-05-01,28.36
50113062,T005,2024-08,ARTICULOS ESCOLARES,PLUMAS Y LAPICEROS FINOS,BOLIGRAFOS FINOS,BIC,Marca Externa,NO SABE FALLAR,1,28.36,32.9,5.83,0.2056,28.36,1,1,2024-08-01,28.36
50113062,T006,2025-08,ARTICULOS ESCOLARES,PLUMAS Y LAPICEROS FINOS,BOLIGRAFOS FINOS,BIC,Marca Externa,NO SABE FALLAR,1,28.36,32.9,5.58,0.1968,28.36,1,1,2025-08-01,28.36
50113062,T013,2024-06,ARTICULOS ESCOLARES,PLUMAS Y LAPICEROS FINOS,BOLIGRAFOS FINOS,BIC,Marca Externa,NO SABE FALLAR,1,28.36,32.9,5.83,0.2056,28.36,1,1,2024-06-01,28.36
50113062,T013,2024-09,ARTICULOS ESCOLARES,PLUMAS Y LAPICEROS FINOS,BOLIGRAFOS FINOS,BIC,Marca Externa,NO SABE FALLAR,1,28.36,32.9,5.83,0.2056,28.36,1,1,2024-09-01,28.36
50113062,T017,2024-04,ARTICULOS ESCOLARES,PLUMAS Y LAPICEROS FINOS,BOLIGRAFOS FINOS,BIC,Marca Externa,NO SABE FALLAR,1,28.36,32.9,5.83,0.2056,28.36,1,1,2024-04-01,28.36
50113062,T017,2024-05,ARTICULOS ESCOLARES,PLUMAS Y LAPICEROS FINOS,BOLIGRAFOS FINOS,BIC,Marca Externa,NO SABE FALLAR,2,56.72,65.8,11.66,0.2056,28.36,1,1,2024-05-01,28.36
50113062,T020,2025-01,ARTICULOS ESCOLARES,PLUMAS Y LAPICEROS FINOS,BOLIGRAFOS FINOS,BIC,Marca Externa,NO SABE FALLAR,1,28.36,32.9,5.83,0.2056,28.36,1,1,2025-01-01,28.36
50113062,T025,2024-05,ARTICULOS ESCOLARES,PLUMAS Y LAPICEROS FINOS,BOLIGRAFOS FINOS,BIC,Marca Externa,NO SABE FALLAR,1,28.36,32.9,5.83,0.2056,28.36,1,1,2024-05-01,28.36
50113062,T026,2025-08,ARTICULOS ESCOLARES,PLUMAS Y LAPICEROS FINOS,BOLIGRAFOS FINOS,BIC,Marca Externa,NO SABE FALLAR,1,28.36,32.9,5.58,0.1969,28.36,1,1,2025-08-01,28.36
50113062,T031,2026-02,ARTICULOS ESCOLARES,PLUMAS Y LAPICEROS FINOS,BOLIGRAFOS FINOS,BIC,Marca Externa,NO SABE FALLAR,1,29.22,33.9,6.01,0.2057,28.36,1,1,2026-02-01,29.22
50113062,T036,2025-01,ARTICULOS ESCOLARES,PLUMAS Y LAPICEROS FINOS,BOLIGRAFOS FINOS,BIC,Marca Externa,NO SABE FALLAR,1,28.36,32.9,5.83,0.2056,28.36,1,1,2025-01-01,28.36
50113062,T037,2026-01,ARTICULOS ESCOLARES,PLUMAS Y LAPICEROS FINOS,BOLIGRAFOS FINOS,BIC,Marca Externa,NO SABE FALLAR,1,29.22,33.9,6.01,0.2057,28.36,1,1,2026-01-01,29.22
50113062,T040,2025-02,ARTICULOS ESCOLARES,PLUMAS Y LAPICEROS FINOS,BOLIGRAFOS FINOS,BIC,Marca Externa,NO SABE FALLAR,1,28.36,32.9,5.83,0.2056,28.36,1,1,2025-02-01,28.36
50113062,T045,2025-08,ARTICULOS ESCOLARES,PLUMAS Y LAPICEROS FINOS,BOLIGRAFOS FINOS,BIC,Marca Externa,NO SABE FALLAR,1,28.36,32.9,5.58,0.1969,28.36,1,1,2025-08-01,28.36
50113062,T047,2024-02,ARTICULOS ESCOLARES,PLUMAS Y LAPICEROS FINOS,BOLIGRAFOS FINOS,BIC,Marca Externa,NO SABE FALLAR,1,25.78,29.9,5.24,0.2035,28.36,1,1,2024-02-01,25.78
50113062,T047,2024-05,ARTICULOS ESCOLARES,PLUMAS Y LAPICEROS FINOS,BOLIGRAFOS FINOS,BIC,Marca Externa,NO SABE FALLAR,1,28.36,32.9,5.94,0.2094,28.36,1,1,2024-05-01,28.36
50113062,T050,2026-01,ARTICULOS ESCOLARES,PLUMAS Y LAPICEROS FINOS,BOLIGRAFOS FINOS,BIC,Marca Externa,NO SABE FALLAR,1,29.22,33.9,6.01,0.2057,28.36,1,1,2026-01-01,29.22
50113062,T053,2025-08,ARTICULOS ESCOLARES,PLUMAS Y LAPICEROS FINOS,BOLIGRAFOS FINOS,BIC,Marca Externa,NO SABE FALLAR,2,56.72,65.8,11.16,0.1968,28.36,2,2,2025-08-01,28.36
50113062,T055,2024-07,ARTICULOS ESCOLARES,PLUMAS Y LAPICEROS FINOS,BOLIGRAFOS FINOS,BIC,Marca Externa,NO SABE FALLAR,1,28.36,32.9,5.83,0.2056,28.36,1,1,2024-07-01,28.36
50113062,T056,2025-10,ARTICULOS ESCOLARES,PLUMAS Y LAPICEROS FINOS,BOLIGRAFOS FINOS,BIC,Marca Externa,NO SABE FALLAR,1,28.36,32.9,5.58,0.1968,28.36,1,1,2025-10-01,28.36
50113062,T058,2024-07,ARTICULOS ESCOLARES,PLUMAS Y LAPICEROS FINOS,BOLIGRAFOS FINOS,BIC,Marca Externa,NO SABE FALLAR,1,28.36,32.9,5.83,0.2056,28.36,1,1,2024-07-01,28.36
50113062,T061,2026-02,ARTICULOS ESCOLARES,PLUMAS Y LAPICEROS FINOS,BOLIGRAFOS FINOS,BIC,Marca Externa,NO SABE FALLAR,1,31.39,33.9,7.1,0.226,28.36,1,1,2026-02-01,31.39
50113062,T062,2025-02,ARTICULOS ESCOLARES,PLUMAS Y LAPICEROS FINOS,BOLIGRAFOS FINOS,BIC,Marca Externa,NO SABE FALLAR,1,28.36,32.9,5.83,0.2056,28.36,1,1,2025-02-01,28.36
50113062,T066,2024-05,ARTICULOS ESCOLARES,PLUMAS Y LAPICEROS FINOS,BOLIGRAFOS FINOS,BIC,Marca Externa,NO SABE FALLAR,1,28.36,32.9,5.83,0.2056,28.36,1,1,2024-05-01,28.36
50113062,T074,2025-05,ARTICULOS ESCOLARES,PLUMAS Y LAPICEROS FINOS,BOLIGRAFOS FINOS,BIC,Marca Externa,NO SABE FALLAR,1,28.36,32.9,5.58,0.1968,28.36,1,1,2025-05-01,28.36
50113062,T076,2024-06,ARTICULOS ESCOLARES,PLUMAS Y LAPICEROS FINOS,BOLIGRAFOS FINOS,BIC,Marca Externa,NO SABE FALLAR,1,28.36,32.9,5.83,0.2056,28.36,1,1,2024-06-01,28.36
50113062,T077,2024-08,ARTICULOS ESCOLARES,PLUMAS Y LAPICEROS FINOS,BOLIGRAFOS FINOS,BIC,Marca Externa,NO SABE FALLAR,1,28.36,32.9,5.83,0.2056,28.36,1,1,2024-08-01,28.36
50113062,T079,2024-10,ARTICULOS ESCOLARES,PLUMAS Y LAPICEROS FINOS,BOLIGRAFOS FINOS,BIC,Marca Externa,NO SABE FALLAR,1,28.36,32.9,5.83,0.2056,28.36,1,1,2024-10-01,28.36
50113257,T013,2025-10,ARTICULOS ESCOLARES,MOCHILAS,MOCHILAS UNIVERSITARIAS,STUK,Marca Propia,OFFICE DEPOT ASIA HOLDING,1,300.86,349.0,56.33,0.1872,300.86,1,1,2025-10-01,300.86
50113257,T018,2025-09,ARTICULOS ESCOLARES,MOCHILAS,MOCHILAS UNIVERSITARIAS,STUK,Marca Propia,OFFICE DEPOT ASIA HOLDING,1,300.86,349.0,56.33,0.1872,300.86,1,1,2025-09-01,300.86
50113257,T022,2024-04,ARTICULOS ESCOLARES,MOCHILAS,MOCHILAS UNIVERSITARIAS,,Marca Externa,OFFICE DEPOT ASIA HOLDING,1,300.86,349.0,78.61,0.2613,300.86,1,1,2024-04-01,300.86
50113257,T023,2025-12,ARTICULOS ESCOLARES,MOCHILAS,MOCHILAS UNIVERSITARIAS,STUK,Marca Propia,OFFICE DEPOT ASIA HOLDING,3,902.59,1047.0,168.98,0.1872,300.86,1,1,2025-12-01,300.86333333333334
50113257,T028,2024-06,ARTICULOS ESCOLARES,MOCHILAS,MOCHILAS UNIVERSITARIAS,STUK,Marca Propia,OFFICE DEPOT ASIA HOLDING,1,300.86,349.0,78.61,0.2613,300.86,1,1,2024-06-01,300.86
50113257,T032,2025-10,ARTICULOS ESCOLARES,MOCHILAS,MOCHILAS UNIVERSITARIAS,STUK,Marca Propia,OFFICE DEPOT ASIA HOLDING,2,601.72,698.0,112.65,0.1872,300.86,1,1,2025-10-01,300.86
50113257,T040,2026-04,ARTICULOS ESCOLARES,MOCHILAS,MOCHILAS UNIVERSITARIAS,STUK,Marca Propia,OFFICE DEPOT ASIA HOLDING,1,270.78,314.1,41.29,0.1525,300.86,1,1,2026-04-01,270.78
50113257,T042,2024-02,ARTICULOS ESCOLARES,MOCHILAS,MOCHILAS UNIVERSITARIAS,STUK,Marca Propia,OFFICE DEPOT ASIA HOLDING,1,300.86,349.0,78.61,0.2613,300.86,1,1,2024-02-01,300.86
50113257,T045,2026-01,ARTICULOS ESCOLARES,MOCHILAS,MOCHILAS UNIVERSITARIAS,STUK,Marca Propia,OFFICE DEPOT ASIA HOLDING,1,300.86,349.0,56.33,0.1872,300.86,1,1,2026-01-01,300.86
50113257,T046,2025-12,ARTICULOS ESCOLARES,MOCHILAS,MOCHILAS UNIVERSITARIAS,STUK,Marca Propia,OFFICE DEPOT ASIA HOLDING,1,323.15,349.0,67.47,0.2088,300.86,1,1,2025-12-01,323.15
50113257,T054,2024-04,ARTICULOS ESCOLARES,MOCHILAS,MOCHILAS UNIVERSITARIAS,STUK,Marca Propia,OFFICE DEPOT ASIA HOLDING,1,240.69,279.2,48.52,0.2016,300.86,1,1,2024-04-01,240.69
50113257,T054,2025-11,ARTICULOS ESCOLARES,MOCHILAS,MOCHILAS UNIVERSITARIAS,STUK,Marca Propia,OFFICE DEPOT ASIA HOLDING,1,300.86,349.0,56.33,0.1872,300.86,1,1,2025-11-01,300.86
50113257,T057,2024-03,ARTICULOS ESCOLARES,MOCHILAS,MOCHILAS UNIVERSITARIAS,STUK,Marca Propia,OFFICE DEPOT ASIA HOLDING,1,323.15,349.0,89.75,0.2777,300.86,1,1,2024-03-01,323.15
50113257,T058,2025-10,ARTICULOS ESCOLARES,MOCHILAS,MOCHILAS UNIVERSITARIAS,STUK,Marca Propia,OFFICE DEPOT ASIA HOLDING,1,300.86,349.0,56.33,0.1872,300.86,1,1,2025-10-01,300.86
50113257,T061,2024-05,ARTICULOS ESCOLARES,MOCHILAS,MOCHILAS UNIVERSITARIAS,STUK,Marca Propia,OFFICE DEPOT ASIA HOLDING,1,323.15,349.0,89.75,0.2777,300.86,1,1,2024-05-01,323.15
50113257,T064,2024-05,ARTICULOS ESCOLARES,MOCHILAS,MOCHILAS UNIVERSITARIAS,STUK,Marca Propia,OFFICE DEPOT ASIA HOLDING,1,300.86,349.0,78.61,0.2613,300.86,1,1,2024-05-01,300.86
50113257,T065,2024-04,ARTICULOS ESCOLARES,MOCHILAS,MOCHILAS UNIVERSITARIAS,STUK,Marca Propia,OFFICE DEPOT ASIA HOLDING,1,240.69,279.2,48.52,0.2016,300.86,1,1,2024-04-01,240.69
50113257,T067,2024-07,ARTICULOS ESCOLARES,MOCHILAS,MOCHILAS UNIVERSITARIAS,STUK,Marca Propia,OFFICE DEPOT ASIA HOLDING,2,601.72,698.0,157.21,0.2613,300.86,1,1,2024-07-01,300.86
50113257,T074,2024-08,ARTICULOS ESCOLARES,MOCHILAS,MOCHILAS UNIVERSITARIAS,STUK,Marca Propia,OFFICE DEPOT ASIA HOLDING,1,210.6,244.3,33.48,0.159,300.86,1,1,2024-08-01,210.6
50113257,T086,2024-06,ARTICULOS ESCOLARES,MOCHILAS,MOCHILAS UNIVERSITARIAS,,Marca Externa,OFFICE DEPOT ASIA HOLDING,1,300.86,349.0,78.61,0.2613,300.86,1,1,2024-06-01,300.86
50113486,T037,2024-04,ARTICULOS ESCOLARES,LIBRETAS EJECUTIVAS,LIBRETAS FORMA FRANCESA,DANPEX,Marca Externa,INDUSTRIAS DANPEX,1,275.0,319.0,55.0,0.2,275.0,1,1,2024-04-01,275.0
50113487,T009,2026-01,ARTICULOS ESCOLARES,LIBRETAS EJECUTIVAS,LIBRETAS FORMA FRANCESA,DANPEX,Marca Externa,INDUSTRIAS DANPEX,1,306.04,355.0,60.11,0.1964,306.04,1,1,2026-01-01,306.04
50113488,T051,2026-01,ARTICULOS ESCOLARES,LIBRETAS EJECUTIVAS,LIBRETAS FORMA FRANCESA,DANPEX,Marca Externa,INDUSTRIAS DANPEX,1,306.04,355.0,60.11,0.1964,306.04,1,1,2026-01-01,306.04
50113657,T001,2024-06,ARTICULOS ESCOLARES,MOCHILAS,MOCHILAS UNIVERSITARIAS,,Marca Externa,NINGBO EVEREXCEL INT'L TRADING,1,116.38,135.0,23.5,0.2019,128.45,1,1,2024-06-01,116.38
50113657,T002,2024-10,ARTICULOS ESCOLARES,MOCHILAS,MOCHILAS UNIVERSITARIAS,,Marca Externa,NINGBO EVEREXCEL INT'L TRADING,1,128.45,149.0,29.53,0.2299,128.45,1,1,2024-10-01,128.45
50113657,T007,2024-09,ARTICULOS ESCOLARES,MOCHILAS,MOCHILAS UNIVERSITARIAS,,Marca Externa,NINGBO EVEREXCEL INT'L TRADING,1,85.34,99.0,8.02,0.094,128.45,1,1,2024-09-01,85.34
50113657,T008,2024-09,ARTICULOS ESCOLARES,MOCHILAS,MOCHILAS UNIVERSITARIAS,,Marca Externa,NINGBO EVEREXCEL INT'L TRADING,1,85.34,99.0,7.98,0.0935,128.45,1,1,2024-09-01,85.34
50113657,T010,2025-09,ARTICULOS ESCOLARES,MOCHILAS,MOCHILAS UNIVERSITARIAS,,Marca Externa,NINGBO EVEREXCEL INT'L TRADING,1,77.07,89.4,1.93,0.025,128.45,1,1,2025-09-01,77.07
50113657,T011,2024-06,ARTICULOS ESCOLARES,MOCHILAS,MOCHILAS UNIVERSITARIAS,,Marca Externa,NINGBO EVEREXCEL INT'L TRADING,1,116.38,135.0,23.5,0.2019,128.45,1,1,2024-06-01,116.38
50113657,T012,2024-10,ARTICULOS ESCOLARES,MOCHILAS,MOCHILAS UNIVERSITARIAS,,Marca Externa,NINGBO EVEREXCEL INT'L TRADING,1,128.45,149.0,29.53,0.2299,128.45,1,1,2024-10-01,128.45
50113657,T016,2025-10,ARTICULOS ESCOLARES,MOCHILAS,MOCHILAS UNIVERSITARIAS,,Marca Externa,NINGBO EVEREXCEL INT'L TRADING,1,77.07,89.4,1.93,0.025,128.45,1,1,2025-10-01,77.07
50113657,T018,2024-01,ARTICULOS ESCOLARES,MOCHILAS,MOCHILAS UNIVERSITARIAS,,Marca Externa,NINGBO EVEREXCEL INT'L TRADING,1,69.83,81.0,4.35,0.0623,128.45,1,1,2024-01-01,69.83
50113657,T021,2024-08,ARTICULOS ESCOLARES,MOCHILAS,MOCHILAS UNIVERSITARIAS,,Marca Externa,NINGBO EVEREXCEL INT'L TRADING,1,89.91,104.3,10.27,0.1142,128.45,1,1,2024-08-01,89.91
50113657,T027,2024-09,ARTICULOS ESCOLARES,MOCHILAS,MOCHILAS UNIVERSITARIAS,,Marca Externa,NINGBO EVEREXCEL INT'L TRADING,1,85.34,99.0,7.98,0.0935,128.45,1,1,2024-09-01,85.34
50113657,T028,2024-08,ARTICULOS ESCOLARES,MOCHILAS,MOCHILAS UNIVERSITARIAS,,Marca Externa,NINGBO EVEREXCEL INT'L TRADING,1,128.45,149.0,29.53,0.2299,128.45,1,1,2024-08-01,128.45
50113657,T031,2024-09,ARTICULOS ESCOLARES,MOCHILAS,MOCHILAS UNIVERSITARIAS,,Marca Externa,NINGBO EVEREXCEL INT'L TRADING,1,85.34,99.0,7.98,0.0935,128.45,1,1,2024-09-01,85.34
50113657,T039,2025-08,ARTICULOS ESCOLARES,MOCHILAS,MOCHILAS UNIVERSITARIAS,,Marca Externa,NINGBO EVEREXCEL INT'L TRADING,2,256.9,298.0,55.22,0.215,128.45,2,2,2025-08-01,128.45
50113657,T039,2025-09,ARTICULOS ESCOLARES,MOCHILAS,MOCHILAS UNIVERSITARIAS,,Marca Externa,NINGBO EVEREXCEL INT'L TRADING,1,128.45,149.0,27.61,0.215,128.45,1,1,2025-09-01,128.45
50113657,T041,2024-07,ARTICULOS ESCOLARES,MOCHILAS,MOCHILAS UNIVERSITARIAS,,Marca Externa,NINGBO EVEREXCEL INT'L TRADING,1,116.38,135.0,23.5,0.2019,128.45,1,1,2024-07-01,116.38
50113657,T041,2025-11,ARTICULOS ESCOLARES,MOCHILAS,MOCHILAS UNIVERSITARIAS,,Marca Externa,NINGBO EVEREXCEL INT'L TRADING,1,128.45,149.0,27.62,0.215,128.45,1,1,2025-11-01,128.45
50113657,T042,2025-08,ARTICULOS ESCOLARES,MOCHILAS,MOCHILAS UNIVERSITARIAS,,Marca Externa,NINGBO EVEREXCEL INT'L TRADING,7,899.14,1043.0,193.3,0.215,128.45,1,1,2025-08-01,128.44857142857143
50113657,T042,2025-10,ARTICULOS ESCOLARES,MOCHILAS,MOCHILAS UNIVERSITARIAS,,Marca Externa,NINGBO EVEREXCEL INT'L TRADING,1,128.45,149.0,27.61,0.215,128.45,1,1,2025-10-01,128.45
50113657,T046,2025-11,ARTICULOS ESCOLARES,MOCHILAS,MOCHILAS UNIVERSITARIAS,,Marca Externa,NINGBO EVEREXCEL INT'L TRADING,1,137.96,149.0,32.38,0.2347,128.45,1,1,2025-11-01,137.96
50113657,T052,2024-02,ARTICULOS ESCOLARES,MOCHILAS,MOCHILAS UNIVERSITARIAS,,Marca Externa,NINGBO EVEREXCEL INT'L TRADING,1,69.83,81.0,4.35,0.0623,128.45,1,1,2024-02-01,69.83
50113657,T052,2024-08,ARTICULOS ESCOLARES,MOCHILAS,MOCHILAS UNIVERSITARIAS,,Marca Externa,NINGBO EVEREXCEL INT'L TRADING,1,89.91,104.3,10.27,0.1142,128.45,1,1,2024-08-01,89.91
50113657,T052,2025-08,ARTICULOS ESCOLARES,MOCHILAS,MOCHILAS UNIVERSITARIAS,,Marca Externa,NINGBO EVEREXCEL INT'L TRADING,1,128.45,149.0,27.61,0.215,128.45,1,1,2025-08-01,128.45
50113657,T053,2025-01,ARTICULOS ESCOLARES,MOCHILAS,MOCHILAS UNIVERSITARIAS,,Marca Externa,NINGBO EVEREXCEL INT'L TRADING,1,93.97,109.0,12.3,0.1308,128.45,1,1,2025-01-01,93.97
50113657,T054,2024-11,ARTICULOS ESCOLARES,MOCHILAS,MOCHILAS UNIVERSITARIAS,,Marca Externa,NINGBO EVEREXCEL INT'L TRADING,2,256.9,298.0,59.06,0.2299,128.45,2,2,2024-11-01,128.45
50113657,T056,2025-12,ARTICULOS ESCOLARES,MOCHILAS,MOCHILAS UNIVERSITARIAS,,Marca Externa,NINGBO EVEREXCEL INT'L TRADING,1,128.45,149.0,27.61,0.215,128.45,1,1,2025-12-01,128.45
50113657,T058,2025-09,ARTICULOS ESCOLARES,MOCHILAS,MOCHILAS UNIVERSITARIAS,,Marca Externa,NINGBO EVEREXCEL INT'L TRADING,1,77.07,89.4,1.93,0.025,128.45,1,1,2025-09-01,77.07
50113657,T059,2024-08,ARTICULOS ESCOLARES,MOCHILAS,MOCHILAS UNIVERSITARIAS,,Marca Externa,NINGBO EVEREXCEL INT'L TRADING,1,89.91,104.3,10.27,0.1142,128.45,1,1,2024-08-01,89.91
50113657,T061,2024-01,ARTICULOS ESCOLARES,MOCHILAS,MOCHILAS UNIVERSITARIAS,,Marca Externa,NINGBO EVEREXCEL INT'L TRADING,1,75.0,81.0,6.93,0.0925,128.45,1,1,2024-01-01,75.0
50113657,T063,2024-09,ARTICULOS ESCOLARES,MOCHILAS,MOCHILAS UNIVERSITARIAS,,Marca Externa,NINGBO EVEREXCEL INT'L TRADING,1,85.34,99.0,6.16,0.0721,128.45,1,1,2024-09-01,85.34
50113657,T063,2025-09,ARTICULOS ESCOLARES,MOCHILAS,MOCHILAS UNIVERSITARIAS,,Marca Externa,NINGBO EVEREXCEL INT'L TRADING,1,128.45,149.0,27.62,0.215,128.45,1,1,2025-09-01,128.45
50113657,T064,2025-08,ARTICULOS ESCOLARES,MOCHILAS,MOCHILAS UNIVERSITARIAS,,Marca Externa,NINGBO EVEREXCEL INT'L TRADING,1,102.76,119.2,14.78,0.1438,128.45,1,1,2025-08-01,102.76
50113657,T076,2024-12,ARTICULOS ESCOLARES,MOCHILAS,MOCHILAS UNIVERSITARIAS,,Marca Externa,NINGBO EVEREXCEL INT'L TRADING,1,128.45,149.0,29.53,0.2299,128.45,1,1,2024-12-01,128.45
50113657,T077,2025-09,ARTICULOS ESCOLARES,MOCHILAS,MOCHILAS UNIVERSITARIAS,,Marca Externa,NINGBO EVEREXCEL INT'L TRADING,1,89.91,104.3,8.34,0.0928,128.45,1,1,2025-09-01,89.91
50113657,T085,2024-11,ARTICULOS ESCOLARES,MOCHILAS,MOCHILAS UNIVERSITARIAS,,Marca Externa,NINGBO EVEREXCEL INT'L TRADING,1,128.45,149.0,29.53,0.2299,128.45,1,1,2024-11-01,128.45
50113658,T011,2024-02,ARTICULOS ESCOLARES,MOCHILAS,MOCHILAS UNIVERSITARIAS,OFFICEMAX,Marca Propia,NINGBO EVEREXCEL INT'L TRADING,1,69.83,81.0,4.35,0.0623,128.45,1,1,2024-02-01,69.83
50113658,T011,2025-08,ARTICULOS ESCOLARES,MOCHILAS,MOCHILAS UNIVERSITARIAS,OFFICEMAX,Marca Propia,NINGBO EVEREXCEL INT'L TRADING,3,308.28,357.6,44.34,0.1438,128.45,1,1,2025-08-01,102.75999999999999
50113658,T020,2025-08,ARTICULOS ESCOLARES,MOCHILAS,MOCHILAS UNIVERSITARIAS,OFFICEMAX,Marca Propia,NINGBO EVEREXCEL INT'L TRADING,1,89.91,104.3,8.35,0.0929,128.45,1,1,2025-08-01,89.91
50113658,T022,2024-01,ARTICULOS ESCOLARES,MOCHILAS,MOCHILAS UNIVERSITARIAS,OFFICEMAX,Marca Propia,NINGBO EVEREXCEL INT'L TRADING,4,279.31,324.0,17.39,0.0623,128.45,1,1,2024-01-01,69.8275
50113658,T022,2025-07,ARTICULOS ESCOLARES,MOCHILAS,MOCHILAS UNIVERSITARIAS,OFFICEMAX,Marca Propia,NINGBO EVEREXCEL INT'L TRADING,1,102.76,119.2,14.78,0.1438,128.45,1,1,2025-07-01,102.76
50113658,T027,2025-08,ARTICULOS ESCOLARES,MOCHILAS,MOCHILAS UNIVERSITARIAS,OFFICEMAX,Marca Propia,NINGBO EVEREXCEL INT'L TRADING,1,128.45,149.0,27.62,0.2151,128.45,1,1,2025-08-01,128.45
50113658,T028,2024-08,ARTICULOS ESCOLARES,MOCHILAS,MOCHILAS UNIVERSITARIAS,OFFICEMAX,Marca Propia,NINGBO EVEREXCEL INT'L TRADING,1,89.91,104.3,10.27,0.1142,128.45,1,1,2024-08-01,89.91
50113658,T038,2024-02,ARTICULOS ESCOLARES,MOCHILAS,MOCHILAS UNIVERSITARIAS,OFFICEMAX,Marca Propia,NINGBO EVEREXCEL INT'L TRADING,1,69.83,81.0,4.35,0.0623,128.45,1,1,2024-02-01,69.83
50113658,T038,2024-08,ARTICULOS ESCOLARES,MOCHILAS,MOCHILAS UNIVERSITARIAS,OFFICEMAX,Marca Propia,NINGBO EVEREXCEL INT'L TRADING,1,89.91,104.3,10.27,0.1142,128.45,1,1,2024-08-01,89.91
50113658,T042,2024-07,ARTICULOS ESCOLARES,MOCHILAS,MOCHILAS UNIVERSITARIAS,OFFICEMAX,Marca Propia,NINGBO EVEREXCEL INT'L TRADING,1,128.45,149.0,29.53,0.2299,128.45,1,1,2024-07-01,128.45
50113658,T047,2025-09,ARTICULOS ESCOLARES,MOCHILAS,MOCHILAS UNIVERSITARIAS,OFFICEMAX,Marca Propia,NINGBO EVEREXCEL INT'L TRADING,3,269.74,312.9,25.07,0.0929,128.45,1,1,2025-09-01,89.91333333333334
50113658,T049,2024-01,ARTICULOS ESCOLARES,MOCHILAS,MOCHILAS UNIVERSITARIAS,OFFICEMAX,Marca Propia,NINGBO EVEREXCEL INT'L TRADING,1,69.83,81.0,4.35,0.0623,128.45,1,1,2024-01-01,69.83
50113658,T049,2024-11,ARTICULOS ESCOLARES,MOCHILAS,MOCHILAS UNIVERSITARIAS,OFFICEMAX,Marca Propia,NINGBO EVEREXCEL INT'L TRADING,1,128.45,149.0,29.53,0.2299,128.45,1,1,2024-11-01,128.45
50113658,T052,2025-08,ARTICULOS ESCOLARES,MOCHILAS,MOCHILAS UNIVERSITARIAS,OFFICEMAX,Marca Propia,NINGBO EVEREXCEL INT'L TRADING,1,102.76,119.2,14.78,0.1438,128.45,1,1,2025-08-01,102.76
50113658,T057,2024-01,ARTICULOS ESCOLARES,MOCHILAS,MOCHILAS UNIVERSITARIAS,OFFICEMAX,Marca Propia,NINGBO EVEREXCEL INT'L TRADING,1,75.0,81.0,6.93,0.0925,128.45,1,1,2024-01-01,75.0
50113658,T057,2025-11,ARTICULOS ESCOLARES,MOCHILAS,MOCHILAS UNIVERSITARIAS,OFFICEMAX,Marca Propia,NINGBO EVEREXCEL INT'L TRADING,1,137.96,149.0,32.39,0.2347,128.45,1,1,2025-11-01,137.96
50113658,T063,2024-12,ARTICULOS ESCOLARES,MOCHILAS,MOCHILAS UNIVERSITARIAS,OFFICEMAX,Marca Propia,NINGBO EVEREXCEL INT'L TRADING,1,128.45,149.0,29.64,0.2308,128.45,1,1,2024-12-01,128.45
50113658,T064,2024-01,ARTICULOS ESCOLARES,MOCHILAS,MOCHILAS UNIVERSITARIAS,OFFICEMAX,Marca Propia,NINGBO EVEREXCEL INT'L TRADING,2,139.66,162.0,8.7,0.0623,128.45,1,1,2024-01-01,69.83
50113658,T071,2024-02,ARTICULOS ESCOLARES,MOCHILAS,MOCHILAS UNIVERSITARIAS,OFFICEMAX,Marca Propia,NINGBO EVEREXCEL INT'L TRADING,1,69.83,81.0,4.35,0.0623,128.45,1,1,2024-02-01,69.83
50113658,T077,2024-08,ARTICULOS ESCOLARES,MOCHILAS,MOCHILAS UNIVERSITARIAS,OFFICEMAX,Marca Propia,NINGBO EVEREXCEL INT'L TRADING,1,128.45,149.0,29.75,0.2316,128.45,1,1,2024-08-01,128.45
50113658,T081,2024-12,ARTICULOS ESCOLARES,MOCHILAS,MOCHILAS UNIVERSITARIAS,OFFICEMAX,Marca Propia,NINGBO EVEREXCEL INT'L TRADING,1,128.45,149.0,29.53,0.2299,128.45,1,1,2024-12-01,128.45
50113658,T081,2025-09,ARTICULOS ESCOLARES,MOCHILAS,MOCHILAS UNIVERSITARIAS,OFFICEMAX,Marca Propia,NINGBO EVEREXCEL INT'L TRADING,1,128.45,149.0,27.62,0.2151,128.45,1,1,2025-09-01,128.45
50113658,T085,2024-01,ARTICULOS ESCOLARES,MOCHILAS,MOCHILAS UNIVERSITARIAS,OFFICEMAX,Marca Propia,NINGBO EVEREXCEL INT'L TRADING,1,69.83,81.0,4.35,0.0623,128.45,1,1,2024-01-01,69.83
50113658,T087,2024-08,ARTICULOS ESCOLARES,MOCHILAS,MOCHILAS UNIVERSITARIAS,OFFICEMAX,Marca Propia,NINGBO EVEREXCEL INT'L TRADING,1,89.91,104.3,10.27,0.1142,128.45,1,1,2024-08-01,89.91
50113659,T020,2025-08,ARTICULOS ESCOLARES,MOCHILAS,MOCHILAS UNIVERSITARIAS,OFFICEMAX,Marca Propia,NINGBO EVEREXCEL INT'L TRADING,1,128.45,149.0,27.61,0.2149,128.45,1,1,2025-08-01,128.45
50113659,T027,2025-09,ARTICULOS ESCOLARES,MOCHILAS,MOCHILAS UNIVERSITARIAS,OFFICEMAX,Marca Propia,NINGBO EVEREXCEL INT'L TRADING,1,89.91,104.3,8.34,0.0928,128.45,1,1,2025-09-01,89.91
50113659,T030,2025-08,ARTICULOS ESCOLARES,MOCHILAS,MOCHILAS UNIVERSITARIAS,OFFICEMAX,Marca Propia,NINGBO EVEREXCEL INT'L TRADING,1,102.76,119.2,14.77,0.1437,128.45,1,1,2025-08-01,102.76
50113659,T039,2024-07,ARTICULOS ESCOLARES,MOCHILAS,MOCHILAS UNIVERSITARIAS,OFFICEMAX,Marca Propia,NINGBO EVEREXCEL INT'L TRADING,1,128.45,149.0,29.53,0.2299,128.45,1,1,2024-07-01,128.45
50113659,T043,2024-07,ARTICULOS ESCOLARES,MOCHILAS,MOCHILAS UNIVERSITARIAS,OFFICEMAX,Marca Propia,NINGBO EVEREXCEL INT'L TRADING,1,137.96,149.0,34.29,0.2486,128.45,1,1,2024-07-01,137.96
50113660,T012,2025-08,ARTICULOS ESCOLARES,MOCHILAS,MOCHILAS UNIVERSITARIAS,,Marca Externa,NINGBO EVEREXCEL INT'L TRADING,3,269.74,312.9,27.23,0.1009,128.45,1,1,2025-08-01,89.91333333333334
50113660,T013,2025-08,ARTICULOS ESCOLARES,MOCHILAS,MOCHILAS UNIVERSITARIAS,,Marca Externa,NINGBO EVEREXCEL INT'L TRADING,1,128.45,149.0,28.34,0.2207,128.45,1,1,2025-08-01,128.45
50113660,T025,2024-08,ARTICULOS ESCOLARES,MOCHILAS,MOCHILAS UNIVERSITARIAS,,Marca Externa,NINGBO EVEREXCEL INT'L TRADING,1,89.91,104.3,11.16,0.1241,128.45,1,1,2024-08-01,89.91
50113660,T025,2025-08,ARTICULOS ESCOLARES,MOCHILAS,MOCHILAS UNIVERSITARIAS,,Marca Externa,NINGBO EVEREXCEL INT'L TRADING,1,102.76,119.2,15.5,0.1508,128.45,1,1,2025-08-01,102.76
50113660,T026,2025-07,ARTICULOS ESCOLARES,MOCHILAS,MOCHILAS UNIVERSITARIAS,,Marca Externa,NINGBO EVEREXCEL INT'L TRADING,1,80.92,93.87,4.58,0.0566,128.45,1,1,2025-07-01,80.92
50113660,T027,2024-08,ARTICULOS ESCOLARES,MOCHILAS,MOCHILAS UNIVERSITARIAS,,Marca Externa,NINGBO EVEREXCEL INT'L TRADING,1,89.91,104.3,11.15,0.124,128.45,1,1,2024-08-01,89.91
50113660,T038,2025-08,ARTICULOS ESCOLARES,MOCHILAS,MOCHILAS UNIVERSITARIAS,,Marca Externa,NINGBO EVEREXCEL INT'L TRADING,1,128.45,149.0,28.34,0.2207,128.45,1,1,2025-08-01,128.45
50113660,T044,2024-08,ARTICULOS ESCOLARES,MOCHILAS,MOCHILAS UNIVERSITARIAS,,Marca Externa,NINGBO EVEREXCEL INT'L TRADING,1,89.91,104.3,11.15,0.124,128.45,1,1,2024-08-01,89.91
50113660,T057,2024-07,ARTICULOS ESCOLARES,MOCHILAS,MOCHILAS UNIVERSITARIAS,,Marca Externa,NINGBO EVEREXCEL INT'L TRADING,1,125.0,135.0,28.7,0.2296,128.45,1,1,2024-07-01,125.0
50113660,T058,2025-09,ARTICULOS ESCOLARES,MOCHILAS,MOCHILAS UNIVERSITARIAS,,Marca Externa,NINGBO EVEREXCEL INT'L TRADING,1,89.91,104.3,9.07,0.1009,128.45,1,1,2025-09-01,89.91
50113660,T059,2024-09,ARTICULOS ESCOLARES,MOCHILAS,MOCHILAS UNIVERSITARIAS,,Marca Externa,NINGBO EVEREXCEL INT'L TRADING,1,85.34,99.0,8.87,0.1039,128.45,1,1,2024-09-01,85.34
50113660,T082,2025-08,ARTICULOS ESCOLARES,MOCHILAS,MOCHILAS UNIVERSITARIAS,,Marca Externa,NINGBO EVEREXCEL INT'L TRADING,1,89.91,104.3,9.07,0.1009,128.45,1,1,2025-08-01,89.91
50113661,T021,2024-07,ARTICULOS ESCOLARES,MOCHILAS,MOCHILAS UNIVERSITARIAS,OFFICEMAX,Marca Propia,NINGBO EVEREXCEL INT'L TRADING,3,349.14,405.0,70.5,0.2019,128.45,1,1,2024-07-01,116.38
50113661,T025,2024-08,ARTICULOS ESCOLARES,MOCHILAS,MOCHILAS UNIVERSITARIAS,OFFICEMAX,Marca Propia,NINGBO EVEREXCEL INT'L TRADING,1,128.45,149.0,29.53,0.2299,128.45,1,1,2024-08-01,128.45
50113661,T032,2025-07,ARTICULOS ESCOLARES,MOCHILAS,MOCHILAS UNIVERSITARIAS,OFFICEMAX,Marca Propia,NINGBO EVEREXCEL INT'L TRADING,1,128.45,149.0,27.61,0.2149,128.45,1,1,2025-07-01,128.45
50113661,T041,2024-07,ARTICULOS ESCOLARES,MOCHILAS,MOCHILAS UNIVERSITARIAS,OFFICEMAX,Marca Propia,NINGBO EVEREXCEL INT'L TRADING,1,128.45,149.0,29.53,0.2299,128.45,1,1,2024-07-01,128.45
50113661,T042,2024-11,ARTICULOS ESCOLARES,MOCHILAS,MOCHILAS UNIVERSITARIAS,OFFICEMAX,Marca Propia,NINGBO EVEREXCEL INT'L TRADING,1,128.45,149.0,29.53,0.2299,128.45,1,1,2024-11-01,128.45
50113661,T048,2025-08,ARTICULOS ESCOLARES,MOCHILAS,MOCHILAS UNIVERSITARIAS,OFFICEMAX,Marca Propia,NINGBO EVEREXCEL INT'L TRADING,1,128.45,149.0,27.61,0.2149,128.45,1,1,2025-08-01,128.45
50113661,T054,2024-09,ARTICULOS ESCOLARES,MOCHILAS,MOCHILAS UNIVERSITARIAS,OFFICEMAX,Marca Propia,NINGBO EVEREXCEL INT'L TRADING,1,85.34,99.0,7.98,0.0935,128.45,1,1,2024-09-01,85.34
50113661,T057,2026-01,ARTICULOS ESCOLARES,MOCHILAS,MOCHILAS UNIVERSITARIAS,OFFICEMAX,Marca Propia,NINGBO EVEREXCEL INT'L TRADING,1,156.48,169.0,41.62,0.266,128.45,1,1,2026-01-01,156.48
50113661,T065,2024-10,ARTICULOS ESCOLARES,MOCHILAS,MOCHILAS UNIVERSITARIAS,OFFICEMAX,Marca Propia,NINGBO EVEREXCEL INT'L TRADING,1,128.45,149.0,29.53,0.2299,128.45,1,1,2024-10-01,128.45
50113661,T069,2024-08,ARTICULOS ESCOLARES,MOCHILAS,MOCHILAS UNIVERSITARIAS,OFFICEMAX,Marca Propia,NINGBO EVEREXCEL INT'L TRADING,1,89.91,104.3,10.27,0.1142,128.45,1,1,2024-08-01,89.91
50113661,T070,2024-08,ARTICULOS ESCOLARES,MOCHILAS,MOCHILAS UNIVERSITARIAS,OFFICEMAX,Marca Propia,NINGBO EVEREXCEL INT'L TRADING,2,179.83,208.6,20.53,0.1142,128.45,1,1,2024-08-01,89.915
50113661,T082,2024-08,ARTICULOS ESCOLARES,MOCHILAS,MOCHILAS UNIVERSITARIAS,OFFICEMAX,Marca Propia,NINGBO EVEREXCEL INT'L TRADING,1,89.91,104.3,10.27,0.1142,128.45,1,1,2024-08-01,89.91
50113663,T027,2024-08,ARTICULOS ESCOLARES,MOCHILAS,MOCHILAS UNIVERSITARIAS,OFFICEMAX,Marca Propia,NINGBO EVEREXCEL INT'L TRADING,1,128.45,149.0,29.53,0.2299,128.45,1,1,2024-08-01,128.45
50113663,T042,2024-01,ARTICULOS ESCOLARES,MOCHILAS,MOCHILAS UNIVERSITARIAS,OFFICEMAX,Marca Propia,NINGBO EVEREXCEL INT'L TRADING,1,69.83,81.0,4.35,0.0623,128.45,1,1,2024-01-01,69.83
50113663,T043,2024-08,ARTICULOS ESCOLARES,MOCHILAS,MOCHILAS UNIVERSITARIAS,OFFICEMAX,Marca Propia,NINGBO EVEREXCEL INT'L TRADING,1,96.58,104.3,14.01,0.1451,128.45,1,1,2024-08-01,96.58
50113663,T064,2024-08,ARTICULOS ESCOLARES,MOCHILAS,MOCHILAS UNIVERSITARIAS,OFFICEMAX,Marca Propia,NINGBO EVEREXCEL INT'L TRADING,1,89.91,104.3,10.27,0.1142,128.45,1,1,2024-08-01,89.91
50113664,T017,2024-08,ARTICULOS ESCOLARES,MOCHILAS,MOCHILAS UNIVERSITARIAS,OFFICEMAX,Marca Propia,NINGBO EVEREXCEL INT'L TRADING,1,89.91,104.3,10.27,0.1142,128.45,1,1,2024-08-01,89.91
50113664,T018,2024-11,ARTICULOS ESCOLARES,MOCHILAS,MOCHILAS UNIVERSITARIAS,OFFICEMAX,Marca Propia,NINGBO EVEREXCEL INT'L TRADING,3,385.34,447.0,88.6,0.2299,128.45,1,1,2024-11-01,128.44666666666666
50113664,T044,2024-08,ARTICULOS ESCOLARES,MOCHILAS,MOCHILAS UNIVERSITARIAS,OFFICEMAX,Marca Propia,NINGBO EVEREXCEL INT'L TRADING,1,89.91,104.3,10.27,0.1142,128.45,1,1,2024-08-01,89.91
50113664,T046,2024-01,ARTICULOS ESCOLARES,MOCHILAS,MOCHILAS UNIVERSITARIAS,OFFICEMAX,Marca Propia,NINGBO EVEREXCEL INT'L TRADING,1,75.0,81.0,6.93,0.0925,128.45,1,1,2024-01-01,75.0
50113664,T057,2025-01,ARTICULOS ESCOLARES,MOCHILAS,MOCHILAS UNIVERSITARIAS,OFFICEMAX,Marca Propia,NINGBO EVEREXCEL INT'L TRADING,1,96.58,104.3,13.74,0.1423,128.45,1,1,2025-01-01,96.58
50113664,T061,2024-08,ARTICULOS ESCOLARES,MOCHILAS,MOCHILAS UNIVERSITARIAS,OFFICEMAX,Marca Propia,NINGBO EVEREXCEL INT'L TRADING,1,96.58,104.3,13.67,0.1415,128.45,1,1,2024-08-01,96.58
50113666,T010,2024-04,ARTICULOS ESCOLARES,MOCHILAS,MOCHILAS UNIVERSITARIAS,,Marca Externa,NINGBO EVEREXCEL INT'L TRADING,1,69.83,81.0,4.35,0.0623,64.22,1,1,2024-04-01,69.83
50113666,T014,2024-01,ARTICULOS ESCOLARES,MOCHILAS,MOCHILAS UNIVERSITARIAS,,Marca Externa,NINGBO EVEREXCEL INT'L TRADING,1,69.83,81.0,4.35,0.0623,64.22,1,1,2024-01-01,69.83
50113666,T022,2024-02,ARTICULOS ESCOLARES,MOCHILAS,MOCHILAS UNIVERSITARIAS,,Marca Externa,NINGBO EVEREXCEL INT'L TRADING,1,69.83,81.0,4.35,0.0623,64.22,1,1,2024-02-01,69.83
50113666,T025,2024-08,ARTICULOS ESCOLARES,MOCHILAS,MOCHILAS UNIVERSITARIAS,,Marca Externa,NINGBO EVEREXCEL INT'L TRADING,1,89.91,104.3,10.28,0.1143,64.22,1,1,2024-08-01,89.91
50113666,T031,2024-02,ARTICULOS ESCOLARES,MOCHILAS,MOCHILAS UNIVERSITARIAS,,Marca Externa,NINGBO EVEREXCEL INT'L TRADING,1,69.83,81.0,4.35,0.0623,64.22,1,1,2024-02-01,69.83
50113666,T041,2024-08,ARTICULOS ESCOLARES,MOCHILAS,MOCHILAS UNIVERSITARIAS,,Marca Externa,NINGBO EVEREXCEL INT'L TRADING,1,80.92,93.87,5.79,0.0715,64.22,1,1,2024-08-01,80.92
50114110,T042,2024-02,ARTICULOS ESCOLARES,PLUMAS Y LAPICEROS FINOS,PLUMAS FUENTE,,Marca Externa,PELIKAN MEXICO,1,292.24,339.0,58.26,0.1994,300.86,1,1,2024-02-01,292.24
50114342,T010,2025-08,ARTICULOS ESCOLARES,FORROS,FORRO PLASTICO,,Marca Externa,DISTRIBUIDORA ABEST,1,63.36,73.5,12.82,0.2023,63.36,1,1,2025-08-01,63.36
50114342,T018,2025-08,ARTICULOS ESCOLARES,FORROS,FORRO PLASTICO,,Marca Externa,DISTRIBUIDORA ABEST,1,44.35,51.45,3.31,0.0747,63.36,1,1,2025-08-01,44.35
50114342,T027,2025-08,ARTICULOS ESCOLARES,FORROS,FORRO PLASTICO,,Marca Externa,DISTRIBUIDORA ABEST,7,348.49,404.25,42.19,0.1385,63.36,2,2,2025-08-01,49.784285714285716
50114342,T034,2024-07,ARTICULOS ESCOLARES,FORROS,FORRO PLASTICO,,Marca Externa,DISTRIBUIDORA ABEST,2,112.93,131.0,22.78,0.2017,63.36,1,1,2024-07-01,56.465
50114342,T041,2025-08,ARTICULOS ESCOLARES,FORROS,FORRO PLASTICO,,Marca Externa,DISTRIBUIDORA ABEST,1,63.36,73.5,12.82,0.2023,63.36,1,1,2025-08-01,63.36
50114342,T061,2025-08,ARTICULOS ESCOLARES,FORROS,FORRO PLASTICO,,Marca Externa,DISTRIBUIDORA ABEST,2,136.11,147.0,30.33,0.2228,63.36,1,1,2025-08-01,68.055
50114342,T075,2024-08,ARTICULOS ESCOLARES,FORROS,FORRO PLASTICO,,Marca Externa,DISTRIBUIDORA ABEST,1,56.47,65.5,11.39,0.2017,63.36,1,1,2024-08-01,56.47
50114342,T076,2024-07,ARTICULOS ESCOLARES,FORROS,FORRO PLASTICO,,Marca Externa,DISTRIBUIDORA ABEST,3,169.4,196.5,34.17,0.2017,63.36,1,1,2024-07-01,56.46666666666667
50114343,T006,2024-08,ARTICULOS ESCOLARES,FORROS,FORRO PLASTICO,,Marca Externa,DISTRIBUIDORA ABEST,1,56.47,65.5,11.39,0.2017,63.36,1,1,2024-08-01,56.47
50114343,T027,2024-08,ARTICULOS ESCOLARES,FORROS,FORRO PLASTICO,,Marca Externa,DISTRIBUIDORA ABEST,2,79.05,91.7,5.84,0.0738,63.36,1,1,2024-08-01,39.525
50114343,T044,2024-08,ARTICULOS ESCOLARES,FORROS,FORRO PLASTICO,,Marca Externa,DISTRIBUIDORA ABEST,2,112.93,131.0,22.78,0.2017,63.36,1,1,2024-08-01,56.465
50114343,T059,2024-09,ARTICULOS ESCOLARES,FORROS,FORRO PLASTICO,,Marca Externa,DISTRIBUIDORA ABEST,1,56.47,65.5,11.39,0.2017,63.36,1,1,2024-09-01,56.47
50114343,T085,2024-08,ARTICULOS ESCOLARES,FORROS,FORRO PLASTICO,,Marca Externa,DISTRIBUIDORA ABEST,1,56.47,65.5,11.39,0.2017,63.36,1,1,2024-08-01,56.47
50114345,T001,2024-08,ARTICULOS ESCOLARES,FORROS,FORRO PLASTICO,,Marca Externa,DISTRIBUIDORA ABEST,1,41.81,48.5,8.43,0.2016,65.43,1,1,2024-08-01,41.81
50114345,T018,2024-08,ARTICULOS ESCOLARES,FORROS,FORRO PLASTICO,,Marca Externa,DISTRIBUIDORA ABEST,2,83.62,97.0,16.86,0.2016,65.43,1,1,2024-08-01,41.81
50114345,T027,2025-07,ARTICULOS ESCOLARES,FORROS,FORRO PLASTICO,,Marca Externa,DISTRIBUIDORA ABEST,1,45.8,53.13,3.68,0.0803,65.43,1,1,2025-07-01,45.8
50114345,T031,2024-08,ARTICULOS ESCOLARES,FORROS,FORRO PLASTICO,,Marca Externa,DISTRIBUIDORA ABEST,1,29.27,33.95,2.16,0.0738,65.43,1,1,2024-08-01,29.27
50114345,T031,2025-09,ARTICULOS ESCOLARES,FORROS,FORRO PLASTICO,,Marca Externa,DISTRIBUIDORA ABEST,2,130.86,151.8,26.99,0.2063,65.43,1,1,2025-09-01,65.43
50114345,T077,2024-08,ARTICULOS ESCOLARES,FORROS,FORRO PLASTICO,,Marca Externa,DISTRIBUIDORA ABEST,1,29.27,33.95,2.16,0.0738,65.43,1,1,2024-08-01,29.27
50114346,T002,2024-09,ARTICULOS ESCOLARES,FORROS,FORRO PLASTICO,,Marca Externa,DISTRIBUIDORA ABEST,1,41.81,48.5,8.43,0.2016,41.81,1,1,2024-09-01,41.81
50114346,T013,2024-08,ARTICULOS ESCOLARES,FORROS,FORRO PLASTICO,,Marca Externa,DISTRIBUIDORA ABEST,1,26.34,30.55,0.7,0.0264,41.81,1,1,2024-08-01,26.34
50114346,T025,2024-08,ARTICULOS ESCOLARES,FORROS,FORRO PLASTICO,,Marca Externa,DISTRIBUIDORA ABEST,1,29.27,33.95,2.16,0.0738,41.81,1,1,2024-08-01,29.27
50114346,T058,2024-08,ARTICULOS ESCOLARES,FORROS,FORRO PLASTICO,,Marca Externa,DISTRIBUIDORA ABEST,1,41.81,48.5,8.43,0.2016,41.81,1,1,2024-08-01,41.81
50114346,T074,2025-08,ARTICULOS ESCOLARES,FORROS,FORRO PLASTICO,,Marca Externa,DISTRIBUIDORA ABEST,1,46.47,53.9,9.51,0.2046,41.81,1,1,2025-08-01,46.47
50114347,T071,2025-09,ARTICULOS ESCOLARES,FORROS,FORRO PLASTICO,,Marca Externa,DISTRIBUIDORA ABEST,2,137.76,159.8,28.46,0.2066,68.88,1,1,2025-09-01,68.88
50114347,T075,2024-09,ARTICULOS ESCOLARES,FORROS,FORRO PLASTICO,,Marca Externa,DISTRIBUIDORA ABEST,1,61.98,71.9,12.62,0.2035,68.88,1,1,2024-09-01,61.98
50114348,T001,2025-08,ARTICULOS ESCOLARES,FORROS,FORRO PLASTICO,,Marca Externa,DISTRIBUIDORA ABEST,2,137.76,159.8,27.63,0.2006,68.88,1,1,2025-08-01,68.88
50114348,T025,2024-08,ARTICULOS ESCOLARES,FORROS,FORRO PLASTICO,,Marca Externa,DISTRIBUIDORA ABEST,1,61.98,71.9,12.62,0.2035,68.88,1,1,2024-08-01,61.98
50114348,T031,2025-05,ARTICULOS ESCOLARES,FORROS,FORRO PLASTICO,,Marca Externa,DISTRIBUIDORA ABEST,1,68.88,79.9,14.23,0.2066,68.88,1,1,2025-05-01,68.88
50114348,T065,2024-07,ARTICULOS ESCOLARES,FORROS,FORRO PLASTICO,,Marca Externa,DISTRIBUIDORA ABEST,1,61.98,71.9,12.62,0.2035,68.88,1,1,2024-07-01,61.98
50114348,T081,2025-08,ARTICULOS ESCOLARES,FORROS,FORRO PLASTICO,,Marca Externa,DISTRIBUIDORA ABEST,1,68.88,79.9,14.23,0.2066,68.88,1,1,2025-08-01,68.88
50114349,T006,2025-09,ARTICULOS ESCOLARES,FORROS,FORRO PLASTICO,,Marca Externa,DISTRIBUIDORA ABEST,2,137.76,159.8,28.46,0.2066,68.88,2,2,2025-09-01,68.88
50114349,T027,2025-08,ARTICULOS ESCOLARES,FORROS,FORRO PLASTICO,,Marca Externa,DISTRIBUIDORA ABEST,1,68.88,79.9,14.23,0.2066,68.88,1,1,2025-08-01,68.88
50114349,T032,2025-08,ARTICULOS ESCOLARES,FORROS,FORRO PLASTICO,,Marca Externa,DISTRIBUIDORA ABEST,2,137.76,159.8,28.46,0.2066,68.88,1,1,2025-08-01,68.88
50114349,T060,2024-09,ARTICULOS ESCOLARES,FORROS,FORRO PLASTICO,,Marca Externa,DISTRIBUIDORA ABEST,1,61.98,71.9,12.62,0.2035,68.88,1,1,2024-09-01,61.98
50114842,T015,2024-05,ARTICULOS ESCOLARES,MOCHILAS,MOCHILAS UNIVERSITARIAS,SN,Marca Externa,IOTZONE,1,85.78,99.5,5.48,0.0639,85.78,1,1,2024-05-01,85.78
50115967,T038,2024-02,ARTICULOS ESCOLARES,LIBRETAS EJECUTIVAS,LIBRETAS FORMA FRANCESA,DANPEX,Marca Externa,INDUSTRIAS DANPEX,1,223.28,259.0,42.5,0.1904,223.28,1,1,2024-02-01,223.28
50115968,T019,2024-05,ARTICULOS ESCOLARES,LIBRETAS EJECUTIVAS,LIBRETAS FORMA FRANCESA,DANPEX,Marca Externa,INDUSTRIAS DANPEX,1,156.29,181.3,9.01,0.0576,223.28,1,1,2024-05-01,156.29
50115971,T015,2024-06,ARTICULOS ESCOLARES,LIBRETAS EJECUTIVAS,LIBRETAS FORMA FRANCESA,DANPEX,Marca Externa,INDUSTRIAS DANPEX,1,331.29,384.3,16.84,0.0508,331.29,1,1,2024-06-01,331.29
50115972,T061,2024-02,ARTICULOS ESCOLARES,LIBRETAS EJECUTIVAS,LIBRETAS FORMA FRANCESA,DANPEX,Marca Externa,INDUSTRIAS DANPEX,1,355.83,384.3,29.11,0.0818,331.29,1,1,2024-02-01,355.83
50116075,T057,2024-08,ARTICULOS ESCOLARES,MOCHILAS,MOCHILAS UNIVERSITARIAS,TOTTO,Marca Externa,URBAN ARENA,1,1434.26,1549.0,359.39,0.2506,1335.34,1,1,2024-08-01,1434.26
50116215,T032,2024-08,ARTICULOS ESCOLARES,CRAYONES,CRAYONES JUMBO,CRAYOLA,Marca Externa,BINNEY Y SMITH MEXICO,1,80.09,92.9,16.96,0.2118,80.09,1,1,2024-08-01,80.09
50116215,T063,2024-04,ARTICULOS ESCOLARES,CRAYONES,CRAYONES JUMBO,CRAYOLA,Marca Externa,BINNEY Y SMITH MEXICO,1,56.06,65.03,4.8,0.0855,80.09,1,1,2024-04-01,56.06
50116657,T020,2024-08,ARTICULOS ESCOLARES,MOCHILAS,MOCHILAS UNIVERSITARIAS,TOTTO,Marca Externa,URBAN ARENA,1,1171.72,1359.2,183.08,0.1562,1464.66,1,1,2024-08-01,1171.72
50116657,T075,2025-06,ARTICULOS ESCOLARES,MOCHILAS,MOCHILAS UNIVERSITARIAS,TOTTO,Marca Externa,URBAN ARENA,1,1464.66,1699.0,329.55,0.225,1464.66,1,1,2025-06-01,1464.66
50116729,T004,2024-04,ARTICULOS ESCOLARES,LIBRETAS EJECUTIVAS,LIBRETAS FORMA FRANCESA,,Marca Externa,OFFICE DEPOT ASIA HOLDING,1,88.97,103.2,20.21,0.2272,111.21,1,1,2024-04-01,88.97
50116729,T006,2024-07,ARTICULOS ESCOLARES,LIBRETAS EJECUTIVAS,LIBRETAS FORMA FRANCESA,,Marca Externa,OFFICE DEPOT ASIA HOLDING,1,111.21,129.0,30.04,0.2701,111.21,1,1,2024-07-01,111.21
50116729,T008,2024-01,ARTICULOS ESCOLARES,LIBRETAS EJECUTIVAS,LIBRETAS FORMA FRANCESA,,Marca Externa,OFFICE DEPOT ASIA HOLDING,5,417.03,483.75,89.44,0.2145,111.21,1,1,2024-01-01,83.40599999999999
50116729,T013,2024-08,ARTICULOS ESCOLARES,LIBRETAS EJECUTIVAS,LIBRETAS FORMA FRANCESA,,Marca Externa,OFFICE DEPOT ASIA HOLDING,1,111.21,129.0,30.58,0.2749,111.21,1,1,2024-08-01,111.21
50116729,T028,2024-09,ARTICULOS ESCOLARES,LIBRETAS EJECUTIVAS,LIBRETAS FORMA FRANCESA,,Marca Externa,OFFICE DEPOT ASIA HOLDING,1,111.21,129.0,29.98,0.2696,111.21,1,1,2024-09-01,111.21
50116729,T034,2024-07,ARTICULOS ESCOLARES,LIBRETAS EJECUTIVAS,LIBRETAS FORMA FRANCESA,,Marca Externa,OFFICE DEPOT ASIA HOLDING,1,111.21,129.0,30.02,0.2699,111.21,1,1,2024-07-01,111.21
50116729,T038,2024-05,ARTICULOS ESCOLARES,LIBRETAS EJECUTIVAS,LIBRETAS FORMA FRANCESA,,Marca Externa,OFFICE DEPOT ASIA HOLDING,1,111.21,129.0,31.33,0.2817,111.21,1,1,2024-05-01,111.21
50116729,T039,2024-04,ARTICULOS ESCOLARES,LIBRETAS EJECUTIVAS,LIBRETAS FORMA FRANCESA,,Marca Externa,OFFICE DEPOT ASIA HOLDING,1,88.97,103.2,20.21,0.2272,111.21,1,1,2024-04-01,88.97
50116729,T045,2024-10,ARTICULOS ESCOLARES,LIBRETAS EJECUTIVAS,LIBRETAS FORMA FRANCESA,,Marca Externa,OFFICE DEPOT ASIA HOLDING,1,111.21,129.0,30.0,0.2698,111.21,1,1,2024-10-01,111.21
50116729,T048,2024-10,ARTICULOS ESCOLARES,LIBRETAS EJECUTIVAS,LIBRETAS FORMA FRANCESA,,Marca Externa,OFFICE DEPOT ASIA HOLDING,1,111.21,129.0,29.91,0.2689,111.21,1,1,2024-10-01,111.21
50116729,T049,2024-05,ARTICULOS ESCOLARES,LIBRETAS EJECUTIVAS,LIBRETAS FORMA FRANCESA,,Marca Externa,OFFICE DEPOT ASIA HOLDING,1,111.21,129.0,31.33,0.2817,111.21,1,1,2024-05-01,111.21
50116729,T054,2024-10,ARTICULOS ESCOLARES,LIBRETAS EJECUTIVAS,LIBRETAS FORMA FRANCESA,,Marca Externa,OFFICE DEPOT ASIA HOLDING,1,111.21,129.0,30.02,0.2699,111.21,1,1,2024-10-01,111.21
50116729,T057,2024-05,ARTICULOS ESCOLARES,LIBRETAS EJECUTIVAS,LIBRETAS FORMA FRANCESA,,Marca Externa,OFFICE DEPOT ASIA HOLDING,1,119.44,129.0,35.45,0.2968,111.21,1,1,2024-05-01,119.44
50116729,T065,2024-08,ARTICULOS ESCOLARES,LIBRETAS EJECUTIVAS,LIBRETAS FORMA FRANCESA,,Marca Externa,OFFICE DEPOT ASIA HOLDING,1,111.21,129.0,29.91,0.2689,111.21,1,1,2024-08-01,111.21
50116729,T066,2024-09,ARTICULOS ESCOLARES,LIBRETAS EJECUTIVAS,LIBRETAS FORMA FRANCESA,,Marca Externa,OFFICE DEPOT ASIA HOLDING,1,111.21,129.0,30.02,0.2699,111.21,1,1,2024-09-01,111.21
50116729,T068,2025-01,ARTICULOS ESCOLARES,LIBRETAS EJECUTIVAS,LIBRETAS FORMA FRANCESA,,Marca Externa,OFFICE DEPOT ASIA HOLDING,1,88.97,103.2,20.21,0.2272,111.21,1,1,2025-01-01,88.97
50116729,T069,2024-11,ARTICULOS ESCOLARES,LIBRETAS EJECUTIVAS,LIBRETAS FORMA FRANCESA,,Marca Externa,OFFICE DEPOT ASIA HOLDING,3,333.62,387.0,89.97,0.2697,111.21,1,1,2024-11-01,111.20666666666666
50116729,T072,2024-05,ARTICULOS ESCOLARES,LIBRETAS EJECUTIVAS,LIBRETAS FORMA FRANCESA,,Marca Externa,OFFICE DEPOT ASIA HOLDING,1,111.21,129.0,31.33,0.2817,111.21,1,1,2024-05-01,111.21
50116729,T072,2024-08,ARTICULOS ESCOLARES,LIBRETAS EJECUTIVAS,LIBRETAS FORMA FRANCESA,,Marca Externa,OFFICE DEPOT ASIA HOLDING,1,77.84,90.3,13.47,0.173,111.21,1,1,2024-08-01,77.84
50116729,T076,2024-09,ARTICULOS ESCOLARES,LIBRETAS EJECUTIVAS,LIBRETAS FORMA FRANCESA,,Marca Externa,OFFICE DEPOT ASIA HOLDING,1,111.21,129.0,29.91,0.2689,111.21,1,1,2024-09-01,111.21
50116729,T077,2024-05,ARTICULOS ESCOLARES,LIBRETAS EJECUTIVAS,LIBRETAS FORMA FRANCESA,,Marca Externa,OFFICE DEPOT ASIA HOLDING,1,111.21,129.0,31.33,0.2817,111.21,1,1,2024-05-01,111.21
50116729,T082,2024-05,ARTICULOS ESCOLARES,LIBRETAS EJECUTIVAS,LIBRETAS FORMA FRANCESA,,Marca Externa,OFFICE DEPOT ASIA HOLDING,1,111.21,129.0,31.37,0.282,111.21,1,1,2024-05-01,111.21
50116735,T002,2024-05,ARTICULOS ESCOLARES,LIBRETAS EJECUTIVAS,LIBRETAS FORMA FRANCESA,STUK,Marca Propia,OFFICE DEPOT ASIA HOLDING,1,128.45,149.0,36.36,0.2831,128.45,1,1,2024-05-01,128.45
50116735,T006,2024-08,ARTICULOS ESCOLARES,LIBRETAS EJECUTIVAS,LIBRETAS FORMA FRANCESA,STUK,Marca Propia,OFFICE DEPOT ASIA HOLDING,1,128.45,149.0,34.75,0.2706,128.45,1,1,2024-08-01,128.45
50116735,T006,2024-10,ARTICULOS ESCOLARES,LIBRETAS EJECUTIVAS,LIBRETAS FORMA FRANCESA,STUK,Marca Propia,OFFICE DEPOT ASIA HOLDING,1,128.45,149.0,34.76,0.2706,128.45,1,1,2024-10-01,128.45
50116735,T008,2024-03,ARTICULOS ESCOLARES,LIBRETAS EJECUTIVAS,LIBRETAS FORMA FRANCESA,STUK,Marca Propia,OFFICE DEPOT ASIA HOLDING,1,128.45,149.0,36.36,0.2831,128.45,1,1,2024-03-01,128.45
50116735,T009,2024-10,ARTICULOS ESCOLARES,LIBRETAS EJECUTIVAS,LIBRETAS FORMA FRANCESA,STUK,Marca Propia,OFFICE DEPOT ASIA HOLDING,1,128.45,149.0,34.76,0.2706,128.45,1,1,2024-10-01,128.45
50116735,T011,2024-05,ARTICULOS ESCOLARES,LIBRETAS EJECUTIVAS,LIBRETAS FORMA FRANCESA,STUK,Marca Propia,OFFICE DEPOT ASIA HOLDING,1,128.45,149.0,36.36,0.2831,128.45,1,1,2024-05-01,128.45
50116735,T016,2024-04,ARTICULOS ESCOLARES,LIBRETAS EJECUTIVAS,LIBRETAS FORMA FRANCESA,STUK,Marca Propia,OFFICE DEPOT ASIA HOLDING,1,128.45,149.0,36.36,0.2831,128.45,1,1,2024-04-01,128.45
50116735,T016,2024-11,ARTICULOS ESCOLARES,LIBRETAS EJECUTIVAS,LIBRETAS FORMA FRANCESA,STUK,Marca Propia,OFFICE DEPOT ASIA HOLDING,1,102.76,119.2,21.91,0.2132,128.45,1,1,2024-11-01,102.76
50116735,T031,2024-04,ARTICULOS ESCOLARES,LIBRETAS EJECUTIVAS,LIBRETAS FORMA FRANCESA,STUK,Marca Propia,OFFICE DEPOT ASIA HOLDING,1,128.45,149.0,36.36,0.2831,128.45,1,1,2024-04-01,128.45
50116735,T036,2024-07,ARTICULOS ESCOLARES,LIBRETAS EJECUTIVAS,LIBRETAS FORMA FRANCESA,STUK,Marca Propia,OFFICE DEPOT ASIA HOLDING,5,642.24,745.0,173.8,0.2706,128.45,1,1,2024-07-01,128.448
50116735,T037,2024-11,ARTICULOS ESCOLARES,LIBRETAS EJECUTIVAS,LIBRETAS FORMA FRANCESA,STUK,Marca Propia,OFFICE DEPOT ASIA HOLDING,1,102.76,119.2,21.91,0.2132,128.45,1,1,2024-11-01,102.76
50116735,T048,2024-08,ARTICULOS ESCOLARES,LIBRETAS EJECUTIVAS,LIBRETAS FORMA FRANCESA,STUK,Marca Propia,OFFICE DEPOT ASIA HOLDING,1,128.45,149.0,34.79,0.2709,128.45,1,1,2024-08-01,128.45
50116735,T059,2024-08,ARTICULOS ESCOLARES,LIBRETAS EJECUTIVAS,LIBRETAS FORMA FRANCESA,STUK,Marca Propia,OFFICE DEPOT ASIA HOLDING,1,128.45,149.0,34.75,0.2706,128.45,1,1,2024-08-01,128.45
50116735,T066,2024-09,ARTICULOS ESCOLARES,LIBRETAS EJECUTIVAS,LIBRETAS FORMA FRANCESA,STUK,Marca Propia,OFFICE DEPOT ASIA HOLDING,1,128.45,149.0,34.76,0.2706,128.45,1,1,2024-09-01,128.45
50116735,T067,2024-06,ARTICULOS ESCOLARES,LIBRETAS EJECUTIVAS,LIBRETAS FORMA FRANCESA,STUK,Marca Propia,OFFICE DEPOT ASIA HOLDING,1,128.45,149.0,36.36,0.2831,128.45,1,1,2024-06-01,128.45
50116735,T075,2024-03,ARTICULOS ESCOLARES,LIBRETAS EJECUTIVAS,LIBRETAS FORMA FRANCESA,STUK,Marca Propia,OFFICE DEPOT ASIA HOLDING,1,128.45,149.0,36.36,0.2831,128.45,1,1,2024-03-01,128.45
50116735,T076,2024-08,ARTICULOS ESCOLARES,LIBRETAS EJECUTIVAS,LIBRETAS FORMA FRANCESA,STUK,Marca Propia,OFFICE DEPOT ASIA HOLDING,1,128.45,149.0,35.15,0.2737,128.45,1,1,2024-08-01,128.45
50116735,T082,2024-11,ARTICULOS ESCOLARES,LIBRETAS EJECUTIVAS,LIBRETAS FORMA FRANCESA,STUK,Marca Propia,OFFICE DEPOT ASIA HOLDING,1,128.45,149.0,34.86,0.2714,128.45,1,1,2024-11-01,128.45
50116745,T004,2024-09,ARTICULOS ESCOLARES,LIBRETAS EJECUTIVAS,LIBRETAS FORMA FRANCESA,STUK,Marca Propia,OFFICE DEPOT ASIA HOLDING,1,93.1,108.0,20.02,0.2151,116.38,1,1,2024-09-01,93.1
50116745,T006,2025-05,ARTICULOS ESCOLARES,LIBRETAS EJECUTIVAS,LIBRETAS FORMA FRANCESA,STUK,Marca Propia,OFFICE DEPOT ASIA HOLDING,1,116.38,135.0,30.48,0.2619,116.38,1,1,2025-05-01,116.38
50116745,T011,2024-09,ARTICULOS ESCOLARES,LIBRETAS EJECUTIVAS,LIBRETAS FORMA FRANCESA,STUK,Marca Propia,OFFICE DEPOT ASIA HOLDING,1,93.1,108.0,20.12,0.2161,116.38,1,1,2024-09-01,93.1
50116745,T013,2024-05,ARTICULOS ESCOLARES,LIBRETAS EJECUTIVAS,LIBRETAS FORMA FRANCESA,STUK,Marca Propia,OFFICE DEPOT ASIA HOLDING,1,116.38,135.0,27.93,0.24,116.38,1,1,2024-05-01,116.38
50116745,T014,2024-01,ARTICULOS ESCOLARES,LIBRETAS EJECUTIVAS,LIBRETAS FORMA FRANCESA,STUK,Marca Propia,OFFICE DEPOT ASIA HOLDING,1,116.38,135.0,33.71,0.2897,116.38,1,1,2024-01-01,116.38
50116745,T014,2024-02,ARTICULOS ESCOLARES,LIBRETAS EJECUTIVAS,LIBRETAS FORMA FRANCESA,STUK,Marca Propia,OFFICE DEPOT ASIA HOLDING,2,232.76,270.0,56.76,0.2439,116.38,1,1,2024-02-01,116.38
50116745,T016,2025-09,ARTICULOS ESCOLARES,LIBRETAS EJECUTIVAS,LIBRETAS FORMA FRANCESA,STUK,Marca Propia,OFFICE DEPOT ASIA HOLDING,1,128.45,149.0,34.0,0.2647,116.38,1,1,2025-09-01,128.45
50116745,T017,2024-03,ARTICULOS ESCOLARES,LIBRETAS EJECUTIVAS,LIBRETAS FORMA FRANCESA,STUK,Marca Propia,OFFICE DEPOT ASIA HOLDING,1,116.38,135.0,29.09,0.25,116.38,1,1,2024-03-01,116.38
50116745,T019,2024-08,ARTICULOS ESCOLARES,LIBRETAS EJECUTIVAS,LIBRETAS FORMA FRANCESA,STUK,Marca Propia,OFFICE DEPOT ASIA HOLDING,1,93.1,108.0,20.47,0.2199,116.38,1,1,2024-08-01,93.1
50116745,T019,2026-01,ARTICULOS ESCOLARES,LIBRETAS EJECUTIVAS,LIBRETAS FORMA FRANCESA,STUK,Marca Propia,OFFICE DEPOT ASIA HOLDING,1,128.45,149.0,34.16,0.2659,116.38,1,1,2026-01-01,128.45
50116745,T023,2025-07,ARTICULOS ESCOLARES,LIBRETAS EJECUTIVAS,LIBRETAS FORMA FRANCESA,STUK,Marca Propia,OFFICE DEPOT ASIA HOLDING,1,81.47,94.5,10.51,0.129,116.38,1,1,2025-07-01,81.47
50116745,T031,2024-08,ARTICULOS ESCOLARES,LIBRETAS EJECUTIVAS,LIBRETAS FORMA FRANCESA,STUK,Marca Propia,OFFICE DEPOT ASIA HOLDING,1,116.38,135.0,31.66,0.2721,116.38,1,1,2024-08-01,116.38
50116745,T034,2024-02,ARTICULOS ESCOLARES,LIBRETAS EJECUTIVAS,LIBRETAS FORMA FRANCESA,STUK,Marca Propia,OFFICE DEPOT ASIA HOLDING,1,116.38,135.0,33.71,0.2897,116.38,1,1,2024-02-01,116.38
50116745,T034,2024-10,ARTICULOS ESCOLARES,LIBRETAS EJECUTIVAS,LIBRETAS FORMA FRANCESA,STUK,Marca Propia,OFFICE DEPOT ASIA HOLDING,1,93.1,108.0,20.33,0.2184,116.38,1,1,2024-10-01,93.1
50116745,T035,2025-01,ARTICULOS ESCOLARES,LIBRETAS EJECUTIVAS,LIBRETAS FORMA FRANCESA,STUK,Marca Propia,OFFICE DEPOT ASIA HOLDING,1,93.1,108.0,20.33,0.2184,116.38,1,1,2025-01-01,93.1
50116745,T037,2024-09,ARTICULOS ESCOLARES,LIBRETAS EJECUTIVAS,LIBRETAS FORMA FRANCESA,STUK,Marca Propia,OFFICE DEPOT ASIA HOLDING,1,93.1,108.0,20.33,0.2184,116.38,1,1,2024-09-01,93.1
50116745,T037,2025-12,ARTICULOS ESCOLARES,LIBRETAS EJECUTIVAS,LIBRETAS FORMA FRANCESA,STUK,Marca Propia,OFFICE DEPOT ASIA HOLDING,1,128.45,149.0,34.0,0.2647,116.38,1,1,2025-12-01,128.45
50116745,T038,2024-08,ARTICULOS ESCOLARES,LIBRETAS EJECUTIVAS,LIBRETAS FORMA FRANCESA,STUK,Marca Propia,OFFICE DEPOT ASIA HOLDING,1,116.38,135.0,30.96,0.2661,116.38,1,1,2024-08-01,116.38
50116745,T040,2024-05,ARTICULOS ESCOLARES,LIBRETAS EJECUTIVAS,LIBRETAS FORMA FRANCESA,STUK,Marca Propia,OFFICE DEPOT ASIA HOLDING,1,116.38,135.0,27.93,0.24,116.38,1,1,2024-05-01,116.38
50116745,T044,2024-08,ARTICULOS ESCOLARES,LIBRETAS EJECUTIVAS,LIBRETAS FORMA FRANCESA,STUK,Marca Propia,OFFICE DEPOT ASIA HOLDING,1,116.38,135.0,31.52,0.2709,116.38,1,1,2024-08-01,116.38
50116745,T044,2025-08,ARTICULOS ESCOLARES,LIBRETAS EJECUTIVAS,LIBRETAS FORMA FRANCESA,STUK,Marca Propia,OFFICE DEPOT ASIA HOLDING,1,102.76,119.2,21.16,0.2059,116.38,1,1,2025-08-01,102.76
50116745,T044,2025-09,ARTICULOS ESCOLARES,LIBRETAS EJECUTIVAS,LIBRETAS FORMA FRANCESA,STUK,Marca Propia,OFFICE DEPOT ASIA HOLDING,1,102.76,119.2,21.16,0.2059,116.38,1,1,2025-09-01,102.76
50116745,T045,2024-05,ARTICULOS ESCOLARES,LIBRETAS EJECUTIVAS,LIBRETAS FORMA FRANCESA,STUK,Marca Propia,OFFICE DEPOT ASIA HOLDING,1,116.38,135.0,27.93,0.24,116.38,1,1,2024-05-01,116.38
50116745,T045,2025-05,ARTICULOS ESCOLARES,LIBRETAS EJECUTIVAS,LIBRETAS FORMA FRANCESA,STUK,Marca Propia,OFFICE DEPOT ASIA HOLDING,1,116.38,135.0,30.63,0.2632,116.38,1,1,2025-05-01,116.38
50116745,T046,2025-09,ARTICULOS ESCOLARES,LIBRETAS EJECUTIVAS,LIBRETAS FORMA FRANCESA,STUK,Marca Propia,OFFICE DEPOT ASIA HOLDING,1,110.37,119.2,24.96,0.2261,116.38,1,1,2025-09-01,110.37
50116745,T047,2025-01,ARTICULOS ESCOLARES,LIBRETAS EJECUTIVAS,LIBRETAS FORMA FRANCESA,STUK,Marca Propia,OFFICE DEPOT ASIA HOLDING,1,93.1,108.0,20.33,0.2184,116.38,1,1,2025-01-01,93.1
50116745,T048,2024-02,ARTICULOS ESCOLARES,LIBRETAS EJECUTIVAS,LIBRETAS FORMA FRANCESA,STUK,Marca Propia,OFFICE DEPOT ASIA HOLDING,1,116.38,135.0,27.93,0.24,116.38,1,1,2024-02-01,116.38
50116745,T048,2024-09,ARTICULOS ESCOLARES,LIBRETAS EJECUTIVAS,LIBRETAS FORMA FRANCESA,STUK,Marca Propia,OFFICE DEPOT ASIA HOLDING,1,93.1,108.0,20.33,0.2184,116.38,1,1,2024-09-01,93.1
50116745,T050,2024-06,ARTICULOS ESCOLARES,LIBRETAS EJECUTIVAS,LIBRETAS FORMA FRANCESA,STUK,Marca Propia,OFFICE DEPOT ASIA HOLDING,1,116.38,135.0,27.93,0.24,116.38,1,1,2024-06-01,116.38
50116745,T050,2025-08,ARTICULOS ESCOLARES,LIBRETAS EJECUTIVAS,LIBRETAS FORMA FRANCESA,STUK,Marca Propia,OFFICE DEPOT ASIA HOLDING,1,116.38,135.0,27.96,0.2403,116.38,1,1,2025-08-01,116.38
50116745,T051,2024-10,ARTICULOS ESCOLARES,LIBRETAS EJECUTIVAS,LIBRETAS FORMA FRANCESA,STUK,Marca Propia,OFFICE DEPOT ASIA HOLDING,1,93.1,108.0,20.23,0.2173,116.38,1,1,2024-10-01,93.1
50116745,T057,2024-05,ARTICULOS ESCOLARES,LIBRETAS EJECUTIVAS,LIBRETAS FORMA FRANCESA,STUK,Marca Propia,OFFICE DEPOT ASIA HOLDING,1,125.0,135.0,32.25,0.258,116.38,1,1,2024-05-01,125.0
50116745,T059,2025-01,ARTICULOS ESCOLARES,LIBRETAS EJECUTIVAS,LIBRETAS FORMA FRANCESA,STUK,Marca Propia,OFFICE DEPOT ASIA HOLDING,1,93.1,108.0,19.61,0.2106,116.38,1,1,2025-01-01,93.1
50116745,T060,2024-01,ARTICULOS ESCOLARES,LIBRETAS EJECUTIVAS,LIBRETAS FORMA FRANCESA,STUK,Marca Propia,OFFICE DEPOT ASIA HOLDING,1,116.38,135.0,33.71,0.2897,116.38,1,1,2024-01-01,116.38
50116745,T060,2024-05,ARTICULOS ESCOLARES,LIBRETAS EJECUTIVAS,LIBRETAS FORMA FRANCESA,STUK,Marca Propia,OFFICE DEPOT ASIA HOLDING,1,116.38,135.0,27.93,0.24,116.38,1,1,2024-05-01,116.38
50116745,T061,2024-06,ARTICULOS ESCOLARES,LIBRETAS EJECUTIVAS,LIBRETAS FORMA FRANCESA,STUK,Marca Propia,OFFICE DEPOT ASIA HOLDING,1,100.0,108.0,19.75,0.1975,116.38,1,1,2024-06-01,100.0
50116745,T062,2025-05,ARTICULOS ESCOLARES,LIBRETAS EJECUTIVAS,LIBRETAS FORMA FRANCESA,STUK,Marca Propia,OFFICE DEPOT ASIA HOLDING,1,116.38,135.0,32.05,0.2753,116.38,1,1,2025-05-01,116.38
50116745,T064,2025-09,ARTICULOS ESCOLARES,LIBRETAS EJECUTIVAS,LIBRETAS FORMA FRANCESA,STUK,Marca Propia,OFFICE DEPOT ASIA HOLDING,1,92.48,107.28,16.02,0.1732,116.38,1,1,2025-09-01,92.48
50116745,T065,2025-08,ARTICULOS ESCOLARES,LIBRETAS EJECUTIVAS,LIBRETAS FORMA FRANCESA,STUK,Marca Propia,OFFICE DEPOT ASIA HOLDING,4,465.52,540.0,111.86,0.2403,116.38,1,1,2025-08-01,116.38
50116745,T069,2024-12,ARTICULOS ESCOLARES,LIBRETAS EJECUTIVAS,LIBRETAS FORMA FRANCESA,STUK,Marca Propia,OFFICE DEPOT ASIA HOLDING,1,93.1,108.0,19.88,0.2136,116.38,1,1,2024-12-01,93.1
50116745,T071,2025-01,ARTICULOS ESCOLARES,LIBRETAS EJECUTIVAS,LIBRETAS FORMA FRANCESA,STUK,Marca Propia,OFFICE DEPOT ASIA HOLDING,1,93.1,108.0,20.33,0.2184,116.38,1,1,2025-01-01,93.1
50116745,T072,2024-07,ARTICULOS ESCOLARES,LIBRETAS EJECUTIVAS,LIBRETAS FORMA FRANCESA,STUK,Marca Propia,OFFICE DEPOT ASIA HOLDING,1,116.38,135.0,31.98,0.2747,116.38,1,1,2024-07-01,116.38
50116745,T074,2024-02,ARTICULOS ESCOLARES,LIBRETAS EJECUTIVAS,LIBRETAS FORMA FRANCESA,STUK,Marca Propia,OFFICE DEPOT ASIA HOLDING,1,116.38,135.0,28.38,0.2439,116.38,1,1,2024-02-01,116.38
50116745,T074,2024-12,ARTICULOS ESCOLARES,LIBRETAS EJECUTIVAS,LIBRETAS FORMA FRANCESA,STUK,Marca Propia,OFFICE DEPOT ASIA HOLDING,1,116.38,135.0,31.98,0.2747,116.38,1,1,2024-12-01,116.38
50116745,T074,2026-04,ARTICULOS ESCOLARES,LIBRETAS EJECUTIVAS,LIBRETAS FORMA FRANCESA,STUK,Marca Propia,OFFICE DEPOT ASIA HOLDING,1,128.45,149.0,34.0,0.2647,116.38,1,1,2026-04-01,128.45
50116745,T077,2024-12,ARTICULOS ESCOLARES,LIBRETAS EJECUTIVAS,LIBRETAS FORMA FRANCESA,STUK,Marca Propia,OFFICE DEPOT ASIA HOLDING,1,93.1,108.0,20.34,0.2184,116.38,1,1,2024-12-01,93.1
50116745,T077,2025-11,ARTICULOS ESCOLARES,LIBRETAS EJECUTIVAS,LIBRETAS FORMA FRANCESA,STUK,Marca Propia,OFFICE DEPOT ASIA HOLDING,1,128.45,149.0,34.0,0.2647,116.38,1,1,2025-11-01,128.45
50116745,T078,2026-02,ARTICULOS ESCOLARES,LIBRETAS EJECUTIVAS,LIBRETAS FORMA FRANCESA,STUK,Marca Propia,OFFICE DEPOT ASIA HOLDING,1,128.45,149.0,34.0,0.2647,116.38,1,1,2026-02-01,128.45
50116745,T079,2024-09,ARTICULOS ESCOLARES,LIBRETAS EJECUTIVAS,LIBRETAS FORMA FRANCESA,STUK,Marca Propia,OFFICE DEPOT ASIA HOLDING,1,93.1,108.0,20.25,0.2175,116.38,1,1,2024-09-01,93.1
50116745,T079,2025-09,ARTICULOS ESCOLARES,LIBRETAS EJECUTIVAS,LIBRETAS FORMA FRANCESA,STUK,Marca Propia,OFFICE DEPOT ASIA HOLDING,1,128.45,149.0,34.0,0.2647,116.38,1,1,2025-09-01,128.45
50116745,T081,2024-03,ARTICULOS ESCOLARES,LIBRETAS EJECUTIVAS,LIBRETAS FORMA FRANCESA,STUK,Marca Propia,OFFICE DEPOT ASIA HOLDING,1,116.38,135.0,27.93,0.24,116.38,1,1,2024-03-01,116.38
50116745,T085,2025-12,ARTICULOS ESCOLARES,LIBRETAS EJECUTIVAS,LIBRETAS FORMA FRANCESA,STUK,Marca Propia,OFFICE DEPOT ASIA HOLDING,1,128.45,149.0,34.0,0.2647,116.38,1,1,2025-12-01,128.45
50116745,T086,2024-09,ARTICULOS ESCOLARES,LIBRETAS EJECUTIVAS,LIBRETAS FORMA FRANCESA,STUK,Marca Propia,OFFICE DEPOT ASIA HOLDING,1,93.1,108.0,16.74,0.1798,116.38,1,1,2024-09-01,93.1
50116745,T086,2025-02,ARTICULOS ESCOLARES,LIBRETAS EJECUTIVAS,LIBRETAS FORMA FRANCESA,STUK,Marca Propia,OFFICE DEPOT ASIA HOLDING,1,116.38,135.0,28.38,0.2439,116.38,1,1,2025-02-01,116.38
50116745,T087,2025-01,ARTICULOS ESCOLARES,LIBRETAS EJECUTIVAS,LIBRETAS FORMA FRANCESA,STUK,Marca Propia,OFFICE DEPOT ASIA HOLDING,1,93.1,108.0,18.85,0.2025,116.38,1,1,2025-01-01,93.1
50116745,T087,2025-04,ARTICULOS ESCOLARES,LIBRETAS EJECUTIVAS,LIBRETAS FORMA FRANCESA,STUK,Marca Propia,OFFICE DEPOT ASIA HOLDING,1,116.38,135.0,30.48,0.2619,116.38,1,1,2025-04-01,116.38
50116759,T001,2024-01,ARTICULOS ESCOLARES,LIBRETAS EJECUTIVAS,LIBRETAS FORMA FRANCESA,STUK,Marca Propia,OFFICE DEPOT ASIA HOLDING,1,69.4,80.5,15.44,0.2225,59.48,1,1,2024-01-01,69.4
50116759,T007,2024-02,ARTICULOS ESCOLARES,LIBRETAS EJECUTIVAS,LIBRETAS FORMA FRANCESA,STUK,Marca Propia,OFFICE DEPOT ASIA HOLDING,2,118.96,138.0,20.96,0.1762,59.48,2,2,2024-02-01,59.48
50116759,T016,2024-01,ARTICULOS ESCOLARES,LIBRETAS EJECUTIVAS,LIBRETAS FORMA FRANCESA,STUK,Marca Propia,OFFICE DEPOT ASIA HOLDING,1,69.4,80.5,15.44,0.2225,59.48,1,1,2024-01-01,69.4
50116759,T020,2024-01,ARTICULOS ESCOLARES,LIBRETAS EJECUTIVAS,LIBRETAS FORMA FRANCESA,STUK,Marca Propia,OFFICE DEPOT ASIA HOLDING,1,69.4,80.5,15.44,0.2225,59.48,1,1,2024-01-01,69.4
50116759,T031,2024-01,ARTICULOS ESCOLARES,LIBRETAS EJECUTIVAS,LIBRETAS FORMA FRANCESA,STUK,Marca Propia,OFFICE DEPOT ASIA HOLDING,1,99.14,115.0,30.31,0.3057,59.48,1,1,2024-01-01,99.14
50116759,T045,2024-01,ARTICULOS ESCOLARES,LIBRETAS EJECUTIVAS,LIBRETAS FORMA FRANCESA,STUK,Marca Propia,OFFICE DEPOT ASIA HOLDING,1,69.4,80.5,15.44,0.2225,59.48,1,1,2024-01-01,69.4
50116759,T065,2024-04,ARTICULOS ESCOLARES,LIBRETAS EJECUTIVAS,LIBRETAS FORMA FRANCESA,STUK,Marca Propia,OFFICE DEPOT ASIA HOLDING,1,59.48,69.0,10.48,0.1762,59.48,1,1,2024-04-01,59.48
50116759,T067,2024-01,ARTICULOS ESCOLARES,LIBRETAS EJECUTIVAS,LIBRETAS FORMA FRANCESA,STUK,Marca Propia,OFFICE DEPOT ASIA HOLDING,1,69.4,80.5,15.44,0.2225,59.48,1,1,2024-01-01,69.4
50116763,T006,2024-04,ARTICULOS ESCOLARES,LIBRETAS EJECUTIVAS,LIBRETAS FORMA FRANCESA,STUK,Marca Propia,OFFICE DEPOT ASIA HOLDING,1,77.5,89.9,22.3,0.2877,77.5,1,1,2024-04-01,77.5
50116763,T010,2024-03,ARTICULOS ESCOLARES,LIBRETAS EJECUTIVAS,LIBRETAS FORMA FRANCESA,STUK,Marca Propia,OFFICE DEPOT ASIA HOLDING,2,124.0,143.84,29.1,0.21695,77.5,2,2,2024-03-01,62.0
50116763,T012,2024-06,ARTICULOS ESCOLARES,LIBRETAS EJECUTIVAS,LIBRETAS FORMA FRANCESA,STUK,Marca Propia,OFFICE DEPOT ASIA HOLDING,1,62.0,71.92,14.55,0.2347,77.5,1,1,2024-06-01,62.0
50116763,T020,2024-06,ARTICULOS ESCOLARES,LIBRETAS EJECUTIVAS,LIBRETAS FORMA FRANCESA,STUK,Marca Propia,OFFICE DEPOT ASIA HOLDING,4,310.0,359.6,89.2,0.2877,77.5,1,1,2024-06-01,77.5
50116763,T025,2024-08,ARTICULOS ESCOLARES,LIBRETAS EJECUTIVAS,LIBRETAS FORMA FRANCESA,STUK,Marca Propia,OFFICE DEPOT ASIA HOLDING,1,77.5,89.9,21.46,0.2769,77.5,1,1,2024-08-01,77.5
50116763,T030,2024-04,ARTICULOS ESCOLARES,LIBRETAS EJECUTIVAS,LIBRETAS FORMA FRANCESA,STUK,Marca Propia,OFFICE DEPOT ASIA HOLDING,1,77.5,89.9,22.3,0.2877,77.5,1,1,2024-04-01,77.5
50116763,T030,2024-11,ARTICULOS ESCOLARES,LIBRETAS EJECUTIVAS,LIBRETAS FORMA FRANCESA,STUK,Marca Propia,OFFICE DEPOT ASIA HOLDING,1,62.0,71.92,13.64,0.22,77.5,1,1,2024-11-01,62.0
50116763,T040,2024-04,ARTICULOS ESCOLARES,LIBRETAS EJECUTIVAS,LIBRETAS FORMA FRANCESA,STUK,Marca Propia,OFFICE DEPOT ASIA HOLDING,1,77.5,89.9,22.3,0.2877,77.5,1,1,2024-04-01,77.5
50116763,T043,2024-04,ARTICULOS ESCOLARES,LIBRETAS EJECUTIVAS,LIBRETAS FORMA FRANCESA,STUK,Marca Propia,OFFICE DEPOT ASIA HOLDING,1,83.24,89.9,25.17,0.3024,77.5,1,1,2024-04-01,83.24
50116763,T048,2024-10,ARTICULOS ESCOLARES,LIBRETAS EJECUTIVAS,LIBRETAS FORMA FRANCESA,STUK,Marca Propia,OFFICE DEPOT ASIA HOLDING,1,77.5,89.9,21.39,0.276,77.5,1,1,2024-10-01,77.5
50116763,T060,2024-08,ARTICULOS ESCOLARES,LIBRETAS EJECUTIVAS,LIBRETAS FORMA FRANCESA,STUK,Marca Propia,OFFICE DEPOT ASIA HOLDING,1,77.5,89.9,21.46,0.2769,77.5,1,1,2024-08-01,77.5
50116763,T063,2024-08,ARTICULOS ESCOLARES,LIBRETAS EJECUTIVAS,LIBRETAS FORMA FRANCESA,STUK,Marca Propia,OFFICE DEPOT ASIA HOLDING,1,77.5,89.9,21.39,0.276,77.5,1,1,2024-08-01,77.5
50116763,T063,2024-09,ARTICULOS ESCOLARES,LIBRETAS EJECUTIVAS,LIBRETAS FORMA FRANCESA,STUK,Marca Propia,OFFICE DEPOT ASIA HOLDING,1,77.5,89.9,21.39,0.276,77.5,1,1,2024-09-01,77.5
50116763,T065,2024-08,ARTICULOS ESCOLARES,LIBRETAS EJECUTIVAS,LIBRETAS FORMA FRANCESA,STUK,Marca Propia,OFFICE DEPOT ASIA HOLDING,1,65.87,76.41,15.58,0.2365,77.5,1,1,2024-08-01,65.87
50116763,T069,2024-11,ARTICULOS ESCOLARES,LIBRETAS EJECUTIVAS,LIBRETAS FORMA FRANCESA,STUK,Marca Propia,OFFICE DEPOT ASIA HOLDING,1,62.0,71.92,13.64,0.22,77.5,1,1,2024-11-01,62.0
50116763,T070,2024-05,ARTICULOS ESCOLARES,LIBRETAS EJECUTIVAS,LIBRETAS FORMA FRANCESA,STUK,Marca Propia,OFFICE DEPOT ASIA HOLDING,1,77.5,89.9,22.3,0.2877,77.5,1,1,2024-05-01,77.5
50116763,T072,2024-09,ARTICULOS ESCOLARES,LIBRETAS EJECUTIVAS,LIBRETAS FORMA FRANCESA,STUK,Marca Propia,OFFICE DEPOT ASIA HOLDING,1,77.5,89.9,21.39,0.276,77.5,1,1,2024-09-01,77.5
50116763,T073,2024-08,ARTICULOS ESCOLARES,LIBRETAS EJECUTIVAS,LIBRETAS FORMA FRANCESA,STUK,Marca Propia,OFFICE DEPOT ASIA HOLDING,2,131.75,152.83,31.3,0.22909999999999997,77.5,2,2,2024-08-01,65.875
50116763,T074,2024-02,ARTICULOS ESCOLARES,LIBRETAS EJECUTIVAS,LIBRETAS FORMA FRANCESA,STUK,Marca Propia,OFFICE DEPOT ASIA HOLDING,2,93.0,107.88,13.6,0.1462,77.5,1,1,2024-02-01,46.5
50116763,T081,2024-03,ARTICULOS ESCOLARES,LIBRETAS EJECUTIVAS,LIBRETAS FORMA FRANCESA,STUK,Marca Propia,OFFICE DEPOT ASIA HOLDING,2,155.0,179.8,44.6,0.2877,77.5,1,1,2024-03-01,77.5
50116763,T081,2024-08,ARTICULOS ESCOLARES,LIBRETAS EJECUTIVAS,LIBRETAS FORMA FRANCESA,STUK,Marca Propia,OFFICE DEPOT ASIA HOLDING,1,65.87,76.41,15.71,0.2384,77.5,1,1,2024-08-01,65.87
50116794,T026,2024-06,ARTICULOS ESCOLARES,LIBRETAS EJECUTIVAS,LIBRETAS FORMA FRANCESA,STUK,Marca Propia,OFFICE DEPOT ASIA HOLDING,2,129.31,150.0,18.84,0.1457,64.66,1,1,2024-06-01,64.655
50116794,T033,2024-01,ARTICULOS ESCOLARES,LIBRETAS EJECUTIVAS,LIBRETAS FORMA FRANCESA,STUK,Marca Propia,OFFICE DEPOT ASIA HOLDING,1,64.66,75.0,9.42,0.1458,64.66,1,1,2024-01-01,64.66
50116794,T043,2024-01,ARTICULOS ESCOLARES,LIBRETAS EJECUTIVAS,LIBRETAS FORMA FRANCESA,STUK,Marca Propia,OFFICE DEPOT ASIA HOLDING,1,69.44,75.0,11.81,0.1701,64.66,1,1,2024-01-01,69.44
50116794,T057,2024-05,ARTICULOS ESCOLARES,LIBRETAS EJECUTIVAS,LIBRETAS FORMA FRANCESA,STUK,Marca Propia,OFFICE DEPOT ASIA HOLDING,1,69.44,75.0,11.81,0.1701,64.66,1,1,2024-05-01,69.44
50116804,T004,2024-04,ARTICULOS ESCOLARES,LONCHERAS,BOTELLAS Y TERMOS,STUK,Marca Propia,OFFICE DEPOT ASIA HOLDING,1,171.55,199.0,38.46,0.2242,171.55,1,1,2024-04-01,171.55
50116804,T005,2025-02,ARTICULOS ESCOLARES,LONCHERAS,BOTELLAS Y TERMOS,STUK,Marca Propia,OFFICE DEPOT ASIA HOLDING,1,171.55,199.0,44.28,0.2581,171.55,1,1,2025-02-01,171.55
50116804,T010,2024-05,ARTICULOS ESCOLARES,LONCHERAS,BOTELLAS Y TERMOS,STUK,Marca Propia,OFFICE DEPOT ASIA HOLDING,1,171.55,199.0,38.46,0.2242,171.55,1,1,2024-05-01,171.55
50116804,T011,2025-01,ARTICULOS ESCOLARES,LONCHERAS,BOTELLAS Y TERMOS,STUK,Marca Propia,OFFICE DEPOT ASIA HOLDING,1,171.55,199.0,44.77,0.261,171.55,1,1,2025-01-01,171.55
50116804,T012,2024-02,ARTICULOS ESCOLARES,LONCHERAS,BOTELLAS Y TERMOS,STUK,Marca Propia,OFFICE DEPOT ASIA HOLDING,1,171.55,199.0,38.46,0.2242,171.55,1,1,2024-02-01,171.55
50116804,T014,2024-05,ARTICULOS ESCOLARES,LONCHERAS,BOTELLAS Y TERMOS,STUK,Marca Propia,OFFICE DEPOT ASIA HOLDING,1,171.55,199.0,38.46,0.2242,171.55,1,1,2024-05-01,171.55
50116804,T015,2024-02,ARTICULOS ESCOLARES,LONCHERAS,BOTELLAS Y TERMOS,STUK,Marca Propia,OFFICE DEPOT ASIA HOLDING,1,171.55,199.0,38.46,0.2242,171.55,1,1,2024-02-01,171.55
50116804,T018,2024-01,ARTICULOS ESCOLARES,LONCHERAS,BOTELLAS Y TERMOS,STUK,Marca Propia,OFFICE DEPOT ASIA HOLDING,1,171.55,199.0,47.5,0.2769,171.55,1,1,2024-01-01,171.55
50116804,T018,2024-04,ARTICULOS ESCOLARES,LONCHERAS,BOTELLAS Y TERMOS,STUK,Marca Propia,OFFICE DEPOT ASIA HOLDING,1,171.55,199.0,38.46,0.2242,171.55,1,1,2024-04-01,171.55
50116804,T018,2024-05,ARTICULOS ESCOLARES,LONCHERAS,BOTELLAS Y TERMOS,STUK,Marca Propia,OFFICE DEPOT ASIA HOLDING,1,171.55,199.0,38.46,0.2242,171.55,1,1,2024-05-01,171.55
50116804,T019,2024-09,ARTICULOS ESCOLARES,LONCHERAS,BOTELLAS Y TERMOS,STUK,Marca Propia,OFFICE DEPOT ASIA HOLDING,1,171.55,199.0,44.44,0.259,171.55,1,1,2024-09-01,171.55
50116804,T020,2024-03,ARTICULOS ESCOLARES,LONCHERAS,BOTELLAS Y TERMOS,STUK,Marca Propia,OFFICE DEPOT ASIA HOLDING,1,171.55,199.0,38.46,0.2242,171.55,1,1,2024-03-01,171.55
50116804,T020,2025-03,ARTICULOS ESCOLARES,LONCHERAS,BOTELLAS Y TERMOS,STUK,Marca Propia,OFFICE DEPOT ASIA HOLDING,1,171.55,199.0,44.77,0.261,171.55,1,1,2025-03-01,171.55
50116804,T030,2024-04,ARTICULOS ESCOLARES,LONCHERAS,BOTELLAS Y TERMOS,STUK,Marca Propia,OFFICE DEPOT ASIA HOLDING,1,171.55,199.0,39.75,0.2317,171.55,1,1,2024-04-01,171.55
50116804,T031,2024-08,ARTICULOS ESCOLARES,LONCHERAS,BOTELLAS Y TERMOS,STUK,Marca Propia,OFFICE DEPOT ASIA HOLDING,1,120.09,139.3,15.57,0.1297,171.55,1,1,2024-08-01,120.09
50116804,T033,2024-11,ARTICULOS ESCOLARES,LONCHERAS,BOTELLAS Y TERMOS,STUK,Marca Propia,OFFICE DEPOT ASIA HOLDING,1,171.55,199.0,44.57,0.2598,171.55,1,1,2024-11-01,171.55
50116804,T034,2024-07,ARTICULOS ESCOLARES,LONCHERAS,BOTELLAS Y TERMOS,STUK,Marca Propia,OFFICE DEPOT ASIA HOLDING,1,171.55,199.0,44.03,0.2566,171.55,1,1,2024-07-01,171.55
50116804,T034,2024-08,ARTICULOS ESCOLARES,LONCHERAS,BOTELLAS Y TERMOS,STUK,Marca Propia,OFFICE DEPOT ASIA HOLDING,1,171.55,199.0,44.03,0.2567,171.55,1,1,2024-08-01,171.55
50116804,T034,2024-12,ARTICULOS ESCOLARES,LONCHERAS,BOTELLAS Y TERMOS,STUK,Marca Propia,OFFICE DEPOT ASIA HOLDING,2,343.1,398.0,88.06,0.2567,171.55,1,1,2024-12-01,171.55
50116804,T038,2024-07,ARTICULOS ESCOLARES,LONCHERAS,BOTELLAS Y TERMOS,STUK,Marca Propia,OFFICE DEPOT ASIA HOLDING,1,171.55,199.0,38.46,0.2242,171.55,1,1,2024-07-01,171.55
50116804,T039,2024-06,ARTICULOS ESCOLARES,LONCHERAS,BOTELLAS Y TERMOS,STUK,Marca Propia,OFFICE DEPOT ASIA HOLDING,1,171.55,199.0,38.46,0.2242,171.55,1,1,2024-06-01,171.55
50116804,T039,2024-10,ARTICULOS ESCOLARES,LONCHERAS,BOTELLAS Y TERMOS,STUK,Marca Propia,OFFICE DEPOT ASIA HOLDING,1,171.55,199.0,43.98,0.2564,171.55,1,1,2024-10-01,171.55
50116804,T041,2024-07,ARTICULOS ESCOLARES,LONCHERAS,BOTELLAS Y TERMOS,STUK,Marca Propia,OFFICE DEPOT ASIA HOLDING,1,171.55,199.0,43.54,0.2538,171.55,1,1,2024-07-01,171.55
50116804,T042,2025-05,ARTICULOS ESCOLARES,LONCHERAS,BOTELLAS Y TERMOS,STUK,Marca Propia,OFFICE DEPOT ASIA HOLDING,1,171.55,199.0,44.14,0.2573,171.55,1,1,2025-05-01,171.55
50116804,T046,2024-11,ARTICULOS ESCOLARES,LONCHERAS,BOTELLAS Y TERMOS,STUK,Marca Propia,OFFICE DEPOT ASIA HOLDING,1,184.26,199.0,50.49,0.274,171.55,1,1,2024-11-01,184.26
50116804,T048,2024-05,ARTICULOS ESCOLARES,LONCHERAS,BOTELLAS Y TERMOS,STUK,Marca Propia,OFFICE DEPOT ASIA HOLDING,1,171.55,199.0,38.46,0.2242,171.55,1,1,2024-05-01,171.55
50116804,T051,2024-03,ARTICULOS ESCOLARES,LONCHERAS,BOTELLAS Y TERMOS,STUK,Marca Propia,OFFICE DEPOT ASIA HOLDING,1,171.55,199.0,38.46,0.2242,171.55,1,1,2024-03-01,171.55
50116804,T053,2024-10,ARTICULOS ESCOLARES,LONCHERAS,BOTELLAS Y TERMOS,STUK,Marca Propia,OFFICE DEPOT ASIA HOLDING,1,171.55,199.0,43.22,0.2519,171.55,1,1,2024-10-01,171.55
50116804,T057,2024-06,ARTICULOS ESCOLARES,LONCHERAS,BOTELLAS Y TERMOS,STUK,Marca Propia,OFFICE DEPOT ASIA HOLDING,1,147.41,159.2,26.38,0.179,171.55,1,1,2024-06-01,147.41
50116804,T058,2024-04,ARTICULOS ESCOLARES,LONCHERAS,BOTELLAS Y TERMOS,STUK,Marca Propia,OFFICE DEPOT ASIA HOLDING,1,171.55,199.0,38.46,0.2242,171.55,1,1,2024-04-01,171.55
50116804,T061,2024-08,ARTICULOS ESCOLARES,LONCHERAS,BOTELLAS Y TERMOS,STUK,Marca Propia,OFFICE DEPOT ASIA HOLDING,2,294.82,318.4,62.25,0.2111,171.55,2,2,2024-08-01,147.41
50116804,T064,2024-08,ARTICULOS ESCOLARES,LONCHERAS,BOTELLAS Y TERMOS,STUK,Marca Propia,OFFICE DEPOT ASIA HOLDING,7,1200.86,1393.0,304.3,0.2534,171.55,1,1,2024-08-01,171.55142857142854
50116804,T065,2024-08,ARTICULOS ESCOLARES,LONCHERAS,BOTELLAS Y TERMOS,STUK,Marca Propia,OFFICE DEPOT ASIA HOLDING,1,120.09,139.3,19.04,0.1585,171.55,1,1,2024-08-01,120.09
50116804,T069,2024-04,ARTICULOS ESCOLARES,LONCHERAS,BOTELLAS Y TERMOS,STUK,Marca Propia,OFFICE DEPOT ASIA HOLDING,1,171.55,199.0,38.46,0.2242,171.55,1,1,2024-04-01,171.55
50116804,T072,2024-05,ARTICULOS ESCOLARES,LONCHERAS,BOTELLAS Y TERMOS,STUK,Marca Propia,OFFICE DEPOT ASIA HOLDING,1,171.55,199.0,38.46,0.2242,171.55,1,1,2024-05-01,171.55
50116804,T074,2024-08,ARTICULOS ESCOLARES,LONCHERAS,BOTELLAS Y TERMOS,STUK,Marca Propia,OFFICE DEPOT ASIA HOLDING,1,171.55,199.0,44.77,0.261,171.55,1,1,2024-08-01,171.55
50116804,T078,2024-03,ARTICULOS ESCOLARES,LONCHERAS,BOTELLAS Y TERMOS,STUK,Marca Propia,OFFICE DEPOT ASIA HOLDING,1,171.55,199.0,38.46,0.2242,171.55,1,1,2024-03-01,171.55
50116804,T078,2024-10,ARTICULOS ESCOLARES,LONCHERAS,BOTELLAS Y TERMOS,STUK,Marca Propia,OFFICE DEPOT ASIA HOLDING,1,171.55,199.0,44.77,0.261,171.55,1,1,2024-10-01,171.55
50116804,T079,2024-07,ARTICULOS ESCOLARES,LONCHERAS,BOTELLAS Y TERMOS,STUK,Marca Propia,OFFICE DEPOT ASIA HOLDING,1,171.55,199.0,40.98,0.2389,171.55,1,1,2024-07-01,171.55
50116895,T005,2024-01,ARTICULOS ESCOLARES,LONCHERAS,HERMETICOS,,Marca Externa,ZYLKU IMPORTACIONES,1,125.0,145.0,25.5,0.204,125.0,1,1,2024-01-01,125.0
50116895,T007,2025-08,ARTICULOS ESCOLARES,LONCHERAS,HERMETICOS,,Marca Externa,ZYLKU IMPORTACIONES,1,87.5,101.5,6.75,0.0771,125.0,1,1,2025-08-01,87.5
50116895,T023,2024-08,ARTICULOS ESCOLARES,LONCHERAS,HERMETICOS,,Marca Externa,ZYLKU IMPORTACIONES,1,125.0,145.0,25.5,0.204,125.0,1,1,2024-08-01,125.0
50116895,T031,2024-01,ARTICULOS ESCOLARES,LONCHERAS,HERMETICOS,,Marca Externa,ZYLKU IMPORTACIONES,1,125.0,145.0,25.5,0.204,125.0,1,1,2024-01-01,125.0
50116895,T041,2024-09,ARTICULOS ESCOLARES,LONCHERAS,HERMETICOS,,Marca Externa,ZYLKU IMPORTACIONES,2,250.0,290.0,51.0,0.204,125.0,1,1,2024-09-01,125.0
50116895,T043,2025-09,ARTICULOS ESCOLARES,LONCHERAS,HERMETICOS,,Marca Externa,ZYLKU IMPORTACIONES,1,134.26,145.0,30.13,0.2244,125.0,1,1,2025-09-01,134.26
50116895,T046,2026-01,ARTICULOS ESCOLARES,LONCHERAS,HERMETICOS,,Marca Externa,ZYLKU IMPORTACIONES,1,134.26,145.0,30.13,0.2244,125.0,1,1,2026-01-01,134.26
50116895,T047,2025-09,ARTICULOS ESCOLARES,LONCHERAS,HERMETICOS,,Marca Externa,ZYLKU IMPORTACIONES,2,250.0,290.0,51.0,0.204,125.0,1,1,2025-09-01,125.0
50116895,T077,2025-09,ARTICULOS ESCOLARES,LONCHERAS,HERMETICOS,,Marca Externa,ZYLKU IMPORTACIONES,2,250.0,290.0,51.0,0.204,125.0,1,1,2025-09-01,125.0
50116895,T086,2025-04,ARTICULOS ESCOLARES,LONCHERAS,HERMETICOS,,Marca Externa,ZYLKU IMPORTACIONES,1,125.0,145.0,25.5,0.204,125.0,1,1,2025-04-01,125.0
50116896,T006,2024-08,ARTICULOS ESCOLARES,LONCHERAS,HERMETICOS,,Marca Externa,ZYLKU IMPORTACIONES,1,49.59,57.53,4.8,0.0967,68.88,1,1,2024-08-01,49.59
50116896,T023,2026-01,ARTICULOS ESCOLARES,LONCHERAS,HERMETICOS,,Marca Externa,ZYLKU IMPORTACIONES,1,68.88,79.9,14.44,0.2096,68.88,1,1,2026-01-01,68.88
50116896,T026,2025-02,ARTICULOS ESCOLARES,LONCHERAS,HERMETICOS,,Marca Externa,ZYLKU IMPORTACIONES,1,68.88,79.9,14.44,0.2096,68.88,1,1,2025-02-01,68.88
50116896,T033,2024-02,ARTICULOS ESCOLARES,LONCHERAS,HERMETICOS,,Marca Externa,ZYLKU IMPORTACIONES,2,137.76,159.8,28.88,0.2096,68.88,1,1,2024-02-01,68.88
50116896,T035,2025-08,ARTICULOS ESCOLARES,LONCHERAS,HERMETICOS,,Marca Externa,ZYLKU IMPORTACIONES,1,68.88,79.9,14.44,0.2096,68.88,1,1,2025-08-01,68.88
50116896,T049,2024-02,ARTICULOS ESCOLARES,LONCHERAS,HERMETICOS,,Marca Externa,ZYLKU IMPORTACIONES,1,68.88,79.9,14.44,0.2096,68.88,1,1,2024-02-01,68.88
50116896,T051,2025-05,ARTICULOS ESCOLARES,LONCHERAS,HERMETICOS,,Marca Externa,ZYLKU IMPORTACIONES,1,68.88,79.9,14.44,0.2096,68.88,1,1,2025-05-01,68.88
50116898,T010,2026-01,ARTICULOS ESCOLARES,LONCHERAS,HERMETICOS,,Marca Externa,ZYLKU IMPORTACIONES,1,60.26,69.9,12.13,0.2013,60.26,1,1,2026-01-01,60.26
50116898,T032,2024-03,ARTICULOS ESCOLARES,LONCHERAS,HERMETICOS,,Marca Externa,ZYLKU IMPORTACIONES,1,60.26,69.9,12.13,0.2013,60.26,1,1,2024-03-01,60.26
50116898,T037,2024-06,ARTICULOS ESCOLARES,LONCHERAS,HERMETICOS,,Marca Externa,ZYLKU IMPORTACIONES,1,60.26,69.9,12.13,0.2013,60.26,1,1,2024-06-01,60.26
50116898,T045,2024-08,ARTICULOS ESCOLARES,LONCHERAS,HERMETICOS,,Marca Externa,ZYLKU IMPORTACIONES,1,42.18,48.93,3.09,0.0733,60.26,1,1,2024-08-01,42.18
50116898,T062,2025-09,ARTICULOS ESCOLARES,LONCHERAS,HERMETICOS,,Marca Externa,ZYLKU IMPORTACIONES,2,120.52,139.8,24.26,0.2013,60.26,1,1,2025-09-01,60.26
50116899,T001,2024-10,ARTICULOS ESCOLARES,LONCHERAS,HERMETICOS,,Marca Externa,ZYLKU IMPORTACIONES,1,46.47,53.9,9.73,0.2095,46.47,1,1,2024-10-01,46.47
50116899,T002,2025-07,ARTICULOS ESCOLARES,LONCHERAS,HERMETICOS,,Marca Externa,ZYLKU IMPORTACIONES,3,97.58,113.19,8.29,0.085,46.47,1,1,2025-07-01,32.526666666666664
50116899,T007,2024-08,ARTICULOS ESCOLARES,LONCHERAS,HERMETICOS,,Marca Externa,ZYLKU IMPORTACIONES,1,32.53,37.73,2.76,0.085,46.47,1,1,2024-08-01,32.53
50116899,T007,2025-09,ARTICULOS ESCOLARES,LONCHERAS,HERMETICOS,,Marca Externa,ZYLKU IMPORTACIONES,1,46.47,53.9,9.73,0.2095,46.47,1,1,2025-09-01,46.47
50116899,T010,2024-08,ARTICULOS ESCOLARES,LONCHERAS,HERMETICOS,,Marca Externa,ZYLKU IMPORTACIONES,2,92.93,107.8,19.46,0.2095,46.47,1,1,2024-08-01,46.465
50116899,T018,2025-08,ARTICULOS ESCOLARES,LONCHERAS,HERMETICOS,,Marca Externa,ZYLKU IMPORTACIONES,2,74.34,86.24,10.17,0.1368,46.47,1,1,2025-08-01,37.17
50116899,T041,2024-02,ARTICULOS ESCOLARES,LONCHERAS,HERMETICOS,,Marca Externa,ZYLKU IMPORTACIONES,1,46.47,53.9,9.73,0.2095,46.47,1,1,2024-02-01,46.47
50116899,T041,2025-10,ARTICULOS ESCOLARES,LONCHERAS,HERMETICOS,,Marca Externa,ZYLKU IMPORTACIONES,1,46.47,53.9,9.73,0.2095,46.47,1,1,2025-10-01,46.47
50116899,T043,2024-08,ARTICULOS ESCOLARES,LONCHERAS,HERMETICOS,,Marca Externa,ZYLKU IMPORTACIONES,2,99.82,107.8,22.91,0.2295,46.47,1,1,2024-08-01,49.91
50116899,T043,2025-08,ARTICULOS ESCOLARES,LONCHERAS,HERMETICOS,,Marca Externa,ZYLKU IMPORTACIONES,1,49.91,53.9,11.45,0.2295,46.47,1,1,2025-08-01,49.91
50116899,T045,2024-08,ARTICULOS ESCOLARES,LONCHERAS,HERMETICOS,,Marca Externa,ZYLKU IMPORTACIONES,1,32.53,37.73,2.76,0.085,46.47,1,1,2024-08-01,32.53
50116899,T050,2026-02,ARTICULOS ESCOLARES,LONCHERAS,HERMETICOS,,Marca Externa,ZYLKU IMPORTACIONES,1,46.47,53.9,9.73,0.2095,46.47,1,1,2026-02-01,46.47
50116899,T051,2025-09,ARTICULOS ESCOLARES,LONCHERAS,HERMETICOS,,Marca Externa,ZYLKU IMPORTACIONES,1,46.47,53.9,9.73,0.2095,46.47,1,1,2025-09-01,46.47
50116899,T051,2026-04,ARTICULOS ESCOLARES,LONCHERAS,HERMETICOS,,Marca Externa,ZYLKU IMPORTACIONES,1,46.47,53.9,9.73,0.2095,46.47,1,1,2026-04-01,46.47
50116899,T052,2025-02,ARTICULOS ESCOLARES,LONCHERAS,HERMETICOS,,Marca Externa,ZYLKU IMPORTACIONES,1,46.47,53.9,9.73,0.2095,46.47,1,1,2025-02-01,46.47
50116899,T053,2024-08,ARTICULOS ESCOLARES,LONCHERAS,HERMETICOS,,Marca Externa,ZYLKU IMPORTACIONES,1,37.17,43.12,5.08,0.1368,46.47,1,1,2024-08-01,37.17
50116899,T053,2024-09,ARTICULOS ESCOLARES,LONCHERAS,HERMETICOS,,Marca Externa,ZYLKU IMPORTACIONES,1,46.47,53.9,9.73,0.2095,46.47,1,1,2024-09-01,46.47
50116899,T060,2024-09,ARTICULOS ESCOLARES,LONCHERAS,HERMETICOS,,Marca Externa,ZYLKU IMPORTACIONES,1,46.47,53.9,9.73,0.2095,46.47,1,1,2024-09-01,46.47
50116899,T064,2026-04,ARTICULOS ESCOLARES,LONCHERAS,HERMETICOS,,Marca Externa,ZYLKU IMPORTACIONES,1,46.47,53.9,9.73,0.2095,46.47,1,1,2026-04-01,46.47
50116899,T069,2024-10,ARTICULOS ESCOLARES,LONCHERAS,HERMETICOS,,Marca Externa,ZYLKU IMPORTACIONES,2,92.93,107.8,19.46,0.2095,46.47,1,1,2024-10-01,46.465
50116899,T070,2024-08,ARTICULOS ESCOLARES,LONCHERAS,HERMETICOS,,Marca Externa,ZYLKU IMPORTACIONES,1,37.17,43.12,5.08,0.1368,46.47,1,1,2024-08-01,37.17
50116899,T075,2025-05,ARTICULOS ESCOLARES,LONCHERAS,HERMETICOS,,Marca Externa,ZYLKU IMPORTACIONES,1,46.47,53.9,9.73,0.2095,46.47,1,1,2025-05-01,46.47
50116899,T076,2024-08,ARTICULOS ESCOLARES,LONCHERAS,HERMETICOS,,Marca Externa,ZYLKU IMPORTACIONES,1,46.47,53.9,9.73,0.2095,46.47,1,1,2024-08-01,46.47
50116899,T078,2024-08,ARTICULOS ESCOLARES,LONCHERAS,HERMETICOS,,Marca Externa,ZYLKU IMPORTACIONES,1,46.47,53.9,9.73,0.2095,46.47,1,1,2024-08-01,46.47
50116899,T086,2024-08,ARTICULOS ESCOLARES,LONCHERAS,HERMETICOS,,Marca Externa,ZYLKU IMPORTACIONES,1,46.47,53.9,9.73,0.2095,46.47,1,1,2024-08-01,46.47
50116902,T001,2024-02,ARTICULOS ESCOLARES,LONCHERAS,HERMETICOS,,Marca Externa,ZYLKU IMPORTACIONES,1,119.83,139.0,23.91,0.1996,119.83,1,1,2024-02-01,119.83
50116902,T001,2024-05,ARTICULOS ESCOLARES,LONCHERAS,HERMETICOS,,Marca Externa,ZYLKU IMPORTACIONES,2,239.66,278.0,47.83,0.1996,119.83,1,1,2024-05-01,119.83
50116902,T012,2024-09,ARTICULOS ESCOLARES,LONCHERAS,HERMETICOS,,Marca Externa,ZYLKU IMPORTACIONES,1,119.83,139.0,23.91,0.1996,119.83,1,1,2024-09-01,119.83
50116902,T025,2025-04,ARTICULOS ESCOLARES,LONCHERAS,HERMETICOS,,Marca Externa,ZYLKU IMPORTACIONES,1,119.83,139.0,23.91,0.1996,119.83,1,1,2025-04-01,119.83
50116902,T031,2025-10,ARTICULOS ESCOLARES,LONCHERAS,HERMETICOS,,Marca Externa,ZYLKU IMPORTACIONES,1,119.83,139.0,23.91,0.1996,119.83,1,1,2025-10-01,119.83
50116902,T038,2025-09,ARTICULOS ESCOLARES,LONCHERAS,HERMETICOS,,Marca Externa,ZYLKU IMPORTACIONES,1,119.83,139.0,23.91,0.1996,119.83,1,1,2025-09-01,119.83
50116902,T041,2025-08,ARTICULOS ESCOLARES,LONCHERAS,HERMETICOS,,Marca Externa,ZYLKU IMPORTACIONES,1,119.83,139.0,23.91,0.1996,119.83,1,1,2025-08-01,119.83
50116902,T043,2025-09,ARTICULOS ESCOLARES,LONCHERAS,HERMETICOS,,Marca Externa,ZYLKU IMPORTACIONES,1,128.7,139.0,28.35,0.2203,119.83,1,1,2025-09-01,128.7
50116902,T047,2024-08,ARTICULOS ESCOLARES,LONCHERAS,HERMETICOS,,Marca Externa,ZYLKU IMPORTACIONES,1,119.83,139.0,23.91,0.1996,119.83,1,1,2024-08-01,119.83
50116902,T059,2024-04,ARTICULOS ESCOLARES,LONCHERAS,HERMETICOS,,Marca Externa,ZYLKU IMPORTACIONES,2,239.66,278.0,47.83,0.1996,119.83,1,1,2024-04-01,119.83
50116902,T065,2024-09,ARTICULOS ESCOLARES,LONCHERAS,HERMETICOS,,Marca Externa,ZYLKU IMPORTACIONES,1,119.83,139.0,23.91,0.1996,119.83,1,1,2024-09-01,119.83
50116902,T070,2025-03,ARTICULOS ESCOLARES,LONCHERAS,HERMETICOS,,Marca Externa,ZYLKU IMPORTACIONES,1,119.83,139.0,23.91,0.1996,119.83,1,1,2025-03-01,119.83
50116902,T079,2024-06,ARTICULOS ESCOLARES,LONCHERAS,HERMETICOS,,Marca Externa,ZYLKU IMPORTACIONES,1,119.83,139.0,23.91,0.1996,119.83,1,1,2024-06-01,119.83
50116904,T002,2024-08,ARTICULOS ESCOLARES,LONCHERAS,HERMETICOS,,Marca Externa,ZYLKU IMPORTACIONES,1,142.24,165.0,28.62,0.2012,142.24,1,1,2024-08-01,142.24
50116904,T007,2025-08,ARTICULOS ESCOLARES,LONCHERAS,HERMETICOS,,Marca Externa,ZYLKU IMPORTACIONES,1,142.24,165.0,28.62,0.2012,142.24,1,1,2025-08-01,142.24
50116904,T012,2025-01,ARTICULOS ESCOLARES,LONCHERAS,HERMETICOS,,Marca Externa,ZYLKU IMPORTACIONES,1,142.24,165.0,28.62,0.2012,142.24,1,1,2025-01-01,142.24
50116904,T020,2025-08,ARTICULOS ESCOLARES,LONCHERAS,HERMETICOS,,Marca Externa,ZYLKU IMPORTACIONES,1,142.24,165.0,28.62,0.2012,142.24,1,1,2025-08-01,142.24
50116904,T023,2025-09,ARTICULOS ESCOLARES,LONCHERAS,HERMETICOS,,Marca Externa,ZYLKU IMPORTACIONES,2,284.48,330.0,57.24,0.2012,142.24,1,1,2025-09-01,142.24
50116904,T025,2024-01,ARTICULOS ESCOLARES,LONCHERAS,HERMETICOS,,Marca Externa,ZYLKU IMPORTACIONES,2,284.48,330.0,57.24,0.2012,142.24,1,1,2024-01-01,142.24
50116904,T033,2024-01,ARTICULOS ESCOLARES,LONCHERAS,HERMETICOS,,Marca Externa,ZYLKU IMPORTACIONES,1,142.24,165.0,28.62,0.2012,142.24,1,1,2024-01-01,142.24
50116904,T035,2025-05,ARTICULOS ESCOLARES,LONCHERAS,HERMETICOS,,Marca Externa,ZYLKU IMPORTACIONES,1,142.24,165.0,28.62,0.2012,142.24,1,1,2025-05-01,142.24
50116904,T035,2025-09,ARTICULOS ESCOLARES,LONCHERAS,HERMETICOS,,Marca Externa,ZYLKU IMPORTACIONES,1,142.24,165.0,28.62,0.2012,142.24,1,1,2025-09-01,142.24
50116904,T041,2024-01,ARTICULOS ESCOLARES,LONCHERAS,HERMETICOS,,Marca Externa,ZYLKU IMPORTACIONES,1,142.24,165.0,27.75,0.1951,142.24,1,1,2024-01-01,142.24
50116904,T045,2024-02,ARTICULOS ESCOLARES,LONCHERAS,HERMETICOS,,Marca Externa,ZYLKU IMPORTACIONES,1,142.24,165.0,28.62,0.2012,142.24,1,1,2024-02-01,142.24
50116904,T052,2025-08,ARTICULOS ESCOLARES,LONCHERAS,HERMETICOS,,Marca Externa,ZYLKU IMPORTACIONES,1,99.57,115.5,7.28,0.0732,142.24,1,1,2025-08-01,99.57
50116904,T076,2025-03,ARTICULOS ESCOLARES,LONCHERAS,HERMETICOS,,Marca Externa,ZYLKU IMPORTACIONES,1,142.24,165.0,28.62,0.2012,142.24,1,1,2025-03-01,142.24
50116908,T001,2025-08,ARTICULOS ESCOLARES,LONCHERAS,HERMETICOS,,Marca Externa,ZYLKU IMPORTACIONES,1,45.56,52.85,3.78,0.083,65.09,1,1,2025-08-01,45.56
50116908,T002,2025-07,ARTICULOS ESCOLARES,LONCHERAS,HERMETICOS,,Marca Externa,ZYLKU IMPORTACIONES,2,130.17,151.0,27.09,0.2081,65.09,1,1,2025-07-01,65.085
50116908,T007,2024-04,ARTICULOS ESCOLARES,LONCHERAS,HERMETICOS,,Marca Externa,ZYLKU IMPORTACIONES,1,65.09,75.5,13.55,0.2081,65.09,1,1,2024-04-01,65.09
50116908,T007,2025-09,ARTICULOS ESCOLARES,LONCHERAS,HERMETICOS,,Marca Externa,ZYLKU IMPORTACIONES,2,130.17,151.0,27.09,0.2081,65.09,1,1,2025-09-01,65.085
50116908,T012,2025-10,ARTICULOS ESCOLARES,LONCHERAS,HERMETICOS,,Marca Externa,ZYLKU IMPORTACIONES,1,65.09,75.5,13.55,0.2081,65.09,1,1,2025-10-01,65.09
50116908,T019,2024-04,ARTICULOS ESCOLARES,LONCHERAS,HERMETICOS,,Marca Externa,ZYLKU IMPORTACIONES,2,130.17,151.0,27.09,0.2081,65.09,1,1,2024-04-01,65.085
50116908,T023,2024-04,ARTICULOS ESCOLARES,LONCHERAS,HERMETICOS,,Marca Externa,ZYLKU IMPORTACIONES,2,130.17,151.0,27.09,0.2081,65.09,1,1,2024-04-01,65.085
50116908,T023,2024-08,ARTICULOS ESCOLARES,LONCHERAS,HERMETICOS,,Marca Externa,ZYLKU IMPORTACIONES,1,52.07,60.4,7.03,0.1351,65.09,1,1,2024-08-01,52.07
50116908,T041,2024-01,ARTICULOS ESCOLARES,LONCHERAS,HERMETICOS,,Marca Externa,ZYLKU IMPORTACIONES,2,130.17,151.0,27.09,0.2081,65.09,1,1,2024-01-01,65.085
50116908,T048,2024-07,ARTICULOS ESCOLARES,LONCHERAS,HERMETICOS,,Marca Externa,ZYLKU IMPORTACIONES,1,65.09,75.5,13.55,0.2081,65.09,1,1,2024-07-01,65.09
50116908,T051,2024-09,ARTICULOS ESCOLARES,LONCHERAS,HERMETICOS,,Marca Externa,ZYLKU IMPORTACIONES,1,65.09,75.5,13.55,0.2081,65.09,1,1,2024-09-01,65.09
50116908,T053,2024-08,ARTICULOS ESCOLARES,LONCHERAS,HERMETICOS,,Marca Externa,ZYLKU IMPORTACIONES,1,65.09,75.5,13.55,0.2081,65.09,1,1,2024-08-01,65.09
50116908,T053,2025-08,ARTICULOS ESCOLARES,LONCHERAS,HERMETICOS,,Marca Externa,ZYLKU IMPORTACIONES,1,65.09,75.5,13.54,0.2081,65.09,1,1,2025-08-01,65.09
50116908,T058,2025-06,ARTICULOS ESCOLARES,LONCHERAS,HERMETICOS,,Marca Externa,ZYLKU IMPORTACIONES,1,65.09,75.5,13.55,0.2081,65.09,1,1,2025-06-01,65.09
50116908,T059,2025-06,ARTICULOS ESCOLARES,LONCHERAS,HERMETICOS,,Marca Externa,ZYLKU IMPORTACIONES,2,130.17,151.0,27.09,0.2081,65.09,1,1,2025-06-01,65.085
50116908,T064,2025-01,ARTICULOS ESCOLARES,LONCHERAS,HERMETICOS,,Marca Externa,ZYLKU IMPORTACIONES,1,65.09,75.5,13.55,0.2081,65.09,1,1,2025-01-01,65.09
50116908,T075,2024-05,ARTICULOS ESCOLARES,LONCHERAS,HERMETICOS,,Marca Externa,ZYLKU IMPORTACIONES,2,130.17,151.0,27.09,0.2081,65.09,1,1,2024-05-01,65.085
50116908,T076,2025-08,ARTICULOS ESCOLARES,LONCHERAS,HERMETICOS,,Marca Externa,ZYLKU IMPORTACIONES,1,65.09,75.5,13.55,0.2081,65.09,1,1,2025-08-01,65.09
50116908,T087,2025-02,ARTICULOS ESCOLARES,LONCHERAS,HERMETICOS,,Marca Externa,ZYLKU IMPORTACIONES,1,65.09,75.5,13.55,0.2081,65.09,1,1,2025-02-01,65.09
50116910,T004,2024-10,ARTICULOS ESCOLARES,LONCHERAS,HERMETICOS,,Marca Externa,ZYLKU IMPORTACIONES,2,148.1,171.8,31.05,0.2097,74.05,1,1,2024-10-01,74.05
50116910,T005,2026-01,ARTICULOS ESCOLARES,LONCHERAS,HERMETICOS,,Marca Externa,ZYLKU IMPORTACIONES,1,74.05,85.9,15.53,0.2097,74.05,1,1,2026-01-01,74.05
50116910,T013,2024-07,ARTICULOS ESCOLARES,LONCHERAS,HERMETICOS,,Marca Externa,ZYLKU IMPORTACIONES,3,222.16,257.7,46.58,0.2097,74.05,1,1,2024-07-01,74.05333333333333
50116910,T038,2025-07,ARTICULOS ESCOLARES,LONCHERAS,HERMETICOS,,Marca Externa,ZYLKU IMPORTACIONES,1,74.05,85.9,15.53,0.2097,74.05,1,1,2025-07-01,74.05
50116910,T061,2024-01,ARTICULOS ESCOLARES,LONCHERAS,HERMETICOS,,Marca Externa,ZYLKU IMPORTACIONES,1,79.54,85.9,18.27,0.2297,74.05,1,1,2024-01-01,79.54
50116912,T001,2024-08,ARTICULOS ESCOLARES,LONCHERAS,HERMETICOS,,Marca Externa,ZYLKU IMPORTACIONES,1,30.09,34.9,6.04,0.2009,30.09,1,1,2024-08-01,30.09
50116912,T001,2025-09,ARTICULOS ESCOLARES,LONCHERAS,HERMETICOS,,Marca Externa,ZYLKU IMPORTACIONES,1,30.17,35.0,6.09,0.2017,30.09,1,1,2025-09-01,30.17
50116912,T010,2025-08,ARTICULOS ESCOLARES,LONCHERAS,HERMETICOS,,Marca Externa,ZYLKU IMPORTACIONES,1,30.17,35.0,6.09,0.2017,30.09,1,1,2025-08-01,30.17
50116912,T014,2024-01,ARTICULOS ESCOLARES,LONCHERAS,HERMETICOS,,Marca Externa,ZYLKU IMPORTACIONES,1,30.09,34.9,6.05,0.2009,30.09,1,1,2024-01-01,30.09
50116912,T016,2024-01,ARTICULOS ESCOLARES,LONCHERAS,HERMETICOS,,Marca Externa,ZYLKU IMPORTACIONES,1,30.09,34.9,6.04,0.2009,30.09,1,1,2024-01-01,30.09
50116912,T016,2025-01,ARTICULOS ESCOLARES,LONCHERAS,HERMETICOS,,Marca Externa,ZYLKU IMPORTACIONES,1,30.09,34.9,6.04,0.2009,30.09,1,1,2025-01-01,30.09
50116912,T016,2026-01,ARTICULOS ESCOLARES,LONCHERAS,HERMETICOS,,Marca Externa,ZYLKU IMPORTACIONES,1,30.95,35.9,6.47,0.2092,30.09,1,1,2026-01-01,30.95
50116912,T017,2024-07,ARTICULOS ESCOLARES,LONCHERAS,HERMETICOS,,Marca Externa,ZYLKU IMPORTACIONES,1,30.09,34.9,6.04,0.2009,30.09,1,1,2024-07-01,30.09
50116912,T017,2025-07,ARTICULOS ESCOLARES,LONCHERAS,HERMETICOS,,Marca Externa,ZYLKU IMPORTACIONES,1,21.12,24.5,1.56,0.0739,30.09,1,1,2025-07-01,21.12
50116912,T017,2025-08,ARTICULOS ESCOLARES,LONCHERAS,HERMETICOS,,Marca Externa,ZYLKU IMPORTACIONES,1,30.17,35.0,6.09,0.2017,30.09,1,1,2025-08-01,30.17
50116912,T018,2024-01,ARTICULOS ESCOLARES,LONCHERAS,HERMETICOS,,Marca Externa,ZYLKU IMPORTACIONES,2,60.18,69.8,12.08,0.2009,30.09,2,1,2024-01-01,30.09
50116912,T021,2025-06,ARTICULOS ESCOLARES,LONCHERAS,HERMETICOS,,Marca Externa,ZYLKU IMPORTACIONES,1,30.09,34.9,6.04,0.2009,30.09,1,1,2025-06-01,30.09
50116912,T023,2025-09,ARTICULOS ESCOLARES,LONCHERAS,HERMETICOS,,Marca Externa,ZYLKU IMPORTACIONES,1,30.17,35.0,6.09,0.2017,30.09,1,1,2025-09-01,30.17
50116912,T028,2024-01,ARTICULOS ESCOLARES,LONCHERAS,HERMETICOS,,Marca Externa,ZYLKU IMPORTACIONES,1,30.09,34.9,6.04,0.2009,30.09,1,1,2024-01-01,30.09
50116912,T032,2025-08,ARTICULOS ESCOLARES,LONCHERAS,HERMETICOS,,Marca Externa,ZYLKU IMPORTACIONES,1,30.17,35.0,6.09,0.2017,30.09,1,1,2025-08-01,30.17
50116912,T033,2025-01,ARTICULOS ESCOLARES,LONCHERAS,HERMETICOS,,Marca Externa,ZYLKU IMPORTACIONES,1,30.09,34.9,6.04,0.2009,30.09,1,1,2025-01-01,30.09
50116912,T035,2024-08,ARTICULOS ESCOLARES,LONCHERAS,HERMETICOS,,Marca Externa,ZYLKU IMPORTACIONES,1,30.09,34.9,6.04,0.2009,30.09,1,1,2024-08-01,30.09
50116912,T036,2024-04,ARTICULOS ESCOLARES,LONCHERAS,HERMETICOS,,Marca Externa,ZYLKU IMPORTACIONES,1,30.09,34.9,6.04,0.2009,30.09,1,1,2024-04-01,30.09
50116912,T039,2025-07,ARTICULOS ESCOLARES,LONCHERAS,HERMETICOS,,Marca Externa,ZYLKU IMPORTACIONES,4,120.34,139.6,24.17,0.2009,30.09,1,1,2025-07-01,30.085
50116912,T040,2025-06,ARTICULOS ESCOLARES,LONCHERAS,HERMETICOS,,Marca Externa,ZYLKU IMPORTACIONES,1,30.09,34.9,6.04,0.2009,30.09,1,1,2025-06-01,30.09
50116912,T040,2025-08,ARTICULOS ESCOLARES,LONCHERAS,HERMETICOS,,Marca Externa,ZYLKU IMPORTACIONES,1,30.17,35.0,6.09,0.2017,30.09,1,1,2025-08-01,30.17
50116912,T041,2024-01,ARTICULOS ESCOLARES,LONCHERAS,HERMETICOS,,Marca Externa,ZYLKU IMPORTACIONES,1,30.09,34.9,6.04,0.2009,30.09,1,1,2024-01-01,30.09
50116912,T041,2025-08,ARTICULOS ESCOLARES,LONCHERAS,HERMETICOS,,Marca Externa,ZYLKU IMPORTACIONES,1,30.17,35.0,6.09,0.2017,30.09,1,1,2025-08-01,30.17
50116912,T041,2026-03,ARTICULOS ESCOLARES,LONCHERAS,HERMETICOS,,Marca Externa,ZYLKU IMPORTACIONES,2,61.9,71.8,12.95,0.2092,30.09,1,1,2026-03-01,30.95
50116912,T044,2024-08,ARTICULOS ESCOLARES,LONCHERAS,HERMETICOS,,Marca Externa,ZYLKU IMPORTACIONES,1,24.07,27.92,3.04,0.1261,30.09,1,1,2024-08-01,24.07
50116912,T044,2025-07,ARTICULOS ESCOLARES,LONCHERAS,HERMETICOS,,Marca Externa,ZYLKU IMPORTACIONES,1,30.17,35.0,6.09,0.2017,30.09,1,1,2025-07-01,30.17
50116912,T045,2025-12,ARTICULOS ESCOLARES,LONCHERAS,HERMETICOS,,Marca Externa,ZYLKU IMPORTACIONES,1,30.95,35.9,6.47,0.2092,30.09,1,1,2025-12-01,30.95
50116912,T050,2026-02,ARTICULOS ESCOLARES,LONCHERAS,HERMETICOS,,Marca Externa,ZYLKU IMPORTACIONES,1,30.95,35.9,6.47,0.2092,30.09,1,1,2026-02-01,30.95
50116912,T051,2024-02,ARTICULOS ESCOLARES,LONCHERAS,HERMETICOS,,Marca Externa,ZYLKU IMPORTACIONES,2,60.17,69.8,12.08,0.2008,30.09,1,1,2024-02-01,30.085
50116912,T051,2024-10,ARTICULOS ESCOLARES,LONCHERAS,HERMETICOS,,Marca Externa,ZYLKU IMPORTACIONES,1,30.09,34.9,6.04,0.2009,30.09,1,1,2024-10-01,30.09
50116912,T051,2025-02,ARTICULOS ESCOLARES,LONCHERAS,HERMETICOS,,Marca Externa,ZYLKU IMPORTACIONES,1,30.09,34.9,6.04,0.2009,30.09,1,1,2025-02-01,30.09
50116912,T053,2025-08,ARTICULOS ESCOLARES,LONCHERAS,HERMETICOS,,Marca Externa,ZYLKU IMPORTACIONES,2,60.34,70.0,12.17,0.2017,30.09,2,2,2025-08-01,30.17
50116912,T054,2024-09,ARTICULOS ESCOLARES,LONCHERAS,HERMETICOS,,Marca Externa,ZYLKU IMPORTACIONES,1,30.09,34.9,6.04,0.2009,30.09,1,1,2024-09-01,30.09
50116912,T056,2024-05,ARTICULOS ESCOLARES,LONCHERAS,HERMETICOS,,Marca Externa,ZYLKU IMPORTACIONES,1,30.09,34.9,6.04,0.2009,30.09,1,1,2024-05-01,30.09
50116912,T057,2024-01,ARTICULOS ESCOLARES,LONCHERAS,HERMETICOS,,Marca Externa,ZYLKU IMPORTACIONES,1,32.32,34.9,7.16,0.2215,30.09,1,1,2024-01-01,32.32
50116912,T057,2025-07,ARTICULOS ESCOLARES,LONCHERAS,HERMETICOS,,Marca Externa,ZYLKU IMPORTACIONES,1,32.32,34.9,7.16,0.2215,30.09,1,1,2025-07-01,32.32
50116912,T075,2024-08,ARTICULOS ESCOLARES,LONCHERAS,HERMETICOS,,Marca Externa,ZYLKU IMPORTACIONES,1,21.06,24.43,1.53,0.0726,30.09,1,1,2024-08-01,21.06
50116912,T076,2024-08,ARTICULOS ESCOLARES,LONCHERAS,HERMETICOS,,Marca Externa,ZYLKU IMPORTACIONES,1,24.07,27.92,3.04,0.1261,30.09,1,1,2024-08-01,24.07
50116912,T080,2025-09,ARTICULOS ESCOLARES,LONCHERAS,HERMETICOS,,Marca Externa,ZYLKU IMPORTACIONES,1,30.17,35.0,6.09,0.2017,30.09,1,1,2025-09-01,30.17
50116912,T082,2024-05,ARTICULOS ESCOLARES,LONCHERAS,HERMETICOS,,Marca Externa,ZYLKU IMPORTACIONES,1,30.09,34.9,6.04,0.2009,30.09,1,1,2024-05-01,30.09
50116912,T082,2025-09,ARTICULOS ESCOLARES,LONCHERAS,HERMETICOS,,Marca Externa,ZYLKU IMPORTACIONES,1,30.17,35.0,6.09,0.2017,30.09,1,1,2025-09-01,30.17
50116912,T085,2025-08,ARTICULOS ESCOLARES,LONCHERAS,HERMETICOS,,Marca Externa,ZYLKU IMPORTACIONES,1,24.14,28.0,3.07,0.1272,30.09,1,1,2025-08-01,24.14
50116912,T086,2025-01,ARTICULOS ESCOLARES,LONCHERAS,HERMETICOS,,Marca Externa,ZYLKU IMPORTACIONES,1,30.09,34.9,6.04,0.2009,30.09,1,1,2025-01-01,30.09
50116913,T002,2024-08,ARTICULOS ESCOLARES,LONCHERAS,HERMETICOS,,Marca Externa,ZYLKU IMPORTACIONES,1,56.21,65.2,7.6,0.1353,70.26,1,1,2024-08-01,56.21
50116913,T013,2025-08,ARTICULOS ESCOLARES,LONCHERAS,HERMETICOS,,Marca Externa,ZYLKU IMPORTACIONES,1,70.26,81.5,14.63,0.2082,70.26,1,1,2025-08-01,70.26
50116913,T023,2024-01,ARTICULOS ESCOLARES,LONCHERAS,HERMETICOS,,Marca Externa,ZYLKU IMPORTACIONES,1,70.26,81.5,14.63,0.2082,70.26,1,1,2024-01-01,70.26
50116913,T037,2024-01,ARTICULOS ESCOLARES,LONCHERAS,HERMETICOS,,Marca Externa,ZYLKU IMPORTACIONES,2,140.52,163.0,29.26,0.2082,70.26,1,1,2024-01-01,70.26
50116913,T049,2024-08,ARTICULOS ESCOLARES,LONCHERAS,HERMETICOS,,Marca Externa,ZYLKU IMPORTACIONES,1,70.26,81.5,14.63,0.2082,70.26,1,1,2024-08-01,70.26
50116913,T054,2025-02,ARTICULOS ESCOLARES,LONCHERAS,HERMETICOS,,Marca Externa,ZYLKU IMPORTACIONES,1,70.26,81.5,14.63,0.2082,70.26,1,1,2025-02-01,70.26
50116913,T080,2025-01,ARTICULOS ESCOLARES,LONCHERAS,HERMETICOS,,Marca Externa,ZYLKU IMPORTACIONES,1,70.26,81.5,14.63,0.2082,70.26,1,1,2025-01-01,70.26
50117744,T040,2025-06,ARTICULOS ESCOLARES,LIBRETAS EJECUTIVAS,LIBRETAS FORMA FRANCESA,DANPEX,Marca Externa,INDUSTRIAS DANPEX,1,214.66,249.0,42.45,0.1978,214.66,1,1,2025-06-01,214.66
50118067,T040,2024-08,ARTICULOS ESCOLARES,MOCHILAS,MOCHILAS UNIVERSITARIAS,TOTTO,Marca Externa,URBAN ARENA,1,904.57,1049.3,96.92,0.1071,1292.24,1,1,2024-08-01,904.57
50118401,T043,2024-05,ARTICULOS ESCOLARES,LIBRETAS EJECUTIVAS,LIBRETAS POCKET,STUK,Marca Propia,AFEX INDUSTRIAL Y COMERCIAL,1,99.44,107.4,15.44,0.1553,92.59,1,1,2024-05-01,99.44
50118405,T071,2024-03,ARTICULOS ESCOLARES,LIBRETAS EJECUTIVAS,LIBRETAS POCKET,STUK,Marca Propia,AFEX INDUSTRIAL Y COMERCIAL,1,92.59,107.4,12.02,0.1298,92.59,1,1,2024-03-01,92.59
50118406,T007,2024-04,ARTICULOS ESCOLARES,LIBRETAS EJECUTIVAS,LIBRETAS POCKET,STUK,Marca Propia,AFEX INDUSTRIAL Y COMERCIAL,1,92.59,107.4,12.02,0.1298,92.59,1,1,2024-04-01,92.59
50118477,T039,2024-07,ARTICULOS ESCOLARES,LONCHERAS,BOTELLAS Y TERMOS,,Marca Externa,BLINK SOLUTIONS,1,516.38,599.0,116.19,0.225,516.38,1,1,2024-07-01,516.38
50118480,T066,2024-11,ARTICULOS ESCOLARES,MOCHILAS,MOCHILAS ESCOLARES,,Marca Externa,BLINK SOLUTIONS,1,301.12,349.3,32.26,0.1071,430.17,1,1,2024-11-01,301.12
50118692,T064,2024-03,ARTICULOS ESCOLARES,LIBRETAS EJECUTIVAS,LIBRETAS FORMA FRANCESA,MOOVING,Marca Externa,MOO-VINGO MEXICO,1,245.69,285.0,48.95,0.1992,245.69,1,1,2024-03-01,245.69
50118695,T073,2024-01,ARTICULOS ESCOLARES,LIBRETAS EJECUTIVAS,LIBRETAS FORMA FRANCESA,MOOVING,Marca Externa,MOO-VINGO MEXICO,1,283.62,329.0,55.61,0.1961,283.62,1,1,2024-01-01,283.62
50118698,T053,2024-03,ARTICULOS ESCOLARES,LIBRETAS EJECUTIVAS,LIBRETAS FORMA FRANCESA,VINGO MEXI,Marca Externa,MOO-VINGO MEXICO,1,219.83,255.0,45.25,0.2059,219.83,1,1,2024-03-01,219.83
50118699,T085,2024-02,ARTICULOS ESCOLARES,LIBRETAS EJECUTIVAS,LIBRETAS FORMA FRANCESA,MOOVING,Marca Externa,MOO-VINGO MEXICO,1,219.83,255.0,45.25,0.2059,219.83,1,1,2024-02-01,219.83
50119317,T058,2024-01,ARTICULOS ESCOLARES,LONCHERAS,LONCHERAS,SIN MARCA,Marca Externa,URBAN ARENA,1,354.96,411.75,35.49,0.1,473.28,1,1,2024-01-01,354.96
50119330,T032,2024-08,ARTICULOS ESCOLARES,MOCHILAS,MOCHILAS UNIVERSITARIAS,SIN MARCA,Marca Externa,URBAN ARENA,1,433.86,503.28,51.22,0.1181,602.59,1,1,2024-08-01,433.86
50119330,T065,2024-05,ARTICULOS ESCOLARES,MOCHILAS,MOCHILAS UNIVERSITARIAS,SIN MARCA,Marca Externa,URBAN ARENA,1,602.59,699.0,135.59,0.225,602.59,1,1,2024-05-01,602.59
50119341,T070,2025-02,ARTICULOS ESCOLARES,LONCHERAS,LONCHERAS,SIN MARCA,Marca Externa,URBAN ARENA,1,387.07,449.0,77.41,0.2,387.07,1,1,2025-02-01,387.07
50119343,T032,2025-02,ARTICULOS ESCOLARES,LONCHERAS,LONCHERAS,BED BATH &,Marca Externa,URBAN ARENA,1,503.54,584.1,97.53,0.1937,559.48,1,1,2025-02-01,503.54
50119343,T068,2024-06,ARTICULOS ESCOLARES,LONCHERAS,LONCHERAS,BED BATH &,Marca Externa,URBAN ARENA,1,447.59,519.2,69.94,0.1562,559.48,1,1,2024-06-01,447.59
50119434,T018,2024-08,ARTICULOS ESCOLARES,FORROS,FORRO PLASTICO,SIN MARCA,Marca Externa,DISTRIBUIDORA ABEST,1,39.53,45.85,3.1,0.0784,61.98,1,1,2024-08-01,39.53
50119434,T022,2025-08,ARTICULOS ESCOLARES,FORROS,FORRO PLASTICO,SIN MARCA,Marca Externa,DISTRIBUIDORA ABEST,1,61.98,71.9,12.67,0.2043,61.98,1,1,2025-08-01,61.98
50119434,T065,2025-07,ARTICULOS ESCOLARES,FORROS,FORRO PLASTICO,SIN MARCA,Marca Externa,DISTRIBUIDORA ABEST,1,61.98,71.9,12.67,0.2043,61.98,1,1,2025-07-01,61.98
50119434,T077,2025-09,ARTICULOS ESCOLARES,FORROS,FORRO PLASTICO,SIN MARCA,Marca Externa,DISTRIBUIDORA ABEST,2,123.97,143.8,25.34,0.2044,61.98,1,1,2025-09-01,61.985
50119434,T083,2024-08,ARTICULOS ESCOLARES,FORROS,FORRO PLASTICO,SIN MARCA,Marca Externa,DISTRIBUIDORA ABEST,1,39.53,45.85,3.1,0.0784,61.98,1,1,2024-08-01,39.53
50119724,T048,2025-07,ARTICULOS ESCOLARES,MARCADORES,MARCADORES DE CERA,SIN MARCA,Marca Externa,PELIKAN MEXICO,1,257.76,299.0,45.21,0.1754,257.76,1,1,2025-07-01,257.76
50119724,T071,2024-06,ARTICULOS ESCOLARES,MARCADORES,MARCADORES DE CERA,SIN MARCA,Marca Externa,PELIKAN MEXICO,1,257.76,299.0,49.2,0.1909,257.76,1,1,2024-06-01,257.76
50119727,T047,2025-07,ARTICULOS ESCOLARES,MARCADORES,MARCADORES DE CERA,SIN MARCA,Marca Externa,PELIKAN MEXICO,1,48.22,55.93,3.53,0.0732,68.88,1,1,2025-07-01,48.22
50119727,T083,2026-03,ARTICULOS ESCOLARES,MARCADORES,MARCADORES DE CERA,SIN MARCA,Marca Externa,PELIKAN MEXICO,2,123.98,143.82,20.83,0.168,68.88,1,1,2026-03-01,61.99
50119728,T025,2025-08,ARTICULOS ESCOLARES,MARCADORES,MARCADORES DE CERA,SIN MARCA,Marca Externa,PELIKAN MEXICO,1,154.31,179.0,29.28,0.1897,154.31,1,1,2025-08-01,154.31
50119731,T025,2024-08,ARTICULOS ESCOLARES,MARCADORES,MARCADORES DE CERA,SIN MARCA,Marca Externa,PELIKAN MEXICO,1,165.95,192.5,11.68,0.0704,237.07,1,1,2024-08-01,165.95
50119731,T047,2024-08,ARTICULOS ESCOLARES,MARCADORES,MARCADORES DE CERA,SIN MARCA,Marca Externa,PELIKAN MEXICO,1,237.07,275.0,47.34,0.1997,237.07,1,1,2024-08-01,237.07
50119731,T064,2024-01,ARTICULOS ESCOLARES,MARCADORES,MARCADORES DE CERA,SIN MARCA,Marca Externa,PELIKAN MEXICO,1,228.45,265.0,42.85,0.1876,237.07,1,1,2024-01-01,228.45
50120078,T019,2024-05,ARTICULOS ESCOLARES,MOCHILAS,MOCHILAS UNIVERSITARIAS,SIN MARCA,Marca Externa,APLI PAPER S.A.U.,1,516.72,599.4,26.55,0.0514,516.72,1,1,2024-05-01,516.72
50120078,T022,2024-02,ARTICULOS ESCOLARES,MOCHILAS,MOCHILAS UNIVERSITARIAS,SIN MARCA,Marca Externa,APLI PAPER S.A.U.,1,602.84,699.3,69.6,0.1155,516.72,1,1,2024-02-01,602.84
50120104,T023,2024-01,ARTICULOS ESCOLARES,LONCHERAS,LONCHERAS,SIN MARCA,Marca Externa,OPERADORA RUZ,1,351.21,407.4,56.27,0.1602,351.21,1,1,2024-01-01,351.21
50120106,T086,2024-04,ARTICULOS ESCOLARES,MOCHILAS,MOCHILAS ESCOLARES,SIN MARCA,Marca Externa,OPERADORA RUZ,1,381.26,442.26,74.58,0.1956,423.62,1,1,2024-04-01,381.26
50120107,T008,2024-01,ARTICULOS ESCOLARES,MOCHILAS,MOCHILAS ESCOLARES,SIN MARCA,Marca Externa,OPERADORA RUZ,1,485.69,563.4,156.6,0.3224,485.69,1,1,2024-01-01,485.69
50120154,T040,2024-03,ARTICULOS ESCOLARES,LAPICERAS Y ESTUCHES,LAPICERAS DE LICENCIAS,SIN MARCA,Marca Externa,OPERADORA RUZ,1,61.55,71.4,3.78,0.0613,61.55,1,1,2024-03-01,61.55
50120232,T009,2024-11,ARTICULOS ESCOLARES,FLAUTAS,FLAUTAS,SIN MARCA,Marca Externa,MAPED SILCO,1,63.36,73.5,4.47,0.0705,90.52,1,1,2024-11-01,63.36
50120232,T035,2024-06,ARTICULOS ESCOLARES,FLAUTAS,FLAUTAS,SIN MARCA,Marca Externa,MAPED SILCO,1,90.52,105.0,18.05,0.1994,90.52,1,1,2024-06-01,90.52
50120232,T047,2024-08,ARTICULOS ESCOLARES,FLAUTAS,FLAUTAS,SIN MARCA,Marca Externa,MAPED SILCO,1,90.52,105.0,18.05,0.1994,90.52,1,1,2024-08-01,90.52
50120232,T075,2024-08,ARTICULOS ESCOLARES,FLAUTAS,FLAUTAS,SIN MARCA,Marca Externa,MAPED SILCO,1,90.52,105.0,18.05,0.1994,90.52,1,1,2024-08-01,90.52
50120242,T001,2024-11,ARTICULOS ESCOLARES,LONCHERAS,HERMETICOS,SIN MARCA,Marca Externa,ZYLKU IMPORTACIONES,2,163.62,189.8,32.81,0.2005,81.81,1,1,2024-11-01,81.81
50120242,T076,2024-07,ARTICULOS ESCOLARES,LONCHERAS,HERMETICOS,SIN MARCA,Marca Externa,ZYLKU IMPORTACIONES,3,208.6,241.98,30.8,0.1477,81.81,1,1,2024-07-01,69.53333333333333
50120243,T006,2024-09,ARTICULOS ESCOLARES,LONCHERAS,HERMETICOS,SIN MARCA,Marca Externa,ZYLKU IMPORTACIONES,1,66.81,77.5,13.41,0.2006,66.81,1,1,2024-09-01,66.81
50120243,T013,2025-03,ARTICULOS ESCOLARES,LONCHERAS,HERMETICOS,SIN MARCA,Marca Externa,ZYLKU IMPORTACIONES,1,66.81,77.5,13.41,0.2006,66.81,1,1,2025-03-01,66.81
50120246,T011,2024-10,ARTICULOS ESCOLARES,LONCHERAS,HERMETICOS,SIN MARCA,Marca Externa,ZYLKU IMPORTACIONES,1,66.81,77.5,13.41,0.2006,66.81,1,1,2024-10-01,66.81
50120246,T019,2024-12,ARTICULOS ESCOLARES,LONCHERAS,HERMETICOS,SIN MARCA,Marca Externa,ZYLKU IMPORTACIONES,1,66.81,77.5,13.41,0.2006,66.81,1,1,2024-12-01,66.81
50120246,T055,2024-01,ARTICULOS ESCOLARES,LONCHERAS,HERMETICOS,SIN MARCA,Marca Externa,ZYLKU IMPORTACIONES,1,66.81,77.5,13.41,0.2006,66.81,1,1,2024-01-01,66.81
50120312,T039,2024-08,ARTICULOS ESCOLARES,LONCHERAS,BOTELLAS Y TERMOS,SIN MARCA,Marca Externa,ZYLKU IMPORTACIONES,1,58.54,67.9,11.77,0.2011,58.54,1,1,2024-08-01,58.54
50120313,T001,2024-05,ARTICULOS ESCOLARES,LONCHERAS,BOTELLAS Y TERMOS,SIN MARCA,Marca Externa,ZYLKU IMPORTACIONES,1,71.98,83.5,14.49,0.2013,71.98,1,1,2024-05-01,71.98
50120313,T022,2024-08,ARTICULOS ESCOLARES,LONCHERAS,BOTELLAS Y TERMOS,SIN MARCA,Marca Externa,ZYLKU IMPORTACIONES,1,71.98,83.5,14.49,0.2013,71.98,1,1,2024-08-01,71.98
50120313,T059,2024-03,ARTICULOS ESCOLARES,LONCHERAS,BOTELLAS Y TERMOS,SIN MARCA,Marca Externa,ZYLKU IMPORTACIONES,1,71.98,83.5,14.49,0.2013,71.98,1,1,2024-03-01,71.98
50120313,T061,2024-08,ARTICULOS ESCOLARES,LONCHERAS,BOTELLAS Y TERMOS,SIN MARCA,Marca Externa,ZYLKU IMPORTACIONES,2,108.24,116.9,11.12,0.1027,71.98,1,1,2024-08-01,54.12
50120315,T012,2024-10,ARTICULOS ESCOLARES,LONCHERAS,BOTELLAS Y TERMOS,SIN MARCA,Marca Externa,ZYLKU IMPORTACIONES,1,231.9,269.0,46.45,0.2003,231.9,1,1,2024-10-01,231.9
50120315,T064,2024-05,ARTICULOS ESCOLARES,LONCHERAS,BOTELLAS Y TERMOS,SIN MARCA,Marca Externa,ZYLKU IMPORTACIONES,1,231.9,269.0,46.45,0.2003,231.9,1,1,2024-05-01,231.9
50120316,T001,2024-04,ARTICULOS ESCOLARES,LONCHERAS,HERMETICOS,SIN MARCA,Marca Externa,ZYLKU IMPORTACIONES,1,137.93,160.0,27.47,0.1991,137.93,1,1,2024-04-01,137.93
50120316,T001,2025-08,ARTICULOS ESCOLARES,LONCHERAS,HERMETICOS,SIN MARCA,Marca Externa,ZYLKU IMPORTACIONES,1,137.93,160.0,23.47,0.1701,137.93,1,1,2025-08-01,137.93
50120316,T004,2025-05,ARTICULOS ESCOLARES,LONCHERAS,HERMETICOS,SIN MARCA,Marca Externa,ZYLKU IMPORTACIONES,1,137.93,160.0,27.47,0.1991,137.93,1,1,2025-05-01,137.93
50120316,T016,2025-10,ARTICULOS ESCOLARES,LONCHERAS,HERMETICOS,SIN MARCA,Marca Externa,ZYLKU IMPORTACIONES,1,137.93,160.0,23.91,0.1733,137.93,1,1,2025-10-01,137.93
50120316,T037,2024-08,ARTICULOS ESCOLARES,LONCHERAS,HERMETICOS,SIN MARCA,Marca Externa,ZYLKU IMPORTACIONES,1,137.93,160.0,27.47,0.1991,137.93,1,1,2024-08-01,137.93
50120316,T044,2025-05,ARTICULOS ESCOLARES,LONCHERAS,HERMETICOS,SIN MARCA,Marca Externa,ZYLKU IMPORTACIONES,1,137.93,160.0,27.47,0.1991,137.93,1,1,2025-05-01,137.93
50120316,T059,2025-08,ARTICULOS ESCOLARES,LONCHERAS,HERMETICOS,SIN MARCA,Marca Externa,ZYLKU IMPORTACIONES,1,137.93,160.0,23.91,0.1733,137.93,1,1,2025-08-01,137.93
50120316,T063,2024-03,ARTICULOS ESCOLARES,LONCHERAS,HERMETICOS,SIN MARCA,Marca Externa,ZYLKU IMPORTACIONES,1,137.93,160.0,27.47,0.1991,137.93,1,1,2024-03-01,137.93
50120316,T070,2026-01,ARTICULOS ESCOLARES,LONCHERAS,HERMETICOS,SIN MARCA,Marca Externa,ZYLKU IMPORTACIONES,1,137.93,160.0,27.47,0.1991,137.93,1,1,2026-01-01,137.93
50120317,T038,2024-08,ARTICULOS ESCOLARES,LONCHERAS,HERMETICOS,SIN MARCA,Marca Externa,ZYLKU IMPORTACIONES,1,343.97,399.0,68.49,0.1991,343.97,1,1,2024-08-01,343.97
50120317,T038,2025-05,ARTICULOS ESCOLARES,LONCHERAS,HERMETICOS,SIN MARCA,Marca Externa,ZYLKU IMPORTACIONES,1,343.97,399.0,57.99,0.1686,343.97,1,1,2025-05-01,343.97
50120317,T072,2024-08,ARTICULOS ESCOLARES,LONCHERAS,HERMETICOS,SIN MARCA,Marca Externa,ZYLKU IMPORTACIONES,1,343.97,399.0,68.49,0.1991,343.97,1,1,2024-08-01,343.97
50120318,T054,2024-05,ARTICULOS ESCOLARES,LONCHERAS,HERMETICOS,SIN MARCA,Marca Externa,ZYLKU IMPORTACIONES,2,577.59,670.0,116.8,0.2022,288.79,1,1,2024-05-01,288.795
50120318,T069,2025-08,ARTICULOS ESCOLARES,LONCHERAS,HERMETICOS,SIN MARCA,Marca Externa,ZYLKU IMPORTACIONES,2,577.59,670.0,104.05,0.1801,288.79,1,1,2025-08-01,288.795
50120319,T001,2024-06,ARTICULOS ESCOLARES,LONCHERAS,HERMETICOS,SIN MARCA,Marca Externa,ZYLKU IMPORTACIONES,1,288.79,335.0,57.4,0.1987,288.79,1,1,2024-06-01,288.79
50120319,T002,2025-01,ARTICULOS ESCOLARES,LONCHERAS,HERMETICOS,SIN MARCA,Marca Externa,ZYLKU IMPORTACIONES,1,288.79,335.0,57.4,0.1987,288.79,1,1,2025-01-01,288.79
50120319,T025,2024-06,ARTICULOS ESCOLARES,LONCHERAS,HERMETICOS,SIN MARCA,Marca Externa,ZYLKU IMPORTACIONES,1,288.79,335.0,57.4,0.1987,288.79,1,1,2024-06-01,288.79
50120319,T028,2025-09,ARTICULOS ESCOLARES,LONCHERAS,HERMETICOS,SIN MARCA,Marca Externa,ZYLKU IMPORTACIONES,1,288.79,335.0,51.02,0.1767,288.79,1,1,2025-09-01,288.79
50120319,T047,2025-08,ARTICULOS ESCOLARES,LONCHERAS,HERMETICOS,SIN MARCA,Marca Externa,ZYLKU IMPORTACIONES,1,288.79,335.0,48.9,0.1693,288.79,1,1,2025-08-01,288.79
50120319,T085,2024-04,ARTICULOS ESCOLARES,LONCHERAS,HERMETICOS,SIN MARCA,Marca Externa,ZYLKU IMPORTACIONES,1,288.79,335.0,57.4,0.1987,288.79,1,1,2024-04-01,288.79
50120319,T085,2026-03,ARTICULOS ESCOLARES,LONCHERAS,HERMETICOS,SIN MARCA,Marca Externa,ZYLKU IMPORTACIONES,1,288.79,335.0,48.9,0.1693,288.79,1,1,2026-03-01,288.79
50120320,T001,2025-08,ARTICULOS ESCOLARES,LONCHERAS,HERMETICOS,SIN MARCA,Marca Externa,ZYLKU IMPORTACIONES,1,206.04,239.0,35.58,0.1727,206.04,1,1,2025-08-01,206.04
50120320,T011,2026-02,ARTICULOS ESCOLARES,LONCHERAS,HERMETICOS,SIN MARCA,Marca Externa,ZYLKU IMPORTACIONES,1,206.04,239.0,35.52,0.1724,206.04,1,1,2026-02-01,206.04
50120320,T013,2024-09,ARTICULOS ESCOLARES,LONCHERAS,HERMETICOS,SIN MARCA,Marca Externa,ZYLKU IMPORTACIONES,2,412.07,478.0,83.03,0.2015,206.04,1,1,2024-09-01,206.035
50120320,T019,2024-05,ARTICULOS ESCOLARES,LONCHERAS,HERMETICOS,SIN MARCA,Marca Externa,ZYLKU IMPORTACIONES,2,412.07,478.0,83.03,0.2015,206.04,1,1,2024-05-01,206.035
50120320,T027,2025-03,ARTICULOS ESCOLARES,LONCHERAS,HERMETICOS,SIN MARCA,Marca Externa,ZYLKU IMPORTACIONES,3,618.1,717.0,124.55,0.2015,206.04,1,1,2025-03-01,206.03333333333333
50120320,T048,2024-08,ARTICULOS ESCOLARES,LONCHERAS,HERMETICOS,SIN MARCA,Marca Externa,ZYLKU IMPORTACIONES,2,412.07,478.0,83.04,0.2015,206.04,1,1,2024-08-01,206.035
50120366,T012,2024-07,ARTICULOS ESCOLARES,LAPICES,LAPICES CHECADORES,SIN MARCA,Marca Externa,DIXON COMERCIALIZADORA,1,54.22,62.9,10.34,0.1908,54.22,1,1,2024-07-01,54.22
50120366,T014,2025-08,ARTICULOS ESCOLARES,LAPICES,LAPICES CHECADORES,SIN MARCA,Marca Externa,DIXON COMERCIALIZADORA,1,54.22,62.9,10.34,0.1908,54.22,1,1,2025-08-01,54.22
50120366,T019,2025-06,ARTICULOS ESCOLARES,LAPICES,LAPICES CHECADORES,SIN MARCA,Marca Externa,DIXON COMERCIALIZADORA,1,54.22,62.9,10.34,0.1908,54.22,1,1,2025-06-01,54.22
50120366,T031,2025-08,ARTICULOS ESCOLARES,LAPICES,LAPICES CHECADORES,SIN MARCA,Marca Externa,DIXON COMERCIALIZADORA,2,97.6,113.22,15.27,0.15215,54.22,2,2,2025-08-01,48.8
50120366,T036,2024-08,ARTICULOS ESCOLARES,LAPICES,LAPICES CHECADORES,SIN MARCA,Marca Externa,DIXON COMERCIALIZADORA,3,162.67,188.7,31.04,0.1908,54.22,1,1,2024-08-01,54.22333333333333
50120366,T045,2024-04,ARTICULOS ESCOLARES,LAPICES,LAPICES CHECADORES,SIN MARCA,Marca Externa,DIXON COMERCIALIZADORA,1,54.22,62.9,10.34,0.1908,54.22,1,1,2024-04-01,54.22
50120366,T051,2025-07,ARTICULOS ESCOLARES,LAPICES,LAPICES CHECADORES,SIN MARCA,Marca Externa,DIXON COMERCIALIZADORA,1,54.22,62.9,10.34,0.1908,54.22,1,1,2025-07-01,54.22
50120366,T056,2024-07,ARTICULOS ESCOLARES,LAPICES,LAPICES CHECADORES,SIN MARCA,Marca Externa,DIXON COMERCIALIZADORA,1,54.22,62.9,10.34,0.1908,54.22,1,1,2024-07-01,54.22
50120366,T057,2025-08,ARTICULOS ESCOLARES,LAPICES,LAPICES CHECADORES,SIN MARCA,Marca Externa,DIXON COMERCIALIZADORA,1,46.59,50.32,6.53,0.1402,54.22,1,1,2025-08-01,46.59
50120366,T061,2025-08,ARTICULOS ESCOLARES,LAPICES,LAPICES CHECADORES,SIN MARCA,Marca Externa,DIXON COMERCIALIZADORA,2,116.48,125.8,24.71,0.2121,54.22,1,1,2025-08-01,58.24
50120366,T062,2025-09,ARTICULOS ESCOLARES,LAPICES,LAPICES CHECADORES,SIN MARCA,Marca Externa,DIXON COMERCIALIZADORA,1,54.22,62.9,10.34,0.1908,54.22,1,1,2025-09-01,54.22
50120366,T065,2024-08,ARTICULOS ESCOLARES,LAPICES,LAPICES CHECADORES,SIN MARCA,Marca Externa,DIXON COMERCIALIZADORA,1,54.22,62.9,10.34,0.1908,54.22,1,1,2024-08-01,54.22
50120499,T014,2025-11,ARTICULOS ESCOLARES,MARCADORES,MARCADORES DE CERA,SN,Marca Externa,DIXON COMERCIALIZADORA,1,34.05,39.5,6.07,0.1784,34.05,1,1,2025-11-01,34.05
50120499,T031,2024-08,ARTICULOS ESCOLARES,MARCADORES,MARCADORES DE CERA,SN,Marca Externa,DIXON COMERCIALIZADORA,2,47.67,55.3,1.94,0.0406,34.05,1,1,2024-08-01,23.835
50120499,T031,2025-08,ARTICULOS ESCOLARES,MARCADORES,MARCADORES DE CERA,SN,Marca Externa,DIXON COMERCIALIZADORA,1,34.05,39.5,6.07,0.1784,34.05,1,1,2025-08-01,34.05
50120499,T048,2024-07,ARTICULOS ESCOLARES,MARCADORES,MARCADORES DE CERA,SN,Marca Externa,DIXON COMERCIALIZADORA,1,34.05,39.5,6.07,0.1784,34.05,1,1,2024-07-01,34.05
50120499,T048,2025-07,ARTICULOS ESCOLARES,MARCADORES,MARCADORES DE CERA,SN,Marca Externa,DIXON COMERCIALIZADORA,2,68.1,79.0,12.15,0.1784,34.05,1,1,2025-07-01,34.05
50122004,T012,2024-02,ARTICULOS ESCOLARES,LIBRETAS EJECUTIVAS,LIBRETAS FORMA FRANCESA,S/N,Marca Externa,GRUPO TZIAN,1,180.17,209.0,36.04,0.2,180.17,1,1,2024-02-01,180.17
50122828,T014,2024-05,ARTICULOS ESCOLARES,MOCHILAS,MOCHILAS UNIVERSITARIAS,SN,Marca Externa,URBAN ARENA,1,1292.24,1499.0,290.75,0.225,1292.24,1,1,2024-05-01,1292.24
50122830,T047,2024-06,ARTICULOS ESCOLARES,LONCHERAS,LONCHERAS,SN,Marca Externa,URBAN ARENA,1,559.48,649.0,125.88,0.225,559.48,1,1,2024-06-01,559.48
50122834,T006,2025-04,ARTICULOS ESCOLARES,MOCHILAS,MOCHILAS UNIVERSITARIAS,SN,Marca Externa,URBAN ARENA,1,1292.24,1499.0,290.75,0.225,1292.24,1,1,2025-04-01,1292.24
50122839,T041,2025-12,ARTICULOS ESCOLARES,MOCHILAS,MOCHILAS UNIVERSITARIAS,SN,Marca Externa,URBAN ARENA,1,947.41,1099.0,213.17,0.225,947.41,1,1,2025-12-01,947.41
50123108,T067,2024-10,ARTICULOS ESCOLARES,BLOCKS,BLOCKS ESQUELA,SN,Marca Externa,MOO-VINGO MEXICO,1,92.59,107.4,0.63,0.0068,154.31,1,1,2024-10-01,92.59
50123108,T073,2024-01,ARTICULOS ESCOLARES,BLOCKS,BLOCKS ESQUELA,SN,Marca Externa,MOO-VINGO MEXICO,1,154.31,179.0,31.49,0.2041,154.31,1,1,2024-01-01,154.31
50123108,T076,2024-03,ARTICULOS ESCOLARES,BLOCKS,BLOCKS ESQUELA,VINGO MEXI,Marca Externa,MOO-VINGO MEXICO,1,154.31,179.0,31.49,0.2041,154.31,1,1,2024-03-01,154.31
50123145,T008,2024-06,ARTICULOS ESCOLARES,BLOCKS,BLOCKS ESQUELA,SN,Marca Externa,MOO-VINGO MEXICO,1,108.02,125.3,8.34,0.0773,154.31,1,1,2024-06-01,108.02
50123145,T025,2024-03,ARTICULOS ESCOLARES,BLOCKS,BLOCKS ESQUELA,SN,Marca Externa,MOO-VINGO MEXICO,1,154.31,179.0,31.49,0.2041,154.31,1,1,2024-03-01,154.31
50123145,T072,2024-02,ARTICULOS ESCOLARES,BLOCKS,BLOCKS ESQUELA,SN,Marca Externa,MOO-VINGO MEXICO,1,154.31,179.0,31.49,0.2041,154.31,1,1,2024-02-01,154.31
50123161,T006,2024-08,ARTICULOS ESCOLARES,MARCATEXTOS,MARCATEXTOS DOBLE PUNTA,SN,Marca Externa,MOO-VINGO MEXICO,1,107.76,125.0,22.42,0.208,107.76,1,1,2024-08-01,107.76
50123161,T032,2024-09,ARTICULOS ESCOLARES,MARCATEXTOS,MARCATEXTOS DOBLE PUNTA,SN,Marca Externa,MOO-VINGO MEXICO,1,107.76,125.0,22.42,0.208,107.76,1,1,2024-09-01,107.76
50123161,T044,2024-08,ARTICULOS ESCOLARES,MARCATEXTOS,MARCATEXTOS DOBLE PUNTA,SN,Marca Externa,MOO-VINGO MEXICO,1,107.76,125.0,22.42,0.208,107.76,1,1,2024-08-01,107.76
50123161,T048,2024-06,ARTICULOS ESCOLARES,MARCATEXTOS,MARCATEXTOS DOBLE PUNTA,SN,Marca Externa,MOO-VINGO MEXICO,1,107.76,125.0,22.42,0.208,107.76,1,1,2024-06-01,107.76
50123161,T072,2024-01,ARTICULOS ESCOLARES,MARCATEXTOS,MARCATEXTOS DOBLE PUNTA,SN,Marca Externa,MOO-VINGO MEXICO,1,107.76,125.0,22.42,0.208,107.76,1,1,2024-01-01,107.76
50124803,T044,2024-07,ARTICULOS ESCOLARES,PLUMAS Y LAPICEROS FINOS,BOLIGRAFOS FINOS,SN,Marca Externa,KYMA CA,1,366.38,425.0,82.95,0.2264,366.38,1,1,2024-07-01,366.38
50125247,T001,2024-09,ARTICULOS ESCOLARES,LONCHERAS,BOTELLAS Y TERMOS,OFFICEMAX,Marca Propia,OFFICE DEPOT ASIA HOLDING,1,150.86,175.0,44.26,0.2934,150.86,1,1,2024-09-01,150.86
50125247,T014,2024-08,ARTICULOS ESCOLARES,LONCHERAS,BOTELLAS Y TERMOS,OFFICEMAX,Marca Propia,OFFICE DEPOT ASIA HOLDING,1,128.23,148.75,32.94,0.2569,150.86,1,1,2024-08-01,128.23
50125247,T016,2024-07,ARTICULOS ESCOLARES,LONCHERAS,BOTELLAS Y TERMOS,OFFICEMAX,Marca Propia,OFFICE DEPOT ASIA HOLDING,1,150.86,175.0,44.26,0.2934,150.86,1,1,2024-07-01,150.86
50125247,T016,2024-08,ARTICULOS ESCOLARES,LONCHERAS,BOTELLAS Y TERMOS,OFFICEMAX,Marca Propia,OFFICE DEPOT ASIA HOLDING,1,105.6,122.5,21.63,0.2048,150.86,1,1,2024-08-01,105.6
50125247,T017,2024-08,ARTICULOS ESCOLARES,LONCHERAS,BOTELLAS Y TERMOS,OFFICEMAX,Marca Propia,OFFICE DEPOT ASIA HOLDING,1,150.86,175.0,44.26,0.2934,150.86,1,1,2024-08-01,150.86
50125247,T018,2024-08,ARTICULOS ESCOLARES,LONCHERAS,BOTELLAS Y TERMOS,OFFICEMAX,Marca Propia,OFFICE DEPOT ASIA HOLDING,1,105.6,122.5,21.63,0.2048,150.86,1,1,2024-08-01,105.6
50125247,T019,2024-08,ARTICULOS ESCOLARES,LONCHERAS,BOTELLAS Y TERMOS,OFFICEMAX,Marca Propia,OFFICE DEPOT ASIA HOLDING,1,150.86,175.0,44.26,0.2934,150.86,1,1,2024-08-01,150.86
50125247,T030,2025-01,ARTICULOS ESCOLARES,LONCHERAS,BOTELLAS Y TERMOS,OFFICEMAX,Marca Propia,OFFICE DEPOT ASIA HOLDING,1,120.69,140.0,29.17,0.2417,150.86,1,1,2025-01-01,120.69
50125247,T036,2024-09,ARTICULOS ESCOLARES,LONCHERAS,BOTELLAS Y TERMOS,OFFICEMAX,Marca Propia,OFFICE DEPOT ASIA HOLDING,1,150.86,175.0,44.26,0.2934,150.86,1,1,2024-09-01,150.86
50125247,T037,2024-08,ARTICULOS ESCOLARES,LONCHERAS,BOTELLAS Y TERMOS,OFFICEMAX,Marca Propia,OFFICE DEPOT ASIA HOLDING,1,128.23,148.75,32.94,0.2569,150.86,1,1,2024-08-01,128.23
50125247,T052,2024-08,ARTICULOS ESCOLARES,LONCHERAS,BOTELLAS Y TERMOS,OFFICEMAX,Marca Propia,OFFICE DEPOT ASIA HOLDING,1,150.86,175.0,44.26,0.2934,150.86,1,1,2024-08-01,150.86
50125247,T064,2024-08,ARTICULOS ESCOLARES,LONCHERAS,BOTELLAS Y TERMOS,OFFICEMAX,Marca Propia,OFFICE DEPOT ASIA HOLDING,1,150.86,175.0,44.26,0.2934,150.86,1,1,2024-08-01,150.86
50125247,T077,2024-08,ARTICULOS ESCOLARES,LONCHERAS,BOTELLAS Y TERMOS,OFFICEMAX,Marca Propia,OFFICE DEPOT ASIA HOLDING,1,105.6,122.5,21.63,0.2048,150.86,1,1,2024-08-01,105.6
50125247,T077,2024-10,ARTICULOS ESCOLARES,LONCHERAS,BOTELLAS Y TERMOS,OFFICEMAX,Marca Propia,OFFICE DEPOT ASIA HOLDING,1,150.86,175.0,44.26,0.2934,150.86,1,1,2024-10-01,150.86
50125250,T013,2024-08,ARTICULOS ESCOLARES,LONCHERAS,BOTELLAS Y TERMOS,OFFICEMAX,Marca Propia,OFFICE DEPOT ASIA HOLDING,1,101.98,118.3,20.48,0.2009,145.69,1,1,2024-08-01,101.98
50125250,T014,2024-08,ARTICULOS ESCOLARES,LONCHERAS,BOTELLAS Y TERMOS,OFFICEMAX,Marca Propia,OFFICE DEPOT ASIA HOLDING,1,101.98,118.3,20.48,0.2009,145.69,1,1,2024-08-01,101.98
50125250,T017,2025-07,ARTICULOS ESCOLARES,LONCHERAS,BOTELLAS Y TERMOS,OFFICEMAX,Marca Propia,OFFICE DEPOT ASIA HOLDING,1,145.69,169.0,37.2,0.2553,145.69,1,1,2025-07-01,145.69
50125250,T018,2025-07,ARTICULOS ESCOLARES,LONCHERAS,BOTELLAS Y TERMOS,OFFICEMAX,Marca Propia,OFFICE DEPOT ASIA HOLDING,2,291.38,338.0,74.4,0.2553,145.69,1,1,2025-07-01,145.69
50125250,T023,2024-08,ARTICULOS ESCOLARES,LONCHERAS,BOTELLAS Y TERMOS,OFFICEMAX,Marca Propia,OFFICE DEPOT ASIA HOLDING,1,145.69,169.0,42.34,0.2906,145.69,1,1,2024-08-01,145.69
50125250,T027,2024-08,ARTICULOS ESCOLARES,LONCHERAS,BOTELLAS Y TERMOS,OFFICEMAX,Marca Propia,OFFICE DEPOT ASIA HOLDING,1,101.98,118.3,20.49,0.2009,145.69,1,1,2024-08-01,101.98
50125250,T027,2025-08,ARTICULOS ESCOLARES,LONCHERAS,BOTELLAS Y TERMOS,OFFICEMAX,Marca Propia,OFFICE DEPOT ASIA HOLDING,2,291.38,338.0,74.4,0.2553,145.69,2,2,2025-08-01,145.69
50125250,T032,2024-08,ARTICULOS ESCOLARES,LONCHERAS,BOTELLAS Y TERMOS,OFFICEMAX,Marca Propia,OFFICE DEPOT ASIA HOLDING,1,91.79,106.47,16.99,0.1851,145.69,1,1,2024-08-01,91.79
50125250,T033,2024-08,ARTICULOS ESCOLARES,LONCHERAS,BOTELLAS Y TERMOS,OFFICEMAX,Marca Propia,OFFICE DEPOT ASIA HOLDING,1,145.69,169.0,42.34,0.2906,145.69,1,1,2024-08-01,145.69
50125250,T039,2024-07,ARTICULOS ESCOLARES,LONCHERAS,BOTELLAS Y TERMOS,OFFICEMAX,Marca Propia,OFFICE DEPOT ASIA HOLDING,1,145.69,169.0,42.34,0.2906,145.69,1,1,2024-07-01,145.69
50125250,T046,2024-08,ARTICULOS ESCOLARES,LONCHERAS,BOTELLAS Y TERMOS,OFFICEMAX,Marca Propia,OFFICE DEPOT ASIA HOLDING,1,98.58,106.47,18.79,0.1906,145.69,1,1,2024-08-01,98.58
50125250,T048,2025-08,ARTICULOS ESCOLARES,LONCHERAS,BOTELLAS Y TERMOS,OFFICEMAX,Marca Propia,OFFICE DEPOT ASIA HOLDING,1,145.69,169.0,37.2,0.2553,145.69,1,1,2025-08-01,145.69
50125250,T056,2025-08,ARTICULOS ESCOLARES,LONCHERAS,BOTELLAS Y TERMOS,OFFICEMAX,Marca Propia,OFFICE DEPOT ASIA HOLDING,1,145.69,169.0,37.2,0.2553,145.69,1,1,2025-08-01,145.69
50125250,T059,2024-08,ARTICULOS ESCOLARES,LONCHERAS,BOTELLAS Y TERMOS,OFFICEMAX,Marca Propia,OFFICE DEPOT ASIA HOLDING,1,145.69,169.0,42.34,0.2906,145.69,1,1,2024-08-01,145.69
50125250,T062,2025-08,ARTICULOS ESCOLARES,LONCHERAS,BOTELLAS Y TERMOS,OFFICEMAX,Marca Propia,OFFICE DEPOT ASIA HOLDING,1,145.69,169.0,37.2,0.2553,145.69,1,1,2025-08-01,145.69
50125250,T065,2024-08,ARTICULOS ESCOLARES,LONCHERAS,BOTELLAS Y TERMOS,OFFICEMAX,Marca Propia,OFFICE DEPOT ASIA HOLDING,1,145.69,169.0,42.34,0.2906,145.69,1,1,2024-08-01,145.69
50125250,T065,2025-08,ARTICULOS ESCOLARES,LONCHERAS,BOTELLAS Y TERMOS,OFFICEMAX,Marca Propia,OFFICE DEPOT ASIA HOLDING,1,145.69,169.0,37.2,0.2553,145.69,1,1,2025-08-01,145.69
50125250,T069,2024-08,ARTICULOS ESCOLARES,LONCHERAS,BOTELLAS Y TERMOS,OFFICEMAX,Marca Propia,OFFICE DEPOT ASIA HOLDING,1,145.69,169.0,42.34,0.2906,145.69,1,1,2024-08-01,145.69
50125250,T083,2025-08,ARTICULOS ESCOLARES,LONCHERAS,BOTELLAS Y TERMOS,OFFICEMAX,Marca Propia,OFFICE DEPOT ASIA HOLDING,1,145.69,169.0,37.2,0.2553,145.69,1,1,2025-08-01,145.69
50125250,T086,2025-08,ARTICULOS ESCOLARES,LONCHERAS,BOTELLAS Y TERMOS,OFFICEMAX,Marca Propia,OFFICE DEPOT ASIA HOLDING,1,145.69,169.0,37.2,0.2553,145.69,1,1,2025-08-01,145.69
50125250,T087,2024-08,ARTICULOS ESCOLARES,LONCHERAS,BOTELLAS Y TERMOS,OFFICEMAX,Marca Propia,OFFICE DEPOT ASIA HOLDING,1,145.69,169.0,42.34,0.2906,145.69,1,1,2024-08-01,145.69
50125250,T087,2025-10,ARTICULOS ESCOLARES,LONCHERAS,BOTELLAS Y TERMOS,OFFICEMAX,Marca Propia,OFFICE DEPOT ASIA HOLDING,1,145.69,169.0,37.2,0.2553,145.69,1,1,2025-10-01,145.69
50125251,T001,2024-08,ARTICULOS ESCOLARES,LAPICERAS Y ESTUCHES,LAPICERAS DE LICENCIAS,OFFICEMAX,Marca Propia,OFFICE DEPOT ASIA HOLDING,1,66.72,77.4,2.71,0.0406,77.84,1,1,2024-08-01,66.72
50125251,T004,2024-08,ARTICULOS ESCOLARES,LAPICERAS Y ESTUCHES,LAPICERAS DE LICENCIAS,OFFICEMAX,Marca Propia,OFFICE DEPOT ASIA HOLDING,1,88.97,103.2,13.84,0.1555,77.84,1,1,2024-08-01,88.97
50125251,T005,2024-09,ARTICULOS ESCOLARES,LAPICERAS Y ESTUCHES,LAPICERAS DE LICENCIAS,OFFICEMAX,Marca Propia,OFFICE DEPOT ASIA HOLDING,1,77.84,90.3,8.27,0.1062,77.84,1,1,2024-09-01,77.84
50125251,T011,2024-09,ARTICULOS ESCOLARES,LAPICERAS Y ESTUCHES,LAPICERAS DE LICENCIAS,OFFICEMAX,Marca Propia,OFFICE DEPOT ASIA HOLDING,1,77.84,90.3,8.27,0.1062,77.84,1,1,2024-09-01,77.84
50125251,T012,2024-08,ARTICULOS ESCOLARES,LAPICERAS Y ESTUCHES,LAPICERAS DE LICENCIAS,OFFICEMAX,Marca Propia,OFFICE DEPOT ASIA HOLDING,1,88.97,103.2,13.84,0.1555,77.84,1,1,2024-08-01,88.97
50125251,T013,2024-08,ARTICULOS ESCOLARES,LAPICERAS Y ESTUCHES,LAPICERAS DE LICENCIAS,OFFICEMAX,Marca Propia,OFFICE DEPOT ASIA HOLDING,1,88.97,103.2,13.84,0.1555,77.84,1,1,2024-08-01,88.97
50125251,T018,2024-08,ARTICULOS ESCOLARES,LAPICERAS Y ESTUCHES,LAPICERAS DE LICENCIAS,OFFICEMAX,Marca Propia,OFFICE DEPOT ASIA HOLDING,1,77.84,90.3,8.27,0.1062,77.84,1,1,2024-08-01,77.84
50125251,T039,2024-09,ARTICULOS ESCOLARES,LAPICERAS Y ESTUCHES,LAPICERAS DE LICENCIAS,OFFICEMAX,Marca Propia,OFFICE DEPOT ASIA HOLDING,1,77.84,90.3,8.27,0.1062,77.84,1,1,2024-09-01,77.84
50125251,T041,2024-08,ARTICULOS ESCOLARES,LAPICERAS Y ESTUCHES,LAPICERAS DE LICENCIAS,OFFICEMAX,Marca Propia,OFFICE DEPOT ASIA HOLDING,1,88.97,103.2,13.84,0.1555,77.84,1,1,2024-08-01,88.97
50125251,T042,2024-08,ARTICULOS ESCOLARES,LAPICERAS Y ESTUCHES,LAPICERAS DE LICENCIAS,OFFICEMAX,Marca Propia,OFFICE DEPOT ASIA HOLDING,2,200.18,232.2,38.8,0.18995,77.84,2,2,2024-08-01,100.09
50125251,T048,2024-09,ARTICULOS ESCOLARES,LAPICERAS Y ESTUCHES,LAPICERAS DE LICENCIAS,OFFICEMAX,Marca Propia,OFFICE DEPOT ASIA HOLDING,1,77.84,90.3,8.27,0.1062,77.84,1,1,2024-09-01,77.84
50125251,T049,2024-08,ARTICULOS ESCOLARES,LAPICERAS Y ESTUCHES,LAPICERAS DE LICENCIAS,OFFICEMAX,Marca Propia,OFFICE DEPOT ASIA HOLDING,1,66.72,77.4,2.71,0.0406,77.84,1,1,2024-08-01,66.72
50125251,T049,2024-11,ARTICULOS ESCOLARES,LAPICERAS Y ESTUCHES,LAPICERAS DE LICENCIAS,OFFICEMAX,Marca Propia,OFFICE DEPOT ASIA HOLDING,1,77.84,90.3,8.27,0.1062,77.84,1,1,2024-11-01,77.84
50125251,T053,2024-08,ARTICULOS ESCOLARES,LAPICERAS Y ESTUCHES,LAPICERAS DE LICENCIAS,OFFICEMAX,Marca Propia,OFFICE DEPOT ASIA HOLDING,1,111.21,129.0,24.96,0.2244,77.84,1,1,2024-08-01,111.21
50125251,T054,2024-08,ARTICULOS ESCOLARES,LAPICERAS Y ESTUCHES,LAPICERAS DE LICENCIAS,OFFICEMAX,Marca Propia,OFFICE DEPOT ASIA HOLDING,1,66.72,77.4,2.71,0.0406,77.84,1,1,2024-08-01,66.72
50125251,T060,2024-10,ARTICULOS ESCOLARES,LAPICERAS Y ESTUCHES,LAPICERAS DE LICENCIAS,OFFICEMAX,Marca Propia,OFFICE DEPOT ASIA HOLDING,1,77.84,90.3,8.27,0.1062,77.84,1,1,2024-10-01,77.84
50125251,T063,2024-12,ARTICULOS ESCOLARES,LAPICERAS Y ESTUCHES,LAPICERAS DE LICENCIAS,OFFICEMAX,Marca Propia,OFFICE DEPOT ASIA HOLDING,1,111.21,129.0,24.96,0.2244,77.84,1,1,2024-12-01,111.21
50125251,T065,2024-10,ARTICULOS ESCOLARES,LAPICERAS Y ESTUCHES,LAPICERAS DE LICENCIAS,OFFICEMAX,Marca Propia,OFFICE DEPOT ASIA HOLDING,1,77.84,90.3,8.27,0.1062,77.84,1,1,2024-10-01,77.84
50125251,T065,2025-01,ARTICULOS ESCOLARES,LAPICERAS Y ESTUCHES,LAPICERAS DE LICENCIAS,OFFICEMAX,Marca Propia,OFFICE DEPOT ASIA HOLDING,1,128.45,149.0,33.57,0.2614,77.84,1,1,2025-01-01,128.45
50125251,T069,2024-07,ARTICULOS ESCOLARES,LAPICERAS Y ESTUCHES,LAPICERAS DE LICENCIAS,OFFICEMAX,Marca Propia,OFFICE DEPOT ASIA HOLDING,1,111.21,129.0,24.96,0.2244,77.84,1,1,2024-07-01,111.21
50125251,T069,2024-08,ARTICULOS ESCOLARES,LAPICERAS Y ESTUCHES,LAPICERAS DE LICENCIAS,OFFICEMAX,Marca Propia,OFFICE DEPOT ASIA HOLDING,1,88.97,103.2,13.84,0.1555,77.84,1,1,2024-08-01,88.97
50125251,T071,2024-09,ARTICULOS ESCOLARES,LAPICERAS Y ESTUCHES,LAPICERAS DE LICENCIAS,OFFICEMAX,Marca Propia,OFFICE DEPOT ASIA HOLDING,1,77.84,90.3,8.27,0.1062,77.84,1,1,2024-09-01,77.84
50125251,T071,2024-10,ARTICULOS ESCOLARES,LAPICERAS Y ESTUCHES,LAPICERAS DE LICENCIAS,OFFICEMAX,Marca Propia,OFFICE DEPOT ASIA HOLDING,1,77.84,90.3,8.27,0.1062,77.84,1,1,2024-10-01,77.84
50125251,T079,2024-08,ARTICULOS ESCOLARES,LAPICERAS Y ESTUCHES,LAPICERAS DE LICENCIAS,OFFICEMAX,Marca Propia,OFFICE DEPOT ASIA HOLDING,1,88.97,103.2,13.84,0.1555,77.84,1,1,2024-08-01,88.97
50125251,T080,2024-09,ARTICULOS ESCOLARES,LAPICERAS Y ESTUCHES,LAPICERAS DE LICENCIAS,OFFICEMAX,Marca Propia,OFFICE DEPOT ASIA HOLDING,1,77.84,90.3,8.27,0.1062,77.84,1,1,2024-09-01,77.84
50125251,T082,2024-08,ARTICULOS ESCOLARES,LAPICERAS Y ESTUCHES,LAPICERAS DE LICENCIAS,OFFICEMAX,Marca Propia,OFFICE DEPOT ASIA HOLDING,1,77.84,90.3,8.27,0.1062,77.84,1,1,2024-08-01,77.84
50125251,T087,2024-08,ARTICULOS ESCOLARES,LAPICERAS Y ESTUCHES,LAPICERAS DE LICENCIAS,OFFICEMAX,Marca Propia,OFFICE DEPOT ASIA HOLDING,1,88.97,103.2,13.84,0.1555,77.84,1,1,2024-08-01,88.97
50125255,T002,2024-08,ARTICULOS ESCOLARES,LIBRETAS EJECUTIVAS,LIBRETAS FORMA FRANCESA,OFFICEMAX,Marca Propia,OFFICE DEPOT ASIA HOLDING,2,79.54,92.26,15.45,0.1942,56.81,1,1,2024-08-01,39.77
50125255,T005,2024-09,ARTICULOS ESCOLARES,LIBRETAS EJECUTIVAS,LIBRETAS FORMA FRANCESA,OFFICEMAX,Marca Propia,OFFICE DEPOT ASIA HOLDING,1,39.77,46.13,7.73,0.1942,56.81,1,1,2024-09-01,39.77
50125255,T006,2026-01,ARTICULOS ESCOLARES,LIBRETAS EJECUTIVAS,LIBRETAS FORMA FRANCESA,OFFICEMAX,Marca Propia,OFFICE DEPOT ASIA HOLDING,1,56.81,65.9,15.55,0.2736,56.81,1,1,2026-01-01,56.81
50125255,T007,2024-09,ARTICULOS ESCOLARES,LIBRETAS EJECUTIVAS,LIBRETAS FORMA FRANCESA,OFFICEMAX,Marca Propia,OFFICE DEPOT ASIA HOLDING,1,39.77,46.13,7.73,0.1942,56.81,1,1,2024-09-01,39.77
50125255,T009,2025-05,ARTICULOS ESCOLARES,LIBRETAS EJECUTIVAS,LIBRETAS FORMA FRANCESA,OFFICEMAX,Marca Propia,OFFICE DEPOT ASIA HOLDING,1,56.81,65.9,16.25,0.286,56.81,1,1,2025-05-01,56.81
50125255,T009,2026-02,ARTICULOS ESCOLARES,LIBRETAS EJECUTIVAS,LIBRETAS FORMA FRANCESA,OFFICEMAX,Marca Propia,OFFICE DEPOT ASIA HOLDING,1,56.81,65.9,15.55,0.2736,56.81,1,1,2026-02-01,56.81
50125255,T010,2025-10,ARTICULOS ESCOLARES,LIBRETAS EJECUTIVAS,LIBRETAS FORMA FRANCESA,OFFICEMAX,Marca Propia,OFFICE DEPOT ASIA HOLDING,1,56.81,65.9,15.55,0.2736,56.81,1,1,2025-10-01,56.81
50125255,T013,2024-09,ARTICULOS ESCOLARES,LIBRETAS EJECUTIVAS,LIBRETAS FORMA FRANCESA,OFFICEMAX,Marca Propia,OFFICE DEPOT ASIA HOLDING,1,39.77,46.13,7.73,0.1942,56.81,1,1,2024-09-01,39.77
50125255,T014,2024-07,ARTICULOS ESCOLARES,LIBRETAS EJECUTIVAS,LIBRETAS FORMA FRANCESA,OFFICEMAX,Marca Propia,OFFICE DEPOT ASIA HOLDING,1,56.81,65.9,16.25,0.286,56.81,1,1,2024-07-01,56.81
50125255,T016,2025-01,ARTICULOS ESCOLARES,LIBRETAS EJECUTIVAS,LIBRETAS FORMA FRANCESA,OFFICEMAX,Marca Propia,OFFICE DEPOT ASIA HOLDING,1,39.77,46.13,7.73,0.1942,56.81,1,1,2025-01-01,39.77
50125255,T017,2026-01,ARTICULOS ESCOLARES,LIBRETAS EJECUTIVAS,LIBRETAS FORMA FRANCESA,OFFICEMAX,Marca Propia,OFFICE DEPOT ASIA HOLDING,1,56.81,65.9,15.55,0.2736,56.81,1,1,2026-01-01,56.81
50125255,T018,2024-08,ARTICULOS ESCOLARES,LIBRETAS EJECUTIVAS,LIBRETAS FORMA FRANCESA,OFFICEMAX,Marca Propia,OFFICE DEPOT ASIA HOLDING,1,39.77,46.13,7.73,0.1942,56.81,1,1,2024-08-01,39.77
50125255,T019,2024-08,ARTICULOS ESCOLARES,LIBRETAS EJECUTIVAS,LIBRETAS FORMA FRANCESA,OFFICEMAX,Marca Propia,OFFICE DEPOT ASIA HOLDING,1,56.81,65.9,16.25,0.286,56.81,1,1,2024-08-01,56.81
50125255,T025,2024-08,ARTICULOS ESCOLARES,LIBRETAS EJECUTIVAS,LIBRETAS FORMA FRANCESA,OFFICEMAX,Marca Propia,OFFICE DEPOT ASIA HOLDING,1,56.81,65.9,16.25,0.286,56.81,1,1,2024-08-01,56.81
50125255,T025,2025-09,ARTICULOS ESCOLARES,LIBRETAS EJECUTIVAS,LIBRETAS FORMA FRANCESA,OFFICEMAX,Marca Propia,OFFICE DEPOT ASIA HOLDING,1,56.81,65.9,15.57,0.274,56.81,1,1,2025-09-01,56.81
50125255,T027,2024-11,ARTICULOS ESCOLARES,LIBRETAS EJECUTIVAS,LIBRETAS FORMA FRANCESA,OFFICEMAX,Marca Propia,OFFICE DEPOT ASIA HOLDING,1,34.09,39.54,4.88,0.1433,56.81,1,1,2024-11-01,34.09
50125255,T028,2025-10,ARTICULOS ESCOLARES,LIBRETAS EJECUTIVAS,LIBRETAS FORMA FRANCESA,OFFICEMAX,Marca Propia,OFFICE DEPOT ASIA HOLDING,1,56.81,65.9,15.55,0.2736,56.81,1,1,2025-10-01,56.81
50125255,T031,2024-08,ARTICULOS ESCOLARES,LIBRETAS EJECUTIVAS,LIBRETAS FORMA FRANCESA,OFFICEMAX,Marca Propia,OFFICE DEPOT ASIA HOLDING,1,39.77,46.13,7.73,0.1942,56.81,1,1,2024-08-01,39.77
50125255,T031,2024-09,ARTICULOS ESCOLARES,LIBRETAS EJECUTIVAS,LIBRETAS FORMA FRANCESA,OFFICEMAX,Marca Propia,OFFICE DEPOT ASIA HOLDING,1,39.77,46.13,7.73,0.1942,56.81,1,1,2024-09-01,39.77
50125255,T035,2024-07,ARTICULOS ESCOLARES,LIBRETAS EJECUTIVAS,LIBRETAS FORMA FRANCESA,OFFICEMAX,Marca Propia,OFFICE DEPOT ASIA HOLDING,1,56.81,65.9,16.25,0.286,56.81,1,1,2024-07-01,56.81
50125255,T035,2025-10,ARTICULOS ESCOLARES,LIBRETAS EJECUTIVAS,LIBRETAS FORMA FRANCESA,OFFICEMAX,Marca Propia,OFFICE DEPOT ASIA HOLDING,1,56.81,65.9,15.55,0.2736,56.81,1,1,2025-10-01,56.81
50125255,T036,2026-02,ARTICULOS ESCOLARES,LIBRETAS EJECUTIVAS,LIBRETAS FORMA FRANCESA,OFFICEMAX,Marca Propia,OFFICE DEPOT ASIA HOLDING,1,56.81,65.9,15.55,0.2736,56.81,1,1,2026-02-01,56.81
50125255,T038,2024-09,ARTICULOS ESCOLARES,LIBRETAS EJECUTIVAS,LIBRETAS FORMA FRANCESA,OFFICEMAX,Marca Propia,OFFICE DEPOT ASIA HOLDING,1,39.77,46.13,7.73,0.1942,56.81,1,1,2024-09-01,39.77
50125255,T038,2026-02,ARTICULOS ESCOLARES,LIBRETAS EJECUTIVAS,LIBRETAS FORMA FRANCESA,OFFICEMAX,Marca Propia,OFFICE DEPOT ASIA HOLDING,1,56.81,65.9,15.58,0.2742,56.81,1,1,2026-02-01,56.81
50125255,T039,2025-08,ARTICULOS ESCOLARES,LIBRETAS EJECUTIVAS,LIBRETAS FORMA FRANCESA,OFFICEMAX,Marca Propia,OFFICE DEPOT ASIA HOLDING,1,56.81,65.9,15.55,0.2736,56.81,1,1,2025-08-01,56.81
50125255,T042,2024-08,ARTICULOS ESCOLARES,LIBRETAS EJECUTIVAS,LIBRETAS FORMA FRANCESA,OFFICEMAX,Marca Propia,OFFICE DEPOT ASIA HOLDING,2,79.54,92.26,15.45,0.1942,56.81,1,1,2024-08-01,39.77
50125255,T050,2024-08,ARTICULOS ESCOLARES,LIBRETAS EJECUTIVAS,LIBRETAS FORMA FRANCESA,OFFICEMAX,Marca Propia,OFFICE DEPOT ASIA HOLDING,1,39.77,46.13,7.73,0.1942,56.81,1,1,2024-08-01,39.77
50125255,T052,2026-02,ARTICULOS ESCOLARES,LIBRETAS EJECUTIVAS,LIBRETAS FORMA FRANCESA,OFFICEMAX,Marca Propia,OFFICE DEPOT ASIA HOLDING,1,56.81,65.9,15.78,0.2778,56.81,1,1,2026-02-01,56.81
50125255,T053,2024-09,ARTICULOS ESCOLARES,LIBRETAS EJECUTIVAS,LIBRETAS FORMA FRANCESA,OFFICEMAX,Marca Propia,OFFICE DEPOT ASIA HOLDING,1,39.77,46.13,7.73,0.1942,56.81,1,1,2024-09-01,39.77
50125255,T053,2024-11,ARTICULOS ESCOLARES,LIBRETAS EJECUTIVAS,LIBRETAS FORMA FRANCESA,OFFICEMAX,Marca Propia,OFFICE DEPOT ASIA HOLDING,1,34.09,39.54,4.88,0.1433,56.81,1,1,2024-11-01,34.09
50125255,T054,2026-01,ARTICULOS ESCOLARES,LIBRETAS EJECUTIVAS,LIBRETAS FORMA FRANCESA,OFFICEMAX,Marca Propia,OFFICE DEPOT ASIA HOLDING,2,113.62,131.8,31.09,0.2736,56.81,1,1,2026-01-01,56.81
50125255,T056,2025-01,ARTICULOS ESCOLARES,LIBRETAS EJECUTIVAS,LIBRETAS FORMA FRANCESA,OFFICEMAX,Marca Propia,OFFICE DEPOT ASIA HOLDING,1,39.77,46.13,7.73,0.1942,56.81,1,1,2025-01-01,39.77
50125255,T058,2025-11,ARTICULOS ESCOLARES,LIBRETAS EJECUTIVAS,LIBRETAS FORMA FRANCESA,OFFICEMAX,Marca Propia,OFFICE DEPOT ASIA HOLDING,1,56.81,65.9,15.59,0.2743,56.81,1,1,2025-11-01,56.81
50125255,T060,2024-09,ARTICULOS ESCOLARES,LIBRETAS EJECUTIVAS,LIBRETAS FORMA FRANCESA,OFFICEMAX,Marca Propia,OFFICE DEPOT ASIA HOLDING,1,39.77,46.13,7.73,0.1942,56.81,1,1,2024-09-01,39.77
50125255,T063,2025-11,ARTICULOS ESCOLARES,LIBRETAS EJECUTIVAS,LIBRETAS FORMA FRANCESA,OFFICEMAX,Marca Propia,OFFICE DEPOT ASIA HOLDING,1,56.81,65.9,15.55,0.2736,56.81,1,1,2025-11-01,56.81
50125255,T064,2024-08,ARTICULOS ESCOLARES,LIBRETAS EJECUTIVAS,LIBRETAS FORMA FRANCESA,OFFICEMAX,Marca Propia,OFFICE DEPOT ASIA HOLDING,1,56.81,65.9,16.25,0.286,56.81,1,1,2024-08-01,56.81
50125255,T064,2025-08,ARTICULOS ESCOLARES,LIBRETAS EJECUTIVAS,LIBRETAS FORMA FRANCESA,OFFICEMAX,Marca Propia,OFFICE DEPOT ASIA HOLDING,1,56.81,65.9,15.55,0.2736,56.81,1,1,2025-08-01,56.81
50125255,T064,2025-09,ARTICULOS ESCOLARES,LIBRETAS EJECUTIVAS,LIBRETAS FORMA FRANCESA,OFFICEMAX,Marca Propia,OFFICE DEPOT ASIA HOLDING,1,56.81,65.9,15.55,0.2736,56.81,1,1,2025-09-01,56.81
50125255,T064,2025-11,ARTICULOS ESCOLARES,LIBRETAS EJECUTIVAS,LIBRETAS FORMA FRANCESA,OFFICEMAX,Marca Propia,OFFICE DEPOT ASIA HOLDING,1,56.81,65.9,15.55,0.2736,56.81,1,1,2025-11-01,56.81
50125255,T066,2025-08,ARTICULOS ESCOLARES,LIBRETAS EJECUTIVAS,LIBRETAS FORMA FRANCESA,OFFICEMAX,Marca Propia,OFFICE DEPOT ASIA HOLDING,1,56.81,65.9,15.55,0.2736,56.81,1,1,2025-08-01,56.81
50125255,T067,2025-12,ARTICULOS ESCOLARES,LIBRETAS EJECUTIVAS,LIBRETAS FORMA FRANCESA,OFFICEMAX,Marca Propia,OFFICE DEPOT ASIA HOLDING,3,170.43,197.7,47.34,0.2778,56.81,1,1,2025-12-01,56.81
50125255,T069,2024-12,ARTICULOS ESCOLARES,LIBRETAS EJECUTIVAS,LIBRETAS FORMA FRANCESA,OFFICEMAX,Marca Propia,OFFICE DEPOT ASIA HOLDING,1,28.41,32.95,2.05,0.072,56.81,1,1,2024-12-01,28.41
50125255,T070,2025-09,ARTICULOS ESCOLARES,LIBRETAS EJECUTIVAS,LIBRETAS FORMA FRANCESA,OFFICEMAX,Marca Propia,OFFICE DEPOT ASIA HOLDING,2,113.62,131.8,31.09,0.2736,56.81,1,1,2025-09-01,56.81
50125255,T071,2024-09,ARTICULOS ESCOLARES,LIBRETAS EJECUTIVAS,LIBRETAS FORMA FRANCESA,OFFICEMAX,Marca Propia,OFFICE DEPOT ASIA HOLDING,1,39.77,46.13,7.73,0.1942,56.81,1,1,2024-09-01,39.77
50125255,T073,2024-07,ARTICULOS ESCOLARES,LIBRETAS EJECUTIVAS,LIBRETAS FORMA FRANCESA,OFFICEMAX,Marca Propia,OFFICE DEPOT ASIA HOLDING,1,56.81,65.9,16.25,0.286,56.81,1,1,2024-07-01,56.81
50125255,T075,2026-04,ARTICULOS ESCOLARES,LIBRETAS EJECUTIVAS,LIBRETAS FORMA FRANCESA,OFFICEMAX,Marca Propia,OFFICE DEPOT ASIA HOLDING,1,56.81,65.9,15.55,0.2736,56.81,1,1,2026-04-01,56.81
50125255,T076,2024-12,ARTICULOS ESCOLARES,LIBRETAS EJECUTIVAS,LIBRETAS FORMA FRANCESA,OFFICEMAX,Marca Propia,OFFICE DEPOT ASIA HOLDING,1,28.41,32.95,2.05,0.072,56.81,1,1,2024-12-01,28.41
50125255,T078,2025-03,ARTICULOS ESCOLARES,LIBRETAS EJECUTIVAS,LIBRETAS FORMA FRANCESA,OFFICEMAX,Marca Propia,OFFICE DEPOT ASIA HOLDING,1,56.81,65.9,16.25,0.286,56.81,1,1,2025-03-01,56.81
50125255,T079,2024-08,ARTICULOS ESCOLARES,LIBRETAS EJECUTIVAS,LIBRETAS FORMA FRANCESA,OFFICEMAX,Marca Propia,OFFICE DEPOT ASIA HOLDING,1,56.81,65.9,16.25,0.286,56.81,1,1,2024-08-01,56.81
50125255,T079,2025-10,ARTICULOS ESCOLARES,LIBRETAS EJECUTIVAS,LIBRETAS FORMA FRANCESA,OFFICEMAX,Marca Propia,OFFICE DEPOT ASIA HOLDING,1,56.81,65.9,15.55,0.2736,56.81,1,1,2025-10-01,56.81
50125255,T082,2024-12,ARTICULOS ESCOLARES,LIBRETAS EJECUTIVAS,LIBRETAS FORMA FRANCESA,OFFICEMAX,Marca Propia,OFFICE DEPOT ASIA HOLDING,2,56.81,65.9,4.09,0.0719,56.81,1,1,2024-12-01,28.405
50125255,T083,2025-08,ARTICULOS ESCOLARES,LIBRETAS EJECUTIVAS,LIBRETAS FORMA FRANCESA,OFFICEMAX,Marca Propia,OFFICE DEPOT ASIA HOLDING,1,56.81,65.9,15.55,0.2736,56.81,1,1,2025-08-01,56.81
50125255,T086,2025-09,ARTICULOS ESCOLARES,LIBRETAS EJECUTIVAS,LIBRETAS FORMA FRANCESA,OFFICEMAX,Marca Propia,OFFICE DEPOT ASIA HOLDING,1,56.81,65.9,15.74,0.2771,56.81,1,1,2025-09-01,56.81
50125255,T087,2025-11,ARTICULOS ESCOLARES,LIBRETAS EJECUTIVAS,LIBRETAS FORMA FRANCESA,OFFICEMAX,Marca Propia,OFFICE DEPOT ASIA HOLDING,1,56.81,65.9,15.55,0.2736,56.81,1,1,2025-11-01,56.81
50125284,T005,2024-11,ARTICULOS ESCOLARES,LIBRETAS EJECUTIVAS,LIBRETAS FORMA FRANCESA,OFFICEMAX,Marca Propia,OFFICE DEPOT ASIA HOLDING,1,25.34,29.4,2.74,0.1082,53.36,1,1,2024-11-01,25.34
50125284,T005,2024-11,ARTICULOS ESCOLARES,LIBRETAS EJECUTIVAS,LIBRETAS FORMA FRANCESA,,Marca Externa,OFFICE DEPOT ASIA HOLDING,1,26.68,30.95,2.89,0.1082,53.36,1,1,2024-11-01,26.68
50125284,T007,2024-11,ARTICULOS ESCOLARES,LIBRETAS EJECUTIVAS,LIBRETAS FORMA FRANCESA,,Marca Externa,OFFICE DEPOT ASIA HOLDING,1,26.68,30.95,3.15,0.1181,53.36,1,1,2024-11-01,26.68
50125284,T008,2024-11,ARTICULOS ESCOLARES,LIBRETAS EJECUTIVAS,LIBRETAS FORMA FRANCESA,OFFICEMAX,Marca Propia,OFFICE DEPOT ASIA HOLDING,1,37.35,43.33,8.48,0.2272,53.36,1,1,2024-11-01,37.35
50125284,T009,2025-12,ARTICULOS ESCOLARES,LIBRETAS EJECUTIVAS,LIBRETAS FORMA FRANCESA,OFFICEMAX,Marca Propia,OFFICE DEPOT ASIA HOLDING,2,106.72,123.8,29.81,0.2793,53.36,1,1,2025-12-01,53.36
50125284,T012,2024-08,ARTICULOS ESCOLARES,LIBRETAS EJECUTIVAS,LIBRETAS FORMA FRANCESA,OFFICEMAX,Marca Propia,OFFICE DEPOT ASIA HOLDING,1,53.36,61.9,16.49,0.309,53.36,1,1,2024-08-01,53.36
50125284,T012,2026-01,ARTICULOS ESCOLARES,LIBRETAS EJECUTIVAS,LIBRETAS FORMA FRANCESA,OFFICEMAX,Marca Propia,OFFICE DEPOT ASIA HOLDING,1,53.36,61.9,14.79,0.2773,53.36,1,1,2026-01-01,53.36
50125284,T014,2025-09,ARTICULOS ESCOLARES,LIBRETAS EJECUTIVAS,LIBRETAS FORMA FRANCESA,OFFICEMAX,Marca Propia,OFFICE DEPOT ASIA HOLDING,1,53.36,61.9,14.97,0.2805,53.36,1,1,2025-09-01,53.36
50125284,T015,2024-08,ARTICULOS ESCOLARES,LIBRETAS EJECUTIVAS,LIBRETAS FORMA FRANCESA,OFFICEMAX,Marca Propia,OFFICE DEPOT ASIA HOLDING,1,53.36,61.9,16.49,0.309,53.36,1,1,2024-08-01,53.36
50125284,T015,2024-09,ARTICULOS ESCOLARES,LIBRETAS EJECUTIVAS,LIBRETAS FORMA FRANCESA,OFFICEMAX,Marca Propia,OFFICE DEPOT ASIA HOLDING,1,37.35,43.33,8.48,0.2272,53.36,1,1,2024-09-01,37.35
50125284,T020,2024-11,ARTICULOS ESCOLARES,LIBRETAS EJECUTIVAS,LIBRETAS FORMA FRANCESA,OFFICEMAX,Marca Propia,OFFICE DEPOT ASIA HOLDING,1,26.68,30.95,3.15,0.1181,53.36,1,1,2024-11-01,26.68
50125284,T020,2024-11,ARTICULOS ESCOLARES,LIBRETAS EJECUTIVAS,LIBRETAS FORMA FRANCESA,,Marca Externa,OFFICE DEPOT ASIA HOLDING,5,133.41,154.75,15.75,0.1181,53.36,1,1,2024-11-01,26.682
50125284,T021,2024-08,ARTICULOS ESCOLARES,LIBRETAS EJECUTIVAS,LIBRETAS FORMA FRANCESA,OFFICEMAX,Marca Propia,OFFICE DEPOT ASIA HOLDING,2,85.38,99.04,22.31,0.2613,53.36,1,1,2024-08-01,42.69
50125284,T021,2025-09,ARTICULOS ESCOLARES,LIBRETAS EJECUTIVAS,LIBRETAS FORMA FRANCESA,OFFICEMAX,Marca Propia,OFFICE DEPOT ASIA HOLDING,1,53.36,61.9,14.9,0.2793,53.36,1,1,2025-09-01,53.36
50125284,T032,2024-08,ARTICULOS ESCOLARES,LIBRETAS EJECUTIVAS,LIBRETAS FORMA FRANCESA,,Marca Externa,OFFICE DEPOT ASIA HOLDING,1,32.02,37.14,5.82,0.1818,53.36,1,1,2024-08-01,32.02
50125284,T035,2024-11,ARTICULOS ESCOLARES,LIBRETAS EJECUTIVAS,LIBRETAS FORMA FRANCESA,OFFICEMAX,Marca Propia,OFFICE DEPOT ASIA HOLDING,1,37.35,43.33,8.48,0.2272,53.36,1,1,2024-11-01,37.35
50125284,T037,2026-03,ARTICULOS ESCOLARES,LIBRETAS EJECUTIVAS,LIBRETAS FORMA FRANCESA,OFFICEMAX,Marca Propia,OFFICE DEPOT ASIA HOLDING,1,53.36,61.9,14.8,0.2774,53.36,1,1,2026-03-01,53.36
50125284,T038,2024-08,ARTICULOS ESCOLARES,LIBRETAS EJECUTIVAS,LIBRETAS FORMA FRANCESA,OFFICEMAX,Marca Propia,OFFICE DEPOT ASIA HOLDING,1,42.69,49.52,11.16,0.2613,53.36,1,1,2024-08-01,42.69
50125284,T042,2024-10,ARTICULOS ESCOLARES,LIBRETAS EJECUTIVAS,LIBRETAS FORMA FRANCESA,OFFICEMAX,Marca Propia,OFFICE DEPOT ASIA HOLDING,1,37.35,43.33,8.48,0.2272,53.36,1,1,2024-10-01,37.35
50125284,T043,2024-08,ARTICULOS ESCOLARES,LIBRETAS EJECUTIVAS,LIBRETAS FORMA FRANCESA,,Marca Externa,OFFICE DEPOT ASIA HOLDING,1,57.32,61.9,18.47,0.3222,53.36,1,1,2024-08-01,57.32
50125284,T048,2025-12,ARTICULOS ESCOLARES,LIBRETAS EJECUTIVAS,LIBRETAS FORMA FRANCESA,OFFICEMAX,Marca Propia,OFFICE DEPOT ASIA HOLDING,1,53.36,61.9,14.79,0.2773,53.36,1,1,2025-12-01,53.36
50125284,T052,2024-11,ARTICULOS ESCOLARES,LIBRETAS EJECUTIVAS,LIBRETAS FORMA FRANCESA,,Marca Externa,OFFICE DEPOT ASIA HOLDING,1,37.35,43.33,8.48,0.2272,53.36,1,1,2024-11-01,37.35
50125284,T053,2025-12,ARTICULOS ESCOLARES,LIBRETAS EJECUTIVAS,LIBRETAS FORMA FRANCESA,OFFICEMAX,Marca Propia,OFFICE DEPOT ASIA HOLDING,1,53.36,61.9,14.91,0.2794,53.36,1,1,2025-12-01,53.36
50125284,T055,2024-11,ARTICULOS ESCOLARES,LIBRETAS EJECUTIVAS,LIBRETAS FORMA FRANCESA,,Marca Externa,OFFICE DEPOT ASIA HOLDING,10,266.81,309.5,31.5,0.1181,53.36,1,1,2024-11-01,26.681
50125284,T059,2024-09,ARTICULOS ESCOLARES,LIBRETAS EJECUTIVAS,LIBRETAS FORMA FRANCESA,,Marca Externa,OFFICE DEPOT ASIA HOLDING,2,74.71,86.66,16.97,0.2272,53.36,1,1,2024-09-01,37.355
50125284,T059,2026-03,ARTICULOS ESCOLARES,LIBRETAS EJECUTIVAS,LIBRETAS FORMA FRANCESA,,Marca Externa,OFFICE DEPOT ASIA HOLDING,1,53.36,61.9,14.64,0.2745,53.36,1,1,2026-03-01,53.36
50125284,T060,2025-03,ARTICULOS ESCOLARES,LIBRETAS EJECUTIVAS,LIBRETAS FORMA FRANCESA,OFFICEMAX,Marca Propia,OFFICE DEPOT ASIA HOLDING,1,53.36,61.9,16.49,0.309,53.36,1,1,2025-03-01,53.36
50125284,T063,2025-10,ARTICULOS ESCOLARES,LIBRETAS EJECUTIVAS,LIBRETAS FORMA FRANCESA,OFFICEMAX,Marca Propia,OFFICE DEPOT ASIA HOLDING,1,53.36,61.9,14.9,0.2793,53.36,1,1,2025-10-01,53.36
50125284,T064,2024-10,ARTICULOS ESCOLARES,LIBRETAS EJECUTIVAS,LIBRETAS FORMA FRANCESA,OFFICEMAX,Marca Propia,OFFICE DEPOT ASIA HOLDING,2,74.71,86.66,16.97,0.2272,53.36,1,1,2024-10-01,37.355
50125284,T067,2025-10,ARTICULOS ESCOLARES,LIBRETAS EJECUTIVAS,LIBRETAS FORMA FRANCESA,OFFICEMAX,Marca Propia,OFFICE DEPOT ASIA HOLDING,1,53.36,61.9,14.9,0.2793,53.36,1,1,2025-10-01,53.36
50125284,T070,2024-09,ARTICULOS ESCOLARES,LIBRETAS EJECUTIVAS,LIBRETAS FORMA FRANCESA,,Marca Externa,OFFICE DEPOT ASIA HOLDING,1,37.35,43.33,8.48,0.2272,53.36,1,1,2024-09-01,37.35
50125284,T072,2026-01,ARTICULOS ESCOLARES,LIBRETAS EJECUTIVAS,LIBRETAS FORMA FRANCESA,OFFICEMAX,Marca Propia,OFFICE DEPOT ASIA HOLDING,1,53.36,61.9,14.91,0.2794,53.36,1,1,2026-01-01,53.36
50125284,T074,2024-07,ARTICULOS ESCOLARES,LIBRETAS EJECUTIVAS,LIBRETAS FORMA FRANCESA,OFFICEMAX,Marca Propia,OFFICE DEPOT ASIA HOLDING,1,53.36,61.9,16.49,0.309,53.36,1,1,2024-07-01,53.36
50125284,T074,2026-04,ARTICULOS ESCOLARES,LIBRETAS EJECUTIVAS,LIBRETAS FORMA FRANCESA,,Marca Externa,OFFICE DEPOT ASIA HOLDING,1,53.36,61.9,14.64,0.2745,53.36,1,1,2026-04-01,53.36
50125284,T078,2026-02,ARTICULOS ESCOLARES,LIBRETAS EJECUTIVAS,LIBRETAS FORMA FRANCESA,,Marca Externa,OFFICE DEPOT ASIA HOLDING,2,106.72,123.8,29.54,0.2768,53.36,1,1,2026-02-01,53.36
50125284,T081,2024-09,ARTICULOS ESCOLARES,LIBRETAS EJECUTIVAS,LIBRETAS FORMA FRANCESA,OFFICEMAX,Marca Propia,OFFICE DEPOT ASIA HOLDING,1,37.35,43.33,8.48,0.2272,53.36,1,1,2024-09-01,37.35
50125284,T082,2024-08,ARTICULOS ESCOLARES,LIBRETAS EJECUTIVAS,LIBRETAS FORMA FRANCESA,OFFICEMAX,Marca Propia,OFFICE DEPOT ASIA HOLDING,1,37.35,43.33,8.48,0.2272,53.36,1,1,2024-08-01,37.35
50125284,T085,2026-02,ARTICULOS ESCOLARES,LIBRETAS EJECUTIVAS,LIBRETAS FORMA FRANCESA,OFFICEMAX,Marca Propia,OFFICE DEPOT ASIA HOLDING,1,53.36,61.9,14.78,0.2769,53.36,1,1,2026-02-01,53.36
50125284,T087,2025-11,ARTICULOS ESCOLARES,LIBRETAS EJECUTIVAS,LIBRETAS FORMA FRANCESA,OFFICEMAX,Marca Propia,OFFICE DEPOT ASIA HOLDING,1,53.36,61.9,14.9,0.2793,53.36,1,1,2025-11-01,53.36
50125289,T012,2024-07,ARTICULOS ESCOLARES,MOCHILAS,MOCHILAS UNIVERSITARIAS,OFFICEMAX,Marca Propia,OFFICE DEPOT ASIA HOLDING,1,309.48,359.0,85.7,0.2769,188.79,1,1,2024-07-01,309.48
50125289,T015,2025-01,ARTICULOS ESCOLARES,MOCHILAS,MOCHILAS UNIVERSITARIAS,OFFICEMAX,Marca Propia,OFFICE DEPOT ASIA HOLDING,1,154.31,179.0,8.11,0.0526,188.79,1,1,2025-01-01,154.31
50125289,T044,2024-11,ARTICULOS ESCOLARES,MOCHILAS,MOCHILAS UNIVERSITARIAS,OFFICEMAX,Marca Propia,OFFICE DEPOT ASIA HOLDING,1,214.66,249.0,38.29,0.1784,188.79,1,1,2024-11-01,214.66
50125289,T045,2024-10,ARTICULOS ESCOLARES,MOCHILAS,MOCHILAS UNIVERSITARIAS,OFFICEMAX,Marca Propia,OFFICE DEPOT ASIA HOLDING,1,214.66,249.0,38.29,0.1784,188.79,1,1,2024-10-01,214.66
50125289,T047,2024-07,ARTICULOS ESCOLARES,MOCHILAS,MOCHILAS UNIVERSITARIAS,OFFICEMAX,Marca Propia,OFFICE DEPOT ASIA HOLDING,2,526.12,610.3,124.98,0.2376,188.79,1,1,2024-07-01,263.06
50125289,T061,2024-07,ARTICULOS ESCOLARES,MOCHILAS,MOCHILAS UNIVERSITARIAS,OFFICEMAX,Marca Propia,OFFICE DEPOT ASIA HOLDING,1,202.78,219.0,32.35,0.1595,188.79,1,1,2024-07-01,202.78
50125289,T080,2024-08,ARTICULOS ESCOLARES,MOCHILAS,MOCHILAS UNIVERSITARIAS,OFFICEMAX,Marca Propia,OFFICE DEPOT ASIA HOLDING,1,216.64,251.3,39.28,0.1813,188.79,1,1,2024-08-01,216.64
50125316,T001,2024-08,ARTICULOS ESCOLARES,PLUMAS Y LAPICEROS FINOS,BOLIGRAFOS FINOS,OFFICEMAX,Marca Propia,OFFICE DEPOT ASIA HOLDING,1,68.9,79.92,16.76,0.2432,68.9,1,1,2024-08-01,68.9
50125316,T009,2025-05,ARTICULOS ESCOLARES,PLUMAS Y LAPICEROS FINOS,BOLIGRAFOS FINOS,OFFICEMAX,Marca Propia,OFFICE DEPOT ASIA HOLDING,1,86.12,99.9,25.37,0.2945,68.9,1,1,2025-05-01,86.12
50125316,T010,2024-08,ARTICULOS ESCOLARES,PLUMAS Y LAPICEROS FINOS,BOLIGRAFOS FINOS,OFFICEMAX,Marca Propia,OFFICE DEPOT ASIA HOLDING,1,86.12,99.9,25.37,0.2945,68.9,1,1,2024-08-01,86.12
50125316,T010,2024-11,ARTICULOS ESCOLARES,PLUMAS Y LAPICEROS FINOS,BOLIGRAFOS FINOS,OFFICEMAX,Marca Propia,OFFICE DEPOT ASIA HOLDING,1,68.9,79.92,16.76,0.2432,68.9,1,1,2024-11-01,68.9
50125316,T013,2024-07,ARTICULOS ESCOLARES,PLUMAS Y LAPICEROS FINOS,BOLIGRAFOS FINOS,OFFICEMAX,Marca Propia,OFFICE DEPOT ASIA HOLDING,1,86.12,99.9,25.37,0.2945,68.9,1,1,2024-07-01,86.12
50125316,T015,2024-08,ARTICULOS ESCOLARES,PLUMAS Y LAPICEROS FINOS,BOLIGRAFOS FINOS,OFFICEMAX,Marca Propia,OFFICE DEPOT ASIA HOLDING,1,86.12,99.9,25.37,0.2945,68.9,1,1,2024-08-01,86.12
50125316,T015,2024-09,ARTICULOS ESCOLARES,PLUMAS Y LAPICEROS FINOS,BOLIGRAFOS FINOS,OFFICEMAX,Marca Propia,OFFICE DEPOT ASIA HOLDING,1,60.29,69.93,12.45,0.2065,68.9,1,1,2024-09-01,60.29
50125316,T018,2024-09,ARTICULOS ESCOLARES,PLUMAS Y LAPICEROS FINOS,BOLIGRAFOS FINOS,OFFICEMAX,Marca Propia,OFFICE DEPOT ASIA HOLDING,1,60.29,69.93,12.45,0.2065,68.9,1,1,2024-09-01,60.29
50125316,T020,2024-07,ARTICULOS ESCOLARES,PLUMAS Y LAPICEROS FINOS,BOLIGRAFOS FINOS,OFFICEMAX,Marca Propia,OFFICE DEPOT ASIA HOLDING,1,86.12,99.9,25.37,0.2945,68.9,1,1,2024-07-01,86.12
50125316,T022,2024-07,ARTICULOS ESCOLARES,PLUMAS Y LAPICEROS FINOS,BOLIGRAFOS FINOS,OFFICEMAX,Marca Propia,OFFICE DEPOT ASIA HOLDING,1,86.12,99.9,25.37,0.2945,68.9,1,1,2024-07-01,86.12
50125316,T022,2024-10,ARTICULOS ESCOLARES,PLUMAS Y LAPICEROS FINOS,BOLIGRAFOS FINOS,OFFICEMAX,Marca Propia,OFFICE DEPOT ASIA HOLDING,1,68.9,79.92,16.76,0.2432,68.9,1,1,2024-10-01,68.9
50125316,T025,2025-01,ARTICULOS ESCOLARES,PLUMAS Y LAPICEROS FINOS,BOLIGRAFOS FINOS,OFFICEMAX,Marca Propia,OFFICE DEPOT ASIA HOLDING,1,68.9,79.92,16.76,0.2432,68.9,1,1,2025-01-01,68.9
50125316,T027,2024-08,ARTICULOS ESCOLARES,PLUMAS Y LAPICEROS FINOS,BOLIGRAFOS FINOS,OFFICEMAX,Marca Propia,OFFICE DEPOT ASIA HOLDING,1,86.12,99.9,25.37,0.2945,68.9,1,1,2024-08-01,86.12
50125316,T027,2024-09,ARTICULOS ESCOLARES,PLUMAS Y LAPICEROS FINOS,BOLIGRAFOS FINOS,OFFICEMAX,Marca Propia,OFFICE DEPOT ASIA HOLDING,1,68.9,79.92,16.76,0.2432,68.9,1,1,2024-09-01,68.9
50125316,T031,2024-09,ARTICULOS ESCOLARES,PLUMAS Y LAPICEROS FINOS,BOLIGRAFOS FINOS,OFFICEMAX,Marca Propia,OFFICE DEPOT ASIA HOLDING,2,137.8,159.84,33.52,0.2432,68.9,1,1,2024-09-01,68.9
50125316,T036,2024-08,ARTICULOS ESCOLARES,PLUMAS Y LAPICEROS FINOS,BOLIGRAFOS FINOS,OFFICEMAX,Marca Propia,OFFICE DEPOT ASIA HOLDING,1,86.12,99.9,25.37,0.2945,68.9,1,1,2024-08-01,86.12
50125316,T036,2024-09,ARTICULOS ESCOLARES,PLUMAS Y LAPICEROS FINOS,BOLIGRAFOS FINOS,OFFICEMAX,Marca Propia,OFFICE DEPOT ASIA HOLDING,2,129.19,149.85000000000002,29.21,0.22485,68.9,2,2,2024-09-01,64.595
50125316,T037,2024-09,ARTICULOS ESCOLARES,PLUMAS Y LAPICEROS FINOS,BOLIGRAFOS FINOS,OFFICEMAX,Marca Propia,OFFICE DEPOT ASIA HOLDING,1,60.29,69.93,12.45,0.2065,68.9,1,1,2024-09-01,60.29
50125316,T041,2024-09,ARTICULOS ESCOLARES,PLUMAS Y LAPICEROS FINOS,BOLIGRAFOS FINOS,OFFICEMAX,Marca Propia,OFFICE DEPOT ASIA HOLDING,1,60.29,69.93,12.45,0.2065,68.9,1,1,2024-09-01,60.29
50125316,T048,2024-08,ARTICULOS ESCOLARES,PLUMAS Y LAPICEROS FINOS,BOLIGRAFOS FINOS,OFFICEMAX,Marca Propia,OFFICE DEPOT ASIA HOLDING,2,129.19,149.85000000000002,29.21,0.22485,68.9,2,2,2024-08-01,64.595
50125316,T048,2024-09,ARTICULOS ESCOLARES,PLUMAS Y LAPICEROS FINOS,BOLIGRAFOS FINOS,OFFICEMAX,Marca Propia,OFFICE DEPOT ASIA HOLDING,1,60.29,69.93,12.45,0.2065,68.9,1,1,2024-09-01,60.29
50125316,T048,2024-10,ARTICULOS ESCOLARES,PLUMAS Y LAPICEROS FINOS,BOLIGRAFOS FINOS,OFFICEMAX,Marca Propia,OFFICE DEPOT ASIA HOLDING,1,68.9,79.92,16.76,0.2432,68.9,1,1,2024-10-01,68.9
50125316,T048,2024-12,ARTICULOS ESCOLARES,PLUMAS Y LAPICEROS FINOS,BOLIGRAFOS FINOS,OFFICEMAX,Marca Propia,OFFICE DEPOT ASIA HOLDING,1,68.9,79.92,16.76,0.2432,68.9,1,1,2024-12-01,68.9
50125316,T048,2025-01,ARTICULOS ESCOLARES,PLUMAS Y LAPICEROS FINOS,BOLIGRAFOS FINOS,OFFICEMAX,Marca Propia,OFFICE DEPOT ASIA HOLDING,1,68.9,79.92,16.76,0.2432,68.9,1,1,2025-01-01,68.9
50125316,T052,2025-06,ARTICULOS ESCOLARES,PLUMAS Y LAPICEROS FINOS,BOLIGRAFOS FINOS,OFFICEMAX,Marca Propia,OFFICE DEPOT ASIA HOLDING,1,86.12,99.9,25.37,0.2945,68.9,1,1,2025-06-01,86.12
50125316,T053,2024-11,ARTICULOS ESCOLARES,PLUMAS Y LAPICEROS FINOS,BOLIGRAFOS FINOS,OFFICEMAX,Marca Propia,OFFICE DEPOT ASIA HOLDING,2,137.79,159.84,33.51,0.2432,68.9,1,1,2024-11-01,68.895
50125316,T053,2024-12,ARTICULOS ESCOLARES,PLUMAS Y LAPICEROS FINOS,BOLIGRAFOS FINOS,OFFICEMAX,Marca Propia,OFFICE DEPOT ASIA HOLDING,1,68.9,79.92,16.76,0.2432,68.9,1,1,2024-12-01,68.9
50125316,T054,2025-03,ARTICULOS ESCOLARES,PLUMAS Y LAPICEROS FINOS,BOLIGRAFOS FINOS,OFFICEMAX,Marca Propia,OFFICE DEPOT ASIA HOLDING,1,86.12,99.9,25.37,0.2945,68.9,1,1,2025-03-01,86.12
50125316,T054,2025-08,ARTICULOS ESCOLARES,PLUMAS Y LAPICEROS FINOS,BOLIGRAFOS FINOS,OFFICEMAX,Marca Propia,OFFICE DEPOT ASIA HOLDING,1,86.12,99.9,25.37,0.2945,68.9,1,1,2025-08-01,86.12
50125316,T054,2025-11,ARTICULOS ESCOLARES,PLUMAS Y LAPICEROS FINOS,BOLIGRAFOS FINOS,OFFICEMAX,Marca Propia,OFFICE DEPOT ASIA HOLDING,1,85.34,99.0,24.98,0.2927,68.9,1,1,2025-11-01,85.34
50125316,T062,2024-09,ARTICULOS ESCOLARES,PLUMAS Y LAPICEROS FINOS,BOLIGRAFOS FINOS,OFFICEMAX,Marca Propia,OFFICE DEPOT ASIA HOLDING,1,60.29,69.93,12.45,0.2065,68.9,1,1,2024-09-01,60.29
50125316,T063,2024-12,ARTICULOS ESCOLARES,PLUMAS Y LAPICEROS FINOS,BOLIGRAFOS FINOS,OFFICEMAX,Marca Propia,OFFICE DEPOT ASIA HOLDING,1,68.9,79.92,16.76,0.2432,68.9,1,1,2024-12-01,68.9
50125316,T072,2024-08,ARTICULOS ESCOLARES,PLUMAS Y LAPICEROS FINOS,BOLIGRAFOS FINOS,OFFICEMAX,Marca Propia,OFFICE DEPOT ASIA HOLDING,1,86.12,99.9,25.37,0.2945,68.9,1,1,2024-08-01,86.12
50125316,T072,2024-09,ARTICULOS ESCOLARES,PLUMAS Y LAPICEROS FINOS,BOLIGRAFOS FINOS,OFFICEMAX,Marca Propia,OFFICE DEPOT ASIA HOLDING,1,68.9,79.92,16.76,0.2432,68.9,1,1,2024-09-01,68.9
50125316,T075,2024-10,ARTICULOS ESCOLARES,PLUMAS Y LAPICEROS FINOS,BOLIGRAFOS FINOS,OFFICEMAX,Marca Propia,OFFICE DEPOT ASIA HOLDING,3,206.69,239.76,50.26,0.2432,68.9,1,1,2024-10-01,68.89666666666666
50125316,T079,2024-09,ARTICULOS ESCOLARES,PLUMAS Y LAPICEROS FINOS,BOLIGRAFOS FINOS,OFFICEMAX,Marca Propia,OFFICE DEPOT ASIA HOLDING,1,68.9,79.92,16.76,0.2432,68.9,1,1,2024-09-01,68.9
50125316,T081,2024-08,ARTICULOS ESCOLARES,PLUMAS Y LAPICEROS FINOS,BOLIGRAFOS FINOS,OFFICEMAX,Marca Propia,OFFICE DEPOT ASIA HOLDING,1,86.12,99.9,25.37,0.2945,68.9,1,1,2024-08-01,86.12
50125316,T081,2024-10,ARTICULOS ESCOLARES,PLUMAS Y LAPICEROS FINOS,BOLIGRAFOS FINOS,OFFICEMAX,Marca Propia,OFFICE DEPOT ASIA HOLDING,1,68.9,79.92,16.76,0.2432,68.9,1,1,2024-10-01,68.9
50125333,T023,2024-07,ARTICULOS ESCOLARES,LIBRETAS EJECUTIVAS,LIBRETAS FORMA FRANCESA,OFFICEMAX,Marca Propia,OFFICE DEPOT ASIA HOLDING,2,155.0,179.8,44.43,0.2866,54.25,1,1,2024-07-01,77.5
50125333,T027,2024-08,ARTICULOS ESCOLARES,LIBRETAS EJECUTIVAS,LIBRETAS FORMA FRANCESA,OFFICEMAX,Marca Propia,OFFICE DEPOT ASIA HOLDING,1,77.5,89.9,22.21,0.2866,54.25,1,1,2024-08-01,77.5
50125333,T027,2024-11,ARTICULOS ESCOLARES,LIBRETAS EJECUTIVAS,LIBRETAS FORMA FRANCESA,OFFICEMAX,Marca Propia,OFFICE DEPOT ASIA HOLDING,1,38.75,44.95,2.84,0.0733,54.25,1,1,2024-11-01,38.75
50125333,T033,2024-09,ARTICULOS ESCOLARES,LIBRETAS EJECUTIVAS,LIBRETAS FORMA FRANCESA,OFFICEMAX,Marca Propia,OFFICE DEPOT ASIA HOLDING,1,54.25,62.93,10.59,0.1952,54.25,1,1,2024-09-01,54.25
50125333,T044,2024-11,ARTICULOS ESCOLARES,LIBRETAS EJECUTIVAS,LIBRETAS FORMA FRANCESA,OFFICEMAX,Marca Propia,OFFICE DEPOT ASIA HOLDING,1,77.5,89.9,22.21,0.2866,54.25,1,1,2024-11-01,77.5
50125333,T053,2024-10,ARTICULOS ESCOLARES,LIBRETAS EJECUTIVAS,LIBRETAS FORMA FRANCESA,OFFICEMAX,Marca Propia,OFFICE DEPOT ASIA HOLDING,1,54.25,62.93,10.59,0.1952,54.25,1,1,2024-10-01,54.25
50125333,T057,2024-11,ARTICULOS ESCOLARES,LIBRETAS EJECUTIVAS,LIBRETAS FORMA FRANCESA,OFFICEMAX,Marca Propia,OFFICE DEPOT ASIA HOLDING,4,233.08,251.72,50.4,0.2162,54.25,1,1,2024-11-01,58.27
50125333,T059,2024-11,ARTICULOS ESCOLARES,LIBRETAS EJECUTIVAS,LIBRETAS FORMA FRANCESA,OFFICEMAX,Marca Propia,OFFICE DEPOT ASIA HOLDING,2,108.5,125.86,21.18,0.1952,54.25,1,1,2024-11-01,54.25
50125333,T061,2024-08,ARTICULOS ESCOLARES,LIBRETAS EJECUTIVAS,LIBRETAS FORMA FRANCESA,OFFICEMAX,Marca Propia,OFFICE DEPOT ASIA HOLDING,1,66.59,71.92,16.76,0.2517,54.25,1,1,2024-08-01,66.59
50125333,T063,2024-12,ARTICULOS ESCOLARES,LIBRETAS EJECUTIVAS,LIBRETAS FORMA FRANCESA,OFFICEMAX,Marca Propia,OFFICE DEPOT ASIA HOLDING,1,60.78,70.5,13.86,0.228,54.25,1,1,2024-12-01,60.78
50125333,T078,2024-10,ARTICULOS ESCOLARES,LIBRETAS EJECUTIVAS,LIBRETAS FORMA FRANCESA,OFFICEMAX,Marca Propia,OFFICE DEPOT ASIA HOLDING,1,54.25,62.93,10.59,0.1952,54.25,1,1,2024-10-01,54.25
50125333,T087,2024-08,ARTICULOS ESCOLARES,LIBRETAS EJECUTIVAS,LIBRETAS FORMA FRANCESA,OFFICEMAX,Marca Propia,OFFICE DEPOT ASIA HOLDING,1,62.0,71.92,14.46,0.2333,54.25,1,1,2024-08-01,62.0
50125333,T087,2024-09,ARTICULOS ESCOLARES,LIBRETAS EJECUTIVAS,LIBRETAS FORMA FRANCESA,OFFICEMAX,Marca Propia,OFFICE DEPOT ASIA HOLDING,3,162.75,188.79,31.77,0.1952,54.25,1,1,2024-09-01,54.25
50125333,T087,2024-11,ARTICULOS ESCOLARES,LIBRETAS EJECUTIVAS,LIBRETAS FORMA FRANCESA,OFFICEMAX,Marca Propia,OFFICE DEPOT ASIA HOLDING,1,38.75,44.95,2.84,0.0733,54.25,1,1,2024-11-01,38.75
50125340,T005,2024-12,ARTICULOS ESCOLARES,MOCHILAS,MOCHILAS UNIVERSITARIAS,OFFICEMAX,Marca Propia,OFFICE DEPOT ASIA HOLDING,2,572.41,664.0,117.11,0.2046,197.41,1,1,2024-12-01,286.205
50125340,T007,2025-08,ARTICULOS ESCOLARES,MOCHILAS,MOCHILAS UNIVERSITARIAS,OFFICEMAX,Marca Propia,OFFICE DEPOT ASIA HOLDING,1,357.76,415.0,94.33,0.2637,197.41,1,1,2025-08-01,357.76
50125340,T028,2025-01,ARTICULOS ESCOLARES,MOCHILAS,MOCHILAS UNIVERSITARIAS,OFFICEMAX,Marca Propia,OFFICE DEPOT ASIA HOLDING,1,197.41,229.0,14.16,0.0717,197.41,1,1,2025-01-01,197.41
50125340,T044,2025-04,ARTICULOS ESCOLARES,MOCHILAS,MOCHILAS UNIVERSITARIAS,OFFICEMAX,Marca Propia,OFFICE DEPOT ASIA HOLDING,1,357.76,415.0,98.79,0.2761,197.41,1,1,2025-04-01,357.76
50125340,T064,2024-09,ARTICULOS ESCOLARES,MOCHILAS,MOCHILAS UNIVERSITARIAS,OFFICEMAX,Marca Propia,OFFICE DEPOT ASIA HOLDING,2,715.52,830.0,188.67,0.2637,197.41,1,1,2024-09-01,357.76
50125340,T070,2025-01,ARTICULOS ESCOLARES,MOCHILAS,MOCHILAS UNIVERSITARIAS,OFFICEMAX,Marca Propia,OFFICE DEPOT ASIA HOLDING,1,197.41,229.0,14.16,0.0717,197.41,1,1,2025-01-01,197.41
50125341,T013,2024-08,ARTICULOS ESCOLARES,LONCHERAS,LONCHERAS,OFFICEMAX,Marca Propia,OFFICE DEPOT ASIA HOLDING,1,153.15,177.65,33.93,0.2215,180.17,1,1,2024-08-01,153.15
50125341,T053,2024-07,ARTICULOS ESCOLARES,LONCHERAS,LONCHERAS,OFFICEMAX,Marca Propia,OFFICE DEPOT ASIA HOLDING,1,180.17,209.0,47.44,0.2633,180.17,1,1,2024-07-01,180.17
50125341,T055,2025-01,ARTICULOS ESCOLARES,LONCHERAS,LONCHERAS,OFFICEMAX,Marca Propia,OFFICE DEPOT ASIA HOLDING,1,90.09,104.5,2.4,0.0266,180.17,1,1,2025-01-01,90.09
50125341,T063,2024-07,ARTICULOS ESCOLARES,LONCHERAS,LONCHERAS,OFFICEMAX,Marca Propia,OFFICE DEPOT ASIA HOLDING,1,180.17,209.0,47.44,0.2633,180.17,1,1,2024-07-01,180.17
50125341,T078,2024-06,ARTICULOS ESCOLARES,LONCHERAS,LONCHERAS,OFFICEMAX,Marca Propia,OFFICE DEPOT ASIA HOLDING,1,180.17,209.0,47.44,0.2633,180.17,1,1,2024-06-01,180.17
50125341,T080,2024-06,ARTICULOS ESCOLARES,LONCHERAS,LONCHERAS,OFFICEMAX,Marca Propia,OFFICE DEPOT ASIA HOLDING,1,180.17,209.0,47.44,0.2633,180.17,1,1,2024-06-01,180.17
50125341,T085,2024-09,ARTICULOS ESCOLARES,LONCHERAS,LONCHERAS,OFFICEMAX,Marca Propia,OFFICE DEPOT ASIA HOLDING,1,180.17,209.0,47.44,0.2633,180.17,1,1,2024-09-01,180.17
50125344,T001,2024-07,ARTICULOS ESCOLARES,SACAPUNTAS,SACAPUNTAS ELECTRICOS,OFFICEMAX,Marca Propia,OFFICE DEPOT ASIA HOLDING,1,111.21,129.0,32.09,0.2886,111.21,1,1,2024-07-01,111.21
50125344,T001,2024-09,ARTICULOS ESCOLARES,SACAPUNTAS,SACAPUNTAS ELECTRICOS,OFFICEMAX,Marca Propia,OFFICE DEPOT ASIA HOLDING,1,77.84,90.3,15.41,0.1979,111.21,1,1,2024-09-01,77.84
50125344,T004,2024-07,ARTICULOS ESCOLARES,SACAPUNTAS,SACAPUNTAS ELECTRICOS,OFFICEMAX,Marca Propia,OFFICE DEPOT ASIA HOLDING,2,222.42,258.0,64.18,0.2886,111.21,2,2,2024-07-01,111.21
50125344,T006,2024-07,ARTICULOS ESCOLARES,SACAPUNTAS,SACAPUNTAS ELECTRICOS,OFFICEMAX,Marca Propia,OFFICE DEPOT ASIA HOLDING,1,111.21,129.0,32.09,0.2886,111.21,1,1,2024-07-01,111.21
50125344,T010,2024-12,ARTICULOS ESCOLARES,SACAPUNTAS,SACAPUNTAS ELECTRICOS,OFFICEMAX,Marca Propia,OFFICE DEPOT ASIA HOLDING,1,50.04,58.05,1.5,0.0301,111.21,1,1,2024-12-01,50.04
50125344,T012,2024-09,ARTICULOS ESCOLARES,SACAPUNTAS,SACAPUNTAS ELECTRICOS,OFFICEMAX,Marca Propia,OFFICE DEPOT ASIA HOLDING,1,77.84,90.3,15.41,0.1979,111.21,1,1,2024-09-01,77.84
50125344,T013,2025-01,ARTICULOS ESCOLARES,SACAPUNTAS,SACAPUNTAS ELECTRICOS,OFFICEMAX,Marca Propia,OFFICE DEPOT ASIA HOLDING,2,133.44,154.8,19.68,0.1476,111.21,2,2,2025-01-01,66.72
50125344,T015,2024-07,ARTICULOS ESCOLARES,SACAPUNTAS,SACAPUNTAS ELECTRICOS,OFFICEMAX,Marca Propia,OFFICE DEPOT ASIA HOLDING,1,111.21,129.0,32.09,0.2886,111.21,1,1,2024-07-01,111.21
50125344,T017,2024-07,ARTICULOS ESCOLARES,SACAPUNTAS,SACAPUNTAS ELECTRICOS,OFFICEMAX,Marca Propia,OFFICE DEPOT ASIA HOLDING,1,111.21,129.0,32.09,0.2886,111.21,1,1,2024-07-01,111.21
50125344,T039,2025-04,ARTICULOS ESCOLARES,SACAPUNTAS,SACAPUNTAS ELECTRICOS,OFFICEMAX,Marca Propia,OFFICE DEPOT ASIA HOLDING,1,111.21,129.0,32.09,0.2886,111.21,1,1,2025-04-01,111.21
50125344,T045,2025-03,ARTICULOS ESCOLARES,SACAPUNTAS,SACAPUNTAS ELECTRICOS,OFFICEMAX,Marca Propia,OFFICE DEPOT ASIA HOLDING,1,111.21,129.0,32.09,0.2886,111.21,1,1,2025-03-01,111.21
50125344,T046,2024-08,ARTICULOS ESCOLARES,SACAPUNTAS,SACAPUNTAS ELECTRICOS,OFFICEMAX,Marca Propia,OFFICE DEPOT ASIA HOLDING,1,101.53,109.65,27.25,0.2684,111.21,1,1,2024-08-01,101.53
50125344,T046,2025-01,ARTICULOS ESCOLARES,SACAPUNTAS,SACAPUNTAS ELECTRICOS,OFFICEMAX,Marca Propia,OFFICE DEPOT ASIA HOLDING,1,71.67,77.4,12.32,0.1719,111.21,1,1,2025-01-01,71.67
50125344,T051,2025-01,ARTICULOS ESCOLARES,SACAPUNTAS,SACAPUNTAS ELECTRICOS,OFFICEMAX,Marca Propia,OFFICE DEPOT ASIA HOLDING,1,66.72,77.4,9.84,0.1476,111.21,1,1,2025-01-01,66.72
50125344,T052,2024-08,ARTICULOS ESCOLARES,SACAPUNTAS,SACAPUNTAS ELECTRICOS,OFFICEMAX,Marca Propia,OFFICE DEPOT ASIA HOLDING,1,77.84,90.3,15.41,0.1979,111.21,1,1,2024-08-01,77.84
50125344,T066,2025-03,ARTICULOS ESCOLARES,SACAPUNTAS,SACAPUNTAS ELECTRICOS,OFFICEMAX,Marca Propia,OFFICE DEPOT ASIA HOLDING,1,111.21,129.0,32.09,0.2886,111.21,1,1,2025-03-01,111.21
50125344,T077,2024-08,ARTICULOS ESCOLARES,SACAPUNTAS,SACAPUNTAS ELECTRICOS,OFFICEMAX,Marca Propia,OFFICE DEPOT ASIA HOLDING,1,111.21,129.0,32.09,0.2886,111.21,1,1,2024-08-01,111.21
50125344,T078,2024-10,ARTICULOS ESCOLARES,SACAPUNTAS,SACAPUNTAS ELECTRICOS,OFFICEMAX,Marca Propia,OFFICE DEPOT ASIA HOLDING,1,77.84,90.3,15.41,0.1979,111.21,1,1,2024-10-01,77.84
50125344,T082,2025-03,ARTICULOS ESCOLARES,SACAPUNTAS,SACAPUNTAS ELECTRICOS,OFFICEMAX,Marca Propia,OFFICE DEPOT ASIA HOLDING,1,111.21,129.0,32.09,0.2886,111.21,1,1,2025-03-01,111.21
50125345,T001,2024-06,ARTICULOS ESCOLARES,SACAPUNTAS,SACAPUNTAS ELECTRICOS,OFFICEMAX,Marca Propia,OFFICE DEPOT ASIA HOLDING,1,375.0,435.0,87.23,0.2326,375.0,1,1,2024-06-01,375.0
50125345,T001,2024-07,ARTICULOS ESCOLARES,SACAPUNTAS,SACAPUNTAS ELECTRICOS,OFFICEMAX,Marca Propia,OFFICE DEPOT ASIA HOLDING,1,375.0,435.0,87.23,0.2326,375.0,1,1,2024-07-01,375.0
50125345,T005,2026-03,ARTICULOS ESCOLARES,SACAPUNTAS,SACAPUNTAS ELECTRICOS,OFFICEMAX,Marca Propia,OFFICE DEPOT ASIA HOLDING,1,375.0,435.0,67.67,0.1805,375.0,1,1,2026-03-01,375.0
50125345,T006,2024-10,ARTICULOS ESCOLARES,SACAPUNTAS,SACAPUNTAS ELECTRICOS,OFFICEMAX,Marca Propia,OFFICE DEPOT ASIA HOLDING,1,375.0,435.0,87.23,0.2326,375.0,1,1,2024-10-01,375.0
50125345,T010,2026-02,ARTICULOS ESCOLARES,SACAPUNTAS,SACAPUNTAS ELECTRICOS,,Marca Externa,OFFICE DEPOT ASIA HOLDING,1,375.0,435.0,67.67,0.1805,375.0,1,1,2026-02-01,375.0
50125345,T016,2024-08,ARTICULOS ESCOLARES,SACAPUNTAS,SACAPUNTAS ELECTRICOS,,Marca Externa,OFFICE DEPOT ASIA HOLDING,1,262.5,304.5,30.98,0.118,375.0,1,1,2024-08-01,262.5
50125345,T018,2024-10,ARTICULOS ESCOLARES,SACAPUNTAS,SACAPUNTAS ELECTRICOS,OFFICEMAX,Marca Propia,OFFICE DEPOT ASIA HOLDING,1,375.0,435.0,87.23,0.2326,375.0,1,1,2024-10-01,375.0
50125345,T019,2024-08,ARTICULOS ESCOLARES,SACAPUNTAS,SACAPUNTAS ELECTRICOS,,Marca Externa,OFFICE DEPOT ASIA HOLDING,1,375.0,435.0,87.23,0.2326,375.0,1,1,2024-08-01,375.0
50125345,T020,2024-11,ARTICULOS ESCOLARES,SACAPUNTAS,SACAPUNTAS ELECTRICOS,OFFICEMAX,Marca Propia,OFFICE DEPOT ASIA HOLDING,3,641.25,743.85,19.83,0.0309,375.0,1,1,2024-11-01,213.75
50125345,T022,2024-11,ARTICULOS ESCOLARES,SACAPUNTAS,SACAPUNTAS ELECTRICOS,OFFICEMAX,Marca Propia,OFFICE DEPOT ASIA HOLDING,1,225.0,261.0,12.23,0.0544,375.0,1,1,2024-11-01,225.0
50125345,T025,2025-10,ARTICULOS ESCOLARES,SACAPUNTAS,SACAPUNTAS ELECTRICOS,,Marca Externa,OFFICE DEPOT ASIA HOLDING,1,375.0,435.0,67.67,0.1805,375.0,1,1,2025-10-01,375.0
50125345,T031,2024-10,ARTICULOS ESCOLARES,SACAPUNTAS,SACAPUNTAS ELECTRICOS,OFFICEMAX,Marca Propia,OFFICE DEPOT ASIA HOLDING,1,375.0,435.0,87.23,0.2326,375.0,1,1,2024-10-01,375.0
50125345,T031,2024-11,ARTICULOS ESCOLARES,SACAPUNTAS,SACAPUNTAS ELECTRICOS,OFFICEMAX,Marca Propia,OFFICE DEPOT ASIA HOLDING,1,262.5,304.5,30.98,0.118,375.0,1,1,2024-11-01,262.5
50125345,T031,2025-09,ARTICULOS ESCOLARES,SACAPUNTAS,SACAPUNTAS ELECTRICOS,OFFICEMAX,Marca Propia,OFFICE DEPOT ASIA HOLDING,1,375.0,435.0,67.67,0.1805,375.0,1,1,2025-09-01,375.0
50125345,T032,2024-10,ARTICULOS ESCOLARES,SACAPUNTAS,SACAPUNTAS ELECTRICOS,,Marca Externa,OFFICE DEPOT ASIA HOLDING,1,375.0,435.0,87.23,0.2326,375.0,1,1,2024-10-01,375.0
50125345,T049,2024-07,ARTICULOS ESCOLARES,SACAPUNTAS,SACAPUNTAS ELECTRICOS,,Marca Externa,OFFICE DEPOT ASIA HOLDING,1,375.0,435.0,87.23,0.2326,375.0,1,1,2024-07-01,375.0
50125345,T052,2024-08,ARTICULOS ESCOLARES,SACAPUNTAS,SACAPUNTAS ELECTRICOS,OFFICEMAX,Marca Propia,OFFICE DEPOT ASIA HOLDING,1,262.5,304.5,30.98,0.118,375.0,1,1,2024-08-01,262.5
50125345,T052,2024-08,ARTICULOS ESCOLARES,SACAPUNTAS,SACAPUNTAS ELECTRICOS,,Marca Externa,OFFICE DEPOT ASIA HOLDING,1,375.0,435.0,87.23,0.2326,375.0,1,1,2024-08-01,375.0
50125345,T058,2024-08,ARTICULOS ESCOLARES,SACAPUNTAS,SACAPUNTAS ELECTRICOS,OFFICEMAX,Marca Propia,OFFICE DEPOT ASIA HOLDING,1,375.0,435.0,87.23,0.2326,375.0,1,1,2024-08-01,375.0
50125345,T058,2024-11,ARTICULOS ESCOLARES,SACAPUNTAS,SACAPUNTAS ELECTRICOS,OFFICEMAX,Marca Propia,OFFICE DEPOT ASIA HOLDING,2,750.0,870.0,174.46,0.2326,375.0,1,1,2024-11-01,375.0
50125345,T063,2025-12,ARTICULOS ESCOLARES,SACAPUNTAS,SACAPUNTAS ELECTRICOS,OFFICEMAX,Marca Propia,OFFICE DEPOT ASIA HOLDING,1,375.0,435.0,67.67,0.1805,375.0,1,1,2025-12-01,375.0
50125345,T066,2025-09,ARTICULOS ESCOLARES,SACAPUNTAS,SACAPUNTAS ELECTRICOS,,Marca Externa,OFFICE DEPOT ASIA HOLDING,1,375.0,435.0,67.67,0.1805,375.0,1,1,2025-09-01,375.0
50125345,T068,2025-10,ARTICULOS ESCOLARES,SACAPUNTAS,SACAPUNTAS ELECTRICOS,OFFICEMAX,Marca Propia,OFFICE DEPOT ASIA HOLDING,4,1500.0,1740.0,270.68,0.1805,375.0,1,1,2025-10-01,375.0
50125345,T069,2025-10,ARTICULOS ESCOLARES,SACAPUNTAS,SACAPUNTAS ELECTRICOS,OFFICEMAX,Marca Propia,OFFICE DEPOT ASIA HOLDING,1,375.0,435.0,67.67,0.1805,375.0,1,1,2025-10-01,375.0
50125345,T069,2025-12,ARTICULOS ESCOLARES,SACAPUNTAS,SACAPUNTAS ELECTRICOS,OFFICEMAX,Marca Propia,OFFICE DEPOT ASIA HOLDING,1,375.0,435.0,67.67,0.1805,375.0,1,1,2025-12-01,375.0
50125345,T069,2026-04,ARTICULOS ESCOLARES,SACAPUNTAS,SACAPUNTAS ELECTRICOS,,Marca Externa,OFFICE DEPOT ASIA HOLDING,1,375.0,435.0,67.67,0.1804,375.0,1,1,2026-04-01,375.0
50125345,T073,2024-07,ARTICULOS ESCOLARES,SACAPUNTAS,SACAPUNTAS ELECTRICOS,,Marca Externa,OFFICE DEPOT ASIA HOLDING,1,375.0,435.0,87.23,0.2326,375.0,1,1,2024-07-01,375.0
50125345,T075,2024-08,ARTICULOS ESCOLARES,SACAPUNTAS,SACAPUNTAS ELECTRICOS,OFFICEMAX,Marca Propia,OFFICE DEPOT ASIA HOLDING,1,375.0,435.0,87.23,0.2326,375.0,1,1,2024-08-01,375.0
50125345,T082,2024-09,ARTICULOS ESCOLARES,SACAPUNTAS,SACAPUNTAS ELECTRICOS,OFFICEMAX,Marca Propia,OFFICE DEPOT ASIA HOLDING,1,375.0,435.0,87.23,0.2326,375.0,1,1,2024-09-01,375.0
50125345,T083,2024-09,ARTICULOS ESCOLARES,SACAPUNTAS,SACAPUNTAS ELECTRICOS,OFFICEMAX,Marca Propia,OFFICE DEPOT ASIA HOLDING,1,375.0,435.0,87.23,0.2326,375.0,1,1,2024-09-01,375.0
50125455,T014,2024-09,ARTICULOS ESCOLARES,LIBRETAS EJECUTIVAS,LIBRETAS FORMA FRANCESA,STUK,Marca Propia,"PARKROSE GROUP, S.L.",1,61.55,71.4,4.8,0.0779,61.55,1,1,2024-09-01,61.55
50125455,T032,2024-07,ARTICULOS ESCOLARES,LIBRETAS EJECUTIVAS,LIBRETAS FORMA FRANCESA,STUK,Marca Propia,"PARKROSE GROUP, S.L.",1,92.33,107.1,20.18,0.2186,61.55,1,1,2024-07-01,92.33
50125455,T062,2024-08,ARTICULOS ESCOLARES,LIBRETAS EJECUTIVAS,LIBRETAS FORMA FRANCESA,STUK,Marca Propia,"PARKROSE GROUP, S.L.",1,102.59,119.0,25.32,0.2468,61.55,1,1,2024-08-01,102.59
50125455,T076,2024-10,ARTICULOS ESCOLARES,LIBRETAS EJECUTIVAS,LIBRETAS FORMA FRANCESA,STUK,Marca Propia,"PARKROSE GROUP, S.L.",1,61.55,71.4,4.8,0.0779,61.55,1,1,2024-10-01,61.55
50125455,T079,2024-09,ARTICULOS ESCOLARES,LIBRETAS EJECUTIVAS,LIBRETAS FORMA FRANCESA,STUK,Marca Propia,"PARKROSE GROUP, S.L.",1,61.55,71.4,4.8,0.0779,61.55,1,1,2024-09-01,61.55
50125455,T087,2024-10,ARTICULOS ESCOLARES,LIBRETAS EJECUTIVAS,LIBRETAS FORMA FRANCESA,STUK,Marca Propia,"PARKROSE GROUP, S.L.",1,61.55,71.4,4.8,0.0779,61.55,1,1,2024-10-01,61.55
50125467,T004,2024-10,ARTICULOS ESCOLARES,LIBRETAS EJECUTIVAS,LIBRETAS FORMA FRANCESA,STUK,Marca Propia,"PARKROSE GROUP, S.L.",1,13.76,15.96,2.23,0.1621,13.76,1,1,2024-10-01,13.76
50125467,T008,2024-09,ARTICULOS ESCOLARES,LIBRETAS EJECUTIVAS,LIBRETAS FORMA FRANCESA,STUK,Marca Propia,"PARKROSE GROUP, S.L.",1,13.76,15.96,2.23,0.1621,13.76,1,1,2024-09-01,13.76
50125467,T009,2025-03,ARTICULOS ESCOLARES,LIBRETAS EJECUTIVAS,LIBRETAS FORMA FRANCESA,STUK,Marca Propia,"PARKROSE GROUP, S.L.",1,12.67,14.7,1.68,0.133,13.76,1,1,2025-03-01,12.67
50125467,T011,2024-10,ARTICULOS ESCOLARES,LIBRETAS EJECUTIVAS,LIBRETAS FORMA FRANCESA,STUK,Marca Propia,"PARKROSE GROUP, S.L.",1,13.76,15.96,2.23,0.1621,13.76,1,1,2024-10-01,13.76
50125467,T027,2024-11,ARTICULOS ESCOLARES,LIBRETAS EJECUTIVAS,LIBRETAS FORMA FRANCESA,STUK,Marca Propia,"PARKROSE GROUP, S.L.",1,17.2,19.95,3.95,0.2297,13.76,1,1,2024-11-01,17.2
50125467,T033,2024-10,ARTICULOS ESCOLARES,LIBRETAS EJECUTIVAS,LIBRETAS FORMA FRANCESA,STUK,Marca Propia,"PARKROSE GROUP, S.L.",1,13.76,15.96,2.23,0.1621,13.76,1,1,2024-10-01,13.76
50125467,T052,2025-01,ARTICULOS ESCOLARES,LIBRETAS EJECUTIVAS,LIBRETAS FORMA FRANCESA,STUK,Marca Propia,"PARKROSE GROUP, S.L.",1,31.81,36.9,11.25,0.3538,13.76,1,1,2025-01-01,31.81
50125467,T057,2025-03,ARTICULOS ESCOLARES,LIBRETAS EJECUTIVAS,LIBRETAS FORMA FRANCESA,STUK,Marca Propia,"PARKROSE GROUP, S.L.",1,13.61,14.7,2.15,0.1583,13.76,1,1,2025-03-01,13.61
50125467,T061,2025-03,ARTICULOS ESCOLARES,LIBRETAS EJECUTIVAS,LIBRETAS FORMA FRANCESA,STUK,Marca Propia,"PARKROSE GROUP, S.L.",2,27.22,29.4,4.31,0.1583,13.76,1,1,2025-03-01,13.61
50125467,T063,2024-09,ARTICULOS ESCOLARES,LIBRETAS EJECUTIVAS,LIBRETAS FORMA FRANCESA,STUK,Marca Propia,"PARKROSE GROUP, S.L.",1,13.76,15.96,2.23,0.1621,13.76,1,1,2024-09-01,13.76
50125467,T065,2024-08,ARTICULOS ESCOLARES,LIBRETAS EJECUTIVAS,LIBRETAS FORMA FRANCESA,STUK,Marca Propia,"PARKROSE GROUP, S.L.",2,68.79,79.8,25.09,0.3648,13.76,1,1,2024-08-01,34.395
50125467,T065,2024-10,ARTICULOS ESCOLARES,LIBRETAS EJECUTIVAS,LIBRETAS FORMA FRANCESA,STUK,Marca Propia,"PARKROSE GROUP, S.L.",1,13.76,15.96,2.23,0.1621,13.76,1,1,2024-10-01,13.76
50125467,T068,2024-09,ARTICULOS ESCOLARES,LIBRETAS EJECUTIVAS,LIBRETAS FORMA FRANCESA,STUK,Marca Propia,"PARKROSE GROUP, S.L.",6,82.55,95.76,13.38,0.162,13.76,1,1,2024-09-01,13.758333333333333
50125467,T073,2024-09,ARTICULOS ESCOLARES,LIBRETAS EJECUTIVAS,LIBRETAS FORMA FRANCESA,STUK,Marca Propia,"PARKROSE GROUP, S.L.",1,13.76,15.96,2.23,0.1621,13.76,1,1,2024-09-01,13.76
50125467,T083,2024-10,ARTICULOS ESCOLARES,LIBRETAS EJECUTIVAS,LIBRETAS FORMA FRANCESA,STUK,Marca Propia,"PARKROSE GROUP, S.L.",1,13.76,15.96,2.23,0.1621,13.76,1,1,2024-10-01,13.76
50125467,T087,2024-11,ARTICULOS ESCOLARES,LIBRETAS EJECUTIVAS,LIBRETAS FORMA FRANCESA,STUK,Marca Propia,"PARKROSE GROUP, S.L.",1,17.2,19.95,3.95,0.2297,13.76,1,1,2024-11-01,17.2
50125475,T002,2024-09,ARTICULOS ESCOLARES,LONCHERAS,BOTELLAS Y TERMOS,STUK,Marca Propia,"PARKROSE GROUP, S.L.",1,77.5,89.9,23.71,0.3059,77.5,1,1,2024-09-01,77.5
50125475,T002,2024-11,ARTICULOS ESCOLARES,LONCHERAS,BOTELLAS Y TERMOS,STUK,Marca Propia,"PARKROSE GROUP, S.L.",2,77.5,89.9,8.67,0.1119,77.5,1,1,2024-11-01,38.75
50125475,T006,2024-09,ARTICULOS ESCOLARES,LONCHERAS,BOTELLAS Y TERMOS,STUK,Marca Propia,"PARKROSE GROUP, S.L.",1,77.5,89.9,23.71,0.3059,77.5,1,1,2024-09-01,77.5
50125475,T013,2024-11,ARTICULOS ESCOLARES,LONCHERAS,BOTELLAS Y TERMOS,STUK,Marca Propia,"PARKROSE GROUP, S.L.",1,34.87,40.45,2.4,0.0687,77.5,1,1,2024-11-01,34.87
50125475,T019,2024-08,ARTICULOS ESCOLARES,LONCHERAS,BOTELLAS Y TERMOS,STUK,Marca Propia,"PARKROSE GROUP, S.L.",1,54.25,62.93,12.09,0.2228,77.5,1,1,2024-08-01,54.25
50125475,T022,2024-11,ARTICULOS ESCOLARES,LONCHERAS,BOTELLAS Y TERMOS,STUK,Marca Propia,"PARKROSE GROUP, S.L.",3,116.25,134.85,13.01,0.1119,77.5,1,1,2024-11-01,38.75
50125475,T031,2024-10,ARTICULOS ESCOLARES,LONCHERAS,BOTELLAS Y TERMOS,STUK,Marca Propia,"PARKROSE GROUP, S.L.",1,77.5,89.9,23.71,0.3059,77.5,1,1,2024-10-01,77.5
50125475,T052,2024-07,ARTICULOS ESCOLARES,LONCHERAS,BOTELLAS Y TERMOS,STUK,Marca Propia,"PARKROSE GROUP, S.L.",1,69.75,80.91,19.84,0.2844,77.5,1,1,2024-07-01,69.75
50125475,T074,2024-07,ARTICULOS ESCOLARES,LONCHERAS,BOTELLAS Y TERMOS,STUK,Marca Propia,"PARKROSE GROUP, S.L.",1,77.5,89.9,23.71,0.3059,77.5,1,1,2024-07-01,77.5
50125475,T086,2024-08,ARTICULOS ESCOLARES,LONCHERAS,BOTELLAS Y TERMOS,STUK,Marca Propia,"PARKROSE GROUP, S.L.",1,48.83,56.64,9.38,0.192,77.5,1,1,2024-08-01,48.83
50125488,T011,2024-08,ARTICULOS ESCOLARES,LIBRETAS EJECUTIVAS,LIBRETAS FORMA FRANCESA,STUK,Marca Propia,"PARKROSE GROUP, S.L.",1,60.29,69.93,14.01,0.2324,86.12,1,1,2024-08-01,60.29
50125488,T014,2024-08,ARTICULOS ESCOLARES,LIBRETAS EJECUTIVAS,LIBRETAS FORMA FRANCESA,STUK,Marca Propia,"PARKROSE GROUP, S.L.",1,73.2,84.91,20.46,0.2796,86.12,1,1,2024-08-01,73.2
50125488,T020,2024-12,ARTICULOS ESCOLARES,LIBRETAS EJECUTIVAS,LIBRETAS FORMA FRANCESA,STUK,Marca Propia,"PARKROSE GROUP, S.L.",1,43.06,49.95,5.39,0.1253,86.12,1,1,2024-12-01,43.06
50125488,T025,2024-08,ARTICULOS ESCOLARES,LIBRETAS EJECUTIVAS,LIBRETAS FORMA FRANCESA,STUK,Marca Propia,"PARKROSE GROUP, S.L.",3,232.53,269.73,67.87,0.28586666666666666,86.12,3,3,2024-08-01,77.51
50125488,T028,2024-08,ARTICULOS ESCOLARES,LIBRETAS EJECUTIVAS,LIBRETAS FORMA FRANCESA,STUK,Marca Propia,"PARKROSE GROUP, S.L.",1,60.29,69.93,14.01,0.2324,86.12,1,1,2024-08-01,60.29
50125488,T039,2024-08,ARTICULOS ESCOLARES,LIBRETAS EJECUTIVAS,LIBRETAS FORMA FRANCESA,STUK,Marca Propia,"PARKROSE GROUP, S.L.",1,60.29,69.93,14.01,0.2324,86.12,1,1,2024-08-01,60.29
50125488,T048,2024-07,ARTICULOS ESCOLARES,LIBRETAS EJECUTIVAS,LIBRETAS FORMA FRANCESA,STUK,Marca Propia,"PARKROSE GROUP, S.L.",1,86.12,99.9,26.93,0.3126,86.12,1,1,2024-07-01,86.12
50125488,T049,2024-08,ARTICULOS ESCOLARES,LIBRETAS EJECUTIVAS,LIBRETAS FORMA FRANCESA,STUK,Marca Propia,"PARKROSE GROUP, S.L.",1,73.2,84.91,20.46,0.2796,86.12,1,1,2024-08-01,73.2
50125488,T057,2024-09,ARTICULOS ESCOLARES,LIBRETAS EJECUTIVAS,LIBRETAS FORMA FRANCESA,STUK,Marca Propia,"PARKROSE GROUP, S.L.",1,92.5,99.9,30.11,0.3256,86.12,1,1,2024-09-01,92.5
50125488,T063,2024-09,ARTICULOS ESCOLARES,LIBRETAS EJECUTIVAS,LIBRETAS FORMA FRANCESA,STUK,Marca Propia,"PARKROSE GROUP, S.L.",1,86.12,99.9,26.93,0.3126,86.12,1,1,2024-09-01,86.12
50125488,T072,2024-07,ARTICULOS ESCOLARES,LIBRETAS EJECUTIVAS,LIBRETAS FORMA FRANCESA,STUK,Marca Propia,"PARKROSE GROUP, S.L.",1,86.12,99.9,26.93,0.3126,86.12,1,1,2024-07-01,86.12
50125488,T072,2024-08,ARTICULOS ESCOLARES,LIBRETAS EJECUTIVAS,LIBRETAS FORMA FRANCESA,STUK,Marca Propia,"PARKROSE GROUP, S.L.",1,86.12,99.9,26.93,0.3126,86.12,1,1,2024-08-01,86.12
50125488,T083,2024-07,ARTICULOS ESCOLARES,LIBRETAS EJECUTIVAS,LIBRETAS FORMA FRANCESA,STUK,Marca Propia,"PARKROSE GROUP, S.L.",1,86.12,99.9,26.93,0.3126,86.12,1,1,2024-07-01,86.12
50125489,T001,2024-07,ARTICULOS ESCOLARES,LIBRETAS EJECUTIVAS,LIBRETAS FORMA FRANCESA,STUK,Marca Propia,"PARKROSE GROUP, S.L.",1,86.12,99.9,25.55,0.2967,86.12,1,1,2024-07-01,86.12
50125489,T005,2024-08,ARTICULOS ESCOLARES,LIBRETAS EJECUTIVAS,LIBRETAS FORMA FRANCESA,STUK,Marca Propia,"PARKROSE GROUP, S.L.",1,86.12,99.9,25.55,0.2967,86.12,1,1,2024-08-01,86.12
50125489,T007,2024-12,ARTICULOS ESCOLARES,LIBRETAS EJECUTIVAS,LIBRETAS FORMA FRANCESA,STUK,Marca Propia,"PARKROSE GROUP, S.L.",1,43.06,49.95,4.03,0.0935,86.12,1,1,2024-12-01,43.06
50125489,T020,2025-01,ARTICULOS ESCOLARES,LIBRETAS EJECUTIVAS,LIBRETAS FORMA FRANCESA,STUK,Marca Propia,"PARKROSE GROUP, S.L.",1,60.78,70.5,12.89,0.212,86.12,1,1,2025-01-01,60.78
50125489,T026,2024-08,ARTICULOS ESCOLARES,LIBRETAS EJECUTIVAS,LIBRETAS FORMA FRANCESA,STUK,Marca Propia,"PARKROSE GROUP, S.L.",1,86.12,99.9,25.55,0.2967,86.12,1,1,2024-08-01,86.12
50125489,T027,2024-08,ARTICULOS ESCOLARES,LIBRETAS EJECUTIVAS,LIBRETAS FORMA FRANCESA,STUK,Marca Propia,"PARKROSE GROUP, S.L.",1,86.12,99.9,25.55,0.2967,86.12,1,1,2024-08-01,86.12
50125489,T037,2024-08,ARTICULOS ESCOLARES,LIBRETAS EJECUTIVAS,LIBRETAS FORMA FRANCESA,STUK,Marca Propia,"PARKROSE GROUP, S.L.",1,86.12,99.9,25.55,0.2967,86.12,1,1,2024-08-01,86.12
50125489,T042,2024-08,ARTICULOS ESCOLARES,LIBRETAS EJECUTIVAS,LIBRETAS FORMA FRANCESA,STUK,Marca Propia,"PARKROSE GROUP, S.L.",1,60.29,69.93,12.64,0.2097,86.12,1,1,2024-08-01,60.29
50125489,T049,2024-12,ARTICULOS ESCOLARES,LIBRETAS EJECUTIVAS,LIBRETAS FORMA FRANCESA,STUK,Marca Propia,"PARKROSE GROUP, S.L.",1,43.06,49.95,4.03,0.0935,86.12,1,1,2024-12-01,43.06
50125489,T061,2024-07,ARTICULOS ESCOLARES,LIBRETAS EJECUTIVAS,LIBRETAS FORMA FRANCESA,STUK,Marca Propia,"PARKROSE GROUP, S.L.",1,92.5,99.9,29.8,0.3222,86.12,1,1,2024-07-01,92.5
50125489,T061,2024-09,ARTICULOS ESCOLARES,LIBRETAS EJECUTIVAS,LIBRETAS FORMA FRANCESA,STUK,Marca Propia,"PARKROSE GROUP, S.L.",1,92.5,99.9,28.75,0.3108,86.12,1,1,2024-09-01,92.5
50125490,T001,2024-08,ARTICULOS ESCOLARES,LIBRETAS EJECUTIVAS,LIBRETAS FORMA FRANCESA,STUK,Marca Propia,"PARKROSE GROUP, S.L.",1,99.14,115.0,32.06,0.3234,99.14,1,1,2024-08-01,99.14
50125490,T005,2024-11,ARTICULOS ESCOLARES,LIBRETAS EJECUTIVAS,LIBRETAS FORMA FRANCESA,STUK,Marca Propia,"PARKROSE GROUP, S.L.",1,59.48,69.0,12.24,0.2057,99.14,1,1,2024-11-01,59.48
50125490,T011,2024-10,ARTICULOS ESCOLARES,LIBRETAS EJECUTIVAS,LIBRETAS FORMA FRANCESA,STUK,Marca Propia,"PARKROSE GROUP, S.L.",2,198.28,230.0,64.13,0.3234,99.14,1,1,2024-10-01,99.14
50125490,T015,2024-07,ARTICULOS ESCOLARES,LIBRETAS EJECUTIVAS,LIBRETAS FORMA FRANCESA,STUK,Marca Propia,"PARKROSE GROUP, S.L.",1,99.14,115.0,32.06,0.3234,99.14,1,1,2024-07-01,99.14
50125490,T056,2024-08,ARTICULOS ESCOLARES,LIBRETAS EJECUTIVAS,LIBRETAS FORMA FRANCESA,STUK,Marca Propia,"PARKROSE GROUP, S.L.",1,69.4,80.5,17.2,0.2478,99.14,1,1,2024-08-01,69.4
50125490,T072,2024-08,ARTICULOS ESCOLARES,LIBRETAS EJECUTIVAS,LIBRETAS FORMA FRANCESA,STUK,Marca Propia,"PARKROSE GROUP, S.L.",1,69.4,80.5,17.2,0.2478,99.14,1,1,2024-08-01,69.4
50125515,T027,2024-09,ARTICULOS ESCOLARES,MOCHILAS,MOCHILAS UNIVERSITARIAS,STUK,Marca Propia,"PARKROSE GROUP, S.L.",1,198.54,230.3,39.1,0.1969,198.54,1,1,2024-09-01,198.54
50125515,T041,2024-08,ARTICULOS ESCOLARES,MOCHILAS,MOCHILAS UNIVERSITARIAS,STUK,Marca Propia,"PARKROSE GROUP, S.L.",1,241.08,279.65,60.37,0.2504,198.54,1,1,2024-08-01,241.08
50125515,T061,2024-08,ARTICULOS ESCOLARES,MOCHILAS,MOCHILAS UNIVERSITARIAS,STUK,Marca Propia,"PARKROSE GROUP, S.L.",2,426.48,460.6,92.9,0.2178,198.54,2,2,2024-08-01,213.24
50125515,T071,2024-09,ARTICULOS ESCOLARES,MOCHILAS,MOCHILAS UNIVERSITARIAS,STUK,Marca Propia,"PARKROSE GROUP, S.L.",1,226.9,263.2,53.28,0.2348,198.54,1,1,2024-09-01,226.9
50126035,T012,2024-04,ARTICULOS ESCOLARES,CRAYONES,CRAYONES JUMBO,MAPED,Marca Externa,MAPED SILCO,1,59.48,69.0,12.21,0.2052,59.48,1,1,2024-04-01,59.48
50127209,T017,2024-08,ARTICULOS ESCOLARES,MOCHILAS,MOCHILAS ESCOLARES,FOTORAMA,Marca Externa,FOTORAMA DE MEXICO,1,688.79,799.0,118.46,0.172,688.79,1,1,2024-08-01,688.79
50127221,T014,2024-08,ARTICULOS ESCOLARES,LAPICERAS Y ESTUCHES,LAPICERAS DE LICENCIAS,FOTORAMA,Marca Externa,FOTORAMA DE MEXICO,1,138.19,160.3,6.19,0.0448,197.41,1,1,2024-08-01,138.19
50127221,T033,2024-08,ARTICULOS ESCOLARES,LAPICERAS Y ESTUCHES,LAPICERAS DE LICENCIAS,FOTORAMA,Marca Externa,FOTORAMA DE MEXICO,1,197.41,229.0,35.8,0.1813,197.41,1,1,2024-08-01,197.41
50127221,T057,2024-08,ARTICULOS ESCOLARES,LAPICERAS Y ESTUCHES,LAPICERAS DE LICENCIAS,FOTORAMA,Marca Externa,FOTORAMA DE MEXICO,1,212.04,229.0,43.11,0.2033,197.41,1,1,2024-08-01,212.04
50127221,T069,2024-07,ARTICULOS ESCOLARES,LAPICERAS Y ESTUCHES,LAPICERAS DE LICENCIAS,FOTORAMA,Marca Externa,FOTORAMA DE MEXICO,1,197.41,229.0,35.8,0.1813,197.41,1,1,2024-07-01,197.41
50127225,T047,2024-08,ARTICULOS ESCOLARES,LAPICERAS Y ESTUCHES,LAPICERAS DE LICENCIAS,FOTORAMA,Marca Externa,FOTORAMA DE MEXICO,1,157.93,183.2,16.06,0.1017,197.41,1,1,2024-08-01,157.93
50127238,T077,2024-08,ARTICULOS ESCOLARES,LAPICERAS Y ESTUCHES,LAPICERAS DE LICENCIAS,FOTORAMA,Marca Externa,FOTORAMA DE MEXICO,1,188.79,219.0,33.26,0.1762,188.79,1,1,2024-08-01,188.79
50127238,T083,2024-08,ARTICULOS ESCOLARES,LAPICERAS Y ESTUCHES,LAPICERAS DE LICENCIAS,FOTORAMA,Marca Externa,FOTORAMA DE MEXICO,1,188.79,219.0,33.26,0.1762,188.79,1,1,2024-08-01,188.79
50127239,T072,2024-10,ARTICULOS ESCOLARES,LONCHERAS,LONCHERAS,FOTORAMA,Marca Externa,FOTORAMA DE MEXICO,1,361.21,419.0,64.54,0.1787,361.21,1,1,2024-10-01,361.21
50127241,T060,2025-08,ARTICULOS ESCOLARES,LAPICERAS Y ESTUCHES,LAPICERAS DE LICENCIAS,FOTORAMA,Marca Externa,FOTORAMA DE MEXICO,1,151.04,175.2,14.38,0.0952,188.79,1,1,2025-08-01,151.04
50127242,T011,2025-08,ARTICULOS ESCOLARES,LONCHERAS,LONCHERAS,FOTORAMA,Marca Externa,FOTORAMA DE MEXICO,1,361.21,419.0,64.54,0.1787,361.21,1,1,2025-08-01,361.21
50127242,T042,2025-08,ARTICULOS ESCOLARES,LONCHERAS,LONCHERAS,FOTORAMA,Marca Externa,FOTORAMA DE MEXICO,1,361.21,419.0,64.54,0.1787,361.21,1,1,2025-08-01,361.21
50127242,T087,2025-08,ARTICULOS ESCOLARES,LONCHERAS,LONCHERAS,FOTORAMA,Marca Externa,FOTORAMA DE MEXICO,1,288.97,335.2,28.42,0.0983,361.21,1,1,2025-08-01,288.97
50127244,T021,2024-08,ARTICULOS ESCOLARES,LAPICERAS Y ESTUCHES,LAPICERAS DE LICENCIAS,FOTORAMA,Marca Externa,FOTORAMA DE MEXICO,1,151.04,175.2,14.38,0.0952,188.79,1,1,2024-08-01,151.04
50127250,T076,2024-07,ARTICULOS ESCOLARES,LAPICERAS Y ESTUCHES,LAPICERAS DE LICENCIAS,FOTORAMA,Marca Externa,FOTORAMA DE MEXICO,1,188.79,219.0,33.26,0.1762,188.79,1,1,2024-07-01,188.79
50127252,T059,2024-08,ARTICULOS ESCOLARES,LAPICERAS Y ESTUCHES,LAPICERAS DE LICENCIAS,FOTORAMA,Marca Externa,FOTORAMA DE MEXICO,1,188.79,219.0,33.26,0.1762,188.79,1,1,2024-08-01,188.79
50127253,T042,2024-08,ARTICULOS ESCOLARES,MOCHILAS,MOCHILAS UNIVERSITARIAS,FOTORAMA,Marca Externa,FOTORAMA DE MEXICO,1,295.09,342.3,10.66,0.0361,421.55,1,1,2024-08-01,295.09
50127589,T065,2024-08,ARTICULOS ESCOLARES,LONCHERAS,LONCHERAS,TOTTO,Marca Externa,URBAN ARENA,1,473.28,549.0,106.49,0.225,473.28,1,1,2024-08-01,473.28
50127590,T008,2024-08,ARTICULOS ESCOLARES,LONCHERAS,LONCHERAS,TOTTO,Marca Externa,URBAN ARENA,1,473.28,549.0,106.49,0.225,473.28,1,1,2024-08-01,473.28
50127590,T048,2024-08,ARTICULOS ESCOLARES,LONCHERAS,LONCHERAS,TOTTO,Marca Externa,URBAN ARENA,1,378.62,439.2,59.16,0.1563,473.28,1,1,2024-08-01,378.62
50127597,T057,2025-08,ARTICULOS ESCOLARES,LONCHERAS,LONCHERAS,TOTTO,Marca Externa,URBAN ARENA,1,508.33,549.0,124.01,0.244,473.28,1,1,2025-08-01,508.33
50127609,T056,2025-11,ARTICULOS ESCOLARES,MOCHILAS,MOCHILAS UNIVERSITARIAS,TOTTO,Marca Externa,URBAN ARENA,1,861.21,999.0,193.78,0.225,861.21,1,1,2025-11-01,861.21
50127617,T057,2024-08,ARTICULOS ESCOLARES,MOCHILAS,MOCHILAS UNIVERSITARIAS,TOTTO,Marca Externa,URBAN ARENA,1,1295.37,1399.0,316.02,0.244,1206.04,1,1,2024-08-01,1295.37
50127625,T065,2024-08,ARTICULOS ESCOLARES,MOCHILAS,MOCHILAS UNIVERSITARIAS,TOTTO,Marca Externa,URBAN ARENA,1,602.59,699.0,135.59,0.225,602.59,1,1,2024-08-01,602.59
50127722,T041,2025-08,ARTICULOS ESCOLARES,LONCHERAS,LONCHERAS,KIUT,Marca Externa,"CARVAJAL EDUCACION,",1,375.0,435.0,86.5,0.2307,375.0,1,1,2025-08-01,375.0
50127722,T073,2025-01,ARTICULOS ESCOLARES,LONCHERAS,LONCHERAS,KIUT,Marca Externa,"CARVAJAL EDUCACION,",1,375.0,435.0,66.0,0.176,375.0,1,1,2025-01-01,375.0
50127723,T047,2024-08,ARTICULOS ESCOLARES,MOCHILAS,MOCHILAS ESCOLARES,KIUT,Marca Externa,"CARVAJAL EDUCACION,",1,542.5,629.3,21.75,0.0401,775.0,1,1,2024-08-01,542.5
50127724,T037,2024-08,ARTICULOS ESCOLARES,LONCHERAS,LONCHERAS,KIUT,Marca Externa,"CARVAJAL EDUCACION,",1,375.0,435.0,66.0,0.176,375.0,1,1,2024-08-01,375.0
50127724,T064,2024-09,ARTICULOS ESCOLARES,LONCHERAS,LONCHERAS,KIUT,Marca Externa,"CARVAJAL EDUCACION,",1,375.0,435.0,66.0,0.176,375.0,1,1,2024-09-01,375.0
50127725,T069,2024-08,ARTICULOS ESCOLARES,MOCHILAS,MOCHILAS UNIVERSITARIAS,KIUT,Marca Externa,"CARVAJAL EDUCACION,",1,542.5,629.3,21.75,0.0401,775.0,1,1,2024-08-01,542.5
50127726,T021,2025-08,ARTICULOS ESCOLARES,MOCHILAS,MOCHILAS UNIVERSITARIAS,KIUT,Marca Externa,"CARVAJAL EDUCACION,",1,702.59,815.0,142.66,0.203,702.59,1,1,2025-08-01,702.59
50127726,T039,2024-07,ARTICULOS ESCOLARES,MOCHILAS,MOCHILAS UNIVERSITARIAS,KIUT,Marca Externa,"CARVAJAL EDUCACION,",1,702.59,815.0,123.8,0.1762,702.59,1,1,2024-07-01,702.59
50127727,T083,2024-08,ARTICULOS ESCOLARES,MOCHILAS,MOCHILAS UNIVERSITARIAS,KIUT,Marca Externa,"CARVAJAL EDUCACION,",1,620.0,719.2,60.5,0.0976,775.0,1,1,2024-08-01,620.0
50127734,T035,2024-08,ARTICULOS ESCOLARES,MOCHILAS,MOCHILAS ESCOLARES,FERRARI,Marca Externa,"CARVAJAL EDUCACION,",1,699.4,811.3,25.2,0.036,999.14,1,1,2024-08-01,699.4
50127739,T065,2024-08,ARTICULOS ESCOLARES,MOCHILAS,MOCHILAS UNIVERSITARIAS,JEAN BOOK,Marca Externa,"CARVAJAL EDUCACION,",1,675.17,783.2,63.09,0.0934,843.97,1,1,2024-08-01,675.17
50127743,T042,2024-08,ARTICULOS ESCOLARES,PLUMAS Y LAPICEROS FINOS,ROLLERBALL FINO,PENTEL,Marca Externa,PENTEL DE MEXICO,1,50.86,59.0,10.09,0.1984,50.86,1,1,2024-08-01,50.86
50127744,T023,2024-08,ARTICULOS ESCOLARES,PLUMAS Y LAPICEROS FINOS,ROLLERBALL FINO,PENTEL,Marca Externa,PENTEL DE MEXICO,2,101.72,118.0,20.18,0.1984,50.86,1,1,2024-08-01,50.86
50127744,T050,2024-09,ARTICULOS ESCOLARES,PLUMAS Y LAPICEROS FINOS,ROLLERBALL FINO,PENTEL,Marca Externa,PENTEL DE MEXICO,1,50.86,59.0,10.09,0.1984,50.86,1,1,2024-09-01,50.86
50127744,T066,2024-10,ARTICULOS ESCOLARES,PLUMAS Y LAPICEROS FINOS,ROLLERBALL FINO,PENTEL,Marca Externa,PENTEL DE MEXICO,1,50.86,59.0,10.09,0.1984,50.86,1,1,2024-10-01,50.86
50127750,T053,2024-08,ARTICULOS ESCOLARES,MOCHILAS,MOCHILAS ESCOLARES,YADATEX,Marca Externa,"GRUPO YADATEX,",1,835.34,969.0,167.07,0.2,835.34,1,1,2024-08-01,835.34
50127752,T018,2024-06,ARTICULOS ESCOLARES,LAPICERAS Y ESTUCHES,LAPICERAS DE LICENCIAS,YADATEX,Marca Externa,"GRUPO YADATEX,",1,318.1,369.0,63.6,0.1999,318.1,1,1,2024-06-01,318.1
50127757,T052,2024-08,ARTICULOS ESCOLARES,LAPICERAS Y ESTUCHES,LAPICERAS DE LICENCIAS,YADATEX,Marca Externa,"GRUPO YADATEX,",1,412.93,479.0,82.56,0.1999,412.93,1,1,2024-08-01,412.93
50127758,T072,2025-08,ARTICULOS ESCOLARES,MOCHILAS,MOCHILAS ESCOLARES,YADATEX,Marca Externa,"GRUPO YADATEX,",1,668.28,775.2,83.54,0.125,835.34,1,1,2025-08-01,668.28
50127760,T054,2025-08,ARTICULOS ESCOLARES,LAPICERAS Y ESTUCHES,LAPICERAS DE LICENCIAS,YADATEX,Marca Externa,"GRUPO YADATEX,",1,254.48,295.2,31.79,0.1249,318.1,1,1,2025-08-01,254.48
50127760,T065,2025-07,ARTICULOS ESCOLARES,LAPICERAS Y ESTUCHES,LAPICERAS DE LICENCIAS,YADATEX,Marca Externa,"GRUPO YADATEX,",1,222.67,258.3,15.89,0.0713,318.1,1,1,2025-07-01,222.67
50127760,T071,2024-08,ARTICULOS ESCOLARES,LAPICERAS Y ESTUCHES,LAPICERAS DE LICENCIAS,YADATEX,Marca Externa,"GRUPO YADATEX,",1,222.67,258.3,15.89,0.0713,318.1,1,1,2024-08-01,222.67
50127779,T019,2024-07,ARTICULOS ESCOLARES,LAPICERAS Y ESTUCHES,LAPICERAS DE LICENCIAS,RUZ,Marca Externa,OPERADORA RUZ,1,292.24,339.0,59.62,0.204,292.24,1,1,2024-07-01,292.24
50127789,T016,2024-08,ARTICULOS ESCOLARES,LONCHERAS,LONCHERAS,RUZ,Marca Externa,OPERADORA RUZ,1,461.21,535.0,93.1,0.2019,461.21,1,1,2024-08-01,461.21
50127791,T021,2024-11,ARTICULOS ESCOLARES,LAPICERAS Y ESTUCHES,LAPICERAS DE LICENCIAS,RUZ,Marca Externa,OPERADORA RUZ,1,266.38,309.0,53.19,0.1997,266.38,1,1,2024-11-01,266.38
50127792,T077,2024-08,ARTICULOS ESCOLARES,MOCHILAS,MOCHILAS ESCOLARES,RUZ,Marca Externa,OPERADORA RUZ,1,762.93,885.0,153.47,0.2012,305.17,1,1,2024-08-01,762.93
50127793,T047,2024-07,ARTICULOS ESCOLARES,LONCHERAS,LONCHERAS,RUZ,Marca Externa,OPERADORA RUZ,1,495.69,575.0,99.34,0.2004,495.69,1,1,2024-07-01,495.69
50127794,T041,2024-08,ARTICULOS ESCOLARES,MOCHILAS,MOCHILAS ESCOLARES,RUZ,Marca Externa,OPERADORA RUZ,1,840.52,975.0,169.26,0.2014,252.16,1,1,2024-08-01,840.52
50127795,T006,2024-08,ARTICULOS ESCOLARES,LONCHERAS,LONCHERAS,RUZ,Marca Externa,OPERADORA RUZ,1,319.22,370.3,22.61,0.0708,319.22,1,1,2024-08-01,319.22
50127806,T017,2024-08,ARTICULOS ESCOLARES,MOCHILAS,MOCHILAS ESCOLARES,RUZ,Marca Externa,OPERADORA RUZ,1,610.34,708.0,77.17,0.1264,762.93,1,1,2024-08-01,610.34
50127808,T016,2024-06,ARTICULOS ESCOLARES,LAPICERAS Y ESTUCHES,LAPICERAS DE LICENCIAS,RUZ,Marca Externa,OPERADORA RUZ,1,266.38,309.0,53.69,0.2016,266.38,1,1,2024-06-01,266.38
50127814,T027,2024-08,ARTICULOS ESCOLARES,LAPICERAS Y ESTUCHES,LAPICERAS DE LICENCIAS,RUZ,Marca Externa,OPERADORA RUZ,1,288.79,335.0,57.9,0.2005,288.79,1,1,2024-08-01,288.79
50127828,T087,2024-09,ARTICULOS ESCOLARES,MOCHILAS,MOCHILAS ESCOLARES,RUZ,Marca Externa,OPERADORA RUZ,2,822.41,954.0,1.2,0.0015,685.34,1,1,2024-09-01,411.205
50127829,T082,2024-08,ARTICULOS ESCOLARES,LONCHERAS,LONCHERAS,RUZ,Marca Externa,OPERADORA RUZ,1,421.55,489.0,85.28,0.2023,421.55,1,1,2024-08-01,421.55
50127832,T069,2024-06,ARTICULOS ESCOLARES,LAPICERAS Y ESTUCHES,LAPICERAS DE LICENCIAS,RUZ,Marca Externa,OPERADORA RUZ,1,266.38,309.0,53.69,0.2016,266.38,1,1,2024-06-01,266.38
50127837,T011,2024-08,ARTICULOS ESCOLARES,LONCHERAS,LONCHERAS,RUZ,Marca Externa,OPERADORA RUZ,1,421.55,489.0,85.28,0.2023,421.55,1,1,2024-08-01,421.55
50127838,T041,2024-08,ARTICULOS ESCOLARES,LAPICERAS Y ESTUCHES,LAPICERAS DE LICENCIAS,RUZ,Marca Externa,OPERADORA RUZ,1,288.79,335.0,57.9,0.2005,288.79,1,1,2024-08-01,288.79
50127838,T048,2024-08,ARTICULOS ESCOLARES,LAPICERAS Y ESTUCHES,LAPICERAS DE LICENCIAS,RUZ,Marca Externa,OPERADORA RUZ,1,288.79,335.0,57.9,0.2005,288.79,1,1,2024-08-01,288.79
50127840,T062,2024-08,ARTICULOS ESCOLARES,LONCHERAS,LONCHERAS,RUZ,Marca Externa,OPERADORA RUZ,1,461.21,535.0,93.1,0.2019,461.21,1,1,2024-08-01,461.21
50127840,T064,2024-08,ARTICULOS ESCOLARES,LONCHERAS,LONCHERAS,RUZ,Marca Externa,OPERADORA RUZ,1,461.21,535.0,93.1,0.2019,461.21,1,1,2024-08-01,461.21
50127841,T038,2024-07,ARTICULOS ESCOLARES,LAPICERAS Y ESTUCHES,LAPICERAS DE LICENCIAS,RUZ,Marca Externa,OPERADORA RUZ,1,266.38,309.0,53.19,0.1997,266.38,1,1,2024-07-01,266.38
50127841,T060,2024-08,ARTICULOS ESCOLARES,LAPICERAS Y ESTUCHES,LAPICERAS DE LICENCIAS,RUZ,Marca Externa,OPERADORA RUZ,1,213.1,247.2,26.55,0.1246,266.38,1,1,2024-08-01,213.1
50127850,T001,2025-06,ARTICULOS ESCOLARES,MARCATEXTOS,MARCATEXTOS DE GEL,NEWELL BRA,Marca Externa,NEWELL BRANDS DE MEXICO,1,137.07,159.0,24.53,0.179,137.07,1,1,2025-06-01,137.07
50127850,T014,2025-08,ARTICULOS ESCOLARES,MARCATEXTOS,MARCATEXTOS DE GEL,NEWELL BRA,Marca Externa,NEWELL BRANDS DE MEXICO,1,137.07,159.0,24.53,0.179,137.07,1,1,2025-08-01,137.07
50127850,T016,2024-11,ARTICULOS ESCOLARES,MARCATEXTOS,MARCATEXTOS DE GEL,NEWELL BRA,Marca Externa,NEWELL BRANDS DE MEXICO,1,137.07,159.0,28.53,0.2082,137.07,1,1,2024-11-01,137.07
50127850,T020,2024-07,ARTICULOS ESCOLARES,MARCATEXTOS,MARCATEXTOS DE GEL,NEWELL BRA,Marca Externa,NEWELL BRANDS DE MEXICO,1,116.51,135.15,18.26,0.1567,137.07,1,1,2024-07-01,116.51
50127850,T033,2025-09,ARTICULOS ESCOLARES,MARCATEXTOS,MARCATEXTOS DE GEL,NEWELL BRA,Marca Externa,NEWELL BRANDS DE MEXICO,1,137.07,159.0,24.53,0.179,137.07,1,1,2025-09-01,137.07
50127850,T034,2024-10,ARTICULOS ESCOLARES,MARCATEXTOS,MARCATEXTOS DE GEL,NEWELL BRA,Marca Externa,NEWELL BRANDS DE MEXICO,1,137.07,159.0,28.53,0.2082,137.07,1,1,2024-10-01,137.07
50127850,T062,2025-08,ARTICULOS ESCOLARES,MARCATEXTOS,MARCATEXTOS DE GEL,NEWELL BRA,Marca Externa,NEWELL BRANDS DE MEXICO,1,109.66,127.2,10.83,0.0988,137.07,1,1,2025-08-01,109.66
50127858,T012,2024-11,ARTICULOS ESCOLARES,MARCATEXTOS,MARCATEXTOS DE GEL,NEWELL BRA,Marca Externa,NEWELL BRANDS DE MEXICO,1,71.81,83.3,5.41,0.0753,102.59,1,1,2024-11-01,71.81
50127858,T015,2024-07,ARTICULOS ESCOLARES,MARCATEXTOS,MARCATEXTOS DE GEL,NEWELL BRA,Marca Externa,NEWELL BRANDS DE MEXICO,1,102.59,119.0,20.8,0.2027,102.59,1,1,2024-07-01,102.59
50127858,T019,2025-07,ARTICULOS ESCOLARES,MARCATEXTOS,MARCATEXTOS DE GEL,NEWELL BRA,Marca Externa,NEWELL BRANDS DE MEXICO,1,102.59,119.0,17.75,0.173,102.59,1,1,2025-07-01,102.59
50127858,T025,2025-07,ARTICULOS ESCOLARES,MARCATEXTOS,MARCATEXTOS DE GEL,NEWELL BRA,Marca Externa,NEWELL BRANDS DE MEXICO,1,102.59,119.0,17.75,0.173,102.59,1,1,2025-07-01,102.59
50127858,T076,2025-09,ARTICULOS ESCOLARES,MARCATEXTOS,MARCATEXTOS DE GEL,NEWELL BRA,Marca Externa,NEWELL BRANDS DE MEXICO,1,102.59,119.0,17.75,0.173,102.59,1,1,2025-09-01,102.59
50127866,T023,2024-10,ARTICULOS ESCOLARES,MARCATEXTOS,MARCATEXTOS DE GEL,NEWELL BRA,Marca Externa,NEWELL BRANDS DE MEXICO,1,42.67,49.5,8.84,0.2071,42.67,1,1,2024-10-01,42.67
50127866,T072,2024-06,ARTICULOS ESCOLARES,MARCATEXTOS,MARCATEXTOS DE GEL,NEWELL BRA,Marca Externa,NEWELL BRANDS DE MEXICO,1,42.67,49.5,8.84,0.2071,42.67,1,1,2024-06-01,42.67
50127978,T002,2024-08,ARTICULOS ESCOLARES,MOCHILAS,MOCHILAS ESCOLARES,CHENSON,Marca Externa,CHENSON NYLON DE MEXICO,1,947.41,1099.0,189.48,0.2,947.41,1,1,2024-08-01,947.41
50127980,T055,2024-07,ARTICULOS ESCOLARES,MOCHILAS,MOCHILAS ESCOLARES,CHENSON,Marca Externa,CHENSON NYLON DE MEXICO,1,732.03,849.15,107.65,0.1471,861.21,1,1,2024-07-01,732.03
50127982,T042,2024-06,ARTICULOS ESCOLARES,LAPICERAS Y ESTUCHES,LAPICERAS DE LICENCIAS,CHENSON,Marca Externa,CHENSON NYLON DE MEXICO,1,387.07,449.0,77.41,0.2,387.07,1,1,2024-06-01,387.07
50127999,T015,2024-08,ARTICULOS ESCOLARES,LONCHERAS,LONCHERAS,CHENSON,Marca Externa,CHENSON NYLON DE MEXICO,1,301.12,349.3,21.51,0.0714,301.12,1,1,2024-08-01,301.12
50128004,T055,2024-07,ARTICULOS ESCOLARES,LAPICERAS Y ESTUCHES,LAPICERAS DE LICENCIAS,CHENSON,Marca Externa,CHENSON NYLON DE MEXICO,1,255.73,296.65,37.6,0.147,240.69,1,1,2024-07-01,255.73
50128129,T007,2024-06,ARTICULOS ESCOLARES,MOCHILAS,MOCHILAS ESCOLARES,AMERICAN B,Marca Externa,AMERICAN BAGS,1,1154.31,1339.0,231.0,0.2001,1154.31,1,1,2024-06-01,1154.31
50128130,T082,2024-08,ARTICULOS ESCOLARES,MOCHILAS,MOCHILAS ESCOLARES,AMERICAN B,Marca Externa,AMERICAN BAGS,1,637.07,739.0,127.53,0.2002,637.07,1,1,2024-08-01,637.07
50128132,T040,2024-09,ARTICULOS ESCOLARES,LONCHERAS,LONCHERAS,AMERICAN B,Marca Externa,AMERICAN BAGS,1,447.41,519.0,89.5,0.2001,447.41,1,1,2024-09-01,447.41
50128132,T046,2024-08,ARTICULOS ESCOLARES,LONCHERAS,LONCHERAS,AMERICAN B,Marca Externa,AMERICAN BAGS,1,432.5,467.1,82.05,0.1897,447.41,1,1,2024-08-01,432.5
50128137,T031,2024-08,ARTICULOS ESCOLARES,MOCHILAS,MOCHILAS ESCOLARES,AMERICAN B,Marca Externa,AMERICAN BAGS,1,320.17,371.4,0.08,0.0003,320.17,1,1,2024-08-01,320.17
50128143,T051,2024-08,ARTICULOS ESCOLARES,LONCHERAS,LONCHERAS,AMERICAN B,Marca Externa,AMERICAN BAGS,1,349.4,405.3,24.95,0.0714,499.14,1,1,2024-08-01,349.4
50128178,T011,2024-09,ARTICULOS ESCOLARES,LONCHERAS,LONCHERAS,SAMSONITE,Marca Externa,SAMSONITE MEXICO,1,395.69,459.0,79.14,0.2,395.69,1,1,2024-09-01,395.69
50128178,T067,2024-08,ARTICULOS ESCOLARES,LONCHERAS,LONCHERAS,SAMSONITE,Marca Externa,SAMSONITE MEXICO,1,276.98,321.3,19.79,0.0714,395.69,1,1,2024-08-01,276.98
50128178,T075,2024-10,ARTICULOS ESCOLARES,LONCHERAS,LONCHERAS,SAMSONITE,Marca Externa,SAMSONITE MEXICO,1,395.69,459.0,79.14,0.2,395.69,1,1,2024-10-01,395.69
50128191,T040,2024-05,ARTICULOS ESCOLARES,MOCHILAS,MOCHILAS UNIVERSITARIAS,XTREM,Marca Externa,SAMSONITE MEXICO,1,775.0,899.0,155.0,0.2,775.0,1,1,2024-05-01,775.0
50128195,T064,2024-08,ARTICULOS ESCOLARES,MOCHILAS,MOCHILAS UNIVERSITARIAS,XTREM,Marca Externa,SAMSONITE MEXICO,1,1119.83,1299.0,223.96,0.2,1119.83,1,1,2024-08-01,1119.83
50128198,T065,2024-07,ARTICULOS ESCOLARES,MOCHILAS,MOCHILAS UNIVERSITARIAS,XTREM,Marca Externa,SAMSONITE MEXICO,1,861.21,999.0,172.25,0.2,861.21,1,1,2024-07-01,861.21
50128201,T045,2024-10,ARTICULOS ESCOLARES,MOCHILAS,MOCHILAS UNIVERSITARIAS,XTREM,Marca Externa,SAMSONITE MEXICO,1,421.81,489.3,30.13,0.0714,602.59,1,1,2024-10-01,421.81
50128204,T037,2024-07,ARTICULOS ESCOLARES,MOCHILAS,MOCHILAS UNIVERSITARIAS,XTREM,Marca Externa,SAMSONITE MEXICO,1,775.0,899.0,155.0,0.2,775.0,1,1,2024-07-01,775.0
50128206,T042,2024-07,ARTICULOS ESCOLARES,MOCHILAS,MOCHILAS UNIVERSITARIAS,XTREM,Marca Externa,SAMSONITE MEXICO,1,516.55,599.2,64.57,0.125,451.98,1,1,2024-07-01,516.55
50128209,T033,2024-08,ARTICULOS ESCOLARES,MOCHILAS,MOCHILAS ESCOLARES,XTREM,Marca Externa,SAMSONITE MEXICO,1,1025.26,1189.3,73.24,0.0714,1025.26,1,1,2024-08-01,1025.26
50128213,T047,2024-08,ARTICULOS ESCOLARES,LONCHERAS,LONCHERAS,XTREM,Marca Externa,SAMSONITE MEXICO,1,301.12,349.3,21.51,0.0714,430.17,1,1,2024-08-01,301.12
50128213,T066,2024-06,ARTICULOS ESCOLARES,LONCHERAS,LONCHERAS,XTREM,Marca Externa,SAMSONITE MEXICO,1,430.17,499.0,86.03,0.2,430.17,1,1,2024-06-01,430.17
50128213,T077,2024-08,ARTICULOS ESCOLARES,LONCHERAS,LONCHERAS,XTREM,Marca Externa,SAMSONITE MEXICO,1,430.17,499.0,86.03,0.2,430.17,1,1,2024-08-01,430.17
50128214,T001,2024-07,ARTICULOS ESCOLARES,LONCHERAS,LONCHERAS,XTREM,Marca Externa,SAMSONITE MEXICO,1,430.17,499.0,86.03,0.2,430.17,1,1,2024-07-01,430.17
50128214,T017,2024-08,ARTICULOS ESCOLARES,LONCHERAS,LONCHERAS,XTREM,Marca Externa,SAMSONITE MEXICO,1,430.17,499.0,86.03,0.2,430.17,1,1,2024-08-01,430.17
50128242,T008,2024-08,ARTICULOS ESCOLARES,MOCHILAS,MOCHILAS UNIVERSITARIAS,APLI PAPER,Marca Externa,APLI PAPER S.A.U.,1,740.52,859.0,172.6,0.2331,740.52,1,1,2024-08-01,740.52
50128242,T064,2024-08,ARTICULOS ESCOLARES,MOCHILAS,MOCHILAS UNIVERSITARIAS,APLI PAPER,Marca Externa,APLI PAPER S.A.U.,1,740.52,859.0,172.6,0.2331,740.52,1,1,2024-08-01,740.52
50128244,T025,2024-08,ARTICULOS ESCOLARES,MOCHILAS,MOCHILAS UNIVERSITARIAS,APLI PAPER,Marca Externa,APLI PAPER S.A.U.,1,861.21,999.0,206.94,0.2403,861.21,1,1,2024-08-01,861.21
50128282,T004,2025-08,ARTICULOS ESCOLARES,LAPICERAS Y ESTUCHES,LAPICERAS DE LICENCIAS,VINGO MEXI,Marca Externa,MOO-VINGO MEXICO,1,343.97,399.0,71.52,0.2079,343.97,1,1,2025-08-01,343.97
50128356,T018,2025-03,ARTICULOS ESCOLARES,LONCHERAS,HERMETICOS,SMASH,Marca Externa,ZYLKU IMPORTACIONES,2,612.07,710.0,140.03,0.2288,306.04,1,1,2025-03-01,306.035
50128356,T051,2024-07,ARTICULOS ESCOLARES,LONCHERAS,HERMETICOS,SMASH,Marca Externa,ZYLKU IMPORTACIONES,2,612.07,710.0,140.03,0.2288,306.04,1,1,2024-07-01,306.035
50128356,T075,2025-08,ARTICULOS ESCOLARES,LONCHERAS,HERMETICOS,SMASH,Marca Externa,ZYLKU IMPORTACIONES,1,306.04,355.0,70.02,0.2288,306.04,1,1,2025-08-01,306.04
50128369,T009,2025-08,ARTICULOS ESCOLARES,CRAYONES,CRAYONES,CRAYOLA,Marca Externa,BINNEY Y SMITH MEXICO,1,38.79,45.0,9.59,0.2474,36.64,1,1,2025-08-01,38.79
50128369,T023,2024-08,ARTICULOS ESCOLARES,CRAYONES,CRAYONES,CRAYOLA,Marca Externa,BINNEY Y SMITH MEXICO,1,36.64,42.5,9.08,0.2477,36.64,1,1,2024-08-01,36.64
50128369,T027,2024-07,ARTICULOS ESCOLARES,CRAYONES,CRAYONES,CRAYOLA,Marca Externa,BINNEY Y SMITH MEXICO,1,36.64,42.5,9.08,0.2477,36.64,1,1,2024-07-01,36.64
50128369,T037,2024-09,ARTICULOS ESCOLARES,CRAYONES,CRAYONES,CRAYOLA,Marca Externa,BINNEY Y SMITH MEXICO,1,25.65,29.75,3.58,0.1396,36.64,1,1,2024-09-01,25.65
50128369,T073,2024-08,ARTICULOS ESCOLARES,CRAYONES,CRAYONES,CRAYOLA,Marca Externa,BINNEY Y SMITH MEXICO,1,36.64,42.5,9.08,0.2477,36.64,1,1,2024-08-01,36.64
50128608,T053,2024-08,ARTICULOS ESCOLARES,MOCHILAS,MOCHILAS ESCOLARES,FOTORAMA,Marca Externa,FOTORAMA DE MEXICO,1,759.74,881.3,26.44,0.0348,1085.34,1,1,2024-08-01,759.74
50130396,T048,2025-01,ARTICULOS ESCOLARES,MOCHILAS,MOCHILAS UNIVERSITARIAS,CHENSON,Marca Externa,CHENSON NYLON DE MEXICO,1,516.38,599.0,103.28,0.2,516.38,1,1,2025-01-01,516.38
50130410,T041,2025-01,ARTICULOS ESCOLARES,LONCHERAS,LONCHERAS,CHENSON,Marca Externa,CHENSON NYLON DE MEXICO,1,516.38,599.0,103.28,0.2,516.38,1,1,2025-01-01,516.38
50130847,T022,2025-08,ARTICULOS ESCOLARES,LAPICERAS Y ESTUCHES,LAPICERAS DE LICENCIAS,,Marca Externa,MOO-VINGO MEXICO,1,283.62,329.0,56.31,0.1985,283.62,1,1,2025-08-01,283.62
50130847,T064,2025-08,ARTICULOS ESCOLARES,LAPICERAS Y ESTUCHES,LAPICERAS DE LICENCIAS,,Marca Externa,MOO-VINGO MEXICO,1,283.62,329.0,56.31,0.1985,283.62,1,1,2025-08-01,283.62
50130847,T072,2025-07,ARTICULOS ESCOLARES,LAPICERAS Y ESTUCHES,LAPICERAS DE LICENCIAS,,Marca Externa,MOO-VINGO MEXICO,1,198.54,230.3,13.77,0.0694,283.62,1,1,2025-07-01,198.54
50131038,T001,2025-08,ARTICULOS ESCOLARES,SACAPUNTAS,SACAPUNTAS ELECTRICOS,,Marca Externa,OFFICE DEPOT ASIA HOLDING,1,142.24,165.0,40.76,0.2866,142.24,1,1,2025-08-01,142.24
50131038,T001,2026-03,ARTICULOS ESCOLARES,SACAPUNTAS,SACAPUNTAS ELECTRICOS,,Marca Externa,OFFICE DEPOT ASIA HOLDING,1,142.24,165.0,40.76,0.2866,142.24,1,1,2026-03-01,142.24
50131038,T006,2025-12,ARTICULOS ESCOLARES,SACAPUNTAS,SACAPUNTAS ELECTRICOS,,Marca Externa,OFFICE DEPOT ASIA HOLDING,1,142.24,165.0,40.76,0.2866,142.24,1,1,2025-12-01,142.24
50131038,T018,2025-08,ARTICULOS ESCOLARES,SACAPUNTAS,SACAPUNTAS ELECTRICOS,,Marca Externa,OFFICE DEPOT ASIA HOLDING,1,142.24,165.0,40.76,0.2866,142.24,1,1,2025-08-01,142.24
50131038,T022,2025-08,ARTICULOS ESCOLARES,SACAPUNTAS,SACAPUNTAS ELECTRICOS,,Marca Externa,OFFICE DEPOT ASIA HOLDING,2,284.48,330.0,81.52,0.2866,142.24,1,1,2025-08-01,142.24
50131038,T023,2026-02,ARTICULOS ESCOLARES,SACAPUNTAS,SACAPUNTAS ELECTRICOS,,Marca Externa,OFFICE DEPOT ASIA HOLDING,1,142.24,165.0,40.76,0.2866,142.24,1,1,2026-02-01,142.24
50131038,T026,2026-03,ARTICULOS ESCOLARES,SACAPUNTAS,SACAPUNTAS ELECTRICOS,,Marca Externa,OFFICE DEPOT ASIA HOLDING,1,142.24,165.0,40.76,0.2866,142.24,1,1,2026-03-01,142.24
50131038,T028,2025-09,ARTICULOS ESCOLARES,SACAPUNTAS,SACAPUNTAS ELECTRICOS,,Marca Externa,OFFICE DEPOT ASIA HOLDING,1,142.24,165.0,40.76,0.2866,142.24,1,1,2025-09-01,142.24
50131038,T028,2025-11,ARTICULOS ESCOLARES,SACAPUNTAS,SACAPUNTAS ELECTRICOS,,Marca Externa,OFFICE DEPOT ASIA HOLDING,1,142.24,165.0,40.76,0.2865,142.24,1,1,2025-11-01,142.24
50131038,T031,2026-01,ARTICULOS ESCOLARES,SACAPUNTAS,SACAPUNTAS ELECTRICOS,,Marca Externa,OFFICE DEPOT ASIA HOLDING,1,142.24,165.0,40.76,0.2865,142.24,1,1,2026-01-01,142.24
50131038,T036,2026-01,ARTICULOS ESCOLARES,SACAPUNTAS,SACAPUNTAS ELECTRICOS,,Marca Externa,OFFICE DEPOT ASIA HOLDING,1,142.24,165.0,40.76,0.2866,142.24,1,1,2026-01-01,142.24
50131038,T038,2025-12,ARTICULOS ESCOLARES,SACAPUNTAS,SACAPUNTAS ELECTRICOS,,Marca Externa,OFFICE DEPOT ASIA HOLDING,1,142.24,165.0,40.76,0.2866,142.24,1,1,2025-12-01,142.24
50131038,T038,2026-01,ARTICULOS ESCOLARES,SACAPUNTAS,SACAPUNTAS ELECTRICOS,,Marca Externa,OFFICE DEPOT ASIA HOLDING,1,142.24,165.0,40.76,0.2865,142.24,1,1,2026-01-01,142.24
50131038,T038,2026-04,ARTICULOS ESCOLARES,SACAPUNTAS,SACAPUNTAS ELECTRICOS,,Marca Externa,OFFICE DEPOT ASIA HOLDING,1,142.24,165.0,40.76,0.2865,142.24,1,1,2026-04-01,142.24
50131038,T042,2026-04,ARTICULOS ESCOLARES,SACAPUNTAS,SACAPUNTAS ELECTRICOS,,Marca Externa,OFFICE DEPOT ASIA HOLDING,1,142.24,165.0,40.76,0.2865,142.24,1,1,2026-04-01,142.24
50131038,T046,2026-01,ARTICULOS ESCOLARES,SACAPUNTAS,SACAPUNTAS ELECTRICOS,,Marca Externa,OFFICE DEPOT ASIA HOLDING,1,152.78,165.0,46.03,0.3013,142.24,1,1,2026-01-01,152.78
50131038,T048,2025-08,ARTICULOS ESCOLARES,SACAPUNTAS,SACAPUNTAS ELECTRICOS,,Marca Externa,OFFICE DEPOT ASIA HOLDING,1,142.24,165.0,40.76,0.2866,142.24,1,1,2025-08-01,142.24
50131038,T051,2025-09,ARTICULOS ESCOLARES,SACAPUNTAS,SACAPUNTAS ELECTRICOS,,Marca Externa,OFFICE DEPOT ASIA HOLDING,1,142.24,165.0,40.76,0.2866,142.24,1,1,2025-09-01,142.24
50131038,T052,2026-02,ARTICULOS ESCOLARES,SACAPUNTAS,SACAPUNTAS ELECTRICOS,,Marca Externa,OFFICE DEPOT ASIA HOLDING,1,142.24,165.0,40.76,0.2866,142.24,1,1,2026-02-01,142.24
50131038,T053,2026-01,ARTICULOS ESCOLARES,SACAPUNTAS,SACAPUNTAS ELECTRICOS,,Marca Externa,OFFICE DEPOT ASIA HOLDING,1,142.24,165.0,40.76,0.2866,142.24,1,1,2026-01-01,142.24
50131038,T053,2026-02,ARTICULOS ESCOLARES,SACAPUNTAS,SACAPUNTAS ELECTRICOS,,Marca Externa,OFFICE DEPOT ASIA HOLDING,2,270.26,313.5,74.41,0.27464999999999995,142.24,2,2,2026-02-01,135.13
50131038,T054,2026-04,ARTICULOS ESCOLARES,SACAPUNTAS,SACAPUNTAS ELECTRICOS,,Marca Externa,OFFICE DEPOT ASIA HOLDING,1,142.24,165.0,40.76,0.2866,142.24,1,1,2026-04-01,142.24
50131038,T062,2025-09,ARTICULOS ESCOLARES,SACAPUNTAS,SACAPUNTAS ELECTRICOS,,Marca Externa,OFFICE DEPOT ASIA HOLDING,1,142.24,165.0,40.76,0.2866,142.24,1,1,2025-09-01,142.24
50131038,T069,2025-10,ARTICULOS ESCOLARES,SACAPUNTAS,SACAPUNTAS ELECTRICOS,,Marca Externa,OFFICE DEPOT ASIA HOLDING,1,142.24,165.0,40.76,0.2866,142.24,1,1,2025-10-01,142.24
50131038,T069,2026-02,ARTICULOS ESCOLARES,SACAPUNTAS,SACAPUNTAS ELECTRICOS,,Marca Externa,OFFICE DEPOT ASIA HOLDING,2,284.48,330.0,81.51,0.2865,142.24,1,1,2026-02-01,142.24
50131078,T010,2025-08,ARTICULOS ESCOLARES,MOCHILAS,MOCHILAS UNIVERSITARIAS,PARK ROSE,Marca Externa,"PARKROSE GROUP, S.L.",1,283.62,329.0,78.74,0.2776,283.62,1,1,2025-08-01,283.62
50131078,T013,2025-11,ARTICULOS ESCOLARES,MOCHILAS,MOCHILAS UNIVERSITARIAS,PARK ROSE,Marca Externa,"PARKROSE GROUP, S.L.",1,283.62,329.0,78.74,0.2776,283.62,1,1,2025-11-01,283.62
50131078,T018,2025-08,ARTICULOS ESCOLARES,MOCHILAS,MOCHILAS UNIVERSITARIAS,PARK ROSE,Marca Externa,"PARKROSE GROUP, S.L.",1,283.62,329.0,78.74,0.2776,283.62,1,1,2025-08-01,283.62
50131078,T025,2025-09,ARTICULOS ESCOLARES,MOCHILAS,MOCHILAS UNIVERSITARIAS,PARK ROSE,Marca Externa,"PARKROSE GROUP, S.L.",1,283.62,329.0,78.74,0.2776,283.62,1,1,2025-09-01,283.62
50131078,T025,2025-10,ARTICULOS ESCOLARES,MOCHILAS,MOCHILAS UNIVERSITARIAS,PARK ROSE,Marca Externa,"PARKROSE GROUP, S.L.",1,283.62,329.0,78.74,0.2776,283.62,1,1,2025-10-01,283.62
50131078,T038,2026-02,ARTICULOS ESCOLARES,MOCHILAS,MOCHILAS UNIVERSITARIAS,PARK ROSE,Marca Externa,"PARKROSE GROUP, S.L.",1,283.62,329.0,78.74,0.2776,283.62,1,1,2026-02-01,283.62
50131078,T043,2025-08,ARTICULOS ESCOLARES,MOCHILAS,MOCHILAS UNIVERSITARIAS,PARK ROSE,Marca Externa,"PARKROSE GROUP, S.L.",1,304.63,329.0,89.25,0.293,283.62,1,1,2025-08-01,304.63
50131078,T055,2025-08,ARTICULOS ESCOLARES,MOCHILAS,MOCHILAS UNIVERSITARIAS,PARK ROSE,Marca Externa,"PARKROSE GROUP, S.L.",1,283.62,329.0,78.74,0.2776,283.62,1,1,2025-08-01,283.62
50131078,T061,2025-08,ARTICULOS ESCOLARES,MOCHILAS,MOCHILAS UNIVERSITARIAS,,Marca Externa,"PARKROSE GROUP, S.L.",1,304.63,329.0,89.25,0.293,283.62,1,1,2025-08-01,304.63
50131078,T064,2025-08,ARTICULOS ESCOLARES,MOCHILAS,MOCHILAS UNIVERSITARIAS,PARK ROSE,Marca Externa,"PARKROSE GROUP, S.L.",1,283.62,329.0,78.74,0.2776,283.62,1,1,2025-08-01,283.62
50131078,T074,2025-10,ARTICULOS ESCOLARES,MOCHILAS,MOCHILAS UNIVERSITARIAS,PARK ROSE,Marca Externa,"PARKROSE GROUP, S.L.",1,283.62,329.0,78.74,0.2776,283.62,1,1,2025-10-01,283.62
50131078,T075,2025-08,ARTICULOS ESCOLARES,MOCHILAS,MOCHILAS UNIVERSITARIAS,PARK ROSE,Marca Externa,"PARKROSE GROUP, S.L.",1,283.62,329.0,78.74,0.2776,283.62,1,1,2025-08-01,283.62
50131078,T082,2025-08,ARTICULOS ESCOLARES,MOCHILAS,MOCHILAS UNIVERSITARIAS,PARK ROSE,Marca Externa,"PARKROSE GROUP, S.L.",1,283.62,329.0,78.74,0.2776,283.62,1,1,2025-08-01,283.62
50131078,T083,2025-08,ARTICULOS ESCOLARES,MOCHILAS,MOCHILAS UNIVERSITARIAS,PARK ROSE,Marca Externa,"PARKROSE GROUP, S.L.",1,283.62,329.0,78.74,0.2776,283.62,1,1,2025-08-01,283.62
50131078,T086,2025-08,ARTICULOS ESCOLARES,MOCHILAS,MOCHILAS UNIVERSITARIAS,PARK ROSE,Marca Externa,"PARKROSE GROUP, S.L.",1,283.62,329.0,78.74,0.2776,283.62,1,1,2025-08-01,283.62
50131079,T007,2025-08,ARTICULOS ESCOLARES,MOCHILAS,MOCHILAS UNIVERSITARIAS,,Marca Externa,"PARKROSE GROUP, S.L.",1,283.62,329.0,78.74,0.2776,283.62,1,1,2025-08-01,283.62
50131079,T036,2025-08,ARTICULOS ESCOLARES,MOCHILAS,MOCHILAS UNIVERSITARIAS,PARK ROSE,Marca Externa,"PARKROSE GROUP, S.L.",1,198.54,230.3,36.2,0.1823,283.62,1,1,2025-08-01,198.54
50131094,T005,2025-07,ARTICULOS ESCOLARES,LONCHERAS,BOTELLAS Y TERMOS,,Marca Externa,"PARKROSE GROUP, S.L.",1,71.81,83.3,17.27,0.2405,102.59,1,1,2025-07-01,71.81
50131094,T015,2025-08,ARTICULOS ESCOLARES,LONCHERAS,BOTELLAS Y TERMOS,PARK ROSE,Marca Externa,"PARKROSE GROUP, S.L.",1,71.81,83.3,17.27,0.2405,102.59,1,1,2025-08-01,71.81
50131094,T032,2025-11,ARTICULOS ESCOLARES,LONCHERAS,BOTELLAS Y TERMOS,PARK ROSE,Marca Externa,"PARKROSE GROUP, S.L.",1,102.59,119.0,32.66,0.3184,102.59,1,1,2025-11-01,102.59
50131094,T034,2025-08,ARTICULOS ESCOLARES,LONCHERAS,BOTELLAS Y TERMOS,PARK ROSE,Marca Externa,"PARKROSE GROUP, S.L.",1,71.81,83.3,17.27,0.2405,102.59,1,1,2025-08-01,71.81
50131094,T044,2025-08,ARTICULOS ESCOLARES,LONCHERAS,BOTELLAS Y TERMOS,PARK ROSE,Marca Externa,"PARKROSE GROUP, S.L.",1,71.81,83.3,17.27,0.2405,102.59,1,1,2025-08-01,71.81
50131094,T048,2025-08,ARTICULOS ESCOLARES,LONCHERAS,BOTELLAS Y TERMOS,PARK ROSE,Marca Externa,"PARKROSE GROUP, S.L.",1,102.59,119.0,32.66,0.3184,102.59,1,1,2025-08-01,102.59
50131094,T067,2025-09,ARTICULOS ESCOLARES,LONCHERAS,BOTELLAS Y TERMOS,,Marca Externa,"PARKROSE GROUP, S.L.",2,205.17,238.0,65.31,0.3183,102.59,1,1,2025-09-01,102.585
50131103,T004,2025-09,ARTICULOS ESCOLARES,BLOCKS,BLOCKS CARTA,,Marca Externa,"PARKROSE GROUP, S.L.",1,86.12,99.9,24.57,0.2853,86.12,1,1,2025-09-01,86.12
50131103,T009,2025-08,ARTICULOS ESCOLARES,BLOCKS,BLOCKS CARTA,,Marca Externa,"PARKROSE GROUP, S.L.",1,73.2,84.91,18.11,0.2474,86.12,1,1,2025-08-01,73.2
50131103,T027,2025-08,ARTICULOS ESCOLARES,BLOCKS,BLOCKS CARTA,PARK ROSE,Marca Externa,"PARKROSE GROUP, S.L.",1,86.12,99.9,24.57,0.2853,86.12,1,1,2025-08-01,86.12
50131103,T027,2025-12,ARTICULOS ESCOLARES,BLOCKS,BLOCKS CARTA,PARK ROSE,Marca Externa,"PARKROSE GROUP, S.L.",1,86.12,99.9,24.57,0.2853,86.12,1,1,2025-12-01,86.12
50131103,T035,2025-09,ARTICULOS ESCOLARES,BLOCKS,BLOCKS CARTA,PARK ROSE,Marca Externa,"PARKROSE GROUP, S.L.",1,86.12,99.9,24.57,0.2853,86.12,1,1,2025-09-01,86.12
50131103,T041,2025-09,ARTICULOS ESCOLARES,BLOCKS,BLOCKS CARTA,PARK ROSE,Marca Externa,"PARKROSE GROUP, S.L.",1,86.12,99.9,24.57,0.2853,86.12,1,1,2025-09-01,86.12
50131103,T050,2025-08,ARTICULOS ESCOLARES,BLOCKS,BLOCKS CARTA,PARK ROSE,Marca Externa,"PARKROSE GROUP, S.L.",1,73.2,84.91,18.11,0.2474,86.12,1,1,2025-08-01,73.2
50131103,T050,2025-10,ARTICULOS ESCOLARES,BLOCKS,BLOCKS CARTA,PARK ROSE,Marca Externa,"PARKROSE GROUP, S.L.",1,86.12,99.9,24.57,0.2853,86.12,1,1,2025-10-01,86.12
50131103,T051,2025-12,ARTICULOS ESCOLARES,BLOCKS,BLOCKS CARTA,PARK ROSE,Marca Externa,"PARKROSE GROUP, S.L.",1,86.12,99.9,24.57,0.2853,86.12,1,1,2025-12-01,86.12
50131103,T054,2025-07,ARTICULOS ESCOLARES,BLOCKS,BLOCKS CARTA,PARK ROSE,Marca Externa,"PARKROSE GROUP, S.L.",1,86.12,99.9,24.57,0.2853,86.12,1,1,2025-07-01,86.12
50131103,T056,2025-07,ARTICULOS ESCOLARES,BLOCKS,BLOCKS CARTA,PARK ROSE,Marca Externa,"PARKROSE GROUP, S.L.",1,54.26,62.94,8.64,0.1592,86.12,1,1,2025-07-01,54.26
50131103,T071,2026-01,ARTICULOS ESCOLARES,BLOCKS,BLOCKS CARTA,PARK ROSE,Marca Externa,"PARKROSE GROUP, S.L.",1,51.67,59.94,7.35,0.1422,86.12,1,1,2026-01-01,51.67
50131103,T079,2025-08,ARTICULOS ESCOLARES,BLOCKS,BLOCKS CARTA,,Marca Externa,"PARKROSE GROUP, S.L.",1,86.12,99.9,24.57,0.2853,86.12,1,1,2025-08-01,86.12
50131159,T056,2026-02,ARTICULOS ESCOLARES,LONCHERAS,BOTELLAS Y TERMOS,28730,Marca Externa,"PARKROSE GROUP, S.L.",1,85.34,99.0,24.04,0.2816,42.67,1,1,2026-02-01,85.34
50131159,T064,2025-09,ARTICULOS ESCOLARES,LONCHERAS,BOTELLAS Y TERMOS,28730,Marca Externa,"PARKROSE GROUP, S.L.",1,71.81,83.3,17.27,0.2405,42.67,1,1,2025-09-01,71.81
50131159,T067,2025-11,ARTICULOS ESCOLARES,LONCHERAS,BOTELLAS Y TERMOS,28730,Marca Externa,"PARKROSE GROUP, S.L.",1,85.34,99.0,24.04,0.2816,42.67,1,1,2025-11-01,85.34
50131159,T077,2026-03,ARTICULOS ESCOLARES,LONCHERAS,BOTELLAS Y TERMOS,28730,Marca Externa,"PARKROSE GROUP, S.L.",1,42.67,49.5,2.7,0.0633,42.67,1,1,2026-03-01,42.67
50131159,T085,2025-08,ARTICULOS ESCOLARES,LONCHERAS,BOTELLAS Y TERMOS,28730,Marca Externa,"PARKROSE GROUP, S.L.",1,71.81,83.3,17.27,0.2405,42.67,1,1,2025-08-01,71.81
50131169,T007,2025-12,ARTICULOS ESCOLARES,BLOCKS,BLOCKS CARTA,28730,Marca Externa,"PARKROSE GROUP, S.L.",1,86.12,99.9,24.57,0.2853,86.12,1,1,2025-12-01,86.12
50131169,T018,2025-07,ARTICULOS ESCOLARES,BLOCKS,BLOCKS CARTA,28730,Marca Externa,"PARKROSE GROUP, S.L.",1,86.12,99.9,24.57,0.2853,86.12,1,1,2025-07-01,86.12
50131169,T031,2025-07,ARTICULOS ESCOLARES,BLOCKS,BLOCKS CARTA,28730,Marca Externa,"PARKROSE GROUP, S.L.",1,60.29,69.93,11.66,0.1933,86.12,1,1,2025-07-01,60.29
50131169,T034,2026-01,ARTICULOS ESCOLARES,BLOCKS,BLOCKS CARTA,28730,Marca Externa,"PARKROSE GROUP, S.L.",1,51.67,59.94,7.35,0.1422,86.12,1,1,2026-01-01,51.67
50131169,T041,2025-07,ARTICULOS ESCOLARES,BLOCKS,BLOCKS CARTA,28730,Marca Externa,"PARKROSE GROUP, S.L.",1,86.12,99.9,24.57,0.2853,86.12,1,1,2025-07-01,86.12
50131169,T041,2026-02,ARTICULOS ESCOLARES,BLOCKS,BLOCKS CARTA,28730,Marca Externa,"PARKROSE GROUP, S.L.",1,43.06,49.95,3.04,0.0706,86.12,1,1,2026-02-01,43.06
50131169,T059,2025-09,ARTICULOS ESCOLARES,BLOCKS,BLOCKS CARTA,28730,Marca Externa,"PARKROSE GROUP, S.L.",1,86.12,99.9,24.57,0.2853,86.12,1,1,2025-09-01,86.12
50131169,T065,2026-01,ARTICULOS ESCOLARES,BLOCKS,BLOCKS CARTA,28730,Marca Externa,"PARKROSE GROUP, S.L.",1,86.12,99.9,24.57,0.2853,86.12,1,1,2026-01-01,86.12
50131169,T083,2026-01,ARTICULOS ESCOLARES,BLOCKS,BLOCKS CARTA,28730,Marca Externa,"PARKROSE GROUP, S.L.",1,43.06,49.95,3.04,0.0706,86.12,1,1,2026-01-01,43.06
50131169,T087,2025-12,ARTICULOS ESCOLARES,BLOCKS,BLOCKS CARTA,28730,Marca Externa,"PARKROSE GROUP, S.L.",1,86.12,99.9,24.57,0.2853,86.12,1,1,2025-12-01,86.12
50131176,T042,2025-07,ARTICULOS ESCOLARES,LONCHERAS,LONCHERAS,,Marca Externa,URBAN ARENA,1,298.16,345.87,18.93,0.0635,473.28,1,1,2025-07-01,298.16
50131345,T030,2026-01,ARTICULOS ESCOLARES,LIBRETAS EJECUTIVAS,LIBRETAS POCKET,28730,Marca Externa,"PARKROSE GROUP, S.L.",1,21.12,24.5,5.12,0.2422,33.62,1,1,2026-01-01,21.12
50131345,T072,2025-10,ARTICULOS ESCOLARES,LIBRETAS EJECUTIVAS,LIBRETAS POCKET,28730,Marca Externa,"PARKROSE GROUP, S.L.",1,20.17,23.4,4.64,0.23,33.62,1,1,2025-10-01,20.17
50131345,T076,2025-08,ARTICULOS ESCOLARES,LIBRETAS EJECUTIVAS,LIBRETAS POCKET,28730,Marca Externa,"PARKROSE GROUP, S.L.",1,33.62,39.0,11.36,0.338,33.62,1,1,2025-08-01,33.62
50131345,T079,2025-10,ARTICULOS ESCOLARES,LIBRETAS EJECUTIVAS,LIBRETAS POCKET,28730,Marca Externa,"PARKROSE GROUP, S.L.",2,67.24,78.0,22.73,0.338,33.62,1,1,2025-10-01,33.62
50131345,T081,2025-12,ARTICULOS ESCOLARES,LIBRETAS EJECUTIVAS,LIBRETAS POCKET,28730,Marca Externa,"PARKROSE GROUP, S.L.",1,42.24,49.0,15.68,0.3711,33.62,1,1,2025-12-01,42.24
50131345,T081,2026-01,ARTICULOS ESCOLARES,LIBRETAS EJECUTIVAS,LIBRETAS POCKET,28730,Marca Externa,"PARKROSE GROUP, S.L.",1,42.24,49.0,15.68,0.3711,33.62,1,1,2026-01-01,42.24
50131345,T082,2025-08,ARTICULOS ESCOLARES,LIBRETAS EJECUTIVAS,LIBRETAS POCKET,28730,Marca Externa,"PARKROSE GROUP, S.L.",1,26.9,31.2,8.0,0.2976,33.62,1,1,2025-08-01,26.9
50131345,T085,2025-09,ARTICULOS ESCOLARES,LIBRETAS EJECUTIVAS,LIBRETAS POCKET,28730,Marca Externa,"PARKROSE GROUP, S.L.",1,26.9,31.2,8.0,0.2976,33.62,1,1,2025-09-01,26.9
50131346,T015,2025-08,ARTICULOS ESCOLARES,LIBRETAS EJECUTIVAS,LIBRETAS POCKET,28730,Marca Externa,"PARKROSE GROUP, S.L.",1,20.17,23.4,4.64,0.23,33.62,1,1,2025-08-01,20.17
50131346,T034,2025-11,ARTICULOS ESCOLARES,LIBRETAS EJECUTIVAS,LIBRETAS POCKET,28730,Marca Externa,"PARKROSE GROUP, S.L.",2,67.24,78.0,22.73,0.338,33.62,1,1,2025-11-01,33.62
50131346,T034,2025-12,ARTICULOS ESCOLARES,LIBRETAS EJECUTIVAS,LIBRETAS POCKET,28730,Marca Externa,"PARKROSE GROUP, S.L.",1,33.62,39.0,11.36,0.338,33.62,1,1,2025-12-01,33.62
50131346,T054,2026-01,ARTICULOS ESCOLARES,LIBRETAS EJECUTIVAS,LIBRETAS POCKET,28730,Marca Externa,"PARKROSE GROUP, S.L.",1,16.81,19.5,2.96,0.1761,33.62,1,1,2026-01-01,16.81
50131346,T062,2025-12,ARTICULOS ESCOLARES,LIBRETAS EJECUTIVAS,LIBRETAS POCKET,28730,Marca Externa,"PARKROSE GROUP, S.L.",1,33.62,39.0,11.36,0.338,33.62,1,1,2025-12-01,33.62
50131694,T023,2025-10,ARTICULOS ESCOLARES,BLOCKS,BLOCKS ESQUELA,VINGO MEXI,Marca Externa,MOO-VINGO MEXICO,1,145.69,169.0,29.07,0.1995,145.69,1,1,2025-10-01,145.69
50131719,T048,2025-08,ARTICULOS ESCOLARES,LIBRETAS EJECUTIVAS,LIBRETAS FORMA FRANCESA,,Marca Externa,MOO-VINGO MEXICO,1,188.79,219.0,37.29,0.1975,188.79,1,1,2025-08-01,188.79
50131719,T078,2025-08,ARTICULOS ESCOLARES,LIBRETAS EJECUTIVAS,LIBRETAS FORMA FRANCESA,VINGO MEXI,Marca Externa,MOO-VINGO MEXICO,1,160.47,186.15,23.13,0.1442,188.79,1,1,2025-08-01,160.47
50131837,T036,2025-12,ARTICULOS ESCOLARES,MARCADORES,MARCADORES DE CERA,NEWELL BRA,Marca Externa,NEWELL BRANDS DE MEXICO,1,188.79,219.0,43.78,0.2319,188.79,1,1,2025-12-01,188.79
50131838,T005,2025-11,ARTICULOS ESCOLARES,MARCADORES,MARCADORES DE CERA,NEWELL BRA,Marca Externa,NEWELL BRANDS DE MEXICO,1,188.79,219.0,39.56,0.2096,188.79,1,1,2025-11-01,188.79
50131839,T041,2025-09,ARTICULOS ESCOLARES,MARCADORES,MARCADORES DE CERA,NEWELL BRA,Marca Externa,NEWELL BRANDS DE MEXICO,1,421.55,489.0,85.78,0.2035,421.55,1,1,2025-09-01,421.55
50131839,T042,2025-07,ARTICULOS ESCOLARES,MARCADORES,MARCADORES DE CERA,NEWELL BRA,Marca Externa,NEWELL BRANDS DE MEXICO,1,421.55,489.0,85.78,0.2035,421.55,1,1,2025-07-01,421.55
50131841,T015,2025-09,ARTICULOS ESCOLARES,PLUMAS Y LAPICEROS FINOS,PLUMAS FUENTE,NEWELL BRA,Marca Externa,NEWELL BRANDS DE MEXICO,1,1654.31,1919.0,278.53,0.1684,1654.31,1,1,2025-09-01,1654.31
50131859,T031,2025-09,ARTICULOS ESCOLARES,LONCHERAS,BOTELLAS Y TERMOS,REGALOS SI,Marca Externa,REGALOS SIGLO XXI,1,188.79,219.0,39.89,0.2113,188.79,1,1,2025-09-01,188.79
50131859,T049,2025-10,ARTICULOS ESCOLARES,LONCHERAS,BOTELLAS Y TERMOS,REGALOS SI,Marca Externa,REGALOS SIGLO XXI,1,188.79,219.0,39.89,0.2113,188.79,1,1,2025-10-01,188.79
50131860,T036,2025-11,ARTICULOS ESCOLARES,LONCHERAS,BOTELLAS Y TERMOS,REGALOS SI,Marca Externa,REGALOS SIGLO XXI,1,188.79,219.0,39.89,0.2113,188.79,1,1,2025-11-01,188.79
50131861,T006,2025-08,ARTICULOS ESCOLARES,LONCHERAS,BOTELLAS Y TERMOS,REGALOS SI,Marca Externa,REGALOS SIGLO XXI,1,171.72,199.2,28.36,0.1652,214.66,1,1,2025-08-01,171.72
50131862,T007,2025-11,ARTICULOS ESCOLARES,LONCHERAS,BOTELLAS Y TERMOS,REGALOS SI,Marca Externa,REGALOS SIGLO XXI,1,214.66,249.0,49.83,0.2321,214.66,1,1,2025-11-01,214.66
50131862,T021,2025-07,ARTICULOS ESCOLARES,LONCHERAS,BOTELLAS Y TERMOS,REGALOS SI,Marca Externa,REGALOS SIGLO XXI,1,150.26,174.3,17.63,0.1173,214.66,1,1,2025-07-01,150.26
50131886,T006,2025-10,ARTICULOS ESCOLARES,LONCHERAS,BOTELLAS Y TERMOS,,Marca Externa,DISTRIBUCIONES ANDROMEDA,1,50.86,59.0,10.93,0.2149,50.86,1,1,2025-10-01,50.86
50131886,T032,2025-07,ARTICULOS ESCOLARES,LONCHERAS,BOTELLAS Y TERMOS,,Marca Externa,DISTRIBUCIONES ANDROMEDA,1,50.86,59.0,10.93,0.2149,50.86,1,1,2025-07-01,50.86
50131886,T076,2025-09,ARTICULOS ESCOLARES,LONCHERAS,BOTELLAS Y TERMOS,,Marca Externa,DISTRIBUCIONES ANDROMEDA,1,50.86,59.0,10.93,0.2149,50.86,1,1,2025-09-01,50.86
50131887,T028,2025-08,ARTICULOS ESCOLARES,LONCHERAS,HERMETICOS,,Marca Externa,DISTRIBUCIONES ANDROMEDA,2,163.79,190.0,32.89,0.2008,81.9,1,1,2025-08-01,81.895
50131891,T043,2025-08,ARTICULOS ESCOLARES,MOCHILAS,MOCHILAS ESCOLARES,,Marca Externa,OPERADORA RUZ,1,773.15,835.0,171.07,0.2213,719.83,1,1,2025-08-01,773.15
50131891,T053,2025-08,ARTICULOS ESCOLARES,MOCHILAS,MOCHILAS ESCOLARES,,Marca Externa,OPERADORA RUZ,1,719.83,835.0,144.42,0.2006,719.83,1,1,2025-08-01,719.83
50131895,T049,2025-06,ARTICULOS ESCOLARES,LAPICERAS Y ESTUCHES,LAPICERAS DE LICENCIAS,,Marca Externa,OPERADORA RUZ,1,308.34,357.67,61.67,0.2,309.48,1,1,2025-06-01,308.34
50131895,T052,2025-08,ARTICULOS ESCOLARES,LAPICERAS Y ESTUCHES,LAPICERAS DE LICENCIAS,,Marca Externa,OPERADORA RUZ,1,247.59,287.2,31.29,0.1264,309.48,1,1,2025-08-01,247.59
50131897,T040,2025-08,ARTICULOS ESCOLARES,LONCHERAS,LONCHERAS,,Marca Externa,OPERADORA RUZ,1,352.59,409.0,70.8,0.2008,352.59,1,1,2025-08-01,352.59
50131898,T001,2025-07,ARTICULOS ESCOLARES,LAPICERAS Y ESTUCHES,LAPICERAS DE LICENCIAS,,Marca Externa,OPERADORA RUZ,1,200.0,232.0,40.0,0.2,202.59,1,1,2025-07-01,200.0
50131901,T071,2025-08,ARTICULOS ESCOLARES,MOCHILAS,MOCHILAS ESCOLARES,,Marca Externa,OPERADORA RUZ,1,1150.86,1335.0,230.93,0.2007,1150.86,1,1,2025-08-01,1150.86
50131908,T023,2025-07,ARTICULOS ESCOLARES,MOCHILAS,MOCHILAS ESCOLARES,,Marca Externa,OPERADORA RUZ,1,353.02,409.5,26.01,0.0737,504.31,1,1,2025-07-01,353.02
50131908,T054,2025-08,ARTICULOS ESCOLARES,MOCHILAS,MOCHILAS ESCOLARES,,Marca Externa,OPERADORA RUZ,1,403.45,468.0,51.22,0.127,504.31,1,1,2025-08-01,403.45
50131911,T067,2025-07,ARTICULOS ESCOLARES,LONCHERAS,LONCHERAS,,Marca Externa,OPERADORA RUZ,1,430.17,499.0,86.09,0.2001,430.17,1,1,2025-07-01,430.17
50131922,T057,2025-09,ARTICULOS ESCOLARES,LAPICERAS Y ESTUCHES,LAPICERAS DE LICENCIAS,,Marca Externa,OPERADORA RUZ,1,310.19,335.0,69.09,0.2228,288.79,1,1,2025-09-01,310.19
50131923,T018,2025-08,ARTICULOS ESCOLARES,LAPICERAS Y ESTUCHES,LAPICERAS DE LICENCIAS,,Marca Externa,OPERADORA RUZ,1,309.48,359.0,62.24,0.2011,309.48,1,1,2025-08-01,309.48
50131923,T057,2025-08,ARTICULOS ESCOLARES,LAPICERAS Y ESTUCHES,LAPICERAS DE LICENCIAS,,Marca Externa,OPERADORA RUZ,1,265.93,287.2,40.47,0.1522,309.48,1,1,2025-08-01,265.93
50131924,T026,2025-08,ARTICULOS ESCOLARES,MOCHILAS,MOCHILAS ESCOLARES,,Marca Externa,OPERADORA RUZ,1,680.17,789.0,135.58,0.1993,680.17,1,1,2025-08-01,680.17
50131929,T010,2025-09,ARTICULOS ESCOLARES,LAPICERAS Y ESTUCHES,LAPICERAS DE LICENCIAS,,Marca Externa,OPERADORA RUZ,1,174.4,202.3,12.2,0.07,249.14,1,1,2025-09-01,174.4
50131930,T013,2025-08,ARTICULOS ESCOLARES,MOCHILAS,MOCHILAS ESCOLARES,,Marca Externa,OPERADORA RUZ,1,719.83,835.0,144.42,0.2006,719.83,1,1,2025-08-01,719.83
50131933,T012,2025-06,ARTICULOS ESCOLARES,LAPICERAS Y ESTUCHES,LAPICERAS DE LICENCIAS,,Marca Externa,OPERADORA RUZ,1,250.0,290.0,50.0,0.2,249.14,1,1,2025-06-01,250.0
50131933,T071,2025-08,ARTICULOS ESCOLARES,LAPICERAS Y ESTUCHES,LAPICERAS DE LICENCIAS,,Marca Externa,OPERADORA RUZ,1,249.14,289.0,49.57,0.199,249.14,1,1,2025-08-01,249.14
50131933,T079,2025-07,ARTICULOS ESCOLARES,LAPICERAS Y ESTUCHES,LAPICERAS DE LICENCIAS,,Marca Externa,OPERADORA RUZ,1,250.0,290.0,50.0,0.2,249.14,1,1,2025-07-01,250.0
50131956,T015,2026-01,ARTICULOS ESCOLARES,PLUMAS Y LAPICEROS FINOS,BOLIGRAFOS FINOS,,Marca Externa,NO SABE FALLAR,1,38.79,45.0,7.16,0.1846,38.79,1,1,2026-01-01,38.79
50131956,T027,2026-03,ARTICULOS ESCOLARES,PLUMAS Y LAPICEROS FINOS,BOLIGRAFOS FINOS,,Marca Externa,NO SABE FALLAR,1,38.79,45.0,7.16,0.1846,38.79,1,1,2026-03-01,38.79
50131956,T041,2025-08,ARTICULOS ESCOLARES,PLUMAS Y LAPICEROS FINOS,BOLIGRAFOS FINOS,,Marca Externa,NO SABE FALLAR,1,38.79,45.0,7.16,0.1846,38.79,1,1,2025-08-01,38.79
50131956,T050,2025-06,ARTICULOS ESCOLARES,PLUMAS Y LAPICEROS FINOS,BOLIGRAFOS FINOS,,Marca Externa,NO SABE FALLAR,1,40.79,47.31,8.16,0.2,38.79,1,1,2025-06-01,40.79
50131956,T052,2025-06,ARTICULOS ESCOLARES,PLUMAS Y LAPICEROS FINOS,BOLIGRAFOS FINOS,,Marca Externa,NO SABE FALLAR,1,40.79,47.31,8.16,0.2,38.79,1,1,2025-06-01,40.79
50131956,T057,2025-08,ARTICULOS ESCOLARES,PLUMAS Y LAPICEROS FINOS,BOLIGRAFOS FINOS,,Marca Externa,NO SABE FALLAR,1,41.67,45.0,8.6,0.2064,38.79,1,1,2025-08-01,41.67
50131956,T058,2025-08,ARTICULOS ESCOLARES,PLUMAS Y LAPICEROS FINOS,BOLIGRAFOS FINOS,,Marca Externa,NO SABE FALLAR,1,38.79,45.0,7.16,0.1846,38.79,1,1,2025-08-01,38.79
50131956,T072,2026-02,ARTICULOS ESCOLARES,PLUMAS Y LAPICEROS FINOS,BOLIGRAFOS FINOS,,Marca Externa,NO SABE FALLAR,1,38.79,45.0,7.16,0.1846,38.79,1,1,2026-02-01,38.79
50132006,T022,2025-08,ARTICULOS ESCOLARES,LONCHERAS,LONCHERAS,URBAN AREN,Marca Externa,URBAN ARENA,1,473.28,549.0,106.49,0.225,473.28,1,1,2025-08-01,473.28
50132010,T082,2025-08,ARTICULOS ESCOLARES,MOCHILAS,MOCHILAS UNIVERSITARIAS,URBAN AREN,Marca Externa,URBAN ARENA,1,861.21,999.0,193.78,0.225,861.21,1,1,2025-08-01,861.21
50132015,T027,2025-07,ARTICULOS ESCOLARES,LONCHERAS,LONCHERAS,URBAN AREN,Marca Externa,URBAN ARENA,1,430.17,499.0,96.79,0.225,430.17,1,1,2025-07-01,430.17
50132015,T068,2025-09,ARTICULOS ESCOLARES,LONCHERAS,LONCHERAS,URBAN AREN,Marca Externa,URBAN ARENA,1,430.17,499.0,96.79,0.225,430.17,1,1,2025-09-01,430.17
50132022,T065,2025-08,ARTICULOS ESCOLARES,MOCHILAS,MOCHILAS UNIVERSITARIAS,URBAN AREN,Marca Externa,URBAN ARENA,1,775.09,899.1,150.72,0.1944,861.21,1,1,2025-08-01,775.09
50132030,T050,2025-08,ARTICULOS ESCOLARES,LONCHERAS,LONCHERAS,URBAN AREN,Marca Externa,URBAN ARENA,1,559.48,649.0,125.88,0.225,559.48,1,1,2025-08-01,559.48
50132044,T033,2025-08,ARTICULOS ESCOLARES,MOCHILAS,MOCHILAS UNIVERSITARIAS,URBAN AREN,Marca Externa,URBAN ARENA,1,559.48,649.0,125.88,0.225,559.48,1,1,2025-08-01,559.48
50132048,T068,2025-07,ARTICULOS ESCOLARES,MOCHILAS,MOCHILAS UNIVERSITARIAS,URBAN AREN,Marca Externa,URBAN ARENA,1,688.79,799.0,154.97,0.225,688.79,1,1,2025-07-01,688.79
50132149,T044,2025-10,ARTICULOS ESCOLARES,LIBRETAS EJECUTIVAS,LIBRETAS FORMA FRANCESA,,Marca Externa,AFEX INDUSTRIAL Y COMERCIAL,1,125.0,145.0,25.09,0.2007,125.0,1,1,2025-10-01,125.0
50132150,T039,2025-09,ARTICULOS ESCOLARES,LIBRETAS EJECUTIVAS,LIBRETAS FORMA FRANCESA,,Marca Externa,AFEX INDUSTRIAL Y COMERCIAL,1,125.0,145.0,25.09,0.2007,125.0,1,1,2025-09-01,125.0
50132151,T064,2025-12,ARTICULOS ESCOLARES,LIBRETAS EJECUTIVAS,LIBRETAS FORMA FRANCESA,,Marca Externa,AFEX INDUSTRIAL Y COMERCIAL,1,125.0,145.0,25.09,0.2007,125.0,1,1,2025-12-01,125.0
50132152,T042,2025-08,ARTICULOS ESCOLARES,LIBRETAS EJECUTIVAS,LIBRETAS FORMA FRANCESA,,Marca Externa,AFEX INDUSTRIAL Y COMERCIAL,1,125.0,145.0,25.09,0.2007,125.0,1,1,2025-08-01,125.0
50132153,T056,2026-04,ARTICULOS ESCOLARES,LIBRETAS EJECUTIVAS,LIBRETAS FORMA FRANCESA,,Marca Externa,AFEX INDUSTRIAL Y COMERCIAL,1,125.0,145.0,25.09,0.2007,125.0,1,1,2026-04-01,125.0
50132153,T085,2025-11,ARTICULOS ESCOLARES,LIBRETAS EJECUTIVAS,LIBRETAS FORMA FRANCESA,,Marca Externa,AFEX INDUSTRIAL Y COMERCIAL,1,125.0,145.0,25.09,0.2007,125.0,1,1,2025-11-01,125.0
50132166,T039,2025-08,ARTICULOS ESCOLARES,LONCHERAS,LONCHERAS,,Marca Externa,CHENSON NYLON DE MEXICO,1,413.1,479.2,51.64,0.125,516.38,1,1,2025-08-01,413.1
50132168,T082,2025-07,ARTICULOS ESCOLARES,MOCHILAS,MOCHILAS ESCOLARES,,Marca Externa,CHENSON NYLON DE MEXICO,1,542.5,629.3,38.75,0.0714,775.0,1,1,2025-07-01,542.5
50132169,T040,2025-08,ARTICULOS ESCOLARES,LONCHERAS,LONCHERAS,,Marca Externa,CHENSON NYLON DE MEXICO,1,344.14,399.2,43.02,0.125,430.17,1,1,2025-08-01,344.14
50132169,T070,2025-08,ARTICULOS ESCOLARES,LONCHERAS,LONCHERAS,,Marca Externa,CHENSON NYLON DE MEXICO,1,344.14,399.2,43.02,0.125,430.17,1,1,2025-08-01,344.14
50132174,T044,2025-07,ARTICULOS ESCOLARES,MOCHILAS,MOCHILAS ESCOLARES,,Marca Externa,CHENSON NYLON DE MEXICO,1,861.2,998.99,172.24,0.2,861.21,1,1,2025-07-01,861.2
50132179,T031,2025-08,ARTICULOS ESCOLARES,LONCHERAS,LONCHERAS,,Marca Externa,CHENSON NYLON DE MEXICO,1,361.47,419.3,25.82,0.0714,309.83,1,1,2025-08-01,361.47
50132181,T033,2025-08,ARTICULOS ESCOLARES,MOCHILAS,MOCHILAS ESCOLARES,,Marca Externa,CHENSON NYLON DE MEXICO,1,1206.29,1399.3,86.16,0.0714,1723.28,1,1,2025-08-01,1206.29
50132183,T007,2025-08,ARTICULOS ESCOLARES,LONCHERAS,LONCHERAS,,Marca Externa,CHENSON NYLON DE MEXICO,1,413.1,479.2,51.64,0.125,516.38,1,1,2025-08-01,413.1
50132185,T033,2025-08,ARTICULOS ESCOLARES,MOCHILAS,MOCHILAS ESCOLARES,,Marca Externa,CHENSON NYLON DE MEXICO,1,947.41,1099.0,189.48,0.2,947.41,1,1,2025-08-01,947.41
50132191,T046,2025-07,ARTICULOS ESCOLARES,LAPICERAS Y ESTUCHES,LAPICERAS DE LICENCIAS,,Marca Externa,CHENSON NYLON DE MEXICO,1,291.02,314.3,29.39,0.101,387.07,1,1,2025-07-01,291.02
50132194,T042,2025-09,ARTICULOS ESCOLARES,LONCHERAS,LONCHERAS,,Marca Externa,CHENSON NYLON DE MEXICO,1,430.17,499.0,86.03,0.2,430.17,1,1,2025-09-01,430.17
50132200,T021,2025-07,ARTICULOS ESCOLARES,MOCHILAS,MOCHILAS ESCOLARES,,Marca Externa,CHENSON NYLON DE MEXICO,1,602.84,699.3,43.06,0.0714,861.21,1,1,2025-07-01,602.84
50132203,T036,2025-08,ARTICULOS ESCOLARES,LONCHERAS,LONCHERAS,,Marca Externa,CHENSON NYLON DE MEXICO,1,516.38,599.0,103.28,0.2,516.38,1,1,2025-08-01,516.38
50132203,T049,2025-08,ARTICULOS ESCOLARES,LONCHERAS,LONCHERAS,,Marca Externa,CHENSON NYLON DE MEXICO,1,516.38,599.0,103.28,0.2,516.38,1,1,2025-08-01,516.38
50132288,T007,2025-08,ARTICULOS ESCOLARES,LONCHERAS,LONCHERAS,SAMSONITE,Marca Externa,SAMSONITE MEXICO,1,344.14,399.2,43.02,0.125,430.17,1,1,2025-08-01,344.14
50132288,T050,2025-06,ARTICULOS ESCOLARES,LONCHERAS,LONCHERAS,SAMSONITE,Marca Externa,SAMSONITE MEXICO,1,430.17,499.0,86.03,0.2,430.17,1,1,2025-06-01,430.17
50132289,T001,2025-08,ARTICULOS ESCOLARES,LONCHERAS,LONCHERAS,SAMSONITE,Marca Externa,SAMSONITE MEXICO,1,430.17,499.0,86.03,0.2,430.17,1,1,2025-08-01,430.17
50132315,T005,2025-07,ARTICULOS ESCOLARES,CRAYONES,CRAYONES,DIXON COME,Marca Externa,DIXON COMERCIALIZADORA,1,99.14,115.0,20.2,0.2037,99.14,1,1,2025-07-01,99.14
50132315,T064,2025-08,ARTICULOS ESCOLARES,CRAYONES,CRAYONES,DIXON COME,Marca Externa,DIXON COMERCIALIZADORA,1,99.14,115.0,20.2,0.2037,99.14,1,1,2025-08-01,99.14
50132352,T006,2025-08,ARTICULOS ESCOLARES,LONCHERAS,LONCHERAS,,Marca Externa,SAMSONITE MEXICO,1,516.38,599.0,103.28,0.2,516.38,1,1,2025-08-01,516.38
50132353,T047,2025-08,ARTICULOS ESCOLARES,LONCHERAS,LONCHERAS,,Marca Externa,SAMSONITE MEXICO,1,413.1,479.2,51.64,0.125,516.38,1,1,2025-08-01,413.1
50132475,T056,2025-08,ARTICULOS ESCOLARES,LAPICERAS Y ESTUCHES,LAPICERAS DE LICENCIAS,,Marca Externa,"GRUPO YADATEX,",1,297.41,345.0,59.38,0.1997,297.41,1,1,2025-08-01,297.41
50132486,T053,2025-08,ARTICULOS ESCOLARES,MOCHILAS,MOCHILAS ESCOLARES,,Marca Externa,"GRUPO YADATEX,",1,499.14,579.0,99.93,0.2002,499.14,1,1,2025-08-01,499.14
50132516,T002,2025-08,ARTICULOS ESCOLARES,LAPICERAS Y ESTUCHES,LAPICERAS DE LICENCIAS,,Marca Externa,"GRUPO YADATEX,",1,138.19,160.3,9.35,0.0677,197.41,1,1,2025-08-01,138.19
50132566,T015,2025-08,ARTICULOS ESCOLARES,LONCHERAS,LONCHERAS,,Marca Externa,FOTORAMA DE MEXICO,1,293.1,340.0,37.29,0.1272,366.38,1,1,2025-08-01,293.1
50132573,T017,2025-08,ARTICULOS ESCOLARES,MOCHILAS,MOCHILAS ESCOLARES,,Marca Externa,FOTORAMA DE MEXICO,1,506.9,588.0,63.37,0.125,633.62,1,1,2025-08-01,506.9
50132575,T046,2025-08,ARTICULOS ESCOLARES,LONCHERAS,LONCHERAS,,Marca Externa,FOTORAMA DE MEXICO,1,307.87,332.5,30.67,0.0996,409.48,1,1,2025-08-01,307.87
50132579,T001,2025-08,ARTICULOS ESCOLARES,MOCHILAS,MOCHILAS ESCOLARES,,Marca Externa,FOTORAMA DE MEXICO,1,633.62,735.0,126.73,0.2,633.62,1,1,2025-08-01,633.62
50132585,T044,2025-06,ARTICULOS ESCOLARES,LONCHERAS,LONCHERAS,,Marca Externa,FOTORAMA DE MEXICO,1,474.08,549.93,94.81,0.2,473.28,1,1,2025-06-01,474.08
50132593,T077,2025-08,ARTICULOS ESCOLARES,MOCHILAS,MOCHILAS ESCOLARES,,Marca Externa,FOTORAMA DE MEXICO,1,711.21,825.0,142.05,0.1997,711.21,1,1,2025-08-01,711.21
50132601,T013,2025-08,ARTICULOS ESCOLARES,LONCHERAS,LONCHERAS,,Marca Externa,FOTORAMA DE MEXICO,1,392.24,455.0,77.83,0.1984,392.24,1,1,2025-08-01,392.24
50132602,T048,2025-08,ARTICULOS ESCOLARES,MOCHILAS,MOCHILAS UNIVERSITARIAS,,Marca Externa,FOTORAMA DE MEXICO,1,780.17,905.0,156.21,0.2002,780.17,1,1,2025-08-01,780.17
50132612,T023,2025-08,ARTICULOS ESCOLARES,LONCHERAS,LONCHERAS,,Marca Externa,FOTORAMA DE MEXICO,1,409.48,475.0,81.48,0.199,409.48,1,1,2025-08-01,409.48
50132613,T028,2025-08,ARTICULOS ESCOLARES,MOCHILAS,MOCHILAS UNIVERSITARIAS,,Marca Externa,FOTORAMA DE MEXICO,1,688.79,799.0,137.61,0.1998,688.79,1,1,2025-08-01,688.79
50132622,T035,2025-06,ARTICULOS ESCOLARES,LONCHERAS,BOTELLAS Y TERMOS,,Marca Externa,DISTRIBUCIONES ANDROMEDA,1,61.66,71.53,12.33,0.2,64.66,1,1,2025-06-01,61.66
50132625,T015,2025-06,ARTICULOS ESCOLARES,LONCHERAS,BOTELLAS Y TERMOS,,Marca Externa,DISTRIBUCIONES ANDROMEDA,1,60.0,69.6,12.0,0.2,59.48,1,1,2025-06-01,60.0
50132627,T021,2025-05,ARTICULOS ESCOLARES,LONCHERAS,BOTELLAS Y TERMOS,,Marca Externa,DISTRIBUCIONES ANDROMEDA,1,61.66,71.53,12.33,0.2,64.66,1,1,2025-05-01,61.66
50132627,T057,2025-06,ARTICULOS ESCOLARES,LONCHERAS,BOTELLAS Y TERMOS,,Marca Externa,DISTRIBUCIONES ANDROMEDA,1,62.5,67.5,14.26,0.2282,64.66,1,1,2025-06-01,62.5
50132627,T060,2025-06,ARTICULOS ESCOLARES,LONCHERAS,BOTELLAS Y TERMOS,,Marca Externa,DISTRIBUCIONES ANDROMEDA,1,64.66,75.0,13.83,0.2139,64.66,1,1,2025-06-01,64.66
50132629,T014,2025-08,ARTICULOS ESCOLARES,LONCHERAS,BOTELLAS Y TERMOS,,Marca Externa,DISTRIBUCIONES ANDROMEDA,1,64.66,75.0,13.83,0.2139,61.66,1,1,2025-08-01,64.66
50132629,T041,2025-07,ARTICULOS ESCOLARES,LONCHERAS,BOTELLAS Y TERMOS,,Marca Externa,DISTRIBUCIONES ANDROMEDA,1,61.66,71.53,12.33,0.2,61.66,1,1,2025-07-01,61.66
50132631,T023,2025-05,ARTICULOS ESCOLARES,LONCHERAS,BOTELLAS Y TERMOS,,Marca Externa,DISTRIBUCIONES ANDROMEDA,1,58.34,67.67,11.67,0.2,58.34,1,1,2025-05-01,58.34
50132635,T002,2025-06,ARTICULOS ESCOLARES,LONCHERAS,BOTELLAS Y TERMOS,,Marca Externa,DISTRIBUCIONES ANDROMEDA,1,60.0,69.6,12.0,0.2,59.48,1,1,2025-06-01,60.0
50132635,T086,2025-08,ARTICULOS ESCOLARES,LONCHERAS,BOTELLAS Y TERMOS,,Marca Externa,DISTRIBUCIONES ANDROMEDA,1,59.48,69.0,11.74,0.1974,59.48,1,1,2025-08-01,59.48
50132636,T009,2025-08,ARTICULOS ESCOLARES,LONCHERAS,BOTELLAS Y TERMOS,,Marca Externa,DISTRIBUCIONES ANDROMEDA,1,59.48,69.0,11.74,0.1974,59.48,1,1,2025-08-01,59.48
50132850,T047,2025-08,ARTICULOS ESCOLARES,LONCHERAS,LONCHERAS,,Marca Externa,"GRUPO YADATEX,",1,378.62,439.2,47.32,0.125,473.28,1,1,2025-08-01,378.62
50132851,T043,2025-08,ARTICULOS ESCOLARES,LAPICERAS Y ESTUCHES,LAPICERAS DE LICENCIAS,,Marca Externa,"GRUPO YADATEX,",1,341.67,369.0,75.41,0.2207,318.1,1,1,2025-08-01,341.67
50132861,T032,2025-07,ARTICULOS ESCOLARES,LONCHERAS,LONCHERAS,,Marca Externa,"GRUPO YADATEX,",1,516.38,599.0,103.19,0.1998,516.38,1,1,2025-07-01,516.38
50132861,T044,2025-08,ARTICULOS ESCOLARES,LONCHERAS,LONCHERAS,,Marca Externa,"GRUPO YADATEX,",1,516.38,599.0,103.19,0.1998,516.38,1,1,2025-08-01,516.38
50132863,T057,2025-08,ARTICULOS ESCOLARES,MOCHILAS,MOCHILAS ESCOLARES,,Marca Externa,"GRUPO YADATEX,",1,906.48,979.0,200.05,0.2207,843.97,1,1,2025-08-01,906.48
50132865,T006,2025-07,ARTICULOS ESCOLARES,LONCHERAS,LONCHERAS,,Marca Externa,"GRUPO YADATEX,",1,516.38,599.0,103.19,0.1998,516.38,1,1,2025-07-01,516.38
50132868,T064,2025-07,ARTICULOS ESCOLARES,LAPICERAS Y ESTUCHES,LAPICERAS DE LICENCIAS,,Marca Externa,"GRUPO YADATEX,",1,214.66,249.0,42.94,0.2,214.65,1,1,2025-07-01,214.66
50132869,T067,2025-08,ARTICULOS ESCOLARES,MOCHILAS,MOCHILAS ESCOLARES,,Marca Externa,"GRUPO YADATEX,",1,1016.38,1179.0,203.27,0.2,1016.38,1,1,2025-08-01,1016.38
50132870,T027,2025-07,ARTICULOS ESCOLARES,LAPICERAS Y ESTUCHES,LAPICERAS DE LICENCIAS,,Marca Externa,"GRUPO YADATEX,",1,240.78,279.3,17.14,0.0712,343.97,1,1,2025-07-01,240.78
50132877,T015,2025-08,ARTICULOS ESCOLARES,MOCHILAS,MOCHILAS UNIVERSITARIAS,,Marca Externa,SAMSONITE MEXICO,1,861.21,999.0,172.25,0.2,602.84,1,1,2025-08-01,861.21
50132969,T023,2025-07,ARTICULOS ESCOLARES,LAPICERAS Y ESTUCHES,LAPICERAS DE LICENCIAS,,Marca Externa,INDUSTRIAS DANPEX,1,142.24,165.0,28.21,0.1983,142.24,1,1,2025-07-01,142.24
50133274,T001,2025-08,ARTICULOS ESCOLARES,MOCHILAS,MOCHILAS ESCOLARES,CARVAJAL E,Marca Externa,"CARVAJAL EDUCACION,",1,775.0,899.0,153.53,0.1981,775.0,1,1,2025-08-01,775.0
50133280,T028,2025-07,ARTICULOS ESCOLARES,MOCHILAS,MOCHILAS UNIVERSITARIAS,CARVAJAL E,Marca Externa,"CARVAJAL EDUCACION,",1,602.84,699.3,35.79,0.0594,861.21,1,1,2025-07-01,602.84
50133283,T041,2025-07,ARTICULOS ESCOLARES,MOCHILAS,MOCHILAS UNIVERSITARIAS,CARVAJAL E,Marca Externa,"CARVAJAL EDUCACION,",1,708.62,822.0,88.69,0.1252,861.21,1,1,2025-07-01,708.62
50133286,T014,2025-07,ARTICULOS ESCOLARES,MOCHILAS,MOCHILAS UNIVERSITARIAS,CARVAJAL E,Marca Externa,"CARVAJAL EDUCACION,",1,723.54,839.3,45.49,0.0629,1033.62,1,1,2025-07-01,723.54
50133286,T063,2025-07,ARTICULOS ESCOLARES,MOCHILAS,MOCHILAS UNIVERSITARIAS,CARVAJAL E,Marca Externa,"CARVAJAL EDUCACION,",1,723.54,839.3,45.49,0.0629,1033.62,1,1,2025-07-01,723.54
50133292,T082,2025-07,ARTICULOS ESCOLARES,MOCHILAS,MOCHILAS UNIVERSITARIAS,CARVAJAL E,Marca Externa,"CARVAJAL EDUCACION,",1,542.5,629.3,24.63,0.0454,775.0,1,1,2025-07-01,542.5
50134351,T016,2025-08,ARTICULOS ESCOLARES,LONCHERAS,HERMETICOS,,Marca Externa,ZYLKU IMPORTACIONES,1,68.1,79.0,14.05,0.2063,68.1,1,1,2025-08-01,68.1
50134352,T001,2025-11,ARTICULOS ESCOLARES,LONCHERAS,HERMETICOS,,Marca Externa,ZYLKU IMPORTACIONES,1,128.45,149.0,26.22,0.2042,128.45,1,1,2025-11-01,128.45
50134353,T010,2025-11,ARTICULOS ESCOLARES,LONCHERAS,HERMETICOS,,Marca Externa,ZYLKU IMPORTACIONES,1,116.38,135.0,23.69,0.2036,116.38,1,1,2025-11-01,116.38
50134566,T021,2026-02,ARTICULOS ESCOLARES,LIBRETAS EJECUTIVAS,LIBRETAS FORMA FRANCESA,PARK ROSE,Marca Externa,COMERCIALIZADORA CHAROS,1,128.45,149.0,35.62,0.2773,128.45,1,1,2026-02-01,128.45
50134566,T034,2026-02,ARTICULOS ESCOLARES,LIBRETAS EJECUTIVAS,LIBRETAS FORMA FRANCESA,PARK ROSE,Marca Externa,COMERCIALIZADORA CHAROS,1,128.45,149.0,35.62,0.2773,128.45,1,1,2026-02-01,128.45
50134566,T037,2026-03,ARTICULOS ESCOLARES,LIBRETAS EJECUTIVAS,LIBRETAS FORMA FRANCESA,PARK ROSE,Marca Externa,COMERCIALIZADORA CHAROS,1,128.45,149.0,35.62,0.2773,128.45,1,1,2026-03-01,128.45
50134566,T045,2026-04,ARTICULOS ESCOLARES,LIBRETAS EJECUTIVAS,LIBRETAS FORMA FRANCESA,,Marca Externa,COMERCIALIZADORA CHAROS,1,128.45,149.0,35.62,0.2773,128.45,1,1,2026-04-01,128.45
50134566,T056,2026-02,ARTICULOS ESCOLARES,LIBRETAS EJECUTIVAS,LIBRETAS FORMA FRANCESA,PARK ROSE,Marca Externa,COMERCIALIZADORA CHAROS,1,128.45,149.0,35.62,0.2773,128.45,1,1,2026-02-01,128.45
50134566,T057,2026-03,ARTICULOS ESCOLARES,LIBRETAS EJECUTIVAS,LIBRETAS FORMA FRANCESA,PARK ROSE,Marca Externa,COMERCIALIZADORA CHAROS,1,137.96,149.0,40.38,0.2927,128.45,1,1,2026-03-01,137.96
50134578,T007,2026-03,ARTICULOS ESCOLARES,LONCHERAS,BOTELLAS Y TERMOS,PARK ROSE,Marca Externa,COMERCIALIZADORA CHAROS,1,88.97,103.2,24.31,0.2733,111.21,1,1,2026-03-01,88.97
50134578,T052,2026-04,ARTICULOS ESCOLARES,LONCHERAS,BOTELLAS Y TERMOS,PARK ROSE,Marca Externa,COMERCIALIZADORA CHAROS,1,100.09,116.1,30.93,0.309,111.21,1,1,2026-04-01,100.09
50134578,T065,2026-02,ARTICULOS ESCOLARES,LONCHERAS,BOTELLAS Y TERMOS,,Marca Externa,COMERCIALIZADORA CHAROS,1,111.21,129.0,35.43,0.3186,111.21,1,1,2026-02-01,111.21
50134578,T082,2026-02,ARTICULOS ESCOLARES,LONCHERAS,BOTELLAS Y TERMOS,PARK ROSE,Marca Externa,COMERCIALIZADORA CHAROS,1,111.21,129.0,35.43,0.3186,111.21,1,1,2026-02-01,111.21
50134579,T001,2026-03,ARTICULOS ESCOLARES,LONCHERAS,BOTELLAS Y TERMOS,PARK ROSE,Marca Externa,COMERCIALIZADORA CHAROS,1,100.09,116.1,29.87,0.2985,111.21,1,1,2026-03-01,100.09
50134579,T016,2026-02,ARTICULOS ESCOLARES,LONCHERAS,BOTELLAS Y TERMOS,PARK ROSE,Marca Externa,COMERCIALIZADORA CHAROS,1,111.21,129.0,35.44,0.3186,111.21,1,1,2026-02-01,111.21
50134579,T022,2026-02,ARTICULOS ESCOLARES,LONCHERAS,BOTELLAS Y TERMOS,,Marca Externa,COMERCIALIZADORA CHAROS,1,111.21,129.0,35.44,0.3186,111.21,1,1,2026-02-01,111.21
50134579,T033,2026-02,ARTICULOS ESCOLARES,LONCHERAS,BOTELLAS Y TERMOS,PARK ROSE,Marca Externa,COMERCIALIZADORA CHAROS,1,111.21,129.0,35.43,0.3186,111.21,1,1,2026-02-01,111.21
50134579,T062,2026-03,ARTICULOS ESCOLARES,LONCHERAS,BOTELLAS Y TERMOS,PARK ROSE,Marca Externa,COMERCIALIZADORA CHAROS,2,222.41,258.0,70.85,0.3186,111.21,1,1,2026-03-01,111.205
50134579,T078,2026-03,ARTICULOS ESCOLARES,LONCHERAS,BOTELLAS Y TERMOS,PARK ROSE,Marca Externa,COMERCIALIZADORA CHAROS,1,88.97,103.2,24.31,0.2732,111.21,1,1,2026-03-01,88.97
50134580,T002,2026-01,ARTICULOS ESCOLARES,LONCHERAS,BOTELLAS Y TERMOS,,Marca Externa,COMERCIALIZADORA CHAROS,1,93.97,109.0,27.57,0.2934,93.97,1,1,2026-01-01,93.97
50134580,T005,2026-04,ARTICULOS ESCOLARES,LONCHERAS,BOTELLAS Y TERMOS,,Marca Externa,COMERCIALIZADORA CHAROS,1,93.97,109.0,27.57,0.2934,93.97,1,1,2026-04-01,93.97
50134580,T016,2026-04,ARTICULOS ESCOLARES,LONCHERAS,BOTELLAS Y TERMOS,,Marca Externa,COMERCIALIZADORA CHAROS,1,93.97,109.0,27.57,0.2934,93.97,1,1,2026-04-01,93.97
50134580,T065,2026-04,ARTICULOS ESCOLARES,LONCHERAS,BOTELLAS Y TERMOS,PARK ROSE,Marca Externa,COMERCIALIZADORA CHAROS,1,93.97,109.0,27.57,0.2934,93.97,1,1,2026-04-01,93.97
50134588,T002,2026-02,ARTICULOS ESCOLARES,LONCHERAS,BOTELLAS Y TERMOS,PARK ROSE,Marca Externa,COMERCIALIZADORA CHAROS,1,86.12,99.9,17.93,0.2081,86.12,1,1,2026-02-01,86.12
50134588,T012,2026-02,ARTICULOS ESCOLARES,LONCHERAS,BOTELLAS Y TERMOS,PARK ROSE,Marca Externa,COMERCIALIZADORA CHAROS,1,86.12,99.9,17.93,0.2081,86.12,1,1,2026-02-01,86.12
50134588,T022,2026-04,ARTICULOS ESCOLARES,LONCHERAS,BOTELLAS Y TERMOS,PARK ROSE,Marca Externa,COMERCIALIZADORA CHAROS,1,86.12,99.9,17.93,0.2081,86.12,1,1,2026-04-01,86.12
50134588,T027,2026-02,ARTICULOS ESCOLARES,LONCHERAS,BOTELLAS Y TERMOS,,Marca Externa,COMERCIALIZADORA CHAROS,1,86.12,99.9,17.93,0.2081,86.12,1,1,2026-02-01,86.12
50134588,T035,2026-02,ARTICULOS ESCOLARES,LONCHERAS,BOTELLAS Y TERMOS,,Marca Externa,COMERCIALIZADORA CHAROS,1,86.12,99.9,17.93,0.2081,86.12,1,1,2026-02-01,86.12
50134588,T048,2026-04,ARTICULOS ESCOLARES,LONCHERAS,BOTELLAS Y TERMOS,PARK ROSE,Marca Externa,COMERCIALIZADORA CHAROS,1,86.12,99.9,17.93,0.2081,86.12,1,1,2026-04-01,86.12
50134588,T082,2026-02,ARTICULOS ESCOLARES,LONCHERAS,BOTELLAS Y TERMOS,PARK ROSE,Marca Externa,COMERCIALIZADORA CHAROS,1,86.12,99.9,17.93,0.2081,86.12,1,1,2026-02-01,86.12
50134597,T014,2026-04,ARTICULOS ESCOLARES,LONCHERAS,BOTELLAS Y TERMOS,20533,Marca Externa,COMERCIALIZADORA CHAROS,2,231.9,269.0,25.89,0.1116,231.9,1,1,2026-04-01,115.95
50134597,T041,2026-01,ARTICULOS ESCOLARES,LONCHERAS,BOTELLAS Y TERMOS,20533,Marca Externa,COMERCIALIZADORA CHAROS,1,231.9,269.0,70.92,0.3058,231.9,1,1,2026-01-01,231.9
50134597,T045,2026-02,ARTICULOS ESCOLARES,LONCHERAS,BOTELLAS Y TERMOS,20533,Marca Externa,COMERCIALIZADORA CHAROS,1,231.9,269.0,70.92,0.3058,231.9,1,1,2026-02-01,231.9
50134597,T051,2026-03,ARTICULOS ESCOLARES,LONCHERAS,BOTELLAS Y TERMOS,20533,Marca Externa,COMERCIALIZADORA CHAROS,1,231.9,269.0,70.93,0.3058,231.9,1,1,2026-03-01,231.9
50135041,T019,2025-10,ARTICULOS ESCOLARES,LIBRETAS EJECUTIVAS,LIBRETAS PROFESIONAL,,Marca Externa,INDUSTRIAS DANPEX,1,128.45,149.0,27.78,0.2163,128.45,1,1,2025-10-01,128.45
50135075,T012,2025-09,ARTICULOS ESCOLARES,BLOCKS,BLOCKS CARTA,,Marca Externa,MOO-VINGO MEXICO,1,162.93,189.0,34.29,0.2105,162.93,1,1,2025-09-01,162.93
50135075,T069,2025-09,ARTICULOS ESCOLARES,BLOCKS,BLOCKS CARTA,,Marca Externa,MOO-VINGO MEXICO,1,162.93,189.0,34.29,0.2105,162.93,1,1,2025-09-01,162.93
50135613,T079,2025-11,ARTICULOS ESCOLARES,LONCHERAS,HERMETICOS,REGALOS SI,Marca Externa,REGALOS SIGLO XXI,1,76.81,89.1,12.41,0.1615,85.34,1,1,2025-11-01,76.81
50135614,T019,2025-11,ARTICULOS ESCOLARES,LONCHERAS,BOTELLAS Y TERMOS,REGALOS SI,Marca Externa,REGALOS SIGLO XXI,1,154.31,179.0,33.66,0.2181,154.31,1,1,2025-11-01,154.31
50135615,T011,2025-12,ARTICULOS ESCOLARES,LONCHERAS,BOTELLAS Y TERMOS,REGALOS SI,Marca Externa,REGALOS SIGLO XXI,1,159.48,185.0,35.24,0.221,159.48,1,1,2025-12-01,159.48
50135615,T077,2025-11,ARTICULOS ESCOLARES,LONCHERAS,BOTELLAS Y TERMOS,REGALOS SI,Marca Externa,REGALOS SIGLO XXI,1,159.48,185.0,35.24,0.221,159.48,1,1,2025-11-01,159.48
50135616,T085,2025-12,ARTICULOS ESCOLARES,LONCHERAS,BOTELLAS Y TERMOS,REGALOS SI,Marca Externa,REGALOS SIGLO XXI,1,145.69,169.0,25.34,0.174,145.69,1,1,2025-12-01,145.69
50135758,T053,2026-01,ARTICULOS ESCOLARES,LONCHERAS,HERMETICOS,REGALOS SI,Marca Externa,REGALOS SIGLO XXI,1,53.71,62.3,4.35,0.0811,76.72,1,1,2026-01-01,53.71
50135759,T013,2025-10,ARTICULOS ESCOLARES,LONCHERAS,HERMETICOS,REGALOS SI,Marca Externa,REGALOS SIGLO XXI,1,81.9,95.0,16.45,0.2009,81.9,1,1,2025-10-01,81.9
50135759,T046,2026-01,ARTICULOS ESCOLARES,LONCHERAS,HERMETICOS,REGALOS SI,Marca Externa,REGALOS SIGLO XXI,2,123.15,133.0,10.89,0.0884,81.9,1,1,2026-01-01,61.575
50136213,T043,2026-03,ARTICULOS ESCOLARES,LIBRETAS EJECUTIVAS,LIBRETAS FORMA FRANCESA,,Marca Externa,INDUSTRIAS DANPEX,1,216.67,234.0,47.59,0.2196,201.72,1,1,2026-03-01,216.67
50136217,T041,2025-12,ARTICULOS ESCOLARES,LIBRETAS EJECUTIVAS,LIBRETAS FORMA FRANCESA,,Marca Externa,INDUSTRIAS DANPEX,1,352.59,409.0,70.7,0.2005,352.59,1,1,2025-12-01,352.59
50136227,T017,2026-04,ARTICULOS ESCOLARES,LIBRETAS EJECUTIVAS,LIBRETAS FORMA FRANCESA,,Marca Externa,INDUSTRIAS DANPEX,1,318.1,369.0,55.69,0.1751,318.1,1,1,2026-04-01,318.1
50136646,T027,2026-04,ARTICULOS ESCOLARES,MOCHILAS,MOCHILAS UNIVERSITARIAS,,Marca Externa,CHENSON NYLON DE MEXICO,1,947.41,1099.0,189.48,0.2,947.41,1,1,2026-04-01,947.41
50136780,T018,2026-01,ARTICULOS ESCOLARES,LIBRETAS EJECUTIVAS,LIBRETAS FORMA FRANCESA,,Marca Externa,PRODUCTOS DIETRIX,1,62.16,72.11,12.43,0.2,62.16,1,1,2026-01-01,62.16
50136890,T031,2026-01,ARTICULOS ESCOLARES,PLUMAS Y LAPICEROS FINOS,BOLIGRAFOS FINOS,,Marca Externa,ZEBRA MEXICO,1,266.38,309.0,53.29,0.2001,266.38,1,1,2026-01-01,266.38
50137948,T015,2026-04,ARTICULOS ESCOLARES,LONCHERAS,BOTELLAS Y TERMOS,,Marca Externa,REGALOS SIGLO XXI,1,210.34,244.0,42.67,0.2029,210.34,1,1,2026-04-01,210.34
50137950,T046,2026-04,ARTICULOS ESCOLARES,LONCHERAS,BOTELLAS Y TERMOS,,Marca Externa,REGALOS SIGLO XXI,1,258.33,279.0,57.16,0.2213,240.52,1,1,2026-04-01,258.33
50137952,T014,2026-04,ARTICULOS ESCOLARES,LONCHERAS,BOTELLAS Y TERMOS,,Marca Externa,REGALOS SIGLO XXI,1,305.17,354.0,60.59,0.1985,305.17,1,1,2026-04-01,305.17
50137959,T033,2026-04,ARTICULOS ESCOLARES,LONCHERAS,HERMETICOS,,Marca Externa,REGALOS SIGLO XXI,1,68.88,79.9,13.94,0.2024,68.88,1,1,2026-04-01,68.88
50137960,T059,2026-04,ARTICULOS ESCOLARES,LONCHERAS,HERMETICOS,,Marca Externa,REGALOS SIGLO XXI,1,167.24,194.0,33.12,0.198,167.24,1,1,2026-04-01,167.24
