SKU,tipo_ventana,periodo_anterior,periodo_actual,beta_anterior,beta_actual,delta_beta,r2_actual,n_observaciones_actual,razon_cambio
50029838,mensual,2024-01-31,2024-02-29,-35.9690915207472,-1.5811347272195004,34.3879567935277,0.0050636607816695,3,delta_abs>=1
50029838,mensual,2024-02-29,2024-06-30,-1.5811347272195004,20.216959257940516,21.798093985160016,0.3040912620412317,4,delta_abs>=1; cambio_signo
50029838,mensual,2024-06-30,2024-07-31,20.216959257940516,16.680648472702043,-3.5363107852384736,0.5476361640687999,5,delta_abs>=1
50029838,mensual,2024-07-31,2024-08-31,16.680648472702043,-53.97349792157829,-70.65414639428033,0.8260133482259495,4,delta_abs>=1; cambio_signo
50029838,mensual,2024-08-31,2024-09-30,-53.97349792157829,8536.564169393734,8590.537667315313,0.852115264135104,4,delta_abs>=1; cambio_signo
50029838,mensual,2024-09-30,2024-11-30,8536.564169393734,26.604467883506164,-8509.959701510228,0.2636406727512687,3,delta_abs>=1
50029838,mensual,2024-11-30,2025-03-31,26.604467883506164,4853.790444743843,4827.185976860337,0.352352349160642,4,delta_abs>=1
50029838,mensual,2025-03-31,2025-06-30,4853.790444743843,43.9791008664973,-4809.811343877346,0.9959686913523588,5,delta_abs>=1
50029838,mensual,2025-06-30,2025-07-31,43.9791008664973,18.321179881000067,-25.65792098549723,0.0260028823724608,4,delta_abs>=1
50029838,mensual,2025-07-31,2025-09-30,18.321179881000067,11.74815230429944,-6.5730275767006265,0.0386500587094982,6,delta_abs>=1
50029838,mensual,2025-09-30,2025-11-30,11.74815230429944,7476.963949827094,7465.215797522795,0.3394940676605948,7,delta_abs>=1
50029838,mensual,2025-11-30,2026-03-31,7476.963949827094,-3.540082804077592,-7480.504032631172,0.0022619218423226,5,delta_abs>=1; cambio_signo
50029838,semestral,2024-01-31,2024-02-29,-35.9690915207472,2.492540986530148,38.46163250727734,0.0033690466328063,8,delta_abs>=1; cambio_signo
50029838,semestral,2024-02-29,2024-03-31,2.492540986530148,7.947454225685767,5.454913239155619,0.0256293250790929,10,delta_abs>=1
50029838,semestral,2024-03-31,2024-04-30,7.947454225685767,2.8647260248009534,-5.082728200884814,0.0021272043127142,13,delta_abs>=1
50029838,semestral,2024-04-30,2024-05-31,2.8647260248009534,3.989405117016679,1.1246790922157257,0.0037709704108314,15,delta_abs>=1
50029838,semestral,2024-05-31,2024-06-30,3.989405117016679,9.724882446698691,5.735477329682013,0.0330260087761992,19,delta_abs>=1
50029838,semestral,2024-06-30,2024-07-31,9.724882446698691,12.748361659613971,3.02347921291528,0.0874092522235058,19,delta_abs>=1
50029838,semestral,2024-07-31,2024-08-31,12.748361659613971,-4.715660301531539,-17.464021961145512,0.0084663707419712,20,delta_abs>=1; cambio_signo
50029838,semestral,2024-09-30,2024-10-31,-5.644580942637343,-2.348004700784051,3.2965762418532916,0.0022048066984144,21,delta_abs>=1
50029838,semestral,2024-10-31,2024-11-30,-2.348004700784051,3.357007924317449,5.7050126251015,0.0046925088014088,22,delta_abs>=1; cambio_signo
50029838,semestral,2024-11-30,2024-12-31,3.357007924317449,-2.254446028067962,-5.611453952385411,0.0015815987819303,23,delta_abs>=1; cambio_signo
50029838,semestral,2024-12-31,2025-01-31,-2.254446028067962,-9.455692365417818,-7.201246337349856,0.0199833932874704,20,delta_abs>=1
50029838,semestral,2025-01-31,2025-02-28,-9.455692365417818,16.950799355244754,26.406491720662572,0.0403379450624346,19,delta_abs>=1; cambio_signo
50029838,semestral,2025-02-28,2025-03-31,16.950799355244754,19.51548894999693,2.564689594752174,0.0504123797783925,19,delta_abs>=1
50029838,semestral,2025-03-31,2025-04-30,19.51548894999693,16.38091549805202,-3.1345734519449096,0.0291396109326073,20,delta_abs>=1
50029838,semestral,2025-04-30,2025-06-30,16.38091549805202,31.65241206664214,15.27149656859012,0.1284812458081321,21,delta_abs>=1
50029838,semestral,2025-06-30,2025-07-31,31.65241206664214,29.57822963803132,-2.0741824286108184,0.1033397199931862,23,delta_abs>=1
50029838,semestral,2025-07-31,2025-08-31,29.57822963803132,34.737359879757626,5.159130241726306,0.1603435625687832,22,delta_abs>=1
50029838,semestral,2025-08-31,2025-09-30,34.737359879757626,22.74456955075118,-11.992790329006446,0.112212609688813,24,delta_abs>=1
50029838,semestral,2025-09-30,2025-10-31,22.74456955075118,25.89411433271701,3.1495447819658295,0.1778230589376298,25,delta_abs>=1
50029838,semestral,2025-10-31,2025-11-30,25.89411433271701,27.045419380245484,1.1513050475284743,0.1364700165009735,28,delta_abs>=1
50029838,semestral,2025-11-30,2025-12-31,27.045419380245484,12.033030613278909,-15.012388766966575,0.0138696710144633,25,delta_abs>=1
50029838,semestral,2026-01-31,2026-02-28,11.271883885243472,8.38662823290397,-2.8852556523395023,0.0070875755937884,23,delta_abs>=1
50029838,semestral,2026-02-28,2026-03-31,8.38662823290397,-10.992045375882311,-19.37867360878628,0.0062942441447255,22,delta_abs>=1; cambio_signo
50029838,semestral,2026-03-31,2026-04-30,-10.992045375882311,-8.894208852395423,2.0978365234868885,0.0043897689820495,20,delta_abs>=1
50029838,trimestral,2024-01-31,2024-02-29,-35.9690915207472,2.492540986530148,38.46163250727734,0.0033690466328063,8,delta_abs>=1; cambio_signo
50029838,trimestral,2024-02-29,2024-03-31,2.492540986530148,7.947454225685767,5.454913239155619,0.0256293250790929,10,delta_abs>=1
50029838,trimestral,2024-03-31,2024-04-30,7.947454225685767,5.556709676873121,-2.3907445488126466,0.0102932313839965,8,delta_abs>=1
50029838,trimestral,2024-04-30,2024-06-30,5.556709676873121,12.144240181672892,6.587530504799771,0.0461295585569373,9,delta_abs>=1
50029838,trimestral,2024-06-30,2024-07-31,12.144240181672892,17.97127545054127,5.827035268868379,0.2958455561046111,11,delta_abs>=1
50029838,trimestral,2024-07-31,2024-08-31,17.97127545054127,-4.981813558123005,-22.953089008664275,0.0137167559830938,13,delta_abs>=1; cambio_signo
50029838,trimestral,2024-08-31,2024-09-30,-4.981813558123005,-14.424739405637258,-9.442925847514253,0.0721248210075131,13,delta_abs>=1
50029838,trimestral,2024-09-30,2024-10-31,-14.424739405637258,-38.66797763942214,-24.243238233784883,0.2912036251197963,10,delta_abs>=1
50029838,trimestral,2024-10-31,2024-11-30,-38.66797763942214,22.471932547103485,61.139910186525626,0.1243983454506014,9,delta_abs>=1; cambio_signo
50029838,trimestral,2024-11-30,2024-12-31,22.471932547103485,20.11774044047431,-2.354192106629174,0.104316133280391,10,delta_abs>=1
50029838,trimestral,2025-01-31,2025-03-31,19.94407355687646,6975.765094380527,6955.8210208236505,0.3047051797906686,9,delta_abs>=1
50029838,trimestral,2025-03-31,2025-04-30,6975.765094380527,7932.808039103004,957.0429447224769,0.339519724027572,10,delta_abs>=1
50029838,trimestral,2025-04-30,2025-05-31,7932.808039103004,7332.476296306443,-600.3317427965612,0.3543324388760823,11,delta_abs>=1
50029838,trimestral,2025-05-31,2025-06-30,7332.476296306443,29.50137735312116,-7302.974918953322,0.2267314242085245,12,delta_abs>=1
50029838,trimestral,2025-06-30,2025-07-31,29.50137735312116,34.363684703924704,4.862307350803544,0.363247677160056,13,delta_abs>=1
50029838,trimestral,2025-07-31,2025-08-31,34.363684703924704,44.42453577480454,10.060851070879835,0.7131099204670571,11,delta_abs>=1
50029838,trimestral,2025-08-31,2025-09-30,44.42453577480454,17.721354561231834,-26.703181213572705,0.0679361617161574,12,delta_abs>=1
50029838,trimestral,2025-10-31,2025-11-30,16.95185559422372,13.499596999994386,-3.452258594229333,0.023775252862829,17,delta_abs>=1
50029838,trimestral,2025-11-30,2025-12-31,13.499596999994386,7074.534219656594,7061.0346226566,0.2251683048275813,13,delta_abs>=1
50029838,trimestral,2025-12-31,2026-01-31,7074.534219656594,8105.094550410097,1030.560330753503,0.3014817208707688,11,delta_abs>=1
50029838,trimestral,2026-01-31,2026-03-31,8105.094550410097,-2.175363314085609,-8107.2699137241825,0.0008466206165961,9,delta_abs>=1; cambio_signo
50029838,trimestral,2026-03-31,2026-04-30,-2.175363314085609,-7.428893542602622,-5.253530228517013,0.0083677448342956,9,delta_abs>=1
50029891,mensual,2024-02-29,2024-03-31,11.003735616077684,-4.332101029094032,-15.335836645171716,0.0997215972230561,4,delta_abs>=1; cambio_signo
50029891,mensual,2024-03-31,2024-04-30,-4.332101029094032,-118.73640700244364,-114.40430597334961,0.024565344791852,7,delta_abs>=1
50029891,mensual,2024-04-30,2024-05-31,-118.73640700244364,11.926022110596826,130.66242911304047,0.9245020053435574,3,delta_abs>=1; cambio_signo
50029891,mensual,2024-05-31,2024-06-30,11.926022110596826,27.87219984186529,15.946177731268463,0.0239541380724478,3,delta_abs>=1
50029891,mensual,2024-06-30,2024-07-31,27.87219984186529,-687.5924749952445,-715.4646748371098,0.0652838290966612,7,delta_abs>=1; cambio_signo
50029891,mensual,2024-07-31,2024-08-31,-687.5924749952445,27.23790765169921,714.8303826469437,0.0786094195040935,6,delta_abs>=1; cambio_signo
50029891,mensual,2024-08-31,2024-09-30,27.23790765169921,-470.2636732755422,-497.50158092724143,0.1058125859598506,6,delta_abs>=1; cambio_signo
50029891,mensual,2024-09-30,2024-11-30,-470.2636732755422,-78.1840062828262,392.079666992716,0.4958363446454416,4,delta_abs>=1
50029891,mensual,2024-11-30,2024-12-31,-78.1840062828262,-13.483247570500026,64.70075871232618,0.0206411177894523,3,delta_abs>=1
50029891,mensual,2024-12-31,2025-04-30,-13.483247570500026,-2.9599808988497096,10.523266671650317,0.0237400497106941,9,delta_abs>=1
50029891,mensual,2025-04-30,2025-06-30,-2.9599808988497096,-12.815660413951171,-9.855679515101462,0.7071769762400613,8,delta_abs>=1
50029891,mensual,2025-06-30,2025-07-31,-12.815660413951171,-2.351736744160089,10.463923669791082,0.0082625252558847,9,delta_abs>=1
50029891,mensual,2025-07-31,2025-08-31,-2.351736744160089,-314.1390523805848,-311.78731563642475,0.0973026712166594,3,delta_abs>=1
50029891,mensual,2025-08-31,2025-10-31,-314.1390523805848,16.339436957049664,330.47848933763447,0.0033631377451626,7,delta_abs>=1; cambio_signo
50029891,mensual,2025-10-31,2025-12-31,16.339436957049664,-75.16639282283737,-91.50582977988702,0.9572611329034856,3,delta_abs>=1; cambio_signo
50029891,mensual,2025-12-31,2026-01-31,-75.16639282283737,-150.7248461905695,-75.55845336773214,0.024014512063252,5,delta_abs>=1
50029891,mensual,2026-01-31,2026-04-30,-150.7248461905695,-15.387518779173432,135.33732741139607,0.2891615354986322,4,delta_abs>=1
50029891,semestral,2024-02-29,2024-03-31,11.101284956103422,1.3645564255727245,-9.736728530530698,0.0006442337191794,16,delta_abs>=1
50029891,semestral,2024-04-30,2024-05-31,1.7680808887412487,9.314958292613,7.5468774038717505,0.0507363651119053,26,delta_abs>=1
50029891,semestral,2024-05-31,2024-06-30,9.314958292613,8.15116573444697,-1.1637925581660298,0.0326109183111243,29,delta_abs>=1
50029891,semestral,2024-07-31,2024-08-31,7.9638748019596,5.1270692204006645,-2.8368055815589353,0.0077690600562171,30,delta_abs>=1
50029891,semestral,2024-08-31,2024-09-30,5.1270692204006645,7.533218154060266,2.406148933659601,0.0116378416079221,32,delta_abs>=1
50029891,semestral,2024-10-31,2024-11-30,6.861010948709042,-21.79639437076277,-28.657405319471813,0.0053384443826693,31,delta_abs>=1; cambio_signo
50029891,semestral,2024-11-30,2024-12-31,-21.79639437076277,-29.23754732331508,-7.4411529525523115,0.0088689535076156,31,delta_abs>=1
50029891,semestral,2025-01-31,2025-02-28,-28.3764463416282,-67.31530396587348,-38.93885762424529,0.0240194420759298,25,delta_abs>=1
50029891,semestral,2025-02-28,2025-03-31,-67.31530396587348,28.232888434600422,95.54819240047391,0.0309179009868807,21,delta_abs>=1; cambio_signo
50029891,semestral,2025-03-31,2025-04-30,28.232888434600422,-1.6771203657072349,-29.910008800307658,0.003817923512842,25,delta_abs>=1; cambio_signo
50029891,semestral,2025-09-30,2025-10-31,-3.6851414108108345,-8.031467778476882,-4.346326367666048,0.0494535375307404,36,delta_abs>=1
50029891,semestral,2025-11-30,2025-12-31,-7.255244629720952,-5.942935163404557,1.3123094663163952,0.0102711411471829,31,delta_abs>=1
50029891,semestral,2025-12-31,2026-01-31,-5.942935163404557,-18.75787513129773,-12.814939967893174,0.0160130407217025,27,delta_abs>=1
50029891,semestral,2026-01-31,2026-02-28,-18.75787513129773,-17.309670321782264,1.4482048095154667,0.0158630202411307,25,delta_abs>=1
50029891,semestral,2026-02-28,2026-03-31,-17.309670321782264,-16.22711812646014,1.0825521953221227,0.0128139845285668,25,delta_abs>=1
50029891,trimestral,2024-02-29,2024-03-31,11.101284956103422,1.3645564255727245,-9.736728530530698,0.0006442337191794,16,delta_abs>=1
50029891,trimestral,2024-03-31,2024-04-30,1.3645564255727245,2.469501724445256,1.1049452988725315,0.0011989421405568,21,delta_abs>=1
50029891,trimestral,2024-04-30,2024-05-31,2.469501724445256,11.443841670299362,8.974339945854105,0.1229275420019041,14,delta_abs>=1
50029891,trimestral,2024-06-30,2024-07-31,11.380977339566746,7.942148618761415,-3.438828720805331,0.022976705924506,13,delta_abs>=1
50029891,trimestral,2024-07-31,2024-08-31,7.942148618761415,0.7990606772677521,-7.143087941493663,9.41499800188872e-06,16,delta_abs>=1
50029891,trimestral,2024-08-31,2024-09-30,0.7990606772677521,-15.396483953530556,-16.19554463079831,0.0022494775784166,19,delta_abs>=1; cambio_signo
50029891,trimestral,2024-09-30,2024-10-31,-15.396483953530556,-16.994152406903268,-1.5976684533727123,0.0051267031397349,17,delta_abs>=1
50029891,trimestral,2024-10-31,2024-11-30,-16.994152406903268,-168.82892357162638,-151.83477116472312,0.0836413990755038,15,delta_abs>=1
50029891,trimestral,2024-11-30,2024-12-31,-168.82892357162638,-69.5406386862082,99.28828488541818,0.071666796297675,12,delta_abs>=1
50029891,trimestral,2024-12-31,2025-01-31,-69.5406386862082,-63.69214269311613,5.848495993092065,0.0684598345029089,10,delta_abs>=1
50029891,trimestral,2025-01-31,2025-02-28,-63.69214269311613,-9.289320249197631,54.4028224439185,0.0008004491813997,10,delta_abs>=1
50029891,trimestral,2025-02-28,2025-03-31,-9.289320249197631,47.14469925883937,56.434019508037,0.124019731403529,9,delta_abs>=1; cambio_signo
50029891,trimestral,2025-03-31,2025-04-30,47.14469925883937,-1.375668086873375,-48.52036734571274,0.0035137435201711,15,delta_abs>=1; cambio_signo
50029891,trimestral,2025-05-31,2025-06-30,-1.601584386722369,-2.7092713166013223,-1.1076869298789533,0.0187089580983448,21,delta_abs>=1
50029891,trimestral,2025-06-30,2025-07-31,-2.7092713166013223,-8.446722613434313,-5.73745129683299,0.1019464394278983,21,delta_abs>=1
50029891,trimestral,2025-07-31,2025-08-31,-8.446722613434313,-7.116203212984206,1.3305194004501066,0.0545261771166651,20,delta_abs>=1
50029891,trimestral,2025-08-31,2025-09-30,-7.116203212984206,-3.2035886547369574,3.9126145582472485,0.0072820220289366,17,delta_abs>=1
50029891,trimestral,2025-09-30,2025-10-31,-3.2035886547369574,-20.081091889443705,-16.877503234706747,0.0020078592619554,15,delta_abs>=1
50029891,trimestral,2025-10-31,2025-11-30,-20.081091889443705,-25.660730143418697,-5.579638253974991,0.0026158290885123,16,delta_abs>=1
50029891,trimestral,2025-11-30,2025-12-31,-25.660730143418697,-23.79636548318615,1.864364660232546,0.037243756067916,14,delta_abs>=1
50029891,trimestral,2026-01-31,2026-02-28,-24.055504315128896,-22.80614444736809,1.2493598677608055,0.04244821194951,9,delta_abs>=1
50029891,trimestral,2026-02-28,2026-03-31,-22.80614444736809,-289.77969241592945,-266.9735479685614,0.0495687337476412,11,delta_abs>=1
50029891,trimestral,2026-03-31,2026-04-30,-289.77969241592945,-17.455812845635784,272.3238795702937,0.2360658752988332,10,delta_abs>=1
50029905,mensual,2024-01-31,2024-05-31,-126.68750914165314,18.723800591782844,145.41130973343598,0.0713941879573965,4,delta_abs>=1; cambio_signo
50029905,mensual,2024-05-31,2024-06-30,18.723800591782844,-70.90128582467837,-89.62508641646122,0.0640930018274379,5,delta_abs>=1; cambio_signo
50029905,mensual,2024-06-30,2024-07-31,-70.90128582467837,21.85563056936463,92.756916394043,0.9988181645262548,3,delta_abs>=1; cambio_signo
50029905,mensual,2024-07-31,2024-09-30,21.85563056936463,-127.25943677023584,-149.11506733960047,0.59748279618253,5,delta_abs>=1; cambio_signo
50029905,mensual,2024-09-30,2024-10-31,-127.25943677023584,6.735049344663223,133.99448611489905,0.7477204646952261,4,delta_abs>=1; cambio_signo
50029905,mensual,2024-10-31,2024-12-31,6.735049344663223,-4.150107921266909,-10.885157265930133,0.0451779878876731,5,delta_abs>=1; cambio_signo
50029905,mensual,2024-12-31,2025-01-31,-4.150107921266909,1.5921350082055137,5.742242929472423,0.2499559256686279,3,delta_abs>=1; cambio_signo
50029905,mensual,2025-01-31,2025-02-28,1.5921350082055137,9.130957856319917,7.538822848114403,0.1066928413494427,4,delta_abs>=1
50029905,mensual,2025-06-30,2025-10-31,9.190611587626734,1.6064881699552378,-7.584123417671496,3.953601155626263e-05,6,delta_abs>=1
50029905,mensual,2025-10-31,2026-01-31,1.6064881699552378,-41.13501272413872,-42.74150089409395,0.0419136887982257,3,delta_abs>=1; cambio_signo
50029905,mensual,2026-01-31,2026-04-30,-41.13501272413872,-115.50421550221904,-74.36920277808032,0.2251428262945172,5,delta_abs>=1
50029905,semestral,2024-01-31,2024-02-29,-126.68750914165314,-97.9321777024404,28.75533143921274,0.0744111859178645,8,delta_abs>=1
50029905,semestral,2024-02-29,2024-03-31,-97.9321777024404,-89.00545465205586,8.926723050384538,0.0570531095780455,11,delta_abs>=1
50029905,semestral,2024-03-31,2024-04-30,-89.00545465205586,-83.39246452243263,5.612990129623228,0.0449279459882391,15,delta_abs>=1
50029905,semestral,2024-04-30,2024-05-31,-83.39246452243263,-2.9244603544126955,80.46800416801993,0.0008358490014743,19,delta_abs>=1
50029905,semestral,2024-06-30,2024-07-31,-1.9570611683636336,16.143081662379146,18.10014283074278,0.1378033347612469,22,delta_abs>=1; cambio_signo
50029905,semestral,2024-08-31,2024-09-30,15.175100683464246,13.363526167730974,-1.8115745157332714,0.0959151697972672,23,delta_abs>=1
50029905,semestral,2024-11-30,2024-12-31,12.565317869858108,10.03910555139016,-2.526212318467948,0.184682158907123,21,delta_abs>=1
50029905,semestral,2024-12-31,2025-01-31,10.03910555139016,1.20418422268278,-8.83492132870738,0.0148806092116674,21,delta_abs>=1
50029905,semestral,2025-06-30,2025-07-31,2.099016090507197,5.964654682056661,3.865638591549464,0.0135913405957828,26,delta_abs>=1
50029905,semestral,2025-07-31,2025-08-31,5.964654682056661,9.157375054434716,3.192720372378055,0.0139894677552161,28,delta_abs>=1
50029905,semestral,2025-08-31,2025-09-30,9.157375054434716,12.824468526760098,3.667093472325382,0.0272317881152414,25,delta_abs>=1
50029905,semestral,2025-09-30,2025-10-31,12.824468526760098,11.105932233008868,-1.7185362937512298,0.0206372811317466,30,delta_abs>=1
50029905,semestral,2025-11-30,2025-12-31,11.985729093512838,21.249234438544963,9.263505345032126,0.0947199452173004,23,delta_abs>=1
50029905,semestral,2025-12-31,2026-01-31,21.249234438544963,19.5738592199348,-1.6753752186101636,0.0818319998147428,21,delta_abs>=1
50029905,semestral,2026-01-31,2026-02-28,19.5738592199348,18.40888748630396,-1.1649717336308392,0.1097122000997475,15,delta_abs>=1
50029905,semestral,2026-02-28,2026-03-31,18.40888748630396,16.99237051987803,-1.416516966425931,0.1118843744791053,21,delta_abs>=1
50029905,semestral,2026-03-31,2026-04-30,16.99237051987803,12.158243456931173,-4.834127062946857,0.0481921955924111,20,delta_abs>=1
50029905,trimestral,2024-01-31,2024-02-29,-126.68750914165314,-97.9321777024404,28.75533143921274,0.0744111859178645,8,delta_abs>=1
50029905,trimestral,2024-02-29,2024-03-31,-97.9321777024404,-89.00545465205586,8.926723050384538,0.0570531095780455,11,delta_abs>=1
50029905,trimestral,2024-03-31,2024-05-31,-89.00545465205586,3.8286847414182494,92.8341393934741,0.0022112276850655,11,delta_abs>=1; cambio_signo
50029905,trimestral,2024-05-31,2024-06-30,3.8286847414182494,6.370637755158015,2.5419530137397652,0.0034824581229204,13,delta_abs>=1
50029905,trimestral,2024-06-30,2024-07-31,6.370637755158015,14.119017507428062,7.748379752270047,0.1469541958662253,12,delta_abs>=1
50029905,trimestral,2024-09-30,2024-10-31,13.672945184828915,9.194587177859212,-4.478358006969703,0.0746384827488717,11,delta_abs>=1
50029905,trimestral,2024-10-31,2024-11-30,9.194587177859212,6.775905216426041,-2.4186819614331707,0.0495836096740172,11,delta_abs>=1
50029905,trimestral,2024-11-30,2024-12-31,6.775905216426041,2.076250405127656,-4.699654811298386,0.0121870600253261,11,delta_abs>=1
50029905,trimestral,2024-12-31,2025-01-31,2.076250405127656,1.0359718227583357,-1.0402785823693201,0.026904891809351,10,delta_abs>=1
50029905,trimestral,2025-03-31,2025-04-30,1.9610649572735144,4.606694453732877,2.645629496459363,0.0083151824613452,10,delta_abs>=1
50029905,trimestral,2025-04-30,2025-06-30,4.606694453732877,9.820190215909722,5.213495762176845,0.0346385973409076,12,delta_abs>=1
50029905,trimestral,2025-06-30,2025-07-31,9.820190215909722,7.659082493678553,-2.1611077222311694,0.0217926626941947,16,delta_abs>=1
50029905,trimestral,2025-07-31,2025-08-31,7.659082493678553,10.947625022671632,3.288542528993079,0.0302609429063533,17,delta_abs>=1
50029905,trimestral,2025-08-31,2025-10-31,10.947625022671632,-140.05159423557535,-150.999219258247,0.0352046606599558,14,delta_abs>=1; cambio_signo
50029905,trimestral,2025-10-31,2025-11-30,-140.05159423557535,-115.5444881741654,24.507106061409957,0.0396801529687708,10,delta_abs>=1
50029905,trimestral,2025-11-30,2025-12-31,-115.5444881741654,17.471711135246778,133.01619930941217,0.3927828964188397,10,delta_abs>=1; cambio_signo
50029905,trimestral,2025-12-31,2026-01-31,17.471711135246778,12.789167563100602,-4.682543572146177,0.2716947902815946,7,delta_abs>=1
50029905,trimestral,2026-01-31,2026-02-28,12.789167563100602,9.717660532179508,-3.0715070309210937,0.3104127049134618,5,delta_abs>=1
50029905,trimestral,2026-02-28,2026-03-31,9.717660532179508,-161.9935142034623,-171.7111747356418,0.0809773854423987,11,delta_abs>=1; cambio_signo
50029905,trimestral,2026-03-31,2026-04-30,-161.9935142034623,-225.31634679153208,-63.32283258806979,0.2156592202137774,13,delta_abs>=1
50029933,mensual,2024-02-29,2024-04-30,4.190185562079709,-47.05189635607456,-51.24208191815427,0.1129778661852094,6,delta_abs>=1; cambio_signo
50029933,mensual,2024-04-30,2024-06-30,-47.05189635607456,-79.62600999427555,-32.57411363820099,0.9750504963978384,3,delta_abs>=1
50029933,mensual,2024-06-30,2024-08-31,-79.62600999427555,103.47678604355193,183.1027960378275,0.2033146411797963,5,delta_abs>=1; cambio_signo
50029933,mensual,2024-08-31,2024-09-30,103.47678604355193,0.7760548133706989,-102.70073123018123,0.0004351466617723,7,delta_abs>=1
50029933,mensual,2024-09-30,2024-10-31,0.7760548133706989,4.957108855303215,4.181054041932516,0.1741930489126815,3,delta_abs>=1
50029933,mensual,2024-10-31,2025-05-31,4.957108855303215,-3.3984235857499026,-8.355532441053118,0.0388921047068534,3,delta_abs>=1; cambio_signo
50029933,mensual,2025-05-31,2025-06-30,-3.3984235857499026,14.1951166590003,17.5935402447502,0.9211052063439736,3,delta_abs>=1; cambio_signo
50029933,mensual,2025-06-30,2025-08-31,14.1951166590003,1.5408419327787146,-12.654274726221585,0.0156643543082735,6,delta_abs>=1
50029933,mensual,2025-08-31,2025-09-30,1.5408419327787146,0.5011364435830228,-1.0397054891956918,0.0027346148916398,3,delta_abs>=1
50029933,mensual,2025-09-30,2025-10-31,0.5011364435830228,-6.655619782715045,-7.156756226298068,0.820159423660253,4,delta_abs>=1; cambio_signo
50029933,mensual,2025-10-31,2025-12-31,-6.655619782715045,2.750569111075271,9.406188893790317,0.0520807628979969,6,delta_abs>=1; cambio_signo
50029933,mensual,2025-12-31,2026-02-28,2.750569111075271,-25.22062503065141,-27.97119414172668,0.6510165951165958,5,delta_abs>=1; cambio_signo
50029933,semestral,2024-02-29,2024-03-31,-1.2555070734276772,-2.543626407948173,-1.288119334520496,0.0035193186617961,13,delta_abs>=1
50029933,semestral,2024-03-31,2024-04-30,-2.543626407948173,-4.581297922567718,-2.037671514619545,0.0088873231998461,19,delta_abs>=1
50029933,semestral,2024-04-30,2024-05-31,-4.581297922567718,-2.2242293578784893,2.357068564689229,0.001410759072203,26,delta_abs>=1
50029933,semestral,2024-05-31,2024-06-30,-2.2242293578784893,-6.9750263867740765,-4.750797028895587,0.0136762661613659,29,delta_abs>=1
50029933,semestral,2024-06-30,2024-07-31,-6.9750263867740765,-4.663244818252639,2.311781568521438,0.0048492244371189,29,delta_abs>=1
50029933,semestral,2024-07-31,2024-08-31,-4.663244818252639,-26.848457232250183,-22.185212413997544,0.0281345766499444,28,delta_abs>=1
50029933,semestral,2024-08-31,2024-09-30,-26.848457232250183,-11.935424563001604,14.91303266924858,0.0156240778106385,32,delta_abs>=1
50029933,semestral,2024-09-30,2024-10-31,-11.935424563001604,-0.4888708171586781,11.446553745842925,0.0012221083075948,29,delta_abs>=1
50029933,semestral,2024-12-31,2025-01-31,-0.1599645301047182,0.3862417686948567,0.5462062987995749,0.0011405954101041,27,cambio_signo
50029933,semestral,2025-02-28,2025-03-31,0.0222299317029259,-0.1702806963329674,-0.1925106280358933,0.0002062252942958,22,cambio_signo
50029933,semestral,2025-03-31,2025-04-30,-0.1702806963329674,-1.5306428998776762,-1.3603622035447087,0.0059208584370291,20,delta_abs>=1
50029933,semestral,2025-07-31,2025-08-31,-1.7151518734578517,-0.4708833395143728,1.244268533943479,0.0010353113997151,21,delta_abs>=1
50029933,semestral,2025-09-30,2025-10-31,-0.3293233086746383,-1.4738930712997986,-1.1445697626251603,0.0145680506742631,23,delta_abs>=1
50029933,semestral,2025-10-31,2025-11-30,-1.4738930712997986,-0.1718525049183093,1.3020405663814894,0.0002365625859482,23,delta_abs>=1
50029933,semestral,2025-11-30,2025-12-31,-0.1718525049183093,0.8431898933376647,1.015042398255974,0.0053651862204234,26,delta_abs>=1; cambio_signo
50029933,semestral,2026-03-31,2026-04-30,0.3241039257474972,2.504736724687459,2.1806327989399614,0.0207005063974931,26,delta_abs>=1
50029933,trimestral,2024-02-29,2024-03-31,-1.2555070734276772,-2.543626407948173,-1.288119334520496,0.0035193186617961,13,delta_abs>=1
50029933,trimestral,2024-04-30,2024-05-31,-3.237725192732529,-13.044895130147358,-9.80716993741483,0.0023257144063908,16,delta_abs>=1
50029933,trimestral,2024-05-31,2024-06-30,-13.044895130147358,-38.63234505650618,-25.587449926358822,0.1090831509297114,16,delta_abs>=1
50029933,trimestral,2024-06-30,2024-07-31,-38.63234505650618,-69.34314421630104,-30.71079915979486,0.2766927084897966,14,delta_abs>=1
50029933,trimestral,2024-07-31,2024-08-31,-69.34314421630104,-39.45293045901183,29.89021375728921,0.0923799498171492,12,delta_abs>=1
50029933,trimestral,2024-08-31,2024-09-30,-39.45293045901183,-0.142422452313026,39.310508006698804,2.918542889029929e-06,16,delta_abs>=1
50029933,trimestral,2024-09-30,2024-10-31,-0.142422452313026,1.3949923618009898,1.5374148141140158,0.0210295947473772,15,delta_abs>=1; cambio_signo
50029933,trimestral,2024-10-31,2024-11-30,1.3949923618009898,0.2769893361302419,-1.118003025670748,0.0008770353033406,15,delta_abs>=1
50029933,trimestral,2024-12-31,2025-04-30,0.0575155453679693,-0.9181039243852968,-0.9756194697532661,0.0034186646432488,8,cambio_signo
50029933,trimestral,2025-04-30,2025-05-31,-0.9181039243852968,-2.2162874077789088,-1.2981834833936121,0.0204405098404634,8,delta_abs>=1
50029933,trimestral,2025-05-31,2025-06-30,-2.2162874077789088,-0.3685307173951115,1.8477566903837972,0.0010091910487715,7,delta_abs>=1
50029933,trimestral,2025-06-30,2025-07-31,-0.3685307173951115,-2.5461784042809823,-2.1776476868858707,0.0254296560400097,10,delta_abs>=1
50029933,trimestral,2025-07-31,2025-08-31,-2.5461784042809823,3.552316081627258,6.09849448590824,0.0632682714380425,13,delta_abs>=1; cambio_signo
50029933,trimestral,2025-08-31,2025-09-30,3.552316081627258,0.7353664466976126,-2.8169496349296455,0.0044613544936383,13,delta_abs>=1
50029933,trimestral,2025-09-30,2025-10-31,0.7353664466976126,-1.7806940002174916,-2.5160604469151044,0.0302880394578217,13,delta_abs>=1; cambio_signo
50029933,trimestral,2025-11-30,2025-12-31,-1.7159630808937902,1.0129052136934036,2.728868294587194,0.0073933340608126,13,delta_abs>=1; cambio_signo
50029933,trimestral,2025-12-31,2026-01-31,1.0129052136934036,3.721084671546931,2.708179457853527,0.0764430104996827,10,delta_abs>=1
50029933,trimestral,2026-01-31,2026-02-28,3.721084671546931,2.6822531512950185,-1.0388315202519123,0.0338475726666295,12,delta_abs>=1
50029933,trimestral,2026-02-28,2026-03-31,2.6822531512950185,-14.813521833776765,-17.495774985071783,0.1253989195606029,13,delta_abs>=1; cambio_signo
50029933,trimestral,2026-03-31,2026-04-30,-14.813521833776765,-12.725843576108568,2.0876782576681965,0.0692081215548618,16,delta_abs>=1
50046029,mensual,2024-01-31,2024-03-31,218.07750667229809,-4.851270086341859,-222.92877675863994,0.0625,5,delta_abs>=1; cambio_signo
50046029,mensual,2024-03-31,2024-04-30,-4.851270086341859,-9.330331027876849,-4.479060941534989,0.1083377559446,7,delta_abs>=1
50046029,mensual,2024-04-30,2024-08-31,-9.330331027876849,0.1558719989195442,9.486203026796392,0.0006458449901183,10,delta_abs>=1; cambio_signo
50046029,mensual,2024-08-31,2024-12-31,0.1558719989195442,-10.743713597137765,-10.899585596057308,0.2531557443855237,4,delta_abs>=1; cambio_signo
50046029,mensual,2024-12-31,2025-03-31,-10.743713597137765,-5.255769764153756,5.4879438329840085,0.1829439825205668,6,delta_abs>=1
50046029,mensual,2025-03-31,2025-04-30,-5.255769764153756,-3.96882369154454,1.2869460726092163,0.0419643224640547,5,delta_abs>=1
50046029,mensual,2025-04-30,2025-06-30,-3.96882369154454,1.0455139220608962,5.014337613605436,0.0006885278381757,11,delta_abs>=1; cambio_signo
50046029,mensual,2025-07-31,2025-08-31,1.0994431384356131,-0.5051083397866696,-1.6045514782222827,0.0038109480913878,7,delta_abs>=1; cambio_signo
50046029,mensual,2025-08-31,2025-10-31,-0.5051083397866696,-15.6013127412062,-15.09620440141953,0.404206286013995,5,delta_abs>=1
50046029,mensual,2025-10-31,2025-11-30,-15.6013127412062,-11.176375259225264,4.424937481980937,0.1227502962266171,7,delta_abs>=1
50046029,mensual,2025-11-30,2025-12-31,-11.176375259225264,-0.6276429561812928,10.548732303043971,0.0015787484263716,9,delta_abs>=1
50046029,mensual,2025-12-31,2026-02-28,-0.6276429561812928,-62.47279233701963,-61.845149380838336,0.7264424243007275,5,delta_abs>=1
50046029,semestral,2024-01-31,2024-02-29,218.07750667229809,197.1124723935871,-20.965034278710988,0.6731929099036853,12,delta_abs>=1
50046029,semestral,2024-02-29,2024-03-31,197.1124723935871,-3.2590362404634554,-200.37150863405054,0.0045796268932308,17,delta_abs>=1; cambio_signo
50046029,semestral,2024-03-31,2024-04-30,-3.2590362404634554,-7.370772149065909,-4.111735908602453,0.0418914604682821,24,delta_abs>=1
50046029,semestral,2024-05-31,2024-06-30,-6.878597637218956,-9.310863013929936,-2.43226537671098,0.0461811646980504,37,delta_abs>=1
50046029,semestral,2024-06-30,2024-07-31,-9.310863013929936,-10.865420182442,-1.5545571685120638,0.0819313687855585,34,delta_abs>=1
50046029,semestral,2024-07-31,2024-08-31,-10.865420182442,-0.8144341705895833,10.050986011852416,0.0106283349843658,37,delta_abs>=1
50046029,semestral,2024-09-30,2024-10-31,-0.2455438647698957,0.1565612330914744,0.4021050978613701,0.0004495138836843,31,cambio_signo
50046029,semestral,2024-11-30,2024-12-31,0.1390271769414012,-0.7266226145184796,-0.8656497914598809,0.0110066254698925,28,cambio_signo
50046029,semestral,2025-01-31,2025-02-28,-0.9536730854131384,-7.360225132920722,-6.406552047507584,0.0230508599581028,25,delta_abs>=1
50046029,semestral,2025-02-28,2025-03-31,-7.360225132920722,-1.6010798035306344,5.759145329390088,0.0086589897463622,29,delta_abs>=1
50046029,semestral,2025-05-31,2025-06-30,-1.1274985156376036,0.7460617313033582,1.8735602469409618,0.0044403849933646,32,delta_abs>=1; cambio_signo
50046029,semestral,2025-07-31,2025-08-31,0.5897105028719171,-0.6731825675599664,-1.2628930704318835,0.0053758840189902,39,delta_abs>=1; cambio_signo
50046029,semestral,2025-12-31,2026-01-31,-0.6240588232291282,-2.8770052822639927,-2.2529464590348645,0.0531197948053183,37,delta_abs>=1
50046029,semestral,2026-01-31,2026-02-28,-2.8770052822639927,-8.024975037410446,-5.147969755146454,0.0942801358337611,35,delta_abs>=1
50046029,semestral,2026-03-31,2026-04-30,-8.101172592105081,-5.0870815694436855,3.014091022661396,0.0275940476811561,35,delta_abs>=1
50046029,trimestral,2024-01-31,2024-02-29,218.07750667229809,197.1124723935871,-20.965034278710988,0.6731929099036853,12,delta_abs>=1
50046029,trimestral,2024-02-29,2024-03-31,197.1124723935871,-3.2590362404634554,-200.37150863405054,0.0045796268932308,17,delta_abs>=1; cambio_signo
50046029,trimestral,2024-03-31,2024-04-30,-3.2590362404634554,-8.831652548578377,-5.572616308114922,0.1002897957132462,19,delta_abs>=1
50046029,trimestral,2024-04-30,2024-05-31,-8.831652548578377,-7.370013077129921,1.4616394714484562,0.0728608751683402,18,delta_abs>=1
50046029,trimestral,2024-05-31,2024-06-30,-7.370013077129921,-12.914742845595004,-5.544729768465083,0.102631909594802,20,delta_abs>=1
50046029,trimestral,2024-06-30,2024-08-31,-12.914742845595004,0.7902768168090302,13.705019662404034,0.0149927218030992,19,delta_abs>=1; cambio_signo
50046029,trimestral,2024-10-31,2024-12-31,0.0679985090029798,-7.250219798652329,-7.318218307655308,0.0430494655163813,14,delta_abs>=1; cambio_signo
50046029,trimestral,2025-01-31,2025-02-28,-6.4972123471964816,-5.111563442457007,1.3856489047394742,0.040556905631942,13,delta_abs>=1
50046029,trimestral,2025-02-28,2025-03-31,-5.111563442457007,-0.3591658924221165,4.752397550034891,0.0008447006943494,15,delta_abs>=1
50046029,trimestral,2025-04-30,2025-05-31,-1.3580677310202482,-4.3803236842976485,-3.0222559532774005,0.1544114198924188,12,delta_abs>=1
50046029,trimestral,2025-05-31,2025-06-30,-4.3803236842976485,-1.414968990300867,2.9653546939967814,0.0019849787302661,17,delta_abs>=1
50046029,trimestral,2025-06-30,2025-07-31,-1.414968990300867,1.2044189897614055,2.619387980062273,0.0176545254056903,21,delta_abs>=1; cambio_signo
50046029,trimestral,2025-07-31,2025-08-31,1.2044189897614055,-0.0394574540033981,-1.2438764437648036,2.0291501508173937e-05,27,delta_abs>=1; cambio_signo
50046029,trimestral,2025-08-31,2025-09-30,-0.0394574540033981,0.1720777806893007,0.2115352346926988,0.0005692880652808,19,cambio_signo
50046029,trimestral,2025-09-30,2025-10-31,0.1720777806893007,-1.8500658573330704,-2.022143638022371,0.0332522334551581,15,delta_abs>=1; cambio_signo
50046029,trimestral,2025-10-31,2025-11-30,-1.8500658573330704,-12.05935233275485,-10.209286475421779,0.1907882383574355,15,delta_abs>=1
50046029,trimestral,2025-11-30,2025-12-31,-12.05935233275485,-7.466976607802519,4.592375724952331,0.1198486262578686,21,delta_abs>=1
50046029,trimestral,2025-12-31,2026-01-31,-7.466976607802519,-4.32218336532033,3.144793242482189,0.028628111921616,22,delta_abs>=1
50046029,trimestral,2026-01-31,2026-02-28,-4.32218336532033,-2.8856353833438866,1.4365479819764437,0.0139022534301536,20,delta_abs>=1
50046029,trimestral,2026-02-28,2026-03-31,-2.8856353833438866,-48.13941002870914,-45.253774645365255,0.1532045702243138,15,delta_abs>=1
50046029,trimestral,2026-03-31,2026-04-30,-48.13941002870914,-54.21864894952725,-6.079238920818106,0.2177812249598328,13,delta_abs>=1
50061735,mensual,2024-01-31,2024-02-29,-2.9295569245036868,-8.354107982776684,-5.424551058272997,0.302365566668061,4,delta_abs>=1
50061735,mensual,2024-02-29,2024-07-31,-8.354107982776684,-12.024435754418295,-3.6703277716416114,0.4901073651473102,6,delta_abs>=1
50061735,mensual,2024-07-31,2024-10-31,-12.024435754418295,-5.658604729502728,6.365831024915567,0.5992219468991502,6,delta_abs>=1
50061735,mensual,2024-10-31,2024-12-31,-5.658604729502728,-2.4238575938082145,3.2347471356945134,0.0624999999999998,5,delta_abs>=1
50061735,mensual,2024-12-31,2025-02-28,-2.4238575938082145,0.8805273445985913,3.304384938406806,0.0627206028640342,7,delta_abs>=1; cambio_signo
50061735,mensual,2025-02-28,2025-03-31,0.8805273445985913,-4.721765263835457,-5.602292608434048,0.1033500439797222,3,delta_abs>=1; cambio_signo
50061735,mensual,2025-04-30,2025-06-30,-5.2181022521605565,-16.355736073633157,-11.137633821472601,0.3333333333333332,4,delta_abs>=1
50061735,semestral,2024-05-31,2024-06-30,-3.4997966415736146,-5.377550686432245,-1.87775404485863,0.2967447387005967,18,delta_abs>=1
50061735,semestral,2024-06-30,2024-07-31,-5.377550686432245,-8.73293293909971,-3.3553822526674653,0.3606769822876643,20,delta_abs>=1
50061735,semestral,2024-09-30,2024-10-31,-8.719615897512213,-6.039223231025981,2.680392666486232,0.3008080325292145,25,delta_abs>=1
50061735,semestral,2024-12-31,2025-01-31,-4.739691091394345,-3.344459626988713,1.395231464405632,0.1056381364341776,22,delta_abs>=1
50061735,semestral,2025-01-31,2025-02-28,-3.344459626988713,-0.4677246192576375,2.8767350077310754,0.0072307233337401,25,delta_abs>=1
50061735,semestral,2025-03-31,2025-04-30,-0.5026024553030407,1.6509037683042909,2.1535062236073315,0.0877446496823903,26,delta_abs>=1; cambio_signo
50061735,semestral,2025-07-31,2025-08-31,1.4955468080276637,-0.2922005501442639,-1.7877473581719276,0.0001586767592074,21,delta_abs>=1; cambio_signo
50061735,semestral,2025-08-31,2025-09-30,-0.2922005501442639,3.504240913209774,3.7964414633540375,0.0136086235867179,22,delta_abs>=1; cambio_signo
50061735,semestral,2025-09-30,2025-10-31,3.504240913209774,-0.2965317195768018,-3.8007726327865754,0.0006868607532054,17,delta_abs>=1; cambio_signo
50061735,semestral,2025-10-31,2025-11-30,-0.2965317195768018,1.1301156347987056,1.4266473543755074,0.0329374564014918,13,delta_abs>=1; cambio_signo
50061735,semestral,2025-11-30,2025-12-31,1.1301156347987056,3.3094729373378216,2.179357302539116,0.1323140839537607,14,delta_abs>=1
50061735,trimestral,2024-03-31,2024-04-30,-3.2797925470022897,-10.946483972841396,-7.666691425839106,0.1105485582956138,8,delta_abs>=1
50061735,trimestral,2024-04-30,2024-06-30,-10.946483972841396,-9.76957067087668,1.1769133019647153,0.5956471097357681,8,delta_abs>=1
50061735,trimestral,2024-08-31,2024-09-30,-8.731877670024845,-12.27958093277581,-3.5477032627509644,0.1279789163603368,13,delta_abs>=1
50061735,trimestral,2024-09-30,2024-10-31,-12.27958093277581,-3.165109899083354,9.114471033692455,0.086232782565886,13,delta_abs>=1
50061735,trimestral,2024-11-30,2024-12-31,-2.7775390654740817,-5.561942812950226,-2.7844037474761447,0.6116858915591874,13,delta_abs>=1
50061735,trimestral,2024-12-31,2025-01-31,-5.561942812950226,-1.198012316190478,4.363930496759748,0.0338175195175896,9,delta_abs>=1
50061735,trimestral,2025-01-31,2025-02-28,-1.198012316190478,-0.0060542844138121,1.191958031776666,2.7467779383227864e-06,14,delta_abs>=1
50061735,trimestral,2025-02-28,2025-03-31,-0.0060542844138121,1.3417018603680209,1.347756144781833,0.0833170931005417,12,delta_abs>=1; cambio_signo
50061735,trimestral,2025-04-30,2025-05-31,1.9385356957650453,-1.4415611225801028,-3.380096818345148,0.0050120490360729,15,delta_abs>=1; cambio_signo
50061735,trimestral,2025-05-31,2025-06-30,-1.4415611225801028,2.8378162821116897,4.279377404691792,0.0098267669188157,16,delta_abs>=1; cambio_signo
50061735,trimestral,2025-06-30,2025-07-31,2.8378162821116897,-25.17242490836205,-28.01024119047374,0.112830422150037,9,delta_abs>=1; cambio_signo
50061735,trimestral,2025-07-31,2025-08-31,-25.17242490836205,12.961614174198418,38.13403908256047,0.0522250977554459,6,delta_abs>=1; cambio_signo
50061735,trimestral,2025-08-31,2025-10-31,12.961614174198418,0.5191316267340582,-12.44248254746436,0.0097249768809409,8,delta_abs>=1
50061735,trimestral,2025-11-30,2025-12-31,1.2464453734609422,3.500919250097956,2.2544738766370136,0.1474070958412587,8,delta_abs>=1
50061735,trimestral,2025-12-31,2026-01-31,3.500919250097956,5.955383696550306,2.45446444645235,0.2673756934814305,6,delta_abs>=1
50062115,mensual,2024-01-31,2024-06-30,-12.233840317253016,3.526675317220721,15.760515634473737,0.0156057222910587,10,delta_abs>=1; cambio_signo
50062115,mensual,2024-06-30,2024-07-31,3.526675317220721,94.33706772331016,90.81039240608943,0.570202449263504,9,delta_abs>=1
50062115,mensual,2024-07-31,2024-08-31,94.33706772331016,2.1586340136963025,-92.17843370961386,0.0301335760761891,11,delta_abs>=1
50062115,mensual,2024-08-31,2024-09-30,2.1586340136963025,-2.515172802277079,-4.673806815973382,0.2408642783584209,12,delta_abs>=1; cambio_signo
50062115,mensual,2024-10-31,2024-11-30,-2.828695110444688,8.732471059589413,11.5611661700341,0.0354950660991603,9,delta_abs>=1; cambio_signo
50062115,mensual,2024-11-30,2025-01-31,8.732471059589413,-11.480264960841655,-20.212736020431066,0.2848439688231919,6,delta_abs>=1; cambio_signo
50062115,mensual,2025-01-31,2025-02-28,-11.480264960841655,18.24746488450871,29.727729845350364,0.5298572665248972,11,delta_abs>=1; cambio_signo
50062115,mensual,2025-02-28,2025-07-31,18.24746488450871,-7.328982085527101,-25.57644697003581,0.6195856571548117,9,delta_abs>=1; cambio_signo
50062115,mensual,2025-07-31,2025-08-31,-7.328982085527101,6.133723653228074,13.462705738755176,0.3645465114763273,15,delta_abs>=1; cambio_signo
50062115,mensual,2025-08-31,2025-09-30,6.133723653228074,12.02268850591488,5.888964852686806,0.1686141004851346,5,delta_abs>=1
50062115,mensual,2025-09-30,2025-10-31,12.02268850591488,-14.636861796399064,-26.659550302313946,0.0868321502042468,9,delta_abs>=1; cambio_signo
50062115,mensual,2025-10-31,2025-11-30,-14.636861796399064,-4.217457089032918,10.419404707366144,0.2520639935271379,9,delta_abs>=1
50062115,mensual,2025-11-30,2026-01-31,-4.217457089032918,20.138050864269047,24.355507953301966,0.1952204097231765,12,delta_abs>=1; cambio_signo
50062115,mensual,2026-01-31,2026-03-31,20.138050864269047,1.962395686491943,-18.175655177777106,0.0087382395997538,8,delta_abs>=1
50062115,semestral,2024-05-31,2024-06-30,-12.169270504979536,-7.098319969326285,5.070950535653251,0.0350393941363329,63,delta_abs>=1
50062115,semestral,2024-06-30,2024-07-31,-7.098319969326285,5.2867169664957085,12.385036935821994,0.0065637686947512,61,delta_abs>=1; cambio_signo
50062115,semestral,2024-07-31,2024-08-31,5.2867169664957085,2.424313943402709,-2.8624030230929995,0.0092854764752372,63,delta_abs>=1
50062115,semestral,2024-08-31,2024-09-30,2.424313943402709,-2.1725681969088515,-4.5968821403115605,0.0528208514241679,67,delta_abs>=1; cambio_signo
50062115,semestral,2025-03-31,2025-04-30,-3.0696522472557826,7.906756800852377,10.97640904810816,0.0507317113352779,52,delta_abs>=1; cambio_signo
50062115,semestral,2025-06-30,2025-07-31,7.2512311162694845,-6.647467174069804,-13.898698290339288,0.1747679861091228,60,delta_abs>=1; cambio_signo
50062115,semestral,2025-07-31,2025-08-31,-6.647467174069804,-2.439319643715848,4.208147530353956,0.0348385143773751,64,delta_abs>=1
50062115,semestral,2025-12-31,2026-01-31,-2.431154605571716,-0.7085283050920282,1.7226263004796878,0.0066083716508242,52,delta_abs>=1
50062115,semestral,2026-01-31,2026-02-28,-0.7085283050920282,-2.185755070421439,-1.4772267653294104,0.0434053999700009,49,delta_abs>=1
50062115,trimestral,2024-03-31,2024-06-30,-12.16342612893507,3.5180084184604845,15.681434547395554,0.0050922166490205,35,delta_abs>=1; cambio_signo
50062115,trimestral,2024-06-30,2024-07-31,3.5180084184604845,6.082302329976075,2.5642939115155907,0.0179009654989246,32,delta_abs>=1
50062115,trimestral,2024-07-31,2024-08-31,6.082302329976075,2.4312966537763168,-3.6510056761997585,0.0207736305299088,30,delta_abs>=1
50062115,trimestral,2024-08-31,2024-09-30,2.4312966537763168,-2.4455616596742704,-4.876858313450587,0.1232377542007365,32,delta_abs>=1; cambio_signo
50062115,trimestral,2024-12-31,2025-01-31,-3.742003059482302,-4.860012108014849,-1.1180090485325467,0.0200401615828934,22,delta_abs>=1
50062115,trimestral,2025-01-31,2025-02-28,-4.860012108014849,8.15045268631022,13.01046479432507,0.0905717348528759,24,delta_abs>=1; cambio_signo
50062115,trimestral,2025-03-31,2025-04-30,7.29860924760527,16.906863297675518,9.608254050070247,0.2310795775491263,30,delta_abs>=1
50062115,trimestral,2025-04-30,2025-07-31,16.906863297675518,-8.030370284549361,-24.937233582224877,0.3385411049731853,30,delta_abs>=1; cambio_signo
50062115,trimestral,2025-07-31,2025-08-31,-8.030370284549361,-1.577743751044798,6.452626533504564,0.0195518258116014,34,delta_abs>=1
50062115,trimestral,2025-09-30,2025-10-31,-1.3841019056807298,3.2503062843123924,4.634408189993122,0.0582107765021768,29,delta_abs>=1; cambio_signo
50062115,trimestral,2025-10-31,2025-11-30,3.2503062843123924,-2.206512038067602,-5.456818322379995,0.0199110048823478,23,delta_abs>=1; cambio_signo
50062115,trimestral,2025-11-30,2025-12-31,-2.206512038067602,-4.825413323811431,-2.618901285743829,0.1259082157855988,20,delta_abs>=1
50062115,trimestral,2025-12-31,2026-01-31,-4.825413323811431,-3.664585899537771,1.16082742427366,0.1034743328893375,23,delta_abs>=1
50062115,trimestral,2026-01-31,2026-02-28,-3.664585899537771,20.952352481315284,24.616938380853057,0.1348551524923125,26,delta_abs>=1; cambio_signo
50062115,trimestral,2026-02-28,2026-03-31,20.952352481315284,9.282306341717112,-11.670046139598172,0.0562778995582815,32,delta_abs>=1
50062115,trimestral,2026-03-31,2026-04-30,9.282306341717112,0.9834438574014308,-8.29886248431568,0.000658160058191,25,delta_abs>=1
50062270,mensual,2024-01-31,2024-02-29,-1.8141775750614848,16.67244923707192,18.486626812133405,0.1339699180416748,10,delta_abs>=1; cambio_signo
50062270,mensual,2024-02-29,2024-05-31,16.67244923707192,10.527322694611938,-6.145126542459982,0.4860097897533063,5,delta_abs>=1
50062270,mensual,2024-05-31,2024-07-31,10.527322694611938,-5.537199790912285,-16.064522485524222,0.3269509626506907,9,delta_abs>=1; cambio_signo
50062270,mensual,2024-07-31,2024-08-31,-5.537199790912285,-0.2538870461593603,5.283312744752925,0.0036875252903204,16,delta_abs>=1
50062270,mensual,2024-08-31,2024-09-30,-0.2538870461593603,1.792600462679408,2.0464875088387684,0.2246127281549131,13,delta_abs>=1; cambio_signo
50062270,mensual,2024-09-30,2024-10-31,1.792600462679408,-0.2243622930462176,-2.0169627557256256,0.0033763978265861,12,delta_abs>=1; cambio_signo
50062270,mensual,2024-10-31,2024-11-30,-0.2243622930462176,11.473807968964827,11.698170262011045,0.1921371116532393,11,delta_abs>=1; cambio_signo
50062270,mensual,2024-11-30,2024-12-31,11.473807968964827,15.72441021167038,4.250602242705552,0.1689492523680446,9,delta_abs>=1
50062270,mensual,2024-12-31,2025-01-31,15.72441021167038,-0.3024185729367439,-16.026828784607122,0.0036127867963675,7,delta_abs>=1; cambio_signo
50062270,mensual,2025-01-31,2025-02-28,-0.3024185729367439,14.430696035100658,14.733114608037402,0.2578150033660559,7,delta_abs>=1; cambio_signo
50062270,mensual,2025-02-28,2025-03-31,14.430696035100658,10.934808590263293,-3.495887444837365,0.1757555446469191,11,delta_abs>=1
50062270,mensual,2025-03-31,2025-07-31,10.934808590263293,0.9712438894151254,-9.963564700848167,0.062463713687446,5,delta_abs>=1
50062270,mensual,2025-07-31,2025-08-31,0.9712438894151254,-0.7477187873825092,-1.7189626767976347,0.0709512625218597,12,delta_abs>=1; cambio_signo
50062270,mensual,2025-08-31,2025-09-30,-0.7477187873825092,-154.15542685772635,-153.40770807034386,0.8909090909090909,6,delta_abs>=1
50062270,mensual,2025-09-30,2025-10-31,-154.15542685772635,22.54313903367285,176.6985658913992,0.091776323817038,11,delta_abs>=1; cambio_signo
50062270,mensual,2025-10-31,2025-11-30,22.54313903367285,-2.215064845344745,-24.758203879017596,0.0400000000000001,6,delta_abs>=1; cambio_signo
50062270,mensual,2025-11-30,2026-02-28,-2.215064845344745,0.6842863184825912,2.899351163827336,0.0002044447052886,6,delta_abs>=1; cambio_signo
50062270,mensual,2026-02-28,2026-03-31,0.6842863184825912,-0.7165492899630239,-1.400835608445615,0.0003849175748791,9,delta_abs>=1; cambio_signo
50062270,semestral,2024-01-31,2024-02-29,-1.8141775750614848,-0.363914199509165,1.4502633755523198,0.0006998420511614,20,delta_abs>=1
50062270,semestral,2024-04-30,2024-05-31,-1.5585958554560038,-0.5546735899644877,1.003922265491516,0.0008871027149615,48,delta_abs>=1
50062270,semestral,2024-08-31,2024-09-30,-0.1244062212225229,0.6324452995955951,0.756851520818118,0.0140249681178641,59,cambio_signo
50062270,semestral,2025-02-28,2025-03-31,0.7393634707079618,-0.0637879560574656,-0.8031514267654274,0.0001162013596183,57,cambio_signo
50062270,semestral,2025-03-31,2025-04-30,-0.0637879560574656,0.0619002974745342,0.1256882535319998,3.940657802115055e-05,54,cambio_signo
50062270,semestral,2025-04-30,2025-05-31,0.0619002974745342,-0.412046724691313,-0.47394702216584716,0.0016958677114641,54,cambio_signo
50062270,semestral,2025-06-30,2025-07-31,-0.5145026847588148,2.2116561848032585,2.7261588695620733,0.0359543309347285,50,delta_abs>=1; cambio_signo
50062270,semestral,2025-07-31,2025-08-31,2.2116561848032585,-0.6849143334564676,-2.8965705182597263,0.0312134665052711,55,delta_abs>=1; cambio_signo
50062270,semestral,2026-01-31,2026-02-28,-0.1650622764505157,1.7436716564606372,1.9087339329111528,0.0284581624506559,47,delta_abs>=1; cambio_signo
50062270,semestral,2026-03-31,2026-04-30,1.685820308571052,3.0553467702983883,1.3695264617273364,0.0335788701940149,47,delta_abs>=1
50062270,trimestral,2024-01-31,2024-02-29,-1.8141775750614848,-0.363914199509165,1.4502633755523198,0.0006998420511614,20,delta_abs>=1
50062270,trimestral,2024-03-31,2024-04-30,-1.2043384964821544,26.98177027193237,28.186108768414524,0.12358542303736,33,delta_abs>=1; cambio_signo
50062270,trimestral,2024-04-30,2024-05-31,26.98177027193237,11.520075443055305,-15.461694828877064,0.1284633011876792,28,delta_abs>=1
50062270,trimestral,2024-06-30,2024-07-31,11.901876626608749,-0.4777732395150991,-12.379649866123847,0.0036478158480933,19,delta_abs>=1; cambio_signo
50062270,trimestral,2024-08-31,2024-09-30,-0.7824861464596129,0.2931508443296991,1.075636990789312,0.0043946147846015,38,delta_abs>=1; cambio_signo
50062270,trimestral,2025-02-28,2025-03-31,1.3635754067089738,-0.0084444576651193,-1.372019864374093,1.667837965846353e-06,25,delta_abs>=1; cambio_signo
50062270,trimestral,2025-03-31,2025-04-30,-0.0084444576651193,14.117828781638591,14.12627323930371,0.1676766031302795,27,delta_abs>=1; cambio_signo
50062270,trimestral,2025-04-30,2025-05-31,14.117828781638591,10.372774107379083,-3.7450546742595083,0.0534061018283332,31,delta_abs>=1
50062270,trimestral,2025-05-31,2025-07-31,10.372774107379083,1.088035672787573,-9.28473843459151,0.0202794621881009,23,delta_abs>=1
50062270,trimestral,2025-07-31,2025-08-31,1.088035672787573,-0.7078372864630819,-1.795872959250655,0.0572716698493135,24,delta_abs>=1; cambio_signo
50062270,trimestral,2025-10-31,2025-11-30,-0.6008072743298322,-4.060863082779226,-3.4600558084493933,0.0297873535318027,23,delta_abs>=1
50062270,trimestral,2025-11-30,2025-12-31,-4.060863082779226,-0.4543277188561394,3.6065353639230864,0.0019800034317087,22,delta_abs>=1
50062270,trimestral,2025-12-31,2026-01-31,-0.4543277188561394,3.601601383109154,4.055929101965293,0.0739392895331886,24,delta_abs>=1; cambio_signo
50062270,trimestral,2026-01-31,2026-02-28,3.601601383109154,-1.5668715315853423,-5.168472914694496,0.0002953235107171,24,delta_abs>=1; cambio_signo
50062270,trimestral,2026-02-28,2026-03-31,-1.5668715315853423,0.2221912305900152,1.7890627621753574,1.6911098031591187e-05,28,delta_abs>=1; cambio_signo
50062270,trimestral,2026-03-31,2026-04-30,0.2221912305900152,-0.2278598530487741,-0.4500510836387893,2.140641019654499e-05,23,cambio_signo
50062297,mensual,2024-01-31,2024-02-29,-4.445454940962291,-2.132518111968347,2.312936828993944,0.2500000000000001,3,delta_abs>=1
50062297,mensual,2024-02-29,2024-04-30,-2.132518111968347,-0.8530072447873418,1.2795108671810054,0.0400000000000001,6,delta_abs>=1
50062297,mensual,2024-04-30,2024-06-30,-0.8530072447873418,11.973348307228354,12.826355552015697,1.0,4,delta_abs>=1; cambio_signo
50062297,mensual,2024-06-30,2025-06-30,11.973348307228354,0.7380008880268173,-11.235347419201537,0.0180473261948641,4,delta_abs>=1
50062297,mensual,2025-06-30,2025-10-31,0.7380008880268173,2.19293057397214,1.4549296859453227,0.111111111111111,4,delta_abs>=1
50062297,mensual,2025-10-31,2026-02-28,2.19293057397214,-6.588288954759064,-8.781219528731205,0.111111111111111,4,delta_abs>=1; cambio_signo
50062297,semestral,2024-01-31,2024-02-29,-4.445454940962291,-0.8487428005701917,3.5967121403920994,0.0318206202305458,6,delta_abs>=1
50062297,semestral,2024-02-29,2024-03-31,-0.8487428005701917,0.6463649826775546,1.4951077832477462,0.0197125434507408,8,delta_abs>=1; cambio_signo
50062297,semestral,2024-05-31,2024-06-30,0.3335526092189042,1.9137740410819533,1.5802214318630492,0.0971297523616251,21,delta_abs>=1
50062297,semestral,2024-06-30,2024-07-31,1.9137740410819533,0.5681632169680835,-1.3456108241138698,0.0162197300271851,21,delta_abs>=1
50062297,semestral,2024-09-30,2024-10-31,0.0562888118597886,-0.7758913420244442,-0.8321801538842328,0.0205222105762921,16,cambio_signo
50062297,semestral,2024-11-30,2024-12-31,-0.986183888787876,-2.299053105179482,-1.3128692163916058,0.2982041963597445,12,delta_abs>=1
50062297,semestral,2025-02-28,2025-03-31,-3.515901834593347,-2.153221101746658,1.3626807328466888,0.2989951964944292,9,delta_abs>=1
50062297,semestral,2025-04-30,2025-05-31,-1.2182390142236084,-2.292031503837224,-1.0737924896136157,0.1351648597008408,8,delta_abs>=1
50062297,semestral,2025-05-31,2025-06-30,-2.292031503837224,-0.5337018553368917,1.7583296485003324,0.0081380877526342,10,delta_abs>=1
50062297,semestral,2025-06-30,2025-07-31,-0.5337018553368917,-1.673517295448947,-1.1398154401120553,0.0632678093691934,10,delta_abs>=1
50062297,semestral,2026-01-31,2026-02-28,-1.379082006491947,-3.330460136105455,-1.951378129613508,0.1501850789105195,16,delta_abs>=1
50062297,semestral,2026-02-28,2026-03-31,-3.330460136105455,-2.05973026402793,1.270729872077525,0.0440294705796129,18,delta_abs>=1
50062297,semestral,2026-03-31,2026-04-30,-2.05973026402793,-5.372518240721555,-3.3127879766936252,0.2178943998775641,15,delta_abs>=1
50062297,trimestral,2024-01-31,2024-02-29,-4.445454940962291,-0.8487428005701917,3.5967121403920994,0.0318206202305458,6,delta_abs>=1
50062297,trimestral,2024-02-29,2024-03-31,-0.8487428005701917,0.6463649826775546,1.4951077832477462,0.0197125434507408,8,delta_abs>=1; cambio_signo
50062297,trimestral,2024-05-31,2024-06-30,0.4569681668503265,2.519501347203084,2.062533180352758,0.1244337810732759,13,delta_abs>=1
50062297,trimestral,2024-06-30,2024-07-31,2.519501347203084,0.725102068039764,-1.79439927916332,0.0223124603295921,10,delta_abs>=1
50062297,trimestral,2024-08-31,2024-09-30,0.8803777881075407,-2.1040050266917367,-2.9843828147992775,0.1737333395794285,7,delta_abs>=1; cambio_signo
50062297,trimestral,2024-09-30,2024-10-31,-2.1040050266917367,-3.698641249994896,-1.5946362233031595,0.4239170421048908,6,delta_abs>=1
50062297,trimestral,2024-10-31,2024-11-30,-3.698641249994896,-5.126335903404296,-1.4276946534094002,0.5076477425177044,5,delta_abs>=1
50062297,trimestral,2024-11-30,2024-12-31,-5.126335903404296,-2.6028641180734398,2.5234717853308566,0.6285610090713312,5,delta_abs>=1
50062297,trimestral,2024-12-31,2025-01-31,-2.6028641180734398,-1.3748972359018024,1.2279668821716374,0.3720512772074436,5,delta_abs>=1
50062297,trimestral,2025-02-28,2025-03-31,-0.6857924943645208,8.321029484152081,9.006821978516601,0.2802184273960815,4,delta_abs>=1; cambio_signo
50062297,trimestral,2025-03-31,2025-04-30,8.321029484152081,4.672862948331968,-3.6481665358201134,0.0223460414817379,3,delta_abs>=1
50062297,trimestral,2025-04-30,2025-05-31,4.672862948331968,-3.651404105079893,-8.32426705341186,0.2666521292944253,4,delta_abs>=1; cambio_signo
50062297,trimestral,2025-05-31,2025-06-30,-3.651404105079893,-1.3526974425485143,2.298706662531379,0.0627194989397874,6,delta_abs>=1
50062297,trimestral,2025-07-31,2025-08-31,-0.5284761075368777,1.2965278124585586,1.8250039199954364,0.0347004328865204,8,delta_abs>=1; cambio_signo
50062297,trimestral,2025-08-31,2025-09-30,1.2965278124585586,-1.9628177350991884,-3.2593455475577473,0.027777777777778,5,delta_abs>=1; cambio_signo
50062297,trimestral,2025-09-30,2025-10-31,-1.9628177350991884,-0.1136409119312623,1.8491768231679262,0.000351372440082,7,delta_abs>=1
50062297,trimestral,2025-10-31,2025-11-30,-0.1136409119312623,-2.414700017082769,-2.3010591051515066,0.146902194057646,9,delta_abs>=1
50062297,trimestral,2025-11-30,2025-12-31,-2.414700017082769,0.9398273888451326,3.3545274059279016,0.0204081632653058,8,delta_abs>=1; cambio_signo
50062297,trimestral,2025-12-31,2026-02-28,0.9398273888451326,-6.588288954759491,-7.528116343604624,0.2222222222222223,7,delta_abs>=1; cambio_signo
50062297,trimestral,2026-02-28,2026-03-31,-6.588288954759491,-5.372518240721273,1.2157707140382188,0.1566399204027161,10,delta_abs>=1
50063412,mensual,2024-01-31,2024-02-29,-9.337318276978577,-5.753904859850455,3.5834134171281216,0.045846608466053,12,delta_abs>=1
50063412,mensual,2024-02-29,2024-05-31,-5.753904859850455,-7.653331865969005,-1.8994270061185494,0.2485991657156123,3,delta_abs>=1
50063412,mensual,2024-05-31,2024-06-30,-7.653331865969005,-10.07965983385486,-2.4263279678858556,0.3713374253674419,5,delta_abs>=1
50063412,mensual,2024-06-30,2025-01-31,-10.07965983385486,23.00798428979842,33.08764412365328,0.0629332393123228,12,delta_abs>=1; cambio_signo
50063412,mensual,2025-01-31,2025-03-31,23.00798428979842,-1.8028265895879183,-24.810810879386338,0.0016148083583112,10,delta_abs>=1; cambio_signo
50063412,mensual,2025-03-31,2025-04-30,-1.8028265895879183,28.585613170873017,30.388439760460937,0.2983835502445803,8,delta_abs>=1; cambio_signo
50063412,mensual,2025-04-30,2025-06-30,28.585613170873017,-4.186316339244908,-32.77192951011793,0.0622068806829807,7,delta_abs>=1; cambio_signo
50063412,mensual,2025-06-30,2025-09-30,-4.186316339244908,-0.7784179006396246,3.407898438605284,0.0222633567435828,11,delta_abs>=1
50063412,mensual,2025-09-30,2026-01-31,-0.7784179006396246,-6.816099384032176,-6.037681483392552,0.0702564642822743,9,delta_abs>=1
50063412,mensual,2026-01-31,2026-03-31,-6.816099384032176,2.598395635501313,9.41449501953349,0.0620694689025956,5,delta_abs>=1; cambio_signo
50063412,semestral,2024-06-30,2024-07-31,-6.587294804018559,-4.847375344532943,1.7399194594856162,0.0427706555267743,39,delta_abs>=1
50063412,semestral,2024-10-31,2024-11-30,-5.554369635544374,-4.20464759052917,1.3497220450152039,0.0047469219417409,32,delta_abs>=1
50063412,semestral,2024-11-30,2025-01-31,-4.20464759052917,19.47768819888326,23.68233578941243,0.0168064701161658,42,delta_abs>=1; cambio_signo
50063412,semestral,2025-02-28,2025-03-31,19.43119754605167,9.967397452695764,-9.463800093355907,0.010317637727671,42,delta_abs>=1
50063412,semestral,2025-03-31,2025-04-30,9.967397452695764,13.49741417325645,3.5300167205606865,0.0261812209893353,46,delta_abs>=1
50063412,semestral,2025-04-30,2025-05-31,13.49741417325645,-4.708887197594872,-18.20630137085132,0.0625923743599905,52,delta_abs>=1; cambio_signo
50063412,semestral,2025-08-31,2025-09-30,-3.1135178359168023,-0.2853108504012582,2.828206985515544,0.0018870346122947,49,delta_abs>=1
50063412,semestral,2026-02-28,2026-03-31,-1.3354119558736024,0.447254636211752,1.7826665920853544,0.0005617156489813,32,delta_abs>=1; cambio_signo
50063412,trimestral,2024-03-31,2024-04-30,-7.633980383948537,-3.88214253573474,3.751837848213797,0.0147137379299022,27,delta_abs>=1
50063412,trimestral,2024-05-31,2024-06-30,-3.1361897181923784,-5.216545672575506,-2.080355954383128,0.1123760922327409,13,delta_abs>=1
50063412,trimestral,2024-08-31,2025-01-31,-4.888133021913724,23.690763328970533,28.578896350884257,0.0350912410091511,22,delta_abs>=1; cambio_signo
50063412,trimestral,2025-01-31,2025-02-28,23.690763328970533,20.865104866348872,-2.8256584626216608,0.0245472049549734,25,delta_abs>=1
50063412,trimestral,2025-02-28,2025-03-31,20.865104866348872,9.751131785751166,-11.113973080597706,0.0168557728981672,28,delta_abs>=1
50063412,trimestral,2025-03-31,2025-04-30,9.751131785751166,13.116149203750297,3.3650174179991303,0.0495260720127691,24,delta_abs>=1
50063412,trimestral,2025-04-30,2025-05-31,13.116149203750297,-4.9679758977978,-18.084125101548096,0.1807416700094437,27,delta_abs>=1; cambio_signo
50063412,trimestral,2025-05-31,2025-06-30,-4.9679758977978,-2.550103593938505,2.4178723038592946,0.0722141875141668,24,delta_abs>=1
50063412,trimestral,2025-07-31,2025-08-31,-3.068550019960252,-5.772359142991527,-2.703809123031275,0.0281303399972326,21,delta_abs>=1
50063412,trimestral,2025-08-31,2025-09-30,-5.772359142991527,-0.5392420448700611,5.233117098121466,0.0071249627782604,25,delta_abs>=1
50063412,trimestral,2025-11-30,2026-01-31,-1.2321679709578466,-4.564787712335226,-3.3326197413773797,0.0279199254490812,13,delta_abs>=1
50063412,trimestral,2026-01-31,2026-02-28,-4.564787712335226,-3.4384633431406946,1.1263243691945317,0.0149873009225688,17,delta_abs>=1
50063412,trimestral,2026-02-28,2026-03-31,-3.4384633431406946,0.5083492287021765,3.9468125718428713,0.0009007182158373,20,delta_abs>=1; cambio_signo
50066389,mensual,2024-07-31,2024-09-30,-19.969855135801662,32.357734264112906,52.32758939991457,0.9975709827613104,3,delta_abs>=1; cambio_signo
50066389,mensual,2024-09-30,2025-01-31,32.357734264112906,-2.3806233567631496,-34.73835762087606,0.2018635912931153,7,delta_abs>=1; cambio_signo
50066389,mensual,2025-01-31,2025-03-31,-2.3806233567631496,-12.26189651064431,-9.88127315388116,0.019007949575073,4,delta_abs>=1
50066389,mensual,2025-03-31,2025-04-30,-12.26189651064431,-8.819316047121408,3.4425804635229014,0.9019774763741673,6,delta_abs>=1
50066389,mensual,2025-04-30,2025-05-31,-8.819316047121408,9.224723436168222,18.04403948328963,0.2495314458161377,3,delta_abs>=1; cambio_signo
50066389,mensual,2025-05-31,2025-07-31,9.224723436168222,-6.269840716626658,-15.49456415279488,0.1535604961407715,5,delta_abs>=1; cambio_signo
50066389,mensual,2025-07-31,2025-09-30,-6.269840716626658,20.69167117267349,26.961511889300148,0.6976512923436279,5,delta_abs>=1; cambio_signo
50066389,mensual,2025-09-30,2025-11-30,20.69167117267349,7.248389939081807,-13.443281233591684,0.177093472977461,6,delta_abs>=1
50066389,mensual,2025-11-30,2026-02-28,7.248389939081807,-11.611984119500544,-18.86037405858235,0.3252821432683817,4,delta_abs>=1; cambio_signo
50066389,semestral,2024-05-31,2024-06-30,-19.740028394805684,-17.396439694854926,2.3435886999507574,0.0438448389013952,33,delta_abs>=1
50066389,semestral,2024-07-31,2024-08-31,-16.643258728625906,-13.872143382554349,2.771115346071557,0.0694155431058712,31,delta_abs>=1
50066389,semestral,2024-08-31,2024-09-30,-13.872143382554349,-9.799561517975668,4.07258186457868,0.0480404123622053,25,delta_abs>=1
50066389,semestral,2024-09-30,2024-10-31,-9.799561517975668,-4.835147402330773,4.964414115644895,0.0102694075753005,25,delta_abs>=1
50066389,semestral,2024-11-30,2024-12-31,-5.641883286652087,-6.871693522455933,-1.2298102358038463,0.030852913282943,21,delta_abs>=1
50066389,semestral,2024-12-31,2025-01-31,-6.871693522455933,-0.5805693878368056,6.291124134619127,0.0095959973551298,24,delta_abs>=1
50066389,semestral,2025-06-30,2025-07-31,-2.219813473934903,-4.477441325836913,-2.2576278519020097,0.132760462179265,25,delta_abs>=1
50066389,semestral,2025-09-30,2025-10-31,-3.195451214680544,-6.378157798100027,-3.182706583419483,0.0613558763615031,24,delta_abs>=1
50066389,semestral,2025-10-31,2025-11-30,-6.378157798100027,1.602379781771345,7.980537579871372,0.0053287839910893,27,delta_abs>=1; cambio_signo
50066389,semestral,2025-11-30,2025-12-31,1.602379781771345,-1.0132836267713592,-2.615663408542704,0.0075263717763273,31,delta_abs>=1; cambio_signo
50066389,semestral,2025-12-31,2026-01-31,-1.0132836267713592,-2.641423729816244,-1.6281401030448848,0.0672786622570784,31,delta_abs>=1
50066389,trimestral,2024-04-30,2024-05-31,-19.25888034975561,-15.709571597213024,3.5493087525425864,0.0672575144713186,17,delta_abs>=1
50066389,trimestral,2024-05-31,2024-06-30,-15.709571597213024,-12.407845948594424,3.3017256486186,0.0410418044180677,16,delta_abs>=1
50066389,trimestral,2024-06-30,2024-07-31,-12.407845948594424,-14.485254233136349,-2.0774082845419244,0.0555490134257524,18,delta_abs>=1
50066389,trimestral,2024-07-31,2024-08-31,-14.485254233136349,-11.612830706399349,2.872423526737,0.0776214123426299,14,delta_abs>=1
50066389,trimestral,2024-08-31,2024-09-30,-11.612830706399349,-7.663602366234282,3.9492283401650665,0.0701913705085406,9,delta_abs>=1
50066389,trimestral,2024-09-30,2024-10-31,-7.663602366234282,1.5981386886216375,9.26174105485592,0.0022312719354159,7,delta_abs>=1; cambio_signo
50066389,trimestral,2024-11-30,2024-12-31,0.9908405294047852,-7.441250241100882,-8.432090770505667,0.0222602837428376,12,delta_abs>=1; cambio_signo
50066389,trimestral,2024-12-31,2025-01-31,-7.441250241100882,-0.7623894384477761,6.678860802653105,0.024571759971932,17,delta_abs>=1
50066389,trimestral,2025-01-31,2025-02-28,-0.7623894384477761,-2.185560813706814,-1.423171375259038,0.1986619892517839,13,delta_abs>=1
50066389,trimestral,2025-03-31,2025-04-30,-2.1321027413848435,-5.613355748867799,-3.4812530074829557,0.1804530573177627,14,delta_abs>=1
50066389,trimestral,2025-04-30,2025-05-31,-5.613355748867799,-4.119915025660149,1.4934407232076499,0.1876616326385408,13,delta_abs>=1
50066389,trimestral,2025-06-30,2025-07-31,-3.3777817211263783,-5.779083644754212,-2.4013019236278335,0.0519458632881484,11,delta_abs>=1
50066389,trimestral,2025-07-31,2025-08-31,-5.779083644754212,-11.61918183068178,-5.840098185927569,0.1174736876623633,10,delta_abs>=1
50066389,trimestral,2025-08-31,2025-09-30,-11.61918183068178,-6.716750171549797,4.902431659131984,0.0917755419073992,12,delta_abs>=1
50066389,trimestral,2025-09-30,2025-10-31,-6.716750171549797,8.681113388395843,15.397863559945641,0.0791524349144636,13,delta_abs>=1; cambio_signo
50066389,trimestral,2025-11-30,2025-12-31,8.082908778620643,-1.411230896141512,-9.494139674762156,0.0169245283781405,19,delta_abs>=1; cambio_signo
50066389,trimestral,2025-12-31,2026-01-31,-1.411230896141512,-2.9250722629203034,-1.5138413667787913,0.0548841825317449,18,delta_abs>=1
50066389,trimestral,2026-01-31,2026-02-28,-2.9250722629203034,-10.140988652638825,-7.2159163897185215,0.0556516810173047,16,delta_abs>=1
50066389,trimestral,2026-03-31,2026-04-30,-10.218059421272,-17.427025935789057,-7.208966514517057,0.1535968805211479,12,delta_abs>=1
50074151,mensual,2024-02-29,2024-09-30,-11.572056842496906,9.017160678619284,20.58921752111619,0.7728082311480898,5,delta_abs>=1; cambio_signo
50074151,mensual,2024-09-30,2024-10-31,9.017160678619284,0.9713173546065548,-8.04584332401273,0.1666666666666666,5,delta_abs>=1
50074151,mensual,2024-10-31,2025-02-28,0.9713173546065548,-10.770473500709135,-11.74179085531569,0.2536385193431463,4,delta_abs>=1; cambio_signo
50074151,mensual,2025-02-28,2025-03-31,-10.770473500709135,1.9067413087026843,12.67721480941182,0.0006859814802385,13,delta_abs>=1; cambio_signo
50074151,mensual,2025-03-31,2025-04-30,1.9067413087026843,7.459851059879946,5.553109751177262,0.466200076453534,11,delta_abs>=1
50074151,mensual,2025-04-30,2025-06-30,7.459851059879946,-5.135045487954758,-12.594896547834704,0.1111111111111111,4,delta_abs>=1; cambio_signo
50074151,mensual,2025-06-30,2025-07-31,-5.135045487954758,0.2522893770975457,5.387334865052304,0.0021755806733282,14,delta_abs>=1; cambio_signo
50074151,mensual,2025-08-31,2025-09-30,0.3939301799621506,-5.818479603201514,-6.212409783163664,0.1148239687486337,7,delta_abs>=1; cambio_signo
50074151,mensual,2025-09-30,2026-01-31,-5.818479603201514,37.21595264006917,43.034432243270686,0.9379432624113476,7,delta_abs>=1; cambio_signo
50074151,mensual,2026-01-31,2026-03-31,37.21595264006917,-8.000971500136792,-45.21692414020596,0.0497585524779087,10,delta_abs>=1; cambio_signo
50074151,semestral,2024-02-29,2024-03-31,-8.424978779690383,-6.626462185822345,1.7985165938680376,0.0233922143792705,15,delta_abs>=1
50074151,semestral,2024-03-31,2024-04-30,-6.626462185822345,-8.060871408951039,-1.4344092231286938,0.0239099634920599,20,delta_abs>=1
50074151,semestral,2024-06-30,2024-07-31,-8.42937170722173,-9.7428915711597,-1.3135198639379695,0.0266270852666491,26,delta_abs>=1
50074151,semestral,2024-07-31,2024-09-30,-9.7428915711597,0.1754794487752192,9.918371019934918,0.0004295007174502,26,delta_abs>=1; cambio_signo
50074151,semestral,2024-11-30,2024-12-31,0.1307648995300401,-0.1258576185568173,-0.25662251808685743,0.0002783922536121,33,cambio_signo
50074151,semestral,2025-02-28,2025-03-31,-0.4089373074156723,1.0124162140479684,1.4213535214636408,0.0101090490272421,36,delta_abs>=1; cambio_signo
50074151,semestral,2025-03-31,2025-04-30,1.0124162140479684,4.847186788069168,3.8347705740211993,0.0742419710183286,42,delta_abs>=1
50074151,semestral,2025-06-30,2025-07-31,3.890991838073678,0.5132376460678433,-3.3777541920058347,0.0031881784699723,55,delta_abs>=1
50074151,semestral,2025-09-30,2025-10-31,0.4609263052863405,-0.6681101320788589,-1.1290364373651993,0.0064407054116198,47,delta_abs>=1; cambio_signo
50074151,semestral,2025-12-31,2026-01-31,-0.389991055252346,10.161202304982254,10.551193360234599,0.0949719970372942,30,delta_abs>=1; cambio_signo
50074151,semestral,2026-01-31,2026-02-28,10.161202304982254,15.184372566355757,5.023170261373503,0.1969966963833348,23,delta_abs>=1
50074151,semestral,2026-02-28,2026-03-31,15.184372566355757,10.889052167691789,-4.295320398663968,0.0685701931161425,26,delta_abs>=1
50074151,trimestral,2024-02-29,2024-03-31,-8.424978779690383,-6.626462185822345,1.7985165938680376,0.0233922143792705,15,delta_abs>=1
50074151,trimestral,2024-03-31,2024-04-30,-6.626462185822345,-9.562018930448108,-2.935556744625763,0.0362058499246691,17,delta_abs>=1
50074151,trimestral,2024-04-30,2024-09-30,-9.562018930448108,0.1363054265368906,9.698324356985,0.0002848570197659,20,delta_abs>=1; cambio_signo
50074151,trimestral,2024-12-31,2025-02-28,0.647544903071038,-5.628475319733714,-6.276020222804752,0.029762036476732,13,delta_abs>=1; cambio_signo
50074151,trimestral,2025-03-31,2025-04-30,-6.032822687252664,5.324461867219376,11.35728455447204,0.117677672269437,28,delta_abs>=1; cambio_signo
50074151,trimestral,2025-04-30,2025-05-31,5.324461867219376,6.516689453747529,1.192227586528153,0.1369531534429002,33,delta_abs>=1
50074151,trimestral,2025-05-31,2025-06-30,6.516689453747529,4.671352427643324,-1.8453370261042048,0.123801206765993,24,delta_abs>=1
50074151,trimestral,2025-06-30,2025-07-31,4.671352427643324,-0.5194679249339531,-5.190820352577277,0.0055247320130602,27,delta_abs>=1; cambio_signo
50074151,trimestral,2025-09-30,2025-10-31,-0.3052922290671736,-2.2618928734032573,-1.9566006443360837,0.0074117065266179,20,delta_abs>=1
50074151,trimestral,2025-10-31,2025-11-30,-2.2618928734032573,-3.885032672089225,-1.6231397986859677,0.044571493169418,10,delta_abs>=1
50074151,trimestral,2025-11-30,2026-01-31,-3.885032672089225,34.95193861057664,38.836971282665864,0.650698226783966,10,delta_abs>=1; cambio_signo
50074151,trimestral,2026-02-28,2026-03-31,34.301908336657306,9.922581044902469,-24.379327291754837,0.0641722451686315,21,delta_abs>=1
50074151,trimestral,2026-03-31,2026-04-30,9.922581044902469,-1.1901214673477776,-11.112702512250246,0.0008645339427583,20,delta_abs>=1; cambio_signo
50076882,mensual,2024-02-29,2024-07-31,-10.322029348451355,-3.877220703214452,6.444808645236904,0.1000000000000002,6,delta_abs>=1
50076882,mensual,2024-07-31,2024-08-31,-3.877220703214452,-1.5925577667016966,2.2846629365127553,0.0882432749462195,11,delta_abs>=1
50076882,mensual,2024-08-31,2024-10-31,-1.5925577667016966,-2.6643291262261672,-1.0717713595244707,0.0188003928752868,5,delta_abs>=1
50076882,mensual,2024-10-31,2025-05-31,-2.6643291262261672,-0.2395900302831669,2.4247390959430004,0.0007679905288732,5,delta_abs>=1
50076882,mensual,2025-08-31,2025-10-31,-0.4057844224100285,4.4768513281030655,4.882635750513094,0.1111533234650224,4,delta_abs>=1; cambio_signo
50076882,mensual,2025-10-31,2025-11-30,4.4768513281030655,-2.3302659240125965,-6.8071172521156615,0.375,5,delta_abs>=1; cambio_signo
50076882,mensual,2025-11-30,2026-02-28,-2.3302659240125965,5.668175173913055,7.998441097925651,0.3023980878174922,4,delta_abs>=1; cambio_signo
50076882,semestral,2024-06-30,2024-07-31,0.880604873280512,-6.441428493068175,-7.322033366348687,0.0447927873337498,24,delta_abs>=1; cambio_signo
50076882,semestral,2024-07-31,2024-08-31,-6.441428493068175,-2.3719738307096243,4.069454662358551,0.1524397716699275,27,delta_abs>=1
50076882,semestral,2025-01-31,2025-02-28,-1.789832995704467,0.7594642699119389,2.549297265616406,0.0021502493687024,15,delta_abs>=1; cambio_signo
50076882,semestral,2025-02-28,2025-03-31,0.7594642699119389,4.409047017132914,3.649582747220975,0.0535891750452809,13,delta_abs>=1
50076882,semestral,2025-03-31,2025-04-30,4.409047017132914,12.52915476762346,8.120107750490547,0.1017989125644523,12,delta_abs>=1
50076882,semestral,2025-04-30,2025-05-31,12.52915476762346,0.7114241462785811,-11.817730621344879,0.007109137679847,11,delta_abs>=1
50076882,semestral,2025-06-30,2025-07-31,0.7150330344447887,-0.7493927343314651,-1.4644257687762539,0.0045339385048447,21,delta_abs>=1; cambio_signo
50076882,semestral,2026-01-31,2026-02-28,-0.2910680275206083,1.3078380774169809,1.5989061049375892,0.013956669177677,29,delta_abs>=1; cambio_signo
50076882,trimestral,2024-03-31,2024-04-30,0.8227924381985626,-8.191987304323568,-9.014779742522132,0.0521015882604105,11,delta_abs>=1; cambio_signo
50076882,trimestral,2024-04-30,2024-07-31,-8.191987304323568,-4.983783531848512,3.2082037724750565,0.0478865686656564,13,delta_abs>=1
50076882,trimestral,2024-07-31,2024-08-31,-4.983783531848512,-2.3661952748683635,2.6175882569801483,0.1755031113816455,20,delta_abs>=1
50076882,trimestral,2024-10-31,2024-11-30,-1.9004973343677487,-0.4195201086749935,1.4809772256927551,0.0006468514132336,13,delta_abs>=1
50076882,trimestral,2024-11-30,2024-12-31,-0.4195201086749935,3.885055468979815,4.304575577654808,0.0423701787514805,12,delta_abs>=1; cambio_signo
50076882,trimestral,2024-12-31,2025-05-31,3.885055468979815,-0.5403805778123036,-4.425436046792118,0.0038414598555616,9,delta_abs>=1; cambio_signo
50076882,trimestral,2025-10-31,2025-11-30,-0.1597502431382506,0.4941990806689371,0.6539493238071876,0.0023412952665851,14,cambio_signo
50076882,trimestral,2025-12-31,2026-01-31,0.4112128781994797,-0.7931170287696979,-1.2043299069691775,0.0090267707882812,16,delta_abs>=1; cambio_signo
50076882,trimestral,2026-01-31,2026-02-28,-0.7931170287696979,5.994154934269365,6.787271963039063,0.1158278529617357,15,delta_abs>=1; cambio_signo
50076882,trimestral,2026-02-28,2026-03-31,5.994154934269365,7.168700435113842,1.1745455008444772,0.1057205503414684,16,delta_abs>=1
50077229,mensual,2024-01-31,2024-02-29,1.7088053260302527,0.5814204722580304,-1.1273848537722224,0.0254842070686367,7,delta_abs>=1
50077229,mensual,2024-03-31,2024-04-30,1.1792644242033852,2.461991838100376,1.2827274138969909,0.355530253578769,7,delta_abs>=1
50077229,mensual,2024-04-30,2024-05-31,2.461991838100376,4.9900045013312,2.5280126632308244,0.3374589312325745,8,delta_abs>=1
50077229,mensual,2024-05-31,2024-06-30,4.9900045013312,-56.20299343777344,-61.19299793910464,0.2162585414653969,10,delta_abs>=1; cambio_signo
50077229,mensual,2024-06-30,2024-07-31,-56.20299343777344,7.506890591605998,63.70988402937944,0.2110177906125456,9,delta_abs>=1; cambio_signo
50077229,mensual,2024-07-31,2024-08-31,7.506890591605998,0.8897627384502587,-6.61712785315574,0.0314806482235444,9,delta_abs>=1
50077229,mensual,2024-08-31,2024-09-30,0.8897627384502587,1.8903966724474648,1.0006339339972061,0.0036877844186831,9,delta_abs>=1
50077229,mensual,2024-09-30,2024-10-31,1.8903966724474648,15.181695189375848,13.291298516928382,0.2466515134359764,8,delta_abs>=1
50077229,mensual,2024-10-31,2024-11-30,15.181695189375848,4.077678983622817,-11.10401620575303,0.2024761906233936,7,delta_abs>=1
50077229,mensual,2024-11-30,2025-01-31,4.077678983622817,-126.75026158799656,-130.82794057161937,0.1718912728527678,10,delta_abs>=1; cambio_signo
50077229,mensual,2025-01-31,2025-02-28,-126.75026158799656,7.933414883157344,134.68367647115392,0.7703716449054075,4,delta_abs>=1; cambio_signo
50077229,mensual,2025-02-28,2025-03-31,7.933414883157344,2.022609395837231,-5.910805487320113,0.2941410788886565,5,delta_abs>=1
50077229,mensual,2025-03-31,2025-07-31,2.022609395837231,-11.02574087002909,-13.04835026586632,0.1688475353134224,9,delta_abs>=1; cambio_signo
50077229,mensual,2025-07-31,2025-08-31,-11.02574087002909,-0.6256701128874301,10.400070757141659,0.2831349776090958,9,delta_abs>=1
50077229,mensual,2025-08-31,2025-12-31,-0.6256701128874301,3.43311900443861,4.05878911732604,0.0515608939786741,5,delta_abs>=1; cambio_signo
50077229,semestral,2025-01-31,2025-02-28,2.263569986441215,4.182476451281791,1.918906464840576,0.0929877939375584,45,delta_abs>=1
50077229,semestral,2025-06-30,2025-07-31,3.724479525168535,1.480848672207041,-2.243630852961494,0.0080132560035052,39,delta_abs>=1
50077229,semestral,2025-07-31,2025-08-31,1.480848672207041,-0.5123420690044053,-1.9931907412114462,0.0537950686298891,44,delta_abs>=1; cambio_signo
50077229,semestral,2026-01-31,2026-02-28,-0.596030385320214,-2.2929810305837366,-1.6969506452635226,0.0016090714755974,27,delta_abs>=1
50077229,semestral,2026-03-31,2026-04-30,-2.887262774340167,1.332796876511544,4.220059650851711,0.0010491639861652,21,delta_abs>=1; cambio_signo
50077229,trimestral,2024-05-31,2024-06-30,1.7384608994799773,2.947731814536521,1.2092709150565437,0.2453792781774586,25,delta_abs>=1
50077229,trimestral,2024-06-30,2024-07-31,2.947731814536521,5.184481060816738,2.236749246280217,0.2054436928008226,27,delta_abs>=1
50077229,trimestral,2024-07-31,2024-08-31,5.184481060816738,1.6615950361722724,-3.5228860246444658,0.0746366540872867,28,delta_abs>=1
50077229,trimestral,2024-10-31,2024-11-30,1.8017946521525523,4.091967043029544,2.2901723908769913,0.1285094350198883,24,delta_abs>=1
50077229,trimestral,2024-12-31,2025-01-31,4.3306180214234535,3.2892254496221573,-1.0413925718012962,0.0641186094325293,24,delta_abs>=1
50077229,trimestral,2025-01-31,2025-02-28,3.2892254496221573,7.4225785357729,4.133353086150743,0.10660391933214,21,delta_abs>=1
50077229,trimestral,2025-02-28,2025-03-31,7.4225785357729,5.465836862318,-1.9567416734549008,0.1978333605512031,19,delta_abs>=1
50077229,trimestral,2025-03-31,2025-04-30,5.465836862318,3.949779784388853,-1.5160570779291467,0.1109373335091205,16,delta_abs>=1
50077229,trimestral,2025-04-30,2025-05-31,3.949779784388853,1.5712955435940683,-2.3784842407947844,0.009185815217423,20,delta_abs>=1
50077229,trimestral,2025-05-31,2025-07-31,1.5712955435940683,-8.185904593675623,-9.757200137269692,0.0447800975467047,23,delta_abs>=1; cambio_signo
50077229,trimestral,2025-07-31,2025-08-31,-8.185904593675623,-0.5382444104515027,7.6476601832241204,0.1034980177892804,24,delta_abs>=1
50077229,trimestral,2025-10-31,2025-12-31,-0.6222901245784456,-4.600041048217458,-3.977750923639012,0.0108020718236244,15,delta_abs>=1
50077229,trimestral,2025-12-31,2026-01-31,-4.600041048217458,-0.9332635648287548,3.666777483388703,0.0006422401584993,14,delta_abs>=1
50077229,trimestral,2026-01-31,2026-02-28,-0.9332635648287548,0.6861048776120241,1.6193684424407788,0.0003378695658753,14,delta_abs>=1; cambio_signo
50084493,mensual,2024-05-31,2024-08-31,0.3489367307028986,-11.150133533786844,-11.499070264489744,0.9867494832587484,4,delta_abs>=1; cambio_signo
50084493,mensual,2024-08-31,2024-09-30,-11.150133533786844,0.4532652842969593,11.603398818083804,0.0916270781900662,4,delta_abs>=1; cambio_signo
50084493,mensual,2024-10-31,2024-11-30,1.061372697038784,-0.4124236297778214,-1.4737963268166054,0.2101054390867238,7,delta_abs>=1; cambio_signo
50084493,mensual,2025-01-31,2025-03-31,-0.3696719193192314,0.4283265850583497,0.797998504377581,0.0712463612032117,4,cambio_signo
50084493,mensual,2025-03-31,2025-04-30,0.4283265850583497,5.350285877829034,4.921959292770684,0.7185579237141734,4,delta_abs>=1
50084493,mensual,2025-04-30,2025-05-31,5.350285877829034,3.1012005200832444,-2.2490853577457894,0.4487684595004184,5,delta_abs>=1
50084493,mensual,2025-05-31,2025-06-30,3.1012005200832444,0.8814205150991515,-2.219780004984093,0.1482364761317121,7,delta_abs>=1
50084493,mensual,2025-06-30,2025-08-31,0.8814205150991515,-0.657166906317106,-1.5385874214162576,0.1128313525063192,7,delta_abs>=1; cambio_signo
50084493,mensual,2025-09-30,2025-10-31,-1.5101273580920092,-0.4762145824154425,1.0339127756765667,0.1937281342625545,4,delta_abs>=1
50084493,mensual,2025-10-31,2025-12-31,-0.4762145824154425,0.5191669360799613,0.9953815184954038,0.1816695521136885,3,cambio_signo
50084493,mensual,2025-12-31,2026-01-31,0.5191669360799613,-0.3027576815370806,-0.8219246176170419,0.0672647411356099,7,cambio_signo
50084493,mensual,2026-01-31,2026-03-31,-0.3027576815370806,-15.384562786060656,-15.081805104523575,0.829386005798664,3,delta_abs>=1
50084493,mensual,2026-03-31,2026-04-30,-15.384562786060656,0.4961931025565754,15.88075588861723,0.1053882788361019,5,delta_abs>=1; cambio_signo
50084493,semestral,2025-10-31,2025-11-30,0.037020722234016,-0.0398988630213465,-0.0769195852553625,0.0005259688333699,32,cambio_signo
50084493,semestral,2026-02-28,2026-03-31,-0.2724911972839035,0.0953321035378406,0.3678233008217441,0.0043038308834671,21,cambio_signo
50084493,trimestral,2024-06-30,2024-07-31,0.090048343244164,-0.0321604922365525,-0.1222088354807165,0.0002950221758507,7,cambio_signo
50084493,trimestral,2024-07-31,2024-08-31,-0.0321604922365525,-11.952191137095564,-11.920030644859011,0.206487705467621,8,delta_abs>=1
50084493,trimestral,2024-08-31,2024-09-30,-11.952191137095564,0.2646278950744294,12.216819032169994,0.0197234508829784,11,delta_abs>=1; cambio_signo
50084493,trimestral,2025-02-28,2025-03-31,0.096113143761018,-0.0182316159993714,-0.1143447597603894,0.0001786233000786,11,cambio_signo
50084493,trimestral,2025-03-31,2025-04-30,-0.0182316159993714,1.1217566066671265,1.139988222666498,0.1461845456122186,11,delta_abs>=1; cambio_signo
50084493,trimestral,2025-07-31,2025-08-31,1.6282742087775706,0.4234804723860983,-1.2047937363914722,0.0393724279026711,18,delta_abs>=1
50084493,trimestral,2025-08-31,2025-09-30,0.4234804723860983,-0.4685307131013706,-0.8920111854874689,0.0543348949968995,19,cambio_signo
50084493,trimestral,2025-11-30,2025-12-31,-0.7954730359314144,0.1915933166049206,0.987066352536335,0.026069916036684,9,cambio_signo
50084493,trimestral,2025-12-31,2026-01-31,0.1915933166049206,-0.0401336547032275,-0.2317269713081481,0.0010957919377984,12,cambio_signo
50084493,trimestral,2026-01-31,2026-02-28,-0.0401336547032275,0.2356072228066589,0.2757408775098864,0.0185042795941083,12,cambio_signo
50085878,mensual,2024-02-29,2024-03-31,-1.995125141606916,4.95147484548871,6.9465999870956265,0.25,3,delta_abs>=1; cambio_signo
50085878,mensual,2024-03-31,2024-05-31,4.95147484548871,-2.058741534072153,-7.010216379560863,0.0547796633019562,4,delta_abs>=1; cambio_signo
50085878,mensual,2024-05-31,2024-10-31,-2.058741534072153,7.286424943606656,9.34516647767881,0.2499999999999999,3,delta_abs>=1; cambio_signo
50085878,mensual,2024-10-31,2025-09-30,7.286424943606656,3.1545227261402013,-4.131902217466455,0.6432265186395776,5,delta_abs>=1
50085878,mensual,2025-09-30,2025-11-30,3.1545227261402013,-1.8913710326445887,-5.04589375878479,0.0083217824552749,4,delta_abs>=1; cambio_signo
50085878,semestral,2024-02-29,2024-03-31,-2.0235660249188205,0.7653046916458983,2.788870716564719,0.0069444188844156,12,delta_abs>=1; cambio_signo
50085878,semestral,2024-04-30,2024-05-31,0.0785127902030313,-0.5134302399946747,-0.591943030197706,0.0041539598720619,17,cambio_signo
50085878,semestral,2024-07-31,2024-08-31,-0.8851666489492752,1.78820578400176,2.673372432951035,0.2399889220749674,11,delta_abs>=1; cambio_signo
50085878,semestral,2024-11-30,2024-12-31,2.8825897843603814,1.717557484612391,-1.1650322997479903,0.0800524592372204,9,delta_abs>=1
50085878,semestral,2025-02-28,2025-03-31,1.4108790208085025,2.698709825172619,1.2878308043641167,0.1339093980879606,11,delta_abs>=1
50085878,semestral,2025-06-30,2025-07-31,2.3613075405587933,4.198761955784959,1.8374544152261656,0.1027020247807288,7,delta_abs>=1
50085878,semestral,2025-08-31,2025-09-30,3.822418220882769,-0.1091293101965365,-3.9315475310793055,0.0008631452050458,9,delta_abs>=1; cambio_signo
50085878,semestral,2025-09-30,2025-10-31,-0.1091293101965365,0.2032564341922059,0.3123857443887424,0.0033009346220751,11,cambio_signo
50085878,semestral,2026-02-28,2026-03-31,0.4276901763302024,1.9547184151107408,1.5270282387805385,0.0820847442527906,15,delta_abs>=1
50085878,trimestral,2024-02-29,2024-03-31,-2.0235660249188205,0.7653046916458983,2.788870716564719,0.0069444188844156,12,delta_abs>=1; cambio_signo
50085878,trimestral,2024-05-31,2024-06-30,0.5521798710553343,-2.4459238992243075,-2.998103770279642,0.0819079559884318,6,delta_abs>=1; cambio_signo
50085878,trimestral,2024-07-31,2024-08-31,-2.5603734287281434,3.394630781394341,5.9550042101224845,0.9853731876445042,3,delta_abs>=1; cambio_signo
50085878,trimestral,2024-08-31,2024-09-30,3.394630781394341,0.5929874704902015,-2.8016433109041396,0.3412915891799117,3,delta_abs>=1
50085878,trimestral,2024-09-30,2024-10-31,0.5929874704902015,2.4885030700213586,1.8955155995311572,0.1639621044005121,6,delta_abs>=1
50085878,trimestral,2024-10-31,2024-11-30,2.4885030700213586,0.7438830184055094,-1.7446200516158492,0.0037710308666042,5,delta_abs>=1
50085878,trimestral,2024-11-30,2024-12-31,0.7438830184055094,2.2880581373028632,1.5441751188973538,0.1048461076397225,6,delta_abs>=1
50085878,trimestral,2024-12-31,2025-01-31,2.2880581373028632,3.572156563974919,1.2840984266720556,0.3070595304506253,5,delta_abs>=1
50085878,trimestral,2025-04-30,2025-05-31,3.300966283725828,1.4216487973914396,-1.8793174863343884,0.111111111111111,4,delta_abs>=1
50085878,trimestral,2025-05-31,2025-09-30,1.4216487973914396,2.490396602543432,1.0687478051519925,0.6027175139026235,6,delta_abs>=1
50085878,trimestral,2025-09-30,2025-10-31,2.490396602543432,0.8903861711530131,-1.600010431390419,0.0637412208096717,8,delta_abs>=1
50085878,trimestral,2025-11-30,2025-12-31,0.3740735512283353,1.9275595814616369,1.5534860302333016,0.1185364445211115,10,delta_abs>=1
50099648,mensual,2024-03-31,2024-06-30,167.69336064909578,8.413548100152553,-159.27981254894323,1.0,3,delta_abs>=1
50099648,mensual,2024-06-30,2024-08-31,8.413548100152553,-12.923839259019468,-21.33738735917202,0.299957637071926,5,delta_abs>=1; cambio_signo
50099648,mensual,2024-08-31,2025-01-31,-12.923839259019468,-1.819812865166273,11.104026393853195,0.0352616511479905,4,delta_abs>=1
50099648,mensual,2025-02-28,2025-03-31,-1.30473276305224,-12.61358144355029,-11.30884868049805,0.276558096479115,10,delta_abs>=1
50099648,mensual,2025-03-31,2025-04-30,-12.61358144355029,-14.226822827129888,-1.6132413835795987,0.2209333794054234,6,delta_abs>=1
50099648,mensual,2025-04-30,2025-05-31,-14.226822827129888,-16.101225565103878,-1.8744027379739894,0.2741233697752732,6,delta_abs>=1
50099648,mensual,2025-05-31,2025-06-30,-16.101225565103878,-1.6777652433992898,14.423460321704589,0.023682228804553,6,delta_abs>=1
50099648,mensual,2025-06-30,2025-07-31,-1.6777652433992898,3.574206604944304,5.251971848343594,0.0231239887044674,6,delta_abs>=1; cambio_signo
50099648,mensual,2025-07-31,2025-08-31,3.574206604944304,-1.995638722067332,-5.569845327011636,0.4197090457284655,7,delta_abs>=1; cambio_signo
50099648,mensual,2025-08-31,2025-09-30,-1.995638722067332,-5.140291532395494,-3.1446528103281626,0.0249691367209328,9,delta_abs>=1
50099648,mensual,2025-09-30,2025-11-30,-5.140291532395494,-14.825820828843131,-9.685529296447637,0.3311515662054498,7,delta_abs>=1
50099648,semestral,2024-03-31,2024-04-30,113.54779233360598,129.91616965659134,16.368377322985353,0.0771494487822576,21,delta_abs>=1
50099648,semestral,2024-04-30,2024-05-31,129.91616965659134,122.7674452846128,-7.148724371978531,0.0494443987178351,29,delta_abs>=1
50099648,semestral,2024-05-31,2024-06-30,122.7674452846128,7.547588374004028,-115.21985691060878,0.0052348703767279,32,delta_abs>=1
50099648,semestral,2024-07-31,2024-08-31,8.043938114617239,-3.8336591960088326,-11.877597310626072,0.0058969080490142,30,delta_abs>=1; cambio_signo
50099648,semestral,2024-08-31,2024-09-30,-3.8336591960088326,-7.157201691885693,-3.3235424958768607,0.0229827571898382,25,delta_abs>=1
50099648,semestral,2024-10-31,2024-11-30,-7.2818627286593,-5.686661395200493,1.5952013334588075,0.0291413163523791,18,delta_abs>=1
50099648,semestral,2024-11-30,2024-12-31,-5.686661395200493,-13.63347482548652,-7.946813430286027,0.0897098838421474,18,delta_abs>=1
50099648,semestral,2024-12-31,2025-01-31,-13.63347482548652,-0.9172429817599024,12.716231843726618,0.0048385952703684,21,delta_abs>=1
50099648,semestral,2025-07-31,2025-08-31,-0.8125902949680321,-2.0451829280639613,-1.2325926330959291,0.0379377112461282,41,delta_abs>=1
50099648,semestral,2026-01-31,2026-02-28,-2.292201143881101,-9.583498403319286,-7.291297259438185,0.0722991302119876,40,delta_abs>=1
50099648,semestral,2026-02-28,2026-03-31,-9.583498403319286,-12.133021574999924,-2.5495231716806384,0.0962835801528693,32,delta_abs>=1
50099648,semestral,2026-03-31,2026-04-30,-12.133021574999924,-13.786085048179777,-1.6530634731798521,0.1359476837391358,29,delta_abs>=1
50099648,trimestral,2024-03-31,2024-04-30,113.54779233360598,130.16959914630735,16.621806812701365,0.1002824322737013,16,delta_abs>=1
50099648,trimestral,2024-04-30,2024-05-31,130.16959914630735,144.16979567025226,14.000196523944908,0.1170129201569207,21,delta_abs>=1
50099648,trimestral,2024-05-31,2024-06-30,144.16979567025226,6.004030974761471,-138.1657646954908,0.0075622927895208,17,delta_abs>=1
50099648,trimestral,2024-06-30,2024-07-31,6.004030974761471,4.058217191998858,-1.9458137827626132,0.0042212748139226,12,delta_abs>=1
50099648,trimestral,2024-07-31,2024-08-31,4.058217191998858,-4.995230752547707,-9.053447944546566,0.0497385049841322,9,delta_abs>=1; cambio_signo
50099648,trimestral,2024-08-31,2024-09-30,-4.995230752547707,-14.563052903328392,-9.567822150780685,0.1969957070809327,8,delta_abs>=1
50099648,trimestral,2024-09-30,2024-10-31,-14.563052903328392,-12.213310668894293,2.3497422344340997,0.1059910527799695,13,delta_abs>=1
50099648,trimestral,2024-10-31,2025-01-31,-12.213310668894293,1.3643654499005236,13.577676118794816,0.0182823516038377,8,delta_abs>=1; cambio_signo
50099648,trimestral,2025-01-31,2025-02-28,1.3643654499005236,-0.2168954234075116,-1.581260873308035,0.0021518984428575,12,delta_abs>=1; cambio_signo
50099648,trimestral,2025-04-30,2025-05-31,-1.2504708832660834,-5.469578132891612,-4.219107249625528,0.0679252158022454,22,delta_abs>=1
50099648,trimestral,2025-05-31,2025-06-30,-5.469578132891612,-2.430138039266727,3.0394400936248847,0.0270182997675336,18,delta_abs>=1
50099648,trimestral,2025-10-31,2025-11-30,-1.8654659091938215,-8.098668485308755,-6.233202576114934,0.0666619488995808,23,delta_abs>=1
50099648,trimestral,2025-11-30,2025-12-31,-8.098668485308755,-11.176241401691977,-3.0775729163832217,0.1257840730476774,17,delta_abs>=1
50099648,trimestral,2025-12-31,2026-01-31,-11.176241401691977,-13.141014737496056,-1.9647733358040789,0.2348392132875598,12,delta_abs>=1
50106204,mensual,2024-02-29,2024-04-30,-4.873267379336782,0.4943659539141684,5.36763333325095,0.762694421536453,4,delta_abs>=1; cambio_signo
50106204,mensual,2024-04-30,2024-05-31,0.4943659539141684,-5.205360018497482,-5.699725972411651,0.5204773100796659,4,delta_abs>=1; cambio_signo
50106204,mensual,2024-05-31,2024-07-31,-5.205360018497482,18.097504635756348,23.30286465425383,0.9999999957785104,3,delta_abs>=1; cambio_signo
50106204,mensual,2024-07-31,2024-08-31,18.097504635756348,-2.8826380978030426,-20.98014273355939,0.6371730963341015,5,delta_abs>=1; cambio_signo
50106204,mensual,2024-09-30,2024-10-31,-2.608224718153961,-15.327573350592322,-12.719348632438361,0.4088426943593285,5,delta_abs>=1
50106204,mensual,2024-10-31,2024-11-30,-15.327573350592322,0.3942682733639271,15.72184162395625,0.023763730644708,4,delta_abs>=1; cambio_signo
50106204,mensual,2024-11-30,2024-12-31,0.3942682733639271,-0.508256241473999,-0.9025245148379261,1.0,3,cambio_signo
50106204,mensual,2024-12-31,2025-02-28,-0.508256241473999,-5.603524034236394,-5.095267792762395,0.8244253447987002,4,delta_abs>=1
50106204,mensual,2025-02-28,2025-05-31,-5.603524034236394,-2.8046971665582925,2.798826867678102,0.7892249118916282,4,delta_abs>=1
50106204,mensual,2025-05-31,2025-06-30,-2.8046971665582925,4.08532971161857,6.8900268781768625,0.75,3,delta_abs>=1; cambio_signo
50106204,mensual,2025-06-30,2025-10-31,4.08532971161857,-0.030542997348552,-4.115872708967122,3.256482845914732e-05,6,delta_abs>=1; cambio_signo
50106204,mensual,2025-10-31,2025-11-30,-0.030542997348552,0.0753046812978265,0.10584767864637849,8.389655448870492e-05,4,cambio_signo
50106204,mensual,2025-11-30,2026-04-30,0.0753046812978265,-3.611515948656853,-3.6868206299546795,1.0,4,delta_abs>=1; cambio_signo
50106204,semestral,2024-02-29,2024-03-31,-4.581073898133885,-1.8364769265049496,2.744596971628936,0.127120720948086,8,delta_abs>=1
50106204,semestral,2024-03-31,2024-04-30,-1.8364769265049496,-0.0061808573395563,1.8302960691653933,1.0325855893444924e-05,12,delta_abs>=1
50106204,semestral,2024-09-30,2024-10-31,-0.2503437255940646,-2.448519041191444,-2.1981753155973793,0.1770486541245706,24,delta_abs>=1
50106204,semestral,2024-10-31,2024-11-30,-2.448519041191444,-0.6493217537965333,1.799197287394911,0.0179033436501265,24,delta_abs>=1
50106204,semestral,2025-11-30,2025-12-31,-0.3563725888556549,0.0306578028554925,0.38703039171114745,2.9015555356393108e-05,18,cambio_signo
50106204,semestral,2026-02-28,2026-03-31,0.6587114132439208,-0.1212025543156726,-0.7799139675595934,0.0002345796133931,22,cambio_signo
50106204,semestral,2026-03-31,2026-04-30,-0.1212025543156726,0.3714581029761601,0.4926606572918327,0.0020931713369836,20,cambio_signo
50106204,trimestral,2024-02-29,2024-03-31,-4.581073898133885,-1.8364769265049496,2.744596971628936,0.127120720948086,8,delta_abs>=1
50106204,trimestral,2024-03-31,2024-04-30,-1.8364769265049496,0.1732725548509454,2.009749481355895,0.0101972344865818,10,delta_abs>=1; cambio_signo
50106204,trimestral,2024-06-30,2024-07-31,0.0546915283484335,-2.838666858331594,-2.8933583866800276,0.2759631974709046,9,delta_abs>=1; cambio_signo
50106204,trimestral,2024-10-31,2024-11-30,-2.6876344659547518,0.3191696446780283,3.00680411063278,0.00403233936942,14,delta_abs>=1; cambio_signo
50106204,trimestral,2024-11-30,2024-12-31,0.3191696446780283,-0.2516374430958776,-0.5708070877739059,0.0115196605761208,12,cambio_signo
50106204,trimestral,2024-12-31,2025-01-31,-0.2516374430958776,0.1407126246916736,0.3923500677875512,0.0056516021362893,11,cambio_signo
50106204,trimestral,2025-01-31,2025-02-28,0.1407126246916736,-0.1208687465020181,-0.2615813711936917,0.0048737788242327,11,cambio_signo
50106204,trimestral,2025-02-28,2025-03-31,-0.1208687465020181,0.7815147611062437,0.9023835076082618,0.003909923715389,13,cambio_signo
50106204,trimestral,2025-03-31,2025-04-30,0.7815147611062437,-3.0246146650072103,-3.806129426113454,0.072232217269858,12,delta_abs>=1; cambio_signo
50106204,trimestral,2025-05-31,2025-06-30,-3.025956655785065,-1.8061134028861876,1.2198432528988772,0.1706968630807445,10,delta_abs>=1
50106204,trimestral,2025-10-31,2025-11-30,-0.644812118232188,0.4844326812473646,1.1292447994795527,0.0054011011123443,12,delta_abs>=1; cambio_signo
50106204,trimestral,2025-12-31,2026-01-31,0.4089313429724255,2.855264204048656,2.4463328610762307,0.120519420956639,11,delta_abs>=1
50106204,trimestral,2026-01-31,2026-02-28,2.855264204048656,1.4372803654104576,-1.4179838386381987,0.0590648455233386,9,delta_abs>=1
50106204,trimestral,2026-02-28,2026-03-31,1.4372803654104576,-2.0977138473025323,-3.5349942127129896,0.0424560297545647,10,delta_abs>=1; cambio_signo
50115975,mensual,2024-01-31,2024-02-29,0.9050358812453456,-3.9284830171869474,-4.833518898432293,0.2500000000000001,3,delta_abs>=1; cambio_signo
50115975,mensual,2024-02-29,2024-06-30,-3.9284830171869474,4.75399172015954,8.682474737346487,0.381007852852734,4,delta_abs>=1; cambio_signo
50115975,mensual,2024-06-30,2024-08-31,4.75399172015954,2.3449688462467155,-2.4090228739128245,0.2833843223668766,9,delta_abs>=1
50115975,mensual,2024-08-31,2025-01-31,2.3449688462467155,-5.0650206176455536e-14,-2.344968846246766,0.0,3,delta_abs>=1; cambio_signo
50115975,mensual,2025-01-31,2026-02-28,-5.0650206176455536e-14,-3.233249012833425,-3.233249012833374,0.111111111111111,4,delta_abs>=1
50115975,semestral,2024-03-31,2024-04-30,0.0977918974872319,-0.0356795735974616,-0.13347147108469348,0.0001823278888736,12,cambio_signo
50115975,semestral,2024-08-31,2024-09-30,-0.1147664856677558,0.1518594520777104,0.26662593774546617,0.001710494599965,22,cambio_signo
50115975,semestral,2024-11-30,2024-12-31,0.3840586852141276,1.480208834761686,1.0961501495475583,0.1191657988757523,18,delta_abs>=1
50115975,semestral,2025-01-31,2025-02-28,1.802664530213864,0.6124045953697711,-1.190259934844093,0.0124564742775638,14,delta_abs>=1
50115975,semestral,2025-02-28,2025-03-31,0.6124045953697711,-1.4025069279455655,-2.0149115233153365,0.0333673696252306,11,delta_abs>=1; cambio_signo
50115975,semestral,2025-03-31,2025-04-30,-1.4025069279455655,-0.1726048574009679,1.2299020705445975,0.0013115442222116,13,delta_abs>=1
50115975,semestral,2025-06-30,2025-07-31,-0.1088816724174169,0.1018479543737424,0.2107296267911593,0.0020699138319459,12,cambio_signo
50115975,semestral,2025-07-31,2025-08-31,0.1018479543737424,-0.0150471320465256,-0.116895086420268,5.0944364022642574e-05,11,cambio_signo
50115975,semestral,2025-08-31,2025-09-30,-0.0150471320465256,0.7869402731720544,0.80198740521858,0.139789606265587,11,cambio_signo
50115975,semestral,2025-09-30,2025-10-31,0.7869402731720544,-0.0184773305831383,-0.8054176037551927,7.477283998091888e-05,9,cambio_signo
50115975,semestral,2025-10-31,2025-11-30,-0.0184773305831383,0.3764191591435242,0.39489648972666247,0.0812715659306908,7,cambio_signo
50115975,trimestral,2024-03-31,2024-04-30,0.0977918974872319,-0.0534258572815058,-0.1512177547687377,0.0003222751304634,6,cambio_signo
50115975,trimestral,2024-07-31,2024-08-31,-0.4585223975587178,0.5932064109044649,1.0517288084631828,0.0216111589280983,13,delta_abs>=1; cambio_signo
50115975,trimestral,2024-11-30,2024-12-31,0.8674807099502335,-65.36313873941425,-66.23061944936448,1.0,4,delta_abs>=1; cambio_signo
50115975,trimestral,2024-12-31,2025-01-31,-65.36313873941425,-5.046860969416102,60.31627776999815,0.0691543450529222,5,delta_abs>=1
50115975,trimestral,2025-01-31,2025-02-28,-5.046860969416102,-0.9459665479230912,4.1008944214930105,0.0155857391429398,6,delta_abs>=1
50115975,trimestral,2025-03-31,2025-05-31,-1.1087210134167975,0.1966005947545114,1.3053216081713088,0.005634367358542,9,delta_abs>=1; cambio_signo
50115975,trimestral,2025-06-30,2025-09-30,0.4437571248423649,7.269966078681829,6.826208953839465,1.0,3,delta_abs>=1
50115975,trimestral,2025-09-30,2025-10-31,7.269966078681829,0.8084960378527657,-6.461470040829063,0.0347679680413922,5,delta_abs>=1
50115975,trimestral,2025-11-30,2026-02-28,0.3463578818451177,-0.3376541612484961,-0.6840120430936139,0.0024556223659006,6,cambio_signo
50115975,trimestral,2026-02-28,2026-03-31,-0.3376541612484961,-3.025199720769205,-2.687545559520709,0.0917202161334036,5,delta_abs>=1
50115975,trimestral,2026-03-31,2026-04-30,-3.025199720769205,0.4168686992872121,3.442068420056417,0.012440268058607,5,delta_abs>=1; cambio_signo
50115980,mensual,2024-03-31,2024-08-31,2.132539028735881,-4.595151136319535,-6.7276901650554155,0.4507432370725848,4,delta_abs>=1; cambio_signo
50115980,mensual,2024-08-31,2024-09-30,-4.595151136319535,-2.5576398368950035,2.0375112994245312,0.1596499434141811,5,delta_abs>=1
50115980,mensual,2024-09-30,2025-01-31,-2.5576398368950035,-1.420804856348725,1.1368349805462785,0.0083333333333331,7,delta_abs>=1
50115980,mensual,2025-01-31,2025-02-28,-1.420804856348725,-0.3750914826779288,1.0457133736707962,0.0036479115962171,5,delta_abs>=1
50115980,mensual,2025-02-28,2025-06-30,-0.3750914826779288,0.2069022090849495,0.5819936917628783,0.0077398527765057,5,cambio_signo
50115980,mensual,2025-06-30,2025-10-31,0.2069022090849495,7.406503751883714,7.1996015427987645,0.25,3,delta_abs>=1
50115980,mensual,2025-10-31,2026-03-31,7.406503751883714,-9.70042242912124,-17.106926181004955,1.0,3,delta_abs>=1; cambio_signo
50115980,semestral,2024-04-30,2024-05-31,2.7039955134965985,1.3186669390760224,-1.385328574420576,0.0728499867922041,12,delta_abs>=1
50115980,semestral,2024-05-31,2024-06-30,1.3186669390760224,2.3310263377945386,1.0123593987185162,0.1827493966902197,13,delta_abs>=1
50115980,semestral,2024-07-31,2024-08-31,1.6640452510896668,-0.1845779105299298,-1.8486231616195967,0.0012307841033615,12,delta_abs>=1; cambio_signo
50115980,semestral,2025-01-31,2025-02-28,-0.1004812046962041,0.7946763501929623,0.8951575548891665,0.0242273271981687,23,cambio_signo
50115980,semestral,2025-02-28,2025-03-31,0.7946763501929623,-0.0275528847410592,-0.8222292349340216,4.043823327160023e-05,24,cambio_signo
50115980,semestral,2025-09-30,2025-10-31,-0.3583260741878642,0.4050222939999222,0.7633483681877864,0.0160189787489882,17,cambio_signo
50115980,semestral,2025-11-30,2025-12-31,0.3949221179239626,4.026495779628571,3.631573661704609,0.1884213251596016,12,delta_abs>=1
50115980,semestral,2026-01-31,2026-02-28,3.45128209682466,2.415897467777265,-1.0353846290473947,0.0376842650319203,12,delta_abs>=1
50115980,semestral,2026-02-28,2026-03-31,2.415897467777265,-3.213441154910244,-5.629338622687509,0.5867755396427312,14,delta_abs>=1; cambio_signo
50115980,semestral,2026-03-31,2026-04-30,-3.213441154910244,-1.7086231613416774,1.5048179935685668,0.328304960453899,16,delta_abs>=1
50115980,trimestral,2024-04-30,2024-05-31,1.6899971959353577,0.6700841300951569,-1.0199130658402007,0.0611026112133242,6,delta_abs>=1
50115980,trimestral,2024-05-31,2024-06-30,0.6700841300951569,2.6484160161184755,1.9783318860233186,0.2342678327079956,4,delta_abs>=1
50115980,trimestral,2024-06-30,2024-07-31,2.6484160161184755,1.1329627377239362,-1.5154532783945394,0.0334013978864247,4,delta_abs>=1
50115980,trimestral,2024-08-31,2024-09-30,0.1641425462626294,-0.6928472188695163,-0.8569897651321456,0.0500182333285873,10,cambio_signo
50115980,trimestral,2024-10-31,2024-11-30,-0.4956216231394026,0.5715496070595912,1.0671712301989937,0.0073773848935139,8,delta_abs>=1; cambio_signo
50115980,trimestral,2024-11-30,2024-12-31,0.5715496070595912,3.633258172969241,3.0617085659096497,0.2005871590061414,6,delta_abs>=1
50115980,trimestral,2024-12-31,2025-01-31,3.633258172969241,1.1169001230492603,-2.5163580499199805,0.050177087699664,11,delta_abs>=1
50115980,trimestral,2025-01-31,2025-02-28,1.1169001230492603,-0.411907697600074,-1.5288078206493343,0.006746421837827,15,delta_abs>=1; cambio_signo
50115980,trimestral,2025-08-31,2025-10-31,-0.2334332836802005,7.406503751883751,7.6399370355639515,0.4000000000000001,6,delta_abs>=1; cambio_signo
50115980,trimestral,2025-10-31,2025-11-30,7.406503751883751,4.937669167922349,-2.468834583961402,0.1666666666666665,5,delta_abs>=1
50115980,trimestral,2025-12-31,2026-03-31,4.026495779628117,-3.810989829918917,-7.837485609547034,0.9538144362480996,7,delta_abs>=1; cambio_signo
50115980,trimestral,2026-03-31,2026-04-30,-3.810989829918917,-1.9753733162860827,1.8356165136328342,0.3008714739231611,11,delta_abs>=1
