SKU,periodo_inicio,periodo_fin,tipo_ventana,beta,r2,n_observaciones
50014835,2024-02-01,2024-02-29,mensual,,,2
50014835,2024-05-01,2024-05-31,mensual,,,1
50014835,2024-07-01,2024-07-31,mensual,,,2
50014835,2024-08-01,2024-08-31,mensual,,,1
50014835,2024-11-01,2024-11-30,mensual,,,1
50014835,2024-12-01,2024-12-31,mensual,,,1
50014835,2025-01-01,2025-01-31,mensual,,,1
50014835,2025-06-01,2025-06-30,mensual,,,1
50014835,2025-08-01,2025-08-31,mensual,,,2
50014835,2025-09-01,2025-09-30,mensual,,,2
50014835,2025-11-01,2025-11-30,mensual,,,1
50014835,2025-12-01,2025-12-31,mensual,,,1
50014835,2024-02-01,2024-04-30,trimestral,,,2
50014835,2024-03-01,2024-05-31,trimestral,,,1
50014835,2024-04-01,2024-06-30,trimestral,,,1
50014835,2024-05-01,2024-07-31,trimestral,,,3
50014835,2024-06-01,2024-08-31,trimestral,,,3
50014835,2024-07-01,2024-09-30,trimestral,,,3
50014835,2024-08-01,2024-10-31,trimestral,,,1
50014835,2024-09-01,2024-11-30,trimestral,,,1
50014835,2024-10-01,2024-12-31,trimestral,,,2
50014835,2024-11-01,2025-01-31,trimestral,,,3
50014835,2024-12-01,2025-02-28,trimestral,,,2
50014835,2025-01-01,2025-03-31,trimestral,,,1
50014835,2025-04-01,2025-06-30,trimestral,,,1
50014835,2025-05-01,2025-07-31,trimestral,,,1
50014835,2025-06-01,2025-08-31,trimestral,,,3
50014835,2025-07-01,2025-09-30,trimestral,,,4
50014835,2025-08-01,2025-10-31,trimestral,,,4
50014835,2025-09-01,2025-11-30,trimestral,,,3
50014835,2025-10-01,2025-12-31,trimestral,,,2
50014835,2024-02-01,2024-07-31,semestral,,,5
50014835,2024-03-01,2024-08-31,semestral,,,4
50014835,2024-04-01,2024-09-30,semestral,,,4
50014835,2024-05-01,2024-10-31,semestral,,,4
50014835,2024-06-01,2024-11-30,semestral,0.0,,4
50014835,2024-07-01,2024-12-31,semestral,0.0,,5
50014835,2024-08-01,2025-01-31,semestral,0.0,,4
50014835,2024-09-01,2025-02-28,semestral,,,3
50014835,2024-10-01,2025-03-31,semestral,,,3
50014835,2024-11-01,2025-04-30,semestral,,,3
50014835,2024-12-01,2025-05-31,semestral,,,2
50014835,2025-01-01,2025-06-30,semestral,,,2
50014835,2025-02-01,2025-07-31,semestral,,,1
50014835,2025-03-01,2025-08-31,semestral,,,3
50014835,2025-04-01,2025-09-30,semestral,,,5
50014835,2025-05-01,2025-10-31,semestral,,,5
50014835,2025-06-01,2025-11-30,semestral,,,6
50014835,2025-07-01,2025-12-31,semestral,,,6
50016492,2024-01-01,2024-01-31,mensual,,,1
50016492,2024-05-01,2024-05-31,mensual,,,1
50016492,2024-06-01,2024-06-30,mensual,,,1
50016492,2024-07-01,2024-07-31,mensual,,,1
50016492,2024-08-01,2024-08-31,mensual,,,3
50016492,2024-09-01,2024-09-30,mensual,,,1
50016492,2024-12-01,2024-12-31,mensual,,,1
50016492,2025-01-01,2025-01-31,mensual,,,1
50016492,2025-02-01,2025-02-28,mensual,,,1
50016492,2025-06-01,2025-06-30,mensual,,,1
50016492,2025-09-01,2025-09-30,mensual,0.0,,2
50016492,2025-10-01,2025-10-31,mensual,,,1
50016492,2026-01-01,2026-01-31,mensual,,,1
50016492,2026-02-01,2026-02-28,mensual,,,1
50016492,2026-03-01,2026-03-31,mensual,,,1
50016492,2024-01-01,2024-03-31,trimestral,,,1
50016492,2024-03-01,2024-05-31,trimestral,,,1
50016492,2024-04-01,2024-06-30,trimestral,,,2
50016492,2024-05-01,2024-07-31,trimestral,,,3
50016492,2024-06-01,2024-08-31,trimestral,,,5
50016492,2024-07-01,2024-09-30,trimestral,,,5
50016492,2024-08-01,2024-10-31,trimestral,,,4
50016492,2024-09-01,2024-11-30,trimestral,,,1
50016492,2024-10-01,2024-12-31,trimestral,,,1
50016492,2024-11-01,2025-01-31,trimestral,,,2
50016492,2024-12-01,2025-02-28,trimestral,,,3
50016492,2025-01-01,2025-03-31,trimestral,,,2
50016492,2025-02-01,2025-04-30,trimestral,,,1
50016492,2025-04-01,2025-06-30,trimestral,,,1
50016492,2025-05-01,2025-07-31,trimestral,,,1
50016492,2025-06-01,2025-08-31,trimestral,,,1
50016492,2025-07-01,2025-09-30,trimestral,0.0,,2
50016492,2025-08-01,2025-10-31,trimestral,0.0,,3
50016492,2025-09-01,2025-11-30,trimestral,0.0,,3
50016492,2025-10-01,2025-12-31,trimestral,,,1
50016492,2025-11-01,2026-01-31,trimestral,,,1
50016492,2025-12-01,2026-02-28,trimestral,,,2
50016492,2026-01-01,2026-03-31,trimestral,,,3
50016492,2024-01-01,2024-06-30,semestral,,,3
50016492,2024-02-01,2024-07-31,semestral,,,3
50016492,2024-03-01,2024-08-31,semestral,,,6
50016492,2024-04-01,2024-09-30,semestral,,,7
50016492,2024-05-01,2024-10-31,semestral,,,7
50016492,2024-06-01,2024-11-30,semestral,,,6
50016492,2024-07-01,2024-12-31,semestral,-0.5826111859690799,0.001280696567623,6
50016492,2024-08-01,2025-01-31,semestral,-1.1546257299715225e-13,1.1102230246251563e-16,6
50016492,2024-09-01,2025-02-28,semestral,4.679185109631283,0.3333333333333333,4
50016492,2024-10-01,2025-03-31,semestral,,,3
50016492,2024-11-01,2025-04-30,semestral,,,3
50016492,2024-12-01,2025-05-31,semestral,,,3
50016492,2025-01-01,2025-06-30,semestral,0.4990691922490569,1.0,3
50016492,2025-02-01,2025-07-31,semestral,0.499069192249057,1.0,2
50016492,2025-03-01,2025-08-31,semestral,,,1
50016492,2025-04-01,2025-09-30,semestral,0.399419039053934,0.9177686769471024,3
50016492,2025-05-01,2025-10-31,semestral,0.4122284220266197,0.9067992104118918,4
50016492,2025-06-01,2025-11-30,semestral,0.4122284220266197,0.9067992104118918,4
50016492,2025-07-01,2025-12-31,semestral,0.0,,3
50016492,2025-08-01,2026-01-31,semestral,0.0,,4
50016492,2025-09-01,2026-02-28,semestral,0.0,,5
50016492,2025-10-01,2026-03-31,semestral,,,4
50016558,2024-04-01,2024-04-30,mensual,,,1
50016558,2024-05-01,2024-05-31,mensual,,,1
50016558,2024-06-01,2024-06-30,mensual,,,1
50016558,2024-10-01,2024-10-31,mensual,,,1
50016558,2025-01-01,2025-01-31,mensual,,,1
50016558,2025-07-01,2025-07-31,mensual,0.0,,2
50016558,2025-09-01,2025-09-30,mensual,,,1
50016558,2025-11-01,2025-11-30,mensual,,,1
50016558,2025-12-01,2025-12-31,mensual,,,1
50016558,2026-02-01,2026-02-28,mensual,,,1
50016558,2026-04-01,2026-04-30,mensual,,,1
50016558,2024-04-01,2024-06-30,trimestral,0.0,,3
50016558,2024-05-01,2024-07-31,trimestral,0.0,,2
50016558,2024-06-01,2024-08-31,trimestral,,,1
50016558,2024-08-01,2024-10-31,trimestral,,,1
50016558,2024-09-01,2024-11-30,trimestral,,,1
50016558,2024-10-01,2024-12-31,trimestral,,,1
50016558,2024-11-01,2025-01-31,trimestral,,,1
50016558,2024-12-01,2025-02-28,trimestral,,,1
50016558,2025-01-01,2025-03-31,trimestral,,,1
50016558,2025-05-01,2025-07-31,trimestral,0.0,,2
50016558,2025-06-01,2025-08-31,trimestral,0.0,,2
50016558,2025-07-01,2025-09-30,trimestral,0.0,,3
50016558,2025-08-01,2025-10-31,trimestral,,,1
50016558,2025-09-01,2025-11-30,trimestral,,,2
50016558,2025-10-01,2025-12-31,trimestral,,,2
50016558,2025-11-01,2026-01-31,trimestral,,,2
50016558,2025-12-01,2026-02-28,trimestral,,,2
50016558,2026-01-01,2026-03-31,trimestral,,,1
50016558,2026-02-01,2026-04-30,trimestral,,,2
50016558,2024-04-01,2024-09-30,semestral,0.0,,3
50016558,2024-05-01,2024-10-31,semestral,0.0,,3
50016558,2024-06-01,2024-11-30,semestral,0.0,,2
50016558,2024-07-01,2024-12-31,semestral,,,1
50016558,2024-08-01,2025-01-31,semestral,0.0,,2
50016558,2024-09-01,2025-02-28,semestral,0.0,,2
50016558,2024-10-01,2025-03-31,semestral,0.0,,2
50016558,2024-11-01,2025-04-30,semestral,,,1
50016558,2024-12-01,2025-05-31,semestral,,,1
50016558,2025-01-01,2025-06-30,semestral,,,1
50016558,2025-02-01,2025-07-31,semestral,0.0,,2
50016558,2025-03-01,2025-08-31,semestral,0.0,,2
50016558,2025-04-01,2025-09-30,semestral,0.0,,3
50016558,2025-05-01,2025-10-31,semestral,0.0,,3
50016558,2025-06-01,2025-11-30,semestral,-5.130503957718363,0.1115932517970171,4
50016558,2025-07-01,2025-12-31,semestral,-3.8515205583779686,0.0628815873513357,5
50016558,2025-08-01,2026-01-31,semestral,,,3
50016558,2025-09-01,2026-02-28,semestral,,,4
50016558,2025-10-01,2026-03-31,semestral,,,3
50016558,2025-11-01,2026-04-30,semestral,,,4
50016621,2024-02-01,2024-02-29,mensual,,,1
50016621,2024-05-01,2024-05-31,mensual,,,1
50016621,2024-02-01,2024-04-30,trimestral,,,1
50016621,2024-03-01,2024-05-31,trimestral,,,1
50027543,2024-08-01,2024-08-31,mensual,,,1
50027543,2024-12-01,2024-12-31,mensual,,,1
50027543,2025-02-01,2025-02-28,mensual,,,1
50027543,2025-03-01,2025-03-31,mensual,,,1
50027543,2025-04-01,2025-04-30,mensual,,,1
50027543,2025-08-01,2025-08-31,mensual,,,1
50027543,2025-09-01,2025-09-30,mensual,,,4
50027543,2025-10-01,2025-10-31,mensual,,,1
50027543,2026-02-01,2026-02-28,mensual,,,1
50027543,2024-08-01,2024-10-31,trimestral,,,1
50027543,2024-10-01,2024-12-31,trimestral,,,1
50027543,2024-11-01,2025-01-31,trimestral,,,1
50027543,2024-12-01,2025-02-28,trimestral,,,2
50027543,2025-01-01,2025-03-31,trimestral,,,2
50027543,2025-02-01,2025-04-30,trimestral,,,3
50027543,2025-03-01,2025-05-31,trimestral,,,2
50027543,2025-04-01,2025-06-30,trimestral,,,1
50027543,2025-06-01,2025-08-31,trimestral,,,1
50027543,2025-07-01,2025-09-30,trimestral,,,5
50027543,2025-08-01,2025-10-31,trimestral,,,6
50027543,2025-09-01,2025-11-30,trimestral,,,5
50027543,2025-10-01,2025-12-31,trimestral,,,1
50027543,2025-12-01,2026-02-28,trimestral,,,1
50027543,2024-08-01,2025-01-31,semestral,-1.6849233897189926,1.0,2
50027543,2024-09-01,2025-02-28,semestral,,,2
50027543,2024-10-01,2025-03-31,semestral,,,3
50027543,2024-11-01,2025-04-30,semestral,,,4
50027543,2024-12-01,2025-05-31,semestral,,,4
50027543,2025-01-01,2025-06-30,semestral,,,3
50027543,2025-02-01,2025-07-31,semestral,,,3
50027543,2025-03-01,2025-08-31,semestral,,,3
50027543,2025-04-01,2025-09-30,semestral,,,6
50027543,2025-05-01,2025-10-31,semestral,,,6
50027543,2025-06-01,2025-11-30,semestral,,,6
50027543,2025-07-01,2025-12-31,semestral,,,6
50027543,2025-08-01,2026-01-31,semestral,,,6
50027543,2025-09-01,2026-02-28,semestral,,,6
50028188,2024-01-01,2024-01-31,mensual,,,1
50028188,2024-05-01,2024-05-31,mensual,,,2
50028188,2024-07-01,2024-07-31,mensual,,,1
50028188,2024-08-01,2024-08-31,mensual,,,1
50028188,2024-10-01,2024-10-31,mensual,,,1
50028188,2025-01-01,2025-01-31,mensual,,,1
50028188,2025-05-01,2025-05-31,mensual,,,1
50028188,2025-08-01,2025-08-31,mensual,0.0,,3
50028188,2025-09-01,2025-09-30,mensual,,,1
50028188,2025-12-01,2025-12-31,mensual,,,3
50028188,2026-02-01,2026-02-28,mensual,,,1
50028188,2026-03-01,2026-03-31,mensual,,,1
50028188,2024-01-01,2024-03-31,trimestral,,,1
50028188,2024-03-01,2024-05-31,trimestral,,,2
50028188,2024-04-01,2024-06-30,trimestral,,,2
50028188,2024-05-01,2024-07-31,trimestral,,,3
50028188,2024-06-01,2024-08-31,trimestral,0.0,,2
50028188,2024-07-01,2024-09-30,trimestral,0.0,,2
50028188,2024-08-01,2024-10-31,trimestral,0.0,,2
50028188,2024-09-01,2024-11-30,trimestral,,,1
50028188,2024-10-01,2024-12-31,trimestral,,,1
50028188,2024-11-01,2025-01-31,trimestral,,,1
50028188,2024-12-01,2025-02-28,trimestral,,,1
50028188,2025-01-01,2025-03-31,trimestral,,,1
50028188,2025-03-01,2025-05-31,trimestral,,,1
50028188,2025-04-01,2025-06-30,trimestral,,,1
50028188,2025-05-01,2025-07-31,trimestral,,,1
50028188,2025-06-01,2025-08-31,trimestral,0.0,,3
50028188,2025-07-01,2025-09-30,trimestral,0.0,,4
50028188,2025-08-01,2025-10-31,trimestral,0.0,,4
50028188,2025-09-01,2025-11-30,trimestral,,,1
50028188,2025-10-01,2025-12-31,trimestral,,,3
50028188,2025-11-01,2026-01-31,trimestral,,,3
50028188,2025-12-01,2026-02-28,trimestral,,,4
50028188,2026-01-01,2026-03-31,trimestral,,,2
50028188,2024-01-01,2024-06-30,semestral,,,3
50028188,2024-02-01,2024-07-31,semestral,,,3
50028188,2024-03-01,2024-08-31,semestral,0.8101684687071999,0.111111111111111,4
50028188,2024-04-01,2024-09-30,semestral,0.8101684687071999,0.111111111111111,4
50028188,2024-05-01,2024-10-31,semestral,0.6076263515303859,0.0625,5
50028188,2024-06-01,2024-11-30,semestral,0.0,,3
50028188,2024-07-01,2024-12-31,semestral,0.0,,3
50028188,2024-08-01,2025-01-31,semestral,1.3563161190566702,0.3717635287726515,3
50028188,2024-09-01,2025-02-28,semestral,14.624273598687273,1.0,2
50028188,2024-10-01,2025-03-31,semestral,14.624273598687273,1.0,2
50028188,2024-11-01,2025-04-30,semestral,,,1
50028188,2024-12-01,2025-05-31,semestral,,,2
50028188,2025-01-01,2025-06-30,semestral,,,2
50028188,2025-02-01,2025-07-31,semestral,,,1
50028188,2025-03-01,2025-08-31,semestral,0.0,,4
50028188,2025-04-01,2025-09-30,semestral,0.0,,5
50028188,2025-05-01,2025-10-31,semestral,0.0,,5
50028188,2025-06-01,2025-11-30,semestral,0.0,,4
50028188,2025-07-01,2025-12-31,semestral,0.6470947038674562,0.0277372063019686,7
50028188,2025-08-01,2026-01-31,semestral,0.6470947038674562,0.0277372063019686,7
50028188,2025-09-01,2026-02-28,semestral,,,5
50028188,2025-10-01,2026-03-31,semestral,,,5
50028915,2024-01-01,2024-01-31,mensual,,,1
50028915,2024-02-01,2024-02-29,mensual,,,1
50028915,2024-05-01,2024-05-31,mensual,,,1
50028915,2024-06-01,2024-06-30,mensual,0.5093579900236872,1.0,2
50028915,2024-08-01,2024-08-31,mensual,,,1
50028915,2024-09-01,2024-09-30,mensual,,,2
50028915,2024-11-01,2024-11-30,mensual,,,1
50028915,2025-01-01,2025-01-31,mensual,,,1
50028915,2025-02-01,2025-02-28,mensual,,,1
50028915,2025-03-01,2025-03-31,mensual,,,1
50028915,2025-04-01,2025-04-30,mensual,1.5640351042563625,0.5902790765706053,4
50028915,2025-05-01,2025-05-31,mensual,,,1
50028915,2025-06-01,2025-06-30,mensual,,,5
50028915,2025-07-01,2025-07-31,mensual,,,1
50028915,2025-08-01,2025-08-31,mensual,,,3
50028915,2025-09-01,2025-09-30,mensual,,,2
50028915,2025-10-01,2025-10-31,mensual,0.0,,3
50028915,2025-11-01,2025-11-30,mensual,,,1
50028915,2025-12-01,2025-12-31,mensual,,,1
50028915,2026-01-01,2026-01-31,mensual,,,3
50028915,2026-02-01,2026-02-28,mensual,,,1
50028915,2026-03-01,2026-03-31,mensual,,,2
50028915,2026-04-01,2026-04-30,mensual,,,2
50028915,2024-01-01,2024-03-31,trimestral,-0.3336903265166426,1.0,2
50028915,2024-02-01,2024-04-30,trimestral,,,1
50028915,2024-03-01,2024-05-31,trimestral,,,1
50028915,2024-04-01,2024-06-30,trimestral,0.5093579900236865,1.0,3
50028915,2024-05-01,2024-07-31,trimestral,0.5093579900236865,1.0,3
50028915,2024-06-01,2024-08-31,trimestral,-7.457135351777085e-16,0.0,3
50028915,2024-07-01,2024-09-30,trimestral,,,3
50028915,2024-08-01,2024-10-31,trimestral,,,3
50028915,2024-09-01,2024-11-30,trimestral,-1.0000000000000004,1.0,3
50028915,2024-10-01,2024-12-31,trimestral,,,1
50028915,2024-11-01,2025-01-31,trimestral,0.267789328104645,1.0,2
50028915,2024-12-01,2025-02-28,trimestral,0.5700210235557658,1.0,2
50028915,2025-01-01,2025-03-31,trimestral,0.7769968920907909,0.8606359987188111,3
50028915,2025-02-01,2025-04-30,trimestral,1.434761609541477,0.5751609085325223,6
50028915,2025-03-01,2025-05-31,trimestral,1.5460465084232404,0.6863704309614789,6
50028915,2025-04-01,2025-06-30,trimestral,0.775896754079757,0.1463026886277287,10
50028915,2025-05-01,2025-07-31,trimestral,,,7
50028915,2025-06-01,2025-08-31,trimestral,-3.926900364314427,0.3226232429638859,9
50028915,2025-07-01,2025-09-30,trimestral,-2.454939207386773,0.4533090297267171,6
50028915,2025-08-01,2025-10-31,trimestral,-0.5583223039109295,0.2858565324909566,8
50028915,2025-09-01,2025-11-30,trimestral,-0.188474849747147,0.2288881321554767,6
50028915,2025-10-01,2025-12-31,trimestral,-0.1618106261950873,0.2774118074249758,5
50028915,2025-11-01,2026-01-31,trimestral,-1.0000000000000029,1.0,5
50028915,2025-12-01,2026-02-28,trimestral,1.4734629025821293,1.0,5
50028915,2026-01-01,2026-03-31,trimestral,1.3261166123239174,0.7714285714285714,6
50028915,2026-02-01,2026-04-30,trimestral,1.2892800397593591,0.765625,5
50028915,2024-01-01,2024-06-30,semestral,-0.0026233103214621,4.53892861536076e-05,5
50028915,2024-02-01,2024-07-31,semestral,0.3395719933491253,0.3333333333333333,4
50028915,2024-03-01,2024-08-31,semestral,0.1697859966745616,0.0303030303030303,4
50028915,2024-04-01,2024-09-30,semestral,0.101871598004738,0.011764705882353,6
50028915,2024-05-01,2024-10-31,semestral,0.101871598004738,0.011764705882353,6
50028915,2024-06-01,2024-11-30,semestral,-0.1228256734250228,0.0256146425319362,6
50028915,2024-07-01,2024-12-31,semestral,-0.4301629028828432,0.0664953061110031,4
50028915,2024-08-01,2025-01-31,semestral,0.3531974518110953,0.4044372759114937,5
50028915,2024-09-01,2025-02-28,semestral,0.4249636918542253,0.6166976694888017,5
50028915,2024-10-01,2025-03-31,semestral,0.533792515329662,0.4799669234665248,4
50028915,2024-11-01,2025-04-30,semestral,0.7068102475509145,0.4114500450169719,8
50028915,2024-12-01,2025-05-31,semestral,0.9619184377802232,0.6602658059491037,8
50028915,2025-01-01,2025-06-30,semestral,0.6929955506966915,0.2975249840379561,13
50028915,2025-02-01,2025-07-31,semestral,0.9141819135361664,0.1800526195839032,13
50028915,2025-03-01,2025-08-31,semestral,0.0439595948244105,0.0003305089601698,15
50028915,2025-04-01,2025-09-30,semestral,-0.0770078299209396,0.0010558132778195,16
50028915,2025-05-01,2025-10-31,semestral,-0.4868117782084762,0.1571845994534888,15
50028915,2025-06-01,2025-11-30,semestral,-0.4839712715788014,0.1742128923244873,15
50028915,2025-07-01,2025-12-31,semestral,-0.4784145038592159,0.2062424686154828,11
50028915,2025-08-01,2026-01-31,semestral,-0.5152567812339496,0.217886897104043,13
50028915,2025-09-01,2026-02-28,semestral,0.0541844317505955,0.006503733086149,11
50028915,2025-10-01,2026-03-31,semestral,0.0541844317505963,0.0065037330861492,11
50028915,2025-11-01,2026-04-30,semestral,0.5554648675073438,0.1984214823265697,10
50029187,2024-02-01,2024-02-29,mensual,,,1
50029187,2024-06-01,2024-06-30,mensual,,,1
50029187,2024-09-01,2024-09-30,mensual,,,1
50029187,2024-10-01,2024-10-31,mensual,,,1
50029187,2024-11-01,2024-11-30,mensual,-1.000000000000004,1.0,2
50029187,2024-12-01,2024-12-31,mensual,,,1
50029187,2025-03-01,2025-03-31,mensual,,,1
50029187,2025-05-01,2025-05-31,mensual,,,1
50029187,2025-07-01,2025-07-31,mensual,,,1
50029187,2025-08-01,2025-08-31,mensual,,,1
50029187,2025-09-01,2025-09-30,mensual,,,1
50029187,2025-10-01,2025-10-31,mensual,,,1
50029187,2025-11-01,2025-11-30,mensual,,,1
50029187,2026-01-01,2026-01-31,mensual,,,1
50029187,2026-03-01,2026-03-31,mensual,,,1
50029187,2024-02-01,2024-04-30,trimestral,,,1
50029187,2024-04-01,2024-06-30,trimestral,,,1
50029187,2024-05-01,2024-07-31,trimestral,,,1
50029187,2024-06-01,2024-08-31,trimestral,,,1
50029187,2024-07-01,2024-09-30,trimestral,,,1
50029187,2024-08-01,2024-10-31,trimestral,,,2
50029187,2024-09-01,2024-11-30,trimestral,-1.569837097117157,0.4868309647967974,4
50029187,2024-10-01,2024-12-31,trimestral,-2.1396741942343027,0.637995620458031,4
50029187,2024-11-01,2025-01-31,trimestral,-1.854755645675716,0.6108229873921752,3
50029187,2024-12-01,2025-02-28,trimestral,,,1
50029187,2025-01-01,2025-03-31,trimestral,,,1
50029187,2025-02-01,2025-04-30,trimestral,,,1
50029187,2025-03-01,2025-05-31,trimestral,1.3485502794990685,1.0,2
50029187,2025-04-01,2025-06-30,trimestral,,,1
50029187,2025-05-01,2025-07-31,trimestral,2.7690703668187446e-16,,2
50029187,2025-06-01,2025-08-31,trimestral,-9.54029387460363e-16,,2
50029187,2025-07-01,2025-09-30,trimestral,0.8906461053532979,0.7642943126958486,3
50029187,2025-08-01,2025-10-31,trimestral,-0.3130366202398043,0.0223460414817379,3
50029187,2025-09-01,2025-11-30,trimestral,-1.2075187496394222,0.4362724446147908,3
50029187,2025-10-01,2025-12-31,trimestral,-1.9999999999999971,1.0,2
50029187,2025-11-01,2026-01-31,trimestral,-0.4150374992788435,1.0,2
50029187,2025-12-01,2026-02-28,trimestral,,,1
50029187,2026-01-01,2026-03-31,trimestral,,,2
50029187,2024-02-01,2024-07-31,semestral,,,2
50029187,2024-03-01,2024-08-31,semestral,,,1
50029187,2024-04-01,2024-09-30,semestral,,,2
50029187,2024-05-01,2024-10-31,semestral,,,3
50029187,2024-06-01,2024-11-30,semestral,-1.4273778228378684,0.4264870759609739,5
50029187,2024-07-01,2024-12-31,semestral,-1.8547556456757357,0.4849913348371154,5
50029187,2024-08-01,2025-01-31,semestral,-1.8547556456757357,0.4849913348371154,5
50029187,2024-09-01,2025-02-28,semestral,-1.8547556456757357,0.4849913348371154,5
50029187,2024-10-01,2025-03-31,semestral,-0.5829201111062454,0.0744611747396547,5
50029187,2024-11-01,2025-04-30,semestral,-0.2905431045511008,0.0182400716761691,4
50029187,2024-12-01,2025-05-31,semestral,0.808336268242128,0.3282923310555226,3
50029187,2025-01-01,2025-06-30,semestral,1.3485502794990685,1.0,2
50029187,2025-02-01,2025-07-31,semestral,1.3816405960909148,0.7889461584037203,3
50029187,2025-03-01,2025-08-31,semestral,0.8872072459710322,0.3609921895453145,4
50029187,2025-04-01,2025-09-30,semestral,0.4832948329322631,0.2764880386236727,4
50029187,2025-05-01,2025-10-31,semestral,-0.2352896487234125,0.0149939333892807,5
50029187,2025-06-01,2025-11-30,semestral,-1.0172077220148137,0.3424860531710786,5
50029187,2025-07-01,2025-12-31,semestral,-1.0172077220148137,0.3424860531710786,5
50029187,2025-08-01,2026-01-31,semestral,-0.6891910192133579,0.1746555400257813,5
50029187,2025-09-01,2026-02-28,semestral,-0.9433583328525652,0.284966734791108,4
50029187,2025-10-01,2026-03-31,semestral,-1.4716791664262807,0.4923679971040664,4
50031716,2025-06-01,2025-06-30,mensual,,,1
50031720,2024-02-01,2024-02-29,mensual,,,2
50031720,2024-07-01,2024-07-31,mensual,,,2
50031720,2025-04-01,2025-04-30,mensual,,,1
50031720,2024-02-01,2024-04-30,trimestral,,,2
50031720,2024-05-01,2024-07-31,trimestral,,,2
50031720,2024-06-01,2024-08-31,trimestral,,,2
50031720,2024-07-01,2024-09-30,trimestral,,,2
50031720,2025-02-01,2025-04-30,trimestral,,,1
50031720,2024-02-01,2024-07-31,semestral,-5.626725500014316,0.0333010570285166,4
50031720,2024-03-01,2024-08-31,semestral,,,2
50031720,2024-04-01,2024-09-30,semestral,,,2
50031720,2024-05-01,2024-10-31,semestral,,,2
50031720,2024-06-01,2024-11-30,semestral,,,2
50031720,2024-07-01,2024-12-31,semestral,,,2
50031720,2024-11-01,2025-04-30,semestral,,,1
50031721,2024-03-01,2024-03-31,mensual,,,1
50031721,2024-12-01,2024-12-31,mensual,,,1
50031721,2024-03-01,2024-05-31,trimestral,,,1
50031721,2024-10-01,2024-12-31,trimestral,,,1
50031721,2024-03-01,2024-08-31,semestral,,,1
50031721,2024-07-01,2024-12-31,semestral,,,1
50032243,2024-01-01,2024-01-31,mensual,,,1
50032243,2024-05-01,2024-05-31,mensual,,,2
50032243,2024-12-01,2024-12-31,mensual,,,1
50032243,2025-09-01,2025-09-30,mensual,,,1
50032243,2026-01-01,2026-01-31,mensual,,,1
50032243,2024-01-01,2024-03-31,trimestral,,,1
50032243,2024-03-01,2024-05-31,trimestral,,,2
50032243,2024-04-01,2024-06-30,trimestral,,,2
50032243,2024-05-01,2024-07-31,trimestral,,,2
50032243,2024-10-01,2024-12-31,trimestral,,,1
50032243,2024-11-01,2025-01-31,trimestral,,,1
50032243,2024-12-01,2025-02-28,trimestral,,,1
50032243,2025-07-01,2025-09-30,trimestral,,,1
50032243,2025-08-01,2025-10-31,trimestral,,,1
50032243,2025-09-01,2025-11-30,trimestral,,,1
50032243,2025-11-01,2026-01-31,trimestral,,,1
50032243,2024-01-01,2024-06-30,semestral,,,3
50032243,2024-02-01,2024-07-31,semestral,,,2
50032243,2024-03-01,2024-08-31,semestral,,,2
50032243,2024-04-01,2024-09-30,semestral,,,2
50032243,2024-05-01,2024-10-31,semestral,,,2
50032243,2024-07-01,2024-12-31,semestral,,,1
50032243,2024-08-01,2025-01-31,semestral,,,1
50032243,2024-09-01,2025-02-28,semestral,,,1
50032243,2024-10-01,2025-03-31,semestral,,,1
50032243,2024-11-01,2025-04-30,semestral,,,1
50032243,2024-12-01,2025-05-31,semestral,,,1
50032243,2025-04-01,2025-09-30,semestral,,,1
50032243,2025-05-01,2025-10-31,semestral,,,1
50032243,2025-06-01,2025-11-30,semestral,,,1
50032243,2025-07-01,2025-12-31,semestral,,,1
50032243,2025-08-01,2026-01-31,semestral,,,2
50032245,2024-02-01,2024-02-29,mensual,,,1
50032245,2024-05-01,2024-05-31,mensual,,,1
50032245,2024-06-01,2024-06-30,mensual,,,1
50032245,2024-10-01,2024-10-31,mensual,,,1
50032245,2024-02-01,2024-04-30,trimestral,,,1
50032245,2024-03-01,2024-05-31,trimestral,,,1
50032245,2024-04-01,2024-06-30,trimestral,,,2
50032245,2024-05-01,2024-07-31,trimestral,,,2
50032245,2024-06-01,2024-08-31,trimestral,,,1
50032245,2024-08-01,2024-10-31,trimestral,,,1
50032245,2024-02-01,2024-07-31,semestral,,,3
50032245,2024-03-01,2024-08-31,semestral,,,2
50032245,2024-04-01,2024-09-30,semestral,,,2
50032245,2024-05-01,2024-10-31,semestral,0.0,,3
50032248,2024-01-01,2024-01-31,mensual,,,1
50032248,2026-03-01,2026-03-31,mensual,,,1
50032248,2024-01-01,2024-03-31,trimestral,,,1
50032248,2026-01-01,2026-03-31,trimestral,,,1
50032248,2024-01-01,2024-06-30,semestral,,,1
50032248,2025-10-01,2026-03-31,semestral,,,1
50032249,2024-09-01,2024-09-30,mensual,,,1
50032685,2024-04-01,2024-04-30,mensual,,,1
50032685,2024-06-01,2024-06-30,mensual,,,1
50032685,2024-08-01,2024-08-31,mensual,0.0,,2
50032685,2026-04-01,2026-04-30,mensual,,,1
50032685,2024-04-01,2024-06-30,trimestral,,,2
50032685,2024-05-01,2024-07-31,trimestral,,,1
50032685,2024-06-01,2024-08-31,trimestral,0.0,,3
50032685,2024-07-01,2024-09-30,trimestral,0.0,,2
50032685,2024-08-01,2024-10-31,trimestral,0.0,,2
50032685,2026-02-01,2026-04-30,trimestral,,,1
50032685,2024-04-01,2024-09-30,semestral,0.0,,4
50032685,2024-05-01,2024-10-31,semestral,0.0,,3
50032685,2024-06-01,2024-11-30,semestral,0.0,,3
50032685,2024-07-01,2024-12-31,semestral,0.0,,2
50032685,2024-08-01,2025-01-31,semestral,0.0,,2
50032685,2025-11-01,2026-04-30,semestral,,,1
50033183,2024-01-01,2024-01-31,mensual,-2.632116462963962,0.2820978422818996,3
50033183,2024-02-01,2024-02-29,mensual,,,2
50033183,2024-03-01,2024-03-31,mensual,,,1
50033183,2024-04-01,2024-04-30,mensual,-0.3551627579095401,1.0,2
50033183,2024-05-01,2024-05-31,mensual,-0.1775813789547702,0.2500000000000001,3
50033183,2024-06-01,2024-06-30,mensual,-0.3163438304597978,1.0,2
50033183,2024-08-01,2024-08-31,mensual,-4.308227952766679,0.6498435342977396,5
50033183,2024-09-01,2024-09-30,mensual,,,2
50033183,2024-11-01,2024-11-30,mensual,,,3
50033183,2025-01-01,2025-01-31,mensual,,,1
50033183,2025-02-01,2025-02-28,mensual,0.9934349880380252,1.0,2
50033183,2025-03-01,2025-03-31,mensual,,,2
50033183,2025-04-01,2025-04-30,mensual,,,1
50033183,2025-05-01,2025-05-31,mensual,0.0,,2
50033183,2025-06-01,2025-06-30,mensual,,,2
50033183,2025-07-01,2025-07-31,mensual,,,1
50033183,2025-08-01,2025-08-31,mensual,,,3
50033183,2025-10-01,2025-10-31,mensual,0.9430521759065564,0.4923679971040664,4
50033183,2025-11-01,2025-11-30,mensual,,,2
50033183,2025-12-01,2025-12-31,mensual,0.3473243964431003,0.2318047038779971,4
50033183,2026-01-01,2026-01-31,mensual,0.0,,4
50033183,2026-02-01,2026-02-28,mensual,1.6947151448980606,1.0,2
50033183,2024-01-01,2024-03-31,trimestral,-5.668240988256861,0.9582036862727908,6
50033183,2024-02-01,2024-04-30,trimestral,-0.0887906894773849,0.0624999999999998,5
50033183,2024-03-01,2024-05-31,trimestral,-0.1775813789547696,0.25,6
50033183,2024-04-01,2024-06-30,trimestral,-0.2473903578177175,0.1521524222304618,7
50033183,2024-05-01,2024-07-31,trimestral,-0.1683650073100627,0.0558910427625287,5
50033183,2024-06-01,2024-08-31,trimestral,-0.1680217589590943,0.0184475598069796,7
50033183,2024-07-01,2024-09-30,trimestral,-4.458064273832238,0.7349690638350361,7
50033183,2024-08-01,2024-10-31,trimestral,-4.458064273832238,0.7349690638350361,7
50033183,2024-09-01,2024-11-30,trimestral,-2.8810299439429183,0.800358042268032,5
50033183,2024-10-01,2024-12-31,trimestral,,,3
50033183,2024-11-01,2025-01-31,trimestral,-3.4689407598163804,0.7147380324738354,4
50033183,2024-12-01,2025-02-28,trimestral,1.150877739790445,0.9562386195829142,3
50033183,2025-01-01,2025-03-31,trimestral,1.1633462165269914,0.9131316971181452,5
50033183,2025-02-01,2025-04-30,trimestral,0.9649549203254664,0.6861009211523357,5
50033183,2025-03-01,2025-05-31,trimestral,-0.2781366600288912,0.1318641468753201,5
50033183,2025-04-01,2025-06-30,trimestral,-0.2992734978068083,0.1442923983739924,5
50033183,2025-05-01,2025-07-31,trimestral,0.0228584403095692,0.0008987119702646,5
50033183,2025-06-01,2025-08-31,trimestral,0.4524957581191173,0.112899653250698,6
50033183,2025-07-01,2025-09-30,trimestral,0.3868716268555147,0.1222391418395952,4
50033183,2025-08-01,2025-10-31,trimestral,0.1843739152148737,0.0163111556846341,7
50033183,2025-09-01,2025-11-30,trimestral,0.7471825433853683,0.1654130440237765,6
50033183,2025-10-01,2025-12-31,trimestral,0.1645887928167257,0.0285411630619583,10
50033183,2025-11-01,2026-01-31,trimestral,0.2158905311533205,0.0566662630325259,10
50033183,2025-12-01,2026-02-28,trimestral,0.5100830521787905,0.3650169312356465,10
50033183,2024-01-01,2024-06-30,semestral,-0.3281291966851574,0.1397139538004524,13
50033183,2024-02-01,2024-07-31,semestral,-0.0675815724554841,0.0106414760651923,10
50033183,2024-03-01,2024-08-31,semestral,-0.3268856740841807,0.129467827624321,13
50033183,2024-04-01,2024-09-30,semestral,-0.2985235339195037,0.1031707244918482,14
50033183,2024-05-01,2024-10-31,semestral,-0.2567954565024845,0.0551572514239295,12
50033183,2024-06-01,2024-11-30,semestral,-0.4550178847102136,0.0890870139238522,12
50033183,2024-07-01,2024-12-31,semestral,-2.935751228127449,0.6559302339011771,10
50033183,2024-08-01,2025-01-31,semestral,-3.050073827443919,0.6680147629714207,11
50033183,2024-09-01,2025-02-28,semestral,0.3673632998527295,0.0789616728613304,8
50033183,2024-10-01,2025-03-31,semestral,0.367577330387164,0.0905712752620145,8
50033183,2024-11-01,2025-04-30,semestral,0.3676963936613051,0.0886402935158227,9
50033183,2024-12-01,2025-05-31,semestral,0.3876112612976035,0.1424544264402145,8
50033183,2025-01-01,2025-06-30,semestral,0.3717269782018801,0.1329604795164969,10
50033183,2025-02-01,2025-07-31,semestral,0.3898503583460046,0.1479681521706737,10
50033183,2025-03-01,2025-08-31,semestral,-0.134840548677666,0.0178895459604051,11
50033183,2025-04-01,2025-09-30,semestral,-0.1606190367196627,0.0279759929493677,9
50033183,2025-05-01,2025-10-31,semestral,0.0037418191993305,1.4960517468964872e-05,12
50033183,2025-06-01,2025-11-30,semestral,0.4273289373618047,0.0832410247182338,12
50033183,2025-07-01,2025-12-31,semestral,0.0617829974717732,0.0038344630576262,14
50033183,2025-08-01,2026-01-31,semestral,0.0600033774089468,0.003160785927599,17
50033183,2025-09-01,2026-02-28,semestral,0.4254029268326739,0.1517364385377244,16
50034546,2024-06-01,2024-06-30,mensual,,,1
50034549,2024-09-01,2024-09-30,mensual,,,1
50034550,2024-02-01,2024-02-29,mensual,,,1
50034550,2024-05-01,2024-05-31,mensual,,,2
50034550,2024-11-01,2024-11-30,mensual,,,1
50034550,2024-02-01,2024-04-30,trimestral,,,1
50034550,2024-03-01,2024-05-31,trimestral,,,2
50034550,2024-04-01,2024-06-30,trimestral,,,2
50034550,2024-05-01,2024-07-31,trimestral,,,2
50034550,2024-09-01,2024-11-30,trimestral,,,1
50034550,2024-02-01,2024-07-31,semestral,,,3
50034550,2024-03-01,2024-08-31,semestral,,,2
50034550,2024-04-01,2024-09-30,semestral,,,2
50034550,2024-05-01,2024-10-31,semestral,,,2
50034550,2024-06-01,2024-11-30,semestral,,,1
50034554,2024-01-01,2024-01-31,mensual,,,1
50034554,2024-07-01,2024-07-31,mensual,,,1
50034554,2024-01-01,2024-03-31,trimestral,,,1
50034554,2024-05-01,2024-07-31,trimestral,,,1
50034554,2024-01-01,2024-06-30,semestral,,,1
50034554,2024-02-01,2024-07-31,semestral,,,1
50039499,2024-04-01,2024-04-30,mensual,,,1
50039499,2024-07-01,2024-07-31,mensual,,,1
50039499,2025-06-01,2025-06-30,mensual,,,1
50039499,2024-04-01,2024-06-30,trimestral,,,1
50039499,2024-05-01,2024-07-31,trimestral,,,1
50039499,2024-06-01,2024-08-31,trimestral,,,1
50039499,2024-07-01,2024-09-30,trimestral,,,1
50039499,2025-04-01,2025-06-30,trimestral,,,1
50039499,2024-04-01,2024-09-30,semestral,,,2
50039499,2024-05-01,2024-10-31,semestral,,,1
50039499,2024-06-01,2024-11-30,semestral,,,1
50039499,2024-07-01,2024-12-31,semestral,,,1
50039499,2025-01-01,2025-06-30,semestral,,,1
50040646,2024-01-01,2024-01-31,mensual,,,1
50040646,2024-02-01,2024-02-29,mensual,-6.792587311277508,0.2518940144786405,3
50040646,2024-03-01,2024-03-31,mensual,,,1
50040646,2024-04-01,2024-04-30,mensual,0.0,,2
50040646,2024-05-01,2024-05-31,mensual,,,2
50040646,2024-07-01,2024-07-31,mensual,,,1
50040646,2024-08-01,2024-08-31,mensual,,,2
50040646,2024-09-01,2024-09-30,mensual,,,2
50040646,2024-10-01,2024-10-31,mensual,,,1
50040646,2024-11-01,2024-11-30,mensual,,,1
50040646,2024-12-01,2024-12-31,mensual,,,1
50040646,2025-01-01,2025-01-31,mensual,,,1
50040646,2025-02-01,2025-02-28,mensual,,,1
50040646,2025-03-01,2025-03-31,mensual,,,1
50040646,2025-04-01,2025-04-30,mensual,,,3
50040646,2025-06-01,2025-06-30,mensual,,,1
50040646,2025-08-01,2025-08-31,mensual,,,3
50040646,2025-10-01,2025-10-31,mensual,,,2
50040646,2025-12-01,2025-12-31,mensual,,,3
50040646,2026-01-01,2026-01-31,mensual,,,2
50040646,2026-03-01,2026-03-31,mensual,,,2
50040646,2026-04-01,2026-04-30,mensual,,,1
50040646,2024-01-01,2024-03-31,trimestral,-6.8096332354657445,0.1687737710721439,5
50040646,2024-02-01,2024-04-30,trimestral,-5.554439922628385,0.328706448096111,6
50040646,2024-03-01,2024-05-31,trimestral,-2.438163112421896,0.0633488933912638,5
50040646,2024-04-01,2024-06-30,trimestral,0.0,,4
50040646,2024-05-01,2024-07-31,trimestral,,,3
50040646,2024-06-01,2024-08-31,trimestral,-0.782829360357199,0.0267462225183995,3
50040646,2024-07-01,2024-09-30,trimestral,-2.078192073542823,0.2296663642710694,5
50040646,2024-08-01,2024-10-31,trimestral,-2.7256048683801097,0.3748153132461119,5
50040646,2024-09-01,2024-11-30,trimestral,,,4
50040646,2024-10-01,2024-12-31,trimestral,,,3
50040646,2024-11-01,2025-01-31,trimestral,-4.845738316144802,0.2500000000000001,3
50040646,2024-12-01,2025-02-28,trimestral,-9.69147663228985,1.0,3
50040646,2025-01-01,2025-03-31,trimestral,-7.046873104252784,0.900184016670798,3
50040646,2025-02-01,2025-04-30,trimestral,-6.5659357084552425,1.0,5
50040646,2025-03-01,2025-05-31,trimestral,,,4
50040646,2025-04-01,2025-06-30,trimestral,0.0,,4
50040646,2025-05-01,2025-07-31,trimestral,,,1
50040646,2025-06-01,2025-08-31,trimestral,-8.374898472247558,0.1111111111111111,4
50040646,2025-07-01,2025-09-30,trimestral,,,3
50040646,2025-08-01,2025-10-31,trimestral,,,5
50040646,2025-09-01,2025-11-30,trimestral,,,2
50040646,2025-10-01,2025-12-31,trimestral,,,5
50040646,2025-11-01,2026-01-31,trimestral,,,5
50040646,2025-12-01,2026-02-28,trimestral,,,5
50040646,2026-01-01,2026-03-31,trimestral,,,4
50040646,2026-02-01,2026-04-30,trimestral,,,3
50040646,2024-01-01,2024-06-30,semestral,-5.23864721775458,0.2199278548150491,9
50040646,2024-02-01,2024-07-31,semestral,-5.438507593176536,0.2133260637280705,9
50040646,2024-03-01,2024-08-31,semestral,-2.049721765366006,0.2604499917514135,8
50040646,2024-04-01,2024-09-30,semestral,-2.364495850633926,0.3425282537616581,9
50040646,2024-05-01,2024-10-31,semestral,-2.4020327636227243,0.3245419398211968,8
50040646,2024-06-01,2024-11-30,semestral,-2.3372646252296825,0.3037669868008686,7
50040646,2024-07-01,2024-12-31,semestral,-2.078326363848362,0.2456330751696224,8
50040646,2024-08-01,2025-01-31,semestral,-2.3165098140598483,0.3290786072782439,8
50040646,2024-09-01,2025-02-28,semestral,-3.230492210763201,0.0666666666666664,7
50040646,2024-10-01,2025-03-31,semestral,-3.7085214076261663,0.2368675898684692,6
50040646,2024-11-01,2025-04-30,semestral,-4.4532811579105065,0.5287442464191467,8
50040646,2024-12-01,2025-05-31,semestral,-6.580676181191696,0.937599368637723,7
50040646,2025-01-01,2025-06-30,semestral,-3.971226391910179,0.640409805415382,7
50040646,2025-02-01,2025-07-31,semestral,-4.316682569719439,0.7462606687802327,6
50040646,2025-03-01,2025-08-31,semestral,-3.589242202391985,0.020408163265306,8
50040646,2025-04-01,2025-09-30,semestral,-4.1874492361236975,0.0277777777777776,7
50040646,2025-05-01,2025-10-31,semestral,-8.105966376121504,0.0920585652299894,6
50040646,2025-06-01,2025-11-30,semestral,-8.105966376121504,0.0920585652299894,6
50040646,2025-07-01,2025-12-31,semestral,,,8
50040646,2025-08-01,2026-01-31,semestral,,,10
50040646,2025-09-01,2026-02-28,semestral,,,7
50040646,2025-10-01,2026-03-31,semestral,,,9
50040646,2025-11-01,2026-04-30,semestral,,,8
50042264,2024-04-01,2024-04-30,mensual,,,2
50042264,2024-05-01,2024-05-31,mensual,,,2
50042264,2025-01-01,2025-01-31,mensual,,,1
50042264,2025-02-01,2025-02-28,mensual,,,2
50042264,2025-03-01,2025-03-31,mensual,,,1
50042264,2025-05-01,2025-05-31,mensual,,,1
50042264,2024-04-01,2024-06-30,trimestral,,,4
50042264,2024-05-01,2024-07-31,trimestral,,,2
50042264,2024-11-01,2025-01-31,trimestral,,,1
50042264,2024-12-01,2025-02-28,trimestral,,,3
50042264,2025-01-01,2025-03-31,trimestral,,,4
50042264,2025-02-01,2025-04-30,trimestral,,,3
50042264,2025-03-01,2025-05-31,trimestral,0.0,,2
50042264,2024-04-01,2024-09-30,semestral,,,4
50042264,2024-05-01,2024-10-31,semestral,,,2
50042264,2024-08-01,2025-01-31,semestral,,,1
50042264,2024-09-01,2025-02-28,semestral,,,3
50042264,2024-10-01,2025-03-31,semestral,,,4
50042264,2024-11-01,2025-04-30,semestral,,,4
50042264,2024-12-01,2025-05-31,semestral,-4.834373325639588,0.1666666666666667,5
50042265,2024-01-01,2024-01-31,mensual,,,1
50042266,2024-02-01,2024-02-29,mensual,,,1
50042266,2024-03-01,2024-03-31,mensual,,,1
50042266,2024-06-01,2024-06-30,mensual,,,1
50042266,2024-09-01,2024-09-30,mensual,,,1
50042266,2024-11-01,2024-11-30,mensual,,,1
50042266,2024-12-01,2024-12-31,mensual,,,1
50042266,2024-02-01,2024-04-30,trimestral,,,2
50042266,2024-03-01,2024-05-31,trimestral,,,1
50042266,2024-04-01,2024-06-30,trimestral,,,1
50042266,2024-05-01,2024-07-31,trimestral,,,1
50042266,2024-06-01,2024-08-31,trimestral,,,1
50042266,2024-07-01,2024-09-30,trimestral,,,1
50042266,2024-08-01,2024-10-31,trimestral,,,1
50042266,2024-09-01,2024-11-30,trimestral,,,2
50042266,2024-10-01,2024-12-31,trimestral,,,2
50042266,2024-02-01,2024-07-31,semestral,,,3
50042266,2024-03-01,2024-08-31,semestral,,,2
50042266,2024-04-01,2024-09-30,semestral,,,2
50042266,2024-05-01,2024-10-31,semestral,,,2
50042266,2024-06-01,2024-11-30,semestral,,,3
50042266,2024-07-01,2024-12-31,semestral,,,3
50042267,2024-08-01,2024-08-31,mensual,,,1
50042267,2024-09-01,2024-09-30,mensual,,,1
50042267,2024-12-01,2024-12-31,mensual,,,1
50042267,2024-08-01,2024-10-31,trimestral,,,2
50042267,2024-09-01,2024-11-30,trimestral,,,1
50042267,2024-10-01,2024-12-31,trimestral,,,1
50044442,2024-02-01,2024-02-29,mensual,,,1
50044443,2024-04-01,2024-04-30,mensual,,,1
50044472,2024-07-01,2024-07-31,mensual,,,1
50044472,2025-03-01,2025-03-31,mensual,,,1
50044472,2024-07-01,2024-09-30,trimestral,,,1
50044472,2025-01-01,2025-03-31,trimestral,,,1
50044472,2024-07-01,2024-12-31,semestral,,,1
50044472,2024-10-01,2025-03-31,semestral,,,1
50044473,2024-08-01,2024-08-31,mensual,,,2
50044473,2024-11-01,2024-11-30,mensual,,,1
50044473,2025-02-01,2025-02-28,mensual,,,1
50044473,2024-08-01,2024-10-31,trimestral,,,2
50044473,2024-09-01,2024-11-30,trimestral,,,1
50044473,2024-10-01,2024-12-31,trimestral,,,1
50044473,2024-11-01,2025-01-31,trimestral,,,1
50044473,2024-12-01,2025-02-28,trimestral,,,1
50044473,2024-08-01,2025-01-31,semestral,,,3
50044473,2024-09-01,2025-02-28,semestral,0.0,,2
50045454,2024-03-01,2024-03-31,mensual,,,1
50045454,2024-04-01,2024-04-30,mensual,,,1
50045454,2024-12-01,2024-12-31,mensual,,,1
50045454,2025-03-01,2025-03-31,mensual,,,1
50045454,2025-06-01,2025-06-30,mensual,,,1
50045454,2025-07-01,2025-07-31,mensual,,,1
50045454,2025-12-01,2025-12-31,mensual,,,2
50045454,2024-03-01,2024-05-31,trimestral,,,2
50045454,2024-04-01,2024-06-30,trimestral,,,1
50045454,2024-10-01,2024-12-31,trimestral,,,1
50045454,2024-11-01,2025-01-31,trimestral,,,1
50045454,2024-12-01,2025-02-28,trimestral,,,1
50045454,2025-01-01,2025-03-31,trimestral,,,1
50045454,2025-02-01,2025-04-30,trimestral,,,1
50045454,2025-03-01,2025-05-31,trimestral,,,1
50045454,2025-04-01,2025-06-30,trimestral,,,1
50045454,2025-05-01,2025-07-31,trimestral,,,2
50045454,2025-06-01,2025-08-31,trimestral,,,2
50045454,2025-07-01,2025-09-30,trimestral,,,1
50045454,2025-10-01,2025-12-31,trimestral,,,2
50045454,2024-03-01,2024-08-31,semestral,,,2
50045454,2024-04-01,2024-09-30,semestral,,,1
50045454,2024-07-01,2024-12-31,semestral,,,1
50045454,2024-08-01,2025-01-31,semestral,,,1
50045454,2024-09-01,2025-02-28,semestral,,,1
50045454,2024-10-01,2025-03-31,semestral,,,2
50045454,2024-11-01,2025-04-30,semestral,,,2
50045454,2024-12-01,2025-05-31,semestral,,,2
50045454,2025-01-01,2025-06-30,semestral,,,2
50045454,2025-02-01,2025-07-31,semestral,,,3
50045454,2025-03-01,2025-08-31,semestral,,,3
50045454,2025-04-01,2025-09-30,semestral,,,2
50045454,2025-05-01,2025-10-31,semestral,,,2
50045454,2025-06-01,2025-11-30,semestral,,,2
50045454,2025-07-01,2025-12-31,semestral,,,3
50046028,2024-01-01,2024-01-31,mensual,,,4
50046028,2024-02-01,2024-02-29,mensual,,,2
50046028,2024-03-01,2024-03-31,mensual,,,1
50046028,2024-04-01,2024-04-30,mensual,-2.4247552058750217,0.0624999999999998,5
50046028,2024-05-01,2024-05-31,mensual,,,6
50046028,2024-06-01,2024-06-30,mensual,,,9
50046028,2024-07-01,2024-07-31,mensual,,,4
50046028,2024-08-01,2024-08-31,mensual,-1.1688289587716525,0.0624589847188289,7
50046028,2024-09-01,2024-09-30,mensual,-11.972202249912502,0.3452499756280718,6
50046028,2024-10-01,2024-10-31,mensual,,,3
50046028,2024-11-01,2024-11-30,mensual,,,7
50046028,2024-12-01,2024-12-31,mensual,,,5
50046028,2025-01-01,2025-01-31,mensual,,,5
50046028,2025-02-01,2025-02-28,mensual,,,3
50046028,2025-03-01,2025-03-31,mensual,0.0,,3
50046028,2025-04-01,2025-04-30,mensual,,,1
50046028,2025-05-01,2025-05-31,mensual,,,6
50046028,2025-06-01,2025-06-30,mensual,,,4
50046028,2025-07-01,2025-07-31,mensual,-1.619688137349988,0.4166666666666666,7
50046028,2025-08-01,2025-08-31,mensual,1.9436257648199855,1.0,4
50046028,2025-09-01,2025-09-30,mensual,-3.843826372833812,0.0624999999999998,5
50046028,2025-10-01,2025-10-31,mensual,,,8
50046028,2025-11-01,2025-11-30,mensual,,,3
50046028,2025-12-01,2025-12-31,mensual,,,5
50046028,2026-01-01,2026-01-31,mensual,,,5
50046028,2026-02-01,2026-02-28,mensual,,,5
50046028,2026-03-01,2026-03-31,mensual,,,5
50046028,2026-04-01,2026-04-30,mensual,,,4
50046028,2024-01-01,2024-03-31,trimestral,,,7
50046028,2024-02-01,2024-04-30,trimestral,-2.77114880671455,0.0476190476190474,8
50046028,2024-03-01,2024-05-31,trimestral,-3.1656322083742974,0.0283812872607659,12
50046028,2024-04-01,2024-06-30,trimestral,-3.463806603028349,0.0167038721952889,20
50046028,2024-05-01,2024-07-31,trimestral,,,19
50046028,2024-06-01,2024-08-31,trimestral,-1.8967433435448748,0.0382947799484448,20
50046028,2024-07-01,2024-09-30,trimestral,-1.6465433284714224,0.0437251684764103,17
50046028,2024-08-01,2024-10-31,trimestral,-2.027365640148896,0.0988244034289236,16
50046028,2024-09-01,2024-11-30,trimestral,-5.682073285433221,0.036801664279543,16
50046028,2024-10-01,2024-12-31,trimestral,,,15
50046028,2024-11-01,2025-01-31,trimestral,,,17
50046028,2024-12-01,2025-02-28,trimestral,,,13
50046028,2025-01-01,2025-03-31,trimestral,-4.576310388354703,0.0693039204739773,11
50046028,2025-02-01,2025-04-30,trimestral,0.743546803543996,0.0034042961790565,7
50046028,2025-03-01,2025-05-31,trimestral,2.462834976325308,0.0614701365815444,10
50046028,2025-04-01,2025-06-30,trimestral,,,11
50046028,2025-05-01,2025-07-31,trimestral,-1.6296132824765523,0.1761475977813128,17
50046028,2025-06-01,2025-08-31,trimestral,-0.3737741855423047,0.0192307692307693,15
50046028,2025-07-01,2025-09-30,trimestral,-0.2742840906303043,0.0076213921812747,16
50046028,2025-08-01,2025-10-31,trimestral,0.6538470352541922,0.0189085026446819,17
50046028,2025-09-01,2025-11-30,trimestral,-2.696756579159665,0.0146738125398295,16
50046028,2025-10-01,2025-12-31,trimestral,,,16
50046028,2025-11-01,2026-01-31,trimestral,,,13
50046028,2025-12-01,2026-02-28,trimestral,,,15
50046028,2026-01-01,2026-03-31,trimestral,,,15
50046028,2026-02-01,2026-04-30,trimestral,,,14
50046028,2024-01-01,2024-06-30,semestral,-3.281700496707197,0.0126768305114998,27
50046028,2024-02-01,2024-07-31,semestral,-5.874430323639829,0.0155547331699289,27
50046028,2024-03-01,2024-08-31,semestral,-2.618927742299053,0.0586825737791744,32
50046028,2024-04-01,2024-09-30,semestral,-2.7142645041160023,0.0599061802346414,37
50046028,2024-05-01,2024-10-31,semestral,-2.3799028539345137,0.0464836769146328,35
50046028,2024-06-01,2024-11-30,semestral,-2.527646168896008,0.0496477301484622,36
50046028,2024-07-01,2024-12-31,semestral,-2.428612027852953,0.0517132794433744,32
50046028,2024-08-01,2025-01-31,semestral,-2.6488870401047824,0.0833158460662707,33
50046028,2024-09-01,2025-02-28,semestral,-6.637472481940574,0.0246100014163719,29
50046028,2024-10-01,2025-03-31,semestral,-2.8441587685805363,0.0177657911302749,26
50046028,2024-11-01,2025-04-30,semestral,2.914929615432316,0.0342351002707883,24
50046028,2024-12-01,2025-05-31,semestral,-1.3196646049579688,0.0194158570800072,23
50046028,2025-01-01,2025-06-30,semestral,-2.9321514156937534,0.100436218017185,22
50046028,2025-02-01,2025-07-31,semestral,-2.0624785640981997,0.106464952938974,24
50046028,2025-03-01,2025-08-31,semestral,-0.0698391896333813,0.0002950362606388,25
50046028,2025-04-01,2025-09-30,semestral,-0.3260715176322972,0.0053017431932337,27
50046028,2025-05-01,2025-10-31,semestral,-0.4304576057272096,0.0094131481896568,34
50046028,2025-06-01,2025-11-30,semestral,-0.4695811490517715,0.0135936680953475,31
50046028,2025-07-01,2025-12-31,semestral,-0.3727166071091775,0.0064089360996414,32
50046028,2025-08-01,2026-01-31,semestral,0.5171338885342136,0.0068192200347263,30
50046028,2025-09-01,2026-02-28,semestral,-2.965167907034579,0.0087683497878244,31
50046028,2025-10-01,2026-03-31,semestral,,,31
50046028,2025-11-01,2026-04-30,semestral,,,27
50046029,2024-01-01,2024-01-31,mensual,218.07750667229809,0.9283217869300509,5
50046029,2024-02-01,2024-02-29,mensual,,,7
50046029,2024-03-01,2024-03-31,mensual,-4.851270086341859,0.0625,5
50046029,2024-04-01,2024-04-30,mensual,-9.330331027876849,0.1083377559446,7
50046029,2024-05-01,2024-05-31,mensual,,,6
50046029,2024-06-01,2024-06-30,mensual,,,7
50046029,2024-07-01,2024-07-31,mensual,,,2
50046029,2024-08-01,2024-08-31,mensual,0.1558719989195442,0.0006458449901183,10
50046029,2024-09-01,2024-09-30,mensual,,,2
50046029,2024-10-01,2024-10-31,mensual,,,4
50046029,2024-11-01,2024-11-30,mensual,,,6
50046029,2024-12-01,2024-12-31,mensual,-10.743713597137765,0.2531557443855237,4
50046029,2025-01-01,2025-01-31,mensual,,,7
50046029,2025-02-01,2025-02-28,mensual,,,2
50046029,2025-03-01,2025-03-31,mensual,-5.255769764153756,0.1829439825205668,6
50046029,2025-04-01,2025-04-30,mensual,-3.96882369154454,0.0419643224640547,5
50046029,2025-05-01,2025-05-31,mensual,,,1
50046029,2025-06-01,2025-06-30,mensual,1.0455139220608962,0.0006885278381757,11
50046029,2025-07-01,2025-07-31,mensual,1.0994431384356131,0.0445359940272404,9
50046029,2025-08-01,2025-08-31,mensual,-0.5051083397866696,0.0038109480913878,7
50046029,2025-09-01,2025-09-30,mensual,,,3
50046029,2025-10-01,2025-10-31,mensual,-15.6013127412062,0.404206286013995,5
50046029,2025-11-01,2025-11-30,mensual,-11.176375259225264,0.1227502962266171,7
50046029,2025-12-01,2025-12-31,mensual,-0.6276429561812928,0.0015787484263716,9
50046029,2026-01-01,2026-01-31,mensual,,,6
50046029,2026-02-01,2026-02-28,mensual,-62.47279233701963,0.7264424243007275,5
50046029,2026-03-01,2026-03-31,mensual,,,4
50046029,2026-04-01,2026-04-30,mensual,,,4
50046029,2024-01-01,2024-03-31,trimestral,-3.2590362404634554,0.0045796268932308,17
50046029,2024-02-01,2024-04-30,trimestral,-8.831652548578377,0.1002897957132462,19
50046029,2024-03-01,2024-05-31,trimestral,-7.370013077129921,0.0728608751683402,18
50046029,2024-04-01,2024-06-30,trimestral,-12.914742845595004,0.102631909594802,20
50046029,2024-05-01,2024-07-31,trimestral,,,15
50046029,2024-06-01,2024-08-31,trimestral,0.7902768168090302,0.0149927218030992,19
50046029,2024-07-01,2024-09-30,trimestral,0.4853566033600218,0.0060447597665235,14
50046029,2024-08-01,2024-10-31,trimestral,0.0679985090029798,0.0001182080258504,16
50046029,2024-09-01,2024-11-30,trimestral,,,12
50046029,2024-10-01,2024-12-31,trimestral,-7.250219798652329,0.0430494655163813,14
50046029,2024-11-01,2025-01-31,trimestral,-6.4972123471964816,0.032384830727786,17
50046029,2024-12-01,2025-02-28,trimestral,-5.111563442457007,0.040556905631942,13
50046029,2025-01-01,2025-03-31,trimestral,-0.3591658924221165,0.0008447006943494,15
50046029,2025-02-01,2025-04-30,trimestral,-1.3580677310202482,0.0189112526064394,13
50046029,2025-03-01,2025-05-31,trimestral,-4.3803236842976485,0.1544114198924188,12
50046029,2025-04-01,2025-06-30,trimestral,-1.414968990300867,0.0019849787302661,17
50046029,2025-05-01,2025-07-31,trimestral,1.2044189897614055,0.0176545254056903,21
50046029,2025-06-01,2025-08-31,trimestral,-0.0394574540033981,2.0291501508173937e-05,27
50046029,2025-07-01,2025-09-30,trimestral,0.1720777806893007,0.0005692880652808,19
50046029,2025-08-01,2025-10-31,trimestral,-1.8500658573330704,0.0332522334551581,15
50046029,2025-09-01,2025-11-30,trimestral,-12.05935233275485,0.1907882383574355,15
50046029,2025-10-01,2025-12-31,trimestral,-7.466976607802519,0.1198486262578686,21
50046029,2025-11-01,2026-01-31,trimestral,-4.32218336532033,0.028628111921616,22
50046029,2025-12-01,2026-02-28,trimestral,-2.8856353833438866,0.0139022534301536,20
50046029,2026-01-01,2026-03-31,trimestral,-48.13941002870914,0.1532045702243138,15
50046029,2026-02-01,2026-04-30,trimestral,-54.21864894952725,0.2177812249598328,13
50046029,2024-01-01,2024-06-30,semestral,-9.310863013929936,0.0461811646980504,37
50046029,2024-02-01,2024-07-31,semestral,-10.865420182442,0.0819313687855585,34
50046029,2024-03-01,2024-08-31,semestral,-0.8144341705895833,0.0106283349843658,37
50046029,2024-04-01,2024-09-30,semestral,-0.2455438647698957,0.0009463116509184,34
50046029,2024-05-01,2024-10-31,semestral,0.1565612330914744,0.0004495138836843,31
50046029,2024-06-01,2024-11-30,semestral,0.1390271769414012,0.0003288536054859,31
50046029,2024-07-01,2024-12-31,semestral,-0.7266226145184796,0.0110066254698925,28
50046029,2024-08-01,2025-01-31,semestral,-0.9536730854131384,0.0181738695787039,33
50046029,2024-09-01,2025-02-28,semestral,-7.360225132920722,0.0230508599581028,25
50046029,2024-10-01,2025-03-31,semestral,-1.6010798035306344,0.0086589897463622,29
50046029,2024-11-01,2025-04-30,semestral,-0.9278589031008668,0.0068608566747131,30
50046029,2024-12-01,2025-05-31,semestral,-1.1274985156376036,0.0137280162675426,25
50046029,2025-01-01,2025-06-30,semestral,0.7460617313033582,0.0044403849933646,32
50046029,2025-02-01,2025-07-31,semestral,0.5897105028719171,0.0041237668127458,34
50046029,2025-03-01,2025-08-31,semestral,-0.6731825675599664,0.0053758840189902,39
50046029,2025-04-01,2025-09-30,semestral,-0.3082019469578761,0.0010970703910855,36
50046029,2025-05-01,2025-10-31,semestral,-0.3821076300437547,0.0015439189296314,36
50046029,2025-06-01,2025-11-30,semestral,-0.538104212926247,0.0026971774439592,42
50046029,2025-07-01,2025-12-31,semestral,-0.6240588232291282,0.0047149352711958,40
50046029,2025-08-01,2026-01-31,semestral,-2.8770052822639927,0.0531197948053183,37
50046029,2025-09-01,2026-02-28,semestral,-8.024975037410446,0.0942801358337611,35
50046029,2025-10-01,2026-03-31,semestral,-8.101172592105081,0.0917929124182284,36
50046029,2025-11-01,2026-04-30,semestral,-5.0870815694436855,0.0275940476811561,35
50046030,2024-01-01,2024-01-31,mensual,,,2
50046030,2024-02-01,2024-02-29,mensual,,,2
50046030,2024-03-01,2024-03-31,mensual,,,5
50046030,2024-04-01,2024-04-30,mensual,,,4
50046030,2024-05-01,2024-05-31,mensual,,,3
50046030,2024-06-01,2024-06-30,mensual,,,4
50046030,2024-07-01,2024-07-31,mensual,,,6
50046030,2024-08-01,2024-08-31,mensual,2.595445651586681,0.188942580569755,5
50046030,2024-09-01,2024-09-30,mensual,0.0,,4
50046030,2024-10-01,2024-10-31,mensual,,,5
50046030,2024-11-01,2024-11-30,mensual,,,3
50046030,2024-12-01,2024-12-31,mensual,,,2
50046030,2025-01-01,2025-01-31,mensual,,,4
50046030,2025-02-01,2025-02-28,mensual,,,2
50046030,2025-03-01,2025-03-31,mensual,,,1
50046030,2025-04-01,2025-04-30,mensual,,,3
50046030,2025-05-01,2025-05-31,mensual,,,1
50046030,2025-06-01,2025-06-30,mensual,,,2
50046030,2025-07-01,2025-07-31,mensual,0.3886716419749282,0.0399999999999999,6
50046030,2025-08-01,2025-08-31,mensual,0.995266615409924,0.1322905067164798,9
50046030,2025-09-01,2025-09-30,mensual,,,3
50046030,2025-10-01,2025-10-31,mensual,,,1
50046030,2025-11-01,2025-11-30,mensual,,,4
50046030,2025-12-01,2025-12-31,mensual,,,5
50046030,2026-01-01,2026-01-31,mensual,15.390353417627994,1.0,2
50046030,2026-02-01,2026-02-28,mensual,,,2
50046030,2026-03-01,2026-03-31,mensual,,,4
50046030,2026-04-01,2026-04-30,mensual,0.0,,2
50046030,2024-01-01,2024-03-31,trimestral,,,9
50046030,2024-02-01,2024-04-30,trimestral,,,11
50046030,2024-03-01,2024-05-31,trimestral,,,12
50046030,2024-04-01,2024-06-30,trimestral,,,11
50046030,2024-05-01,2024-07-31,trimestral,,,13
50046030,2024-06-01,2024-08-31,trimestral,0.6680559026529979,0.0153074538423338,15
50046030,2024-07-01,2024-09-30,trimestral,-0.3190290967318055,0.0052482997704642,15
50046030,2024-08-01,2024-10-31,trimestral,0.0888098901327172,0.0002946275959555,14
50046030,2024-09-01,2024-11-30,trimestral,2.9342606586515703,0.0264471648336829,12
50046030,2024-10-01,2024-12-31,trimestral,,,10
50046030,2024-11-01,2025-01-31,trimestral,,,9
50046030,2024-12-01,2025-02-28,trimestral,,,8
50046030,2025-01-01,2025-03-31,trimestral,4.109723714030001,0.2222222222222222,7
50046030,2025-02-01,2025-04-30,trimestral,-0.2995794242308984,0.0005985125038733,6
50046030,2025-03-01,2025-05-31,trimestral,,,5
50046030,2025-04-01,2025-06-30,trimestral,,,6
50046030,2025-05-01,2025-07-31,trimestral,0.4858395524686797,0.0357142857142857,9
50046030,2025-06-01,2025-08-31,trimestral,0.7752559091156418,0.0840601481628885,17
50046030,2025-07-01,2025-09-30,trimestral,0.723572181841256,0.0725170724190211,18
50046030,2025-08-01,2025-10-31,trimestral,0.8100204107040213,0.075483807135534,13
50046030,2025-09-01,2025-11-30,trimestral,,,8
50046030,2025-10-01,2025-12-31,trimestral,,,10
50046030,2025-11-01,2026-01-31,trimestral,12.477283850879484,0.4168328734593598,11
50046030,2025-12-01,2026-02-28,trimestral,14.176574431482848,0.6840765434546242,9
50046030,2026-01-01,2026-03-31,trimestral,15.390353417627956,1.0,8
50046030,2026-02-01,2026-04-30,trimestral,0.0,,8
50046030,2024-01-01,2024-06-30,semestral,,,20
50046030,2024-02-01,2024-07-31,semestral,,,24
50046030,2024-03-01,2024-08-31,semestral,0.1637186095172928,0.0008384090421715,27
50046030,2024-04-01,2024-09-30,semestral,0.0268882506533963,2.310823762574632e-05,26
50046030,2024-05-01,2024-10-31,semestral,0.1231223763389016,0.0004083635745897,27
50046030,2024-06-01,2024-11-30,semestral,0.4042843772827424,0.0042318566822352,27
50046030,2024-07-01,2024-12-31,semestral,-0.0896558215903894,0.0002786673577407,25
50046030,2024-08-01,2025-01-31,semestral,-0.1185575683418078,0.0004951763757635,23
50046030,2024-09-01,2025-02-28,semestral,2.391189400289346,0.0147378373425107,20
50046030,2024-10-01,2025-03-31,semestral,3.503453189390396,0.0369550625910755,17
50046030,2024-11-01,2025-04-30,semestral,3.297246673586798,0.0865185620028654,15
50046030,2024-12-01,2025-05-31,semestral,3.1519303283989344,0.0970536300435029,13
50046030,2025-01-01,2025-06-30,semestral,2.1776006731008275,0.0484695851000175,13
50046030,2025-02-01,2025-07-31,semestral,0.4146192858586746,0.0052733168112022,15
50046030,2025-03-01,2025-08-31,semestral,0.9605003618484692,0.0555980375934007,22
50046030,2025-04-01,2025-09-30,semestral,0.869006344289467,0.0447943446576974,24
50046030,2025-05-01,2025-10-31,semestral,0.6735232072365082,0.0561634993197895,22
50046030,2025-06-01,2025-11-30,semestral,0.7583480616928736,0.0612440582047268,25
50046030,2025-07-01,2025-12-31,semestral,0.6673462942897332,0.0459110752867062,28
50046030,2025-08-01,2026-01-31,semestral,1.0250935842747757,0.0704827341553367,24
50046030,2025-09-01,2026-02-28,semestral,12.962795445336546,0.3586035006589768,17
50046030,2025-10-01,2026-03-31,semestral,13.676783084246512,0.4312935234732987,18
50046030,2025-11-01,2026-04-30,semestral,5.212418806305241,0.2071093354187667,19
50046138,2024-01-01,2024-01-31,mensual,,,3
50046138,2024-03-01,2024-03-31,mensual,,,1
50046138,2024-04-01,2024-04-30,mensual,,,1
50046138,2024-05-01,2024-05-31,mensual,,,6
50046138,2024-07-01,2024-07-31,mensual,,,1
50046138,2024-08-01,2024-08-31,mensual,,,1
50046138,2024-09-01,2024-09-30,mensual,,,1
50046138,2024-12-01,2024-12-31,mensual,,,1
50046138,2025-01-01,2025-01-31,mensual,,,4
50046138,2025-04-01,2025-04-30,mensual,,,1
50046138,2025-05-01,2025-05-31,mensual,,,1
50046138,2025-07-01,2025-07-31,mensual,,,1
50046138,2025-08-01,2025-08-31,mensual,-0.646364776997441,0.0224733034825832,3
50046138,2025-09-01,2025-09-30,mensual,,,2
50046138,2025-10-01,2025-10-31,mensual,,,3
50046138,2025-11-01,2025-11-30,mensual,,,2
50046138,2025-12-01,2025-12-31,mensual,,,3
50046138,2026-01-01,2026-01-31,mensual,,,2
50046138,2026-02-01,2026-02-28,mensual,,,2
50046138,2026-03-01,2026-03-31,mensual,,,2
50046138,2026-04-01,2026-04-30,mensual,,,3
50046138,2024-01-01,2024-03-31,trimestral,,,4
50046138,2024-02-01,2024-04-30,trimestral,,,2
50046138,2024-03-01,2024-05-31,trimestral,,,8
50046138,2024-04-01,2024-06-30,trimestral,,,7
50046138,2024-05-01,2024-07-31,trimestral,,,7
50046138,2024-06-01,2024-08-31,trimestral,,,2
50046138,2024-07-01,2024-09-30,trimestral,,,3
50046138,2024-08-01,2024-10-31,trimestral,,,2
50046138,2024-09-01,2024-11-30,trimestral,,,1
50046138,2024-10-01,2024-12-31,trimestral,,,1
50046138,2024-11-01,2025-01-31,trimestral,,,5
50046138,2024-12-01,2025-02-28,trimestral,,,5
50046138,2025-01-01,2025-03-31,trimestral,,,4
50046138,2025-02-01,2025-04-30,trimestral,,,1
50046138,2025-03-01,2025-05-31,trimestral,,,2
50046138,2025-04-01,2025-06-30,trimestral,,,2
50046138,2025-05-01,2025-07-31,trimestral,,,2
50046138,2025-06-01,2025-08-31,trimestral,0.1737652315475276,0.0013994924459862,4
50046138,2025-07-01,2025-09-30,trimestral,1.2875239960666107,0.04686605971067,6
50046138,2025-08-01,2025-10-31,trimestral,-0.229767037391061,0.0008868233732658,8
50046138,2025-09-01,2025-11-30,trimestral,,,7
50046138,2025-10-01,2025-12-31,trimestral,,,8
50046138,2025-11-01,2026-01-31,trimestral,,,7
50046138,2025-12-01,2026-02-28,trimestral,,,7
50046138,2026-01-01,2026-03-31,trimestral,,,6
50046138,2026-02-01,2026-04-30,trimestral,,,7
50046138,2024-01-01,2024-06-30,semestral,,,11
50046138,2024-02-01,2024-07-31,semestral,,,9
50046138,2024-03-01,2024-08-31,semestral,,,10
50046138,2024-04-01,2024-09-30,semestral,,,10
50046138,2024-05-01,2024-10-31,semestral,,,9
50046138,2024-06-01,2024-11-30,semestral,,,3
50046138,2024-07-01,2024-12-31,semestral,,,4
50046138,2024-08-01,2025-01-31,semestral,,,7
50046138,2024-09-01,2025-02-28,semestral,,,6
50046138,2024-10-01,2025-03-31,semestral,,,5
50046138,2024-11-01,2025-04-30,semestral,,,6
50046138,2024-12-01,2025-05-31,semestral,,,7
50046138,2025-01-01,2025-06-30,semestral,,,6
50046138,2025-02-01,2025-07-31,semestral,,,3
50046138,2025-03-01,2025-08-31,semestral,1.225560643357513,0.0301661861442714,6
50046138,2025-04-01,2025-09-30,semestral,1.720608348999353,0.0520762371202327,8
50046138,2025-05-01,2025-10-31,semestral,0.6437225787123846,0.0044503788036764,10
50046138,2025-06-01,2025-11-30,semestral,-0.2921374384340217,0.0012010718752983,11
50046138,2025-07-01,2025-12-31,semestral,0.3912681785891482,0.0016522878935758,14
50046138,2025-08-01,2026-01-31,semestral,0.2338780006112953,0.000608483074929,15
50046138,2025-09-01,2026-02-28,semestral,,,14
50046138,2025-10-01,2026-03-31,semestral,,,14
50046138,2025-11-01,2026-04-30,semestral,,,14
50046518,2024-03-01,2024-03-31,mensual,,,1
50046518,2024-09-01,2024-09-30,mensual,9.683329690029597,1.0,2
50046518,2024-10-01,2024-10-31,mensual,,,1
50046518,2025-04-01,2025-04-30,mensual,,,1
50046518,2024-03-01,2024-05-31,trimestral,,,1
50046518,2024-07-01,2024-09-30,trimestral,9.683329690029597,1.0,2
50046518,2024-08-01,2024-10-31,trimestral,4.841664845014748,0.2500000000000001,3
50046518,2024-09-01,2024-11-30,trimestral,4.841664845014748,0.2500000000000001,3
50046518,2024-10-01,2024-12-31,trimestral,,,1
50046518,2025-02-01,2025-04-30,trimestral,,,1
50046518,2024-03-01,2024-08-31,semestral,,,1
50046518,2024-04-01,2024-09-30,semestral,9.683329690029597,1.0,2
50046518,2024-05-01,2024-10-31,semestral,4.841664845014748,0.2500000000000001,3
50046518,2024-06-01,2024-11-30,semestral,4.841664845014748,0.2500000000000001,3
50046518,2024-07-01,2024-12-31,semestral,4.841664845014748,0.2500000000000001,3
50046518,2024-08-01,2025-01-31,semestral,4.841664845014748,0.2500000000000001,3
50046518,2024-09-01,2025-02-28,semestral,4.841664845014748,0.2500000000000001,3
50046518,2024-10-01,2025-03-31,semestral,,,1
50046518,2024-11-01,2025-04-30,semestral,,,1
50046519,2024-06-01,2024-06-30,mensual,,,2
50046519,2025-02-01,2025-02-28,mensual,,,1
50046519,2024-06-01,2024-08-31,trimestral,,,2
50046519,2024-12-01,2025-02-28,trimestral,,,1
50046519,2024-06-01,2024-11-30,semestral,,,2
50046519,2024-09-01,2025-02-28,semestral,,,1
50050822,2024-02-01,2024-02-29,mensual,,,1
50050822,2024-07-01,2024-07-31,mensual,,,1
50050822,2024-08-01,2024-08-31,mensual,,,1
50050822,2024-10-01,2024-10-31,mensual,,,1
50050822,2025-01-01,2025-01-31,mensual,,,1
50050822,2025-07-01,2025-07-31,mensual,,,1
50050822,2025-12-01,2025-12-31,mensual,,,1
50050822,2024-02-01,2024-04-30,trimestral,,,1
50050822,2024-05-01,2024-07-31,trimestral,,,1
50050822,2024-06-01,2024-08-31,trimestral,,,2
50050822,2024-07-01,2024-09-30,trimestral,,,2
50050822,2024-08-01,2024-10-31,trimestral,,,2
50050822,2024-09-01,2024-11-30,trimestral,,,1
50050822,2024-10-01,2024-12-31,trimestral,,,1
50050822,2024-11-01,2025-01-31,trimestral,,,1
50050822,2024-12-01,2025-02-28,trimestral,,,1
50050822,2025-01-01,2025-03-31,trimestral,,,1
50050822,2025-05-01,2025-07-31,trimestral,,,1
50050822,2025-06-01,2025-08-31,trimestral,,,1
50050822,2025-07-01,2025-09-30,trimestral,,,1
50050822,2025-10-01,2025-12-31,trimestral,,,1
50050822,2024-02-01,2024-07-31,semestral,0.0,,2
50050822,2024-03-01,2024-08-31,semestral,,,2
50050822,2024-04-01,2024-09-30,semestral,,,2
50050822,2024-05-01,2024-10-31,semestral,,,3
50050822,2024-06-01,2024-11-30,semestral,,,3
50050822,2024-07-01,2024-12-31,semestral,,,3
50050822,2024-08-01,2025-01-31,semestral,,,3
50050822,2024-09-01,2025-02-28,semestral,,,2
50050822,2024-10-01,2025-03-31,semestral,,,2
50050822,2024-11-01,2025-04-30,semestral,,,1
50050822,2024-12-01,2025-05-31,semestral,,,1
50050822,2025-01-01,2025-06-30,semestral,,,1
50050822,2025-02-01,2025-07-31,semestral,,,1
50050822,2025-03-01,2025-08-31,semestral,,,1
50050822,2025-04-01,2025-09-30,semestral,,,1
50050822,2025-05-01,2025-10-31,semestral,,,1
50050822,2025-06-01,2025-11-30,semestral,,,1
50050822,2025-07-01,2025-12-31,semestral,,,2
50050823,2024-01-01,2024-01-31,mensual,,,5
50050823,2024-02-01,2024-02-29,mensual,-4.852655114500947,0.2501526193045567,3
50050823,2024-03-01,2024-03-31,mensual,,,1
50050823,2024-04-01,2024-04-30,mensual,,,5
50050823,2024-05-01,2024-05-31,mensual,,,5
50050823,2024-06-01,2024-06-30,mensual,,,3
50050823,2024-07-01,2024-07-31,mensual,,,3
50050823,2024-08-01,2024-08-31,mensual,,,2
50050823,2024-09-01,2024-09-30,mensual,,,1
50050823,2024-10-01,2024-10-31,mensual,,,3
50050823,2024-11-01,2024-11-30,mensual,0.0,,3
50050823,2024-12-01,2024-12-31,mensual,,,1
50050823,2025-01-01,2025-01-31,mensual,-3.106015758335255,0.3332694397001834,4
50050823,2025-02-01,2025-02-28,mensual,-1.5530823192712264,0.25,3
50050823,2025-03-01,2025-03-31,mensual,,,3
50050823,2025-04-01,2025-04-30,mensual,,,3
50050823,2025-05-01,2025-05-31,mensual,,,3
50050823,2025-06-01,2025-06-30,mensual,,,2
50050823,2025-07-01,2025-07-31,mensual,,,3
50050823,2025-08-01,2025-08-31,mensual,9.700194923761057,1.0,2
50050823,2025-09-01,2025-09-30,mensual,,,1
50050823,2025-10-01,2025-10-31,mensual,,,2
50050823,2025-11-01,2025-11-30,mensual,0.0,,4
50050823,2025-12-01,2025-12-31,mensual,,,1
50050823,2026-01-01,2026-01-31,mensual,-7.580804299958945,0.0949682615227587,6
50050823,2026-02-01,2026-02-28,mensual,,,4
50050823,2026-03-01,2026-03-31,mensual,,,3
50050823,2024-01-01,2024-03-31,trimestral,-6.273225887865698,0.0916467964661228,9
50050823,2024-02-01,2024-04-30,trimestral,-9.40698021404551,0.118942648637166,9
50050823,2024-03-01,2024-05-31,trimestral,,,11
50050823,2024-04-01,2024-06-30,trimestral,,,13
50050823,2024-05-01,2024-07-31,trimestral,,,11
50050823,2024-06-01,2024-08-31,trimestral,,,8
50050823,2024-07-01,2024-09-30,trimestral,,,6
50050823,2024-08-01,2024-10-31,trimestral,,,6
50050823,2024-09-01,2024-11-30,trimestral,4.504066030402854,0.0666666666666666,7
50050823,2024-10-01,2024-12-31,trimestral,1.8748371121347756,0.1159160371477818,7
50050823,2024-11-01,2025-01-31,trimestral,-1.8636771399090504,0.3411603029090788,8
50050823,2024-12-01,2025-02-28,trimestral,-2.484852311354189,0.2999616637588035,8
50050823,2025-01-01,2025-03-31,trimestral,-1.3311141752427462,0.063218383500065,10
50050823,2025-02-01,2025-04-30,trimestral,0.1891951231181517,0.0040282178877113,9
50050823,2025-03-01,2025-05-31,trimestral,-0.237024697139187,0.002879826990087,9
50050823,2025-04-01,2025-06-30,trimestral,,,8
50050823,2025-05-01,2025-07-31,trimestral,,,8
50050823,2025-06-01,2025-08-31,trimestral,6.466796615840985,0.2222222222222224,7
50050823,2025-07-01,2025-09-30,trimestral,4.252308527911694,0.024770328669324,6
50050823,2025-08-01,2025-10-31,trimestral,2.890755417114504,0.0118771915005549,5
50050823,2025-09-01,2025-11-30,trimestral,-4.540085496460052,0.0277958901378868,7
50050823,2025-10-01,2025-12-31,trimestral,0.0,,7
50050823,2025-11-01,2026-01-31,trimestral,-4.211683351312702,0.0473442844896165,11
50050823,2025-12-01,2026-02-28,trimestral,-5.73119932256748,0.0471445415290128,11
50050823,2026-01-01,2026-03-31,trimestral,-7.201132943045796,0.0578036407406136,13
50050823,2024-01-01,2024-06-30,semestral,-7.091840802562546,0.0442551018486004,22
50050823,2024-02-01,2024-07-31,semestral,-7.7041401378773635,0.0470391831099579,20
50050823,2024-03-01,2024-08-31,semestral,,,19
50050823,2024-04-01,2024-09-30,semestral,,,19
50050823,2024-05-01,2024-10-31,semestral,,,17
50050823,2024-06-01,2024-11-30,semestral,6.093485809024228,0.0282143412406485,15
50050823,2024-07-01,2024-12-31,semestral,1.923597340757175,0.0331903657746348,13
50050823,2024-08-01,2025-01-31,semestral,-1.069459913938498,0.1261816762823221,14
50050823,2024-09-01,2025-02-28,semestral,-1.1456967047573492,0.150974961738121,15
50050823,2024-10-01,2025-03-31,semestral,-1.143240633166533,0.0960511254343639,17
50050823,2024-11-01,2025-04-30,semestral,-0.5957718178474549,0.0299837365190257,17
50050823,2024-12-01,2025-05-31,semestral,0.1054396505610688,0.0010657769926004,17
50050823,2025-01-01,2025-06-30,semestral,0.1560785185334061,0.0028119897759966,18
50050823,2025-02-01,2025-07-31,semestral,-0.4484008117107815,0.0178424163605979,17
50050823,2025-03-01,2025-08-31,semestral,-0.9313776288532688,0.0324166756217186,16
50050823,2025-04-01,2025-09-30,semestral,1.944590974544229,0.0045940774340998,14
50050823,2025-05-01,2025-10-31,semestral,3.7233141030435566,0.0151522764246198,13
50050823,2025-06-01,2025-11-30,semestral,0.9633086459308964,0.0019955224031724,14
50050823,2025-07-01,2025-12-31,semestral,2.373641573323545,0.0130480704069081,13
50050823,2025-08-01,2026-01-31,semestral,-1.777615681726632,0.0062653797442201,16
50050823,2025-09-01,2026-02-28,semestral,-5.284521770338857,0.038894312083048,18
50050823,2025-10-01,2026-03-31,semestral,-4.8006702549626015,0.0403114109746289,20
50053722,2024-10-01,2024-10-31,mensual,,,1
50053722,2024-11-01,2024-11-30,mensual,,,1
50053722,2025-01-01,2025-01-31,mensual,,,1
50053722,2024-10-01,2024-12-31,trimestral,0.0,,2
50053722,2024-11-01,2025-01-31,trimestral,,,2
50054868,2024-01-01,2024-01-31,mensual,,,2
50054868,2024-02-01,2024-02-29,mensual,,,8
50054868,2024-03-01,2024-03-31,mensual,-7.483704125553969,0.3750000000000001,5
50054868,2024-04-01,2024-04-30,mensual,-7.511184189873975,0.1666666666666665,5
50054868,2024-05-01,2024-05-31,mensual,,,5
50054868,2024-06-01,2024-06-30,mensual,,,6
50054868,2024-07-01,2024-07-31,mensual,,,7
50054868,2024-08-01,2024-08-31,mensual,,,4
50054868,2024-09-01,2024-09-30,mensual,,,4
50054868,2024-10-01,2024-10-31,mensual,,,9
50054868,2024-11-01,2024-11-30,mensual,,,3
50054868,2024-12-01,2024-12-31,mensual,,,2
50054868,2026-04-01,2026-04-30,mensual,,,1
50054868,2024-01-01,2024-03-31,trimestral,-16.889303180833263,0.248239486028013,15
50054868,2024-02-01,2024-04-30,trimestral,-8.219954489167495,0.2340211703231934,18
50054868,2024-03-01,2024-05-31,trimestral,-5.4169254100265976,0.0843872716928482,15
50054868,2024-04-01,2024-06-30,trimestral,-10.3527055172783,0.0827853832455148,16
50054868,2024-05-01,2024-07-31,trimestral,,,18
50054868,2024-06-01,2024-08-31,trimestral,,,17
50054868,2024-07-01,2024-09-30,trimestral,,,15
50054868,2024-08-01,2024-10-31,trimestral,,,17
50054868,2024-09-01,2024-11-30,trimestral,,,16
50054868,2024-10-01,2024-12-31,trimestral,,,14
50054868,2024-11-01,2025-01-31,trimestral,,,5
50054868,2024-12-01,2025-02-28,trimestral,,,2
50054868,2026-02-01,2026-04-30,trimestral,,,1
50054868,2024-01-01,2024-06-30,semestral,-10.047204140380964,0.1770593779661333,31
50054868,2024-02-01,2024-07-31,semestral,-5.62580244231398,0.0515717845355477,36
50054868,2024-03-01,2024-08-31,semestral,-6.296366470707149,0.0251592221780793,32
50054868,2024-04-01,2024-09-30,semestral,-9.65910643747323,0.0365501099601839,31
50054868,2024-05-01,2024-10-31,semestral,,,35
50054868,2024-06-01,2024-11-30,semestral,,,33
50054868,2024-07-01,2024-12-31,semestral,,,29
50054868,2024-08-01,2025-01-31,semestral,,,22
50054868,2024-09-01,2025-02-28,semestral,,,18
50054868,2024-10-01,2025-03-31,semestral,,,14
50054868,2024-11-01,2025-04-30,semestral,,,5
50054868,2024-12-01,2025-05-31,semestral,,,2
50054868,2025-11-01,2026-04-30,semestral,,,1
50055456,2024-02-01,2024-02-29,mensual,,,1
50055456,2024-11-01,2024-11-30,mensual,,,1
50055456,2025-01-01,2025-01-31,mensual,,,1
50055456,2025-07-01,2025-07-31,mensual,,,1
50055456,2024-02-01,2024-04-30,trimestral,,,1
50055456,2024-09-01,2024-11-30,trimestral,,,1
50055456,2024-10-01,2024-12-31,trimestral,,,1
50055456,2024-11-01,2025-01-31,trimestral,,,2
50055456,2024-12-01,2025-02-28,trimestral,,,1
50055456,2025-01-01,2025-03-31,trimestral,,,1
50055456,2025-05-01,2025-07-31,trimestral,,,1
50055456,2024-02-01,2024-07-31,semestral,,,1
50055456,2024-06-01,2024-11-30,semestral,,,1
50055456,2024-07-01,2024-12-31,semestral,,,1
50055456,2024-08-01,2025-01-31,semestral,,,2
50055456,2024-09-01,2025-02-28,semestral,,,2
50055456,2024-10-01,2025-03-31,semestral,,,2
50055456,2024-11-01,2025-04-30,semestral,,,2
50055456,2024-12-01,2025-05-31,semestral,,,1
50055456,2025-01-01,2025-06-30,semestral,,,1
50055456,2025-02-01,2025-07-31,semestral,,,1
50055457,2024-03-01,2024-03-31,mensual,,,1
50056090,2024-10-01,2024-10-31,mensual,,,1
50056239,2024-01-01,2024-01-31,mensual,,,2
50056239,2024-03-01,2024-03-31,mensual,-0.393140320373335,0.2500065894757378,3
50056239,2024-05-01,2024-05-31,mensual,,,3
50056239,2024-06-01,2024-06-30,mensual,-1.3799290304735436,0.0048011826827998,4
50056239,2024-07-01,2024-07-31,mensual,1.159178214688655,0.266284296393292,5
50056239,2024-08-01,2024-08-31,mensual,,,1
50056239,2024-09-01,2024-09-30,mensual,,,4
50056239,2024-10-01,2024-10-31,mensual,,,1
50056239,2024-11-01,2024-11-30,mensual,,,1
50056239,2024-12-01,2024-12-31,mensual,0.2794711382256931,0.2339446090570514,4
50056239,2025-01-01,2025-01-31,mensual,-0.7688948243780912,0.927650607681619,4
50056239,2025-02-01,2025-02-28,mensual,0.2843306353851509,0.1003787290282447,3
50056239,2025-03-01,2025-03-31,mensual,-4.785201082025928,0.3309019855231927,7
50056239,2025-04-01,2025-04-30,mensual,,,1
50056239,2025-05-01,2025-05-31,mensual,,,1
50056239,2025-06-01,2025-06-30,mensual,,,2
50056239,2025-07-01,2025-07-31,mensual,1.5846044608676837,0.880443159031158,4
50056239,2025-08-01,2025-08-31,mensual,,,2
50056239,2025-09-01,2025-09-30,mensual,-3.91393892315686,0.9319189271749296,4
50056239,2025-10-01,2025-10-31,mensual,,,3
50056239,2025-12-01,2025-12-31,mensual,,,1
50056239,2026-01-01,2026-01-31,mensual,,,4
50056239,2026-02-01,2026-02-28,mensual,,,3
50056239,2026-03-01,2026-03-31,mensual,,,3
50056239,2026-04-01,2026-04-30,mensual,1.259090195218576,0.2989482896276831,4
50056239,2024-01-01,2024-03-31,trimestral,-0.3931437744156038,0.1666739883385389,5
50056239,2024-02-01,2024-04-30,trimestral,-0.393140320373335,0.2500065894757378,3
50056239,2024-03-01,2024-05-31,trimestral,-0.2646068523928446,0.0949404943822253,6
50056239,2024-04-01,2024-06-30,trimestral,-4.314663085053118,0.4418309828409115,7
50056239,2024-05-01,2024-07-31,trimestral,-0.0695703839716696,0.0004206665155438,12
50056239,2024-06-01,2024-08-31,trimestral,0.2715029857867317,0.0089295661681151,10
50056239,2024-07-01,2024-09-30,trimestral,1.1495390168392587,0.1681330876369271,10
50056239,2024-08-01,2024-10-31,trimestral,,,6
50056239,2024-09-01,2024-11-30,trimestral,,,6
50056239,2024-10-01,2024-12-31,trimestral,0.1356101821546174,0.0408422218517332,6
50056239,2024-11-01,2025-01-31,trimestral,-0.317952736241759,0.173893313774969,9
50056239,2024-12-01,2025-02-28,trimestral,-0.1989149676721876,0.056832868340413,11
50056239,2025-01-01,2025-03-31,trimestral,-0.47781963654157,0.1765301726674129,14
50056239,2025-02-01,2025-04-30,trimestral,0.1251226679175508,0.0043938192771967,11
50056239,2025-03-01,2025-05-31,trimestral,-6.065053267202186,0.4341115996254369,9
50056239,2025-04-01,2025-06-30,trimestral,-13.481623826859131,0.8639825786561102,4
50056239,2025-05-01,2025-07-31,trimestral,1.7062227058374355,0.6636550653197297,7
50056239,2025-06-01,2025-08-31,trimestral,0.6515852174991024,0.1306870971625653,8
50056239,2025-07-01,2025-09-30,trimestral,0.1360239003277687,0.0041819413250707,10
50056239,2025-08-01,2025-10-31,trimestral,-3.073607633021185,0.2764242626068772,9
50056239,2025-09-01,2025-11-30,trimestral,-3.368553256658544,0.2333631371264962,7
50056239,2025-10-01,2025-12-31,trimestral,,,4
50056239,2025-11-01,2026-01-31,trimestral,,,5
50056239,2025-12-01,2026-02-28,trimestral,,,8
50056239,2026-01-01,2026-03-31,trimestral,,,10
50056239,2026-02-01,2026-04-30,trimestral,1.0253915957422552,0.0819983127575609,10
50056239,2024-01-01,2024-06-30,semestral,-0.6898671100688175,0.1759672375299257,12
50056239,2024-02-01,2024-07-31,semestral,-0.4555846184062861,0.0748241242332413,15
50056239,2024-03-01,2024-08-31,semestral,-0.4608051089718433,0.07517620965281,16
50056239,2024-04-01,2024-09-30,semestral,-0.0527951490196141,0.0002147747014521,17
50056239,2024-05-01,2024-10-31,semestral,-0.0418019793458603,0.0001349483641661,18
50056239,2024-06-01,2024-11-30,semestral,0.1287448610481656,0.0016715474358955,16
50056239,2024-07-01,2024-12-31,semestral,0.2257703871669175,0.026543441791478,16
50056239,2024-08-01,2025-01-31,semestral,-0.3494412438794838,0.1427525350652098,15
50056239,2024-09-01,2025-02-28,semestral,-0.188806601666136,0.0431022237956694,17
50056239,2024-10-01,2025-03-31,semestral,-0.2669375556157177,0.0635585994360415,20
50056239,2024-11-01,2025-04-30,semestral,-0.2402976377957941,0.044441877543104,20
50056239,2024-12-01,2025-05-31,semestral,-0.2314800507755924,0.0401711921025503,20
50056239,2025-01-01,2025-06-30,semestral,-0.4043064805855875,0.1008704324909239,18
50056239,2025-02-01,2025-07-31,semestral,0.3693316485098115,0.0377272014716939,18
50056239,2025-03-01,2025-08-31,semestral,-0.2061702566175626,0.0030658447453384,17
50056239,2025-04-01,2025-09-30,semestral,-0.3480883286973727,0.0143980874631528,14
50056239,2025-05-01,2025-10-31,semestral,-0.1276929372168629,0.0013113436049954,16
50056239,2025-06-01,2025-11-30,semestral,-0.0645821218473045,0.0003550365935159,15
50056239,2025-07-01,2025-12-31,semestral,-0.0037776681482266,1.242809323009908e-06,14
50056239,2025-08-01,2026-01-31,semestral,-2.434911094982282,0.1397865387793293,14
50056239,2025-09-01,2026-02-28,semestral,-3.0577370078195463,0.1186753707965646,15
50056239,2025-10-01,2026-03-31,semestral,,,14
50056239,2025-11-01,2026-04-30,semestral,0.834556314781644,0.0352359144963594,15
50060514,2024-06-01,2024-06-30,mensual,,,1
50061112,2024-01-01,2024-01-31,mensual,,,1
50061112,2024-02-01,2024-02-29,mensual,,,1
50061112,2024-05-01,2024-05-31,mensual,,,1
50061112,2024-07-01,2024-07-31,mensual,,,1
50061112,2025-01-01,2025-01-31,mensual,,,1
50061112,2025-06-01,2025-06-30,mensual,,,1
50061112,2025-07-01,2025-07-31,mensual,,,2
50061112,2025-10-01,2025-10-31,mensual,,,2
50061112,2025-11-01,2025-11-30,mensual,,,1
50061112,2026-01-01,2026-01-31,mensual,,,1
50061112,2024-01-01,2024-03-31,trimestral,0.0,,2
50061112,2024-02-01,2024-04-30,trimestral,,,1
50061112,2024-03-01,2024-05-31,trimestral,,,1
50061112,2024-04-01,2024-06-30,trimestral,,,1
50061112,2024-05-01,2024-07-31,trimestral,14.823214993344944,1.0,2
50061112,2024-06-01,2024-08-31,trimestral,,,1
50061112,2024-07-01,2024-09-30,trimestral,,,1
50061112,2024-11-01,2025-01-31,trimestral,,,1
50061112,2024-12-01,2025-02-28,trimestral,,,1
50061112,2025-01-01,2025-03-31,trimestral,,,1
50061112,2025-04-01,2025-06-30,trimestral,,,1
50061112,2025-05-01,2025-07-31,trimestral,,,3
50061112,2025-06-01,2025-08-31,trimestral,,,3
50061112,2025-07-01,2025-09-30,trimestral,,,2
50061112,2025-08-01,2025-10-31,trimestral,,,2
50061112,2025-09-01,2025-11-30,trimestral,,,3
50061112,2025-10-01,2025-12-31,trimestral,,,3
50061112,2025-11-01,2026-01-31,trimestral,,,2
50061112,2024-01-01,2024-06-30,semestral,0.0,,3
50061112,2024-02-01,2024-07-31,semestral,14.82321499334524,1.0,3
50061112,2024-03-01,2024-08-31,semestral,14.823214993344944,1.0,2
50061112,2024-04-01,2024-09-30,semestral,14.823214993344944,1.0,2
50061112,2024-05-01,2024-10-31,semestral,14.823214993344944,1.0,2
50061112,2024-06-01,2024-11-30,semestral,,,1
50061112,2024-07-01,2024-12-31,semestral,,,1
50061112,2024-08-01,2025-01-31,semestral,,,1
50061112,2024-09-01,2025-02-28,semestral,,,1
50061112,2024-10-01,2025-03-31,semestral,,,1
50061112,2024-11-01,2025-04-30,semestral,,,1
50061112,2024-12-01,2025-05-31,semestral,,,1
50061112,2025-01-01,2025-06-30,semestral,,,2
50061112,2025-02-01,2025-07-31,semestral,,,3
50061112,2025-03-01,2025-08-31,semestral,,,3
50061112,2025-04-01,2025-09-30,semestral,,,3
50061112,2025-05-01,2025-10-31,semestral,,,5
50061112,2025-06-01,2025-11-30,semestral,,,6
50061112,2025-07-01,2025-12-31,semestral,,,5
50061112,2025-08-01,2026-01-31,semestral,,,4
50061113,2024-01-01,2024-01-31,mensual,,,2
50061113,2024-11-01,2024-11-30,mensual,,,2
50061113,2024-12-01,2024-12-31,mensual,,,1
50061113,2025-05-01,2025-05-31,mensual,,,3
50061113,2025-07-01,2025-07-31,mensual,,,1
50061113,2025-10-01,2025-10-31,mensual,,,2
50061113,2025-11-01,2025-11-30,mensual,,,1
50061113,2025-12-01,2025-12-31,mensual,,,1
50061113,2026-01-01,2026-01-31,mensual,,,1
50061113,2024-01-01,2024-03-31,trimestral,,,2
50061113,2024-09-01,2024-11-30,trimestral,,,2
50061113,2024-10-01,2024-12-31,trimestral,,,3
50061113,2024-11-01,2025-01-31,trimestral,,,3
50061113,2024-12-01,2025-02-28,trimestral,,,1
50061113,2025-03-01,2025-05-31,trimestral,,,3
50061113,2025-04-01,2025-06-30,trimestral,,,3
50061113,2025-05-01,2025-07-31,trimestral,,,4
50061113,2025-06-01,2025-08-31,trimestral,,,1
50061113,2025-07-01,2025-09-30,trimestral,,,1
50061113,2025-08-01,2025-10-31,trimestral,,,2
50061113,2025-09-01,2025-11-30,trimestral,,,3
50061113,2025-10-01,2025-12-31,trimestral,,,4
50061113,2025-11-01,2026-01-31,trimestral,,,3
50061113,2024-01-01,2024-06-30,semestral,,,2
50061113,2024-06-01,2024-11-30,semestral,,,2
50061113,2024-07-01,2024-12-31,semestral,,,3
50061113,2024-08-01,2025-01-31,semestral,,,3
50061113,2024-09-01,2025-02-28,semestral,,,3
50061113,2024-10-01,2025-03-31,semestral,,,3
50061113,2024-11-01,2025-04-30,semestral,,,3
50061113,2024-12-01,2025-05-31,semestral,,,4
50061113,2025-01-01,2025-06-30,semestral,,,3
50061113,2025-02-01,2025-07-31,semestral,,,4
50061113,2025-03-01,2025-08-31,semestral,,,4
50061113,2025-04-01,2025-09-30,semestral,,,4
50061113,2025-05-01,2025-10-31,semestral,,,6
50061113,2025-06-01,2025-11-30,semestral,,,4
50061113,2025-07-01,2025-12-31,semestral,,,5
50061113,2025-08-01,2026-01-31,semestral,,,5
50061114,2024-03-01,2024-03-31,mensual,,,1
50061114,2024-05-01,2024-05-31,mensual,,,2
50061114,2025-02-01,2025-02-28,mensual,,,1
50061114,2025-03-01,2025-03-31,mensual,,,1
50061114,2025-04-01,2025-04-30,mensual,,,1
50061114,2025-06-01,2025-06-30,mensual,,,1
50061114,2025-12-01,2025-12-31,mensual,1.0526372100971624e-19,,2
50061114,2026-02-01,2026-02-28,mensual,,,1
50061114,2026-03-01,2026-03-31,mensual,,,1
50061114,2026-04-01,2026-04-30,mensual,,,1
50061114,2024-03-01,2024-05-31,trimestral,0.0,,3
50061114,2024-04-01,2024-06-30,trimestral,,,2
50061114,2024-05-01,2024-07-31,trimestral,,,2
50061114,2024-12-01,2025-02-28,trimestral,,,1
50061114,2025-01-01,2025-03-31,trimestral,,,2
50061114,2025-02-01,2025-04-30,trimestral,,,3
50061114,2025-03-01,2025-05-31,trimestral,,,2
50061114,2025-04-01,2025-06-30,trimestral,,,2
50061114,2025-05-01,2025-07-31,trimestral,,,1
50061114,2025-06-01,2025-08-31,trimestral,,,1
50061114,2025-10-01,2025-12-31,trimestral,1.0526372100971624e-19,,2
50061114,2025-11-01,2026-01-31,trimestral,1.0526372100971624e-19,,2
50061114,2025-12-01,2026-02-28,trimestral,-4.849592194894405,0.25,3
50061114,2026-01-01,2026-03-31,trimestral,0.0,,2
50061114,2026-02-01,2026-04-30,trimestral,0.0,,3
50061114,2024-03-01,2024-08-31,semestral,0.0,,3
50061114,2024-04-01,2024-09-30,semestral,,,2
50061114,2024-05-01,2024-10-31,semestral,,,2
50061114,2024-09-01,2025-02-28,semestral,,,1
50061114,2024-10-01,2025-03-31,semestral,,,2
50061114,2024-11-01,2025-04-30,semestral,,,3
50061114,2024-12-01,2025-05-31,semestral,,,3
50061114,2025-01-01,2025-06-30,semestral,,,4
50061114,2025-02-01,2025-07-31,semestral,,,4
50061114,2025-03-01,2025-08-31,semestral,,,3
50061114,2025-04-01,2025-09-30,semestral,,,2
50061114,2025-05-01,2025-10-31,semestral,,,1
50061114,2025-06-01,2025-11-30,semestral,,,1
50061114,2025-07-01,2025-12-31,semestral,1.0526372100971624e-19,,2
50061114,2025-08-01,2026-01-31,semestral,1.0526372100971624e-19,,2
50061114,2025-09-01,2026-02-28,semestral,-4.849592194894405,0.25,3
50061114,2025-10-01,2026-03-31,semestral,1.63743184284234e-13,0.0,4
50061114,2025-11-01,2026-04-30,semestral,1.6165307316314346,0.027777777777778,5
50061118,2024-07-01,2024-07-31,mensual,,,1
50061118,2024-10-01,2024-10-31,mensual,,,1
50061118,2024-07-01,2024-09-30,trimestral,,,1
50061118,2024-08-01,2024-10-31,trimestral,,,1
50061119,2024-07-01,2024-07-31,mensual,,,1
50061119,2024-11-01,2024-11-30,mensual,,,1
50061119,2024-07-01,2024-09-30,trimestral,,,1
50061119,2024-09-01,2024-11-30,trimestral,,,1
50061204,2024-01-01,2024-01-31,mensual,,,2
50061204,2024-02-01,2024-02-29,mensual,,,5
50061204,2024-03-01,2024-03-31,mensual,,,4
50061204,2024-04-01,2024-04-30,mensual,,,5
50061204,2024-05-01,2024-05-31,mensual,,,1
50061204,2024-06-01,2024-06-30,mensual,,,2
50061204,2024-07-01,2024-07-31,mensual,,,4
50061204,2024-08-01,2024-08-31,mensual,2.2557697552860745,0.2500000000000016,3
50061204,2024-09-01,2024-09-30,mensual,,,4
50061204,2024-10-01,2024-10-31,mensual,,,3
50061204,2024-11-01,2024-11-30,mensual,,,4
50061204,2024-12-01,2024-12-31,mensual,,,2
50061204,2025-01-01,2025-01-31,mensual,,,3
50061204,2025-02-01,2025-02-28,mensual,0.3759010320942086,0.0001473813450001,3
50061204,2025-03-01,2025-03-31,mensual,,,3
50061204,2025-04-01,2025-04-30,mensual,,,2
50061204,2025-05-01,2025-05-31,mensual,,,2
50061204,2025-06-01,2025-06-30,mensual,,,3
50061204,2025-07-01,2025-07-31,mensual,,,1
50061204,2025-08-01,2025-08-31,mensual,3.4680165659921887,0.1421303977047334,6
50061204,2025-10-01,2025-10-31,mensual,,,3
50061204,2025-11-01,2025-11-30,mensual,,,3
50061204,2025-12-01,2025-12-31,mensual,,,1
50061204,2026-01-01,2026-01-31,mensual,,,4
50061204,2026-02-01,2026-02-28,mensual,,,1
50061204,2026-03-01,2026-03-31,mensual,,,1
50061204,2026-04-01,2026-04-30,mensual,,,2
50061204,2024-01-01,2024-03-31,trimestral,,,11
50061204,2024-02-01,2024-04-30,trimestral,,,14
50061204,2024-03-01,2024-05-31,trimestral,,,10
50061204,2024-04-01,2024-06-30,trimestral,,,8
50061204,2024-05-01,2024-07-31,trimestral,,,7
50061204,2024-06-01,2024-08-31,trimestral,2.062474008477213,0.1853634721977274,9
50061204,2024-07-01,2024-09-30,trimestral,2.4089864961542062,0.1495546366712223,11
50061204,2024-08-01,2024-10-31,trimestral,2.6400010354120336,0.1346361865366019,10
50061204,2024-09-01,2024-11-30,trimestral,,,11
50061204,2024-10-01,2024-12-31,trimestral,,,9
50061204,2024-11-01,2025-01-31,trimestral,,,9
50061204,2024-12-01,2025-02-28,trimestral,-1.1775774153385985,0.001389589467077,8
50061204,2025-01-01,2025-03-31,trimestral,-3.7480449627966848,0.0119371546564602,9
50061204,2025-02-01,2025-04-30,trimestral,2.934464592800803,0.0879166170881055,8
50061204,2025-03-01,2025-05-31,trimestral,0.5104388349172809,0.008173718849022,7
50061204,2025-04-01,2025-06-30,trimestral,1.658093226804081,0.0888244724870932,7
50061204,2025-05-01,2025-07-31,trimestral,,,6
50061204,2025-06-01,2025-08-31,trimestral,4.678603602585248,0.1853354895386068,10
50061204,2025-07-01,2025-09-30,trimestral,4.342583368190103,0.162254044385777,7
50061204,2025-08-01,2025-10-31,trimestral,2.167274136896692,0.0478669001160925,9
50061204,2025-09-01,2025-11-30,trimestral,,,6
50061204,2025-10-01,2025-12-31,trimestral,,,7
50061204,2025-11-01,2026-01-31,trimestral,,,8
50061204,2025-12-01,2026-02-28,trimestral,,,6
50061204,2026-01-01,2026-03-31,trimestral,,,6
50061204,2026-02-01,2026-04-30,trimestral,,,4
50061204,2024-01-01,2024-06-30,semestral,,,19
50061204,2024-02-01,2024-07-31,semestral,,,21
50061204,2024-03-01,2024-08-31,semestral,3.315550018181582,0.0782842140658284,19
50061204,2024-04-01,2024-09-30,semestral,2.810635827315917,0.1098221083196571,19
50061204,2024-05-01,2024-10-31,semestral,2.6373925910466327,0.0932182827663173,17
50061204,2024-06-01,2024-11-30,semestral,2.0859171068961144,0.0663011243258439,20
50061204,2024-07-01,2024-12-31,semestral,2.2706171202295837,0.06637804015887,20
50061204,2024-08-01,2025-01-31,semestral,2.504624185097932,0.0786014645463327,19
50061204,2024-09-01,2025-02-28,semestral,-5.37179903885877,0.014071521541241,19
50061204,2024-10-01,2025-03-31,semestral,-5.986353059243455,0.0176047999092932,18
50061204,2024-11-01,2025-04-30,semestral,2.1603957419710307,0.0391220191310281,17
50061204,2024-12-01,2025-05-31,semestral,2.357191671759662,0.0457582794567699,15
50061204,2025-01-01,2025-06-30,semestral,2.344744390054604,0.049714059308115,16
50061204,2025-02-01,2025-07-31,semestral,2.4816533303703245,0.0529776650297184,14
50061204,2025-03-01,2025-08-31,semestral,2.709525762503029,0.1045387120457471,17
50061204,2025-04-01,2025-09-30,semestral,2.7931117621678387,0.1248933063093903,14
50061204,2025-05-01,2025-10-31,semestral,3.00721617481852,0.0510270706066288,15
50061204,2025-06-01,2025-11-30,semestral,2.806652046924353,0.0427368760062123,16
50061204,2025-07-01,2025-12-31,semestral,2.0035793916780684,0.0251649535325345,14
50061204,2025-08-01,2026-01-31,semestral,2.9751285898371203,0.0325167082441539,17
50061204,2025-09-01,2026-02-28,semestral,,,12
50061204,2025-10-01,2026-03-31,semestral,,,13
50061204,2025-11-01,2026-04-30,semestral,,,12
50061205,2024-01-01,2024-01-31,mensual,,,1
50061205,2024-09-01,2024-09-30,mensual,,,3
50061205,2025-01-01,2025-01-31,mensual,,,2
50061205,2025-04-01,2025-04-30,mensual,,,1
50061205,2026-01-01,2026-01-31,mensual,,,1
50061205,2026-03-01,2026-03-31,mensual,,,1
50061205,2026-04-01,2026-04-30,mensual,,,1
50061205,2024-01-01,2024-03-31,trimestral,,,1
50061205,2024-07-01,2024-09-30,trimestral,,,3
50061205,2024-08-01,2024-10-31,trimestral,,,3
50061205,2024-09-01,2024-11-30,trimestral,,,3
50061205,2024-11-01,2025-01-31,trimestral,,,2
50061205,2024-12-01,2025-02-28,trimestral,,,2
50061205,2025-01-01,2025-03-31,trimestral,,,2
50061205,2025-02-01,2025-04-30,trimestral,,,1
50061205,2025-03-01,2025-05-31,trimestral,,,1
50061205,2025-04-01,2025-06-30,trimestral,,,1
50061205,2025-11-01,2026-01-31,trimestral,,,1
50061205,2025-12-01,2026-02-28,trimestral,,,1
50061205,2026-01-01,2026-03-31,trimestral,0.0,,2
50061205,2026-02-01,2026-04-30,trimestral,,,2
50061205,2024-01-01,2024-06-30,semestral,,,1
50061205,2024-04-01,2024-09-30,semestral,,,3
50061205,2024-05-01,2024-10-31,semestral,,,3
50061205,2024-06-01,2024-11-30,semestral,,,3
50061205,2024-07-01,2024-12-31,semestral,,,3
50061205,2024-08-01,2025-01-31,semestral,-7.8118841176708385,0.1214462409471534,5
50061205,2024-09-01,2025-02-28,semestral,-7.8118841176708385,0.1214462409471534,5
50061205,2024-10-01,2025-03-31,semestral,,,2
50061205,2024-11-01,2025-04-30,semestral,,,3
50061205,2024-12-01,2025-05-31,semestral,,,3
50061205,2025-01-01,2025-06-30,semestral,,,3
50061205,2025-02-01,2025-07-31,semestral,,,1
50061205,2025-03-01,2025-08-31,semestral,,,1
50061205,2025-04-01,2025-09-30,semestral,,,1
50061205,2025-08-01,2026-01-31,semestral,,,1
50061205,2025-09-01,2026-02-28,semestral,,,1
50061205,2025-10-01,2026-03-31,semestral,0.0,,2
50061205,2025-11-01,2026-04-30,semestral,0.0,,3
50061206,2024-01-01,2024-01-31,mensual,,,1
50061206,2024-05-01,2024-05-31,mensual,,,1
50061206,2024-06-01,2024-06-30,mensual,,,1
50061206,2024-09-01,2024-09-30,mensual,,,1
50061206,2025-01-01,2025-01-31,mensual,,,2
50061206,2025-05-01,2025-05-31,mensual,,,1
50061206,2025-08-01,2025-08-31,mensual,,,1
50061206,2025-09-01,2025-09-30,mensual,,,2
50061206,2025-10-01,2025-10-31,mensual,,,3
50061206,2026-01-01,2026-01-31,mensual,,,1
50061206,2026-02-01,2026-02-28,mensual,,,1
50061206,2024-01-01,2024-03-31,trimestral,,,1
50061206,2024-03-01,2024-05-31,trimestral,,,1
50061206,2024-04-01,2024-06-30,trimestral,,,2
50061206,2024-05-01,2024-07-31,trimestral,,,2
50061206,2024-06-01,2024-08-31,trimestral,,,1
50061206,2024-07-01,2024-09-30,trimestral,,,1
50061206,2024-08-01,2024-10-31,trimestral,,,1
50061206,2024-09-01,2024-11-30,trimestral,,,1
50061206,2024-11-01,2025-01-31,trimestral,,,2
50061206,2024-12-01,2025-02-28,trimestral,,,2
50061206,2025-01-01,2025-03-31,trimestral,,,2
50061206,2025-03-01,2025-05-31,trimestral,,,1
50061206,2025-04-01,2025-06-30,trimestral,,,1
50061206,2025-05-01,2025-07-31,trimestral,,,1
50061206,2025-06-01,2025-08-31,trimestral,,,1
50061206,2025-07-01,2025-09-30,trimestral,,,3
50061206,2025-08-01,2025-10-31,trimestral,,,6
50061206,2025-09-01,2025-11-30,trimestral,,,5
50061206,2025-10-01,2025-12-31,trimestral,,,3
50061206,2025-11-01,2026-01-31,trimestral,,,1
50061206,2025-12-01,2026-02-28,trimestral,,,2
50061206,2024-01-01,2024-06-30,semestral,,,3
50061206,2024-02-01,2024-07-31,semestral,,,2
50061206,2024-03-01,2024-08-31,semestral,,,2
50061206,2024-04-01,2024-09-30,semestral,,,3
50061206,2024-05-01,2024-10-31,semestral,,,3
50061206,2024-06-01,2024-11-30,semestral,,,2
50061206,2024-07-01,2024-12-31,semestral,,,1
50061206,2024-08-01,2025-01-31,semestral,,,3
50061206,2024-09-01,2025-02-28,semestral,,,3
50061206,2024-10-01,2025-03-31,semestral,,,2
50061206,2024-11-01,2025-04-30,semestral,,,2
50061206,2024-12-01,2025-05-31,semestral,,,3
50061206,2025-01-01,2025-06-30,semestral,,,3
50061206,2025-02-01,2025-07-31,semestral,,,1
50061206,2025-03-01,2025-08-31,semestral,,,2
50061206,2025-04-01,2025-09-30,semestral,,,4
50061206,2025-05-01,2025-10-31,semestral,,,7
50061206,2025-06-01,2025-11-30,semestral,,,6
50061206,2025-07-01,2025-12-31,semestral,,,6
50061206,2025-08-01,2026-01-31,semestral,,,7
50061206,2025-09-01,2026-02-28,semestral,,,7
50061207,2024-01-01,2024-01-31,mensual,,,3
50061207,2024-02-01,2024-02-29,mensual,,,2
50061207,2024-06-01,2024-06-30,mensual,,,1
50061207,2024-07-01,2024-07-31,mensual,,,1
50061207,2024-08-01,2024-08-31,mensual,,,1
50061207,2024-10-01,2024-10-31,mensual,,,2
50061207,2024-12-01,2024-12-31,mensual,,,1
50061207,2025-02-01,2025-02-28,mensual,,,3
50061207,2025-03-01,2025-03-31,mensual,,,2
50061207,2025-05-01,2025-05-31,mensual,,,1
50061207,2025-06-01,2025-06-30,mensual,,,1
50061207,2025-11-01,2025-11-30,mensual,,,1
50061207,2026-01-01,2026-01-31,mensual,,,1
50061207,2026-02-01,2026-02-28,mensual,,,1
50061207,2026-03-01,2026-03-31,mensual,,,2
50061207,2024-01-01,2024-03-31,trimestral,,,5
50061207,2024-02-01,2024-04-30,trimestral,,,2
50061207,2024-04-01,2024-06-30,trimestral,,,1
50061207,2024-05-01,2024-07-31,trimestral,,,2
50061207,2024-06-01,2024-08-31,trimestral,,,3
50061207,2024-07-01,2024-09-30,trimestral,,,2
50061207,2024-08-01,2024-10-31,trimestral,,,3
50061207,2024-09-01,2024-11-30,trimestral,,,2
50061207,2024-10-01,2024-12-31,trimestral,,,3
50061207,2024-11-01,2025-01-31,trimestral,,,1
50061207,2024-12-01,2025-02-28,trimestral,,,4
50061207,2025-01-01,2025-03-31,trimestral,,,5
50061207,2025-02-01,2025-04-30,trimestral,,,5
50061207,2025-03-01,2025-05-31,trimestral,,,3
50061207,2025-04-01,2025-06-30,trimestral,,,2
50061207,2025-05-01,2025-07-31,trimestral,,,2
50061207,2025-06-01,2025-08-31,trimestral,,,1
50061207,2025-09-01,2025-11-30,trimestral,,,1
50061207,2025-10-01,2025-12-31,trimestral,,,1
50061207,2025-11-01,2026-01-31,trimestral,,,2
50061207,2025-12-01,2026-02-28,trimestral,,,2
50061207,2026-01-01,2026-03-31,trimestral,,,4
50061207,2024-01-01,2024-06-30,semestral,,,6
50061207,2024-02-01,2024-07-31,semestral,,,4
50061207,2024-03-01,2024-08-31,semestral,,,3
50061207,2024-04-01,2024-09-30,semestral,,,3
50061207,2024-05-01,2024-10-31,semestral,,,5
50061207,2024-06-01,2024-11-30,semestral,,,5
50061207,2024-07-01,2024-12-31,semestral,,,5
50061207,2024-08-01,2025-01-31,semestral,,,4
50061207,2024-09-01,2025-02-28,semestral,,,6
50061207,2024-10-01,2025-03-31,semestral,,,8
50061207,2024-11-01,2025-04-30,semestral,,,6
50061207,2024-12-01,2025-05-31,semestral,,,7
50061207,2025-01-01,2025-06-30,semestral,,,7
50061207,2025-02-01,2025-07-31,semestral,,,7
50061207,2025-03-01,2025-08-31,semestral,,,4
50061207,2025-04-01,2025-09-30,semestral,,,2
50061207,2025-05-01,2025-10-31,semestral,,,2
50061207,2025-06-01,2025-11-30,semestral,,,2
50061207,2025-07-01,2025-12-31,semestral,,,1
50061207,2025-08-01,2026-01-31,semestral,,,2
50061207,2025-09-01,2026-02-28,semestral,,,3
50061207,2025-10-01,2026-03-31,semestral,,,5
50061208,2024-01-01,2024-01-31,mensual,,,1
50061208,2024-03-01,2024-03-31,mensual,,,2
50061208,2024-05-01,2024-05-31,mensual,,,1
50061208,2024-08-01,2024-08-31,mensual,,,1
50061208,2024-12-01,2024-12-31,mensual,,,1
50061208,2025-03-01,2025-03-31,mensual,,,1
50061208,2025-09-01,2025-09-30,mensual,,,1
50061208,2025-10-01,2025-10-31,mensual,,,1
50061208,2025-11-01,2025-11-30,mensual,0.0,,2
50061208,2026-02-01,2026-02-28,mensual,,,1
50061208,2024-01-01,2024-03-31,trimestral,-5.190893069684356,1.0,3
50061208,2024-02-01,2024-04-30,trimestral,,,2
50061208,2024-03-01,2024-05-31,trimestral,,,3
50061208,2024-04-01,2024-06-30,trimestral,,,1
50061208,2024-05-01,2024-07-31,trimestral,,,1
50061208,2024-06-01,2024-08-31,trimestral,,,1
50061208,2024-07-01,2024-09-30,trimestral,,,1
50061208,2024-08-01,2024-10-31,trimestral,,,1
50061208,2024-10-01,2024-12-31,trimestral,,,1
50061208,2024-11-01,2025-01-31,trimestral,,,1
50061208,2024-12-01,2025-02-28,trimestral,,,1
50061208,2025-01-01,2025-03-31,trimestral,,,1
50061208,2025-02-01,2025-04-30,trimestral,,,1
50061208,2025-03-01,2025-05-31,trimestral,,,1
50061208,2025-07-01,2025-09-30,trimestral,,,1
50061208,2025-08-01,2025-10-31,trimestral,,,2
50061208,2025-09-01,2025-11-30,trimestral,0.0,,4
50061208,2025-10-01,2025-12-31,trimestral,0.0,,3
50061208,2025-11-01,2026-01-31,trimestral,0.0,,2
50061208,2025-12-01,2026-02-28,trimestral,,,1
50061208,2024-01-01,2024-06-30,semestral,-5.190893069684476,1.0,4
50061208,2024-02-01,2024-07-31,semestral,,,3
50061208,2024-03-01,2024-08-31,semestral,,,4
50061208,2024-04-01,2024-09-30,semestral,,,2
50061208,2024-05-01,2024-10-31,semestral,,,2
50061208,2024-06-01,2024-11-30,semestral,,,1
50061208,2024-07-01,2024-12-31,semestral,,,2
50061208,2024-08-01,2025-01-31,semestral,,,2
50061208,2024-09-01,2025-02-28,semestral,,,1
50061208,2024-10-01,2025-03-31,semestral,,,2
50061208,2024-11-01,2025-04-30,semestral,,,2
50061208,2024-12-01,2025-05-31,semestral,,,2
50061208,2025-01-01,2025-06-30,semestral,,,1
50061208,2025-02-01,2025-07-31,semestral,,,1
50061208,2025-03-01,2025-08-31,semestral,,,1
50061208,2025-04-01,2025-09-30,semestral,,,1
50061208,2025-05-01,2025-10-31,semestral,,,2
50061208,2025-06-01,2025-11-30,semestral,0.0,,4
50061208,2025-07-01,2025-12-31,semestral,0.0,,4
50061208,2025-08-01,2026-01-31,semestral,0.0,,4
50061208,2025-09-01,2026-02-28,semestral,-3.8372343753776095,0.0623764071403597,5
50061209,2024-01-01,2024-01-31,mensual,,,1
50061209,2024-04-01,2024-04-30,mensual,,,1
50061209,2026-01-01,2026-01-31,mensual,,,2
50061209,2026-02-01,2026-02-28,mensual,,,1
50061209,2026-03-01,2026-03-31,mensual,,,1
50061209,2024-01-01,2024-03-31,trimestral,,,1
50061209,2024-02-01,2024-04-30,trimestral,,,1
50061209,2024-03-01,2024-05-31,trimestral,,,1
50061209,2024-04-01,2024-06-30,trimestral,,,1
50061209,2025-11-01,2026-01-31,trimestral,,,2
50061209,2025-12-01,2026-02-28,trimestral,,,3
50061209,2026-01-01,2026-03-31,trimestral,,,4
50061209,2024-01-01,2024-06-30,semestral,0.0,,2
50061209,2024-02-01,2024-07-31,semestral,,,1
50061209,2024-03-01,2024-08-31,semestral,,,1
50061209,2024-04-01,2024-09-30,semestral,,,1
50061209,2025-08-01,2026-01-31,semestral,,,2
50061209,2025-09-01,2026-02-28,semestral,,,3
50061209,2025-10-01,2026-03-31,semestral,,,4
50061210,2024-01-01,2024-01-31,mensual,,,1
50061210,2024-06-01,2024-06-30,mensual,,,3
50061210,2024-10-01,2024-10-31,mensual,,,1
50061210,2025-02-01,2025-02-28,mensual,,,1
50061210,2025-04-01,2025-04-30,mensual,,,1
50061210,2025-05-01,2025-05-31,mensual,,,1
50061210,2025-07-01,2025-07-31,mensual,,,1
50061210,2025-08-01,2025-08-31,mensual,,,2
50061210,2025-11-01,2025-11-30,mensual,,,1
50061210,2025-12-01,2025-12-31,mensual,,,1
50061210,2026-03-01,2026-03-31,mensual,,,1
50061210,2024-01-01,2024-03-31,trimestral,,,1
50061210,2024-04-01,2024-06-30,trimestral,,,3
50061210,2024-05-01,2024-07-31,trimestral,,,3
50061210,2024-06-01,2024-08-31,trimestral,,,3
50061210,2024-08-01,2024-10-31,trimestral,,,1
50061210,2024-09-01,2024-11-30,trimestral,,,1
50061210,2024-10-01,2024-12-31,trimestral,,,1
50061210,2024-12-01,2025-02-28,trimestral,,,1
50061210,2025-01-01,2025-03-31,trimestral,,,1
50061210,2025-02-01,2025-04-30,trimestral,,,2
50061210,2025-03-01,2025-05-31,trimestral,,,2
50061210,2025-04-01,2025-06-30,trimestral,,,2
50061210,2025-05-01,2025-07-31,trimestral,,,2
50061210,2025-06-01,2025-08-31,trimestral,,,3
50061210,2025-07-01,2025-09-30,trimestral,,,3
50061210,2025-08-01,2025-10-31,trimestral,,,2
50061210,2025-09-01,2025-11-30,trimestral,,,1
50061210,2025-10-01,2025-12-31,trimestral,,,2
50061210,2025-11-01,2026-01-31,trimestral,,,2
50061210,2025-12-01,2026-02-28,trimestral,,,1
50061210,2026-01-01,2026-03-31,trimestral,,,1
50061210,2024-01-01,2024-06-30,semestral,,,4
50061210,2024-02-01,2024-07-31,semestral,,,3
50061210,2024-03-01,2024-08-31,semestral,,,3
50061210,2024-04-01,2024-09-30,semestral,,,3
50061210,2024-05-01,2024-10-31,semestral,,,4
50061210,2024-06-01,2024-11-30,semestral,,,4
50061210,2024-07-01,2024-12-31,semestral,,,1
50061210,2024-08-01,2025-01-31,semestral,,,1
50061210,2024-09-01,2025-02-28,semestral,,,2
50061210,2024-10-01,2025-03-31,semestral,,,2
50061210,2024-11-01,2025-04-30,semestral,,,2
50061210,2024-12-01,2025-05-31,semestral,,,3
50061210,2025-01-01,2025-06-30,semestral,,,3
50061210,2025-02-01,2025-07-31,semestral,,,4
50061210,2025-03-01,2025-08-31,semestral,,,5
50061210,2025-04-01,2025-09-30,semestral,,,5
50061210,2025-05-01,2025-10-31,semestral,,,4
50061210,2025-06-01,2025-11-30,semestral,,,4
50061210,2025-07-01,2025-12-31,semestral,,,5
50061210,2025-08-01,2026-01-31,semestral,,,4
50061210,2025-09-01,2026-02-28,semestral,,,2
50061210,2025-10-01,2026-03-31,semestral,,,3
50061211,2024-02-01,2024-02-29,mensual,,,1
50061211,2024-04-01,2024-04-30,mensual,,,1
50061211,2024-06-01,2024-06-30,mensual,,,1
50061211,2024-07-01,2024-07-31,mensual,,,2
50061211,2024-08-01,2024-08-31,mensual,,,1
50061211,2024-09-01,2024-09-30,mensual,-2.609864107885467,0.013236867857534,4
50061211,2024-11-01,2024-11-30,mensual,,,1
50061211,2024-12-01,2024-12-31,mensual,,,1
50061211,2025-01-01,2025-01-31,mensual,,,1
50061211,2025-02-01,2025-02-28,mensual,,,1
50061211,2025-03-01,2025-03-31,mensual,,,1
50061211,2025-04-01,2025-04-30,mensual,,,1
50061211,2025-05-01,2025-05-31,mensual,,,1
50061211,2025-07-01,2025-07-31,mensual,,,1
50061211,2025-08-01,2025-08-31,mensual,,,1
50061211,2025-09-01,2025-09-30,mensual,,,1
50061211,2025-10-01,2025-10-31,mensual,,,1
50061211,2026-01-01,2026-01-31,mensual,,,2
50061211,2026-02-01,2026-02-28,mensual,,,1
50061211,2026-04-01,2026-04-30,mensual,,,2
50061211,2024-02-01,2024-04-30,trimestral,,,2
50061211,2024-03-01,2024-05-31,trimestral,,,1
50061211,2024-04-01,2024-06-30,trimestral,,,2
50061211,2024-05-01,2024-07-31,trimestral,,,3
50061211,2024-06-01,2024-08-31,trimestral,,,4
50061211,2024-07-01,2024-09-30,trimestral,3.543983899713911,0.0173972284183604,7
50061211,2024-08-01,2024-10-31,trimestral,0.4670598959143928,0.000352836605115,5
50061211,2024-09-01,2024-11-30,trimestral,0.4670598959135558,0.0003528366051153,5
50061211,2024-10-01,2024-12-31,trimestral,,,2
50061211,2024-11-01,2025-01-31,trimestral,,,3
50061211,2024-12-01,2025-02-28,trimestral,,,3
50061211,2025-01-01,2025-03-31,trimestral,,,3
50061211,2025-02-01,2025-04-30,trimestral,,,3
50061211,2025-03-01,2025-05-31,trimestral,,,3
50061211,2025-04-01,2025-06-30,trimestral,,,2
50061211,2025-05-01,2025-07-31,trimestral,,,2
50061211,2025-06-01,2025-08-31,trimestral,,,2
50061211,2025-07-01,2025-09-30,trimestral,,,3
50061211,2025-08-01,2025-10-31,trimestral,,,3
50061211,2025-09-01,2025-11-30,trimestral,,,2
50061211,2025-10-01,2025-12-31,trimestral,,,1
50061211,2025-11-01,2026-01-31,trimestral,,,2
50061211,2025-12-01,2026-02-28,trimestral,0.0,,3
50061211,2026-01-01,2026-03-31,trimestral,0.0,,3
50061211,2026-02-01,2026-04-30,trimestral,3.2899260422692755,0.2500000000000001,3
50061211,2024-02-01,2024-07-31,semestral,,,5
50061211,2024-03-01,2024-08-31,semestral,,,5
50061211,2024-04-01,2024-09-30,semestral,5.082445901612933,0.0333829679262954,9
50061211,2024-05-01,2024-10-31,semestral,4.423105043656157,0.0260307351264315,8
50061211,2024-06-01,2024-11-30,semestral,5.082445901612933,0.0333829679262954,9
50061211,2024-07-01,2024-12-31,semestral,5.082445901613251,0.0333829679262956,9
50061211,2024-08-01,2025-01-31,semestral,3.0377004854691254,0.0128798658377869,8
50061211,2024-09-01,2025-02-28,semestral,3.0377004854687515,0.0128798658377872,8
50061211,2024-10-01,2025-03-31,semestral,,,5
50061211,2024-11-01,2025-04-30,semestral,,,6
50061211,2024-12-01,2025-05-31,semestral,,,6
50061211,2025-01-01,2025-06-30,semestral,,,5
50061211,2025-02-01,2025-07-31,semestral,,,5
50061211,2025-03-01,2025-08-31,semestral,,,5
50061211,2025-04-01,2025-09-30,semestral,,,5
50061211,2025-05-01,2025-10-31,semestral,,,5
50061211,2025-06-01,2025-11-30,semestral,,,4
50061211,2025-07-01,2025-12-31,semestral,,,4
50061211,2025-08-01,2026-01-31,semestral,,,5
50061211,2025-09-01,2026-02-28,semestral,1.6449630211346664,0.0624999999999998,5
50061211,2025-10-01,2026-03-31,semestral,2.193284028179666,0.111111111111111,4
50061211,2025-11-01,2026-04-30,semestral,1.644963021134667,0.0625,5
50061212,2024-08-01,2024-08-31,mensual,,,1
50061212,2024-10-01,2024-10-31,mensual,,,1
50061212,2025-02-01,2025-02-28,mensual,,,2
50061212,2025-05-01,2025-05-31,mensual,,,1
50061212,2026-04-01,2026-04-30,mensual,,,1
50061212,2024-08-01,2024-10-31,trimestral,,,2
50061212,2024-09-01,2024-11-30,trimestral,,,1
50061212,2024-10-01,2024-12-31,trimestral,,,1
50061212,2024-12-01,2025-02-28,trimestral,,,2
50061212,2025-01-01,2025-03-31,trimestral,,,2
50061212,2025-02-01,2025-04-30,trimestral,,,2
50061212,2025-03-01,2025-05-31,trimestral,,,1
50061212,2025-04-01,2025-06-30,trimestral,,,1
50061212,2025-05-01,2025-07-31,trimestral,,,1
50061212,2026-02-01,2026-04-30,trimestral,,,1
50061212,2024-08-01,2025-01-31,semestral,,,2
50061212,2024-09-01,2025-02-28,semestral,,,3
50061212,2024-10-01,2025-03-31,semestral,,,3
50061212,2024-11-01,2025-04-30,semestral,,,2
50061212,2024-12-01,2025-05-31,semestral,,,3
50061212,2025-01-01,2025-06-30,semestral,,,3
50061212,2025-02-01,2025-07-31,semestral,,,3
50061212,2025-03-01,2025-08-31,semestral,,,1
50061212,2025-04-01,2025-09-30,semestral,,,1
50061212,2025-05-01,2025-10-31,semestral,,,1
50061212,2025-11-01,2026-04-30,semestral,,,1
50061215,2024-02-01,2024-02-29,mensual,,,1
50061215,2024-03-01,2024-03-31,mensual,,,1
50061215,2024-04-01,2024-04-30,mensual,,,2
50061215,2024-08-01,2024-08-31,mensual,0.0,,4
50061215,2024-09-01,2024-09-30,mensual,,,1
50061215,2024-10-01,2024-10-31,mensual,,,1
50061215,2024-12-01,2024-12-31,mensual,,,2
50061215,2025-02-01,2025-02-28,mensual,,,1
50061215,2025-03-01,2025-03-31,mensual,,,4
50061215,2025-04-01,2025-04-30,mensual,,,1
50061215,2025-05-01,2025-05-31,mensual,,,1
50061215,2025-06-01,2025-06-30,mensual,,,1
50061215,2025-07-01,2025-07-31,mensual,,,1
50061215,2025-09-01,2025-09-30,mensual,,,1
50061215,2025-10-01,2025-10-31,mensual,,,2
50061215,2025-11-01,2025-11-30,mensual,,,1
50061215,2026-04-01,2026-04-30,mensual,,,1
50061215,2024-02-01,2024-04-30,trimestral,,,4
50061215,2024-03-01,2024-05-31,trimestral,,,3
50061215,2024-04-01,2024-06-30,trimestral,,,2
50061215,2024-06-01,2024-08-31,trimestral,0.0,,4
50061215,2024-07-01,2024-09-30,trimestral,0.7675139067559051,0.1778673152546949,5
50061215,2024-08-01,2024-10-31,trimestral,0.6945062699651476,0.1430794642774731,6
50061215,2024-09-01,2024-11-30,trimestral,9.699184389788748,1.0,2
50061215,2024-10-01,2024-12-31,trimestral,,,3
50061215,2024-11-01,2025-01-31,trimestral,,,2
50061215,2024-12-01,2025-02-28,trimestral,3.106283719505402,0.2500000000000001,3
50061215,2025-01-01,2025-03-31,trimestral,0.7765709298763526,0.0624999999999998,5
50061215,2025-02-01,2025-04-30,trimestral,0.6212567439010767,0.0400000000000001,6
50061215,2025-03-01,2025-05-31,trimestral,,,6
50061215,2025-04-01,2025-06-30,trimestral,,,3
50061215,2025-05-01,2025-07-31,trimestral,,,3
50061215,2025-06-01,2025-08-31,trimestral,,,2
50061215,2025-07-01,2025-09-30,trimestral,,,2
50061215,2025-08-01,2025-10-31,trimestral,,,3
50061215,2025-09-01,2025-11-30,trimestral,,,4
50061215,2025-10-01,2025-12-31,trimestral,,,3
50061215,2025-11-01,2026-01-31,trimestral,,,1
50061215,2026-02-01,2026-04-30,trimestral,,,1
50061215,2024-02-01,2024-07-31,semestral,,,4
50061215,2024-03-01,2024-08-31,semestral,0.8372513496658042,0.0622068806829809,7
50061215,2024-04-01,2024-09-30,semestral,0.8783431564774123,0.1356735926465152,7
50061215,2024-05-01,2024-10-31,semestral,0.6945062699651476,0.1430794642774731,6
50061215,2024-06-01,2024-11-30,semestral,0.6945062699651476,0.1430794642774731,6
50061215,2024-07-01,2024-12-31,semestral,1.0123952301452614,0.0672500442440043,8
50061215,2024-08-01,2025-01-31,semestral,1.0123952301452614,0.0672500442440043,8
50061215,2024-09-01,2025-02-28,semestral,2.238954261262596,0.1640016070663248,5
50061215,2024-10-01,2025-03-31,semestral,1.3312644512165963,0.04147465437788,8
50061215,2024-11-01,2025-04-30,semestral,1.331264451216594,0.04147465437788,8
50061215,2024-12-01,2025-05-31,semestral,1.164856394814456,0.0312499999999998,9
50061215,2025-01-01,2025-06-30,semestral,0.8875096341443974,0.0476190476190474,8
50061215,2025-02-01,2025-07-31,semestral,1.16485639481449,0.0625000000000001,9
50061215,2025-03-01,2025-08-31,semestral,,,8
50061215,2025-04-01,2025-09-30,semestral,,,5
50061215,2025-05-01,2025-10-31,semestral,,,6
50061215,2025-06-01,2025-11-30,semestral,,,6
50061215,2025-07-01,2025-12-31,semestral,,,5
50061215,2025-08-01,2026-01-31,semestral,,,4
50061215,2025-09-01,2026-02-28,semestral,,,4
50061215,2025-10-01,2026-03-31,semestral,,,3
50061215,2025-11-01,2026-04-30,semestral,-5.673659155606651,1.0,2
50061216,2024-01-01,2024-01-31,mensual,,,4
50061216,2024-02-01,2024-02-29,mensual,,,1
50061216,2024-04-01,2024-04-30,mensual,,,2
50061216,2024-06-01,2024-06-30,mensual,35.07985396189443,0.9005176447764066,4
50061216,2024-07-01,2024-07-31,mensual,,,3
50061216,2024-08-01,2024-08-31,mensual,,,1
50061216,2024-09-01,2024-09-30,mensual,,,3
50061216,2024-10-01,2024-10-31,mensual,,,1
50061216,2024-12-01,2024-12-31,mensual,,,1
50061216,2025-02-01,2025-02-28,mensual,,,2
50061216,2025-03-01,2025-03-31,mensual,,,1
50061216,2025-05-01,2025-05-31,mensual,,,2
50061216,2025-06-01,2025-06-30,mensual,,,1
50061216,2025-08-01,2025-08-31,mensual,,,3
50061216,2025-09-01,2025-09-30,mensual,,,1
50061216,2025-10-01,2025-10-31,mensual,,,2
50061216,2025-11-01,2025-11-30,mensual,,,1
50061216,2026-03-01,2026-03-31,mensual,,,1
50061216,2026-04-01,2026-04-30,mensual,,,1
50061216,2024-01-01,2024-03-31,trimestral,,,5
50061216,2024-02-01,2024-04-30,trimestral,,,3
50061216,2024-03-01,2024-05-31,trimestral,,,2
50061216,2024-04-01,2024-06-30,trimestral,31.78201316642668,0.6323428920313734,6
50061216,2024-05-01,2024-07-31,trimestral,32.37145161552175,0.5635673921182309,7
50061216,2024-06-01,2024-08-31,trimestral,33.34957527363968,0.569482052995703,8
50061216,2024-07-01,2024-09-30,trimestral,,,7
50061216,2024-08-01,2024-10-31,trimestral,,,5
50061216,2024-09-01,2024-11-30,trimestral,,,4
50061216,2024-10-01,2024-12-31,trimestral,,,2
50061216,2024-11-01,2025-01-31,trimestral,,,1
50061216,2024-12-01,2025-02-28,trimestral,,,3
50061216,2025-01-01,2025-03-31,trimestral,,,3
50061216,2025-02-01,2025-04-30,trimestral,,,3
50061216,2025-03-01,2025-05-31,trimestral,,,3
50061216,2025-04-01,2025-06-30,trimestral,,,3
50061216,2025-05-01,2025-07-31,trimestral,,,3
50061216,2025-06-01,2025-08-31,trimestral,,,4
50061216,2025-07-01,2025-09-30,trimestral,,,4
50061216,2025-08-01,2025-10-31,trimestral,,,6
50061216,2025-09-01,2025-11-30,trimestral,,,4
50061216,2025-10-01,2025-12-31,trimestral,,,3
50061216,2025-11-01,2026-01-31,trimestral,,,1
50061216,2026-01-01,2026-03-31,trimestral,,,1
50061216,2026-02-01,2026-04-30,trimestral,-15.357421968930757,1.0,2
50061216,2024-01-01,2024-06-30,semestral,33.018703464726634,0.5901808834335383,11
50061216,2024-02-01,2024-07-31,semestral,31.903692450842936,0.4527279049016586,10
50061216,2024-03-01,2024-08-31,semestral,31.903692450842914,0.4527279049016693,10
50061216,2024-04-01,2024-09-30,semestral,32.70104244241187,0.4447875394129099,13
50061216,2024-05-01,2024-10-31,semestral,34.35852845521825,0.5543486290085547,12
50061216,2024-06-01,2024-11-30,semestral,34.35852845521825,0.5543486290085547,12
50061216,2024-07-01,2024-12-31,semestral,,,9
50061216,2024-08-01,2025-01-31,semestral,,,6
50061216,2024-09-01,2025-02-28,semestral,,,7
50061216,2024-10-01,2025-03-31,semestral,,,5
50061216,2024-11-01,2025-04-30,semestral,,,4
50061216,2024-12-01,2025-05-31,semestral,,,6
50061216,2025-01-01,2025-06-30,semestral,,,6
50061216,2025-02-01,2025-07-31,semestral,,,6
50061216,2025-03-01,2025-08-31,semestral,,,7
50061216,2025-04-01,2025-09-30,semestral,,,7
50061216,2025-05-01,2025-10-31,semestral,,,9
50061216,2025-06-01,2025-11-30,semestral,,,8
50061216,2025-07-01,2025-12-31,semestral,,,7
50061216,2025-08-01,2026-01-31,semestral,,,7
50061216,2025-09-01,2026-02-28,semestral,,,4
50061216,2025-10-01,2026-03-31,semestral,,,4
50061216,2025-11-01,2026-04-30,semestral,-2.827030469325672,0.0167067276762823,3
50061217,2024-01-01,2024-01-31,mensual,,,1
50061217,2024-02-01,2024-02-29,mensual,2.834020756515549,0.0463076477197741,4
50061217,2024-03-01,2024-03-31,mensual,,,2
50061217,2024-04-01,2024-04-30,mensual,,,1
50061217,2024-05-01,2024-05-31,mensual,9.709041503731273,1.0,3
50061217,2024-06-01,2024-06-30,mensual,,,1
50061217,2024-07-01,2024-07-31,mensual,,,1
50061217,2024-09-01,2024-09-30,mensual,,,2
50061217,2024-10-01,2024-10-31,mensual,,,1
50061217,2024-11-01,2024-11-30,mensual,0.0,,3
50061217,2024-12-01,2024-12-31,mensual,,,2
50061217,2025-01-01,2025-01-31,mensual,,,2
50061217,2025-05-01,2025-05-31,mensual,,,1
50061217,2025-06-01,2025-06-30,mensual,,,1
50061217,2025-08-01,2025-08-31,mensual,,,1
50061217,2025-09-01,2025-09-30,mensual,,,1
50061217,2025-11-01,2025-11-30,mensual,,,1
50061217,2025-12-01,2025-12-31,mensual,,,1
50061217,2026-01-01,2026-01-31,mensual,,,3
50061217,2026-02-01,2026-02-28,mensual,,,2
50061217,2026-04-01,2026-04-30,mensual,,,1
50061217,2024-01-01,2024-03-31,trimestral,5.746444857149728,0.1957423608583289,7
50061217,2024-02-01,2024-04-30,trimestral,5.746444857149572,0.195742360858329,7
50061217,2024-03-01,2024-05-31,trimestral,9.709041503731068,1.0,6
50061217,2024-04-01,2024-06-30,trimestral,7.28178112779827,0.375,5
50061217,2024-05-01,2024-07-31,trimestral,3.4272518563869294,0.0513541315853773,5
50061217,2024-06-01,2024-08-31,trimestral,,,2
50061217,2024-07-01,2024-09-30,trimestral,,,3
50061217,2024-08-01,2024-10-31,trimestral,,,3
50061217,2024-09-01,2024-11-30,trimestral,-1.9418083007462053,0.04,6
50061217,2024-10-01,2024-12-31,trimestral,-1.9418083007462477,0.04,6
50061217,2024-11-01,2025-01-31,trimestral,0.0,,7
50061217,2024-12-01,2025-02-28,trimestral,,,4
50061217,2025-01-01,2025-03-31,trimestral,,,2
50061217,2025-03-01,2025-05-31,trimestral,,,1
50061217,2025-04-01,2025-06-30,trimestral,,,2
50061217,2025-05-01,2025-07-31,trimestral,,,2
50061217,2025-06-01,2025-08-31,trimestral,,,2
50061217,2025-07-01,2025-09-30,trimestral,0.0,,2
50061217,2025-08-01,2025-10-31,trimestral,0.0,,2
50061217,2025-09-01,2025-11-30,trimestral,0.0,,2
50061217,2025-10-01,2025-12-31,trimestral,,,2
50061217,2025-11-01,2026-01-31,trimestral,,,5
50061217,2025-12-01,2026-02-28,trimestral,,,6
50061217,2026-01-01,2026-03-31,trimestral,,,5
50061217,2026-02-01,2026-04-30,trimestral,,,3
50061217,2024-01-01,2024-06-30,semestral,6.204597372413915,0.2444129733581207,12
50061217,2024-02-01,2024-07-31,semestral,4.492230403813656,0.0993092895620881,12
50061217,2024-03-01,2024-08-31,semestral,6.114990355213107,0.1194770710205344,8
50061217,2024-04-01,2024-09-30,semestral,6.114990355213103,0.1194770710205344,8
50061217,2024-05-01,2024-10-31,semestral,4.729063866602998,0.0719829792012854,8
50061217,2024-06-01,2024-11-30,semestral,-4.979134912625596,0.0792137917639804,8
50061217,2024-07-01,2024-12-31,semestral,-3.145289130437387,0.0336864762941944,9
50061217,2024-08-01,2025-01-31,semestral,-1.078782389303487,0.0123456790123455,10
50061217,2024-09-01,2025-02-28,semestral,-1.078782389303487,0.0123456790123455,10
50061217,2024-10-01,2025-03-31,semestral,-1.3870059291039427,0.0204081632653058,8
50061217,2024-11-01,2025-04-30,semestral,0.0,,7
50061217,2024-12-01,2025-05-31,semestral,,,5
50061217,2025-01-01,2025-06-30,semestral,,,4
50061217,2025-02-01,2025-07-31,semestral,,,2
50061217,2025-03-01,2025-08-31,semestral,,,3
50061217,2025-04-01,2025-09-30,semestral,0.0,,4
50061217,2025-05-01,2025-10-31,semestral,0.0,,4
50061217,2025-06-01,2025-11-30,semestral,0.0,,4
50061217,2025-07-01,2025-12-31,semestral,0.0,,4
50061217,2025-08-01,2026-01-31,semestral,-1.626493026263307,0.0280726516701266,7
50061217,2025-09-01,2026-02-28,semestral,-2.780842293697739,0.0478662906042426,8
50061217,2025-10-01,2026-03-31,semestral,,,7
50061217,2025-11-01,2026-04-30,semestral,,,8
50061218,2024-01-01,2024-01-31,mensual,,,1
50061218,2024-11-01,2024-11-30,mensual,,,1
50061218,2025-03-01,2025-03-31,mensual,,,1
50061218,2025-07-01,2025-07-31,mensual,,,1
50061218,2025-09-01,2025-09-30,mensual,,,1
50061218,2026-04-01,2026-04-30,mensual,,,1
50061218,2024-01-01,2024-03-31,trimestral,,,1
50061218,2024-09-01,2024-11-30,trimestral,,,1
50061218,2024-10-01,2024-12-31,trimestral,,,1
50061218,2024-11-01,2025-01-31,trimestral,,,1
50061218,2025-01-01,2025-03-31,trimestral,,,1
50061218,2025-02-01,2025-04-30,trimestral,,,1
50061218,2025-03-01,2025-05-31,trimestral,,,1
50061218,2025-05-01,2025-07-31,trimestral,,,1
50061218,2025-06-01,2025-08-31,trimestral,,,1
50061218,2025-07-01,2025-09-30,trimestral,9.698993623868374,1.0,2
50061218,2025-08-01,2025-10-31,trimestral,,,1
50061218,2025-09-01,2025-11-30,trimestral,,,1
50061218,2026-02-01,2026-04-30,trimestral,,,1
50061218,2024-01-01,2024-06-30,semestral,,,1
50061218,2024-06-01,2024-11-30,semestral,,,1
50061218,2024-07-01,2024-12-31,semestral,,,1
50061218,2024-08-01,2025-01-31,semestral,,,1
50061218,2024-09-01,2025-02-28,semestral,,,1
50061218,2024-10-01,2025-03-31,semestral,0.0,,2
50061218,2024-11-01,2025-04-30,semestral,0.0,,2
50061218,2024-12-01,2025-05-31,semestral,,,1
50061218,2025-01-01,2025-06-30,semestral,,,1
50061218,2025-02-01,2025-07-31,semestral,9.69899362386854,1.0,2
50061218,2025-03-01,2025-08-31,semestral,9.69899362386854,1.0,2
50061218,2025-04-01,2025-09-30,semestral,9.698993623868374,1.0,2
50061218,2025-05-01,2025-10-31,semestral,9.698993623868374,1.0,2
50061218,2025-06-01,2025-11-30,semestral,9.698993623868374,1.0,2
50061218,2025-07-01,2025-12-31,semestral,9.698993623868374,1.0,2
50061218,2025-08-01,2026-01-31,semestral,,,1
50061218,2025-09-01,2026-02-28,semestral,,,1
50061218,2025-11-01,2026-04-30,semestral,,,1
50061219,2024-05-01,2024-05-31,mensual,,,1
50061219,2025-04-01,2025-04-30,mensual,,,1
50061219,2026-01-01,2026-01-31,mensual,,,1
50061219,2024-05-01,2024-07-31,trimestral,,,1
50061219,2025-02-01,2025-04-30,trimestral,,,1
50061219,2025-03-01,2025-05-31,trimestral,,,1
50061219,2025-04-01,2025-06-30,trimestral,,,1
50061219,2025-11-01,2026-01-31,trimestral,,,1
50061219,2024-05-01,2024-10-31,semestral,,,1
50061219,2024-11-01,2025-04-30,semestral,,,1
50061219,2024-12-01,2025-05-31,semestral,,,1
50061219,2025-01-01,2025-06-30,semestral,,,1
50061219,2025-02-01,2025-07-31,semestral,,,1
50061219,2025-03-01,2025-08-31,semestral,,,1
50061219,2025-04-01,2025-09-30,semestral,,,1
50061219,2025-08-01,2026-01-31,semestral,,,1
50061220,2024-06-01,2024-06-30,mensual,,,1
50061220,2024-09-01,2024-09-30,mensual,,,1
50061220,2025-01-01,2025-01-31,mensual,,,1
50061220,2025-02-01,2025-02-28,mensual,,,1
50061220,2024-06-01,2024-08-31,trimestral,,,1
50061220,2024-07-01,2024-09-30,trimestral,,,1
50061220,2024-08-01,2024-10-31,trimestral,,,1
50061220,2024-09-01,2024-11-30,trimestral,,,1
50061220,2024-11-01,2025-01-31,trimestral,,,1
50061220,2024-12-01,2025-02-28,trimestral,,,2
50061220,2024-06-01,2024-11-30,semestral,,,2
50061220,2024-07-01,2024-12-31,semestral,,,1
50061220,2024-08-01,2025-01-31,semestral,,,2
50061220,2024-09-01,2025-02-28,semestral,,,3
50061221,2024-05-01,2024-05-31,mensual,,,1
50061221,2025-08-01,2025-08-31,mensual,,,1
50061221,2025-11-01,2025-11-30,mensual,,,1
50061221,2026-04-01,2026-04-30,mensual,,,1
50061221,2024-05-01,2024-07-31,trimestral,,,1
50061221,2025-06-01,2025-08-31,trimestral,,,1
50061221,2025-07-01,2025-09-30,trimestral,,,1
50061221,2025-08-01,2025-10-31,trimestral,,,1
50061221,2025-09-01,2025-11-30,trimestral,,,1
50061221,2025-10-01,2025-12-31,trimestral,,,1
50061221,2025-11-01,2026-01-31,trimestral,,,1
50061221,2026-02-01,2026-04-30,trimestral,,,1
50061221,2024-05-01,2024-10-31,semestral,,,1
50061221,2025-03-01,2025-08-31,semestral,,,1
50061221,2025-04-01,2025-09-30,semestral,,,1
50061221,2025-05-01,2025-10-31,semestral,,,1
50061221,2025-06-01,2025-11-30,semestral,,,2
50061221,2025-07-01,2025-12-31,semestral,,,2
50061221,2025-08-01,2026-01-31,semestral,,,2
50061221,2025-09-01,2026-02-28,semestral,,,1
50061221,2025-10-01,2026-03-31,semestral,,,1
50061221,2025-11-01,2026-04-30,semestral,0.0,,2
50061222,2024-02-01,2024-02-29,mensual,,,1
50061222,2024-03-01,2024-03-31,mensual,,,1
50061222,2024-05-01,2024-05-31,mensual,,,1
50061222,2024-11-01,2024-11-30,mensual,,,1
50061222,2025-06-01,2025-06-30,mensual,,,1
50061222,2025-08-01,2025-08-31,mensual,,,1
50061222,2026-02-01,2026-02-28,mensual,,,1
50061222,2026-03-01,2026-03-31,mensual,,,1
50061222,2024-02-01,2024-04-30,trimestral,,,2
50061222,2024-03-01,2024-05-31,trimestral,,,2
50061222,2024-04-01,2024-06-30,trimestral,,,1
50061222,2024-05-01,2024-07-31,trimestral,,,1
50061222,2024-09-01,2024-11-30,trimestral,,,1
50061222,2024-10-01,2024-12-31,trimestral,,,1
50061222,2024-11-01,2025-01-31,trimestral,,,1
50061222,2025-04-01,2025-06-30,trimestral,,,1
50061222,2025-05-01,2025-07-31,trimestral,,,1
50061222,2025-06-01,2025-08-31,trimestral,0.0,,2
50061222,2025-07-01,2025-09-30,trimestral,,,1
50061222,2025-08-01,2025-10-31,trimestral,,,1
50061222,2025-12-01,2026-02-28,trimestral,,,1
50061222,2026-01-01,2026-03-31,trimestral,,,2
50061222,2024-02-01,2024-07-31,semestral,,,3
50061222,2024-03-01,2024-08-31,semestral,,,2
50061222,2024-04-01,2024-09-30,semestral,,,1
50061222,2024-05-01,2024-10-31,semestral,,,1
50061222,2024-06-01,2024-11-30,semestral,,,1
50061222,2024-07-01,2024-12-31,semestral,,,1
50061222,2024-08-01,2025-01-31,semestral,,,1
50061222,2024-09-01,2025-02-28,semestral,,,1
50061222,2024-10-01,2025-03-31,semestral,,,1
50061222,2024-11-01,2025-04-30,semestral,,,1
50061222,2025-01-01,2025-06-30,semestral,,,1
50061222,2025-02-01,2025-07-31,semestral,,,1
50061222,2025-03-01,2025-08-31,semestral,0.0,,2
50061222,2025-04-01,2025-09-30,semestral,0.0,,2
50061222,2025-05-01,2025-10-31,semestral,0.0,,2
50061222,2025-06-01,2025-11-30,semestral,0.0,,2
50061222,2025-07-01,2025-12-31,semestral,,,1
50061222,2025-08-01,2026-01-31,semestral,,,1
50061222,2025-09-01,2026-02-28,semestral,,,1
50061222,2025-10-01,2026-03-31,semestral,,,2
50061223,2024-08-01,2024-08-31,mensual,,,2
50061223,2025-04-01,2025-04-30,mensual,,,1
50061223,2025-10-01,2025-10-31,mensual,,,1
50061223,2024-08-01,2024-10-31,trimestral,,,2
50061223,2025-02-01,2025-04-30,trimestral,,,1
50061223,2025-03-01,2025-05-31,trimestral,,,1
50061223,2025-04-01,2025-06-30,trimestral,,,1
50061223,2025-08-01,2025-10-31,trimestral,,,1
50061223,2024-08-01,2025-01-31,semestral,,,2
50061223,2024-11-01,2025-04-30,semestral,,,1
50061223,2024-12-01,2025-05-31,semestral,,,1
50061223,2025-01-01,2025-06-30,semestral,,,1
50061223,2025-02-01,2025-07-31,semestral,,,1
50061223,2025-03-01,2025-08-31,semestral,,,1
50061223,2025-04-01,2025-09-30,semestral,,,1
50061223,2025-05-01,2025-10-31,semestral,,,1
50061224,2024-03-01,2024-03-31,mensual,,,1
50061224,2024-04-01,2024-04-30,mensual,,,1
50061224,2024-07-01,2024-07-31,mensual,,,1
50061224,2024-10-01,2024-10-31,mensual,,,1
50061224,2024-11-01,2024-11-30,mensual,,,2
50061224,2025-07-01,2025-07-31,mensual,,,1
50061224,2025-09-01,2025-09-30,mensual,,,1
50061224,2024-03-01,2024-05-31,trimestral,,,2
50061224,2024-04-01,2024-06-30,trimestral,,,1
50061224,2024-05-01,2024-07-31,trimestral,,,1
50061224,2024-06-01,2024-08-31,trimestral,,,1
50061224,2024-07-01,2024-09-30,trimestral,,,1
50061224,2024-08-01,2024-10-31,trimestral,,,1
50061224,2024-09-01,2024-11-30,trimestral,,,3
50061224,2024-10-01,2024-12-31,trimestral,,,3
50061224,2024-11-01,2025-01-31,trimestral,,,2
50061224,2025-05-01,2025-07-31,trimestral,,,1
50061224,2025-06-01,2025-08-31,trimestral,,,1
50061224,2025-07-01,2025-09-30,trimestral,,,2
50061224,2024-03-01,2024-08-31,semestral,,,3
50061224,2024-04-01,2024-09-30,semestral,,,2
50061224,2024-05-01,2024-10-31,semestral,,,2
50061224,2024-06-01,2024-11-30,semestral,,,4
50061224,2024-07-01,2024-12-31,semestral,,,4
50061224,2024-08-01,2025-01-31,semestral,,,3
50061224,2024-09-01,2025-02-28,semestral,,,3
50061224,2024-10-01,2025-03-31,semestral,,,3
50061224,2024-11-01,2025-04-30,semestral,,,2
50061224,2025-02-01,2025-07-31,semestral,,,1
50061224,2025-03-01,2025-08-31,semestral,,,1
50061224,2025-04-01,2025-09-30,semestral,,,2
50061225,2025-10-01,2025-10-31,mensual,,,1
50061225,2026-03-01,2026-03-31,mensual,,,1
50061225,2026-04-01,2026-04-30,mensual,,,1
50061225,2025-10-01,2025-12-31,trimestral,,,1
50061225,2026-01-01,2026-03-31,trimestral,,,1
50061225,2026-02-01,2026-04-30,trimestral,,,2
50061225,2025-10-01,2026-03-31,semestral,,,2
50061225,2025-11-01,2026-04-30,semestral,,,2
50061603,2024-01-01,2024-01-31,mensual,,,1
50061603,2024-02-01,2024-02-29,mensual,-22.552478296794803,1.0,2
50061603,2024-04-01,2024-04-30,mensual,,,1
50061603,2024-06-01,2024-06-30,mensual,,,1
50061603,2024-07-01,2024-07-31,mensual,-3.3318220203962277e-15,,2
50061603,2024-08-01,2024-08-31,mensual,,,3
50061603,2024-09-01,2024-09-30,mensual,,,1
50061603,2024-10-01,2024-10-31,mensual,,,1
50061603,2025-01-01,2025-01-31,mensual,,,4
50061603,2025-03-01,2025-03-31,mensual,,,1
50061603,2025-04-01,2025-04-30,mensual,,,1
50061603,2025-06-01,2025-06-30,mensual,,,1
50061603,2025-07-01,2025-07-31,mensual,0.8063292965876797,1.0,2
50061603,2025-08-01,2025-08-31,mensual,9.703235352641451,1.0,3
50061603,2025-09-01,2025-09-30,mensual,3.2344117842136626,0.111111111111111,4
50061603,2025-10-01,2025-10-31,mensual,,,2
50061603,2025-11-01,2025-11-30,mensual,,,1
50061603,2025-12-01,2025-12-31,mensual,,,1
50061603,2026-01-01,2026-01-31,mensual,,,3
50061603,2026-04-01,2026-04-30,mensual,,,1
50061603,2024-01-01,2024-03-31,trimestral,-11.25396464994184,0.2492596102460893,3
50061603,2024-02-01,2024-04-30,trimestral,-11.253964649942205,0.2492596102460961,3
50061603,2024-03-01,2024-05-31,trimestral,,,1
50061603,2024-04-01,2024-06-30,trimestral,,,2
50061603,2024-05-01,2024-07-31,trimestral,-1.1051037821272806e-15,,3
50061603,2024-06-01,2024-08-31,trimestral,-3.3978101015848265,0.0185380832042412,6
50061603,2024-07-01,2024-09-30,trimestral,-3.397810101584874,0.0185380832042412,6
50061603,2024-08-01,2024-10-31,trimestral,,,5
50061603,2024-09-01,2024-11-30,trimestral,,,2
50061603,2024-10-01,2024-12-31,trimestral,,,1
50061603,2024-11-01,2025-01-31,trimestral,,,4
50061603,2024-12-01,2025-02-28,trimestral,,,4
50061603,2025-01-01,2025-03-31,trimestral,,,5
50061603,2025-02-01,2025-04-30,trimestral,,,2
50061603,2025-03-01,2025-05-31,trimestral,,,2
50061603,2025-04-01,2025-06-30,trimestral,,,2
50061603,2025-05-01,2025-07-31,trimestral,-2.107030682946996,0.1483431520509444,3
50061603,2025-06-01,2025-08-31,trimestral,-3.1358635252308145,0.2571198902943595,6
50061603,2025-07-01,2025-09-30,trimestral,-2.886956143931489,0.2423514446839078,9
50061603,2025-08-01,2025-10-31,trimestral,2.7827394055717845,0.0359697349075178,9
50061603,2025-09-01,2025-11-30,trimestral,-0.933585610771558,0.0034585165189151,7
50061603,2025-10-01,2025-12-31,trimestral,,,4
50061603,2025-11-01,2026-01-31,trimestral,,,5
50061603,2025-12-01,2026-02-28,trimestral,,,4
50061603,2026-01-01,2026-03-31,trimestral,,,3
50061603,2026-02-01,2026-04-30,trimestral,,,1
50061603,2024-01-01,2024-06-30,semestral,-8.042477596234894,0.131280085552115,5
50061603,2024-02-01,2024-07-31,semestral,-5.610214861613327,0.1216411742726126,6
50061603,2024-03-01,2024-08-31,semestral,-1.2180098806187702,0.001946807651073,7
50061603,2024-04-01,2024-09-30,semestral,-1.044008469101794,0.0014579769378114,8
50061603,2024-05-01,2024-10-31,semestral,-1.0440084691017302,0.0014579769378114,8
50061603,2024-06-01,2024-11-30,semestral,-1.0440084691017302,0.0014579769378114,8
50061603,2024-07-01,2024-12-31,semestral,-1.2180098806186883,0.001946807651073,7
50061603,2024-08-01,2025-01-31,semestral,,,9
50061603,2024-09-01,2025-02-28,semestral,,,6
50061603,2024-10-01,2025-03-31,semestral,,,6
50061603,2024-11-01,2025-04-30,semestral,,,6
50061603,2024-12-01,2025-05-31,semestral,,,6
50061603,2025-01-01,2025-06-30,semestral,,,7
50061603,2025-02-01,2025-07-31,semestral,-3.0786139989044536,0.2507112903047411,5
50061603,2025-03-01,2025-08-31,semestral,-3.2905720285087834,0.2624494254208893,8
50061603,2025-04-01,2025-09-30,semestral,-3.0822016097404945,0.2325998569495101,11
50061603,2025-05-01,2025-10-31,semestral,-2.8770531356277163,0.200481674531569,12
50061603,2025-06-01,2025-11-30,semestral,-2.8251574928321865,0.189361159647449,13
50061603,2025-07-01,2025-12-31,semestral,-2.825157492832168,0.1893611596474493,13
50061603,2025-08-01,2026-01-31,semestral,2.770665232203292,0.0186096679443152,14
50061603,2025-09-01,2026-02-28,semestral,1.3882498735472248,0.0030200322197724,11
50061603,2025-10-01,2026-03-31,semestral,,,7
50061603,2025-11-01,2026-04-30,semestral,,,6
50061604,2024-01-01,2024-01-31,mensual,,,1
50061604,2024-02-01,2024-02-29,mensual,,,2
50061604,2024-03-01,2024-03-31,mensual,,,1
50061604,2024-04-01,2024-04-30,mensual,,,3
50061604,2024-05-01,2024-05-31,mensual,,,2
50061604,2024-06-01,2024-06-30,mensual,,,5
50061604,2024-07-01,2024-07-31,mensual,,,1
50061604,2024-08-01,2024-08-31,mensual,,,2
50061604,2024-12-01,2024-12-31,mensual,,,1
50061604,2025-01-01,2025-01-31,mensual,,,2
50061604,2025-02-01,2025-02-28,mensual,,,1
50061604,2025-03-01,2025-03-31,mensual,,,2
50061604,2025-04-01,2025-04-30,mensual,,,3
50061604,2025-05-01,2025-05-31,mensual,,,2
50061604,2025-07-01,2025-07-31,mensual,-3.397254824950763,1.0,2
50061604,2025-08-01,2025-08-31,mensual,,,2
50061604,2025-09-01,2025-09-30,mensual,,,2
50061604,2025-10-01,2025-10-31,mensual,,,2
50061604,2025-11-01,2025-11-30,mensual,,,2
50061604,2026-01-01,2026-01-31,mensual,,,4
50061604,2026-02-01,2026-02-28,mensual,,,1
50061604,2026-03-01,2026-03-31,mensual,,,1
50061604,2024-01-01,2024-03-31,trimestral,,,4
50061604,2024-02-01,2024-04-30,trimestral,,,6
50061604,2024-03-01,2024-05-31,trimestral,,,6
50061604,2024-04-01,2024-06-30,trimestral,,,10
50061604,2024-05-01,2024-07-31,trimestral,,,8
50061604,2024-06-01,2024-08-31,trimestral,,,8
50061604,2024-07-01,2024-09-30,trimestral,,,3
50061604,2024-08-01,2024-10-31,trimestral,,,2
50061604,2024-10-01,2024-12-31,trimestral,,,1
50061604,2024-11-01,2025-01-31,trimestral,,,3
50061604,2024-12-01,2025-02-28,trimestral,2.19241740552513,0.0105477258165548,4
50061604,2025-01-01,2025-03-31,trimestral,-4.6241778719065145,0.0540715075945447,5
50061604,2025-02-01,2025-04-30,trimestral,-10.472355540955402,0.2583183180173981,6
50061604,2025-03-01,2025-05-31,trimestral,,,7
50061604,2025-04-01,2025-06-30,trimestral,,,5
50061604,2025-05-01,2025-07-31,trimestral,-2.499834574460592,0.4923679971040665,4
50061604,2025-06-01,2025-08-31,trimestral,-2.264836549967165,0.6666666666666667,4
50061604,2025-07-01,2025-09-30,trimestral,-2.7178038599606102,0.6400000000000001,6
50061604,2025-08-01,2025-10-31,trimestral,,,6
50061604,2025-09-01,2025-11-30,trimestral,,,6
50061604,2025-10-01,2025-12-31,trimestral,,,4
50061604,2025-11-01,2026-01-31,trimestral,,,6
50061604,2025-12-01,2026-02-28,trimestral,,,5
50061604,2026-01-01,2026-03-31,trimestral,,,6
50061604,2024-01-01,2024-06-30,semestral,,,14
50061604,2024-02-01,2024-07-31,semestral,,,14
50061604,2024-03-01,2024-08-31,semestral,,,14
50061604,2024-04-01,2024-09-30,semestral,,,13
50061604,2024-05-01,2024-10-31,semestral,,,10
50061604,2024-06-01,2024-11-30,semestral,,,8
50061604,2024-07-01,2024-12-31,semestral,,,4
50061604,2024-08-01,2025-01-31,semestral,,,5
50061604,2024-09-01,2025-02-28,semestral,2.19241740552513,0.0105477258165548,4
50061604,2024-10-01,2025-03-31,semestral,-1.759355648031497,0.005535480119204,6
50061604,2024-11-01,2025-04-30,semestral,-5.736655318591327,0.031458290645648,9
50061604,2024-12-01,2025-05-31,semestral,-4.193441376934355,0.0141419138658801,11
50061604,2025-01-01,2025-06-30,semestral,-5.731863098189057,0.0317861571185942,10
50061604,2025-02-01,2025-07-31,semestral,-1.0408101527897675,0.0381478278604304,10
50061604,2025-03-01,2025-08-31,semestral,-1.0238116448086774,0.0340495309844214,11
50061604,2025-04-01,2025-09-30,semestral,-1.632958423241302,0.0675741053661447,11
50061604,2025-05-01,2025-10-31,semestral,-2.720641983126177,0.4281191174915104,10
50061604,2025-06-01,2025-11-30,semestral,-2.6423093082950304,0.494949494949495,10
50061604,2025-07-01,2025-12-31,semestral,-2.6423093082950304,0.494949494949495,10
50061604,2025-08-01,2026-01-31,semestral,,,12
50061604,2025-09-01,2026-02-28,semestral,,,11
50061604,2025-10-01,2026-03-31,semestral,,,10
50062025,2024-01-01,2024-01-31,mensual,,,1
50062025,2024-02-01,2024-02-29,mensual,,,3
50062025,2024-03-01,2024-03-31,mensual,-1.0538449551859033,0.3333872595108326,4
50062025,2024-04-01,2024-04-30,mensual,,,3
50062025,2024-06-01,2024-06-30,mensual,,,2
50062025,2024-07-01,2024-07-31,mensual,-3.233643190801456,0.111111111111111,4
50062025,2024-08-01,2024-08-31,mensual,13.509717025714671,0.2768282468204901,5
50062025,2024-09-01,2024-09-30,mensual,-3.880371828961688,0.1,6
50062025,2024-10-01,2024-10-31,mensual,,,4
50062025,2024-11-01,2024-11-30,mensual,,,6
50062025,2024-12-01,2024-12-31,mensual,-2.6623552781963005,0.0306980791604317,12
50062025,2025-01-01,2025-01-31,mensual,,,4
50062025,2025-02-01,2025-02-28,mensual,,,3
50062025,2025-04-01,2025-04-30,mensual,,,6
50062025,2025-05-01,2025-05-31,mensual,,,6
50062025,2025-06-01,2025-06-30,mensual,,,3
50062025,2025-07-01,2025-07-31,mensual,,,4
50062025,2025-08-01,2025-08-31,mensual,,,6
50062025,2025-09-01,2025-09-30,mensual,,,2
50062025,2025-11-01,2025-11-30,mensual,5.5173437584214655,0.1682462723791906,8
50062025,2025-12-01,2025-12-31,mensual,,,3
50062025,2026-01-01,2026-01-31,mensual,,,4
50062025,2026-02-01,2026-02-28,mensual,3.288299629623736,0.1666666666666667,5
50062025,2026-04-01,2026-04-30,mensual,,,5
50062025,2024-01-01,2024-03-31,trimestral,-1.0537938186813185,0.5555915054683571,8
50062025,2024-02-01,2024-04-30,trimestral,-0.5269437944903048,0.1667003734248282,10
50062025,2024-03-01,2024-05-31,trimestral,-0.5270396899810837,0.0667044216709907,7
50062025,2024-04-01,2024-06-30,trimestral,,,5
50062025,2024-05-01,2024-07-31,trimestral,-1.9401859144810083,0.0400000000000001,6
50062025,2024-06-01,2024-08-31,trimestral,2.277030918930818,0.0143852918067468,11
50062025,2024-07-01,2024-09-30,trimestral,-1.0292120363813873,0.0039771981029064,15
50062025,2024-08-01,2024-10-31,trimestral,2.0524610528630864,0.0101373823037862,15
50062025,2024-09-01,2024-11-30,trimestral,-2.5869145526421784,0.022222222222222,16
50062025,2024-10-01,2024-12-31,trimestral,-2.3267912001910123,0.0142161350317742,22
50062025,2024-11-01,2025-01-31,trimestral,-3.9949224107588193,0.0198402977651306,22
50062025,2024-12-01,2025-02-28,trimestral,-5.912223869942695,0.0330830863892476,19
50062025,2025-01-01,2025-03-31,trimestral,,,7
50062025,2025-02-01,2025-04-30,trimestral,,,9
50062025,2025-03-01,2025-05-31,trimestral,,,12
50062025,2025-04-01,2025-06-30,trimestral,,,15
50062025,2025-05-01,2025-07-31,trimestral,,,13
50062025,2025-06-01,2025-08-31,trimestral,,,13
50062025,2025-07-01,2025-09-30,trimestral,,,12
50062025,2025-08-01,2025-10-31,trimestral,,,8
50062025,2025-09-01,2025-11-30,trimestral,6.5621560461901245,0.2147318216989587,10
50062025,2025-10-01,2025-12-31,trimestral,6.9104460204685445,0.2306146987024249,11
50062025,2025-11-01,2026-01-31,trimestral,6.27585003649887,0.1569883065690662,15
50062025,2025-12-01,2026-02-28,trimestral,2.3914906397263245,0.0454545454545456,12
50062025,2026-01-01,2026-03-31,trimestral,3.288299629623665,0.0999999999999999,9
50062025,2026-02-01,2026-04-30,trimestral,2.9210464788879604,0.0739702060380804,10
50062025,2024-01-01,2024-06-30,semestral,-0.3952166375808372,0.1136632530076229,13
50062025,2024-02-01,2024-07-31,semestral,-0.4192234758563551,0.0849390091699749,16
50062025,2024-03-01,2024-08-31,semestral,-0.5548319617317896,0.0189478757817305,18
50062025,2024-04-01,2024-09-30,semestral,0.5076604506640473,0.0008897490920608,20
50062025,2024-05-01,2024-10-31,semestral,0.1286942969025686,5.4343462914996365e-05,21
50062025,2024-06-01,2024-11-30,semestral,0.709728173110887,0.0014816289925254,27
50062025,2024-07-01,2024-12-31,semestral,-0.4445160188150149,0.0006474096620421,37
50062025,2024-08-01,2025-01-31,semestral,-0.3137090805711378,0.0001710424776536,37
50062025,2024-09-01,2025-02-28,semestral,-4.403534459874032,0.0267050562551943,35
50062025,2024-10-01,2025-03-31,semestral,-4.513557950698651,0.0158894535166168,29
50062025,2024-11-01,2025-04-30,semestral,-5.567926385029002,0.0170632981636622,31
50062025,2024-12-01,2025-05-31,semestral,-6.532136726185554,0.021843380220737,31
50062025,2025-01-01,2025-06-30,semestral,,,22
50062025,2025-02-01,2025-07-31,semestral,,,22
50062025,2025-03-01,2025-08-31,semestral,,,25
50062025,2025-04-01,2025-09-30,semestral,,,27
50062025,2025-05-01,2025-10-31,semestral,,,21
50062025,2025-06-01,2025-11-30,semestral,4.984247735624817,0.0268990281683934,23
50062025,2025-07-01,2025-12-31,semestral,7.110600019009944,0.1224904123145104,23
50062025,2025-08-01,2026-01-31,semestral,6.652047333381955,0.1033620634165488,23
50062025,2025-09-01,2026-02-28,semestral,4.181502309338546,0.125531883499906,22
50062025,2025-10-01,2026-03-31,semestral,4.13505903523787,0.1297775097066473,20
50062025,2025-11-01,2026-04-30,semestral,4.138442192834729,0.1078112245057517,25
50062026,2024-01-01,2024-01-31,mensual,,,2
50062026,2024-05-01,2024-05-31,mensual,,,2
50062026,2024-07-01,2024-07-31,mensual,,,3
50062026,2024-08-01,2024-08-31,mensual,,,2
50062026,2024-09-01,2024-09-30,mensual,,,3
50062026,2024-10-01,2024-10-31,mensual,,,7
50062026,2024-11-01,2024-11-30,mensual,,,3
50062026,2024-12-01,2024-12-31,mensual,,,1
50062026,2025-01-01,2025-01-31,mensual,,,2
50062026,2025-02-01,2025-02-28,mensual,,,1
50062026,2025-03-01,2025-03-31,mensual,,,1
50062026,2025-04-01,2025-04-30,mensual,,,1
50062026,2025-05-01,2025-05-31,mensual,,,1
50062026,2025-06-01,2025-06-30,mensual,,,1
50062026,2025-07-01,2025-07-31,mensual,,,4
50062026,2025-08-01,2025-08-31,mensual,,,3
50062026,2025-09-01,2025-09-30,mensual,,,3
50062026,2025-10-01,2025-10-31,mensual,,,2
50062026,2025-11-01,2025-11-30,mensual,-3.2326210902003103,0.111111111111111,4
50062026,2026-01-01,2026-01-31,mensual,,,1
50062026,2026-02-01,2026-02-28,mensual,,,3
50062026,2024-01-01,2024-03-31,trimestral,,,2
50062026,2024-03-01,2024-05-31,trimestral,,,2
50062026,2024-04-01,2024-06-30,trimestral,,,2
50062026,2024-05-01,2024-07-31,trimestral,,,5
50062026,2024-06-01,2024-08-31,trimestral,,,5
50062026,2024-07-01,2024-09-30,trimestral,,,8
50062026,2024-08-01,2024-10-31,trimestral,,,12
50062026,2024-09-01,2024-11-30,trimestral,,,13
50062026,2024-10-01,2024-12-31,trimestral,-11.007156020395394,0.1078496452061984,11
50062026,2024-11-01,2025-01-31,trimestral,-12.23017335599469,0.4643328638388765,6
50062026,2024-12-01,2025-02-28,trimestral,,,4
50062026,2025-01-01,2025-03-31,trimestral,,,4
50062026,2025-02-01,2025-04-30,trimestral,,,3
50062026,2025-03-01,2025-05-31,trimestral,,,3
50062026,2025-04-01,2025-06-30,trimestral,,,3
50062026,2025-05-01,2025-07-31,trimestral,,,6
50062026,2025-06-01,2025-08-31,trimestral,,,8
50062026,2025-07-01,2025-09-30,trimestral,,,10
50062026,2025-08-01,2025-10-31,trimestral,,,8
50062026,2025-09-01,2025-11-30,trimestral,-2.424465817650359,0.0357142857142857,9
50062026,2025-10-01,2025-12-31,trimestral,-1.9395726541202676,0.04,6
50062026,2025-11-01,2026-01-31,trimestral,-2.4244658176507663,0.0624999999999998,5
50062026,2025-12-01,2026-02-28,trimestral,,,4
50062026,2024-01-01,2024-06-30,semestral,6.955238094936064,0.3333333333333332,4
50062026,2024-02-01,2024-07-31,semestral,,,5
50062026,2024-03-01,2024-08-31,semestral,,,7
50062026,2024-04-01,2024-09-30,semestral,,,10
50062026,2024-05-01,2024-10-31,semestral,,,17
50062026,2024-06-01,2024-11-30,semestral,,,18
50062026,2024-07-01,2024-12-31,semestral,-11.307633501152017,0.0651722364036595,19
50062026,2024-08-01,2025-01-31,semestral,-11.12312553018234,0.1732888663795896,18
50062026,2024-09-01,2025-02-28,semestral,-8.194084810165851,0.1212414540007948,17
50062026,2024-10-01,2025-03-31,semestral,-5.329623745517221,0.0758943038826231,15
50062026,2024-11-01,2025-04-30,semestral,-7.498896460263241,0.1757511892596505,9
50062026,2024-12-01,2025-05-31,semestral,,,7
50062026,2025-01-01,2025-06-30,semestral,,,7
50062026,2025-02-01,2025-07-31,semestral,,,9
50062026,2025-03-01,2025-08-31,semestral,,,11
50062026,2025-04-01,2025-09-30,semestral,,,13
50062026,2025-05-01,2025-10-31,semestral,,,14
50062026,2025-06-01,2025-11-30,semestral,-3.1335766114541577,0.0180237914356683,17
50062026,2025-07-01,2025-12-31,semestral,-2.317765077481628,0.0144383539749347,16
50062026,2025-08-01,2026-01-31,semestral,-1.616310545100072,0.0151515151515155,13
50062026,2025-09-01,2026-02-28,semestral,-1.616310545100072,0.0151515151515155,13
50062249,2024-01-01,2024-01-31,mensual,-9.698846347435223,1.0,2
50062249,2024-02-01,2024-02-29,mensual,,,3
50062249,2024-03-01,2024-03-31,mensual,,,2
50062249,2024-04-01,2024-04-30,mensual,,,2
50062249,2024-07-01,2024-07-31,mensual,,,2
50062249,2024-08-01,2024-08-31,mensual,,,1
50062249,2024-09-01,2024-09-30,mensual,,,1
50062249,2024-10-01,2024-10-31,mensual,-35.58739116891318,1.0,3
50062249,2024-11-01,2024-11-30,mensual,,,1
50062249,2024-12-01,2024-12-31,mensual,,,2
50062249,2025-01-01,2025-01-31,mensual,,,3
50062249,2025-02-01,2025-02-28,mensual,,,1
50062249,2025-03-01,2025-03-31,mensual,,,1
50062249,2025-04-01,2025-04-30,mensual,,,4
50062249,2025-05-01,2025-05-31,mensual,,,2
50062249,2025-06-01,2025-06-30,mensual,,,6
50062249,2025-07-01,2025-07-31,mensual,,,2
50062249,2025-08-01,2025-08-31,mensual,,,2
50062249,2025-09-01,2025-09-30,mensual,,,4
50062249,2025-10-01,2025-10-31,mensual,,,2
50062249,2025-12-01,2025-12-31,mensual,,,2
50062249,2026-01-01,2026-01-31,mensual,,,2
50062249,2026-03-01,2026-03-31,mensual,,,2
50062249,2024-01-01,2024-03-31,trimestral,-4.849423173717763,0.1250000000000001,7
50062249,2024-02-01,2024-04-30,trimestral,,,7
50062249,2024-03-01,2024-05-31,trimestral,,,4
50062249,2024-04-01,2024-06-30,trimestral,,,2
50062249,2024-05-01,2024-07-31,trimestral,,,2
50062249,2024-06-01,2024-08-31,trimestral,,,3
50062249,2024-07-01,2024-09-30,trimestral,,,4
50062249,2024-08-01,2024-10-31,trimestral,-35.587391168912895,1.0,5
50062249,2024-09-01,2024-11-30,trimestral,-35.58739116891306,1.0,5
50062249,2024-10-01,2024-12-31,trimestral,-35.587391168912966,1.0,6
50062249,2024-11-01,2025-01-31,trimestral,12.13476950972185,0.4639761183832932,6
50062249,2024-12-01,2025-02-28,trimestral,9.097245754200484,0.2318193052863655,6
50062249,2025-01-01,2025-03-31,trimestral,,,5
50062249,2025-02-01,2025-04-30,trimestral,,,6
50062249,2025-03-01,2025-05-31,trimestral,,,7
50062249,2025-04-01,2025-06-30,trimestral,,,12
50062249,2025-05-01,2025-07-31,trimestral,,,10
50062249,2025-06-01,2025-08-31,trimestral,,,10
50062249,2025-07-01,2025-09-30,trimestral,,,8
50062249,2025-08-01,2025-10-31,trimestral,,,8
50062249,2025-09-01,2025-11-30,trimestral,,,6
50062249,2025-10-01,2025-12-31,trimestral,,,4
50062249,2025-11-01,2026-01-31,trimestral,,,4
50062249,2025-12-01,2026-02-28,trimestral,,,4
50062249,2026-01-01,2026-03-31,trimestral,,,4
50062249,2024-01-01,2024-06-30,semestral,-3.6370673802883537,0.0625,9
50062249,2024-02-01,2024-07-31,semestral,7.998555505569455,0.2482752912093089,9
50062249,2024-03-01,2024-08-31,semestral,4.857519133365705,0.1095601697441727,7
50062249,2024-04-01,2024-09-30,semestral,5.130750707399319,0.0998170670857946,6
50062249,2024-05-01,2024-10-31,semestral,-31.57419313419332,0.6374715865440463,7
50062249,2024-06-01,2024-11-30,semestral,-32.14923566776582,0.6440527189925271,8
50062249,2024-07-01,2024-12-31,semestral,-32.91591829030749,0.6529422150139885,10
50062249,2024-08-01,2025-01-31,semestral,-11.177070558711613,0.223223566020378,11
50062249,2024-09-01,2025-02-28,semestral,-11.362370021884455,0.2597212954357205,11
50062249,2024-10-01,2025-03-31,semestral,-11.850108342646864,0.3050748743193182,11
50062249,2024-11-01,2025-04-30,semestral,4.040284710346324,0.0626341019262903,12
50062249,2024-12-01,2025-05-31,semestral,5.858143797582377,0.0496461773933859,13
50062249,2025-01-01,2025-06-30,semestral,,,17
50062249,2025-02-01,2025-07-31,semestral,,,16
50062249,2025-03-01,2025-08-31,semestral,,,17
50062249,2025-04-01,2025-09-30,semestral,,,20
50062249,2025-05-01,2025-10-31,semestral,,,18
50062249,2025-06-01,2025-11-30,semestral,,,16
50062249,2025-07-01,2025-12-31,semestral,,,12
50062249,2025-08-01,2026-01-31,semestral,,,12
50062249,2025-09-01,2026-02-28,semestral,,,10
50062249,2025-10-01,2026-03-31,semestral,,,8
50062260,2024-01-01,2024-01-31,mensual,,,8
50062260,2024-02-01,2024-02-29,mensual,,,2
50062260,2024-03-01,2024-03-31,mensual,,,1
50062260,2024-04-01,2024-04-30,mensual,,,2
50062260,2024-06-01,2024-06-30,mensual,,,1
50062260,2024-07-01,2024-07-31,mensual,,,1
50062260,2024-08-01,2024-08-31,mensual,1.6981109015797686,0.1296625799314031,8
50062260,2024-09-01,2024-09-30,mensual,,,2
50062260,2024-10-01,2024-10-31,mensual,,,4
50062260,2024-11-01,2024-11-30,mensual,,,3
50062260,2024-12-01,2024-12-31,mensual,,,1
50062260,2025-01-01,2025-01-31,mensual,26.3669828405271,0.601839353476781,6
50062260,2025-02-01,2025-02-28,mensual,,,1
50062260,2025-03-01,2025-03-31,mensual,,,2
50062260,2025-04-01,2025-04-30,mensual,,,1
50062260,2025-05-01,2025-05-31,mensual,,,2
50062260,2025-08-01,2025-08-31,mensual,3.1321169580860837e-16,,2
50062260,2025-11-01,2025-11-30,mensual,,,1
50062260,2024-01-01,2024-03-31,trimestral,,,11
50062260,2024-02-01,2024-04-30,trimestral,,,5
50062260,2024-03-01,2024-05-31,trimestral,,,3
50062260,2024-04-01,2024-06-30,trimestral,,,3
50062260,2024-05-01,2024-07-31,trimestral,0.0,,2
50062260,2024-06-01,2024-08-31,trimestral,1.2818755278561464,0.0673932089087075,10
50062260,2024-07-01,2024-09-30,trimestral,0.7630784385686707,0.0245450585064469,11
50062260,2024-08-01,2024-10-31,trimestral,1.0363998007430235,0.0249035226761907,14
50062260,2024-09-01,2024-11-30,trimestral,,,9
50062260,2024-10-01,2024-12-31,trimestral,,,8
50062260,2024-11-01,2025-01-31,trimestral,29.51697463757681,0.5812068741028651,10
50062260,2024-12-01,2025-02-28,trimestral,29.085090716043208,0.5910135563632661,8
50062260,2025-01-01,2025-03-31,trimestral,25.603216229644502,0.4507733196835123,9
50062260,2025-02-01,2025-04-30,trimestral,-11.583616476621884,0.2390364173552793,4
50062260,2025-03-01,2025-05-31,trimestral,-11.110161829967437,0.2341362324441072,5
50062260,2025-04-01,2025-06-30,trimestral,-4.85161767632069,0.2500000000000001,3
50062260,2025-05-01,2025-07-31,trimestral,,,2
50062260,2025-06-01,2025-08-31,trimestral,3.1321169580860837e-16,,2
50062260,2025-07-01,2025-09-30,trimestral,3.1321169580860837e-16,,2
50062260,2025-08-01,2025-10-31,trimestral,3.1321169580860837e-16,,2
50062260,2025-09-01,2025-11-30,trimestral,,,1
50062260,2024-01-01,2024-06-30,semestral,,,14
50062260,2024-02-01,2024-07-31,semestral,-10.325242053094362,0.170985823542046,7
50062260,2024-03-01,2024-08-31,semestral,1.2987302040102864,0.0421568907162046,13
50062260,2024-04-01,2024-09-30,semestral,0.6723708508457726,0.0117936509402195,14
50062260,2024-05-01,2024-10-31,semestral,0.9523977594692437,0.0203858196684239,16
50062260,2024-06-01,2024-11-30,semestral,0.7563104069085638,0.0127798275637039,19
50062260,2024-07-01,2024-12-31,semestral,0.5808114908415295,0.0075424282060997,19
50062260,2024-08-01,2025-01-31,semestral,1.6124278011317774,0.0402496134068181,24
50062260,2024-09-01,2025-02-28,semestral,30.095086992770906,0.3377799758359427,17
50062260,2024-10-01,2025-03-31,semestral,27.935184084624584,0.2774459443256456,17
50062260,2024-11-01,2025-04-30,semestral,10.30393203465932,0.1026796928606574,14
50062260,2024-12-01,2025-05-31,semestral,9.606378936337034,0.0928100733915624,13
50062260,2025-01-01,2025-06-30,semestral,8.76926475135241,0.0812304606304122,12
50062260,2025-02-01,2025-07-31,semestral,-8.883269798023086,0.1348324458562406,6
50062260,2025-03-01,2025-08-31,semestral,-1.079571874996251,0.0278796658683864,7
50062260,2025-04-01,2025-09-30,semestral,-1.8216278803236643,0.2892675472217361,5
50062260,2025-05-01,2025-10-31,semestral,-1.035837093437496,0.111111111111111,4
50062260,2025-06-01,2025-11-30,semestral,-3.570104445215688e-16,,3
50062266,2024-01-01,2024-01-31,mensual,,,3
50062266,2024-02-01,2024-02-29,mensual,,,2
50062266,2024-03-01,2024-03-31,mensual,,,3
50062266,2024-04-01,2024-04-30,mensual,-8.365512109978829,0.303939589280205,4
50062266,2024-05-01,2024-05-31,mensual,,,3
50062266,2024-06-01,2024-06-30,mensual,,,1
50062266,2024-07-01,2024-07-31,mensual,,,3
50062266,2024-08-01,2024-08-31,mensual,1.491082458199235,0.0863403439234186,9
50062266,2024-09-01,2024-09-30,mensual,,,3
50062266,2024-10-01,2024-10-31,mensual,,,6
50062266,2024-11-01,2024-11-30,mensual,,,9
50062266,2024-12-01,2024-12-31,mensual,,,3
50062266,2025-01-01,2025-01-31,mensual,,,3
50062266,2025-02-01,2025-02-28,mensual,,,1
50062266,2025-03-01,2025-03-31,mensual,,,5
50062266,2025-04-01,2025-04-30,mensual,,,1
50062266,2025-06-01,2025-06-30,mensual,,,1
50062266,2025-07-01,2025-07-31,mensual,,,1
50062266,2025-08-01,2025-08-31,mensual,1.553755640156281,0.3333333333333332,4
50062266,2024-01-01,2024-03-31,trimestral,,,8
50062266,2024-02-01,2024-04-30,trimestral,-8.443417020099217,0.0659097697884468,9
50062266,2024-03-01,2024-05-31,trimestral,-7.523885154608426,0.0503704499578289,10
50062266,2024-04-01,2024-06-30,trimestral,-5.012337115848784,0.0806081311060898,8
50062266,2024-05-01,2024-07-31,trimestral,0.5988290792319736,0.0081564166470603,7
50062266,2024-06-01,2024-08-31,trimestral,0.765285384124754,0.0156155736687607,13
50062266,2024-07-01,2024-09-30,trimestral,0.5857065889061295,0.0086739485074057,15
50062266,2024-08-01,2024-10-31,trimestral,0.4383025161286578,0.0044809127437929,18
50062266,2024-09-01,2024-11-30,trimestral,,,18
50062266,2024-10-01,2024-12-31,trimestral,,,18
50062266,2024-11-01,2025-01-31,trimestral,,,15
50062266,2024-12-01,2025-02-28,trimestral,,,7
50062266,2025-01-01,2025-03-31,trimestral,,,9
50062266,2025-02-01,2025-04-30,trimestral,,,7
50062266,2025-03-01,2025-05-31,trimestral,,,6
50062266,2025-04-01,2025-06-30,trimestral,,,2
50062266,2025-05-01,2025-07-31,trimestral,,,2
50062266,2025-06-01,2025-08-31,trimestral,2.00820003254397,0.2321664319194382,6
50062266,2024-01-01,2024-06-30,semestral,-6.513704212899618,0.0341380998988729,16
50062266,2024-02-01,2024-07-31,semestral,-2.963411664347241,0.0354943271663825,16
50062266,2024-03-01,2024-08-31,semestral,0.7662378457541134,0.0084079531197195,23
50062266,2024-04-01,2024-09-30,semestral,1.0480601461488095,0.0212934128109182,23
50062266,2024-05-01,2024-10-31,semestral,0.7476794123189464,0.0108537897207539,25
50062266,2024-06-01,2024-11-30,semestral,-0.0060651524441975,6.140446384694798e-07,31
50062266,2024-07-01,2024-12-31,semestral,-0.375472762870332,0.0022277318371354,33
50062266,2024-08-01,2025-01-31,semestral,-0.2478485803345633,0.0008524923629811,33
50062266,2024-09-01,2025-02-28,semestral,,,25
50062266,2024-10-01,2025-03-31,semestral,,,27
50062266,2024-11-01,2025-04-30,semestral,,,22
50062266,2024-12-01,2025-05-31,semestral,,,13
50062266,2025-01-01,2025-06-30,semestral,,,11
50062266,2025-02-01,2025-07-31,semestral,,,9
50062266,2025-03-01,2025-08-31,semestral,2.410507869424976,0.1815390626743618,12
50062267,2024-01-01,2024-01-31,mensual,,,3
50062267,2024-02-01,2024-02-29,mensual,9.722683952737118,1.0,3
50062267,2024-03-01,2024-03-31,mensual,,,1
50062267,2024-04-01,2024-04-30,mensual,29.74895168676624,0.216731483858545,7
50062267,2024-05-01,2024-05-31,mensual,,,2
50062267,2024-07-01,2024-07-31,mensual,6.05596965965725,0.5555555555555555,8
50062267,2024-08-01,2024-08-31,mensual,-1.3736138764114476,0.0792936231362909,9
50062267,2024-09-01,2024-09-30,mensual,7.744792979369869,0.4000000000000001,6
50062267,2024-10-01,2024-10-31,mensual,,,2
50062267,2024-11-01,2024-11-30,mensual,,,3
50062267,2024-12-01,2024-12-31,mensual,,,5
50062267,2025-01-01,2025-01-31,mensual,-0.0257390412696281,5.233915564550884e-05,7
50062267,2025-02-01,2025-02-28,mensual,2.439623920682491,0.0181330686396457,5
50062267,2025-03-01,2025-03-31,mensual,19.06604896328873,1.0,5
50062267,2025-04-01,2025-04-30,mensual,,,7
50062267,2025-05-01,2025-05-31,mensual,,,2
50062267,2025-06-01,2025-06-30,mensual,,,2
50062267,2025-07-01,2025-07-31,mensual,,,4
50062267,2025-08-01,2025-08-31,mensual,0.0,,3
50062267,2025-09-01,2025-09-30,mensual,,,1
50062267,2026-01-01,2026-01-31,mensual,,,3
50062267,2026-02-01,2026-02-28,mensual,,,1
50062267,2024-01-01,2024-03-31,trimestral,8.10223662728032,0.4166666666666665,7
50062267,2024-02-01,2024-04-30,trimestral,8.509206242352999,0.1321679807661536,11
50062267,2024-03-01,2024-05-31,trimestral,31.4515227841689,0.2098018192888722,10
50062267,2024-04-01,2024-06-30,trimestral,29.82171288875597,0.2005113899146428,9
50062267,2024-05-01,2024-07-31,trimestral,4.232405554882855,0.3395366975731758,10
50062267,2024-06-01,2024-08-31,trimestral,-0.9865597216617964,0.0421956504139588,17
50062267,2024-07-01,2024-09-30,trimestral,-1.1225071181949264,0.0531984407116251,23
50062267,2024-08-01,2024-10-31,trimestral,-1.3898667652490728,0.0878566770055854,17
50062267,2024-09-01,2024-11-30,trimestral,3.5893024493436125,0.0122954457727203,11
50062267,2024-10-01,2024-12-31,trimestral,,,10
50062267,2024-11-01,2025-01-31,trimestral,-0.3571454436762624,0.003404849543604,15
50062267,2024-12-01,2025-02-28,trimestral,-0.3185942217447038,0.004881290981946,17
50062267,2025-01-01,2025-03-31,trimestral,-0.2574447724262481,0.0032611711385399,17
50062267,2025-02-01,2025-04-30,trimestral,3.137712888923835,0.0084266159158304,17
50062267,2025-03-01,2025-05-31,trimestral,7.632866298462808,0.012230790944737,14
50062267,2025-04-01,2025-06-30,trimestral,,,11
50062267,2025-05-01,2025-07-31,trimestral,,,8
50062267,2025-06-01,2025-08-31,trimestral,1.9471666961575511,0.0422723513613548,9
50062267,2025-07-01,2025-09-30,trimestral,0.8998916511503664,0.0447139610753521,8
50062267,2025-08-01,2025-10-31,trimestral,0.0,,4
50062267,2025-09-01,2025-11-30,trimestral,,,1
50062267,2025-11-01,2026-01-31,trimestral,,,3
50062267,2025-12-01,2026-02-28,trimestral,,,4
50062267,2024-01-01,2024-06-30,semestral,8.559694456177645,0.114891365035583,16
50062267,2024-02-01,2024-07-31,semestral,3.7719397015564375,0.1453247294335468,21
50062267,2024-03-01,2024-08-31,semestral,-0.8415706877842724,0.0211039691151047,27
50062267,2024-04-01,2024-09-30,semestral,-1.0230227963211491,0.0339003835330087,32
50062267,2024-05-01,2024-10-31,semestral,-0.96629114192158,0.0384654221481209,27
50062267,2024-06-01,2024-11-30,semestral,-0.8627452184326788,0.0203248126806125,28
50062267,2024-07-01,2024-12-31,semestral,-1.055313690564767,0.0286555151077346,33
50062267,2024-08-01,2025-01-31,semestral,-0.9858733437693624,0.0346012598822095,32
50062267,2024-09-01,2025-02-28,semestral,-0.1317099877786297,0.0004050707662606,28
50062267,2024-10-01,2025-03-31,semestral,-0.2147049880778417,0.0010530072979599,27
50062267,2024-11-01,2025-04-30,semestral,0.0005773126586315,5.1024796610121825e-09,32
50062267,2024-12-01,2025-05-31,semestral,-0.1956312063957012,0.0007906130537587,31
50062267,2025-01-01,2025-06-30,semestral,0.1918042509326742,0.0005374119974551,28
50062267,2025-02-01,2025-07-31,semestral,2.916510133989181,0.0039323813843425,25
50062267,2025-03-01,2025-08-31,semestral,1.7651224182022864,0.0201798875426221,23
50062267,2025-04-01,2025-09-30,semestral,1.9486884766249868,0.0252747788019099,19
50062267,2025-05-01,2025-10-31,semestral,1.417290621556884,0.0212995843453084,12
50062267,2025-06-01,2025-11-30,semestral,1.7312971685741094,0.0327326356124615,10
50062267,2025-07-01,2025-12-31,semestral,0.8998916511503664,0.0447139610753521,8
50062267,2025-08-01,2026-01-31,semestral,1.0495878132090175,0.062367389441897,7
50062267,2025-09-01,2026-02-28,semestral,,,5
50062268,2024-01-01,2024-01-31,mensual,-3339.2379424708324,0.7731482265060181,9
50062268,2024-02-01,2024-02-29,mensual,,,4
50062268,2024-03-01,2024-03-31,mensual,,,5
50062268,2024-04-01,2024-04-30,mensual,,,6
50062268,2024-05-01,2024-05-31,mensual,,,4
50062268,2024-06-01,2024-06-30,mensual,-617.581486244837,0.0223460414817379,3
50062268,2024-07-01,2024-07-31,mensual,3453.605815569056,1.0,2
50062268,2024-08-01,2024-08-31,mensual,0.0362135129998192,8.426916833925713e-05,14
50062268,2024-09-01,2024-09-30,mensual,,,7
50062268,2024-10-01,2024-10-31,mensual,,,6
50062268,2024-11-01,2024-11-30,mensual,0.0,,3
50062268,2024-12-01,2024-12-31,mensual,0.0,,3
50062268,2025-01-01,2025-01-31,mensual,-0.516549669473832,0.0276529877849408,5
50062268,2025-02-01,2025-02-28,mensual,5.805341421847116,0.2000000000000001,6
50062268,2025-03-01,2025-03-31,mensual,,,4
50062268,2025-04-01,2025-04-30,mensual,,,6
50062268,2025-05-01,2025-05-31,mensual,,,6
50062268,2025-06-01,2025-06-30,mensual,,,1
50062268,2025-07-01,2025-07-31,mensual,-0.5733499623725039,0.0113659387962563,7
50062268,2025-08-01,2025-08-31,mensual,-0.485339209846598,0.0152430227288266,13
50062268,2025-09-01,2025-09-30,mensual,-39.65129276792306,1.0,2
50062268,2025-10-01,2025-10-31,mensual,,,5
50062268,2025-11-01,2025-11-30,mensual,,,4
50062268,2025-12-01,2025-12-31,mensual,,,3
50062268,2026-01-01,2026-01-31,mensual,,,4
50062268,2026-02-01,2026-02-28,mensual,,,1
50062268,2026-03-01,2026-03-31,mensual,3.297047346347809,0.2514292835383881,3
50062268,2026-04-01,2026-04-30,mensual,,,4
50062268,2024-01-01,2024-03-31,trimestral,-5536.990808355733,0.5508481130935728,18
50062268,2024-02-01,2024-04-30,trimestral,,,15
50062268,2024-03-01,2024-05-31,trimestral,,,15
50062268,2024-04-01,2024-06-30,trimestral,,,13
50062268,2024-05-01,2024-07-31,trimestral,-2.166545410994993,0.0872668276649268,9
50062268,2024-06-01,2024-08-31,trimestral,-0.1357076883759251,0.0010274817799869,19
50062268,2024-07-01,2024-09-30,trimestral,-0.2631226482608161,0.0017457332637692,23
50062268,2024-08-01,2024-10-31,trimestral,-0.265085649365525,0.0016273927568584,27
50062268,2024-09-01,2024-11-30,trimestral,-6.632074128725169,0.0201651589438369,16
50062268,2024-10-01,2024-12-31,trimestral,-4.412351289105184,0.0601382169572016,12
50062268,2024-11-01,2025-01-31,trimestral,-1.5603474642724036,0.3121335447983628,11
50062268,2024-12-01,2025-02-28,trimestral,-0.738746141959531,0.0463072323532224,14
50062268,2025-01-01,2025-03-31,trimestral,0.0411412609175246,6.089046327584224e-05,15
50062268,2025-02-01,2025-04-30,trimestral,3.831514094399196,0.0136903897399789,16
50062268,2025-03-01,2025-05-31,trimestral,,,16
50062268,2025-04-01,2025-06-30,trimestral,,,13
50062268,2025-05-01,2025-07-31,trimestral,-0.8081735203854838,0.0146726030506012,14
50062268,2025-06-01,2025-08-31,trimestral,-0.5095318138051746,0.0138403493828317,21
50062268,2025-07-01,2025-09-30,trimestral,-0.3747801743878698,0.005900650344168,22
50062268,2025-08-01,2025-10-31,trimestral,-0.6700432955994521,0.0167702013728066,20
50062268,2025-09-01,2025-11-30,trimestral,-55.68356721828556,0.4792387454271182,11
50062268,2025-10-01,2025-12-31,trimestral,,,12
50062268,2025-11-01,2026-01-31,trimestral,,,11
50062268,2025-12-01,2026-02-28,trimestral,,,8
50062268,2026-01-01,2026-03-31,trimestral,2.838961889074054,0.0420483387219313,8
50062268,2026-02-01,2026-04-30,trimestral,0.9522492653025636,0.0209448056447323,8
50062268,2024-01-01,2024-06-30,semestral,-4481.050792210324,0.4468299711010313,31
50062268,2024-02-01,2024-07-31,semestral,-2.242332749126774,0.0165744745389967,24
50062268,2024-03-01,2024-08-31,semestral,0.049295826719627,5.341249430323991e-05,34
50062268,2024-04-01,2024-09-30,semestral,0.2341839542908222,0.0013360388282682,36
50062268,2024-05-01,2024-10-31,semestral,-0.3667076763327063,0.0032947378398957,36
50062268,2024-06-01,2024-11-30,semestral,-0.6363834516734955,0.0095402682928917,35
50062268,2024-07-01,2024-12-31,semestral,-0.9070289639676138,0.0181540158555222,35
50062268,2024-08-01,2025-01-31,semestral,-0.6543089982058478,0.0118169555153058,38
50062268,2024-09-01,2025-02-28,semestral,-0.5430950795719688,0.0037783001510627,30
50062268,2024-10-01,2025-03-31,semestral,-0.597285770024595,0.0084750023794978,27
50062268,2024-11-01,2025-04-30,semestral,-0.6721094144907599,0.0107213353809977,27
50062268,2024-12-01,2025-05-31,semestral,-0.2876334150102551,0.0015050830864039,30
50062268,2025-01-01,2025-06-30,semestral,0.1302307331143065,0.0003097778130453,28
50062268,2025-02-01,2025-07-31,semestral,-0.9322010443433432,0.0105275177038312,30
50062268,2025-03-01,2025-08-31,semestral,-0.7519090651813481,0.0177012057721336,37
50062268,2025-04-01,2025-09-30,semestral,-0.7004210170281306,0.014663096768935,35
50062268,2025-05-01,2025-10-31,semestral,-0.7308968875338334,0.0171145732622697,34
50062268,2025-06-01,2025-11-30,semestral,-0.5892796821366028,0.0118184461351438,32
50062268,2025-07-01,2025-12-31,semestral,-0.6484878422267761,0.0129682481591428,34
50062268,2025-08-01,2026-01-31,semestral,-0.7861332456593453,0.0160015092123865,31
50062268,2025-09-01,2026-02-28,semestral,-59.24963077200489,0.3371428454771932,19
50062268,2025-10-01,2026-03-31,semestral,4.249804613569995,0.0314124363530216,20
50062268,2025-11-01,2026-04-30,semestral,3.7512473042409247,0.0244766227837386,19
50062269,2024-01-01,2024-01-31,mensual,,,6
50062269,2024-02-01,2024-02-29,mensual,,,4
50062269,2024-03-01,2024-03-31,mensual,,,1
50062269,2024-04-01,2024-04-30,mensual,,,3
50062269,2024-05-01,2024-05-31,mensual,-1488.0137031297031,0.25,3
50062269,2024-06-01,2024-06-30,mensual,,,2
50062269,2024-07-01,2024-07-31,mensual,0.0,,3
50062269,2024-08-01,2024-08-31,mensual,2.623584463108707,0.332963538833096,9
50062269,2024-09-01,2024-09-30,mensual,-9.702752117797614,1.0,2
50062269,2024-10-01,2024-10-31,mensual,-6.234421021191081,0.1525197063036153,5
50062269,2024-11-01,2024-11-30,mensual,,,3
50062269,2024-12-01,2024-12-31,mensual,0.0,,2
50062269,2025-01-01,2025-01-31,mensual,-1.1487215381619118,0.0334049164120917,4
50062269,2025-03-01,2025-03-31,mensual,,,2
50062269,2025-04-01,2025-04-30,mensual,,,1
50062269,2025-05-01,2025-05-31,mensual,,,2
50062269,2025-06-01,2025-06-30,mensual,,,2
50062269,2025-07-01,2025-07-31,mensual,-3.0818712866898976,1.0,3
50062269,2025-08-01,2025-08-31,mensual,1.3371358996381355,0.1427947926246637,8
50062269,2025-09-01,2025-09-30,mensual,,,7
50062269,2025-10-01,2025-10-31,mensual,,,5
50062269,2025-11-01,2025-11-30,mensual,,,1
50062269,2025-12-01,2025-12-31,mensual,,,5
50062269,2026-01-01,2026-01-31,mensual,,,5
50062269,2026-02-01,2026-02-28,mensual,,,1
50062269,2026-03-01,2026-03-31,mensual,,,4
50062269,2026-04-01,2026-04-30,mensual,,,5
50062269,2024-01-01,2024-03-31,trimestral,-3832.3203117345856,0.5382336037193987,11
50062269,2024-02-01,2024-04-30,trimestral,-4199.310293691325,0.5115630176716566,8
50062269,2024-03-01,2024-05-31,trimestral,,,7
50062269,2024-04-01,2024-06-30,trimestral,,,8
50062269,2024-05-01,2024-07-31,trimestral,-2.0032268328795624,0.0861238742723894,8
50062269,2024-06-01,2024-08-31,trimestral,2.5055286252958875,0.1633675927475454,14
50062269,2024-07-01,2024-09-30,trimestral,1.3632250882266146,0.0555191147987205,14
50062269,2024-08-01,2024-10-31,trimestral,0.1517941536952274,0.0007344183766906,16
50062269,2024-09-01,2024-11-30,trimestral,-4.316111602454314,0.0985508970584786,10
50062269,2024-10-01,2024-12-31,trimestral,-3.463682863496772,0.0567173299973609,10
50062269,2024-11-01,2025-01-31,trimestral,-2.561454481179878,0.1372822804452209,9
50062269,2024-12-01,2025-02-28,trimestral,-2.1975888930796046,0.1138069420542307,6
50062269,2025-01-01,2025-03-31,trimestral,-1.601525802998996,0.0723689291588892,6
50062269,2025-02-01,2025-04-30,trimestral,,,3
50062269,2025-03-01,2025-05-31,trimestral,,,5
50062269,2025-04-01,2025-06-30,trimestral,,,5
50062269,2025-05-01,2025-07-31,trimestral,-1.7832405923109291,0.1777970051117549,7
50062269,2025-06-01,2025-08-31,trimestral,0.4622634421524075,0.0178548938350771,13
50062269,2025-07-01,2025-09-30,trimestral,0.2063778592735846,0.0034239996667606,18
50062269,2025-08-01,2025-10-31,trimestral,0.7480172201767477,0.0400488860356518,20
50062269,2025-09-01,2025-11-30,trimestral,,,13
50062269,2025-10-01,2025-12-31,trimestral,,,11
50062269,2025-11-01,2026-01-31,trimestral,,,11
50062269,2025-12-01,2026-02-28,trimestral,,,11
50062269,2026-01-01,2026-03-31,trimestral,,,10
50062269,2026-02-01,2026-04-30,trimestral,,,10
50062269,2024-01-01,2024-06-30,semestral,,,19
50062269,2024-02-01,2024-07-31,semestral,-2.379911866168169,0.0302092296943818,16
50062269,2024-03-01,2024-08-31,semestral,2.926025960843777,0.1747168828868771,21
50062269,2024-04-01,2024-09-30,semestral,1.9508873293218385,0.0935187819706071,22
50062269,2024-05-01,2024-10-31,semestral,0.7705171167246543,0.0169844456950876,24
50062269,2024-06-01,2024-11-30,semestral,0.2616749071079087,0.0018043975177988,24
50062269,2024-07-01,2024-12-31,semestral,-0.1677188365290979,0.0007108547706864,24
50062269,2024-08-01,2025-01-31,semestral,-0.6320885160556509,0.0102478884849047,25
50062269,2024-09-01,2025-02-28,semestral,-2.656263232534793,0.125375772046972,16
50062269,2024-10-01,2025-03-31,semestral,-2.296161317478965,0.0946324769030364,16
50062269,2024-11-01,2025-04-30,semestral,-2.2972201660590787,0.1187636731193549,12
50062269,2024-12-01,2025-05-31,semestral,-1.3778974157561896,0.038279222691799,11
50062269,2025-01-01,2025-06-30,semestral,-1.3334637255831818,0.0391499968673011,11
50062269,2025-02-01,2025-07-31,semestral,-1.998578988124324,0.1837639011512478,10
50062269,2025-03-01,2025-08-31,semestral,0.4997897862593247,0.0183395701996291,18
50062269,2025-04-01,2025-09-30,semestral,0.2984399323958049,0.0061174314826547,23
50062269,2025-05-01,2025-10-31,semestral,0.2711297337800812,0.0048672058308033,27
50062269,2025-06-01,2025-11-30,semestral,0.1812118475510941,0.0024487117641145,26
50062269,2025-07-01,2025-12-31,semestral,0.5223123046330861,0.0089370746036128,29
50062269,2025-08-01,2026-01-31,semestral,1.0098935497450243,0.0280169918882307,31
50062269,2025-09-01,2026-02-28,semestral,,,24
50062269,2025-10-01,2026-03-31,semestral,,,21
50062269,2025-11-01,2026-04-30,semestral,,,21
50063080,2024-01-01,2024-01-31,mensual,,,1
50063080,2024-02-01,2024-02-29,mensual,-6822.487029435175,0.968471640058482,4
50063080,2024-03-01,2024-03-31,mensual,,,2
50063080,2024-04-01,2024-04-30,mensual,,,3
50063080,2024-05-01,2024-05-31,mensual,,,1
50063080,2024-07-01,2024-07-31,mensual,,,1
50063080,2024-08-01,2024-08-31,mensual,-7.76196475932521,0.8161125520489155,3
50063080,2024-09-01,2024-09-30,mensual,,,1
50063080,2024-11-01,2024-11-30,mensual,0.0,,2
50063080,2024-12-01,2024-12-31,mensual,,,1
50063080,2025-01-01,2025-01-31,mensual,,,2
50063080,2025-02-01,2025-02-28,mensual,,,2
50063080,2025-03-01,2025-03-31,mensual,,,2
50063080,2025-04-01,2025-04-30,mensual,,,2
50063080,2025-05-01,2025-05-31,mensual,,,1
50063080,2025-06-01,2025-06-30,mensual,,,1
50063080,2025-07-01,2025-07-31,mensual,,,2
50063080,2025-08-01,2025-08-31,mensual,-0.5950233975113792,0.0637987217793434,5
50063080,2025-09-01,2025-09-30,mensual,4.843743421216859,0.2500000000000001,3
50063080,2025-10-01,2025-10-31,mensual,,,1
50063080,2026-01-01,2026-01-31,mensual,,,2
50063080,2026-02-01,2026-02-28,mensual,,,1
50063080,2026-03-01,2026-03-31,mensual,,,2
50063080,2026-04-01,2026-04-30,mensual,,,1
50063080,2024-01-01,2024-03-31,trimestral,-7204.6489779979365,0.9621814782516884,7
50063080,2024-02-01,2024-04-30,trimestral,-7223.8557221483825,0.9674562634158792,9
50063080,2024-03-01,2024-05-31,trimestral,,,6
50063080,2024-04-01,2024-06-30,trimestral,,,4
50063080,2024-05-01,2024-07-31,trimestral,0.0,,2
50063080,2024-06-01,2024-08-31,trimestral,-9.889144490161108,0.6685920381344674,4
50063080,2024-07-01,2024-09-30,trimestral,-10.95371773447515,0.6573476791741821,5
50063080,2024-08-01,2024-10-31,trimestral,-9.88914449016108,0.6685920381344674,4
50063080,2024-09-01,2024-11-30,trimestral,0.0,,3
50063080,2024-10-01,2024-12-31,trimestral,6.73174487669946,0.2500000000000001,3
50063080,2024-11-01,2025-01-31,trimestral,4.991251356484138,0.186865070997801,5
50063080,2024-12-01,2025-02-28,trimestral,-7.71202705890517,0.1324885941277488,5
50063080,2025-01-01,2025-03-31,trimestral,,,6
50063080,2025-02-01,2025-04-30,trimestral,,,6
50063080,2025-03-01,2025-05-31,trimestral,,,5
50063080,2025-04-01,2025-06-30,trimestral,,,4
50063080,2025-05-01,2025-07-31,trimestral,,,4
50063080,2025-06-01,2025-08-31,trimestral,-0.4527913265158312,0.01663791681789,8
50063080,2025-07-01,2025-09-30,trimestral,-1.1188788411177584,0.1142900592668029,10
50063080,2025-08-01,2025-10-31,trimestral,-1.2040620093290662,0.1454334252975334,9
50063080,2025-09-01,2025-11-30,trimestral,4.8437434212168,0.3333333333333332,4
50063080,2025-10-01,2025-12-31,trimestral,,,1
50063080,2025-11-01,2026-01-31,trimestral,,,2
50063080,2025-12-01,2026-02-28,trimestral,,,3
50063080,2026-01-01,2026-03-31,trimestral,,,5
50063080,2026-02-01,2026-04-30,trimestral,6.486937760391915,0.3357000070573342,4
50063080,2024-01-01,2024-06-30,semestral,,,11
50063080,2024-02-01,2024-07-31,semestral,-3.256245751239347,0.0377872656588827,11
50063080,2024-03-01,2024-08-31,semestral,0.3761274013975176,0.0010103273019469,10
50063080,2024-04-01,2024-09-30,semestral,-0.1104242952440902,0.0001119630797095,9
50063080,2024-05-01,2024-10-31,semestral,-4.536553807744919,0.1481046868529674,6
50063080,2024-06-01,2024-11-30,semestral,-10.651647968074856,0.5158920013455826,7
50063080,2024-07-01,2024-12-31,semestral,-10.203007140047692,0.4900832867746469,8
50063080,2024-08-01,2025-01-31,semestral,-7.1915348582530445,0.3377046092312863,9
50063080,2024-09-01,2025-02-28,semestral,2.067441404857949,0.0362864150420672,8
50063080,2024-10-01,2025-03-31,semestral,3.207923184814354,0.0491676400699717,9
50063080,2024-11-01,2025-04-30,semestral,1.9096127726041103,0.0173441508352688,11
50063080,2024-12-01,2025-05-31,semestral,-7.650921472470153,0.058981705964631,10
50063080,2025-01-01,2025-06-30,semestral,,,10
50063080,2025-02-01,2025-07-31,semestral,,,10
50063080,2025-03-01,2025-08-31,semestral,-0.9329502316228128,0.0379121408735984,13
50063080,2025-04-01,2025-09-30,semestral,-1.1655258464747085,0.0669866117238572,14
50063080,2025-05-01,2025-10-31,semestral,-1.108043190047126,0.0645013922764411,13
50063080,2025-06-01,2025-11-30,semestral,-1.0405664256194318,0.061614670635262,12
50063080,2025-07-01,2025-12-31,semestral,-1.191830498303862,0.1164736211736869,11
50063080,2025-08-01,2026-01-31,semestral,-1.2442458962861471,0.1399908646404148,11
50063080,2025-09-01,2026-02-28,semestral,2.9222140876601306,0.0908953564788767,7
50063080,2025-10-01,2026-03-31,semestral,,,6
50063080,2025-11-01,2026-04-30,semestral,5.855773733794481,0.2025603023514662,6
50063365,2024-03-01,2024-03-31,mensual,,,1
50063365,2024-05-01,2024-05-31,mensual,,,1
50063365,2024-07-01,2024-07-31,mensual,,,1
50063365,2024-10-01,2024-10-31,mensual,,,1
50063365,2024-12-01,2024-12-31,mensual,,,1
50063365,2025-01-01,2025-01-31,mensual,,,1
50063365,2025-02-01,2025-02-28,mensual,,,1
50063365,2025-03-01,2025-03-31,mensual,,,1
50063365,2024-03-01,2024-05-31,trimestral,,,2
50063365,2024-04-01,2024-06-30,trimestral,,,1
50063365,2024-05-01,2024-07-31,trimestral,,,2
50063365,2024-06-01,2024-08-31,trimestral,,,1
50063365,2024-07-01,2024-09-30,trimestral,,,1
50063365,2024-08-01,2024-10-31,trimestral,,,1
50063365,2024-09-01,2024-11-30,trimestral,,,1
50063365,2024-10-01,2024-12-31,trimestral,0.0,,2
50063365,2024-11-01,2025-01-31,trimestral,,,2
50063365,2024-12-01,2025-02-28,trimestral,0.0,,3
50063365,2025-01-01,2025-03-31,trimestral,14.523204518632168,0.2489974368695949,3
50063365,2024-03-01,2024-08-31,semestral,,,3
50063365,2024-04-01,2024-09-30,semestral,,,2
50063365,2024-05-01,2024-10-31,semestral,,,3
50063365,2024-06-01,2024-11-30,semestral,,,2
50063365,2024-07-01,2024-12-31,semestral,-10.053619070887905,0.25,3
50063365,2024-08-01,2025-01-31,semestral,0.0,,3
50063365,2024-09-01,2025-02-28,semestral,0.0,,4
50063365,2024-10-01,2025-03-31,semestral,9.604544883528854,0.3103129428035361,5
50063366,2024-01-01,2024-01-31,mensual,,,1
50063366,2024-02-01,2024-02-29,mensual,,,1
50063366,2025-01-01,2025-01-31,mensual,,,1
50063366,2024-01-01,2024-03-31,trimestral,,,2
50063366,2024-02-01,2024-04-30,trimestral,,,1
50063366,2024-11-01,2025-01-31,trimestral,,,1
50063366,2024-01-01,2024-06-30,semestral,,,2
50063366,2024-02-01,2024-07-31,semestral,,,1
50063366,2024-08-01,2025-01-31,semestral,,,1
50063367,2024-01-01,2024-01-31,mensual,,,1
50063367,2024-05-01,2024-05-31,mensual,,,1
50063367,2024-06-01,2024-06-30,mensual,,,1
50063367,2024-10-01,2024-10-31,mensual,,,1
50063367,2025-01-01,2025-01-31,mensual,,,1
50063367,2025-09-01,2025-09-30,mensual,,,0
50063367,2024-01-01,2024-03-31,trimestral,,,1
50063367,2024-03-01,2024-05-31,trimestral,,,1
50063367,2024-04-01,2024-06-30,trimestral,,,2
50063367,2024-05-01,2024-07-31,trimestral,,,2
50063367,2024-06-01,2024-08-31,trimestral,,,1
50063367,2024-08-01,2024-10-31,trimestral,,,1
50063367,2024-09-01,2024-11-30,trimestral,,,1
50063367,2024-10-01,2024-12-31,trimestral,,,1
50063367,2024-11-01,2025-01-31,trimestral,,,1
50063367,2024-12-01,2025-02-28,trimestral,,,1
50063367,2025-01-01,2025-03-31,trimestral,,,1
50063367,2025-07-01,2025-09-30,trimestral,,,0
50063367,2024-01-01,2024-06-30,semestral,,,3
50063367,2024-02-01,2024-07-31,semestral,,,2
50063367,2024-03-01,2024-08-31,semestral,,,2
50063367,2024-04-01,2024-09-30,semestral,,,2
50063367,2024-05-01,2024-10-31,semestral,,,3
50063367,2024-06-01,2024-11-30,semestral,,,2
50063367,2024-07-01,2024-12-31,semestral,,,1
50063367,2024-08-01,2025-01-31,semestral,0.0,,2
50063367,2024-09-01,2025-02-28,semestral,0.0,,2
50063367,2024-10-01,2025-03-31,semestral,0.0,,2
50063367,2024-11-01,2025-04-30,semestral,,,1
50063367,2024-12-01,2025-05-31,semestral,,,1
50063367,2025-01-01,2025-06-30,semestral,,,1
50063367,2025-04-01,2025-09-30,semestral,,,0
50063368,2024-01-01,2024-01-31,mensual,-3.554025079455504,0.20835392458562,5
50063368,2024-02-01,2024-02-29,mensual,,,3
50063368,2024-03-01,2024-03-31,mensual,,,1
50063368,2024-04-01,2024-04-30,mensual,22.527328954746537,1.0,2
50063368,2024-05-01,2024-05-31,mensual,,,2
50063368,2024-06-01,2024-06-30,mensual,,,1
50063368,2024-07-01,2024-07-31,mensual,17.462605163898523,0.7714285714285715,6
50063368,2024-08-01,2024-08-31,mensual,,,4
50063368,2024-09-01,2024-09-30,mensual,,,2
50063368,2024-10-01,2024-10-31,mensual,,,2
50063368,2024-11-01,2024-11-30,mensual,,,2
50063368,2024-12-01,2024-12-31,mensual,11.395801966109769,0.6424791613365438,4
50063368,2025-01-01,2025-01-31,mensual,2.4612113726662037,0.25,3
50063368,2025-02-01,2025-02-28,mensual,-4.922422745332319,1.0,4
50063368,2025-03-01,2025-03-31,mensual,-3.547197198284157,0.2500000000000001,3
50063368,2025-04-01,2025-04-30,mensual,,,2
50063368,2025-06-01,2025-06-30,mensual,,,3
50063368,2025-07-01,2025-07-31,mensual,,,3
50063368,2025-08-01,2025-08-31,mensual,,,1
50063368,2025-09-01,2025-09-30,mensual,,,2
50063368,2025-10-01,2025-10-31,mensual,,,2
50063368,2025-11-01,2025-11-30,mensual,,,2
50063368,2025-12-01,2025-12-31,mensual,,,3
50063368,2026-01-01,2026-01-31,mensual,,,6
50063368,2026-02-01,2026-02-28,mensual,,,1
50063368,2026-03-01,2026-03-31,mensual,,,2
50063368,2026-04-01,2026-04-30,mensual,,,1
50063368,2024-01-01,2024-03-31,trimestral,-5.178605672355523,0.3686515987780948,9
50063368,2024-02-01,2024-04-30,trimestral,30.28892295219988,0.9103342992002774,6
50063368,2024-03-01,2024-05-31,trimestral,29.803823327359435,0.9096319538232552,5
50063368,2024-04-01,2024-06-30,trimestral,29.803823327359,0.9096319538232552,5
50063368,2024-05-01,2024-07-31,trimestral,18.19021371239439,0.78125,9
50063368,2024-06-01,2024-08-31,trimestral,14.952384180900836,0.2470868869178507,11
50063368,2024-07-01,2024-09-30,trimestral,15.356739297499054,0.2532831679188216,12
50063368,2024-08-01,2024-10-31,trimestral,,,8
50063368,2024-09-01,2024-11-30,trimestral,0.0,,6
50063368,2024-10-01,2024-12-31,trimestral,-0.8757452701433104,0.1149780537430202,8
50063368,2024-11-01,2025-01-31,trimestral,-0.1326941077267158,0.0010671317317167,9
50063368,2024-12-01,2025-02-28,trimestral,1.4118881288494436,0.0352210012327948,11
50063368,2025-01-01,2025-03-31,trimestral,-1.1806102090907062,0.0600686748285814,10
50063368,2025-02-01,2025-04-30,trimestral,-0.4513836151719833,0.0070827116721823,9
50063368,2025-03-01,2025-05-31,trimestral,-0.4907399515416352,0.0035456478900257,5
50063368,2025-04-01,2025-06-30,trimestral,,,5
50063368,2025-05-01,2025-07-31,trimestral,8.453445144551996e-05,1.5444493461913567e-09,6
50063368,2025-06-01,2025-08-31,trimestral,0.7140061608656315,0.0627397013311379,7
50063368,2025-07-01,2025-09-30,trimestral,,,6
50063368,2025-08-01,2025-10-31,trimestral,,,5
50063368,2025-09-01,2025-11-30,trimestral,,,6
50063368,2025-10-01,2025-12-31,trimestral,,,7
50063368,2025-11-01,2026-01-31,trimestral,,,11
50063368,2025-12-01,2026-02-28,trimestral,,,10
50063368,2026-01-01,2026-03-31,trimestral,,,9
50063368,2026-02-01,2026-04-30,trimestral,,,4
50063368,2024-01-01,2024-06-30,semestral,-1.05778445448849,0.0083783370169092,14
50063368,2024-02-01,2024-07-31,semestral,24.323147638918304,0.8093596624294974,15
50063368,2024-03-01,2024-08-31,semestral,21.944077753433028,0.5180622428989845,16
50063368,2024-04-01,2024-09-30,semestral,22.2021015184201,0.5215735591359472,17
50063368,2024-05-01,2024-10-31,semestral,16.62035856986478,0.2726574130874911,17
50063368,2024-06-01,2024-11-30,semestral,1.363213878135468,0.0692098935566726,17
50063368,2024-07-01,2024-12-31,semestral,-0.3031499912431741,0.0158098025823641,20
50063368,2024-08-01,2025-01-31,semestral,-0.2039720607776561,0.0100532758643082,17
50063368,2024-09-01,2025-02-28,semestral,-0.5816509022340276,0.0885250947165267,17
50063368,2024-10-01,2025-03-31,semestral,-0.6455288788788204,0.0627840889204716,18
50063368,2024-11-01,2025-04-30,semestral,-0.2444096316673006,0.0028867117710579,18
50063368,2024-12-01,2025-05-31,semestral,0.9020808182247204,0.021773704255362,16
50063368,2025-01-01,2025-06-30,semestral,-0.1817779888514762,0.0017411573897497,15
50063368,2025-02-01,2025-07-31,semestral,-0.5377116510012672,0.0351416631071082,15
50063368,2025-03-01,2025-08-31,semestral,-0.2971655260359353,0.0074218688442269,12
50063368,2025-04-01,2025-09-30,semestral,-0.65280013621889,0.0288713766350792,11
50063368,2025-05-01,2025-10-31,semestral,0.9991693607388736,0.0556394939491684,11
50063368,2025-06-01,2025-11-30,semestral,1.4052148316742414,0.0865209889953485,13
50063368,2025-07-01,2025-12-31,semestral,,,13
50063368,2025-08-01,2026-01-31,semestral,,,16
50063368,2025-09-01,2026-02-28,semestral,,,16
50063368,2025-10-01,2026-03-31,semestral,,,16
50063368,2025-11-01,2026-04-30,semestral,,,15
50063369,2024-01-01,2024-01-31,mensual,,,1
50063369,2024-07-01,2024-07-31,mensual,,,1
50063369,2024-12-01,2024-12-31,mensual,,,1
50063369,2025-02-01,2025-02-28,mensual,,,1
50063369,2024-01-01,2024-03-31,trimestral,,,1
50063369,2024-05-01,2024-07-31,trimestral,,,1
50063369,2024-06-01,2024-08-31,trimestral,,,1
50063369,2024-07-01,2024-09-30,trimestral,,,1
50063369,2024-10-01,2024-12-31,trimestral,,,1
50063369,2024-11-01,2025-01-31,trimestral,,,1
50063369,2024-12-01,2025-02-28,trimestral,,,2
50063369,2024-01-01,2024-06-30,semestral,,,1
50063369,2024-02-01,2024-07-31,semestral,,,1
50063369,2024-03-01,2024-08-31,semestral,,,1
50063369,2024-04-01,2024-09-30,semestral,,,1
50063369,2024-05-01,2024-10-31,semestral,,,1
50063369,2024-06-01,2024-11-30,semestral,,,1
50063369,2024-07-01,2024-12-31,semestral,,,2
50063369,2024-08-01,2025-01-31,semestral,,,1
50063369,2024-09-01,2025-02-28,semestral,,,2
50063564,2024-05-01,2024-05-31,mensual,,,2
50063564,2024-06-01,2024-06-30,mensual,,,2
50063564,2024-07-01,2024-07-31,mensual,,,2
50063564,2024-08-01,2024-08-31,mensual,,,1
50063564,2024-09-01,2024-09-30,mensual,,,2
50063564,2024-10-01,2024-10-31,mensual,,,1
50063564,2024-11-01,2024-11-30,mensual,,,1
50063564,2024-12-01,2024-12-31,mensual,,,1
50063564,2025-01-01,2025-01-31,mensual,,,1
50063564,2025-02-01,2025-02-28,mensual,,,1
50063564,2025-03-01,2025-03-31,mensual,5.156667032067322,1.0,2
50063564,2025-04-01,2025-04-30,mensual,,,1
50063564,2025-05-01,2025-05-31,mensual,,,1
50063564,2025-07-01,2025-07-31,mensual,,,1
50063564,2025-08-01,2025-08-31,mensual,,,1
50063564,2025-09-01,2025-09-30,mensual,,,3
50063564,2026-02-01,2026-02-28,mensual,,,1
50063564,2026-03-01,2026-03-31,mensual,,,1
50063564,2024-05-01,2024-07-31,trimestral,,,6
50063564,2024-06-01,2024-08-31,trimestral,,,5
50063564,2024-07-01,2024-09-30,trimestral,,,5
50063564,2024-08-01,2024-10-31,trimestral,,,4
50063564,2024-09-01,2024-11-30,trimestral,,,4
50063564,2024-10-01,2024-12-31,trimestral,,,3
50063564,2024-11-01,2025-01-31,trimestral,,,3
50063564,2024-12-01,2025-02-28,trimestral,,,3
50063564,2025-01-01,2025-03-31,trimestral,5.156667032067327,1.0,4
50063564,2025-02-01,2025-04-30,trimestral,1.0860018817766135,0.1030929246278524,4
50063564,2025-03-01,2025-05-31,trimestral,0.4920665015099484,0.0149035267465854,4
50063564,2025-04-01,2025-06-30,trimestral,0.0,,2
50063564,2025-05-01,2025-07-31,trimestral,-1.9434149970455397,1.0,2
50063564,2025-06-01,2025-08-31,trimestral,-1.9434149970455288,1.0,2
50063564,2025-07-01,2025-09-30,trimestral,-1.9434149970455403,1.0,5
50063564,2025-08-01,2025-10-31,trimestral,,,4
50063564,2025-09-01,2025-11-30,trimestral,,,3
50063564,2025-12-01,2026-02-28,trimestral,,,1
50063564,2026-01-01,2026-03-31,trimestral,0.0,,2
50063564,2024-05-01,2024-10-31,semestral,,,10
50063564,2024-06-01,2024-11-30,semestral,,,9
50063564,2024-07-01,2024-12-31,semestral,,,8
50063564,2024-08-01,2025-01-31,semestral,,,7
50063564,2024-09-01,2025-02-28,semestral,,,7
50063564,2024-10-01,2025-03-31,semestral,5.156667032067305,1.0,7
50063564,2024-11-01,2025-04-30,semestral,1.3547317222929276,0.1956588720629101,7
50063564,2024-12-01,2025-05-31,semestral,0.99665197320776,0.1117303356068202,7
50063564,2025-01-01,2025-06-30,semestral,0.9359298802530576,0.089607854888524,6
50063564,2025-02-01,2025-07-31,semestral,-1.0163755388779534,0.1891296205519189,6
50063564,2025-03-01,2025-08-31,semestral,-1.2415246674355969,0.2912161826639361,6
50063564,2025-04-01,2025-09-30,semestral,-1.8143705976662985,0.9647642436483004,7
50063564,2025-05-01,2025-10-31,semestral,-1.943414997045536,1.0,6
50063564,2025-06-01,2025-11-30,semestral,-1.9434149970455403,1.0,5
50063564,2025-07-01,2025-12-31,semestral,-1.9434149970455403,1.0,5
50063564,2025-08-01,2026-01-31,semestral,,,4
50063564,2025-09-01,2026-02-28,semestral,,,4
50063564,2025-10-01,2026-03-31,semestral,0.0,,2
50063565,2024-02-01,2024-02-29,mensual,,,3
50063565,2024-04-01,2024-04-30,mensual,,,1
50063565,2024-05-01,2024-05-31,mensual,,,2
50063565,2024-07-01,2024-07-31,mensual,,,1
50063565,2024-08-01,2024-08-31,mensual,,,2
50063565,2024-09-01,2024-09-30,mensual,,,1
50063565,2024-10-01,2024-10-31,mensual,,,1
50063565,2025-02-01,2025-02-28,mensual,,,1
50063565,2025-07-01,2025-07-31,mensual,,,1
50063565,2025-08-01,2025-08-31,mensual,,,1
50063565,2025-09-01,2025-09-30,mensual,,,1
50063565,2025-10-01,2025-10-31,mensual,,,1
50063565,2025-11-01,2025-11-30,mensual,0.0,,2
50063565,2026-01-01,2026-01-31,mensual,,,1
50063565,2024-02-01,2024-04-30,trimestral,,,4
50063565,2024-03-01,2024-05-31,trimestral,,,3
50063565,2024-04-01,2024-06-30,trimestral,,,3
50063565,2024-05-01,2024-07-31,trimestral,,,3
50063565,2024-06-01,2024-08-31,trimestral,,,3
50063565,2024-07-01,2024-09-30,trimestral,,,4
50063565,2024-08-01,2024-10-31,trimestral,,,4
50063565,2024-09-01,2024-11-30,trimestral,,,2
50063565,2024-10-01,2024-12-31,trimestral,,,1
50063565,2024-12-01,2025-02-28,trimestral,,,1
50063565,2025-01-01,2025-03-31,trimestral,,,1
50063565,2025-02-01,2025-04-30,trimestral,,,1
50063565,2025-05-01,2025-07-31,trimestral,,,1
50063565,2025-06-01,2025-08-31,trimestral,,,2
50063565,2025-07-01,2025-09-30,trimestral,,,3
50063565,2025-08-01,2025-10-31,trimestral,,,3
50063565,2025-09-01,2025-11-30,trimestral,0.0,,4
50063565,2025-10-01,2025-12-31,trimestral,0.0,,3
50063565,2025-11-01,2026-01-31,trimestral,0.0,,3
50063565,2024-02-01,2024-07-31,semestral,,,7
50063565,2024-03-01,2024-08-31,semestral,,,6
50063565,2024-04-01,2024-09-30,semestral,,,7
50063565,2024-05-01,2024-10-31,semestral,,,7
50063565,2024-06-01,2024-11-30,semestral,,,5
50063565,2024-07-01,2024-12-31,semestral,,,5
50063565,2024-08-01,2025-01-31,semestral,,,4
50063565,2024-09-01,2025-02-28,semestral,,,3
50063565,2024-10-01,2025-03-31,semestral,,,2
50063565,2024-11-01,2025-04-30,semestral,,,1
50063565,2024-12-01,2025-05-31,semestral,,,1
50063565,2025-01-01,2025-06-30,semestral,,,1
50063565,2025-02-01,2025-07-31,semestral,0.0,,2
50063565,2025-03-01,2025-08-31,semestral,,,2
50063565,2025-04-01,2025-09-30,semestral,,,3
50063565,2025-05-01,2025-10-31,semestral,,,4
50063565,2025-06-01,2025-11-30,semestral,-3.068999109861375,0.039887813845674,6
50063565,2025-07-01,2025-12-31,semestral,-3.068999109861375,0.039887813845674,6
50063565,2025-08-01,2026-01-31,semestral,-3.068999109861449,0.039887813845674,6
50063566,2024-01-01,2024-01-31,mensual,,,1
50063566,2024-05-01,2024-05-31,mensual,,,3
50063566,2024-08-01,2024-08-31,mensual,,,1
50063566,2024-09-01,2024-09-30,mensual,,,1
50063566,2024-12-01,2024-12-31,mensual,,,1
50063566,2025-01-01,2025-01-31,mensual,,,1
50063566,2025-02-01,2025-02-28,mensual,,,1
50063566,2025-04-01,2025-04-30,mensual,,,1
50063566,2025-08-01,2025-08-31,mensual,,,1
50063566,2025-09-01,2025-09-30,mensual,,,3
50063566,2025-10-01,2025-10-31,mensual,,,2
50063566,2025-11-01,2025-11-30,mensual,,,1
50063566,2026-01-01,2026-01-31,mensual,,,1
50063566,2026-02-01,2026-02-28,mensual,,,1
50063566,2024-01-01,2024-03-31,trimestral,,,1
50063566,2024-03-01,2024-05-31,trimestral,,,3
50063566,2024-04-01,2024-06-30,trimestral,,,3
50063566,2024-05-01,2024-07-31,trimestral,,,3
50063566,2024-06-01,2024-08-31,trimestral,,,1
50063566,2024-07-01,2024-09-30,trimestral,-9.692410696602192,1.0,2
50063566,2024-08-01,2024-10-31,trimestral,-9.692410696602192,1.0,2
50063566,2024-09-01,2024-11-30,trimestral,,,1
50063566,2024-10-01,2024-12-31,trimestral,,,1
50063566,2024-11-01,2025-01-31,trimestral,,,2
50063566,2024-12-01,2025-02-28,trimestral,,,3
50063566,2025-01-01,2025-03-31,trimestral,,,2
50063566,2025-02-01,2025-04-30,trimestral,0.0,,2
50063566,2025-03-01,2025-05-31,trimestral,,,1
50063566,2025-04-01,2025-06-30,trimestral,,,1
50063566,2025-06-01,2025-08-31,trimestral,,,1
50063566,2025-07-01,2025-09-30,trimestral,,,4
50063566,2025-08-01,2025-10-31,trimestral,,,6
50063566,2025-09-01,2025-11-30,trimestral,,,6
50063566,2025-10-01,2025-12-31,trimestral,,,3
50063566,2025-11-01,2026-01-31,trimestral,,,2
50063566,2025-12-01,2026-02-28,trimestral,,,2
50063566,2024-01-01,2024-06-30,semestral,,,4
50063566,2024-02-01,2024-07-31,semestral,,,3
50063566,2024-03-01,2024-08-31,semestral,,,4
50063566,2024-04-01,2024-09-30,semestral,-2.4305399084217645,0.0628200095697103,5
50063566,2024-05-01,2024-10-31,semestral,-2.4305399084217645,0.0628200095697103,5
50063566,2024-06-01,2024-11-30,semestral,-9.692410696602192,1.0,2
50063566,2024-07-01,2024-12-31,semestral,-4.852813219643587,0.2505114922411086,3
50063566,2024-08-01,2025-01-31,semestral,-6.467480126474136,0.3336363020987806,4
50063566,2024-09-01,2025-02-28,semestral,-3.233006941166632,0.111111111111111,4
50063566,2024-10-01,2025-03-31,semestral,,,3
50063566,2024-11-01,2025-04-30,semestral,-1.8319745145301545,0.111111111111111,4
50063566,2024-12-01,2025-05-31,semestral,-1.8319745145301545,0.111111111111111,4
50063566,2025-01-01,2025-06-30,semestral,-2.74796177179527,0.2500000000000001,3
50063566,2025-02-01,2025-07-31,semestral,0.0,,2
50063566,2025-03-01,2025-08-31,semestral,,,2
50063566,2025-04-01,2025-09-30,semestral,,,5
50063566,2025-05-01,2025-10-31,semestral,,,6
50063566,2025-06-01,2025-11-30,semestral,,,7
50063566,2025-07-01,2025-12-31,semestral,,,7
50063566,2025-08-01,2026-01-31,semestral,,,8
50063566,2025-09-01,2026-02-28,semestral,,,8
50065844,2024-01-01,2024-01-31,mensual,,,1
50065844,2024-02-01,2024-02-29,mensual,8.100452362189662,0.1029725749663719,7
50065844,2024-03-01,2024-03-31,mensual,,,1
50065844,2024-04-01,2024-04-30,mensual,,,2
50065844,2024-05-01,2024-05-31,mensual,,,3
50065844,2024-06-01,2024-06-30,mensual,,,4
50065844,2024-07-01,2024-07-31,mensual,,,3
50065844,2024-08-01,2024-08-31,mensual,,,5
50065844,2024-09-01,2024-09-30,mensual,,,5
50065844,2024-10-01,2024-10-31,mensual,,,2
50065844,2024-11-01,2024-11-30,mensual,,,2
50065844,2024-12-01,2024-12-31,mensual,,,4
50065844,2025-03-01,2025-03-31,mensual,,,1
50065844,2025-04-01,2025-04-30,mensual,,,2
50065844,2025-05-01,2025-05-31,mensual,,,1
50065844,2025-06-01,2025-06-30,mensual,,,2
50065844,2025-07-01,2025-07-31,mensual,,,3
50065844,2025-08-01,2025-08-31,mensual,0.0,,5
50065844,2025-09-01,2025-09-30,mensual,,,3
50065844,2025-10-01,2025-10-31,mensual,6.930719729486263,0.2380952380952379,8
50065844,2025-11-01,2025-11-30,mensual,,,3
50065844,2025-12-01,2025-12-31,mensual,,,3
50065844,2026-01-01,2026-01-31,mensual,33.56108926674769,1.0,3
50065844,2026-02-01,2026-02-28,mensual,,,5
50065844,2026-03-01,2026-03-31,mensual,,,4
50065844,2026-04-01,2026-04-30,mensual,,,2
50065844,2024-01-01,2024-03-31,trimestral,0.3400795419895789,0.0020913147939618,9
50065844,2024-02-01,2024-04-30,trimestral,5.994028703487937,0.1861223429068577,10
50065844,2024-03-01,2024-05-31,trimestral,-1.4461579210094708,0.04,6
50065844,2024-04-01,2024-06-30,trimestral,,,9
50065844,2024-05-01,2024-07-31,trimestral,,,10
50065844,2024-06-01,2024-08-31,trimestral,,,12
50065844,2024-07-01,2024-09-30,trimestral,,,13
50065844,2024-08-01,2024-10-31,trimestral,,,12
50065844,2024-09-01,2024-11-30,trimestral,,,9
50065844,2024-10-01,2024-12-31,trimestral,,,8
50065844,2024-11-01,2025-01-31,trimestral,,,6
50065844,2024-12-01,2025-02-28,trimestral,,,4
50065844,2025-01-01,2025-03-31,trimestral,,,1
50065844,2025-02-01,2025-04-30,trimestral,,,3
50065844,2025-03-01,2025-05-31,trimestral,,,4
50065844,2025-04-01,2025-06-30,trimestral,,,5
50065844,2025-05-01,2025-07-31,trimestral,,,6
50065844,2025-06-01,2025-08-31,trimestral,0.8010672670510797,0.0123313291299141,10
50065844,2025-07-01,2025-09-30,trimestral,0.3106791583530206,0.0099999999999996,11
50065844,2025-08-01,2025-10-31,trimestral,1.418326256608117,0.0745871721067281,16
50065844,2025-09-01,2025-11-30,trimestral,6.280859460682322,0.0908194983240882,14
50065844,2025-10-01,2025-12-31,trimestral,5.534474259044484,0.0684290300477404,14
50065844,2025-11-01,2026-01-31,trimestral,29.213726037465214,0.7350357694069085,9
50065844,2025-12-01,2026-02-28,trimestral,28.14293259533542,0.6927619839380088,11
50065844,2026-01-01,2026-03-31,trimestral,28.11959097324007,0.6279210794857294,12
50065844,2026-02-01,2026-04-30,trimestral,,,11
50065844,2024-01-01,2024-06-30,semestral,1.1245660681579313,0.0219672307093922,18
50065844,2024-02-01,2024-07-31,semestral,3.674428749651587,0.1307089876296296,20
50065844,2024-03-01,2024-08-31,semestral,-1.5248299755705694,0.0110580979746155,18
50065844,2024-04-01,2024-09-30,semestral,,,22
50065844,2024-05-01,2024-10-31,semestral,,,22
50065844,2024-06-01,2024-11-30,semestral,,,21
50065844,2024-07-01,2024-12-31,semestral,,,21
50065844,2024-08-01,2025-01-31,semestral,,,18
50065844,2024-09-01,2025-02-28,semestral,,,13
50065844,2024-10-01,2025-03-31,semestral,,,9
50065844,2024-11-01,2025-04-30,semestral,,,9
50065844,2024-12-01,2025-05-31,semestral,,,8
50065844,2025-01-01,2025-06-30,semestral,,,6
50065844,2025-02-01,2025-07-31,semestral,,,9
50065844,2025-03-01,2025-08-31,semestral,0.9332465964060348,0.012297854320365,14
50065844,2025-04-01,2025-09-30,semestral,1.0158845172825024,0.0135482103588754,16
50065844,2025-05-01,2025-10-31,semestral,1.480577970260418,0.0324268459629747,22
50065844,2025-06-01,2025-11-30,semestral,1.560262261381465,0.0293826607803749,24
50065844,2025-07-01,2025-12-31,semestral,1.5087581088119528,0.0411630873623143,25
50065844,2025-08-01,2026-01-31,semestral,4.1087935532203765,0.1345269481827953,25
50065844,2025-09-01,2026-02-28,semestral,17.344185893665184,0.3578655312159432,25
50065844,2025-10-01,2026-03-31,semestral,16.882200511624006,0.321389456389014,26
50065844,2025-11-01,2026-04-30,semestral,26.37351875890616,0.3791156599242952,20
50065845,2024-01-01,2024-01-31,mensual,,,3
50065845,2024-02-01,2024-02-29,mensual,,,1
50065845,2024-03-01,2024-03-31,mensual,,,1
50065845,2024-04-01,2024-04-30,mensual,-3.076912557212017,0.0399999999999999,6
50065845,2024-05-01,2024-05-31,mensual,0.0,,3
50065845,2024-06-01,2024-06-30,mensual,,,3
50065845,2024-07-01,2024-07-31,mensual,0.0,,4
50065845,2024-08-01,2024-08-31,mensual,,,4
50065845,2024-09-01,2024-09-30,mensual,0.0,,5
50065845,2024-10-01,2024-10-31,mensual,,,5
50065845,2024-11-01,2024-11-30,mensual,3.23376686605878,0.1111111111111109,4
50065845,2024-12-01,2024-12-31,mensual,,,2
50065845,2025-01-01,2025-01-31,mensual,,,4
50065845,2025-02-01,2025-02-28,mensual,,,1
50065845,2025-04-01,2025-04-30,mensual,,,3
50065845,2025-05-01,2025-05-31,mensual,0.0,,4
50065845,2025-06-01,2025-06-30,mensual,0.0,,4
50065845,2025-07-01,2025-07-31,mensual,,,7
50065845,2025-08-01,2025-08-31,mensual,-7.2799338055604785,0.375,5
50065845,2025-09-01,2025-09-30,mensual,23.017026525107887,0.1202583031055521,4
50065845,2025-10-01,2025-10-31,mensual,-4.8532892037072175,0.1666666666666667,5
50065845,2025-11-01,2025-11-30,mensual,,,5
50065845,2025-12-01,2025-12-31,mensual,,,3
50065845,2026-02-01,2026-02-28,mensual,,,6
50065845,2026-03-01,2026-03-31,mensual,,,3
50065845,2026-04-01,2026-04-30,mensual,,,4
50065845,2024-01-01,2024-03-31,trimestral,-8.171432806541254,1.0,5
50065845,2024-02-01,2024-04-30,trimestral,-3.164167563242916,0.0988424891360375,8
50065845,2024-03-01,2024-05-31,trimestral,-3.84876205511854,0.0625913237928473,10
50065845,2024-04-01,2024-06-30,trimestral,-1.5384562786060454,0.0181818181818184,12
50065845,2024-05-01,2024-07-31,trimestral,0.0,,10
50065845,2024-06-01,2024-08-31,trimestral,-5.175107279191731,0.0151087989227222,11
50065845,2024-07-01,2024-09-30,trimestral,-4.70120086471195,0.0226848382843947,13
50065845,2024-08-01,2024-10-31,trimestral,-5.166266031716415,0.0140046404919883,14
50065845,2024-09-01,2024-11-30,trimestral,1.9544871970258528,0.0173400206015434,14
50065845,2024-10-01,2024-12-31,trimestral,4.283160593272457,0.0496354550956643,11
50065845,2024-11-01,2025-01-31,trimestral,5.389611443431531,0.1111111111111111,10
50065845,2024-12-01,2025-02-28,trimestral,,,7
50065845,2025-01-01,2025-03-31,trimestral,,,5
50065845,2025-02-01,2025-04-30,trimestral,,,4
50065845,2025-03-01,2025-05-31,trimestral,-1.6177630679023776,0.0277777777777782,7
50065845,2025-04-01,2025-06-30,trimestral,-1.078508711934911,0.0222222222222219,11
50065845,2025-05-01,2025-07-31,trimestral,-4.170067416593505,0.072172580312269,15
50065845,2025-06-01,2025-08-31,trimestral,-5.952186545568298,0.1341382767932436,16
50065845,2025-07-01,2025-09-30,trimestral,-4.897251927167536,0.0333555918481974,16
50065845,2025-08-01,2025-10-31,trimestral,-5.339769136277928,0.0721372237743196,14
50065845,2025-09-01,2025-11-30,trimestral,-4.322386517892148,0.0135451786535979,14
50065845,2025-10-01,2025-12-31,trimestral,-5.120460399248328,0.0234367143479576,13
50065845,2025-11-01,2026-01-31,trimestral,,,8
50065845,2025-12-01,2026-02-28,trimestral,,,9
50065845,2026-01-01,2026-03-31,trimestral,,,9
50065845,2026-02-01,2026-04-30,trimestral,,,13
50065845,2024-01-01,2024-06-30,semestral,-1.5928429854837578,0.0657949601891085,17
50065845,2024-02-01,2024-07-31,semestral,-1.600114071320908,0.0317578110141704,18
50065845,2024-03-01,2024-08-31,semestral,-4.584143307448028,0.0269670577512403,21
50065845,2024-04-01,2024-09-30,semestral,-3.195149763165772,0.0179501323749945,25
50065845,2024-05-01,2024-10-31,semestral,-3.195904644100279,0.0140853823657158,24
50065845,2024-06-01,2024-11-30,semestral,-0.6961647633604624,0.0006388379823033,25
50065845,2024-07-01,2024-12-31,semestral,-1.8074320821068135,0.0042779588320811,24
50065845,2024-08-01,2025-01-31,semestral,0.0377763138205721,1.305395809558796e-06,24
50065845,2024-09-01,2025-02-28,semestral,2.0009994538704228,0.0141248529008108,21
50065845,2024-10-01,2025-03-31,semestral,6.0892072615737085,0.0769149740337158,16
50065845,2024-11-01,2025-04-30,semestral,5.970031137339087,0.1025641025641024,14
50065845,2024-12-01,2025-05-31,semestral,-2.2399796324804564,0.0209790209790204,14
50065845,2025-01-01,2025-06-30,semestral,-0.6933270291010195,0.0095238095238094,16
50065845,2025-02-01,2025-07-31,semestral,-3.75985028371342,0.0513381117301106,19
50065845,2025-03-01,2025-08-31,semestral,-4.651859502268628,0.0919285417823408,23
50065845,2025-04-01,2025-09-30,semestral,-4.054502067499545,0.040400834069826,27
50065845,2025-05-01,2025-10-31,semestral,-4.56080248083958,0.0628695585675127,29
50065845,2025-06-01,2025-11-30,semestral,-5.501355673544683,0.0448594465132619,30
50065845,2025-07-01,2025-12-31,semestral,-4.929755437809555,0.0258344899976205,29
50065845,2025-08-01,2026-01-31,semestral,-4.511232806916693,0.0237499007598319,22
50065845,2025-09-01,2026-02-28,semestral,-1.074540467227205,0.0007289374934082,23
50065845,2025-10-01,2026-03-31,semestral,-4.315555066634142,0.0144199655814508,22
50065845,2025-11-01,2026-04-30,semestral,,,21
50066973,2024-05-01,2024-05-31,mensual,,,1
50066973,2024-09-01,2024-09-30,mensual,,,1
50066973,2025-02-01,2025-02-28,mensual,,,1
50066973,2024-05-01,2024-07-31,trimestral,,,1
50066973,2024-07-01,2024-09-30,trimestral,,,1
50066973,2024-08-01,2024-10-31,trimestral,,,1
50066973,2024-09-01,2024-11-30,trimestral,,,1
50066973,2024-12-01,2025-02-28,trimestral,,,1
50066973,2024-05-01,2024-10-31,semestral,0.0,,2
50066973,2024-06-01,2024-11-30,semestral,,,1
50066973,2024-07-01,2024-12-31,semestral,,,1
50066973,2024-08-01,2025-01-31,semestral,,,1
50066973,2024-09-01,2025-02-28,semestral,0.0,,2
50066975,2025-01-01,2025-01-31,mensual,,,1
50066976,2024-08-01,2024-08-31,mensual,,,1
50066976,2024-09-01,2024-09-30,mensual,,,1
50066976,2025-01-01,2025-01-31,mensual,,,1
50066976,2025-04-01,2025-04-30,mensual,,,1
50066976,2025-05-01,2025-05-31,mensual,,,2
50066976,2025-06-01,2025-06-30,mensual,,,1
50066976,2025-08-01,2025-08-31,mensual,,,2
50066976,2024-08-01,2024-10-31,trimestral,0.0,,2
50066976,2024-09-01,2024-11-30,trimestral,,,1
50066976,2024-11-01,2025-01-31,trimestral,,,1
50066976,2024-12-01,2025-02-28,trimestral,,,1
50066976,2025-01-01,2025-03-31,trimestral,,,1
50066976,2025-02-01,2025-04-30,trimestral,,,1
50066976,2025-03-01,2025-05-31,trimestral,,,3
50066976,2025-04-01,2025-06-30,trimestral,,,4
50066976,2025-05-01,2025-07-31,trimestral,,,3
50066976,2025-06-01,2025-08-31,trimestral,,,3
50066976,2024-08-01,2025-01-31,semestral,1.0704146865266355,0.3501874887539224,3
50066976,2024-09-01,2025-02-28,semestral,14.315152202468646,1.0,2
50066976,2024-10-01,2025-03-31,semestral,,,1
50066976,2024-11-01,2025-04-30,semestral,,,2
50066976,2024-12-01,2025-05-31,semestral,,,4
50066976,2025-01-01,2025-06-30,semestral,,,5
50066976,2025-02-01,2025-07-31,semestral,,,4
50066976,2025-03-01,2025-08-31,semestral,,,6
50066977,2024-02-01,2024-02-29,mensual,,,1
50066977,2025-04-01,2025-04-30,mensual,,,1
50066977,2025-07-01,2025-07-31,mensual,,,1
50066977,2025-09-01,2025-09-30,mensual,,,1
50066977,2024-02-01,2024-04-30,trimestral,,,1
50066977,2025-02-01,2025-04-30,trimestral,,,1
50066977,2025-03-01,2025-05-31,trimestral,,,1
50066977,2025-04-01,2025-06-30,trimestral,,,1
50066977,2025-05-01,2025-07-31,trimestral,,,1
50066977,2025-06-01,2025-08-31,trimestral,,,1
50066977,2025-07-01,2025-09-30,trimestral,0.0,,2
50066977,2024-02-01,2024-07-31,semestral,,,1
50066977,2024-11-01,2025-04-30,semestral,,,1
50066977,2024-12-01,2025-05-31,semestral,,,1
50066977,2025-01-01,2025-06-30,semestral,,,1
50066977,2025-02-01,2025-07-31,semestral,0.0,,2
50066977,2025-03-01,2025-08-31,semestral,0.0,,2
50066977,2025-04-01,2025-09-30,semestral,0.0,,3
50066978,2024-07-01,2024-07-31,mensual,,,1
50066978,2024-09-01,2024-09-30,mensual,,,1
50066978,2025-08-01,2025-08-31,mensual,,,1
50066978,2024-07-01,2024-09-30,trimestral,2.030353821464396e-15,,2
50066978,2024-08-01,2024-10-31,trimestral,,,1
50066978,2024-09-01,2024-11-30,trimestral,,,1
50066978,2025-06-01,2025-08-31,trimestral,,,1
50066978,2024-07-01,2024-12-31,semestral,2.030353821464396e-15,,2
50066978,2024-08-01,2025-01-31,semestral,,,1
50066978,2024-09-01,2025-02-28,semestral,,,1
50066978,2025-03-01,2025-08-31,semestral,,,1
50066988,2024-07-01,2024-07-31,mensual,-9.711813707651707,1.0,2
50066988,2024-08-01,2024-08-31,mensual,,,2
50066988,2024-09-01,2024-09-30,mensual,9.70303688854668,1.0,3
50066988,2024-11-01,2024-11-30,mensual,,,2
50066988,2025-02-01,2025-02-28,mensual,,,2
50066988,2025-03-01,2025-03-31,mensual,,,1
50066988,2025-04-01,2025-04-30,mensual,,,1
50066988,2025-05-01,2025-05-31,mensual,,,1
50066988,2025-06-01,2025-06-30,mensual,,,3
50066988,2025-07-01,2025-07-31,mensual,,,3
50066988,2025-08-01,2025-08-31,mensual,,,1
50066988,2025-09-01,2025-09-30,mensual,,,2
50066988,2025-10-01,2025-10-31,mensual,,,1
50066988,2025-11-01,2025-11-30,mensual,,,2
50066988,2025-12-01,2025-12-31,mensual,9.703036888546588,1.0,2
50066988,2026-01-01,2026-01-31,mensual,,,2
50066988,2026-03-01,2026-03-31,mensual,,,1
50066988,2024-07-01,2024-09-30,trimestral,-2.1162157586708408,0.0381996127279529,7
50066988,2024-08-01,2024-10-31,trimestral,9.703036888546457,1.0,5
50066988,2024-09-01,2024-11-30,trimestral,9.703036888546505,1.0,5
50066988,2024-10-01,2024-12-31,trimestral,,,2
50066988,2024-11-01,2025-01-31,trimestral,,,2
50066988,2024-12-01,2025-02-28,trimestral,,,2
50066988,2025-01-01,2025-03-31,trimestral,,,3
50066988,2025-02-01,2025-04-30,trimestral,,,4
50066988,2025-03-01,2025-05-31,trimestral,,,3
50066988,2025-04-01,2025-06-30,trimestral,,,5
50066988,2025-05-01,2025-07-31,trimestral,,,7
50066988,2025-06-01,2025-08-31,trimestral,,,7
50066988,2025-07-01,2025-09-30,trimestral,,,6
50066988,2025-08-01,2025-10-31,trimestral,,,4
50066988,2025-09-01,2025-11-30,trimestral,,,5
50066988,2025-10-01,2025-12-31,trimestral,7.277277666410032,0.3749999999999999,5
50066988,2025-11-01,2026-01-31,trimestral,7.7624295108369985,0.4000000000000002,6
50066988,2025-12-01,2026-02-28,trimestral,9.703036888546418,1.0,4
50066988,2026-01-01,2026-03-31,trimestral,,,3
50066988,2024-07-01,2024-12-31,semestral,-1.5199389719212817,0.0187607271091871,9
50066988,2024-08-01,2025-01-31,semestral,9.7030368885465,1.0,7
50066988,2024-09-01,2025-02-28,semestral,9.703036888546482,1.0,7
50066988,2024-10-01,2025-03-31,semestral,,,5
50066988,2024-11-01,2025-04-30,semestral,,,6
50066988,2024-12-01,2025-05-31,semestral,,,5
50066988,2025-01-01,2025-06-30,semestral,,,8
50066988,2025-02-01,2025-07-31,semestral,,,11
50066988,2025-03-01,2025-08-31,semestral,,,10
50066988,2025-04-01,2025-09-30,semestral,,,11
50066988,2025-05-01,2025-10-31,semestral,,,11
50066988,2025-06-01,2025-11-30,semestral,,,12
50066988,2025-07-01,2025-12-31,semestral,5.651185106056337,0.0671246846084823,11
50066988,2025-08-01,2026-01-31,semestral,6.912888510644944,0.1415730766113692,10
50066988,2025-09-01,2026-02-28,semestral,8.490157277478186,0.4375,9
50066988,2025-10-01,2026-03-31,semestral,8.316888761611375,0.4285714285714285,8
50066989,2024-11-01,2024-11-30,mensual,,,2
50066989,2025-01-01,2025-01-31,mensual,,,1
50066989,2025-02-01,2025-02-28,mensual,,,3
50066989,2025-03-01,2025-03-31,mensual,,,1
50066989,2025-06-01,2025-06-30,mensual,,,1
50066989,2026-01-01,2026-01-31,mensual,,,1
50066989,2026-02-01,2026-02-28,mensual,,,1
50066989,2024-11-01,2025-01-31,trimestral,0.0,,3
50066989,2024-12-01,2025-02-28,trimestral,,,4
50066989,2025-01-01,2025-03-31,trimestral,,,5
50066989,2025-02-01,2025-04-30,trimestral,,,4
50066989,2025-03-01,2025-05-31,trimestral,,,1
50066989,2025-04-01,2025-06-30,trimestral,,,1
50066989,2025-05-01,2025-07-31,trimestral,,,1
50066989,2025-06-01,2025-08-31,trimestral,,,1
50066989,2025-11-01,2026-01-31,trimestral,,,1
50066989,2025-12-01,2026-02-28,trimestral,,,2
50066989,2024-11-01,2025-04-30,semestral,0.0,,7
50066989,2024-12-01,2025-05-31,semestral,,,5
50066989,2025-01-01,2025-06-30,semestral,,,6
50066989,2025-02-01,2025-07-31,semestral,,,5
50066989,2025-03-01,2025-08-31,semestral,,,2
50066989,2025-04-01,2025-09-30,semestral,,,1
50066989,2025-05-01,2025-10-31,semestral,,,1
50066989,2025-06-01,2025-11-30,semestral,,,1
50066989,2025-08-01,2026-01-31,semestral,,,1
50066989,2025-09-01,2026-02-28,semestral,,,2
50066990,2024-01-01,2024-01-31,mensual,,,4
50066990,2024-02-01,2024-02-29,mensual,0.0,,2
50066990,2024-03-01,2024-03-31,mensual,,,3
50066990,2024-04-01,2024-04-30,mensual,,,1
50066990,2024-05-01,2024-05-31,mensual,-5.877221295394114,1.0,2
50066990,2024-06-01,2024-06-30,mensual,18.118454683525982,0.5998382199655036,6
50066990,2024-07-01,2024-07-31,mensual,,,1
50066990,2024-08-01,2024-08-31,mensual,-1.1659699654619662,0.1999659138392466,6
50066990,2024-09-01,2024-09-30,mensual,,,8
50066990,2024-10-01,2024-10-31,mensual,,,3
50066990,2024-11-01,2024-11-30,mensual,,,3
50066990,2024-12-01,2024-12-31,mensual,,,2
50066990,2025-01-01,2025-01-31,mensual,,,5
50066990,2025-03-01,2025-03-31,mensual,,,2
50066990,2025-05-01,2025-05-31,mensual,,,1
50066990,2025-06-01,2025-06-30,mensual,5.557802917064671,0.037662129202137,9
50066990,2025-07-01,2025-07-31,mensual,-2.075410454939909,0.3040358216449111,6
50066990,2025-08-01,2025-08-31,mensual,,,6
50066990,2025-09-01,2025-09-30,mensual,,,4
50066990,2025-10-01,2025-10-31,mensual,,,5
50066990,2025-11-01,2025-11-30,mensual,,,3
50066990,2025-12-01,2025-12-31,mensual,,,6
50066990,2026-01-01,2026-01-31,mensual,,,5
50066990,2026-02-01,2026-02-28,mensual,-16.116829423965953,0.2500955091315947,3
50066990,2026-03-01,2026-03-31,mensual,-9.702062983714695,1.0,2
50066990,2026-04-01,2026-04-30,mensual,,,1
50066990,2024-01-01,2024-03-31,trimestral,-5.552800576871435,0.0563184221032159,9
50066990,2024-02-01,2024-04-30,trimestral,-3.070039189022701,0.0399093509442216,6
50066990,2024-03-01,2024-05-31,trimestral,-10.72640577552651,0.3038572477620476,6
50066990,2024-04-01,2024-06-30,trimestral,5.128839972625446,0.0872922932508682,9
50066990,2024-05-01,2024-07-31,trimestral,5.128839972625782,0.0872922932508699,9
50066990,2024-06-01,2024-08-31,trimestral,0.161179674266479,0.0008822594989688,13
50066990,2024-07-01,2024-09-30,trimestral,-1.387972161291883,0.1428136668023963,15
50066990,2024-08-01,2024-10-31,trimestral,-1.1432268110552108,0.063511537501859,17
50066990,2024-09-01,2024-11-30,trimestral,,,14
50066990,2024-10-01,2024-12-31,trimestral,,,8
50066990,2024-11-01,2025-01-31,trimestral,,,10
50066990,2024-12-01,2025-02-28,trimestral,,,7
50066990,2025-01-01,2025-03-31,trimestral,-4.619529572925212,0.2743539925779545,7
50066990,2025-02-01,2025-04-30,trimestral,,,2
50066990,2025-03-01,2025-05-31,trimestral,,,3
50066990,2025-04-01,2025-06-30,trimestral,7.231492688382006,0.0569823753505168,10
50066990,2025-05-01,2025-07-31,trimestral,-0.2535205163247169,0.0008837995659145,16
50066990,2025-06-01,2025-08-31,trimestral,-0.4893107211221497,0.0027720086411088,21
50066990,2025-07-01,2025-09-30,trimestral,-2.486089624193401,0.2718027084033749,16
50066990,2025-08-01,2025-10-31,trimestral,,,15
50066990,2025-09-01,2025-11-30,trimestral,,,12
50066990,2025-10-01,2025-12-31,trimestral,,,14
50066990,2025-11-01,2026-01-31,trimestral,,,14
50066990,2025-12-01,2026-02-28,trimestral,-6.343027321492584,0.030748514205857,14
50066990,2026-01-01,2026-03-31,trimestral,-7.165508938176295,0.0789252907640913,10
50066990,2026-02-01,2026-04-30,trimestral,-10.484647695738094,0.1745348903748428,6
50066990,2024-01-01,2024-06-30,semestral,0.975231062215994,0.0023557450714929,18
50066990,2024-02-01,2024-07-31,semestral,1.1608088344496237,0.0040620506110404,15
50066990,2024-03-01,2024-08-31,semestral,-0.1727437258895413,0.0007466972341425,19
50066990,2024-04-01,2024-09-30,semestral,-0.4110572107062749,0.0039219030045978,24
50066990,2024-05-01,2024-10-31,semestral,-0.3069839573646141,0.002003206892187,26
50066990,2024-06-01,2024-11-30,semestral,0.1868898259475359,0.0004267163454944,27
50066990,2024-07-01,2024-12-31,semestral,-0.7079919061519395,0.0071448252306109,23
50066990,2024-08-01,2025-01-31,semestral,-0.6299358192928775,0.0052499772840655,27
50066990,2024-09-01,2025-02-28,semestral,,,21
50066990,2024-10-01,2025-03-31,semestral,-6.720234405087611,0.1276269709649554,15
50066990,2024-11-01,2025-04-30,semestral,-7.071541795214341,0.1489088269262162,12
50066990,2024-12-01,2025-05-31,semestral,-4.758373665661271,0.2631563651234112,10
50066990,2025-01-01,2025-06-30,semestral,3.4369836940212246,0.0682464713912275,17
50066990,2025-02-01,2025-07-31,semestral,-0.3882676151968304,0.0018765401187306,18
50066990,2025-03-01,2025-08-31,semestral,-0.610302948225728,0.0039790126215999,24
50066990,2025-04-01,2025-09-30,semestral,-0.6332370477057764,0.0041859736517838,26
50066990,2025-05-01,2025-10-31,semestral,-0.730231917805974,0.0051743315717354,31
50066990,2025-06-01,2025-11-30,semestral,-0.7409092327265661,0.0052309432680072,33
50066990,2025-07-01,2025-12-31,semestral,-2.3987045896911243,0.1483105745162883,30
50066990,2025-08-01,2026-01-31,semestral,,,29
50066990,2025-09-01,2026-02-28,semestral,-4.46581398126732,0.0127488935567809,26
50066990,2025-10-01,2026-03-31,semestral,-5.070941833276394,0.0321946333099444,24
50066990,2025-11-01,2026-04-30,semestral,-5.658065008969653,0.0420601071311338,20
50066991,2024-01-01,2024-01-31,mensual,,,1
50066991,2024-03-01,2024-03-31,mensual,,,1
50066991,2024-07-01,2024-07-31,mensual,-4.8459965601604695,0.2497342959368169,3
50066991,2024-08-01,2024-08-31,mensual,,,2
50066991,2024-09-01,2024-09-30,mensual,,,2
50066991,2024-10-01,2024-10-31,mensual,0.0,,3
50066991,2024-11-01,2024-11-30,mensual,,,2
50066991,2025-02-01,2025-02-28,mensual,,,1
50066991,2025-03-01,2025-03-31,mensual,,,1
50066991,2025-04-01,2025-04-30,mensual,,,1
50066991,2025-05-01,2025-05-31,mensual,,,1
50066991,2025-08-01,2025-08-31,mensual,,,1
50066991,2025-09-01,2025-09-30,mensual,19.40412596742915,1.0,3
50066991,2025-10-01,2025-10-31,mensual,,,1
50066991,2025-11-01,2025-11-30,mensual,,,1
50066991,2025-12-01,2025-12-31,mensual,,,2
50066991,2026-01-01,2026-01-31,mensual,,,2
50066991,2026-03-01,2026-03-31,mensual,,,1
50066991,2026-04-01,2026-04-30,mensual,,,1
50066991,2024-01-01,2024-03-31,trimestral,-1.0535198785168457e-15,,2
50066991,2024-02-01,2024-04-30,trimestral,,,1
50066991,2024-03-01,2024-05-31,trimestral,,,1
50066991,2024-05-01,2024-07-31,trimestral,-4.8459965601604695,0.2497342959368169,3
50066991,2024-06-01,2024-08-31,trimestral,-4.845996864645197,0.166519053298227,5
50066991,2024-07-01,2024-09-30,trimestral,-5.7892765004490165,0.1141767935833232,7
50066991,2024-08-01,2024-10-31,trimestral,-4.174134635923322,0.0621150708387664,7
50066991,2024-09-01,2024-11-30,trimestral,-2.5577207590113287,0.0277012853948056,7
50066991,2024-10-01,2024-12-31,trimestral,0.0,,5
50066991,2024-11-01,2025-01-31,trimestral,,,2
50066991,2024-12-01,2025-02-28,trimestral,,,1
50066991,2025-01-01,2025-03-31,trimestral,6.443580867295476,1.0,2
50066991,2025-02-01,2025-04-30,trimestral,3.221790433647669,0.2500000000000001,3
50066991,2025-03-01,2025-05-31,trimestral,,,3
50066991,2025-04-01,2025-06-30,trimestral,,,2
50066991,2025-05-01,2025-07-31,trimestral,,,1
50066991,2025-06-01,2025-08-31,trimestral,,,1
50066991,2025-07-01,2025-09-30,trimestral,3.0847873027986235,0.3245059980879005,4
50066991,2025-08-01,2025-10-31,trimestral,2.805139814884123,0.2574572607444245,5
50066991,2025-09-01,2025-11-30,trimestral,19.40412596742881,1.0,5
50066991,2025-10-01,2025-12-31,trimestral,,,4
50066991,2025-11-01,2026-01-31,trimestral,,,5
50066991,2025-12-01,2026-02-28,trimestral,,,4
50066991,2026-01-01,2026-03-31,trimestral,,,3
50066991,2026-02-01,2026-04-30,trimestral,,,2
50066991,2024-01-01,2024-06-30,semestral,-1.0535198785168457e-15,,2
50066991,2024-02-01,2024-07-31,semestral,-6.462091859798096,0.3330183876218554,4
50066991,2024-03-01,2024-08-31,semestral,-5.814783285062557,0.1997732618657461,6
50066991,2024-04-01,2024-09-30,semestral,-5.7892765004490165,0.1141767935833232,7
50066991,2024-05-01,2024-10-31,semestral,-4.3422274129044,0.0994397292638975,10
50066991,2024-06-01,2024-11-30,semestral,-3.472972858861388,0.06213947308475,12
50066991,2024-07-01,2024-12-31,semestral,-3.472972858861388,0.06213947308475,12
50066991,2024-08-01,2025-01-31,semestral,-3.1296319561917554,0.0334385955656364,9
50066991,2024-09-01,2025-02-28,semestral,-2.1917889015552627,0.0203421099220098,8
50066991,2024-10-01,2025-03-31,semestral,4.695981665007356,0.6480594702883395,7
50066991,2024-11-01,2025-04-30,semestral,3.2217904336477305,0.375,5
50066991,2024-12-01,2025-05-31,semestral,4.295720578197089,0.3333333333333333,4
50066991,2025-01-01,2025-06-30,semestral,4.295720578197089,0.3333333333333333,4
50066991,2025-02-01,2025-07-31,semestral,4.295720578197089,0.3333333333333333,4
50066991,2025-03-01,2025-08-31,semestral,2.070644751397424,0.3333333333333333,4
50066991,2025-04-01,2025-09-30,semestral,2.9689161880586905,0.267700173124119,6
50066991,2025-05-01,2025-10-31,semestral,2.968916188058732,0.2677001731241191,6
50066991,2025-06-01,2025-11-30,semestral,2.625710922425045,0.2198547723297588,6
50066991,2025-07-01,2025-12-31,semestral,2.661525975372762,0.1979663574538768,8
50066991,2025-08-01,2026-01-31,semestral,2.4824723530046247,0.1645750438919616,10
50066991,2025-09-01,2026-02-28,semestral,18.19136809446463,0.78125,9
50066991,2025-10-01,2026-03-31,semestral,,,7
50066991,2025-11-01,2026-04-30,semestral,,,7
50066993,2024-04-01,2024-04-30,mensual,,,1
50066995,2024-06-01,2024-06-30,mensual,,,1
50066995,2024-12-01,2024-12-31,mensual,,,1
50066995,2025-03-01,2025-03-31,mensual,,,1
50066995,2026-04-01,2026-04-30,mensual,,,1
50066995,2024-06-01,2024-08-31,trimestral,,,1
50066995,2024-10-01,2024-12-31,trimestral,,,1
50066995,2024-11-01,2025-01-31,trimestral,,,1
50066995,2024-12-01,2025-02-28,trimestral,,,1
50066995,2025-01-01,2025-03-31,trimestral,,,1
50066995,2025-02-01,2025-04-30,trimestral,,,1
50066995,2025-03-01,2025-05-31,trimestral,,,1
50066995,2026-02-01,2026-04-30,trimestral,,,1
50066995,2024-06-01,2024-11-30,semestral,,,1
50066995,2024-07-01,2024-12-31,semestral,,,1
50066995,2024-08-01,2025-01-31,semestral,,,1
50066995,2024-09-01,2025-02-28,semestral,,,1
50066995,2024-10-01,2025-03-31,semestral,-9.701046515283226,1.0,2
50066995,2024-11-01,2025-04-30,semestral,-9.701046515283226,1.0,2
50066995,2024-12-01,2025-05-31,semestral,-9.701046515283226,1.0,2
50066995,2025-01-01,2025-06-30,semestral,,,1
50066995,2025-02-01,2025-07-31,semestral,,,1
50066995,2025-03-01,2025-08-31,semestral,,,1
50066995,2025-11-01,2026-04-30,semestral,,,1
50066997,2024-01-01,2024-01-31,mensual,,,1
50066997,2025-08-01,2025-08-31,mensual,,,1
50066997,2024-01-01,2024-03-31,trimestral,,,1
50066997,2025-06-01,2025-08-31,trimestral,,,1
50066997,2024-01-01,2024-06-30,semestral,,,1
50066997,2025-03-01,2025-08-31,semestral,,,1
50066998,2024-03-01,2024-03-31,mensual,,,1
50066998,2024-05-01,2024-05-31,mensual,,,1
50066998,2024-03-01,2024-05-31,trimestral,,,2
50073101,2024-01-01,2024-01-31,mensual,,,1
50073101,2024-02-01,2024-02-29,mensual,,,2
50073101,2024-03-01,2024-03-31,mensual,-7.391347873795621,0.9110222966876712,3
50073101,2024-04-01,2024-04-30,mensual,,,2
50073101,2024-05-01,2024-05-31,mensual,,,3
50073101,2024-06-01,2024-06-30,mensual,,,3
50073101,2024-07-01,2024-07-31,mensual,,,1
50073101,2024-08-01,2024-08-31,mensual,0.075556522198389,0.0011865641356997,7
50073101,2024-09-01,2024-09-30,mensual,,,1
50073101,2024-10-01,2024-10-31,mensual,,,1
50073101,2024-11-01,2024-11-30,mensual,,,1
50073101,2024-12-01,2024-12-31,mensual,,,1
50073101,2025-01-01,2025-01-31,mensual,,,1
50073101,2025-02-01,2025-02-28,mensual,,,3
50073101,2025-03-01,2025-03-31,mensual,-3.2375467653923846,0.111111111111111,4
50073101,2025-04-01,2025-04-30,mensual,,,3
50073101,2025-05-01,2025-05-31,mensual,,,2
50073101,2025-06-01,2025-06-30,mensual,0.0,,4
50073101,2025-07-01,2025-07-31,mensual,-6.966145893383854,1.0,2
50073101,2025-08-01,2025-08-31,mensual,,,5
50073101,2025-09-01,2025-09-30,mensual,,,3
50073101,2025-10-01,2025-10-31,mensual,,,4
50073101,2025-11-01,2025-11-30,mensual,,,1
50073101,2025-12-01,2025-12-31,mensual,,,1
50073101,2026-01-01,2026-01-31,mensual,,,2
50073101,2026-02-01,2026-02-28,mensual,3.2853808821471544,0.2500000000000001,3
50073101,2026-03-01,2026-03-31,mensual,,,1
50073101,2024-01-01,2024-03-31,trimestral,-7.862186638988331,0.8641459902805315,6
50073101,2024-02-01,2024-04-30,trimestral,-7.629308603456694,0.7642377264962585,7
50073101,2024-03-01,2024-05-31,trimestral,-7.71493404941751,0.754416842238205,8
50073101,2024-04-01,2024-06-30,trimestral,,,8
50073101,2024-05-01,2024-07-31,trimestral,,,7
50073101,2024-06-01,2024-08-31,trimestral,-0.1254956857859042,0.0027176662846842,11
50073101,2024-07-01,2024-09-30,trimestral,0.8053047884017346,0.0659851006602266,9
50073101,2024-08-01,2024-10-31,trimestral,0.460364984684886,0.0204290792153563,9
50073101,2024-09-01,2024-11-30,trimestral,,,3
50073101,2024-10-01,2024-12-31,trimestral,,,3
50073101,2024-11-01,2025-01-31,trimestral,0.0,,3
50073101,2024-12-01,2025-02-28,trimestral,0.0,,5
50073101,2025-01-01,2025-03-31,trimestral,-1.3875200423110057,0.0204081632653059,8
50073101,2025-02-01,2025-04-30,trimestral,-1.0791822551307293,0.0123456790123455,10
50073101,2025-03-01,2025-05-31,trimestral,-3.653972931841471,0.0314570053318039,9
50073101,2025-04-01,2025-06-30,trimestral,-2.4409227952644503,0.0157923708211646,9
50073101,2025-05-01,2025-07-31,trimestral,-6.126311573492655,0.7366973435021704,8
50073101,2025-06-01,2025-08-31,trimestral,-5.84110893941357,0.4615709809199999,11
50073101,2025-07-01,2025-09-30,trimestral,-5.427272508990434,0.4217911737351666,10
50073101,2025-08-01,2025-10-31,trimestral,,,12
50073101,2025-09-01,2025-11-30,trimestral,,,8
50073101,2025-10-01,2025-12-31,trimestral,-1.9425280592349383,0.0399999999999999,6
50073101,2025-11-01,2026-01-31,trimestral,-3.2375467653922594,0.111111111111111,4
50073101,2025-12-01,2026-02-28,trimestral,0.4919414118253234,0.0060546599430943,6
50073101,2026-01-01,2026-03-31,trimestral,3.9424570585765695,0.2000000000000001,6
50073101,2024-01-01,2024-06-30,semestral,-7.966904187824673,0.7300773435017602,14
50073101,2024-02-01,2024-07-31,semestral,-7.821413000456763,0.6509132858935419,14
50073101,2024-03-01,2024-08-31,semestral,-0.9525813777256738,0.065650214618511,19
50073101,2024-04-01,2024-09-30,semestral,0.0115943515853649,1.0777429350072865e-05,17
50073101,2024-05-01,2024-10-31,semestral,-0.0841222353819125,0.0005963924146568,16
50073101,2024-06-01,2024-11-30,semestral,0.0572387112230196,0.0002838616704344,14
50073101,2024-07-01,2024-12-31,semestral,0.2596089183937663,0.0060837192304982,12
50073101,2024-08-01,2025-01-31,semestral,-0.040361467758534,0.0001563953679206,12
50073101,2024-09-01,2025-02-28,semestral,-6.735289005984662,0.1428571428571426,8
50073101,2024-10-01,2025-03-31,semestral,0.4214625277662143,0.005046970648883,11
50073101,2024-11-01,2025-04-30,semestral,0.1631178578523333,0.0006186667868952,13
50073101,2024-12-01,2025-05-31,semestral,-0.3911839939185914,0.0005637820269792,14
50073101,2025-01-01,2025-06-30,semestral,-1.949159814929175,0.0158989095192583,17
50073101,2025-02-01,2025-07-31,semestral,-6.169651893266047,0.6919926913046102,18
50073101,2025-03-01,2025-08-31,semestral,-5.916991886696352,0.4058621859882686,20
50073101,2025-04-01,2025-09-30,semestral,-5.8893847862875655,0.3914241985443749,19
50073101,2025-05-01,2025-10-31,semestral,-5.854026604349039,0.385687750928166,20
50073101,2025-06-01,2025-11-30,semestral,-5.970272178090943,0.4337390521852388,19
50073101,2025-07-01,2025-12-31,semestral,-5.828276090749342,0.4378283441024082,16
50073101,2025-08-01,2026-01-31,semestral,-5.9199722809428055,0.0288723053445419,16
50073101,2025-09-01,2026-02-28,semestral,0.5234579584608842,0.0028633580763902,14
50073101,2025-10-01,2026-03-31,semestral,0.488980799366478,0.0030091108287484,12
50073103,2024-01-01,2024-01-31,mensual,,,1
50073103,2024-02-01,2024-02-29,mensual,19.02516654043986,1.0,4
50073103,2024-03-01,2024-03-31,mensual,,,6
50073103,2024-04-01,2024-04-30,mensual,-3.823956775877277,0.0620556535947331,5
50073103,2024-05-01,2024-05-31,mensual,,,3
50073103,2024-06-01,2024-06-30,mensual,,,3
50073103,2024-07-01,2024-07-31,mensual,,,1
50073103,2024-08-01,2024-08-31,mensual,1.1367916782453094,1.0,2
50073103,2024-09-01,2024-09-30,mensual,,,1
50073103,2025-05-01,2025-05-31,mensual,,,2
50073103,2025-06-01,2025-06-30,mensual,-1.1588379396998233e-15,,2
50073103,2025-07-01,2025-07-31,mensual,,,4
50073103,2025-08-01,2025-08-31,mensual,-5.15830643238565,0.8333185989956946,4
50073103,2025-09-01,2025-09-30,mensual,,,6
50073103,2025-10-01,2025-10-31,mensual,,,3
50073103,2025-12-01,2025-12-31,mensual,,,1
50073103,2026-01-01,2026-01-31,mensual,,,1
50073103,2026-02-01,2026-02-28,mensual,,,3
50073103,2026-03-01,2026-03-31,mensual,,,2
50073103,2026-04-01,2026-04-30,mensual,,,3
50073103,2024-01-01,2024-03-31,trimestral,19.02516654043994,1.0,11
50073103,2024-02-01,2024-04-30,trimestral,2.188816553355984,0.0184467309959638,15
50073103,2024-03-01,2024-05-31,trimestral,-2.657418160837153,0.0194571837417173,14
50073103,2024-04-01,2024-06-30,trimestral,-6.171416092319492,0.0425409135116597,11
50073103,2024-05-01,2024-07-31,trimestral,,,7
50073103,2024-06-01,2024-08-31,trimestral,-0.2358178342093245,0.0018742482938749,6
50073103,2024-07-01,2024-09-30,trimestral,-0.9166415805013868,0.0906065795391801,4
50073103,2024-08-01,2024-10-31,trimestral,-0.4032832658147106,0.0223460414817379,3
50073103,2024-09-01,2024-11-30,trimestral,,,1
50073103,2025-03-01,2025-05-31,trimestral,,,2
50073103,2025-04-01,2025-06-30,trimestral,12.723235286857795,0.3333333333333333,4
50073103,2025-05-01,2025-07-31,trimestral,16.358445368817527,0.4285714285714285,8
50073103,2025-06-01,2025-08-31,trimestral,-5.174347605576156,0.6668897617892526,10
50073103,2025-07-01,2025-09-30,trimestral,-5.934708913872899,0.5927086733189355,14
50073103,2025-08-01,2025-10-31,trimestral,-5.5817986950150384,0.5431999190722039,13
50073103,2025-09-01,2025-11-30,trimestral,,,9
50073103,2025-10-01,2025-12-31,trimestral,,,4
50073103,2025-11-01,2026-01-31,trimestral,,,2
50073103,2025-12-01,2026-02-28,trimestral,,,5
50073103,2026-01-01,2026-03-31,trimestral,,,6
50073103,2026-02-01,2026-04-30,trimestral,,,8
50073103,2024-01-01,2024-06-30,semestral,0.0344422608683489,1.339961734236894e-06,22
50073103,2024-02-01,2024-07-31,semestral,0.0344422608684146,1.3399617344589387e-06,22
50073103,2024-03-01,2024-08-31,semestral,-1.2350092121677938,0.034291332500791,20
50073103,2024-04-01,2024-09-30,semestral,-1.0153184728336453,0.0258563923189488,15
50073103,2024-05-01,2024-10-31,semestral,-0.5626986231092331,0.0095168610951451,10
50073103,2024-06-01,2024-11-30,semestral,-0.5203259031124432,0.0084879525779066,7
50073103,2024-07-01,2024-12-31,semestral,-0.9166415805013868,0.0906065795391801,4
50073103,2024-08-01,2025-01-31,semestral,-0.4032832658147106,0.0223460414817379,3
50073103,2024-09-01,2025-02-28,semestral,,,1
50073103,2024-12-01,2025-05-31,semestral,,,2
50073103,2025-01-01,2025-06-30,semestral,12.723235286857795,0.3333333333333333,4
50073103,2025-02-01,2025-07-31,semestral,16.358445368817527,0.4285714285714285,8
50073103,2025-03-01,2025-08-31,semestral,-5.406524589553513,0.6674979256614961,12
50073103,2025-04-01,2025-09-30,semestral,-5.417163452447301,0.4838648090186411,18
50073103,2025-05-01,2025-10-31,semestral,-5.420006716438566,0.4613382438434967,21
50073103,2025-06-01,2025-11-30,semestral,-5.309932218527783,0.4586596479718148,19
50073103,2025-07-01,2025-12-31,semestral,-5.547198503408385,0.4209943898690332,18
50073103,2025-08-01,2026-01-31,semestral,-5.278438831638253,0.4074596496904122,15
50073103,2025-09-01,2026-02-28,semestral,,,14
50073103,2025-10-01,2026-03-31,semestral,,,10
50073103,2025-11-01,2026-04-30,semestral,,,10
50073750,2024-06-01,2024-06-30,mensual,,,1
50073750,2024-09-01,2024-09-30,mensual,,,1
50073750,2025-02-01,2025-02-28,mensual,,,2
50073750,2024-06-01,2024-08-31,trimestral,,,1
50073750,2024-07-01,2024-09-30,trimestral,,,1
50073750,2024-08-01,2024-10-31,trimestral,,,1
50073750,2024-09-01,2024-11-30,trimestral,,,1
50073750,2024-12-01,2025-02-28,trimestral,,,2
50073750,2024-06-01,2024-11-30,semestral,0.0,,2
50073750,2024-07-01,2024-12-31,semestral,,,1
50073750,2024-08-01,2025-01-31,semestral,,,1
50073750,2024-09-01,2025-02-28,semestral,,,3
50073752,2024-05-01,2024-05-31,mensual,,,1
50073759,2024-02-01,2024-02-29,mensual,,,1
50073759,2024-04-01,2024-04-30,mensual,,,3
50073759,2024-05-01,2024-05-31,mensual,,,1
50073759,2024-11-01,2024-11-30,mensual,,,1
50073759,2024-12-01,2024-12-31,mensual,,,1
50073759,2025-03-01,2025-03-31,mensual,,,2
50073759,2025-10-01,2025-10-31,mensual,,,1
50073759,2024-02-01,2024-04-30,trimestral,,,4
50073759,2024-03-01,2024-05-31,trimestral,0.0,,4
50073759,2024-04-01,2024-06-30,trimestral,0.0,,4
50073759,2024-05-01,2024-07-31,trimestral,,,1
50073759,2024-09-01,2024-11-30,trimestral,,,1
50073759,2024-10-01,2024-12-31,trimestral,,,2
50073759,2024-11-01,2025-01-31,trimestral,,,2
50073759,2024-12-01,2025-02-28,trimestral,,,1
50073759,2025-01-01,2025-03-31,trimestral,,,2
50073759,2025-02-01,2025-04-30,trimestral,,,2
50073759,2025-03-01,2025-05-31,trimestral,,,2
50073759,2025-08-01,2025-10-31,trimestral,,,1
50073759,2024-02-01,2024-07-31,semestral,0.0,,5
50073759,2024-03-01,2024-08-31,semestral,0.0,,4
50073759,2024-04-01,2024-09-30,semestral,0.0,,4
50073759,2024-05-01,2024-10-31,semestral,,,1
50073759,2024-06-01,2024-11-30,semestral,,,1
50073759,2024-07-01,2024-12-31,semestral,,,2
50073759,2024-08-01,2025-01-31,semestral,,,2
50073759,2024-09-01,2025-02-28,semestral,,,2
50073759,2024-10-01,2025-03-31,semestral,-6.897159965164207,0.3333333333333332,4
50073759,2024-11-01,2025-04-30,semestral,-6.897159965164207,0.3333333333333332,4
50073759,2024-12-01,2025-05-31,semestral,0.0,,3
50073759,2025-01-01,2025-06-30,semestral,,,2
50073759,2025-02-01,2025-07-31,semestral,,,2
50073759,2025-03-01,2025-08-31,semestral,,,2
50073759,2025-05-01,2025-10-31,semestral,,,1
50076730,2024-02-01,2024-02-29,mensual,,,2
50076730,2024-03-01,2024-03-31,mensual,,,1
50076730,2024-04-01,2024-04-30,mensual,,,1
50076730,2024-05-01,2024-05-31,mensual,,,1
50076730,2024-08-01,2024-08-31,mensual,3166.642881759275,1.0,3
50076730,2024-09-01,2024-09-30,mensual,,,1
50076730,2024-10-01,2024-10-31,mensual,,,2
50076730,2024-11-01,2024-11-30,mensual,,,1
50076730,2025-02-01,2025-02-28,mensual,,,1
50076730,2025-04-01,2025-04-30,mensual,,,3
50076730,2025-09-01,2025-09-30,mensual,,,1
50076730,2025-12-01,2025-12-31,mensual,,,1
50076730,2026-02-01,2026-02-28,mensual,,,1
50076730,2026-03-01,2026-03-31,mensual,,,1
50076730,2024-02-01,2024-04-30,trimestral,,,4
50076730,2024-03-01,2024-05-31,trimestral,3166.6428817442047,1.0,3
50076730,2024-04-01,2024-06-30,trimestral,3166.642881746004,1.0,2
50076730,2024-05-01,2024-07-31,trimestral,,,1
50076730,2024-06-01,2024-08-31,trimestral,3166.642881759275,1.0,3
50076730,2024-07-01,2024-09-30,trimestral,,,4
50076730,2024-08-01,2024-10-31,trimestral,,,6
50076730,2024-09-01,2024-11-30,trimestral,,,4
50076730,2024-10-01,2024-12-31,trimestral,,,3
50076730,2024-11-01,2025-01-31,trimestral,,,1
50076730,2024-12-01,2025-02-28,trimestral,,,1
50076730,2025-01-01,2025-03-31,trimestral,,,1
50076730,2025-02-01,2025-04-30,trimestral,,,4
50076730,2025-03-01,2025-05-31,trimestral,,,3
50076730,2025-04-01,2025-06-30,trimestral,,,3
50076730,2025-07-01,2025-09-30,trimestral,,,1
50076730,2025-08-01,2025-10-31,trimestral,,,1
50076730,2025-09-01,2025-11-30,trimestral,,,1
50076730,2025-10-01,2025-12-31,trimestral,,,1
50076730,2025-11-01,2026-01-31,trimestral,,,1
50076730,2025-12-01,2026-02-28,trimestral,,,2
50076730,2026-01-01,2026-03-31,trimestral,,,2
50076730,2024-02-01,2024-07-31,semestral,,,5
50076730,2024-03-01,2024-08-31,semestral,3166.64288174219,1.0,6
50076730,2024-04-01,2024-09-30,semestral,3166.642881740989,1.0,6
50076730,2024-05-01,2024-10-31,semestral,,,7
50076730,2024-06-01,2024-11-30,semestral,,,7
50076730,2024-07-01,2024-12-31,semestral,,,7
50076730,2024-08-01,2025-01-31,semestral,,,7
50076730,2024-09-01,2025-02-28,semestral,0.0,,5
50076730,2024-10-01,2025-03-31,semestral,0.0,,4
50076730,2024-11-01,2025-04-30,semestral,3.356865258921759,0.0624999999999998,5
50076730,2024-12-01,2025-05-31,semestral,,,4
50076730,2025-01-01,2025-06-30,semestral,,,4
50076730,2025-02-01,2025-07-31,semestral,,,4
50076730,2025-03-01,2025-08-31,semestral,,,3
50076730,2025-04-01,2025-09-30,semestral,,,4
50076730,2025-05-01,2025-10-31,semestral,,,1
50076730,2025-06-01,2025-11-30,semestral,,,1
50076730,2025-07-01,2025-12-31,semestral,,,2
50076730,2025-08-01,2026-01-31,semestral,,,2
50076730,2025-09-01,2026-02-28,semestral,,,3
50076730,2025-10-01,2026-03-31,semestral,,,3
50076731,2024-01-01,2024-01-31,mensual,,,2
50076731,2024-02-01,2024-02-29,mensual,,,2
50076731,2024-03-01,2024-03-31,mensual,,,1
50076731,2024-04-01,2024-04-30,mensual,,,2
50076731,2024-05-01,2024-05-31,mensual,,,1
50076731,2024-06-01,2024-06-30,mensual,,,1
50076731,2024-07-01,2024-07-31,mensual,,,1
50076731,2024-08-01,2024-08-31,mensual,,,1
50076731,2024-09-01,2024-09-30,mensual,,,1
50076731,2025-01-01,2025-01-31,mensual,,,1
50076731,2025-02-01,2025-02-28,mensual,,,2
50076731,2025-08-01,2025-08-31,mensual,,,1
50076731,2024-01-01,2024-03-31,trimestral,,,5
50076731,2024-02-01,2024-04-30,trimestral,,,5
50076731,2024-03-01,2024-05-31,trimestral,0.0,,4
50076731,2024-04-01,2024-06-30,trimestral,0.0,,4
50076731,2024-05-01,2024-07-31,trimestral,0.0,,3
50076731,2024-06-01,2024-08-31,trimestral,,,3
50076731,2024-07-01,2024-09-30,trimestral,,,3
50076731,2024-08-01,2024-10-31,trimestral,,,2
50076731,2024-09-01,2024-11-30,trimestral,,,1
50076731,2024-11-01,2025-01-31,trimestral,,,1
50076731,2024-12-01,2025-02-28,trimestral,,,3
50076731,2025-01-01,2025-03-31,trimestral,,,3
50076731,2025-02-01,2025-04-30,trimestral,,,2
50076731,2025-06-01,2025-08-31,trimestral,,,1
50076731,2024-01-01,2024-06-30,semestral,-1.2124916559334056,0.0156250000000002,9
50076731,2024-02-01,2024-07-31,semestral,-1.3857047496376704,0.0204081632653058,8
50076731,2024-03-01,2024-08-31,semestral,0.0,,7
50076731,2024-04-01,2024-09-30,semestral,-1.616655541244435,0.0277777777777777,7
50076731,2024-05-01,2024-10-31,semestral,-2.424983311866745,0.0624999999999998,5
50076731,2024-06-01,2024-11-30,semestral,,,4
50076731,2024-07-01,2024-12-31,semestral,,,3
50076731,2024-08-01,2025-01-31,semestral,,,3
50076731,2024-09-01,2025-02-28,semestral,,,4
50076731,2024-10-01,2025-03-31,semestral,,,3
50076731,2024-11-01,2025-04-30,semestral,,,3
50076731,2024-12-01,2025-05-31,semestral,,,3
50076731,2025-01-01,2025-06-30,semestral,,,3
50076731,2025-02-01,2025-07-31,semestral,,,2
50076731,2025-03-01,2025-08-31,semestral,,,1
50076732,2024-01-01,2024-01-31,mensual,,,1
50076732,2024-02-01,2024-02-29,mensual,,,1
50076732,2024-03-01,2024-03-31,mensual,,,1
50076732,2024-06-01,2024-06-30,mensual,,,1
50076732,2024-07-01,2024-07-31,mensual,,,1
50076732,2024-08-01,2024-08-31,mensual,-1.9440399852095915,1.0,3
50076732,2024-11-01,2024-11-30,mensual,,,1
50076732,2024-12-01,2024-12-31,mensual,,,1
50076732,2025-01-01,2025-01-31,mensual,,,2
50076732,2025-05-01,2025-05-31,mensual,,,1
50076732,2024-01-01,2024-03-31,trimestral,-5.19089306968444,1.0,3
50076732,2024-02-01,2024-04-30,trimestral,,,2
50076732,2024-03-01,2024-05-31,trimestral,,,1
50076732,2024-04-01,2024-06-30,trimestral,,,1
50076732,2024-05-01,2024-07-31,trimestral,8185.653102488998,1.0,2
50076732,2024-06-01,2024-08-31,trimestral,-0.6847252248633908,0.0194216201413925,5
50076732,2024-07-01,2024-09-30,trimestral,-1.9440399852095944,1.0,4
50076732,2024-08-01,2024-10-31,trimestral,-1.9440399852095915,1.0,3
50076732,2024-09-01,2024-11-30,trimestral,,,1
50076732,2024-10-01,2024-12-31,trimestral,,,2
50076732,2024-11-01,2025-01-31,trimestral,4749.964322641466,0.8181818181818182,4
50076732,2024-12-01,2025-02-28,trimestral,4749.964322641244,0.75,3
50076732,2025-01-01,2025-03-31,trimestral,,,2
50076732,2025-03-01,2025-05-31,trimestral,,,1
50076732,2024-01-01,2024-06-30,semestral,-0.6982141205562631,0.003039592913974,4
50076732,2024-02-01,2024-07-31,semestral,,,4
50076732,2024-03-01,2024-08-31,semestral,-0.9359093339357982,0.0348714450183115,6
50076732,2024-04-01,2024-09-30,semestral,-0.6847252248633908,0.0194216201413925,5
50076732,2024-05-01,2024-10-31,semestral,-0.6847252248633908,0.0194216201413925,5
50076732,2024-06-01,2024-11-30,semestral,-0.9359093339358376,0.0348714450183115,6
50076732,2024-07-01,2024-12-31,semestral,-1.9440399852095969,1.0,6
50076732,2024-08-01,2025-01-31,semestral,-0.9690369312327,0.0573622470546388,7
50076732,2024-09-01,2025-02-28,semestral,4749.964322641466,0.8181818181818182,4
50076732,2024-10-01,2025-03-31,semestral,4749.964322641466,0.8181818181818182,4
50076732,2024-11-01,2025-04-30,semestral,4749.964322641466,0.8181818181818182,4
50076732,2024-12-01,2025-05-31,semestral,4749.964322641466,0.8181818181818182,4
50076749,2024-01-01,2024-01-31,mensual,,,1
50076749,2024-04-01,2024-04-30,mensual,,,1
50076749,2024-05-01,2024-05-31,mensual,,,1
50076749,2024-08-01,2024-08-31,mensual,,,1
50076749,2024-09-01,2024-09-30,mensual,,,1
50076749,2025-02-01,2025-02-28,mensual,,,1
50076749,2025-04-01,2025-04-30,mensual,,,1
50076749,2024-01-01,2024-03-31,trimestral,,,1
50076749,2024-02-01,2024-04-30,trimestral,,,1
50076749,2024-03-01,2024-05-31,trimestral,,,2
50076749,2024-04-01,2024-06-30,trimestral,,,2
50076749,2024-05-01,2024-07-31,trimestral,,,1
50076749,2024-06-01,2024-08-31,trimestral,,,1
50076749,2024-07-01,2024-09-30,trimestral,,,2
50076749,2024-08-01,2024-10-31,trimestral,,,2
50076749,2024-09-01,2024-11-30,trimestral,,,1
50076749,2024-12-01,2025-02-28,trimestral,,,1
50076749,2025-01-01,2025-03-31,trimestral,,,1
50076749,2025-02-01,2025-04-30,trimestral,,,2
50076749,2024-01-01,2024-06-30,semestral,,,3
50076749,2024-02-01,2024-07-31,semestral,,,2
50076749,2024-03-01,2024-08-31,semestral,,,3
50076749,2024-04-01,2024-09-30,semestral,,,4
50076749,2024-05-01,2024-10-31,semestral,,,3
50076749,2024-06-01,2024-11-30,semestral,,,2
50076749,2024-07-01,2024-12-31,semestral,,,2
50076749,2024-08-01,2025-01-31,semestral,,,2
50076749,2024-09-01,2025-02-28,semestral,,,2
50076749,2024-10-01,2025-03-31,semestral,,,1
50076749,2024-11-01,2025-04-30,semestral,,,2
50077020,2024-01-01,2024-01-31,mensual,-5.019250910618695,0.5255939738154316,5
50077020,2024-02-01,2024-02-29,mensual,,,1
50077020,2024-03-01,2024-03-31,mensual,,,2
50077020,2024-04-01,2024-04-30,mensual,,,3
50077020,2024-05-01,2024-05-31,mensual,,,2
50077020,2024-06-01,2024-06-30,mensual,,,1
50077020,2024-07-01,2024-07-31,mensual,,,3
50077020,2024-08-01,2024-08-31,mensual,,,1
50077020,2024-11-01,2024-11-30,mensual,-9.661602306308644,0.2480066572768456,3
50077020,2024-12-01,2024-12-31,mensual,,,2
50077020,2025-01-01,2025-01-31,mensual,,,1
50077020,2025-02-01,2025-02-28,mensual,,,1
50077020,2025-03-01,2025-03-31,mensual,,,1
50077020,2025-04-01,2025-04-30,mensual,,,3
50077020,2025-05-01,2025-05-31,mensual,,,4
50077020,2025-06-01,2025-06-30,mensual,,,1
50077020,2025-07-01,2025-07-31,mensual,,,2
50077020,2025-08-01,2025-08-31,mensual,5.485465185845052,0.894327023417108,3
50077020,2025-09-01,2025-09-30,mensual,,,2
50077020,2025-10-01,2025-10-31,mensual,,,1
50077020,2025-11-01,2025-11-30,mensual,,,4
50077020,2025-12-01,2025-12-31,mensual,,,2
50077020,2026-01-01,2026-01-31,mensual,,,1
50077020,2026-02-01,2026-02-28,mensual,,,1
50077020,2026-03-01,2026-03-31,mensual,,,1
50077020,2024-01-01,2024-03-31,trimestral,-5.044635595176014,0.1275186430877678,8
50077020,2024-02-01,2024-04-30,trimestral,,,6
50077020,2024-03-01,2024-05-31,trimestral,,,7
50077020,2024-04-01,2024-06-30,trimestral,1.7093168739667022,0.1008421641366857,6
50077020,2024-05-01,2024-07-31,trimestral,3.908826224936933,0.175340166153231,6
50077020,2024-06-01,2024-08-31,trimestral,7.349730389296225,0.7097209024971654,5
50077020,2024-07-01,2024-09-30,trimestral,,,4
50077020,2024-08-01,2024-10-31,trimestral,,,1
50077020,2024-09-01,2024-11-30,trimestral,-9.661602306308644,0.2480066572768456,3
50077020,2024-10-01,2024-12-31,trimestral,-11.09153672369037,0.3159244939369736,5
50077020,2024-11-01,2025-01-31,trimestral,-10.812103951715777,0.3120626923125824,6
50077020,2024-12-01,2025-02-28,trimestral,,,4
50077020,2025-01-01,2025-03-31,trimestral,,,3
50077020,2025-02-01,2025-04-30,trimestral,,,5
50077020,2025-03-01,2025-05-31,trimestral,,,8
50077020,2025-04-01,2025-06-30,trimestral,,,8
50077020,2025-05-01,2025-07-31,trimestral,,,7
50077020,2025-06-01,2025-08-31,trimestral,-0.7526468217248281,0.0035490441701512,6
50077020,2025-07-01,2025-09-30,trimestral,0.2712155686611768,0.0005284778357912,7
50077020,2025-08-01,2025-10-31,trimestral,3.046838194392116,0.1652388549291945,6
50077020,2025-09-01,2025-11-30,trimestral,,,7
50077020,2025-10-01,2025-12-31,trimestral,,,7
50077020,2025-11-01,2026-01-31,trimestral,,,7
50077020,2025-12-01,2026-02-28,trimestral,,,4
50077020,2026-01-01,2026-03-31,trimestral,,,3
50077020,2024-01-01,2024-06-30,semestral,-1.1811159159052051,0.0107538161517043,14
50077020,2024-02-01,2024-07-31,semestral,3.950255472475352,0.0574617044929,12
50077020,2024-03-01,2024-08-31,semestral,4.846539509312398,0.0806007828550894,12
50077020,2024-04-01,2024-09-30,semestral,4.219435646407732,0.1269463423064972,10
50077020,2024-05-01,2024-10-31,semestral,4.906258743660884,0.1870785155880037,7
50077020,2024-06-01,2024-11-30,semestral,2.310942599748579,0.0486765145677449,8
50077020,2024-07-01,2024-12-31,semestral,-13.907464842464124,0.3181591514454939,9
50077020,2024-08-01,2025-01-31,semestral,-12.77038386261362,0.29848930706732,7
50077020,2024-09-01,2025-02-28,semestral,-14.137032896345096,0.2389189134147115,7
50077020,2024-10-01,2025-03-31,semestral,-14.311882651511008,0.246806954942174,8
50077020,2024-11-01,2025-04-30,semestral,-12.487278652833597,0.1602957919681595,11
50077020,2024-12-01,2025-05-31,semestral,,,12
50077020,2025-01-01,2025-06-30,semestral,,,11
50077020,2025-02-01,2025-07-31,semestral,,,12
50077020,2025-03-01,2025-08-31,semestral,-1.3178063590448483,0.0080685336004283,14
50077020,2025-04-01,2025-09-30,semestral,-1.18945923808885,0.0062611658809794,15
50077020,2025-05-01,2025-10-31,semestral,-0.5122321473623336,0.0011340429791978,13
50077020,2025-06-01,2025-11-30,semestral,-0.5589746442235711,0.0015392386744023,13
50077020,2025-07-01,2025-12-31,semestral,-0.0999679694182594,4.219045965891954e-05,14
50077020,2025-08-01,2026-01-31,semestral,0.899428534911291,0.0044475491869411,13
50077020,2025-09-01,2026-02-28,semestral,,,11
50077020,2025-10-01,2026-03-31,semestral,,,10
50077229,2024-01-01,2024-01-31,mensual,1.7088053260302527,0.1401431546844446,13
50077229,2024-02-01,2024-02-29,mensual,0.5814204722580304,0.0254842070686367,7
50077229,2024-03-01,2024-03-31,mensual,1.1792644242033852,0.0898398890430614,11
50077229,2024-04-01,2024-04-30,mensual,2.461991838100376,0.355530253578769,7
50077229,2024-05-01,2024-05-31,mensual,4.9900045013312,0.3374589312325745,8
50077229,2024-06-01,2024-06-30,mensual,-56.20299343777344,0.2162585414653969,10
50077229,2024-07-01,2024-07-31,mensual,7.506890591605998,0.2110177906125456,9
50077229,2024-08-01,2024-08-31,mensual,0.8897627384502587,0.0314806482235444,9
50077229,2024-09-01,2024-09-30,mensual,1.8903966724474648,0.0036877844186831,9
50077229,2024-10-01,2024-10-31,mensual,15.181695189375848,0.2466515134359764,8
50077229,2024-11-01,2024-11-30,mensual,4.077678983622817,0.2024761906233936,7
50077229,2024-12-01,2024-12-31,mensual,,,7
50077229,2025-01-01,2025-01-31,mensual,-126.75026158799656,0.1718912728527678,10
50077229,2025-02-01,2025-02-28,mensual,7.933414883157344,0.7703716449054075,4
50077229,2025-03-01,2025-03-31,mensual,2.022609395837231,0.2941410788886565,5
50077229,2025-04-01,2025-04-30,mensual,,,7
50077229,2025-05-01,2025-05-31,mensual,,,8
50077229,2025-06-01,2025-06-30,mensual,,,6
50077229,2025-07-01,2025-07-31,mensual,-11.02574087002909,0.1688475353134224,9
50077229,2025-08-01,2025-08-31,mensual,-0.6256701128874301,0.2831349776090958,9
50077229,2025-09-01,2025-09-30,mensual,,,3
50077229,2025-10-01,2025-10-31,mensual,,,5
50077229,2025-11-01,2025-11-30,mensual,,,5
50077229,2025-12-01,2025-12-31,mensual,3.43311900443861,0.0515608939786741,5
50077229,2026-01-01,2026-01-31,mensual,,,4
50077229,2026-02-01,2026-02-28,mensual,,,5
50077229,2026-03-01,2026-03-31,mensual,,,1
50077229,2026-04-01,2026-04-30,mensual,,,1
50077229,2024-01-01,2024-03-31,trimestral,1.1358063274960049,0.0794492775211759,31
50077229,2024-02-01,2024-04-30,trimestral,1.211093465437057,0.096042654712569,25
50077229,2024-03-01,2024-05-31,trimestral,1.7384608994799773,0.1451743735849087,26
50077229,2024-04-01,2024-06-30,trimestral,2.947731814536521,0.2453792781774586,25
50077229,2024-05-01,2024-07-31,trimestral,5.184481060816738,0.2054436928008226,27
50077229,2024-06-01,2024-08-31,trimestral,1.6615950361722724,0.0746366540872867,28
50077229,2024-07-01,2024-09-30,trimestral,1.5581796088514372,0.0467158650621775,27
50077229,2024-08-01,2024-10-31,trimestral,1.8017946521525523,0.0575967092498533,26
50077229,2024-09-01,2024-11-30,trimestral,4.091967043029544,0.1285094350198883,24
50077229,2024-10-01,2024-12-31,trimestral,4.3306180214234535,0.1442325450517092,22
50077229,2024-11-01,2025-01-31,trimestral,3.2892254496221573,0.0641186094325293,24
50077229,2024-12-01,2025-02-28,trimestral,7.4225785357729,0.10660391933214,21
50077229,2025-01-01,2025-03-31,trimestral,5.465836862318,0.1978333605512031,19
50077229,2025-02-01,2025-04-30,trimestral,3.949779784388853,0.1109373335091205,16
50077229,2025-03-01,2025-05-31,trimestral,1.5712955435940683,0.009185815217423,20
50077229,2025-04-01,2025-06-30,trimestral,,,21
50077229,2025-05-01,2025-07-31,trimestral,-8.185904593675623,0.0447800975467047,23
50077229,2025-06-01,2025-08-31,trimestral,-0.5382444104515027,0.1034980177892804,24
50077229,2025-07-01,2025-09-30,trimestral,-0.6284878910873383,0.1426564167347427,21
50077229,2025-08-01,2025-10-31,trimestral,-0.6222901245784456,0.159191860999516,17
50077229,2025-09-01,2025-11-30,trimestral,,,13
50077229,2025-10-01,2025-12-31,trimestral,-4.600041048217458,0.0108020718236244,15
50077229,2025-11-01,2026-01-31,trimestral,-0.9332635648287548,0.0006422401584993,14
50077229,2025-12-01,2026-02-28,trimestral,0.6861048776120241,0.0003378695658753,14
50077229,2026-01-01,2026-03-31,trimestral,,,10
50077229,2026-02-01,2026-04-30,trimestral,,,7
50077229,2024-01-01,2024-06-30,semestral,1.4229365302610588,0.1013743395493945,56
50077229,2024-02-01,2024-07-31,semestral,1.4306349106499363,0.0870423970140888,52
50077229,2024-03-01,2024-08-31,semestral,1.7100889586961998,0.1119200223974972,54
50077229,2024-04-01,2024-09-30,semestral,2.0551673710366565,0.1059099598301568,52
50077229,2024-05-01,2024-10-31,semestral,1.702689603205919,0.0503995341327371,53
50077229,2024-06-01,2024-11-30,semestral,1.7783234917558228,0.0535271559351244,52
50077229,2024-07-01,2024-12-31,semestral,2.2564071458628545,0.0657195688061735,49
50077229,2024-08-01,2025-01-31,semestral,2.263569986441215,0.056569046346919,50
50077229,2024-09-01,2025-02-28,semestral,4.182476451281791,0.0929877939375584,45
50077229,2024-10-01,2025-03-31,semestral,3.9967175734251033,0.1248224288876911,41
50077229,2024-11-01,2025-04-30,semestral,3.882014088320725,0.0993511958827476,40
50077229,2024-12-01,2025-05-31,semestral,4.005833478236764,0.0421770104577108,41
50077229,2025-01-01,2025-06-30,semestral,3.724479525168535,0.0365726458303946,40
50077229,2025-02-01,2025-07-31,semestral,1.480848672207041,0.0080132560035052,39
50077229,2025-03-01,2025-08-31,semestral,-0.5123420690044053,0.0537950686298891,44
50077229,2025-04-01,2025-09-30,semestral,-0.6199288263395005,0.0731901059523388,42
50077229,2025-05-01,2025-10-31,semestral,-0.4881366438156072,0.0550764828747978,40
50077229,2025-06-01,2025-11-30,semestral,-0.5909651233180764,0.0822127796599768,37
50077229,2025-07-01,2025-12-31,semestral,-0.66734066214534,0.0983952261403031,36
50077229,2025-08-01,2026-01-31,semestral,-0.596030385320214,0.0807203061744055,31
50077229,2025-09-01,2026-02-28,semestral,-2.2929810305837366,0.0016090714755974,27
50077229,2025-10-01,2026-03-31,semestral,-2.887262774340167,0.0026747043136206,25
50077229,2025-11-01,2026-04-30,semestral,1.332796876511544,0.0010491639861652,21
50084493,2024-01-01,2024-01-31,mensual,,,1
50084493,2024-02-01,2024-02-29,mensual,1.0141079614096045,0.4315246126835127,8
50084493,2024-03-01,2024-03-31,mensual,1.0208483427435795,0.8118640578120406,3
50084493,2024-04-01,2024-04-30,mensual,,,2
50084493,2024-05-01,2024-05-31,mensual,0.3489367307028986,1.0,3
50084493,2024-06-01,2024-06-30,mensual,,,1
50084493,2024-07-01,2024-07-31,mensual,,,3
50084493,2024-08-01,2024-08-31,mensual,-11.150133533786844,0.9867494832587484,4
50084493,2024-09-01,2024-09-30,mensual,0.4532652842969593,0.0916270781900662,4
50084493,2024-10-01,2024-10-31,mensual,1.061372697038784,0.2304953819710268,4
50084493,2024-11-01,2024-11-30,mensual,-0.4124236297778214,0.2101054390867238,7
50084493,2024-12-01,2024-12-31,mensual,,,3
50084493,2025-01-01,2025-01-31,mensual,-0.3696719193192314,0.2614468832753543,4
50084493,2025-02-01,2025-02-28,mensual,,,3
50084493,2025-03-01,2025-03-31,mensual,0.4283265850583497,0.0712463612032117,4
50084493,2025-04-01,2025-04-30,mensual,5.350285877829034,0.7185579237141734,4
50084493,2025-05-01,2025-05-31,mensual,3.1012005200832444,0.4487684595004184,5
50084493,2025-06-01,2025-06-30,mensual,0.8814205150991515,0.1482364761317121,7
50084493,2025-07-01,2025-07-31,mensual,,,4
50084493,2025-08-01,2025-08-31,mensual,-0.657166906317106,0.1128313525063192,7
50084493,2025-09-01,2025-09-30,mensual,-1.5101273580920092,0.6090719812581352,8
50084493,2025-10-01,2025-10-31,mensual,-0.4762145824154425,0.1937281342625545,4
50084493,2025-11-01,2025-11-30,mensual,0.5171694399745401,1.0,2
50084493,2025-12-01,2025-12-31,mensual,0.5191669360799613,0.1816695521136885,3
50084493,2026-01-01,2026-01-31,mensual,-0.3027576815370806,0.0672647411356099,7
50084493,2026-02-01,2026-02-28,mensual,0.8426774635597016,1.0,2
50084493,2026-03-01,2026-03-31,mensual,-15.384562786060656,0.829386005798664,3
50084493,2026-04-01,2026-04-30,mensual,0.4961931025565754,0.1053882788361019,5
50084493,2024-01-01,2024-03-31,trimestral,0.591984322033682,0.1529308720943356,12
50084493,2024-02-01,2024-04-30,trimestral,0.5959407598282631,0.2766128340877193,13
50084493,2024-03-01,2024-05-31,trimestral,0.4153409916981525,0.2694284165669895,8
50084493,2024-04-01,2024-06-30,trimestral,0.090048343244164,0.0249338615553487,6
50084493,2024-05-01,2024-07-31,trimestral,-0.0321604922365525,0.0002950221758507,7
50084493,2024-06-01,2024-08-31,trimestral,-11.952191137095564,0.206487705467621,8
50084493,2024-07-01,2024-09-30,trimestral,0.2646278950744294,0.0197234508829784,11
50084493,2024-08-01,2024-10-31,trimestral,0.5365991609027436,0.1080868998185472,12
50084493,2024-09-01,2024-11-30,trimestral,0.2879570118529635,0.0413802036633345,15
50084493,2024-10-01,2024-12-31,trimestral,0.3798802552342677,0.077244489049802,14
50084493,2024-11-01,2025-01-31,trimestral,0.0221550353389629,0.0004504012923098,14
50084493,2024-12-01,2025-02-28,trimestral,0.096113143761018,0.0048673585105548,10
50084493,2025-01-01,2025-03-31,trimestral,-0.0182316159993714,0.0001786233000786,11
50084493,2025-02-01,2025-04-30,trimestral,1.1217566066671265,0.1461845456122186,11
50084493,2025-03-01,2025-05-31,trimestral,1.5666570446104604,0.2289090190720036,13
50084493,2025-04-01,2025-06-30,trimestral,1.7563444109520714,0.2545725903217265,16
50084493,2025-05-01,2025-07-31,trimestral,1.6282742087775706,0.261544165091612,16
50084493,2025-06-01,2025-08-31,trimestral,0.4234804723860983,0.0393724279026711,18
50084493,2025-07-01,2025-09-30,trimestral,-0.4685307131013706,0.0543348949968995,19
50084493,2025-08-01,2025-10-31,trimestral,-0.9812381200632292,0.309257652469608,19
50084493,2025-09-01,2025-11-30,trimestral,-0.7954730359314144,0.2803136229849733,14
50084493,2025-10-01,2025-12-31,trimestral,0.1915933166049206,0.026069916036684,9
50084493,2025-11-01,2026-01-31,trimestral,-0.0401336547032275,0.0010957919377984,12
50084493,2025-12-01,2026-02-28,trimestral,0.2356072228066589,0.0185042795941083,12
50084493,2026-01-01,2026-03-31,trimestral,0.1900569326445219,0.0166838144414138,12
50084493,2026-02-01,2026-04-30,trimestral,1.1408475192195766,0.4348244552512903,10
50084493,2024-01-01,2024-06-30,semestral,0.4917167979208544,0.1325495735248417,18
50084493,2024-02-01,2024-07-31,semestral,0.4349892532731281,0.1124043949439062,20
50084493,2024-03-01,2024-08-31,semestral,0.2707926809854692,0.0447788554195731,16
50084493,2024-04-01,2024-09-30,semestral,0.2147179647637646,0.017526864525207,17
50084493,2024-05-01,2024-10-31,semestral,0.3547385209245272,0.0426500592613849,19
50084493,2024-06-01,2024-11-30,semestral,0.3005128302123064,0.039420747014838,23
50084493,2024-07-01,2024-12-31,semestral,0.3629029780829174,0.0547224885108735,25
50084493,2024-08-01,2025-01-31,semestral,0.3175738948897278,0.0566543878258426,26
50084493,2024-09-01,2025-02-28,semestral,0.2416346344354587,0.0315462637037735,25
50084493,2024-10-01,2025-03-31,semestral,0.1800343862246404,0.0168992480209912,25
50084493,2024-11-01,2025-04-30,semestral,0.1019664695581644,0.0051040065126134,25
50084493,2024-12-01,2025-05-31,semestral,0.5599490253361848,0.0585793956012808,23
50084493,2025-01-01,2025-06-30,semestral,0.5336960627377763,0.058187384555997,27
50084493,2025-02-01,2025-07-31,semestral,1.4404915731309635,0.2124564620179807,27
50084493,2025-03-01,2025-08-31,semestral,0.7380652061801837,0.0855026711345513,31
50084493,2025-04-01,2025-09-30,semestral,0.1165701414267415,0.0024221859602346,35
50084493,2025-05-01,2025-10-31,semestral,0.037020722234016,0.0003268264355761,35
50084493,2025-06-01,2025-11-30,semestral,-0.0398988630213465,0.0005259688333699,32
50084493,2025-07-01,2025-12-31,semestral,-0.2440146848556565,0.0213284881254681,28
50084493,2025-08-01,2026-01-31,semestral,-0.5529615458924555,0.1301273738576392,31
50084493,2025-09-01,2026-02-28,semestral,-0.2724911972839035,0.0284932510928632,26
50084493,2025-10-01,2026-03-31,semestral,0.0953321035378406,0.0043038308834671,21
50084493,2025-11-01,2026-04-30,semestral,0.2118417795194574,0.0202990228023342,22
50086321,2024-01-01,2024-01-31,mensual,,,1
50086321,2024-02-01,2024-02-29,mensual,,,5
50086321,2024-03-01,2024-03-31,mensual,,,1
50086321,2024-04-01,2024-04-30,mensual,,,4
50086321,2024-05-01,2024-05-31,mensual,,,2
50086321,2024-06-01,2024-06-30,mensual,,,3
50086321,2024-07-01,2024-07-31,mensual,,,7
50086321,2024-08-01,2024-08-31,mensual,-3.5958393445162007,0.3333452587391696,4
50086321,2024-09-01,2024-09-30,mensual,,,3
50086321,2024-10-01,2024-10-31,mensual,0.0,,2
50086321,2024-11-01,2024-11-30,mensual,,,2
50086321,2024-12-01,2024-12-31,mensual,,,1
50086321,2025-02-01,2025-02-28,mensual,,,1
50086321,2025-03-01,2025-03-31,mensual,,,1
50086321,2025-05-01,2025-05-31,mensual,,,3
50086321,2025-06-01,2025-06-30,mensual,,,3
50086321,2025-07-01,2025-07-31,mensual,1.7825422909935067,0.1748126457932429,6
50086321,2025-08-01,2025-08-31,mensual,2.3229369444701664,0.8825158362740484,5
50086321,2025-09-01,2025-09-30,mensual,,,4
50086321,2025-10-01,2025-10-31,mensual,-1.3855494782049704,0.0204081632653059,8
50086321,2025-11-01,2025-11-30,mensual,,,3
50086321,2025-12-01,2025-12-31,mensual,9.698846347435374,1.0,3
50086321,2026-01-01,2026-01-31,mensual,0.2920828224272038,0.091550858888323,6
50086321,2026-02-01,2026-02-28,mensual,,,2
50086321,2026-03-01,2026-03-31,mensual,,,1
50086321,2026-04-01,2026-04-30,mensual,6.580425066580312,1.0,2
50086321,2024-01-01,2024-03-31,trimestral,1.0380437531599296,0.0622068806829807,7
50086321,2024-02-01,2024-04-30,trimestral,,,10
50086321,2024-03-01,2024-05-31,trimestral,,,7
50086321,2024-04-01,2024-06-30,trimestral,,,9
50086321,2024-05-01,2024-07-31,trimestral,,,12
50086321,2024-06-01,2024-08-31,trimestral,-4.243622948247821,0.3450732000105312,14
50086321,2024-07-01,2024-09-30,trimestral,-4.2436229482478325,0.3450732000105314,14
50086321,2024-08-01,2024-10-31,trimestral,-4.349717747181024,0.505883749680822,9
50086321,2024-09-01,2024-11-30,trimestral,-4.849423173717643,0.125,7
50086321,2024-10-01,2024-12-31,trimestral,-2.424711586858757,0.0624999999999998,5
50086321,2024-11-01,2025-01-31,trimestral,,,3
50086321,2024-12-01,2025-02-28,trimestral,,,2
50086321,2025-01-01,2025-03-31,trimestral,,,2
50086321,2025-02-01,2025-04-30,trimestral,,,2
50086321,2025-03-01,2025-05-31,trimestral,,,4
50086321,2025-04-01,2025-06-30,trimestral,,,6
50086321,2025-05-01,2025-07-31,trimestral,0.9869647342295136,0.0399644843727966,12
50086321,2025-06-01,2025-08-31,trimestral,1.6204929918122812,0.233410925941653,14
50086321,2025-07-01,2025-09-30,trimestral,1.6474436276243436,0.2417978018472846,15
50086321,2025-08-01,2025-10-31,trimestral,0.7325770627372917,0.0529477748263763,17
50086321,2025-09-01,2025-11-30,trimestral,-2.078324217307592,0.0178571428571425,15
50086321,2025-10-01,2025-12-31,trimestral,4.041185978098053,0.1736111111111116,14
50086321,2025-11-01,2026-01-31,trimestral,0.2234206013695784,0.0405928368916074,12
50086321,2025-12-01,2026-02-28,trimestral,0.2383014975544321,0.0472718699766684,11
50086321,2026-01-01,2026-03-31,trimestral,0.1983685952704239,0.038357006665826,9
50086321,2026-02-01,2026-04-30,trimestral,1.645106266645174,0.0624999999999998,5
50086321,2024-01-01,2024-06-30,semestral,1.21835778114837,0.0346590725770494,16
50086321,2024-02-01,2024-07-31,semestral,,,22
50086321,2024-03-01,2024-08-31,semestral,-4.414097395608999,0.3239827833967696,21
50086321,2024-04-01,2024-09-30,semestral,-4.336164994517332,0.3146694623671068,23
50086321,2024-05-01,2024-10-31,semestral,-4.4877849231609614,0.3676215887024737,21
50086321,2024-06-01,2024-11-30,semestral,-4.399475780488268,0.360449474606651,21
50086321,2024-07-01,2024-12-31,semestral,-4.477989021821886,0.3714989049953814,19
50086321,2024-08-01,2025-01-31,semestral,-4.496388054737171,0.5107690233029468,12
50086321,2024-09-01,2025-02-28,semestral,-3.637067380288353,0.0625,9
50086321,2024-10-01,2025-03-31,semestral,-1.616474391239264,0.0277777777777779,7
50086321,2024-11-01,2025-04-30,semestral,,,5
50086321,2024-12-01,2025-05-31,semestral,,,6
50086321,2025-01-01,2025-06-30,semestral,,,8
50086321,2025-02-01,2025-07-31,semestral,0.8351240058865096,0.0272724821991935,14
50086321,2025-03-01,2025-08-31,semestral,1.1883615273290078,0.1118569703984885,18
50086321,2025-04-01,2025-09-30,semestral,1.206290230724961,0.1090196236565639,21
50086321,2025-05-01,2025-10-31,semestral,0.8244998426343632,0.0456448952512196,29
50086321,2025-06-01,2025-11-30,semestral,0.8244998426343605,0.0456448952512196,29
50086321,2025-07-01,2025-12-31,semestral,0.8814726522402945,0.0536303242804443,29
50086321,2025-08-01,2026-01-31,semestral,0.3084852977273919,0.0373018280386768,29
50086321,2025-09-01,2026-02-28,semestral,0.1840844687210497,0.0168611165999249,26
50086321,2025-10-01,2026-03-31,semestral,0.1604571280839837,0.0162352765109943,23
50086321,2025-11-01,2026-04-30,semestral,0.2199831687477322,0.0321810213792839,17
50086323,2024-01-01,2024-01-31,mensual,,,1
50086323,2024-02-01,2024-02-29,mensual,,,2
50086323,2024-03-01,2024-03-31,mensual,,,2
50086323,2024-04-01,2024-04-30,mensual,,,3
50086323,2024-05-01,2024-05-31,mensual,,,1
50086323,2024-06-01,2024-06-30,mensual,,,2
50086323,2024-07-01,2024-07-31,mensual,,,1
50086323,2024-08-01,2024-08-31,mensual,0.0,,3
50086323,2024-09-01,2024-09-30,mensual,,,2
50086323,2024-10-01,2024-10-31,mensual,,,1
50086323,2024-11-01,2024-11-30,mensual,,,1
50086323,2024-12-01,2024-12-31,mensual,9.714260556389952,1.0,2
50086323,2025-01-01,2025-01-31,mensual,0.5164891016200839,0.6139458919397782,4
50086323,2025-02-01,2025-02-28,mensual,,,1
50086323,2025-03-01,2025-03-31,mensual,,,2
50086323,2025-04-01,2025-04-30,mensual,,,1
50086323,2024-01-01,2024-03-31,trimestral,,,5
50086323,2024-02-01,2024-04-30,trimestral,,,7
50086323,2024-03-01,2024-05-31,trimestral,,,6
50086323,2024-04-01,2024-06-30,trimestral,,,6
50086323,2024-05-01,2024-07-31,trimestral,,,4
50086323,2024-06-01,2024-08-31,trimestral,0.0,,6
50086323,2024-07-01,2024-09-30,trimestral,0.0,,6
50086323,2024-08-01,2024-10-31,trimestral,4.846749622988098,0.4000000000000001,6
50086323,2024-09-01,2024-11-30,trimestral,9.693499245976092,1.0,4
50086323,2024-10-01,2024-12-31,trimestral,0.1019910568802041,0.0105103499458319,4
50086323,2024-11-01,2025-01-31,trimestral,0.2406051313615708,0.0992578646215409,7
50086323,2024-12-01,2025-02-28,trimestral,-0.1423715788715293,0.0109148382208099,7
50086323,2025-01-01,2025-03-31,trimestral,-0.1189192625102028,0.0088372934168885,7
50086323,2025-02-01,2025-04-30,trimestral,,,4
50086323,2024-01-01,2024-06-30,semestral,,,11
50086323,2024-02-01,2024-07-31,semestral,,,11
50086323,2024-03-01,2024-08-31,semestral,-1.3967120732401133,0.0082644628099177,12
50086323,2024-04-01,2024-09-30,semestral,-1.396712073239796,0.0082644628099174,12
50086323,2024-05-01,2024-10-31,semestral,4.846749622988008,0.4444444444444444,10
50086323,2024-06-01,2024-11-30,semestral,4.846749622988008,0.4444444444444444,10
50086323,2024-07-01,2024-12-31,semestral,-0.2959605636399039,0.0842779902904479,10
50086323,2024-08-01,2025-01-31,semestral,0.1381916577830628,0.0275161723261501,13
50086323,2024-09-01,2025-02-28,semestral,-0.2469774114048796,0.039145825810239,11
50086323,2024-10-01,2025-03-31,semestral,-0.0798350860623216,0.0046115104705564,11
50086323,2024-11-01,2025-04-30,semestral,-0.1118351089563189,0.0082057589734451,11
50086324,2024-01-01,2024-01-31,mensual,0.0,,3
50086324,2024-02-01,2024-02-29,mensual,,,9
50086324,2024-03-01,2024-03-31,mensual,,,3
50086324,2024-04-01,2024-04-30,mensual,,,4
50086324,2024-05-01,2024-05-31,mensual,,,1
50086324,2024-06-01,2024-06-30,mensual,,,9
50086324,2024-07-01,2024-07-31,mensual,,,5
50086324,2024-08-01,2024-08-31,mensual,0.0442036992360012,5.512071224333948e-05,9
50086324,2024-09-01,2024-09-30,mensual,,,3
50086324,2024-10-01,2024-10-31,mensual,,,3
50086324,2024-11-01,2024-11-30,mensual,,,4
50086324,2024-12-01,2024-12-31,mensual,,,2
50086324,2025-01-01,2025-01-31,mensual,,,4
50086324,2025-02-01,2025-02-28,mensual,,,1
50086324,2025-03-01,2025-03-31,mensual,,,2
50086324,2025-05-01,2025-05-31,mensual,,,3
50086324,2025-06-01,2025-06-30,mensual,,,10
50086324,2025-07-01,2025-07-31,mensual,-0.818926773140429,0.1966239691361314,4
50086324,2025-08-01,2025-08-31,mensual,1.166185118553052,0.0488621845974697,12
50086324,2025-09-01,2025-09-30,mensual,,,3
50086324,2025-10-01,2025-10-31,mensual,,,3
50086324,2025-11-01,2025-11-30,mensual,0.0,,4
50086324,2025-12-01,2025-12-31,mensual,,,1
50086324,2026-02-01,2026-02-28,mensual,,,1
50086324,2026-03-01,2026-03-31,mensual,0.0,,3
50086324,2026-04-01,2026-04-30,mensual,,,3
50086324,2024-01-01,2024-03-31,trimestral,1.6968596301653809,0.0230195063534776,15
50086324,2024-02-01,2024-04-30,trimestral,,,16
50086324,2024-03-01,2024-05-31,trimestral,,,8
50086324,2024-04-01,2024-06-30,trimestral,,,14
50086324,2024-05-01,2024-07-31,trimestral,,,15
50086324,2024-06-01,2024-08-31,trimestral,0.0560070598819422,5.780510874708877e-05,23
50086324,2024-07-01,2024-09-30,trimestral,0.0555326142760846,6.708229437935032e-05,17
50086324,2024-08-01,2024-10-31,trimestral,0.136396087147234,0.0004137160962288,15
50086324,2024-09-01,2024-11-30,trimestral,,,10
50086324,2024-10-01,2024-12-31,trimestral,,,9
50086324,2024-11-01,2025-01-31,trimestral,,,10
50086324,2024-12-01,2025-02-28,trimestral,,,7
50086324,2025-01-01,2025-03-31,trimestral,,,7
50086324,2025-02-01,2025-04-30,trimestral,,,3
50086324,2025-03-01,2025-05-31,trimestral,,,5
50086324,2025-04-01,2025-06-30,trimestral,,,13
50086324,2025-05-01,2025-07-31,trimestral,-0.0545519693296362,0.0001428328458351,17
50086324,2025-06-01,2025-08-31,trimestral,0.4780129067278806,0.0080824054691561,26
50086324,2025-07-01,2025-09-30,trimestral,1.0966073407699144,0.0472040877802567,19
50086324,2025-08-01,2025-10-31,trimestral,0.774007898435081,0.0153792496970722,18
50086324,2025-09-01,2025-11-30,trimestral,-5.576736004595235,0.0800627600565865,10
50086324,2025-10-01,2025-12-31,trimestral,-3.239852984293323,0.111111111111111,8
50086324,2025-11-01,2026-01-31,trimestral,-3.239852984293329,0.1666666666666666,5
50086324,2025-12-01,2026-02-28,trimestral,,,2
50086324,2026-01-01,2026-03-31,trimestral,0.0,,4
50086324,2026-02-01,2026-04-30,trimestral,2.6328161605383245,0.16,7
50086324,2024-01-01,2024-06-30,semestral,2.570809080699925,0.0224194662184913,29
50086324,2024-02-01,2024-07-31,semestral,,,31
50086324,2024-03-01,2024-08-31,semestral,-0.0331494087971797,1.7703839236049568e-05,31
50086324,2024-04-01,2024-09-30,semestral,0.2037084367667263,0.0006103359292838,31
50086324,2024-05-01,2024-10-31,semestral,0.1244011519728012,0.0002349351114007,30
50086324,2024-06-01,2024-11-30,semestral,-0.0610601049771135,5.344206372892568e-05,33
50086324,2024-07-01,2024-12-31,semestral,-0.4168880533316944,0.0032994755175381,26
50086324,2024-08-01,2025-01-31,semestral,-0.2414636992321522,0.0010063657897222,25
50086324,2024-09-01,2025-02-28,semestral,,,17
50086324,2024-10-01,2025-03-31,semestral,,,16
50086324,2024-11-01,2025-04-30,semestral,,,13
50086324,2024-12-01,2025-05-31,semestral,,,12
50086324,2025-01-01,2025-06-30,semestral,,,20
50086324,2025-02-01,2025-07-31,semestral,-0.2031853746049084,0.0019121566693512,20
50086324,2025-03-01,2025-08-31,semestral,0.2945983851142767,0.0028028956536645,31
50086324,2025-04-01,2025-09-30,semestral,0.4955683475924424,0.0071876435158757,32
50086324,2025-05-01,2025-10-31,semestral,0.4010463135710613,0.0045637318899612,35
50086324,2025-06-01,2025-11-30,semestral,0.0857785493949213,0.0002173715886666,36
50086324,2025-07-01,2025-12-31,semestral,0.2803170482001926,0.0028149525851622,27
50086324,2025-08-01,2026-01-31,semestral,-0.0042193150108242,4.1804148009916286e-07,23
50086324,2025-09-01,2026-02-28,semestral,-5.4344609280859135,0.073572603888553,12
50086324,2025-10-01,2026-03-31,semestral,0.2457065962288142,0.002410049772568,12
50086324,2025-11-01,2026-04-30,semestral,0.3685598943431796,0.0040167496209466,12
50091396,2024-02-01,2024-02-29,mensual,,,1
50091396,2024-11-01,2024-11-30,mensual,,,1
50091396,2024-02-01,2024-04-30,trimestral,,,1
50091396,2024-09-01,2024-11-30,trimestral,,,1
50091396,2024-02-01,2024-07-31,semestral,,,1
50091396,2024-06-01,2024-11-30,semestral,,,1
50091398,2024-01-01,2024-01-31,mensual,,,1
50091398,2024-07-01,2024-07-31,mensual,,,2
50091398,2024-11-01,2024-11-30,mensual,,,2
50091398,2025-03-01,2025-03-31,mensual,,,1
50091398,2025-05-01,2025-05-31,mensual,,,1
50091398,2026-01-01,2026-01-31,mensual,,,1
50091398,2026-02-01,2026-02-28,mensual,,,1
50091398,2024-01-01,2024-03-31,trimestral,,,1
50091398,2024-05-01,2024-07-31,trimestral,,,2
50091398,2024-06-01,2024-08-31,trimestral,,,2
50091398,2024-07-01,2024-09-30,trimestral,,,2
50091398,2024-09-01,2024-11-30,trimestral,,,2
50091398,2024-10-01,2024-12-31,trimestral,,,2
50091398,2024-11-01,2025-01-31,trimestral,,,2
50091398,2025-01-01,2025-03-31,trimestral,,,1
50091398,2025-02-01,2025-04-30,trimestral,,,1
50091398,2025-03-01,2025-05-31,trimestral,0.0,,2
50091398,2025-04-01,2025-06-30,trimestral,,,1
50091398,2025-05-01,2025-07-31,trimestral,,,1
50091398,2025-11-01,2026-01-31,trimestral,,,1
50091398,2025-12-01,2026-02-28,trimestral,,,2
50091398,2024-01-01,2024-06-30,semestral,,,1
50091398,2024-02-01,2024-07-31,semestral,,,2
50091398,2024-03-01,2024-08-31,semestral,,,2
50091398,2024-04-01,2024-09-30,semestral,,,2
50091398,2024-05-01,2024-10-31,semestral,,,2
50091398,2024-06-01,2024-11-30,semestral,,,4
50091398,2024-07-01,2024-12-31,semestral,,,4
50091398,2024-08-01,2025-01-31,semestral,,,2
50091398,2024-09-01,2025-02-28,semestral,,,2
50091398,2024-10-01,2025-03-31,semestral,0.0,,3
50091398,2024-11-01,2025-04-30,semestral,0.0,,3
50091398,2024-12-01,2025-05-31,semestral,0.0,,2
50091398,2025-01-01,2025-06-30,semestral,0.0,,2
50091398,2025-02-01,2025-07-31,semestral,0.0,,2
50091398,2025-03-01,2025-08-31,semestral,0.0,,2
50091398,2025-04-01,2025-09-30,semestral,,,1
50091398,2025-05-01,2025-10-31,semestral,,,1
50091398,2025-08-01,2026-01-31,semestral,,,1
50091398,2025-09-01,2026-02-28,semestral,,,2
50091402,2024-05-01,2024-05-31,mensual,,,1
50091402,2024-06-01,2024-06-30,mensual,,,1
50091403,2024-09-01,2024-09-30,mensual,,,1
50091403,2024-10-01,2024-10-31,mensual,,,1
50091403,2024-11-01,2024-11-30,mensual,,,1
50091403,2026-02-01,2026-02-28,mensual,,,1
50091403,2024-09-01,2024-11-30,trimestral,,,3
50091403,2024-10-01,2024-12-31,trimestral,,,2
50091403,2024-11-01,2025-01-31,trimestral,,,1
50091403,2025-12-01,2026-02-28,trimestral,,,1
50091403,2024-09-01,2025-02-28,semestral,,,3
50091403,2024-10-01,2025-03-31,semestral,,,2
50091403,2024-11-01,2025-04-30,semestral,,,1
50091403,2025-09-01,2026-02-28,semestral,,,1
50091404,2024-11-01,2024-11-30,mensual,,,1
50091405,2024-02-01,2024-02-29,mensual,,,1
50091405,2024-05-01,2024-05-31,mensual,,,1
50091405,2024-02-01,2024-04-30,trimestral,,,1
50091405,2024-03-01,2024-05-31,trimestral,,,1
50091407,2024-02-01,2024-02-29,mensual,,,1
50091407,2024-03-01,2024-03-31,mensual,,,1
50091407,2024-04-01,2024-04-30,mensual,,,2
50091407,2024-05-01,2024-05-31,mensual,,,2
50091407,2024-08-01,2024-08-31,mensual,,,1
50091407,2024-12-01,2024-12-31,mensual,,,1
50091407,2025-01-01,2025-01-31,mensual,,,1
50091407,2025-02-01,2025-02-28,mensual,,,1
50091407,2025-03-01,2025-03-31,mensual,,,1
50091407,2025-06-01,2025-06-30,mensual,,,1
50091407,2025-10-01,2025-10-31,mensual,,,2
50091407,2025-12-01,2025-12-31,mensual,,,1
50091407,2026-04-01,2026-04-30,mensual,,,1
50091407,2024-02-01,2024-04-30,trimestral,,,4
50091407,2024-03-01,2024-05-31,trimestral,,,5
50091407,2024-04-01,2024-06-30,trimestral,,,4
50091407,2024-05-01,2024-07-31,trimestral,,,2
50091407,2024-06-01,2024-08-31,trimestral,,,1
50091407,2024-07-01,2024-09-30,trimestral,,,1
50091407,2024-08-01,2024-10-31,trimestral,,,1
50091407,2024-10-01,2024-12-31,trimestral,,,1
50091407,2024-11-01,2025-01-31,trimestral,,,2
50091407,2024-12-01,2025-02-28,trimestral,,,3
50091407,2025-01-01,2025-03-31,trimestral,,,3
50091407,2025-02-01,2025-04-30,trimestral,,,2
50091407,2025-03-01,2025-05-31,trimestral,,,1
50091407,2025-04-01,2025-06-30,trimestral,,,1
50091407,2025-05-01,2025-07-31,trimestral,,,1
50091407,2025-06-01,2025-08-31,trimestral,,,1
50091407,2025-08-01,2025-10-31,trimestral,,,2
50091407,2025-09-01,2025-11-30,trimestral,,,2
50091407,2025-10-01,2025-12-31,trimestral,,,3
50091407,2025-11-01,2026-01-31,trimestral,,,1
50091407,2025-12-01,2026-02-28,trimestral,,,1
50091407,2026-02-01,2026-04-30,trimestral,,,1
50091407,2024-02-01,2024-07-31,semestral,,,6
50091407,2024-03-01,2024-08-31,semestral,,,6
50091407,2024-04-01,2024-09-30,semestral,,,5
50091407,2024-05-01,2024-10-31,semestral,,,3
50091407,2024-06-01,2024-11-30,semestral,,,1
50091407,2024-07-01,2024-12-31,semestral,,,2
50091407,2024-08-01,2025-01-31,semestral,,,3
50091407,2024-09-01,2025-02-28,semestral,,,3
50091407,2024-10-01,2025-03-31,semestral,,,4
50091407,2024-11-01,2025-04-30,semestral,,,4
50091407,2024-12-01,2025-05-31,semestral,,,4
50091407,2025-01-01,2025-06-30,semestral,-6.277324893561249,0.1111915234152652,4
50091407,2025-02-01,2025-07-31,semestral,-9.414284555448054,0.2501017603177494,3
50091407,2025-03-01,2025-08-31,semestral,-18.823461506909247,1.0,2
50091407,2025-04-01,2025-09-30,semestral,,,1
50091407,2025-05-01,2025-10-31,semestral,,,3
50091407,2025-06-01,2025-11-30,semestral,,,3
50091407,2025-07-01,2025-12-31,semestral,,,3
50091407,2025-08-01,2026-01-31,semestral,,,3
50091407,2025-09-01,2026-02-28,semestral,,,3
50091407,2025-10-01,2026-03-31,semestral,,,3
50091407,2025-11-01,2026-04-30,semestral,,,2
50095272,2024-01-01,2024-01-31,mensual,-0.5018843468050758,0.0047414008753374,7
50095272,2024-02-01,2024-02-29,mensual,,,3
50095272,2024-03-01,2024-03-31,mensual,4.528250590041883,0.0889882887858605,4
50095272,2024-04-01,2024-04-30,mensual,-3501.116146883884,0.6108229873921752,3
50095272,2024-05-01,2024-05-31,mensual,,,2
50095272,2024-07-01,2024-07-31,mensual,0.0,,2
50095272,2024-08-01,2024-08-31,mensual,,,1
50095272,2024-01-01,2024-03-31,trimestral,0.1525230070574428,0.0002377188259837,14
50095272,2024-02-01,2024-04-30,trimestral,5.128007813969497,0.0579201933760014,10
50095272,2024-03-01,2024-05-31,trimestral,4.569299947701987,0.0487539069227663,9
50095272,2024-04-01,2024-06-30,trimestral,,,5
50095272,2024-05-01,2024-07-31,trimestral,0.0,,4
50095272,2024-06-01,2024-08-31,trimestral,0.0,,3
50095272,2024-01-01,2024-06-30,semestral,0.1833587905521723,0.0002544221574285,19
50095272,2024-02-01,2024-07-31,semestral,1.436061407408732,0.0073578291190676,14
50095272,2024-03-01,2024-08-31,semestral,0.8451347164831156,0.041486668024177,12
50096451,2024-01-01,2024-01-31,mensual,0.0,,2
50096451,2024-02-01,2024-02-29,mensual,,,5
50096451,2024-03-01,2024-03-31,mensual,,,2
50096451,2024-04-01,2024-04-30,mensual,-4.8478248540611055,0.1249281723279087,7
50096451,2024-05-01,2024-05-31,mensual,,,5
50096451,2024-06-01,2024-06-30,mensual,8.0991753057895,0.1686529609376448,5
50096451,2024-07-01,2024-07-31,mensual,,,5
50096451,2024-08-01,2024-08-31,mensual,-12.822211298690863,1.0,2
50096451,2024-09-01,2024-09-30,mensual,,,2
50096451,2024-10-01,2024-10-31,mensual,,,4
50096451,2024-11-01,2024-11-30,mensual,,,8
50096451,2024-12-01,2024-12-31,mensual,-5.820030925161844,0.0692307692307691,11
50096451,2025-01-01,2025-01-31,mensual,,,5
50096451,2025-02-01,2025-02-28,mensual,,,6
50096451,2025-03-01,2025-03-31,mensual,-5.727316003724181,0.2300665921079536,6
50096451,2025-04-01,2025-04-30,mensual,3.3331007946188347,0.0130707453902265,10
50096451,2025-05-01,2025-05-31,mensual,,,3
50096451,2025-07-01,2025-07-31,mensual,,,3
50096451,2025-08-01,2025-08-31,mensual,,,1
50096451,2025-09-01,2025-09-30,mensual,,,1
50096451,2025-10-01,2025-10-31,mensual,,,2
50096451,2025-11-01,2025-11-30,mensual,,,1
50096451,2025-12-01,2025-12-31,mensual,,,4
50096451,2026-01-01,2026-01-31,mensual,-1.2126467403666632,0.0156250000000001,9
50096451,2026-02-01,2026-02-28,mensual,,,4
50096451,2026-03-01,2026-03-31,mensual,,,4
50096451,2026-04-01,2026-04-30,mensual,,,4
50096451,2024-01-01,2024-03-31,trimestral,1.066511691559318,0.0357273427947666,9
50096451,2024-02-01,2024-04-30,trimestral,-3.7277462541443183,0.0426806515218688,14
50096451,2024-03-01,2024-05-31,trimestral,-5.966270870330428,0.1024960999068862,14
50096451,2024-04-01,2024-06-30,trimestral,1.221267106034957,0.0042284227079245,17
50096451,2024-05-01,2024-07-31,trimestral,9.426882412608512,0.1236766631959229,15
50096451,2024-06-01,2024-08-31,trimestral,5.837828083520482,0.0677842986068707,12
50096451,2024-07-01,2024-09-30,trimestral,2.540274285033869,0.0080194418520057,9
50096451,2024-08-01,2024-10-31,trimestral,0.9418270058318085,0.0014499320683245,8
50096451,2024-09-01,2024-11-30,trimestral,0.0509571389201711,0.0002042292760588,14
50096451,2024-10-01,2024-12-31,trimestral,-0.1781748612288684,0.0026219517940295,23
50096451,2024-11-01,2025-01-31,trimestral,-0.4161506193388673,0.0013137800655894,24
50096451,2024-12-01,2025-02-28,trimestral,-6.545190612350575,0.0488453409086337,22
50096451,2025-01-01,2025-03-31,trimestral,-6.3684353248111725,0.1338291707167227,17
50096451,2025-02-01,2025-04-30,trimestral,-0.4502456476646983,0.0015570413922718,22
50096451,2025-03-01,2025-05-31,trimestral,0.1721905358071475,0.0001550571405556,19
50096451,2025-04-01,2025-06-30,trimestral,4.116209156414869,0.0182840215755117,13
50096451,2025-05-01,2025-07-31,trimestral,1.759737374787423,0.047609188653079,6
50096451,2025-06-01,2025-08-31,trimestral,,,4
50096451,2025-07-01,2025-09-30,trimestral,,,5
50096451,2025-08-01,2025-10-31,trimestral,,,4
50096451,2025-09-01,2025-11-30,trimestral,,,4
50096451,2025-10-01,2025-12-31,trimestral,,,7
50096451,2025-11-01,2026-01-31,trimestral,-4.409024918743144,0.0181268566303289,14
50096451,2025-12-01,2026-02-28,trimestral,-4.188852190459816,0.0155739673733579,17
50096451,2026-01-01,2026-03-31,trimestral,-3.386293285785159,0.0245175432141755,17
50096451,2026-02-01,2026-04-30,trimestral,,,12
50096451,2024-01-01,2024-06-30,semestral,2.338711881353796,0.0442724052296665,26
50096451,2024-02-01,2024-07-31,semestral,2.8079126145286777,0.0140752188342775,29
50096451,2024-03-01,2024-08-31,semestral,2.071972733880336,0.009576063214741,26
50096451,2024-04-01,2024-09-30,semestral,1.6507828055863392,0.0053898055383957,26
50096451,2024-05-01,2024-10-31,semestral,5.6531572794708485,0.0473085346011022,23
50096451,2024-06-01,2024-11-30,semestral,0.3618084047081269,0.0078501009219762,26
50096451,2024-07-01,2024-12-31,semestral,0.2122448909363299,0.0046979850010859,32
50096451,2024-08-01,2025-01-31,semestral,0.5615488852307979,0.0289032645157145,32
50096451,2024-09-01,2025-02-28,semestral,-0.0089830237239599,6.442898963454624e-06,36
50096451,2024-10-01,2025-03-31,semestral,-0.3701832834165301,0.0080592568201738,40
50096451,2024-11-01,2025-04-30,semestral,-0.3791248037707868,0.0011422382132942,46
50096451,2024-12-01,2025-05-31,semestral,-0.8895713167031951,0.0062560902786412,41
50096451,2025-01-01,2025-06-30,semestral,-0.9372042836204596,0.0072119415904561,30
50096451,2025-02-01,2025-07-31,semestral,-0.1817694811594474,0.0005061923831439,28
50096451,2025-03-01,2025-08-31,semestral,-0.1247914516608316,0.0002201952101054,23
50096451,2025-04-01,2025-09-30,semestral,-0.7462327333154714,0.005757669597436,18
50096451,2025-05-01,2025-10-31,semestral,0.9437580180507996,0.0124028579492326,10
50096451,2025-06-01,2025-11-30,semestral,,,8
50096451,2025-07-01,2025-12-31,semestral,,,12
50096451,2025-08-01,2026-01-31,semestral,-4.277409919529382,0.0147273772923591,18
50096451,2025-09-01,2026-02-28,semestral,-4.121188390207068,0.0130687653896699,21
50096451,2025-10-01,2026-03-31,semestral,-5.0958624882868495,0.0176044917086874,24
50096451,2025-11-01,2026-04-30,semestral,-4.460389814395978,0.0140124186275715,26
50097680,2024-01-01,2024-01-31,mensual,,,1
50097680,2024-03-01,2024-03-31,mensual,,,2
50097680,2024-06-01,2024-06-30,mensual,,,1
50097680,2024-07-01,2024-07-31,mensual,,,1
50097680,2024-08-01,2024-08-31,mensual,-2.353449932779096,0.651785234096589,5
50097680,2024-09-01,2024-09-30,mensual,,,1
50097680,2025-01-01,2025-01-31,mensual,,,1
50097680,2025-02-01,2025-02-28,mensual,,,1
50097680,2025-03-01,2025-03-31,mensual,,,2
50097680,2025-08-01,2025-08-31,mensual,8.41264638351437,1.0,2
50097680,2025-09-01,2025-09-30,mensual,,,3
50097680,2025-12-01,2025-12-31,mensual,,,1
50097680,2026-01-01,2026-01-31,mensual,,,1
50097680,2026-03-01,2026-03-31,mensual,,,2
50097680,2024-01-01,2024-03-31,trimestral,,,3
50097680,2024-02-01,2024-04-30,trimestral,,,2
50097680,2024-03-01,2024-05-31,trimestral,,,2
50097680,2024-04-01,2024-06-30,trimestral,,,1
50097680,2024-05-01,2024-07-31,trimestral,,,2
50097680,2024-06-01,2024-08-31,trimestral,-2.19606565302949,0.5160862821413501,7
50097680,2024-07-01,2024-09-30,trimestral,-2.1960656530295077,0.5160862821413501,7
50097680,2024-08-01,2024-10-31,trimestral,-2.532409562176252,0.6813967936760417,6
50097680,2024-09-01,2024-11-30,trimestral,,,1
50097680,2024-11-01,2025-01-31,trimestral,,,1
50097680,2024-12-01,2025-02-28,trimestral,,,2
50097680,2025-01-01,2025-03-31,trimestral,,,4
50097680,2025-02-01,2025-04-30,trimestral,,,3
50097680,2025-03-01,2025-05-31,trimestral,,,2
50097680,2025-06-01,2025-08-31,trimestral,8.41264638351437,1.0,2
50097680,2025-07-01,2025-09-30,trimestral,15.60340337489643,0.4849913348371154,5
50097680,2025-08-01,2025-10-31,trimestral,15.60340337489643,0.4849913348371154,5
50097680,2025-09-01,2025-11-30,trimestral,,,3
50097680,2025-10-01,2025-12-31,trimestral,,,1
50097680,2025-11-01,2026-01-31,trimestral,,,2
50097680,2025-12-01,2026-02-28,trimestral,,,2
50097680,2026-01-01,2026-03-31,trimestral,,,3
50097680,2024-01-01,2024-06-30,semestral,,,4
50097680,2024-02-01,2024-07-31,semestral,,,4
50097680,2024-03-01,2024-08-31,semestral,-2.4470936776743666,0.5480659561641117,9
50097680,2024-04-01,2024-09-30,semestral,-2.342153793834791,0.5344022841206973,8
50097680,2024-05-01,2024-10-31,semestral,-2.342153793834791,0.5344022841206973,8
50097680,2024-06-01,2024-11-30,semestral,-2.342153793834791,0.5344022841206973,8
50097680,2024-07-01,2024-12-31,semestral,-2.1960656530295077,0.5160862821413501,7
50097680,2024-08-01,2025-01-31,semestral,-2.196065653029489,0.5160862821413501,7
50097680,2024-09-01,2025-02-28,semestral,,,3
50097680,2024-10-01,2025-03-31,semestral,,,4
50097680,2024-11-01,2025-04-30,semestral,,,4
50097680,2024-12-01,2025-05-31,semestral,,,4
50097680,2025-01-01,2025-06-30,semestral,,,4
50097680,2025-02-01,2025-07-31,semestral,,,3
50097680,2025-03-01,2025-08-31,semestral,18.000322372023447,0.637995620458031,4
50097680,2025-04-01,2025-09-30,semestral,15.60340337489643,0.4849913348371154,5
50097680,2025-05-01,2025-10-31,semestral,15.60340337489643,0.4849913348371154,5
50097680,2025-06-01,2025-11-30,semestral,15.60340337489643,0.4849913348371154,5
50097680,2025-07-01,2025-12-31,semestral,17.041554773172866,0.4936951203688641,6
50097680,2025-08-01,2026-01-31,semestral,18.000322372023675,0.5017648229122733,7
50097680,2025-09-01,2026-02-28,semestral,,,5
50097680,2025-10-01,2026-03-31,semestral,,,4
50097681,2024-02-01,2024-02-29,mensual,,,2
50097681,2024-05-01,2024-05-31,mensual,,,1
50097681,2024-06-01,2024-06-30,mensual,,,1
50097681,2024-07-01,2024-07-31,mensual,,,2
50097681,2024-08-01,2024-08-31,mensual,,,3
50097681,2024-09-01,2024-09-30,mensual,,,1
50097681,2024-10-01,2024-10-31,mensual,,,1
50097681,2025-02-01,2025-02-28,mensual,,,1
50097681,2025-03-01,2025-03-31,mensual,,,1
50097681,2025-04-01,2025-04-30,mensual,,,1
50097681,2025-05-01,2025-05-31,mensual,,,1
50097681,2025-08-01,2025-08-31,mensual,-1.9434410437921583,1.0,3
50097681,2025-09-01,2025-09-30,mensual,,,3
50097681,2025-10-01,2025-10-31,mensual,,,1
50097681,2025-11-01,2025-11-30,mensual,,,1
50097681,2026-01-01,2026-01-31,mensual,,,1
50097681,2026-02-01,2026-02-28,mensual,,,1
50097681,2024-02-01,2024-04-30,trimestral,,,2
50097681,2024-03-01,2024-05-31,trimestral,,,1
50097681,2024-04-01,2024-06-30,trimestral,,,2
50097681,2024-05-01,2024-07-31,trimestral,,,4
50097681,2024-06-01,2024-08-31,trimestral,,,6
50097681,2024-07-01,2024-09-30,trimestral,12.391469019174473,0.1382209625522203,6
50097681,2024-08-01,2024-10-31,trimestral,12.282484148774971,0.1314341291907588,5
50097681,2024-09-01,2024-11-30,trimestral,25.654817001547567,1.0,2
50097681,2024-10-01,2024-12-31,trimestral,,,1
50097681,2024-12-01,2025-02-28,trimestral,,,1
50097681,2025-01-01,2025-03-31,trimestral,0.0,,2
50097681,2025-02-01,2025-04-30,trimestral,0.0,,3
50097681,2025-03-01,2025-05-31,trimestral,0.0,,3
50097681,2025-04-01,2025-06-30,trimestral,,,2
50097681,2025-05-01,2025-07-31,trimestral,,,1
50097681,2025-06-01,2025-08-31,trimestral,-1.9434410437921583,1.0,3
50097681,2025-07-01,2025-09-30,trimestral,-1.9434410437921477,1.0,6
50097681,2025-08-01,2025-10-31,trimestral,-1.943441043792163,1.0,7
50097681,2025-09-01,2025-11-30,trimestral,,,5
50097681,2025-10-01,2025-12-31,trimestral,,,2
50097681,2025-11-01,2026-01-31,trimestral,,,2
50097681,2025-12-01,2026-02-28,trimestral,,,2
50097681,2024-02-01,2024-07-31,semestral,,,6
50097681,2024-03-01,2024-08-31,semestral,,,7
50097681,2024-04-01,2024-09-30,semestral,16.18099701413884,0.179234925874506,8
50097681,2024-05-01,2024-10-31,semestral,17.365224512564485,0.1920543452595805,9
50097681,2024-06-01,2024-11-30,semestral,16.180997014138846,0.1792349258745061,8
50097681,2024-07-01,2024-12-31,semestral,14.602027016236404,0.1621439660581045,7
50097681,2024-08-01,2025-01-31,semestral,12.282484148774971,0.1314341291907588,5
50097681,2024-09-01,2025-02-28,semestral,25.654817001547716,1.0,3
50097681,2024-10-01,2025-03-31,semestral,0.0,,3
50097681,2024-11-01,2025-04-30,semestral,0.0,,3
50097681,2024-12-01,2025-05-31,semestral,0.0,,4
50097681,2025-01-01,2025-06-30,semestral,0.0,,4
50097681,2025-02-01,2025-07-31,semestral,0.0,,4
50097681,2025-03-01,2025-08-31,semestral,-1.8043076431172016,0.9656073906986784,6
50097681,2025-04-01,2025-09-30,semestral,-1.943441043792156,1.0,8
50097681,2025-05-01,2025-10-31,semestral,-1.943441043792158,1.0,8
50097681,2025-06-01,2025-11-30,semestral,-1.943441043792144,1.0,8
50097681,2025-07-01,2025-12-31,semestral,-1.943441043792144,1.0,8
50097681,2025-08-01,2026-01-31,semestral,-1.9434410437921767,1.0,9
50097681,2025-09-01,2026-02-28,semestral,,,7
50097682,2024-01-01,2024-01-31,mensual,,,1
50097682,2024-04-01,2024-04-30,mensual,,,1
50097682,2024-06-01,2024-06-30,mensual,,,1
50097682,2024-07-01,2024-07-31,mensual,,,1
50097682,2024-08-01,2024-08-31,mensual,-1.2479654449002406,0.1180499875360532,5
50097682,2024-10-01,2024-10-31,mensual,,,1
50097682,2024-11-01,2024-11-30,mensual,,,1
50097682,2025-02-01,2025-02-28,mensual,,,1
50097682,2025-06-01,2025-06-30,mensual,,,1
50097682,2025-07-01,2025-07-31,mensual,,,1
50097682,2025-08-01,2025-08-31,mensual,,,3
50097682,2025-09-01,2025-09-30,mensual,,,1
50097682,2025-10-01,2025-10-31,mensual,,,2
50097682,2025-11-01,2025-11-30,mensual,,,2
50097682,2026-01-01,2026-01-31,mensual,,,1
50097682,2026-02-01,2026-02-28,mensual,,,1
50097682,2024-01-01,2024-03-31,trimestral,,,1
50097682,2024-02-01,2024-04-30,trimestral,,,1
50097682,2024-03-01,2024-05-31,trimestral,,,1
50097682,2024-04-01,2024-06-30,trimestral,,,2
50097682,2024-05-01,2024-07-31,trimestral,,,2
50097682,2024-06-01,2024-08-31,trimestral,-0.73647209868838,0.0454183138761369,7
50097682,2024-07-01,2024-09-30,trimestral,-0.9298667164071586,0.0696456054134271,6
50097682,2024-08-01,2024-10-31,trimestral,-1.4833792761239406,0.1654356203218324,6
50097682,2024-09-01,2024-11-30,trimestral,,,2
50097682,2024-10-01,2024-12-31,trimestral,,,2
50097682,2024-11-01,2025-01-31,trimestral,,,1
50097682,2024-12-01,2025-02-28,trimestral,,,1
50097682,2025-01-01,2025-03-31,trimestral,,,1
50097682,2025-02-01,2025-04-30,trimestral,,,1
50097682,2025-04-01,2025-06-30,trimestral,,,1
50097682,2025-05-01,2025-07-31,trimestral,,,2
50097682,2025-06-01,2025-08-31,trimestral,,,5
50097682,2025-07-01,2025-09-30,trimestral,,,5
50097682,2025-08-01,2025-10-31,trimestral,,,6
50097682,2025-09-01,2025-11-30,trimestral,,,5
50097682,2025-10-01,2025-12-31,trimestral,,,4
50097682,2025-11-01,2026-01-31,trimestral,,,3
50097682,2025-12-01,2026-02-28,trimestral,,,2
50097682,2024-01-01,2024-06-30,semestral,,,3
50097682,2024-02-01,2024-07-31,semestral,,,3
50097682,2024-03-01,2024-08-31,semestral,-0.9786477707183664,0.0730578516525913,8
50097682,2024-04-01,2024-09-30,semestral,-0.9786477707183664,0.0730578516525913,8
50097682,2024-05-01,2024-10-31,semestral,-0.978647770718363,0.073057851652591,8
50097682,2024-06-01,2024-11-30,semestral,-1.152603769044898,0.0952461588385596,9
50097682,2024-07-01,2024-12-31,semestral,-1.3507163716528987,0.1331235617843894,8
50097682,2024-08-01,2025-01-31,semestral,-1.62648436384559,0.1979195804127952,7
50097682,2024-09-01,2025-02-28,semestral,,,3
50097682,2024-10-01,2025-03-31,semestral,,,3
50097682,2024-11-01,2025-04-30,semestral,,,2
50097682,2024-12-01,2025-05-31,semestral,,,1
50097682,2025-01-01,2025-06-30,semestral,,,2
50097682,2025-02-01,2025-07-31,semestral,,,3
50097682,2025-03-01,2025-08-31,semestral,,,5
50097682,2025-04-01,2025-09-30,semestral,,,6
50097682,2025-05-01,2025-10-31,semestral,,,8
50097682,2025-06-01,2025-11-30,semestral,,,10
50097682,2025-07-01,2025-12-31,semestral,,,9
50097682,2025-08-01,2026-01-31,semestral,,,9
50097682,2025-09-01,2026-02-28,semestral,,,7
50097683,2024-02-01,2024-02-29,mensual,,,2
50097683,2024-05-01,2024-05-31,mensual,,,1
50097683,2024-06-01,2024-06-30,mensual,,,1
50097683,2024-08-01,2024-08-31,mensual,-2.375660444342025,0.9999999912069724,4
50097683,2024-11-01,2024-11-30,mensual,,,1
50097683,2025-01-01,2025-01-31,mensual,,,3
50097683,2025-05-01,2025-05-31,mensual,,,1
50097683,2025-06-01,2025-06-30,mensual,,,1
50097683,2025-07-01,2025-07-31,mensual,,,2
50097683,2025-08-01,2025-08-31,mensual,,,2
50097683,2025-09-01,2025-09-30,mensual,,,1
50097683,2025-10-01,2025-10-31,mensual,,,2
50097683,2026-01-01,2026-01-31,mensual,,,1
50097683,2026-02-01,2026-02-28,mensual,,,1
50097683,2026-03-01,2026-03-31,mensual,,,1
50097683,2024-02-01,2024-04-30,trimestral,,,2
50097683,2024-03-01,2024-05-31,trimestral,,,1
50097683,2024-04-01,2024-06-30,trimestral,,,2
50097683,2024-05-01,2024-07-31,trimestral,,,2
50097683,2024-06-01,2024-08-31,trimestral,-3.1458742165400446,0.5266841630505097,5
50097683,2024-07-01,2024-09-30,trimestral,-2.375660444342025,0.9999999912069724,4
50097683,2024-08-01,2024-10-31,trimestral,-2.375660444342025,0.9999999912069724,4
50097683,2024-09-01,2024-11-30,trimestral,,,1
50097683,2024-10-01,2024-12-31,trimestral,,,1
50097683,2024-11-01,2025-01-31,trimestral,,,4
50097683,2024-12-01,2025-02-28,trimestral,,,3
50097683,2025-01-01,2025-03-31,trimestral,,,3
50097683,2025-03-01,2025-05-31,trimestral,,,1
50097683,2025-04-01,2025-06-30,trimestral,,,2
50097683,2025-05-01,2025-07-31,trimestral,,,4
50097683,2025-06-01,2025-08-31,trimestral,,,5
50097683,2025-07-01,2025-09-30,trimestral,,,5
50097683,2025-08-01,2025-10-31,trimestral,,,5
50097683,2025-09-01,2025-11-30,trimestral,,,3
50097683,2025-10-01,2025-12-31,trimestral,,,2
50097683,2025-11-01,2026-01-31,trimestral,,,1
50097683,2025-12-01,2026-02-28,trimestral,,,2
50097683,2026-01-01,2026-03-31,trimestral,,,3
50097683,2024-02-01,2024-07-31,semestral,,,4
50097683,2024-03-01,2024-08-31,semestral,-3.607977964735206,0.4879542464342538,6
50097683,2024-04-01,2024-09-30,semestral,-3.607977964735206,0.4879542464342538,6
50097683,2024-05-01,2024-10-31,semestral,-3.607977964735206,0.4879542464342538,6
50097683,2024-06-01,2024-11-30,semestral,-3.607977964735213,0.4879542464342536,6
50097683,2024-07-01,2024-12-31,semestral,-3.1458742165400504,0.5266841630505098,5
50097683,2024-08-01,2025-01-31,semestral,-4.1360740219182,0.479303689594462,8
50097683,2024-09-01,2025-02-28,semestral,,,4
50097683,2024-10-01,2025-03-31,semestral,,,4
50097683,2024-11-01,2025-04-30,semestral,,,4
50097683,2024-12-01,2025-05-31,semestral,,,4
50097683,2025-01-01,2025-06-30,semestral,,,5
50097683,2025-02-01,2025-07-31,semestral,,,4
50097683,2025-03-01,2025-08-31,semestral,,,6
50097683,2025-04-01,2025-09-30,semestral,,,7
50097683,2025-05-01,2025-10-31,semestral,,,9
50097683,2025-06-01,2025-11-30,semestral,,,8
50097683,2025-07-01,2025-12-31,semestral,,,7
50097683,2025-08-01,2026-01-31,semestral,,,6
50097683,2025-09-01,2026-02-28,semestral,,,5
50097683,2025-10-01,2026-03-31,semestral,,,5
50097684,2024-10-01,2024-10-31,mensual,,,0
50097684,2025-01-01,2025-01-31,mensual,,,1
50097684,2025-05-01,2025-05-31,mensual,,,1
50097684,2025-07-01,2025-07-31,mensual,,,1
50097684,2025-09-01,2025-09-30,mensual,,,1
50097684,2026-01-01,2026-01-31,mensual,,,1
50097684,2024-10-01,2024-12-31,trimestral,,,0
50097684,2024-11-01,2025-01-31,trimestral,,,1
50097684,2024-12-01,2025-02-28,trimestral,,,1
50097684,2025-01-01,2025-03-31,trimestral,,,1
50097684,2025-03-01,2025-05-31,trimestral,,,1
50097684,2025-04-01,2025-06-30,trimestral,,,1
50097684,2025-05-01,2025-07-31,trimestral,0.0,,2
50097684,2025-06-01,2025-08-31,trimestral,,,1
50097684,2025-07-01,2025-09-30,trimestral,0.0,,2
50097684,2025-08-01,2025-10-31,trimestral,,,1
50097684,2025-09-01,2025-11-30,trimestral,,,1
50097684,2025-11-01,2026-01-31,trimestral,,,1
50097684,2024-10-01,2025-03-31,semestral,,,1
50097684,2024-11-01,2025-04-30,semestral,,,1
50097684,2024-12-01,2025-05-31,semestral,,,2
50097684,2025-01-01,2025-06-30,semestral,,,2
50097684,2025-02-01,2025-07-31,semestral,0.0,,2
50097684,2025-03-01,2025-08-31,semestral,0.0,,2
50097684,2025-04-01,2025-09-30,semestral,0.0,,3
50097684,2025-05-01,2025-10-31,semestral,0.0,,3
50097684,2025-06-01,2025-11-30,semestral,0.0,,2
50097684,2025-07-01,2025-12-31,semestral,0.0,,2
50097684,2025-08-01,2026-01-31,semestral,,,2
50097685,2024-03-01,2024-03-31,mensual,,,3
50097685,2024-09-01,2024-09-30,mensual,,,1
50097685,2025-02-01,2025-02-28,mensual,,,1
50097685,2025-11-01,2025-11-30,mensual,,,1
50097685,2024-03-01,2024-05-31,trimestral,,,3
50097685,2024-07-01,2024-09-30,trimestral,,,1
50097685,2024-08-01,2024-10-31,trimestral,,,1
50097685,2024-09-01,2024-11-30,trimestral,,,1
50097685,2024-12-01,2025-02-28,trimestral,,,1
50097685,2025-01-01,2025-03-31,trimestral,,,1
50097685,2025-02-01,2025-04-30,trimestral,,,1
50097685,2025-09-01,2025-11-30,trimestral,,,1
50097685,2024-03-01,2024-08-31,semestral,,,3
50097685,2024-04-01,2024-09-30,semestral,,,1
50097685,2024-05-01,2024-10-31,semestral,,,1
50097685,2024-06-01,2024-11-30,semestral,,,1
50097685,2024-07-01,2024-12-31,semestral,,,1
50097685,2024-08-01,2025-01-31,semestral,,,1
50097685,2024-09-01,2025-02-28,semestral,-14.345355755718575,1.0,2
50097685,2024-10-01,2025-03-31,semestral,,,1
50097685,2024-11-01,2025-04-30,semestral,,,1
50097685,2024-12-01,2025-05-31,semestral,,,1
50097685,2025-01-01,2025-06-30,semestral,,,1
50097685,2025-02-01,2025-07-31,semestral,,,1
50097685,2025-06-01,2025-11-30,semestral,,,1
50097687,2025-05-01,2025-05-31,mensual,,,1
50097687,2026-01-01,2026-01-31,mensual,,,2
50097687,2026-02-01,2026-02-28,mensual,,,1
50097687,2025-05-01,2025-07-31,trimestral,,,1
50097687,2025-11-01,2026-01-31,trimestral,,,2
50097687,2025-12-01,2026-02-28,trimestral,,,3
50097687,2025-05-01,2025-10-31,semestral,,,1
50097687,2025-08-01,2026-01-31,semestral,,,2
50097687,2025-09-01,2026-02-28,semestral,,,3
50097688,2024-01-01,2024-01-31,mensual,,,2
50097688,2024-04-01,2024-04-30,mensual,,,1
50097688,2025-06-01,2025-06-30,mensual,,,1
50097688,2025-10-01,2025-10-31,mensual,,,1
50097688,2025-11-01,2025-11-30,mensual,,,1
50097688,2026-02-01,2026-02-28,mensual,,,1
50097688,2026-04-01,2026-04-30,mensual,,,1
50097688,2024-01-01,2024-03-31,trimestral,,,2
50097688,2024-02-01,2024-04-30,trimestral,,,1
50097688,2024-03-01,2024-05-31,trimestral,,,1
50097688,2024-04-01,2024-06-30,trimestral,,,1
50097688,2025-04-01,2025-06-30,trimestral,,,1
50097688,2025-05-01,2025-07-31,trimestral,,,1
50097688,2025-06-01,2025-08-31,trimestral,,,1
50097688,2025-08-01,2025-10-31,trimestral,,,1
50097688,2025-09-01,2025-11-30,trimestral,,,2
50097688,2025-10-01,2025-12-31,trimestral,,,2
50097688,2025-11-01,2026-01-31,trimestral,,,1
50097688,2025-12-01,2026-02-28,trimestral,,,1
50097688,2026-01-01,2026-03-31,trimestral,,,1
50097688,2026-02-01,2026-04-30,trimestral,,,2
50097688,2024-01-01,2024-06-30,semestral,,,3
50097688,2024-02-01,2024-07-31,semestral,,,1
50097688,2024-03-01,2024-08-31,semestral,,,1
50097688,2024-04-01,2024-09-30,semestral,,,1
50097688,2025-01-01,2025-06-30,semestral,,,1
50097688,2025-02-01,2025-07-31,semestral,,,1
50097688,2025-03-01,2025-08-31,semestral,,,1
50097688,2025-04-01,2025-09-30,semestral,,,1
50097688,2025-05-01,2025-10-31,semestral,,,2
50097688,2025-06-01,2025-11-30,semestral,,,3
50097688,2025-07-01,2025-12-31,semestral,,,2
50097688,2025-08-01,2026-01-31,semestral,,,2
50097688,2025-09-01,2026-02-28,semestral,,,3
50097688,2025-10-01,2026-03-31,semestral,,,3
50097688,2025-11-01,2026-04-30,semestral,,,3
50097689,2024-06-01,2024-06-30,mensual,,,1
50097689,2024-08-01,2024-08-31,mensual,,,1
50097689,2024-10-01,2024-10-31,mensual,,,1
50097689,2025-02-01,2025-02-28,mensual,,,1
50097689,2025-04-01,2025-04-30,mensual,,,1
50097689,2024-06-01,2024-08-31,trimestral,,,2
50097689,2024-07-01,2024-09-30,trimestral,,,1
50097689,2024-08-01,2024-10-31,trimestral,,,2
50097689,2024-09-01,2024-11-30,trimestral,,,1
50097689,2024-10-01,2024-12-31,trimestral,,,1
50097689,2024-12-01,2025-02-28,trimestral,,,1
50097689,2025-01-01,2025-03-31,trimestral,,,1
50097689,2025-02-01,2025-04-30,trimestral,,,2
50097689,2024-06-01,2024-11-30,semestral,,,3
50097689,2024-07-01,2024-12-31,semestral,,,2
50097689,2024-08-01,2025-01-31,semestral,,,2
50097689,2024-09-01,2025-02-28,semestral,0.0,,2
50097689,2024-10-01,2025-03-31,semestral,0.0,,2
50097689,2024-11-01,2025-04-30,semestral,,,2
50097690,2024-01-01,2024-01-31,mensual,,,1
50097690,2024-07-01,2024-07-31,mensual,,,1
50097690,2024-09-01,2024-09-30,mensual,,,1
50097690,2024-11-01,2024-11-30,mensual,,,1
50097690,2025-04-01,2025-04-30,mensual,,,1
50097690,2025-09-01,2025-09-30,mensual,,,1
50097690,2026-04-01,2026-04-30,mensual,,,1
50097690,2024-01-01,2024-03-31,trimestral,,,1
50097690,2024-05-01,2024-07-31,trimestral,,,1
50097690,2024-06-01,2024-08-31,trimestral,,,1
50097690,2024-07-01,2024-09-30,trimestral,,,2
50097690,2024-08-01,2024-10-31,trimestral,,,1
50097690,2024-09-01,2024-11-30,trimestral,,,2
50097690,2024-10-01,2024-12-31,trimestral,,,1
50097690,2024-11-01,2025-01-31,trimestral,,,1
50097690,2025-02-01,2025-04-30,trimestral,,,1
50097690,2025-03-01,2025-05-31,trimestral,,,1
50097690,2025-04-01,2025-06-30,trimestral,,,1
50097690,2025-07-01,2025-09-30,trimestral,,,1
50097690,2025-08-01,2025-10-31,trimestral,,,1
50097690,2025-09-01,2025-11-30,trimestral,,,1
50097690,2026-02-01,2026-04-30,trimestral,,,1
50097690,2024-01-01,2024-06-30,semestral,,,1
50097690,2024-02-01,2024-07-31,semestral,,,1
50097690,2024-03-01,2024-08-31,semestral,,,1
50097690,2024-04-01,2024-09-30,semestral,,,2
50097690,2024-05-01,2024-10-31,semestral,,,2
50097690,2024-06-01,2024-11-30,semestral,,,3
50097690,2024-07-01,2024-12-31,semestral,,,3
50097690,2024-08-01,2025-01-31,semestral,,,2
50097690,2024-09-01,2025-02-28,semestral,,,2
50097690,2024-10-01,2025-03-31,semestral,,,1
50097690,2024-11-01,2025-04-30,semestral,14.327982726311324,1.0,2
50097690,2024-12-01,2025-05-31,semestral,,,1
50097690,2025-01-01,2025-06-30,semestral,,,1
50097690,2025-02-01,2025-07-31,semestral,,,1
50097690,2025-03-01,2025-08-31,semestral,,,1
50097690,2025-04-01,2025-09-30,semestral,,,2
50097690,2025-05-01,2025-10-31,semestral,,,1
50097690,2025-06-01,2025-11-30,semestral,,,1
50097690,2025-07-01,2025-12-31,semestral,,,1
50097690,2025-08-01,2026-01-31,semestral,,,1
50097690,2025-09-01,2026-02-28,semestral,,,1
50097690,2025-11-01,2026-04-30,semestral,,,1
50099560,2024-01-01,2024-01-31,mensual,-0.4720346307682856,0.0676840593629583,15
50099560,2024-02-01,2024-02-29,mensual,0.676282505826759,0.1418734197669969,9
50099560,2024-03-01,2024-03-31,mensual,,,8
50099560,2024-04-01,2024-04-30,mensual,-0.1137992305744542,0.007510499861822,8
50099560,2024-05-01,2024-05-31,mensual,21.176728028062435,0.4421385568425392,6
50099560,2024-06-01,2024-06-30,mensual,,,6
50099560,2024-07-01,2024-07-31,mensual,0.484792344359198,0.191689157793355,4
50099560,2024-08-01,2024-08-31,mensual,,,10
50099560,2024-09-01,2024-09-30,mensual,32.05405177683699,0.8928571428571429,3
50099560,2024-11-01,2024-11-30,mensual,,,2
50099560,2025-03-01,2025-03-31,mensual,,,1
50099560,2024-01-01,2024-03-31,trimestral,0.3415036883300889,0.025051121861561,32
50099560,2024-02-01,2024-04-30,trimestral,0.5438902936153148,0.0689444647149992,25
50099560,2024-03-01,2024-05-31,trimestral,-0.1049380318484581,0.0016141746057255,22
50099560,2024-04-01,2024-06-30,trimestral,-0.0544390658696191,0.0005586262899522,20
50099560,2024-05-01,2024-07-31,trimestral,0.3223588005791261,0.0174515310997184,16
50099560,2024-06-01,2024-08-31,trimestral,-0.016279733051285,2.587932768616241e-05,20
50099560,2024-07-01,2024-09-30,trimestral,-0.1655985117176754,0.0031164214274908,17
50099560,2024-08-01,2024-10-31,trimestral,10.541822606371063,0.030019948894593,13
50099560,2024-09-01,2024-11-30,trimestral,30.16542599757194,0.7060360163280659,5
50099560,2024-10-01,2024-12-31,trimestral,,,2
50099560,2024-11-01,2025-01-31,trimestral,,,2
50099560,2025-01-01,2025-03-31,trimestral,,,1
50099560,2024-01-01,2024-06-30,semestral,0.3211461799514624,0.019869382455446,52
50099560,2024-02-01,2024-07-31,semestral,0.5195356893300721,0.0570115770064051,41
50099560,2024-03-01,2024-08-31,semestral,-0.069276483361861,0.0005699282916969,42
50099560,2024-04-01,2024-09-30,semestral,-0.1000141306785523,0.0013530659126422,37
50099560,2024-05-01,2024-10-31,semestral,0.0617132089592128,0.0002675551804466,29
50099560,2024-06-01,2024-11-30,semestral,0.0723221444561389,0.0004264862555544,25
50099560,2024-07-01,2024-12-31,semestral,-0.0951535332367808,0.000925516349272,19
50099560,2024-08-01,2025-01-31,semestral,13.073734854735983,0.0378046875264198,15
50099560,2024-09-01,2025-02-28,semestral,30.16542599757194,0.7060360163280659,5
50099560,2024-10-01,2025-03-31,semestral,,,3
50101278,2024-02-01,2024-02-29,mensual,,,2
50101278,2024-03-01,2024-03-31,mensual,,,1
50101278,2024-04-01,2024-04-30,mensual,,,1
50101278,2024-08-01,2024-08-31,mensual,0.1112649740945009,0.0005024602759714,5
50101278,2024-09-01,2024-09-30,mensual,,,2
50101278,2024-10-01,2024-10-31,mensual,,,3
50101278,2024-11-01,2024-11-30,mensual,,,3
50101278,2024-12-01,2024-12-31,mensual,,,1
50101278,2025-02-01,2025-02-28,mensual,,,1
50101278,2025-03-01,2025-03-31,mensual,,,1
50101278,2025-06-01,2025-06-30,mensual,,,5
50101278,2025-07-01,2025-07-31,mensual,,,2
50101278,2025-08-01,2025-08-31,mensual,,,1
50101278,2025-09-01,2025-09-30,mensual,,,1
50101278,2025-10-01,2025-10-31,mensual,,,1
50101278,2025-11-01,2025-11-30,mensual,,,1
50101278,2026-02-01,2026-02-28,mensual,,,2
50101278,2026-03-01,2026-03-31,mensual,,,2
50101278,2026-04-01,2026-04-30,mensual,,,1
50101278,2024-02-01,2024-04-30,trimestral,,,4
50101278,2024-03-01,2024-05-31,trimestral,,,2
50101278,2024-04-01,2024-06-30,trimestral,,,1
50101278,2024-06-01,2024-08-31,trimestral,0.1112649740945009,0.0005024602759714,5
50101278,2024-07-01,2024-09-30,trimestral,-0.0974605734027929,0.0004006025858511,7
50101278,2024-08-01,2024-10-31,trimestral,0.088948802619164,0.0002039788636372,10
50101278,2024-09-01,2024-11-30,trimestral,,,8
50101278,2024-10-01,2024-12-31,trimestral,-5.460416403746407,0.0269788871628815,7
50101278,2024-11-01,2025-01-31,trimestral,0.0,,4
50101278,2024-12-01,2025-02-28,trimestral,,,2
50101278,2025-01-01,2025-03-31,trimestral,,,2
50101278,2025-02-01,2025-04-30,trimestral,,,2
50101278,2025-03-01,2025-05-31,trimestral,,,1
50101278,2025-04-01,2025-06-30,trimestral,,,5
50101278,2025-05-01,2025-07-31,trimestral,,,7
50101278,2025-06-01,2025-08-31,trimestral,,,8
50101278,2025-07-01,2025-09-30,trimestral,,,4
50101278,2025-08-01,2025-10-31,trimestral,,,3
50101278,2025-09-01,2025-11-30,trimestral,,,3
50101278,2025-10-01,2025-12-31,trimestral,,,2
50101278,2025-11-01,2026-01-31,trimestral,,,1
50101278,2025-12-01,2026-02-28,trimestral,,,2
50101278,2026-01-01,2026-03-31,trimestral,,,4
50101278,2026-02-01,2026-04-30,trimestral,7.294568006235455,0.37749499403638,5
50101278,2024-02-01,2024-07-31,semestral,,,4
50101278,2024-03-01,2024-08-31,semestral,0.0745997453593659,0.0001863125650304,7
50101278,2024-04-01,2024-09-30,semestral,0.1531436440829686,0.0009669176458759,8
50101278,2024-05-01,2024-10-31,semestral,0.088948802619164,0.0002039788636372,10
50101278,2024-06-01,2024-11-30,semestral,-0.3632002011330835,0.003196845213771,13
50101278,2024-07-01,2024-12-31,semestral,-0.5783490468444115,0.0083970739418971,14
50101278,2024-08-01,2025-01-31,semestral,-0.5783490468444115,0.0083970739418971,14
50101278,2024-09-01,2025-02-28,semestral,-5.719843118749681,0.0494871838520126,10
50101278,2024-10-01,2025-03-31,semestral,-5.506286514413766,0.0617264284424331,9
50101278,2024-11-01,2025-04-30,semestral,0.0,,6
50101278,2024-12-01,2025-05-31,semestral,,,3
50101278,2025-01-01,2025-06-30,semestral,,,7
50101278,2025-02-01,2025-07-31,semestral,,,9
50101278,2025-03-01,2025-08-31,semestral,,,9
50101278,2025-04-01,2025-09-30,semestral,,,9
50101278,2025-05-01,2025-10-31,semestral,,,10
50101278,2025-06-01,2025-11-30,semestral,,,11
50101278,2025-07-01,2025-12-31,semestral,,,6
50101278,2025-08-01,2026-01-31,semestral,,,4
50101278,2025-09-01,2026-02-28,semestral,,,5
50101278,2025-10-01,2026-03-31,semestral,,,6
50101278,2025-11-01,2026-04-30,semestral,7.778802346335034,0.4025541941386757,6
50102476,2024-05-01,2024-05-31,mensual,,,2
50102476,2024-07-01,2024-07-31,mensual,,,1
50102476,2024-08-01,2024-08-31,mensual,,,1
50102476,2024-10-01,2024-10-31,mensual,,,1
50102476,2025-02-01,2025-02-28,mensual,,,2
50102476,2025-06-01,2025-06-30,mensual,,,1
50102476,2025-09-01,2025-09-30,mensual,,,1
50102476,2024-05-01,2024-07-31,trimestral,,,3
50102476,2024-06-01,2024-08-31,trimestral,-8.520011965548651,1.0,2
50102476,2024-07-01,2024-09-30,trimestral,-8.520011965548651,1.0,2
50102476,2024-08-01,2024-10-31,trimestral,-8.520011965548601,1.0,2
50102476,2024-09-01,2024-11-30,trimestral,,,1
50102476,2024-10-01,2024-12-31,trimestral,,,1
50102476,2024-12-01,2025-02-28,trimestral,,,2
50102476,2025-01-01,2025-03-31,trimestral,,,2
50102476,2025-02-01,2025-04-30,trimestral,,,2
50102476,2025-04-01,2025-06-30,trimestral,,,1
50102476,2025-05-01,2025-07-31,trimestral,,,1
50102476,2025-06-01,2025-08-31,trimestral,,,1
50102476,2025-07-01,2025-09-30,trimestral,,,1
50102476,2024-05-01,2024-10-31,semestral,-8.520011965548646,1.0,5
50102476,2024-06-01,2024-11-30,semestral,-8.520011965548587,1.0,3
50102476,2024-07-01,2024-12-31,semestral,-8.520011965548587,1.0,3
50102476,2024-08-01,2025-01-31,semestral,-8.520011965548601,1.0,2
50102476,2024-09-01,2025-02-28,semestral,,,3
50102476,2024-10-01,2025-03-31,semestral,,,3
50102476,2024-11-01,2025-04-30,semestral,,,2
50102476,2024-12-01,2025-05-31,semestral,,,2
50102476,2025-01-01,2025-06-30,semestral,,,3
50102476,2025-02-01,2025-07-31,semestral,,,3
50102476,2025-03-01,2025-08-31,semestral,,,1
50102476,2025-04-01,2025-09-30,semestral,,,2
50106204,2024-01-01,2024-01-31,mensual,-25.605939498233088,1.0,2
50106204,2024-02-01,2024-02-29,mensual,-4.873267379336782,0.3900033919217114,4
50106204,2024-03-01,2024-03-31,mensual,0.9305870312628252,1.0,2
50106204,2024-04-01,2024-04-30,mensual,0.4943659539141684,0.762694421536453,4
50106204,2024-05-01,2024-05-31,mensual,-5.205360018497482,0.5204773100796659,4
50106204,2024-06-01,2024-06-30,mensual,,,2
50106204,2024-07-01,2024-07-31,mensual,18.097504635756348,0.9999999957785104,3
50106204,2024-08-01,2024-08-31,mensual,-2.8826380978030426,0.6371730963341015,5
50106204,2024-09-01,2024-09-30,mensual,-2.608224718153961,0.0236692334920254,5
50106204,2024-10-01,2024-10-31,mensual,-15.327573350592322,0.4088426943593285,5
50106204,2024-11-01,2024-11-30,mensual,0.3942682733639271,0.023763730644708,4
50106204,2024-12-01,2024-12-31,mensual,-0.508256241473999,1.0,3
50106204,2025-01-01,2025-01-31,mensual,,,4
50106204,2025-02-01,2025-02-28,mensual,-5.603524034236394,0.8244253447987002,4
50106204,2025-03-01,2025-03-31,mensual,,,5
50106204,2025-04-01,2025-04-30,mensual,,,3
50106204,2025-05-01,2025-05-31,mensual,-2.8046971665582925,0.7892249118916282,4
50106204,2025-06-01,2025-06-30,mensual,4.08532971161857,0.75,3
50106204,2025-07-01,2025-07-31,mensual,,,2
50106204,2025-08-01,2025-08-31,mensual,-4.627071204558575,1.0,2
50106204,2025-09-01,2025-09-30,mensual,6.359634767133603,1.0,2
50106204,2025-10-01,2025-10-31,mensual,-0.030542997348552,3.256482845914732e-05,6
50106204,2025-11-01,2025-11-30,mensual,0.0753046812978265,8.389655448870492e-05,4
50106204,2025-12-01,2025-12-31,mensual,-28.1253774640681,1.0,2
50106204,2026-01-01,2026-01-31,mensual,,,5
50106204,2026-02-01,2026-02-28,mensual,,,2
50106204,2026-03-01,2026-03-31,mensual,,,3
50106204,2026-04-01,2026-04-30,mensual,-3.611515948656853,1.0,4
50106204,2024-01-01,2024-03-31,trimestral,-1.8364769265049496,0.127120720948086,8
50106204,2024-02-01,2024-04-30,trimestral,0.1732725548509454,0.0101972344865818,10
50106204,2024-03-01,2024-05-31,trimestral,0.1918257726065257,0.0255355675184554,10
50106204,2024-04-01,2024-06-30,trimestral,0.0546915283484335,0.0020452230076132,10
50106204,2024-05-01,2024-07-31,trimestral,-2.838666858331594,0.2759631974709046,9
50106204,2024-06-01,2024-08-31,trimestral,-2.4827816934626217,0.3242334752454687,10
50106204,2024-07-01,2024-09-30,trimestral,-1.9622273882541863,0.1126456713453082,13
50106204,2024-08-01,2024-10-31,trimestral,-2.6876344659547518,0.1619039870817534,15
50106204,2024-09-01,2024-11-30,trimestral,0.3191696446780283,0.00403233936942,14
50106204,2024-10-01,2024-12-31,trimestral,-0.2516374430958776,0.0115196605761208,12
50106204,2024-11-01,2025-01-31,trimestral,0.1407126246916736,0.0056516021362893,11
50106204,2024-12-01,2025-02-28,trimestral,-0.1208687465020181,0.0048737788242327,11
50106204,2025-01-01,2025-03-31,trimestral,0.7815147611062437,0.003909923715389,13
50106204,2025-02-01,2025-04-30,trimestral,-3.0246146650072103,0.072232217269858,12
50106204,2025-03-01,2025-05-31,trimestral,-3.025956655785065,0.3420959769852044,12
50106204,2025-04-01,2025-06-30,trimestral,-1.8061134028861876,0.1706968630807445,10
50106204,2025-05-01,2025-07-31,trimestral,-1.6229406781706337,0.1474877899828064,9
50106204,2025-06-01,2025-08-31,trimestral,-1.2208433154588254,0.0842942849270577,7
50106204,2025-07-01,2025-09-30,trimestral,-0.7973764599636924,0.0292859392987862,6
50106204,2025-08-01,2025-10-31,trimestral,-0.644812118232188,0.0186393896361084,10
50106204,2025-09-01,2025-11-30,trimestral,0.4844326812473646,0.0054011011123443,12
50106204,2025-10-01,2025-12-31,trimestral,0.4089313429724255,0.0041492639160065,12
50106204,2025-11-01,2026-01-31,trimestral,2.855264204048656,0.120519420956639,11
50106204,2025-12-01,2026-02-28,trimestral,1.4372803654104576,0.0590648455233386,9
50106204,2026-01-01,2026-03-31,trimestral,-2.0977138473025323,0.0424560297545647,10
50106204,2026-02-01,2026-04-30,trimestral,-1.5914041772188403,0.0403835027281204,9
50106204,2024-01-01,2024-06-30,semestral,-0.1732045870706354,0.0069423249139775,18
50106204,2024-02-01,2024-07-31,semestral,-0.2370763674575681,0.0137896465769039,19
50106204,2024-03-01,2024-08-31,semestral,-0.2773897738526186,0.0297175035070694,20
50106204,2024-04-01,2024-09-30,semestral,-0.2503437255940646,0.0200634117903085,23
50106204,2024-05-01,2024-10-31,semestral,-2.448519041191444,0.1770486541245706,24
50106204,2024-06-01,2024-11-30,semestral,-0.6493217537965333,0.0179033436501265,24
50106204,2024-07-01,2024-12-31,semestral,-0.4210474634372016,0.0174956818372702,25
50106204,2024-08-01,2025-01-31,semestral,-0.3097023515367118,0.0095757576241575,26
50106204,2024-09-01,2025-02-28,semestral,-0.0045472947657908,2.098919594351045e-06,25
50106204,2024-10-01,2025-03-31,semestral,-0.1253524573411954,0.0015553235434039,25
50106204,2024-11-01,2025-04-30,semestral,-0.1693192367201095,0.0031067536852694,23
50106204,2024-12-01,2025-05-31,semestral,-0.9215814307398092,0.0827979097571138,23
50106204,2025-01-01,2025-06-30,semestral,-1.474604725832658,0.0689241089762547,23
50106204,2025-02-01,2025-07-31,semestral,-2.2212929967156803,0.1494012680897141,21
50106204,2025-03-01,2025-08-31,semestral,-2.158194626428498,0.2138425094098763,19
50106204,2025-04-01,2025-09-30,semestral,-1.5139164058769492,0.1196054721468699,16
50106204,2025-05-01,2025-10-31,semestral,-0.943169878554166,0.0444975275663005,19
50106204,2025-06-01,2025-11-30,semestral,-0.3563725888556549,0.0040776621339858,19
50106204,2025-07-01,2025-12-31,semestral,0.0306578028554925,2.9015555356393108e-05,18
50106204,2025-08-01,2026-01-31,semestral,0.4989443023297214,0.0067635313498607,21
50106204,2025-09-01,2026-02-28,semestral,0.6587114132439208,0.0102041592012787,21
50106204,2025-10-01,2026-03-31,semestral,-0.1212025543156726,0.0002345796133931,22
50106204,2025-11-01,2026-04-30,semestral,0.3714581029761601,0.0020931713369836,20
50106603,2024-01-01,2024-01-31,mensual,,,1
50106603,2024-02-01,2024-02-29,mensual,,,1
50106603,2024-06-01,2024-06-30,mensual,0.0,,3
50106603,2024-07-01,2024-07-31,mensual,,,1
50106603,2024-08-01,2024-08-31,mensual,1.1973718871715713,1.0,2
50106603,2024-09-01,2024-09-30,mensual,,,1
50106603,2024-10-01,2024-10-31,mensual,,,1
50106603,2024-12-01,2024-12-31,mensual,,,1
50106603,2025-01-01,2025-01-31,mensual,,,2
50106603,2025-02-01,2025-02-28,mensual,,,3
50106603,2025-05-01,2025-05-31,mensual,,,2
50106603,2025-06-01,2025-06-30,mensual,-0.173516721250649,1.0,2
50106603,2025-07-01,2025-07-31,mensual,,,1
50106603,2025-09-01,2025-09-30,mensual,,,2
50106603,2025-10-01,2025-10-31,mensual,,,2
50106603,2025-11-01,2025-11-30,mensual,,,1
50106603,2026-03-01,2026-03-31,mensual,0.0,,2
50106603,2024-01-01,2024-03-31,trimestral,,,2
50106603,2024-02-01,2024-04-30,trimestral,,,1
50106603,2024-04-01,2024-06-30,trimestral,0.0,,3
50106603,2024-05-01,2024-07-31,trimestral,0.0,,4
50106603,2024-06-01,2024-08-31,trimestral,0.1807838538202118,0.0674080795688408,6
50106603,2024-07-01,2024-09-30,trimestral,0.323738657959611,0.1456548999956336,4
50106603,2024-08-01,2024-10-31,trimestral,1.1973718871715715,1.0,4
50106603,2024-09-01,2024-11-30,trimestral,,,2
50106603,2024-10-01,2024-12-31,trimestral,,,2
50106603,2024-11-01,2025-01-31,trimestral,,,3
50106603,2024-12-01,2025-02-28,trimestral,2.1933637247258577,0.1999999999999999,6
50106603,2025-01-01,2025-03-31,trimestral,0.0,,5
50106603,2025-02-01,2025-04-30,trimestral,,,3
50106603,2025-03-01,2025-05-31,trimestral,,,2
50106603,2025-04-01,2025-06-30,trimestral,0.1764842177394792,0.0604819376833688,4
50106603,2025-05-01,2025-07-31,trimestral,0.1331855136369892,0.0359507516113637,5
50106603,2025-06-01,2025-08-31,trimestral,-0.0794477481835719,0.2190675285216223,3
50106603,2025-07-01,2025-09-30,trimestral,-4.8961470608955775,1.0,3
50106603,2025-08-01,2025-10-31,trimestral,,,4
50106603,2025-09-01,2025-11-30,trimestral,,,5
50106603,2025-10-01,2025-12-31,trimestral,,,3
50106603,2025-11-01,2026-01-31,trimestral,,,1
50106603,2026-01-01,2026-03-31,trimestral,0.0,,2
50106603,2024-01-01,2024-06-30,semestral,-0.2652612630694922,0.1666666666666666,5
50106603,2024-02-01,2024-07-31,semestral,-0.1768408420463278,0.1666666666666667,5
50106603,2024-03-01,2024-08-31,semestral,0.1807838538202118,0.0674080795688408,6
50106603,2024-04-01,2024-09-30,semestral,0.1973103255799735,0.0887728883587402,7
50106603,2024-05-01,2024-10-31,semestral,0.2073058991975598,0.1046791973063017,8
50106603,2024-06-01,2024-11-30,semestral,0.2073058991975598,0.1046791973063017,8
50106603,2024-07-01,2024-12-31,semestral,0.2731861194553409,0.1235557722862924,6
50106603,2024-08-01,2025-01-31,semestral,1.1201707745288965,0.8574533009738292,7
50106603,2024-09-01,2025-02-28,semestral,1.3160182348355485,0.0857142857142856,8
50106603,2024-10-01,2025-03-31,semestral,1.645022793544375,0.1250000000000003,7
50106603,2024-11-01,2025-04-30,semestral,2.1933637247258577,0.1999999999999999,6
50106603,2024-12-01,2025-05-31,semestral,-1.0880883812374889,0.0352593908778392,8
50106603,2025-01-01,2025-06-30,semestral,0.4330589566843809,0.1583601988366306,9
50106603,2025-02-01,2025-07-31,semestral,0.3295614517457499,0.0971998980074206,8
50106603,2025-03-01,2025-08-31,semestral,0.1331855136369892,0.0359507516113637,5
50106603,2025-04-01,2025-09-30,semestral,0.2082352104527259,0.0426923136539435,7
50106603,2025-05-01,2025-10-31,semestral,0.2273200895870126,0.0438772522975713,9
50106603,2025-06-01,2025-11-30,semestral,0.2267839090880261,0.0507469910557423,8
50106603,2025-07-01,2025-12-31,semestral,-3.6604971174633874,0.4936951203688642,6
50106603,2025-08-01,2026-01-31,semestral,,,5
50106603,2025-09-01,2026-02-28,semestral,,,5
50106603,2025-10-01,2026-03-31,semestral,-4.84901184487518,0.1666666666666667,5
50107913,2024-01-01,2024-01-31,mensual,,,2
50107913,2024-02-01,2024-02-29,mensual,,,1
50107913,2024-03-01,2024-03-31,mensual,4.269266633766047e-16,,2
50107913,2024-04-01,2024-04-30,mensual,,,3
50107913,2024-05-01,2024-05-31,mensual,,,1
50107913,2024-07-01,2024-07-31,mensual,,,1
50107913,2024-08-01,2024-08-31,mensual,,,3
50107913,2024-10-01,2024-10-31,mensual,,,2
50107913,2025-02-01,2025-02-28,mensual,,,1
50107913,2025-03-01,2025-03-31,mensual,,,1
50107913,2025-04-01,2025-04-30,mensual,-1.688296966001117e-15,0.0,3
50107913,2025-05-01,2025-05-31,mensual,27.19099281390829,1.0,2
50107913,2025-06-01,2025-06-30,mensual,,,2
50107913,2025-08-01,2025-08-31,mensual,,,1
50107913,2025-09-01,2025-09-30,mensual,,,3
50107913,2025-11-01,2025-11-30,mensual,,,2
50107913,2025-12-01,2025-12-31,mensual,0.855373061837302,1.0,2
50107913,2026-01-01,2026-01-31,mensual,1.669233312220775,1.0,4
50107913,2026-03-01,2026-03-31,mensual,-0.1890953442721772,1.0,2
50107913,2024-01-01,2024-03-31,trimestral,0.7953751574339134,0.2795128150070355,5
50107913,2024-02-01,2024-04-30,trimestral,0.9031220781386012,0.3128514350230673,6
50107913,2024-03-01,2024-05-31,trimestral,0.7953690485692755,0.2999999999999999,6
50107913,2024-04-01,2024-06-30,trimestral,,,4
50107913,2024-05-01,2024-07-31,trimestral,0.3109060221576949,1.0,2
50107913,2024-06-01,2024-08-31,trimestral,0.6652375924428585,0.637995620458031,4
50107913,2024-07-01,2024-09-30,trimestral,0.6652375924428585,0.637995620458031,4
50107913,2024-08-01,2024-10-31,trimestral,,,5
50107913,2024-09-01,2024-11-30,trimestral,,,2
50107913,2024-10-01,2024-12-31,trimestral,,,2
50107913,2024-12-01,2025-02-28,trimestral,,,1
50107913,2025-01-01,2025-03-31,trimestral,-1.3421007839536048,1.0,2
50107913,2025-02-01,2025-04-30,trimestral,0.0751142999123036,0.0122884269465592,5
50107913,2025-03-01,2025-05-31,trimestral,0.0414512854169976,0.003635882010627,6
50107913,2025-04-01,2025-06-30,trimestral,0.1518223461065714,0.0309368763992503,7
50107913,2025-05-01,2025-07-31,trimestral,18.127328542603347,0.3333333333333333,4
50107913,2025-06-01,2025-08-31,trimestral,-13.595496406952767,0.2500000000000001,3
50107913,2025-07-01,2025-09-30,trimestral,,,4
50107913,2025-08-01,2025-10-31,trimestral,,,4
50107913,2025-09-01,2025-11-30,trimestral,,,5
50107913,2025-10-01,2025-12-31,trimestral,0.8553730618373017,1.0,4
50107913,2025-11-01,2026-01-31,trimestral,1.040244799891747,0.8685092386248898,8
50107913,2025-12-01,2026-02-28,trimestral,1.0267157396892812,0.8536573096987151,6
50107913,2026-01-01,2026-03-31,trimestral,1.2046511480975397,0.4276095534809589,6
50107913,2024-01-01,2024-06-30,semestral,0.8827048658182568,0.2802546900367793,9
50107913,2024-02-01,2024-07-31,semestral,0.6247853659111638,0.3155853028993594,8
50107913,2024-03-01,2024-08-31,semestral,0.6619100427850777,0.3329035360573642,10
50107913,2024-04-01,2024-09-30,semestral,0.6146187966878336,0.4056639308974006,8
50107913,2024-05-01,2024-10-31,semestral,0.6652375924428581,0.5017648229122733,7
50107913,2024-06-01,2024-11-30,semestral,0.7361039064998924,0.6664490627146,6
50107913,2024-07-01,2024-12-31,semestral,0.7361039064998924,0.6664490627146,6
50107913,2024-08-01,2025-01-31,semestral,,,5
50107913,2024-09-01,2025-02-28,semestral,0.0,,3
50107913,2024-10-01,2025-03-31,semestral,-1.1484220408450745,0.9721134420609346,4
50107913,2024-11-01,2025-04-30,semestral,0.0751142999123036,0.0122884269465592,5
50107913,2024-12-01,2025-05-31,semestral,0.0931698324676315,0.0156341637514207,7
50107913,2025-01-01,2025-06-30,semestral,0.102193576729133,0.0162584611951994,9
50107913,2025-02-01,2025-07-31,semestral,0.102193576729133,0.0162584611951994,9
50107913,2025-03-01,2025-08-31,semestral,0.0773610755911752,0.0091388834249723,9
50107913,2025-04-01,2025-09-30,semestral,0.1962057985589647,0.0335221016747024,11
50107913,2025-05-01,2025-10-31,semestral,4.993875084962942,0.0217665164355082,8
50107913,2025-06-01,2025-11-30,semestral,-6.412712412384118,0.0311673772458446,8
50107913,2025-07-01,2025-12-31,semestral,0.7585349027559344,0.5610672032782684,8
50107913,2025-08-01,2026-01-31,semestral,0.9723663308865652,0.6561647489173799,12
50107913,2025-09-01,2026-02-28,semestral,0.961868099978716,0.6503466609455881,11
50107913,2025-10-01,2026-03-31,semestral,0.954648815002518,0.4726684440501936,10
50113238,2024-08-01,2024-08-31,mensual,,,1
50115109,2024-05-01,2024-05-31,mensual,,,1
50115307,2024-11-01,2024-11-30,mensual,,,1
50119476,2024-02-01,2024-02-29,mensual,,,1
50119476,2024-04-01,2024-04-30,mensual,,,1
50119476,2024-05-01,2024-05-31,mensual,,,1
50119476,2024-08-01,2024-08-31,mensual,,,1
50119476,2024-09-01,2024-09-30,mensual,,,1
50119476,2025-04-01,2025-04-30,mensual,,,1
50119476,2025-08-01,2025-08-31,mensual,,,1
50119476,2025-09-01,2025-09-30,mensual,,,1
50119476,2025-10-01,2025-10-31,mensual,,,3
50119476,2025-11-01,2025-11-30,mensual,,,1
50119476,2025-12-01,2025-12-31,mensual,,,1
50119476,2026-01-01,2026-01-31,mensual,,,2
50119476,2026-02-01,2026-02-28,mensual,0.0,,2
50119476,2026-03-01,2026-03-31,mensual,,,4
50119476,2026-04-01,2026-04-30,mensual,,,1
50119476,2024-02-01,2024-04-30,trimestral,,,2
50119476,2024-03-01,2024-05-31,trimestral,,,2
50119476,2024-04-01,2024-06-30,trimestral,,,2
50119476,2024-05-01,2024-07-31,trimestral,,,1
50119476,2024-06-01,2024-08-31,trimestral,,,1
50119476,2024-07-01,2024-09-30,trimestral,0.0,,2
50119476,2024-08-01,2024-10-31,trimestral,0.0,,2
50119476,2024-09-01,2024-11-30,trimestral,,,1
50119476,2025-02-01,2025-04-30,trimestral,,,1
50119476,2025-03-01,2025-05-31,trimestral,,,1
50119476,2025-04-01,2025-06-30,trimestral,,,1
50119476,2025-06-01,2025-08-31,trimestral,,,1
50119476,2025-07-01,2025-09-30,trimestral,,,2
50119476,2025-08-01,2025-10-31,trimestral,,,5
50119476,2025-09-01,2025-11-30,trimestral,,,5
50119476,2025-10-01,2025-12-31,trimestral,,,5
50119476,2025-11-01,2026-01-31,trimestral,,,4
50119476,2025-12-01,2026-02-28,trimestral,0.0,,5
50119476,2026-01-01,2026-03-31,trimestral,-1.3861909253094673,0.0204081632653059,8
50119476,2026-02-01,2026-04-30,trimestral,-4.180460154225821,0.0622068806829807,7
50119476,2024-02-01,2024-07-31,semestral,,,3
50119476,2024-03-01,2024-08-31,semestral,0.9716904194489264,0.2500000000000001,3
50119476,2024-04-01,2024-09-30,semestral,0.6477936129659635,0.1111111111111109,4
50119476,2024-05-01,2024-10-31,semestral,0.971690419448935,0.2500000000000001,3
50119476,2024-06-01,2024-11-30,semestral,0.0,,2
50119476,2024-07-01,2024-12-31,semestral,0.0,,2
50119476,2024-08-01,2025-01-31,semestral,0.0,,2
50119476,2024-09-01,2025-02-28,semestral,,,1
50119476,2024-11-01,2025-04-30,semestral,,,1
50119476,2024-12-01,2025-05-31,semestral,,,1
50119476,2025-01-01,2025-06-30,semestral,,,1
50119476,2025-02-01,2025-07-31,semestral,,,1
50119476,2025-03-01,2025-08-31,semestral,,,2
50119476,2025-04-01,2025-09-30,semestral,,,3
50119476,2025-05-01,2025-10-31,semestral,,,5
50119476,2025-06-01,2025-11-30,semestral,,,6
50119476,2025-07-01,2025-12-31,semestral,,,7
50119476,2025-08-01,2026-01-31,semestral,,,9
50119476,2025-09-01,2026-02-28,semestral,-1.0781484974628084,0.0123456790123456,10
50119476,2025-10-01,2026-03-31,semestral,-1.617222746194295,0.0151515151515153,13
50119476,2025-11-01,2026-04-30,semestral,-2.50827609253588,0.0209132816762175,11
50119477,2024-01-01,2024-01-31,mensual,,,1
50119477,2024-02-01,2024-02-29,mensual,-18.07935490864349,0.5516669938041339,4
50119477,2024-03-01,2024-03-31,mensual,,,5
50119477,2024-04-01,2024-04-30,mensual,,,2
50119477,2024-05-01,2024-05-31,mensual,,,2
50119477,2024-06-01,2024-06-30,mensual,,,3
50119477,2024-07-01,2024-07-31,mensual,,,2
50119477,2024-08-01,2024-08-31,mensual,,,2
50119477,2024-09-01,2024-09-30,mensual,,,2
50119477,2024-10-01,2024-10-31,mensual,,,3
50119477,2024-12-01,2024-12-31,mensual,,,4
50119477,2025-01-01,2025-01-31,mensual,,,3
50119477,2025-02-01,2025-02-28,mensual,,,1
50119477,2025-03-01,2025-03-31,mensual,,,2
50119477,2025-04-01,2025-04-30,mensual,,,2
50119477,2025-05-01,2025-05-31,mensual,,,2
50119477,2025-06-01,2025-06-30,mensual,,,6
50119477,2025-07-01,2025-07-31,mensual,-4.50917652599766,0.0399999999999997,6
50119477,2025-09-01,2025-09-30,mensual,,,1
50119477,2025-10-01,2025-10-31,mensual,,,5
50119477,2025-12-01,2025-12-31,mensual,47.20022863888414,0.8164741187457447,4
50119477,2026-01-01,2026-01-31,mensual,,,1
50119477,2026-02-01,2026-02-28,mensual,,,3
50119477,2026-03-01,2026-03-31,mensual,,,2
50119477,2026-04-01,2026-04-30,mensual,,,1
50119477,2024-01-01,2024-03-31,trimestral,-16.438270742801823,0.1402876491386822,10
50119477,2024-02-01,2024-04-30,trimestral,-13.827687185537554,0.0831489435069949,11
50119477,2024-03-01,2024-05-31,trimestral,,,9
50119477,2024-04-01,2024-06-30,trimestral,,,7
50119477,2024-05-01,2024-07-31,trimestral,,,7
50119477,2024-06-01,2024-08-31,trimestral,,,7
50119477,2024-07-01,2024-09-30,trimestral,,,6
50119477,2024-08-01,2024-10-31,trimestral,,,7
50119477,2024-09-01,2024-11-30,trimestral,,,5
50119477,2024-10-01,2024-12-31,trimestral,,,7
50119477,2024-11-01,2025-01-31,trimestral,,,7
50119477,2024-12-01,2025-02-28,trimestral,,,8
50119477,2025-01-01,2025-03-31,trimestral,,,6
50119477,2025-02-01,2025-04-30,trimestral,,,5
50119477,2025-03-01,2025-05-31,trimestral,,,6
50119477,2025-04-01,2025-06-30,trimestral,,,10
50119477,2025-05-01,2025-07-31,trimestral,-6.359195477938104,0.0272740435400916,14
50119477,2025-06-01,2025-08-31,trimestral,-7.511429134862249,0.0399122183902567,12
50119477,2025-07-01,2025-09-30,trimestral,-5.375977626633282,0.0545688260942587,7
50119477,2025-08-01,2025-10-31,trimestral,,,6
50119477,2025-09-01,2025-11-30,trimestral,,,6
50119477,2025-10-01,2025-12-31,trimestral,43.244317195667165,0.5960083457687098,9
50119477,2025-11-01,2026-01-31,trimestral,49.17818436048942,0.8207589278202382,5
50119477,2025-12-01,2026-02-28,trimestral,39.56544670532827,0.4921415408888433,8
50119477,2026-01-01,2026-03-31,trimestral,,,6
50119477,2026-02-01,2026-04-30,trimestral,,,6
50119477,2024-01-01,2024-06-30,semestral,-11.683676321303302,0.0527572142172523,17
50119477,2024-02-01,2024-07-31,semestral,-11.568543430773282,0.0481441280768791,18
50119477,2024-03-01,2024-08-31,semestral,,,16
50119477,2024-04-01,2024-09-30,semestral,,,13
50119477,2024-05-01,2024-10-31,semestral,,,14
50119477,2024-06-01,2024-11-30,semestral,,,12
50119477,2024-07-01,2024-12-31,semestral,,,13
50119477,2024-08-01,2025-01-31,semestral,,,14
50119477,2024-09-01,2025-02-28,semestral,,,13
50119477,2024-10-01,2025-03-31,semestral,,,13
50119477,2024-11-01,2025-04-30,semestral,,,12
50119477,2024-12-01,2025-05-31,semestral,,,14
50119477,2025-01-01,2025-06-30,semestral,,,16
50119477,2025-02-01,2025-07-31,semestral,-5.99188188448334,0.0214627502436774,19
50119477,2025-03-01,2025-08-31,semestral,-5.438632054844344,0.018813860449234,18
50119477,2025-04-01,2025-09-30,semestral,-6.383505708363868,0.0266237853948472,17
50119477,2025-05-01,2025-10-31,semestral,-6.4001396983062335,0.0258737352300345,20
50119477,2025-06-01,2025-11-30,semestral,-7.150559073861427,0.0339534148929639,18
50119477,2025-07-01,2025-12-31,semestral,0.9359856243338558,0.0009723011300639,16
50119477,2025-08-01,2026-01-31,semestral,43.244317195668586,0.5469090783719142,11
50119477,2025-09-01,2026-02-28,semestral,39.43758165015768,0.4001596910237396,14
50119477,2025-10-01,2026-03-31,semestral,39.565446705328014,0.3407294840073404,15
50119477,2025-11-01,2026-04-30,semestral,40.46744537512009,0.38521337772466,11
50120026,2024-02-01,2024-02-29,mensual,,,1
50120026,2024-09-01,2024-09-30,mensual,,,2
50120026,2024-02-01,2024-04-30,trimestral,,,1
50120026,2024-07-01,2024-09-30,trimestral,,,2
50120026,2024-02-01,2024-07-31,semestral,,,1
50120026,2024-04-01,2024-09-30,semestral,,,2
50120027,2024-03-01,2024-03-31,mensual,,,1
50120027,2024-07-01,2024-07-31,mensual,,,1
50120027,2025-05-01,2025-05-31,mensual,,,1
50120027,2025-08-01,2025-08-31,mensual,,,1
50120027,2026-04-01,2026-04-30,mensual,,,1
50120027,2024-03-01,2024-05-31,trimestral,,,1
50120027,2024-05-01,2024-07-31,trimestral,,,1
50120027,2024-06-01,2024-08-31,trimestral,,,1
50120027,2024-07-01,2024-09-30,trimestral,,,1
50120027,2025-03-01,2025-05-31,trimestral,,,1
50120027,2025-04-01,2025-06-30,trimestral,,,1
50120027,2025-05-01,2025-07-31,trimestral,,,1
50120027,2025-06-01,2025-08-31,trimestral,,,1
50120027,2025-07-01,2025-09-30,trimestral,,,1
50120027,2025-08-01,2025-10-31,trimestral,,,1
50120027,2026-02-01,2026-04-30,trimestral,,,1
50120027,2024-03-01,2024-08-31,semestral,0.0,,2
50120027,2024-04-01,2024-09-30,semestral,,,1
50120027,2024-05-01,2024-10-31,semestral,,,1
50120027,2024-06-01,2024-11-30,semestral,,,1
50120027,2024-07-01,2024-12-31,semestral,,,1
50120027,2024-12-01,2025-05-31,semestral,,,1
50120027,2025-01-01,2025-06-30,semestral,,,1
50120027,2025-02-01,2025-07-31,semestral,,,1
50120027,2025-03-01,2025-08-31,semestral,,,2
50120027,2025-04-01,2025-09-30,semestral,,,2
50120027,2025-05-01,2025-10-31,semestral,,,2
50120027,2025-06-01,2025-11-30,semestral,,,1
50120027,2025-07-01,2025-12-31,semestral,,,1
50120027,2025-08-01,2026-01-31,semestral,,,1
50120027,2025-11-01,2026-04-30,semestral,,,1
50120028,2024-07-01,2024-07-31,mensual,,,1
50120028,2025-04-01,2025-04-30,mensual,,,1
50120028,2025-07-01,2025-07-31,mensual,,,1
50120028,2025-12-01,2025-12-31,mensual,,,1
50120028,2024-07-01,2024-09-30,trimestral,,,1
50120028,2025-02-01,2025-04-30,trimestral,,,1
50120028,2025-03-01,2025-05-31,trimestral,,,1
50120028,2025-04-01,2025-06-30,trimestral,,,1
50120028,2025-05-01,2025-07-31,trimestral,,,1
50120028,2025-06-01,2025-08-31,trimestral,,,1
50120028,2025-07-01,2025-09-30,trimestral,,,1
50120028,2025-10-01,2025-12-31,trimestral,,,1
50120028,2024-07-01,2024-12-31,semestral,,,1
50120028,2024-11-01,2025-04-30,semestral,,,1
50120028,2024-12-01,2025-05-31,semestral,,,1
50120028,2025-01-01,2025-06-30,semestral,,,1
50120028,2025-02-01,2025-07-31,semestral,,,2
50120028,2025-03-01,2025-08-31,semestral,,,2
50120028,2025-04-01,2025-09-30,semestral,,,2
50120028,2025-05-01,2025-10-31,semestral,,,1
50120028,2025-06-01,2025-11-30,semestral,,,1
50120028,2025-07-01,2025-12-31,semestral,,,2
50121000,2024-01-01,2024-01-31,mensual,,,2
50121000,2024-05-01,2024-05-31,mensual,,,1
50121000,2024-01-01,2024-03-31,trimestral,,,2
50121000,2024-03-01,2024-05-31,trimestral,,,1
50121001,2024-01-01,2024-01-31,mensual,,,1
50121001,2024-02-01,2024-02-29,mensual,,,1
50121001,2024-04-01,2024-04-30,mensual,,,1
50121001,2024-07-01,2024-07-31,mensual,,,1
50121001,2024-12-01,2024-12-31,mensual,,,1
50121001,2024-01-01,2024-03-31,trimestral,0.0,,2
50121001,2024-02-01,2024-04-30,trimestral,0.0,,2
50121001,2024-03-01,2024-05-31,trimestral,,,1
50121001,2024-04-01,2024-06-30,trimestral,,,1
50121001,2024-05-01,2024-07-31,trimestral,,,1
50121001,2024-06-01,2024-08-31,trimestral,,,1
50121001,2024-07-01,2024-09-30,trimestral,,,1
50121001,2024-10-01,2024-12-31,trimestral,,,1
50121001,2024-01-01,2024-06-30,semestral,0.0,,3
50121001,2024-02-01,2024-07-31,semestral,-1.5690550163368373,0.7418702699343052,3
50121001,2024-03-01,2024-08-31,semestral,-1.5776975577932857,1.0,2
50121001,2024-04-01,2024-09-30,semestral,-1.5776975577932857,1.0,2
50121001,2024-05-01,2024-10-31,semestral,,,1
50121001,2024-06-01,2024-11-30,semestral,,,1
50121001,2024-07-01,2024-12-31,semestral,3.799031261328548,1.0,2
50121360,2024-01-01,2024-01-31,mensual,,,1
50121360,2024-08-01,2024-08-31,mensual,,,1
50121360,2024-01-01,2024-03-31,trimestral,,,1
50121360,2024-06-01,2024-08-31,trimestral,,,1
50121360,2024-01-01,2024-06-30,semestral,,,1
50121360,2024-03-01,2024-08-31,semestral,,,1
50121460,2025-04-01,2025-04-30,mensual,,,2
50121653,2024-01-01,2024-01-31,mensual,,,1
50121653,2024-05-01,2024-05-31,mensual,,,1
50121653,2024-01-01,2024-03-31,trimestral,,,1
50121653,2024-03-01,2024-05-31,trimestral,,,1
50121654,2025-11-01,2025-11-30,mensual,,,1
50121654,2026-03-01,2026-03-31,mensual,,,1
50121654,2025-11-01,2026-01-31,trimestral,,,1
50121654,2026-01-01,2026-03-31,trimestral,,,1
50121656,2024-03-01,2024-03-31,mensual,,,1
50121657,2024-02-01,2024-02-29,mensual,,,1
50121657,2024-03-01,2024-03-31,mensual,,,1
50122145,2024-03-01,2024-03-31,mensual,,,1
50123911,2024-02-01,2024-02-29,mensual,,,2
50123911,2024-04-01,2024-04-30,mensual,,,1
50123911,2024-05-01,2024-05-31,mensual,,,1
50123911,2024-06-01,2024-06-30,mensual,,,2
50123911,2024-08-01,2024-08-31,mensual,,,1
50123911,2025-01-01,2025-01-31,mensual,,,1
50123911,2025-02-01,2025-02-28,mensual,,,1
50123911,2025-04-01,2025-04-30,mensual,,,1
50123911,2025-06-01,2025-06-30,mensual,,,2
50123911,2025-07-01,2025-07-31,mensual,,,1
50123911,2025-10-01,2025-10-31,mensual,9.698023689750029,1.0,2
50123911,2026-01-01,2026-01-31,mensual,,,1
50123911,2026-02-01,2026-02-28,mensual,,,1
50123911,2026-04-01,2026-04-30,mensual,,,1
50123911,2024-02-01,2024-04-30,trimestral,-16.481376362796496,0.25,3
50123911,2024-03-01,2024-05-31,trimestral,,,2
50123911,2024-04-01,2024-06-30,trimestral,,,4
50123911,2024-05-01,2024-07-31,trimestral,,,3
50123911,2024-06-01,2024-08-31,trimestral,,,3
50123911,2024-07-01,2024-09-30,trimestral,,,1
50123911,2024-08-01,2024-10-31,trimestral,,,1
50123911,2024-11-01,2025-01-31,trimestral,,,1
50123911,2024-12-01,2025-02-28,trimestral,,,2
50123911,2025-01-01,2025-03-31,trimestral,,,2
50123911,2025-02-01,2025-04-30,trimestral,,,2
50123911,2025-03-01,2025-05-31,trimestral,,,1
50123911,2025-04-01,2025-06-30,trimestral,,,3
50123911,2025-05-01,2025-07-31,trimestral,0.0,,3
50123911,2025-06-01,2025-08-31,trimestral,0.0,,3
50123911,2025-07-01,2025-09-30,trimestral,,,1
50123911,2025-08-01,2025-10-31,trimestral,9.698023689750029,1.0,2
50123911,2025-09-01,2025-11-30,trimestral,9.698023689750029,1.0,2
50123911,2025-10-01,2025-12-31,trimestral,9.698023689750029,1.0,2
50123911,2025-11-01,2026-01-31,trimestral,,,1
50123911,2025-12-01,2026-02-28,trimestral,,,2
50123911,2026-01-01,2026-03-31,trimestral,,,2
50123911,2026-02-01,2026-04-30,trimestral,,,2
50123911,2024-02-01,2024-07-31,semestral,-16.48137636279613,0.4000000000000002,6
50123911,2024-03-01,2024-08-31,semestral,,,5
50123911,2024-04-01,2024-09-30,semestral,,,5
50123911,2024-05-01,2024-10-31,semestral,,,4
50123911,2024-06-01,2024-11-30,semestral,,,3
50123911,2024-07-01,2024-12-31,semestral,,,1
50123911,2024-08-01,2025-01-31,semestral,,,2
50123911,2024-09-01,2025-02-28,semestral,,,2
50123911,2024-10-01,2025-03-31,semestral,,,2
50123911,2024-11-01,2025-04-30,semestral,,,3
50123911,2024-12-01,2025-05-31,semestral,,,3
50123911,2025-01-01,2025-06-30,semestral,,,5
50123911,2025-02-01,2025-07-31,semestral,-3.361260622687961,0.0625000000000002,5
50123911,2025-03-01,2025-08-31,semestral,-4.481680830250383,0.111111111111111,4
50123911,2025-04-01,2025-09-30,semestral,-4.481680830250383,0.111111111111111,4
50123911,2025-05-01,2025-10-31,semestral,5.274597075434721,0.7400376827272089,5
50123911,2025-06-01,2025-11-30,semestral,5.274597075434721,0.7400376827272089,5
50123911,2025-07-01,2025-12-31,semestral,9.698023689750084,1.0,3
50123911,2025-08-01,2026-01-31,semestral,4.849011844874988,0.25,3
50123911,2025-09-01,2026-02-28,semestral,6.465349126500224,0.3333333333333333,4
50123911,2025-10-01,2026-03-31,semestral,6.465349126500224,0.3333333333333333,4
50123911,2025-11-01,2026-04-30,semestral,,,3
50125161,2024-01-01,2024-01-31,mensual,,,1
50125161,2024-02-01,2024-02-29,mensual,,,1
50125162,2024-02-01,2024-02-29,mensual,,,1
50125163,2024-02-01,2024-02-29,mensual,,,1
50125164,2024-02-01,2024-02-29,mensual,,,1
50125166,2024-02-01,2024-02-29,mensual,,,1
50125228,2024-07-01,2024-07-31,mensual,,,4
50125228,2024-08-01,2024-08-31,mensual,-3.242257247112829,0.6311290939029084,4
50125228,2024-09-01,2024-09-30,mensual,-3.7031584411128753,1.0,3
50125228,2024-10-01,2024-10-31,mensual,,,1
50125228,2024-11-01,2024-11-30,mensual,,,1
50125228,2025-01-01,2025-01-31,mensual,,,1
50125228,2024-07-01,2024-09-30,trimestral,-3.6932286383134416,0.4942602311021888,11
50125228,2024-08-01,2024-10-31,trimestral,-3.5811955059652982,0.5128759149251154,8
50125228,2024-09-01,2024-11-30,trimestral,-1.0155967587104493,0.6449241295574271,5
50125228,2024-10-01,2024-12-31,trimestral,-0.9999999999999996,1.0,2
50125228,2024-11-01,2025-01-31,trimestral,,,2
50125228,2024-07-01,2024-12-31,semestral,-1.3180657216933331,0.2179958267957233,13
50125228,2024-08-01,2025-01-31,semestral,-1.059873813047722,0.2351193513717824,10
50125229,2024-06-01,2024-06-30,mensual,,,2
50125229,2024-07-01,2024-07-31,mensual,,,4
50125229,2024-08-01,2024-08-31,mensual,-3805.6552532066703,0.3999999999999998,6
50125229,2024-09-01,2024-09-30,mensual,,,4
50125229,2024-11-01,2024-11-30,mensual,,,1
50125229,2024-06-01,2024-08-31,trimestral,-4006.5215325797417,0.4834225506618064,12
50125229,2024-07-01,2024-09-30,trimestral,,,14
50125229,2024-08-01,2024-10-31,trimestral,,,10
50125229,2024-09-01,2024-11-30,trimestral,-0.3952585054581028,0.0196699359643225,5
50125229,2024-06-01,2024-11-30,semestral,-0.1585745981367507,0.001369664642138,17
50125479,2024-07-01,2024-07-31,mensual,,,2
50125479,2024-08-01,2024-08-31,mensual,0.6165115615594221,0.0502719073266598,9
50125479,2024-09-01,2024-09-30,mensual,-3.1047836559023283,1.0,3
50125479,2024-10-01,2024-10-31,mensual,,,2
50125479,2024-11-01,2024-11-30,mensual,,,1
50125479,2024-12-01,2024-12-31,mensual,,,1
50125479,2025-01-01,2025-01-31,mensual,,,1
50125479,2025-08-01,2025-08-31,mensual,,,1
50125479,2024-07-01,2024-09-30,trimestral,-0.4469795401076487,0.0302955433123813,14
50125479,2024-08-01,2024-10-31,trimestral,-0.446979540107651,0.030295543312381,14
50125479,2024-09-01,2024-11-30,trimestral,-2.519484753813166,0.996612782309931,6
50125479,2024-10-01,2024-12-31,trimestral,-1.8560840352929755,0.7996537185357829,4
50125479,2024-11-01,2025-01-31,trimestral,0.2488920906556889,0.7267803781995215,3
50125479,2024-12-01,2025-02-28,trimestral,0.1607880800714881,1.0,2
50125479,2025-01-01,2025-03-31,trimestral,,,1
50125479,2025-06-01,2025-08-31,trimestral,,,1
50125479,2024-07-01,2024-12-31,semestral,-1.4577764708198466,0.4586881974849894,18
50125479,2024-08-01,2025-01-31,semestral,0.0321155248076899,0.0083167569393504,17
50125479,2024-09-01,2025-02-28,semestral,0.0351060589474995,0.0125306998445304,8
50125479,2024-10-01,2025-03-31,semestral,0.0784351745754633,0.0635907044793255,5
50125479,2024-11-01,2025-04-30,semestral,0.2488920906556889,0.7267803781995215,3
50125479,2024-12-01,2025-05-31,semestral,0.1607880800714881,1.0,2
50125479,2025-01-01,2025-06-30,semestral,,,1
50125479,2025-03-01,2025-08-31,semestral,,,1
50125493,2024-07-01,2024-07-31,mensual,,,1
50125493,2024-08-01,2024-08-31,mensual,0.1922857342269203,0.0137149387241296,5
50125493,2024-09-01,2024-09-30,mensual,,,1
50125493,2024-11-01,2024-11-30,mensual,,,4
50125493,2024-12-01,2024-12-31,mensual,,,4
50125493,2025-01-01,2025-01-31,mensual,,,1
50125493,2025-02-01,2025-02-28,mensual,,,2
50125493,2024-07-01,2024-09-30,trimestral,-1.1745336120548968,0.2111677830925629,7
50125493,2024-08-01,2024-10-31,trimestral,-1.1889663432789237,0.1629546229403219,6
50125493,2024-09-01,2024-11-30,trimestral,4.198038908920656,0.4286443062413804,5
50125493,2024-10-01,2024-12-31,trimestral,,,8
50125493,2024-11-01,2025-01-31,trimestral,-1.901101741336296,0.1923022881322996,9
50125493,2024-12-01,2025-02-28,trimestral,-0.4173950418692884,0.039268027942708,7
50125493,2024-07-01,2024-12-31,semestral,-1.0729771038136802,0.2433083337680771,15
50125493,2024-08-01,2025-01-31,semestral,-1.159135117568705,0.2220810286111363,15
50125493,2024-09-01,2025-02-28,semestral,-0.1767492273975226,0.0056857502458248,12
50125858,2024-04-01,2024-04-30,mensual,,,1
50125858,2024-05-01,2024-05-31,mensual,,,1
50125858,2024-07-01,2024-07-31,mensual,,,1
50125858,2024-11-01,2024-11-30,mensual,,,1
50125858,2024-12-01,2024-12-31,mensual,0.0,,2
50125858,2025-01-01,2025-01-31,mensual,,,2
50125858,2025-03-01,2025-03-31,mensual,,,1
50125858,2025-05-01,2025-05-31,mensual,,,3
50125858,2025-06-01,2025-06-30,mensual,,,1
50125858,2025-07-01,2025-07-31,mensual,,,1
50125858,2025-08-01,2025-08-31,mensual,0.0,,2
50125858,2025-11-01,2025-11-30,mensual,,,1
50125858,2025-12-01,2025-12-31,mensual,,,1
50125858,2026-02-01,2026-02-28,mensual,,,1
50125858,2026-03-01,2026-03-31,mensual,,,1
50125858,2026-04-01,2026-04-30,mensual,,,1
50125858,2024-04-01,2024-06-30,trimestral,1.1136598909360436,1.0,2
50125858,2024-05-01,2024-07-31,trimestral,4.556809877984063,1.0,2
50125858,2024-06-01,2024-08-31,trimestral,,,1
50125858,2024-07-01,2024-09-30,trimestral,,,1
50125858,2024-09-01,2024-11-30,trimestral,,,1
50125858,2024-10-01,2024-12-31,trimestral,2.128052881698072,0.2500000000000001,3
50125858,2024-11-01,2025-01-31,trimestral,2.128052881698056,0.1666666666666667,5
50125858,2024-12-01,2025-02-28,trimestral,1.4187019211320515,0.111111111111111,4
50125858,2025-01-01,2025-03-31,trimestral,-3.070798303808409,0.25,3
50125858,2025-02-01,2025-04-30,trimestral,,,1
50125858,2025-03-01,2025-05-31,trimestral,6.267570192610038,0.0109606958805259,4
50125858,2025-04-01,2025-06-30,trimestral,-6.850238756829457,0.3024339372028588,4
50125858,2025-05-01,2025-07-31,trimestral,-2.875346591498801,0.0808591074413795,5
50125858,2025-06-01,2025-08-31,trimestral,0.6683461168322884,0.111111111111111,4
50125858,2025-07-01,2025-09-30,trimestral,1.0025191752484468,0.2500000000000001,3
50125858,2025-08-01,2025-10-31,trimestral,0.0,,2
50125858,2025-09-01,2025-11-30,trimestral,,,1
50125858,2025-10-01,2025-12-31,trimestral,,,2
50125858,2025-11-01,2026-01-31,trimestral,,,2
50125858,2025-12-01,2026-02-28,trimestral,,,2
50125858,2026-01-01,2026-03-31,trimestral,,,2
50125858,2026-02-01,2026-04-30,trimestral,,,3
50125858,2024-04-01,2024-09-30,semestral,0.8498555321102097,0.4748108798943641,3
50125858,2024-05-01,2024-10-31,semestral,4.556809877984063,1.0,2
50125858,2024-06-01,2024-11-30,semestral,-3.340153330532213e-16,,2
50125858,2024-07-01,2024-12-31,semestral,1.010088874554482,0.0417389670716958,4
50125858,2024-08-01,2025-01-31,semestral,2.128052881698056,0.1666666666666667,5
50125858,2024-09-01,2025-02-28,semestral,2.128052881698056,0.1666666666666667,5
50125858,2024-10-01,2025-03-31,semestral,0.6516654324461966,0.0156687430384557,6
50125858,2024-11-01,2025-04-30,semestral,0.6516654324461966,0.0156687430384557,6
50125858,2024-12-01,2025-05-31,semestral,-1.3385838697774095,0.0440077529488955,8
50125858,2025-01-01,2025-06-30,semestral,-2.8488258853986723,0.1500052422401939,7
50125858,2025-02-01,2025-07-31,semestral,-3.117405682902873,0.0951251334474023,6
50125858,2025-03-01,2025-08-31,semestral,0.7093665148274021,0.0326165804658122,8
50125858,2025-04-01,2025-09-30,semestral,0.6620344506538445,0.030554674959356,7
50125858,2025-05-01,2025-10-31,semestral,0.6620344506538445,0.030554674959356,7
50125858,2025-06-01,2025-11-30,semestral,0.2242959181018226,0.016931361838577,5
50125858,2025-07-01,2025-12-31,semestral,0.0649091446024438,0.0017063013310181,5
50125858,2025-08-01,2026-01-31,semestral,0.0,,4
50125858,2025-09-01,2026-02-28,semestral,,,3
50125858,2025-10-01,2026-03-31,semestral,,,4
50125858,2025-11-01,2026-04-30,semestral,,,5
50127114,2024-05-01,2024-05-31,mensual,,,2
50127114,2024-06-01,2024-06-30,mensual,,,2
50127114,2025-07-01,2025-07-31,mensual,,,3
50127114,2025-08-01,2025-08-31,mensual,,,2
50127114,2024-05-01,2024-07-31,trimestral,,,4
50127114,2024-06-01,2024-08-31,trimestral,,,2
50127114,2025-05-01,2025-07-31,trimestral,,,3
50127114,2025-06-01,2025-08-31,trimestral,,,5
50127114,2024-05-01,2024-10-31,semestral,,,4
50127114,2024-06-01,2024-11-30,semestral,,,2
50127114,2025-02-01,2025-07-31,semestral,,,3
50127114,2025-03-01,2025-08-31,semestral,,,5
50127115,2024-05-01,2024-05-31,mensual,,,2
50127115,2024-06-01,2024-06-30,mensual,,,1
50127115,2024-07-01,2024-07-31,mensual,,,1
50127115,2024-08-01,2024-08-31,mensual,,,1
50127115,2025-07-01,2025-07-31,mensual,,,1
50127115,2025-08-01,2025-08-31,mensual,,,3
50127115,2024-05-01,2024-07-31,trimestral,,,4
50127115,2024-06-01,2024-08-31,trimestral,,,3
50127115,2024-07-01,2024-09-30,trimestral,,,2
50127115,2024-08-01,2024-10-31,trimestral,,,1
50127115,2025-05-01,2025-07-31,trimestral,,,1
50127115,2025-06-01,2025-08-31,trimestral,,,4
50127115,2024-05-01,2024-10-31,semestral,,,5
50127115,2024-06-01,2024-11-30,semestral,,,3
50127115,2024-07-01,2024-12-31,semestral,,,2
50127115,2024-08-01,2025-01-31,semestral,,,1
50127115,2025-02-01,2025-07-31,semestral,,,1
50127115,2025-03-01,2025-08-31,semestral,,,4
50127181,2024-07-01,2024-07-31,mensual,,,1
50127181,2026-01-01,2026-01-31,mensual,,,1
50127181,2024-07-01,2024-09-30,trimestral,,,1
50127181,2025-11-01,2026-01-31,trimestral,,,1
50127181,2024-07-01,2024-12-31,semestral,,,1
50127181,2025-08-01,2026-01-31,semestral,,,1
50127182,2025-09-01,2025-09-30,mensual,,,1
50127182,2026-01-01,2026-01-31,mensual,,,1
50127182,2026-02-01,2026-02-28,mensual,,,1
50127182,2025-09-01,2025-11-30,trimestral,,,1
50127182,2025-11-01,2026-01-31,trimestral,,,1
50127182,2025-12-01,2026-02-28,trimestral,,,2
50127182,2025-09-01,2026-02-28,semestral,,,3
50127183,2025-07-01,2025-07-31,mensual,,,1
50127183,2025-12-01,2025-12-31,mensual,,,1
50127183,2025-07-01,2025-09-30,trimestral,,,1
50127183,2025-10-01,2025-12-31,trimestral,,,1
50127183,2025-07-01,2025-12-31,semestral,,,2
50127184,2025-10-01,2025-10-31,mensual,,,1
50127185,2024-10-01,2024-10-31,mensual,,,1
50127188,2024-10-01,2024-10-31,mensual,,,1
50127188,2025-11-01,2025-11-30,mensual,,,1
50127188,2024-10-01,2024-12-31,trimestral,,,1
50127188,2025-09-01,2025-11-30,trimestral,,,1
50127188,2024-10-01,2025-03-31,semestral,,,1
50127188,2025-06-01,2025-11-30,semestral,,,1
50127190,2025-08-01,2025-08-31,mensual,,,1
50127191,2024-06-01,2024-06-30,mensual,,,1
50127191,2025-08-01,2025-08-31,mensual,,,1
50127191,2024-06-01,2024-08-31,trimestral,,,1
50127191,2025-06-01,2025-08-31,trimestral,,,1
50127191,2024-06-01,2024-11-30,semestral,,,1
50127191,2025-03-01,2025-08-31,semestral,,,1
50131095,2025-08-01,2025-08-31,mensual,0.0,,5
50131095,2025-09-01,2025-09-30,mensual,,,1
50131095,2025-10-01,2025-10-31,mensual,,,1
50131095,2025-11-01,2025-11-30,mensual,,,1
50131095,2025-12-01,2025-12-31,mensual,,,1
50131095,2025-08-01,2025-10-31,trimestral,0.0,,7
50131095,2025-09-01,2025-11-30,trimestral,,,3
50131095,2025-10-01,2025-12-31,trimestral,,,3
50131096,2025-08-01,2025-08-31,mensual,,,4
50131096,2025-09-01,2025-09-30,mensual,,,1
50131096,2025-10-01,2025-10-31,mensual,,,1
50131096,2025-12-01,2025-12-31,mensual,,,1
50131096,2025-08-01,2025-10-31,trimestral,,,6
50131096,2025-09-01,2025-11-30,trimestral,,,2
50131096,2025-10-01,2025-12-31,trimestral,,,2
50131097,2025-07-01,2025-07-31,mensual,0.0,,2
50131097,2025-08-01,2025-08-31,mensual,0.0,,4
50131097,2025-09-01,2025-09-30,mensual,,,3
50131097,2026-01-01,2026-01-31,mensual,,,1
50131097,2025-07-01,2025-09-30,trimestral,1.1086029763370224,0.0337298763614632,9
50131097,2025-08-01,2025-10-31,trimestral,1.1281392008280189,0.0277777777777777,7
50131097,2025-09-01,2025-11-30,trimestral,,,3
50131097,2025-11-01,2026-01-31,trimestral,,,1
50131097,2025-07-01,2025-12-31,semestral,1.1086029763370224,0.0337298763614632,9
50131097,2025-08-01,2026-01-31,semestral,0.9669764578525872,0.0204081632653061,8
50131098,2025-07-01,2025-07-31,mensual,,,1
50131098,2025-08-01,2025-08-31,mensual,,,1
50131098,2025-09-01,2025-09-30,mensual,,,3
50131098,2025-10-01,2025-10-31,mensual,,,1
50131098,2025-12-01,2025-12-31,mensual,,,1
50131098,2026-01-01,2026-01-31,mensual,,,1
50131098,2026-02-01,2026-02-28,mensual,,,1
50131098,2026-04-01,2026-04-30,mensual,,,2
50131098,2025-07-01,2025-09-30,trimestral,,,5
50131098,2025-08-01,2025-10-31,trimestral,,,5
50131098,2025-09-01,2025-11-30,trimestral,,,4
50131098,2025-10-01,2025-12-31,trimestral,,,2
50131098,2025-11-01,2026-01-31,trimestral,,,2
50131098,2025-12-01,2026-02-28,trimestral,,,3
50131098,2026-01-01,2026-03-31,trimestral,,,2
50131098,2026-02-01,2026-04-30,trimestral,,,3
50131098,2025-07-01,2025-12-31,semestral,,,7
50131098,2025-08-01,2026-01-31,semestral,,,7
50131098,2025-09-01,2026-02-28,semestral,,,7
50131098,2025-10-01,2026-03-31,semestral,,,4
50131098,2025-11-01,2026-04-30,semestral,,,5
50131160,2025-08-01,2025-08-31,mensual,,,2
50131160,2025-10-01,2025-10-31,mensual,,,1
50131160,2025-11-01,2025-11-30,mensual,,,1
50131160,2026-01-01,2026-01-31,mensual,,,1
50131160,2025-08-01,2025-10-31,trimestral,,,3
50131160,2025-09-01,2025-11-30,trimestral,,,2
50131160,2025-10-01,2025-12-31,trimestral,,,2
50131160,2025-11-01,2026-01-31,trimestral,,,2
50131160,2025-08-01,2026-01-31,semestral,,,5
50131161,2025-07-01,2025-07-31,mensual,,,1
50131161,2025-08-01,2025-08-31,mensual,0.0,,3
50131161,2025-09-01,2025-09-30,mensual,,,2
50131161,2025-11-01,2025-11-30,mensual,,,2
50131161,2025-12-01,2025-12-31,mensual,,,1
50131161,2026-04-01,2026-04-30,mensual,,,1
50131161,2025-07-01,2025-09-30,trimestral,0.0,,6
50131161,2025-08-01,2025-10-31,trimestral,0.0,,5
50131161,2025-09-01,2025-11-30,trimestral,,,4
50131161,2025-10-01,2025-12-31,trimestral,,,3
50131161,2025-11-01,2026-01-31,trimestral,,,3
50131161,2025-12-01,2026-02-28,trimestral,,,1
50131161,2026-02-01,2026-04-30,trimestral,,,1
50131161,2025-07-01,2025-12-31,semestral,0.0,,9
50131161,2025-08-01,2026-01-31,semestral,0.0,,8
50131161,2025-09-01,2026-02-28,semestral,,,5
50131161,2025-10-01,2026-03-31,semestral,,,3
50131161,2025-11-01,2026-04-30,semestral,,,4
50131162,2025-08-01,2025-08-31,mensual,,,4
50131162,2025-10-01,2025-10-31,mensual,,,2
50131162,2025-11-01,2025-11-30,mensual,,,1
50131162,2025-08-01,2025-10-31,trimestral,,,6
50131162,2025-09-01,2025-11-30,trimestral,,,3
50131163,2025-07-01,2025-07-31,mensual,,,1
50131163,2025-08-01,2025-08-31,mensual,1.0676648819590924,0.0999999999999999,6
50131163,2025-09-01,2025-09-30,mensual,0.0,,3
50131163,2025-11-01,2025-11-30,mensual,,,1
50131163,2026-01-01,2026-01-31,mensual,,,1
50131163,2026-03-01,2026-03-31,mensual,,,1
50131163,2025-07-01,2025-09-30,trimestral,0.2858292890343869,0.0279316280883799,10
50131163,2025-08-01,2025-10-31,trimestral,0.3842826644648861,0.0175322921440241,9
50131163,2025-09-01,2025-11-30,trimestral,0.0,,4
50131163,2025-10-01,2025-12-31,trimestral,,,1
50131163,2025-11-01,2026-01-31,trimestral,,,2
50131163,2025-12-01,2026-02-28,trimestral,,,1
50131163,2026-01-01,2026-03-31,trimestral,,,2
50131163,2025-07-01,2025-12-31,semestral,0.2540392119323469,0.0223425525437847,11
50131163,2025-08-01,2026-01-31,semestral,0.6131889309754864,0.0248673604590617,11
50131163,2025-09-01,2026-02-28,semestral,-2.4195657896191376,0.0625,5
50131163,2025-10-01,2026-03-31,semestral,,,3
50131348,2025-05-01,2025-05-31,mensual,,,1
50131348,2025-10-01,2025-10-31,mensual,,,1
50131348,2025-12-01,2025-12-31,mensual,,,1
50131348,2025-05-01,2025-07-31,trimestral,,,1
50131348,2025-08-01,2025-10-31,trimestral,,,1
50131348,2025-09-01,2025-11-30,trimestral,,,1
50131348,2025-10-01,2025-12-31,trimestral,,,2
50131348,2025-05-01,2025-10-31,semestral,,,2
50131348,2025-06-01,2025-11-30,semestral,,,1
50131348,2025-07-01,2025-12-31,semestral,,,2
50131426,2025-09-01,2025-09-30,mensual,,,1
50131426,2025-10-01,2025-10-31,mensual,,,1
50131457,2025-07-01,2025-07-31,mensual,,,1
50131716,2025-07-01,2025-07-31,mensual,0.0,,2
50131716,2025-08-01,2025-08-31,mensual,,,2
50131717,2025-06-01,2025-06-30,mensual,,,2
50131717,2025-07-01,2025-07-31,mensual,,,2
50131717,2025-08-01,2025-08-31,mensual,0.0,,3
50131717,2025-09-01,2025-09-30,mensual,,,3
50131717,2025-06-01,2025-08-31,trimestral,0.5175766694475414,0.0277777777777779,7
50131717,2025-07-01,2025-09-30,trimestral,0.4436371452407503,0.020408163265306,8
50131781,2025-08-01,2025-08-31,mensual,,,4
50131781,2025-09-01,2025-09-30,mensual,,,1
50131781,2025-10-01,2025-10-31,mensual,,,1
50131781,2026-01-01,2026-01-31,mensual,,,1
50131781,2026-03-01,2026-03-31,mensual,,,1
50131781,2026-04-01,2026-04-30,mensual,,,2
50131781,2025-08-01,2025-10-31,trimestral,-1.7031588025400104,0.0181141566397688,6
50131781,2025-09-01,2025-11-30,trimestral,-4.266062658170309,1.0,2
50131781,2025-10-01,2025-12-31,trimestral,,,1
50131781,2025-11-01,2026-01-31,trimestral,,,1
50131781,2025-12-01,2026-02-28,trimestral,,,1
50131781,2026-01-01,2026-03-31,trimestral,,,2
50131781,2026-02-01,2026-04-30,trimestral,,,3
50131781,2025-08-01,2026-01-31,semestral,-2.129720845613685,0.0276940115766977,7
50131781,2025-09-01,2026-02-28,semestral,-4.266062658170286,1.0,3
50131781,2025-10-01,2026-03-31,semestral,,,3
50131781,2025-11-01,2026-04-30,semestral,,,4
50132643,2025-09-01,2025-09-30,mensual,,,1
50134089,2025-11-01,2025-11-30,mensual,,,1
50134090,2025-08-01,2025-08-31,mensual,,,1
50137604,2026-04-01,2026-04-30,mensual,,,1
